wild_type,mutation_type,position_idx,stability_score,protein_id,_component_a,_component_b
A;Q,M;N,"65,133",0.0,6EQE,65:M,133:N
A;R,M;K,"65,53",0.0,6EQE,65:M,53:K
A;S,M;P,"65,125",0.0,6EQE,65:M,125:P
A;T,M;Q,"65,88",0.0,6EQE,65:M,88:Q
A;N,M;L,"65,138",0.0,6EQE,65:M,138:L
A;H,M;R,"65,104",0.0,6EQE,65:M,104:R
A;W,M;P,"65,159",0.0,6EQE,65:M,159:P
A;S,M;Y,"65,242",0.0,6EQE,65:M,242:Y
A;G,M;H,"65,251",0.0,6EQE,65:M,251:H
A;L,M;P,"65,216",0.0,6EQE,65:M,216:P
A;S,M;W,"65,58",0.0,6EQE,65:M,58:W
A;A,M;E,"65,152",0.0,6EQE,65:M,152:E
A;T,M;N,"65,88",0.0,6EQE,65:M,88:N
A;T,M;N,"65,198",0.0,6EQE,65:M,198:N
A;S,M;K,"65,58",0.0,6EQE,65:M,58:K
A;L,M;C,"65,249",0.0,6EQE,65:M,249:C
A;N,M;T,"65,190",0.0,6EQE,65:M,190:T
A;S,M;V,"65,223",0.0,6EQE,65:M,223:V
A;K,M;Y,"65,253",0.0,6EQE,65:M,253:Y
A;R,M;S,"65,90",0.0,6EQE,65:M,90:S
A;T,M;M,"65,29",0.0,6EQE,65:M,29:M
A;M,M;L,"65,262",0.0,6EQE,65:M,262:L
A;A,M;L,"65,272",0.0,6EQE,65:M,272:L
A;R,M;N,"65,90",0.0,6EQE,65:M,90:N
A;R,M;T,"65,90",0.0,6EQE,65:M,90:T
A;G,M;T,"65,254",0.0,6EQE,65:M,254:T
A;R,M;P,"65,90",0.0,6EQE,65:M,90:P
A;N,M;Y,"65,37",0.0,6EQE,65:M,37:Y
A;Q,M;I,"65,182",0.0,6EQE,65:M,182:I
A;R,M;A,"65,90",0.0,6EQE,65:M,90:A
A;K,M;F,"65,253",0.0,6EQE,65:M,253:F
A;Y,M;S,"65,63",0.0,6EQE,65:M,63:S
A;Q,M;M,"65,127",0.0,6EQE,65:M,127:M
A;Q,M;L,"65,182",0.0,6EQE,65:M,182:L
A;K,M;A,"65,253",0.0,6EQE,65:M,253:A
A;K,M;V,"65,253",0.0,6EQE,65:M,253:V
A;Q,M;F,"65,182",0.0,6EQE,65:M,182:F
A;R,M;D,"65,90",0.0,6EQE,65:M,90:D
A;Q,M;A,"65,127",0.0,6EQE,65:M,127:A
A;Y,M;T,"65,63",0.0,6EQE,65:M,63:T
A;Q,M;V,"65,182",0.0,6EQE,65:M,182:V
A;K,M;L,"65,253",0.0,6EQE,65:M,253:L
A;C,M;S,"65,289",0.0,6EQE,65:M,289:S
A;Y,M;G,"65,63",0.0,6EQE,65:M,63:G
A;M,M;V,"65,154",0.0,6EQE,65:M,154:V
A;Q,M;T,"65,127",0.0,6EQE,65:M,127:T
A;A,M;D,"65,226",0.0,6EQE,65:M,226:D
A;C,M;A,"65,289",0.0,6EQE,65:M,289:A
A;R,M;Q,"65,224",0.0,6EQE,65:M,224:Q
A;N,M;K,"65,233",0.0,6EQE,65:M,233:K
A;S,M;E,"65,136",0.0,6EQE,65:M,136:E
A;D,M;N,"65,186",0.0,6EQE,65:M,186:N
A;R,M;A,"65,280",0.0,6EQE,65:M,280:A
A;S,M;F,"65,238",0.0,6EQE,65:M,238:F
A;S,M;Q,"65,188",0.0,6EQE,65:M,188:Q
A;S,M;H,"65,214",0.0,6EQE,65:M,214:H
A;L,M;F,"65,117",0.0,6EQE,65:M,117:F
A;Q,M;Y,"65,119",0.0,6EQE,65:M,119:Y
A;G,M;A,"65,165",0.0,6EQE,65:M,165:A
A;S,M;E,"65,121",0.0,6EQE,65:M,121:E
A;I,M;R,"65,168",0.0,6EQE,65:M,168:R
A;N,M;H,"65,205",0.0,6EQE,65:M,205:H
A;S,M;Y,"65,269",0.0,6EQE,65:M,269:Y
A;S,M;T,"65,214",0.0,6EQE,65:M,214:T
A;I,M;R,"65,218",0.0,6EQE,65:M,218:R
A;P,M;K,"65,120",0.0,6EQE,65:M,120:K
A;M,M;H,"65,161",0.0,6EQE,65:M,161:H
A;I,M;H,"65,168",0.0,6EQE,65:M,168:H
A;N,M;K,"65,114",0.0,6EQE,65:M,114:K
A;P,M;V,"65,184",0.0,6EQE,65:M,184:V
A;W,M;P,"65,185",0.0,6EQE,65:M,185:P
A;S,M;H,"65,187",0.0,6EQE,65:M,187:H
A;S,M;P,"65,188",0.0,6EQE,65:M,188:P
A;T,M;Y,"65,189",0.0,6EQE,65:M,189:Y
A;F,M;M,"65,191",0.0,6EQE,65:M,191:M
K;V,L;D,"252,57",0.0,6EQE,252:L,57:D
K;Q,L;V,"252,127",0.0,6EQE,252:L,127:V
K;V,L;C,"252,281",0.0,6EQE,252:L,281:C
K;T,L;V,"252,72",0.0,6EQE,252:L,72:V
K;Q,L;N,"252,133",0.0,6EQE,252:L,133:N
K;R,L;K,"252,53",0.0,6EQE,252:L,53:K
K;S,L;P,"252,125",0.0,6EQE,252:L,125:P
K;T,L;Q,"252,88",0.0,6EQE,252:L,88:Q
K;N,L;L,"252,138",0.0,6EQE,252:L,138:L
K;H,L;R,"252,104",0.0,6EQE,252:L,104:R
K;W,L;P,"252,159",0.0,6EQE,252:L,159:P
K;S,L;Y,"252,242",0.0,6EQE,252:L,242:Y
K;A,L;F,"252,65",0.0,6EQE,252:L,65:F
K;G,L;H,"252,251",0.0,6EQE,252:L,251:H
K;L,L;P,"252,216",0.0,6EQE,252:L,216:P
K;S,L;W,"252,58",0.0,6EQE,252:L,58:W
K;A,L;E,"252,152",0.0,6EQE,252:L,152:E
K;T,L;N,"252,88",0.0,6EQE,252:L,88:N
K;T,L;N,"252,198",0.0,6EQE,252:L,198:N
K;S,L;K,"252,58",0.0,6EQE,252:L,58:K
K;L,L;C,"252,249",0.0,6EQE,252:L,249:C
K;N,L;T,"252,190",0.0,6EQE,252:L,190:T
K;S,L;V,"252,223",0.0,6EQE,252:L,223:V
K;A,L;W,"252,65",0.0,6EQE,252:L,65:W
K;K,L;Y,"252,253",0.0,6EQE,252:L,253:Y
K;R,L;S,"252,90",0.0,6EQE,252:L,90:S
K;T,L;M,"252,29",0.0,6EQE,252:L,29:M
K;M,L;L,"252,262",0.0,6EQE,252:L,262:L
K;A,L;L,"252,272",0.0,6EQE,252:L,272:L
K;R,L;N,"252,90",0.0,6EQE,252:L,90:N
K;R,L;T,"252,90",0.0,6EQE,252:L,90:T
K;G,L;T,"252,254",0.0,6EQE,252:L,254:T
K;R,L;P,"252,90",0.0,6EQE,252:L,90:P
K;N,L;Y,"252,37",0.0,6EQE,252:L,37:Y
K;Q,L;I,"252,182",0.0,6EQE,252:L,182:I
K;R,L;A,"252,90",0.0,6EQE,252:L,90:A
K;K,L;F,"252,253",0.0,6EQE,252:L,253:F
K;Y,L;S,"252,63",0.0,6EQE,252:L,63:S
K;Q,L;M,"252,127",0.0,6EQE,252:L,127:M
K;Q,L;L,"252,182",0.0,6EQE,252:L,182:L
K;K,L;A,"252,253",0.0,6EQE,252:L,253:A
K;K,L;V,"252,253",0.0,6EQE,252:L,253:V
K;Q,L;F,"252,182",0.0,6EQE,252:L,182:F
K;R,L;D,"252,90",0.0,6EQE,252:L,90:D
K;Q,L;A,"252,127",0.0,6EQE,252:L,127:A
K;Y,L;T,"252,63",0.0,6EQE,252:L,63:T
K;Q,L;V,"252,182",0.0,6EQE,252:L,182:V
K;K,L;L,"252,253",0.0,6EQE,252:L,253:L
K;C,L;S,"252,289",0.0,6EQE,252:L,289:S
K;Y,L;G,"252,63",0.0,6EQE,252:L,63:G
K;M,L;V,"252,154",0.0,6EQE,252:L,154:V
K;Q,L;T,"252,127",0.0,6EQE,252:L,127:T
K;A,L;D,"252,226",0.0,6EQE,252:L,226:D
K;C,L;A,"252,289",0.0,6EQE,252:L,289:A
K;R,L;Q,"252,224",0.0,6EQE,252:L,224:Q
K;N,L;K,"252,233",0.0,6EQE,252:L,233:K
K;S,L;E,"252,136",0.0,6EQE,252:L,136:E
K;D,L;N,"252,186",0.0,6EQE,252:L,186:N
K;R,L;A,"252,280",0.0,6EQE,252:L,280:A
K;S,L;F,"252,238",0.0,6EQE,252:L,238:F
K;S,L;Q,"252,188",0.0,6EQE,252:L,188:Q
K;S,L;H,"252,214",0.0,6EQE,252:L,214:H
K;L,L;F,"252,117",0.0,6EQE,252:L,117:F
K;Q,L;Y,"252,119",0.0,6EQE,252:L,119:Y
K;G,L;A,"252,165",0.0,6EQE,252:L,165:A
K;S,L;E,"252,121",0.0,6EQE,252:L,121:E
K;I,L;R,"252,168",0.0,6EQE,252:L,168:R
K;N,L;H,"252,205",0.0,6EQE,252:L,205:H
K;S,L;Y,"252,269",0.0,6EQE,252:L,269:Y
K;S,L;T,"252,214",0.0,6EQE,252:L,214:T
K;I,L;R,"252,218",0.0,6EQE,252:L,218:R
K;P,L;K,"252,120",0.0,6EQE,252:L,120:K
K;M,L;H,"252,161",0.0,6EQE,252:L,161:H
K;I,L;H,"252,168",0.0,6EQE,252:L,168:H
K;N,L;K,"252,114",0.0,6EQE,252:L,114:K
K;P,L;V,"252,184",0.0,6EQE,252:L,184:V
K;W,L;P,"252,185",0.0,6EQE,252:L,185:P
K;S,L;H,"252,187",0.0,6EQE,252:L,187:H
K;S,L;P,"252,188",0.0,6EQE,252:L,188:P
K;T,L;Y,"252,189",0.0,6EQE,252:L,189:Y
K;F,L;M,"252,191",0.0,6EQE,252:L,191:M
V;Q,D;V,"57,127",0.0,6EQE,57:D,127:V
V;V,D;C,"57,281",0.0,6EQE,57:D,281:C
V;T,D;V,"57,72",0.0,6EQE,57:D,72:V
V;Q,D;N,"57,133",0.0,6EQE,57:D,133:N
V;R,D;K,"57,53",0.0,6EQE,57:D,53:K
V;S,D;P,"57,125",0.0,6EQE,57:D,125:P
V;T,D;Q,"57,88",0.0,6EQE,57:D,88:Q
V;N,D;L,"57,138",0.0,6EQE,57:D,138:L
V;H,D;R,"57,104",0.0,6EQE,57:D,104:R
V;W,D;P,"57,159",0.0,6EQE,57:D,159:P
V;S,D;Y,"57,242",0.0,6EQE,57:D,242:Y
V;A,D;F,"57,65",0.0,6EQE,57:D,65:F
V;G,D;H,"57,251",0.0,6EQE,57:D,251:H
V;L,D;P,"57,216",0.0,6EQE,57:D,216:P
V;S,D;W,"57,58",0.0,6EQE,57:D,58:W
V;A,D;E,"57,152",0.0,6EQE,57:D,152:E
V;T,D;N,"57,88",0.0,6EQE,57:D,88:N
V;T,D;N,"57,198",0.0,6EQE,57:D,198:N
V;S,D;K,"57,58",0.0,6EQE,57:D,58:K
V;L,D;C,"57,249",0.0,6EQE,57:D,249:C
V;N,D;T,"57,190",0.0,6EQE,57:D,190:T
V;S,D;V,"57,223",0.0,6EQE,57:D,223:V
V;A,D;W,"57,65",0.0,6EQE,57:D,65:W
V;K,D;Y,"57,253",0.0,6EQE,57:D,253:Y
V;R,D;S,"57,90",0.0,6EQE,57:D,90:S
V;T,D;M,"57,29",0.0,6EQE,57:D,29:M
V;M,D;L,"57,262",0.0,6EQE,57:D,262:L
V;A,D;L,"57,272",0.0,6EQE,57:D,272:L
V;R,D;N,"57,90",0.0,6EQE,57:D,90:N
V;R,D;T,"57,90",0.0,6EQE,57:D,90:T
V;G,D;T,"57,254",0.0,6EQE,57:D,254:T
V;R,D;P,"57,90",0.0,6EQE,57:D,90:P
V;N,D;Y,"57,37",0.0,6EQE,57:D,37:Y
V;Q,D;I,"57,182",0.0,6EQE,57:D,182:I
V;R,D;A,"57,90",0.0,6EQE,57:D,90:A
V;K,D;F,"57,253",0.0,6EQE,57:D,253:F
V;Y,D;S,"57,63",0.0,6EQE,57:D,63:S
V;Q,D;M,"57,127",0.0,6EQE,57:D,127:M
V;Q,D;L,"57,182",0.0,6EQE,57:D,182:L
V;K,D;A,"57,253",0.0,6EQE,57:D,253:A
V;K,D;V,"57,253",0.0,6EQE,57:D,253:V
V;Q,D;F,"57,182",0.0,6EQE,57:D,182:F
V;R,D;D,"57,90",0.0,6EQE,57:D,90:D
V;Q,D;A,"57,127",0.0,6EQE,57:D,127:A
V;Y,D;T,"57,63",0.0,6EQE,57:D,63:T
V;Q,D;V,"57,182",0.0,6EQE,57:D,182:V
V;K,D;L,"57,253",0.0,6EQE,57:D,253:L
V;C,D;S,"57,289",0.0,6EQE,57:D,289:S
V;Y,D;G,"57,63",0.0,6EQE,57:D,63:G
V;M,D;V,"57,154",0.0,6EQE,57:D,154:V
V;Q,D;T,"57,127",0.0,6EQE,57:D,127:T
V;A,D;D,"57,226",0.0,6EQE,57:D,226:D
V;C,D;A,"57,289",0.0,6EQE,57:D,289:A
V;R,D;Q,"57,224",0.0,6EQE,57:D,224:Q
V;N,D;K,"57,233",0.0,6EQE,57:D,233:K
V;S,D;E,"57,136",0.0,6EQE,57:D,136:E
V;D,D;N,"57,186",0.0,6EQE,57:D,186:N
V;R,D;A,"57,280",0.0,6EQE,57:D,280:A
V;S,D;F,"57,238",0.0,6EQE,57:D,238:F
V;S,D;Q,"57,188",0.0,6EQE,57:D,188:Q
V;S,D;H,"57,214",0.0,6EQE,57:D,214:H
V;L,D;F,"57,117",0.0,6EQE,57:D,117:F
V;Q,D;Y,"57,119",0.0,6EQE,57:D,119:Y
V;G,D;A,"57,165",0.0,6EQE,57:D,165:A
V;S,D;E,"57,121",0.0,6EQE,57:D,121:E
V;I,D;R,"57,168",0.0,6EQE,57:D,168:R
V;N,D;H,"57,205",0.0,6EQE,57:D,205:H
V;S,D;Y,"57,269",0.0,6EQE,57:D,269:Y
V;S,D;T,"57,214",0.0,6EQE,57:D,214:T
V;I,D;R,"57,218",0.0,6EQE,57:D,218:R
V;P,D;K,"57,120",0.0,6EQE,57:D,120:K
V;M,D;H,"57,161",0.0,6EQE,57:D,161:H
V;I,D;H,"57,168",0.0,6EQE,57:D,168:H
V;N,D;K,"57,114",0.0,6EQE,57:D,114:K
V;P,D;V,"57,184",0.0,6EQE,57:D,184:V
V;W,D;P,"57,185",0.0,6EQE,57:D,185:P
V;S,D;H,"57,187",0.0,6EQE,57:D,187:H
V;S,D;P,"57,188",0.0,6EQE,57:D,188:P
V;T,D;Y,"57,189",0.0,6EQE,57:D,189:Y
V;F,D;M,"57,191",0.0,6EQE,57:D,191:M
Q;V,V;C,"127,281",0.0,6EQE,127:V,281:C
Q;T,V;V,"127,72",0.0,6EQE,127:V,72:V
Q;Q,V;N,"127,133",0.0,6EQE,127:V,133:N
Q;R,V;K,"127,53",0.0,6EQE,127:V,53:K
Q;S,V;P,"127,125",0.0,6EQE,127:V,125:P
Q;T,V;Q,"127,88",0.0,6EQE,127:V,88:Q
Q;N,V;L,"127,138",0.0,6EQE,127:V,138:L
Q;H,V;R,"127,104",0.0,6EQE,127:V,104:R
Q;W,V;P,"127,159",0.0,6EQE,127:V,159:P
Q;S,V;Y,"127,242",0.0,6EQE,127:V,242:Y
Q;A,V;F,"127,65",0.0,6EQE,127:V,65:F
Q;G,V;H,"127,251",0.0,6EQE,127:V,251:H
Q;L,V;P,"127,216",0.0,6EQE,127:V,216:P
Q;S,V;W,"127,58",0.0,6EQE,127:V,58:W
Q;A,V;E,"127,152",0.0,6EQE,127:V,152:E
Q;T,V;N,"127,88",0.0,6EQE,127:V,88:N
Q;T,V;N,"127,198",0.0,6EQE,127:V,198:N
Q;S,V;K,"127,58",0.0,6EQE,127:V,58:K
Q;L,V;C,"127,249",0.0,6EQE,127:V,249:C
Q;N,V;T,"127,190",0.0,6EQE,127:V,190:T
Q;S,V;V,"127,223",0.0,6EQE,127:V,223:V
Q;A,V;W,"127,65",0.0,6EQE,127:V,65:W
Q;K,V;Y,"127,253",0.0,6EQE,127:V,253:Y
Q;R,V;S,"127,90",0.0,6EQE,127:V,90:S
Q;T,V;M,"127,29",0.0,6EQE,127:V,29:M
Q;M,V;L,"127,262",0.0,6EQE,127:V,262:L
Q;A,V;L,"127,272",0.0,6EQE,127:V,272:L
Q;R,V;N,"127,90",0.0,6EQE,127:V,90:N
Q;R,V;T,"127,90",0.0,6EQE,127:V,90:T
Q;G,V;T,"127,254",0.0,6EQE,127:V,254:T
Q;R,V;P,"127,90",0.0,6EQE,127:V,90:P
Q;N,V;Y,"127,37",0.0,6EQE,127:V,37:Y
Q;Q,V;I,"127,182",0.0,6EQE,127:V,182:I
Q;R,V;A,"127,90",0.0,6EQE,127:V,90:A
Q;K,V;F,"127,253",0.0,6EQE,127:V,253:F
Q;Y,V;S,"127,63",0.0,6EQE,127:V,63:S
Q;Q,V;L,"127,182",0.0,6EQE,127:V,182:L
Q;K,V;A,"127,253",0.0,6EQE,127:V,253:A
Q;K,V;V,"127,253",0.0,6EQE,127:V,253:V
Q;Q,V;F,"127,182",0.0,6EQE,127:V,182:F
Q;R,V;D,"127,90",0.0,6EQE,127:V,90:D
Q;Y,V;T,"127,63",0.0,6EQE,127:V,63:T
Q;Q,V;V,"127,182",0.0,6EQE,127:V,182:V
Q;K,V;L,"127,253",0.0,6EQE,127:V,253:L
Q;C,V;S,"127,289",0.0,6EQE,127:V,289:S
Q;Y,V;G,"127,63",0.0,6EQE,127:V,63:G
Q;M,V;V,"127,154",0.0,6EQE,127:V,154:V
Q;A,V;D,"127,226",0.0,6EQE,127:V,226:D
Q;C,V;A,"127,289",0.0,6EQE,127:V,289:A
Q;R,V;Q,"127,224",0.0,6EQE,127:V,224:Q
Q;N,V;K,"127,233",0.0,6EQE,127:V,233:K
Q;S,V;E,"127,136",0.0,6EQE,127:V,136:E
Q;D,V;N,"127,186",0.0,6EQE,127:V,186:N
Q;R,V;A,"127,280",0.0,6EQE,127:V,280:A
Q;S,V;F,"127,238",0.0,6EQE,127:V,238:F
Q;S,V;Q,"127,188",0.0,6EQE,127:V,188:Q
Q;S,V;H,"127,214",0.0,6EQE,127:V,214:H
Q;L,V;F,"127,117",0.0,6EQE,127:V,117:F
Q;Q,V;Y,"127,119",0.0,6EQE,127:V,119:Y
Q;G,V;A,"127,165",0.0,6EQE,127:V,165:A
Q;S,V;E,"127,121",0.0,6EQE,127:V,121:E
Q;I,V;R,"127,168",0.0,6EQE,127:V,168:R
Q;N,V;H,"127,205",0.0,6EQE,127:V,205:H
Q;S,V;Y,"127,269",0.0,6EQE,127:V,269:Y
Q;S,V;T,"127,214",0.0,6EQE,127:V,214:T
Q;I,V;R,"127,218",0.0,6EQE,127:V,218:R
Q;P,V;K,"127,120",0.0,6EQE,127:V,120:K
Q;M,V;H,"127,161",0.0,6EQE,127:V,161:H
Q;I,V;H,"127,168",0.0,6EQE,127:V,168:H
Q;N,V;K,"127,114",0.0,6EQE,127:V,114:K
Q;P,V;V,"127,184",0.0,6EQE,127:V,184:V
Q;W,V;P,"127,185",0.0,6EQE,127:V,185:P
Q;S,V;H,"127,187",0.0,6EQE,127:V,187:H
Q;S,V;P,"127,188",0.0,6EQE,127:V,188:P
Q;T,V;Y,"127,189",0.0,6EQE,127:V,189:Y
Q;F,V;M,"127,191",0.0,6EQE,127:V,191:M
V;T,C;V,"281,72",0.0,6EQE,281:C,72:V
V;Q,C;N,"281,133",0.0,6EQE,281:C,133:N
V;R,C;K,"281,53",0.0,6EQE,281:C,53:K
V;S,C;P,"281,125",0.0,6EQE,281:C,125:P
V;T,C;Q,"281,88",0.0,6EQE,281:C,88:Q
V;N,C;L,"281,138",0.0,6EQE,281:C,138:L
V;H,C;R,"281,104",0.0,6EQE,281:C,104:R
V;W,C;P,"281,159",0.0,6EQE,281:C,159:P
V;S,C;Y,"281,242",0.0,6EQE,281:C,242:Y
V;A,C;F,"281,65",0.0,6EQE,281:C,65:F
V;G,C;H,"281,251",0.0,6EQE,281:C,251:H
V;L,C;P,"281,216",0.0,6EQE,281:C,216:P
V;S,C;W,"281,58",0.0,6EQE,281:C,58:W
V;A,C;E,"281,152",0.0,6EQE,281:C,152:E
V;T,C;N,"281,88",0.0,6EQE,281:C,88:N
V;T,C;N,"281,198",0.0,6EQE,281:C,198:N
V;S,C;K,"281,58",0.0,6EQE,281:C,58:K
V;L,C;C,"281,249",0.0,6EQE,281:C,249:C
V;N,C;T,"281,190",0.0,6EQE,281:C,190:T
V;S,C;V,"281,223",0.0,6EQE,281:C,223:V
V;A,C;W,"281,65",0.0,6EQE,281:C,65:W
V;K,C;Y,"281,253",0.0,6EQE,281:C,253:Y
V;R,C;S,"281,90",0.0,6EQE,281:C,90:S
V;T,C;M,"281,29",0.0,6EQE,281:C,29:M
V;M,C;L,"281,262",0.0,6EQE,281:C,262:L
V;A,C;L,"281,272",0.0,6EQE,281:C,272:L
V;R,C;N,"281,90",0.0,6EQE,281:C,90:N
V;R,C;T,"281,90",0.0,6EQE,281:C,90:T
V;G,C;T,"281,254",0.0,6EQE,281:C,254:T
V;R,C;P,"281,90",0.0,6EQE,281:C,90:P
V;N,C;Y,"281,37",0.0,6EQE,281:C,37:Y
V;Q,C;I,"281,182",0.0,6EQE,281:C,182:I
V;R,C;A,"281,90",0.0,6EQE,281:C,90:A
V;K,C;F,"281,253",0.0,6EQE,281:C,253:F
V;Y,C;S,"281,63",0.0,6EQE,281:C,63:S
V;Q,C;M,"281,127",0.0,6EQE,281:C,127:M
V;Q,C;L,"281,182",0.0,6EQE,281:C,182:L
V;K,C;A,"281,253",0.0,6EQE,281:C,253:A
V;K,C;V,"281,253",0.0,6EQE,281:C,253:V
V;Q,C;F,"281,182",0.0,6EQE,281:C,182:F
V;R,C;D,"281,90",0.0,6EQE,281:C,90:D
V;Q,C;A,"281,127",0.0,6EQE,281:C,127:A
V;Y,C;T,"281,63",0.0,6EQE,281:C,63:T
V;Q,C;V,"281,182",0.0,6EQE,281:C,182:V
V;K,C;L,"281,253",0.0,6EQE,281:C,253:L
V;C,C;S,"281,289",0.0,6EQE,281:C,289:S
V;Y,C;G,"281,63",0.0,6EQE,281:C,63:G
V;M,C;V,"281,154",0.0,6EQE,281:C,154:V
V;Q,C;T,"281,127",0.0,6EQE,281:C,127:T
V;A,C;D,"281,226",0.0,6EQE,281:C,226:D
V;C,C;A,"281,289",0.0,6EQE,281:C,289:A
V;R,C;Q,"281,224",0.0,6EQE,281:C,224:Q
V;N,C;K,"281,233",0.0,6EQE,281:C,233:K
V;S,C;E,"281,136",0.0,6EQE,281:C,136:E
V;D,C;N,"281,186",0.0,6EQE,281:C,186:N
V;R,C;A,"281,280",0.0,6EQE,281:C,280:A
V;S,C;F,"281,238",0.0,6EQE,281:C,238:F
V;S,C;Q,"281,188",0.0,6EQE,281:C,188:Q
V;S,C;H,"281,214",0.0,6EQE,281:C,214:H
V;L,C;F,"281,117",0.0,6EQE,281:C,117:F
V;Q,C;Y,"281,119",0.0,6EQE,281:C,119:Y
V;G,C;A,"281,165",0.0,6EQE,281:C,165:A
V;S,C;E,"281,121",0.0,6EQE,281:C,121:E
V;I,C;R,"281,168",0.0,6EQE,281:C,168:R
V;N,C;H,"281,205",0.0,6EQE,281:C,205:H
V;S,C;Y,"281,269",0.0,6EQE,281:C,269:Y
V;S,C;T,"281,214",0.0,6EQE,281:C,214:T
V;I,C;R,"281,218",0.0,6EQE,281:C,218:R
V;P,C;K,"281,120",0.0,6EQE,281:C,120:K
V;M,C;H,"281,161",0.0,6EQE,281:C,161:H
V;I,C;H,"281,168",0.0,6EQE,281:C,168:H
V;N,C;K,"281,114",0.0,6EQE,281:C,114:K
V;P,C;V,"281,184",0.0,6EQE,281:C,184:V
V;W,C;P,"281,185",0.0,6EQE,281:C,185:P
V;S,C;H,"281,187",0.0,6EQE,281:C,187:H
V;S,C;P,"281,188",0.0,6EQE,281:C,188:P
V;T,C;Y,"281,189",0.0,6EQE,281:C,189:Y
V;F,C;M,"281,191",0.0,6EQE,281:C,191:M
T;Q,V;N,"72,133",0.0,6EQE,72:V,133:N
T;R,V;K,"72,53",0.0,6EQE,72:V,53:K
T;S,V;P,"72,125",0.0,6EQE,72:V,125:P
T;T,V;Q,"72,88",0.0,6EQE,72:V,88:Q
T;N,V;L,"72,138",0.0,6EQE,72:V,138:L
T;H,V;R,"72,104",0.0,6EQE,72:V,104:R
T;W,V;P,"72,159",0.0,6EQE,72:V,159:P
T;S,V;Y,"72,242",0.0,6EQE,72:V,242:Y
T;A,V;F,"72,65",0.0,6EQE,72:V,65:F
T;G,V;H,"72,251",0.0,6EQE,72:V,251:H
T;L,V;P,"72,216",0.0,6EQE,72:V,216:P
T;S,V;W,"72,58",0.0,6EQE,72:V,58:W
T;A,V;E,"72,152",0.0,6EQE,72:V,152:E
T;T,V;N,"72,88",0.0,6EQE,72:V,88:N
T;T,V;N,"72,198",0.0,6EQE,72:V,198:N
T;S,V;K,"72,58",0.0,6EQE,72:V,58:K
T;L,V;C,"72,249",0.0,6EQE,72:V,249:C
T;N,V;T,"72,190",0.0,6EQE,72:V,190:T
T;S,V;V,"72,223",0.0,6EQE,72:V,223:V
T;A,V;W,"72,65",0.0,6EQE,72:V,65:W
T;K,V;Y,"72,253",0.0,6EQE,72:V,253:Y
T;R,V;S,"72,90",0.0,6EQE,72:V,90:S
T;T,V;M,"72,29",0.0,6EQE,72:V,29:M
T;M,V;L,"72,262",0.0,6EQE,72:V,262:L
T;A,V;L,"72,272",0.0,6EQE,72:V,272:L
T;R,V;N,"72,90",0.0,6EQE,72:V,90:N
T;R,V;T,"72,90",0.0,6EQE,72:V,90:T
T;G,V;T,"72,254",0.0,6EQE,72:V,254:T
T;R,V;P,"72,90",0.0,6EQE,72:V,90:P
T;N,V;Y,"72,37",0.0,6EQE,72:V,37:Y
T;Q,V;I,"72,182",0.0,6EQE,72:V,182:I
T;R,V;A,"72,90",0.0,6EQE,72:V,90:A
T;K,V;F,"72,253",0.0,6EQE,72:V,253:F
T;Y,V;S,"72,63",0.0,6EQE,72:V,63:S
T;Q,V;M,"72,127",0.0,6EQE,72:V,127:M
T;Q,V;L,"72,182",0.0,6EQE,72:V,182:L
T;K,V;A,"72,253",0.0,6EQE,72:V,253:A
T;K,V;V,"72,253",0.0,6EQE,72:V,253:V
T;Q,V;F,"72,182",0.0,6EQE,72:V,182:F
T;R,V;D,"72,90",0.0,6EQE,72:V,90:D
T;Q,V;A,"72,127",0.0,6EQE,72:V,127:A
T;Y,V;T,"72,63",0.0,6EQE,72:V,63:T
T;Q,V;V,"72,182",0.0,6EQE,72:V,182:V
T;K,V;L,"72,253",0.0,6EQE,72:V,253:L
T;C,V;S,"72,289",0.0,6EQE,72:V,289:S
T;Y,V;G,"72,63",0.0,6EQE,72:V,63:G
T;M,V;V,"72,154",0.0,6EQE,72:V,154:V
T;Q,V;T,"72,127",0.0,6EQE,72:V,127:T
T;A,V;D,"72,226",0.0,6EQE,72:V,226:D
T;C,V;A,"72,289",0.0,6EQE,72:V,289:A
T;R,V;Q,"72,224",0.0,6EQE,72:V,224:Q
T;N,V;K,"72,233",0.0,6EQE,72:V,233:K
T;S,V;E,"72,136",0.0,6EQE,72:V,136:E
T;D,V;N,"72,186",0.0,6EQE,72:V,186:N
T;R,V;A,"72,280",0.0,6EQE,72:V,280:A
T;S,V;F,"72,238",0.0,6EQE,72:V,238:F
T;S,V;Q,"72,188",0.0,6EQE,72:V,188:Q
T;S,V;H,"72,214",0.0,6EQE,72:V,214:H
T;L,V;F,"72,117",0.0,6EQE,72:V,117:F
T;Q,V;Y,"72,119",0.0,6EQE,72:V,119:Y
T;G,V;A,"72,165",0.0,6EQE,72:V,165:A
T;S,V;E,"72,121",0.0,6EQE,72:V,121:E
T;I,V;R,"72,168",0.0,6EQE,72:V,168:R
T;N,V;H,"72,205",0.0,6EQE,72:V,205:H
T;S,V;Y,"72,269",0.0,6EQE,72:V,269:Y
T;S,V;T,"72,214",0.0,6EQE,72:V,214:T
T;I,V;R,"72,218",0.0,6EQE,72:V,218:R
T;P,V;K,"72,120",0.0,6EQE,72:V,120:K
T;M,V;H,"72,161",0.0,6EQE,72:V,161:H
T;I,V;H,"72,168",0.0,6EQE,72:V,168:H
T;N,V;K,"72,114",0.0,6EQE,72:V,114:K
T;P,V;V,"72,184",0.0,6EQE,72:V,184:V
T;W,V;P,"72,185",0.0,6EQE,72:V,185:P
T;S,V;H,"72,187",0.0,6EQE,72:V,187:H
T;S,V;P,"72,188",0.0,6EQE,72:V,188:P
T;T,V;Y,"72,189",0.0,6EQE,72:V,189:Y
T;F,V;M,"72,191",0.0,6EQE,72:V,191:M
Q;R,N;K,"133,53",0.0,6EQE,133:N,53:K
Q;S,N;P,"133,125",0.0,6EQE,133:N,125:P
Q;T,N;Q,"133,88",0.0,6EQE,133:N,88:Q
Q;N,N;L,"133,138",0.0,6EQE,133:N,138:L
Q;H,N;R,"133,104",0.0,6EQE,133:N,104:R
Q;W,N;P,"133,159",0.0,6EQE,133:N,159:P
Q;S,N;Y,"133,242",0.0,6EQE,133:N,242:Y
Q;A,N;F,"133,65",0.0,6EQE,133:N,65:F
Q;G,N;H,"133,251",0.0,6EQE,133:N,251:H
Q;L,N;P,"133,216",0.0,6EQE,133:N,216:P
Q;S,N;W,"133,58",0.0,6EQE,133:N,58:W
Q;A,N;E,"133,152",0.0,6EQE,133:N,152:E
Q;T,N;N,"133,88",0.0,6EQE,133:N,88:N
Q;T,N;N,"133,198",0.0,6EQE,133:N,198:N
Q;S,N;K,"133,58",0.0,6EQE,133:N,58:K
Q;L,N;C,"133,249",0.0,6EQE,133:N,249:C
Q;N,N;T,"133,190",0.0,6EQE,133:N,190:T
Q;S,N;V,"133,223",0.0,6EQE,133:N,223:V
Q;A,N;W,"133,65",0.0,6EQE,133:N,65:W
Q;K,N;Y,"133,253",0.0,6EQE,133:N,253:Y
Q;R,N;S,"133,90",0.0,6EQE,133:N,90:S
Q;T,N;M,"133,29",0.0,6EQE,133:N,29:M
Q;M,N;L,"133,262",0.0,6EQE,133:N,262:L
Q;A,N;L,"133,272",0.0,6EQE,133:N,272:L
Q;R,N;N,"133,90",0.0,6EQE,133:N,90:N
Q;R,N;T,"133,90",0.0,6EQE,133:N,90:T
Q;G,N;T,"133,254",0.0,6EQE,133:N,254:T
Q;R,N;P,"133,90",0.0,6EQE,133:N,90:P
Q;N,N;Y,"133,37",0.0,6EQE,133:N,37:Y
Q;Q,N;I,"133,182",0.0,6EQE,133:N,182:I
Q;R,N;A,"133,90",0.0,6EQE,133:N,90:A
Q;K,N;F,"133,253",0.0,6EQE,133:N,253:F
Q;Y,N;S,"133,63",0.0,6EQE,133:N,63:S
Q;Q,N;M,"133,127",0.0,6EQE,133:N,127:M
Q;Q,N;L,"133,182",0.0,6EQE,133:N,182:L
Q;K,N;A,"133,253",0.0,6EQE,133:N,253:A
Q;K,N;V,"133,253",0.0,6EQE,133:N,253:V
Q;Q,N;F,"133,182",0.0,6EQE,133:N,182:F
Q;R,N;D,"133,90",0.0,6EQE,133:N,90:D
Q;Q,N;A,"133,127",0.0,6EQE,133:N,127:A
Q;Y,N;T,"133,63",0.0,6EQE,133:N,63:T
Q;Q,N;V,"133,182",0.0,6EQE,133:N,182:V
Q;K,N;L,"133,253",0.0,6EQE,133:N,253:L
Q;C,N;S,"133,289",0.0,6EQE,133:N,289:S
Q;Y,N;G,"133,63",0.0,6EQE,133:N,63:G
Q;M,N;V,"133,154",0.0,6EQE,133:N,154:V
Q;Q,N;T,"133,127",0.0,6EQE,133:N,127:T
Q;A,N;D,"133,226",0.0,6EQE,133:N,226:D
Q;C,N;A,"133,289",0.0,6EQE,133:N,289:A
Q;R,N;Q,"133,224",0.0,6EQE,133:N,224:Q
Q;N,N;K,"133,233",0.0,6EQE,133:N,233:K
Q;S,N;E,"133,136",0.0,6EQE,133:N,136:E
Q;D,N;N,"133,186",0.0,6EQE,133:N,186:N
Q;R,N;A,"133,280",0.0,6EQE,133:N,280:A
Q;S,N;F,"133,238",0.0,6EQE,133:N,238:F
Q;S,N;Q,"133,188",0.0,6EQE,133:N,188:Q
Q;S,N;H,"133,214",0.0,6EQE,133:N,214:H
Q;L,N;F,"133,117",0.0,6EQE,133:N,117:F
Q;Q,N;Y,"133,119",0.0,6EQE,133:N,119:Y
Q;G,N;A,"133,165",0.0,6EQE,133:N,165:A
Q;S,N;E,"133,121",0.0,6EQE,133:N,121:E
Q;I,N;R,"133,168",0.0,6EQE,133:N,168:R
Q;N,N;H,"133,205",0.0,6EQE,133:N,205:H
Q;S,N;Y,"133,269",0.0,6EQE,133:N,269:Y
Q;S,N;T,"133,214",0.0,6EQE,133:N,214:T
Q;I,N;R,"133,218",0.0,6EQE,133:N,218:R
Q;P,N;K,"133,120",0.0,6EQE,133:N,120:K
Q;M,N;H,"133,161",0.0,6EQE,133:N,161:H
Q;I,N;H,"133,168",0.0,6EQE,133:N,168:H
Q;N,N;K,"133,114",0.0,6EQE,133:N,114:K
Q;P,N;V,"133,184",0.0,6EQE,133:N,184:V
Q;W,N;P,"133,185",0.0,6EQE,133:N,185:P
Q;S,N;H,"133,187",0.0,6EQE,133:N,187:H
Q;S,N;P,"133,188",0.0,6EQE,133:N,188:P
Q;T,N;Y,"133,189",0.0,6EQE,133:N,189:Y
Q;F,N;M,"133,191",0.0,6EQE,133:N,191:M
R;S,K;P,"53,125",0.0,6EQE,53:K,125:P
R;T,K;Q,"53,88",0.0,6EQE,53:K,88:Q
R;N,K;L,"53,138",0.0,6EQE,53:K,138:L
R;H,K;R,"53,104",0.0,6EQE,53:K,104:R
R;W,K;P,"53,159",0.0,6EQE,53:K,159:P
R;S,K;Y,"53,242",0.0,6EQE,53:K,242:Y
R;A,K;F,"53,65",0.0,6EQE,53:K,65:F
R;G,K;H,"53,251",0.0,6EQE,53:K,251:H
R;L,K;P,"53,216",0.0,6EQE,53:K,216:P
R;S,K;W,"53,58",0.0,6EQE,53:K,58:W
R;A,K;E,"53,152",0.0,6EQE,53:K,152:E
R;T,K;N,"53,88",0.0,6EQE,53:K,88:N
R;T,K;N,"53,198",0.0,6EQE,53:K,198:N
R;S,K;K,"53,58",0.0,6EQE,53:K,58:K
R;L,K;C,"53,249",0.0,6EQE,53:K,249:C
R;N,K;T,"53,190",0.0,6EQE,53:K,190:T
R;S,K;V,"53,223",0.0,6EQE,53:K,223:V
R;A,K;W,"53,65",0.0,6EQE,53:K,65:W
R;K,K;Y,"53,253",0.0,6EQE,53:K,253:Y
R;R,K;S,"53,90",0.0,6EQE,53:K,90:S
R;T,K;M,"53,29",0.0,6EQE,53:K,29:M
R;M,K;L,"53,262",0.0,6EQE,53:K,262:L
R;A,K;L,"53,272",0.0,6EQE,53:K,272:L
R;R,K;N,"53,90",0.0,6EQE,53:K,90:N
R;R,K;T,"53,90",0.0,6EQE,53:K,90:T
R;G,K;T,"53,254",0.0,6EQE,53:K,254:T
R;R,K;P,"53,90",0.0,6EQE,53:K,90:P
R;N,K;Y,"53,37",0.0,6EQE,53:K,37:Y
R;Q,K;I,"53,182",0.0,6EQE,53:K,182:I
R;R,K;A,"53,90",0.0,6EQE,53:K,90:A
R;K,K;F,"53,253",0.0,6EQE,53:K,253:F
R;Y,K;S,"53,63",0.0,6EQE,53:K,63:S
R;Q,K;M,"53,127",0.0,6EQE,53:K,127:M
R;Q,K;L,"53,182",0.0,6EQE,53:K,182:L
R;K,K;A,"53,253",0.0,6EQE,53:K,253:A
R;K,K;V,"53,253",0.0,6EQE,53:K,253:V
R;Q,K;F,"53,182",0.0,6EQE,53:K,182:F
R;R,K;D,"53,90",0.0,6EQE,53:K,90:D
R;Q,K;A,"53,127",0.0,6EQE,53:K,127:A
R;Y,K;T,"53,63",0.0,6EQE,53:K,63:T
R;Q,K;V,"53,182",0.0,6EQE,53:K,182:V
R;K,K;L,"53,253",0.0,6EQE,53:K,253:L
R;C,K;S,"53,289",0.0,6EQE,53:K,289:S
R;Y,K;G,"53,63",0.0,6EQE,53:K,63:G
R;M,K;V,"53,154",0.0,6EQE,53:K,154:V
R;Q,K;T,"53,127",0.0,6EQE,53:K,127:T
R;A,K;D,"53,226",0.0,6EQE,53:K,226:D
R;C,K;A,"53,289",0.0,6EQE,53:K,289:A
R;R,K;Q,"53,224",0.0,6EQE,53:K,224:Q
R;N,K;K,"53,233",0.0,6EQE,53:K,233:K
R;S,K;E,"53,136",0.0,6EQE,53:K,136:E
R;D,K;N,"53,186",0.0,6EQE,53:K,186:N
R;R,K;A,"53,280",0.0,6EQE,53:K,280:A
R;S,K;F,"53,238",0.0,6EQE,53:K,238:F
R;S,K;Q,"53,188",0.0,6EQE,53:K,188:Q
R;S,K;H,"53,214",0.0,6EQE,53:K,214:H
R;L,K;F,"53,117",0.0,6EQE,53:K,117:F
R;Q,K;Y,"53,119",0.0,6EQE,53:K,119:Y
R;G,K;A,"53,165",0.0,6EQE,53:K,165:A
R;S,K;E,"53,121",0.0,6EQE,53:K,121:E
R;I,K;R,"53,168",0.0,6EQE,53:K,168:R
R;N,K;H,"53,205",0.0,6EQE,53:K,205:H
R;S,K;Y,"53,269",0.0,6EQE,53:K,269:Y
R;S,K;T,"53,214",0.0,6EQE,53:K,214:T
R;I,K;R,"53,218",0.0,6EQE,53:K,218:R
R;P,K;K,"53,120",0.0,6EQE,53:K,120:K
R;M,K;H,"53,161",0.0,6EQE,53:K,161:H
R;I,K;H,"53,168",0.0,6EQE,53:K,168:H
R;N,K;K,"53,114",0.0,6EQE,53:K,114:K
R;P,K;V,"53,184",0.0,6EQE,53:K,184:V
R;W,K;P,"53,185",0.0,6EQE,53:K,185:P
R;S,K;H,"53,187",0.0,6EQE,53:K,187:H
R;S,K;P,"53,188",0.0,6EQE,53:K,188:P
R;T,K;Y,"53,189",0.0,6EQE,53:K,189:Y
R;F,K;M,"53,191",0.0,6EQE,53:K,191:M
S;T,P;Q,"125,88",0.0,6EQE,125:P,88:Q
S;N,P;L,"125,138",0.0,6EQE,125:P,138:L
S;H,P;R,"125,104",0.0,6EQE,125:P,104:R
S;W,P;P,"125,159",0.0,6EQE,125:P,159:P
S;S,P;Y,"125,242",0.0,6EQE,125:P,242:Y
S;A,P;F,"125,65",0.0,6EQE,125:P,65:F
S;G,P;H,"125,251",0.0,6EQE,125:P,251:H
S;L,P;P,"125,216",0.0,6EQE,125:P,216:P
S;S,P;W,"125,58",0.0,6EQE,125:P,58:W
S;A,P;E,"125,152",0.0,6EQE,125:P,152:E
S;T,P;N,"125,88",0.0,6EQE,125:P,88:N
S;T,P;N,"125,198",0.0,6EQE,125:P,198:N
S;S,P;K,"125,58",0.0,6EQE,125:P,58:K
S;L,P;C,"125,249",0.0,6EQE,125:P,249:C
S;N,P;T,"125,190",0.0,6EQE,125:P,190:T
S;S,P;V,"125,223",0.0,6EQE,125:P,223:V
S;A,P;W,"125,65",0.0,6EQE,125:P,65:W
S;K,P;Y,"125,253",0.0,6EQE,125:P,253:Y
S;R,P;S,"125,90",0.0,6EQE,125:P,90:S
S;T,P;M,"125,29",0.0,6EQE,125:P,29:M
S;M,P;L,"125,262",0.0,6EQE,125:P,262:L
S;A,P;L,"125,272",0.0,6EQE,125:P,272:L
S;R,P;N,"125,90",0.0,6EQE,125:P,90:N
S;R,P;T,"125,90",0.0,6EQE,125:P,90:T
S;G,P;T,"125,254",0.0,6EQE,125:P,254:T
S;R,P;P,"125,90",0.0,6EQE,125:P,90:P
S;N,P;Y,"125,37",0.0,6EQE,125:P,37:Y
S;Q,P;I,"125,182",0.0,6EQE,125:P,182:I
S;R,P;A,"125,90",0.0,6EQE,125:P,90:A
S;K,P;F,"125,253",0.0,6EQE,125:P,253:F
S;Y,P;S,"125,63",0.0,6EQE,125:P,63:S
S;Q,P;M,"125,127",0.0,6EQE,125:P,127:M
S;Q,P;L,"125,182",0.0,6EQE,125:P,182:L
S;K,P;A,"125,253",0.0,6EQE,125:P,253:A
S;K,P;V,"125,253",0.0,6EQE,125:P,253:V
S;Q,P;F,"125,182",0.0,6EQE,125:P,182:F
S;R,P;D,"125,90",0.0,6EQE,125:P,90:D
S;Q,P;A,"125,127",0.0,6EQE,125:P,127:A
S;Y,P;T,"125,63",0.0,6EQE,125:P,63:T
S;Q,P;V,"125,182",0.0,6EQE,125:P,182:V
S;K,P;L,"125,253",0.0,6EQE,125:P,253:L
S;C,P;S,"125,289",0.0,6EQE,125:P,289:S
S;Y,P;G,"125,63",0.0,6EQE,125:P,63:G
S;M,P;V,"125,154",0.0,6EQE,125:P,154:V
S;Q,P;T,"125,127",0.0,6EQE,125:P,127:T
S;A,P;D,"125,226",0.0,6EQE,125:P,226:D
S;C,P;A,"125,289",0.0,6EQE,125:P,289:A
S;R,P;Q,"125,224",0.0,6EQE,125:P,224:Q
S;N,P;K,"125,233",0.0,6EQE,125:P,233:K
S;S,P;E,"125,136",0.0,6EQE,125:P,136:E
S;D,P;N,"125,186",0.0,6EQE,125:P,186:N
S;R,P;A,"125,280",0.0,6EQE,125:P,280:A
S;S,P;F,"125,238",0.0,6EQE,125:P,238:F
S;S,P;Q,"125,188",0.0,6EQE,125:P,188:Q
S;S,P;H,"125,214",0.0,6EQE,125:P,214:H
S;L,P;F,"125,117",0.0,6EQE,125:P,117:F
S;Q,P;Y,"125,119",0.0,6EQE,125:P,119:Y
S;G,P;A,"125,165",0.0,6EQE,125:P,165:A
S;S,P;E,"125,121",0.0,6EQE,125:P,121:E
S;I,P;R,"125,168",0.0,6EQE,125:P,168:R
S;N,P;H,"125,205",0.0,6EQE,125:P,205:H
S;S,P;Y,"125,269",0.0,6EQE,125:P,269:Y
S;S,P;T,"125,214",0.0,6EQE,125:P,214:T
S;I,P;R,"125,218",0.0,6EQE,125:P,218:R
S;P,P;K,"125,120",0.0,6EQE,125:P,120:K
S;M,P;H,"125,161",0.0,6EQE,125:P,161:H
S;I,P;H,"125,168",0.0,6EQE,125:P,168:H
S;N,P;K,"125,114",0.0,6EQE,125:P,114:K
S;P,P;V,"125,184",0.0,6EQE,125:P,184:V
S;W,P;P,"125,185",0.0,6EQE,125:P,185:P
S;S,P;H,"125,187",0.0,6EQE,125:P,187:H
S;S,P;P,"125,188",0.0,6EQE,125:P,188:P
S;T,P;Y,"125,189",0.0,6EQE,125:P,189:Y
S;F,P;M,"125,191",0.0,6EQE,125:P,191:M
T;N,Q;L,"88,138",0.0,6EQE,88:Q,138:L
T;H,Q;R,"88,104",0.0,6EQE,88:Q,104:R
T;W,Q;P,"88,159",0.0,6EQE,88:Q,159:P
T;S,Q;Y,"88,242",0.0,6EQE,88:Q,242:Y
T;A,Q;F,"88,65",0.0,6EQE,88:Q,65:F
T;G,Q;H,"88,251",0.0,6EQE,88:Q,251:H
T;L,Q;P,"88,216",0.0,6EQE,88:Q,216:P
T;S,Q;W,"88,58",0.0,6EQE,88:Q,58:W
T;A,Q;E,"88,152",0.0,6EQE,88:Q,152:E
T;T,Q;N,"88,198",0.0,6EQE,88:Q,198:N
T;S,Q;K,"88,58",0.0,6EQE,88:Q,58:K
T;L,Q;C,"88,249",0.0,6EQE,88:Q,249:C
T;N,Q;T,"88,190",0.0,6EQE,88:Q,190:T
T;S,Q;V,"88,223",0.0,6EQE,88:Q,223:V
T;A,Q;W,"88,65",0.0,6EQE,88:Q,65:W
T;K,Q;Y,"88,253",0.0,6EQE,88:Q,253:Y
T;R,Q;S,"88,90",0.0,6EQE,88:Q,90:S
T;T,Q;M,"88,29",0.0,6EQE,88:Q,29:M
T;M,Q;L,"88,262",0.0,6EQE,88:Q,262:L
T;A,Q;L,"88,272",0.0,6EQE,88:Q,272:L
T;R,Q;N,"88,90",0.0,6EQE,88:Q,90:N
T;R,Q;T,"88,90",0.0,6EQE,88:Q,90:T
T;G,Q;T,"88,254",0.0,6EQE,88:Q,254:T
T;R,Q;P,"88,90",0.0,6EQE,88:Q,90:P
T;N,Q;Y,"88,37",0.0,6EQE,88:Q,37:Y
T;Q,Q;I,"88,182",0.0,6EQE,88:Q,182:I
T;R,Q;A,"88,90",0.0,6EQE,88:Q,90:A
T;K,Q;F,"88,253",0.0,6EQE,88:Q,253:F
T;Y,Q;S,"88,63",0.0,6EQE,88:Q,63:S
T;Q,Q;M,"88,127",0.0,6EQE,88:Q,127:M
T;Q,Q;L,"88,182",0.0,6EQE,88:Q,182:L
T;K,Q;A,"88,253",0.0,6EQE,88:Q,253:A
T;K,Q;V,"88,253",0.0,6EQE,88:Q,253:V
T;Q,Q;F,"88,182",0.0,6EQE,88:Q,182:F
T;R,Q;D,"88,90",0.0,6EQE,88:Q,90:D
T;Q,Q;A,"88,127",0.0,6EQE,88:Q,127:A
T;Y,Q;T,"88,63",0.0,6EQE,88:Q,63:T
T;Q,Q;V,"88,182",0.0,6EQE,88:Q,182:V
T;K,Q;L,"88,253",0.0,6EQE,88:Q,253:L
T;C,Q;S,"88,289",0.0,6EQE,88:Q,289:S
T;Y,Q;G,"88,63",0.0,6EQE,88:Q,63:G
T;M,Q;V,"88,154",0.0,6EQE,88:Q,154:V
T;Q,Q;T,"88,127",0.0,6EQE,88:Q,127:T
T;A,Q;D,"88,226",0.0,6EQE,88:Q,226:D
T;C,Q;A,"88,289",0.0,6EQE,88:Q,289:A
T;R,Q;Q,"88,224",0.0,6EQE,88:Q,224:Q
T;N,Q;K,"88,233",0.0,6EQE,88:Q,233:K
T;S,Q;E,"88,136",0.0,6EQE,88:Q,136:E
T;D,Q;N,"88,186",0.0,6EQE,88:Q,186:N
T;R,Q;A,"88,280",0.0,6EQE,88:Q,280:A
T;S,Q;F,"88,238",0.0,6EQE,88:Q,238:F
T;S,Q;Q,"88,188",0.0,6EQE,88:Q,188:Q
T;S,Q;H,"88,214",0.0,6EQE,88:Q,214:H
T;L,Q;F,"88,117",0.0,6EQE,88:Q,117:F
T;Q,Q;Y,"88,119",0.0,6EQE,88:Q,119:Y
T;G,Q;A,"88,165",0.0,6EQE,88:Q,165:A
T;S,Q;E,"88,121",0.0,6EQE,88:Q,121:E
T;I,Q;R,"88,168",0.0,6EQE,88:Q,168:R
T;N,Q;H,"88,205",0.0,6EQE,88:Q,205:H
T;S,Q;Y,"88,269",0.0,6EQE,88:Q,269:Y
T;S,Q;T,"88,214",0.0,6EQE,88:Q,214:T
T;I,Q;R,"88,218",0.0,6EQE,88:Q,218:R
T;P,Q;K,"88,120",0.0,6EQE,88:Q,120:K
T;M,Q;H,"88,161",0.0,6EQE,88:Q,161:H
T;I,Q;H,"88,168",0.0,6EQE,88:Q,168:H
T;N,Q;K,"88,114",0.0,6EQE,88:Q,114:K
T;P,Q;V,"88,184",0.0,6EQE,88:Q,184:V
T;W,Q;P,"88,185",0.0,6EQE,88:Q,185:P
T;S,Q;H,"88,187",0.0,6EQE,88:Q,187:H
T;S,Q;P,"88,188",0.0,6EQE,88:Q,188:P
T;T,Q;Y,"88,189",0.0,6EQE,88:Q,189:Y
T;F,Q;M,"88,191",0.0,6EQE,88:Q,191:M
N;H,L;R,"138,104",0.0,6EQE,138:L,104:R
N;W,L;P,"138,159",0.0,6EQE,138:L,159:P
N;S,L;Y,"138,242",0.0,6EQE,138:L,242:Y
N;A,L;F,"138,65",0.0,6EQE,138:L,65:F
N;G,L;H,"138,251",0.0,6EQE,138:L,251:H
N;L,L;P,"138,216",0.0,6EQE,138:L,216:P
N;S,L;W,"138,58",0.0,6EQE,138:L,58:W
N;A,L;E,"138,152",0.0,6EQE,138:L,152:E
N;T,L;N,"138,88",0.0,6EQE,138:L,88:N
N;T,L;N,"138,198",0.0,6EQE,138:L,198:N
N;S,L;K,"138,58",0.0,6EQE,138:L,58:K
N;L,L;C,"138,249",0.0,6EQE,138:L,249:C
N;N,L;T,"138,190",0.0,6EQE,138:L,190:T
N;S,L;V,"138,223",0.0,6EQE,138:L,223:V
N;A,L;W,"138,65",0.0,6EQE,138:L,65:W
N;K,L;Y,"138,253",0.0,6EQE,138:L,253:Y
N;R,L;S,"138,90",0.0,6EQE,138:L,90:S
N;T,L;M,"138,29",0.0,6EQE,138:L,29:M
N;M,L;L,"138,262",0.0,6EQE,138:L,262:L
N;A,L;L,"138,272",0.0,6EQE,138:L,272:L
N;R,L;N,"138,90",0.0,6EQE,138:L,90:N
N;R,L;T,"138,90",0.0,6EQE,138:L,90:T
N;G,L;T,"138,254",0.0,6EQE,138:L,254:T
N;R,L;P,"138,90",0.0,6EQE,138:L,90:P
N;N,L;Y,"138,37",0.0,6EQE,138:L,37:Y
N;Q,L;I,"138,182",0.0,6EQE,138:L,182:I
N;R,L;A,"138,90",0.0,6EQE,138:L,90:A
N;K,L;F,"138,253",0.0,6EQE,138:L,253:F
N;Y,L;S,"138,63",0.0,6EQE,138:L,63:S
N;Q,L;M,"138,127",0.0,6EQE,138:L,127:M
N;Q,L;L,"138,182",0.0,6EQE,138:L,182:L
N;K,L;A,"138,253",0.0,6EQE,138:L,253:A
N;K,L;V,"138,253",0.0,6EQE,138:L,253:V
N;Q,L;F,"138,182",0.0,6EQE,138:L,182:F
N;R,L;D,"138,90",0.0,6EQE,138:L,90:D
N;Q,L;A,"138,127",0.0,6EQE,138:L,127:A
N;Y,L;T,"138,63",0.0,6EQE,138:L,63:T
N;Q,L;V,"138,182",0.0,6EQE,138:L,182:V
N;K,L;L,"138,253",0.0,6EQE,138:L,253:L
N;C,L;S,"138,289",0.0,6EQE,138:L,289:S
N;Y,L;G,"138,63",0.0,6EQE,138:L,63:G
N;M,L;V,"138,154",0.0,6EQE,138:L,154:V
N;Q,L;T,"138,127",0.0,6EQE,138:L,127:T
N;A,L;D,"138,226",0.0,6EQE,138:L,226:D
N;C,L;A,"138,289",0.0,6EQE,138:L,289:A
N;R,L;Q,"138,224",0.0,6EQE,138:L,224:Q
N;N,L;K,"138,233",0.0,6EQE,138:L,233:K
N;S,L;E,"138,136",0.0,6EQE,138:L,136:E
N;D,L;N,"138,186",0.0,6EQE,138:L,186:N
N;R,L;A,"138,280",0.0,6EQE,138:L,280:A
N;S,L;F,"138,238",0.0,6EQE,138:L,238:F
N;S,L;Q,"138,188",0.0,6EQE,138:L,188:Q
N;S,L;H,"138,214",0.0,6EQE,138:L,214:H
N;L,L;F,"138,117",0.0,6EQE,138:L,117:F
N;Q,L;Y,"138,119",0.0,6EQE,138:L,119:Y
N;G,L;A,"138,165",0.0,6EQE,138:L,165:A
N;S,L;E,"138,121",0.0,6EQE,138:L,121:E
N;I,L;R,"138,168",0.0,6EQE,138:L,168:R
N;N,L;H,"138,205",0.0,6EQE,138:L,205:H
N;S,L;Y,"138,269",0.0,6EQE,138:L,269:Y
N;S,L;T,"138,214",0.0,6EQE,138:L,214:T
N;I,L;R,"138,218",0.0,6EQE,138:L,218:R
N;P,L;K,"138,120",0.0,6EQE,138:L,120:K
N;M,L;H,"138,161",0.0,6EQE,138:L,161:H
N;I,L;H,"138,168",0.0,6EQE,138:L,168:H
N;N,L;K,"138,114",0.0,6EQE,138:L,114:K
N;P,L;V,"138,184",0.0,6EQE,138:L,184:V
N;W,L;P,"138,185",0.0,6EQE,138:L,185:P
N;S,L;H,"138,187",0.0,6EQE,138:L,187:H
N;S,L;P,"138,188",0.0,6EQE,138:L,188:P
N;T,L;Y,"138,189",0.0,6EQE,138:L,189:Y
N;F,L;M,"138,191",0.0,6EQE,138:L,191:M
H;W,R;P,"104,159",0.0,6EQE,104:R,159:P
H;S,R;Y,"104,242",0.0,6EQE,104:R,242:Y
H;A,R;F,"104,65",0.0,6EQE,104:R,65:F
H;G,R;H,"104,251",0.0,6EQE,104:R,251:H
H;L,R;P,"104,216",0.0,6EQE,104:R,216:P
H;S,R;W,"104,58",0.0,6EQE,104:R,58:W
H;A,R;E,"104,152",0.0,6EQE,104:R,152:E
H;T,R;N,"104,88",0.0,6EQE,104:R,88:N
H;T,R;N,"104,198",0.0,6EQE,104:R,198:N
H;S,R;K,"104,58",0.0,6EQE,104:R,58:K
H;L,R;C,"104,249",0.0,6EQE,104:R,249:C
H;N,R;T,"104,190",0.0,6EQE,104:R,190:T
H;S,R;V,"104,223",0.0,6EQE,104:R,223:V
H;A,R;W,"104,65",0.0,6EQE,104:R,65:W
H;K,R;Y,"104,253",0.0,6EQE,104:R,253:Y
H;R,R;S,"104,90",0.0,6EQE,104:R,90:S
H;T,R;M,"104,29",0.0,6EQE,104:R,29:M
H;M,R;L,"104,262",0.0,6EQE,104:R,262:L
H;A,R;L,"104,272",0.0,6EQE,104:R,272:L
H;R,R;N,"104,90",0.0,6EQE,104:R,90:N
H;R,R;T,"104,90",0.0,6EQE,104:R,90:T
H;G,R;T,"104,254",0.0,6EQE,104:R,254:T
H;R,R;P,"104,90",0.0,6EQE,104:R,90:P
H;N,R;Y,"104,37",0.0,6EQE,104:R,37:Y
H;Q,R;I,"104,182",0.0,6EQE,104:R,182:I
H;R,R;A,"104,90",0.0,6EQE,104:R,90:A
H;K,R;F,"104,253",0.0,6EQE,104:R,253:F
H;Y,R;S,"104,63",0.0,6EQE,104:R,63:S
H;Q,R;M,"104,127",0.0,6EQE,104:R,127:M
H;Q,R;L,"104,182",0.0,6EQE,104:R,182:L
H;K,R;A,"104,253",0.0,6EQE,104:R,253:A
H;K,R;V,"104,253",0.0,6EQE,104:R,253:V
H;Q,R;F,"104,182",0.0,6EQE,104:R,182:F
H;R,R;D,"104,90",0.0,6EQE,104:R,90:D
H;Q,R;A,"104,127",0.0,6EQE,104:R,127:A
H;Y,R;T,"104,63",0.0,6EQE,104:R,63:T
H;Q,R;V,"104,182",0.0,6EQE,104:R,182:V
H;K,R;L,"104,253",0.0,6EQE,104:R,253:L
H;C,R;S,"104,289",0.0,6EQE,104:R,289:S
H;Y,R;G,"104,63",0.0,6EQE,104:R,63:G
H;M,R;V,"104,154",0.0,6EQE,104:R,154:V
H;Q,R;T,"104,127",0.0,6EQE,104:R,127:T
H;A,R;D,"104,226",0.0,6EQE,104:R,226:D
H;C,R;A,"104,289",0.0,6EQE,104:R,289:A
H;R,R;Q,"104,224",0.0,6EQE,104:R,224:Q
H;N,R;K,"104,233",0.0,6EQE,104:R,233:K
H;S,R;E,"104,136",0.0,6EQE,104:R,136:E
H;D,R;N,"104,186",0.0,6EQE,104:R,186:N
H;R,R;A,"104,280",0.0,6EQE,104:R,280:A
H;S,R;F,"104,238",0.0,6EQE,104:R,238:F
H;S,R;Q,"104,188",0.0,6EQE,104:R,188:Q
H;S,R;H,"104,214",0.0,6EQE,104:R,214:H
H;L,R;F,"104,117",0.0,6EQE,104:R,117:F
H;Q,R;Y,"104,119",0.0,6EQE,104:R,119:Y
H;G,R;A,"104,165",0.0,6EQE,104:R,165:A
H;S,R;E,"104,121",0.0,6EQE,104:R,121:E
H;I,R;R,"104,168",0.0,6EQE,104:R,168:R
H;N,R;H,"104,205",0.0,6EQE,104:R,205:H
H;S,R;Y,"104,269",0.0,6EQE,104:R,269:Y
H;S,R;T,"104,214",0.0,6EQE,104:R,214:T
H;I,R;R,"104,218",0.0,6EQE,104:R,218:R
H;P,R;K,"104,120",0.0,6EQE,104:R,120:K
H;M,R;H,"104,161",0.0,6EQE,104:R,161:H
H;I,R;H,"104,168",0.0,6EQE,104:R,168:H
H;N,R;K,"104,114",0.0,6EQE,104:R,114:K
H;P,R;V,"104,184",0.0,6EQE,104:R,184:V
H;W,R;P,"104,185",0.0,6EQE,104:R,185:P
H;S,R;H,"104,187",0.0,6EQE,104:R,187:H
H;S,R;P,"104,188",0.0,6EQE,104:R,188:P
H;T,R;Y,"104,189",0.0,6EQE,104:R,189:Y
H;F,R;M,"104,191",0.0,6EQE,104:R,191:M
W;S,P;Y,"159,242",0.0,6EQE,159:P,242:Y
W;A,P;F,"159,65",0.0,6EQE,159:P,65:F
W;G,P;H,"159,251",0.0,6EQE,159:P,251:H
W;L,P;P,"159,216",0.0,6EQE,159:P,216:P
W;S,P;W,"159,58",0.0,6EQE,159:P,58:W
W;A,P;E,"159,152",0.0,6EQE,159:P,152:E
W;T,P;N,"159,88",0.0,6EQE,159:P,88:N
W;T,P;N,"159,198",0.0,6EQE,159:P,198:N
W;S,P;K,"159,58",0.0,6EQE,159:P,58:K
W;L,P;C,"159,249",0.0,6EQE,159:P,249:C
W;N,P;T,"159,190",0.0,6EQE,159:P,190:T
W;S,P;V,"159,223",0.0,6EQE,159:P,223:V
W;A,P;W,"159,65",0.0,6EQE,159:P,65:W
W;K,P;Y,"159,253",0.0,6EQE,159:P,253:Y
W;R,P;S,"159,90",0.0,6EQE,159:P,90:S
W;T,P;M,"159,29",0.0,6EQE,159:P,29:M
W;M,P;L,"159,262",0.0,6EQE,159:P,262:L
W;A,P;L,"159,272",0.0,6EQE,159:P,272:L
W;R,P;N,"159,90",0.0,6EQE,159:P,90:N
W;R,P;T,"159,90",0.0,6EQE,159:P,90:T
W;G,P;T,"159,254",0.0,6EQE,159:P,254:T
W;R,P;P,"159,90",0.0,6EQE,159:P,90:P
W;N,P;Y,"159,37",0.0,6EQE,159:P,37:Y
W;Q,P;I,"159,182",0.0,6EQE,159:P,182:I
W;R,P;A,"159,90",0.0,6EQE,159:P,90:A
W;K,P;F,"159,253",0.0,6EQE,159:P,253:F
W;Y,P;S,"159,63",0.0,6EQE,159:P,63:S
W;Q,P;M,"159,127",0.0,6EQE,159:P,127:M
W;Q,P;L,"159,182",0.0,6EQE,159:P,182:L
W;K,P;A,"159,253",0.0,6EQE,159:P,253:A
W;K,P;V,"159,253",0.0,6EQE,159:P,253:V
W;Q,P;F,"159,182",0.0,6EQE,159:P,182:F
W;R,P;D,"159,90",0.0,6EQE,159:P,90:D
W;Q,P;A,"159,127",0.0,6EQE,159:P,127:A
W;Y,P;T,"159,63",0.0,6EQE,159:P,63:T
W;Q,P;V,"159,182",0.0,6EQE,159:P,182:V
W;K,P;L,"159,253",0.0,6EQE,159:P,253:L
W;C,P;S,"159,289",0.0,6EQE,159:P,289:S
W;Y,P;G,"159,63",0.0,6EQE,159:P,63:G
W;M,P;V,"159,154",0.0,6EQE,159:P,154:V
W;Q,P;T,"159,127",0.0,6EQE,159:P,127:T
W;A,P;D,"159,226",0.0,6EQE,159:P,226:D
W;C,P;A,"159,289",0.0,6EQE,159:P,289:A
W;R,P;Q,"159,224",0.0,6EQE,159:P,224:Q
W;N,P;K,"159,233",0.0,6EQE,159:P,233:K
W;S,P;E,"159,136",0.0,6EQE,159:P,136:E
W;D,P;N,"159,186",0.0,6EQE,159:P,186:N
W;R,P;A,"159,280",0.0,6EQE,159:P,280:A
W;S,P;F,"159,238",0.0,6EQE,159:P,238:F
W;S,P;Q,"159,188",0.0,6EQE,159:P,188:Q
W;S,P;H,"159,214",0.0,6EQE,159:P,214:H
W;L,P;F,"159,117",0.0,6EQE,159:P,117:F
W;Q,P;Y,"159,119",0.0,6EQE,159:P,119:Y
W;G,P;A,"159,165",0.0,6EQE,159:P,165:A
W;S,P;E,"159,121",0.0,6EQE,159:P,121:E
W;I,P;R,"159,168",0.0,6EQE,159:P,168:R
W;N,P;H,"159,205",0.0,6EQE,159:P,205:H
W;S,P;Y,"159,269",0.0,6EQE,159:P,269:Y
W;S,P;T,"159,214",0.0,6EQE,159:P,214:T
W;I,P;R,"159,218",0.0,6EQE,159:P,218:R
W;P,P;K,"159,120",0.0,6EQE,159:P,120:K
W;M,P;H,"159,161",0.0,6EQE,159:P,161:H
W;I,P;H,"159,168",0.0,6EQE,159:P,168:H
W;N,P;K,"159,114",0.0,6EQE,159:P,114:K
W;P,P;V,"159,184",0.0,6EQE,159:P,184:V
W;W,P;P,"159,185",0.0,6EQE,159:P,185:P
W;S,P;H,"159,187",0.0,6EQE,159:P,187:H
W;S,P;P,"159,188",0.0,6EQE,159:P,188:P
W;T,P;Y,"159,189",0.0,6EQE,159:P,189:Y
W;F,P;M,"159,191",0.0,6EQE,159:P,191:M
S;A,Y;F,"242,65",0.0,6EQE,242:Y,65:F
S;G,Y;H,"242,251",0.0,6EQE,242:Y,251:H
S;L,Y;P,"242,216",0.0,6EQE,242:Y,216:P
S;S,Y;W,"242,58",0.0,6EQE,242:Y,58:W
S;A,Y;E,"242,152",0.0,6EQE,242:Y,152:E
S;T,Y;N,"242,88",0.0,6EQE,242:Y,88:N
S;T,Y;N,"242,198",0.0,6EQE,242:Y,198:N
S;S,Y;K,"242,58",0.0,6EQE,242:Y,58:K
S;L,Y;C,"242,249",0.0,6EQE,242:Y,249:C
S;N,Y;T,"242,190",0.0,6EQE,242:Y,190:T
S;S,Y;V,"242,223",0.0,6EQE,242:Y,223:V
S;A,Y;W,"242,65",0.0,6EQE,242:Y,65:W
S;K,Y;Y,"242,253",0.0,6EQE,242:Y,253:Y
S;R,Y;S,"242,90",0.0,6EQE,242:Y,90:S
S;T,Y;M,"242,29",0.0,6EQE,242:Y,29:M
S;M,Y;L,"242,262",0.0,6EQE,242:Y,262:L
S;A,Y;L,"242,272",0.0,6EQE,242:Y,272:L
S;R,Y;N,"242,90",0.0,6EQE,242:Y,90:N
S;R,Y;T,"242,90",0.0,6EQE,242:Y,90:T
S;G,Y;T,"242,254",0.0,6EQE,242:Y,254:T
S;R,Y;P,"242,90",0.0,6EQE,242:Y,90:P
S;N,Y;Y,"242,37",0.0,6EQE,242:Y,37:Y
S;Q,Y;I,"242,182",0.0,6EQE,242:Y,182:I
S;R,Y;A,"242,90",0.0,6EQE,242:Y,90:A
S;K,Y;F,"242,253",0.0,6EQE,242:Y,253:F
S;Y,Y;S,"242,63",0.0,6EQE,242:Y,63:S
S;Q,Y;M,"242,127",0.0,6EQE,242:Y,127:M
S;Q,Y;L,"242,182",0.0,6EQE,242:Y,182:L
S;K,Y;A,"242,253",0.0,6EQE,242:Y,253:A
S;K,Y;V,"242,253",0.0,6EQE,242:Y,253:V
S;Q,Y;F,"242,182",0.0,6EQE,242:Y,182:F
S;R,Y;D,"242,90",0.0,6EQE,242:Y,90:D
S;Q,Y;A,"242,127",0.0,6EQE,242:Y,127:A
S;Y,Y;T,"242,63",0.0,6EQE,242:Y,63:T
S;Q,Y;V,"242,182",0.0,6EQE,242:Y,182:V
S;K,Y;L,"242,253",0.0,6EQE,242:Y,253:L
S;C,Y;S,"242,289",0.0,6EQE,242:Y,289:S
S;Y,Y;G,"242,63",0.0,6EQE,242:Y,63:G
S;M,Y;V,"242,154",0.0,6EQE,242:Y,154:V
S;Q,Y;T,"242,127",0.0,6EQE,242:Y,127:T
S;A,Y;D,"242,226",0.0,6EQE,242:Y,226:D
S;C,Y;A,"242,289",0.0,6EQE,242:Y,289:A
S;R,Y;Q,"242,224",0.0,6EQE,242:Y,224:Q
S;N,Y;K,"242,233",0.0,6EQE,242:Y,233:K
S;S,Y;E,"242,136",0.0,6EQE,242:Y,136:E
S;D,Y;N,"242,186",0.0,6EQE,242:Y,186:N
S;R,Y;A,"242,280",0.0,6EQE,242:Y,280:A
S;S,Y;F,"242,238",0.0,6EQE,242:Y,238:F
S;S,Y;Q,"242,188",0.0,6EQE,242:Y,188:Q
S;S,Y;H,"242,214",0.0,6EQE,242:Y,214:H
S;L,Y;F,"242,117",0.0,6EQE,242:Y,117:F
S;Q,Y;Y,"242,119",0.0,6EQE,242:Y,119:Y
S;G,Y;A,"242,165",0.0,6EQE,242:Y,165:A
S;S,Y;E,"242,121",0.0,6EQE,242:Y,121:E
S;I,Y;R,"242,168",0.0,6EQE,242:Y,168:R
S;N,Y;H,"242,205",0.0,6EQE,242:Y,205:H
S;S,Y;Y,"242,269",0.0,6EQE,242:Y,269:Y
S;S,Y;T,"242,214",0.0,6EQE,242:Y,214:T
S;I,Y;R,"242,218",0.0,6EQE,242:Y,218:R
S;P,Y;K,"242,120",0.0,6EQE,242:Y,120:K
S;M,Y;H,"242,161",0.0,6EQE,242:Y,161:H
S;I,Y;H,"242,168",0.0,6EQE,242:Y,168:H
S;N,Y;K,"242,114",0.0,6EQE,242:Y,114:K
S;P,Y;V,"242,184",0.0,6EQE,242:Y,184:V
S;W,Y;P,"242,185",0.0,6EQE,242:Y,185:P
S;S,Y;H,"242,187",0.0,6EQE,242:Y,187:H
S;S,Y;P,"242,188",0.0,6EQE,242:Y,188:P
S;T,Y;Y,"242,189",0.0,6EQE,242:Y,189:Y
S;F,Y;M,"242,191",0.0,6EQE,242:Y,191:M
A;G,F;H,"65,251",0.0,6EQE,65:F,251:H
A;L,F;P,"65,216",0.0,6EQE,65:F,216:P
A;S,F;W,"65,58",0.0,6EQE,65:F,58:W
A;A,F;E,"65,152",0.0,6EQE,65:F,152:E
A;T,F;N,"65,88",0.0,6EQE,65:F,88:N
A;T,F;N,"65,198",0.0,6EQE,65:F,198:N
A;S,F;K,"65,58",0.0,6EQE,65:F,58:K
A;L,F;C,"65,249",0.0,6EQE,65:F,249:C
A;N,F;T,"65,190",0.0,6EQE,65:F,190:T
A;S,F;V,"65,223",0.0,6EQE,65:F,223:V
A;K,F;Y,"65,253",0.0,6EQE,65:F,253:Y
A;R,F;S,"65,90",0.0,6EQE,65:F,90:S
A;T,F;M,"65,29",0.0,6EQE,65:F,29:M
A;M,F;L,"65,262",0.0,6EQE,65:F,262:L
A;A,F;L,"65,272",0.0,6EQE,65:F,272:L
A;R,F;N,"65,90",0.0,6EQE,65:F,90:N
A;R,F;T,"65,90",0.0,6EQE,65:F,90:T
A;G,F;T,"65,254",0.0,6EQE,65:F,254:T
A;R,F;P,"65,90",0.0,6EQE,65:F,90:P
A;N,F;Y,"65,37",0.0,6EQE,65:F,37:Y
A;Q,F;I,"65,182",0.0,6EQE,65:F,182:I
A;R,F;A,"65,90",0.0,6EQE,65:F,90:A
A;K,F;F,"65,253",0.0,6EQE,65:F,253:F
A;Y,F;S,"65,63",0.0,6EQE,65:F,63:S
A;Q,F;M,"65,127",0.0,6EQE,65:F,127:M
A;Q,F;L,"65,182",0.0,6EQE,65:F,182:L
A;K,F;A,"65,253",0.0,6EQE,65:F,253:A
A;K,F;V,"65,253",0.0,6EQE,65:F,253:V
A;Q,F;F,"65,182",0.0,6EQE,65:F,182:F
A;R,F;D,"65,90",0.0,6EQE,65:F,90:D
A;Q,F;A,"65,127",0.0,6EQE,65:F,127:A
A;Y,F;T,"65,63",0.0,6EQE,65:F,63:T
A;Q,F;V,"65,182",0.0,6EQE,65:F,182:V
A;K,F;L,"65,253",0.0,6EQE,65:F,253:L
A;C,F;S,"65,289",0.0,6EQE,65:F,289:S
A;Y,F;G,"65,63",0.0,6EQE,65:F,63:G
A;M,F;V,"65,154",0.0,6EQE,65:F,154:V
A;Q,F;T,"65,127",0.0,6EQE,65:F,127:T
A;A,F;D,"65,226",0.0,6EQE,65:F,226:D
A;C,F;A,"65,289",0.0,6EQE,65:F,289:A
A;R,F;Q,"65,224",0.0,6EQE,65:F,224:Q
A;N,F;K,"65,233",0.0,6EQE,65:F,233:K
A;S,F;E,"65,136",0.0,6EQE,65:F,136:E
A;D,F;N,"65,186",0.0,6EQE,65:F,186:N
A;R,F;A,"65,280",0.0,6EQE,65:F,280:A
A;S,F;F,"65,238",0.0,6EQE,65:F,238:F
A;S,F;Q,"65,188",0.0,6EQE,65:F,188:Q
A;S,F;H,"65,214",0.0,6EQE,65:F,214:H
A;L,F;F,"65,117",0.0,6EQE,65:F,117:F
A;Q,F;Y,"65,119",0.0,6EQE,65:F,119:Y
A;G,F;A,"65,165",0.0,6EQE,65:F,165:A
A;S,F;E,"65,121",0.0,6EQE,65:F,121:E
A;I,F;R,"65,168",0.0,6EQE,65:F,168:R
A;N,F;H,"65,205",0.0,6EQE,65:F,205:H
A;S,F;Y,"65,269",0.0,6EQE,65:F,269:Y
A;S,F;T,"65,214",0.0,6EQE,65:F,214:T
A;I,F;R,"65,218",0.0,6EQE,65:F,218:R
A;P,F;K,"65,120",0.0,6EQE,65:F,120:K
A;M,F;H,"65,161",0.0,6EQE,65:F,161:H
A;I,F;H,"65,168",0.0,6EQE,65:F,168:H
A;N,F;K,"65,114",0.0,6EQE,65:F,114:K
A;P,F;V,"65,184",0.0,6EQE,65:F,184:V
A;W,F;P,"65,185",0.0,6EQE,65:F,185:P
A;S,F;H,"65,187",0.0,6EQE,65:F,187:H
A;S,F;P,"65,188",0.0,6EQE,65:F,188:P
A;T,F;Y,"65,189",0.0,6EQE,65:F,189:Y
A;F,F;M,"65,191",0.0,6EQE,65:F,191:M
G;L,H;P,"251,216",0.0,6EQE,251:H,216:P
G;S,H;W,"251,58",0.0,6EQE,251:H,58:W
G;A,H;E,"251,152",0.0,6EQE,251:H,152:E
G;T,H;N,"251,88",0.0,6EQE,251:H,88:N
G;T,H;N,"251,198",0.0,6EQE,251:H,198:N
G;S,H;K,"251,58",0.0,6EQE,251:H,58:K
G;L,H;C,"251,249",0.0,6EQE,251:H,249:C
G;N,H;T,"251,190",0.0,6EQE,251:H,190:T
G;S,H;V,"251,223",0.0,6EQE,251:H,223:V
G;A,H;W,"251,65",0.0,6EQE,251:H,65:W
G;K,H;Y,"251,253",0.0,6EQE,251:H,253:Y
G;R,H;S,"251,90",0.0,6EQE,251:H,90:S
G;T,H;M,"251,29",0.0,6EQE,251:H,29:M
G;M,H;L,"251,262",0.0,6EQE,251:H,262:L
G;A,H;L,"251,272",0.0,6EQE,251:H,272:L
G;R,H;N,"251,90",0.0,6EQE,251:H,90:N
G;R,H;T,"251,90",0.0,6EQE,251:H,90:T
G;G,H;T,"251,254",0.0,6EQE,251:H,254:T
G;R,H;P,"251,90",0.0,6EQE,251:H,90:P
G;N,H;Y,"251,37",0.0,6EQE,251:H,37:Y
G;Q,H;I,"251,182",0.0,6EQE,251:H,182:I
G;R,H;A,"251,90",0.0,6EQE,251:H,90:A
G;K,H;F,"251,253",0.0,6EQE,251:H,253:F
G;Y,H;S,"251,63",0.0,6EQE,251:H,63:S
G;Q,H;M,"251,127",0.0,6EQE,251:H,127:M
G;Q,H;L,"251,182",0.0,6EQE,251:H,182:L
G;K,H;A,"251,253",0.0,6EQE,251:H,253:A
G;K,H;V,"251,253",0.0,6EQE,251:H,253:V
G;Q,H;F,"251,182",0.0,6EQE,251:H,182:F
G;R,H;D,"251,90",0.0,6EQE,251:H,90:D
G;Q,H;A,"251,127",0.0,6EQE,251:H,127:A
G;Y,H;T,"251,63",0.0,6EQE,251:H,63:T
G;Q,H;V,"251,182",0.0,6EQE,251:H,182:V
G;K,H;L,"251,253",0.0,6EQE,251:H,253:L
G;C,H;S,"251,289",0.0,6EQE,251:H,289:S
G;Y,H;G,"251,63",0.0,6EQE,251:H,63:G
G;M,H;V,"251,154",0.0,6EQE,251:H,154:V
G;Q,H;T,"251,127",0.0,6EQE,251:H,127:T
G;A,H;D,"251,226",0.0,6EQE,251:H,226:D
G;C,H;A,"251,289",0.0,6EQE,251:H,289:A
G;R,H;Q,"251,224",0.0,6EQE,251:H,224:Q
G;N,H;K,"251,233",0.0,6EQE,251:H,233:K
G;S,H;E,"251,136",0.0,6EQE,251:H,136:E
G;D,H;N,"251,186",0.0,6EQE,251:H,186:N
G;R,H;A,"251,280",0.0,6EQE,251:H,280:A
G;S,H;F,"251,238",0.0,6EQE,251:H,238:F
G;S,H;Q,"251,188",0.0,6EQE,251:H,188:Q
G;S,H;H,"251,214",0.0,6EQE,251:H,214:H
G;L,H;F,"251,117",0.0,6EQE,251:H,117:F
G;Q,H;Y,"251,119",0.0,6EQE,251:H,119:Y
G;G,H;A,"251,165",0.0,6EQE,251:H,165:A
G;S,H;E,"251,121",0.0,6EQE,251:H,121:E
G;I,H;R,"251,168",0.0,6EQE,251:H,168:R
G;N,H;H,"251,205",0.0,6EQE,251:H,205:H
G;S,H;Y,"251,269",0.0,6EQE,251:H,269:Y
G;S,H;T,"251,214",0.0,6EQE,251:H,214:T
G;I,H;R,"251,218",0.0,6EQE,251:H,218:R
G;P,H;K,"251,120",0.0,6EQE,251:H,120:K
G;M,H;H,"251,161",0.0,6EQE,251:H,161:H
G;I,H;H,"251,168",0.0,6EQE,251:H,168:H
G;N,H;K,"251,114",0.0,6EQE,251:H,114:K
G;P,H;V,"251,184",0.0,6EQE,251:H,184:V
G;W,H;P,"251,185",0.0,6EQE,251:H,185:P
G;S,H;H,"251,187",0.0,6EQE,251:H,187:H
G;S,H;P,"251,188",0.0,6EQE,251:H,188:P
G;T,H;Y,"251,189",0.0,6EQE,251:H,189:Y
G;F,H;M,"251,191",0.0,6EQE,251:H,191:M
L;S,P;W,"216,58",0.0,6EQE,216:P,58:W
L;A,P;E,"216,152",0.0,6EQE,216:P,152:E
L;T,P;N,"216,88",0.0,6EQE,216:P,88:N
L;T,P;N,"216,198",0.0,6EQE,216:P,198:N
L;S,P;K,"216,58",0.0,6EQE,216:P,58:K
L;L,P;C,"216,249",0.0,6EQE,216:P,249:C
L;N,P;T,"216,190",0.0,6EQE,216:P,190:T
L;S,P;V,"216,223",0.0,6EQE,216:P,223:V
L;A,P;W,"216,65",0.0,6EQE,216:P,65:W
L;K,P;Y,"216,253",0.0,6EQE,216:P,253:Y
L;R,P;S,"216,90",0.0,6EQE,216:P,90:S
L;T,P;M,"216,29",0.0,6EQE,216:P,29:M
L;M,P;L,"216,262",0.0,6EQE,216:P,262:L
L;A,P;L,"216,272",0.0,6EQE,216:P,272:L
L;R,P;N,"216,90",0.0,6EQE,216:P,90:N
L;R,P;T,"216,90",0.0,6EQE,216:P,90:T
L;G,P;T,"216,254",0.0,6EQE,216:P,254:T
L;R,P;P,"216,90",0.0,6EQE,216:P,90:P
L;N,P;Y,"216,37",0.0,6EQE,216:P,37:Y
L;Q,P;I,"216,182",0.0,6EQE,216:P,182:I
L;R,P;A,"216,90",0.0,6EQE,216:P,90:A
L;K,P;F,"216,253",0.0,6EQE,216:P,253:F
L;Y,P;S,"216,63",0.0,6EQE,216:P,63:S
L;Q,P;M,"216,127",0.0,6EQE,216:P,127:M
L;Q,P;L,"216,182",0.0,6EQE,216:P,182:L
L;K,P;A,"216,253",0.0,6EQE,216:P,253:A
L;K,P;V,"216,253",0.0,6EQE,216:P,253:V
L;Q,P;F,"216,182",0.0,6EQE,216:P,182:F
L;R,P;D,"216,90",0.0,6EQE,216:P,90:D
L;Q,P;A,"216,127",0.0,6EQE,216:P,127:A
L;Y,P;T,"216,63",0.0,6EQE,216:P,63:T
L;Q,P;V,"216,182",0.0,6EQE,216:P,182:V
L;K,P;L,"216,253",0.0,6EQE,216:P,253:L
L;C,P;S,"216,289",0.0,6EQE,216:P,289:S
L;Y,P;G,"216,63",0.0,6EQE,216:P,63:G
L;M,P;V,"216,154",0.0,6EQE,216:P,154:V
L;Q,P;T,"216,127",0.0,6EQE,216:P,127:T
L;A,P;D,"216,226",0.0,6EQE,216:P,226:D
L;C,P;A,"216,289",0.0,6EQE,216:P,289:A
L;R,P;Q,"216,224",0.0,6EQE,216:P,224:Q
L;N,P;K,"216,233",0.0,6EQE,216:P,233:K
L;S,P;E,"216,136",0.0,6EQE,216:P,136:E
L;D,P;N,"216,186",0.0,6EQE,216:P,186:N
L;R,P;A,"216,280",0.0,6EQE,216:P,280:A
L;S,P;F,"216,238",0.0,6EQE,216:P,238:F
L;S,P;Q,"216,188",0.0,6EQE,216:P,188:Q
L;S,P;H,"216,214",0.0,6EQE,216:P,214:H
L;L,P;F,"216,117",0.0,6EQE,216:P,117:F
L;Q,P;Y,"216,119",0.0,6EQE,216:P,119:Y
L;G,P;A,"216,165",0.0,6EQE,216:P,165:A
L;S,P;E,"216,121",0.0,6EQE,216:P,121:E
L;I,P;R,"216,168",0.0,6EQE,216:P,168:R
L;N,P;H,"216,205",0.0,6EQE,216:P,205:H
L;S,P;Y,"216,269",0.0,6EQE,216:P,269:Y
L;S,P;T,"216,214",0.0,6EQE,216:P,214:T
L;I,P;R,"216,218",0.0,6EQE,216:P,218:R
L;P,P;K,"216,120",0.0,6EQE,216:P,120:K
L;M,P;H,"216,161",0.0,6EQE,216:P,161:H
L;I,P;H,"216,168",0.0,6EQE,216:P,168:H
L;N,P;K,"216,114",0.0,6EQE,216:P,114:K
L;P,P;V,"216,184",0.0,6EQE,216:P,184:V
L;W,P;P,"216,185",0.0,6EQE,216:P,185:P
L;S,P;H,"216,187",0.0,6EQE,216:P,187:H
L;S,P;P,"216,188",0.0,6EQE,216:P,188:P
L;T,P;Y,"216,189",0.0,6EQE,216:P,189:Y
L;F,P;M,"216,191",0.0,6EQE,216:P,191:M
S;A,W;E,"58,152",0.0,6EQE,58:W,152:E
S;T,W;N,"58,88",0.0,6EQE,58:W,88:N
S;T,W;N,"58,198",0.0,6EQE,58:W,198:N
S;L,W;C,"58,249",0.0,6EQE,58:W,249:C
S;N,W;T,"58,190",0.0,6EQE,58:W,190:T
S;S,W;V,"58,223",0.0,6EQE,58:W,223:V
S;A,W;W,"58,65",0.0,6EQE,58:W,65:W
S;K,W;Y,"58,253",0.0,6EQE,58:W,253:Y
S;R,W;S,"58,90",0.0,6EQE,58:W,90:S
S;T,W;M,"58,29",0.0,6EQE,58:W,29:M
S;M,W;L,"58,262",0.0,6EQE,58:W,262:L
S;A,W;L,"58,272",0.0,6EQE,58:W,272:L
S;R,W;N,"58,90",0.0,6EQE,58:W,90:N
S;R,W;T,"58,90",0.0,6EQE,58:W,90:T
S;G,W;T,"58,254",0.0,6EQE,58:W,254:T
S;R,W;P,"58,90",0.0,6EQE,58:W,90:P
S;N,W;Y,"58,37",0.0,6EQE,58:W,37:Y
S;Q,W;I,"58,182",0.0,6EQE,58:W,182:I
S;R,W;A,"58,90",0.0,6EQE,58:W,90:A
S;K,W;F,"58,253",0.0,6EQE,58:W,253:F
S;Y,W;S,"58,63",0.0,6EQE,58:W,63:S
S;Q,W;M,"58,127",0.0,6EQE,58:W,127:M
S;Q,W;L,"58,182",0.0,6EQE,58:W,182:L
S;K,W;A,"58,253",0.0,6EQE,58:W,253:A
S;K,W;V,"58,253",0.0,6EQE,58:W,253:V
S;Q,W;F,"58,182",0.0,6EQE,58:W,182:F
S;R,W;D,"58,90",0.0,6EQE,58:W,90:D
S;Q,W;A,"58,127",0.0,6EQE,58:W,127:A
S;Y,W;T,"58,63",0.0,6EQE,58:W,63:T
S;Q,W;V,"58,182",0.0,6EQE,58:W,182:V
S;K,W;L,"58,253",0.0,6EQE,58:W,253:L
S;C,W;S,"58,289",0.0,6EQE,58:W,289:S
S;Y,W;G,"58,63",0.0,6EQE,58:W,63:G
S;M,W;V,"58,154",0.0,6EQE,58:W,154:V
S;Q,W;T,"58,127",0.0,6EQE,58:W,127:T
S;A,W;D,"58,226",0.0,6EQE,58:W,226:D
S;C,W;A,"58,289",0.0,6EQE,58:W,289:A
S;R,W;Q,"58,224",0.0,6EQE,58:W,224:Q
S;N,W;K,"58,233",0.0,6EQE,58:W,233:K
S;S,W;E,"58,136",0.0,6EQE,58:W,136:E
S;D,W;N,"58,186",0.0,6EQE,58:W,186:N
S;R,W;A,"58,280",0.0,6EQE,58:W,280:A
S;S,W;F,"58,238",0.0,6EQE,58:W,238:F
S;S,W;Q,"58,188",0.0,6EQE,58:W,188:Q
S;S,W;H,"58,214",0.0,6EQE,58:W,214:H
S;L,W;F,"58,117",0.0,6EQE,58:W,117:F
S;Q,W;Y,"58,119",0.0,6EQE,58:W,119:Y
S;G,W;A,"58,165",0.0,6EQE,58:W,165:A
S;S,W;E,"58,121",0.0,6EQE,58:W,121:E
S;I,W;R,"58,168",0.0,6EQE,58:W,168:R
S;N,W;H,"58,205",0.0,6EQE,58:W,205:H
S;S,W;Y,"58,269",0.0,6EQE,58:W,269:Y
S;S,W;T,"58,214",0.0,6EQE,58:W,214:T
S;I,W;R,"58,218",0.0,6EQE,58:W,218:R
S;P,W;K,"58,120",0.0,6EQE,58:W,120:K
S;M,W;H,"58,161",0.0,6EQE,58:W,161:H
S;I,W;H,"58,168",0.0,6EQE,58:W,168:H
S;N,W;K,"58,114",0.0,6EQE,58:W,114:K
S;P,W;V,"58,184",0.0,6EQE,58:W,184:V
S;W,W;P,"58,185",0.0,6EQE,58:W,185:P
S;S,W;H,"58,187",0.0,6EQE,58:W,187:H
S;S,W;P,"58,188",0.0,6EQE,58:W,188:P
S;T,W;Y,"58,189",0.0,6EQE,58:W,189:Y
S;F,W;M,"58,191",0.0,6EQE,58:W,191:M
A;T,E;N,"152,88",0.0,6EQE,152:E,88:N
A;T,E;N,"152,198",0.0,6EQE,152:E,198:N
A;S,E;K,"152,58",0.0,6EQE,152:E,58:K
A;L,E;C,"152,249",0.0,6EQE,152:E,249:C
A;N,E;T,"152,190",0.0,6EQE,152:E,190:T
A;S,E;V,"152,223",0.0,6EQE,152:E,223:V
A;A,E;W,"152,65",0.0,6EQE,152:E,65:W
A;K,E;Y,"152,253",0.0,6EQE,152:E,253:Y
A;R,E;S,"152,90",0.0,6EQE,152:E,90:S
A;T,E;M,"152,29",0.0,6EQE,152:E,29:M
A;M,E;L,"152,262",0.0,6EQE,152:E,262:L
A;A,E;L,"152,272",0.0,6EQE,152:E,272:L
A;R,E;N,"152,90",0.0,6EQE,152:E,90:N
A;R,E;T,"152,90",0.0,6EQE,152:E,90:T
A;G,E;T,"152,254",0.0,6EQE,152:E,254:T
A;R,E;P,"152,90",0.0,6EQE,152:E,90:P
A;N,E;Y,"152,37",0.0,6EQE,152:E,37:Y
A;Q,E;I,"152,182",0.0,6EQE,152:E,182:I
A;R,E;A,"152,90",0.0,6EQE,152:E,90:A
A;K,E;F,"152,253",0.0,6EQE,152:E,253:F
A;Y,E;S,"152,63",0.0,6EQE,152:E,63:S
A;Q,E;M,"152,127",0.0,6EQE,152:E,127:M
A;Q,E;L,"152,182",0.0,6EQE,152:E,182:L
A;K,E;A,"152,253",0.0,6EQE,152:E,253:A
A;K,E;V,"152,253",0.0,6EQE,152:E,253:V
A;Q,E;F,"152,182",0.0,6EQE,152:E,182:F
A;R,E;D,"152,90",0.0,6EQE,152:E,90:D
A;Q,E;A,"152,127",0.0,6EQE,152:E,127:A
A;Y,E;T,"152,63",0.0,6EQE,152:E,63:T
A;Q,E;V,"152,182",0.0,6EQE,152:E,182:V
A;K,E;L,"152,253",0.0,6EQE,152:E,253:L
A;C,E;S,"152,289",0.0,6EQE,152:E,289:S
A;Y,E;G,"152,63",0.0,6EQE,152:E,63:G
A;M,E;V,"152,154",0.0,6EQE,152:E,154:V
A;Q,E;T,"152,127",0.0,6EQE,152:E,127:T
A;A,E;D,"152,226",0.0,6EQE,152:E,226:D
A;C,E;A,"152,289",0.0,6EQE,152:E,289:A
A;R,E;Q,"152,224",0.0,6EQE,152:E,224:Q
A;N,E;K,"152,233",0.0,6EQE,152:E,233:K
A;S,E;E,"152,136",0.0,6EQE,152:E,136:E
A;D,E;N,"152,186",0.0,6EQE,152:E,186:N
A;R,E;A,"152,280",0.0,6EQE,152:E,280:A
A;S,E;F,"152,238",0.0,6EQE,152:E,238:F
A;S,E;Q,"152,188",0.0,6EQE,152:E,188:Q
A;S,E;H,"152,214",0.0,6EQE,152:E,214:H
A;L,E;F,"152,117",0.0,6EQE,152:E,117:F
A;Q,E;Y,"152,119",0.0,6EQE,152:E,119:Y
A;G,E;A,"152,165",0.0,6EQE,152:E,165:A
A;S,E;E,"152,121",0.0,6EQE,152:E,121:E
A;I,E;R,"152,168",0.0,6EQE,152:E,168:R
A;N,E;H,"152,205",0.0,6EQE,152:E,205:H
A;S,E;Y,"152,269",0.0,6EQE,152:E,269:Y
A;S,E;T,"152,214",0.0,6EQE,152:E,214:T
A;I,E;R,"152,218",0.0,6EQE,152:E,218:R
A;P,E;K,"152,120",0.0,6EQE,152:E,120:K
A;M,E;H,"152,161",0.0,6EQE,152:E,161:H
A;I,E;H,"152,168",0.0,6EQE,152:E,168:H
A;N,E;K,"152,114",0.0,6EQE,152:E,114:K
A;P,E;V,"152,184",0.0,6EQE,152:E,184:V
A;W,E;P,"152,185",0.0,6EQE,152:E,185:P
A;S,E;H,"152,187",0.0,6EQE,152:E,187:H
A;S,E;P,"152,188",0.0,6EQE,152:E,188:P
A;T,E;Y,"152,189",0.0,6EQE,152:E,189:Y
A;F,E;M,"152,191",0.0,6EQE,152:E,191:M
T;T,N;N,"88,198",0.0,6EQE,88:N,198:N
T;S,N;K,"88,58",0.0,6EQE,88:N,58:K
T;L,N;C,"88,249",0.0,6EQE,88:N,249:C
T;N,N;T,"88,190",0.0,6EQE,88:N,190:T
T;S,N;V,"88,223",0.0,6EQE,88:N,223:V
T;A,N;W,"88,65",0.0,6EQE,88:N,65:W
T;K,N;Y,"88,253",0.0,6EQE,88:N,253:Y
T;R,N;S,"88,90",0.0,6EQE,88:N,90:S
T;T,N;M,"88,29",0.0,6EQE,88:N,29:M
T;M,N;L,"88,262",0.0,6EQE,88:N,262:L
T;A,N;L,"88,272",0.0,6EQE,88:N,272:L
T;R,N;N,"88,90",0.0,6EQE,88:N,90:N
T;R,N;T,"88,90",0.0,6EQE,88:N,90:T
T;G,N;T,"88,254",0.0,6EQE,88:N,254:T
T;R,N;P,"88,90",0.0,6EQE,88:N,90:P
T;N,N;Y,"88,37",0.0,6EQE,88:N,37:Y
T;Q,N;I,"88,182",0.0,6EQE,88:N,182:I
T;R,N;A,"88,90",0.0,6EQE,88:N,90:A
T;K,N;F,"88,253",0.0,6EQE,88:N,253:F
T;Y,N;S,"88,63",0.0,6EQE,88:N,63:S
T;Q,N;M,"88,127",0.0,6EQE,88:N,127:M
T;Q,N;L,"88,182",0.0,6EQE,88:N,182:L
T;K,N;A,"88,253",0.0,6EQE,88:N,253:A
T;K,N;V,"88,253",0.0,6EQE,88:N,253:V
T;Q,N;F,"88,182",0.0,6EQE,88:N,182:F
T;R,N;D,"88,90",0.0,6EQE,88:N,90:D
T;Q,N;A,"88,127",0.0,6EQE,88:N,127:A
T;Y,N;T,"88,63",0.0,6EQE,88:N,63:T
T;Q,N;V,"88,182",0.0,6EQE,88:N,182:V
T;K,N;L,"88,253",0.0,6EQE,88:N,253:L
T;C,N;S,"88,289",0.0,6EQE,88:N,289:S
T;Y,N;G,"88,63",0.0,6EQE,88:N,63:G
T;M,N;V,"88,154",0.0,6EQE,88:N,154:V
T;Q,N;T,"88,127",0.0,6EQE,88:N,127:T
T;A,N;D,"88,226",0.0,6EQE,88:N,226:D
T;C,N;A,"88,289",0.0,6EQE,88:N,289:A
T;R,N;Q,"88,224",0.0,6EQE,88:N,224:Q
T;N,N;K,"88,233",0.0,6EQE,88:N,233:K
T;S,N;E,"88,136",0.0,6EQE,88:N,136:E
T;D,N;N,"88,186",0.0,6EQE,88:N,186:N
T;R,N;A,"88,280",0.0,6EQE,88:N,280:A
T;S,N;F,"88,238",0.0,6EQE,88:N,238:F
T;S,N;Q,"88,188",0.0,6EQE,88:N,188:Q
T;S,N;H,"88,214",0.0,6EQE,88:N,214:H
T;L,N;F,"88,117",0.0,6EQE,88:N,117:F
T;Q,N;Y,"88,119",0.0,6EQE,88:N,119:Y
T;G,N;A,"88,165",0.0,6EQE,88:N,165:A
T;S,N;E,"88,121",0.0,6EQE,88:N,121:E
T;I,N;R,"88,168",0.0,6EQE,88:N,168:R
T;N,N;H,"88,205",0.0,6EQE,88:N,205:H
T;S,N;Y,"88,269",0.0,6EQE,88:N,269:Y
T;S,N;T,"88,214",0.0,6EQE,88:N,214:T
T;I,N;R,"88,218",0.0,6EQE,88:N,218:R
T;P,N;K,"88,120",0.0,6EQE,88:N,120:K
T;M,N;H,"88,161",0.0,6EQE,88:N,161:H
T;I,N;H,"88,168",0.0,6EQE,88:N,168:H
T;N,N;K,"88,114",0.0,6EQE,88:N,114:K
T;P,N;V,"88,184",0.0,6EQE,88:N,184:V
T;W,N;P,"88,185",0.0,6EQE,88:N,185:P
T;S,N;H,"88,187",0.0,6EQE,88:N,187:H
T;S,N;P,"88,188",0.0,6EQE,88:N,188:P
T;T,N;Y,"88,189",0.0,6EQE,88:N,189:Y
T;F,N;M,"88,191",0.0,6EQE,88:N,191:M
T;S,N;K,"198,58",0.0,6EQE,198:N,58:K
T;L,N;C,"198,249",0.0,6EQE,198:N,249:C
T;N,N;T,"198,190",0.0,6EQE,198:N,190:T
T;S,N;V,"198,223",0.0,6EQE,198:N,223:V
T;A,N;W,"198,65",0.0,6EQE,198:N,65:W
T;K,N;Y,"198,253",0.0,6EQE,198:N,253:Y
T;R,N;S,"198,90",0.0,6EQE,198:N,90:S
T;T,N;M,"198,29",0.0,6EQE,198:N,29:M
T;M,N;L,"198,262",0.0,6EQE,198:N,262:L
T;A,N;L,"198,272",0.0,6EQE,198:N,272:L
T;R,N;N,"198,90",0.0,6EQE,198:N,90:N
T;R,N;T,"198,90",0.0,6EQE,198:N,90:T
T;G,N;T,"198,254",0.0,6EQE,198:N,254:T
T;R,N;P,"198,90",0.0,6EQE,198:N,90:P
T;N,N;Y,"198,37",0.0,6EQE,198:N,37:Y
T;Q,N;I,"198,182",0.0,6EQE,198:N,182:I
T;R,N;A,"198,90",0.0,6EQE,198:N,90:A
T;K,N;F,"198,253",0.0,6EQE,198:N,253:F
T;Y,N;S,"198,63",0.0,6EQE,198:N,63:S
T;Q,N;M,"198,127",0.0,6EQE,198:N,127:M
T;Q,N;L,"198,182",0.0,6EQE,198:N,182:L
T;K,N;A,"198,253",0.0,6EQE,198:N,253:A
T;K,N;V,"198,253",0.0,6EQE,198:N,253:V
T;Q,N;F,"198,182",0.0,6EQE,198:N,182:F
T;R,N;D,"198,90",0.0,6EQE,198:N,90:D
T;Q,N;A,"198,127",0.0,6EQE,198:N,127:A
T;Y,N;T,"198,63",0.0,6EQE,198:N,63:T
T;Q,N;V,"198,182",0.0,6EQE,198:N,182:V
T;K,N;L,"198,253",0.0,6EQE,198:N,253:L
T;C,N;S,"198,289",0.0,6EQE,198:N,289:S
T;Y,N;G,"198,63",0.0,6EQE,198:N,63:G
T;M,N;V,"198,154",0.0,6EQE,198:N,154:V
T;Q,N;T,"198,127",0.0,6EQE,198:N,127:T
T;A,N;D,"198,226",0.0,6EQE,198:N,226:D
T;C,N;A,"198,289",0.0,6EQE,198:N,289:A
T;R,N;Q,"198,224",0.0,6EQE,198:N,224:Q
T;N,N;K,"198,233",0.0,6EQE,198:N,233:K
T;S,N;E,"198,136",0.0,6EQE,198:N,136:E
T;D,N;N,"198,186",0.0,6EQE,198:N,186:N
T;R,N;A,"198,280",0.0,6EQE,198:N,280:A
T;S,N;F,"198,238",0.0,6EQE,198:N,238:F
T;S,N;Q,"198,188",0.0,6EQE,198:N,188:Q
T;S,N;H,"198,214",0.0,6EQE,198:N,214:H
T;L,N;F,"198,117",0.0,6EQE,198:N,117:F
T;Q,N;Y,"198,119",0.0,6EQE,198:N,119:Y
T;G,N;A,"198,165",0.0,6EQE,198:N,165:A
T;S,N;E,"198,121",0.0,6EQE,198:N,121:E
T;I,N;R,"198,168",0.0,6EQE,198:N,168:R
T;N,N;H,"198,205",0.0,6EQE,198:N,205:H
T;S,N;Y,"198,269",0.0,6EQE,198:N,269:Y
T;S,N;T,"198,214",0.0,6EQE,198:N,214:T
T;I,N;R,"198,218",0.0,6EQE,198:N,218:R
T;P,N;K,"198,120",0.0,6EQE,198:N,120:K
T;M,N;H,"198,161",0.0,6EQE,198:N,161:H
T;I,N;H,"198,168",0.0,6EQE,198:N,168:H
T;N,N;K,"198,114",0.0,6EQE,198:N,114:K
T;P,N;V,"198,184",0.0,6EQE,198:N,184:V
T;W,N;P,"198,185",0.0,6EQE,198:N,185:P
T;S,N;H,"198,187",0.0,6EQE,198:N,187:H
T;S,N;P,"198,188",0.0,6EQE,198:N,188:P
T;T,N;Y,"198,189",0.0,6EQE,198:N,189:Y
T;F,N;M,"198,191",0.0,6EQE,198:N,191:M
S;L,K;C,"58,249",0.0,6EQE,58:K,249:C
S;N,K;T,"58,190",0.0,6EQE,58:K,190:T
S;S,K;V,"58,223",0.0,6EQE,58:K,223:V
S;A,K;W,"58,65",0.0,6EQE,58:K,65:W
S;K,K;Y,"58,253",0.0,6EQE,58:K,253:Y
S;R,K;S,"58,90",0.0,6EQE,58:K,90:S
S;T,K;M,"58,29",0.0,6EQE,58:K,29:M
S;M,K;L,"58,262",0.0,6EQE,58:K,262:L
S;A,K;L,"58,272",0.0,6EQE,58:K,272:L
S;R,K;N,"58,90",0.0,6EQE,58:K,90:N
S;R,K;T,"58,90",0.0,6EQE,58:K,90:T
S;G,K;T,"58,254",0.0,6EQE,58:K,254:T
S;R,K;P,"58,90",0.0,6EQE,58:K,90:P
S;N,K;Y,"58,37",0.0,6EQE,58:K,37:Y
S;Q,K;I,"58,182",0.0,6EQE,58:K,182:I
S;R,K;A,"58,90",0.0,6EQE,58:K,90:A
S;K,K;F,"58,253",0.0,6EQE,58:K,253:F
S;Y,K;S,"58,63",0.0,6EQE,58:K,63:S
S;Q,K;M,"58,127",0.0,6EQE,58:K,127:M
S;Q,K;L,"58,182",0.0,6EQE,58:K,182:L
S;K,K;A,"58,253",0.0,6EQE,58:K,253:A
S;K,K;V,"58,253",0.0,6EQE,58:K,253:V
S;Q,K;F,"58,182",0.0,6EQE,58:K,182:F
S;R,K;D,"58,90",0.0,6EQE,58:K,90:D
S;Q,K;A,"58,127",0.0,6EQE,58:K,127:A
S;Y,K;T,"58,63",0.0,6EQE,58:K,63:T
S;Q,K;V,"58,182",0.0,6EQE,58:K,182:V
S;K,K;L,"58,253",0.0,6EQE,58:K,253:L
S;C,K;S,"58,289",0.0,6EQE,58:K,289:S
S;Y,K;G,"58,63",0.0,6EQE,58:K,63:G
S;M,K;V,"58,154",0.0,6EQE,58:K,154:V
S;Q,K;T,"58,127",0.0,6EQE,58:K,127:T
S;A,K;D,"58,226",0.0,6EQE,58:K,226:D
S;C,K;A,"58,289",0.0,6EQE,58:K,289:A
S;R,K;Q,"58,224",0.0,6EQE,58:K,224:Q
S;N,K;K,"58,233",0.0,6EQE,58:K,233:K
S;S,K;E,"58,136",0.0,6EQE,58:K,136:E
S;D,K;N,"58,186",0.0,6EQE,58:K,186:N
S;R,K;A,"58,280",0.0,6EQE,58:K,280:A
S;S,K;F,"58,238",0.0,6EQE,58:K,238:F
S;S,K;Q,"58,188",0.0,6EQE,58:K,188:Q
S;S,K;H,"58,214",0.0,6EQE,58:K,214:H
S;L,K;F,"58,117",0.0,6EQE,58:K,117:F
S;Q,K;Y,"58,119",0.0,6EQE,58:K,119:Y
S;G,K;A,"58,165",0.0,6EQE,58:K,165:A
S;S,K;E,"58,121",0.0,6EQE,58:K,121:E
S;I,K;R,"58,168",0.0,6EQE,58:K,168:R
S;N,K;H,"58,205",0.0,6EQE,58:K,205:H
S;S,K;Y,"58,269",0.0,6EQE,58:K,269:Y
S;S,K;T,"58,214",0.0,6EQE,58:K,214:T
S;I,K;R,"58,218",0.0,6EQE,58:K,218:R
S;P,K;K,"58,120",0.0,6EQE,58:K,120:K
S;M,K;H,"58,161",0.0,6EQE,58:K,161:H
S;I,K;H,"58,168",0.0,6EQE,58:K,168:H
S;N,K;K,"58,114",0.0,6EQE,58:K,114:K
S;P,K;V,"58,184",0.0,6EQE,58:K,184:V
S;W,K;P,"58,185",0.0,6EQE,58:K,185:P
S;S,K;H,"58,187",0.0,6EQE,58:K,187:H
S;S,K;P,"58,188",0.0,6EQE,58:K,188:P
S;T,K;Y,"58,189",0.0,6EQE,58:K,189:Y
S;F,K;M,"58,191",0.0,6EQE,58:K,191:M
L;N,C;T,"249,190",0.0,6EQE,249:C,190:T
L;S,C;V,"249,223",0.0,6EQE,249:C,223:V
L;A,C;W,"249,65",0.0,6EQE,249:C,65:W
L;K,C;Y,"249,253",0.0,6EQE,249:C,253:Y
L;R,C;S,"249,90",0.0,6EQE,249:C,90:S
L;T,C;M,"249,29",0.0,6EQE,249:C,29:M
L;M,C;L,"249,262",0.0,6EQE,249:C,262:L
L;A,C;L,"249,272",0.0,6EQE,249:C,272:L
L;R,C;N,"249,90",0.0,6EQE,249:C,90:N
L;R,C;T,"249,90",0.0,6EQE,249:C,90:T
L;G,C;T,"249,254",0.0,6EQE,249:C,254:T
L;R,C;P,"249,90",0.0,6EQE,249:C,90:P
L;N,C;Y,"249,37",0.0,6EQE,249:C,37:Y
L;Q,C;I,"249,182",0.0,6EQE,249:C,182:I
L;R,C;A,"249,90",0.0,6EQE,249:C,90:A
L;K,C;F,"249,253",0.0,6EQE,249:C,253:F
L;Y,C;S,"249,63",0.0,6EQE,249:C,63:S
L;Q,C;M,"249,127",0.0,6EQE,249:C,127:M
L;Q,C;L,"249,182",0.0,6EQE,249:C,182:L
L;K,C;A,"249,253",0.0,6EQE,249:C,253:A
L;K,C;V,"249,253",0.0,6EQE,249:C,253:V
L;Q,C;F,"249,182",0.0,6EQE,249:C,182:F
L;R,C;D,"249,90",0.0,6EQE,249:C,90:D
L;Q,C;A,"249,127",0.0,6EQE,249:C,127:A
L;Y,C;T,"249,63",0.0,6EQE,249:C,63:T
L;Q,C;V,"249,182",0.0,6EQE,249:C,182:V
L;K,C;L,"249,253",0.0,6EQE,249:C,253:L
L;C,C;S,"249,289",0.0,6EQE,249:C,289:S
L;Y,C;G,"249,63",0.0,6EQE,249:C,63:G
L;M,C;V,"249,154",0.0,6EQE,249:C,154:V
L;Q,C;T,"249,127",0.0,6EQE,249:C,127:T
L;A,C;D,"249,226",0.0,6EQE,249:C,226:D
L;C,C;A,"249,289",0.0,6EQE,249:C,289:A
L;R,C;Q,"249,224",0.0,6EQE,249:C,224:Q
L;N,C;K,"249,233",0.0,6EQE,249:C,233:K
L;S,C;E,"249,136",0.0,6EQE,249:C,136:E
L;D,C;N,"249,186",0.0,6EQE,249:C,186:N
L;R,C;A,"249,280",0.0,6EQE,249:C,280:A
L;S,C;F,"249,238",0.0,6EQE,249:C,238:F
L;S,C;Q,"249,188",0.0,6EQE,249:C,188:Q
L;S,C;H,"249,214",0.0,6EQE,249:C,214:H
L;L,C;F,"249,117",0.0,6EQE,249:C,117:F
L;Q,C;Y,"249,119",0.0,6EQE,249:C,119:Y
L;G,C;A,"249,165",0.0,6EQE,249:C,165:A
L;S,C;E,"249,121",0.0,6EQE,249:C,121:E
L;I,C;R,"249,168",0.0,6EQE,249:C,168:R
L;N,C;H,"249,205",0.0,6EQE,249:C,205:H
L;S,C;Y,"249,269",0.0,6EQE,249:C,269:Y
L;S,C;T,"249,214",0.0,6EQE,249:C,214:T
L;I,C;R,"249,218",0.0,6EQE,249:C,218:R
L;P,C;K,"249,120",0.0,6EQE,249:C,120:K
L;M,C;H,"249,161",0.0,6EQE,249:C,161:H
L;I,C;H,"249,168",0.0,6EQE,249:C,168:H
L;N,C;K,"249,114",0.0,6EQE,249:C,114:K
L;P,C;V,"249,184",0.0,6EQE,249:C,184:V
L;W,C;P,"249,185",0.0,6EQE,249:C,185:P
L;S,C;H,"249,187",0.0,6EQE,249:C,187:H
L;S,C;P,"249,188",0.0,6EQE,249:C,188:P
L;T,C;Y,"249,189",0.0,6EQE,249:C,189:Y
L;F,C;M,"249,191",0.0,6EQE,249:C,191:M
N;S,T;V,"190,223",0.0,6EQE,190:T,223:V
N;A,T;W,"190,65",0.0,6EQE,190:T,65:W
N;K,T;Y,"190,253",0.0,6EQE,190:T,253:Y
N;R,T;S,"190,90",0.0,6EQE,190:T,90:S
N;T,T;M,"190,29",0.0,6EQE,190:T,29:M
N;M,T;L,"190,262",0.0,6EQE,190:T,262:L
N;A,T;L,"190,272",0.0,6EQE,190:T,272:L
N;R,T;N,"190,90",0.0,6EQE,190:T,90:N
N;R,T;T,"190,90",0.0,6EQE,190:T,90:T
N;G,T;T,"190,254",0.0,6EQE,190:T,254:T
N;R,T;P,"190,90",0.0,6EQE,190:T,90:P
N;N,T;Y,"190,37",0.0,6EQE,190:T,37:Y
N;Q,T;I,"190,182",0.0,6EQE,190:T,182:I
N;R,T;A,"190,90",0.0,6EQE,190:T,90:A
N;K,T;F,"190,253",0.0,6EQE,190:T,253:F
N;Y,T;S,"190,63",0.0,6EQE,190:T,63:S
N;Q,T;M,"190,127",0.0,6EQE,190:T,127:M
N;Q,T;L,"190,182",0.0,6EQE,190:T,182:L
N;K,T;A,"190,253",0.0,6EQE,190:T,253:A
N;K,T;V,"190,253",0.0,6EQE,190:T,253:V
N;Q,T;F,"190,182",0.0,6EQE,190:T,182:F
N;R,T;D,"190,90",0.0,6EQE,190:T,90:D
N;Q,T;A,"190,127",0.0,6EQE,190:T,127:A
N;Y,T;T,"190,63",0.0,6EQE,190:T,63:T
N;Q,T;V,"190,182",0.0,6EQE,190:T,182:V
N;K,T;L,"190,253",0.0,6EQE,190:T,253:L
N;C,T;S,"190,289",0.0,6EQE,190:T,289:S
N;Y,T;G,"190,63",0.0,6EQE,190:T,63:G
N;M,T;V,"190,154",0.0,6EQE,190:T,154:V
N;Q,T;T,"190,127",0.0,6EQE,190:T,127:T
N;A,T;D,"190,226",0.0,6EQE,190:T,226:D
N;C,T;A,"190,289",0.0,6EQE,190:T,289:A
N;R,T;Q,"190,224",0.0,6EQE,190:T,224:Q
N;N,T;K,"190,233",0.0,6EQE,190:T,233:K
N;S,T;E,"190,136",0.0,6EQE,190:T,136:E
N;D,T;N,"190,186",0.0,6EQE,190:T,186:N
N;R,T;A,"190,280",0.0,6EQE,190:T,280:A
N;S,T;F,"190,238",0.0,6EQE,190:T,238:F
N;S,T;Q,"190,188",0.0,6EQE,190:T,188:Q
N;S,T;H,"190,214",0.0,6EQE,190:T,214:H
N;L,T;F,"190,117",0.0,6EQE,190:T,117:F
N;Q,T;Y,"190,119",0.0,6EQE,190:T,119:Y
N;G,T;A,"190,165",0.0,6EQE,190:T,165:A
N;S,T;E,"190,121",0.0,6EQE,190:T,121:E
N;I,T;R,"190,168",0.0,6EQE,190:T,168:R
N;N,T;H,"190,205",0.0,6EQE,190:T,205:H
N;S,T;Y,"190,269",0.0,6EQE,190:T,269:Y
N;S,T;T,"190,214",0.0,6EQE,190:T,214:T
N;I,T;R,"190,218",0.0,6EQE,190:T,218:R
N;P,T;K,"190,120",0.0,6EQE,190:T,120:K
N;M,T;H,"190,161",0.0,6EQE,190:T,161:H
N;I,T;H,"190,168",0.0,6EQE,190:T,168:H
N;N,T;K,"190,114",0.0,6EQE,190:T,114:K
N;P,T;V,"190,184",0.0,6EQE,190:T,184:V
N;W,T;P,"190,185",0.0,6EQE,190:T,185:P
N;S,T;H,"190,187",0.0,6EQE,190:T,187:H
N;S,T;P,"190,188",0.0,6EQE,190:T,188:P
N;T,T;Y,"190,189",0.0,6EQE,190:T,189:Y
N;F,T;M,"190,191",0.0,6EQE,190:T,191:M
S;A,V;W,"223,65",0.0,6EQE,223:V,65:W
S;K,V;Y,"223,253",0.0,6EQE,223:V,253:Y
S;R,V;S,"223,90",0.0,6EQE,223:V,90:S
S;T,V;M,"223,29",0.0,6EQE,223:V,29:M
S;M,V;L,"223,262",0.0,6EQE,223:V,262:L
S;A,V;L,"223,272",0.0,6EQE,223:V,272:L
S;R,V;N,"223,90",0.0,6EQE,223:V,90:N
S;R,V;T,"223,90",0.0,6EQE,223:V,90:T
S;G,V;T,"223,254",0.0,6EQE,223:V,254:T
S;R,V;P,"223,90",0.0,6EQE,223:V,90:P
S;N,V;Y,"223,37",0.0,6EQE,223:V,37:Y
S;Q,V;I,"223,182",0.0,6EQE,223:V,182:I
S;R,V;A,"223,90",0.0,6EQE,223:V,90:A
S;K,V;F,"223,253",0.0,6EQE,223:V,253:F
S;Y,V;S,"223,63",0.0,6EQE,223:V,63:S
S;Q,V;M,"223,127",0.0,6EQE,223:V,127:M
S;Q,V;L,"223,182",0.0,6EQE,223:V,182:L
S;K,V;A,"223,253",0.0,6EQE,223:V,253:A
S;K,V;V,"223,253",0.0,6EQE,223:V,253:V
S;Q,V;F,"223,182",0.0,6EQE,223:V,182:F
S;R,V;D,"223,90",0.0,6EQE,223:V,90:D
S;Q,V;A,"223,127",0.0,6EQE,223:V,127:A
S;Y,V;T,"223,63",0.0,6EQE,223:V,63:T
S;Q,V;V,"223,182",0.0,6EQE,223:V,182:V
S;K,V;L,"223,253",0.0,6EQE,223:V,253:L
S;C,V;S,"223,289",0.0,6EQE,223:V,289:S
S;Y,V;G,"223,63",0.0,6EQE,223:V,63:G
S;M,V;V,"223,154",0.0,6EQE,223:V,154:V
S;Q,V;T,"223,127",0.0,6EQE,223:V,127:T
S;A,V;D,"223,226",0.0,6EQE,223:V,226:D
S;C,V;A,"223,289",0.0,6EQE,223:V,289:A
S;R,V;Q,"223,224",0.0,6EQE,223:V,224:Q
S;N,V;K,"223,233",0.0,6EQE,223:V,233:K
S;S,V;E,"223,136",0.0,6EQE,223:V,136:E
S;D,V;N,"223,186",0.0,6EQE,223:V,186:N
S;R,V;A,"223,280",0.0,6EQE,223:V,280:A
S;S,V;F,"223,238",0.0,6EQE,223:V,238:F
S;S,V;Q,"223,188",0.0,6EQE,223:V,188:Q
S;S,V;H,"223,214",0.0,6EQE,223:V,214:H
S;L,V;F,"223,117",0.0,6EQE,223:V,117:F
S;Q,V;Y,"223,119",0.0,6EQE,223:V,119:Y
S;G,V;A,"223,165",0.0,6EQE,223:V,165:A
S;S,V;E,"223,121",0.0,6EQE,223:V,121:E
S;I,V;R,"223,168",0.0,6EQE,223:V,168:R
S;N,V;H,"223,205",0.0,6EQE,223:V,205:H
S;S,V;Y,"223,269",0.0,6EQE,223:V,269:Y
S;S,V;T,"223,214",0.0,6EQE,223:V,214:T
S;I,V;R,"223,218",0.0,6EQE,223:V,218:R
S;P,V;K,"223,120",0.0,6EQE,223:V,120:K
S;M,V;H,"223,161",0.0,6EQE,223:V,161:H
S;I,V;H,"223,168",0.0,6EQE,223:V,168:H
S;N,V;K,"223,114",0.0,6EQE,223:V,114:K
S;P,V;V,"223,184",0.0,6EQE,223:V,184:V
S;W,V;P,"223,185",0.0,6EQE,223:V,185:P
S;S,V;H,"223,187",0.0,6EQE,223:V,187:H
S;S,V;P,"223,188",0.0,6EQE,223:V,188:P
S;T,V;Y,"223,189",0.0,6EQE,223:V,189:Y
S;F,V;M,"223,191",0.0,6EQE,223:V,191:M
A;K,W;Y,"65,253",0.0,6EQE,65:W,253:Y
A;R,W;S,"65,90",0.0,6EQE,65:W,90:S
A;T,W;M,"65,29",0.0,6EQE,65:W,29:M
A;M,W;L,"65,262",0.0,6EQE,65:W,262:L
A;A,W;L,"65,272",0.0,6EQE,65:W,272:L
A;R,W;N,"65,90",0.0,6EQE,65:W,90:N
A;R,W;T,"65,90",0.0,6EQE,65:W,90:T
A;G,W;T,"65,254",0.0,6EQE,65:W,254:T
A;R,W;P,"65,90",0.0,6EQE,65:W,90:P
A;N,W;Y,"65,37",0.0,6EQE,65:W,37:Y
A;Q,W;I,"65,182",0.0,6EQE,65:W,182:I
A;R,W;A,"65,90",0.0,6EQE,65:W,90:A
A;K,W;F,"65,253",0.0,6EQE,65:W,253:F
A;Y,W;S,"65,63",0.0,6EQE,65:W,63:S
A;Q,W;M,"65,127",0.0,6EQE,65:W,127:M
A;Q,W;L,"65,182",0.0,6EQE,65:W,182:L
A;K,W;A,"65,253",0.0,6EQE,65:W,253:A
A;K,W;V,"65,253",0.0,6EQE,65:W,253:V
A;Q,W;F,"65,182",0.0,6EQE,65:W,182:F
A;R,W;D,"65,90",0.0,6EQE,65:W,90:D
A;Q,W;A,"65,127",0.0,6EQE,65:W,127:A
A;Y,W;T,"65,63",0.0,6EQE,65:W,63:T
A;Q,W;V,"65,182",0.0,6EQE,65:W,182:V
A;K,W;L,"65,253",0.0,6EQE,65:W,253:L
A;C,W;S,"65,289",0.0,6EQE,65:W,289:S
A;Y,W;G,"65,63",0.0,6EQE,65:W,63:G
A;M,W;V,"65,154",0.0,6EQE,65:W,154:V
A;Q,W;T,"65,127",0.0,6EQE,65:W,127:T
A;A,W;D,"65,226",0.0,6EQE,65:W,226:D
A;C,W;A,"65,289",0.0,6EQE,65:W,289:A
A;R,W;Q,"65,224",0.0,6EQE,65:W,224:Q
A;N,W;K,"65,233",0.0,6EQE,65:W,233:K
A;S,W;E,"65,136",0.0,6EQE,65:W,136:E
A;D,W;N,"65,186",0.0,6EQE,65:W,186:N
A;R,W;A,"65,280",0.0,6EQE,65:W,280:A
A;S,W;F,"65,238",0.0,6EQE,65:W,238:F
A;S,W;Q,"65,188",0.0,6EQE,65:W,188:Q
A;S,W;H,"65,214",0.0,6EQE,65:W,214:H
A;L,W;F,"65,117",0.0,6EQE,65:W,117:F
A;Q,W;Y,"65,119",0.0,6EQE,65:W,119:Y
A;G,W;A,"65,165",0.0,6EQE,65:W,165:A
A;S,W;E,"65,121",0.0,6EQE,65:W,121:E
A;I,W;R,"65,168",0.0,6EQE,65:W,168:R
A;N,W;H,"65,205",0.0,6EQE,65:W,205:H
A;S,W;Y,"65,269",0.0,6EQE,65:W,269:Y
A;S,W;T,"65,214",0.0,6EQE,65:W,214:T
A;I,W;R,"65,218",0.0,6EQE,65:W,218:R
A;P,W;K,"65,120",0.0,6EQE,65:W,120:K
A;M,W;H,"65,161",0.0,6EQE,65:W,161:H
A;I,W;H,"65,168",0.0,6EQE,65:W,168:H
A;N,W;K,"65,114",0.0,6EQE,65:W,114:K
A;P,W;V,"65,184",0.0,6EQE,65:W,184:V
A;W,W;P,"65,185",0.0,6EQE,65:W,185:P
A;S,W;H,"65,187",0.0,6EQE,65:W,187:H
A;S,W;P,"65,188",0.0,6EQE,65:W,188:P
A;T,W;Y,"65,189",0.0,6EQE,65:W,189:Y
A;F,W;M,"65,191",0.0,6EQE,65:W,191:M
K;R,Y;S,"253,90",0.0,6EQE,253:Y,90:S
K;T,Y;M,"253,29",0.0,6EQE,253:Y,29:M
K;M,Y;L,"253,262",0.0,6EQE,253:Y,262:L
K;A,Y;L,"253,272",0.0,6EQE,253:Y,272:L
K;R,Y;N,"253,90",0.0,6EQE,253:Y,90:N
K;R,Y;T,"253,90",0.0,6EQE,253:Y,90:T
K;G,Y;T,"253,254",0.0,6EQE,253:Y,254:T
K;R,Y;P,"253,90",0.0,6EQE,253:Y,90:P
K;N,Y;Y,"253,37",0.0,6EQE,253:Y,37:Y
K;Q,Y;I,"253,182",0.0,6EQE,253:Y,182:I
K;R,Y;A,"253,90",0.0,6EQE,253:Y,90:A
K;Y,Y;S,"253,63",0.0,6EQE,253:Y,63:S
K;Q,Y;M,"253,127",0.0,6EQE,253:Y,127:M
K;Q,Y;L,"253,182",0.0,6EQE,253:Y,182:L
K;Q,Y;F,"253,182",0.0,6EQE,253:Y,182:F
K;R,Y;D,"253,90",0.0,6EQE,253:Y,90:D
K;Q,Y;A,"253,127",0.0,6EQE,253:Y,127:A
K;Y,Y;T,"253,63",0.0,6EQE,253:Y,63:T
K;Q,Y;V,"253,182",0.0,6EQE,253:Y,182:V
K;C,Y;S,"253,289",0.0,6EQE,253:Y,289:S
K;Y,Y;G,"253,63",0.0,6EQE,253:Y,63:G
K;M,Y;V,"253,154",0.0,6EQE,253:Y,154:V
K;Q,Y;T,"253,127",0.0,6EQE,253:Y,127:T
K;A,Y;D,"253,226",0.0,6EQE,253:Y,226:D
K;C,Y;A,"253,289",0.0,6EQE,253:Y,289:A
K;R,Y;Q,"253,224",0.0,6EQE,253:Y,224:Q
K;N,Y;K,"253,233",0.0,6EQE,253:Y,233:K
K;S,Y;E,"253,136",0.0,6EQE,253:Y,136:E
K;D,Y;N,"253,186",0.0,6EQE,253:Y,186:N
K;R,Y;A,"253,280",0.0,6EQE,253:Y,280:A
K;S,Y;F,"253,238",0.0,6EQE,253:Y,238:F
K;S,Y;Q,"253,188",0.0,6EQE,253:Y,188:Q
K;S,Y;H,"253,214",0.0,6EQE,253:Y,214:H
K;L,Y;F,"253,117",0.0,6EQE,253:Y,117:F
K;Q,Y;Y,"253,119",0.0,6EQE,253:Y,119:Y
K;G,Y;A,"253,165",0.0,6EQE,253:Y,165:A
K;S,Y;E,"253,121",0.0,6EQE,253:Y,121:E
K;I,Y;R,"253,168",0.0,6EQE,253:Y,168:R
K;N,Y;H,"253,205",0.0,6EQE,253:Y,205:H
K;S,Y;Y,"253,269",0.0,6EQE,253:Y,269:Y
K;S,Y;T,"253,214",0.0,6EQE,253:Y,214:T
K;I,Y;R,"253,218",0.0,6EQE,253:Y,218:R
K;P,Y;K,"253,120",0.0,6EQE,253:Y,120:K
K;M,Y;H,"253,161",0.0,6EQE,253:Y,161:H
K;I,Y;H,"253,168",0.0,6EQE,253:Y,168:H
K;N,Y;K,"253,114",0.0,6EQE,253:Y,114:K
K;P,Y;V,"253,184",0.0,6EQE,253:Y,184:V
K;W,Y;P,"253,185",0.0,6EQE,253:Y,185:P
K;S,Y;H,"253,187",0.0,6EQE,253:Y,187:H
K;S,Y;P,"253,188",0.0,6EQE,253:Y,188:P
K;T,Y;Y,"253,189",0.0,6EQE,253:Y,189:Y
K;F,Y;M,"253,191",0.0,6EQE,253:Y,191:M
R;T,S;M,"90,29",0.0,6EQE,90:S,29:M
R;M,S;L,"90,262",0.0,6EQE,90:S,262:L
R;A,S;L,"90,272",0.0,6EQE,90:S,272:L
R;G,S;T,"90,254",0.0,6EQE,90:S,254:T
R;N,S;Y,"90,37",0.0,6EQE,90:S,37:Y
R;Q,S;I,"90,182",0.0,6EQE,90:S,182:I
R;K,S;F,"90,253",0.0,6EQE,90:S,253:F
R;Y,S;S,"90,63",0.0,6EQE,90:S,63:S
R;Q,S;M,"90,127",0.0,6EQE,90:S,127:M
R;Q,S;L,"90,182",0.0,6EQE,90:S,182:L
R;K,S;A,"90,253",0.0,6EQE,90:S,253:A
R;K,S;V,"90,253",0.0,6EQE,90:S,253:V
R;Q,S;F,"90,182",0.0,6EQE,90:S,182:F
R;Q,S;A,"90,127",0.0,6EQE,90:S,127:A
R;Y,S;T,"90,63",0.0,6EQE,90:S,63:T
R;Q,S;V,"90,182",0.0,6EQE,90:S,182:V
R;K,S;L,"90,253",0.0,6EQE,90:S,253:L
R;C,S;S,"90,289",0.0,6EQE,90:S,289:S
R;Y,S;G,"90,63",0.0,6EQE,90:S,63:G
R;M,S;V,"90,154",0.0,6EQE,90:S,154:V
R;Q,S;T,"90,127",0.0,6EQE,90:S,127:T
R;A,S;D,"90,226",0.0,6EQE,90:S,226:D
R;C,S;A,"90,289",0.0,6EQE,90:S,289:A
R;R,S;Q,"90,224",0.0,6EQE,90:S,224:Q
R;N,S;K,"90,233",0.0,6EQE,90:S,233:K
R;S,S;E,"90,136",0.0,6EQE,90:S,136:E
R;D,S;N,"90,186",0.0,6EQE,90:S,186:N
R;R,S;A,"90,280",0.0,6EQE,90:S,280:A
R;S,S;F,"90,238",0.0,6EQE,90:S,238:F
R;S,S;Q,"90,188",0.0,6EQE,90:S,188:Q
R;S,S;H,"90,214",0.0,6EQE,90:S,214:H
R;L,S;F,"90,117",0.0,6EQE,90:S,117:F
R;Q,S;Y,"90,119",0.0,6EQE,90:S,119:Y
R;G,S;A,"90,165",0.0,6EQE,90:S,165:A
R;S,S;E,"90,121",0.0,6EQE,90:S,121:E
R;I,S;R,"90,168",0.0,6EQE,90:S,168:R
R;N,S;H,"90,205",0.0,6EQE,90:S,205:H
R;S,S;Y,"90,269",0.0,6EQE,90:S,269:Y
R;S,S;T,"90,214",0.0,6EQE,90:S,214:T
R;I,S;R,"90,218",0.0,6EQE,90:S,218:R
R;P,S;K,"90,120",0.0,6EQE,90:S,120:K
R;M,S;H,"90,161",0.0,6EQE,90:S,161:H
R;I,S;H,"90,168",0.0,6EQE,90:S,168:H
R;N,S;K,"90,114",0.0,6EQE,90:S,114:K
R;P,S;V,"90,184",0.0,6EQE,90:S,184:V
R;W,S;P,"90,185",0.0,6EQE,90:S,185:P
R;S,S;H,"90,187",0.0,6EQE,90:S,187:H
R;S,S;P,"90,188",0.0,6EQE,90:S,188:P
R;T,S;Y,"90,189",0.0,6EQE,90:S,189:Y
R;F,S;M,"90,191",0.0,6EQE,90:S,191:M
T;M,M;L,"29,262",0.0,6EQE,29:M,262:L
T;A,M;L,"29,272",0.0,6EQE,29:M,272:L
T;R,M;N,"29,90",0.0,6EQE,29:M,90:N
T;R,M;T,"29,90",0.0,6EQE,29:M,90:T
T;G,M;T,"29,254",0.0,6EQE,29:M,254:T
T;R,M;P,"29,90",0.0,6EQE,29:M,90:P
T;N,M;Y,"29,37",0.0,6EQE,29:M,37:Y
T;Q,M;I,"29,182",0.0,6EQE,29:M,182:I
T;R,M;A,"29,90",0.0,6EQE,29:M,90:A
T;K,M;F,"29,253",0.0,6EQE,29:M,253:F
T;Y,M;S,"29,63",0.0,6EQE,29:M,63:S
T;Q,M;M,"29,127",0.0,6EQE,29:M,127:M
T;Q,M;L,"29,182",0.0,6EQE,29:M,182:L
T;K,M;A,"29,253",0.0,6EQE,29:M,253:A
T;K,M;V,"29,253",0.0,6EQE,29:M,253:V
T;Q,M;F,"29,182",0.0,6EQE,29:M,182:F
T;R,M;D,"29,90",0.0,6EQE,29:M,90:D
T;Q,M;A,"29,127",0.0,6EQE,29:M,127:A
T;Y,M;T,"29,63",0.0,6EQE,29:M,63:T
T;Q,M;V,"29,182",0.0,6EQE,29:M,182:V
T;K,M;L,"29,253",0.0,6EQE,29:M,253:L
T;C,M;S,"29,289",0.0,6EQE,29:M,289:S
T;Y,M;G,"29,63",0.0,6EQE,29:M,63:G
T;M,M;V,"29,154",0.0,6EQE,29:M,154:V
T;Q,M;T,"29,127",0.0,6EQE,29:M,127:T
T;A,M;D,"29,226",0.0,6EQE,29:M,226:D
T;C,M;A,"29,289",0.0,6EQE,29:M,289:A
T;R,M;Q,"29,224",0.0,6EQE,29:M,224:Q
T;N,M;K,"29,233",0.0,6EQE,29:M,233:K
T;S,M;E,"29,136",0.0,6EQE,29:M,136:E
T;D,M;N,"29,186",0.0,6EQE,29:M,186:N
T;R,M;A,"29,280",0.0,6EQE,29:M,280:A
T;S,M;F,"29,238",0.0,6EQE,29:M,238:F
T;S,M;Q,"29,188",0.0,6EQE,29:M,188:Q
T;S,M;H,"29,214",0.0,6EQE,29:M,214:H
T;L,M;F,"29,117",0.0,6EQE,29:M,117:F
T;Q,M;Y,"29,119",0.0,6EQE,29:M,119:Y
T;G,M;A,"29,165",0.0,6EQE,29:M,165:A
T;S,M;E,"29,121",0.0,6EQE,29:M,121:E
T;I,M;R,"29,168",0.0,6EQE,29:M,168:R
T;N,M;H,"29,205",0.0,6EQE,29:M,205:H
T;S,M;Y,"29,269",0.0,6EQE,29:M,269:Y
T;S,M;T,"29,214",0.0,6EQE,29:M,214:T
T;I,M;R,"29,218",0.0,6EQE,29:M,218:R
T;P,M;K,"29,120",0.0,6EQE,29:M,120:K
T;M,M;H,"29,161",0.0,6EQE,29:M,161:H
T;I,M;H,"29,168",0.0,6EQE,29:M,168:H
T;N,M;K,"29,114",0.0,6EQE,29:M,114:K
T;P,M;V,"29,184",0.0,6EQE,29:M,184:V
T;W,M;P,"29,185",0.0,6EQE,29:M,185:P
T;S,M;H,"29,187",0.0,6EQE,29:M,187:H
T;S,M;P,"29,188",0.0,6EQE,29:M,188:P
T;T,M;Y,"29,189",0.0,6EQE,29:M,189:Y
T;F,M;M,"29,191",0.0,6EQE,29:M,191:M
M;A,L;L,"262,272",0.0,6EQE,262:L,272:L
M;R,L;N,"262,90",0.0,6EQE,262:L,90:N
M;R,L;T,"262,90",0.0,6EQE,262:L,90:T
M;G,L;T,"262,254",0.0,6EQE,262:L,254:T
M;R,L;P,"262,90",0.0,6EQE,262:L,90:P
M;N,L;Y,"262,37",0.0,6EQE,262:L,37:Y
M;Q,L;I,"262,182",0.0,6EQE,262:L,182:I
M;R,L;A,"262,90",0.0,6EQE,262:L,90:A
M;K,L;F,"262,253",0.0,6EQE,262:L,253:F
M;Y,L;S,"262,63",0.0,6EQE,262:L,63:S
M;Q,L;M,"262,127",0.0,6EQE,262:L,127:M
M;Q,L;L,"262,182",0.0,6EQE,262:L,182:L
M;K,L;A,"262,253",0.0,6EQE,262:L,253:A
M;K,L;V,"262,253",0.0,6EQE,262:L,253:V
M;Q,L;F,"262,182",0.0,6EQE,262:L,182:F
M;R,L;D,"262,90",0.0,6EQE,262:L,90:D
M;Q,L;A,"262,127",0.0,6EQE,262:L,127:A
M;Y,L;T,"262,63",0.0,6EQE,262:L,63:T
M;Q,L;V,"262,182",0.0,6EQE,262:L,182:V
M;K,L;L,"262,253",0.0,6EQE,262:L,253:L
M;C,L;S,"262,289",0.0,6EQE,262:L,289:S
M;Y,L;G,"262,63",0.0,6EQE,262:L,63:G
M;M,L;V,"262,154",0.0,6EQE,262:L,154:V
M;Q,L;T,"262,127",0.0,6EQE,262:L,127:T
M;A,L;D,"262,226",0.0,6EQE,262:L,226:D
M;C,L;A,"262,289",0.0,6EQE,262:L,289:A
M;R,L;Q,"262,224",0.0,6EQE,262:L,224:Q
M;N,L;K,"262,233",0.0,6EQE,262:L,233:K
M;S,L;E,"262,136",0.0,6EQE,262:L,136:E
M;D,L;N,"262,186",0.0,6EQE,262:L,186:N
M;R,L;A,"262,280",0.0,6EQE,262:L,280:A
M;S,L;F,"262,238",0.0,6EQE,262:L,238:F
M;S,L;Q,"262,188",0.0,6EQE,262:L,188:Q
M;S,L;H,"262,214",0.0,6EQE,262:L,214:H
M;L,L;F,"262,117",0.0,6EQE,262:L,117:F
M;Q,L;Y,"262,119",0.0,6EQE,262:L,119:Y
M;G,L;A,"262,165",0.0,6EQE,262:L,165:A
M;S,L;E,"262,121",0.0,6EQE,262:L,121:E
M;I,L;R,"262,168",0.0,6EQE,262:L,168:R
M;N,L;H,"262,205",0.0,6EQE,262:L,205:H
M;S,L;Y,"262,269",0.0,6EQE,262:L,269:Y
M;S,L;T,"262,214",0.0,6EQE,262:L,214:T
M;I,L;R,"262,218",0.0,6EQE,262:L,218:R
M;P,L;K,"262,120",0.0,6EQE,262:L,120:K
M;M,L;H,"262,161",0.0,6EQE,262:L,161:H
M;I,L;H,"262,168",0.0,6EQE,262:L,168:H
M;N,L;K,"262,114",0.0,6EQE,262:L,114:K
M;P,L;V,"262,184",0.0,6EQE,262:L,184:V
M;W,L;P,"262,185",0.0,6EQE,262:L,185:P
M;S,L;H,"262,187",0.0,6EQE,262:L,187:H
M;S,L;P,"262,188",0.0,6EQE,262:L,188:P
M;T,L;Y,"262,189",0.0,6EQE,262:L,189:Y
M;F,L;M,"262,191",0.0,6EQE,262:L,191:M
A;R,L;N,"272,90",0.0,6EQE,272:L,90:N
A;R,L;T,"272,90",0.0,6EQE,272:L,90:T
A;G,L;T,"272,254",0.0,6EQE,272:L,254:T
A;R,L;P,"272,90",0.0,6EQE,272:L,90:P
A;N,L;Y,"272,37",0.0,6EQE,272:L,37:Y
A;Q,L;I,"272,182",0.0,6EQE,272:L,182:I
A;R,L;A,"272,90",0.0,6EQE,272:L,90:A
A;K,L;F,"272,253",0.0,6EQE,272:L,253:F
A;Y,L;S,"272,63",0.0,6EQE,272:L,63:S
A;Q,L;M,"272,127",0.0,6EQE,272:L,127:M
A;Q,L;L,"272,182",0.0,6EQE,272:L,182:L
A;K,L;A,"272,253",0.0,6EQE,272:L,253:A
A;K,L;V,"272,253",0.0,6EQE,272:L,253:V
A;Q,L;F,"272,182",0.0,6EQE,272:L,182:F
A;R,L;D,"272,90",0.0,6EQE,272:L,90:D
A;Q,L;A,"272,127",0.0,6EQE,272:L,127:A
A;Y,L;T,"272,63",0.0,6EQE,272:L,63:T
A;Q,L;V,"272,182",0.0,6EQE,272:L,182:V
A;K,L;L,"272,253",0.0,6EQE,272:L,253:L
A;C,L;S,"272,289",0.0,6EQE,272:L,289:S
A;Y,L;G,"272,63",0.0,6EQE,272:L,63:G
A;M,L;V,"272,154",0.0,6EQE,272:L,154:V
A;Q,L;T,"272,127",0.0,6EQE,272:L,127:T
A;A,L;D,"272,226",0.0,6EQE,272:L,226:D
A;C,L;A,"272,289",0.0,6EQE,272:L,289:A
A;R,L;Q,"272,224",0.0,6EQE,272:L,224:Q
A;N,L;K,"272,233",0.0,6EQE,272:L,233:K
A;S,L;E,"272,136",0.0,6EQE,272:L,136:E
A;D,L;N,"272,186",0.0,6EQE,272:L,186:N
A;R,L;A,"272,280",0.0,6EQE,272:L,280:A
A;S,L;F,"272,238",0.0,6EQE,272:L,238:F
A;S,L;Q,"272,188",0.0,6EQE,272:L,188:Q
A;S,L;H,"272,214",0.0,6EQE,272:L,214:H
A;L,L;F,"272,117",0.0,6EQE,272:L,117:F
A;Q,L;Y,"272,119",0.0,6EQE,272:L,119:Y
A;G,L;A,"272,165",0.0,6EQE,272:L,165:A
A;S,L;E,"272,121",0.0,6EQE,272:L,121:E
A;I,L;R,"272,168",0.0,6EQE,272:L,168:R
A;N,L;H,"272,205",0.0,6EQE,272:L,205:H
A;S,L;Y,"272,269",0.0,6EQE,272:L,269:Y
A;S,L;T,"272,214",0.0,6EQE,272:L,214:T
A;I,L;R,"272,218",0.0,6EQE,272:L,218:R
A;P,L;K,"272,120",0.0,6EQE,272:L,120:K
A;M,L;H,"272,161",0.0,6EQE,272:L,161:H
A;I,L;H,"272,168",0.0,6EQE,272:L,168:H
A;N,L;K,"272,114",0.0,6EQE,272:L,114:K
A;P,L;V,"272,184",0.0,6EQE,272:L,184:V
A;W,L;P,"272,185",0.0,6EQE,272:L,185:P
A;S,L;H,"272,187",0.0,6EQE,272:L,187:H
A;S,L;P,"272,188",0.0,6EQE,272:L,188:P
A;T,L;Y,"272,189",0.0,6EQE,272:L,189:Y
A;F,L;M,"272,191",0.0,6EQE,272:L,191:M
R;G,N;T,"90,254",0.0,6EQE,90:N,254:T
R;N,N;Y,"90,37",0.0,6EQE,90:N,37:Y
R;Q,N;I,"90,182",0.0,6EQE,90:N,182:I
R;K,N;F,"90,253",0.0,6EQE,90:N,253:F
R;Y,N;S,"90,63",0.0,6EQE,90:N,63:S
R;Q,N;M,"90,127",0.0,6EQE,90:N,127:M
R;Q,N;L,"90,182",0.0,6EQE,90:N,182:L
R;K,N;A,"90,253",0.0,6EQE,90:N,253:A
R;K,N;V,"90,253",0.0,6EQE,90:N,253:V
R;Q,N;F,"90,182",0.0,6EQE,90:N,182:F
R;Q,N;A,"90,127",0.0,6EQE,90:N,127:A
R;Y,N;T,"90,63",0.0,6EQE,90:N,63:T
R;Q,N;V,"90,182",0.0,6EQE,90:N,182:V
R;K,N;L,"90,253",0.0,6EQE,90:N,253:L
R;C,N;S,"90,289",0.0,6EQE,90:N,289:S
R;Y,N;G,"90,63",0.0,6EQE,90:N,63:G
R;M,N;V,"90,154",0.0,6EQE,90:N,154:V
R;Q,N;T,"90,127",0.0,6EQE,90:N,127:T
R;A,N;D,"90,226",0.0,6EQE,90:N,226:D
R;C,N;A,"90,289",0.0,6EQE,90:N,289:A
R;R,N;Q,"90,224",0.0,6EQE,90:N,224:Q
R;N,N;K,"90,233",0.0,6EQE,90:N,233:K
R;S,N;E,"90,136",0.0,6EQE,90:N,136:E
R;D,N;N,"90,186",0.0,6EQE,90:N,186:N
R;R,N;A,"90,280",0.0,6EQE,90:N,280:A
R;S,N;F,"90,238",0.0,6EQE,90:N,238:F
R;S,N;Q,"90,188",0.0,6EQE,90:N,188:Q
R;S,N;H,"90,214",0.0,6EQE,90:N,214:H
R;L,N;F,"90,117",0.0,6EQE,90:N,117:F
R;Q,N;Y,"90,119",0.0,6EQE,90:N,119:Y
R;G,N;A,"90,165",0.0,6EQE,90:N,165:A
R;S,N;E,"90,121",0.0,6EQE,90:N,121:E
R;I,N;R,"90,168",0.0,6EQE,90:N,168:R
R;N,N;H,"90,205",0.0,6EQE,90:N,205:H
R;S,N;Y,"90,269",0.0,6EQE,90:N,269:Y
R;S,N;T,"90,214",0.0,6EQE,90:N,214:T
R;I,N;R,"90,218",0.0,6EQE,90:N,218:R
R;P,N;K,"90,120",0.0,6EQE,90:N,120:K
R;M,N;H,"90,161",0.0,6EQE,90:N,161:H
R;I,N;H,"90,168",0.0,6EQE,90:N,168:H
R;N,N;K,"90,114",0.0,6EQE,90:N,114:K
R;P,N;V,"90,184",0.0,6EQE,90:N,184:V
R;W,N;P,"90,185",0.0,6EQE,90:N,185:P
R;S,N;H,"90,187",0.0,6EQE,90:N,187:H
R;S,N;P,"90,188",0.0,6EQE,90:N,188:P
R;T,N;Y,"90,189",0.0,6EQE,90:N,189:Y
R;F,N;M,"90,191",0.0,6EQE,90:N,191:M
R;G,T;T,"90,254",0.0,6EQE,90:T,254:T
R;N,T;Y,"90,37",0.0,6EQE,90:T,37:Y
R;Q,T;I,"90,182",0.0,6EQE,90:T,182:I
R;K,T;F,"90,253",0.0,6EQE,90:T,253:F
R;Y,T;S,"90,63",0.0,6EQE,90:T,63:S
R;Q,T;M,"90,127",0.0,6EQE,90:T,127:M
R;Q,T;L,"90,182",0.0,6EQE,90:T,182:L
R;K,T;A,"90,253",0.0,6EQE,90:T,253:A
R;K,T;V,"90,253",0.0,6EQE,90:T,253:V
R;Q,T;F,"90,182",0.0,6EQE,90:T,182:F
R;Q,T;A,"90,127",0.0,6EQE,90:T,127:A
R;Y,T;T,"90,63",0.0,6EQE,90:T,63:T
R;Q,T;V,"90,182",0.0,6EQE,90:T,182:V
R;K,T;L,"90,253",0.0,6EQE,90:T,253:L
R;C,T;S,"90,289",0.0,6EQE,90:T,289:S
R;Y,T;G,"90,63",0.0,6EQE,90:T,63:G
R;M,T;V,"90,154",0.0,6EQE,90:T,154:V
R;Q,T;T,"90,127",0.0,6EQE,90:T,127:T
R;A,T;D,"90,226",0.0,6EQE,90:T,226:D
R;C,T;A,"90,289",0.0,6EQE,90:T,289:A
R;R,T;Q,"90,224",0.0,6EQE,90:T,224:Q
R;N,T;K,"90,233",0.0,6EQE,90:T,233:K
R;S,T;E,"90,136",0.0,6EQE,90:T,136:E
R;D,T;N,"90,186",0.0,6EQE,90:T,186:N
R;R,T;A,"90,280",0.0,6EQE,90:T,280:A
R;S,T;F,"90,238",0.0,6EQE,90:T,238:F
R;S,T;Q,"90,188",0.0,6EQE,90:T,188:Q
R;S,T;H,"90,214",0.0,6EQE,90:T,214:H
R;L,T;F,"90,117",0.0,6EQE,90:T,117:F
R;Q,T;Y,"90,119",0.0,6EQE,90:T,119:Y
R;G,T;A,"90,165",0.0,6EQE,90:T,165:A
R;S,T;E,"90,121",0.0,6EQE,90:T,121:E
R;I,T;R,"90,168",0.0,6EQE,90:T,168:R
R;N,T;H,"90,205",0.0,6EQE,90:T,205:H
R;S,T;Y,"90,269",0.0,6EQE,90:T,269:Y
R;S,T;T,"90,214",0.0,6EQE,90:T,214:T
R;I,T;R,"90,218",0.0,6EQE,90:T,218:R
R;P,T;K,"90,120",0.0,6EQE,90:T,120:K
R;M,T;H,"90,161",0.0,6EQE,90:T,161:H
R;I,T;H,"90,168",0.0,6EQE,90:T,168:H
R;N,T;K,"90,114",0.0,6EQE,90:T,114:K
R;P,T;V,"90,184",0.0,6EQE,90:T,184:V
R;W,T;P,"90,185",0.0,6EQE,90:T,185:P
R;S,T;H,"90,187",0.0,6EQE,90:T,187:H
R;S,T;P,"90,188",0.0,6EQE,90:T,188:P
R;T,T;Y,"90,189",0.0,6EQE,90:T,189:Y
R;F,T;M,"90,191",0.0,6EQE,90:T,191:M
G;R,T;P,"254,90",0.0,6EQE,254:T,90:P
G;N,T;Y,"254,37",0.0,6EQE,254:T,37:Y
G;Q,T;I,"254,182",0.0,6EQE,254:T,182:I
G;R,T;A,"254,90",0.0,6EQE,254:T,90:A
G;K,T;F,"254,253",0.0,6EQE,254:T,253:F
G;Y,T;S,"254,63",0.0,6EQE,254:T,63:S
G;Q,T;M,"254,127",0.0,6EQE,254:T,127:M
G;Q,T;L,"254,182",0.0,6EQE,254:T,182:L
G;K,T;A,"254,253",0.0,6EQE,254:T,253:A
G;K,T;V,"254,253",0.0,6EQE,254:T,253:V
G;Q,T;F,"254,182",0.0,6EQE,254:T,182:F
G;R,T;D,"254,90",0.0,6EQE,254:T,90:D
G;Q,T;A,"254,127",0.0,6EQE,254:T,127:A
G;Y,T;T,"254,63",0.0,6EQE,254:T,63:T
G;Q,T;V,"254,182",0.0,6EQE,254:T,182:V
G;K,T;L,"254,253",0.0,6EQE,254:T,253:L
G;C,T;S,"254,289",0.0,6EQE,254:T,289:S
G;Y,T;G,"254,63",0.0,6EQE,254:T,63:G
G;M,T;V,"254,154",0.0,6EQE,254:T,154:V
G;Q,T;T,"254,127",0.0,6EQE,254:T,127:T
G;A,T;D,"254,226",0.0,6EQE,254:T,226:D
G;C,T;A,"254,289",0.0,6EQE,254:T,289:A
G;R,T;Q,"254,224",0.0,6EQE,254:T,224:Q
G;N,T;K,"254,233",0.0,6EQE,254:T,233:K
G;S,T;E,"254,136",0.0,6EQE,254:T,136:E
G;D,T;N,"254,186",0.0,6EQE,254:T,186:N
G;R,T;A,"254,280",0.0,6EQE,254:T,280:A
G;S,T;F,"254,238",0.0,6EQE,254:T,238:F
G;S,T;Q,"254,188",0.0,6EQE,254:T,188:Q
G;S,T;H,"254,214",0.0,6EQE,254:T,214:H
G;L,T;F,"254,117",0.0,6EQE,254:T,117:F
G;Q,T;Y,"254,119",0.0,6EQE,254:T,119:Y
G;G,T;A,"254,165",0.0,6EQE,254:T,165:A
G;S,T;E,"254,121",0.0,6EQE,254:T,121:E
G;I,T;R,"254,168",0.0,6EQE,254:T,168:R
G;N,T;H,"254,205",0.0,6EQE,254:T,205:H
G;S,T;Y,"254,269",0.0,6EQE,254:T,269:Y
G;S,T;T,"254,214",0.0,6EQE,254:T,214:T
G;I,T;R,"254,218",0.0,6EQE,254:T,218:R
G;P,T;K,"254,120",0.0,6EQE,254:T,120:K
G;M,T;H,"254,161",0.0,6EQE,254:T,161:H
G;I,T;H,"254,168",0.0,6EQE,254:T,168:H
G;N,T;K,"254,114",0.0,6EQE,254:T,114:K
G;P,T;V,"254,184",0.0,6EQE,254:T,184:V
G;W,T;P,"254,185",0.0,6EQE,254:T,185:P
G;S,T;H,"254,187",0.0,6EQE,254:T,187:H
G;S,T;P,"254,188",0.0,6EQE,254:T,188:P
G;T,T;Y,"254,189",0.0,6EQE,254:T,189:Y
G;F,T;M,"254,191",0.0,6EQE,254:T,191:M
R;N,P;Y,"90,37",0.0,6EQE,90:P,37:Y
R;Q,P;I,"90,182",0.0,6EQE,90:P,182:I
R;K,P;F,"90,253",0.0,6EQE,90:P,253:F
R;Y,P;S,"90,63",0.0,6EQE,90:P,63:S
R;Q,P;M,"90,127",0.0,6EQE,90:P,127:M
R;Q,P;L,"90,182",0.0,6EQE,90:P,182:L
R;K,P;A,"90,253",0.0,6EQE,90:P,253:A
R;K,P;V,"90,253",0.0,6EQE,90:P,253:V
R;Q,P;F,"90,182",0.0,6EQE,90:P,182:F
R;Q,P;A,"90,127",0.0,6EQE,90:P,127:A
R;Y,P;T,"90,63",0.0,6EQE,90:P,63:T
R;Q,P;V,"90,182",0.0,6EQE,90:P,182:V
R;K,P;L,"90,253",0.0,6EQE,90:P,253:L
R;C,P;S,"90,289",0.0,6EQE,90:P,289:S
R;Y,P;G,"90,63",0.0,6EQE,90:P,63:G
R;M,P;V,"90,154",0.0,6EQE,90:P,154:V
R;Q,P;T,"90,127",0.0,6EQE,90:P,127:T
R;A,P;D,"90,226",0.0,6EQE,90:P,226:D
R;C,P;A,"90,289",0.0,6EQE,90:P,289:A
R;R,P;Q,"90,224",0.0,6EQE,90:P,224:Q
R;N,P;K,"90,233",0.0,6EQE,90:P,233:K
R;S,P;E,"90,136",0.0,6EQE,90:P,136:E
R;D,P;N,"90,186",0.0,6EQE,90:P,186:N
R;R,P;A,"90,280",0.0,6EQE,90:P,280:A
R;S,P;F,"90,238",0.0,6EQE,90:P,238:F
R;S,P;Q,"90,188",0.0,6EQE,90:P,188:Q
R;S,P;H,"90,214",0.0,6EQE,90:P,214:H
R;L,P;F,"90,117",0.0,6EQE,90:P,117:F
R;Q,P;Y,"90,119",0.0,6EQE,90:P,119:Y
R;G,P;A,"90,165",0.0,6EQE,90:P,165:A
R;S,P;E,"90,121",0.0,6EQE,90:P,121:E
R;I,P;R,"90,168",0.0,6EQE,90:P,168:R
R;N,P;H,"90,205",0.0,6EQE,90:P,205:H
R;S,P;Y,"90,269",0.0,6EQE,90:P,269:Y
R;S,P;T,"90,214",0.0,6EQE,90:P,214:T
R;I,P;R,"90,218",0.0,6EQE,90:P,218:R
R;P,P;K,"90,120",0.0,6EQE,90:P,120:K
R;M,P;H,"90,161",0.0,6EQE,90:P,161:H
R;I,P;H,"90,168",0.0,6EQE,90:P,168:H
R;N,P;K,"90,114",0.0,6EQE,90:P,114:K
R;P,P;V,"90,184",0.0,6EQE,90:P,184:V
R;W,P;P,"90,185",0.0,6EQE,90:P,185:P
R;S,P;H,"90,187",0.0,6EQE,90:P,187:H
R;S,P;P,"90,188",0.0,6EQE,90:P,188:P
R;T,P;Y,"90,189",0.0,6EQE,90:P,189:Y
R;F,P;M,"90,191",0.0,6EQE,90:P,191:M
N;Q,Y;I,"37,182",0.0,6EQE,37:Y,182:I
N;R,Y;A,"37,90",0.0,6EQE,37:Y,90:A
N;K,Y;F,"37,253",0.0,6EQE,37:Y,253:F
N;Y,Y;S,"37,63",0.0,6EQE,37:Y,63:S
N;Q,Y;M,"37,127",0.0,6EQE,37:Y,127:M
N;Q,Y;L,"37,182",0.0,6EQE,37:Y,182:L
N;K,Y;A,"37,253",0.0,6EQE,37:Y,253:A
N;K,Y;V,"37,253",0.0,6EQE,37:Y,253:V
N;Q,Y;F,"37,182",0.0,6EQE,37:Y,182:F
N;R,Y;D,"37,90",0.0,6EQE,37:Y,90:D
N;Q,Y;A,"37,127",0.0,6EQE,37:Y,127:A
N;Y,Y;T,"37,63",0.0,6EQE,37:Y,63:T
N;Q,Y;V,"37,182",0.0,6EQE,37:Y,182:V
N;K,Y;L,"37,253",0.0,6EQE,37:Y,253:L
N;C,Y;S,"37,289",0.0,6EQE,37:Y,289:S
N;Y,Y;G,"37,63",0.0,6EQE,37:Y,63:G
N;M,Y;V,"37,154",0.0,6EQE,37:Y,154:V
N;Q,Y;T,"37,127",0.0,6EQE,37:Y,127:T
N;A,Y;D,"37,226",0.0,6EQE,37:Y,226:D
N;C,Y;A,"37,289",0.0,6EQE,37:Y,289:A
N;R,Y;Q,"37,224",0.0,6EQE,37:Y,224:Q
N;N,Y;K,"37,233",0.0,6EQE,37:Y,233:K
N;S,Y;E,"37,136",0.0,6EQE,37:Y,136:E
N;D,Y;N,"37,186",0.0,6EQE,37:Y,186:N
N;R,Y;A,"37,280",0.0,6EQE,37:Y,280:A
N;S,Y;F,"37,238",0.0,6EQE,37:Y,238:F
N;S,Y;Q,"37,188",0.0,6EQE,37:Y,188:Q
N;S,Y;H,"37,214",0.0,6EQE,37:Y,214:H
N;L,Y;F,"37,117",0.0,6EQE,37:Y,117:F
N;Q,Y;Y,"37,119",0.0,6EQE,37:Y,119:Y
N;G,Y;A,"37,165",0.0,6EQE,37:Y,165:A
N;S,Y;E,"37,121",0.0,6EQE,37:Y,121:E
N;I,Y;R,"37,168",0.0,6EQE,37:Y,168:R
N;N,Y;H,"37,205",0.0,6EQE,37:Y,205:H
N;S,Y;Y,"37,269",0.0,6EQE,37:Y,269:Y
N;S,Y;T,"37,214",0.0,6EQE,37:Y,214:T
N;I,Y;R,"37,218",0.0,6EQE,37:Y,218:R
N;P,Y;K,"37,120",0.0,6EQE,37:Y,120:K
N;M,Y;H,"37,161",0.0,6EQE,37:Y,161:H
N;I,Y;H,"37,168",0.0,6EQE,37:Y,168:H
N;N,Y;K,"37,114",0.0,6EQE,37:Y,114:K
N;P,Y;V,"37,184",0.0,6EQE,37:Y,184:V
N;W,Y;P,"37,185",0.0,6EQE,37:Y,185:P
N;S,Y;H,"37,187",0.0,6EQE,37:Y,187:H
N;S,Y;P,"37,188",0.0,6EQE,37:Y,188:P
N;T,Y;Y,"37,189",0.0,6EQE,37:Y,189:Y
N;F,Y;M,"37,191",0.0,6EQE,37:Y,191:M
Q;R,I;A,"182,90",0.0,6EQE,182:I,90:A
Q;K,I;F,"182,253",0.0,6EQE,182:I,253:F
Q;Y,I;S,"182,63",0.0,6EQE,182:I,63:S
Q;Q,I;M,"182,127",0.0,6EQE,182:I,127:M
Q;K,I;A,"182,253",0.0,6EQE,182:I,253:A
Q;K,I;V,"182,253",0.0,6EQE,182:I,253:V
Q;R,I;D,"182,90",0.0,6EQE,182:I,90:D
Q;Q,I;A,"182,127",0.0,6EQE,182:I,127:A
Q;Y,I;T,"182,63",0.0,6EQE,182:I,63:T
Q;K,I;L,"182,253",0.0,6EQE,182:I,253:L
Q;C,I;S,"182,289",0.0,6EQE,182:I,289:S
Q;Y,I;G,"182,63",0.0,6EQE,182:I,63:G
Q;M,I;V,"182,154",0.0,6EQE,182:I,154:V
Q;Q,I;T,"182,127",0.0,6EQE,182:I,127:T
Q;A,I;D,"182,226",0.0,6EQE,182:I,226:D
Q;C,I;A,"182,289",0.0,6EQE,182:I,289:A
Q;R,I;Q,"182,224",0.0,6EQE,182:I,224:Q
Q;N,I;K,"182,233",0.0,6EQE,182:I,233:K
Q;S,I;E,"182,136",0.0,6EQE,182:I,136:E
Q;D,I;N,"182,186",0.0,6EQE,182:I,186:N
Q;R,I;A,"182,280",0.0,6EQE,182:I,280:A
Q;S,I;F,"182,238",0.0,6EQE,182:I,238:F
Q;S,I;Q,"182,188",0.0,6EQE,182:I,188:Q
Q;S,I;H,"182,214",0.0,6EQE,182:I,214:H
Q;L,I;F,"182,117",0.0,6EQE,182:I,117:F
Q;Q,I;Y,"182,119",0.0,6EQE,182:I,119:Y
Q;G,I;A,"182,165",0.0,6EQE,182:I,165:A
Q;S,I;E,"182,121",0.0,6EQE,182:I,121:E
Q;I,I;R,"182,168",0.0,6EQE,182:I,168:R
Q;N,I;H,"182,205",0.0,6EQE,182:I,205:H
Q;S,I;Y,"182,269",0.0,6EQE,182:I,269:Y
Q;S,I;T,"182,214",0.0,6EQE,182:I,214:T
Q;I,I;R,"182,218",0.0,6EQE,182:I,218:R
Q;P,I;K,"182,120",0.0,6EQE,182:I,120:K
Q;M,I;H,"182,161",0.0,6EQE,182:I,161:H
Q;I,I;H,"182,168",0.0,6EQE,182:I,168:H
Q;N,I;K,"182,114",0.0,6EQE,182:I,114:K
Q;P,I;V,"182,184",0.0,6EQE,182:I,184:V
Q;W,I;P,"182,185",0.0,6EQE,182:I,185:P
Q;S,I;H,"182,187",0.0,6EQE,182:I,187:H
Q;S,I;P,"182,188",0.0,6EQE,182:I,188:P
Q;T,I;Y,"182,189",0.0,6EQE,182:I,189:Y
Q;F,I;M,"182,191",0.0,6EQE,182:I,191:M
R;K,A;F,"90,253",0.0,6EQE,90:A,253:F
R;Y,A;S,"90,63",0.0,6EQE,90:A,63:S
R;Q,A;M,"90,127",0.0,6EQE,90:A,127:M
R;Q,A;L,"90,182",0.0,6EQE,90:A,182:L
R;K,A;A,"90,253",0.0,6EQE,90:A,253:A
R;K,A;V,"90,253",0.0,6EQE,90:A,253:V
R;Q,A;F,"90,182",0.0,6EQE,90:A,182:F
R;Q,A;A,"90,127",0.0,6EQE,90:A,127:A
R;Y,A;T,"90,63",0.0,6EQE,90:A,63:T
R;Q,A;V,"90,182",0.0,6EQE,90:A,182:V
R;K,A;L,"90,253",0.0,6EQE,90:A,253:L
R;C,A;S,"90,289",0.0,6EQE,90:A,289:S
R;Y,A;G,"90,63",0.0,6EQE,90:A,63:G
R;M,A;V,"90,154",0.0,6EQE,90:A,154:V
R;Q,A;T,"90,127",0.0,6EQE,90:A,127:T
R;A,A;D,"90,226",0.0,6EQE,90:A,226:D
R;C,A;A,"90,289",0.0,6EQE,90:A,289:A
R;R,A;Q,"90,224",0.0,6EQE,90:A,224:Q
R;N,A;K,"90,233",0.0,6EQE,90:A,233:K
R;S,A;E,"90,136",0.0,6EQE,90:A,136:E
R;D,A;N,"90,186",0.0,6EQE,90:A,186:N
R;R,A;A,"90,280",0.0,6EQE,90:A,280:A
R;S,A;F,"90,238",0.0,6EQE,90:A,238:F
R;S,A;Q,"90,188",0.0,6EQE,90:A,188:Q
R;S,A;H,"90,214",0.0,6EQE,90:A,214:H
R;L,A;F,"90,117",0.0,6EQE,90:A,117:F
R;Q,A;Y,"90,119",0.0,6EQE,90:A,119:Y
R;G,A;A,"90,165",0.0,6EQE,90:A,165:A
R;S,A;E,"90,121",0.0,6EQE,90:A,121:E
R;I,A;R,"90,168",0.0,6EQE,90:A,168:R
R;N,A;H,"90,205",0.0,6EQE,90:A,205:H
R;S,A;Y,"90,269",0.0,6EQE,90:A,269:Y
R;S,A;T,"90,214",0.0,6EQE,90:A,214:T
R;I,A;R,"90,218",0.0,6EQE,90:A,218:R
R;P,A;K,"90,120",0.0,6EQE,90:A,120:K
R;M,A;H,"90,161",0.0,6EQE,90:A,161:H
R;I,A;H,"90,168",0.0,6EQE,90:A,168:H
R;N,A;K,"90,114",0.0,6EQE,90:A,114:K
R;P,A;V,"90,184",0.0,6EQE,90:A,184:V
R;W,A;P,"90,185",0.0,6EQE,90:A,185:P
R;S,A;H,"90,187",0.0,6EQE,90:A,187:H
R;S,A;P,"90,188",0.0,6EQE,90:A,188:P
R;T,A;Y,"90,189",0.0,6EQE,90:A,189:Y
R;F,A;M,"90,191",0.0,6EQE,90:A,191:M
K;Y,F;S,"253,63",0.0,6EQE,253:F,63:S
K;Q,F;M,"253,127",0.0,6EQE,253:F,127:M
K;Q,F;L,"253,182",0.0,6EQE,253:F,182:L
K;Q,F;F,"253,182",0.0,6EQE,253:F,182:F
K;R,F;D,"253,90",0.0,6EQE,253:F,90:D
K;Q,F;A,"253,127",0.0,6EQE,253:F,127:A
K;Y,F;T,"253,63",0.0,6EQE,253:F,63:T
K;Q,F;V,"253,182",0.0,6EQE,253:F,182:V
K;C,F;S,"253,289",0.0,6EQE,253:F,289:S
K;Y,F;G,"253,63",0.0,6EQE,253:F,63:G
K;M,F;V,"253,154",0.0,6EQE,253:F,154:V
K;Q,F;T,"253,127",0.0,6EQE,253:F,127:T
K;A,F;D,"253,226",0.0,6EQE,253:F,226:D
K;C,F;A,"253,289",0.0,6EQE,253:F,289:A
K;R,F;Q,"253,224",0.0,6EQE,253:F,224:Q
K;N,F;K,"253,233",0.0,6EQE,253:F,233:K
K;S,F;E,"253,136",0.0,6EQE,253:F,136:E
K;D,F;N,"253,186",0.0,6EQE,253:F,186:N
K;R,F;A,"253,280",0.0,6EQE,253:F,280:A
K;S,F;F,"253,238",0.0,6EQE,253:F,238:F
K;S,F;Q,"253,188",0.0,6EQE,253:F,188:Q
K;S,F;H,"253,214",0.0,6EQE,253:F,214:H
K;L,F;F,"253,117",0.0,6EQE,253:F,117:F
K;Q,F;Y,"253,119",0.0,6EQE,253:F,119:Y
K;G,F;A,"253,165",0.0,6EQE,253:F,165:A
K;S,F;E,"253,121",0.0,6EQE,253:F,121:E
K;I,F;R,"253,168",0.0,6EQE,253:F,168:R
K;N,F;H,"253,205",0.0,6EQE,253:F,205:H
K;S,F;Y,"253,269",0.0,6EQE,253:F,269:Y
K;S,F;T,"253,214",0.0,6EQE,253:F,214:T
K;I,F;R,"253,218",0.0,6EQE,253:F,218:R
K;P,F;K,"253,120",0.0,6EQE,253:F,120:K
K;M,F;H,"253,161",0.0,6EQE,253:F,161:H
K;I,F;H,"253,168",0.0,6EQE,253:F,168:H
K;N,F;K,"253,114",0.0,6EQE,253:F,114:K
K;P,F;V,"253,184",0.0,6EQE,253:F,184:V
K;W,F;P,"253,185",0.0,6EQE,253:F,185:P
K;S,F;H,"253,187",0.0,6EQE,253:F,187:H
K;S,F;P,"253,188",0.0,6EQE,253:F,188:P
K;T,F;Y,"253,189",0.0,6EQE,253:F,189:Y
K;F,F;M,"253,191",0.0,6EQE,253:F,191:M
Y;Q,S;M,"63,127",0.0,6EQE,63:S,127:M
Y;Q,S;L,"63,182",0.0,6EQE,63:S,182:L
Y;K,S;A,"63,253",0.0,6EQE,63:S,253:A
Y;K,S;V,"63,253",0.0,6EQE,63:S,253:V
Y;Q,S;F,"63,182",0.0,6EQE,63:S,182:F
Y;R,S;D,"63,90",0.0,6EQE,63:S,90:D
Y;Q,S;A,"63,127",0.0,6EQE,63:S,127:A
Y;Q,S;V,"63,182",0.0,6EQE,63:S,182:V
Y;K,S;L,"63,253",0.0,6EQE,63:S,253:L
Y;C,S;S,"63,289",0.0,6EQE,63:S,289:S
Y;M,S;V,"63,154",0.0,6EQE,63:S,154:V
Y;Q,S;T,"63,127",0.0,6EQE,63:S,127:T
Y;A,S;D,"63,226",0.0,6EQE,63:S,226:D
Y;C,S;A,"63,289",0.0,6EQE,63:S,289:A
Y;R,S;Q,"63,224",0.0,6EQE,63:S,224:Q
Y;N,S;K,"63,233",0.0,6EQE,63:S,233:K
Y;S,S;E,"63,136",0.0,6EQE,63:S,136:E
Y;D,S;N,"63,186",0.0,6EQE,63:S,186:N
Y;R,S;A,"63,280",0.0,6EQE,63:S,280:A
Y;S,S;F,"63,238",0.0,6EQE,63:S,238:F
Y;S,S;Q,"63,188",0.0,6EQE,63:S,188:Q
Y;S,S;H,"63,214",0.0,6EQE,63:S,214:H
Y;L,S;F,"63,117",0.0,6EQE,63:S,117:F
Y;Q,S;Y,"63,119",0.0,6EQE,63:S,119:Y
Y;G,S;A,"63,165",0.0,6EQE,63:S,165:A
Y;S,S;E,"63,121",0.0,6EQE,63:S,121:E
Y;I,S;R,"63,168",0.0,6EQE,63:S,168:R
Y;N,S;H,"63,205",0.0,6EQE,63:S,205:H
Y;S,S;Y,"63,269",0.0,6EQE,63:S,269:Y
Y;S,S;T,"63,214",0.0,6EQE,63:S,214:T
Y;I,S;R,"63,218",0.0,6EQE,63:S,218:R
Y;P,S;K,"63,120",0.0,6EQE,63:S,120:K
Y;M,S;H,"63,161",0.0,6EQE,63:S,161:H
Y;I,S;H,"63,168",0.0,6EQE,63:S,168:H
Y;N,S;K,"63,114",0.0,6EQE,63:S,114:K
Y;P,S;V,"63,184",0.0,6EQE,63:S,184:V
Y;W,S;P,"63,185",0.0,6EQE,63:S,185:P
Y;S,S;H,"63,187",0.0,6EQE,63:S,187:H
Y;S,S;P,"63,188",0.0,6EQE,63:S,188:P
Y;T,S;Y,"63,189",0.0,6EQE,63:S,189:Y
Y;F,S;M,"63,191",0.0,6EQE,63:S,191:M
Q;Q,M;L,"127,182",0.0,6EQE,127:M,182:L
Q;K,M;A,"127,253",0.0,6EQE,127:M,253:A
Q;K,M;V,"127,253",0.0,6EQE,127:M,253:V
Q;Q,M;F,"127,182",0.0,6EQE,127:M,182:F
Q;R,M;D,"127,90",0.0,6EQE,127:M,90:D
Q;Y,M;T,"127,63",0.0,6EQE,127:M,63:T
Q;Q,M;V,"127,182",0.0,6EQE,127:M,182:V
Q;K,M;L,"127,253",0.0,6EQE,127:M,253:L
Q;C,M;S,"127,289",0.0,6EQE,127:M,289:S
Q;Y,M;G,"127,63",0.0,6EQE,127:M,63:G
Q;M,M;V,"127,154",0.0,6EQE,127:M,154:V
Q;A,M;D,"127,226",0.0,6EQE,127:M,226:D
Q;C,M;A,"127,289",0.0,6EQE,127:M,289:A
Q;R,M;Q,"127,224",0.0,6EQE,127:M,224:Q
Q;N,M;K,"127,233",0.0,6EQE,127:M,233:K
Q;S,M;E,"127,136",0.0,6EQE,127:M,136:E
Q;D,M;N,"127,186",0.0,6EQE,127:M,186:N
Q;R,M;A,"127,280",0.0,6EQE,127:M,280:A
Q;S,M;F,"127,238",0.0,6EQE,127:M,238:F
Q;S,M;Q,"127,188",0.0,6EQE,127:M,188:Q
Q;S,M;H,"127,214",0.0,6EQE,127:M,214:H
Q;L,M;F,"127,117",0.0,6EQE,127:M,117:F
Q;Q,M;Y,"127,119",0.0,6EQE,127:M,119:Y
Q;G,M;A,"127,165",0.0,6EQE,127:M,165:A
Q;S,M;E,"127,121",0.0,6EQE,127:M,121:E
Q;I,M;R,"127,168",0.0,6EQE,127:M,168:R
Q;N,M;H,"127,205",0.0,6EQE,127:M,205:H
Q;S,M;Y,"127,269",0.0,6EQE,127:M,269:Y
Q;S,M;T,"127,214",0.0,6EQE,127:M,214:T
Q;I,M;R,"127,218",0.0,6EQE,127:M,218:R
Q;P,M;K,"127,120",0.0,6EQE,127:M,120:K
Q;M,M;H,"127,161",0.0,6EQE,127:M,161:H
Q;I,M;H,"127,168",0.0,6EQE,127:M,168:H
Q;N,M;K,"127,114",0.0,6EQE,127:M,114:K
Q;P,M;V,"127,184",0.0,6EQE,127:M,184:V
Q;W,M;P,"127,185",0.0,6EQE,127:M,185:P
Q;S,M;H,"127,187",0.0,6EQE,127:M,187:H
Q;S,M;P,"127,188",0.0,6EQE,127:M,188:P
Q;T,M;Y,"127,189",0.0,6EQE,127:M,189:Y
Q;F,M;M,"127,191",0.0,6EQE,127:M,191:M
Q;K,L;A,"182,253",0.0,6EQE,182:L,253:A
Q;K,L;V,"182,253",0.0,6EQE,182:L,253:V
Q;R,L;D,"182,90",0.0,6EQE,182:L,90:D
Q;Q,L;A,"182,127",0.0,6EQE,182:L,127:A
Q;Y,L;T,"182,63",0.0,6EQE,182:L,63:T
Q;K,L;L,"182,253",0.0,6EQE,182:L,253:L
Q;C,L;S,"182,289",0.0,6EQE,182:L,289:S
Q;Y,L;G,"182,63",0.0,6EQE,182:L,63:G
Q;M,L;V,"182,154",0.0,6EQE,182:L,154:V
Q;Q,L;T,"182,127",0.0,6EQE,182:L,127:T
Q;A,L;D,"182,226",0.0,6EQE,182:L,226:D
Q;C,L;A,"182,289",0.0,6EQE,182:L,289:A
Q;R,L;Q,"182,224",0.0,6EQE,182:L,224:Q
Q;N,L;K,"182,233",0.0,6EQE,182:L,233:K
Q;S,L;E,"182,136",0.0,6EQE,182:L,136:E
Q;D,L;N,"182,186",0.0,6EQE,182:L,186:N
Q;R,L;A,"182,280",0.0,6EQE,182:L,280:A
Q;S,L;F,"182,238",0.0,6EQE,182:L,238:F
Q;S,L;Q,"182,188",0.0,6EQE,182:L,188:Q
Q;S,L;H,"182,214",0.0,6EQE,182:L,214:H
Q;L,L;F,"182,117",0.0,6EQE,182:L,117:F
Q;Q,L;Y,"182,119",0.0,6EQE,182:L,119:Y
Q;G,L;A,"182,165",0.0,6EQE,182:L,165:A
Q;S,L;E,"182,121",0.0,6EQE,182:L,121:E
Q;I,L;R,"182,168",0.0,6EQE,182:L,168:R
Q;N,L;H,"182,205",0.0,6EQE,182:L,205:H
Q;S,L;Y,"182,269",0.0,6EQE,182:L,269:Y
Q;S,L;T,"182,214",0.0,6EQE,182:L,214:T
Q;I,L;R,"182,218",0.0,6EQE,182:L,218:R
Q;P,L;K,"182,120",0.0,6EQE,182:L,120:K
Q;M,L;H,"182,161",0.0,6EQE,182:L,161:H
Q;I,L;H,"182,168",0.0,6EQE,182:L,168:H
Q;N,L;K,"182,114",0.0,6EQE,182:L,114:K
Q;P,L;V,"182,184",0.0,6EQE,182:L,184:V
Q;W,L;P,"182,185",0.0,6EQE,182:L,185:P
Q;S,L;H,"182,187",0.0,6EQE,182:L,187:H
Q;S,L;P,"182,188",0.0,6EQE,182:L,188:P
Q;T,L;Y,"182,189",0.0,6EQE,182:L,189:Y
Q;F,L;M,"182,191",0.0,6EQE,182:L,191:M
K;Q,A;F,"253,182",0.0,6EQE,253:A,182:F
K;R,A;D,"253,90",0.0,6EQE,253:A,90:D
K;Q,A;A,"253,127",0.0,6EQE,253:A,127:A
K;Y,A;T,"253,63",0.0,6EQE,253:A,63:T
K;Q,A;V,"253,182",0.0,6EQE,253:A,182:V
K;C,A;S,"253,289",0.0,6EQE,253:A,289:S
K;Y,A;G,"253,63",0.0,6EQE,253:A,63:G
K;M,A;V,"253,154",0.0,6EQE,253:A,154:V
K;Q,A;T,"253,127",0.0,6EQE,253:A,127:T
K;A,A;D,"253,226",0.0,6EQE,253:A,226:D
K;C,A;A,"253,289",0.0,6EQE,253:A,289:A
K;R,A;Q,"253,224",0.0,6EQE,253:A,224:Q
K;N,A;K,"253,233",0.0,6EQE,253:A,233:K
K;S,A;E,"253,136",0.0,6EQE,253:A,136:E
K;D,A;N,"253,186",0.0,6EQE,253:A,186:N
K;R,A;A,"253,280",0.0,6EQE,253:A,280:A
K;S,A;F,"253,238",0.0,6EQE,253:A,238:F
K;S,A;Q,"253,188",0.0,6EQE,253:A,188:Q
K;S,A;H,"253,214",0.0,6EQE,253:A,214:H
K;L,A;F,"253,117",0.0,6EQE,253:A,117:F
K;Q,A;Y,"253,119",0.0,6EQE,253:A,119:Y
K;G,A;A,"253,165",0.0,6EQE,253:A,165:A
K;S,A;E,"253,121",0.0,6EQE,253:A,121:E
K;I,A;R,"253,168",0.0,6EQE,253:A,168:R
K;N,A;H,"253,205",0.0,6EQE,253:A,205:H
K;S,A;Y,"253,269",0.0,6EQE,253:A,269:Y
K;S,A;T,"253,214",0.0,6EQE,253:A,214:T
K;I,A;R,"253,218",0.0,6EQE,253:A,218:R
K;P,A;K,"253,120",0.0,6EQE,253:A,120:K
K;M,A;H,"253,161",0.0,6EQE,253:A,161:H
K;I,A;H,"253,168",0.0,6EQE,253:A,168:H
K;N,A;K,"253,114",0.0,6EQE,253:A,114:K
K;P,A;V,"253,184",0.0,6EQE,253:A,184:V
K;W,A;P,"253,185",0.0,6EQE,253:A,185:P
K;S,A;H,"253,187",0.0,6EQE,253:A,187:H
K;S,A;P,"253,188",0.0,6EQE,253:A,188:P
K;T,A;Y,"253,189",0.0,6EQE,253:A,189:Y
K;F,A;M,"253,191",0.0,6EQE,253:A,191:M
K;Q,V;F,"253,182",0.0,6EQE,253:V,182:F
K;R,V;D,"253,90",0.0,6EQE,253:V,90:D
K;Q,V;A,"253,127",0.0,6EQE,253:V,127:A
K;Y,V;T,"253,63",0.0,6EQE,253:V,63:T
K;Q,V;V,"253,182",0.0,6EQE,253:V,182:V
K;C,V;S,"253,289",0.0,6EQE,253:V,289:S
K;Y,V;G,"253,63",0.0,6EQE,253:V,63:G
K;M,V;V,"253,154",0.0,6EQE,253:V,154:V
K;Q,V;T,"253,127",0.0,6EQE,253:V,127:T
K;A,V;D,"253,226",0.0,6EQE,253:V,226:D
K;C,V;A,"253,289",0.0,6EQE,253:V,289:A
K;R,V;Q,"253,224",0.0,6EQE,253:V,224:Q
K;N,V;K,"253,233",0.0,6EQE,253:V,233:K
K;S,V;E,"253,136",0.0,6EQE,253:V,136:E
K;D,V;N,"253,186",0.0,6EQE,253:V,186:N
K;R,V;A,"253,280",0.0,6EQE,253:V,280:A
K;S,V;F,"253,238",0.0,6EQE,253:V,238:F
K;S,V;Q,"253,188",0.0,6EQE,253:V,188:Q
K;S,V;H,"253,214",0.0,6EQE,253:V,214:H
K;L,V;F,"253,117",0.0,6EQE,253:V,117:F
K;Q,V;Y,"253,119",0.0,6EQE,253:V,119:Y
K;G,V;A,"253,165",0.0,6EQE,253:V,165:A
K;S,V;E,"253,121",0.0,6EQE,253:V,121:E
K;I,V;R,"253,168",0.0,6EQE,253:V,168:R
K;N,V;H,"253,205",0.0,6EQE,253:V,205:H
K;S,V;Y,"253,269",0.0,6EQE,253:V,269:Y
K;S,V;T,"253,214",0.0,6EQE,253:V,214:T
K;I,V;R,"253,218",0.0,6EQE,253:V,218:R
K;P,V;K,"253,120",0.0,6EQE,253:V,120:K
K;M,V;H,"253,161",0.0,6EQE,253:V,161:H
K;I,V;H,"253,168",0.0,6EQE,253:V,168:H
K;N,V;K,"253,114",0.0,6EQE,253:V,114:K
K;P,V;V,"253,184",0.0,6EQE,253:V,184:V
K;W,V;P,"253,185",0.0,6EQE,253:V,185:P
K;S,V;H,"253,187",0.0,6EQE,253:V,187:H
K;S,V;P,"253,188",0.0,6EQE,253:V,188:P
K;T,V;Y,"253,189",0.0,6EQE,253:V,189:Y
K;F,V;M,"253,191",0.0,6EQE,253:V,191:M
Q;R,F;D,"182,90",0.0,6EQE,182:F,90:D
Q;Q,F;A,"182,127",0.0,6EQE,182:F,127:A
Q;Y,F;T,"182,63",0.0,6EQE,182:F,63:T
Q;K,F;L,"182,253",0.0,6EQE,182:F,253:L
Q;C,F;S,"182,289",0.0,6EQE,182:F,289:S
Q;Y,F;G,"182,63",0.0,6EQE,182:F,63:G
Q;M,F;V,"182,154",0.0,6EQE,182:F,154:V
Q;Q,F;T,"182,127",0.0,6EQE,182:F,127:T
Q;A,F;D,"182,226",0.0,6EQE,182:F,226:D
Q;C,F;A,"182,289",0.0,6EQE,182:F,289:A
Q;R,F;Q,"182,224",0.0,6EQE,182:F,224:Q
Q;N,F;K,"182,233",0.0,6EQE,182:F,233:K
Q;S,F;E,"182,136",0.0,6EQE,182:F,136:E
Q;D,F;N,"182,186",0.0,6EQE,182:F,186:N
Q;R,F;A,"182,280",0.0,6EQE,182:F,280:A
Q;S,F;F,"182,238",0.0,6EQE,182:F,238:F
Q;S,F;Q,"182,188",0.0,6EQE,182:F,188:Q
Q;S,F;H,"182,214",0.0,6EQE,182:F,214:H
Q;L,F;F,"182,117",0.0,6EQE,182:F,117:F
Q;Q,F;Y,"182,119",0.0,6EQE,182:F,119:Y
Q;G,F;A,"182,165",0.0,6EQE,182:F,165:A
Q;S,F;E,"182,121",0.0,6EQE,182:F,121:E
Q;I,F;R,"182,168",0.0,6EQE,182:F,168:R
Q;N,F;H,"182,205",0.0,6EQE,182:F,205:H
Q;S,F;Y,"182,269",0.0,6EQE,182:F,269:Y
Q;S,F;T,"182,214",0.0,6EQE,182:F,214:T
Q;I,F;R,"182,218",0.0,6EQE,182:F,218:R
Q;P,F;K,"182,120",0.0,6EQE,182:F,120:K
Q;M,F;H,"182,161",0.0,6EQE,182:F,161:H
Q;I,F;H,"182,168",0.0,6EQE,182:F,168:H
Q;N,F;K,"182,114",0.0,6EQE,182:F,114:K
Q;P,F;V,"182,184",0.0,6EQE,182:F,184:V
Q;W,F;P,"182,185",0.0,6EQE,182:F,185:P
Q;S,F;H,"182,187",0.0,6EQE,182:F,187:H
Q;S,F;P,"182,188",0.0,6EQE,182:F,188:P
Q;T,F;Y,"182,189",0.0,6EQE,182:F,189:Y
Q;F,F;M,"182,191",0.0,6EQE,182:F,191:M
R;Q,D;A,"90,127",0.0,6EQE,90:D,127:A
R;Y,D;T,"90,63",0.0,6EQE,90:D,63:T
R;Q,D;V,"90,182",0.0,6EQE,90:D,182:V
R;K,D;L,"90,253",0.0,6EQE,90:D,253:L
R;C,D;S,"90,289",0.0,6EQE,90:D,289:S
R;Y,D;G,"90,63",0.0,6EQE,90:D,63:G
R;M,D;V,"90,154",0.0,6EQE,90:D,154:V
R;Q,D;T,"90,127",0.0,6EQE,90:D,127:T
R;A,D;D,"90,226",0.0,6EQE,90:D,226:D
R;C,D;A,"90,289",0.0,6EQE,90:D,289:A
R;R,D;Q,"90,224",0.0,6EQE,90:D,224:Q
R;N,D;K,"90,233",0.0,6EQE,90:D,233:K
R;S,D;E,"90,136",0.0,6EQE,90:D,136:E
R;D,D;N,"90,186",0.0,6EQE,90:D,186:N
R;R,D;A,"90,280",0.0,6EQE,90:D,280:A
R;S,D;F,"90,238",0.0,6EQE,90:D,238:F
R;S,D;Q,"90,188",0.0,6EQE,90:D,188:Q
R;S,D;H,"90,214",0.0,6EQE,90:D,214:H
R;L,D;F,"90,117",0.0,6EQE,90:D,117:F
R;Q,D;Y,"90,119",0.0,6EQE,90:D,119:Y
R;G,D;A,"90,165",0.0,6EQE,90:D,165:A
R;S,D;E,"90,121",0.0,6EQE,90:D,121:E
R;I,D;R,"90,168",0.0,6EQE,90:D,168:R
R;N,D;H,"90,205",0.0,6EQE,90:D,205:H
R;S,D;Y,"90,269",0.0,6EQE,90:D,269:Y
R;S,D;T,"90,214",0.0,6EQE,90:D,214:T
R;I,D;R,"90,218",0.0,6EQE,90:D,218:R
R;P,D;K,"90,120",0.0,6EQE,90:D,120:K
R;M,D;H,"90,161",0.0,6EQE,90:D,161:H
R;I,D;H,"90,168",0.0,6EQE,90:D,168:H
R;N,D;K,"90,114",0.0,6EQE,90:D,114:K
R;P,D;V,"90,184",0.0,6EQE,90:D,184:V
R;W,D;P,"90,185",0.0,6EQE,90:D,185:P
R;S,D;H,"90,187",0.0,6EQE,90:D,187:H
R;S,D;P,"90,188",0.0,6EQE,90:D,188:P
R;T,D;Y,"90,189",0.0,6EQE,90:D,189:Y
R;F,D;M,"90,191",0.0,6EQE,90:D,191:M
Q;Y,A;T,"127,63",0.0,6EQE,127:A,63:T
Q;Q,A;V,"127,182",0.0,6EQE,127:A,182:V
Q;K,A;L,"127,253",0.0,6EQE,127:A,253:L
Q;C,A;S,"127,289",0.0,6EQE,127:A,289:S
Q;Y,A;G,"127,63",0.0,6EQE,127:A,63:G
Q;M,A;V,"127,154",0.0,6EQE,127:A,154:V
Q;A,A;D,"127,226",0.0,6EQE,127:A,226:D
Q;C,A;A,"127,289",0.0,6EQE,127:A,289:A
Q;R,A;Q,"127,224",0.0,6EQE,127:A,224:Q
Q;N,A;K,"127,233",0.0,6EQE,127:A,233:K
Q;S,A;E,"127,136",0.0,6EQE,127:A,136:E
Q;D,A;N,"127,186",0.0,6EQE,127:A,186:N
Q;R,A;A,"127,280",0.0,6EQE,127:A,280:A
Q;S,A;F,"127,238",0.0,6EQE,127:A,238:F
Q;S,A;Q,"127,188",0.0,6EQE,127:A,188:Q
Q;S,A;H,"127,214",0.0,6EQE,127:A,214:H
Q;L,A;F,"127,117",0.0,6EQE,127:A,117:F
Q;Q,A;Y,"127,119",0.0,6EQE,127:A,119:Y
Q;G,A;A,"127,165",0.0,6EQE,127:A,165:A
Q;S,A;E,"127,121",0.0,6EQE,127:A,121:E
Q;I,A;R,"127,168",0.0,6EQE,127:A,168:R
Q;N,A;H,"127,205",0.0,6EQE,127:A,205:H
Q;S,A;Y,"127,269",0.0,6EQE,127:A,269:Y
Q;S,A;T,"127,214",0.0,6EQE,127:A,214:T
Q;I,A;R,"127,218",0.0,6EQE,127:A,218:R
Q;P,A;K,"127,120",0.0,6EQE,127:A,120:K
Q;M,A;H,"127,161",0.0,6EQE,127:A,161:H
Q;I,A;H,"127,168",0.0,6EQE,127:A,168:H
Q;N,A;K,"127,114",0.0,6EQE,127:A,114:K
Q;P,A;V,"127,184",0.0,6EQE,127:A,184:V
Q;W,A;P,"127,185",0.0,6EQE,127:A,185:P
Q;S,A;H,"127,187",0.0,6EQE,127:A,187:H
Q;S,A;P,"127,188",0.0,6EQE,127:A,188:P
Q;T,A;Y,"127,189",0.0,6EQE,127:A,189:Y
Q;F,A;M,"127,191",0.0,6EQE,127:A,191:M
Y;Q,T;V,"63,182",0.0,6EQE,63:T,182:V
Y;K,T;L,"63,253",0.0,6EQE,63:T,253:L
Y;C,T;S,"63,289",0.0,6EQE,63:T,289:S
Y;M,T;V,"63,154",0.0,6EQE,63:T,154:V
Y;Q,T;T,"63,127",0.0,6EQE,63:T,127:T
Y;A,T;D,"63,226",0.0,6EQE,63:T,226:D
Y;C,T;A,"63,289",0.0,6EQE,63:T,289:A
Y;R,T;Q,"63,224",0.0,6EQE,63:T,224:Q
Y;N,T;K,"63,233",0.0,6EQE,63:T,233:K
Y;S,T;E,"63,136",0.0,6EQE,63:T,136:E
Y;D,T;N,"63,186",0.0,6EQE,63:T,186:N
Y;R,T;A,"63,280",0.0,6EQE,63:T,280:A
Y;S,T;F,"63,238",0.0,6EQE,63:T,238:F
Y;S,T;Q,"63,188",0.0,6EQE,63:T,188:Q
Y;S,T;H,"63,214",0.0,6EQE,63:T,214:H
Y;L,T;F,"63,117",0.0,6EQE,63:T,117:F
Y;Q,T;Y,"63,119",0.0,6EQE,63:T,119:Y
Y;G,T;A,"63,165",0.0,6EQE,63:T,165:A
Y;S,T;E,"63,121",0.0,6EQE,63:T,121:E
Y;I,T;R,"63,168",0.0,6EQE,63:T,168:R
Y;N,T;H,"63,205",0.0,6EQE,63:T,205:H
Y;S,T;Y,"63,269",0.0,6EQE,63:T,269:Y
Y;S,T;T,"63,214",0.0,6EQE,63:T,214:T
Y;I,T;R,"63,218",0.0,6EQE,63:T,218:R
Y;P,T;K,"63,120",0.0,6EQE,63:T,120:K
Y;M,T;H,"63,161",0.0,6EQE,63:T,161:H
Y;I,T;H,"63,168",0.0,6EQE,63:T,168:H
Y;N,T;K,"63,114",0.0,6EQE,63:T,114:K
Y;P,T;V,"63,184",0.0,6EQE,63:T,184:V
Y;W,T;P,"63,185",0.0,6EQE,63:T,185:P
Y;S,T;H,"63,187",0.0,6EQE,63:T,187:H
Y;S,T;P,"63,188",0.0,6EQE,63:T,188:P
Y;T,T;Y,"63,189",0.0,6EQE,63:T,189:Y
Y;F,T;M,"63,191",0.0,6EQE,63:T,191:M
Q;K,V;L,"182,253",0.0,6EQE,182:V,253:L
Q;C,V;S,"182,289",0.0,6EQE,182:V,289:S
Q;Y,V;G,"182,63",0.0,6EQE,182:V,63:G
Q;M,V;V,"182,154",0.0,6EQE,182:V,154:V
Q;Q,V;T,"182,127",0.0,6EQE,182:V,127:T
Q;A,V;D,"182,226",0.0,6EQE,182:V,226:D
Q;C,V;A,"182,289",0.0,6EQE,182:V,289:A
Q;R,V;Q,"182,224",0.0,6EQE,182:V,224:Q
Q;N,V;K,"182,233",0.0,6EQE,182:V,233:K
Q;S,V;E,"182,136",0.0,6EQE,182:V,136:E
Q;D,V;N,"182,186",0.0,6EQE,182:V,186:N
Q;R,V;A,"182,280",0.0,6EQE,182:V,280:A
Q;S,V;F,"182,238",0.0,6EQE,182:V,238:F
Q;S,V;Q,"182,188",0.0,6EQE,182:V,188:Q
Q;S,V;H,"182,214",0.0,6EQE,182:V,214:H
Q;L,V;F,"182,117",0.0,6EQE,182:V,117:F
Q;Q,V;Y,"182,119",0.0,6EQE,182:V,119:Y
Q;G,V;A,"182,165",0.0,6EQE,182:V,165:A
Q;S,V;E,"182,121",0.0,6EQE,182:V,121:E
Q;I,V;R,"182,168",0.0,6EQE,182:V,168:R
Q;N,V;H,"182,205",0.0,6EQE,182:V,205:H
Q;S,V;Y,"182,269",0.0,6EQE,182:V,269:Y
Q;S,V;T,"182,214",0.0,6EQE,182:V,214:T
Q;I,V;R,"182,218",0.0,6EQE,182:V,218:R
Q;P,V;K,"182,120",0.0,6EQE,182:V,120:K
Q;M,V;H,"182,161",0.0,6EQE,182:V,161:H
Q;I,V;H,"182,168",0.0,6EQE,182:V,168:H
Q;N,V;K,"182,114",0.0,6EQE,182:V,114:K
Q;P,V;V,"182,184",0.0,6EQE,182:V,184:V
Q;W,V;P,"182,185",0.0,6EQE,182:V,185:P
Q;S,V;H,"182,187",0.0,6EQE,182:V,187:H
Q;S,V;P,"182,188",0.0,6EQE,182:V,188:P
Q;T,V;Y,"182,189",0.0,6EQE,182:V,189:Y
Q;F,V;M,"182,191",0.0,6EQE,182:V,191:M
K;C,L;S,"253,289",0.0,6EQE,253:L,289:S
K;Y,L;G,"253,63",0.0,6EQE,253:L,63:G
K;M,L;V,"253,154",0.0,6EQE,253:L,154:V
K;Q,L;T,"253,127",0.0,6EQE,253:L,127:T
K;A,L;D,"253,226",0.0,6EQE,253:L,226:D
K;C,L;A,"253,289",0.0,6EQE,253:L,289:A
K;R,L;Q,"253,224",0.0,6EQE,253:L,224:Q
K;N,L;K,"253,233",0.0,6EQE,253:L,233:K
K;S,L;E,"253,136",0.0,6EQE,253:L,136:E
K;D,L;N,"253,186",0.0,6EQE,253:L,186:N
K;R,L;A,"253,280",0.0,6EQE,253:L,280:A
K;S,L;F,"253,238",0.0,6EQE,253:L,238:F
K;S,L;Q,"253,188",0.0,6EQE,253:L,188:Q
K;S,L;H,"253,214",0.0,6EQE,253:L,214:H
K;L,L;F,"253,117",0.0,6EQE,253:L,117:F
K;Q,L;Y,"253,119",0.0,6EQE,253:L,119:Y
K;G,L;A,"253,165",0.0,6EQE,253:L,165:A
K;S,L;E,"253,121",0.0,6EQE,253:L,121:E
K;I,L;R,"253,168",0.0,6EQE,253:L,168:R
K;N,L;H,"253,205",0.0,6EQE,253:L,205:H
K;S,L;Y,"253,269",0.0,6EQE,253:L,269:Y
K;S,L;T,"253,214",0.0,6EQE,253:L,214:T
K;I,L;R,"253,218",0.0,6EQE,253:L,218:R
K;P,L;K,"253,120",0.0,6EQE,253:L,120:K
K;M,L;H,"253,161",0.0,6EQE,253:L,161:H
K;I,L;H,"253,168",0.0,6EQE,253:L,168:H
K;N,L;K,"253,114",0.0,6EQE,253:L,114:K
K;P,L;V,"253,184",0.0,6EQE,253:L,184:V
K;W,L;P,"253,185",0.0,6EQE,253:L,185:P
K;S,L;H,"253,187",0.0,6EQE,253:L,187:H
K;S,L;P,"253,188",0.0,6EQE,253:L,188:P
K;T,L;Y,"253,189",0.0,6EQE,253:L,189:Y
K;F,L;M,"253,191",0.0,6EQE,253:L,191:M
C;Y,S;G,"289,63",0.0,6EQE,289:S,63:G
C;M,S;V,"289,154",0.0,6EQE,289:S,154:V
C;Q,S;T,"289,127",0.0,6EQE,289:S,127:T
C;A,S;D,"289,226",0.0,6EQE,289:S,226:D
C;R,S;Q,"289,224",0.0,6EQE,289:S,224:Q
C;N,S;K,"289,233",0.0,6EQE,289:S,233:K
C;S,S;E,"289,136",0.0,6EQE,289:S,136:E
C;D,S;N,"289,186",0.0,6EQE,289:S,186:N
C;R,S;A,"289,280",0.0,6EQE,289:S,280:A
C;S,S;F,"289,238",0.0,6EQE,289:S,238:F
C;S,S;Q,"289,188",0.0,6EQE,289:S,188:Q
C;S,S;H,"289,214",0.0,6EQE,289:S,214:H
C;L,S;F,"289,117",0.0,6EQE,289:S,117:F
C;Q,S;Y,"289,119",0.0,6EQE,289:S,119:Y
C;G,S;A,"289,165",0.0,6EQE,289:S,165:A
C;S,S;E,"289,121",0.0,6EQE,289:S,121:E
C;I,S;R,"289,168",0.0,6EQE,289:S,168:R
C;N,S;H,"289,205",0.0,6EQE,289:S,205:H
C;S,S;Y,"289,269",0.0,6EQE,289:S,269:Y
C;S,S;T,"289,214",0.0,6EQE,289:S,214:T
C;I,S;R,"289,218",0.0,6EQE,289:S,218:R
C;P,S;K,"289,120",0.0,6EQE,289:S,120:K
C;M,S;H,"289,161",0.0,6EQE,289:S,161:H
C;I,S;H,"289,168",0.0,6EQE,289:S,168:H
C;N,S;K,"289,114",0.0,6EQE,289:S,114:K
C;P,S;V,"289,184",0.0,6EQE,289:S,184:V
C;W,S;P,"289,185",0.0,6EQE,289:S,185:P
C;S,S;H,"289,187",0.0,6EQE,289:S,187:H
C;S,S;P,"289,188",0.0,6EQE,289:S,188:P
C;T,S;Y,"289,189",0.0,6EQE,289:S,189:Y
C;F,S;M,"289,191",0.0,6EQE,289:S,191:M
Y;M,G;V,"63,154",0.0,6EQE,63:G,154:V
Y;Q,G;T,"63,127",0.0,6EQE,63:G,127:T
Y;A,G;D,"63,226",0.0,6EQE,63:G,226:D
Y;C,G;A,"63,289",0.0,6EQE,63:G,289:A
Y;R,G;Q,"63,224",0.0,6EQE,63:G,224:Q
Y;N,G;K,"63,233",0.0,6EQE,63:G,233:K
Y;S,G;E,"63,136",0.0,6EQE,63:G,136:E
Y;D,G;N,"63,186",0.0,6EQE,63:G,186:N
Y;R,G;A,"63,280",0.0,6EQE,63:G,280:A
Y;S,G;F,"63,238",0.0,6EQE,63:G,238:F
Y;S,G;Q,"63,188",0.0,6EQE,63:G,188:Q
Y;S,G;H,"63,214",0.0,6EQE,63:G,214:H
Y;L,G;F,"63,117",0.0,6EQE,63:G,117:F
Y;Q,G;Y,"63,119",0.0,6EQE,63:G,119:Y
Y;G,G;A,"63,165",0.0,6EQE,63:G,165:A
Y;S,G;E,"63,121",0.0,6EQE,63:G,121:E
Y;I,G;R,"63,168",0.0,6EQE,63:G,168:R
Y;N,G;H,"63,205",0.0,6EQE,63:G,205:H
Y;S,G;Y,"63,269",0.0,6EQE,63:G,269:Y
Y;S,G;T,"63,214",0.0,6EQE,63:G,214:T
Y;I,G;R,"63,218",0.0,6EQE,63:G,218:R
Y;P,G;K,"63,120",0.0,6EQE,63:G,120:K
Y;M,G;H,"63,161",0.0,6EQE,63:G,161:H
Y;I,G;H,"63,168",0.0,6EQE,63:G,168:H
Y;N,G;K,"63,114",0.0,6EQE,63:G,114:K
Y;P,G;V,"63,184",0.0,6EQE,63:G,184:V
Y;W,G;P,"63,185",0.0,6EQE,63:G,185:P
Y;S,G;H,"63,187",0.0,6EQE,63:G,187:H
Y;S,G;P,"63,188",0.0,6EQE,63:G,188:P
Y;T,G;Y,"63,189",0.0,6EQE,63:G,189:Y
Y;F,G;M,"63,191",0.0,6EQE,63:G,191:M
M;Q,V;T,"154,127",0.0,6EQE,154:V,127:T
M;A,V;D,"154,226",0.0,6EQE,154:V,226:D
M;C,V;A,"154,289",0.0,6EQE,154:V,289:A
M;R,V;Q,"154,224",0.0,6EQE,154:V,224:Q
M;N,V;K,"154,233",0.0,6EQE,154:V,233:K
M;S,V;E,"154,136",0.0,6EQE,154:V,136:E
M;D,V;N,"154,186",0.0,6EQE,154:V,186:N
M;R,V;A,"154,280",0.0,6EQE,154:V,280:A
M;S,V;F,"154,238",0.0,6EQE,154:V,238:F
M;S,V;Q,"154,188",0.0,6EQE,154:V,188:Q
M;S,V;H,"154,214",0.0,6EQE,154:V,214:H
M;L,V;F,"154,117",0.0,6EQE,154:V,117:F
M;Q,V;Y,"154,119",0.0,6EQE,154:V,119:Y
M;G,V;A,"154,165",0.0,6EQE,154:V,165:A
M;S,V;E,"154,121",0.0,6EQE,154:V,121:E
M;I,V;R,"154,168",0.0,6EQE,154:V,168:R
M;N,V;H,"154,205",0.0,6EQE,154:V,205:H
M;S,V;Y,"154,269",0.0,6EQE,154:V,269:Y
M;S,V;T,"154,214",0.0,6EQE,154:V,214:T
M;I,V;R,"154,218",0.0,6EQE,154:V,218:R
M;P,V;K,"154,120",0.0,6EQE,154:V,120:K
M;M,V;H,"154,161",0.0,6EQE,154:V,161:H
M;I,V;H,"154,168",0.0,6EQE,154:V,168:H
M;N,V;K,"154,114",0.0,6EQE,154:V,114:K
M;P,V;V,"154,184",0.0,6EQE,154:V,184:V
M;W,V;P,"154,185",0.0,6EQE,154:V,185:P
M;S,V;H,"154,187",0.0,6EQE,154:V,187:H
M;S,V;P,"154,188",0.0,6EQE,154:V,188:P
M;T,V;Y,"154,189",0.0,6EQE,154:V,189:Y
M;F,V;M,"154,191",0.0,6EQE,154:V,191:M
Q;A,T;D,"127,226",0.0,6EQE,127:T,226:D
Q;C,T;A,"127,289",0.0,6EQE,127:T,289:A
Q;R,T;Q,"127,224",0.0,6EQE,127:T,224:Q
Q;N,T;K,"127,233",0.0,6EQE,127:T,233:K
Q;S,T;E,"127,136",0.0,6EQE,127:T,136:E
Q;D,T;N,"127,186",0.0,6EQE,127:T,186:N
Q;R,T;A,"127,280",0.0,6EQE,127:T,280:A
Q;S,T;F,"127,238",0.0,6EQE,127:T,238:F
Q;S,T;Q,"127,188",0.0,6EQE,127:T,188:Q
Q;S,T;H,"127,214",0.0,6EQE,127:T,214:H
Q;L,T;F,"127,117",0.0,6EQE,127:T,117:F
Q;Q,T;Y,"127,119",0.0,6EQE,127:T,119:Y
Q;G,T;A,"127,165",0.0,6EQE,127:T,165:A
Q;S,T;E,"127,121",0.0,6EQE,127:T,121:E
Q;I,T;R,"127,168",0.0,6EQE,127:T,168:R
Q;N,T;H,"127,205",0.0,6EQE,127:T,205:H
Q;S,T;Y,"127,269",0.0,6EQE,127:T,269:Y
Q;S,T;T,"127,214",0.0,6EQE,127:T,214:T
Q;I,T;R,"127,218",0.0,6EQE,127:T,218:R
Q;P,T;K,"127,120",0.0,6EQE,127:T,120:K
Q;M,T;H,"127,161",0.0,6EQE,127:T,161:H
Q;I,T;H,"127,168",0.0,6EQE,127:T,168:H
Q;N,T;K,"127,114",0.0,6EQE,127:T,114:K
Q;P,T;V,"127,184",0.0,6EQE,127:T,184:V
Q;W,T;P,"127,185",0.0,6EQE,127:T,185:P
Q;S,T;H,"127,187",0.0,6EQE,127:T,187:H
Q;S,T;P,"127,188",0.0,6EQE,127:T,188:P
Q;T,T;Y,"127,189",0.0,6EQE,127:T,189:Y
Q;F,T;M,"127,191",0.0,6EQE,127:T,191:M
A;C,D;A,"226,289",0.0,6EQE,226:D,289:A
A;R,D;Q,"226,224",0.0,6EQE,226:D,224:Q
A;N,D;K,"226,233",0.0,6EQE,226:D,233:K
A;S,D;E,"226,136",0.0,6EQE,226:D,136:E
A;D,D;N,"226,186",0.0,6EQE,226:D,186:N
A;R,D;A,"226,280",0.0,6EQE,226:D,280:A
A;S,D;F,"226,238",0.0,6EQE,226:D,238:F
A;S,D;Q,"226,188",0.0,6EQE,226:D,188:Q
A;S,D;H,"226,214",0.0,6EQE,226:D,214:H
A;L,D;F,"226,117",0.0,6EQE,226:D,117:F
A;Q,D;Y,"226,119",0.0,6EQE,226:D,119:Y
A;G,D;A,"226,165",0.0,6EQE,226:D,165:A
A;S,D;E,"226,121",0.0,6EQE,226:D,121:E
A;I,D;R,"226,168",0.0,6EQE,226:D,168:R
A;N,D;H,"226,205",0.0,6EQE,226:D,205:H
A;S,D;Y,"226,269",0.0,6EQE,226:D,269:Y
A;S,D;T,"226,214",0.0,6EQE,226:D,214:T
A;I,D;R,"226,218",0.0,6EQE,226:D,218:R
A;P,D;K,"226,120",0.0,6EQE,226:D,120:K
A;M,D;H,"226,161",0.0,6EQE,226:D,161:H
A;I,D;H,"226,168",0.0,6EQE,226:D,168:H
A;N,D;K,"226,114",0.0,6EQE,226:D,114:K
A;P,D;V,"226,184",0.0,6EQE,226:D,184:V
A;W,D;P,"226,185",0.0,6EQE,226:D,185:P
A;S,D;H,"226,187",0.0,6EQE,226:D,187:H
A;S,D;P,"226,188",0.0,6EQE,226:D,188:P
A;T,D;Y,"226,189",0.0,6EQE,226:D,189:Y
A;F,D;M,"226,191",0.0,6EQE,226:D,191:M
C;R,A;Q,"289,224",0.0,6EQE,289:A,224:Q
C;N,A;K,"289,233",0.0,6EQE,289:A,233:K
C;S,A;E,"289,136",0.0,6EQE,289:A,136:E
C;D,A;N,"289,186",0.0,6EQE,289:A,186:N
C;R,A;A,"289,280",0.0,6EQE,289:A,280:A
C;S,A;F,"289,238",0.0,6EQE,289:A,238:F
C;S,A;Q,"289,188",0.0,6EQE,289:A,188:Q
C;S,A;H,"289,214",0.0,6EQE,289:A,214:H
C;L,A;F,"289,117",0.0,6EQE,289:A,117:F
C;Q,A;Y,"289,119",0.0,6EQE,289:A,119:Y
C;G,A;A,"289,165",0.0,6EQE,289:A,165:A
C;S,A;E,"289,121",0.0,6EQE,289:A,121:E
C;I,A;R,"289,168",0.0,6EQE,289:A,168:R
C;N,A;H,"289,205",0.0,6EQE,289:A,205:H
C;S,A;Y,"289,269",0.0,6EQE,289:A,269:Y
C;S,A;T,"289,214",0.0,6EQE,289:A,214:T
C;I,A;R,"289,218",0.0,6EQE,289:A,218:R
C;P,A;K,"289,120",0.0,6EQE,289:A,120:K
C;M,A;H,"289,161",0.0,6EQE,289:A,161:H
C;I,A;H,"289,168",0.0,6EQE,289:A,168:H
C;N,A;K,"289,114",0.0,6EQE,289:A,114:K
C;P,A;V,"289,184",0.0,6EQE,289:A,184:V
C;W,A;P,"289,185",0.0,6EQE,289:A,185:P
C;S,A;H,"289,187",0.0,6EQE,289:A,187:H
C;S,A;P,"289,188",0.0,6EQE,289:A,188:P
C;T,A;Y,"289,189",0.0,6EQE,289:A,189:Y
C;F,A;M,"289,191",0.0,6EQE,289:A,191:M
R;N,Q;K,"224,233",0.0,6EQE,224:Q,233:K
R;S,Q;E,"224,136",0.0,6EQE,224:Q,136:E
R;D,Q;N,"224,186",0.0,6EQE,224:Q,186:N
R;R,Q;A,"224,280",0.0,6EQE,224:Q,280:A
R;S,Q;F,"224,238",0.0,6EQE,224:Q,238:F
R;S,Q;Q,"224,188",0.0,6EQE,224:Q,188:Q
R;S,Q;H,"224,214",0.0,6EQE,224:Q,214:H
R;L,Q;F,"224,117",0.0,6EQE,224:Q,117:F
R;Q,Q;Y,"224,119",0.0,6EQE,224:Q,119:Y
R;G,Q;A,"224,165",0.0,6EQE,224:Q,165:A
R;S,Q;E,"224,121",0.0,6EQE,224:Q,121:E
R;I,Q;R,"224,168",0.0,6EQE,224:Q,168:R
R;N,Q;H,"224,205",0.0,6EQE,224:Q,205:H
R;S,Q;Y,"224,269",0.0,6EQE,224:Q,269:Y
R;S,Q;T,"224,214",0.0,6EQE,224:Q,214:T
R;I,Q;R,"224,218",0.0,6EQE,224:Q,218:R
R;P,Q;K,"224,120",0.0,6EQE,224:Q,120:K
R;M,Q;H,"224,161",0.0,6EQE,224:Q,161:H
R;I,Q;H,"224,168",0.0,6EQE,224:Q,168:H
R;N,Q;K,"224,114",0.0,6EQE,224:Q,114:K
R;P,Q;V,"224,184",0.0,6EQE,224:Q,184:V
R;W,Q;P,"224,185",0.0,6EQE,224:Q,185:P
R;S,Q;H,"224,187",0.0,6EQE,224:Q,187:H
R;S,Q;P,"224,188",0.0,6EQE,224:Q,188:P
R;T,Q;Y,"224,189",0.0,6EQE,224:Q,189:Y
R;F,Q;M,"224,191",0.0,6EQE,224:Q,191:M
N;S,K;E,"233,136",0.0,6EQE,233:K,136:E
N;D,K;N,"233,186",0.0,6EQE,233:K,186:N
N;R,K;A,"233,280",0.0,6EQE,233:K,280:A
N;S,K;F,"233,238",0.0,6EQE,233:K,238:F
N;S,K;Q,"233,188",0.0,6EQE,233:K,188:Q
N;S,K;H,"233,214",0.0,6EQE,233:K,214:H
N;L,K;F,"233,117",0.0,6EQE,233:K,117:F
N;Q,K;Y,"233,119",0.0,6EQE,233:K,119:Y
N;G,K;A,"233,165",0.0,6EQE,233:K,165:A
N;S,K;E,"233,121",0.0,6EQE,233:K,121:E
N;I,K;R,"233,168",0.0,6EQE,233:K,168:R
N;N,K;H,"233,205",0.0,6EQE,233:K,205:H
N;S,K;Y,"233,269",0.0,6EQE,233:K,269:Y
N;S,K;T,"233,214",0.0,6EQE,233:K,214:T
N;I,K;R,"233,218",0.0,6EQE,233:K,218:R
N;P,K;K,"233,120",0.0,6EQE,233:K,120:K
N;M,K;H,"233,161",0.0,6EQE,233:K,161:H
N;I,K;H,"233,168",0.0,6EQE,233:K,168:H
N;N,K;K,"233,114",0.0,6EQE,233:K,114:K
N;P,K;V,"233,184",0.0,6EQE,233:K,184:V
N;W,K;P,"233,185",0.0,6EQE,233:K,185:P
N;S,K;H,"233,187",0.0,6EQE,233:K,187:H
N;S,K;P,"233,188",0.0,6EQE,233:K,188:P
N;T,K;Y,"233,189",0.0,6EQE,233:K,189:Y
N;F,K;M,"233,191",0.0,6EQE,233:K,191:M
S;D,E;N,"136,186",0.0,6EQE,136:E,186:N
S;R,E;A,"136,280",0.0,6EQE,136:E,280:A
S;S,E;F,"136,238",0.0,6EQE,136:E,238:F
S;S,E;Q,"136,188",0.0,6EQE,136:E,188:Q
S;S,E;H,"136,214",0.0,6EQE,136:E,214:H
S;L,E;F,"136,117",0.0,6EQE,136:E,117:F
S;Q,E;Y,"136,119",0.0,6EQE,136:E,119:Y
S;G,E;A,"136,165",0.0,6EQE,136:E,165:A
S;S,E;E,"136,121",0.0,6EQE,136:E,121:E
S;I,E;R,"136,168",0.0,6EQE,136:E,168:R
S;N,E;H,"136,205",0.0,6EQE,136:E,205:H
S;S,E;Y,"136,269",0.0,6EQE,136:E,269:Y
S;S,E;T,"136,214",0.0,6EQE,136:E,214:T
S;I,E;R,"136,218",0.0,6EQE,136:E,218:R
S;P,E;K,"136,120",0.0,6EQE,136:E,120:K
S;M,E;H,"136,161",0.0,6EQE,136:E,161:H
S;I,E;H,"136,168",0.0,6EQE,136:E,168:H
S;N,E;K,"136,114",0.0,6EQE,136:E,114:K
S;P,E;V,"136,184",0.0,6EQE,136:E,184:V
S;W,E;P,"136,185",0.0,6EQE,136:E,185:P
S;S,E;H,"136,187",0.0,6EQE,136:E,187:H
S;S,E;P,"136,188",0.0,6EQE,136:E,188:P
S;T,E;Y,"136,189",0.0,6EQE,136:E,189:Y
S;F,E;M,"136,191",0.0,6EQE,136:E,191:M
D;R,N;A,"186,280",0.0,6EQE,186:N,280:A
D;S,N;F,"186,238",0.0,6EQE,186:N,238:F
D;S,N;Q,"186,188",0.0,6EQE,186:N,188:Q
D;S,N;H,"186,214",0.0,6EQE,186:N,214:H
D;L,N;F,"186,117",0.0,6EQE,186:N,117:F
D;Q,N;Y,"186,119",0.0,6EQE,186:N,119:Y
D;G,N;A,"186,165",0.0,6EQE,186:N,165:A
D;S,N;E,"186,121",0.0,6EQE,186:N,121:E
D;I,N;R,"186,168",0.0,6EQE,186:N,168:R
D;N,N;H,"186,205",0.0,6EQE,186:N,205:H
D;S,N;Y,"186,269",0.0,6EQE,186:N,269:Y
D;S,N;T,"186,214",0.0,6EQE,186:N,214:T
D;I,N;R,"186,218",0.0,6EQE,186:N,218:R
D;P,N;K,"186,120",0.0,6EQE,186:N,120:K
D;M,N;H,"186,161",0.0,6EQE,186:N,161:H
D;I,N;H,"186,168",0.0,6EQE,186:N,168:H
D;N,N;K,"186,114",0.0,6EQE,186:N,114:K
D;P,N;V,"186,184",0.0,6EQE,186:N,184:V
D;W,N;P,"186,185",0.0,6EQE,186:N,185:P
D;S,N;H,"186,187",0.0,6EQE,186:N,187:H
D;S,N;P,"186,188",0.0,6EQE,186:N,188:P
D;T,N;Y,"186,189",0.0,6EQE,186:N,189:Y
D;F,N;M,"186,191",0.0,6EQE,186:N,191:M
R;S,A;F,"280,238",0.0,6EQE,280:A,238:F
R;S,A;Q,"280,188",0.0,6EQE,280:A,188:Q
R;S,A;H,"280,214",0.0,6EQE,280:A,214:H
R;L,A;F,"280,117",0.0,6EQE,280:A,117:F
R;Q,A;Y,"280,119",0.0,6EQE,280:A,119:Y
R;G,A;A,"280,165",0.0,6EQE,280:A,165:A
R;S,A;E,"280,121",0.0,6EQE,280:A,121:E
R;I,A;R,"280,168",0.0,6EQE,280:A,168:R
R;N,A;H,"280,205",0.0,6EQE,280:A,205:H
R;S,A;Y,"280,269",0.0,6EQE,280:A,269:Y
R;S,A;T,"280,214",0.0,6EQE,280:A,214:T
R;I,A;R,"280,218",0.0,6EQE,280:A,218:R
R;P,A;K,"280,120",0.0,6EQE,280:A,120:K
R;M,A;H,"280,161",0.0,6EQE,280:A,161:H
R;I,A;H,"280,168",0.0,6EQE,280:A,168:H
R;N,A;K,"280,114",0.0,6EQE,280:A,114:K
R;P,A;V,"280,184",0.0,6EQE,280:A,184:V
R;W,A;P,"280,185",0.0,6EQE,280:A,185:P
R;S,A;H,"280,187",0.0,6EQE,280:A,187:H
R;S,A;P,"280,188",0.0,6EQE,280:A,188:P
R;T,A;Y,"280,189",0.0,6EQE,280:A,189:Y
R;F,A;M,"280,191",0.0,6EQE,280:A,191:M
S;S,F;Q,"238,188",0.0,6EQE,238:F,188:Q
S;S,F;H,"238,214",0.0,6EQE,238:F,214:H
S;L,F;F,"238,117",0.0,6EQE,238:F,117:F
S;Q,F;Y,"238,119",0.0,6EQE,238:F,119:Y
S;G,F;A,"238,165",0.0,6EQE,238:F,165:A
S;S,F;E,"238,121",0.0,6EQE,238:F,121:E
S;I,F;R,"238,168",0.0,6EQE,238:F,168:R
S;N,F;H,"238,205",0.0,6EQE,238:F,205:H
S;S,F;Y,"238,269",0.0,6EQE,238:F,269:Y
S;S,F;T,"238,214",0.0,6EQE,238:F,214:T
S;I,F;R,"238,218",0.0,6EQE,238:F,218:R
S;P,F;K,"238,120",0.0,6EQE,238:F,120:K
S;M,F;H,"238,161",0.0,6EQE,238:F,161:H
S;I,F;H,"238,168",0.0,6EQE,238:F,168:H
S;N,F;K,"238,114",0.0,6EQE,238:F,114:K
S;P,F;V,"238,184",0.0,6EQE,238:F,184:V
S;W,F;P,"238,185",0.0,6EQE,238:F,185:P
S;S,F;H,"238,187",0.0,6EQE,238:F,187:H
S;S,F;P,"238,188",0.0,6EQE,238:F,188:P
S;T,F;Y,"238,189",0.0,6EQE,238:F,189:Y
S;F,F;M,"238,191",0.0,6EQE,238:F,191:M
S;S,Q;H,"188,214",0.0,6EQE,188:Q,214:H
S;L,Q;F,"188,117",0.0,6EQE,188:Q,117:F
S;Q,Q;Y,"188,119",0.0,6EQE,188:Q,119:Y
S;G,Q;A,"188,165",0.0,6EQE,188:Q,165:A
S;S,Q;E,"188,121",0.0,6EQE,188:Q,121:E
S;I,Q;R,"188,168",0.0,6EQE,188:Q,168:R
S;N,Q;H,"188,205",0.0,6EQE,188:Q,205:H
S;S,Q;Y,"188,269",0.0,6EQE,188:Q,269:Y
S;S,Q;T,"188,214",0.0,6EQE,188:Q,214:T
S;I,Q;R,"188,218",0.0,6EQE,188:Q,218:R
S;P,Q;K,"188,120",0.0,6EQE,188:Q,120:K
S;M,Q;H,"188,161",0.0,6EQE,188:Q,161:H
S;I,Q;H,"188,168",0.0,6EQE,188:Q,168:H
S;N,Q;K,"188,114",0.0,6EQE,188:Q,114:K
S;P,Q;V,"188,184",0.0,6EQE,188:Q,184:V
S;W,Q;P,"188,185",0.0,6EQE,188:Q,185:P
S;S,Q;H,"188,187",0.0,6EQE,188:Q,187:H
S;T,Q;Y,"188,189",0.0,6EQE,188:Q,189:Y
S;F,Q;M,"188,191",0.0,6EQE,188:Q,191:M
S;L,H;F,"214,117",0.0,6EQE,214:H,117:F
S;Q,H;Y,"214,119",0.0,6EQE,214:H,119:Y
S;G,H;A,"214,165",0.0,6EQE,214:H,165:A
S;S,H;E,"214,121",0.0,6EQE,214:H,121:E
S;I,H;R,"214,168",0.0,6EQE,214:H,168:R
S;N,H;H,"214,205",0.0,6EQE,214:H,205:H
S;S,H;Y,"214,269",0.0,6EQE,214:H,269:Y
S;I,H;R,"214,218",0.0,6EQE,214:H,218:R
S;P,H;K,"214,120",0.0,6EQE,214:H,120:K
S;M,H;H,"214,161",0.0,6EQE,214:H,161:H
S;I,H;H,"214,168",0.0,6EQE,214:H,168:H
S;N,H;K,"214,114",0.0,6EQE,214:H,114:K
S;P,H;V,"214,184",0.0,6EQE,214:H,184:V
S;W,H;P,"214,185",0.0,6EQE,214:H,185:P
S;S,H;H,"214,187",0.0,6EQE,214:H,187:H
S;S,H;P,"214,188",0.0,6EQE,214:H,188:P
S;T,H;Y,"214,189",0.0,6EQE,214:H,189:Y
S;F,H;M,"214,191",0.0,6EQE,214:H,191:M
L;Q,F;Y,"117,119",0.0,6EQE,117:F,119:Y
L;G,F;A,"117,165",0.0,6EQE,117:F,165:A
L;S,F;E,"117,121",0.0,6EQE,117:F,121:E
L;I,F;R,"117,168",0.0,6EQE,117:F,168:R
L;N,F;H,"117,205",0.0,6EQE,117:F,205:H
L;S,F;Y,"117,269",0.0,6EQE,117:F,269:Y
L;S,F;T,"117,214",0.0,6EQE,117:F,214:T
L;I,F;R,"117,218",0.0,6EQE,117:F,218:R
L;P,F;K,"117,120",0.0,6EQE,117:F,120:K
L;M,F;H,"117,161",0.0,6EQE,117:F,161:H
L;I,F;H,"117,168",0.0,6EQE,117:F,168:H
L;N,F;K,"117,114",0.0,6EQE,117:F,114:K
L;P,F;V,"117,184",0.0,6EQE,117:F,184:V
L;W,F;P,"117,185",0.0,6EQE,117:F,185:P
L;S,F;H,"117,187",0.0,6EQE,117:F,187:H
L;S,F;P,"117,188",0.0,6EQE,117:F,188:P
L;T,F;Y,"117,189",0.0,6EQE,117:F,189:Y
L;F,F;M,"117,191",0.0,6EQE,117:F,191:M
Q;G,Y;A,"119,165",0.0,6EQE,119:Y,165:A
Q;S,Y;E,"119,121",0.0,6EQE,119:Y,121:E
Q;I,Y;R,"119,168",0.0,6EQE,119:Y,168:R
Q;N,Y;H,"119,205",0.0,6EQE,119:Y,205:H
Q;S,Y;Y,"119,269",0.0,6EQE,119:Y,269:Y
Q;S,Y;T,"119,214",0.0,6EQE,119:Y,214:T
Q;I,Y;R,"119,218",0.0,6EQE,119:Y,218:R
Q;P,Y;K,"119,120",0.0,6EQE,119:Y,120:K
Q;M,Y;H,"119,161",0.0,6EQE,119:Y,161:H
Q;I,Y;H,"119,168",0.0,6EQE,119:Y,168:H
Q;N,Y;K,"119,114",0.0,6EQE,119:Y,114:K
Q;P,Y;V,"119,184",0.0,6EQE,119:Y,184:V
Q;W,Y;P,"119,185",0.0,6EQE,119:Y,185:P
Q;S,Y;H,"119,187",0.0,6EQE,119:Y,187:H
Q;S,Y;P,"119,188",0.0,6EQE,119:Y,188:P
Q;T,Y;Y,"119,189",0.0,6EQE,119:Y,189:Y
Q;F,Y;M,"119,191",0.0,6EQE,119:Y,191:M
G;S,A;E,"165,121",0.0,6EQE,165:A,121:E
G;I,A;R,"165,168",0.0,6EQE,165:A,168:R
G;N,A;H,"165,205",0.0,6EQE,165:A,205:H
G;S,A;Y,"165,269",0.0,6EQE,165:A,269:Y
G;S,A;T,"165,214",0.0,6EQE,165:A,214:T
G;I,A;R,"165,218",0.0,6EQE,165:A,218:R
G;P,A;K,"165,120",0.0,6EQE,165:A,120:K
G;M,A;H,"165,161",0.0,6EQE,165:A,161:H
G;I,A;H,"165,168",0.0,6EQE,165:A,168:H
G;N,A;K,"165,114",0.0,6EQE,165:A,114:K
G;P,A;V,"165,184",0.0,6EQE,165:A,184:V
G;W,A;P,"165,185",0.0,6EQE,165:A,185:P
G;S,A;H,"165,187",0.0,6EQE,165:A,187:H
G;S,A;P,"165,188",0.0,6EQE,165:A,188:P
G;T,A;Y,"165,189",0.0,6EQE,165:A,189:Y
G;F,A;M,"165,191",0.0,6EQE,165:A,191:M
S;I,E;R,"121,168",0.0,6EQE,121:E,168:R
S;N,E;H,"121,205",0.0,6EQE,121:E,205:H
S;S,E;Y,"121,269",0.0,6EQE,121:E,269:Y
S;S,E;T,"121,214",0.0,6EQE,121:E,214:T
S;I,E;R,"121,218",0.0,6EQE,121:E,218:R
S;P,E;K,"121,120",0.0,6EQE,121:E,120:K
S;M,E;H,"121,161",0.0,6EQE,121:E,161:H
S;I,E;H,"121,168",0.0,6EQE,121:E,168:H
S;N,E;K,"121,114",0.0,6EQE,121:E,114:K
S;P,E;V,"121,184",0.0,6EQE,121:E,184:V
S;W,E;P,"121,185",0.0,6EQE,121:E,185:P
S;S,E;H,"121,187",0.0,6EQE,121:E,187:H
S;S,E;P,"121,188",0.0,6EQE,121:E,188:P
S;T,E;Y,"121,189",0.0,6EQE,121:E,189:Y
S;F,E;M,"121,191",0.0,6EQE,121:E,191:M
I;N,R;H,"168,205",0.0,6EQE,168:R,205:H
I;S,R;Y,"168,269",0.0,6EQE,168:R,269:Y
I;S,R;T,"168,214",0.0,6EQE,168:R,214:T
I;I,R;R,"168,218",0.0,6EQE,168:R,218:R
I;P,R;K,"168,120",0.0,6EQE,168:R,120:K
I;M,R;H,"168,161",0.0,6EQE,168:R,161:H
I;N,R;K,"168,114",0.0,6EQE,168:R,114:K
I;P,R;V,"168,184",0.0,6EQE,168:R,184:V
I;W,R;P,"168,185",0.0,6EQE,168:R,185:P
I;S,R;H,"168,187",0.0,6EQE,168:R,187:H
I;S,R;P,"168,188",0.0,6EQE,168:R,188:P
I;T,R;Y,"168,189",0.0,6EQE,168:R,189:Y
I;F,R;M,"168,191",0.0,6EQE,168:R,191:M
N;S,H;Y,"205,269",0.0,6EQE,205:H,269:Y
N;S,H;T,"205,214",0.0,6EQE,205:H,214:T
N;I,H;R,"205,218",0.0,6EQE,205:H,218:R
N;P,H;K,"205,120",0.0,6EQE,205:H,120:K
N;M,H;H,"205,161",0.0,6EQE,205:H,161:H
N;I,H;H,"205,168",0.0,6EQE,205:H,168:H
N;N,H;K,"205,114",0.0,6EQE,205:H,114:K
N;P,H;V,"205,184",0.0,6EQE,205:H,184:V
N;W,H;P,"205,185",0.0,6EQE,205:H,185:P
N;S,H;H,"205,187",0.0,6EQE,205:H,187:H
N;S,H;P,"205,188",0.0,6EQE,205:H,188:P
N;T,H;Y,"205,189",0.0,6EQE,205:H,189:Y
N;F,H;M,"205,191",0.0,6EQE,205:H,191:M
S;S,Y;T,"269,214",0.0,6EQE,269:Y,214:T
S;I,Y;R,"269,218",0.0,6EQE,269:Y,218:R
S;P,Y;K,"269,120",0.0,6EQE,269:Y,120:K
S;M,Y;H,"269,161",0.0,6EQE,269:Y,161:H
S;I,Y;H,"269,168",0.0,6EQE,269:Y,168:H
S;N,Y;K,"269,114",0.0,6EQE,269:Y,114:K
S;P,Y;V,"269,184",0.0,6EQE,269:Y,184:V
S;W,Y;P,"269,185",0.0,6EQE,269:Y,185:P
S;S,Y;H,"269,187",0.0,6EQE,269:Y,187:H
S;S,Y;P,"269,188",0.0,6EQE,269:Y,188:P
S;T,Y;Y,"269,189",0.0,6EQE,269:Y,189:Y
S;F,Y;M,"269,191",0.0,6EQE,269:Y,191:M
S;I,T;R,"214,218",0.0,6EQE,214:T,218:R
S;P,T;K,"214,120",0.0,6EQE,214:T,120:K
S;M,T;H,"214,161",0.0,6EQE,214:T,161:H
S;I,T;H,"214,168",0.0,6EQE,214:T,168:H
S;N,T;K,"214,114",0.0,6EQE,214:T,114:K
S;P,T;V,"214,184",0.0,6EQE,214:T,184:V
S;W,T;P,"214,185",0.0,6EQE,214:T,185:P
S;S,T;H,"214,187",0.0,6EQE,214:T,187:H
S;S,T;P,"214,188",0.0,6EQE,214:T,188:P
S;T,T;Y,"214,189",0.0,6EQE,214:T,189:Y
S;F,T;M,"214,191",0.0,6EQE,214:T,191:M
I;P,R;K,"218,120",0.0,6EQE,218:R,120:K
I;M,R;H,"218,161",0.0,6EQE,218:R,161:H
I;I,R;H,"218,168",0.0,6EQE,218:R,168:H
I;N,R;K,"218,114",0.0,6EQE,218:R,114:K
I;P,R;V,"218,184",0.0,6EQE,218:R,184:V
I;W,R;P,"218,185",0.0,6EQE,218:R,185:P
I;S,R;H,"218,187",0.0,6EQE,218:R,187:H
I;S,R;P,"218,188",0.0,6EQE,218:R,188:P
I;T,R;Y,"218,189",0.0,6EQE,218:R,189:Y
I;F,R;M,"218,191",0.0,6EQE,218:R,191:M
P;M,K;H,"120,161",0.0,6EQE,120:K,161:H
P;I,K;H,"120,168",0.0,6EQE,120:K,168:H
P;N,K;K,"120,114",0.0,6EQE,120:K,114:K
P;P,K;V,"120,184",0.0,6EQE,120:K,184:V
P;W,K;P,"120,185",0.0,6EQE,120:K,185:P
P;S,K;H,"120,187",0.0,6EQE,120:K,187:H
P;S,K;P,"120,188",0.0,6EQE,120:K,188:P
P;T,K;Y,"120,189",0.0,6EQE,120:K,189:Y
P;F,K;M,"120,191",0.0,6EQE,120:K,191:M
M;I,H;H,"161,168",0.0,6EQE,161:H,168:H
M;N,H;K,"161,114",0.0,6EQE,161:H,114:K
M;P,H;V,"161,184",0.0,6EQE,161:H,184:V
M;W,H;P,"161,185",0.0,6EQE,161:H,185:P
M;S,H;H,"161,187",0.0,6EQE,161:H,187:H
M;S,H;P,"161,188",0.0,6EQE,161:H,188:P
M;T,H;Y,"161,189",0.0,6EQE,161:H,189:Y
M;F,H;M,"161,191",0.0,6EQE,161:H,191:M
I;N,H;K,"168,114",0.0,6EQE,168:H,114:K
I;P,H;V,"168,184",0.0,6EQE,168:H,184:V
I;W,H;P,"168,185",0.0,6EQE,168:H,185:P
I;S,H;H,"168,187",0.0,6EQE,168:H,187:H
I;S,H;P,"168,188",0.0,6EQE,168:H,188:P
I;T,H;Y,"168,189",0.0,6EQE,168:H,189:Y
I;F,H;M,"168,191",0.0,6EQE,168:H,191:M
N;P,K;V,"114,184",0.0,6EQE,114:K,184:V
N;W,K;P,"114,185",0.0,6EQE,114:K,185:P
N;S,K;H,"114,187",0.0,6EQE,114:K,187:H
N;S,K;P,"114,188",0.0,6EQE,114:K,188:P
N;T,K;Y,"114,189",0.0,6EQE,114:K,189:Y
N;F,K;M,"114,191",0.0,6EQE,114:K,191:M
P;W,V;P,"184,185",0.0,6EQE,184:V,185:P
P;S,V;H,"184,187",0.0,6EQE,184:V,187:H
P;S,V;P,"184,188",0.0,6EQE,184:V,188:P
P;T,V;Y,"184,189",0.0,6EQE,184:V,189:Y
P;F,V;M,"184,191",0.0,6EQE,184:V,191:M
W;S,P;H,"185,187",0.0,6EQE,185:P,187:H
W;S,P;P,"185,188",0.0,6EQE,185:P,188:P
W;T,P;Y,"185,189",0.0,6EQE,185:P,189:Y
W;F,P;M,"185,191",0.0,6EQE,185:P,191:M
S;S,H;P,"187,188",0.0,6EQE,187:H,188:P
S;T,H;Y,"187,189",0.0,6EQE,187:H,189:Y
S;F,H;M,"187,191",0.0,6EQE,187:H,191:M
S;T,P;Y,"188,189",0.0,6EQE,188:P,189:Y
S;F,P;M,"188,191",0.0,6EQE,188:P,191:M
T;F,Y;M,"189,191",0.0,6EQE,189:Y,191:M
