wild_type,mutation_type,position_idx,stability_score,protein_id,_component_a,_component_b
Q;A,L;F,"127,65",0.0,6EQE,127:L,65:F
Q;G,L;H,"127,251",0.0,6EQE,127:L,251:H
Q;L,L;P,"127,216",0.0,6EQE,127:L,216:P
Q;S,L;W,"127,58",0.0,6EQE,127:L,58:W
Q;A,L;E,"127,152",0.0,6EQE,127:L,152:E
Q;T,L;N,"127,88",0.0,6EQE,127:L,88:N
Q;T,L;N,"127,198",0.0,6EQE,127:L,198:N
Q;S,L;K,"127,58",0.0,6EQE,127:L,58:K
Q;L,L;C,"127,249",0.0,6EQE,127:L,249:C
Q;N,L;T,"127,190",0.0,6EQE,127:L,190:T
Q;S,L;V,"127,223",0.0,6EQE,127:L,223:V
Q;A,L;W,"127,65",0.0,6EQE,127:L,65:W
Q;K,L;Y,"127,253",0.0,6EQE,127:L,253:Y
Q;R,L;S,"127,90",0.0,6EQE,127:L,90:S
Q;T,L;M,"127,29",0.0,6EQE,127:L,29:M
Q;M,L;L,"127,262",0.0,6EQE,127:L,262:L
Q;A,L;L,"127,272",0.0,6EQE,127:L,272:L
Q;R,L;N,"127,90",0.0,6EQE,127:L,90:N
Q;R,L;T,"127,90",0.0,6EQE,127:L,90:T
Q;G,L;T,"127,254",0.0,6EQE,127:L,254:T
Q;R,L;P,"127,90",0.0,6EQE,127:L,90:P
Q;N,L;Y,"127,37",0.0,6EQE,127:L,37:Y
Q;Q,L;I,"127,182",0.0,6EQE,127:L,182:I
Q;R,L;A,"127,90",0.0,6EQE,127:L,90:A
Q;K,L;F,"127,253",0.0,6EQE,127:L,253:F
Q;Y,L;S,"127,63",0.0,6EQE,127:L,63:S
Q;Q,L;L,"127,182",0.0,6EQE,127:L,182:L
Q;K,L;A,"127,253",0.0,6EQE,127:L,253:A
Q;K,L;V,"127,253",0.0,6EQE,127:L,253:V
Q;Q,L;F,"127,182",0.0,6EQE,127:L,182:F
Q;R,L;D,"127,90",0.0,6EQE,127:L,90:D
Q;Y,L;T,"127,63",0.0,6EQE,127:L,63:T
Q;Q,L;V,"127,182",0.0,6EQE,127:L,182:V
Q;K,L;L,"127,253",0.0,6EQE,127:L,253:L
Q;C,L;S,"127,289",0.0,6EQE,127:L,289:S
Q;Y,L;G,"127,63",0.0,6EQE,127:L,63:G
Q;M,L;V,"127,154",0.0,6EQE,127:L,154:V
Q;A,L;D,"127,226",0.0,6EQE,127:L,226:D
Q;C,L;A,"127,289",0.0,6EQE,127:L,289:A
Q;R,L;Q,"127,224",0.0,6EQE,127:L,224:Q
Q;N,L;K,"127,233",0.0,6EQE,127:L,233:K
Q;S,L;E,"127,136",0.0,6EQE,127:L,136:E
Q;D,L;N,"127,186",0.0,6EQE,127:L,186:N
Q;R,L;A,"127,280",0.0,6EQE,127:L,280:A
Q;S,L;F,"127,238",0.0,6EQE,127:L,238:F
Q;S,L;Q,"127,188",0.0,6EQE,127:L,188:Q
Q;S,L;H,"127,214",0.0,6EQE,127:L,214:H
Q;L,L;F,"127,117",0.0,6EQE,127:L,117:F
Q;Q,L;Y,"127,119",0.0,6EQE,127:L,119:Y
Q;G,L;A,"127,165",0.0,6EQE,127:L,165:A
Q;S,L;E,"127,121",0.0,6EQE,127:L,121:E
Q;I,L;R,"127,168",0.0,6EQE,127:L,168:R
Q;N,L;H,"127,205",0.0,6EQE,127:L,205:H
Q;S,L;Y,"127,269",0.0,6EQE,127:L,269:Y
Q;S,L;T,"127,214",0.0,6EQE,127:L,214:T
Q;I,L;R,"127,218",0.0,6EQE,127:L,218:R
Q;P,L;K,"127,120",0.0,6EQE,127:L,120:K
Q;M,L;H,"127,161",0.0,6EQE,127:L,161:H
Q;I,L;H,"127,168",0.0,6EQE,127:L,168:H
Q;N,L;K,"127,114",0.0,6EQE,127:L,114:K
Q;P,L;V,"127,184",0.0,6EQE,127:L,184:V
Q;W,L;P,"127,185",0.0,6EQE,127:L,185:P
Q;S,L;H,"127,187",0.0,6EQE,127:L,187:H
Q;S,L;P,"127,188",0.0,6EQE,127:L,188:P
Q;T,L;Y,"127,189",0.0,6EQE,127:L,189:Y
Q;F,L;M,"127,191",0.0,6EQE,127:L,191:M
Q;W,H;I,"127,159",0.0,6EQE,127:H,159:I
Q;S,H;N,"127,103",0.0,6EQE,127:H,103:N
Q;A,H;Y,"127,179",0.0,6EQE,127:H,179:Y
Q;W,H;K,"127,257",0.0,6EQE,127:H,257:K
Q;L,H;M,"127,216",0.0,6EQE,127:H,216:M
Q;G,H;A,"127,243",0.0,6EQE,127:H,243:A
Q;A,H;N,"127,226",0.0,6EQE,127:H,226:N
Q;L,H;I,"127,216",0.0,6EQE,127:H,216:I
Q;C,H;L,"127,289",0.0,6EQE,127:H,289:L
Q;S,H;E,"127,207",0.0,6EQE,127:H,207:E
Q;M,H;L,"127,154",0.0,6EQE,127:H,154:L
Q;M,H;P,"127,222",0.0,6EQE,127:H,222:P
Q;G,H;T,"127,251",0.0,6EQE,127:H,251:T
Q;P,H;L,"127,38",0.0,6EQE,127:H,38:L
Q;L,H;W,"127,216",0.0,6EQE,127:H,216:W
Q;T,H;L,"127,72",0.0,6EQE,127:H,72:L
Q;S,H;P,"127,245",0.0,6EQE,127:H,245:P
Q;I,H;W,"127,111",0.0,6EQE,127:H,111:W
Q;L,H;D,"127,249",0.0,6EQE,127:H,249:D
Q;E,H;K,"127,231",0.0,6EQE,127:H,231:K
Q;D,H;K,"127,263",0.0,6EQE,127:H,263:K
Q;T,H;M,"127,51",0.0,6EQE,127:H,51:M
Q;L,H;E,"127,216",0.0,6EQE,127:H,216:E
Q;S,H;T,"127,121",0.0,6EQE,127:H,121:T
Q;I,H;H,"127,145",0.0,6EQE,127:H,145:H
Q;I,H;L,"127,145",0.0,6EQE,127:H,145:L
Q;H,H;M,"127,104",0.0,6EQE,127:H,104:M
Q;R,H;P,"127,280",0.0,6EQE,127:H,280:P
Q;L,H;F,"127,216",0.0,6EQE,127:H,216:F
Q;S,H;D,"127,103",0.0,6EQE,127:H,103:D
Q;I,H;V,"127,200",0.0,6EQE,127:H,200:V
Q;T,H;K,"127,88",0.0,6EQE,127:H,88:K
Q;N,H;K,"127,138",0.0,6EQE,127:H,138:K
Q;A,H;L,"127,65",0.0,6EQE,127:H,65:L
Q;Q,H;T,"127,91",0.0,6EQE,127:H,91:T
Q;G,H;D,"127,163",0.0,6EQE,127:H,163:D
Q;A,H;M,"127,65",0.0,6EQE,127:H,65:M
Q;K,H;L,"127,252",0.0,6EQE,127:H,252:L
Q;V,H;D,"127,57",0.0,6EQE,127:H,57:D
Q;V,H;C,"127,281",0.0,6EQE,127:H,281:C
Q;T,H;V,"127,72",0.0,6EQE,127:H,72:V
Q;Q,H;N,"127,133",0.0,6EQE,127:H,133:N
Q;R,H;K,"127,53",0.0,6EQE,127:H,53:K
Q;S,H;P,"127,125",0.0,6EQE,127:H,125:P
Q;T,H;Q,"127,88",0.0,6EQE,127:H,88:Q
Q;N,H;L,"127,138",0.0,6EQE,127:H,138:L
Q;H,H;R,"127,104",0.0,6EQE,127:H,104:R
Q;W,H;P,"127,159",0.0,6EQE,127:H,159:P
Q;S,H;Y,"127,242",0.0,6EQE,127:H,242:Y
Q;A,H;F,"127,65",0.0,6EQE,127:H,65:F
Q;G,H;H,"127,251",0.0,6EQE,127:H,251:H
Q;L,H;P,"127,216",0.0,6EQE,127:H,216:P
Q;S,H;W,"127,58",0.0,6EQE,127:H,58:W
Q;A,H;E,"127,152",0.0,6EQE,127:H,152:E
Q;T,H;N,"127,88",0.0,6EQE,127:H,88:N
Q;T,H;N,"127,198",0.0,6EQE,127:H,198:N
Q;S,H;K,"127,58",0.0,6EQE,127:H,58:K
Q;L,H;C,"127,249",0.0,6EQE,127:H,249:C
Q;N,H;T,"127,190",0.0,6EQE,127:H,190:T
Q;S,H;V,"127,223",0.0,6EQE,127:H,223:V
Q;A,H;W,"127,65",0.0,6EQE,127:H,65:W
Q;K,H;Y,"127,253",0.0,6EQE,127:H,253:Y
Q;R,H;S,"127,90",0.0,6EQE,127:H,90:S
Q;T,H;M,"127,29",0.0,6EQE,127:H,29:M
Q;M,H;L,"127,262",0.0,6EQE,127:H,262:L
Q;A,H;L,"127,272",0.0,6EQE,127:H,272:L
Q;R,H;N,"127,90",0.0,6EQE,127:H,90:N
Q;R,H;T,"127,90",0.0,6EQE,127:H,90:T
Q;G,H;T,"127,254",0.0,6EQE,127:H,254:T
Q;R,H;P,"127,90",0.0,6EQE,127:H,90:P
Q;N,H;Y,"127,37",0.0,6EQE,127:H,37:Y
Q;Q,H;I,"127,182",0.0,6EQE,127:H,182:I
Q;R,H;A,"127,90",0.0,6EQE,127:H,90:A
Q;K,H;F,"127,253",0.0,6EQE,127:H,253:F
Q;Y,H;S,"127,63",0.0,6EQE,127:H,63:S
Q;Q,H;L,"127,182",0.0,6EQE,127:H,182:L
Q;K,H;A,"127,253",0.0,6EQE,127:H,253:A
Q;K,H;V,"127,253",0.0,6EQE,127:H,253:V
Q;Q,H;F,"127,182",0.0,6EQE,127:H,182:F
Q;R,H;D,"127,90",0.0,6EQE,127:H,90:D
Q;Y,H;T,"127,63",0.0,6EQE,127:H,63:T
Q;Q,H;V,"127,182",0.0,6EQE,127:H,182:V
Q;K,H;L,"127,253",0.0,6EQE,127:H,253:L
Q;C,H;S,"127,289",0.0,6EQE,127:H,289:S
Q;Y,H;G,"127,63",0.0,6EQE,127:H,63:G
Q;M,H;V,"127,154",0.0,6EQE,127:H,154:V
Q;A,H;D,"127,226",0.0,6EQE,127:H,226:D
Q;C,H;A,"127,289",0.0,6EQE,127:H,289:A
Q;R,H;Q,"127,224",0.0,6EQE,127:H,224:Q
Q;N,H;K,"127,233",0.0,6EQE,127:H,233:K
Q;S,H;E,"127,136",0.0,6EQE,127:H,136:E
Q;D,H;N,"127,186",0.0,6EQE,127:H,186:N
Q;R,H;A,"127,280",0.0,6EQE,127:H,280:A
Q;S,H;F,"127,238",0.0,6EQE,127:H,238:F
Q;S,H;Q,"127,188",0.0,6EQE,127:H,188:Q
Q;S,H;H,"127,214",0.0,6EQE,127:H,214:H
Q;L,H;F,"127,117",0.0,6EQE,127:H,117:F
Q;Q,H;Y,"127,119",0.0,6EQE,127:H,119:Y
Q;G,H;A,"127,165",0.0,6EQE,127:H,165:A
Q;S,H;E,"127,121",0.0,6EQE,127:H,121:E
Q;I,H;R,"127,168",0.0,6EQE,127:H,168:R
Q;N,H;H,"127,205",0.0,6EQE,127:H,205:H
Q;S,H;Y,"127,269",0.0,6EQE,127:H,269:Y
Q;S,H;T,"127,214",0.0,6EQE,127:H,214:T
Q;I,H;R,"127,218",0.0,6EQE,127:H,218:R
Q;P,H;K,"127,120",0.0,6EQE,127:H,120:K
Q;M,H;H,"127,161",0.0,6EQE,127:H,161:H
Q;I,H;H,"127,168",0.0,6EQE,127:H,168:H
Q;N,H;K,"127,114",0.0,6EQE,127:H,114:K
Q;P,H;V,"127,184",0.0,6EQE,127:H,184:V
Q;W,H;P,"127,185",0.0,6EQE,127:H,185:P
Q;S,H;H,"127,187",0.0,6EQE,127:H,187:H
Q;S,H;P,"127,188",0.0,6EQE,127:H,188:P
Q;T,H;Y,"127,189",0.0,6EQE,127:H,189:Y
Q;F,H;M,"127,191",0.0,6EQE,127:H,191:M
W;Q,I;P,"159,127",0.0,6EQE,159:I,127:P
W;S,I;N,"159,103",0.0,6EQE,159:I,103:N
W;A,I;Y,"159,179",0.0,6EQE,159:I,179:Y
W;W,I;K,"159,257",0.0,6EQE,159:I,257:K
W;L,I;M,"159,216",0.0,6EQE,159:I,216:M
W;Q,I;E,"159,127",0.0,6EQE,159:I,127:E
W;G,I;A,"159,243",0.0,6EQE,159:I,243:A
W;A,I;N,"159,226",0.0,6EQE,159:I,226:N
W;L,I;I,"159,216",0.0,6EQE,159:I,216:I
W;C,I;L,"159,289",0.0,6EQE,159:I,289:L
W;S,I;E,"159,207",0.0,6EQE,159:I,207:E
W;M,I;L,"159,154",0.0,6EQE,159:I,154:L
W;M,I;P,"159,222",0.0,6EQE,159:I,222:P
W;G,I;T,"159,251",0.0,6EQE,159:I,251:T
W;P,I;L,"159,38",0.0,6EQE,159:I,38:L
W;L,I;W,"159,216",0.0,6EQE,159:I,216:W
W;T,I;L,"159,72",0.0,6EQE,159:I,72:L
W;S,I;P,"159,245",0.0,6EQE,159:I,245:P
W;I,I;W,"159,111",0.0,6EQE,159:I,111:W
W;L,I;D,"159,249",0.0,6EQE,159:I,249:D
W;E,I;K,"159,231",0.0,6EQE,159:I,231:K
W;D,I;K,"159,263",0.0,6EQE,159:I,263:K
W;T,I;M,"159,51",0.0,6EQE,159:I,51:M
W;L,I;E,"159,216",0.0,6EQE,159:I,216:E
W;S,I;T,"159,121",0.0,6EQE,159:I,121:T
W;I,I;H,"159,145",0.0,6EQE,159:I,145:H
W;I,I;L,"159,145",0.0,6EQE,159:I,145:L
W;H,I;M,"159,104",0.0,6EQE,159:I,104:M
W;R,I;P,"159,280",0.0,6EQE,159:I,280:P
W;L,I;F,"159,216",0.0,6EQE,159:I,216:F
W;S,I;D,"159,103",0.0,6EQE,159:I,103:D
W;I,I;V,"159,200",0.0,6EQE,159:I,200:V
W;T,I;K,"159,88",0.0,6EQE,159:I,88:K
W;N,I;K,"159,138",0.0,6EQE,159:I,138:K
W;A,I;L,"159,65",0.0,6EQE,159:I,65:L
W;Q,I;T,"159,91",0.0,6EQE,159:I,91:T
W;G,I;D,"159,163",0.0,6EQE,159:I,163:D
W;A,I;M,"159,65",0.0,6EQE,159:I,65:M
W;K,I;L,"159,252",0.0,6EQE,159:I,252:L
W;V,I;D,"159,57",0.0,6EQE,159:I,57:D
W;Q,I;V,"159,127",0.0,6EQE,159:I,127:V
W;V,I;C,"159,281",0.0,6EQE,159:I,281:C
W;T,I;V,"159,72",0.0,6EQE,159:I,72:V
W;Q,I;N,"159,133",0.0,6EQE,159:I,133:N
W;R,I;K,"159,53",0.0,6EQE,159:I,53:K
W;S,I;P,"159,125",0.0,6EQE,159:I,125:P
W;T,I;Q,"159,88",0.0,6EQE,159:I,88:Q
W;N,I;L,"159,138",0.0,6EQE,159:I,138:L
W;H,I;R,"159,104",0.0,6EQE,159:I,104:R
W;S,I;Y,"159,242",0.0,6EQE,159:I,242:Y
W;A,I;F,"159,65",0.0,6EQE,159:I,65:F
W;G,I;H,"159,251",0.0,6EQE,159:I,251:H
W;L,I;P,"159,216",0.0,6EQE,159:I,216:P
W;S,I;W,"159,58",0.0,6EQE,159:I,58:W
W;A,I;E,"159,152",0.0,6EQE,159:I,152:E
W;T,I;N,"159,88",0.0,6EQE,159:I,88:N
W;T,I;N,"159,198",0.0,6EQE,159:I,198:N
W;S,I;K,"159,58",0.0,6EQE,159:I,58:K
W;L,I;C,"159,249",0.0,6EQE,159:I,249:C
W;N,I;T,"159,190",0.0,6EQE,159:I,190:T
W;S,I;V,"159,223",0.0,6EQE,159:I,223:V
W;A,I;W,"159,65",0.0,6EQE,159:I,65:W
W;K,I;Y,"159,253",0.0,6EQE,159:I,253:Y
W;R,I;S,"159,90",0.0,6EQE,159:I,90:S
W;T,I;M,"159,29",0.0,6EQE,159:I,29:M
W;M,I;L,"159,262",0.0,6EQE,159:I,262:L
W;A,I;L,"159,272",0.0,6EQE,159:I,272:L
W;R,I;N,"159,90",0.0,6EQE,159:I,90:N
W;R,I;T,"159,90",0.0,6EQE,159:I,90:T
W;G,I;T,"159,254",0.0,6EQE,159:I,254:T
W;R,I;P,"159,90",0.0,6EQE,159:I,90:P
W;N,I;Y,"159,37",0.0,6EQE,159:I,37:Y
W;Q,I;I,"159,182",0.0,6EQE,159:I,182:I
W;R,I;A,"159,90",0.0,6EQE,159:I,90:A
W;K,I;F,"159,253",0.0,6EQE,159:I,253:F
W;Y,I;S,"159,63",0.0,6EQE,159:I,63:S
W;Q,I;M,"159,127",0.0,6EQE,159:I,127:M
W;Q,I;L,"159,182",0.0,6EQE,159:I,182:L
W;K,I;A,"159,253",0.0,6EQE,159:I,253:A
W;K,I;V,"159,253",0.0,6EQE,159:I,253:V
W;Q,I;F,"159,182",0.0,6EQE,159:I,182:F
W;R,I;D,"159,90",0.0,6EQE,159:I,90:D
W;Q,I;A,"159,127",0.0,6EQE,159:I,127:A
W;Y,I;T,"159,63",0.0,6EQE,159:I,63:T
W;Q,I;V,"159,182",0.0,6EQE,159:I,182:V
W;K,I;L,"159,253",0.0,6EQE,159:I,253:L
W;C,I;S,"159,289",0.0,6EQE,159:I,289:S
W;Y,I;G,"159,63",0.0,6EQE,159:I,63:G
W;M,I;V,"159,154",0.0,6EQE,159:I,154:V
W;Q,I;T,"159,127",0.0,6EQE,159:I,127:T
W;A,I;D,"159,226",0.0,6EQE,159:I,226:D
W;C,I;A,"159,289",0.0,6EQE,159:I,289:A
W;R,I;Q,"159,224",0.0,6EQE,159:I,224:Q
W;N,I;K,"159,233",0.0,6EQE,159:I,233:K
W;S,I;E,"159,136",0.0,6EQE,159:I,136:E
W;D,I;N,"159,186",0.0,6EQE,159:I,186:N
W;R,I;A,"159,280",0.0,6EQE,159:I,280:A
W;S,I;F,"159,238",0.0,6EQE,159:I,238:F
W;S,I;Q,"159,188",0.0,6EQE,159:I,188:Q
W;S,I;H,"159,214",0.0,6EQE,159:I,214:H
W;L,I;F,"159,117",0.0,6EQE,159:I,117:F
W;Q,I;Y,"159,119",0.0,6EQE,159:I,119:Y
W;G,I;A,"159,165",0.0,6EQE,159:I,165:A
W;S,I;E,"159,121",0.0,6EQE,159:I,121:E
W;I,I;R,"159,168",0.0,6EQE,159:I,168:R
W;N,I;H,"159,205",0.0,6EQE,159:I,205:H
W;S,I;Y,"159,269",0.0,6EQE,159:I,269:Y
W;S,I;T,"159,214",0.0,6EQE,159:I,214:T
W;I,I;R,"159,218",0.0,6EQE,159:I,218:R
W;P,I;K,"159,120",0.0,6EQE,159:I,120:K
W;M,I;H,"159,161",0.0,6EQE,159:I,161:H
W;I,I;H,"159,168",0.0,6EQE,159:I,168:H
W;N,I;K,"159,114",0.0,6EQE,159:I,114:K
W;P,I;V,"159,184",0.0,6EQE,159:I,184:V
W;W,I;P,"159,185",0.0,6EQE,159:I,185:P
W;S,I;H,"159,187",0.0,6EQE,159:I,187:H
W;S,I;P,"159,188",0.0,6EQE,159:I,188:P
W;T,I;Y,"159,189",0.0,6EQE,159:I,189:Y
W;F,I;M,"159,191",0.0,6EQE,159:I,191:M
Q;S,P;N,"127,103",0.0,6EQE,127:P,103:N
Q;A,P;Y,"127,179",0.0,6EQE,127:P,179:Y
Q;W,P;K,"127,257",0.0,6EQE,127:P,257:K
Q;L,P;M,"127,216",0.0,6EQE,127:P,216:M
Q;G,P;A,"127,243",0.0,6EQE,127:P,243:A
Q;A,P;N,"127,226",0.0,6EQE,127:P,226:N
Q;L,P;I,"127,216",0.0,6EQE,127:P,216:I
Q;C,P;L,"127,289",0.0,6EQE,127:P,289:L
Q;S,P;E,"127,207",0.0,6EQE,127:P,207:E
Q;M,P;L,"127,154",0.0,6EQE,127:P,154:L
Q;M,P;P,"127,222",0.0,6EQE,127:P,222:P
Q;G,P;T,"127,251",0.0,6EQE,127:P,251:T
Q;P,P;L,"127,38",0.0,6EQE,127:P,38:L
Q;L,P;W,"127,216",0.0,6EQE,127:P,216:W
Q;T,P;L,"127,72",0.0,6EQE,127:P,72:L
Q;S,P;P,"127,245",0.0,6EQE,127:P,245:P
Q;I,P;W,"127,111",0.0,6EQE,127:P,111:W
Q;L,P;D,"127,249",0.0,6EQE,127:P,249:D
Q;E,P;K,"127,231",0.0,6EQE,127:P,231:K
Q;D,P;K,"127,263",0.0,6EQE,127:P,263:K
Q;T,P;M,"127,51",0.0,6EQE,127:P,51:M
Q;L,P;E,"127,216",0.0,6EQE,127:P,216:E
Q;S,P;T,"127,121",0.0,6EQE,127:P,121:T
Q;I,P;H,"127,145",0.0,6EQE,127:P,145:H
Q;I,P;L,"127,145",0.0,6EQE,127:P,145:L
Q;H,P;M,"127,104",0.0,6EQE,127:P,104:M
Q;R,P;P,"127,280",0.0,6EQE,127:P,280:P
Q;L,P;F,"127,216",0.0,6EQE,127:P,216:F
Q;S,P;D,"127,103",0.0,6EQE,127:P,103:D
Q;I,P;V,"127,200",0.0,6EQE,127:P,200:V
Q;T,P;K,"127,88",0.0,6EQE,127:P,88:K
Q;N,P;K,"127,138",0.0,6EQE,127:P,138:K
Q;A,P;L,"127,65",0.0,6EQE,127:P,65:L
Q;Q,P;T,"127,91",0.0,6EQE,127:P,91:T
Q;G,P;D,"127,163",0.0,6EQE,127:P,163:D
Q;A,P;M,"127,65",0.0,6EQE,127:P,65:M
Q;K,P;L,"127,252",0.0,6EQE,127:P,252:L
Q;V,P;D,"127,57",0.0,6EQE,127:P,57:D
Q;V,P;C,"127,281",0.0,6EQE,127:P,281:C
Q;T,P;V,"127,72",0.0,6EQE,127:P,72:V
Q;Q,P;N,"127,133",0.0,6EQE,127:P,133:N
Q;R,P;K,"127,53",0.0,6EQE,127:P,53:K
Q;S,P;P,"127,125",0.0,6EQE,127:P,125:P
Q;T,P;Q,"127,88",0.0,6EQE,127:P,88:Q
Q;N,P;L,"127,138",0.0,6EQE,127:P,138:L
Q;H,P;R,"127,104",0.0,6EQE,127:P,104:R
Q;W,P;P,"127,159",0.0,6EQE,127:P,159:P
Q;S,P;Y,"127,242",0.0,6EQE,127:P,242:Y
Q;A,P;F,"127,65",0.0,6EQE,127:P,65:F
Q;G,P;H,"127,251",0.0,6EQE,127:P,251:H
Q;L,P;P,"127,216",0.0,6EQE,127:P,216:P
Q;S,P;W,"127,58",0.0,6EQE,127:P,58:W
Q;A,P;E,"127,152",0.0,6EQE,127:P,152:E
Q;T,P;N,"127,88",0.0,6EQE,127:P,88:N
Q;T,P;N,"127,198",0.0,6EQE,127:P,198:N
Q;S,P;K,"127,58",0.0,6EQE,127:P,58:K
Q;L,P;C,"127,249",0.0,6EQE,127:P,249:C
Q;N,P;T,"127,190",0.0,6EQE,127:P,190:T
Q;S,P;V,"127,223",0.0,6EQE,127:P,223:V
Q;A,P;W,"127,65",0.0,6EQE,127:P,65:W
Q;K,P;Y,"127,253",0.0,6EQE,127:P,253:Y
Q;R,P;S,"127,90",0.0,6EQE,127:P,90:S
Q;T,P;M,"127,29",0.0,6EQE,127:P,29:M
Q;M,P;L,"127,262",0.0,6EQE,127:P,262:L
Q;A,P;L,"127,272",0.0,6EQE,127:P,272:L
Q;R,P;N,"127,90",0.0,6EQE,127:P,90:N
Q;R,P;T,"127,90",0.0,6EQE,127:P,90:T
Q;G,P;T,"127,254",0.0,6EQE,127:P,254:T
Q;R,P;P,"127,90",0.0,6EQE,127:P,90:P
Q;N,P;Y,"127,37",0.0,6EQE,127:P,37:Y
Q;Q,P;I,"127,182",0.0,6EQE,127:P,182:I
Q;R,P;A,"127,90",0.0,6EQE,127:P,90:A
Q;K,P;F,"127,253",0.0,6EQE,127:P,253:F
Q;Y,P;S,"127,63",0.0,6EQE,127:P,63:S
Q;Q,P;L,"127,182",0.0,6EQE,127:P,182:L
Q;K,P;A,"127,253",0.0,6EQE,127:P,253:A
Q;K,P;V,"127,253",0.0,6EQE,127:P,253:V
Q;Q,P;F,"127,182",0.0,6EQE,127:P,182:F
Q;R,P;D,"127,90",0.0,6EQE,127:P,90:D
Q;Y,P;T,"127,63",0.0,6EQE,127:P,63:T
Q;Q,P;V,"127,182",0.0,6EQE,127:P,182:V
Q;K,P;L,"127,253",0.0,6EQE,127:P,253:L
Q;C,P;S,"127,289",0.0,6EQE,127:P,289:S
Q;Y,P;G,"127,63",0.0,6EQE,127:P,63:G
Q;M,P;V,"127,154",0.0,6EQE,127:P,154:V
Q;A,P;D,"127,226",0.0,6EQE,127:P,226:D
Q;C,P;A,"127,289",0.0,6EQE,127:P,289:A
Q;R,P;Q,"127,224",0.0,6EQE,127:P,224:Q
Q;N,P;K,"127,233",0.0,6EQE,127:P,233:K
Q;S,P;E,"127,136",0.0,6EQE,127:P,136:E
Q;D,P;N,"127,186",0.0,6EQE,127:P,186:N
Q;R,P;A,"127,280",0.0,6EQE,127:P,280:A
Q;S,P;F,"127,238",0.0,6EQE,127:P,238:F
Q;S,P;Q,"127,188",0.0,6EQE,127:P,188:Q
Q;S,P;H,"127,214",0.0,6EQE,127:P,214:H
Q;L,P;F,"127,117",0.0,6EQE,127:P,117:F
Q;Q,P;Y,"127,119",0.0,6EQE,127:P,119:Y
Q;G,P;A,"127,165",0.0,6EQE,127:P,165:A
Q;S,P;E,"127,121",0.0,6EQE,127:P,121:E
Q;I,P;R,"127,168",0.0,6EQE,127:P,168:R
Q;N,P;H,"127,205",0.0,6EQE,127:P,205:H
Q;S,P;Y,"127,269",0.0,6EQE,127:P,269:Y
Q;S,P;T,"127,214",0.0,6EQE,127:P,214:T
Q;I,P;R,"127,218",0.0,6EQE,127:P,218:R
Q;P,P;K,"127,120",0.0,6EQE,127:P,120:K
Q;M,P;H,"127,161",0.0,6EQE,127:P,161:H
Q;I,P;H,"127,168",0.0,6EQE,127:P,168:H
Q;N,P;K,"127,114",0.0,6EQE,127:P,114:K
Q;P,P;V,"127,184",0.0,6EQE,127:P,184:V
Q;W,P;P,"127,185",0.0,6EQE,127:P,185:P
Q;S,P;H,"127,187",0.0,6EQE,127:P,187:H
Q;S,P;P,"127,188",0.0,6EQE,127:P,188:P
Q;T,P;Y,"127,189",0.0,6EQE,127:P,189:Y
Q;F,P;M,"127,191",0.0,6EQE,127:P,191:M
S;A,N;Y,"103,179",0.0,6EQE,103:N,179:Y
S;W,N;K,"103,257",0.0,6EQE,103:N,257:K
S;L,N;M,"103,216",0.0,6EQE,103:N,216:M
S;Q,N;E,"103,127",0.0,6EQE,103:N,127:E
S;G,N;A,"103,243",0.0,6EQE,103:N,243:A
S;A,N;N,"103,226",0.0,6EQE,103:N,226:N
S;L,N;I,"103,216",0.0,6EQE,103:N,216:I
S;C,N;L,"103,289",0.0,6EQE,103:N,289:L
S;S,N;E,"103,207",0.0,6EQE,103:N,207:E
S;M,N;L,"103,154",0.0,6EQE,103:N,154:L
S;M,N;P,"103,222",0.0,6EQE,103:N,222:P
S;G,N;T,"103,251",0.0,6EQE,103:N,251:T
S;P,N;L,"103,38",0.0,6EQE,103:N,38:L
S;L,N;W,"103,216",0.0,6EQE,103:N,216:W
S;T,N;L,"103,72",0.0,6EQE,103:N,72:L
S;S,N;P,"103,245",0.0,6EQE,103:N,245:P
S;I,N;W,"103,111",0.0,6EQE,103:N,111:W
S;L,N;D,"103,249",0.0,6EQE,103:N,249:D
S;E,N;K,"103,231",0.0,6EQE,103:N,231:K
S;D,N;K,"103,263",0.0,6EQE,103:N,263:K
S;T,N;M,"103,51",0.0,6EQE,103:N,51:M
S;L,N;E,"103,216",0.0,6EQE,103:N,216:E
S;S,N;T,"103,121",0.0,6EQE,103:N,121:T
S;I,N;H,"103,145",0.0,6EQE,103:N,145:H
S;I,N;L,"103,145",0.0,6EQE,103:N,145:L
S;H,N;M,"103,104",0.0,6EQE,103:N,104:M
S;R,N;P,"103,280",0.0,6EQE,103:N,280:P
S;L,N;F,"103,216",0.0,6EQE,103:N,216:F
S;I,N;V,"103,200",0.0,6EQE,103:N,200:V
S;T,N;K,"103,88",0.0,6EQE,103:N,88:K
S;N,N;K,"103,138",0.0,6EQE,103:N,138:K
S;A,N;L,"103,65",0.0,6EQE,103:N,65:L
S;Q,N;T,"103,91",0.0,6EQE,103:N,91:T
S;G,N;D,"103,163",0.0,6EQE,103:N,163:D
S;A,N;M,"103,65",0.0,6EQE,103:N,65:M
S;K,N;L,"103,252",0.0,6EQE,103:N,252:L
S;V,N;D,"103,57",0.0,6EQE,103:N,57:D
S;Q,N;V,"103,127",0.0,6EQE,103:N,127:V
S;V,N;C,"103,281",0.0,6EQE,103:N,281:C
S;T,N;V,"103,72",0.0,6EQE,103:N,72:V
S;Q,N;N,"103,133",0.0,6EQE,103:N,133:N
S;R,N;K,"103,53",0.0,6EQE,103:N,53:K
S;S,N;P,"103,125",0.0,6EQE,103:N,125:P
S;T,N;Q,"103,88",0.0,6EQE,103:N,88:Q
S;N,N;L,"103,138",0.0,6EQE,103:N,138:L
S;H,N;R,"103,104",0.0,6EQE,103:N,104:R
S;W,N;P,"103,159",0.0,6EQE,103:N,159:P
S;S,N;Y,"103,242",0.0,6EQE,103:N,242:Y
S;A,N;F,"103,65",0.0,6EQE,103:N,65:F
S;G,N;H,"103,251",0.0,6EQE,103:N,251:H
S;L,N;P,"103,216",0.0,6EQE,103:N,216:P
S;S,N;W,"103,58",0.0,6EQE,103:N,58:W
S;A,N;E,"103,152",0.0,6EQE,103:N,152:E
S;T,N;N,"103,88",0.0,6EQE,103:N,88:N
S;T,N;N,"103,198",0.0,6EQE,103:N,198:N
S;S,N;K,"103,58",0.0,6EQE,103:N,58:K
S;L,N;C,"103,249",0.0,6EQE,103:N,249:C
S;N,N;T,"103,190",0.0,6EQE,103:N,190:T
S;S,N;V,"103,223",0.0,6EQE,103:N,223:V
S;A,N;W,"103,65",0.0,6EQE,103:N,65:W
S;K,N;Y,"103,253",0.0,6EQE,103:N,253:Y
S;R,N;S,"103,90",0.0,6EQE,103:N,90:S
S;T,N;M,"103,29",0.0,6EQE,103:N,29:M
S;M,N;L,"103,262",0.0,6EQE,103:N,262:L
S;A,N;L,"103,272",0.0,6EQE,103:N,272:L
S;R,N;N,"103,90",0.0,6EQE,103:N,90:N
S;R,N;T,"103,90",0.0,6EQE,103:N,90:T
S;G,N;T,"103,254",0.0,6EQE,103:N,254:T
S;R,N;P,"103,90",0.0,6EQE,103:N,90:P
S;N,N;Y,"103,37",0.0,6EQE,103:N,37:Y
S;Q,N;I,"103,182",0.0,6EQE,103:N,182:I
S;R,N;A,"103,90",0.0,6EQE,103:N,90:A
S;K,N;F,"103,253",0.0,6EQE,103:N,253:F
S;Y,N;S,"103,63",0.0,6EQE,103:N,63:S
S;Q,N;M,"103,127",0.0,6EQE,103:N,127:M
S;Q,N;L,"103,182",0.0,6EQE,103:N,182:L
S;K,N;A,"103,253",0.0,6EQE,103:N,253:A
S;K,N;V,"103,253",0.0,6EQE,103:N,253:V
S;Q,N;F,"103,182",0.0,6EQE,103:N,182:F
S;R,N;D,"103,90",0.0,6EQE,103:N,90:D
S;Q,N;A,"103,127",0.0,6EQE,103:N,127:A
S;Y,N;T,"103,63",0.0,6EQE,103:N,63:T
S;Q,N;V,"103,182",0.0,6EQE,103:N,182:V
S;K,N;L,"103,253",0.0,6EQE,103:N,253:L
S;C,N;S,"103,289",0.0,6EQE,103:N,289:S
S;Y,N;G,"103,63",0.0,6EQE,103:N,63:G
S;M,N;V,"103,154",0.0,6EQE,103:N,154:V
S;Q,N;T,"103,127",0.0,6EQE,103:N,127:T
S;A,N;D,"103,226",0.0,6EQE,103:N,226:D
S;C,N;A,"103,289",0.0,6EQE,103:N,289:A
S;R,N;Q,"103,224",0.0,6EQE,103:N,224:Q
S;N,N;K,"103,233",0.0,6EQE,103:N,233:K
S;S,N;E,"103,136",0.0,6EQE,103:N,136:E
S;D,N;N,"103,186",0.0,6EQE,103:N,186:N
S;R,N;A,"103,280",0.0,6EQE,103:N,280:A
S;S,N;F,"103,238",0.0,6EQE,103:N,238:F
S;S,N;Q,"103,188",0.0,6EQE,103:N,188:Q
S;S,N;H,"103,214",0.0,6EQE,103:N,214:H
S;L,N;F,"103,117",0.0,6EQE,103:N,117:F
S;Q,N;Y,"103,119",0.0,6EQE,103:N,119:Y
S;G,N;A,"103,165",0.0,6EQE,103:N,165:A
S;S,N;E,"103,121",0.0,6EQE,103:N,121:E
S;I,N;R,"103,168",0.0,6EQE,103:N,168:R
S;N,N;H,"103,205",0.0,6EQE,103:N,205:H
S;S,N;Y,"103,269",0.0,6EQE,103:N,269:Y
S;S,N;T,"103,214",0.0,6EQE,103:N,214:T
S;I,N;R,"103,218",0.0,6EQE,103:N,218:R
S;P,N;K,"103,120",0.0,6EQE,103:N,120:K
S;M,N;H,"103,161",0.0,6EQE,103:N,161:H
S;I,N;H,"103,168",0.0,6EQE,103:N,168:H
S;N,N;K,"103,114",0.0,6EQE,103:N,114:K
S;P,N;V,"103,184",0.0,6EQE,103:N,184:V
S;W,N;P,"103,185",0.0,6EQE,103:N,185:P
S;S,N;H,"103,187",0.0,6EQE,103:N,187:H
S;S,N;P,"103,188",0.0,6EQE,103:N,188:P
S;T,N;Y,"103,189",0.0,6EQE,103:N,189:Y
S;F,N;M,"103,191",0.0,6EQE,103:N,191:M
A;W,Y;K,"179,257",0.0,6EQE,179:Y,257:K
A;L,Y;M,"179,216",0.0,6EQE,179:Y,216:M
A;Q,Y;E,"179,127",0.0,6EQE,179:Y,127:E
A;G,Y;A,"179,243",0.0,6EQE,179:Y,243:A
A;A,Y;N,"179,226",0.0,6EQE,179:Y,226:N
A;L,Y;I,"179,216",0.0,6EQE,179:Y,216:I
A;C,Y;L,"179,289",0.0,6EQE,179:Y,289:L
A;S,Y;E,"179,207",0.0,6EQE,179:Y,207:E
A;M,Y;L,"179,154",0.0,6EQE,179:Y,154:L
A;M,Y;P,"179,222",0.0,6EQE,179:Y,222:P
A;G,Y;T,"179,251",0.0,6EQE,179:Y,251:T
A;P,Y;L,"179,38",0.0,6EQE,179:Y,38:L
A;L,Y;W,"179,216",0.0,6EQE,179:Y,216:W
A;T,Y;L,"179,72",0.0,6EQE,179:Y,72:L
A;S,Y;P,"179,245",0.0,6EQE,179:Y,245:P
A;I,Y;W,"179,111",0.0,6EQE,179:Y,111:W
A;L,Y;D,"179,249",0.0,6EQE,179:Y,249:D
A;E,Y;K,"179,231",0.0,6EQE,179:Y,231:K
A;D,Y;K,"179,263",0.0,6EQE,179:Y,263:K
A;T,Y;M,"179,51",0.0,6EQE,179:Y,51:M
A;L,Y;E,"179,216",0.0,6EQE,179:Y,216:E
A;S,Y;T,"179,121",0.0,6EQE,179:Y,121:T
A;I,Y;H,"179,145",0.0,6EQE,179:Y,145:H
A;I,Y;L,"179,145",0.0,6EQE,179:Y,145:L
A;H,Y;M,"179,104",0.0,6EQE,179:Y,104:M
A;R,Y;P,"179,280",0.0,6EQE,179:Y,280:P
A;L,Y;F,"179,216",0.0,6EQE,179:Y,216:F
A;S,Y;D,"179,103",0.0,6EQE,179:Y,103:D
A;I,Y;V,"179,200",0.0,6EQE,179:Y,200:V
A;T,Y;K,"179,88",0.0,6EQE,179:Y,88:K
A;N,Y;K,"179,138",0.0,6EQE,179:Y,138:K
A;A,Y;L,"179,65",0.0,6EQE,179:Y,65:L
A;Q,Y;T,"179,91",0.0,6EQE,179:Y,91:T
A;G,Y;D,"179,163",0.0,6EQE,179:Y,163:D
A;A,Y;M,"179,65",0.0,6EQE,179:Y,65:M
A;K,Y;L,"179,252",0.0,6EQE,179:Y,252:L
A;V,Y;D,"179,57",0.0,6EQE,179:Y,57:D
A;Q,Y;V,"179,127",0.0,6EQE,179:Y,127:V
A;V,Y;C,"179,281",0.0,6EQE,179:Y,281:C
A;T,Y;V,"179,72",0.0,6EQE,179:Y,72:V
A;Q,Y;N,"179,133",0.0,6EQE,179:Y,133:N
A;R,Y;K,"179,53",0.0,6EQE,179:Y,53:K
A;S,Y;P,"179,125",0.0,6EQE,179:Y,125:P
A;T,Y;Q,"179,88",0.0,6EQE,179:Y,88:Q
A;N,Y;L,"179,138",0.0,6EQE,179:Y,138:L
A;H,Y;R,"179,104",0.0,6EQE,179:Y,104:R
A;W,Y;P,"179,159",0.0,6EQE,179:Y,159:P
A;S,Y;Y,"179,242",0.0,6EQE,179:Y,242:Y
A;A,Y;F,"179,65",0.0,6EQE,179:Y,65:F
A;G,Y;H,"179,251",0.0,6EQE,179:Y,251:H
A;L,Y;P,"179,216",0.0,6EQE,179:Y,216:P
A;S,Y;W,"179,58",0.0,6EQE,179:Y,58:W
A;A,Y;E,"179,152",0.0,6EQE,179:Y,152:E
A;T,Y;N,"179,88",0.0,6EQE,179:Y,88:N
A;T,Y;N,"179,198",0.0,6EQE,179:Y,198:N
A;S,Y;K,"179,58",0.0,6EQE,179:Y,58:K
A;L,Y;C,"179,249",0.0,6EQE,179:Y,249:C
A;N,Y;T,"179,190",0.0,6EQE,179:Y,190:T
A;S,Y;V,"179,223",0.0,6EQE,179:Y,223:V
A;A,Y;W,"179,65",0.0,6EQE,179:Y,65:W
A;K,Y;Y,"179,253",0.0,6EQE,179:Y,253:Y
A;R,Y;S,"179,90",0.0,6EQE,179:Y,90:S
A;T,Y;M,"179,29",0.0,6EQE,179:Y,29:M
A;M,Y;L,"179,262",0.0,6EQE,179:Y,262:L
A;A,Y;L,"179,272",0.0,6EQE,179:Y,272:L
A;R,Y;N,"179,90",0.0,6EQE,179:Y,90:N
A;R,Y;T,"179,90",0.0,6EQE,179:Y,90:T
A;G,Y;T,"179,254",0.0,6EQE,179:Y,254:T
A;R,Y;P,"179,90",0.0,6EQE,179:Y,90:P
A;N,Y;Y,"179,37",0.0,6EQE,179:Y,37:Y
A;Q,Y;I,"179,182",0.0,6EQE,179:Y,182:I
A;R,Y;A,"179,90",0.0,6EQE,179:Y,90:A
A;K,Y;F,"179,253",0.0,6EQE,179:Y,253:F
A;Y,Y;S,"179,63",0.0,6EQE,179:Y,63:S
A;Q,Y;M,"179,127",0.0,6EQE,179:Y,127:M
A;Q,Y;L,"179,182",0.0,6EQE,179:Y,182:L
A;K,Y;A,"179,253",0.0,6EQE,179:Y,253:A
A;K,Y;V,"179,253",0.0,6EQE,179:Y,253:V
A;Q,Y;F,"179,182",0.0,6EQE,179:Y,182:F
A;R,Y;D,"179,90",0.0,6EQE,179:Y,90:D
A;Q,Y;A,"179,127",0.0,6EQE,179:Y,127:A
A;Y,Y;T,"179,63",0.0,6EQE,179:Y,63:T
A;Q,Y;V,"179,182",0.0,6EQE,179:Y,182:V
A;K,Y;L,"179,253",0.0,6EQE,179:Y,253:L
A;C,Y;S,"179,289",0.0,6EQE,179:Y,289:S
A;Y,Y;G,"179,63",0.0,6EQE,179:Y,63:G
A;M,Y;V,"179,154",0.0,6EQE,179:Y,154:V
A;Q,Y;T,"179,127",0.0,6EQE,179:Y,127:T
A;A,Y;D,"179,226",0.0,6EQE,179:Y,226:D
A;C,Y;A,"179,289",0.0,6EQE,179:Y,289:A
A;R,Y;Q,"179,224",0.0,6EQE,179:Y,224:Q
A;N,Y;K,"179,233",0.0,6EQE,179:Y,233:K
A;S,Y;E,"179,136",0.0,6EQE,179:Y,136:E
A;D,Y;N,"179,186",0.0,6EQE,179:Y,186:N
A;R,Y;A,"179,280",0.0,6EQE,179:Y,280:A
A;S,Y;F,"179,238",0.0,6EQE,179:Y,238:F
A;S,Y;Q,"179,188",0.0,6EQE,179:Y,188:Q
A;S,Y;H,"179,214",0.0,6EQE,179:Y,214:H
A;L,Y;F,"179,117",0.0,6EQE,179:Y,117:F
A;Q,Y;Y,"179,119",0.0,6EQE,179:Y,119:Y
A;G,Y;A,"179,165",0.0,6EQE,179:Y,165:A
A;S,Y;E,"179,121",0.0,6EQE,179:Y,121:E
A;I,Y;R,"179,168",0.0,6EQE,179:Y,168:R
A;N,Y;H,"179,205",0.0,6EQE,179:Y,205:H
A;S,Y;Y,"179,269",0.0,6EQE,179:Y,269:Y
A;S,Y;T,"179,214",0.0,6EQE,179:Y,214:T
A;I,Y;R,"179,218",0.0,6EQE,179:Y,218:R
A;P,Y;K,"179,120",0.0,6EQE,179:Y,120:K
A;M,Y;H,"179,161",0.0,6EQE,179:Y,161:H
A;I,Y;H,"179,168",0.0,6EQE,179:Y,168:H
A;N,Y;K,"179,114",0.0,6EQE,179:Y,114:K
A;P,Y;V,"179,184",0.0,6EQE,179:Y,184:V
A;W,Y;P,"179,185",0.0,6EQE,179:Y,185:P
A;S,Y;H,"179,187",0.0,6EQE,179:Y,187:H
A;S,Y;P,"179,188",0.0,6EQE,179:Y,188:P
A;T,Y;Y,"179,189",0.0,6EQE,179:Y,189:Y
A;F,Y;M,"179,191",0.0,6EQE,179:Y,191:M
W;L,K;M,"257,216",0.0,6EQE,257:K,216:M
W;Q,K;E,"257,127",0.0,6EQE,257:K,127:E
W;G,K;A,"257,243",0.0,6EQE,257:K,243:A
W;A,K;N,"257,226",0.0,6EQE,257:K,226:N
W;L,K;I,"257,216",0.0,6EQE,257:K,216:I
W;C,K;L,"257,289",0.0,6EQE,257:K,289:L
W;S,K;E,"257,207",0.0,6EQE,257:K,207:E
W;M,K;L,"257,154",0.0,6EQE,257:K,154:L
W;M,K;P,"257,222",0.0,6EQE,257:K,222:P
W;G,K;T,"257,251",0.0,6EQE,257:K,251:T
W;P,K;L,"257,38",0.0,6EQE,257:K,38:L
W;L,K;W,"257,216",0.0,6EQE,257:K,216:W
W;T,K;L,"257,72",0.0,6EQE,257:K,72:L
W;S,K;P,"257,245",0.0,6EQE,257:K,245:P
W;I,K;W,"257,111",0.0,6EQE,257:K,111:W
W;L,K;D,"257,249",0.0,6EQE,257:K,249:D
W;E,K;K,"257,231",0.0,6EQE,257:K,231:K
W;D,K;K,"257,263",0.0,6EQE,257:K,263:K
W;T,K;M,"257,51",0.0,6EQE,257:K,51:M
W;L,K;E,"257,216",0.0,6EQE,257:K,216:E
W;S,K;T,"257,121",0.0,6EQE,257:K,121:T
W;I,K;H,"257,145",0.0,6EQE,257:K,145:H
W;I,K;L,"257,145",0.0,6EQE,257:K,145:L
W;H,K;M,"257,104",0.0,6EQE,257:K,104:M
W;R,K;P,"257,280",0.0,6EQE,257:K,280:P
W;L,K;F,"257,216",0.0,6EQE,257:K,216:F
W;S,K;D,"257,103",0.0,6EQE,257:K,103:D
W;I,K;V,"257,200",0.0,6EQE,257:K,200:V
W;T,K;K,"257,88",0.0,6EQE,257:K,88:K
W;N,K;K,"257,138",0.0,6EQE,257:K,138:K
W;A,K;L,"257,65",0.0,6EQE,257:K,65:L
W;Q,K;T,"257,91",0.0,6EQE,257:K,91:T
W;G,K;D,"257,163",0.0,6EQE,257:K,163:D
W;A,K;M,"257,65",0.0,6EQE,257:K,65:M
W;K,K;L,"257,252",0.0,6EQE,257:K,252:L
W;V,K;D,"257,57",0.0,6EQE,257:K,57:D
W;Q,K;V,"257,127",0.0,6EQE,257:K,127:V
W;V,K;C,"257,281",0.0,6EQE,257:K,281:C
W;T,K;V,"257,72",0.0,6EQE,257:K,72:V
W;Q,K;N,"257,133",0.0,6EQE,257:K,133:N
W;R,K;K,"257,53",0.0,6EQE,257:K,53:K
W;S,K;P,"257,125",0.0,6EQE,257:K,125:P
W;T,K;Q,"257,88",0.0,6EQE,257:K,88:Q
W;N,K;L,"257,138",0.0,6EQE,257:K,138:L
W;H,K;R,"257,104",0.0,6EQE,257:K,104:R
W;W,K;P,"257,159",0.0,6EQE,257:K,159:P
W;S,K;Y,"257,242",0.0,6EQE,257:K,242:Y
W;A,K;F,"257,65",0.0,6EQE,257:K,65:F
W;G,K;H,"257,251",0.0,6EQE,257:K,251:H
W;L,K;P,"257,216",0.0,6EQE,257:K,216:P
W;S,K;W,"257,58",0.0,6EQE,257:K,58:W
W;A,K;E,"257,152",0.0,6EQE,257:K,152:E
W;T,K;N,"257,88",0.0,6EQE,257:K,88:N
W;T,K;N,"257,198",0.0,6EQE,257:K,198:N
W;S,K;K,"257,58",0.0,6EQE,257:K,58:K
W;L,K;C,"257,249",0.0,6EQE,257:K,249:C
W;N,K;T,"257,190",0.0,6EQE,257:K,190:T
W;S,K;V,"257,223",0.0,6EQE,257:K,223:V
W;A,K;W,"257,65",0.0,6EQE,257:K,65:W
W;K,K;Y,"257,253",0.0,6EQE,257:K,253:Y
W;R,K;S,"257,90",0.0,6EQE,257:K,90:S
W;T,K;M,"257,29",0.0,6EQE,257:K,29:M
W;M,K;L,"257,262",0.0,6EQE,257:K,262:L
W;A,K;L,"257,272",0.0,6EQE,257:K,272:L
W;R,K;N,"257,90",0.0,6EQE,257:K,90:N
W;R,K;T,"257,90",0.0,6EQE,257:K,90:T
W;G,K;T,"257,254",0.0,6EQE,257:K,254:T
W;R,K;P,"257,90",0.0,6EQE,257:K,90:P
W;N,K;Y,"257,37",0.0,6EQE,257:K,37:Y
W;Q,K;I,"257,182",0.0,6EQE,257:K,182:I
W;R,K;A,"257,90",0.0,6EQE,257:K,90:A
W;K,K;F,"257,253",0.0,6EQE,257:K,253:F
W;Y,K;S,"257,63",0.0,6EQE,257:K,63:S
W;Q,K;M,"257,127",0.0,6EQE,257:K,127:M
W;Q,K;L,"257,182",0.0,6EQE,257:K,182:L
W;K,K;A,"257,253",0.0,6EQE,257:K,253:A
W;K,K;V,"257,253",0.0,6EQE,257:K,253:V
W;Q,K;F,"257,182",0.0,6EQE,257:K,182:F
W;R,K;D,"257,90",0.0,6EQE,257:K,90:D
W;Q,K;A,"257,127",0.0,6EQE,257:K,127:A
W;Y,K;T,"257,63",0.0,6EQE,257:K,63:T
W;Q,K;V,"257,182",0.0,6EQE,257:K,182:V
W;K,K;L,"257,253",0.0,6EQE,257:K,253:L
W;C,K;S,"257,289",0.0,6EQE,257:K,289:S
W;Y,K;G,"257,63",0.0,6EQE,257:K,63:G
W;M,K;V,"257,154",0.0,6EQE,257:K,154:V
W;Q,K;T,"257,127",0.0,6EQE,257:K,127:T
W;A,K;D,"257,226",0.0,6EQE,257:K,226:D
W;C,K;A,"257,289",0.0,6EQE,257:K,289:A
W;R,K;Q,"257,224",0.0,6EQE,257:K,224:Q
W;N,K;K,"257,233",0.0,6EQE,257:K,233:K
W;S,K;E,"257,136",0.0,6EQE,257:K,136:E
W;D,K;N,"257,186",0.0,6EQE,257:K,186:N
W;R,K;A,"257,280",0.0,6EQE,257:K,280:A
W;S,K;F,"257,238",0.0,6EQE,257:K,238:F
W;S,K;Q,"257,188",0.0,6EQE,257:K,188:Q
W;S,K;H,"257,214",0.0,6EQE,257:K,214:H
W;L,K;F,"257,117",0.0,6EQE,257:K,117:F
W;Q,K;Y,"257,119",0.0,6EQE,257:K,119:Y
W;G,K;A,"257,165",0.0,6EQE,257:K,165:A
W;S,K;E,"257,121",0.0,6EQE,257:K,121:E
W;I,K;R,"257,168",0.0,6EQE,257:K,168:R
W;N,K;H,"257,205",0.0,6EQE,257:K,205:H
W;S,K;Y,"257,269",0.0,6EQE,257:K,269:Y
W;S,K;T,"257,214",0.0,6EQE,257:K,214:T
W;I,K;R,"257,218",0.0,6EQE,257:K,218:R
W;P,K;K,"257,120",0.0,6EQE,257:K,120:K
W;M,K;H,"257,161",0.0,6EQE,257:K,161:H
W;I,K;H,"257,168",0.0,6EQE,257:K,168:H
W;N,K;K,"257,114",0.0,6EQE,257:K,114:K
W;P,K;V,"257,184",0.0,6EQE,257:K,184:V
W;W,K;P,"257,185",0.0,6EQE,257:K,185:P
W;S,K;H,"257,187",0.0,6EQE,257:K,187:H
W;S,K;P,"257,188",0.0,6EQE,257:K,188:P
W;T,K;Y,"257,189",0.0,6EQE,257:K,189:Y
W;F,K;M,"257,191",0.0,6EQE,257:K,191:M
L;Q,M;E,"216,127",0.0,6EQE,216:M,127:E
L;G,M;A,"216,243",0.0,6EQE,216:M,243:A
L;A,M;N,"216,226",0.0,6EQE,216:M,226:N
L;C,M;L,"216,289",0.0,6EQE,216:M,289:L
L;S,M;E,"216,207",0.0,6EQE,216:M,207:E
L;M,M;L,"216,154",0.0,6EQE,216:M,154:L
L;M,M;P,"216,222",0.0,6EQE,216:M,222:P
L;G,M;T,"216,251",0.0,6EQE,216:M,251:T
L;P,M;L,"216,38",0.0,6EQE,216:M,38:L
L;T,M;L,"216,72",0.0,6EQE,216:M,72:L
L;S,M;P,"216,245",0.0,6EQE,216:M,245:P
L;I,M;W,"216,111",0.0,6EQE,216:M,111:W
L;L,M;D,"216,249",0.0,6EQE,216:M,249:D
L;E,M;K,"216,231",0.0,6EQE,216:M,231:K
L;D,M;K,"216,263",0.0,6EQE,216:M,263:K
L;T,M;M,"216,51",0.0,6EQE,216:M,51:M
L;S,M;T,"216,121",0.0,6EQE,216:M,121:T
L;I,M;H,"216,145",0.0,6EQE,216:M,145:H
L;I,M;L,"216,145",0.0,6EQE,216:M,145:L
L;H,M;M,"216,104",0.0,6EQE,216:M,104:M
L;R,M;P,"216,280",0.0,6EQE,216:M,280:P
L;S,M;D,"216,103",0.0,6EQE,216:M,103:D
L;I,M;V,"216,200",0.0,6EQE,216:M,200:V
L;T,M;K,"216,88",0.0,6EQE,216:M,88:K
L;N,M;K,"216,138",0.0,6EQE,216:M,138:K
L;A,M;L,"216,65",0.0,6EQE,216:M,65:L
L;Q,M;T,"216,91",0.0,6EQE,216:M,91:T
L;G,M;D,"216,163",0.0,6EQE,216:M,163:D
L;A,M;M,"216,65",0.0,6EQE,216:M,65:M
L;K,M;L,"216,252",0.0,6EQE,216:M,252:L
L;V,M;D,"216,57",0.0,6EQE,216:M,57:D
L;Q,M;V,"216,127",0.0,6EQE,216:M,127:V
L;V,M;C,"216,281",0.0,6EQE,216:M,281:C
L;T,M;V,"216,72",0.0,6EQE,216:M,72:V
L;Q,M;N,"216,133",0.0,6EQE,216:M,133:N
L;R,M;K,"216,53",0.0,6EQE,216:M,53:K
L;S,M;P,"216,125",0.0,6EQE,216:M,125:P
L;T,M;Q,"216,88",0.0,6EQE,216:M,88:Q
L;N,M;L,"216,138",0.0,6EQE,216:M,138:L
L;H,M;R,"216,104",0.0,6EQE,216:M,104:R
L;W,M;P,"216,159",0.0,6EQE,216:M,159:P
L;S,M;Y,"216,242",0.0,6EQE,216:M,242:Y
L;A,M;F,"216,65",0.0,6EQE,216:M,65:F
L;G,M;H,"216,251",0.0,6EQE,216:M,251:H
L;S,M;W,"216,58",0.0,6EQE,216:M,58:W
L;A,M;E,"216,152",0.0,6EQE,216:M,152:E
L;T,M;N,"216,88",0.0,6EQE,216:M,88:N
L;T,M;N,"216,198",0.0,6EQE,216:M,198:N
L;S,M;K,"216,58",0.0,6EQE,216:M,58:K
L;L,M;C,"216,249",0.0,6EQE,216:M,249:C
L;N,M;T,"216,190",0.0,6EQE,216:M,190:T
L;S,M;V,"216,223",0.0,6EQE,216:M,223:V
L;A,M;W,"216,65",0.0,6EQE,216:M,65:W
L;K,M;Y,"216,253",0.0,6EQE,216:M,253:Y
L;R,M;S,"216,90",0.0,6EQE,216:M,90:S
L;T,M;M,"216,29",0.0,6EQE,216:M,29:M
L;M,M;L,"216,262",0.0,6EQE,216:M,262:L
L;A,M;L,"216,272",0.0,6EQE,216:M,272:L
L;R,M;N,"216,90",0.0,6EQE,216:M,90:N
L;R,M;T,"216,90",0.0,6EQE,216:M,90:T
L;G,M;T,"216,254",0.0,6EQE,216:M,254:T
L;R,M;P,"216,90",0.0,6EQE,216:M,90:P
L;N,M;Y,"216,37",0.0,6EQE,216:M,37:Y
L;Q,M;I,"216,182",0.0,6EQE,216:M,182:I
L;R,M;A,"216,90",0.0,6EQE,216:M,90:A
L;K,M;F,"216,253",0.0,6EQE,216:M,253:F
L;Y,M;S,"216,63",0.0,6EQE,216:M,63:S
L;Q,M;M,"216,127",0.0,6EQE,216:M,127:M
L;Q,M;L,"216,182",0.0,6EQE,216:M,182:L
L;K,M;A,"216,253",0.0,6EQE,216:M,253:A
L;K,M;V,"216,253",0.0,6EQE,216:M,253:V
L;Q,M;F,"216,182",0.0,6EQE,216:M,182:F
L;R,M;D,"216,90",0.0,6EQE,216:M,90:D
L;Q,M;A,"216,127",0.0,6EQE,216:M,127:A
L;Y,M;T,"216,63",0.0,6EQE,216:M,63:T
L;Q,M;V,"216,182",0.0,6EQE,216:M,182:V
L;K,M;L,"216,253",0.0,6EQE,216:M,253:L
L;C,M;S,"216,289",0.0,6EQE,216:M,289:S
L;Y,M;G,"216,63",0.0,6EQE,216:M,63:G
L;M,M;V,"216,154",0.0,6EQE,216:M,154:V
L;Q,M;T,"216,127",0.0,6EQE,216:M,127:T
L;A,M;D,"216,226",0.0,6EQE,216:M,226:D
L;C,M;A,"216,289",0.0,6EQE,216:M,289:A
L;R,M;Q,"216,224",0.0,6EQE,216:M,224:Q
L;N,M;K,"216,233",0.0,6EQE,216:M,233:K
L;S,M;E,"216,136",0.0,6EQE,216:M,136:E
L;D,M;N,"216,186",0.0,6EQE,216:M,186:N
L;R,M;A,"216,280",0.0,6EQE,216:M,280:A
L;S,M;F,"216,238",0.0,6EQE,216:M,238:F
L;S,M;Q,"216,188",0.0,6EQE,216:M,188:Q
L;S,M;H,"216,214",0.0,6EQE,216:M,214:H
L;L,M;F,"216,117",0.0,6EQE,216:M,117:F
L;Q,M;Y,"216,119",0.0,6EQE,216:M,119:Y
L;G,M;A,"216,165",0.0,6EQE,216:M,165:A
L;S,M;E,"216,121",0.0,6EQE,216:M,121:E
L;I,M;R,"216,168",0.0,6EQE,216:M,168:R
L;N,M;H,"216,205",0.0,6EQE,216:M,205:H
L;S,M;Y,"216,269",0.0,6EQE,216:M,269:Y
L;S,M;T,"216,214",0.0,6EQE,216:M,214:T
L;I,M;R,"216,218",0.0,6EQE,216:M,218:R
L;P,M;K,"216,120",0.0,6EQE,216:M,120:K
L;M,M;H,"216,161",0.0,6EQE,216:M,161:H
L;I,M;H,"216,168",0.0,6EQE,216:M,168:H
L;N,M;K,"216,114",0.0,6EQE,216:M,114:K
L;P,M;V,"216,184",0.0,6EQE,216:M,184:V
L;W,M;P,"216,185",0.0,6EQE,216:M,185:P
L;S,M;H,"216,187",0.0,6EQE,216:M,187:H
L;S,M;P,"216,188",0.0,6EQE,216:M,188:P
L;T,M;Y,"216,189",0.0,6EQE,216:M,189:Y
L;F,M;M,"216,191",0.0,6EQE,216:M,191:M
Q;G,E;A,"127,243",0.0,6EQE,127:E,243:A
Q;A,E;N,"127,226",0.0,6EQE,127:E,226:N
Q;L,E;I,"127,216",0.0,6EQE,127:E,216:I
Q;C,E;L,"127,289",0.0,6EQE,127:E,289:L
Q;S,E;E,"127,207",0.0,6EQE,127:E,207:E
Q;M,E;L,"127,154",0.0,6EQE,127:E,154:L
Q;M,E;P,"127,222",0.0,6EQE,127:E,222:P
Q;G,E;T,"127,251",0.0,6EQE,127:E,251:T
Q;P,E;L,"127,38",0.0,6EQE,127:E,38:L
Q;L,E;W,"127,216",0.0,6EQE,127:E,216:W
Q;T,E;L,"127,72",0.0,6EQE,127:E,72:L
Q;S,E;P,"127,245",0.0,6EQE,127:E,245:P
Q;I,E;W,"127,111",0.0,6EQE,127:E,111:W
Q;L,E;D,"127,249",0.0,6EQE,127:E,249:D
Q;E,E;K,"127,231",0.0,6EQE,127:E,231:K
Q;D,E;K,"127,263",0.0,6EQE,127:E,263:K
Q;T,E;M,"127,51",0.0,6EQE,127:E,51:M
Q;L,E;E,"127,216",0.0,6EQE,127:E,216:E
Q;S,E;T,"127,121",0.0,6EQE,127:E,121:T
Q;I,E;H,"127,145",0.0,6EQE,127:E,145:H
Q;I,E;L,"127,145",0.0,6EQE,127:E,145:L
Q;H,E;M,"127,104",0.0,6EQE,127:E,104:M
Q;R,E;P,"127,280",0.0,6EQE,127:E,280:P
Q;L,E;F,"127,216",0.0,6EQE,127:E,216:F
Q;S,E;D,"127,103",0.0,6EQE,127:E,103:D
Q;I,E;V,"127,200",0.0,6EQE,127:E,200:V
Q;T,E;K,"127,88",0.0,6EQE,127:E,88:K
Q;N,E;K,"127,138",0.0,6EQE,127:E,138:K
Q;A,E;L,"127,65",0.0,6EQE,127:E,65:L
Q;Q,E;T,"127,91",0.0,6EQE,127:E,91:T
Q;G,E;D,"127,163",0.0,6EQE,127:E,163:D
Q;A,E;M,"127,65",0.0,6EQE,127:E,65:M
Q;K,E;L,"127,252",0.0,6EQE,127:E,252:L
Q;V,E;D,"127,57",0.0,6EQE,127:E,57:D
Q;V,E;C,"127,281",0.0,6EQE,127:E,281:C
Q;T,E;V,"127,72",0.0,6EQE,127:E,72:V
Q;Q,E;N,"127,133",0.0,6EQE,127:E,133:N
Q;R,E;K,"127,53",0.0,6EQE,127:E,53:K
Q;S,E;P,"127,125",0.0,6EQE,127:E,125:P
Q;T,E;Q,"127,88",0.0,6EQE,127:E,88:Q
Q;N,E;L,"127,138",0.0,6EQE,127:E,138:L
Q;H,E;R,"127,104",0.0,6EQE,127:E,104:R
Q;W,E;P,"127,159",0.0,6EQE,127:E,159:P
Q;S,E;Y,"127,242",0.0,6EQE,127:E,242:Y
Q;A,E;F,"127,65",0.0,6EQE,127:E,65:F
Q;G,E;H,"127,251",0.0,6EQE,127:E,251:H
Q;L,E;P,"127,216",0.0,6EQE,127:E,216:P
Q;S,E;W,"127,58",0.0,6EQE,127:E,58:W
Q;A,E;E,"127,152",0.0,6EQE,127:E,152:E
Q;T,E;N,"127,88",0.0,6EQE,127:E,88:N
Q;T,E;N,"127,198",0.0,6EQE,127:E,198:N
Q;S,E;K,"127,58",0.0,6EQE,127:E,58:K
Q;L,E;C,"127,249",0.0,6EQE,127:E,249:C
Q;N,E;T,"127,190",0.0,6EQE,127:E,190:T
Q;S,E;V,"127,223",0.0,6EQE,127:E,223:V
Q;A,E;W,"127,65",0.0,6EQE,127:E,65:W
Q;K,E;Y,"127,253",0.0,6EQE,127:E,253:Y
Q;R,E;S,"127,90",0.0,6EQE,127:E,90:S
Q;T,E;M,"127,29",0.0,6EQE,127:E,29:M
Q;M,E;L,"127,262",0.0,6EQE,127:E,262:L
Q;A,E;L,"127,272",0.0,6EQE,127:E,272:L
Q;R,E;N,"127,90",0.0,6EQE,127:E,90:N
Q;R,E;T,"127,90",0.0,6EQE,127:E,90:T
Q;G,E;T,"127,254",0.0,6EQE,127:E,254:T
Q;R,E;P,"127,90",0.0,6EQE,127:E,90:P
Q;N,E;Y,"127,37",0.0,6EQE,127:E,37:Y
Q;Q,E;I,"127,182",0.0,6EQE,127:E,182:I
Q;R,E;A,"127,90",0.0,6EQE,127:E,90:A
Q;K,E;F,"127,253",0.0,6EQE,127:E,253:F
Q;Y,E;S,"127,63",0.0,6EQE,127:E,63:S
Q;Q,E;L,"127,182",0.0,6EQE,127:E,182:L
Q;K,E;A,"127,253",0.0,6EQE,127:E,253:A
Q;K,E;V,"127,253",0.0,6EQE,127:E,253:V
Q;Q,E;F,"127,182",0.0,6EQE,127:E,182:F
Q;R,E;D,"127,90",0.0,6EQE,127:E,90:D
Q;Y,E;T,"127,63",0.0,6EQE,127:E,63:T
Q;Q,E;V,"127,182",0.0,6EQE,127:E,182:V
Q;K,E;L,"127,253",0.0,6EQE,127:E,253:L
Q;C,E;S,"127,289",0.0,6EQE,127:E,289:S
Q;Y,E;G,"127,63",0.0,6EQE,127:E,63:G
Q;M,E;V,"127,154",0.0,6EQE,127:E,154:V
Q;A,E;D,"127,226",0.0,6EQE,127:E,226:D
Q;C,E;A,"127,289",0.0,6EQE,127:E,289:A
Q;R,E;Q,"127,224",0.0,6EQE,127:E,224:Q
Q;N,E;K,"127,233",0.0,6EQE,127:E,233:K
Q;S,E;E,"127,136",0.0,6EQE,127:E,136:E
Q;D,E;N,"127,186",0.0,6EQE,127:E,186:N
Q;R,E;A,"127,280",0.0,6EQE,127:E,280:A
Q;S,E;F,"127,238",0.0,6EQE,127:E,238:F
Q;S,E;Q,"127,188",0.0,6EQE,127:E,188:Q
Q;S,E;H,"127,214",0.0,6EQE,127:E,214:H
Q;L,E;F,"127,117",0.0,6EQE,127:E,117:F
Q;Q,E;Y,"127,119",0.0,6EQE,127:E,119:Y
Q;G,E;A,"127,165",0.0,6EQE,127:E,165:A
Q;S,E;E,"127,121",0.0,6EQE,127:E,121:E
Q;I,E;R,"127,168",0.0,6EQE,127:E,168:R
Q;N,E;H,"127,205",0.0,6EQE,127:E,205:H
Q;S,E;Y,"127,269",0.0,6EQE,127:E,269:Y
Q;S,E;T,"127,214",0.0,6EQE,127:E,214:T
Q;I,E;R,"127,218",0.0,6EQE,127:E,218:R
Q;P,E;K,"127,120",0.0,6EQE,127:E,120:K
Q;M,E;H,"127,161",0.0,6EQE,127:E,161:H
Q;I,E;H,"127,168",0.0,6EQE,127:E,168:H
Q;N,E;K,"127,114",0.0,6EQE,127:E,114:K
Q;P,E;V,"127,184",0.0,6EQE,127:E,184:V
Q;W,E;P,"127,185",0.0,6EQE,127:E,185:P
Q;S,E;H,"127,187",0.0,6EQE,127:E,187:H
Q;S,E;P,"127,188",0.0,6EQE,127:E,188:P
Q;T,E;Y,"127,189",0.0,6EQE,127:E,189:Y
Q;F,E;M,"127,191",0.0,6EQE,127:E,191:M
G;A,A;N,"243,226",0.0,6EQE,243:A,226:N
G;L,A;I,"243,216",0.0,6EQE,243:A,216:I
G;C,A;L,"243,289",0.0,6EQE,243:A,289:L
G;S,A;E,"243,207",0.0,6EQE,243:A,207:E
G;M,A;L,"243,154",0.0,6EQE,243:A,154:L
G;M,A;P,"243,222",0.0,6EQE,243:A,222:P
G;G,A;T,"243,251",0.0,6EQE,243:A,251:T
G;P,A;L,"243,38",0.0,6EQE,243:A,38:L
G;L,A;W,"243,216",0.0,6EQE,243:A,216:W
G;T,A;L,"243,72",0.0,6EQE,243:A,72:L
G;S,A;P,"243,245",0.0,6EQE,243:A,245:P
G;I,A;W,"243,111",0.0,6EQE,243:A,111:W
G;L,A;D,"243,249",0.0,6EQE,243:A,249:D
G;E,A;K,"243,231",0.0,6EQE,243:A,231:K
G;D,A;K,"243,263",0.0,6EQE,243:A,263:K
G;T,A;M,"243,51",0.0,6EQE,243:A,51:M
G;L,A;E,"243,216",0.0,6EQE,243:A,216:E
G;S,A;T,"243,121",0.0,6EQE,243:A,121:T
G;I,A;H,"243,145",0.0,6EQE,243:A,145:H
G;I,A;L,"243,145",0.0,6EQE,243:A,145:L
G;H,A;M,"243,104",0.0,6EQE,243:A,104:M
G;R,A;P,"243,280",0.0,6EQE,243:A,280:P
G;L,A;F,"243,216",0.0,6EQE,243:A,216:F
G;S,A;D,"243,103",0.0,6EQE,243:A,103:D
G;I,A;V,"243,200",0.0,6EQE,243:A,200:V
G;T,A;K,"243,88",0.0,6EQE,243:A,88:K
G;N,A;K,"243,138",0.0,6EQE,243:A,138:K
G;A,A;L,"243,65",0.0,6EQE,243:A,65:L
G;Q,A;T,"243,91",0.0,6EQE,243:A,91:T
G;G,A;D,"243,163",0.0,6EQE,243:A,163:D
G;A,A;M,"243,65",0.0,6EQE,243:A,65:M
G;K,A;L,"243,252",0.0,6EQE,243:A,252:L
G;V,A;D,"243,57",0.0,6EQE,243:A,57:D
G;Q,A;V,"243,127",0.0,6EQE,243:A,127:V
G;V,A;C,"243,281",0.0,6EQE,243:A,281:C
G;T,A;V,"243,72",0.0,6EQE,243:A,72:V
G;Q,A;N,"243,133",0.0,6EQE,243:A,133:N
G;R,A;K,"243,53",0.0,6EQE,243:A,53:K
G;S,A;P,"243,125",0.0,6EQE,243:A,125:P
G;T,A;Q,"243,88",0.0,6EQE,243:A,88:Q
G;N,A;L,"243,138",0.0,6EQE,243:A,138:L
G;H,A;R,"243,104",0.0,6EQE,243:A,104:R
G;W,A;P,"243,159",0.0,6EQE,243:A,159:P
G;S,A;Y,"243,242",0.0,6EQE,243:A,242:Y
G;A,A;F,"243,65",0.0,6EQE,243:A,65:F
G;G,A;H,"243,251",0.0,6EQE,243:A,251:H
G;L,A;P,"243,216",0.0,6EQE,243:A,216:P
G;S,A;W,"243,58",0.0,6EQE,243:A,58:W
G;A,A;E,"243,152",0.0,6EQE,243:A,152:E
G;T,A;N,"243,88",0.0,6EQE,243:A,88:N
G;T,A;N,"243,198",0.0,6EQE,243:A,198:N
G;S,A;K,"243,58",0.0,6EQE,243:A,58:K
G;L,A;C,"243,249",0.0,6EQE,243:A,249:C
G;N,A;T,"243,190",0.0,6EQE,243:A,190:T
G;S,A;V,"243,223",0.0,6EQE,243:A,223:V
G;A,A;W,"243,65",0.0,6EQE,243:A,65:W
G;K,A;Y,"243,253",0.0,6EQE,243:A,253:Y
G;R,A;S,"243,90",0.0,6EQE,243:A,90:S
G;T,A;M,"243,29",0.0,6EQE,243:A,29:M
G;M,A;L,"243,262",0.0,6EQE,243:A,262:L
G;A,A;L,"243,272",0.0,6EQE,243:A,272:L
G;R,A;N,"243,90",0.0,6EQE,243:A,90:N
G;R,A;T,"243,90",0.0,6EQE,243:A,90:T
G;G,A;T,"243,254",0.0,6EQE,243:A,254:T
G;R,A;P,"243,90",0.0,6EQE,243:A,90:P
G;N,A;Y,"243,37",0.0,6EQE,243:A,37:Y
G;Q,A;I,"243,182",0.0,6EQE,243:A,182:I
G;R,A;A,"243,90",0.0,6EQE,243:A,90:A
G;K,A;F,"243,253",0.0,6EQE,243:A,253:F
G;Y,A;S,"243,63",0.0,6EQE,243:A,63:S
G;Q,A;M,"243,127",0.0,6EQE,243:A,127:M
G;Q,A;L,"243,182",0.0,6EQE,243:A,182:L
G;K,A;A,"243,253",0.0,6EQE,243:A,253:A
G;K,A;V,"243,253",0.0,6EQE,243:A,253:V
G;Q,A;F,"243,182",0.0,6EQE,243:A,182:F
G;R,A;D,"243,90",0.0,6EQE,243:A,90:D
G;Q,A;A,"243,127",0.0,6EQE,243:A,127:A
G;Y,A;T,"243,63",0.0,6EQE,243:A,63:T
G;Q,A;V,"243,182",0.0,6EQE,243:A,182:V
G;K,A;L,"243,253",0.0,6EQE,243:A,253:L
G;C,A;S,"243,289",0.0,6EQE,243:A,289:S
G;Y,A;G,"243,63",0.0,6EQE,243:A,63:G
G;M,A;V,"243,154",0.0,6EQE,243:A,154:V
G;Q,A;T,"243,127",0.0,6EQE,243:A,127:T
G;A,A;D,"243,226",0.0,6EQE,243:A,226:D
G;C,A;A,"243,289",0.0,6EQE,243:A,289:A
G;R,A;Q,"243,224",0.0,6EQE,243:A,224:Q
G;N,A;K,"243,233",0.0,6EQE,243:A,233:K
G;S,A;E,"243,136",0.0,6EQE,243:A,136:E
G;D,A;N,"243,186",0.0,6EQE,243:A,186:N
G;R,A;A,"243,280",0.0,6EQE,243:A,280:A
G;S,A;F,"243,238",0.0,6EQE,243:A,238:F
G;S,A;Q,"243,188",0.0,6EQE,243:A,188:Q
G;S,A;H,"243,214",0.0,6EQE,243:A,214:H
G;L,A;F,"243,117",0.0,6EQE,243:A,117:F
G;Q,A;Y,"243,119",0.0,6EQE,243:A,119:Y
G;G,A;A,"243,165",0.0,6EQE,243:A,165:A
G;S,A;E,"243,121",0.0,6EQE,243:A,121:E
G;I,A;R,"243,168",0.0,6EQE,243:A,168:R
G;N,A;H,"243,205",0.0,6EQE,243:A,205:H
G;S,A;Y,"243,269",0.0,6EQE,243:A,269:Y
G;S,A;T,"243,214",0.0,6EQE,243:A,214:T
G;I,A;R,"243,218",0.0,6EQE,243:A,218:R
G;P,A;K,"243,120",0.0,6EQE,243:A,120:K
G;M,A;H,"243,161",0.0,6EQE,243:A,161:H
G;I,A;H,"243,168",0.0,6EQE,243:A,168:H
G;N,A;K,"243,114",0.0,6EQE,243:A,114:K
G;P,A;V,"243,184",0.0,6EQE,243:A,184:V
G;W,A;P,"243,185",0.0,6EQE,243:A,185:P
G;S,A;H,"243,187",0.0,6EQE,243:A,187:H
G;S,A;P,"243,188",0.0,6EQE,243:A,188:P
G;T,A;Y,"243,189",0.0,6EQE,243:A,189:Y
G;F,A;M,"243,191",0.0,6EQE,243:A,191:M
A;L,N;I,"226,216",0.0,6EQE,226:N,216:I
A;C,N;L,"226,289",0.0,6EQE,226:N,289:L
A;S,N;E,"226,207",0.0,6EQE,226:N,207:E
A;M,N;L,"226,154",0.0,6EQE,226:N,154:L
A;M,N;P,"226,222",0.0,6EQE,226:N,222:P
A;G,N;T,"226,251",0.0,6EQE,226:N,251:T
A;P,N;L,"226,38",0.0,6EQE,226:N,38:L
A;L,N;W,"226,216",0.0,6EQE,226:N,216:W
A;T,N;L,"226,72",0.0,6EQE,226:N,72:L
A;S,N;P,"226,245",0.0,6EQE,226:N,245:P
A;I,N;W,"226,111",0.0,6EQE,226:N,111:W
A;L,N;D,"226,249",0.0,6EQE,226:N,249:D
A;E,N;K,"226,231",0.0,6EQE,226:N,231:K
A;D,N;K,"226,263",0.0,6EQE,226:N,263:K
A;T,N;M,"226,51",0.0,6EQE,226:N,51:M
A;L,N;E,"226,216",0.0,6EQE,226:N,216:E
A;S,N;T,"226,121",0.0,6EQE,226:N,121:T
A;I,N;H,"226,145",0.0,6EQE,226:N,145:H
A;I,N;L,"226,145",0.0,6EQE,226:N,145:L
A;H,N;M,"226,104",0.0,6EQE,226:N,104:M
A;R,N;P,"226,280",0.0,6EQE,226:N,280:P
A;L,N;F,"226,216",0.0,6EQE,226:N,216:F
A;S,N;D,"226,103",0.0,6EQE,226:N,103:D
A;I,N;V,"226,200",0.0,6EQE,226:N,200:V
A;T,N;K,"226,88",0.0,6EQE,226:N,88:K
A;N,N;K,"226,138",0.0,6EQE,226:N,138:K
A;A,N;L,"226,65",0.0,6EQE,226:N,65:L
A;Q,N;T,"226,91",0.0,6EQE,226:N,91:T
A;G,N;D,"226,163",0.0,6EQE,226:N,163:D
A;A,N;M,"226,65",0.0,6EQE,226:N,65:M
A;K,N;L,"226,252",0.0,6EQE,226:N,252:L
A;V,N;D,"226,57",0.0,6EQE,226:N,57:D
A;Q,N;V,"226,127",0.0,6EQE,226:N,127:V
A;V,N;C,"226,281",0.0,6EQE,226:N,281:C
A;T,N;V,"226,72",0.0,6EQE,226:N,72:V
A;Q,N;N,"226,133",0.0,6EQE,226:N,133:N
A;R,N;K,"226,53",0.0,6EQE,226:N,53:K
A;S,N;P,"226,125",0.0,6EQE,226:N,125:P
A;T,N;Q,"226,88",0.0,6EQE,226:N,88:Q
A;N,N;L,"226,138",0.0,6EQE,226:N,138:L
A;H,N;R,"226,104",0.0,6EQE,226:N,104:R
A;W,N;P,"226,159",0.0,6EQE,226:N,159:P
A;S,N;Y,"226,242",0.0,6EQE,226:N,242:Y
A;A,N;F,"226,65",0.0,6EQE,226:N,65:F
A;G,N;H,"226,251",0.0,6EQE,226:N,251:H
A;L,N;P,"226,216",0.0,6EQE,226:N,216:P
A;S,N;W,"226,58",0.0,6EQE,226:N,58:W
A;A,N;E,"226,152",0.0,6EQE,226:N,152:E
A;T,N;N,"226,88",0.0,6EQE,226:N,88:N
A;T,N;N,"226,198",0.0,6EQE,226:N,198:N
A;S,N;K,"226,58",0.0,6EQE,226:N,58:K
A;L,N;C,"226,249",0.0,6EQE,226:N,249:C
A;N,N;T,"226,190",0.0,6EQE,226:N,190:T
A;S,N;V,"226,223",0.0,6EQE,226:N,223:V
A;A,N;W,"226,65",0.0,6EQE,226:N,65:W
A;K,N;Y,"226,253",0.0,6EQE,226:N,253:Y
A;R,N;S,"226,90",0.0,6EQE,226:N,90:S
A;T,N;M,"226,29",0.0,6EQE,226:N,29:M
A;M,N;L,"226,262",0.0,6EQE,226:N,262:L
A;A,N;L,"226,272",0.0,6EQE,226:N,272:L
A;R,N;N,"226,90",0.0,6EQE,226:N,90:N
A;R,N;T,"226,90",0.0,6EQE,226:N,90:T
A;G,N;T,"226,254",0.0,6EQE,226:N,254:T
A;R,N;P,"226,90",0.0,6EQE,226:N,90:P
A;N,N;Y,"226,37",0.0,6EQE,226:N,37:Y
A;Q,N;I,"226,182",0.0,6EQE,226:N,182:I
A;R,N;A,"226,90",0.0,6EQE,226:N,90:A
A;K,N;F,"226,253",0.0,6EQE,226:N,253:F
A;Y,N;S,"226,63",0.0,6EQE,226:N,63:S
A;Q,N;M,"226,127",0.0,6EQE,226:N,127:M
A;Q,N;L,"226,182",0.0,6EQE,226:N,182:L
A;K,N;A,"226,253",0.0,6EQE,226:N,253:A
A;K,N;V,"226,253",0.0,6EQE,226:N,253:V
A;Q,N;F,"226,182",0.0,6EQE,226:N,182:F
A;R,N;D,"226,90",0.0,6EQE,226:N,90:D
A;Q,N;A,"226,127",0.0,6EQE,226:N,127:A
A;Y,N;T,"226,63",0.0,6EQE,226:N,63:T
A;Q,N;V,"226,182",0.0,6EQE,226:N,182:V
A;K,N;L,"226,253",0.0,6EQE,226:N,253:L
A;C,N;S,"226,289",0.0,6EQE,226:N,289:S
A;Y,N;G,"226,63",0.0,6EQE,226:N,63:G
A;M,N;V,"226,154",0.0,6EQE,226:N,154:V
A;Q,N;T,"226,127",0.0,6EQE,226:N,127:T
A;C,N;A,"226,289",0.0,6EQE,226:N,289:A
A;R,N;Q,"226,224",0.0,6EQE,226:N,224:Q
A;N,N;K,"226,233",0.0,6EQE,226:N,233:K
A;S,N;E,"226,136",0.0,6EQE,226:N,136:E
A;D,N;N,"226,186",0.0,6EQE,226:N,186:N
A;R,N;A,"226,280",0.0,6EQE,226:N,280:A
A;S,N;F,"226,238",0.0,6EQE,226:N,238:F
A;S,N;Q,"226,188",0.0,6EQE,226:N,188:Q
A;S,N;H,"226,214",0.0,6EQE,226:N,214:H
A;L,N;F,"226,117",0.0,6EQE,226:N,117:F
A;Q,N;Y,"226,119",0.0,6EQE,226:N,119:Y
A;G,N;A,"226,165",0.0,6EQE,226:N,165:A
A;S,N;E,"226,121",0.0,6EQE,226:N,121:E
A;I,N;R,"226,168",0.0,6EQE,226:N,168:R
A;N,N;H,"226,205",0.0,6EQE,226:N,205:H
A;S,N;Y,"226,269",0.0,6EQE,226:N,269:Y
A;S,N;T,"226,214",0.0,6EQE,226:N,214:T
A;I,N;R,"226,218",0.0,6EQE,226:N,218:R
A;P,N;K,"226,120",0.0,6EQE,226:N,120:K
A;M,N;H,"226,161",0.0,6EQE,226:N,161:H
A;I,N;H,"226,168",0.0,6EQE,226:N,168:H
A;N,N;K,"226,114",0.0,6EQE,226:N,114:K
A;P,N;V,"226,184",0.0,6EQE,226:N,184:V
A;W,N;P,"226,185",0.0,6EQE,226:N,185:P
A;S,N;H,"226,187",0.0,6EQE,226:N,187:H
A;S,N;P,"226,188",0.0,6EQE,226:N,188:P
A;T,N;Y,"226,189",0.0,6EQE,226:N,189:Y
A;F,N;M,"226,191",0.0,6EQE,226:N,191:M
L;C,I;L,"216,289",0.0,6EQE,216:I,289:L
L;S,I;E,"216,207",0.0,6EQE,216:I,207:E
L;M,I;L,"216,154",0.0,6EQE,216:I,154:L
L;M,I;P,"216,222",0.0,6EQE,216:I,222:P
L;G,I;T,"216,251",0.0,6EQE,216:I,251:T
L;P,I;L,"216,38",0.0,6EQE,216:I,38:L
L;T,I;L,"216,72",0.0,6EQE,216:I,72:L
L;S,I;P,"216,245",0.0,6EQE,216:I,245:P
L;I,I;W,"216,111",0.0,6EQE,216:I,111:W
L;L,I;D,"216,249",0.0,6EQE,216:I,249:D
L;E,I;K,"216,231",0.0,6EQE,216:I,231:K
L;D,I;K,"216,263",0.0,6EQE,216:I,263:K
L;T,I;M,"216,51",0.0,6EQE,216:I,51:M
L;S,I;T,"216,121",0.0,6EQE,216:I,121:T
L;I,I;H,"216,145",0.0,6EQE,216:I,145:H
L;I,I;L,"216,145",0.0,6EQE,216:I,145:L
L;H,I;M,"216,104",0.0,6EQE,216:I,104:M
L;R,I;P,"216,280",0.0,6EQE,216:I,280:P
L;S,I;D,"216,103",0.0,6EQE,216:I,103:D
L;I,I;V,"216,200",0.0,6EQE,216:I,200:V
L;T,I;K,"216,88",0.0,6EQE,216:I,88:K
L;N,I;K,"216,138",0.0,6EQE,216:I,138:K
L;A,I;L,"216,65",0.0,6EQE,216:I,65:L
L;Q,I;T,"216,91",0.0,6EQE,216:I,91:T
L;G,I;D,"216,163",0.0,6EQE,216:I,163:D
L;A,I;M,"216,65",0.0,6EQE,216:I,65:M
L;K,I;L,"216,252",0.0,6EQE,216:I,252:L
L;V,I;D,"216,57",0.0,6EQE,216:I,57:D
L;Q,I;V,"216,127",0.0,6EQE,216:I,127:V
L;V,I;C,"216,281",0.0,6EQE,216:I,281:C
L;T,I;V,"216,72",0.0,6EQE,216:I,72:V
L;Q,I;N,"216,133",0.0,6EQE,216:I,133:N
L;R,I;K,"216,53",0.0,6EQE,216:I,53:K
L;S,I;P,"216,125",0.0,6EQE,216:I,125:P
L;T,I;Q,"216,88",0.0,6EQE,216:I,88:Q
L;N,I;L,"216,138",0.0,6EQE,216:I,138:L
L;H,I;R,"216,104",0.0,6EQE,216:I,104:R
L;W,I;P,"216,159",0.0,6EQE,216:I,159:P
L;S,I;Y,"216,242",0.0,6EQE,216:I,242:Y
L;A,I;F,"216,65",0.0,6EQE,216:I,65:F
L;G,I;H,"216,251",0.0,6EQE,216:I,251:H
L;S,I;W,"216,58",0.0,6EQE,216:I,58:W
L;A,I;E,"216,152",0.0,6EQE,216:I,152:E
L;T,I;N,"216,88",0.0,6EQE,216:I,88:N
L;T,I;N,"216,198",0.0,6EQE,216:I,198:N
L;S,I;K,"216,58",0.0,6EQE,216:I,58:K
L;L,I;C,"216,249",0.0,6EQE,216:I,249:C
L;N,I;T,"216,190",0.0,6EQE,216:I,190:T
L;S,I;V,"216,223",0.0,6EQE,216:I,223:V
L;A,I;W,"216,65",0.0,6EQE,216:I,65:W
L;K,I;Y,"216,253",0.0,6EQE,216:I,253:Y
L;R,I;S,"216,90",0.0,6EQE,216:I,90:S
L;T,I;M,"216,29",0.0,6EQE,216:I,29:M
L;M,I;L,"216,262",0.0,6EQE,216:I,262:L
L;A,I;L,"216,272",0.0,6EQE,216:I,272:L
L;R,I;N,"216,90",0.0,6EQE,216:I,90:N
L;R,I;T,"216,90",0.0,6EQE,216:I,90:T
L;G,I;T,"216,254",0.0,6EQE,216:I,254:T
L;R,I;P,"216,90",0.0,6EQE,216:I,90:P
L;N,I;Y,"216,37",0.0,6EQE,216:I,37:Y
L;Q,I;I,"216,182",0.0,6EQE,216:I,182:I
L;R,I;A,"216,90",0.0,6EQE,216:I,90:A
L;K,I;F,"216,253",0.0,6EQE,216:I,253:F
L;Y,I;S,"216,63",0.0,6EQE,216:I,63:S
L;Q,I;M,"216,127",0.0,6EQE,216:I,127:M
L;Q,I;L,"216,182",0.0,6EQE,216:I,182:L
L;K,I;A,"216,253",0.0,6EQE,216:I,253:A
L;K,I;V,"216,253",0.0,6EQE,216:I,253:V
L;Q,I;F,"216,182",0.0,6EQE,216:I,182:F
L;R,I;D,"216,90",0.0,6EQE,216:I,90:D
L;Q,I;A,"216,127",0.0,6EQE,216:I,127:A
L;Y,I;T,"216,63",0.0,6EQE,216:I,63:T
L;Q,I;V,"216,182",0.0,6EQE,216:I,182:V
L;K,I;L,"216,253",0.0,6EQE,216:I,253:L
L;C,I;S,"216,289",0.0,6EQE,216:I,289:S
L;Y,I;G,"216,63",0.0,6EQE,216:I,63:G
L;M,I;V,"216,154",0.0,6EQE,216:I,154:V
L;Q,I;T,"216,127",0.0,6EQE,216:I,127:T
L;A,I;D,"216,226",0.0,6EQE,216:I,226:D
L;C,I;A,"216,289",0.0,6EQE,216:I,289:A
L;R,I;Q,"216,224",0.0,6EQE,216:I,224:Q
L;N,I;K,"216,233",0.0,6EQE,216:I,233:K
L;S,I;E,"216,136",0.0,6EQE,216:I,136:E
L;D,I;N,"216,186",0.0,6EQE,216:I,186:N
L;R,I;A,"216,280",0.0,6EQE,216:I,280:A
L;S,I;F,"216,238",0.0,6EQE,216:I,238:F
L;S,I;Q,"216,188",0.0,6EQE,216:I,188:Q
L;S,I;H,"216,214",0.0,6EQE,216:I,214:H
L;L,I;F,"216,117",0.0,6EQE,216:I,117:F
L;Q,I;Y,"216,119",0.0,6EQE,216:I,119:Y
L;G,I;A,"216,165",0.0,6EQE,216:I,165:A
L;S,I;E,"216,121",0.0,6EQE,216:I,121:E
L;I,I;R,"216,168",0.0,6EQE,216:I,168:R
L;N,I;H,"216,205",0.0,6EQE,216:I,205:H
L;S,I;Y,"216,269",0.0,6EQE,216:I,269:Y
L;S,I;T,"216,214",0.0,6EQE,216:I,214:T
L;I,I;R,"216,218",0.0,6EQE,216:I,218:R
L;P,I;K,"216,120",0.0,6EQE,216:I,120:K
L;M,I;H,"216,161",0.0,6EQE,216:I,161:H
L;I,I;H,"216,168",0.0,6EQE,216:I,168:H
L;N,I;K,"216,114",0.0,6EQE,216:I,114:K
L;P,I;V,"216,184",0.0,6EQE,216:I,184:V
L;W,I;P,"216,185",0.0,6EQE,216:I,185:P
L;S,I;H,"216,187",0.0,6EQE,216:I,187:H
L;S,I;P,"216,188",0.0,6EQE,216:I,188:P
L;T,I;Y,"216,189",0.0,6EQE,216:I,189:Y
L;F,I;M,"216,191",0.0,6EQE,216:I,191:M
C;S,L;E,"289,207",0.0,6EQE,289:L,207:E
C;M,L;L,"289,154",0.0,6EQE,289:L,154:L
C;M,L;P,"289,222",0.0,6EQE,289:L,222:P
C;G,L;T,"289,251",0.0,6EQE,289:L,251:T
C;P,L;L,"289,38",0.0,6EQE,289:L,38:L
C;L,L;W,"289,216",0.0,6EQE,289:L,216:W
C;T,L;L,"289,72",0.0,6EQE,289:L,72:L
C;S,L;P,"289,245",0.0,6EQE,289:L,245:P
C;I,L;W,"289,111",0.0,6EQE,289:L,111:W
C;L,L;D,"289,249",0.0,6EQE,289:L,249:D
C;E,L;K,"289,231",0.0,6EQE,289:L,231:K
C;D,L;K,"289,263",0.0,6EQE,289:L,263:K
C;T,L;M,"289,51",0.0,6EQE,289:L,51:M
C;L,L;E,"289,216",0.0,6EQE,289:L,216:E
C;S,L;T,"289,121",0.0,6EQE,289:L,121:T
C;I,L;H,"289,145",0.0,6EQE,289:L,145:H
C;I,L;L,"289,145",0.0,6EQE,289:L,145:L
C;H,L;M,"289,104",0.0,6EQE,289:L,104:M
C;R,L;P,"289,280",0.0,6EQE,289:L,280:P
C;L,L;F,"289,216",0.0,6EQE,289:L,216:F
C;S,L;D,"289,103",0.0,6EQE,289:L,103:D
C;I,L;V,"289,200",0.0,6EQE,289:L,200:V
C;T,L;K,"289,88",0.0,6EQE,289:L,88:K
C;N,L;K,"289,138",0.0,6EQE,289:L,138:K
C;A,L;L,"289,65",0.0,6EQE,289:L,65:L
C;Q,L;T,"289,91",0.0,6EQE,289:L,91:T
C;G,L;D,"289,163",0.0,6EQE,289:L,163:D
C;A,L;M,"289,65",0.0,6EQE,289:L,65:M
C;K,L;L,"289,252",0.0,6EQE,289:L,252:L
C;V,L;D,"289,57",0.0,6EQE,289:L,57:D
C;Q,L;V,"289,127",0.0,6EQE,289:L,127:V
C;V,L;C,"289,281",0.0,6EQE,289:L,281:C
C;T,L;V,"289,72",0.0,6EQE,289:L,72:V
C;Q,L;N,"289,133",0.0,6EQE,289:L,133:N
C;R,L;K,"289,53",0.0,6EQE,289:L,53:K
C;S,L;P,"289,125",0.0,6EQE,289:L,125:P
C;T,L;Q,"289,88",0.0,6EQE,289:L,88:Q
C;N,L;L,"289,138",0.0,6EQE,289:L,138:L
C;H,L;R,"289,104",0.0,6EQE,289:L,104:R
C;W,L;P,"289,159",0.0,6EQE,289:L,159:P
C;S,L;Y,"289,242",0.0,6EQE,289:L,242:Y
C;A,L;F,"289,65",0.0,6EQE,289:L,65:F
C;G,L;H,"289,251",0.0,6EQE,289:L,251:H
C;L,L;P,"289,216",0.0,6EQE,289:L,216:P
C;S,L;W,"289,58",0.0,6EQE,289:L,58:W
C;A,L;E,"289,152",0.0,6EQE,289:L,152:E
C;T,L;N,"289,88",0.0,6EQE,289:L,88:N
C;T,L;N,"289,198",0.0,6EQE,289:L,198:N
C;S,L;K,"289,58",0.0,6EQE,289:L,58:K
C;L,L;C,"289,249",0.0,6EQE,289:L,249:C
C;N,L;T,"289,190",0.0,6EQE,289:L,190:T
C;S,L;V,"289,223",0.0,6EQE,289:L,223:V
C;A,L;W,"289,65",0.0,6EQE,289:L,65:W
C;K,L;Y,"289,253",0.0,6EQE,289:L,253:Y
C;R,L;S,"289,90",0.0,6EQE,289:L,90:S
C;T,L;M,"289,29",0.0,6EQE,289:L,29:M
C;M,L;L,"289,262",0.0,6EQE,289:L,262:L
C;A,L;L,"289,272",0.0,6EQE,289:L,272:L
C;R,L;N,"289,90",0.0,6EQE,289:L,90:N
C;R,L;T,"289,90",0.0,6EQE,289:L,90:T
C;G,L;T,"289,254",0.0,6EQE,289:L,254:T
C;R,L;P,"289,90",0.0,6EQE,289:L,90:P
C;N,L;Y,"289,37",0.0,6EQE,289:L,37:Y
C;Q,L;I,"289,182",0.0,6EQE,289:L,182:I
C;R,L;A,"289,90",0.0,6EQE,289:L,90:A
C;K,L;F,"289,253",0.0,6EQE,289:L,253:F
C;Y,L;S,"289,63",0.0,6EQE,289:L,63:S
C;Q,L;M,"289,127",0.0,6EQE,289:L,127:M
C;Q,L;L,"289,182",0.0,6EQE,289:L,182:L
C;K,L;A,"289,253",0.0,6EQE,289:L,253:A
C;K,L;V,"289,253",0.0,6EQE,289:L,253:V
C;Q,L;F,"289,182",0.0,6EQE,289:L,182:F
C;R,L;D,"289,90",0.0,6EQE,289:L,90:D
C;Q,L;A,"289,127",0.0,6EQE,289:L,127:A
C;Y,L;T,"289,63",0.0,6EQE,289:L,63:T
C;Q,L;V,"289,182",0.0,6EQE,289:L,182:V
C;K,L;L,"289,253",0.0,6EQE,289:L,253:L
C;Y,L;G,"289,63",0.0,6EQE,289:L,63:G
C;M,L;V,"289,154",0.0,6EQE,289:L,154:V
C;Q,L;T,"289,127",0.0,6EQE,289:L,127:T
C;A,L;D,"289,226",0.0,6EQE,289:L,226:D
C;R,L;Q,"289,224",0.0,6EQE,289:L,224:Q
C;N,L;K,"289,233",0.0,6EQE,289:L,233:K
C;S,L;E,"289,136",0.0,6EQE,289:L,136:E
C;D,L;N,"289,186",0.0,6EQE,289:L,186:N
C;R,L;A,"289,280",0.0,6EQE,289:L,280:A
C;S,L;F,"289,238",0.0,6EQE,289:L,238:F
C;S,L;Q,"289,188",0.0,6EQE,289:L,188:Q
C;S,L;H,"289,214",0.0,6EQE,289:L,214:H
C;L,L;F,"289,117",0.0,6EQE,289:L,117:F
C;Q,L;Y,"289,119",0.0,6EQE,289:L,119:Y
C;G,L;A,"289,165",0.0,6EQE,289:L,165:A
C;S,L;E,"289,121",0.0,6EQE,289:L,121:E
C;I,L;R,"289,168",0.0,6EQE,289:L,168:R
C;N,L;H,"289,205",0.0,6EQE,289:L,205:H
C;S,L;Y,"289,269",0.0,6EQE,289:L,269:Y
C;S,L;T,"289,214",0.0,6EQE,289:L,214:T
C;I,L;R,"289,218",0.0,6EQE,289:L,218:R
C;P,L;K,"289,120",0.0,6EQE,289:L,120:K
C;M,L;H,"289,161",0.0,6EQE,289:L,161:H
C;I,L;H,"289,168",0.0,6EQE,289:L,168:H
C;N,L;K,"289,114",0.0,6EQE,289:L,114:K
C;P,L;V,"289,184",0.0,6EQE,289:L,184:V
C;W,L;P,"289,185",0.0,6EQE,289:L,185:P
C;S,L;H,"289,187",0.0,6EQE,289:L,187:H
C;S,L;P,"289,188",0.0,6EQE,289:L,188:P
C;T,L;Y,"289,189",0.0,6EQE,289:L,189:Y
C;F,L;M,"289,191",0.0,6EQE,289:L,191:M
S;M,E;L,"207,154",0.0,6EQE,207:E,154:L
S;M,E;P,"207,222",0.0,6EQE,207:E,222:P
S;G,E;T,"207,251",0.0,6EQE,207:E,251:T
S;P,E;L,"207,38",0.0,6EQE,207:E,38:L
S;L,E;W,"207,216",0.0,6EQE,207:E,216:W
S;T,E;L,"207,72",0.0,6EQE,207:E,72:L
S;S,E;P,"207,245",0.0,6EQE,207:E,245:P
S;I,E;W,"207,111",0.0,6EQE,207:E,111:W
S;L,E;D,"207,249",0.0,6EQE,207:E,249:D
S;E,E;K,"207,231",0.0,6EQE,207:E,231:K
S;D,E;K,"207,263",0.0,6EQE,207:E,263:K
S;T,E;M,"207,51",0.0,6EQE,207:E,51:M
S;L,E;E,"207,216",0.0,6EQE,207:E,216:E
S;S,E;T,"207,121",0.0,6EQE,207:E,121:T
S;I,E;H,"207,145",0.0,6EQE,207:E,145:H
S;I,E;L,"207,145",0.0,6EQE,207:E,145:L
S;H,E;M,"207,104",0.0,6EQE,207:E,104:M
S;R,E;P,"207,280",0.0,6EQE,207:E,280:P
S;L,E;F,"207,216",0.0,6EQE,207:E,216:F
S;S,E;D,"207,103",0.0,6EQE,207:E,103:D
S;I,E;V,"207,200",0.0,6EQE,207:E,200:V
S;T,E;K,"207,88",0.0,6EQE,207:E,88:K
S;N,E;K,"207,138",0.0,6EQE,207:E,138:K
S;A,E;L,"207,65",0.0,6EQE,207:E,65:L
S;Q,E;T,"207,91",0.0,6EQE,207:E,91:T
S;G,E;D,"207,163",0.0,6EQE,207:E,163:D
S;A,E;M,"207,65",0.0,6EQE,207:E,65:M
S;K,E;L,"207,252",0.0,6EQE,207:E,252:L
S;V,E;D,"207,57",0.0,6EQE,207:E,57:D
S;Q,E;V,"207,127",0.0,6EQE,207:E,127:V
S;V,E;C,"207,281",0.0,6EQE,207:E,281:C
S;T,E;V,"207,72",0.0,6EQE,207:E,72:V
S;Q,E;N,"207,133",0.0,6EQE,207:E,133:N
S;R,E;K,"207,53",0.0,6EQE,207:E,53:K
S;S,E;P,"207,125",0.0,6EQE,207:E,125:P
S;T,E;Q,"207,88",0.0,6EQE,207:E,88:Q
S;N,E;L,"207,138",0.0,6EQE,207:E,138:L
S;H,E;R,"207,104",0.0,6EQE,207:E,104:R
S;W,E;P,"207,159",0.0,6EQE,207:E,159:P
S;S,E;Y,"207,242",0.0,6EQE,207:E,242:Y
S;A,E;F,"207,65",0.0,6EQE,207:E,65:F
S;G,E;H,"207,251",0.0,6EQE,207:E,251:H
S;L,E;P,"207,216",0.0,6EQE,207:E,216:P
S;S,E;W,"207,58",0.0,6EQE,207:E,58:W
S;A,E;E,"207,152",0.0,6EQE,207:E,152:E
S;T,E;N,"207,88",0.0,6EQE,207:E,88:N
S;T,E;N,"207,198",0.0,6EQE,207:E,198:N
S;S,E;K,"207,58",0.0,6EQE,207:E,58:K
S;L,E;C,"207,249",0.0,6EQE,207:E,249:C
S;N,E;T,"207,190",0.0,6EQE,207:E,190:T
S;S,E;V,"207,223",0.0,6EQE,207:E,223:V
S;A,E;W,"207,65",0.0,6EQE,207:E,65:W
S;K,E;Y,"207,253",0.0,6EQE,207:E,253:Y
S;R,E;S,"207,90",0.0,6EQE,207:E,90:S
S;T,E;M,"207,29",0.0,6EQE,207:E,29:M
S;M,E;L,"207,262",0.0,6EQE,207:E,262:L
S;A,E;L,"207,272",0.0,6EQE,207:E,272:L
S;R,E;N,"207,90",0.0,6EQE,207:E,90:N
S;R,E;T,"207,90",0.0,6EQE,207:E,90:T
S;G,E;T,"207,254",0.0,6EQE,207:E,254:T
S;R,E;P,"207,90",0.0,6EQE,207:E,90:P
S;N,E;Y,"207,37",0.0,6EQE,207:E,37:Y
S;Q,E;I,"207,182",0.0,6EQE,207:E,182:I
S;R,E;A,"207,90",0.0,6EQE,207:E,90:A
S;K,E;F,"207,253",0.0,6EQE,207:E,253:F
S;Y,E;S,"207,63",0.0,6EQE,207:E,63:S
S;Q,E;M,"207,127",0.0,6EQE,207:E,127:M
S;Q,E;L,"207,182",0.0,6EQE,207:E,182:L
S;K,E;A,"207,253",0.0,6EQE,207:E,253:A
S;K,E;V,"207,253",0.0,6EQE,207:E,253:V
S;Q,E;F,"207,182",0.0,6EQE,207:E,182:F
S;R,E;D,"207,90",0.0,6EQE,207:E,90:D
S;Q,E;A,"207,127",0.0,6EQE,207:E,127:A
S;Y,E;T,"207,63",0.0,6EQE,207:E,63:T
S;Q,E;V,"207,182",0.0,6EQE,207:E,182:V
S;K,E;L,"207,253",0.0,6EQE,207:E,253:L
S;C,E;S,"207,289",0.0,6EQE,207:E,289:S
S;Y,E;G,"207,63",0.0,6EQE,207:E,63:G
S;M,E;V,"207,154",0.0,6EQE,207:E,154:V
S;Q,E;T,"207,127",0.0,6EQE,207:E,127:T
S;A,E;D,"207,226",0.0,6EQE,207:E,226:D
S;C,E;A,"207,289",0.0,6EQE,207:E,289:A
S;R,E;Q,"207,224",0.0,6EQE,207:E,224:Q
S;N,E;K,"207,233",0.0,6EQE,207:E,233:K
S;S,E;E,"207,136",0.0,6EQE,207:E,136:E
S;D,E;N,"207,186",0.0,6EQE,207:E,186:N
S;R,E;A,"207,280",0.0,6EQE,207:E,280:A
S;S,E;F,"207,238",0.0,6EQE,207:E,238:F
S;S,E;Q,"207,188",0.0,6EQE,207:E,188:Q
S;S,E;H,"207,214",0.0,6EQE,207:E,214:H
S;L,E;F,"207,117",0.0,6EQE,207:E,117:F
S;Q,E;Y,"207,119",0.0,6EQE,207:E,119:Y
S;G,E;A,"207,165",0.0,6EQE,207:E,165:A
S;S,E;E,"207,121",0.0,6EQE,207:E,121:E
S;I,E;R,"207,168",0.0,6EQE,207:E,168:R
S;N,E;H,"207,205",0.0,6EQE,207:E,205:H
S;S,E;Y,"207,269",0.0,6EQE,207:E,269:Y
S;S,E;T,"207,214",0.0,6EQE,207:E,214:T
S;I,E;R,"207,218",0.0,6EQE,207:E,218:R
S;P,E;K,"207,120",0.0,6EQE,207:E,120:K
S;M,E;H,"207,161",0.0,6EQE,207:E,161:H
S;I,E;H,"207,168",0.0,6EQE,207:E,168:H
S;N,E;K,"207,114",0.0,6EQE,207:E,114:K
S;P,E;V,"207,184",0.0,6EQE,207:E,184:V
S;W,E;P,"207,185",0.0,6EQE,207:E,185:P
S;S,E;H,"207,187",0.0,6EQE,207:E,187:H
S;S,E;P,"207,188",0.0,6EQE,207:E,188:P
S;T,E;Y,"207,189",0.0,6EQE,207:E,189:Y
S;F,E;M,"207,191",0.0,6EQE,207:E,191:M
M;M,L;P,"154,222",0.0,6EQE,154:L,222:P
M;G,L;T,"154,251",0.0,6EQE,154:L,251:T
M;P,L;L,"154,38",0.0,6EQE,154:L,38:L
M;L,L;W,"154,216",0.0,6EQE,154:L,216:W
M;T,L;L,"154,72",0.0,6EQE,154:L,72:L
M;S,L;P,"154,245",0.0,6EQE,154:L,245:P
M;I,L;W,"154,111",0.0,6EQE,154:L,111:W
M;L,L;D,"154,249",0.0,6EQE,154:L,249:D
M;E,L;K,"154,231",0.0,6EQE,154:L,231:K
M;D,L;K,"154,263",0.0,6EQE,154:L,263:K
M;T,L;M,"154,51",0.0,6EQE,154:L,51:M
M;L,L;E,"154,216",0.0,6EQE,154:L,216:E
M;S,L;T,"154,121",0.0,6EQE,154:L,121:T
M;I,L;H,"154,145",0.0,6EQE,154:L,145:H
M;I,L;L,"154,145",0.0,6EQE,154:L,145:L
M;H,L;M,"154,104",0.0,6EQE,154:L,104:M
M;R,L;P,"154,280",0.0,6EQE,154:L,280:P
M;L,L;F,"154,216",0.0,6EQE,154:L,216:F
M;S,L;D,"154,103",0.0,6EQE,154:L,103:D
M;I,L;V,"154,200",0.0,6EQE,154:L,200:V
M;T,L;K,"154,88",0.0,6EQE,154:L,88:K
M;N,L;K,"154,138",0.0,6EQE,154:L,138:K
M;A,L;L,"154,65",0.0,6EQE,154:L,65:L
M;Q,L;T,"154,91",0.0,6EQE,154:L,91:T
M;G,L;D,"154,163",0.0,6EQE,154:L,163:D
M;A,L;M,"154,65",0.0,6EQE,154:L,65:M
M;K,L;L,"154,252",0.0,6EQE,154:L,252:L
M;V,L;D,"154,57",0.0,6EQE,154:L,57:D
M;Q,L;V,"154,127",0.0,6EQE,154:L,127:V
M;V,L;C,"154,281",0.0,6EQE,154:L,281:C
M;T,L;V,"154,72",0.0,6EQE,154:L,72:V
M;Q,L;N,"154,133",0.0,6EQE,154:L,133:N
M;R,L;K,"154,53",0.0,6EQE,154:L,53:K
M;S,L;P,"154,125",0.0,6EQE,154:L,125:P
M;T,L;Q,"154,88",0.0,6EQE,154:L,88:Q
M;N,L;L,"154,138",0.0,6EQE,154:L,138:L
M;H,L;R,"154,104",0.0,6EQE,154:L,104:R
M;W,L;P,"154,159",0.0,6EQE,154:L,159:P
M;S,L;Y,"154,242",0.0,6EQE,154:L,242:Y
M;A,L;F,"154,65",0.0,6EQE,154:L,65:F
M;G,L;H,"154,251",0.0,6EQE,154:L,251:H
M;L,L;P,"154,216",0.0,6EQE,154:L,216:P
M;S,L;W,"154,58",0.0,6EQE,154:L,58:W
M;A,L;E,"154,152",0.0,6EQE,154:L,152:E
M;T,L;N,"154,88",0.0,6EQE,154:L,88:N
M;T,L;N,"154,198",0.0,6EQE,154:L,198:N
M;S,L;K,"154,58",0.0,6EQE,154:L,58:K
M;L,L;C,"154,249",0.0,6EQE,154:L,249:C
M;N,L;T,"154,190",0.0,6EQE,154:L,190:T
M;S,L;V,"154,223",0.0,6EQE,154:L,223:V
M;A,L;W,"154,65",0.0,6EQE,154:L,65:W
M;K,L;Y,"154,253",0.0,6EQE,154:L,253:Y
M;R,L;S,"154,90",0.0,6EQE,154:L,90:S
M;T,L;M,"154,29",0.0,6EQE,154:L,29:M
M;M,L;L,"154,262",0.0,6EQE,154:L,262:L
M;A,L;L,"154,272",0.0,6EQE,154:L,272:L
M;R,L;N,"154,90",0.0,6EQE,154:L,90:N
M;R,L;T,"154,90",0.0,6EQE,154:L,90:T
M;G,L;T,"154,254",0.0,6EQE,154:L,254:T
M;R,L;P,"154,90",0.0,6EQE,154:L,90:P
M;N,L;Y,"154,37",0.0,6EQE,154:L,37:Y
M;Q,L;I,"154,182",0.0,6EQE,154:L,182:I
M;R,L;A,"154,90",0.0,6EQE,154:L,90:A
M;K,L;F,"154,253",0.0,6EQE,154:L,253:F
M;Y,L;S,"154,63",0.0,6EQE,154:L,63:S
M;Q,L;M,"154,127",0.0,6EQE,154:L,127:M
M;Q,L;L,"154,182",0.0,6EQE,154:L,182:L
M;K,L;A,"154,253",0.0,6EQE,154:L,253:A
M;K,L;V,"154,253",0.0,6EQE,154:L,253:V
M;Q,L;F,"154,182",0.0,6EQE,154:L,182:F
M;R,L;D,"154,90",0.0,6EQE,154:L,90:D
M;Q,L;A,"154,127",0.0,6EQE,154:L,127:A
M;Y,L;T,"154,63",0.0,6EQE,154:L,63:T
M;Q,L;V,"154,182",0.0,6EQE,154:L,182:V
M;K,L;L,"154,253",0.0,6EQE,154:L,253:L
M;C,L;S,"154,289",0.0,6EQE,154:L,289:S
M;Y,L;G,"154,63",0.0,6EQE,154:L,63:G
M;Q,L;T,"154,127",0.0,6EQE,154:L,127:T
M;A,L;D,"154,226",0.0,6EQE,154:L,226:D
M;C,L;A,"154,289",0.0,6EQE,154:L,289:A
M;R,L;Q,"154,224",0.0,6EQE,154:L,224:Q
M;N,L;K,"154,233",0.0,6EQE,154:L,233:K
M;S,L;E,"154,136",0.0,6EQE,154:L,136:E
M;D,L;N,"154,186",0.0,6EQE,154:L,186:N
M;R,L;A,"154,280",0.0,6EQE,154:L,280:A
M;S,L;F,"154,238",0.0,6EQE,154:L,238:F
M;S,L;Q,"154,188",0.0,6EQE,154:L,188:Q
M;S,L;H,"154,214",0.0,6EQE,154:L,214:H
M;L,L;F,"154,117",0.0,6EQE,154:L,117:F
M;Q,L;Y,"154,119",0.0,6EQE,154:L,119:Y
M;G,L;A,"154,165",0.0,6EQE,154:L,165:A
M;S,L;E,"154,121",0.0,6EQE,154:L,121:E
M;I,L;R,"154,168",0.0,6EQE,154:L,168:R
M;N,L;H,"154,205",0.0,6EQE,154:L,205:H
M;S,L;Y,"154,269",0.0,6EQE,154:L,269:Y
M;S,L;T,"154,214",0.0,6EQE,154:L,214:T
M;I,L;R,"154,218",0.0,6EQE,154:L,218:R
M;P,L;K,"154,120",0.0,6EQE,154:L,120:K
M;M,L;H,"154,161",0.0,6EQE,154:L,161:H
M;I,L;H,"154,168",0.0,6EQE,154:L,168:H
M;N,L;K,"154,114",0.0,6EQE,154:L,114:K
M;P,L;V,"154,184",0.0,6EQE,154:L,184:V
M;W,L;P,"154,185",0.0,6EQE,154:L,185:P
M;S,L;H,"154,187",0.0,6EQE,154:L,187:H
M;S,L;P,"154,188",0.0,6EQE,154:L,188:P
M;T,L;Y,"154,189",0.0,6EQE,154:L,189:Y
M;F,L;M,"154,191",0.0,6EQE,154:L,191:M
M;G,P;T,"222,251",0.0,6EQE,222:P,251:T
M;P,P;L,"222,38",0.0,6EQE,222:P,38:L
M;L,P;W,"222,216",0.0,6EQE,222:P,216:W
M;T,P;L,"222,72",0.0,6EQE,222:P,72:L
M;S,P;P,"222,245",0.0,6EQE,222:P,245:P
M;I,P;W,"222,111",0.0,6EQE,222:P,111:W
M;L,P;D,"222,249",0.0,6EQE,222:P,249:D
M;E,P;K,"222,231",0.0,6EQE,222:P,231:K
M;D,P;K,"222,263",0.0,6EQE,222:P,263:K
M;T,P;M,"222,51",0.0,6EQE,222:P,51:M
M;L,P;E,"222,216",0.0,6EQE,222:P,216:E
M;S,P;T,"222,121",0.0,6EQE,222:P,121:T
M;I,P;H,"222,145",0.0,6EQE,222:P,145:H
M;I,P;L,"222,145",0.0,6EQE,222:P,145:L
M;H,P;M,"222,104",0.0,6EQE,222:P,104:M
M;R,P;P,"222,280",0.0,6EQE,222:P,280:P
M;L,P;F,"222,216",0.0,6EQE,222:P,216:F
M;S,P;D,"222,103",0.0,6EQE,222:P,103:D
M;I,P;V,"222,200",0.0,6EQE,222:P,200:V
M;T,P;K,"222,88",0.0,6EQE,222:P,88:K
M;N,P;K,"222,138",0.0,6EQE,222:P,138:K
M;A,P;L,"222,65",0.0,6EQE,222:P,65:L
M;Q,P;T,"222,91",0.0,6EQE,222:P,91:T
M;G,P;D,"222,163",0.0,6EQE,222:P,163:D
M;A,P;M,"222,65",0.0,6EQE,222:P,65:M
M;K,P;L,"222,252",0.0,6EQE,222:P,252:L
M;V,P;D,"222,57",0.0,6EQE,222:P,57:D
M;Q,P;V,"222,127",0.0,6EQE,222:P,127:V
M;V,P;C,"222,281",0.0,6EQE,222:P,281:C
M;T,P;V,"222,72",0.0,6EQE,222:P,72:V
M;Q,P;N,"222,133",0.0,6EQE,222:P,133:N
M;R,P;K,"222,53",0.0,6EQE,222:P,53:K
M;S,P;P,"222,125",0.0,6EQE,222:P,125:P
M;T,P;Q,"222,88",0.0,6EQE,222:P,88:Q
M;N,P;L,"222,138",0.0,6EQE,222:P,138:L
M;H,P;R,"222,104",0.0,6EQE,222:P,104:R
M;W,P;P,"222,159",0.0,6EQE,222:P,159:P
M;S,P;Y,"222,242",0.0,6EQE,222:P,242:Y
M;A,P;F,"222,65",0.0,6EQE,222:P,65:F
M;G,P;H,"222,251",0.0,6EQE,222:P,251:H
M;L,P;P,"222,216",0.0,6EQE,222:P,216:P
M;S,P;W,"222,58",0.0,6EQE,222:P,58:W
M;A,P;E,"222,152",0.0,6EQE,222:P,152:E
M;T,P;N,"222,88",0.0,6EQE,222:P,88:N
M;T,P;N,"222,198",0.0,6EQE,222:P,198:N
M;S,P;K,"222,58",0.0,6EQE,222:P,58:K
M;L,P;C,"222,249",0.0,6EQE,222:P,249:C
M;N,P;T,"222,190",0.0,6EQE,222:P,190:T
M;S,P;V,"222,223",0.0,6EQE,222:P,223:V
M;A,P;W,"222,65",0.0,6EQE,222:P,65:W
M;K,P;Y,"222,253",0.0,6EQE,222:P,253:Y
M;R,P;S,"222,90",0.0,6EQE,222:P,90:S
M;T,P;M,"222,29",0.0,6EQE,222:P,29:M
M;M,P;L,"222,262",0.0,6EQE,222:P,262:L
M;A,P;L,"222,272",0.0,6EQE,222:P,272:L
M;R,P;N,"222,90",0.0,6EQE,222:P,90:N
M;R,P;T,"222,90",0.0,6EQE,222:P,90:T
M;G,P;T,"222,254",0.0,6EQE,222:P,254:T
M;R,P;P,"222,90",0.0,6EQE,222:P,90:P
M;N,P;Y,"222,37",0.0,6EQE,222:P,37:Y
M;Q,P;I,"222,182",0.0,6EQE,222:P,182:I
M;R,P;A,"222,90",0.0,6EQE,222:P,90:A
M;K,P;F,"222,253",0.0,6EQE,222:P,253:F
M;Y,P;S,"222,63",0.0,6EQE,222:P,63:S
M;Q,P;M,"222,127",0.0,6EQE,222:P,127:M
M;Q,P;L,"222,182",0.0,6EQE,222:P,182:L
M;K,P;A,"222,253",0.0,6EQE,222:P,253:A
M;K,P;V,"222,253",0.0,6EQE,222:P,253:V
M;Q,P;F,"222,182",0.0,6EQE,222:P,182:F
M;R,P;D,"222,90",0.0,6EQE,222:P,90:D
M;Q,P;A,"222,127",0.0,6EQE,222:P,127:A
M;Y,P;T,"222,63",0.0,6EQE,222:P,63:T
M;Q,P;V,"222,182",0.0,6EQE,222:P,182:V
M;K,P;L,"222,253",0.0,6EQE,222:P,253:L
M;C,P;S,"222,289",0.0,6EQE,222:P,289:S
M;Y,P;G,"222,63",0.0,6EQE,222:P,63:G
M;M,P;V,"222,154",0.0,6EQE,222:P,154:V
M;Q,P;T,"222,127",0.0,6EQE,222:P,127:T
M;A,P;D,"222,226",0.0,6EQE,222:P,226:D
M;C,P;A,"222,289",0.0,6EQE,222:P,289:A
M;R,P;Q,"222,224",0.0,6EQE,222:P,224:Q
M;N,P;K,"222,233",0.0,6EQE,222:P,233:K
M;S,P;E,"222,136",0.0,6EQE,222:P,136:E
M;D,P;N,"222,186",0.0,6EQE,222:P,186:N
M;R,P;A,"222,280",0.0,6EQE,222:P,280:A
M;S,P;F,"222,238",0.0,6EQE,222:P,238:F
M;S,P;Q,"222,188",0.0,6EQE,222:P,188:Q
M;S,P;H,"222,214",0.0,6EQE,222:P,214:H
M;L,P;F,"222,117",0.0,6EQE,222:P,117:F
M;Q,P;Y,"222,119",0.0,6EQE,222:P,119:Y
M;G,P;A,"222,165",0.0,6EQE,222:P,165:A
M;S,P;E,"222,121",0.0,6EQE,222:P,121:E
M;I,P;R,"222,168",0.0,6EQE,222:P,168:R
M;N,P;H,"222,205",0.0,6EQE,222:P,205:H
M;S,P;Y,"222,269",0.0,6EQE,222:P,269:Y
M;S,P;T,"222,214",0.0,6EQE,222:P,214:T
M;I,P;R,"222,218",0.0,6EQE,222:P,218:R
M;P,P;K,"222,120",0.0,6EQE,222:P,120:K
M;M,P;H,"222,161",0.0,6EQE,222:P,161:H
M;I,P;H,"222,168",0.0,6EQE,222:P,168:H
M;N,P;K,"222,114",0.0,6EQE,222:P,114:K
M;P,P;V,"222,184",0.0,6EQE,222:P,184:V
M;W,P;P,"222,185",0.0,6EQE,222:P,185:P
M;S,P;H,"222,187",0.0,6EQE,222:P,187:H
M;S,P;P,"222,188",0.0,6EQE,222:P,188:P
M;T,P;Y,"222,189",0.0,6EQE,222:P,189:Y
M;F,P;M,"222,191",0.0,6EQE,222:P,191:M
G;P,T;L,"251,38",0.0,6EQE,251:T,38:L
G;L,T;W,"251,216",0.0,6EQE,251:T,216:W
G;T,T;L,"251,72",0.0,6EQE,251:T,72:L
G;S,T;P,"251,245",0.0,6EQE,251:T,245:P
G;I,T;W,"251,111",0.0,6EQE,251:T,111:W
G;L,T;D,"251,249",0.0,6EQE,251:T,249:D
G;E,T;K,"251,231",0.0,6EQE,251:T,231:K
G;D,T;K,"251,263",0.0,6EQE,251:T,263:K
G;T,T;M,"251,51",0.0,6EQE,251:T,51:M
G;L,T;E,"251,216",0.0,6EQE,251:T,216:E
G;S,T;T,"251,121",0.0,6EQE,251:T,121:T
G;I,T;H,"251,145",0.0,6EQE,251:T,145:H
G;I,T;L,"251,145",0.0,6EQE,251:T,145:L
G;H,T;M,"251,104",0.0,6EQE,251:T,104:M
G;R,T;P,"251,280",0.0,6EQE,251:T,280:P
G;L,T;F,"251,216",0.0,6EQE,251:T,216:F
G;S,T;D,"251,103",0.0,6EQE,251:T,103:D
G;I,T;V,"251,200",0.0,6EQE,251:T,200:V
G;T,T;K,"251,88",0.0,6EQE,251:T,88:K
G;N,T;K,"251,138",0.0,6EQE,251:T,138:K
G;A,T;L,"251,65",0.0,6EQE,251:T,65:L
G;Q,T;T,"251,91",0.0,6EQE,251:T,91:T
G;G,T;D,"251,163",0.0,6EQE,251:T,163:D
G;A,T;M,"251,65",0.0,6EQE,251:T,65:M
G;K,T;L,"251,252",0.0,6EQE,251:T,252:L
G;V,T;D,"251,57",0.0,6EQE,251:T,57:D
G;Q,T;V,"251,127",0.0,6EQE,251:T,127:V
G;V,T;C,"251,281",0.0,6EQE,251:T,281:C
G;T,T;V,"251,72",0.0,6EQE,251:T,72:V
G;Q,T;N,"251,133",0.0,6EQE,251:T,133:N
G;R,T;K,"251,53",0.0,6EQE,251:T,53:K
G;S,T;P,"251,125",0.0,6EQE,251:T,125:P
G;T,T;Q,"251,88",0.0,6EQE,251:T,88:Q
G;N,T;L,"251,138",0.0,6EQE,251:T,138:L
G;H,T;R,"251,104",0.0,6EQE,251:T,104:R
G;W,T;P,"251,159",0.0,6EQE,251:T,159:P
G;S,T;Y,"251,242",0.0,6EQE,251:T,242:Y
G;A,T;F,"251,65",0.0,6EQE,251:T,65:F
G;L,T;P,"251,216",0.0,6EQE,251:T,216:P
G;S,T;W,"251,58",0.0,6EQE,251:T,58:W
G;A,T;E,"251,152",0.0,6EQE,251:T,152:E
G;T,T;N,"251,88",0.0,6EQE,251:T,88:N
G;T,T;N,"251,198",0.0,6EQE,251:T,198:N
G;S,T;K,"251,58",0.0,6EQE,251:T,58:K
G;L,T;C,"251,249",0.0,6EQE,251:T,249:C
G;N,T;T,"251,190",0.0,6EQE,251:T,190:T
G;S,T;V,"251,223",0.0,6EQE,251:T,223:V
G;A,T;W,"251,65",0.0,6EQE,251:T,65:W
G;K,T;Y,"251,253",0.0,6EQE,251:T,253:Y
G;R,T;S,"251,90",0.0,6EQE,251:T,90:S
G;T,T;M,"251,29",0.0,6EQE,251:T,29:M
G;M,T;L,"251,262",0.0,6EQE,251:T,262:L
G;A,T;L,"251,272",0.0,6EQE,251:T,272:L
G;R,T;N,"251,90",0.0,6EQE,251:T,90:N
G;R,T;T,"251,90",0.0,6EQE,251:T,90:T
G;G,T;T,"251,254",0.0,6EQE,251:T,254:T
G;R,T;P,"251,90",0.0,6EQE,251:T,90:P
G;N,T;Y,"251,37",0.0,6EQE,251:T,37:Y
G;Q,T;I,"251,182",0.0,6EQE,251:T,182:I
G;R,T;A,"251,90",0.0,6EQE,251:T,90:A
G;K,T;F,"251,253",0.0,6EQE,251:T,253:F
G;Y,T;S,"251,63",0.0,6EQE,251:T,63:S
G;Q,T;M,"251,127",0.0,6EQE,251:T,127:M
G;Q,T;L,"251,182",0.0,6EQE,251:T,182:L
G;K,T;A,"251,253",0.0,6EQE,251:T,253:A
G;K,T;V,"251,253",0.0,6EQE,251:T,253:V
G;Q,T;F,"251,182",0.0,6EQE,251:T,182:F
G;R,T;D,"251,90",0.0,6EQE,251:T,90:D
G;Q,T;A,"251,127",0.0,6EQE,251:T,127:A
G;Y,T;T,"251,63",0.0,6EQE,251:T,63:T
G;Q,T;V,"251,182",0.0,6EQE,251:T,182:V
G;K,T;L,"251,253",0.0,6EQE,251:T,253:L
G;C,T;S,"251,289",0.0,6EQE,251:T,289:S
G;Y,T;G,"251,63",0.0,6EQE,251:T,63:G
G;M,T;V,"251,154",0.0,6EQE,251:T,154:V
G;Q,T;T,"251,127",0.0,6EQE,251:T,127:T
G;A,T;D,"251,226",0.0,6EQE,251:T,226:D
G;C,T;A,"251,289",0.0,6EQE,251:T,289:A
G;R,T;Q,"251,224",0.0,6EQE,251:T,224:Q
G;N,T;K,"251,233",0.0,6EQE,251:T,233:K
G;S,T;E,"251,136",0.0,6EQE,251:T,136:E
G;D,T;N,"251,186",0.0,6EQE,251:T,186:N
G;R,T;A,"251,280",0.0,6EQE,251:T,280:A
G;S,T;F,"251,238",0.0,6EQE,251:T,238:F
G;S,T;Q,"251,188",0.0,6EQE,251:T,188:Q
G;S,T;H,"251,214",0.0,6EQE,251:T,214:H
G;L,T;F,"251,117",0.0,6EQE,251:T,117:F
G;Q,T;Y,"251,119",0.0,6EQE,251:T,119:Y
G;G,T;A,"251,165",0.0,6EQE,251:T,165:A
G;S,T;E,"251,121",0.0,6EQE,251:T,121:E
G;I,T;R,"251,168",0.0,6EQE,251:T,168:R
G;N,T;H,"251,205",0.0,6EQE,251:T,205:H
G;S,T;Y,"251,269",0.0,6EQE,251:T,269:Y
G;S,T;T,"251,214",0.0,6EQE,251:T,214:T
G;I,T;R,"251,218",0.0,6EQE,251:T,218:R
G;P,T;K,"251,120",0.0,6EQE,251:T,120:K
G;M,T;H,"251,161",0.0,6EQE,251:T,161:H
G;I,T;H,"251,168",0.0,6EQE,251:T,168:H
G;N,T;K,"251,114",0.0,6EQE,251:T,114:K
G;P,T;V,"251,184",0.0,6EQE,251:T,184:V
G;W,T;P,"251,185",0.0,6EQE,251:T,185:P
G;S,T;H,"251,187",0.0,6EQE,251:T,187:H
G;S,T;P,"251,188",0.0,6EQE,251:T,188:P
G;T,T;Y,"251,189",0.0,6EQE,251:T,189:Y
G;F,T;M,"251,191",0.0,6EQE,251:T,191:M
P;L,L;W,"38,216",0.0,6EQE,38:L,216:W
P;T,L;L,"38,72",0.0,6EQE,38:L,72:L
P;S,L;P,"38,245",0.0,6EQE,38:L,245:P
P;I,L;W,"38,111",0.0,6EQE,38:L,111:W
P;L,L;D,"38,249",0.0,6EQE,38:L,249:D
P;E,L;K,"38,231",0.0,6EQE,38:L,231:K
P;D,L;K,"38,263",0.0,6EQE,38:L,263:K
P;T,L;M,"38,51",0.0,6EQE,38:L,51:M
P;L,L;E,"38,216",0.0,6EQE,38:L,216:E
P;S,L;T,"38,121",0.0,6EQE,38:L,121:T
P;I,L;H,"38,145",0.0,6EQE,38:L,145:H
P;I,L;L,"38,145",0.0,6EQE,38:L,145:L
P;H,L;M,"38,104",0.0,6EQE,38:L,104:M
P;R,L;P,"38,280",0.0,6EQE,38:L,280:P
P;L,L;F,"38,216",0.0,6EQE,38:L,216:F
P;S,L;D,"38,103",0.0,6EQE,38:L,103:D
P;I,L;V,"38,200",0.0,6EQE,38:L,200:V
P;T,L;K,"38,88",0.0,6EQE,38:L,88:K
P;N,L;K,"38,138",0.0,6EQE,38:L,138:K
P;A,L;L,"38,65",0.0,6EQE,38:L,65:L
P;Q,L;T,"38,91",0.0,6EQE,38:L,91:T
P;G,L;D,"38,163",0.0,6EQE,38:L,163:D
P;A,L;M,"38,65",0.0,6EQE,38:L,65:M
P;K,L;L,"38,252",0.0,6EQE,38:L,252:L
P;V,L;D,"38,57",0.0,6EQE,38:L,57:D
P;Q,L;V,"38,127",0.0,6EQE,38:L,127:V
P;V,L;C,"38,281",0.0,6EQE,38:L,281:C
P;T,L;V,"38,72",0.0,6EQE,38:L,72:V
P;Q,L;N,"38,133",0.0,6EQE,38:L,133:N
P;R,L;K,"38,53",0.0,6EQE,38:L,53:K
P;S,L;P,"38,125",0.0,6EQE,38:L,125:P
P;T,L;Q,"38,88",0.0,6EQE,38:L,88:Q
P;N,L;L,"38,138",0.0,6EQE,38:L,138:L
P;H,L;R,"38,104",0.0,6EQE,38:L,104:R
P;W,L;P,"38,159",0.0,6EQE,38:L,159:P
P;S,L;Y,"38,242",0.0,6EQE,38:L,242:Y
P;A,L;F,"38,65",0.0,6EQE,38:L,65:F
P;G,L;H,"38,251",0.0,6EQE,38:L,251:H
P;L,L;P,"38,216",0.0,6EQE,38:L,216:P
P;S,L;W,"38,58",0.0,6EQE,38:L,58:W
P;A,L;E,"38,152",0.0,6EQE,38:L,152:E
P;T,L;N,"38,88",0.0,6EQE,38:L,88:N
P;T,L;N,"38,198",0.0,6EQE,38:L,198:N
P;S,L;K,"38,58",0.0,6EQE,38:L,58:K
P;L,L;C,"38,249",0.0,6EQE,38:L,249:C
P;N,L;T,"38,190",0.0,6EQE,38:L,190:T
P;S,L;V,"38,223",0.0,6EQE,38:L,223:V
P;A,L;W,"38,65",0.0,6EQE,38:L,65:W
P;K,L;Y,"38,253",0.0,6EQE,38:L,253:Y
P;R,L;S,"38,90",0.0,6EQE,38:L,90:S
P;T,L;M,"38,29",0.0,6EQE,38:L,29:M
P;M,L;L,"38,262",0.0,6EQE,38:L,262:L
P;A,L;L,"38,272",0.0,6EQE,38:L,272:L
P;R,L;N,"38,90",0.0,6EQE,38:L,90:N
P;R,L;T,"38,90",0.0,6EQE,38:L,90:T
P;G,L;T,"38,254",0.0,6EQE,38:L,254:T
P;R,L;P,"38,90",0.0,6EQE,38:L,90:P
P;N,L;Y,"38,37",0.0,6EQE,38:L,37:Y
P;Q,L;I,"38,182",0.0,6EQE,38:L,182:I
P;R,L;A,"38,90",0.0,6EQE,38:L,90:A
P;K,L;F,"38,253",0.0,6EQE,38:L,253:F
P;Y,L;S,"38,63",0.0,6EQE,38:L,63:S
P;Q,L;M,"38,127",0.0,6EQE,38:L,127:M
P;Q,L;L,"38,182",0.0,6EQE,38:L,182:L
P;K,L;A,"38,253",0.0,6EQE,38:L,253:A
P;K,L;V,"38,253",0.0,6EQE,38:L,253:V
P;Q,L;F,"38,182",0.0,6EQE,38:L,182:F
P;R,L;D,"38,90",0.0,6EQE,38:L,90:D
P;Q,L;A,"38,127",0.0,6EQE,38:L,127:A
P;Y,L;T,"38,63",0.0,6EQE,38:L,63:T
P;Q,L;V,"38,182",0.0,6EQE,38:L,182:V
P;K,L;L,"38,253",0.0,6EQE,38:L,253:L
P;C,L;S,"38,289",0.0,6EQE,38:L,289:S
P;Y,L;G,"38,63",0.0,6EQE,38:L,63:G
P;M,L;V,"38,154",0.0,6EQE,38:L,154:V
P;Q,L;T,"38,127",0.0,6EQE,38:L,127:T
P;A,L;D,"38,226",0.0,6EQE,38:L,226:D
P;C,L;A,"38,289",0.0,6EQE,38:L,289:A
P;R,L;Q,"38,224",0.0,6EQE,38:L,224:Q
P;N,L;K,"38,233",0.0,6EQE,38:L,233:K
P;S,L;E,"38,136",0.0,6EQE,38:L,136:E
P;D,L;N,"38,186",0.0,6EQE,38:L,186:N
P;R,L;A,"38,280",0.0,6EQE,38:L,280:A
P;S,L;F,"38,238",0.0,6EQE,38:L,238:F
P;S,L;Q,"38,188",0.0,6EQE,38:L,188:Q
P;S,L;H,"38,214",0.0,6EQE,38:L,214:H
P;L,L;F,"38,117",0.0,6EQE,38:L,117:F
P;Q,L;Y,"38,119",0.0,6EQE,38:L,119:Y
P;G,L;A,"38,165",0.0,6EQE,38:L,165:A
P;S,L;E,"38,121",0.0,6EQE,38:L,121:E
P;I,L;R,"38,168",0.0,6EQE,38:L,168:R
P;N,L;H,"38,205",0.0,6EQE,38:L,205:H
P;S,L;Y,"38,269",0.0,6EQE,38:L,269:Y
P;S,L;T,"38,214",0.0,6EQE,38:L,214:T
P;I,L;R,"38,218",0.0,6EQE,38:L,218:R
P;P,L;K,"38,120",0.0,6EQE,38:L,120:K
P;M,L;H,"38,161",0.0,6EQE,38:L,161:H
P;I,L;H,"38,168",0.0,6EQE,38:L,168:H
P;N,L;K,"38,114",0.0,6EQE,38:L,114:K
P;P,L;V,"38,184",0.0,6EQE,38:L,184:V
P;W,L;P,"38,185",0.0,6EQE,38:L,185:P
P;S,L;H,"38,187",0.0,6EQE,38:L,187:H
P;S,L;P,"38,188",0.0,6EQE,38:L,188:P
P;T,L;Y,"38,189",0.0,6EQE,38:L,189:Y
P;F,L;M,"38,191",0.0,6EQE,38:L,191:M
L;T,W;L,"216,72",0.0,6EQE,216:W,72:L
L;S,W;P,"216,245",0.0,6EQE,216:W,245:P
L;I,W;W,"216,111",0.0,6EQE,216:W,111:W
L;L,W;D,"216,249",0.0,6EQE,216:W,249:D
L;E,W;K,"216,231",0.0,6EQE,216:W,231:K
L;D,W;K,"216,263",0.0,6EQE,216:W,263:K
L;T,W;M,"216,51",0.0,6EQE,216:W,51:M
L;S,W;T,"216,121",0.0,6EQE,216:W,121:T
L;I,W;H,"216,145",0.0,6EQE,216:W,145:H
L;I,W;L,"216,145",0.0,6EQE,216:W,145:L
L;H,W;M,"216,104",0.0,6EQE,216:W,104:M
L;R,W;P,"216,280",0.0,6EQE,216:W,280:P
L;S,W;D,"216,103",0.0,6EQE,216:W,103:D
L;I,W;V,"216,200",0.0,6EQE,216:W,200:V
L;T,W;K,"216,88",0.0,6EQE,216:W,88:K
L;N,W;K,"216,138",0.0,6EQE,216:W,138:K
L;A,W;L,"216,65",0.0,6EQE,216:W,65:L
L;Q,W;T,"216,91",0.0,6EQE,216:W,91:T
L;G,W;D,"216,163",0.0,6EQE,216:W,163:D
L;A,W;M,"216,65",0.0,6EQE,216:W,65:M
L;K,W;L,"216,252",0.0,6EQE,216:W,252:L
L;V,W;D,"216,57",0.0,6EQE,216:W,57:D
L;Q,W;V,"216,127",0.0,6EQE,216:W,127:V
L;V,W;C,"216,281",0.0,6EQE,216:W,281:C
L;T,W;V,"216,72",0.0,6EQE,216:W,72:V
L;Q,W;N,"216,133",0.0,6EQE,216:W,133:N
L;R,W;K,"216,53",0.0,6EQE,216:W,53:K
L;S,W;P,"216,125",0.0,6EQE,216:W,125:P
L;T,W;Q,"216,88",0.0,6EQE,216:W,88:Q
L;N,W;L,"216,138",0.0,6EQE,216:W,138:L
L;H,W;R,"216,104",0.0,6EQE,216:W,104:R
L;W,W;P,"216,159",0.0,6EQE,216:W,159:P
L;S,W;Y,"216,242",0.0,6EQE,216:W,242:Y
L;A,W;F,"216,65",0.0,6EQE,216:W,65:F
L;G,W;H,"216,251",0.0,6EQE,216:W,251:H
L;S,W;W,"216,58",0.0,6EQE,216:W,58:W
L;A,W;E,"216,152",0.0,6EQE,216:W,152:E
L;T,W;N,"216,88",0.0,6EQE,216:W,88:N
L;T,W;N,"216,198",0.0,6EQE,216:W,198:N
L;S,W;K,"216,58",0.0,6EQE,216:W,58:K
L;L,W;C,"216,249",0.0,6EQE,216:W,249:C
L;N,W;T,"216,190",0.0,6EQE,216:W,190:T
L;S,W;V,"216,223",0.0,6EQE,216:W,223:V
L;A,W;W,"216,65",0.0,6EQE,216:W,65:W
L;K,W;Y,"216,253",0.0,6EQE,216:W,253:Y
L;R,W;S,"216,90",0.0,6EQE,216:W,90:S
L;T,W;M,"216,29",0.0,6EQE,216:W,29:M
L;M,W;L,"216,262",0.0,6EQE,216:W,262:L
L;A,W;L,"216,272",0.0,6EQE,216:W,272:L
L;R,W;N,"216,90",0.0,6EQE,216:W,90:N
L;R,W;T,"216,90",0.0,6EQE,216:W,90:T
L;G,W;T,"216,254",0.0,6EQE,216:W,254:T
L;R,W;P,"216,90",0.0,6EQE,216:W,90:P
L;N,W;Y,"216,37",0.0,6EQE,216:W,37:Y
L;Q,W;I,"216,182",0.0,6EQE,216:W,182:I
L;R,W;A,"216,90",0.0,6EQE,216:W,90:A
L;K,W;F,"216,253",0.0,6EQE,216:W,253:F
L;Y,W;S,"216,63",0.0,6EQE,216:W,63:S
L;Q,W;M,"216,127",0.0,6EQE,216:W,127:M
L;Q,W;L,"216,182",0.0,6EQE,216:W,182:L
L;K,W;A,"216,253",0.0,6EQE,216:W,253:A
L;K,W;V,"216,253",0.0,6EQE,216:W,253:V
L;Q,W;F,"216,182",0.0,6EQE,216:W,182:F
L;R,W;D,"216,90",0.0,6EQE,216:W,90:D
L;Q,W;A,"216,127",0.0,6EQE,216:W,127:A
L;Y,W;T,"216,63",0.0,6EQE,216:W,63:T
L;Q,W;V,"216,182",0.0,6EQE,216:W,182:V
L;K,W;L,"216,253",0.0,6EQE,216:W,253:L
L;C,W;S,"216,289",0.0,6EQE,216:W,289:S
L;Y,W;G,"216,63",0.0,6EQE,216:W,63:G
L;M,W;V,"216,154",0.0,6EQE,216:W,154:V
L;Q,W;T,"216,127",0.0,6EQE,216:W,127:T
L;A,W;D,"216,226",0.0,6EQE,216:W,226:D
L;C,W;A,"216,289",0.0,6EQE,216:W,289:A
L;R,W;Q,"216,224",0.0,6EQE,216:W,224:Q
L;N,W;K,"216,233",0.0,6EQE,216:W,233:K
L;S,W;E,"216,136",0.0,6EQE,216:W,136:E
L;D,W;N,"216,186",0.0,6EQE,216:W,186:N
L;R,W;A,"216,280",0.0,6EQE,216:W,280:A
L;S,W;F,"216,238",0.0,6EQE,216:W,238:F
L;S,W;Q,"216,188",0.0,6EQE,216:W,188:Q
L;S,W;H,"216,214",0.0,6EQE,216:W,214:H
L;L,W;F,"216,117",0.0,6EQE,216:W,117:F
L;Q,W;Y,"216,119",0.0,6EQE,216:W,119:Y
L;G,W;A,"216,165",0.0,6EQE,216:W,165:A
L;S,W;E,"216,121",0.0,6EQE,216:W,121:E
L;I,W;R,"216,168",0.0,6EQE,216:W,168:R
L;N,W;H,"216,205",0.0,6EQE,216:W,205:H
L;S,W;Y,"216,269",0.0,6EQE,216:W,269:Y
L;S,W;T,"216,214",0.0,6EQE,216:W,214:T
L;I,W;R,"216,218",0.0,6EQE,216:W,218:R
L;P,W;K,"216,120",0.0,6EQE,216:W,120:K
L;M,W;H,"216,161",0.0,6EQE,216:W,161:H
L;I,W;H,"216,168",0.0,6EQE,216:W,168:H
L;N,W;K,"216,114",0.0,6EQE,216:W,114:K
L;P,W;V,"216,184",0.0,6EQE,216:W,184:V
L;W,W;P,"216,185",0.0,6EQE,216:W,185:P
L;S,W;H,"216,187",0.0,6EQE,216:W,187:H
L;S,W;P,"216,188",0.0,6EQE,216:W,188:P
L;T,W;Y,"216,189",0.0,6EQE,216:W,189:Y
L;F,W;M,"216,191",0.0,6EQE,216:W,191:M
T;S,L;P,"72,245",0.0,6EQE,72:L,245:P
T;I,L;W,"72,111",0.0,6EQE,72:L,111:W
T;L,L;D,"72,249",0.0,6EQE,72:L,249:D
T;E,L;K,"72,231",0.0,6EQE,72:L,231:K
T;D,L;K,"72,263",0.0,6EQE,72:L,263:K
T;T,L;M,"72,51",0.0,6EQE,72:L,51:M
T;L,L;E,"72,216",0.0,6EQE,72:L,216:E
T;S,L;T,"72,121",0.0,6EQE,72:L,121:T
T;I,L;H,"72,145",0.0,6EQE,72:L,145:H
T;I,L;L,"72,145",0.0,6EQE,72:L,145:L
T;H,L;M,"72,104",0.0,6EQE,72:L,104:M
T;R,L;P,"72,280",0.0,6EQE,72:L,280:P
T;L,L;F,"72,216",0.0,6EQE,72:L,216:F
T;S,L;D,"72,103",0.0,6EQE,72:L,103:D
T;I,L;V,"72,200",0.0,6EQE,72:L,200:V
T;T,L;K,"72,88",0.0,6EQE,72:L,88:K
T;N,L;K,"72,138",0.0,6EQE,72:L,138:K
T;A,L;L,"72,65",0.0,6EQE,72:L,65:L
T;Q,L;T,"72,91",0.0,6EQE,72:L,91:T
T;G,L;D,"72,163",0.0,6EQE,72:L,163:D
T;A,L;M,"72,65",0.0,6EQE,72:L,65:M
T;K,L;L,"72,252",0.0,6EQE,72:L,252:L
T;V,L;D,"72,57",0.0,6EQE,72:L,57:D
T;Q,L;V,"72,127",0.0,6EQE,72:L,127:V
T;V,L;C,"72,281",0.0,6EQE,72:L,281:C
T;Q,L;N,"72,133",0.0,6EQE,72:L,133:N
T;R,L;K,"72,53",0.0,6EQE,72:L,53:K
T;S,L;P,"72,125",0.0,6EQE,72:L,125:P
T;T,L;Q,"72,88",0.0,6EQE,72:L,88:Q
T;N,L;L,"72,138",0.0,6EQE,72:L,138:L
T;H,L;R,"72,104",0.0,6EQE,72:L,104:R
T;W,L;P,"72,159",0.0,6EQE,72:L,159:P
T;S,L;Y,"72,242",0.0,6EQE,72:L,242:Y
T;A,L;F,"72,65",0.0,6EQE,72:L,65:F
T;G,L;H,"72,251",0.0,6EQE,72:L,251:H
T;L,L;P,"72,216",0.0,6EQE,72:L,216:P
T;S,L;W,"72,58",0.0,6EQE,72:L,58:W
T;A,L;E,"72,152",0.0,6EQE,72:L,152:E
T;T,L;N,"72,88",0.0,6EQE,72:L,88:N
T;T,L;N,"72,198",0.0,6EQE,72:L,198:N
T;S,L;K,"72,58",0.0,6EQE,72:L,58:K
T;L,L;C,"72,249",0.0,6EQE,72:L,249:C
T;N,L;T,"72,190",0.0,6EQE,72:L,190:T
T;S,L;V,"72,223",0.0,6EQE,72:L,223:V
T;A,L;W,"72,65",0.0,6EQE,72:L,65:W
T;K,L;Y,"72,253",0.0,6EQE,72:L,253:Y
T;R,L;S,"72,90",0.0,6EQE,72:L,90:S
T;T,L;M,"72,29",0.0,6EQE,72:L,29:M
T;M,L;L,"72,262",0.0,6EQE,72:L,262:L
T;A,L;L,"72,272",0.0,6EQE,72:L,272:L
T;R,L;N,"72,90",0.0,6EQE,72:L,90:N
T;R,L;T,"72,90",0.0,6EQE,72:L,90:T
T;G,L;T,"72,254",0.0,6EQE,72:L,254:T
T;R,L;P,"72,90",0.0,6EQE,72:L,90:P
T;N,L;Y,"72,37",0.0,6EQE,72:L,37:Y
T;Q,L;I,"72,182",0.0,6EQE,72:L,182:I
T;R,L;A,"72,90",0.0,6EQE,72:L,90:A
T;K,L;F,"72,253",0.0,6EQE,72:L,253:F
T;Y,L;S,"72,63",0.0,6EQE,72:L,63:S
T;Q,L;M,"72,127",0.0,6EQE,72:L,127:M
T;Q,L;L,"72,182",0.0,6EQE,72:L,182:L
T;K,L;A,"72,253",0.0,6EQE,72:L,253:A
T;K,L;V,"72,253",0.0,6EQE,72:L,253:V
T;Q,L;F,"72,182",0.0,6EQE,72:L,182:F
T;R,L;D,"72,90",0.0,6EQE,72:L,90:D
T;Q,L;A,"72,127",0.0,6EQE,72:L,127:A
T;Y,L;T,"72,63",0.0,6EQE,72:L,63:T
T;Q,L;V,"72,182",0.0,6EQE,72:L,182:V
T;K,L;L,"72,253",0.0,6EQE,72:L,253:L
T;C,L;S,"72,289",0.0,6EQE,72:L,289:S
T;Y,L;G,"72,63",0.0,6EQE,72:L,63:G
T;M,L;V,"72,154",0.0,6EQE,72:L,154:V
T;Q,L;T,"72,127",0.0,6EQE,72:L,127:T
T;A,L;D,"72,226",0.0,6EQE,72:L,226:D
T;C,L;A,"72,289",0.0,6EQE,72:L,289:A
T;R,L;Q,"72,224",0.0,6EQE,72:L,224:Q
T;N,L;K,"72,233",0.0,6EQE,72:L,233:K
T;S,L;E,"72,136",0.0,6EQE,72:L,136:E
T;D,L;N,"72,186",0.0,6EQE,72:L,186:N
T;R,L;A,"72,280",0.0,6EQE,72:L,280:A
T;S,L;F,"72,238",0.0,6EQE,72:L,238:F
T;S,L;Q,"72,188",0.0,6EQE,72:L,188:Q
T;S,L;H,"72,214",0.0,6EQE,72:L,214:H
T;L,L;F,"72,117",0.0,6EQE,72:L,117:F
T;Q,L;Y,"72,119",0.0,6EQE,72:L,119:Y
T;G,L;A,"72,165",0.0,6EQE,72:L,165:A
T;S,L;E,"72,121",0.0,6EQE,72:L,121:E
T;I,L;R,"72,168",0.0,6EQE,72:L,168:R
T;N,L;H,"72,205",0.0,6EQE,72:L,205:H
T;S,L;Y,"72,269",0.0,6EQE,72:L,269:Y
T;S,L;T,"72,214",0.0,6EQE,72:L,214:T
T;I,L;R,"72,218",0.0,6EQE,72:L,218:R
T;P,L;K,"72,120",0.0,6EQE,72:L,120:K
T;M,L;H,"72,161",0.0,6EQE,72:L,161:H
T;I,L;H,"72,168",0.0,6EQE,72:L,168:H
T;N,L;K,"72,114",0.0,6EQE,72:L,114:K
T;P,L;V,"72,184",0.0,6EQE,72:L,184:V
T;W,L;P,"72,185",0.0,6EQE,72:L,185:P
T;S,L;H,"72,187",0.0,6EQE,72:L,187:H
T;S,L;P,"72,188",0.0,6EQE,72:L,188:P
T;T,L;Y,"72,189",0.0,6EQE,72:L,189:Y
T;F,L;M,"72,191",0.0,6EQE,72:L,191:M
S;I,P;W,"245,111",0.0,6EQE,245:P,111:W
S;L,P;D,"245,249",0.0,6EQE,245:P,249:D
S;E,P;K,"245,231",0.0,6EQE,245:P,231:K
S;D,P;K,"245,263",0.0,6EQE,245:P,263:K
S;T,P;M,"245,51",0.0,6EQE,245:P,51:M
S;L,P;E,"245,216",0.0,6EQE,245:P,216:E
S;S,P;T,"245,121",0.0,6EQE,245:P,121:T
S;I,P;H,"245,145",0.0,6EQE,245:P,145:H
S;I,P;L,"245,145",0.0,6EQE,245:P,145:L
S;H,P;M,"245,104",0.0,6EQE,245:P,104:M
S;R,P;P,"245,280",0.0,6EQE,245:P,280:P
S;L,P;F,"245,216",0.0,6EQE,245:P,216:F
S;S,P;D,"245,103",0.0,6EQE,245:P,103:D
S;I,P;V,"245,200",0.0,6EQE,245:P,200:V
S;T,P;K,"245,88",0.0,6EQE,245:P,88:K
S;N,P;K,"245,138",0.0,6EQE,245:P,138:K
S;A,P;L,"245,65",0.0,6EQE,245:P,65:L
S;Q,P;T,"245,91",0.0,6EQE,245:P,91:T
S;G,P;D,"245,163",0.0,6EQE,245:P,163:D
S;A,P;M,"245,65",0.0,6EQE,245:P,65:M
S;K,P;L,"245,252",0.0,6EQE,245:P,252:L
S;V,P;D,"245,57",0.0,6EQE,245:P,57:D
S;Q,P;V,"245,127",0.0,6EQE,245:P,127:V
S;V,P;C,"245,281",0.0,6EQE,245:P,281:C
S;T,P;V,"245,72",0.0,6EQE,245:P,72:V
S;Q,P;N,"245,133",0.0,6EQE,245:P,133:N
S;R,P;K,"245,53",0.0,6EQE,245:P,53:K
S;S,P;P,"245,125",0.0,6EQE,245:P,125:P
S;T,P;Q,"245,88",0.0,6EQE,245:P,88:Q
S;N,P;L,"245,138",0.0,6EQE,245:P,138:L
S;H,P;R,"245,104",0.0,6EQE,245:P,104:R
S;W,P;P,"245,159",0.0,6EQE,245:P,159:P
S;S,P;Y,"245,242",0.0,6EQE,245:P,242:Y
S;A,P;F,"245,65",0.0,6EQE,245:P,65:F
S;G,P;H,"245,251",0.0,6EQE,245:P,251:H
S;L,P;P,"245,216",0.0,6EQE,245:P,216:P
S;S,P;W,"245,58",0.0,6EQE,245:P,58:W
S;A,P;E,"245,152",0.0,6EQE,245:P,152:E
S;T,P;N,"245,88",0.0,6EQE,245:P,88:N
S;T,P;N,"245,198",0.0,6EQE,245:P,198:N
S;S,P;K,"245,58",0.0,6EQE,245:P,58:K
S;L,P;C,"245,249",0.0,6EQE,245:P,249:C
S;N,P;T,"245,190",0.0,6EQE,245:P,190:T
S;S,P;V,"245,223",0.0,6EQE,245:P,223:V
S;A,P;W,"245,65",0.0,6EQE,245:P,65:W
S;K,P;Y,"245,253",0.0,6EQE,245:P,253:Y
S;R,P;S,"245,90",0.0,6EQE,245:P,90:S
S;T,P;M,"245,29",0.0,6EQE,245:P,29:M
S;M,P;L,"245,262",0.0,6EQE,245:P,262:L
S;A,P;L,"245,272",0.0,6EQE,245:P,272:L
S;R,P;N,"245,90",0.0,6EQE,245:P,90:N
S;R,P;T,"245,90",0.0,6EQE,245:P,90:T
S;G,P;T,"245,254",0.0,6EQE,245:P,254:T
S;R,P;P,"245,90",0.0,6EQE,245:P,90:P
S;N,P;Y,"245,37",0.0,6EQE,245:P,37:Y
S;Q,P;I,"245,182",0.0,6EQE,245:P,182:I
S;R,P;A,"245,90",0.0,6EQE,245:P,90:A
S;K,P;F,"245,253",0.0,6EQE,245:P,253:F
S;Y,P;S,"245,63",0.0,6EQE,245:P,63:S
S;Q,P;M,"245,127",0.0,6EQE,245:P,127:M
S;Q,P;L,"245,182",0.0,6EQE,245:P,182:L
S;K,P;A,"245,253",0.0,6EQE,245:P,253:A
S;K,P;V,"245,253",0.0,6EQE,245:P,253:V
S;Q,P;F,"245,182",0.0,6EQE,245:P,182:F
S;R,P;D,"245,90",0.0,6EQE,245:P,90:D
S;Q,P;A,"245,127",0.0,6EQE,245:P,127:A
S;Y,P;T,"245,63",0.0,6EQE,245:P,63:T
S;Q,P;V,"245,182",0.0,6EQE,245:P,182:V
S;K,P;L,"245,253",0.0,6EQE,245:P,253:L
S;C,P;S,"245,289",0.0,6EQE,245:P,289:S
S;Y,P;G,"245,63",0.0,6EQE,245:P,63:G
S;M,P;V,"245,154",0.0,6EQE,245:P,154:V
S;Q,P;T,"245,127",0.0,6EQE,245:P,127:T
S;A,P;D,"245,226",0.0,6EQE,245:P,226:D
S;C,P;A,"245,289",0.0,6EQE,245:P,289:A
S;R,P;Q,"245,224",0.0,6EQE,245:P,224:Q
S;N,P;K,"245,233",0.0,6EQE,245:P,233:K
S;S,P;E,"245,136",0.0,6EQE,245:P,136:E
S;D,P;N,"245,186",0.0,6EQE,245:P,186:N
S;R,P;A,"245,280",0.0,6EQE,245:P,280:A
S;S,P;F,"245,238",0.0,6EQE,245:P,238:F
S;S,P;Q,"245,188",0.0,6EQE,245:P,188:Q
S;S,P;H,"245,214",0.0,6EQE,245:P,214:H
S;L,P;F,"245,117",0.0,6EQE,245:P,117:F
S;Q,P;Y,"245,119",0.0,6EQE,245:P,119:Y
S;G,P;A,"245,165",0.0,6EQE,245:P,165:A
S;S,P;E,"245,121",0.0,6EQE,245:P,121:E
S;I,P;R,"245,168",0.0,6EQE,245:P,168:R
S;N,P;H,"245,205",0.0,6EQE,245:P,205:H
S;S,P;Y,"245,269",0.0,6EQE,245:P,269:Y
S;S,P;T,"245,214",0.0,6EQE,245:P,214:T
S;I,P;R,"245,218",0.0,6EQE,245:P,218:R
S;P,P;K,"245,120",0.0,6EQE,245:P,120:K
S;M,P;H,"245,161",0.0,6EQE,245:P,161:H
S;I,P;H,"245,168",0.0,6EQE,245:P,168:H
S;N,P;K,"245,114",0.0,6EQE,245:P,114:K
S;P,P;V,"245,184",0.0,6EQE,245:P,184:V
S;W,P;P,"245,185",0.0,6EQE,245:P,185:P
S;S,P;H,"245,187",0.0,6EQE,245:P,187:H
S;S,P;P,"245,188",0.0,6EQE,245:P,188:P
S;T,P;Y,"245,189",0.0,6EQE,245:P,189:Y
S;F,P;M,"245,191",0.0,6EQE,245:P,191:M
I;L,W;D,"111,249",0.0,6EQE,111:W,249:D
I;E,W;K,"111,231",0.0,6EQE,111:W,231:K
I;D,W;K,"111,263",0.0,6EQE,111:W,263:K
I;T,W;M,"111,51",0.0,6EQE,111:W,51:M
I;L,W;E,"111,216",0.0,6EQE,111:W,216:E
I;S,W;T,"111,121",0.0,6EQE,111:W,121:T
I;I,W;H,"111,145",0.0,6EQE,111:W,145:H
I;I,W;L,"111,145",0.0,6EQE,111:W,145:L
I;H,W;M,"111,104",0.0,6EQE,111:W,104:M
I;R,W;P,"111,280",0.0,6EQE,111:W,280:P
I;L,W;F,"111,216",0.0,6EQE,111:W,216:F
I;S,W;D,"111,103",0.0,6EQE,111:W,103:D
I;I,W;V,"111,200",0.0,6EQE,111:W,200:V
I;T,W;K,"111,88",0.0,6EQE,111:W,88:K
I;N,W;K,"111,138",0.0,6EQE,111:W,138:K
I;A,W;L,"111,65",0.0,6EQE,111:W,65:L
I;Q,W;T,"111,91",0.0,6EQE,111:W,91:T
I;G,W;D,"111,163",0.0,6EQE,111:W,163:D
I;A,W;M,"111,65",0.0,6EQE,111:W,65:M
I;K,W;L,"111,252",0.0,6EQE,111:W,252:L
I;V,W;D,"111,57",0.0,6EQE,111:W,57:D
I;Q,W;V,"111,127",0.0,6EQE,111:W,127:V
I;V,W;C,"111,281",0.0,6EQE,111:W,281:C
I;T,W;V,"111,72",0.0,6EQE,111:W,72:V
I;Q,W;N,"111,133",0.0,6EQE,111:W,133:N
I;R,W;K,"111,53",0.0,6EQE,111:W,53:K
I;S,W;P,"111,125",0.0,6EQE,111:W,125:P
I;T,W;Q,"111,88",0.0,6EQE,111:W,88:Q
I;N,W;L,"111,138",0.0,6EQE,111:W,138:L
I;H,W;R,"111,104",0.0,6EQE,111:W,104:R
I;W,W;P,"111,159",0.0,6EQE,111:W,159:P
I;S,W;Y,"111,242",0.0,6EQE,111:W,242:Y
I;A,W;F,"111,65",0.0,6EQE,111:W,65:F
I;G,W;H,"111,251",0.0,6EQE,111:W,251:H
I;L,W;P,"111,216",0.0,6EQE,111:W,216:P
I;S,W;W,"111,58",0.0,6EQE,111:W,58:W
I;A,W;E,"111,152",0.0,6EQE,111:W,152:E
I;T,W;N,"111,88",0.0,6EQE,111:W,88:N
I;T,W;N,"111,198",0.0,6EQE,111:W,198:N
I;S,W;K,"111,58",0.0,6EQE,111:W,58:K
I;L,W;C,"111,249",0.0,6EQE,111:W,249:C
I;N,W;T,"111,190",0.0,6EQE,111:W,190:T
I;S,W;V,"111,223",0.0,6EQE,111:W,223:V
I;A,W;W,"111,65",0.0,6EQE,111:W,65:W
I;K,W;Y,"111,253",0.0,6EQE,111:W,253:Y
I;R,W;S,"111,90",0.0,6EQE,111:W,90:S
I;T,W;M,"111,29",0.0,6EQE,111:W,29:M
I;M,W;L,"111,262",0.0,6EQE,111:W,262:L
I;A,W;L,"111,272",0.0,6EQE,111:W,272:L
I;R,W;N,"111,90",0.0,6EQE,111:W,90:N
I;R,W;T,"111,90",0.0,6EQE,111:W,90:T
I;G,W;T,"111,254",0.0,6EQE,111:W,254:T
I;R,W;P,"111,90",0.0,6EQE,111:W,90:P
I;N,W;Y,"111,37",0.0,6EQE,111:W,37:Y
I;Q,W;I,"111,182",0.0,6EQE,111:W,182:I
I;R,W;A,"111,90",0.0,6EQE,111:W,90:A
I;K,W;F,"111,253",0.0,6EQE,111:W,253:F
I;Y,W;S,"111,63",0.0,6EQE,111:W,63:S
I;Q,W;M,"111,127",0.0,6EQE,111:W,127:M
I;Q,W;L,"111,182",0.0,6EQE,111:W,182:L
I;K,W;A,"111,253",0.0,6EQE,111:W,253:A
I;K,W;V,"111,253",0.0,6EQE,111:W,253:V
I;Q,W;F,"111,182",0.0,6EQE,111:W,182:F
I;R,W;D,"111,90",0.0,6EQE,111:W,90:D
I;Q,W;A,"111,127",0.0,6EQE,111:W,127:A
I;Y,W;T,"111,63",0.0,6EQE,111:W,63:T
I;Q,W;V,"111,182",0.0,6EQE,111:W,182:V
I;K,W;L,"111,253",0.0,6EQE,111:W,253:L
I;C,W;S,"111,289",0.0,6EQE,111:W,289:S
I;Y,W;G,"111,63",0.0,6EQE,111:W,63:G
I;M,W;V,"111,154",0.0,6EQE,111:W,154:V
I;Q,W;T,"111,127",0.0,6EQE,111:W,127:T
I;A,W;D,"111,226",0.0,6EQE,111:W,226:D
I;C,W;A,"111,289",0.0,6EQE,111:W,289:A
I;R,W;Q,"111,224",0.0,6EQE,111:W,224:Q
I;N,W;K,"111,233",0.0,6EQE,111:W,233:K
I;S,W;E,"111,136",0.0,6EQE,111:W,136:E
I;D,W;N,"111,186",0.0,6EQE,111:W,186:N
I;R,W;A,"111,280",0.0,6EQE,111:W,280:A
I;S,W;F,"111,238",0.0,6EQE,111:W,238:F
I;S,W;Q,"111,188",0.0,6EQE,111:W,188:Q
I;S,W;H,"111,214",0.0,6EQE,111:W,214:H
I;L,W;F,"111,117",0.0,6EQE,111:W,117:F
I;Q,W;Y,"111,119",0.0,6EQE,111:W,119:Y
I;G,W;A,"111,165",0.0,6EQE,111:W,165:A
I;S,W;E,"111,121",0.0,6EQE,111:W,121:E
I;I,W;R,"111,168",0.0,6EQE,111:W,168:R
I;N,W;H,"111,205",0.0,6EQE,111:W,205:H
I;S,W;Y,"111,269",0.0,6EQE,111:W,269:Y
I;S,W;T,"111,214",0.0,6EQE,111:W,214:T
I;I,W;R,"111,218",0.0,6EQE,111:W,218:R
I;P,W;K,"111,120",0.0,6EQE,111:W,120:K
I;M,W;H,"111,161",0.0,6EQE,111:W,161:H
I;I,W;H,"111,168",0.0,6EQE,111:W,168:H
I;N,W;K,"111,114",0.0,6EQE,111:W,114:K
I;P,W;V,"111,184",0.0,6EQE,111:W,184:V
I;W,W;P,"111,185",0.0,6EQE,111:W,185:P
I;S,W;H,"111,187",0.0,6EQE,111:W,187:H
I;S,W;P,"111,188",0.0,6EQE,111:W,188:P
I;T,W;Y,"111,189",0.0,6EQE,111:W,189:Y
I;F,W;M,"111,191",0.0,6EQE,111:W,191:M
L;E,D;K,"249,231",0.0,6EQE,249:D,231:K
L;D,D;K,"249,263",0.0,6EQE,249:D,263:K
L;T,D;M,"249,51",0.0,6EQE,249:D,51:M
L;L,D;E,"249,216",0.0,6EQE,249:D,216:E
L;S,D;T,"249,121",0.0,6EQE,249:D,121:T
L;I,D;H,"249,145",0.0,6EQE,249:D,145:H
L;I,D;L,"249,145",0.0,6EQE,249:D,145:L
L;H,D;M,"249,104",0.0,6EQE,249:D,104:M
L;R,D;P,"249,280",0.0,6EQE,249:D,280:P
L;L,D;F,"249,216",0.0,6EQE,249:D,216:F
L;S,D;D,"249,103",0.0,6EQE,249:D,103:D
L;I,D;V,"249,200",0.0,6EQE,249:D,200:V
L;T,D;K,"249,88",0.0,6EQE,249:D,88:K
L;N,D;K,"249,138",0.0,6EQE,249:D,138:K
L;A,D;L,"249,65",0.0,6EQE,249:D,65:L
L;Q,D;T,"249,91",0.0,6EQE,249:D,91:T
L;G,D;D,"249,163",0.0,6EQE,249:D,163:D
L;A,D;M,"249,65",0.0,6EQE,249:D,65:M
L;K,D;L,"249,252",0.0,6EQE,249:D,252:L
L;V,D;D,"249,57",0.0,6EQE,249:D,57:D
L;Q,D;V,"249,127",0.0,6EQE,249:D,127:V
L;V,D;C,"249,281",0.0,6EQE,249:D,281:C
L;T,D;V,"249,72",0.0,6EQE,249:D,72:V
L;Q,D;N,"249,133",0.0,6EQE,249:D,133:N
L;R,D;K,"249,53",0.0,6EQE,249:D,53:K
L;S,D;P,"249,125",0.0,6EQE,249:D,125:P
L;T,D;Q,"249,88",0.0,6EQE,249:D,88:Q
L;N,D;L,"249,138",0.0,6EQE,249:D,138:L
L;H,D;R,"249,104",0.0,6EQE,249:D,104:R
L;W,D;P,"249,159",0.0,6EQE,249:D,159:P
L;S,D;Y,"249,242",0.0,6EQE,249:D,242:Y
L;A,D;F,"249,65",0.0,6EQE,249:D,65:F
L;G,D;H,"249,251",0.0,6EQE,249:D,251:H
L;L,D;P,"249,216",0.0,6EQE,249:D,216:P
L;S,D;W,"249,58",0.0,6EQE,249:D,58:W
L;A,D;E,"249,152",0.0,6EQE,249:D,152:E
L;T,D;N,"249,88",0.0,6EQE,249:D,88:N
L;T,D;N,"249,198",0.0,6EQE,249:D,198:N
L;S,D;K,"249,58",0.0,6EQE,249:D,58:K
L;N,D;T,"249,190",0.0,6EQE,249:D,190:T
L;S,D;V,"249,223",0.0,6EQE,249:D,223:V
L;A,D;W,"249,65",0.0,6EQE,249:D,65:W
L;K,D;Y,"249,253",0.0,6EQE,249:D,253:Y
L;R,D;S,"249,90",0.0,6EQE,249:D,90:S
L;T,D;M,"249,29",0.0,6EQE,249:D,29:M
L;M,D;L,"249,262",0.0,6EQE,249:D,262:L
L;A,D;L,"249,272",0.0,6EQE,249:D,272:L
L;R,D;N,"249,90",0.0,6EQE,249:D,90:N
L;R,D;T,"249,90",0.0,6EQE,249:D,90:T
L;G,D;T,"249,254",0.0,6EQE,249:D,254:T
L;R,D;P,"249,90",0.0,6EQE,249:D,90:P
L;N,D;Y,"249,37",0.0,6EQE,249:D,37:Y
L;Q,D;I,"249,182",0.0,6EQE,249:D,182:I
L;R,D;A,"249,90",0.0,6EQE,249:D,90:A
L;K,D;F,"249,253",0.0,6EQE,249:D,253:F
L;Y,D;S,"249,63",0.0,6EQE,249:D,63:S
L;Q,D;M,"249,127",0.0,6EQE,249:D,127:M
L;Q,D;L,"249,182",0.0,6EQE,249:D,182:L
L;K,D;A,"249,253",0.0,6EQE,249:D,253:A
L;K,D;V,"249,253",0.0,6EQE,249:D,253:V
L;Q,D;F,"249,182",0.0,6EQE,249:D,182:F
L;R,D;D,"249,90",0.0,6EQE,249:D,90:D
L;Q,D;A,"249,127",0.0,6EQE,249:D,127:A
L;Y,D;T,"249,63",0.0,6EQE,249:D,63:T
L;Q,D;V,"249,182",0.0,6EQE,249:D,182:V
L;K,D;L,"249,253",0.0,6EQE,249:D,253:L
L;C,D;S,"249,289",0.0,6EQE,249:D,289:S
L;Y,D;G,"249,63",0.0,6EQE,249:D,63:G
L;M,D;V,"249,154",0.0,6EQE,249:D,154:V
L;Q,D;T,"249,127",0.0,6EQE,249:D,127:T
L;A,D;D,"249,226",0.0,6EQE,249:D,226:D
L;C,D;A,"249,289",0.0,6EQE,249:D,289:A
L;R,D;Q,"249,224",0.0,6EQE,249:D,224:Q
L;N,D;K,"249,233",0.0,6EQE,249:D,233:K
L;S,D;E,"249,136",0.0,6EQE,249:D,136:E
L;D,D;N,"249,186",0.0,6EQE,249:D,186:N
L;R,D;A,"249,280",0.0,6EQE,249:D,280:A
L;S,D;F,"249,238",0.0,6EQE,249:D,238:F
L;S,D;Q,"249,188",0.0,6EQE,249:D,188:Q
L;S,D;H,"249,214",0.0,6EQE,249:D,214:H
L;L,D;F,"249,117",0.0,6EQE,249:D,117:F
L;Q,D;Y,"249,119",0.0,6EQE,249:D,119:Y
L;G,D;A,"249,165",0.0,6EQE,249:D,165:A
L;S,D;E,"249,121",0.0,6EQE,249:D,121:E
L;I,D;R,"249,168",0.0,6EQE,249:D,168:R
L;N,D;H,"249,205",0.0,6EQE,249:D,205:H
L;S,D;Y,"249,269",0.0,6EQE,249:D,269:Y
L;S,D;T,"249,214",0.0,6EQE,249:D,214:T
L;I,D;R,"249,218",0.0,6EQE,249:D,218:R
L;P,D;K,"249,120",0.0,6EQE,249:D,120:K
L;M,D;H,"249,161",0.0,6EQE,249:D,161:H
L;I,D;H,"249,168",0.0,6EQE,249:D,168:H
L;N,D;K,"249,114",0.0,6EQE,249:D,114:K
L;P,D;V,"249,184",0.0,6EQE,249:D,184:V
L;W,D;P,"249,185",0.0,6EQE,249:D,185:P
L;S,D;H,"249,187",0.0,6EQE,249:D,187:H
L;S,D;P,"249,188",0.0,6EQE,249:D,188:P
L;T,D;Y,"249,189",0.0,6EQE,249:D,189:Y
L;F,D;M,"249,191",0.0,6EQE,249:D,191:M
E;D,K;K,"231,263",0.0,6EQE,231:K,263:K
E;T,K;M,"231,51",0.0,6EQE,231:K,51:M
E;L,K;E,"231,216",0.0,6EQE,231:K,216:E
E;S,K;T,"231,121",0.0,6EQE,231:K,121:T
E;I,K;H,"231,145",0.0,6EQE,231:K,145:H
E;I,K;L,"231,145",0.0,6EQE,231:K,145:L
E;H,K;M,"231,104",0.0,6EQE,231:K,104:M
E;R,K;P,"231,280",0.0,6EQE,231:K,280:P
E;L,K;F,"231,216",0.0,6EQE,231:K,216:F
E;S,K;D,"231,103",0.0,6EQE,231:K,103:D
E;I,K;V,"231,200",0.0,6EQE,231:K,200:V
E;T,K;K,"231,88",0.0,6EQE,231:K,88:K
E;N,K;K,"231,138",0.0,6EQE,231:K,138:K
E;A,K;L,"231,65",0.0,6EQE,231:K,65:L
E;Q,K;T,"231,91",0.0,6EQE,231:K,91:T
E;G,K;D,"231,163",0.0,6EQE,231:K,163:D
E;A,K;M,"231,65",0.0,6EQE,231:K,65:M
E;K,K;L,"231,252",0.0,6EQE,231:K,252:L
E;V,K;D,"231,57",0.0,6EQE,231:K,57:D
E;Q,K;V,"231,127",0.0,6EQE,231:K,127:V
E;V,K;C,"231,281",0.0,6EQE,231:K,281:C
E;T,K;V,"231,72",0.0,6EQE,231:K,72:V
E;Q,K;N,"231,133",0.0,6EQE,231:K,133:N
E;R,K;K,"231,53",0.0,6EQE,231:K,53:K
E;S,K;P,"231,125",0.0,6EQE,231:K,125:P
E;T,K;Q,"231,88",0.0,6EQE,231:K,88:Q
E;N,K;L,"231,138",0.0,6EQE,231:K,138:L
E;H,K;R,"231,104",0.0,6EQE,231:K,104:R
E;W,K;P,"231,159",0.0,6EQE,231:K,159:P
E;S,K;Y,"231,242",0.0,6EQE,231:K,242:Y
E;A,K;F,"231,65",0.0,6EQE,231:K,65:F
E;G,K;H,"231,251",0.0,6EQE,231:K,251:H
E;L,K;P,"231,216",0.0,6EQE,231:K,216:P
E;S,K;W,"231,58",0.0,6EQE,231:K,58:W
E;A,K;E,"231,152",0.0,6EQE,231:K,152:E
E;T,K;N,"231,88",0.0,6EQE,231:K,88:N
E;T,K;N,"231,198",0.0,6EQE,231:K,198:N
E;S,K;K,"231,58",0.0,6EQE,231:K,58:K
E;L,K;C,"231,249",0.0,6EQE,231:K,249:C
E;N,K;T,"231,190",0.0,6EQE,231:K,190:T
E;S,K;V,"231,223",0.0,6EQE,231:K,223:V
E;A,K;W,"231,65",0.0,6EQE,231:K,65:W
E;K,K;Y,"231,253",0.0,6EQE,231:K,253:Y
E;R,K;S,"231,90",0.0,6EQE,231:K,90:S
E;T,K;M,"231,29",0.0,6EQE,231:K,29:M
E;M,K;L,"231,262",0.0,6EQE,231:K,262:L
E;A,K;L,"231,272",0.0,6EQE,231:K,272:L
E;R,K;N,"231,90",0.0,6EQE,231:K,90:N
E;R,K;T,"231,90",0.0,6EQE,231:K,90:T
E;G,K;T,"231,254",0.0,6EQE,231:K,254:T
E;R,K;P,"231,90",0.0,6EQE,231:K,90:P
E;N,K;Y,"231,37",0.0,6EQE,231:K,37:Y
E;Q,K;I,"231,182",0.0,6EQE,231:K,182:I
E;R,K;A,"231,90",0.0,6EQE,231:K,90:A
E;K,K;F,"231,253",0.0,6EQE,231:K,253:F
E;Y,K;S,"231,63",0.0,6EQE,231:K,63:S
E;Q,K;M,"231,127",0.0,6EQE,231:K,127:M
E;Q,K;L,"231,182",0.0,6EQE,231:K,182:L
E;K,K;A,"231,253",0.0,6EQE,231:K,253:A
E;K,K;V,"231,253",0.0,6EQE,231:K,253:V
E;Q,K;F,"231,182",0.0,6EQE,231:K,182:F
E;R,K;D,"231,90",0.0,6EQE,231:K,90:D
E;Q,K;A,"231,127",0.0,6EQE,231:K,127:A
E;Y,K;T,"231,63",0.0,6EQE,231:K,63:T
E;Q,K;V,"231,182",0.0,6EQE,231:K,182:V
E;K,K;L,"231,253",0.0,6EQE,231:K,253:L
E;C,K;S,"231,289",0.0,6EQE,231:K,289:S
E;Y,K;G,"231,63",0.0,6EQE,231:K,63:G
E;M,K;V,"231,154",0.0,6EQE,231:K,154:V
E;Q,K;T,"231,127",0.0,6EQE,231:K,127:T
E;A,K;D,"231,226",0.0,6EQE,231:K,226:D
E;C,K;A,"231,289",0.0,6EQE,231:K,289:A
E;R,K;Q,"231,224",0.0,6EQE,231:K,224:Q
E;N,K;K,"231,233",0.0,6EQE,231:K,233:K
E;S,K;E,"231,136",0.0,6EQE,231:K,136:E
E;D,K;N,"231,186",0.0,6EQE,231:K,186:N
E;R,K;A,"231,280",0.0,6EQE,231:K,280:A
E;S,K;F,"231,238",0.0,6EQE,231:K,238:F
E;S,K;Q,"231,188",0.0,6EQE,231:K,188:Q
E;S,K;H,"231,214",0.0,6EQE,231:K,214:H
E;L,K;F,"231,117",0.0,6EQE,231:K,117:F
E;Q,K;Y,"231,119",0.0,6EQE,231:K,119:Y
E;G,K;A,"231,165",0.0,6EQE,231:K,165:A
E;S,K;E,"231,121",0.0,6EQE,231:K,121:E
E;I,K;R,"231,168",0.0,6EQE,231:K,168:R
E;N,K;H,"231,205",0.0,6EQE,231:K,205:H
E;S,K;Y,"231,269",0.0,6EQE,231:K,269:Y
E;S,K;T,"231,214",0.0,6EQE,231:K,214:T
E;I,K;R,"231,218",0.0,6EQE,231:K,218:R
E;P,K;K,"231,120",0.0,6EQE,231:K,120:K
E;M,K;H,"231,161",0.0,6EQE,231:K,161:H
E;I,K;H,"231,168",0.0,6EQE,231:K,168:H
E;N,K;K,"231,114",0.0,6EQE,231:K,114:K
E;P,K;V,"231,184",0.0,6EQE,231:K,184:V
E;W,K;P,"231,185",0.0,6EQE,231:K,185:P
E;S,K;H,"231,187",0.0,6EQE,231:K,187:H
E;S,K;P,"231,188",0.0,6EQE,231:K,188:P
E;T,K;Y,"231,189",0.0,6EQE,231:K,189:Y
E;F,K;M,"231,191",0.0,6EQE,231:K,191:M
D;T,K;M,"263,51",0.0,6EQE,263:K,51:M
D;L,K;E,"263,216",0.0,6EQE,263:K,216:E
D;S,K;T,"263,121",0.0,6EQE,263:K,121:T
D;I,K;H,"263,145",0.0,6EQE,263:K,145:H
D;I,K;L,"263,145",0.0,6EQE,263:K,145:L
D;H,K;M,"263,104",0.0,6EQE,263:K,104:M
D;R,K;P,"263,280",0.0,6EQE,263:K,280:P
D;L,K;F,"263,216",0.0,6EQE,263:K,216:F
D;S,K;D,"263,103",0.0,6EQE,263:K,103:D
D;I,K;V,"263,200",0.0,6EQE,263:K,200:V
D;T,K;K,"263,88",0.0,6EQE,263:K,88:K
D;N,K;K,"263,138",0.0,6EQE,263:K,138:K
D;A,K;L,"263,65",0.0,6EQE,263:K,65:L
D;Q,K;T,"263,91",0.0,6EQE,263:K,91:T
D;G,K;D,"263,163",0.0,6EQE,263:K,163:D
D;A,K;M,"263,65",0.0,6EQE,263:K,65:M
D;K,K;L,"263,252",0.0,6EQE,263:K,252:L
D;V,K;D,"263,57",0.0,6EQE,263:K,57:D
D;Q,K;V,"263,127",0.0,6EQE,263:K,127:V
D;V,K;C,"263,281",0.0,6EQE,263:K,281:C
D;T,K;V,"263,72",0.0,6EQE,263:K,72:V
D;Q,K;N,"263,133",0.0,6EQE,263:K,133:N
D;R,K;K,"263,53",0.0,6EQE,263:K,53:K
D;S,K;P,"263,125",0.0,6EQE,263:K,125:P
D;T,K;Q,"263,88",0.0,6EQE,263:K,88:Q
D;N,K;L,"263,138",0.0,6EQE,263:K,138:L
D;H,K;R,"263,104",0.0,6EQE,263:K,104:R
D;W,K;P,"263,159",0.0,6EQE,263:K,159:P
D;S,K;Y,"263,242",0.0,6EQE,263:K,242:Y
D;A,K;F,"263,65",0.0,6EQE,263:K,65:F
D;G,K;H,"263,251",0.0,6EQE,263:K,251:H
D;L,K;P,"263,216",0.0,6EQE,263:K,216:P
D;S,K;W,"263,58",0.0,6EQE,263:K,58:W
D;A,K;E,"263,152",0.0,6EQE,263:K,152:E
D;T,K;N,"263,88",0.0,6EQE,263:K,88:N
D;T,K;N,"263,198",0.0,6EQE,263:K,198:N
D;S,K;K,"263,58",0.0,6EQE,263:K,58:K
D;L,K;C,"263,249",0.0,6EQE,263:K,249:C
D;N,K;T,"263,190",0.0,6EQE,263:K,190:T
D;S,K;V,"263,223",0.0,6EQE,263:K,223:V
D;A,K;W,"263,65",0.0,6EQE,263:K,65:W
D;K,K;Y,"263,253",0.0,6EQE,263:K,253:Y
D;R,K;S,"263,90",0.0,6EQE,263:K,90:S
D;T,K;M,"263,29",0.0,6EQE,263:K,29:M
D;M,K;L,"263,262",0.0,6EQE,263:K,262:L
D;A,K;L,"263,272",0.0,6EQE,263:K,272:L
D;R,K;N,"263,90",0.0,6EQE,263:K,90:N
D;R,K;T,"263,90",0.0,6EQE,263:K,90:T
D;G,K;T,"263,254",0.0,6EQE,263:K,254:T
D;R,K;P,"263,90",0.0,6EQE,263:K,90:P
D;N,K;Y,"263,37",0.0,6EQE,263:K,37:Y
D;Q,K;I,"263,182",0.0,6EQE,263:K,182:I
D;R,K;A,"263,90",0.0,6EQE,263:K,90:A
D;K,K;F,"263,253",0.0,6EQE,263:K,253:F
D;Y,K;S,"263,63",0.0,6EQE,263:K,63:S
D;Q,K;M,"263,127",0.0,6EQE,263:K,127:M
D;Q,K;L,"263,182",0.0,6EQE,263:K,182:L
D;K,K;A,"263,253",0.0,6EQE,263:K,253:A
D;K,K;V,"263,253",0.0,6EQE,263:K,253:V
D;Q,K;F,"263,182",0.0,6EQE,263:K,182:F
D;R,K;D,"263,90",0.0,6EQE,263:K,90:D
D;Q,K;A,"263,127",0.0,6EQE,263:K,127:A
D;Y,K;T,"263,63",0.0,6EQE,263:K,63:T
D;Q,K;V,"263,182",0.0,6EQE,263:K,182:V
D;K,K;L,"263,253",0.0,6EQE,263:K,253:L
D;C,K;S,"263,289",0.0,6EQE,263:K,289:S
D;Y,K;G,"263,63",0.0,6EQE,263:K,63:G
D;M,K;V,"263,154",0.0,6EQE,263:K,154:V
D;Q,K;T,"263,127",0.0,6EQE,263:K,127:T
D;A,K;D,"263,226",0.0,6EQE,263:K,226:D
D;C,K;A,"263,289",0.0,6EQE,263:K,289:A
D;R,K;Q,"263,224",0.0,6EQE,263:K,224:Q
D;N,K;K,"263,233",0.0,6EQE,263:K,233:K
D;S,K;E,"263,136",0.0,6EQE,263:K,136:E
D;D,K;N,"263,186",0.0,6EQE,263:K,186:N
D;R,K;A,"263,280",0.0,6EQE,263:K,280:A
D;S,K;F,"263,238",0.0,6EQE,263:K,238:F
D;S,K;Q,"263,188",0.0,6EQE,263:K,188:Q
D;S,K;H,"263,214",0.0,6EQE,263:K,214:H
D;L,K;F,"263,117",0.0,6EQE,263:K,117:F
D;Q,K;Y,"263,119",0.0,6EQE,263:K,119:Y
D;G,K;A,"263,165",0.0,6EQE,263:K,165:A
D;S,K;E,"263,121",0.0,6EQE,263:K,121:E
D;I,K;R,"263,168",0.0,6EQE,263:K,168:R
D;N,K;H,"263,205",0.0,6EQE,263:K,205:H
D;S,K;Y,"263,269",0.0,6EQE,263:K,269:Y
D;S,K;T,"263,214",0.0,6EQE,263:K,214:T
D;I,K;R,"263,218",0.0,6EQE,263:K,218:R
D;P,K;K,"263,120",0.0,6EQE,263:K,120:K
D;M,K;H,"263,161",0.0,6EQE,263:K,161:H
D;I,K;H,"263,168",0.0,6EQE,263:K,168:H
D;N,K;K,"263,114",0.0,6EQE,263:K,114:K
D;P,K;V,"263,184",0.0,6EQE,263:K,184:V
D;W,K;P,"263,185",0.0,6EQE,263:K,185:P
D;S,K;H,"263,187",0.0,6EQE,263:K,187:H
D;S,K;P,"263,188",0.0,6EQE,263:K,188:P
D;T,K;Y,"263,189",0.0,6EQE,263:K,189:Y
D;F,K;M,"263,191",0.0,6EQE,263:K,191:M
T;L,M;E,"51,216",0.0,6EQE,51:M,216:E
T;S,M;T,"51,121",0.0,6EQE,51:M,121:T
T;I,M;H,"51,145",0.0,6EQE,51:M,145:H
T;I,M;L,"51,145",0.0,6EQE,51:M,145:L
T;H,M;M,"51,104",0.0,6EQE,51:M,104:M
T;R,M;P,"51,280",0.0,6EQE,51:M,280:P
T;L,M;F,"51,216",0.0,6EQE,51:M,216:F
T;S,M;D,"51,103",0.0,6EQE,51:M,103:D
T;I,M;V,"51,200",0.0,6EQE,51:M,200:V
T;T,M;K,"51,88",0.0,6EQE,51:M,88:K
T;N,M;K,"51,138",0.0,6EQE,51:M,138:K
T;A,M;L,"51,65",0.0,6EQE,51:M,65:L
T;Q,M;T,"51,91",0.0,6EQE,51:M,91:T
T;G,M;D,"51,163",0.0,6EQE,51:M,163:D
T;A,M;M,"51,65",0.0,6EQE,51:M,65:M
T;K,M;L,"51,252",0.0,6EQE,51:M,252:L
T;V,M;D,"51,57",0.0,6EQE,51:M,57:D
T;Q,M;V,"51,127",0.0,6EQE,51:M,127:V
T;V,M;C,"51,281",0.0,6EQE,51:M,281:C
T;T,M;V,"51,72",0.0,6EQE,51:M,72:V
T;Q,M;N,"51,133",0.0,6EQE,51:M,133:N
T;R,M;K,"51,53",0.0,6EQE,51:M,53:K
T;S,M;P,"51,125",0.0,6EQE,51:M,125:P
T;T,M;Q,"51,88",0.0,6EQE,51:M,88:Q
T;N,M;L,"51,138",0.0,6EQE,51:M,138:L
T;H,M;R,"51,104",0.0,6EQE,51:M,104:R
T;W,M;P,"51,159",0.0,6EQE,51:M,159:P
T;S,M;Y,"51,242",0.0,6EQE,51:M,242:Y
T;A,M;F,"51,65",0.0,6EQE,51:M,65:F
T;G,M;H,"51,251",0.0,6EQE,51:M,251:H
T;L,M;P,"51,216",0.0,6EQE,51:M,216:P
T;S,M;W,"51,58",0.0,6EQE,51:M,58:W
T;A,M;E,"51,152",0.0,6EQE,51:M,152:E
T;T,M;N,"51,88",0.0,6EQE,51:M,88:N
T;T,M;N,"51,198",0.0,6EQE,51:M,198:N
T;S,M;K,"51,58",0.0,6EQE,51:M,58:K
T;L,M;C,"51,249",0.0,6EQE,51:M,249:C
T;N,M;T,"51,190",0.0,6EQE,51:M,190:T
T;S,M;V,"51,223",0.0,6EQE,51:M,223:V
T;A,M;W,"51,65",0.0,6EQE,51:M,65:W
T;K,M;Y,"51,253",0.0,6EQE,51:M,253:Y
T;R,M;S,"51,90",0.0,6EQE,51:M,90:S
T;T,M;M,"51,29",0.0,6EQE,51:M,29:M
T;M,M;L,"51,262",0.0,6EQE,51:M,262:L
T;A,M;L,"51,272",0.0,6EQE,51:M,272:L
T;R,M;N,"51,90",0.0,6EQE,51:M,90:N
T;R,M;T,"51,90",0.0,6EQE,51:M,90:T
T;G,M;T,"51,254",0.0,6EQE,51:M,254:T
T;R,M;P,"51,90",0.0,6EQE,51:M,90:P
T;N,M;Y,"51,37",0.0,6EQE,51:M,37:Y
T;Q,M;I,"51,182",0.0,6EQE,51:M,182:I
T;R,M;A,"51,90",0.0,6EQE,51:M,90:A
T;K,M;F,"51,253",0.0,6EQE,51:M,253:F
T;Y,M;S,"51,63",0.0,6EQE,51:M,63:S
T;Q,M;M,"51,127",0.0,6EQE,51:M,127:M
T;Q,M;L,"51,182",0.0,6EQE,51:M,182:L
T;K,M;A,"51,253",0.0,6EQE,51:M,253:A
T;K,M;V,"51,253",0.0,6EQE,51:M,253:V
T;Q,M;F,"51,182",0.0,6EQE,51:M,182:F
T;R,M;D,"51,90",0.0,6EQE,51:M,90:D
T;Q,M;A,"51,127",0.0,6EQE,51:M,127:A
T;Y,M;T,"51,63",0.0,6EQE,51:M,63:T
T;Q,M;V,"51,182",0.0,6EQE,51:M,182:V
T;K,M;L,"51,253",0.0,6EQE,51:M,253:L
T;C,M;S,"51,289",0.0,6EQE,51:M,289:S
T;Y,M;G,"51,63",0.0,6EQE,51:M,63:G
T;M,M;V,"51,154",0.0,6EQE,51:M,154:V
T;Q,M;T,"51,127",0.0,6EQE,51:M,127:T
T;A,M;D,"51,226",0.0,6EQE,51:M,226:D
T;C,M;A,"51,289",0.0,6EQE,51:M,289:A
T;R,M;Q,"51,224",0.0,6EQE,51:M,224:Q
T;N,M;K,"51,233",0.0,6EQE,51:M,233:K
T;S,M;E,"51,136",0.0,6EQE,51:M,136:E
T;D,M;N,"51,186",0.0,6EQE,51:M,186:N
T;R,M;A,"51,280",0.0,6EQE,51:M,280:A
T;S,M;F,"51,238",0.0,6EQE,51:M,238:F
T;S,M;Q,"51,188",0.0,6EQE,51:M,188:Q
T;S,M;H,"51,214",0.0,6EQE,51:M,214:H
T;L,M;F,"51,117",0.0,6EQE,51:M,117:F
T;Q,M;Y,"51,119",0.0,6EQE,51:M,119:Y
T;G,M;A,"51,165",0.0,6EQE,51:M,165:A
T;S,M;E,"51,121",0.0,6EQE,51:M,121:E
T;I,M;R,"51,168",0.0,6EQE,51:M,168:R
T;N,M;H,"51,205",0.0,6EQE,51:M,205:H
T;S,M;Y,"51,269",0.0,6EQE,51:M,269:Y
T;S,M;T,"51,214",0.0,6EQE,51:M,214:T
T;I,M;R,"51,218",0.0,6EQE,51:M,218:R
T;P,M;K,"51,120",0.0,6EQE,51:M,120:K
T;M,M;H,"51,161",0.0,6EQE,51:M,161:H
T;I,M;H,"51,168",0.0,6EQE,51:M,168:H
T;N,M;K,"51,114",0.0,6EQE,51:M,114:K
T;P,M;V,"51,184",0.0,6EQE,51:M,184:V
T;W,M;P,"51,185",0.0,6EQE,51:M,185:P
T;S,M;H,"51,187",0.0,6EQE,51:M,187:H
T;S,M;P,"51,188",0.0,6EQE,51:M,188:P
T;T,M;Y,"51,189",0.0,6EQE,51:M,189:Y
T;F,M;M,"51,191",0.0,6EQE,51:M,191:M
L;S,E;T,"216,121",0.0,6EQE,216:E,121:T
L;I,E;H,"216,145",0.0,6EQE,216:E,145:H
L;I,E;L,"216,145",0.0,6EQE,216:E,145:L
L;H,E;M,"216,104",0.0,6EQE,216:E,104:M
L;R,E;P,"216,280",0.0,6EQE,216:E,280:P
L;S,E;D,"216,103",0.0,6EQE,216:E,103:D
L;I,E;V,"216,200",0.0,6EQE,216:E,200:V
L;T,E;K,"216,88",0.0,6EQE,216:E,88:K
L;N,E;K,"216,138",0.0,6EQE,216:E,138:K
L;A,E;L,"216,65",0.0,6EQE,216:E,65:L
L;Q,E;T,"216,91",0.0,6EQE,216:E,91:T
L;G,E;D,"216,163",0.0,6EQE,216:E,163:D
L;A,E;M,"216,65",0.0,6EQE,216:E,65:M
L;K,E;L,"216,252",0.0,6EQE,216:E,252:L
L;V,E;D,"216,57",0.0,6EQE,216:E,57:D
L;Q,E;V,"216,127",0.0,6EQE,216:E,127:V
L;V,E;C,"216,281",0.0,6EQE,216:E,281:C
L;T,E;V,"216,72",0.0,6EQE,216:E,72:V
L;Q,E;N,"216,133",0.0,6EQE,216:E,133:N
L;R,E;K,"216,53",0.0,6EQE,216:E,53:K
L;S,E;P,"216,125",0.0,6EQE,216:E,125:P
L;T,E;Q,"216,88",0.0,6EQE,216:E,88:Q
L;N,E;L,"216,138",0.0,6EQE,216:E,138:L
L;H,E;R,"216,104",0.0,6EQE,216:E,104:R
L;W,E;P,"216,159",0.0,6EQE,216:E,159:P
L;S,E;Y,"216,242",0.0,6EQE,216:E,242:Y
L;A,E;F,"216,65",0.0,6EQE,216:E,65:F
L;G,E;H,"216,251",0.0,6EQE,216:E,251:H
L;S,E;W,"216,58",0.0,6EQE,216:E,58:W
L;A,E;E,"216,152",0.0,6EQE,216:E,152:E
L;T,E;N,"216,88",0.0,6EQE,216:E,88:N
L;T,E;N,"216,198",0.0,6EQE,216:E,198:N
L;S,E;K,"216,58",0.0,6EQE,216:E,58:K
L;L,E;C,"216,249",0.0,6EQE,216:E,249:C
L;N,E;T,"216,190",0.0,6EQE,216:E,190:T
L;S,E;V,"216,223",0.0,6EQE,216:E,223:V
L;A,E;W,"216,65",0.0,6EQE,216:E,65:W
L;K,E;Y,"216,253",0.0,6EQE,216:E,253:Y
L;R,E;S,"216,90",0.0,6EQE,216:E,90:S
L;T,E;M,"216,29",0.0,6EQE,216:E,29:M
L;M,E;L,"216,262",0.0,6EQE,216:E,262:L
L;A,E;L,"216,272",0.0,6EQE,216:E,272:L
L;R,E;N,"216,90",0.0,6EQE,216:E,90:N
L;R,E;T,"216,90",0.0,6EQE,216:E,90:T
L;G,E;T,"216,254",0.0,6EQE,216:E,254:T
L;R,E;P,"216,90",0.0,6EQE,216:E,90:P
L;N,E;Y,"216,37",0.0,6EQE,216:E,37:Y
L;Q,E;I,"216,182",0.0,6EQE,216:E,182:I
L;R,E;A,"216,90",0.0,6EQE,216:E,90:A
L;K,E;F,"216,253",0.0,6EQE,216:E,253:F
L;Y,E;S,"216,63",0.0,6EQE,216:E,63:S
L;Q,E;M,"216,127",0.0,6EQE,216:E,127:M
L;Q,E;L,"216,182",0.0,6EQE,216:E,182:L
L;K,E;A,"216,253",0.0,6EQE,216:E,253:A
L;K,E;V,"216,253",0.0,6EQE,216:E,253:V
L;Q,E;F,"216,182",0.0,6EQE,216:E,182:F
L;R,E;D,"216,90",0.0,6EQE,216:E,90:D
L;Q,E;A,"216,127",0.0,6EQE,216:E,127:A
L;Y,E;T,"216,63",0.0,6EQE,216:E,63:T
L;Q,E;V,"216,182",0.0,6EQE,216:E,182:V
L;K,E;L,"216,253",0.0,6EQE,216:E,253:L
L;C,E;S,"216,289",0.0,6EQE,216:E,289:S
L;Y,E;G,"216,63",0.0,6EQE,216:E,63:G
L;M,E;V,"216,154",0.0,6EQE,216:E,154:V
L;Q,E;T,"216,127",0.0,6EQE,216:E,127:T
L;A,E;D,"216,226",0.0,6EQE,216:E,226:D
L;C,E;A,"216,289",0.0,6EQE,216:E,289:A
L;R,E;Q,"216,224",0.0,6EQE,216:E,224:Q
L;N,E;K,"216,233",0.0,6EQE,216:E,233:K
L;S,E;E,"216,136",0.0,6EQE,216:E,136:E
L;D,E;N,"216,186",0.0,6EQE,216:E,186:N
L;R,E;A,"216,280",0.0,6EQE,216:E,280:A
L;S,E;F,"216,238",0.0,6EQE,216:E,238:F
L;S,E;Q,"216,188",0.0,6EQE,216:E,188:Q
L;S,E;H,"216,214",0.0,6EQE,216:E,214:H
L;L,E;F,"216,117",0.0,6EQE,216:E,117:F
L;Q,E;Y,"216,119",0.0,6EQE,216:E,119:Y
L;G,E;A,"216,165",0.0,6EQE,216:E,165:A
L;S,E;E,"216,121",0.0,6EQE,216:E,121:E
L;I,E;R,"216,168",0.0,6EQE,216:E,168:R
L;N,E;H,"216,205",0.0,6EQE,216:E,205:H
L;S,E;Y,"216,269",0.0,6EQE,216:E,269:Y
L;S,E;T,"216,214",0.0,6EQE,216:E,214:T
L;I,E;R,"216,218",0.0,6EQE,216:E,218:R
L;P,E;K,"216,120",0.0,6EQE,216:E,120:K
L;M,E;H,"216,161",0.0,6EQE,216:E,161:H
L;I,E;H,"216,168",0.0,6EQE,216:E,168:H
L;N,E;K,"216,114",0.0,6EQE,216:E,114:K
L;P,E;V,"216,184",0.0,6EQE,216:E,184:V
L;W,E;P,"216,185",0.0,6EQE,216:E,185:P
L;S,E;H,"216,187",0.0,6EQE,216:E,187:H
L;S,E;P,"216,188",0.0,6EQE,216:E,188:P
L;T,E;Y,"216,189",0.0,6EQE,216:E,189:Y
L;F,E;M,"216,191",0.0,6EQE,216:E,191:M
S;I,T;H,"121,145",0.0,6EQE,121:T,145:H
S;I,T;L,"121,145",0.0,6EQE,121:T,145:L
S;H,T;M,"121,104",0.0,6EQE,121:T,104:M
S;R,T;P,"121,280",0.0,6EQE,121:T,280:P
S;L,T;F,"121,216",0.0,6EQE,121:T,216:F
S;S,T;D,"121,103",0.0,6EQE,121:T,103:D
S;I,T;V,"121,200",0.0,6EQE,121:T,200:V
S;T,T;K,"121,88",0.0,6EQE,121:T,88:K
S;N,T;K,"121,138",0.0,6EQE,121:T,138:K
S;A,T;L,"121,65",0.0,6EQE,121:T,65:L
S;Q,T;T,"121,91",0.0,6EQE,121:T,91:T
S;G,T;D,"121,163",0.0,6EQE,121:T,163:D
S;A,T;M,"121,65",0.0,6EQE,121:T,65:M
S;K,T;L,"121,252",0.0,6EQE,121:T,252:L
S;V,T;D,"121,57",0.0,6EQE,121:T,57:D
S;Q,T;V,"121,127",0.0,6EQE,121:T,127:V
S;V,T;C,"121,281",0.0,6EQE,121:T,281:C
S;T,T;V,"121,72",0.0,6EQE,121:T,72:V
S;Q,T;N,"121,133",0.0,6EQE,121:T,133:N
S;R,T;K,"121,53",0.0,6EQE,121:T,53:K
S;S,T;P,"121,125",0.0,6EQE,121:T,125:P
S;T,T;Q,"121,88",0.0,6EQE,121:T,88:Q
S;N,T;L,"121,138",0.0,6EQE,121:T,138:L
S;H,T;R,"121,104",0.0,6EQE,121:T,104:R
S;W,T;P,"121,159",0.0,6EQE,121:T,159:P
S;S,T;Y,"121,242",0.0,6EQE,121:T,242:Y
S;A,T;F,"121,65",0.0,6EQE,121:T,65:F
S;G,T;H,"121,251",0.0,6EQE,121:T,251:H
S;L,T;P,"121,216",0.0,6EQE,121:T,216:P
S;S,T;W,"121,58",0.0,6EQE,121:T,58:W
S;A,T;E,"121,152",0.0,6EQE,121:T,152:E
S;T,T;N,"121,88",0.0,6EQE,121:T,88:N
S;T,T;N,"121,198",0.0,6EQE,121:T,198:N
S;S,T;K,"121,58",0.0,6EQE,121:T,58:K
S;L,T;C,"121,249",0.0,6EQE,121:T,249:C
S;N,T;T,"121,190",0.0,6EQE,121:T,190:T
S;S,T;V,"121,223",0.0,6EQE,121:T,223:V
S;A,T;W,"121,65",0.0,6EQE,121:T,65:W
S;K,T;Y,"121,253",0.0,6EQE,121:T,253:Y
S;R,T;S,"121,90",0.0,6EQE,121:T,90:S
S;T,T;M,"121,29",0.0,6EQE,121:T,29:M
S;M,T;L,"121,262",0.0,6EQE,121:T,262:L
S;A,T;L,"121,272",0.0,6EQE,121:T,272:L
S;R,T;N,"121,90",0.0,6EQE,121:T,90:N
S;R,T;T,"121,90",0.0,6EQE,121:T,90:T
S;G,T;T,"121,254",0.0,6EQE,121:T,254:T
S;R,T;P,"121,90",0.0,6EQE,121:T,90:P
S;N,T;Y,"121,37",0.0,6EQE,121:T,37:Y
S;Q,T;I,"121,182",0.0,6EQE,121:T,182:I
S;R,T;A,"121,90",0.0,6EQE,121:T,90:A
S;K,T;F,"121,253",0.0,6EQE,121:T,253:F
S;Y,T;S,"121,63",0.0,6EQE,121:T,63:S
S;Q,T;M,"121,127",0.0,6EQE,121:T,127:M
S;Q,T;L,"121,182",0.0,6EQE,121:T,182:L
S;K,T;A,"121,253",0.0,6EQE,121:T,253:A
S;K,T;V,"121,253",0.0,6EQE,121:T,253:V
S;Q,T;F,"121,182",0.0,6EQE,121:T,182:F
S;R,T;D,"121,90",0.0,6EQE,121:T,90:D
S;Q,T;A,"121,127",0.0,6EQE,121:T,127:A
S;Y,T;T,"121,63",0.0,6EQE,121:T,63:T
S;Q,T;V,"121,182",0.0,6EQE,121:T,182:V
S;K,T;L,"121,253",0.0,6EQE,121:T,253:L
S;C,T;S,"121,289",0.0,6EQE,121:T,289:S
S;Y,T;G,"121,63",0.0,6EQE,121:T,63:G
S;M,T;V,"121,154",0.0,6EQE,121:T,154:V
S;Q,T;T,"121,127",0.0,6EQE,121:T,127:T
S;A,T;D,"121,226",0.0,6EQE,121:T,226:D
S;C,T;A,"121,289",0.0,6EQE,121:T,289:A
S;R,T;Q,"121,224",0.0,6EQE,121:T,224:Q
S;N,T;K,"121,233",0.0,6EQE,121:T,233:K
S;S,T;E,"121,136",0.0,6EQE,121:T,136:E
S;D,T;N,"121,186",0.0,6EQE,121:T,186:N
S;R,T;A,"121,280",0.0,6EQE,121:T,280:A
S;S,T;F,"121,238",0.0,6EQE,121:T,238:F
S;S,T;Q,"121,188",0.0,6EQE,121:T,188:Q
S;S,T;H,"121,214",0.0,6EQE,121:T,214:H
S;L,T;F,"121,117",0.0,6EQE,121:T,117:F
S;Q,T;Y,"121,119",0.0,6EQE,121:T,119:Y
S;G,T;A,"121,165",0.0,6EQE,121:T,165:A
S;I,T;R,"121,168",0.0,6EQE,121:T,168:R
S;N,T;H,"121,205",0.0,6EQE,121:T,205:H
S;S,T;Y,"121,269",0.0,6EQE,121:T,269:Y
S;S,T;T,"121,214",0.0,6EQE,121:T,214:T
S;I,T;R,"121,218",0.0,6EQE,121:T,218:R
S;P,T;K,"121,120",0.0,6EQE,121:T,120:K
S;M,T;H,"121,161",0.0,6EQE,121:T,161:H
S;I,T;H,"121,168",0.0,6EQE,121:T,168:H
S;N,T;K,"121,114",0.0,6EQE,121:T,114:K
S;P,T;V,"121,184",0.0,6EQE,121:T,184:V
S;W,T;P,"121,185",0.0,6EQE,121:T,185:P
S;S,T;H,"121,187",0.0,6EQE,121:T,187:H
S;S,T;P,"121,188",0.0,6EQE,121:T,188:P
S;T,T;Y,"121,189",0.0,6EQE,121:T,189:Y
S;F,T;M,"121,191",0.0,6EQE,121:T,191:M
I;H,H;M,"145,104",0.0,6EQE,145:H,104:M
I;R,H;P,"145,280",0.0,6EQE,145:H,280:P
I;L,H;F,"145,216",0.0,6EQE,145:H,216:F
I;S,H;D,"145,103",0.0,6EQE,145:H,103:D
I;I,H;V,"145,200",0.0,6EQE,145:H,200:V
I;T,H;K,"145,88",0.0,6EQE,145:H,88:K
I;N,H;K,"145,138",0.0,6EQE,145:H,138:K
I;A,H;L,"145,65",0.0,6EQE,145:H,65:L
I;Q,H;T,"145,91",0.0,6EQE,145:H,91:T
I;G,H;D,"145,163",0.0,6EQE,145:H,163:D
I;A,H;M,"145,65",0.0,6EQE,145:H,65:M
I;K,H;L,"145,252",0.0,6EQE,145:H,252:L
I;V,H;D,"145,57",0.0,6EQE,145:H,57:D
I;Q,H;V,"145,127",0.0,6EQE,145:H,127:V
I;V,H;C,"145,281",0.0,6EQE,145:H,281:C
I;T,H;V,"145,72",0.0,6EQE,145:H,72:V
I;Q,H;N,"145,133",0.0,6EQE,145:H,133:N
I;R,H;K,"145,53",0.0,6EQE,145:H,53:K
I;S,H;P,"145,125",0.0,6EQE,145:H,125:P
I;T,H;Q,"145,88",0.0,6EQE,145:H,88:Q
I;N,H;L,"145,138",0.0,6EQE,145:H,138:L
I;H,H;R,"145,104",0.0,6EQE,145:H,104:R
I;W,H;P,"145,159",0.0,6EQE,145:H,159:P
I;S,H;Y,"145,242",0.0,6EQE,145:H,242:Y
I;A,H;F,"145,65",0.0,6EQE,145:H,65:F
I;G,H;H,"145,251",0.0,6EQE,145:H,251:H
I;L,H;P,"145,216",0.0,6EQE,145:H,216:P
I;S,H;W,"145,58",0.0,6EQE,145:H,58:W
I;A,H;E,"145,152",0.0,6EQE,145:H,152:E
I;T,H;N,"145,88",0.0,6EQE,145:H,88:N
I;T,H;N,"145,198",0.0,6EQE,145:H,198:N
I;S,H;K,"145,58",0.0,6EQE,145:H,58:K
I;L,H;C,"145,249",0.0,6EQE,145:H,249:C
I;N,H;T,"145,190",0.0,6EQE,145:H,190:T
I;S,H;V,"145,223",0.0,6EQE,145:H,223:V
I;A,H;W,"145,65",0.0,6EQE,145:H,65:W
I;K,H;Y,"145,253",0.0,6EQE,145:H,253:Y
I;R,H;S,"145,90",0.0,6EQE,145:H,90:S
I;T,H;M,"145,29",0.0,6EQE,145:H,29:M
I;M,H;L,"145,262",0.0,6EQE,145:H,262:L
I;A,H;L,"145,272",0.0,6EQE,145:H,272:L
I;R,H;N,"145,90",0.0,6EQE,145:H,90:N
I;R,H;T,"145,90",0.0,6EQE,145:H,90:T
I;G,H;T,"145,254",0.0,6EQE,145:H,254:T
I;R,H;P,"145,90",0.0,6EQE,145:H,90:P
I;N,H;Y,"145,37",0.0,6EQE,145:H,37:Y
I;Q,H;I,"145,182",0.0,6EQE,145:H,182:I
I;R,H;A,"145,90",0.0,6EQE,145:H,90:A
I;K,H;F,"145,253",0.0,6EQE,145:H,253:F
I;Y,H;S,"145,63",0.0,6EQE,145:H,63:S
I;Q,H;M,"145,127",0.0,6EQE,145:H,127:M
I;Q,H;L,"145,182",0.0,6EQE,145:H,182:L
I;K,H;A,"145,253",0.0,6EQE,145:H,253:A
I;K,H;V,"145,253",0.0,6EQE,145:H,253:V
I;Q,H;F,"145,182",0.0,6EQE,145:H,182:F
I;R,H;D,"145,90",0.0,6EQE,145:H,90:D
I;Q,H;A,"145,127",0.0,6EQE,145:H,127:A
I;Y,H;T,"145,63",0.0,6EQE,145:H,63:T
I;Q,H;V,"145,182",0.0,6EQE,145:H,182:V
I;K,H;L,"145,253",0.0,6EQE,145:H,253:L
I;C,H;S,"145,289",0.0,6EQE,145:H,289:S
I;Y,H;G,"145,63",0.0,6EQE,145:H,63:G
I;M,H;V,"145,154",0.0,6EQE,145:H,154:V
I;Q,H;T,"145,127",0.0,6EQE,145:H,127:T
I;A,H;D,"145,226",0.0,6EQE,145:H,226:D
I;C,H;A,"145,289",0.0,6EQE,145:H,289:A
I;R,H;Q,"145,224",0.0,6EQE,145:H,224:Q
I;N,H;K,"145,233",0.0,6EQE,145:H,233:K
I;S,H;E,"145,136",0.0,6EQE,145:H,136:E
I;D,H;N,"145,186",0.0,6EQE,145:H,186:N
I;R,H;A,"145,280",0.0,6EQE,145:H,280:A
I;S,H;F,"145,238",0.0,6EQE,145:H,238:F
I;S,H;Q,"145,188",0.0,6EQE,145:H,188:Q
I;S,H;H,"145,214",0.0,6EQE,145:H,214:H
I;L,H;F,"145,117",0.0,6EQE,145:H,117:F
I;Q,H;Y,"145,119",0.0,6EQE,145:H,119:Y
I;G,H;A,"145,165",0.0,6EQE,145:H,165:A
I;S,H;E,"145,121",0.0,6EQE,145:H,121:E
I;I,H;R,"145,168",0.0,6EQE,145:H,168:R
I;N,H;H,"145,205",0.0,6EQE,145:H,205:H
I;S,H;Y,"145,269",0.0,6EQE,145:H,269:Y
I;S,H;T,"145,214",0.0,6EQE,145:H,214:T
I;I,H;R,"145,218",0.0,6EQE,145:H,218:R
I;P,H;K,"145,120",0.0,6EQE,145:H,120:K
I;M,H;H,"145,161",0.0,6EQE,145:H,161:H
I;I,H;H,"145,168",0.0,6EQE,145:H,168:H
I;N,H;K,"145,114",0.0,6EQE,145:H,114:K
I;P,H;V,"145,184",0.0,6EQE,145:H,184:V
I;W,H;P,"145,185",0.0,6EQE,145:H,185:P
I;S,H;H,"145,187",0.0,6EQE,145:H,187:H
I;S,H;P,"145,188",0.0,6EQE,145:H,188:P
I;T,H;Y,"145,189",0.0,6EQE,145:H,189:Y
I;F,H;M,"145,191",0.0,6EQE,145:H,191:M
I;H,L;M,"145,104",0.0,6EQE,145:L,104:M
I;R,L;P,"145,280",0.0,6EQE,145:L,280:P
I;L,L;F,"145,216",0.0,6EQE,145:L,216:F
I;S,L;D,"145,103",0.0,6EQE,145:L,103:D
I;I,L;V,"145,200",0.0,6EQE,145:L,200:V
I;T,L;K,"145,88",0.0,6EQE,145:L,88:K
I;N,L;K,"145,138",0.0,6EQE,145:L,138:K
I;A,L;L,"145,65",0.0,6EQE,145:L,65:L
I;Q,L;T,"145,91",0.0,6EQE,145:L,91:T
I;G,L;D,"145,163",0.0,6EQE,145:L,163:D
I;A,L;M,"145,65",0.0,6EQE,145:L,65:M
I;K,L;L,"145,252",0.0,6EQE,145:L,252:L
I;V,L;D,"145,57",0.0,6EQE,145:L,57:D
I;Q,L;V,"145,127",0.0,6EQE,145:L,127:V
I;V,L;C,"145,281",0.0,6EQE,145:L,281:C
I;T,L;V,"145,72",0.0,6EQE,145:L,72:V
I;Q,L;N,"145,133",0.0,6EQE,145:L,133:N
I;R,L;K,"145,53",0.0,6EQE,145:L,53:K
I;S,L;P,"145,125",0.0,6EQE,145:L,125:P
I;T,L;Q,"145,88",0.0,6EQE,145:L,88:Q
I;N,L;L,"145,138",0.0,6EQE,145:L,138:L
I;H,L;R,"145,104",0.0,6EQE,145:L,104:R
I;W,L;P,"145,159",0.0,6EQE,145:L,159:P
I;S,L;Y,"145,242",0.0,6EQE,145:L,242:Y
I;A,L;F,"145,65",0.0,6EQE,145:L,65:F
I;G,L;H,"145,251",0.0,6EQE,145:L,251:H
I;L,L;P,"145,216",0.0,6EQE,145:L,216:P
I;S,L;W,"145,58",0.0,6EQE,145:L,58:W
I;A,L;E,"145,152",0.0,6EQE,145:L,152:E
I;T,L;N,"145,88",0.0,6EQE,145:L,88:N
I;T,L;N,"145,198",0.0,6EQE,145:L,198:N
I;S,L;K,"145,58",0.0,6EQE,145:L,58:K
I;L,L;C,"145,249",0.0,6EQE,145:L,249:C
I;N,L;T,"145,190",0.0,6EQE,145:L,190:T
I;S,L;V,"145,223",0.0,6EQE,145:L,223:V
I;A,L;W,"145,65",0.0,6EQE,145:L,65:W
I;K,L;Y,"145,253",0.0,6EQE,145:L,253:Y
I;R,L;S,"145,90",0.0,6EQE,145:L,90:S
I;T,L;M,"145,29",0.0,6EQE,145:L,29:M
I;M,L;L,"145,262",0.0,6EQE,145:L,262:L
I;A,L;L,"145,272",0.0,6EQE,145:L,272:L
I;R,L;N,"145,90",0.0,6EQE,145:L,90:N
I;R,L;T,"145,90",0.0,6EQE,145:L,90:T
I;G,L;T,"145,254",0.0,6EQE,145:L,254:T
I;R,L;P,"145,90",0.0,6EQE,145:L,90:P
I;N,L;Y,"145,37",0.0,6EQE,145:L,37:Y
I;Q,L;I,"145,182",0.0,6EQE,145:L,182:I
I;R,L;A,"145,90",0.0,6EQE,145:L,90:A
I;K,L;F,"145,253",0.0,6EQE,145:L,253:F
I;Y,L;S,"145,63",0.0,6EQE,145:L,63:S
I;Q,L;M,"145,127",0.0,6EQE,145:L,127:M
I;Q,L;L,"145,182",0.0,6EQE,145:L,182:L
I;K,L;A,"145,253",0.0,6EQE,145:L,253:A
I;K,L;V,"145,253",0.0,6EQE,145:L,253:V
I;Q,L;F,"145,182",0.0,6EQE,145:L,182:F
I;R,L;D,"145,90",0.0,6EQE,145:L,90:D
I;Q,L;A,"145,127",0.0,6EQE,145:L,127:A
I;Y,L;T,"145,63",0.0,6EQE,145:L,63:T
I;Q,L;V,"145,182",0.0,6EQE,145:L,182:V
I;K,L;L,"145,253",0.0,6EQE,145:L,253:L
I;C,L;S,"145,289",0.0,6EQE,145:L,289:S
I;Y,L;G,"145,63",0.0,6EQE,145:L,63:G
I;M,L;V,"145,154",0.0,6EQE,145:L,154:V
I;Q,L;T,"145,127",0.0,6EQE,145:L,127:T
I;A,L;D,"145,226",0.0,6EQE,145:L,226:D
I;C,L;A,"145,289",0.0,6EQE,145:L,289:A
I;R,L;Q,"145,224",0.0,6EQE,145:L,224:Q
I;N,L;K,"145,233",0.0,6EQE,145:L,233:K
I;S,L;E,"145,136",0.0,6EQE,145:L,136:E
I;D,L;N,"145,186",0.0,6EQE,145:L,186:N
I;R,L;A,"145,280",0.0,6EQE,145:L,280:A
I;S,L;F,"145,238",0.0,6EQE,145:L,238:F
I;S,L;Q,"145,188",0.0,6EQE,145:L,188:Q
I;S,L;H,"145,214",0.0,6EQE,145:L,214:H
I;L,L;F,"145,117",0.0,6EQE,145:L,117:F
I;Q,L;Y,"145,119",0.0,6EQE,145:L,119:Y
I;G,L;A,"145,165",0.0,6EQE,145:L,165:A
I;S,L;E,"145,121",0.0,6EQE,145:L,121:E
I;I,L;R,"145,168",0.0,6EQE,145:L,168:R
I;N,L;H,"145,205",0.0,6EQE,145:L,205:H
I;S,L;Y,"145,269",0.0,6EQE,145:L,269:Y
I;S,L;T,"145,214",0.0,6EQE,145:L,214:T
I;I,L;R,"145,218",0.0,6EQE,145:L,218:R
I;P,L;K,"145,120",0.0,6EQE,145:L,120:K
I;M,L;H,"145,161",0.0,6EQE,145:L,161:H
I;I,L;H,"145,168",0.0,6EQE,145:L,168:H
I;N,L;K,"145,114",0.0,6EQE,145:L,114:K
I;P,L;V,"145,184",0.0,6EQE,145:L,184:V
I;W,L;P,"145,185",0.0,6EQE,145:L,185:P
I;S,L;H,"145,187",0.0,6EQE,145:L,187:H
I;S,L;P,"145,188",0.0,6EQE,145:L,188:P
I;T,L;Y,"145,189",0.0,6EQE,145:L,189:Y
I;F,L;M,"145,191",0.0,6EQE,145:L,191:M
H;R,M;P,"104,280",0.0,6EQE,104:M,280:P
H;L,M;F,"104,216",0.0,6EQE,104:M,216:F
H;S,M;D,"104,103",0.0,6EQE,104:M,103:D
H;I,M;V,"104,200",0.0,6EQE,104:M,200:V
H;T,M;K,"104,88",0.0,6EQE,104:M,88:K
H;N,M;K,"104,138",0.0,6EQE,104:M,138:K
H;A,M;L,"104,65",0.0,6EQE,104:M,65:L
H;Q,M;T,"104,91",0.0,6EQE,104:M,91:T
H;G,M;D,"104,163",0.0,6EQE,104:M,163:D
H;A,M;M,"104,65",0.0,6EQE,104:M,65:M
H;K,M;L,"104,252",0.0,6EQE,104:M,252:L
H;V,M;D,"104,57",0.0,6EQE,104:M,57:D
H;Q,M;V,"104,127",0.0,6EQE,104:M,127:V
H;V,M;C,"104,281",0.0,6EQE,104:M,281:C
H;T,M;V,"104,72",0.0,6EQE,104:M,72:V
H;Q,M;N,"104,133",0.0,6EQE,104:M,133:N
H;R,M;K,"104,53",0.0,6EQE,104:M,53:K
H;S,M;P,"104,125",0.0,6EQE,104:M,125:P
H;T,M;Q,"104,88",0.0,6EQE,104:M,88:Q
H;N,M;L,"104,138",0.0,6EQE,104:M,138:L
H;W,M;P,"104,159",0.0,6EQE,104:M,159:P
H;S,M;Y,"104,242",0.0,6EQE,104:M,242:Y
H;A,M;F,"104,65",0.0,6EQE,104:M,65:F
H;G,M;H,"104,251",0.0,6EQE,104:M,251:H
H;L,M;P,"104,216",0.0,6EQE,104:M,216:P
H;S,M;W,"104,58",0.0,6EQE,104:M,58:W
H;A,M;E,"104,152",0.0,6EQE,104:M,152:E
H;T,M;N,"104,88",0.0,6EQE,104:M,88:N
H;T,M;N,"104,198",0.0,6EQE,104:M,198:N
H;S,M;K,"104,58",0.0,6EQE,104:M,58:K
H;L,M;C,"104,249",0.0,6EQE,104:M,249:C
H;N,M;T,"104,190",0.0,6EQE,104:M,190:T
H;S,M;V,"104,223",0.0,6EQE,104:M,223:V
H;A,M;W,"104,65",0.0,6EQE,104:M,65:W
H;K,M;Y,"104,253",0.0,6EQE,104:M,253:Y
H;R,M;S,"104,90",0.0,6EQE,104:M,90:S
H;T,M;M,"104,29",0.0,6EQE,104:M,29:M
H;M,M;L,"104,262",0.0,6EQE,104:M,262:L
H;A,M;L,"104,272",0.0,6EQE,104:M,272:L
H;R,M;N,"104,90",0.0,6EQE,104:M,90:N
H;R,M;T,"104,90",0.0,6EQE,104:M,90:T
H;G,M;T,"104,254",0.0,6EQE,104:M,254:T
H;R,M;P,"104,90",0.0,6EQE,104:M,90:P
H;N,M;Y,"104,37",0.0,6EQE,104:M,37:Y
H;Q,M;I,"104,182",0.0,6EQE,104:M,182:I
H;R,M;A,"104,90",0.0,6EQE,104:M,90:A
H;K,M;F,"104,253",0.0,6EQE,104:M,253:F
H;Y,M;S,"104,63",0.0,6EQE,104:M,63:S
H;Q,M;M,"104,127",0.0,6EQE,104:M,127:M
H;Q,M;L,"104,182",0.0,6EQE,104:M,182:L
H;K,M;A,"104,253",0.0,6EQE,104:M,253:A
H;K,M;V,"104,253",0.0,6EQE,104:M,253:V
H;Q,M;F,"104,182",0.0,6EQE,104:M,182:F
H;R,M;D,"104,90",0.0,6EQE,104:M,90:D
H;Q,M;A,"104,127",0.0,6EQE,104:M,127:A
H;Y,M;T,"104,63",0.0,6EQE,104:M,63:T
H;Q,M;V,"104,182",0.0,6EQE,104:M,182:V
H;K,M;L,"104,253",0.0,6EQE,104:M,253:L
H;C,M;S,"104,289",0.0,6EQE,104:M,289:S
H;Y,M;G,"104,63",0.0,6EQE,104:M,63:G
H;M,M;V,"104,154",0.0,6EQE,104:M,154:V
H;Q,M;T,"104,127",0.0,6EQE,104:M,127:T
H;A,M;D,"104,226",0.0,6EQE,104:M,226:D
H;C,M;A,"104,289",0.0,6EQE,104:M,289:A
H;R,M;Q,"104,224",0.0,6EQE,104:M,224:Q
H;N,M;K,"104,233",0.0,6EQE,104:M,233:K
H;S,M;E,"104,136",0.0,6EQE,104:M,136:E
H;D,M;N,"104,186",0.0,6EQE,104:M,186:N
H;R,M;A,"104,280",0.0,6EQE,104:M,280:A
H;S,M;F,"104,238",0.0,6EQE,104:M,238:F
H;S,M;Q,"104,188",0.0,6EQE,104:M,188:Q
H;S,M;H,"104,214",0.0,6EQE,104:M,214:H
H;L,M;F,"104,117",0.0,6EQE,104:M,117:F
H;Q,M;Y,"104,119",0.0,6EQE,104:M,119:Y
H;G,M;A,"104,165",0.0,6EQE,104:M,165:A
H;S,M;E,"104,121",0.0,6EQE,104:M,121:E
H;I,M;R,"104,168",0.0,6EQE,104:M,168:R
H;N,M;H,"104,205",0.0,6EQE,104:M,205:H
H;S,M;Y,"104,269",0.0,6EQE,104:M,269:Y
H;S,M;T,"104,214",0.0,6EQE,104:M,214:T
H;I,M;R,"104,218",0.0,6EQE,104:M,218:R
H;P,M;K,"104,120",0.0,6EQE,104:M,120:K
H;M,M;H,"104,161",0.0,6EQE,104:M,161:H
H;I,M;H,"104,168",0.0,6EQE,104:M,168:H
H;N,M;K,"104,114",0.0,6EQE,104:M,114:K
H;P,M;V,"104,184",0.0,6EQE,104:M,184:V
H;W,M;P,"104,185",0.0,6EQE,104:M,185:P
H;S,M;H,"104,187",0.0,6EQE,104:M,187:H
H;S,M;P,"104,188",0.0,6EQE,104:M,188:P
H;T,M;Y,"104,189",0.0,6EQE,104:M,189:Y
H;F,M;M,"104,191",0.0,6EQE,104:M,191:M
R;L,P;F,"280,216",0.0,6EQE,280:P,216:F
R;S,P;D,"280,103",0.0,6EQE,280:P,103:D
R;I,P;V,"280,200",0.0,6EQE,280:P,200:V
R;T,P;K,"280,88",0.0,6EQE,280:P,88:K
R;N,P;K,"280,138",0.0,6EQE,280:P,138:K
R;A,P;L,"280,65",0.0,6EQE,280:P,65:L
R;Q,P;T,"280,91",0.0,6EQE,280:P,91:T
R;G,P;D,"280,163",0.0,6EQE,280:P,163:D
R;A,P;M,"280,65",0.0,6EQE,280:P,65:M
R;K,P;L,"280,252",0.0,6EQE,280:P,252:L
R;V,P;D,"280,57",0.0,6EQE,280:P,57:D
R;Q,P;V,"280,127",0.0,6EQE,280:P,127:V
R;V,P;C,"280,281",0.0,6EQE,280:P,281:C
R;T,P;V,"280,72",0.0,6EQE,280:P,72:V
R;Q,P;N,"280,133",0.0,6EQE,280:P,133:N
R;R,P;K,"280,53",0.0,6EQE,280:P,53:K
R;S,P;P,"280,125",0.0,6EQE,280:P,125:P
R;T,P;Q,"280,88",0.0,6EQE,280:P,88:Q
R;N,P;L,"280,138",0.0,6EQE,280:P,138:L
R;H,P;R,"280,104",0.0,6EQE,280:P,104:R
R;W,P;P,"280,159",0.0,6EQE,280:P,159:P
R;S,P;Y,"280,242",0.0,6EQE,280:P,242:Y
R;A,P;F,"280,65",0.0,6EQE,280:P,65:F
R;G,P;H,"280,251",0.0,6EQE,280:P,251:H
R;L,P;P,"280,216",0.0,6EQE,280:P,216:P
R;S,P;W,"280,58",0.0,6EQE,280:P,58:W
R;A,P;E,"280,152",0.0,6EQE,280:P,152:E
R;T,P;N,"280,88",0.0,6EQE,280:P,88:N
R;T,P;N,"280,198",0.0,6EQE,280:P,198:N
R;S,P;K,"280,58",0.0,6EQE,280:P,58:K
R;L,P;C,"280,249",0.0,6EQE,280:P,249:C
R;N,P;T,"280,190",0.0,6EQE,280:P,190:T
R;S,P;V,"280,223",0.0,6EQE,280:P,223:V
R;A,P;W,"280,65",0.0,6EQE,280:P,65:W
R;K,P;Y,"280,253",0.0,6EQE,280:P,253:Y
R;R,P;S,"280,90",0.0,6EQE,280:P,90:S
R;T,P;M,"280,29",0.0,6EQE,280:P,29:M
R;M,P;L,"280,262",0.0,6EQE,280:P,262:L
R;A,P;L,"280,272",0.0,6EQE,280:P,272:L
R;R,P;N,"280,90",0.0,6EQE,280:P,90:N
R;R,P;T,"280,90",0.0,6EQE,280:P,90:T
R;G,P;T,"280,254",0.0,6EQE,280:P,254:T
R;R,P;P,"280,90",0.0,6EQE,280:P,90:P
R;N,P;Y,"280,37",0.0,6EQE,280:P,37:Y
R;Q,P;I,"280,182",0.0,6EQE,280:P,182:I
R;R,P;A,"280,90",0.0,6EQE,280:P,90:A
R;K,P;F,"280,253",0.0,6EQE,280:P,253:F
R;Y,P;S,"280,63",0.0,6EQE,280:P,63:S
R;Q,P;M,"280,127",0.0,6EQE,280:P,127:M
R;Q,P;L,"280,182",0.0,6EQE,280:P,182:L
R;K,P;A,"280,253",0.0,6EQE,280:P,253:A
R;K,P;V,"280,253",0.0,6EQE,280:P,253:V
R;Q,P;F,"280,182",0.0,6EQE,280:P,182:F
R;R,P;D,"280,90",0.0,6EQE,280:P,90:D
R;Q,P;A,"280,127",0.0,6EQE,280:P,127:A
R;Y,P;T,"280,63",0.0,6EQE,280:P,63:T
R;Q,P;V,"280,182",0.0,6EQE,280:P,182:V
R;K,P;L,"280,253",0.0,6EQE,280:P,253:L
R;C,P;S,"280,289",0.0,6EQE,280:P,289:S
R;Y,P;G,"280,63",0.0,6EQE,280:P,63:G
R;M,P;V,"280,154",0.0,6EQE,280:P,154:V
R;Q,P;T,"280,127",0.0,6EQE,280:P,127:T
R;A,P;D,"280,226",0.0,6EQE,280:P,226:D
R;C,P;A,"280,289",0.0,6EQE,280:P,289:A
R;R,P;Q,"280,224",0.0,6EQE,280:P,224:Q
R;N,P;K,"280,233",0.0,6EQE,280:P,233:K
R;S,P;E,"280,136",0.0,6EQE,280:P,136:E
R;D,P;N,"280,186",0.0,6EQE,280:P,186:N
R;S,P;F,"280,238",0.0,6EQE,280:P,238:F
R;S,P;Q,"280,188",0.0,6EQE,280:P,188:Q
R;S,P;H,"280,214",0.0,6EQE,280:P,214:H
R;L,P;F,"280,117",0.0,6EQE,280:P,117:F
R;Q,P;Y,"280,119",0.0,6EQE,280:P,119:Y
R;G,P;A,"280,165",0.0,6EQE,280:P,165:A
R;S,P;E,"280,121",0.0,6EQE,280:P,121:E
R;I,P;R,"280,168",0.0,6EQE,280:P,168:R
R;N,P;H,"280,205",0.0,6EQE,280:P,205:H
R;S,P;Y,"280,269",0.0,6EQE,280:P,269:Y
R;S,P;T,"280,214",0.0,6EQE,280:P,214:T
R;I,P;R,"280,218",0.0,6EQE,280:P,218:R
R;P,P;K,"280,120",0.0,6EQE,280:P,120:K
R;M,P;H,"280,161",0.0,6EQE,280:P,161:H
R;I,P;H,"280,168",0.0,6EQE,280:P,168:H
R;N,P;K,"280,114",0.0,6EQE,280:P,114:K
R;P,P;V,"280,184",0.0,6EQE,280:P,184:V
R;W,P;P,"280,185",0.0,6EQE,280:P,185:P
R;S,P;H,"280,187",0.0,6EQE,280:P,187:H
R;S,P;P,"280,188",0.0,6EQE,280:P,188:P
R;T,P;Y,"280,189",0.0,6EQE,280:P,189:Y
R;F,P;M,"280,191",0.0,6EQE,280:P,191:M
L;S,F;D,"216,103",0.0,6EQE,216:F,103:D
L;I,F;V,"216,200",0.0,6EQE,216:F,200:V
L;T,F;K,"216,88",0.0,6EQE,216:F,88:K
L;N,F;K,"216,138",0.0,6EQE,216:F,138:K
L;A,F;L,"216,65",0.0,6EQE,216:F,65:L
L;Q,F;T,"216,91",0.0,6EQE,216:F,91:T
L;G,F;D,"216,163",0.0,6EQE,216:F,163:D
L;A,F;M,"216,65",0.0,6EQE,216:F,65:M
L;K,F;L,"216,252",0.0,6EQE,216:F,252:L
L;V,F;D,"216,57",0.0,6EQE,216:F,57:D
L;Q,F;V,"216,127",0.0,6EQE,216:F,127:V
L;V,F;C,"216,281",0.0,6EQE,216:F,281:C
L;T,F;V,"216,72",0.0,6EQE,216:F,72:V
L;Q,F;N,"216,133",0.0,6EQE,216:F,133:N
L;R,F;K,"216,53",0.0,6EQE,216:F,53:K
L;S,F;P,"216,125",0.0,6EQE,216:F,125:P
L;T,F;Q,"216,88",0.0,6EQE,216:F,88:Q
L;N,F;L,"216,138",0.0,6EQE,216:F,138:L
L;H,F;R,"216,104",0.0,6EQE,216:F,104:R
L;W,F;P,"216,159",0.0,6EQE,216:F,159:P
L;S,F;Y,"216,242",0.0,6EQE,216:F,242:Y
L;A,F;F,"216,65",0.0,6EQE,216:F,65:F
L;G,F;H,"216,251",0.0,6EQE,216:F,251:H
L;S,F;W,"216,58",0.0,6EQE,216:F,58:W
L;A,F;E,"216,152",0.0,6EQE,216:F,152:E
L;T,F;N,"216,88",0.0,6EQE,216:F,88:N
L;T,F;N,"216,198",0.0,6EQE,216:F,198:N
L;S,F;K,"216,58",0.0,6EQE,216:F,58:K
L;L,F;C,"216,249",0.0,6EQE,216:F,249:C
L;N,F;T,"216,190",0.0,6EQE,216:F,190:T
L;S,F;V,"216,223",0.0,6EQE,216:F,223:V
L;A,F;W,"216,65",0.0,6EQE,216:F,65:W
L;K,F;Y,"216,253",0.0,6EQE,216:F,253:Y
L;R,F;S,"216,90",0.0,6EQE,216:F,90:S
L;T,F;M,"216,29",0.0,6EQE,216:F,29:M
L;M,F;L,"216,262",0.0,6EQE,216:F,262:L
L;A,F;L,"216,272",0.0,6EQE,216:F,272:L
L;R,F;N,"216,90",0.0,6EQE,216:F,90:N
L;R,F;T,"216,90",0.0,6EQE,216:F,90:T
L;G,F;T,"216,254",0.0,6EQE,216:F,254:T
L;R,F;P,"216,90",0.0,6EQE,216:F,90:P
L;N,F;Y,"216,37",0.0,6EQE,216:F,37:Y
L;Q,F;I,"216,182",0.0,6EQE,216:F,182:I
L;R,F;A,"216,90",0.0,6EQE,216:F,90:A
L;K,F;F,"216,253",0.0,6EQE,216:F,253:F
L;Y,F;S,"216,63",0.0,6EQE,216:F,63:S
L;Q,F;M,"216,127",0.0,6EQE,216:F,127:M
L;Q,F;L,"216,182",0.0,6EQE,216:F,182:L
L;K,F;A,"216,253",0.0,6EQE,216:F,253:A
L;K,F;V,"216,253",0.0,6EQE,216:F,253:V
L;Q,F;F,"216,182",0.0,6EQE,216:F,182:F
L;R,F;D,"216,90",0.0,6EQE,216:F,90:D
L;Q,F;A,"216,127",0.0,6EQE,216:F,127:A
L;Y,F;T,"216,63",0.0,6EQE,216:F,63:T
L;Q,F;V,"216,182",0.0,6EQE,216:F,182:V
L;K,F;L,"216,253",0.0,6EQE,216:F,253:L
L;C,F;S,"216,289",0.0,6EQE,216:F,289:S
L;Y,F;G,"216,63",0.0,6EQE,216:F,63:G
L;M,F;V,"216,154",0.0,6EQE,216:F,154:V
L;Q,F;T,"216,127",0.0,6EQE,216:F,127:T
L;A,F;D,"216,226",0.0,6EQE,216:F,226:D
L;C,F;A,"216,289",0.0,6EQE,216:F,289:A
L;R,F;Q,"216,224",0.0,6EQE,216:F,224:Q
L;N,F;K,"216,233",0.0,6EQE,216:F,233:K
L;S,F;E,"216,136",0.0,6EQE,216:F,136:E
L;D,F;N,"216,186",0.0,6EQE,216:F,186:N
L;R,F;A,"216,280",0.0,6EQE,216:F,280:A
L;S,F;F,"216,238",0.0,6EQE,216:F,238:F
L;S,F;Q,"216,188",0.0,6EQE,216:F,188:Q
L;S,F;H,"216,214",0.0,6EQE,216:F,214:H
L;L,F;F,"216,117",0.0,6EQE,216:F,117:F
L;Q,F;Y,"216,119",0.0,6EQE,216:F,119:Y
L;G,F;A,"216,165",0.0,6EQE,216:F,165:A
L;S,F;E,"216,121",0.0,6EQE,216:F,121:E
L;I,F;R,"216,168",0.0,6EQE,216:F,168:R
L;N,F;H,"216,205",0.0,6EQE,216:F,205:H
L;S,F;Y,"216,269",0.0,6EQE,216:F,269:Y
L;S,F;T,"216,214",0.0,6EQE,216:F,214:T
L;I,F;R,"216,218",0.0,6EQE,216:F,218:R
L;P,F;K,"216,120",0.0,6EQE,216:F,120:K
L;M,F;H,"216,161",0.0,6EQE,216:F,161:H
L;I,F;H,"216,168",0.0,6EQE,216:F,168:H
L;N,F;K,"216,114",0.0,6EQE,216:F,114:K
L;P,F;V,"216,184",0.0,6EQE,216:F,184:V
L;W,F;P,"216,185",0.0,6EQE,216:F,185:P
L;S,F;H,"216,187",0.0,6EQE,216:F,187:H
L;S,F;P,"216,188",0.0,6EQE,216:F,188:P
L;T,F;Y,"216,189",0.0,6EQE,216:F,189:Y
L;F,F;M,"216,191",0.0,6EQE,216:F,191:M
S;I,D;V,"103,200",0.0,6EQE,103:D,200:V
S;T,D;K,"103,88",0.0,6EQE,103:D,88:K
S;N,D;K,"103,138",0.0,6EQE,103:D,138:K
S;A,D;L,"103,65",0.0,6EQE,103:D,65:L
S;Q,D;T,"103,91",0.0,6EQE,103:D,91:T
S;G,D;D,"103,163",0.0,6EQE,103:D,163:D
S;A,D;M,"103,65",0.0,6EQE,103:D,65:M
S;K,D;L,"103,252",0.0,6EQE,103:D,252:L
S;V,D;D,"103,57",0.0,6EQE,103:D,57:D
S;Q,D;V,"103,127",0.0,6EQE,103:D,127:V
S;V,D;C,"103,281",0.0,6EQE,103:D,281:C
S;T,D;V,"103,72",0.0,6EQE,103:D,72:V
S;Q,D;N,"103,133",0.0,6EQE,103:D,133:N
S;R,D;K,"103,53",0.0,6EQE,103:D,53:K
S;S,D;P,"103,125",0.0,6EQE,103:D,125:P
S;T,D;Q,"103,88",0.0,6EQE,103:D,88:Q
S;N,D;L,"103,138",0.0,6EQE,103:D,138:L
S;H,D;R,"103,104",0.0,6EQE,103:D,104:R
S;W,D;P,"103,159",0.0,6EQE,103:D,159:P
S;S,D;Y,"103,242",0.0,6EQE,103:D,242:Y
S;A,D;F,"103,65",0.0,6EQE,103:D,65:F
S;G,D;H,"103,251",0.0,6EQE,103:D,251:H
S;L,D;P,"103,216",0.0,6EQE,103:D,216:P
S;S,D;W,"103,58",0.0,6EQE,103:D,58:W
S;A,D;E,"103,152",0.0,6EQE,103:D,152:E
S;T,D;N,"103,88",0.0,6EQE,103:D,88:N
S;T,D;N,"103,198",0.0,6EQE,103:D,198:N
S;S,D;K,"103,58",0.0,6EQE,103:D,58:K
S;L,D;C,"103,249",0.0,6EQE,103:D,249:C
S;N,D;T,"103,190",0.0,6EQE,103:D,190:T
S;S,D;V,"103,223",0.0,6EQE,103:D,223:V
S;A,D;W,"103,65",0.0,6EQE,103:D,65:W
S;K,D;Y,"103,253",0.0,6EQE,103:D,253:Y
S;R,D;S,"103,90",0.0,6EQE,103:D,90:S
S;T,D;M,"103,29",0.0,6EQE,103:D,29:M
S;M,D;L,"103,262",0.0,6EQE,103:D,262:L
S;A,D;L,"103,272",0.0,6EQE,103:D,272:L
S;R,D;N,"103,90",0.0,6EQE,103:D,90:N
S;R,D;T,"103,90",0.0,6EQE,103:D,90:T
S;G,D;T,"103,254",0.0,6EQE,103:D,254:T
S;R,D;P,"103,90",0.0,6EQE,103:D,90:P
S;N,D;Y,"103,37",0.0,6EQE,103:D,37:Y
S;Q,D;I,"103,182",0.0,6EQE,103:D,182:I
S;R,D;A,"103,90",0.0,6EQE,103:D,90:A
S;K,D;F,"103,253",0.0,6EQE,103:D,253:F
S;Y,D;S,"103,63",0.0,6EQE,103:D,63:S
S;Q,D;M,"103,127",0.0,6EQE,103:D,127:M
S;Q,D;L,"103,182",0.0,6EQE,103:D,182:L
S;K,D;A,"103,253",0.0,6EQE,103:D,253:A
S;K,D;V,"103,253",0.0,6EQE,103:D,253:V
S;Q,D;F,"103,182",0.0,6EQE,103:D,182:F
S;R,D;D,"103,90",0.0,6EQE,103:D,90:D
S;Q,D;A,"103,127",0.0,6EQE,103:D,127:A
S;Y,D;T,"103,63",0.0,6EQE,103:D,63:T
S;Q,D;V,"103,182",0.0,6EQE,103:D,182:V
S;K,D;L,"103,253",0.0,6EQE,103:D,253:L
S;C,D;S,"103,289",0.0,6EQE,103:D,289:S
S;Y,D;G,"103,63",0.0,6EQE,103:D,63:G
S;M,D;V,"103,154",0.0,6EQE,103:D,154:V
S;Q,D;T,"103,127",0.0,6EQE,103:D,127:T
S;A,D;D,"103,226",0.0,6EQE,103:D,226:D
S;C,D;A,"103,289",0.0,6EQE,103:D,289:A
S;R,D;Q,"103,224",0.0,6EQE,103:D,224:Q
S;N,D;K,"103,233",0.0,6EQE,103:D,233:K
S;S,D;E,"103,136",0.0,6EQE,103:D,136:E
S;D,D;N,"103,186",0.0,6EQE,103:D,186:N
S;R,D;A,"103,280",0.0,6EQE,103:D,280:A
S;S,D;F,"103,238",0.0,6EQE,103:D,238:F
S;S,D;Q,"103,188",0.0,6EQE,103:D,188:Q
S;S,D;H,"103,214",0.0,6EQE,103:D,214:H
S;L,D;F,"103,117",0.0,6EQE,103:D,117:F
S;Q,D;Y,"103,119",0.0,6EQE,103:D,119:Y
S;G,D;A,"103,165",0.0,6EQE,103:D,165:A
S;S,D;E,"103,121",0.0,6EQE,103:D,121:E
S;I,D;R,"103,168",0.0,6EQE,103:D,168:R
S;N,D;H,"103,205",0.0,6EQE,103:D,205:H
S;S,D;Y,"103,269",0.0,6EQE,103:D,269:Y
S;S,D;T,"103,214",0.0,6EQE,103:D,214:T
S;I,D;R,"103,218",0.0,6EQE,103:D,218:R
S;P,D;K,"103,120",0.0,6EQE,103:D,120:K
S;M,D;H,"103,161",0.0,6EQE,103:D,161:H
S;I,D;H,"103,168",0.0,6EQE,103:D,168:H
S;N,D;K,"103,114",0.0,6EQE,103:D,114:K
S;P,D;V,"103,184",0.0,6EQE,103:D,184:V
S;W,D;P,"103,185",0.0,6EQE,103:D,185:P
S;S,D;H,"103,187",0.0,6EQE,103:D,187:H
S;S,D;P,"103,188",0.0,6EQE,103:D,188:P
S;T,D;Y,"103,189",0.0,6EQE,103:D,189:Y
S;F,D;M,"103,191",0.0,6EQE,103:D,191:M
I;T,V;K,"200,88",0.0,6EQE,200:V,88:K
I;N,V;K,"200,138",0.0,6EQE,200:V,138:K
I;A,V;L,"200,65",0.0,6EQE,200:V,65:L
I;Q,V;T,"200,91",0.0,6EQE,200:V,91:T
I;G,V;D,"200,163",0.0,6EQE,200:V,163:D
I;A,V;M,"200,65",0.0,6EQE,200:V,65:M
I;K,V;L,"200,252",0.0,6EQE,200:V,252:L
I;V,V;D,"200,57",0.0,6EQE,200:V,57:D
I;Q,V;V,"200,127",0.0,6EQE,200:V,127:V
I;V,V;C,"200,281",0.0,6EQE,200:V,281:C
I;T,V;V,"200,72",0.0,6EQE,200:V,72:V
I;Q,V;N,"200,133",0.0,6EQE,200:V,133:N
I;R,V;K,"200,53",0.0,6EQE,200:V,53:K
I;S,V;P,"200,125",0.0,6EQE,200:V,125:P
I;T,V;Q,"200,88",0.0,6EQE,200:V,88:Q
I;N,V;L,"200,138",0.0,6EQE,200:V,138:L
I;H,V;R,"200,104",0.0,6EQE,200:V,104:R
I;W,V;P,"200,159",0.0,6EQE,200:V,159:P
I;S,V;Y,"200,242",0.0,6EQE,200:V,242:Y
I;A,V;F,"200,65",0.0,6EQE,200:V,65:F
I;G,V;H,"200,251",0.0,6EQE,200:V,251:H
I;L,V;P,"200,216",0.0,6EQE,200:V,216:P
I;S,V;W,"200,58",0.0,6EQE,200:V,58:W
I;A,V;E,"200,152",0.0,6EQE,200:V,152:E
I;T,V;N,"200,88",0.0,6EQE,200:V,88:N
I;T,V;N,"200,198",0.0,6EQE,200:V,198:N
I;S,V;K,"200,58",0.0,6EQE,200:V,58:K
I;L,V;C,"200,249",0.0,6EQE,200:V,249:C
I;N,V;T,"200,190",0.0,6EQE,200:V,190:T
I;S,V;V,"200,223",0.0,6EQE,200:V,223:V
I;A,V;W,"200,65",0.0,6EQE,200:V,65:W
I;K,V;Y,"200,253",0.0,6EQE,200:V,253:Y
I;R,V;S,"200,90",0.0,6EQE,200:V,90:S
I;T,V;M,"200,29",0.0,6EQE,200:V,29:M
I;M,V;L,"200,262",0.0,6EQE,200:V,262:L
I;A,V;L,"200,272",0.0,6EQE,200:V,272:L
I;R,V;N,"200,90",0.0,6EQE,200:V,90:N
I;R,V;T,"200,90",0.0,6EQE,200:V,90:T
I;G,V;T,"200,254",0.0,6EQE,200:V,254:T
I;R,V;P,"200,90",0.0,6EQE,200:V,90:P
I;N,V;Y,"200,37",0.0,6EQE,200:V,37:Y
I;Q,V;I,"200,182",0.0,6EQE,200:V,182:I
I;R,V;A,"200,90",0.0,6EQE,200:V,90:A
I;K,V;F,"200,253",0.0,6EQE,200:V,253:F
I;Y,V;S,"200,63",0.0,6EQE,200:V,63:S
I;Q,V;M,"200,127",0.0,6EQE,200:V,127:M
I;Q,V;L,"200,182",0.0,6EQE,200:V,182:L
I;K,V;A,"200,253",0.0,6EQE,200:V,253:A
I;K,V;V,"200,253",0.0,6EQE,200:V,253:V
I;Q,V;F,"200,182",0.0,6EQE,200:V,182:F
I;R,V;D,"200,90",0.0,6EQE,200:V,90:D
I;Q,V;A,"200,127",0.0,6EQE,200:V,127:A
I;Y,V;T,"200,63",0.0,6EQE,200:V,63:T
I;Q,V;V,"200,182",0.0,6EQE,200:V,182:V
I;K,V;L,"200,253",0.0,6EQE,200:V,253:L
I;C,V;S,"200,289",0.0,6EQE,200:V,289:S
I;Y,V;G,"200,63",0.0,6EQE,200:V,63:G
I;M,V;V,"200,154",0.0,6EQE,200:V,154:V
I;Q,V;T,"200,127",0.0,6EQE,200:V,127:T
I;A,V;D,"200,226",0.0,6EQE,200:V,226:D
I;C,V;A,"200,289",0.0,6EQE,200:V,289:A
I;R,V;Q,"200,224",0.0,6EQE,200:V,224:Q
I;N,V;K,"200,233",0.0,6EQE,200:V,233:K
I;S,V;E,"200,136",0.0,6EQE,200:V,136:E
I;D,V;N,"200,186",0.0,6EQE,200:V,186:N
I;R,V;A,"200,280",0.0,6EQE,200:V,280:A
I;S,V;F,"200,238",0.0,6EQE,200:V,238:F
I;S,V;Q,"200,188",0.0,6EQE,200:V,188:Q
I;S,V;H,"200,214",0.0,6EQE,200:V,214:H
I;L,V;F,"200,117",0.0,6EQE,200:V,117:F
I;Q,V;Y,"200,119",0.0,6EQE,200:V,119:Y
I;G,V;A,"200,165",0.0,6EQE,200:V,165:A
I;S,V;E,"200,121",0.0,6EQE,200:V,121:E
I;I,V;R,"200,168",0.0,6EQE,200:V,168:R
I;N,V;H,"200,205",0.0,6EQE,200:V,205:H
I;S,V;Y,"200,269",0.0,6EQE,200:V,269:Y
I;S,V;T,"200,214",0.0,6EQE,200:V,214:T
I;I,V;R,"200,218",0.0,6EQE,200:V,218:R
I;P,V;K,"200,120",0.0,6EQE,200:V,120:K
I;M,V;H,"200,161",0.0,6EQE,200:V,161:H
I;I,V;H,"200,168",0.0,6EQE,200:V,168:H
I;N,V;K,"200,114",0.0,6EQE,200:V,114:K
I;P,V;V,"200,184",0.0,6EQE,200:V,184:V
I;W,V;P,"200,185",0.0,6EQE,200:V,185:P
I;S,V;H,"200,187",0.0,6EQE,200:V,187:H
I;S,V;P,"200,188",0.0,6EQE,200:V,188:P
I;T,V;Y,"200,189",0.0,6EQE,200:V,189:Y
I;F,V;M,"200,191",0.0,6EQE,200:V,191:M
T;N,K;K,"88,138",0.0,6EQE,88:K,138:K
T;A,K;L,"88,65",0.0,6EQE,88:K,65:L
T;Q,K;T,"88,91",0.0,6EQE,88:K,91:T
T;G,K;D,"88,163",0.0,6EQE,88:K,163:D
T;A,K;M,"88,65",0.0,6EQE,88:K,65:M
T;K,K;L,"88,252",0.0,6EQE,88:K,252:L
T;V,K;D,"88,57",0.0,6EQE,88:K,57:D
T;Q,K;V,"88,127",0.0,6EQE,88:K,127:V
T;V,K;C,"88,281",0.0,6EQE,88:K,281:C
T;T,K;V,"88,72",0.0,6EQE,88:K,72:V
T;Q,K;N,"88,133",0.0,6EQE,88:K,133:N
T;R,K;K,"88,53",0.0,6EQE,88:K,53:K
T;S,K;P,"88,125",0.0,6EQE,88:K,125:P
T;N,K;L,"88,138",0.0,6EQE,88:K,138:L
T;H,K;R,"88,104",0.0,6EQE,88:K,104:R
T;W,K;P,"88,159",0.0,6EQE,88:K,159:P
T;S,K;Y,"88,242",0.0,6EQE,88:K,242:Y
T;A,K;F,"88,65",0.0,6EQE,88:K,65:F
T;G,K;H,"88,251",0.0,6EQE,88:K,251:H
T;L,K;P,"88,216",0.0,6EQE,88:K,216:P
T;S,K;W,"88,58",0.0,6EQE,88:K,58:W
T;A,K;E,"88,152",0.0,6EQE,88:K,152:E
T;T,K;N,"88,198",0.0,6EQE,88:K,198:N
T;S,K;K,"88,58",0.0,6EQE,88:K,58:K
T;L,K;C,"88,249",0.0,6EQE,88:K,249:C
T;N,K;T,"88,190",0.0,6EQE,88:K,190:T
T;S,K;V,"88,223",0.0,6EQE,88:K,223:V
T;A,K;W,"88,65",0.0,6EQE,88:K,65:W
T;K,K;Y,"88,253",0.0,6EQE,88:K,253:Y
T;R,K;S,"88,90",0.0,6EQE,88:K,90:S
T;T,K;M,"88,29",0.0,6EQE,88:K,29:M
T;M,K;L,"88,262",0.0,6EQE,88:K,262:L
T;A,K;L,"88,272",0.0,6EQE,88:K,272:L
T;R,K;N,"88,90",0.0,6EQE,88:K,90:N
T;R,K;T,"88,90",0.0,6EQE,88:K,90:T
T;G,K;T,"88,254",0.0,6EQE,88:K,254:T
T;R,K;P,"88,90",0.0,6EQE,88:K,90:P
T;N,K;Y,"88,37",0.0,6EQE,88:K,37:Y
T;Q,K;I,"88,182",0.0,6EQE,88:K,182:I
T;R,K;A,"88,90",0.0,6EQE,88:K,90:A
T;K,K;F,"88,253",0.0,6EQE,88:K,253:F
T;Y,K;S,"88,63",0.0,6EQE,88:K,63:S
T;Q,K;M,"88,127",0.0,6EQE,88:K,127:M
T;Q,K;L,"88,182",0.0,6EQE,88:K,182:L
T;K,K;A,"88,253",0.0,6EQE,88:K,253:A
T;K,K;V,"88,253",0.0,6EQE,88:K,253:V
T;Q,K;F,"88,182",0.0,6EQE,88:K,182:F
T;R,K;D,"88,90",0.0,6EQE,88:K,90:D
T;Q,K;A,"88,127",0.0,6EQE,88:K,127:A
T;Y,K;T,"88,63",0.0,6EQE,88:K,63:T
T;Q,K;V,"88,182",0.0,6EQE,88:K,182:V
T;K,K;L,"88,253",0.0,6EQE,88:K,253:L
T;C,K;S,"88,289",0.0,6EQE,88:K,289:S
T;Y,K;G,"88,63",0.0,6EQE,88:K,63:G
T;M,K;V,"88,154",0.0,6EQE,88:K,154:V
T;Q,K;T,"88,127",0.0,6EQE,88:K,127:T
T;A,K;D,"88,226",0.0,6EQE,88:K,226:D
T;C,K;A,"88,289",0.0,6EQE,88:K,289:A
T;R,K;Q,"88,224",0.0,6EQE,88:K,224:Q
T;N,K;K,"88,233",0.0,6EQE,88:K,233:K
T;S,K;E,"88,136",0.0,6EQE,88:K,136:E
T;D,K;N,"88,186",0.0,6EQE,88:K,186:N
T;R,K;A,"88,280",0.0,6EQE,88:K,280:A
T;S,K;F,"88,238",0.0,6EQE,88:K,238:F
T;S,K;Q,"88,188",0.0,6EQE,88:K,188:Q
T;S,K;H,"88,214",0.0,6EQE,88:K,214:H
T;L,K;F,"88,117",0.0,6EQE,88:K,117:F
T;Q,K;Y,"88,119",0.0,6EQE,88:K,119:Y
T;G,K;A,"88,165",0.0,6EQE,88:K,165:A
T;S,K;E,"88,121",0.0,6EQE,88:K,121:E
T;I,K;R,"88,168",0.0,6EQE,88:K,168:R
T;N,K;H,"88,205",0.0,6EQE,88:K,205:H
T;S,K;Y,"88,269",0.0,6EQE,88:K,269:Y
T;S,K;T,"88,214",0.0,6EQE,88:K,214:T
T;I,K;R,"88,218",0.0,6EQE,88:K,218:R
T;P,K;K,"88,120",0.0,6EQE,88:K,120:K
T;M,K;H,"88,161",0.0,6EQE,88:K,161:H
T;I,K;H,"88,168",0.0,6EQE,88:K,168:H
T;N,K;K,"88,114",0.0,6EQE,88:K,114:K
T;P,K;V,"88,184",0.0,6EQE,88:K,184:V
T;W,K;P,"88,185",0.0,6EQE,88:K,185:P
T;S,K;H,"88,187",0.0,6EQE,88:K,187:H
T;S,K;P,"88,188",0.0,6EQE,88:K,188:P
T;T,K;Y,"88,189",0.0,6EQE,88:K,189:Y
T;F,K;M,"88,191",0.0,6EQE,88:K,191:M
N;A,K;L,"138,65",0.0,6EQE,138:K,65:L
N;Q,K;T,"138,91",0.0,6EQE,138:K,91:T
N;G,K;D,"138,163",0.0,6EQE,138:K,163:D
N;A,K;M,"138,65",0.0,6EQE,138:K,65:M
N;K,K;L,"138,252",0.0,6EQE,138:K,252:L
N;V,K;D,"138,57",0.0,6EQE,138:K,57:D
N;Q,K;V,"138,127",0.0,6EQE,138:K,127:V
N;V,K;C,"138,281",0.0,6EQE,138:K,281:C
N;T,K;V,"138,72",0.0,6EQE,138:K,72:V
N;Q,K;N,"138,133",0.0,6EQE,138:K,133:N
N;R,K;K,"138,53",0.0,6EQE,138:K,53:K
N;S,K;P,"138,125",0.0,6EQE,138:K,125:P
N;T,K;Q,"138,88",0.0,6EQE,138:K,88:Q
N;H,K;R,"138,104",0.0,6EQE,138:K,104:R
N;W,K;P,"138,159",0.0,6EQE,138:K,159:P
N;S,K;Y,"138,242",0.0,6EQE,138:K,242:Y
N;A,K;F,"138,65",0.0,6EQE,138:K,65:F
N;G,K;H,"138,251",0.0,6EQE,138:K,251:H
N;L,K;P,"138,216",0.0,6EQE,138:K,216:P
N;S,K;W,"138,58",0.0,6EQE,138:K,58:W
N;A,K;E,"138,152",0.0,6EQE,138:K,152:E
N;T,K;N,"138,88",0.0,6EQE,138:K,88:N
N;T,K;N,"138,198",0.0,6EQE,138:K,198:N
N;S,K;K,"138,58",0.0,6EQE,138:K,58:K
N;L,K;C,"138,249",0.0,6EQE,138:K,249:C
N;N,K;T,"138,190",0.0,6EQE,138:K,190:T
N;S,K;V,"138,223",0.0,6EQE,138:K,223:V
N;A,K;W,"138,65",0.0,6EQE,138:K,65:W
N;K,K;Y,"138,253",0.0,6EQE,138:K,253:Y
N;R,K;S,"138,90",0.0,6EQE,138:K,90:S
N;T,K;M,"138,29",0.0,6EQE,138:K,29:M
N;M,K;L,"138,262",0.0,6EQE,138:K,262:L
N;A,K;L,"138,272",0.0,6EQE,138:K,272:L
N;R,K;N,"138,90",0.0,6EQE,138:K,90:N
N;R,K;T,"138,90",0.0,6EQE,138:K,90:T
N;G,K;T,"138,254",0.0,6EQE,138:K,254:T
N;R,K;P,"138,90",0.0,6EQE,138:K,90:P
N;N,K;Y,"138,37",0.0,6EQE,138:K,37:Y
N;Q,K;I,"138,182",0.0,6EQE,138:K,182:I
N;R,K;A,"138,90",0.0,6EQE,138:K,90:A
N;K,K;F,"138,253",0.0,6EQE,138:K,253:F
N;Y,K;S,"138,63",0.0,6EQE,138:K,63:S
N;Q,K;M,"138,127",0.0,6EQE,138:K,127:M
N;Q,K;L,"138,182",0.0,6EQE,138:K,182:L
N;K,K;A,"138,253",0.0,6EQE,138:K,253:A
N;K,K;V,"138,253",0.0,6EQE,138:K,253:V
N;Q,K;F,"138,182",0.0,6EQE,138:K,182:F
N;R,K;D,"138,90",0.0,6EQE,138:K,90:D
N;Q,K;A,"138,127",0.0,6EQE,138:K,127:A
N;Y,K;T,"138,63",0.0,6EQE,138:K,63:T
N;Q,K;V,"138,182",0.0,6EQE,138:K,182:V
N;K,K;L,"138,253",0.0,6EQE,138:K,253:L
N;C,K;S,"138,289",0.0,6EQE,138:K,289:S
N;Y,K;G,"138,63",0.0,6EQE,138:K,63:G
N;M,K;V,"138,154",0.0,6EQE,138:K,154:V
N;Q,K;T,"138,127",0.0,6EQE,138:K,127:T
N;A,K;D,"138,226",0.0,6EQE,138:K,226:D
N;C,K;A,"138,289",0.0,6EQE,138:K,289:A
N;R,K;Q,"138,224",0.0,6EQE,138:K,224:Q
N;N,K;K,"138,233",0.0,6EQE,138:K,233:K
N;S,K;E,"138,136",0.0,6EQE,138:K,136:E
N;D,K;N,"138,186",0.0,6EQE,138:K,186:N
N;R,K;A,"138,280",0.0,6EQE,138:K,280:A
N;S,K;F,"138,238",0.0,6EQE,138:K,238:F
N;S,K;Q,"138,188",0.0,6EQE,138:K,188:Q
N;S,K;H,"138,214",0.0,6EQE,138:K,214:H
N;L,K;F,"138,117",0.0,6EQE,138:K,117:F
N;Q,K;Y,"138,119",0.0,6EQE,138:K,119:Y
N;G,K;A,"138,165",0.0,6EQE,138:K,165:A
N;S,K;E,"138,121",0.0,6EQE,138:K,121:E
N;I,K;R,"138,168",0.0,6EQE,138:K,168:R
N;N,K;H,"138,205",0.0,6EQE,138:K,205:H
N;S,K;Y,"138,269",0.0,6EQE,138:K,269:Y
N;S,K;T,"138,214",0.0,6EQE,138:K,214:T
N;I,K;R,"138,218",0.0,6EQE,138:K,218:R
N;P,K;K,"138,120",0.0,6EQE,138:K,120:K
N;M,K;H,"138,161",0.0,6EQE,138:K,161:H
N;I,K;H,"138,168",0.0,6EQE,138:K,168:H
N;N,K;K,"138,114",0.0,6EQE,138:K,114:K
N;P,K;V,"138,184",0.0,6EQE,138:K,184:V
N;W,K;P,"138,185",0.0,6EQE,138:K,185:P
N;S,K;H,"138,187",0.0,6EQE,138:K,187:H
N;S,K;P,"138,188",0.0,6EQE,138:K,188:P
N;T,K;Y,"138,189",0.0,6EQE,138:K,189:Y
N;F,K;M,"138,191",0.0,6EQE,138:K,191:M
A;Q,L;T,"65,91",0.0,6EQE,65:L,91:T
A;G,L;D,"65,163",0.0,6EQE,65:L,163:D
A;K,L;L,"65,252",0.0,6EQE,65:L,252:L
A;V,L;D,"65,57",0.0,6EQE,65:L,57:D
A;Q,L;V,"65,127",0.0,6EQE,65:L,127:V
A;V,L;C,"65,281",0.0,6EQE,65:L,281:C
A;T,L;V,"65,72",0.0,6EQE,65:L,72:V
A;Q,L;N,"65,133",0.0,6EQE,65:L,133:N
A;R,L;K,"65,53",0.0,6EQE,65:L,53:K
A;S,L;P,"65,125",0.0,6EQE,65:L,125:P
A;T,L;Q,"65,88",0.0,6EQE,65:L,88:Q
A;N,L;L,"65,138",0.0,6EQE,65:L,138:L
A;H,L;R,"65,104",0.0,6EQE,65:L,104:R
A;W,L;P,"65,159",0.0,6EQE,65:L,159:P
A;S,L;Y,"65,242",0.0,6EQE,65:L,242:Y
A;G,L;H,"65,251",0.0,6EQE,65:L,251:H
A;L,L;P,"65,216",0.0,6EQE,65:L,216:P
A;S,L;W,"65,58",0.0,6EQE,65:L,58:W
A;A,L;E,"65,152",0.0,6EQE,65:L,152:E
A;T,L;N,"65,88",0.0,6EQE,65:L,88:N
A;T,L;N,"65,198",0.0,6EQE,65:L,198:N
A;S,L;K,"65,58",0.0,6EQE,65:L,58:K
A;L,L;C,"65,249",0.0,6EQE,65:L,249:C
A;N,L;T,"65,190",0.0,6EQE,65:L,190:T
A;S,L;V,"65,223",0.0,6EQE,65:L,223:V
A;K,L;Y,"65,253",0.0,6EQE,65:L,253:Y
A;R,L;S,"65,90",0.0,6EQE,65:L,90:S
A;T,L;M,"65,29",0.0,6EQE,65:L,29:M
A;M,L;L,"65,262",0.0,6EQE,65:L,262:L
A;A,L;L,"65,272",0.0,6EQE,65:L,272:L
A;R,L;N,"65,90",0.0,6EQE,65:L,90:N
A;R,L;T,"65,90",0.0,6EQE,65:L,90:T
A;G,L;T,"65,254",0.0,6EQE,65:L,254:T
A;R,L;P,"65,90",0.0,6EQE,65:L,90:P
A;N,L;Y,"65,37",0.0,6EQE,65:L,37:Y
A;Q,L;I,"65,182",0.0,6EQE,65:L,182:I
A;R,L;A,"65,90",0.0,6EQE,65:L,90:A
A;K,L;F,"65,253",0.0,6EQE,65:L,253:F
A;Y,L;S,"65,63",0.0,6EQE,65:L,63:S
A;Q,L;M,"65,127",0.0,6EQE,65:L,127:M
A;Q,L;L,"65,182",0.0,6EQE,65:L,182:L
A;K,L;A,"65,253",0.0,6EQE,65:L,253:A
A;K,L;V,"65,253",0.0,6EQE,65:L,253:V
A;Q,L;F,"65,182",0.0,6EQE,65:L,182:F
A;R,L;D,"65,90",0.0,6EQE,65:L,90:D
A;Q,L;A,"65,127",0.0,6EQE,65:L,127:A
A;Y,L;T,"65,63",0.0,6EQE,65:L,63:T
A;Q,L;V,"65,182",0.0,6EQE,65:L,182:V
A;K,L;L,"65,253",0.0,6EQE,65:L,253:L
A;C,L;S,"65,289",0.0,6EQE,65:L,289:S
A;Y,L;G,"65,63",0.0,6EQE,65:L,63:G
A;M,L;V,"65,154",0.0,6EQE,65:L,154:V
A;Q,L;T,"65,127",0.0,6EQE,65:L,127:T
A;A,L;D,"65,226",0.0,6EQE,65:L,226:D
A;C,L;A,"65,289",0.0,6EQE,65:L,289:A
A;R,L;Q,"65,224",0.0,6EQE,65:L,224:Q
A;N,L;K,"65,233",0.0,6EQE,65:L,233:K
A;S,L;E,"65,136",0.0,6EQE,65:L,136:E
A;D,L;N,"65,186",0.0,6EQE,65:L,186:N
A;R,L;A,"65,280",0.0,6EQE,65:L,280:A
A;S,L;F,"65,238",0.0,6EQE,65:L,238:F
A;S,L;Q,"65,188",0.0,6EQE,65:L,188:Q
A;S,L;H,"65,214",0.0,6EQE,65:L,214:H
A;L,L;F,"65,117",0.0,6EQE,65:L,117:F
A;Q,L;Y,"65,119",0.0,6EQE,65:L,119:Y
A;G,L;A,"65,165",0.0,6EQE,65:L,165:A
A;S,L;E,"65,121",0.0,6EQE,65:L,121:E
A;I,L;R,"65,168",0.0,6EQE,65:L,168:R
A;N,L;H,"65,205",0.0,6EQE,65:L,205:H
A;S,L;Y,"65,269",0.0,6EQE,65:L,269:Y
A;S,L;T,"65,214",0.0,6EQE,65:L,214:T
A;I,L;R,"65,218",0.0,6EQE,65:L,218:R
A;P,L;K,"65,120",0.0,6EQE,65:L,120:K
A;M,L;H,"65,161",0.0,6EQE,65:L,161:H
A;I,L;H,"65,168",0.0,6EQE,65:L,168:H
A;N,L;K,"65,114",0.0,6EQE,65:L,114:K
A;P,L;V,"65,184",0.0,6EQE,65:L,184:V
A;W,L;P,"65,185",0.0,6EQE,65:L,185:P
A;S,L;H,"65,187",0.0,6EQE,65:L,187:H
A;S,L;P,"65,188",0.0,6EQE,65:L,188:P
A;T,L;Y,"65,189",0.0,6EQE,65:L,189:Y
A;F,L;M,"65,191",0.0,6EQE,65:L,191:M
Q;G,T;D,"91,163",0.0,6EQE,91:T,163:D
Q;A,T;M,"91,65",0.0,6EQE,91:T,65:M
Q;K,T;L,"91,252",0.0,6EQE,91:T,252:L
Q;V,T;D,"91,57",0.0,6EQE,91:T,57:D
Q;Q,T;V,"91,127",0.0,6EQE,91:T,127:V
Q;V,T;C,"91,281",0.0,6EQE,91:T,281:C
Q;T,T;V,"91,72",0.0,6EQE,91:T,72:V
Q;Q,T;N,"91,133",0.0,6EQE,91:T,133:N
Q;R,T;K,"91,53",0.0,6EQE,91:T,53:K
Q;S,T;P,"91,125",0.0,6EQE,91:T,125:P
Q;T,T;Q,"91,88",0.0,6EQE,91:T,88:Q
Q;N,T;L,"91,138",0.0,6EQE,91:T,138:L
Q;H,T;R,"91,104",0.0,6EQE,91:T,104:R
Q;W,T;P,"91,159",0.0,6EQE,91:T,159:P
Q;S,T;Y,"91,242",0.0,6EQE,91:T,242:Y
Q;A,T;F,"91,65",0.0,6EQE,91:T,65:F
Q;G,T;H,"91,251",0.0,6EQE,91:T,251:H
Q;L,T;P,"91,216",0.0,6EQE,91:T,216:P
Q;S,T;W,"91,58",0.0,6EQE,91:T,58:W
Q;A,T;E,"91,152",0.0,6EQE,91:T,152:E
Q;T,T;N,"91,88",0.0,6EQE,91:T,88:N
Q;T,T;N,"91,198",0.0,6EQE,91:T,198:N
Q;S,T;K,"91,58",0.0,6EQE,91:T,58:K
Q;L,T;C,"91,249",0.0,6EQE,91:T,249:C
Q;N,T;T,"91,190",0.0,6EQE,91:T,190:T
Q;S,T;V,"91,223",0.0,6EQE,91:T,223:V
Q;A,T;W,"91,65",0.0,6EQE,91:T,65:W
Q;K,T;Y,"91,253",0.0,6EQE,91:T,253:Y
Q;R,T;S,"91,90",0.0,6EQE,91:T,90:S
Q;T,T;M,"91,29",0.0,6EQE,91:T,29:M
Q;M,T;L,"91,262",0.0,6EQE,91:T,262:L
Q;A,T;L,"91,272",0.0,6EQE,91:T,272:L
Q;R,T;N,"91,90",0.0,6EQE,91:T,90:N
Q;R,T;T,"91,90",0.0,6EQE,91:T,90:T
Q;G,T;T,"91,254",0.0,6EQE,91:T,254:T
Q;R,T;P,"91,90",0.0,6EQE,91:T,90:P
Q;N,T;Y,"91,37",0.0,6EQE,91:T,37:Y
Q;Q,T;I,"91,182",0.0,6EQE,91:T,182:I
Q;R,T;A,"91,90",0.0,6EQE,91:T,90:A
Q;K,T;F,"91,253",0.0,6EQE,91:T,253:F
Q;Y,T;S,"91,63",0.0,6EQE,91:T,63:S
Q;Q,T;M,"91,127",0.0,6EQE,91:T,127:M
Q;Q,T;L,"91,182",0.0,6EQE,91:T,182:L
Q;K,T;A,"91,253",0.0,6EQE,91:T,253:A
Q;K,T;V,"91,253",0.0,6EQE,91:T,253:V
Q;Q,T;F,"91,182",0.0,6EQE,91:T,182:F
Q;R,T;D,"91,90",0.0,6EQE,91:T,90:D
Q;Q,T;A,"91,127",0.0,6EQE,91:T,127:A
Q;Y,T;T,"91,63",0.0,6EQE,91:T,63:T
Q;Q,T;V,"91,182",0.0,6EQE,91:T,182:V
Q;K,T;L,"91,253",0.0,6EQE,91:T,253:L
Q;C,T;S,"91,289",0.0,6EQE,91:T,289:S
Q;Y,T;G,"91,63",0.0,6EQE,91:T,63:G
Q;M,T;V,"91,154",0.0,6EQE,91:T,154:V
Q;Q,T;T,"91,127",0.0,6EQE,91:T,127:T
Q;A,T;D,"91,226",0.0,6EQE,91:T,226:D
Q;C,T;A,"91,289",0.0,6EQE,91:T,289:A
Q;R,T;Q,"91,224",0.0,6EQE,91:T,224:Q
Q;N,T;K,"91,233",0.0,6EQE,91:T,233:K
Q;S,T;E,"91,136",0.0,6EQE,91:T,136:E
Q;D,T;N,"91,186",0.0,6EQE,91:T,186:N
Q;R,T;A,"91,280",0.0,6EQE,91:T,280:A
Q;S,T;F,"91,238",0.0,6EQE,91:T,238:F
Q;S,T;Q,"91,188",0.0,6EQE,91:T,188:Q
Q;S,T;H,"91,214",0.0,6EQE,91:T,214:H
Q;L,T;F,"91,117",0.0,6EQE,91:T,117:F
Q;Q,T;Y,"91,119",0.0,6EQE,91:T,119:Y
Q;G,T;A,"91,165",0.0,6EQE,91:T,165:A
Q;S,T;E,"91,121",0.0,6EQE,91:T,121:E
Q;I,T;R,"91,168",0.0,6EQE,91:T,168:R
Q;N,T;H,"91,205",0.0,6EQE,91:T,205:H
Q;S,T;Y,"91,269",0.0,6EQE,91:T,269:Y
Q;S,T;T,"91,214",0.0,6EQE,91:T,214:T
Q;I,T;R,"91,218",0.0,6EQE,91:T,218:R
Q;P,T;K,"91,120",0.0,6EQE,91:T,120:K
Q;M,T;H,"91,161",0.0,6EQE,91:T,161:H
Q;I,T;H,"91,168",0.0,6EQE,91:T,168:H
Q;N,T;K,"91,114",0.0,6EQE,91:T,114:K
Q;P,T;V,"91,184",0.0,6EQE,91:T,184:V
Q;W,T;P,"91,185",0.0,6EQE,91:T,185:P
Q;S,T;H,"91,187",0.0,6EQE,91:T,187:H
Q;S,T;P,"91,188",0.0,6EQE,91:T,188:P
Q;T,T;Y,"91,189",0.0,6EQE,91:T,189:Y
Q;F,T;M,"91,191",0.0,6EQE,91:T,191:M
G;A,D;M,"163,65",0.0,6EQE,163:D,65:M
G;K,D;L,"163,252",0.0,6EQE,163:D,252:L
G;V,D;D,"163,57",0.0,6EQE,163:D,57:D
G;Q,D;V,"163,127",0.0,6EQE,163:D,127:V
G;V,D;C,"163,281",0.0,6EQE,163:D,281:C
G;T,D;V,"163,72",0.0,6EQE,163:D,72:V
G;Q,D;N,"163,133",0.0,6EQE,163:D,133:N
G;R,D;K,"163,53",0.0,6EQE,163:D,53:K
G;S,D;P,"163,125",0.0,6EQE,163:D,125:P
G;T,D;Q,"163,88",0.0,6EQE,163:D,88:Q
G;N,D;L,"163,138",0.0,6EQE,163:D,138:L
G;H,D;R,"163,104",0.0,6EQE,163:D,104:R
G;W,D;P,"163,159",0.0,6EQE,163:D,159:P
G;S,D;Y,"163,242",0.0,6EQE,163:D,242:Y
G;A,D;F,"163,65",0.0,6EQE,163:D,65:F
G;G,D;H,"163,251",0.0,6EQE,163:D,251:H
G;L,D;P,"163,216",0.0,6EQE,163:D,216:P
G;S,D;W,"163,58",0.0,6EQE,163:D,58:W
G;A,D;E,"163,152",0.0,6EQE,163:D,152:E
G;T,D;N,"163,88",0.0,6EQE,163:D,88:N
G;T,D;N,"163,198",0.0,6EQE,163:D,198:N
G;S,D;K,"163,58",0.0,6EQE,163:D,58:K
G;L,D;C,"163,249",0.0,6EQE,163:D,249:C
G;N,D;T,"163,190",0.0,6EQE,163:D,190:T
G;S,D;V,"163,223",0.0,6EQE,163:D,223:V
G;A,D;W,"163,65",0.0,6EQE,163:D,65:W
G;K,D;Y,"163,253",0.0,6EQE,163:D,253:Y
G;R,D;S,"163,90",0.0,6EQE,163:D,90:S
G;T,D;M,"163,29",0.0,6EQE,163:D,29:M
G;M,D;L,"163,262",0.0,6EQE,163:D,262:L
G;A,D;L,"163,272",0.0,6EQE,163:D,272:L
G;R,D;N,"163,90",0.0,6EQE,163:D,90:N
G;R,D;T,"163,90",0.0,6EQE,163:D,90:T
G;G,D;T,"163,254",0.0,6EQE,163:D,254:T
G;R,D;P,"163,90",0.0,6EQE,163:D,90:P
G;N,D;Y,"163,37",0.0,6EQE,163:D,37:Y
G;Q,D;I,"163,182",0.0,6EQE,163:D,182:I
G;R,D;A,"163,90",0.0,6EQE,163:D,90:A
G;K,D;F,"163,253",0.0,6EQE,163:D,253:F
G;Y,D;S,"163,63",0.0,6EQE,163:D,63:S
G;Q,D;M,"163,127",0.0,6EQE,163:D,127:M
G;Q,D;L,"163,182",0.0,6EQE,163:D,182:L
G;K,D;A,"163,253",0.0,6EQE,163:D,253:A
G;K,D;V,"163,253",0.0,6EQE,163:D,253:V
G;Q,D;F,"163,182",0.0,6EQE,163:D,182:F
G;R,D;D,"163,90",0.0,6EQE,163:D,90:D
G;Q,D;A,"163,127",0.0,6EQE,163:D,127:A
G;Y,D;T,"163,63",0.0,6EQE,163:D,63:T
G;Q,D;V,"163,182",0.0,6EQE,163:D,182:V
G;K,D;L,"163,253",0.0,6EQE,163:D,253:L
G;C,D;S,"163,289",0.0,6EQE,163:D,289:S
G;Y,D;G,"163,63",0.0,6EQE,163:D,63:G
G;M,D;V,"163,154",0.0,6EQE,163:D,154:V
G;Q,D;T,"163,127",0.0,6EQE,163:D,127:T
G;A,D;D,"163,226",0.0,6EQE,163:D,226:D
G;C,D;A,"163,289",0.0,6EQE,163:D,289:A
G;R,D;Q,"163,224",0.0,6EQE,163:D,224:Q
G;N,D;K,"163,233",0.0,6EQE,163:D,233:K
G;S,D;E,"163,136",0.0,6EQE,163:D,136:E
G;D,D;N,"163,186",0.0,6EQE,163:D,186:N
G;R,D;A,"163,280",0.0,6EQE,163:D,280:A
G;S,D;F,"163,238",0.0,6EQE,163:D,238:F
G;S,D;Q,"163,188",0.0,6EQE,163:D,188:Q
G;S,D;H,"163,214",0.0,6EQE,163:D,214:H
G;L,D;F,"163,117",0.0,6EQE,163:D,117:F
G;Q,D;Y,"163,119",0.0,6EQE,163:D,119:Y
G;G,D;A,"163,165",0.0,6EQE,163:D,165:A
G;S,D;E,"163,121",0.0,6EQE,163:D,121:E
G;I,D;R,"163,168",0.0,6EQE,163:D,168:R
G;N,D;H,"163,205",0.0,6EQE,163:D,205:H
G;S,D;Y,"163,269",0.0,6EQE,163:D,269:Y
G;S,D;T,"163,214",0.0,6EQE,163:D,214:T
G;I,D;R,"163,218",0.0,6EQE,163:D,218:R
G;P,D;K,"163,120",0.0,6EQE,163:D,120:K
G;M,D;H,"163,161",0.0,6EQE,163:D,161:H
G;I,D;H,"163,168",0.0,6EQE,163:D,168:H
G;N,D;K,"163,114",0.0,6EQE,163:D,114:K
G;P,D;V,"163,184",0.0,6EQE,163:D,184:V
G;W,D;P,"163,185",0.0,6EQE,163:D,185:P
G;S,D;H,"163,187",0.0,6EQE,163:D,187:H
G;S,D;P,"163,188",0.0,6EQE,163:D,188:P
G;T,D;Y,"163,189",0.0,6EQE,163:D,189:Y
G;F,D;M,"163,191",0.0,6EQE,163:D,191:M
A;K,M;L,"65,252",0.0,6EQE,65:M,252:L
A;V,M;D,"65,57",0.0,6EQE,65:M,57:D
A;Q,M;V,"65,127",0.0,6EQE,65:M,127:V
A;V,M;C,"65,281",0.0,6EQE,65:M,281:C
A;T,M;V,"65,72",0.0,6EQE,65:M,72:V
