wild_type,mutation_type,position_idx,stability_score,protein_id,_component_a,_component_b
S;G,N;Q,"124,243",0.0,6EQE,124:N,243:Q
S;G,N;L,"124,243",0.0,6EQE,124:N,243:L
S;T,N;E,"124,270",0.0,6EQE,124:N,270:E
S;R,N;V,"124,34",0.0,6EQE,124:N,34:V
S;G,N;K,"124,243",0.0,6EQE,124:N,243:K
S;D,N;Q,"124,220",0.0,6EQE,124:N,220:Q
S;F,N;E,"124,271",0.0,6EQE,124:N,271:E
S;G,N;Q,"124,164",0.0,6EQE,124:N,164:Q
S;A,N;D,"124,130",0.0,6EQE,124:N,130:D
S;W,N;C,"124,257",0.0,6EQE,124:N,257:C
S;Q,N;N,"124,127",0.0,6EQE,124:N,127:N
S;Q,N;R,"124,127",0.0,6EQE,124:N,127:R
S;S,N;M,"124,238",0.0,6EQE,124:N,238:M
S;F,N;M,"124,271",0.0,6EQE,124:N,271:M
S;G,N;I,"124,243",0.0,6EQE,124:N,243:I
S;Q,N;I,"124,127",0.0,6EQE,124:N,127:I
S;A,N;V,"124,65",0.0,6EQE,124:N,65:V
S;Q,N;E,"124,133",0.0,6EQE,124:N,133:E
S;Q,N;K,"124,127",0.0,6EQE,124:N,127:K
S;Q,N;W,"124,133",0.0,6EQE,124:N,133:W
S;D,N;L,"124,220",0.0,6EQE,124:N,220:L
S;T,N;D,"124,88",0.0,6EQE,124:N,88:D
S;R,N;N,"124,132",0.0,6EQE,124:N,132:N
S;Q,N;D,"124,127",0.0,6EQE,124:N,127:D
S;A,N;Y,"124,215",0.0,6EQE,124:N,215:Y
S;L,N;K,"124,249",0.0,6EQE,124:N,249:K
S;R,N;Y,"124,123",0.0,6EQE,124:N,123:Y
S;F,N;W,"124,271",0.0,6EQE,124:N,271:W
S;S,N;D,"124,58",0.0,6EQE,124:N,58:D
S;N,N;I,"124,37",0.0,6EQE,124:N,37:I
S;C,N;D,"124,289",0.0,6EQE,124:N,289:D
S;A,N;P,"124,152",0.0,6EQE,124:N,152:P
S;D,N;V,"124,186",0.0,6EQE,124:N,186:V
S;G,N;P,"124,243",0.0,6EQE,124:N,243:P
S;S,N;E,"124,115",0.0,6EQE,124:N,115:E
S;L,N;Q,"124,216",0.0,6EQE,124:N,216:Q
S;N,N;P,"124,277",0.0,6EQE,124:N,277:P
S;R,N;Q,"124,132",0.0,6EQE,124:N,132:Q
S;N,N;Y,"124,244",0.0,6EQE,124:N,244:Y
S;H,N;T,"124,104",0.0,6EQE,124:N,104:T
S;S,N;V,"124,58",0.0,6EQE,124:N,58:V
S;H,N;L,"124,104",0.0,6EQE,124:N,104:L
S;P,N;Q,"124,38",0.0,6EQE,124:N,38:Q
S;R,N;L,"124,53",0.0,6EQE,124:N,53:L
S;A,N;T,"124,180",0.0,6EQE,124:N,180:T
S;P,N;D,"124,197",0.0,6EQE,124:N,197:D
S;T,N;V,"124,198",0.0,6EQE,124:N,198:V
S;A,N;M,"124,135",0.0,6EQE,124:N,135:M
S;I,N;L,"124,111",0.0,6EQE,124:N,111:L
S;G,N;S,"124,243",0.0,6EQE,124:N,243:S
S;Q,N;L,"124,127",0.0,6EQE,124:N,127:L
S;Q,N;H,"124,127",0.0,6EQE,124:N,127:H
S;W,N;I,"124,159",0.0,6EQE,124:N,159:I
S;Q,N;P,"124,127",0.0,6EQE,124:N,127:P
S;S,N;N,"124,103",0.0,6EQE,124:N,103:N
S;A,N;Y,"124,179",0.0,6EQE,124:N,179:Y
S;W,N;K,"124,257",0.0,6EQE,124:N,257:K
S;L,N;M,"124,216",0.0,6EQE,124:N,216:M
S;Q,N;E,"124,127",0.0,6EQE,124:N,127:E
S;G,N;A,"124,243",0.0,6EQE,124:N,243:A
S;A,N;N,"124,226",0.0,6EQE,124:N,226:N
S;L,N;I,"124,216",0.0,6EQE,124:N,216:I
S;C,N;L,"124,289",0.0,6EQE,124:N,289:L
S;S,N;E,"124,207",0.0,6EQE,124:N,207:E
S;M,N;L,"124,154",0.0,6EQE,124:N,154:L
S;M,N;P,"124,222",0.0,6EQE,124:N,222:P
S;G,N;T,"124,251",0.0,6EQE,124:N,251:T
S;P,N;L,"124,38",0.0,6EQE,124:N,38:L
S;L,N;W,"124,216",0.0,6EQE,124:N,216:W
S;T,N;L,"124,72",0.0,6EQE,124:N,72:L
S;S,N;P,"124,245",0.0,6EQE,124:N,245:P
S;I,N;W,"124,111",0.0,6EQE,124:N,111:W
S;L,N;D,"124,249",0.0,6EQE,124:N,249:D
S;E,N;K,"124,231",0.0,6EQE,124:N,231:K
S;D,N;K,"124,263",0.0,6EQE,124:N,263:K
S;T,N;M,"124,51",0.0,6EQE,124:N,51:M
S;L,N;E,"124,216",0.0,6EQE,124:N,216:E
S;S,N;T,"124,121",0.0,6EQE,124:N,121:T
S;I,N;H,"124,145",0.0,6EQE,124:N,145:H
S;I,N;L,"124,145",0.0,6EQE,124:N,145:L
S;H,N;M,"124,104",0.0,6EQE,124:N,104:M
S;R,N;P,"124,280",0.0,6EQE,124:N,280:P
S;L,N;F,"124,216",0.0,6EQE,124:N,216:F
S;S,N;D,"124,103",0.0,6EQE,124:N,103:D
S;I,N;V,"124,200",0.0,6EQE,124:N,200:V
S;T,N;K,"124,88",0.0,6EQE,124:N,88:K
S;N,N;K,"124,138",0.0,6EQE,124:N,138:K
S;A,N;L,"124,65",0.0,6EQE,124:N,65:L
S;Q,N;T,"124,91",0.0,6EQE,124:N,91:T
S;G,N;D,"124,163",0.0,6EQE,124:N,163:D
S;A,N;M,"124,65",0.0,6EQE,124:N,65:M
S;K,N;L,"124,252",0.0,6EQE,124:N,252:L
S;V,N;D,"124,57",0.0,6EQE,124:N,57:D
S;Q,N;V,"124,127",0.0,6EQE,124:N,127:V
S;V,N;C,"124,281",0.0,6EQE,124:N,281:C
S;T,N;V,"124,72",0.0,6EQE,124:N,72:V
S;Q,N;N,"124,133",0.0,6EQE,124:N,133:N
S;R,N;K,"124,53",0.0,6EQE,124:N,53:K
S;S,N;P,"124,125",0.0,6EQE,124:N,125:P
S;T,N;Q,"124,88",0.0,6EQE,124:N,88:Q
S;N,N;L,"124,138",0.0,6EQE,124:N,138:L
S;H,N;R,"124,104",0.0,6EQE,124:N,104:R
S;W,N;P,"124,159",0.0,6EQE,124:N,159:P
S;S,N;Y,"124,242",0.0,6EQE,124:N,242:Y
S;A,N;F,"124,65",0.0,6EQE,124:N,65:F
S;G,N;H,"124,251",0.0,6EQE,124:N,251:H
S;L,N;P,"124,216",0.0,6EQE,124:N,216:P
S;S,N;W,"124,58",0.0,6EQE,124:N,58:W
S;A,N;E,"124,152",0.0,6EQE,124:N,152:E
S;T,N;N,"124,88",0.0,6EQE,124:N,88:N
S;T,N;N,"124,198",0.0,6EQE,124:N,198:N
S;S,N;K,"124,58",0.0,6EQE,124:N,58:K
S;L,N;C,"124,249",0.0,6EQE,124:N,249:C
S;N,N;T,"124,190",0.0,6EQE,124:N,190:T
S;S,N;V,"124,223",0.0,6EQE,124:N,223:V
S;A,N;W,"124,65",0.0,6EQE,124:N,65:W
S;K,N;Y,"124,253",0.0,6EQE,124:N,253:Y
S;R,N;S,"124,90",0.0,6EQE,124:N,90:S
S;T,N;M,"124,29",0.0,6EQE,124:N,29:M
S;M,N;L,"124,262",0.0,6EQE,124:N,262:L
S;A,N;L,"124,272",0.0,6EQE,124:N,272:L
S;R,N;N,"124,90",0.0,6EQE,124:N,90:N
S;R,N;T,"124,90",0.0,6EQE,124:N,90:T
S;G,N;T,"124,254",0.0,6EQE,124:N,254:T
S;R,N;P,"124,90",0.0,6EQE,124:N,90:P
S;N,N;Y,"124,37",0.0,6EQE,124:N,37:Y
S;Q,N;I,"124,182",0.0,6EQE,124:N,182:I
S;R,N;A,"124,90",0.0,6EQE,124:N,90:A
S;K,N;F,"124,253",0.0,6EQE,124:N,253:F
S;Y,N;S,"124,63",0.0,6EQE,124:N,63:S
S;Q,N;M,"124,127",0.0,6EQE,124:N,127:M
S;Q,N;L,"124,182",0.0,6EQE,124:N,182:L
S;K,N;A,"124,253",0.0,6EQE,124:N,253:A
S;K,N;V,"124,253",0.0,6EQE,124:N,253:V
S;Q,N;F,"124,182",0.0,6EQE,124:N,182:F
S;R,N;D,"124,90",0.0,6EQE,124:N,90:D
S;Q,N;A,"124,127",0.0,6EQE,124:N,127:A
S;Y,N;T,"124,63",0.0,6EQE,124:N,63:T
S;Q,N;V,"124,182",0.0,6EQE,124:N,182:V
S;K,N;L,"124,253",0.0,6EQE,124:N,253:L
S;C,N;S,"124,289",0.0,6EQE,124:N,289:S
S;Y,N;G,"124,63",0.0,6EQE,124:N,63:G
S;M,N;V,"124,154",0.0,6EQE,124:N,154:V
S;Q,N;T,"124,127",0.0,6EQE,124:N,127:T
S;A,N;D,"124,226",0.0,6EQE,124:N,226:D
S;C,N;A,"124,289",0.0,6EQE,124:N,289:A
S;R,N;Q,"124,224",0.0,6EQE,124:N,224:Q
S;N,N;K,"124,233",0.0,6EQE,124:N,233:K
S;S,N;E,"124,136",0.0,6EQE,124:N,136:E
S;D,N;N,"124,186",0.0,6EQE,124:N,186:N
S;R,N;A,"124,280",0.0,6EQE,124:N,280:A
S;S,N;F,"124,238",0.0,6EQE,124:N,238:F
S;S,N;Q,"124,188",0.0,6EQE,124:N,188:Q
S;S,N;H,"124,214",0.0,6EQE,124:N,214:H
S;L,N;F,"124,117",0.0,6EQE,124:N,117:F
S;Q,N;Y,"124,119",0.0,6EQE,124:N,119:Y
S;G,N;A,"124,165",0.0,6EQE,124:N,165:A
S;S,N;E,"124,121",0.0,6EQE,124:N,121:E
S;I,N;R,"124,168",0.0,6EQE,124:N,168:R
S;N,N;H,"124,205",0.0,6EQE,124:N,205:H
S;S,N;Y,"124,269",0.0,6EQE,124:N,269:Y
S;S,N;T,"124,214",0.0,6EQE,124:N,214:T
S;I,N;R,"124,218",0.0,6EQE,124:N,218:R
S;P,N;K,"124,120",0.0,6EQE,124:N,120:K
S;M,N;H,"124,161",0.0,6EQE,124:N,161:H
S;I,N;H,"124,168",0.0,6EQE,124:N,168:H
S;N,N;K,"124,114",0.0,6EQE,124:N,114:K
S;P,N;V,"124,184",0.0,6EQE,124:N,184:V
S;W,N;P,"124,185",0.0,6EQE,124:N,185:P
S;S,N;H,"124,187",0.0,6EQE,124:N,187:H
S;S,N;P,"124,188",0.0,6EQE,124:N,188:P
S;T,N;Y,"124,189",0.0,6EQE,124:N,189:Y
S;F,N;M,"124,191",0.0,6EQE,124:N,191:M
G;T,Q;E,"243,270",0.0,6EQE,243:Q,270:E
G;R,Q;V,"243,34",0.0,6EQE,243:Q,34:V
G;D,Q;Q,"243,220",0.0,6EQE,243:Q,220:Q
G;S,Q;K,"243,124",0.0,6EQE,243:Q,124:K
G;F,Q;E,"243,271",0.0,6EQE,243:Q,271:E
G;G,Q;Q,"243,164",0.0,6EQE,243:Q,164:Q
G;A,Q;D,"243,130",0.0,6EQE,243:Q,130:D
G;W,Q;C,"243,257",0.0,6EQE,243:Q,257:C
G;Q,Q;N,"243,127",0.0,6EQE,243:Q,127:N
G;Q,Q;R,"243,127",0.0,6EQE,243:Q,127:R
G;S,Q;M,"243,238",0.0,6EQE,243:Q,238:M
G;F,Q;M,"243,271",0.0,6EQE,243:Q,271:M
G;S,Q;A,"243,124",0.0,6EQE,243:Q,124:A
G;Q,Q;I,"243,127",0.0,6EQE,243:Q,127:I
G;A,Q;V,"243,65",0.0,6EQE,243:Q,65:V
G;Q,Q;E,"243,133",0.0,6EQE,243:Q,133:E
G;S,Q;T,"243,124",0.0,6EQE,243:Q,124:T
G;Q,Q;K,"243,127",0.0,6EQE,243:Q,127:K
G;Q,Q;W,"243,133",0.0,6EQE,243:Q,133:W
G;D,Q;L,"243,220",0.0,6EQE,243:Q,220:L
G;T,Q;D,"243,88",0.0,6EQE,243:Q,88:D
G;R,Q;N,"243,132",0.0,6EQE,243:Q,132:N
G;Q,Q;D,"243,127",0.0,6EQE,243:Q,127:D
G;A,Q;Y,"243,215",0.0,6EQE,243:Q,215:Y
G;L,Q;K,"243,249",0.0,6EQE,243:Q,249:K
G;R,Q;Y,"243,123",0.0,6EQE,243:Q,123:Y
G;F,Q;W,"243,271",0.0,6EQE,243:Q,271:W
G;S,Q;D,"243,58",0.0,6EQE,243:Q,58:D
G;N,Q;I,"243,37",0.0,6EQE,243:Q,37:I
G;C,Q;D,"243,289",0.0,6EQE,243:Q,289:D
G;A,Q;P,"243,152",0.0,6EQE,243:Q,152:P
G;D,Q;V,"243,186",0.0,6EQE,243:Q,186:V
G;S,Q;E,"243,115",0.0,6EQE,243:Q,115:E
G;L,Q;Q,"243,216",0.0,6EQE,243:Q,216:Q
G;N,Q;P,"243,277",0.0,6EQE,243:Q,277:P
G;R,Q;Q,"243,132",0.0,6EQE,243:Q,132:Q
G;N,Q;Y,"243,244",0.0,6EQE,243:Q,244:Y
G;H,Q;T,"243,104",0.0,6EQE,243:Q,104:T
G;S,Q;V,"243,58",0.0,6EQE,243:Q,58:V
G;H,Q;L,"243,104",0.0,6EQE,243:Q,104:L
G;P,Q;Q,"243,38",0.0,6EQE,243:Q,38:Q
G;R,Q;L,"243,53",0.0,6EQE,243:Q,53:L
G;A,Q;T,"243,180",0.0,6EQE,243:Q,180:T
G;P,Q;D,"243,197",0.0,6EQE,243:Q,197:D
G;T,Q;V,"243,198",0.0,6EQE,243:Q,198:V
G;A,Q;M,"243,135",0.0,6EQE,243:Q,135:M
G;I,Q;L,"243,111",0.0,6EQE,243:Q,111:L
G;Q,Q;L,"243,127",0.0,6EQE,243:Q,127:L
G;Q,Q;H,"243,127",0.0,6EQE,243:Q,127:H
G;W,Q;I,"243,159",0.0,6EQE,243:Q,159:I
G;Q,Q;P,"243,127",0.0,6EQE,243:Q,127:P
G;S,Q;N,"243,103",0.0,6EQE,243:Q,103:N
G;A,Q;Y,"243,179",0.0,6EQE,243:Q,179:Y
G;W,Q;K,"243,257",0.0,6EQE,243:Q,257:K
G;L,Q;M,"243,216",0.0,6EQE,243:Q,216:M
G;Q,Q;E,"243,127",0.0,6EQE,243:Q,127:E
G;A,Q;N,"243,226",0.0,6EQE,243:Q,226:N
G;L,Q;I,"243,216",0.0,6EQE,243:Q,216:I
G;C,Q;L,"243,289",0.0,6EQE,243:Q,289:L
G;S,Q;E,"243,207",0.0,6EQE,243:Q,207:E
G;M,Q;L,"243,154",0.0,6EQE,243:Q,154:L
G;M,Q;P,"243,222",0.0,6EQE,243:Q,222:P
G;G,Q;T,"243,251",0.0,6EQE,243:Q,251:T
G;P,Q;L,"243,38",0.0,6EQE,243:Q,38:L
G;L,Q;W,"243,216",0.0,6EQE,243:Q,216:W
G;T,Q;L,"243,72",0.0,6EQE,243:Q,72:L
G;S,Q;P,"243,245",0.0,6EQE,243:Q,245:P
G;I,Q;W,"243,111",0.0,6EQE,243:Q,111:W
G;L,Q;D,"243,249",0.0,6EQE,243:Q,249:D
G;E,Q;K,"243,231",0.0,6EQE,243:Q,231:K
G;D,Q;K,"243,263",0.0,6EQE,243:Q,263:K
G;T,Q;M,"243,51",0.0,6EQE,243:Q,51:M
G;L,Q;E,"243,216",0.0,6EQE,243:Q,216:E
G;S,Q;T,"243,121",0.0,6EQE,243:Q,121:T
G;I,Q;H,"243,145",0.0,6EQE,243:Q,145:H
G;I,Q;L,"243,145",0.0,6EQE,243:Q,145:L
G;H,Q;M,"243,104",0.0,6EQE,243:Q,104:M
G;R,Q;P,"243,280",0.0,6EQE,243:Q,280:P
G;L,Q;F,"243,216",0.0,6EQE,243:Q,216:F
G;S,Q;D,"243,103",0.0,6EQE,243:Q,103:D
G;I,Q;V,"243,200",0.0,6EQE,243:Q,200:V
G;T,Q;K,"243,88",0.0,6EQE,243:Q,88:K
G;N,Q;K,"243,138",0.0,6EQE,243:Q,138:K
G;A,Q;L,"243,65",0.0,6EQE,243:Q,65:L
G;Q,Q;T,"243,91",0.0,6EQE,243:Q,91:T
G;G,Q;D,"243,163",0.0,6EQE,243:Q,163:D
G;A,Q;M,"243,65",0.0,6EQE,243:Q,65:M
G;K,Q;L,"243,252",0.0,6EQE,243:Q,252:L
G;V,Q;D,"243,57",0.0,6EQE,243:Q,57:D
G;Q,Q;V,"243,127",0.0,6EQE,243:Q,127:V
G;V,Q;C,"243,281",0.0,6EQE,243:Q,281:C
G;T,Q;V,"243,72",0.0,6EQE,243:Q,72:V
G;Q,Q;N,"243,133",0.0,6EQE,243:Q,133:N
G;R,Q;K,"243,53",0.0,6EQE,243:Q,53:K
G;S,Q;P,"243,125",0.0,6EQE,243:Q,125:P
G;T,Q;Q,"243,88",0.0,6EQE,243:Q,88:Q
G;N,Q;L,"243,138",0.0,6EQE,243:Q,138:L
G;H,Q;R,"243,104",0.0,6EQE,243:Q,104:R
G;W,Q;P,"243,159",0.0,6EQE,243:Q,159:P
G;S,Q;Y,"243,242",0.0,6EQE,243:Q,242:Y
G;A,Q;F,"243,65",0.0,6EQE,243:Q,65:F
G;G,Q;H,"243,251",0.0,6EQE,243:Q,251:H
G;L,Q;P,"243,216",0.0,6EQE,243:Q,216:P
G;S,Q;W,"243,58",0.0,6EQE,243:Q,58:W
G;A,Q;E,"243,152",0.0,6EQE,243:Q,152:E
G;T,Q;N,"243,88",0.0,6EQE,243:Q,88:N
G;T,Q;N,"243,198",0.0,6EQE,243:Q,198:N
G;S,Q;K,"243,58",0.0,6EQE,243:Q,58:K
G;L,Q;C,"243,249",0.0,6EQE,243:Q,249:C
G;N,Q;T,"243,190",0.0,6EQE,243:Q,190:T
G;S,Q;V,"243,223",0.0,6EQE,243:Q,223:V
G;A,Q;W,"243,65",0.0,6EQE,243:Q,65:W
G;K,Q;Y,"243,253",0.0,6EQE,243:Q,253:Y
G;R,Q;S,"243,90",0.0,6EQE,243:Q,90:S
G;T,Q;M,"243,29",0.0,6EQE,243:Q,29:M
G;M,Q;L,"243,262",0.0,6EQE,243:Q,262:L
G;A,Q;L,"243,272",0.0,6EQE,243:Q,272:L
G;R,Q;N,"243,90",0.0,6EQE,243:Q,90:N
G;R,Q;T,"243,90",0.0,6EQE,243:Q,90:T
G;G,Q;T,"243,254",0.0,6EQE,243:Q,254:T
G;R,Q;P,"243,90",0.0,6EQE,243:Q,90:P
G;N,Q;Y,"243,37",0.0,6EQE,243:Q,37:Y
G;Q,Q;I,"243,182",0.0,6EQE,243:Q,182:I
G;R,Q;A,"243,90",0.0,6EQE,243:Q,90:A
G;K,Q;F,"243,253",0.0,6EQE,243:Q,253:F
G;Y,Q;S,"243,63",0.0,6EQE,243:Q,63:S
G;Q,Q;M,"243,127",0.0,6EQE,243:Q,127:M
G;Q,Q;L,"243,182",0.0,6EQE,243:Q,182:L
G;K,Q;A,"243,253",0.0,6EQE,243:Q,253:A
G;K,Q;V,"243,253",0.0,6EQE,243:Q,253:V
G;Q,Q;F,"243,182",0.0,6EQE,243:Q,182:F
G;R,Q;D,"243,90",0.0,6EQE,243:Q,90:D
G;Q,Q;A,"243,127",0.0,6EQE,243:Q,127:A
G;Y,Q;T,"243,63",0.0,6EQE,243:Q,63:T
G;Q,Q;V,"243,182",0.0,6EQE,243:Q,182:V
G;K,Q;L,"243,253",0.0,6EQE,243:Q,253:L
G;C,Q;S,"243,289",0.0,6EQE,243:Q,289:S
G;Y,Q;G,"243,63",0.0,6EQE,243:Q,63:G
G;M,Q;V,"243,154",0.0,6EQE,243:Q,154:V
G;Q,Q;T,"243,127",0.0,6EQE,243:Q,127:T
G;A,Q;D,"243,226",0.0,6EQE,243:Q,226:D
G;C,Q;A,"243,289",0.0,6EQE,243:Q,289:A
G;R,Q;Q,"243,224",0.0,6EQE,243:Q,224:Q
G;N,Q;K,"243,233",0.0,6EQE,243:Q,233:K
G;S,Q;E,"243,136",0.0,6EQE,243:Q,136:E
G;D,Q;N,"243,186",0.0,6EQE,243:Q,186:N
G;R,Q;A,"243,280",0.0,6EQE,243:Q,280:A
G;S,Q;F,"243,238",0.0,6EQE,243:Q,238:F
G;S,Q;Q,"243,188",0.0,6EQE,243:Q,188:Q
G;S,Q;H,"243,214",0.0,6EQE,243:Q,214:H
G;L,Q;F,"243,117",0.0,6EQE,243:Q,117:F
G;Q,Q;Y,"243,119",0.0,6EQE,243:Q,119:Y
G;G,Q;A,"243,165",0.0,6EQE,243:Q,165:A
G;S,Q;E,"243,121",0.0,6EQE,243:Q,121:E
G;I,Q;R,"243,168",0.0,6EQE,243:Q,168:R
G;N,Q;H,"243,205",0.0,6EQE,243:Q,205:H
G;S,Q;Y,"243,269",0.0,6EQE,243:Q,269:Y
G;S,Q;T,"243,214",0.0,6EQE,243:Q,214:T
G;I,Q;R,"243,218",0.0,6EQE,243:Q,218:R
G;P,Q;K,"243,120",0.0,6EQE,243:Q,120:K
G;M,Q;H,"243,161",0.0,6EQE,243:Q,161:H
G;I,Q;H,"243,168",0.0,6EQE,243:Q,168:H
G;N,Q;K,"243,114",0.0,6EQE,243:Q,114:K
G;P,Q;V,"243,184",0.0,6EQE,243:Q,184:V
G;W,Q;P,"243,185",0.0,6EQE,243:Q,185:P
G;S,Q;H,"243,187",0.0,6EQE,243:Q,187:H
G;S,Q;P,"243,188",0.0,6EQE,243:Q,188:P
G;T,Q;Y,"243,189",0.0,6EQE,243:Q,189:Y
G;F,Q;M,"243,191",0.0,6EQE,243:Q,191:M
G;T,L;E,"243,270",0.0,6EQE,243:L,270:E
G;R,L;V,"243,34",0.0,6EQE,243:L,34:V
G;D,L;Q,"243,220",0.0,6EQE,243:L,220:Q
G;S,L;K,"243,124",0.0,6EQE,243:L,124:K
G;F,L;E,"243,271",0.0,6EQE,243:L,271:E
G;G,L;Q,"243,164",0.0,6EQE,243:L,164:Q
G;A,L;D,"243,130",0.0,6EQE,243:L,130:D
G;W,L;C,"243,257",0.0,6EQE,243:L,257:C
G;Q,L;N,"243,127",0.0,6EQE,243:L,127:N
G;Q,L;R,"243,127",0.0,6EQE,243:L,127:R
G;S,L;M,"243,238",0.0,6EQE,243:L,238:M
G;F,L;M,"243,271",0.0,6EQE,243:L,271:M
G;S,L;A,"243,124",0.0,6EQE,243:L,124:A
G;Q,L;I,"243,127",0.0,6EQE,243:L,127:I
G;A,L;V,"243,65",0.0,6EQE,243:L,65:V
G;Q,L;E,"243,133",0.0,6EQE,243:L,133:E
G;S,L;T,"243,124",0.0,6EQE,243:L,124:T
G;Q,L;K,"243,127",0.0,6EQE,243:L,127:K
G;Q,L;W,"243,133",0.0,6EQE,243:L,133:W
G;D,L;L,"243,220",0.0,6EQE,243:L,220:L
G;T,L;D,"243,88",0.0,6EQE,243:L,88:D
G;R,L;N,"243,132",0.0,6EQE,243:L,132:N
G;Q,L;D,"243,127",0.0,6EQE,243:L,127:D
G;A,L;Y,"243,215",0.0,6EQE,243:L,215:Y
G;L,L;K,"243,249",0.0,6EQE,243:L,249:K
G;R,L;Y,"243,123",0.0,6EQE,243:L,123:Y
G;F,L;W,"243,271",0.0,6EQE,243:L,271:W
G;S,L;D,"243,58",0.0,6EQE,243:L,58:D
G;N,L;I,"243,37",0.0,6EQE,243:L,37:I
G;C,L;D,"243,289",0.0,6EQE,243:L,289:D
G;A,L;P,"243,152",0.0,6EQE,243:L,152:P
G;D,L;V,"243,186",0.0,6EQE,243:L,186:V
G;S,L;E,"243,115",0.0,6EQE,243:L,115:E
G;L,L;Q,"243,216",0.0,6EQE,243:L,216:Q
G;N,L;P,"243,277",0.0,6EQE,243:L,277:P
G;R,L;Q,"243,132",0.0,6EQE,243:L,132:Q
G;N,L;Y,"243,244",0.0,6EQE,243:L,244:Y
G;H,L;T,"243,104",0.0,6EQE,243:L,104:T
G;S,L;V,"243,58",0.0,6EQE,243:L,58:V
G;H,L;L,"243,104",0.0,6EQE,243:L,104:L
G;P,L;Q,"243,38",0.0,6EQE,243:L,38:Q
G;R,L;L,"243,53",0.0,6EQE,243:L,53:L
G;A,L;T,"243,180",0.0,6EQE,243:L,180:T
G;P,L;D,"243,197",0.0,6EQE,243:L,197:D
G;T,L;V,"243,198",0.0,6EQE,243:L,198:V
G;A,L;M,"243,135",0.0,6EQE,243:L,135:M
G;I,L;L,"243,111",0.0,6EQE,243:L,111:L
G;Q,L;L,"243,127",0.0,6EQE,243:L,127:L
G;Q,L;H,"243,127",0.0,6EQE,243:L,127:H
G;W,L;I,"243,159",0.0,6EQE,243:L,159:I
G;Q,L;P,"243,127",0.0,6EQE,243:L,127:P
G;S,L;N,"243,103",0.0,6EQE,243:L,103:N
G;A,L;Y,"243,179",0.0,6EQE,243:L,179:Y
G;W,L;K,"243,257",0.0,6EQE,243:L,257:K
G;L,L;M,"243,216",0.0,6EQE,243:L,216:M
G;Q,L;E,"243,127",0.0,6EQE,243:L,127:E
G;A,L;N,"243,226",0.0,6EQE,243:L,226:N
G;L,L;I,"243,216",0.0,6EQE,243:L,216:I
G;C,L;L,"243,289",0.0,6EQE,243:L,289:L
G;S,L;E,"243,207",0.0,6EQE,243:L,207:E
G;M,L;L,"243,154",0.0,6EQE,243:L,154:L
G;M,L;P,"243,222",0.0,6EQE,243:L,222:P
G;G,L;T,"243,251",0.0,6EQE,243:L,251:T
G;P,L;L,"243,38",0.0,6EQE,243:L,38:L
G;L,L;W,"243,216",0.0,6EQE,243:L,216:W
G;T,L;L,"243,72",0.0,6EQE,243:L,72:L
G;S,L;P,"243,245",0.0,6EQE,243:L,245:P
G;I,L;W,"243,111",0.0,6EQE,243:L,111:W
G;L,L;D,"243,249",0.0,6EQE,243:L,249:D
G;E,L;K,"243,231",0.0,6EQE,243:L,231:K
G;D,L;K,"243,263",0.0,6EQE,243:L,263:K
G;T,L;M,"243,51",0.0,6EQE,243:L,51:M
G;L,L;E,"243,216",0.0,6EQE,243:L,216:E
G;S,L;T,"243,121",0.0,6EQE,243:L,121:T
G;I,L;H,"243,145",0.0,6EQE,243:L,145:H
G;I,L;L,"243,145",0.0,6EQE,243:L,145:L
G;H,L;M,"243,104",0.0,6EQE,243:L,104:M
G;R,L;P,"243,280",0.0,6EQE,243:L,280:P
G;L,L;F,"243,216",0.0,6EQE,243:L,216:F
G;S,L;D,"243,103",0.0,6EQE,243:L,103:D
G;I,L;V,"243,200",0.0,6EQE,243:L,200:V
G;T,L;K,"243,88",0.0,6EQE,243:L,88:K
G;N,L;K,"243,138",0.0,6EQE,243:L,138:K
G;A,L;L,"243,65",0.0,6EQE,243:L,65:L
G;Q,L;T,"243,91",0.0,6EQE,243:L,91:T
G;G,L;D,"243,163",0.0,6EQE,243:L,163:D
G;A,L;M,"243,65",0.0,6EQE,243:L,65:M
G;K,L;L,"243,252",0.0,6EQE,243:L,252:L
G;V,L;D,"243,57",0.0,6EQE,243:L,57:D
G;Q,L;V,"243,127",0.0,6EQE,243:L,127:V
G;V,L;C,"243,281",0.0,6EQE,243:L,281:C
G;T,L;V,"243,72",0.0,6EQE,243:L,72:V
G;Q,L;N,"243,133",0.0,6EQE,243:L,133:N
G;R,L;K,"243,53",0.0,6EQE,243:L,53:K
G;S,L;P,"243,125",0.0,6EQE,243:L,125:P
G;T,L;Q,"243,88",0.0,6EQE,243:L,88:Q
G;N,L;L,"243,138",0.0,6EQE,243:L,138:L
G;H,L;R,"243,104",0.0,6EQE,243:L,104:R
G;W,L;P,"243,159",0.0,6EQE,243:L,159:P
G;S,L;Y,"243,242",0.0,6EQE,243:L,242:Y
G;A,L;F,"243,65",0.0,6EQE,243:L,65:F
G;G,L;H,"243,251",0.0,6EQE,243:L,251:H
G;L,L;P,"243,216",0.0,6EQE,243:L,216:P
G;S,L;W,"243,58",0.0,6EQE,243:L,58:W
G;A,L;E,"243,152",0.0,6EQE,243:L,152:E
G;T,L;N,"243,88",0.0,6EQE,243:L,88:N
G;T,L;N,"243,198",0.0,6EQE,243:L,198:N
G;S,L;K,"243,58",0.0,6EQE,243:L,58:K
G;L,L;C,"243,249",0.0,6EQE,243:L,249:C
G;N,L;T,"243,190",0.0,6EQE,243:L,190:T
G;S,L;V,"243,223",0.0,6EQE,243:L,223:V
G;A,L;W,"243,65",0.0,6EQE,243:L,65:W
G;K,L;Y,"243,253",0.0,6EQE,243:L,253:Y
G;R,L;S,"243,90",0.0,6EQE,243:L,90:S
G;T,L;M,"243,29",0.0,6EQE,243:L,29:M
G;M,L;L,"243,262",0.0,6EQE,243:L,262:L
G;A,L;L,"243,272",0.0,6EQE,243:L,272:L
G;R,L;N,"243,90",0.0,6EQE,243:L,90:N
G;R,L;T,"243,90",0.0,6EQE,243:L,90:T
G;G,L;T,"243,254",0.0,6EQE,243:L,254:T
G;R,L;P,"243,90",0.0,6EQE,243:L,90:P
G;N,L;Y,"243,37",0.0,6EQE,243:L,37:Y
G;Q,L;I,"243,182",0.0,6EQE,243:L,182:I
G;R,L;A,"243,90",0.0,6EQE,243:L,90:A
G;K,L;F,"243,253",0.0,6EQE,243:L,253:F
G;Y,L;S,"243,63",0.0,6EQE,243:L,63:S
G;Q,L;M,"243,127",0.0,6EQE,243:L,127:M
G;Q,L;L,"243,182",0.0,6EQE,243:L,182:L
G;K,L;A,"243,253",0.0,6EQE,243:L,253:A
G;K,L;V,"243,253",0.0,6EQE,243:L,253:V
G;Q,L;F,"243,182",0.0,6EQE,243:L,182:F
G;R,L;D,"243,90",0.0,6EQE,243:L,90:D
G;Q,L;A,"243,127",0.0,6EQE,243:L,127:A
G;Y,L;T,"243,63",0.0,6EQE,243:L,63:T
G;Q,L;V,"243,182",0.0,6EQE,243:L,182:V
G;K,L;L,"243,253",0.0,6EQE,243:L,253:L
G;C,L;S,"243,289",0.0,6EQE,243:L,289:S
G;Y,L;G,"243,63",0.0,6EQE,243:L,63:G
G;M,L;V,"243,154",0.0,6EQE,243:L,154:V
G;Q,L;T,"243,127",0.0,6EQE,243:L,127:T
G;A,L;D,"243,226",0.0,6EQE,243:L,226:D
G;C,L;A,"243,289",0.0,6EQE,243:L,289:A
G;R,L;Q,"243,224",0.0,6EQE,243:L,224:Q
G;N,L;K,"243,233",0.0,6EQE,243:L,233:K
G;S,L;E,"243,136",0.0,6EQE,243:L,136:E
G;D,L;N,"243,186",0.0,6EQE,243:L,186:N
G;R,L;A,"243,280",0.0,6EQE,243:L,280:A
G;S,L;F,"243,238",0.0,6EQE,243:L,238:F
G;S,L;Q,"243,188",0.0,6EQE,243:L,188:Q
G;S,L;H,"243,214",0.0,6EQE,243:L,214:H
G;L,L;F,"243,117",0.0,6EQE,243:L,117:F
G;Q,L;Y,"243,119",0.0,6EQE,243:L,119:Y
G;G,L;A,"243,165",0.0,6EQE,243:L,165:A
G;S,L;E,"243,121",0.0,6EQE,243:L,121:E
G;I,L;R,"243,168",0.0,6EQE,243:L,168:R
G;N,L;H,"243,205",0.0,6EQE,243:L,205:H
G;S,L;Y,"243,269",0.0,6EQE,243:L,269:Y
G;S,L;T,"243,214",0.0,6EQE,243:L,214:T
G;I,L;R,"243,218",0.0,6EQE,243:L,218:R
G;P,L;K,"243,120",0.0,6EQE,243:L,120:K
G;M,L;H,"243,161",0.0,6EQE,243:L,161:H
G;I,L;H,"243,168",0.0,6EQE,243:L,168:H
G;N,L;K,"243,114",0.0,6EQE,243:L,114:K
G;P,L;V,"243,184",0.0,6EQE,243:L,184:V
G;W,L;P,"243,185",0.0,6EQE,243:L,185:P
G;S,L;H,"243,187",0.0,6EQE,243:L,187:H
G;S,L;P,"243,188",0.0,6EQE,243:L,188:P
G;T,L;Y,"243,189",0.0,6EQE,243:L,189:Y
G;F,L;M,"243,191",0.0,6EQE,243:L,191:M
T;R,E;V,"270,34",0.0,6EQE,270:E,34:V
T;G,E;K,"270,243",0.0,6EQE,270:E,243:K
T;D,E;Q,"270,220",0.0,6EQE,270:E,220:Q
T;S,E;K,"270,124",0.0,6EQE,270:E,124:K
T;F,E;E,"270,271",0.0,6EQE,270:E,271:E
T;G,E;Q,"270,164",0.0,6EQE,270:E,164:Q
T;A,E;D,"270,130",0.0,6EQE,270:E,130:D
T;W,E;C,"270,257",0.0,6EQE,270:E,257:C
T;Q,E;N,"270,127",0.0,6EQE,270:E,127:N
T;Q,E;R,"270,127",0.0,6EQE,270:E,127:R
T;S,E;M,"270,238",0.0,6EQE,270:E,238:M
T;F,E;M,"270,271",0.0,6EQE,270:E,271:M
T;S,E;A,"270,124",0.0,6EQE,270:E,124:A
T;G,E;I,"270,243",0.0,6EQE,270:E,243:I
T;Q,E;I,"270,127",0.0,6EQE,270:E,127:I
T;A,E;V,"270,65",0.0,6EQE,270:E,65:V
T;Q,E;E,"270,133",0.0,6EQE,270:E,133:E
T;S,E;T,"270,124",0.0,6EQE,270:E,124:T
T;Q,E;K,"270,127",0.0,6EQE,270:E,127:K
T;Q,E;W,"270,133",0.0,6EQE,270:E,133:W
T;D,E;L,"270,220",0.0,6EQE,270:E,220:L
T;T,E;D,"270,88",0.0,6EQE,270:E,88:D
T;R,E;N,"270,132",0.0,6EQE,270:E,132:N
T;Q,E;D,"270,127",0.0,6EQE,270:E,127:D
T;A,E;Y,"270,215",0.0,6EQE,270:E,215:Y
T;L,E;K,"270,249",0.0,6EQE,270:E,249:K
T;R,E;Y,"270,123",0.0,6EQE,270:E,123:Y
T;F,E;W,"270,271",0.0,6EQE,270:E,271:W
T;S,E;D,"270,58",0.0,6EQE,270:E,58:D
T;N,E;I,"270,37",0.0,6EQE,270:E,37:I
T;C,E;D,"270,289",0.0,6EQE,270:E,289:D
T;A,E;P,"270,152",0.0,6EQE,270:E,152:P
T;D,E;V,"270,186",0.0,6EQE,270:E,186:V
T;G,E;P,"270,243",0.0,6EQE,270:E,243:P
T;S,E;E,"270,115",0.0,6EQE,270:E,115:E
T;L,E;Q,"270,216",0.0,6EQE,270:E,216:Q
T;N,E;P,"270,277",0.0,6EQE,270:E,277:P
T;R,E;Q,"270,132",0.0,6EQE,270:E,132:Q
T;N,E;Y,"270,244",0.0,6EQE,270:E,244:Y
T;H,E;T,"270,104",0.0,6EQE,270:E,104:T
T;S,E;V,"270,58",0.0,6EQE,270:E,58:V
T;H,E;L,"270,104",0.0,6EQE,270:E,104:L
T;P,E;Q,"270,38",0.0,6EQE,270:E,38:Q
T;R,E;L,"270,53",0.0,6EQE,270:E,53:L
T;A,E;T,"270,180",0.0,6EQE,270:E,180:T
T;P,E;D,"270,197",0.0,6EQE,270:E,197:D
T;T,E;V,"270,198",0.0,6EQE,270:E,198:V
T;A,E;M,"270,135",0.0,6EQE,270:E,135:M
T;I,E;L,"270,111",0.0,6EQE,270:E,111:L
T;G,E;S,"270,243",0.0,6EQE,270:E,243:S
T;Q,E;L,"270,127",0.0,6EQE,270:E,127:L
T;Q,E;H,"270,127",0.0,6EQE,270:E,127:H
T;W,E;I,"270,159",0.0,6EQE,270:E,159:I
T;Q,E;P,"270,127",0.0,6EQE,270:E,127:P
T;S,E;N,"270,103",0.0,6EQE,270:E,103:N
T;A,E;Y,"270,179",0.0,6EQE,270:E,179:Y
T;W,E;K,"270,257",0.0,6EQE,270:E,257:K
T;L,E;M,"270,216",0.0,6EQE,270:E,216:M
T;Q,E;E,"270,127",0.0,6EQE,270:E,127:E
T;G,E;A,"270,243",0.0,6EQE,270:E,243:A
T;A,E;N,"270,226",0.0,6EQE,270:E,226:N
T;L,E;I,"270,216",0.0,6EQE,270:E,216:I
T;C,E;L,"270,289",0.0,6EQE,270:E,289:L
T;S,E;E,"270,207",0.0,6EQE,270:E,207:E
T;M,E;L,"270,154",0.0,6EQE,270:E,154:L
T;M,E;P,"270,222",0.0,6EQE,270:E,222:P
T;G,E;T,"270,251",0.0,6EQE,270:E,251:T
T;P,E;L,"270,38",0.0,6EQE,270:E,38:L
T;L,E;W,"270,216",0.0,6EQE,270:E,216:W
T;T,E;L,"270,72",0.0,6EQE,270:E,72:L
T;S,E;P,"270,245",0.0,6EQE,270:E,245:P
T;I,E;W,"270,111",0.0,6EQE,270:E,111:W
T;L,E;D,"270,249",0.0,6EQE,270:E,249:D
T;E,E;K,"270,231",0.0,6EQE,270:E,231:K
T;D,E;K,"270,263",0.0,6EQE,270:E,263:K
T;T,E;M,"270,51",0.0,6EQE,270:E,51:M
T;L,E;E,"270,216",0.0,6EQE,270:E,216:E
T;S,E;T,"270,121",0.0,6EQE,270:E,121:T
T;I,E;H,"270,145",0.0,6EQE,270:E,145:H
T;I,E;L,"270,145",0.0,6EQE,270:E,145:L
T;H,E;M,"270,104",0.0,6EQE,270:E,104:M
T;R,E;P,"270,280",0.0,6EQE,270:E,280:P
T;L,E;F,"270,216",0.0,6EQE,270:E,216:F
T;S,E;D,"270,103",0.0,6EQE,270:E,103:D
T;I,E;V,"270,200",0.0,6EQE,270:E,200:V
T;T,E;K,"270,88",0.0,6EQE,270:E,88:K
T;N,E;K,"270,138",0.0,6EQE,270:E,138:K
T;A,E;L,"270,65",0.0,6EQE,270:E,65:L
T;Q,E;T,"270,91",0.0,6EQE,270:E,91:T
T;G,E;D,"270,163",0.0,6EQE,270:E,163:D
T;A,E;M,"270,65",0.0,6EQE,270:E,65:M
T;K,E;L,"270,252",0.0,6EQE,270:E,252:L
T;V,E;D,"270,57",0.0,6EQE,270:E,57:D
T;Q,E;V,"270,127",0.0,6EQE,270:E,127:V
T;V,E;C,"270,281",0.0,6EQE,270:E,281:C
T;T,E;V,"270,72",0.0,6EQE,270:E,72:V
T;Q,E;N,"270,133",0.0,6EQE,270:E,133:N
T;R,E;K,"270,53",0.0,6EQE,270:E,53:K
T;S,E;P,"270,125",0.0,6EQE,270:E,125:P
T;T,E;Q,"270,88",0.0,6EQE,270:E,88:Q
T;N,E;L,"270,138",0.0,6EQE,270:E,138:L
T;H,E;R,"270,104",0.0,6EQE,270:E,104:R
T;W,E;P,"270,159",0.0,6EQE,270:E,159:P
T;S,E;Y,"270,242",0.0,6EQE,270:E,242:Y
T;A,E;F,"270,65",0.0,6EQE,270:E,65:F
T;G,E;H,"270,251",0.0,6EQE,270:E,251:H
T;L,E;P,"270,216",0.0,6EQE,270:E,216:P
T;S,E;W,"270,58",0.0,6EQE,270:E,58:W
T;A,E;E,"270,152",0.0,6EQE,270:E,152:E
T;T,E;N,"270,88",0.0,6EQE,270:E,88:N
T;T,E;N,"270,198",0.0,6EQE,270:E,198:N
T;S,E;K,"270,58",0.0,6EQE,270:E,58:K
T;L,E;C,"270,249",0.0,6EQE,270:E,249:C
T;N,E;T,"270,190",0.0,6EQE,270:E,190:T
T;S,E;V,"270,223",0.0,6EQE,270:E,223:V
T;A,E;W,"270,65",0.0,6EQE,270:E,65:W
T;K,E;Y,"270,253",0.0,6EQE,270:E,253:Y
T;R,E;S,"270,90",0.0,6EQE,270:E,90:S
T;T,E;M,"270,29",0.0,6EQE,270:E,29:M
T;M,E;L,"270,262",0.0,6EQE,270:E,262:L
T;A,E;L,"270,272",0.0,6EQE,270:E,272:L
T;R,E;N,"270,90",0.0,6EQE,270:E,90:N
T;R,E;T,"270,90",0.0,6EQE,270:E,90:T
T;G,E;T,"270,254",0.0,6EQE,270:E,254:T
T;R,E;P,"270,90",0.0,6EQE,270:E,90:P
T;N,E;Y,"270,37",0.0,6EQE,270:E,37:Y
T;Q,E;I,"270,182",0.0,6EQE,270:E,182:I
T;R,E;A,"270,90",0.0,6EQE,270:E,90:A
T;K,E;F,"270,253",0.0,6EQE,270:E,253:F
T;Y,E;S,"270,63",0.0,6EQE,270:E,63:S
T;Q,E;M,"270,127",0.0,6EQE,270:E,127:M
T;Q,E;L,"270,182",0.0,6EQE,270:E,182:L
T;K,E;A,"270,253",0.0,6EQE,270:E,253:A
T;K,E;V,"270,253",0.0,6EQE,270:E,253:V
T;Q,E;F,"270,182",0.0,6EQE,270:E,182:F
T;R,E;D,"270,90",0.0,6EQE,270:E,90:D
T;Q,E;A,"270,127",0.0,6EQE,270:E,127:A
T;Y,E;T,"270,63",0.0,6EQE,270:E,63:T
T;Q,E;V,"270,182",0.0,6EQE,270:E,182:V
T;K,E;L,"270,253",0.0,6EQE,270:E,253:L
T;C,E;S,"270,289",0.0,6EQE,270:E,289:S
T;Y,E;G,"270,63",0.0,6EQE,270:E,63:G
T;M,E;V,"270,154",0.0,6EQE,270:E,154:V
T;Q,E;T,"270,127",0.0,6EQE,270:E,127:T
T;A,E;D,"270,226",0.0,6EQE,270:E,226:D
T;C,E;A,"270,289",0.0,6EQE,270:E,289:A
T;R,E;Q,"270,224",0.0,6EQE,270:E,224:Q
T;N,E;K,"270,233",0.0,6EQE,270:E,233:K
T;S,E;E,"270,136",0.0,6EQE,270:E,136:E
T;D,E;N,"270,186",0.0,6EQE,270:E,186:N
T;R,E;A,"270,280",0.0,6EQE,270:E,280:A
T;S,E;F,"270,238",0.0,6EQE,270:E,238:F
T;S,E;Q,"270,188",0.0,6EQE,270:E,188:Q
T;S,E;H,"270,214",0.0,6EQE,270:E,214:H
T;L,E;F,"270,117",0.0,6EQE,270:E,117:F
T;Q,E;Y,"270,119",0.0,6EQE,270:E,119:Y
T;G,E;A,"270,165",0.0,6EQE,270:E,165:A
T;S,E;E,"270,121",0.0,6EQE,270:E,121:E
T;I,E;R,"270,168",0.0,6EQE,270:E,168:R
T;N,E;H,"270,205",0.0,6EQE,270:E,205:H
T;S,E;Y,"270,269",0.0,6EQE,270:E,269:Y
T;S,E;T,"270,214",0.0,6EQE,270:E,214:T
T;I,E;R,"270,218",0.0,6EQE,270:E,218:R
T;P,E;K,"270,120",0.0,6EQE,270:E,120:K
T;M,E;H,"270,161",0.0,6EQE,270:E,161:H
T;I,E;H,"270,168",0.0,6EQE,270:E,168:H
T;N,E;K,"270,114",0.0,6EQE,270:E,114:K
T;P,E;V,"270,184",0.0,6EQE,270:E,184:V
T;W,E;P,"270,185",0.0,6EQE,270:E,185:P
T;S,E;H,"270,187",0.0,6EQE,270:E,187:H
T;S,E;P,"270,188",0.0,6EQE,270:E,188:P
T;T,E;Y,"270,189",0.0,6EQE,270:E,189:Y
T;F,E;M,"270,191",0.0,6EQE,270:E,191:M
R;G,V;K,"34,243",0.0,6EQE,34:V,243:K
R;D,V;Q,"34,220",0.0,6EQE,34:V,220:Q
R;S,V;K,"34,124",0.0,6EQE,34:V,124:K
R;F,V;E,"34,271",0.0,6EQE,34:V,271:E
R;G,V;Q,"34,164",0.0,6EQE,34:V,164:Q
R;A,V;D,"34,130",0.0,6EQE,34:V,130:D
R;W,V;C,"34,257",0.0,6EQE,34:V,257:C
R;Q,V;N,"34,127",0.0,6EQE,34:V,127:N
R;Q,V;R,"34,127",0.0,6EQE,34:V,127:R
R;S,V;M,"34,238",0.0,6EQE,34:V,238:M
R;F,V;M,"34,271",0.0,6EQE,34:V,271:M
R;S,V;A,"34,124",0.0,6EQE,34:V,124:A
R;G,V;I,"34,243",0.0,6EQE,34:V,243:I
R;Q,V;I,"34,127",0.0,6EQE,34:V,127:I
R;A,V;V,"34,65",0.0,6EQE,34:V,65:V
R;Q,V;E,"34,133",0.0,6EQE,34:V,133:E
R;S,V;T,"34,124",0.0,6EQE,34:V,124:T
R;Q,V;K,"34,127",0.0,6EQE,34:V,127:K
R;Q,V;W,"34,133",0.0,6EQE,34:V,133:W
R;D,V;L,"34,220",0.0,6EQE,34:V,220:L
R;T,V;D,"34,88",0.0,6EQE,34:V,88:D
R;R,V;N,"34,132",0.0,6EQE,34:V,132:N
R;Q,V;D,"34,127",0.0,6EQE,34:V,127:D
R;A,V;Y,"34,215",0.0,6EQE,34:V,215:Y
R;L,V;K,"34,249",0.0,6EQE,34:V,249:K
R;R,V;Y,"34,123",0.0,6EQE,34:V,123:Y
R;F,V;W,"34,271",0.0,6EQE,34:V,271:W
R;S,V;D,"34,58",0.0,6EQE,34:V,58:D
R;N,V;I,"34,37",0.0,6EQE,34:V,37:I
R;C,V;D,"34,289",0.0,6EQE,34:V,289:D
R;A,V;P,"34,152",0.0,6EQE,34:V,152:P
R;D,V;V,"34,186",0.0,6EQE,34:V,186:V
R;G,V;P,"34,243",0.0,6EQE,34:V,243:P
R;S,V;E,"34,115",0.0,6EQE,34:V,115:E
R;L,V;Q,"34,216",0.0,6EQE,34:V,216:Q
R;N,V;P,"34,277",0.0,6EQE,34:V,277:P
R;R,V;Q,"34,132",0.0,6EQE,34:V,132:Q
R;N,V;Y,"34,244",0.0,6EQE,34:V,244:Y
R;H,V;T,"34,104",0.0,6EQE,34:V,104:T
R;S,V;V,"34,58",0.0,6EQE,34:V,58:V
R;H,V;L,"34,104",0.0,6EQE,34:V,104:L
R;P,V;Q,"34,38",0.0,6EQE,34:V,38:Q
R;R,V;L,"34,53",0.0,6EQE,34:V,53:L
R;A,V;T,"34,180",0.0,6EQE,34:V,180:T
R;P,V;D,"34,197",0.0,6EQE,34:V,197:D
R;T,V;V,"34,198",0.0,6EQE,34:V,198:V
R;A,V;M,"34,135",0.0,6EQE,34:V,135:M
R;I,V;L,"34,111",0.0,6EQE,34:V,111:L
R;G,V;S,"34,243",0.0,6EQE,34:V,243:S
R;Q,V;L,"34,127",0.0,6EQE,34:V,127:L
R;Q,V;H,"34,127",0.0,6EQE,34:V,127:H
R;W,V;I,"34,159",0.0,6EQE,34:V,159:I
R;Q,V;P,"34,127",0.0,6EQE,34:V,127:P
R;S,V;N,"34,103",0.0,6EQE,34:V,103:N
R;A,V;Y,"34,179",0.0,6EQE,34:V,179:Y
R;W,V;K,"34,257",0.0,6EQE,34:V,257:K
R;L,V;M,"34,216",0.0,6EQE,34:V,216:M
R;Q,V;E,"34,127",0.0,6EQE,34:V,127:E
R;G,V;A,"34,243",0.0,6EQE,34:V,243:A
R;A,V;N,"34,226",0.0,6EQE,34:V,226:N
R;L,V;I,"34,216",0.0,6EQE,34:V,216:I
R;C,V;L,"34,289",0.0,6EQE,34:V,289:L
R;S,V;E,"34,207",0.0,6EQE,34:V,207:E
R;M,V;L,"34,154",0.0,6EQE,34:V,154:L
R;M,V;P,"34,222",0.0,6EQE,34:V,222:P
R;G,V;T,"34,251",0.0,6EQE,34:V,251:T
R;P,V;L,"34,38",0.0,6EQE,34:V,38:L
R;L,V;W,"34,216",0.0,6EQE,34:V,216:W
R;T,V;L,"34,72",0.0,6EQE,34:V,72:L
R;S,V;P,"34,245",0.0,6EQE,34:V,245:P
R;I,V;W,"34,111",0.0,6EQE,34:V,111:W
R;L,V;D,"34,249",0.0,6EQE,34:V,249:D
R;E,V;K,"34,231",0.0,6EQE,34:V,231:K
R;D,V;K,"34,263",0.0,6EQE,34:V,263:K
R;T,V;M,"34,51",0.0,6EQE,34:V,51:M
R;L,V;E,"34,216",0.0,6EQE,34:V,216:E
R;S,V;T,"34,121",0.0,6EQE,34:V,121:T
R;I,V;H,"34,145",0.0,6EQE,34:V,145:H
R;I,V;L,"34,145",0.0,6EQE,34:V,145:L
R;H,V;M,"34,104",0.0,6EQE,34:V,104:M
R;R,V;P,"34,280",0.0,6EQE,34:V,280:P
R;L,V;F,"34,216",0.0,6EQE,34:V,216:F
R;S,V;D,"34,103",0.0,6EQE,34:V,103:D
R;I,V;V,"34,200",0.0,6EQE,34:V,200:V
R;T,V;K,"34,88",0.0,6EQE,34:V,88:K
R;N,V;K,"34,138",0.0,6EQE,34:V,138:K
R;A,V;L,"34,65",0.0,6EQE,34:V,65:L
R;Q,V;T,"34,91",0.0,6EQE,34:V,91:T
R;G,V;D,"34,163",0.0,6EQE,34:V,163:D
R;A,V;M,"34,65",0.0,6EQE,34:V,65:M
R;K,V;L,"34,252",0.0,6EQE,34:V,252:L
R;V,V;D,"34,57",0.0,6EQE,34:V,57:D
R;Q,V;V,"34,127",0.0,6EQE,34:V,127:V
R;V,V;C,"34,281",0.0,6EQE,34:V,281:C
R;T,V;V,"34,72",0.0,6EQE,34:V,72:V
R;Q,V;N,"34,133",0.0,6EQE,34:V,133:N
R;R,V;K,"34,53",0.0,6EQE,34:V,53:K
R;S,V;P,"34,125",0.0,6EQE,34:V,125:P
R;T,V;Q,"34,88",0.0,6EQE,34:V,88:Q
R;N,V;L,"34,138",0.0,6EQE,34:V,138:L
R;H,V;R,"34,104",0.0,6EQE,34:V,104:R
R;W,V;P,"34,159",0.0,6EQE,34:V,159:P
R;S,V;Y,"34,242",0.0,6EQE,34:V,242:Y
R;A,V;F,"34,65",0.0,6EQE,34:V,65:F
R;G,V;H,"34,251",0.0,6EQE,34:V,251:H
R;L,V;P,"34,216",0.0,6EQE,34:V,216:P
R;S,V;W,"34,58",0.0,6EQE,34:V,58:W
R;A,V;E,"34,152",0.0,6EQE,34:V,152:E
R;T,V;N,"34,88",0.0,6EQE,34:V,88:N
R;T,V;N,"34,198",0.0,6EQE,34:V,198:N
R;S,V;K,"34,58",0.0,6EQE,34:V,58:K
R;L,V;C,"34,249",0.0,6EQE,34:V,249:C
R;N,V;T,"34,190",0.0,6EQE,34:V,190:T
R;S,V;V,"34,223",0.0,6EQE,34:V,223:V
R;A,V;W,"34,65",0.0,6EQE,34:V,65:W
R;K,V;Y,"34,253",0.0,6EQE,34:V,253:Y
R;R,V;S,"34,90",0.0,6EQE,34:V,90:S
R;T,V;M,"34,29",0.0,6EQE,34:V,29:M
R;M,V;L,"34,262",0.0,6EQE,34:V,262:L
R;A,V;L,"34,272",0.0,6EQE,34:V,272:L
R;R,V;N,"34,90",0.0,6EQE,34:V,90:N
R;R,V;T,"34,90",0.0,6EQE,34:V,90:T
R;G,V;T,"34,254",0.0,6EQE,34:V,254:T
R;R,V;P,"34,90",0.0,6EQE,34:V,90:P
R;N,V;Y,"34,37",0.0,6EQE,34:V,37:Y
R;Q,V;I,"34,182",0.0,6EQE,34:V,182:I
R;R,V;A,"34,90",0.0,6EQE,34:V,90:A
R;K,V;F,"34,253",0.0,6EQE,34:V,253:F
R;Y,V;S,"34,63",0.0,6EQE,34:V,63:S
R;Q,V;M,"34,127",0.0,6EQE,34:V,127:M
R;Q,V;L,"34,182",0.0,6EQE,34:V,182:L
R;K,V;A,"34,253",0.0,6EQE,34:V,253:A
R;K,V;V,"34,253",0.0,6EQE,34:V,253:V
R;Q,V;F,"34,182",0.0,6EQE,34:V,182:F
R;R,V;D,"34,90",0.0,6EQE,34:V,90:D
R;Q,V;A,"34,127",0.0,6EQE,34:V,127:A
R;Y,V;T,"34,63",0.0,6EQE,34:V,63:T
R;Q,V;V,"34,182",0.0,6EQE,34:V,182:V
R;K,V;L,"34,253",0.0,6EQE,34:V,253:L
R;C,V;S,"34,289",0.0,6EQE,34:V,289:S
R;Y,V;G,"34,63",0.0,6EQE,34:V,63:G
R;M,V;V,"34,154",0.0,6EQE,34:V,154:V
R;Q,V;T,"34,127",0.0,6EQE,34:V,127:T
R;A,V;D,"34,226",0.0,6EQE,34:V,226:D
R;C,V;A,"34,289",0.0,6EQE,34:V,289:A
R;R,V;Q,"34,224",0.0,6EQE,34:V,224:Q
R;N,V;K,"34,233",0.0,6EQE,34:V,233:K
R;S,V;E,"34,136",0.0,6EQE,34:V,136:E
R;D,V;N,"34,186",0.0,6EQE,34:V,186:N
R;R,V;A,"34,280",0.0,6EQE,34:V,280:A
R;S,V;F,"34,238",0.0,6EQE,34:V,238:F
R;S,V;Q,"34,188",0.0,6EQE,34:V,188:Q
R;S,V;H,"34,214",0.0,6EQE,34:V,214:H
R;L,V;F,"34,117",0.0,6EQE,34:V,117:F
R;Q,V;Y,"34,119",0.0,6EQE,34:V,119:Y
R;G,V;A,"34,165",0.0,6EQE,34:V,165:A
R;S,V;E,"34,121",0.0,6EQE,34:V,121:E
R;I,V;R,"34,168",0.0,6EQE,34:V,168:R
R;N,V;H,"34,205",0.0,6EQE,34:V,205:H
R;S,V;Y,"34,269",0.0,6EQE,34:V,269:Y
R;S,V;T,"34,214",0.0,6EQE,34:V,214:T
R;I,V;R,"34,218",0.0,6EQE,34:V,218:R
R;P,V;K,"34,120",0.0,6EQE,34:V,120:K
R;M,V;H,"34,161",0.0,6EQE,34:V,161:H
R;I,V;H,"34,168",0.0,6EQE,34:V,168:H
R;N,V;K,"34,114",0.0,6EQE,34:V,114:K
R;P,V;V,"34,184",0.0,6EQE,34:V,184:V
R;W,V;P,"34,185",0.0,6EQE,34:V,185:P
R;S,V;H,"34,187",0.0,6EQE,34:V,187:H
R;S,V;P,"34,188",0.0,6EQE,34:V,188:P
R;T,V;Y,"34,189",0.0,6EQE,34:V,189:Y
R;F,V;M,"34,191",0.0,6EQE,34:V,191:M
G;D,K;Q,"243,220",0.0,6EQE,243:K,220:Q
G;S,K;K,"243,124",0.0,6EQE,243:K,124:K
G;F,K;E,"243,271",0.0,6EQE,243:K,271:E
G;G,K;Q,"243,164",0.0,6EQE,243:K,164:Q
G;A,K;D,"243,130",0.0,6EQE,243:K,130:D
G;W,K;C,"243,257",0.0,6EQE,243:K,257:C
G;Q,K;N,"243,127",0.0,6EQE,243:K,127:N
G;Q,K;R,"243,127",0.0,6EQE,243:K,127:R
G;S,K;M,"243,238",0.0,6EQE,243:K,238:M
G;F,K;M,"243,271",0.0,6EQE,243:K,271:M
G;S,K;A,"243,124",0.0,6EQE,243:K,124:A
G;Q,K;I,"243,127",0.0,6EQE,243:K,127:I
G;A,K;V,"243,65",0.0,6EQE,243:K,65:V
G;Q,K;E,"243,133",0.0,6EQE,243:K,133:E
G;S,K;T,"243,124",0.0,6EQE,243:K,124:T
G;Q,K;K,"243,127",0.0,6EQE,243:K,127:K
G;Q,K;W,"243,133",0.0,6EQE,243:K,133:W
G;D,K;L,"243,220",0.0,6EQE,243:K,220:L
G;T,K;D,"243,88",0.0,6EQE,243:K,88:D
G;R,K;N,"243,132",0.0,6EQE,243:K,132:N
G;Q,K;D,"243,127",0.0,6EQE,243:K,127:D
G;A,K;Y,"243,215",0.0,6EQE,243:K,215:Y
G;L,K;K,"243,249",0.0,6EQE,243:K,249:K
G;R,K;Y,"243,123",0.0,6EQE,243:K,123:Y
G;F,K;W,"243,271",0.0,6EQE,243:K,271:W
G;S,K;D,"243,58",0.0,6EQE,243:K,58:D
G;N,K;I,"243,37",0.0,6EQE,243:K,37:I
G;C,K;D,"243,289",0.0,6EQE,243:K,289:D
G;A,K;P,"243,152",0.0,6EQE,243:K,152:P
G;D,K;V,"243,186",0.0,6EQE,243:K,186:V
G;S,K;E,"243,115",0.0,6EQE,243:K,115:E
G;L,K;Q,"243,216",0.0,6EQE,243:K,216:Q
G;N,K;P,"243,277",0.0,6EQE,243:K,277:P
G;R,K;Q,"243,132",0.0,6EQE,243:K,132:Q
G;N,K;Y,"243,244",0.0,6EQE,243:K,244:Y
G;H,K;T,"243,104",0.0,6EQE,243:K,104:T
G;S,K;V,"243,58",0.0,6EQE,243:K,58:V
G;H,K;L,"243,104",0.0,6EQE,243:K,104:L
G;P,K;Q,"243,38",0.0,6EQE,243:K,38:Q
G;R,K;L,"243,53",0.0,6EQE,243:K,53:L
G;A,K;T,"243,180",0.0,6EQE,243:K,180:T
G;P,K;D,"243,197",0.0,6EQE,243:K,197:D
G;T,K;V,"243,198",0.0,6EQE,243:K,198:V
G;A,K;M,"243,135",0.0,6EQE,243:K,135:M
G;I,K;L,"243,111",0.0,6EQE,243:K,111:L
G;Q,K;L,"243,127",0.0,6EQE,243:K,127:L
G;Q,K;H,"243,127",0.0,6EQE,243:K,127:H
G;W,K;I,"243,159",0.0,6EQE,243:K,159:I
G;Q,K;P,"243,127",0.0,6EQE,243:K,127:P
G;S,K;N,"243,103",0.0,6EQE,243:K,103:N
G;A,K;Y,"243,179",0.0,6EQE,243:K,179:Y
G;W,K;K,"243,257",0.0,6EQE,243:K,257:K
G;L,K;M,"243,216",0.0,6EQE,243:K,216:M
G;Q,K;E,"243,127",0.0,6EQE,243:K,127:E
G;A,K;N,"243,226",0.0,6EQE,243:K,226:N
G;L,K;I,"243,216",0.0,6EQE,243:K,216:I
G;C,K;L,"243,289",0.0,6EQE,243:K,289:L
G;S,K;E,"243,207",0.0,6EQE,243:K,207:E
G;M,K;L,"243,154",0.0,6EQE,243:K,154:L
G;M,K;P,"243,222",0.0,6EQE,243:K,222:P
G;G,K;T,"243,251",0.0,6EQE,243:K,251:T
G;P,K;L,"243,38",0.0,6EQE,243:K,38:L
G;L,K;W,"243,216",0.0,6EQE,243:K,216:W
G;T,K;L,"243,72",0.0,6EQE,243:K,72:L
G;S,K;P,"243,245",0.0,6EQE,243:K,245:P
G;I,K;W,"243,111",0.0,6EQE,243:K,111:W
G;L,K;D,"243,249",0.0,6EQE,243:K,249:D
G;E,K;K,"243,231",0.0,6EQE,243:K,231:K
G;D,K;K,"243,263",0.0,6EQE,243:K,263:K
G;T,K;M,"243,51",0.0,6EQE,243:K,51:M
G;L,K;E,"243,216",0.0,6EQE,243:K,216:E
G;S,K;T,"243,121",0.0,6EQE,243:K,121:T
G;I,K;H,"243,145",0.0,6EQE,243:K,145:H
G;I,K;L,"243,145",0.0,6EQE,243:K,145:L
G;H,K;M,"243,104",0.0,6EQE,243:K,104:M
G;R,K;P,"243,280",0.0,6EQE,243:K,280:P
G;L,K;F,"243,216",0.0,6EQE,243:K,216:F
G;S,K;D,"243,103",0.0,6EQE,243:K,103:D
G;I,K;V,"243,200",0.0,6EQE,243:K,200:V
G;T,K;K,"243,88",0.0,6EQE,243:K,88:K
G;N,K;K,"243,138",0.0,6EQE,243:K,138:K
G;A,K;L,"243,65",0.0,6EQE,243:K,65:L
G;Q,K;T,"243,91",0.0,6EQE,243:K,91:T
G;G,K;D,"243,163",0.0,6EQE,243:K,163:D
G;A,K;M,"243,65",0.0,6EQE,243:K,65:M
G;K,K;L,"243,252",0.0,6EQE,243:K,252:L
G;V,K;D,"243,57",0.0,6EQE,243:K,57:D
G;Q,K;V,"243,127",0.0,6EQE,243:K,127:V
G;V,K;C,"243,281",0.0,6EQE,243:K,281:C
G;T,K;V,"243,72",0.0,6EQE,243:K,72:V
G;Q,K;N,"243,133",0.0,6EQE,243:K,133:N
G;R,K;K,"243,53",0.0,6EQE,243:K,53:K
G;S,K;P,"243,125",0.0,6EQE,243:K,125:P
G;T,K;Q,"243,88",0.0,6EQE,243:K,88:Q
G;N,K;L,"243,138",0.0,6EQE,243:K,138:L
G;H,K;R,"243,104",0.0,6EQE,243:K,104:R
G;W,K;P,"243,159",0.0,6EQE,243:K,159:P
G;S,K;Y,"243,242",0.0,6EQE,243:K,242:Y
G;A,K;F,"243,65",0.0,6EQE,243:K,65:F
G;G,K;H,"243,251",0.0,6EQE,243:K,251:H
G;L,K;P,"243,216",0.0,6EQE,243:K,216:P
G;S,K;W,"243,58",0.0,6EQE,243:K,58:W
G;A,K;E,"243,152",0.0,6EQE,243:K,152:E
G;T,K;N,"243,88",0.0,6EQE,243:K,88:N
G;T,K;N,"243,198",0.0,6EQE,243:K,198:N
G;S,K;K,"243,58",0.0,6EQE,243:K,58:K
G;L,K;C,"243,249",0.0,6EQE,243:K,249:C
G;N,K;T,"243,190",0.0,6EQE,243:K,190:T
G;S,K;V,"243,223",0.0,6EQE,243:K,223:V
G;A,K;W,"243,65",0.0,6EQE,243:K,65:W
G;K,K;Y,"243,253",0.0,6EQE,243:K,253:Y
G;R,K;S,"243,90",0.0,6EQE,243:K,90:S
G;T,K;M,"243,29",0.0,6EQE,243:K,29:M
G;M,K;L,"243,262",0.0,6EQE,243:K,262:L
G;A,K;L,"243,272",0.0,6EQE,243:K,272:L
G;R,K;N,"243,90",0.0,6EQE,243:K,90:N
G;R,K;T,"243,90",0.0,6EQE,243:K,90:T
G;G,K;T,"243,254",0.0,6EQE,243:K,254:T
G;R,K;P,"243,90",0.0,6EQE,243:K,90:P
G;N,K;Y,"243,37",0.0,6EQE,243:K,37:Y
G;Q,K;I,"243,182",0.0,6EQE,243:K,182:I
G;R,K;A,"243,90",0.0,6EQE,243:K,90:A
G;K,K;F,"243,253",0.0,6EQE,243:K,253:F
G;Y,K;S,"243,63",0.0,6EQE,243:K,63:S
G;Q,K;M,"243,127",0.0,6EQE,243:K,127:M
G;Q,K;L,"243,182",0.0,6EQE,243:K,182:L
G;K,K;A,"243,253",0.0,6EQE,243:K,253:A
G;K,K;V,"243,253",0.0,6EQE,243:K,253:V
G;Q,K;F,"243,182",0.0,6EQE,243:K,182:F
G;R,K;D,"243,90",0.0,6EQE,243:K,90:D
G;Q,K;A,"243,127",0.0,6EQE,243:K,127:A
G;Y,K;T,"243,63",0.0,6EQE,243:K,63:T
G;Q,K;V,"243,182",0.0,6EQE,243:K,182:V
G;K,K;L,"243,253",0.0,6EQE,243:K,253:L
G;C,K;S,"243,289",0.0,6EQE,243:K,289:S
G;Y,K;G,"243,63",0.0,6EQE,243:K,63:G
G;M,K;V,"243,154",0.0,6EQE,243:K,154:V
G;Q,K;T,"243,127",0.0,6EQE,243:K,127:T
G;A,K;D,"243,226",0.0,6EQE,243:K,226:D
G;C,K;A,"243,289",0.0,6EQE,243:K,289:A
G;R,K;Q,"243,224",0.0,6EQE,243:K,224:Q
G;N,K;K,"243,233",0.0,6EQE,243:K,233:K
G;S,K;E,"243,136",0.0,6EQE,243:K,136:E
G;D,K;N,"243,186",0.0,6EQE,243:K,186:N
G;R,K;A,"243,280",0.0,6EQE,243:K,280:A
G;S,K;F,"243,238",0.0,6EQE,243:K,238:F
G;S,K;Q,"243,188",0.0,6EQE,243:K,188:Q
G;S,K;H,"243,214",0.0,6EQE,243:K,214:H
G;L,K;F,"243,117",0.0,6EQE,243:K,117:F
G;Q,K;Y,"243,119",0.0,6EQE,243:K,119:Y
G;G,K;A,"243,165",0.0,6EQE,243:K,165:A
G;S,K;E,"243,121",0.0,6EQE,243:K,121:E
G;I,K;R,"243,168",0.0,6EQE,243:K,168:R
G;N,K;H,"243,205",0.0,6EQE,243:K,205:H
G;S,K;Y,"243,269",0.0,6EQE,243:K,269:Y
G;S,K;T,"243,214",0.0,6EQE,243:K,214:T
G;I,K;R,"243,218",0.0,6EQE,243:K,218:R
G;P,K;K,"243,120",0.0,6EQE,243:K,120:K
G;M,K;H,"243,161",0.0,6EQE,243:K,161:H
G;I,K;H,"243,168",0.0,6EQE,243:K,168:H
G;N,K;K,"243,114",0.0,6EQE,243:K,114:K
G;P,K;V,"243,184",0.0,6EQE,243:K,184:V
G;W,K;P,"243,185",0.0,6EQE,243:K,185:P
G;S,K;H,"243,187",0.0,6EQE,243:K,187:H
G;S,K;P,"243,188",0.0,6EQE,243:K,188:P
G;T,K;Y,"243,189",0.0,6EQE,243:K,189:Y
G;F,K;M,"243,191",0.0,6EQE,243:K,191:M
D;S,Q;K,"220,124",0.0,6EQE,220:Q,124:K
D;F,Q;E,"220,271",0.0,6EQE,220:Q,271:E
D;G,Q;Q,"220,164",0.0,6EQE,220:Q,164:Q
D;A,Q;D,"220,130",0.0,6EQE,220:Q,130:D
D;W,Q;C,"220,257",0.0,6EQE,220:Q,257:C
D;Q,Q;N,"220,127",0.0,6EQE,220:Q,127:N
D;Q,Q;R,"220,127",0.0,6EQE,220:Q,127:R
D;S,Q;M,"220,238",0.0,6EQE,220:Q,238:M
D;F,Q;M,"220,271",0.0,6EQE,220:Q,271:M
D;S,Q;A,"220,124",0.0,6EQE,220:Q,124:A
D;G,Q;I,"220,243",0.0,6EQE,220:Q,243:I
D;Q,Q;I,"220,127",0.0,6EQE,220:Q,127:I
D;A,Q;V,"220,65",0.0,6EQE,220:Q,65:V
D;Q,Q;E,"220,133",0.0,6EQE,220:Q,133:E
D;S,Q;T,"220,124",0.0,6EQE,220:Q,124:T
D;Q,Q;K,"220,127",0.0,6EQE,220:Q,127:K
D;Q,Q;W,"220,133",0.0,6EQE,220:Q,133:W
D;T,Q;D,"220,88",0.0,6EQE,220:Q,88:D
D;R,Q;N,"220,132",0.0,6EQE,220:Q,132:N
D;Q,Q;D,"220,127",0.0,6EQE,220:Q,127:D
D;A,Q;Y,"220,215",0.0,6EQE,220:Q,215:Y
D;L,Q;K,"220,249",0.0,6EQE,220:Q,249:K
D;R,Q;Y,"220,123",0.0,6EQE,220:Q,123:Y
D;F,Q;W,"220,271",0.0,6EQE,220:Q,271:W
D;S,Q;D,"220,58",0.0,6EQE,220:Q,58:D
D;N,Q;I,"220,37",0.0,6EQE,220:Q,37:I
D;C,Q;D,"220,289",0.0,6EQE,220:Q,289:D
D;A,Q;P,"220,152",0.0,6EQE,220:Q,152:P
D;D,Q;V,"220,186",0.0,6EQE,220:Q,186:V
D;G,Q;P,"220,243",0.0,6EQE,220:Q,243:P
D;S,Q;E,"220,115",0.0,6EQE,220:Q,115:E
D;L,Q;Q,"220,216",0.0,6EQE,220:Q,216:Q
D;N,Q;P,"220,277",0.0,6EQE,220:Q,277:P
D;R,Q;Q,"220,132",0.0,6EQE,220:Q,132:Q
D;N,Q;Y,"220,244",0.0,6EQE,220:Q,244:Y
D;H,Q;T,"220,104",0.0,6EQE,220:Q,104:T
D;S,Q;V,"220,58",0.0,6EQE,220:Q,58:V
D;H,Q;L,"220,104",0.0,6EQE,220:Q,104:L
D;P,Q;Q,"220,38",0.0,6EQE,220:Q,38:Q
D;R,Q;L,"220,53",0.0,6EQE,220:Q,53:L
D;A,Q;T,"220,180",0.0,6EQE,220:Q,180:T
D;P,Q;D,"220,197",0.0,6EQE,220:Q,197:D
D;T,Q;V,"220,198",0.0,6EQE,220:Q,198:V
D;A,Q;M,"220,135",0.0,6EQE,220:Q,135:M
D;I,Q;L,"220,111",0.0,6EQE,220:Q,111:L
D;G,Q;S,"220,243",0.0,6EQE,220:Q,243:S
D;Q,Q;L,"220,127",0.0,6EQE,220:Q,127:L
D;Q,Q;H,"220,127",0.0,6EQE,220:Q,127:H
D;W,Q;I,"220,159",0.0,6EQE,220:Q,159:I
D;Q,Q;P,"220,127",0.0,6EQE,220:Q,127:P
D;S,Q;N,"220,103",0.0,6EQE,220:Q,103:N
D;A,Q;Y,"220,179",0.0,6EQE,220:Q,179:Y
D;W,Q;K,"220,257",0.0,6EQE,220:Q,257:K
D;L,Q;M,"220,216",0.0,6EQE,220:Q,216:M
D;Q,Q;E,"220,127",0.0,6EQE,220:Q,127:E
D;G,Q;A,"220,243",0.0,6EQE,220:Q,243:A
D;A,Q;N,"220,226",0.0,6EQE,220:Q,226:N
D;L,Q;I,"220,216",0.0,6EQE,220:Q,216:I
D;C,Q;L,"220,289",0.0,6EQE,220:Q,289:L
D;S,Q;E,"220,207",0.0,6EQE,220:Q,207:E
D;M,Q;L,"220,154",0.0,6EQE,220:Q,154:L
D;M,Q;P,"220,222",0.0,6EQE,220:Q,222:P
D;G,Q;T,"220,251",0.0,6EQE,220:Q,251:T
D;P,Q;L,"220,38",0.0,6EQE,220:Q,38:L
D;L,Q;W,"220,216",0.0,6EQE,220:Q,216:W
D;T,Q;L,"220,72",0.0,6EQE,220:Q,72:L
D;S,Q;P,"220,245",0.0,6EQE,220:Q,245:P
D;I,Q;W,"220,111",0.0,6EQE,220:Q,111:W
D;L,Q;D,"220,249",0.0,6EQE,220:Q,249:D
D;E,Q;K,"220,231",0.0,6EQE,220:Q,231:K
D;D,Q;K,"220,263",0.0,6EQE,220:Q,263:K
D;T,Q;M,"220,51",0.0,6EQE,220:Q,51:M
D;L,Q;E,"220,216",0.0,6EQE,220:Q,216:E
D;S,Q;T,"220,121",0.0,6EQE,220:Q,121:T
D;I,Q;H,"220,145",0.0,6EQE,220:Q,145:H
D;I,Q;L,"220,145",0.0,6EQE,220:Q,145:L
D;H,Q;M,"220,104",0.0,6EQE,220:Q,104:M
D;R,Q;P,"220,280",0.0,6EQE,220:Q,280:P
D;L,Q;F,"220,216",0.0,6EQE,220:Q,216:F
D;S,Q;D,"220,103",0.0,6EQE,220:Q,103:D
D;I,Q;V,"220,200",0.0,6EQE,220:Q,200:V
D;T,Q;K,"220,88",0.0,6EQE,220:Q,88:K
D;N,Q;K,"220,138",0.0,6EQE,220:Q,138:K
D;A,Q;L,"220,65",0.0,6EQE,220:Q,65:L
D;Q,Q;T,"220,91",0.0,6EQE,220:Q,91:T
D;G,Q;D,"220,163",0.0,6EQE,220:Q,163:D
D;A,Q;M,"220,65",0.0,6EQE,220:Q,65:M
D;K,Q;L,"220,252",0.0,6EQE,220:Q,252:L
D;V,Q;D,"220,57",0.0,6EQE,220:Q,57:D
D;Q,Q;V,"220,127",0.0,6EQE,220:Q,127:V
D;V,Q;C,"220,281",0.0,6EQE,220:Q,281:C
D;T,Q;V,"220,72",0.0,6EQE,220:Q,72:V
D;Q,Q;N,"220,133",0.0,6EQE,220:Q,133:N
D;R,Q;K,"220,53",0.0,6EQE,220:Q,53:K
D;S,Q;P,"220,125",0.0,6EQE,220:Q,125:P
D;T,Q;Q,"220,88",0.0,6EQE,220:Q,88:Q
D;N,Q;L,"220,138",0.0,6EQE,220:Q,138:L
D;H,Q;R,"220,104",0.0,6EQE,220:Q,104:R
D;W,Q;P,"220,159",0.0,6EQE,220:Q,159:P
D;S,Q;Y,"220,242",0.0,6EQE,220:Q,242:Y
D;A,Q;F,"220,65",0.0,6EQE,220:Q,65:F
D;G,Q;H,"220,251",0.0,6EQE,220:Q,251:H
D;L,Q;P,"220,216",0.0,6EQE,220:Q,216:P
D;S,Q;W,"220,58",0.0,6EQE,220:Q,58:W
D;A,Q;E,"220,152",0.0,6EQE,220:Q,152:E
D;T,Q;N,"220,88",0.0,6EQE,220:Q,88:N
D;T,Q;N,"220,198",0.0,6EQE,220:Q,198:N
D;S,Q;K,"220,58",0.0,6EQE,220:Q,58:K
D;L,Q;C,"220,249",0.0,6EQE,220:Q,249:C
D;N,Q;T,"220,190",0.0,6EQE,220:Q,190:T
D;S,Q;V,"220,223",0.0,6EQE,220:Q,223:V
D;A,Q;W,"220,65",0.0,6EQE,220:Q,65:W
D;K,Q;Y,"220,253",0.0,6EQE,220:Q,253:Y
D;R,Q;S,"220,90",0.0,6EQE,220:Q,90:S
D;T,Q;M,"220,29",0.0,6EQE,220:Q,29:M
D;M,Q;L,"220,262",0.0,6EQE,220:Q,262:L
D;A,Q;L,"220,272",0.0,6EQE,220:Q,272:L
D;R,Q;N,"220,90",0.0,6EQE,220:Q,90:N
D;R,Q;T,"220,90",0.0,6EQE,220:Q,90:T
D;G,Q;T,"220,254",0.0,6EQE,220:Q,254:T
D;R,Q;P,"220,90",0.0,6EQE,220:Q,90:P
D;N,Q;Y,"220,37",0.0,6EQE,220:Q,37:Y
D;Q,Q;I,"220,182",0.0,6EQE,220:Q,182:I
D;R,Q;A,"220,90",0.0,6EQE,220:Q,90:A
D;K,Q;F,"220,253",0.0,6EQE,220:Q,253:F
D;Y,Q;S,"220,63",0.0,6EQE,220:Q,63:S
D;Q,Q;M,"220,127",0.0,6EQE,220:Q,127:M
D;Q,Q;L,"220,182",0.0,6EQE,220:Q,182:L
D;K,Q;A,"220,253",0.0,6EQE,220:Q,253:A
D;K,Q;V,"220,253",0.0,6EQE,220:Q,253:V
D;Q,Q;F,"220,182",0.0,6EQE,220:Q,182:F
D;R,Q;D,"220,90",0.0,6EQE,220:Q,90:D
D;Q,Q;A,"220,127",0.0,6EQE,220:Q,127:A
D;Y,Q;T,"220,63",0.0,6EQE,220:Q,63:T
D;Q,Q;V,"220,182",0.0,6EQE,220:Q,182:V
D;K,Q;L,"220,253",0.0,6EQE,220:Q,253:L
D;C,Q;S,"220,289",0.0,6EQE,220:Q,289:S
D;Y,Q;G,"220,63",0.0,6EQE,220:Q,63:G
D;M,Q;V,"220,154",0.0,6EQE,220:Q,154:V
D;Q,Q;T,"220,127",0.0,6EQE,220:Q,127:T
D;A,Q;D,"220,226",0.0,6EQE,220:Q,226:D
D;C,Q;A,"220,289",0.0,6EQE,220:Q,289:A
D;R,Q;Q,"220,224",0.0,6EQE,220:Q,224:Q
D;N,Q;K,"220,233",0.0,6EQE,220:Q,233:K
D;S,Q;E,"220,136",0.0,6EQE,220:Q,136:E
D;D,Q;N,"220,186",0.0,6EQE,220:Q,186:N
D;R,Q;A,"220,280",0.0,6EQE,220:Q,280:A
D;S,Q;F,"220,238",0.0,6EQE,220:Q,238:F
D;S,Q;Q,"220,188",0.0,6EQE,220:Q,188:Q
D;S,Q;H,"220,214",0.0,6EQE,220:Q,214:H
D;L,Q;F,"220,117",0.0,6EQE,220:Q,117:F
D;Q,Q;Y,"220,119",0.0,6EQE,220:Q,119:Y
D;G,Q;A,"220,165",0.0,6EQE,220:Q,165:A
D;S,Q;E,"220,121",0.0,6EQE,220:Q,121:E
D;I,Q;R,"220,168",0.0,6EQE,220:Q,168:R
D;N,Q;H,"220,205",0.0,6EQE,220:Q,205:H
D;S,Q;Y,"220,269",0.0,6EQE,220:Q,269:Y
D;S,Q;T,"220,214",0.0,6EQE,220:Q,214:T
D;I,Q;R,"220,218",0.0,6EQE,220:Q,218:R
D;P,Q;K,"220,120",0.0,6EQE,220:Q,120:K
D;M,Q;H,"220,161",0.0,6EQE,220:Q,161:H
D;I,Q;H,"220,168",0.0,6EQE,220:Q,168:H
D;N,Q;K,"220,114",0.0,6EQE,220:Q,114:K
D;P,Q;V,"220,184",0.0,6EQE,220:Q,184:V
D;W,Q;P,"220,185",0.0,6EQE,220:Q,185:P
D;S,Q;H,"220,187",0.0,6EQE,220:Q,187:H
D;S,Q;P,"220,188",0.0,6EQE,220:Q,188:P
D;T,Q;Y,"220,189",0.0,6EQE,220:Q,189:Y
D;F,Q;M,"220,191",0.0,6EQE,220:Q,191:M
S;F,K;E,"124,271",0.0,6EQE,124:K,271:E
S;G,K;Q,"124,164",0.0,6EQE,124:K,164:Q
S;A,K;D,"124,130",0.0,6EQE,124:K,130:D
S;W,K;C,"124,257",0.0,6EQE,124:K,257:C
S;Q,K;N,"124,127",0.0,6EQE,124:K,127:N
S;Q,K;R,"124,127",0.0,6EQE,124:K,127:R
S;S,K;M,"124,238",0.0,6EQE,124:K,238:M
S;F,K;M,"124,271",0.0,6EQE,124:K,271:M
S;G,K;I,"124,243",0.0,6EQE,124:K,243:I
S;Q,K;I,"124,127",0.0,6EQE,124:K,127:I
S;A,K;V,"124,65",0.0,6EQE,124:K,65:V
S;Q,K;E,"124,133",0.0,6EQE,124:K,133:E
S;Q,K;K,"124,127",0.0,6EQE,124:K,127:K
S;Q,K;W,"124,133",0.0,6EQE,124:K,133:W
S;D,K;L,"124,220",0.0,6EQE,124:K,220:L
S;T,K;D,"124,88",0.0,6EQE,124:K,88:D
S;R,K;N,"124,132",0.0,6EQE,124:K,132:N
S;Q,K;D,"124,127",0.0,6EQE,124:K,127:D
S;A,K;Y,"124,215",0.0,6EQE,124:K,215:Y
S;L,K;K,"124,249",0.0,6EQE,124:K,249:K
S;R,K;Y,"124,123",0.0,6EQE,124:K,123:Y
S;F,K;W,"124,271",0.0,6EQE,124:K,271:W
S;S,K;D,"124,58",0.0,6EQE,124:K,58:D
S;N,K;I,"124,37",0.0,6EQE,124:K,37:I
S;C,K;D,"124,289",0.0,6EQE,124:K,289:D
S;A,K;P,"124,152",0.0,6EQE,124:K,152:P
S;D,K;V,"124,186",0.0,6EQE,124:K,186:V
S;G,K;P,"124,243",0.0,6EQE,124:K,243:P
S;S,K;E,"124,115",0.0,6EQE,124:K,115:E
S;L,K;Q,"124,216",0.0,6EQE,124:K,216:Q
S;N,K;P,"124,277",0.0,6EQE,124:K,277:P
S;R,K;Q,"124,132",0.0,6EQE,124:K,132:Q
S;N,K;Y,"124,244",0.0,6EQE,124:K,244:Y
S;H,K;T,"124,104",0.0,6EQE,124:K,104:T
S;S,K;V,"124,58",0.0,6EQE,124:K,58:V
S;H,K;L,"124,104",0.0,6EQE,124:K,104:L
S;P,K;Q,"124,38",0.0,6EQE,124:K,38:Q
S;R,K;L,"124,53",0.0,6EQE,124:K,53:L
S;A,K;T,"124,180",0.0,6EQE,124:K,180:T
S;P,K;D,"124,197",0.0,6EQE,124:K,197:D
S;T,K;V,"124,198",0.0,6EQE,124:K,198:V
S;A,K;M,"124,135",0.0,6EQE,124:K,135:M
S;I,K;L,"124,111",0.0,6EQE,124:K,111:L
S;G,K;S,"124,243",0.0,6EQE,124:K,243:S
S;Q,K;L,"124,127",0.0,6EQE,124:K,127:L
S;Q,K;H,"124,127",0.0,6EQE,124:K,127:H
S;W,K;I,"124,159",0.0,6EQE,124:K,159:I
S;Q,K;P,"124,127",0.0,6EQE,124:K,127:P
S;S,K;N,"124,103",0.0,6EQE,124:K,103:N
S;A,K;Y,"124,179",0.0,6EQE,124:K,179:Y
S;W,K;K,"124,257",0.0,6EQE,124:K,257:K
S;L,K;M,"124,216",0.0,6EQE,124:K,216:M
S;Q,K;E,"124,127",0.0,6EQE,124:K,127:E
S;G,K;A,"124,243",0.0,6EQE,124:K,243:A
S;A,K;N,"124,226",0.0,6EQE,124:K,226:N
S;L,K;I,"124,216",0.0,6EQE,124:K,216:I
S;C,K;L,"124,289",0.0,6EQE,124:K,289:L
S;S,K;E,"124,207",0.0,6EQE,124:K,207:E
S;M,K;L,"124,154",0.0,6EQE,124:K,154:L
S;M,K;P,"124,222",0.0,6EQE,124:K,222:P
S;G,K;T,"124,251",0.0,6EQE,124:K,251:T
S;P,K;L,"124,38",0.0,6EQE,124:K,38:L
S;L,K;W,"124,216",0.0,6EQE,124:K,216:W
S;T,K;L,"124,72",0.0,6EQE,124:K,72:L
S;S,K;P,"124,245",0.0,6EQE,124:K,245:P
S;I,K;W,"124,111",0.0,6EQE,124:K,111:W
S;L,K;D,"124,249",0.0,6EQE,124:K,249:D
S;E,K;K,"124,231",0.0,6EQE,124:K,231:K
S;D,K;K,"124,263",0.0,6EQE,124:K,263:K
S;T,K;M,"124,51",0.0,6EQE,124:K,51:M
S;L,K;E,"124,216",0.0,6EQE,124:K,216:E
S;S,K;T,"124,121",0.0,6EQE,124:K,121:T
S;I,K;H,"124,145",0.0,6EQE,124:K,145:H
S;I,K;L,"124,145",0.0,6EQE,124:K,145:L
S;H,K;M,"124,104",0.0,6EQE,124:K,104:M
S;R,K;P,"124,280",0.0,6EQE,124:K,280:P
S;L,K;F,"124,216",0.0,6EQE,124:K,216:F
S;S,K;D,"124,103",0.0,6EQE,124:K,103:D
S;I,K;V,"124,200",0.0,6EQE,124:K,200:V
S;T,K;K,"124,88",0.0,6EQE,124:K,88:K
S;N,K;K,"124,138",0.0,6EQE,124:K,138:K
S;A,K;L,"124,65",0.0,6EQE,124:K,65:L
S;Q,K;T,"124,91",0.0,6EQE,124:K,91:T
S;G,K;D,"124,163",0.0,6EQE,124:K,163:D
S;A,K;M,"124,65",0.0,6EQE,124:K,65:M
S;K,K;L,"124,252",0.0,6EQE,124:K,252:L
S;V,K;D,"124,57",0.0,6EQE,124:K,57:D
S;Q,K;V,"124,127",0.0,6EQE,124:K,127:V
S;V,K;C,"124,281",0.0,6EQE,124:K,281:C
S;T,K;V,"124,72",0.0,6EQE,124:K,72:V
S;Q,K;N,"124,133",0.0,6EQE,124:K,133:N
S;R,K;K,"124,53",0.0,6EQE,124:K,53:K
S;S,K;P,"124,125",0.0,6EQE,124:K,125:P
S;T,K;Q,"124,88",0.0,6EQE,124:K,88:Q
S;N,K;L,"124,138",0.0,6EQE,124:K,138:L
S;H,K;R,"124,104",0.0,6EQE,124:K,104:R
S;W,K;P,"124,159",0.0,6EQE,124:K,159:P
S;S,K;Y,"124,242",0.0,6EQE,124:K,242:Y
S;A,K;F,"124,65",0.0,6EQE,124:K,65:F
S;G,K;H,"124,251",0.0,6EQE,124:K,251:H
S;L,K;P,"124,216",0.0,6EQE,124:K,216:P
S;S,K;W,"124,58",0.0,6EQE,124:K,58:W
S;A,K;E,"124,152",0.0,6EQE,124:K,152:E
S;T,K;N,"124,88",0.0,6EQE,124:K,88:N
S;T,K;N,"124,198",0.0,6EQE,124:K,198:N
S;S,K;K,"124,58",0.0,6EQE,124:K,58:K
S;L,K;C,"124,249",0.0,6EQE,124:K,249:C
S;N,K;T,"124,190",0.0,6EQE,124:K,190:T
S;S,K;V,"124,223",0.0,6EQE,124:K,223:V
S;A,K;W,"124,65",0.0,6EQE,124:K,65:W
S;K,K;Y,"124,253",0.0,6EQE,124:K,253:Y
S;R,K;S,"124,90",0.0,6EQE,124:K,90:S
S;T,K;M,"124,29",0.0,6EQE,124:K,29:M
S;M,K;L,"124,262",0.0,6EQE,124:K,262:L
S;A,K;L,"124,272",0.0,6EQE,124:K,272:L
S;R,K;N,"124,90",0.0,6EQE,124:K,90:N
S;R,K;T,"124,90",0.0,6EQE,124:K,90:T
S;G,K;T,"124,254",0.0,6EQE,124:K,254:T
S;R,K;P,"124,90",0.0,6EQE,124:K,90:P
S;N,K;Y,"124,37",0.0,6EQE,124:K,37:Y
S;Q,K;I,"124,182",0.0,6EQE,124:K,182:I
S;R,K;A,"124,90",0.0,6EQE,124:K,90:A
S;K,K;F,"124,253",0.0,6EQE,124:K,253:F
S;Y,K;S,"124,63",0.0,6EQE,124:K,63:S
S;Q,K;M,"124,127",0.0,6EQE,124:K,127:M
S;Q,K;L,"124,182",0.0,6EQE,124:K,182:L
S;K,K;A,"124,253",0.0,6EQE,124:K,253:A
S;K,K;V,"124,253",0.0,6EQE,124:K,253:V
S;Q,K;F,"124,182",0.0,6EQE,124:K,182:F
S;R,K;D,"124,90",0.0,6EQE,124:K,90:D
S;Q,K;A,"124,127",0.0,6EQE,124:K,127:A
S;Y,K;T,"124,63",0.0,6EQE,124:K,63:T
S;Q,K;V,"124,182",0.0,6EQE,124:K,182:V
S;K,K;L,"124,253",0.0,6EQE,124:K,253:L
S;C,K;S,"124,289",0.0,6EQE,124:K,289:S
S;Y,K;G,"124,63",0.0,6EQE,124:K,63:G
S;M,K;V,"124,154",0.0,6EQE,124:K,154:V
S;Q,K;T,"124,127",0.0,6EQE,124:K,127:T
S;A,K;D,"124,226",0.0,6EQE,124:K,226:D
S;C,K;A,"124,289",0.0,6EQE,124:K,289:A
S;R,K;Q,"124,224",0.0,6EQE,124:K,224:Q
S;N,K;K,"124,233",0.0,6EQE,124:K,233:K
S;S,K;E,"124,136",0.0,6EQE,124:K,136:E
S;D,K;N,"124,186",0.0,6EQE,124:K,186:N
S;R,K;A,"124,280",0.0,6EQE,124:K,280:A
S;S,K;F,"124,238",0.0,6EQE,124:K,238:F
S;S,K;Q,"124,188",0.0,6EQE,124:K,188:Q
S;S,K;H,"124,214",0.0,6EQE,124:K,214:H
S;L,K;F,"124,117",0.0,6EQE,124:K,117:F
S;Q,K;Y,"124,119",0.0,6EQE,124:K,119:Y
S;G,K;A,"124,165",0.0,6EQE,124:K,165:A
S;S,K;E,"124,121",0.0,6EQE,124:K,121:E
S;I,K;R,"124,168",0.0,6EQE,124:K,168:R
S;N,K;H,"124,205",0.0,6EQE,124:K,205:H
S;S,K;Y,"124,269",0.0,6EQE,124:K,269:Y
S;S,K;T,"124,214",0.0,6EQE,124:K,214:T
S;I,K;R,"124,218",0.0,6EQE,124:K,218:R
S;P,K;K,"124,120",0.0,6EQE,124:K,120:K
S;M,K;H,"124,161",0.0,6EQE,124:K,161:H
S;I,K;H,"124,168",0.0,6EQE,124:K,168:H
S;N,K;K,"124,114",0.0,6EQE,124:K,114:K
S;P,K;V,"124,184",0.0,6EQE,124:K,184:V
S;W,K;P,"124,185",0.0,6EQE,124:K,185:P
S;S,K;H,"124,187",0.0,6EQE,124:K,187:H
S;S,K;P,"124,188",0.0,6EQE,124:K,188:P
S;T,K;Y,"124,189",0.0,6EQE,124:K,189:Y
S;F,K;M,"124,191",0.0,6EQE,124:K,191:M
F;G,E;Q,"271,164",0.0,6EQE,271:E,164:Q
F;A,E;D,"271,130",0.0,6EQE,271:E,130:D
F;W,E;C,"271,257",0.0,6EQE,271:E,257:C
F;Q,E;N,"271,127",0.0,6EQE,271:E,127:N
F;Q,E;R,"271,127",0.0,6EQE,271:E,127:R
F;S,E;M,"271,238",0.0,6EQE,271:E,238:M
F;S,E;A,"271,124",0.0,6EQE,271:E,124:A
F;G,E;I,"271,243",0.0,6EQE,271:E,243:I
F;Q,E;I,"271,127",0.0,6EQE,271:E,127:I
F;A,E;V,"271,65",0.0,6EQE,271:E,65:V
F;Q,E;E,"271,133",0.0,6EQE,271:E,133:E
F;S,E;T,"271,124",0.0,6EQE,271:E,124:T
F;Q,E;K,"271,127",0.0,6EQE,271:E,127:K
F;Q,E;W,"271,133",0.0,6EQE,271:E,133:W
F;D,E;L,"271,220",0.0,6EQE,271:E,220:L
F;T,E;D,"271,88",0.0,6EQE,271:E,88:D
F;R,E;N,"271,132",0.0,6EQE,271:E,132:N
F;Q,E;D,"271,127",0.0,6EQE,271:E,127:D
F;A,E;Y,"271,215",0.0,6EQE,271:E,215:Y
F;L,E;K,"271,249",0.0,6EQE,271:E,249:K
F;R,E;Y,"271,123",0.0,6EQE,271:E,123:Y
F;S,E;D,"271,58",0.0,6EQE,271:E,58:D
F;N,E;I,"271,37",0.0,6EQE,271:E,37:I
F;C,E;D,"271,289",0.0,6EQE,271:E,289:D
F;A,E;P,"271,152",0.0,6EQE,271:E,152:P
F;D,E;V,"271,186",0.0,6EQE,271:E,186:V
F;G,E;P,"271,243",0.0,6EQE,271:E,243:P
F;S,E;E,"271,115",0.0,6EQE,271:E,115:E
F;L,E;Q,"271,216",0.0,6EQE,271:E,216:Q
F;N,E;P,"271,277",0.0,6EQE,271:E,277:P
F;R,E;Q,"271,132",0.0,6EQE,271:E,132:Q
F;N,E;Y,"271,244",0.0,6EQE,271:E,244:Y
F;H,E;T,"271,104",0.0,6EQE,271:E,104:T
F;S,E;V,"271,58",0.0,6EQE,271:E,58:V
F;H,E;L,"271,104",0.0,6EQE,271:E,104:L
F;P,E;Q,"271,38",0.0,6EQE,271:E,38:Q
F;R,E;L,"271,53",0.0,6EQE,271:E,53:L
F;A,E;T,"271,180",0.0,6EQE,271:E,180:T
F;P,E;D,"271,197",0.0,6EQE,271:E,197:D
F;T,E;V,"271,198",0.0,6EQE,271:E,198:V
F;A,E;M,"271,135",0.0,6EQE,271:E,135:M
F;I,E;L,"271,111",0.0,6EQE,271:E,111:L
F;G,E;S,"271,243",0.0,6EQE,271:E,243:S
F;Q,E;L,"271,127",0.0,6EQE,271:E,127:L
F;Q,E;H,"271,127",0.0,6EQE,271:E,127:H
F;W,E;I,"271,159",0.0,6EQE,271:E,159:I
F;Q,E;P,"271,127",0.0,6EQE,271:E,127:P
F;S,E;N,"271,103",0.0,6EQE,271:E,103:N
F;A,E;Y,"271,179",0.0,6EQE,271:E,179:Y
F;W,E;K,"271,257",0.0,6EQE,271:E,257:K
F;L,E;M,"271,216",0.0,6EQE,271:E,216:M
F;Q,E;E,"271,127",0.0,6EQE,271:E,127:E
F;G,E;A,"271,243",0.0,6EQE,271:E,243:A
F;A,E;N,"271,226",0.0,6EQE,271:E,226:N
F;L,E;I,"271,216",0.0,6EQE,271:E,216:I
F;C,E;L,"271,289",0.0,6EQE,271:E,289:L
F;S,E;E,"271,207",0.0,6EQE,271:E,207:E
F;M,E;L,"271,154",0.0,6EQE,271:E,154:L
F;M,E;P,"271,222",0.0,6EQE,271:E,222:P
F;G,E;T,"271,251",0.0,6EQE,271:E,251:T
F;P,E;L,"271,38",0.0,6EQE,271:E,38:L
F;L,E;W,"271,216",0.0,6EQE,271:E,216:W
F;T,E;L,"271,72",0.0,6EQE,271:E,72:L
F;S,E;P,"271,245",0.0,6EQE,271:E,245:P
F;I,E;W,"271,111",0.0,6EQE,271:E,111:W
F;L,E;D,"271,249",0.0,6EQE,271:E,249:D
F;E,E;K,"271,231",0.0,6EQE,271:E,231:K
F;D,E;K,"271,263",0.0,6EQE,271:E,263:K
F;T,E;M,"271,51",0.0,6EQE,271:E,51:M
F;L,E;E,"271,216",0.0,6EQE,271:E,216:E
F;S,E;T,"271,121",0.0,6EQE,271:E,121:T
F;I,E;H,"271,145",0.0,6EQE,271:E,145:H
F;I,E;L,"271,145",0.0,6EQE,271:E,145:L
F;H,E;M,"271,104",0.0,6EQE,271:E,104:M
F;R,E;P,"271,280",0.0,6EQE,271:E,280:P
F;L,E;F,"271,216",0.0,6EQE,271:E,216:F
F;S,E;D,"271,103",0.0,6EQE,271:E,103:D
F;I,E;V,"271,200",0.0,6EQE,271:E,200:V
F;T,E;K,"271,88",0.0,6EQE,271:E,88:K
F;N,E;K,"271,138",0.0,6EQE,271:E,138:K
F;A,E;L,"271,65",0.0,6EQE,271:E,65:L
F;Q,E;T,"271,91",0.0,6EQE,271:E,91:T
F;G,E;D,"271,163",0.0,6EQE,271:E,163:D
F;A,E;M,"271,65",0.0,6EQE,271:E,65:M
F;K,E;L,"271,252",0.0,6EQE,271:E,252:L
F;V,E;D,"271,57",0.0,6EQE,271:E,57:D
F;Q,E;V,"271,127",0.0,6EQE,271:E,127:V
F;V,E;C,"271,281",0.0,6EQE,271:E,281:C
F;T,E;V,"271,72",0.0,6EQE,271:E,72:V
F;Q,E;N,"271,133",0.0,6EQE,271:E,133:N
F;R,E;K,"271,53",0.0,6EQE,271:E,53:K
F;S,E;P,"271,125",0.0,6EQE,271:E,125:P
F;T,E;Q,"271,88",0.0,6EQE,271:E,88:Q
F;N,E;L,"271,138",0.0,6EQE,271:E,138:L
F;H,E;R,"271,104",0.0,6EQE,271:E,104:R
F;W,E;P,"271,159",0.0,6EQE,271:E,159:P
F;S,E;Y,"271,242",0.0,6EQE,271:E,242:Y
F;A,E;F,"271,65",0.0,6EQE,271:E,65:F
F;G,E;H,"271,251",0.0,6EQE,271:E,251:H
F;L,E;P,"271,216",0.0,6EQE,271:E,216:P
F;S,E;W,"271,58",0.0,6EQE,271:E,58:W
F;A,E;E,"271,152",0.0,6EQE,271:E,152:E
F;T,E;N,"271,88",0.0,6EQE,271:E,88:N
F;T,E;N,"271,198",0.0,6EQE,271:E,198:N
F;S,E;K,"271,58",0.0,6EQE,271:E,58:K
F;L,E;C,"271,249",0.0,6EQE,271:E,249:C
F;N,E;T,"271,190",0.0,6EQE,271:E,190:T
F;S,E;V,"271,223",0.0,6EQE,271:E,223:V
F;A,E;W,"271,65",0.0,6EQE,271:E,65:W
F;K,E;Y,"271,253",0.0,6EQE,271:E,253:Y
F;R,E;S,"271,90",0.0,6EQE,271:E,90:S
F;T,E;M,"271,29",0.0,6EQE,271:E,29:M
F;M,E;L,"271,262",0.0,6EQE,271:E,262:L
F;A,E;L,"271,272",0.0,6EQE,271:E,272:L
F;R,E;N,"271,90",0.0,6EQE,271:E,90:N
F;R,E;T,"271,90",0.0,6EQE,271:E,90:T
F;G,E;T,"271,254",0.0,6EQE,271:E,254:T
F;R,E;P,"271,90",0.0,6EQE,271:E,90:P
F;N,E;Y,"271,37",0.0,6EQE,271:E,37:Y
F;Q,E;I,"271,182",0.0,6EQE,271:E,182:I
F;R,E;A,"271,90",0.0,6EQE,271:E,90:A
F;K,E;F,"271,253",0.0,6EQE,271:E,253:F
F;Y,E;S,"271,63",0.0,6EQE,271:E,63:S
F;Q,E;M,"271,127",0.0,6EQE,271:E,127:M
F;Q,E;L,"271,182",0.0,6EQE,271:E,182:L
F;K,E;A,"271,253",0.0,6EQE,271:E,253:A
F;K,E;V,"271,253",0.0,6EQE,271:E,253:V
F;Q,E;F,"271,182",0.0,6EQE,271:E,182:F
F;R,E;D,"271,90",0.0,6EQE,271:E,90:D
F;Q,E;A,"271,127",0.0,6EQE,271:E,127:A
F;Y,E;T,"271,63",0.0,6EQE,271:E,63:T
F;Q,E;V,"271,182",0.0,6EQE,271:E,182:V
F;K,E;L,"271,253",0.0,6EQE,271:E,253:L
F;C,E;S,"271,289",0.0,6EQE,271:E,289:S
F;Y,E;G,"271,63",0.0,6EQE,271:E,63:G
F;M,E;V,"271,154",0.0,6EQE,271:E,154:V
F;Q,E;T,"271,127",0.0,6EQE,271:E,127:T
F;A,E;D,"271,226",0.0,6EQE,271:E,226:D
F;C,E;A,"271,289",0.0,6EQE,271:E,289:A
F;R,E;Q,"271,224",0.0,6EQE,271:E,224:Q
F;N,E;K,"271,233",0.0,6EQE,271:E,233:K
F;S,E;E,"271,136",0.0,6EQE,271:E,136:E
F;D,E;N,"271,186",0.0,6EQE,271:E,186:N
F;R,E;A,"271,280",0.0,6EQE,271:E,280:A
F;S,E;F,"271,238",0.0,6EQE,271:E,238:F
F;S,E;Q,"271,188",0.0,6EQE,271:E,188:Q
F;S,E;H,"271,214",0.0,6EQE,271:E,214:H
F;L,E;F,"271,117",0.0,6EQE,271:E,117:F
F;Q,E;Y,"271,119",0.0,6EQE,271:E,119:Y
F;G,E;A,"271,165",0.0,6EQE,271:E,165:A
F;S,E;E,"271,121",0.0,6EQE,271:E,121:E
F;I,E;R,"271,168",0.0,6EQE,271:E,168:R
F;N,E;H,"271,205",0.0,6EQE,271:E,205:H
F;S,E;Y,"271,269",0.0,6EQE,271:E,269:Y
F;S,E;T,"271,214",0.0,6EQE,271:E,214:T
F;I,E;R,"271,218",0.0,6EQE,271:E,218:R
F;P,E;K,"271,120",0.0,6EQE,271:E,120:K
F;M,E;H,"271,161",0.0,6EQE,271:E,161:H
F;I,E;H,"271,168",0.0,6EQE,271:E,168:H
F;N,E;K,"271,114",0.0,6EQE,271:E,114:K
F;P,E;V,"271,184",0.0,6EQE,271:E,184:V
F;W,E;P,"271,185",0.0,6EQE,271:E,185:P
F;S,E;H,"271,187",0.0,6EQE,271:E,187:H
F;S,E;P,"271,188",0.0,6EQE,271:E,188:P
F;T,E;Y,"271,189",0.0,6EQE,271:E,189:Y
F;F,E;M,"271,191",0.0,6EQE,271:E,191:M
G;A,Q;D,"164,130",0.0,6EQE,164:Q,130:D
G;W,Q;C,"164,257",0.0,6EQE,164:Q,257:C
G;Q,Q;N,"164,127",0.0,6EQE,164:Q,127:N
G;Q,Q;R,"164,127",0.0,6EQE,164:Q,127:R
G;S,Q;M,"164,238",0.0,6EQE,164:Q,238:M
G;F,Q;M,"164,271",0.0,6EQE,164:Q,271:M
G;S,Q;A,"164,124",0.0,6EQE,164:Q,124:A
G;G,Q;I,"164,243",0.0,6EQE,164:Q,243:I
G;Q,Q;I,"164,127",0.0,6EQE,164:Q,127:I
G;A,Q;V,"164,65",0.0,6EQE,164:Q,65:V
G;Q,Q;E,"164,133",0.0,6EQE,164:Q,133:E
G;S,Q;T,"164,124",0.0,6EQE,164:Q,124:T
G;Q,Q;K,"164,127",0.0,6EQE,164:Q,127:K
G;Q,Q;W,"164,133",0.0,6EQE,164:Q,133:W
G;D,Q;L,"164,220",0.0,6EQE,164:Q,220:L
G;T,Q;D,"164,88",0.0,6EQE,164:Q,88:D
G;R,Q;N,"164,132",0.0,6EQE,164:Q,132:N
G;Q,Q;D,"164,127",0.0,6EQE,164:Q,127:D
G;A,Q;Y,"164,215",0.0,6EQE,164:Q,215:Y
G;L,Q;K,"164,249",0.0,6EQE,164:Q,249:K
G;R,Q;Y,"164,123",0.0,6EQE,164:Q,123:Y
G;F,Q;W,"164,271",0.0,6EQE,164:Q,271:W
G;S,Q;D,"164,58",0.0,6EQE,164:Q,58:D
G;N,Q;I,"164,37",0.0,6EQE,164:Q,37:I
G;C,Q;D,"164,289",0.0,6EQE,164:Q,289:D
G;A,Q;P,"164,152",0.0,6EQE,164:Q,152:P
G;D,Q;V,"164,186",0.0,6EQE,164:Q,186:V
G;G,Q;P,"164,243",0.0,6EQE,164:Q,243:P
G;S,Q;E,"164,115",0.0,6EQE,164:Q,115:E
G;L,Q;Q,"164,216",0.0,6EQE,164:Q,216:Q
G;N,Q;P,"164,277",0.0,6EQE,164:Q,277:P
G;R,Q;Q,"164,132",0.0,6EQE,164:Q,132:Q
G;N,Q;Y,"164,244",0.0,6EQE,164:Q,244:Y
G;H,Q;T,"164,104",0.0,6EQE,164:Q,104:T
G;S,Q;V,"164,58",0.0,6EQE,164:Q,58:V
G;H,Q;L,"164,104",0.0,6EQE,164:Q,104:L
G;P,Q;Q,"164,38",0.0,6EQE,164:Q,38:Q
G;R,Q;L,"164,53",0.0,6EQE,164:Q,53:L
G;A,Q;T,"164,180",0.0,6EQE,164:Q,180:T
G;P,Q;D,"164,197",0.0,6EQE,164:Q,197:D
G;T,Q;V,"164,198",0.0,6EQE,164:Q,198:V
G;A,Q;M,"164,135",0.0,6EQE,164:Q,135:M
G;I,Q;L,"164,111",0.0,6EQE,164:Q,111:L
G;G,Q;S,"164,243",0.0,6EQE,164:Q,243:S
G;Q,Q;L,"164,127",0.0,6EQE,164:Q,127:L
G;Q,Q;H,"164,127",0.0,6EQE,164:Q,127:H
G;W,Q;I,"164,159",0.0,6EQE,164:Q,159:I
G;Q,Q;P,"164,127",0.0,6EQE,164:Q,127:P
G;S,Q;N,"164,103",0.0,6EQE,164:Q,103:N
G;A,Q;Y,"164,179",0.0,6EQE,164:Q,179:Y
G;W,Q;K,"164,257",0.0,6EQE,164:Q,257:K
G;L,Q;M,"164,216",0.0,6EQE,164:Q,216:M
G;Q,Q;E,"164,127",0.0,6EQE,164:Q,127:E
G;G,Q;A,"164,243",0.0,6EQE,164:Q,243:A
G;A,Q;N,"164,226",0.0,6EQE,164:Q,226:N
G;L,Q;I,"164,216",0.0,6EQE,164:Q,216:I
G;C,Q;L,"164,289",0.0,6EQE,164:Q,289:L
G;S,Q;E,"164,207",0.0,6EQE,164:Q,207:E
G;M,Q;L,"164,154",0.0,6EQE,164:Q,154:L
G;M,Q;P,"164,222",0.0,6EQE,164:Q,222:P
G;G,Q;T,"164,251",0.0,6EQE,164:Q,251:T
G;P,Q;L,"164,38",0.0,6EQE,164:Q,38:L
G;L,Q;W,"164,216",0.0,6EQE,164:Q,216:W
G;T,Q;L,"164,72",0.0,6EQE,164:Q,72:L
G;S,Q;P,"164,245",0.0,6EQE,164:Q,245:P
G;I,Q;W,"164,111",0.0,6EQE,164:Q,111:W
G;L,Q;D,"164,249",0.0,6EQE,164:Q,249:D
G;E,Q;K,"164,231",0.0,6EQE,164:Q,231:K
G;D,Q;K,"164,263",0.0,6EQE,164:Q,263:K
G;T,Q;M,"164,51",0.0,6EQE,164:Q,51:M
G;L,Q;E,"164,216",0.0,6EQE,164:Q,216:E
G;S,Q;T,"164,121",0.0,6EQE,164:Q,121:T
G;I,Q;H,"164,145",0.0,6EQE,164:Q,145:H
G;I,Q;L,"164,145",0.0,6EQE,164:Q,145:L
G;H,Q;M,"164,104",0.0,6EQE,164:Q,104:M
G;R,Q;P,"164,280",0.0,6EQE,164:Q,280:P
G;L,Q;F,"164,216",0.0,6EQE,164:Q,216:F
G;S,Q;D,"164,103",0.0,6EQE,164:Q,103:D
G;I,Q;V,"164,200",0.0,6EQE,164:Q,200:V
G;T,Q;K,"164,88",0.0,6EQE,164:Q,88:K
G;N,Q;K,"164,138",0.0,6EQE,164:Q,138:K
G;A,Q;L,"164,65",0.0,6EQE,164:Q,65:L
G;Q,Q;T,"164,91",0.0,6EQE,164:Q,91:T
G;G,Q;D,"164,163",0.0,6EQE,164:Q,163:D
G;A,Q;M,"164,65",0.0,6EQE,164:Q,65:M
G;K,Q;L,"164,252",0.0,6EQE,164:Q,252:L
G;V,Q;D,"164,57",0.0,6EQE,164:Q,57:D
G;Q,Q;V,"164,127",0.0,6EQE,164:Q,127:V
G;V,Q;C,"164,281",0.0,6EQE,164:Q,281:C
G;T,Q;V,"164,72",0.0,6EQE,164:Q,72:V
G;Q,Q;N,"164,133",0.0,6EQE,164:Q,133:N
G;R,Q;K,"164,53",0.0,6EQE,164:Q,53:K
G;S,Q;P,"164,125",0.0,6EQE,164:Q,125:P
G;T,Q;Q,"164,88",0.0,6EQE,164:Q,88:Q
G;N,Q;L,"164,138",0.0,6EQE,164:Q,138:L
G;H,Q;R,"164,104",0.0,6EQE,164:Q,104:R
G;W,Q;P,"164,159",0.0,6EQE,164:Q,159:P
G;S,Q;Y,"164,242",0.0,6EQE,164:Q,242:Y
G;A,Q;F,"164,65",0.0,6EQE,164:Q,65:F
G;G,Q;H,"164,251",0.0,6EQE,164:Q,251:H
G;L,Q;P,"164,216",0.0,6EQE,164:Q,216:P
G;S,Q;W,"164,58",0.0,6EQE,164:Q,58:W
G;A,Q;E,"164,152",0.0,6EQE,164:Q,152:E
G;T,Q;N,"164,88",0.0,6EQE,164:Q,88:N
G;T,Q;N,"164,198",0.0,6EQE,164:Q,198:N
G;S,Q;K,"164,58",0.0,6EQE,164:Q,58:K
G;L,Q;C,"164,249",0.0,6EQE,164:Q,249:C
G;N,Q;T,"164,190",0.0,6EQE,164:Q,190:T
G;S,Q;V,"164,223",0.0,6EQE,164:Q,223:V
G;A,Q;W,"164,65",0.0,6EQE,164:Q,65:W
G;K,Q;Y,"164,253",0.0,6EQE,164:Q,253:Y
G;R,Q;S,"164,90",0.0,6EQE,164:Q,90:S
G;T,Q;M,"164,29",0.0,6EQE,164:Q,29:M
G;M,Q;L,"164,262",0.0,6EQE,164:Q,262:L
G;A,Q;L,"164,272",0.0,6EQE,164:Q,272:L
G;R,Q;N,"164,90",0.0,6EQE,164:Q,90:N
G;R,Q;T,"164,90",0.0,6EQE,164:Q,90:T
G;G,Q;T,"164,254",0.0,6EQE,164:Q,254:T
G;R,Q;P,"164,90",0.0,6EQE,164:Q,90:P
G;N,Q;Y,"164,37",0.0,6EQE,164:Q,37:Y
G;Q,Q;I,"164,182",0.0,6EQE,164:Q,182:I
G;R,Q;A,"164,90",0.0,6EQE,164:Q,90:A
G;K,Q;F,"164,253",0.0,6EQE,164:Q,253:F
G;Y,Q;S,"164,63",0.0,6EQE,164:Q,63:S
G;Q,Q;M,"164,127",0.0,6EQE,164:Q,127:M
G;Q,Q;L,"164,182",0.0,6EQE,164:Q,182:L
G;K,Q;A,"164,253",0.0,6EQE,164:Q,253:A
G;K,Q;V,"164,253",0.0,6EQE,164:Q,253:V
G;Q,Q;F,"164,182",0.0,6EQE,164:Q,182:F
G;R,Q;D,"164,90",0.0,6EQE,164:Q,90:D
G;Q,Q;A,"164,127",0.0,6EQE,164:Q,127:A
G;Y,Q;T,"164,63",0.0,6EQE,164:Q,63:T
G;Q,Q;V,"164,182",0.0,6EQE,164:Q,182:V
G;K,Q;L,"164,253",0.0,6EQE,164:Q,253:L
G;C,Q;S,"164,289",0.0,6EQE,164:Q,289:S
G;Y,Q;G,"164,63",0.0,6EQE,164:Q,63:G
G;M,Q;V,"164,154",0.0,6EQE,164:Q,154:V
G;Q,Q;T,"164,127",0.0,6EQE,164:Q,127:T
G;A,Q;D,"164,226",0.0,6EQE,164:Q,226:D
G;C,Q;A,"164,289",0.0,6EQE,164:Q,289:A
G;R,Q;Q,"164,224",0.0,6EQE,164:Q,224:Q
G;N,Q;K,"164,233",0.0,6EQE,164:Q,233:K
G;S,Q;E,"164,136",0.0,6EQE,164:Q,136:E
G;D,Q;N,"164,186",0.0,6EQE,164:Q,186:N
G;R,Q;A,"164,280",0.0,6EQE,164:Q,280:A
G;S,Q;F,"164,238",0.0,6EQE,164:Q,238:F
G;S,Q;Q,"164,188",0.0,6EQE,164:Q,188:Q
G;S,Q;H,"164,214",0.0,6EQE,164:Q,214:H
G;L,Q;F,"164,117",0.0,6EQE,164:Q,117:F
G;Q,Q;Y,"164,119",0.0,6EQE,164:Q,119:Y
G;G,Q;A,"164,165",0.0,6EQE,164:Q,165:A
G;S,Q;E,"164,121",0.0,6EQE,164:Q,121:E
G;I,Q;R,"164,168",0.0,6EQE,164:Q,168:R
G;N,Q;H,"164,205",0.0,6EQE,164:Q,205:H
G;S,Q;Y,"164,269",0.0,6EQE,164:Q,269:Y
G;S,Q;T,"164,214",0.0,6EQE,164:Q,214:T
G;I,Q;R,"164,218",0.0,6EQE,164:Q,218:R
G;P,Q;K,"164,120",0.0,6EQE,164:Q,120:K
G;M,Q;H,"164,161",0.0,6EQE,164:Q,161:H
G;I,Q;H,"164,168",0.0,6EQE,164:Q,168:H
G;N,Q;K,"164,114",0.0,6EQE,164:Q,114:K
G;P,Q;V,"164,184",0.0,6EQE,164:Q,184:V
G;W,Q;P,"164,185",0.0,6EQE,164:Q,185:P
G;S,Q;H,"164,187",0.0,6EQE,164:Q,187:H
G;S,Q;P,"164,188",0.0,6EQE,164:Q,188:P
G;T,Q;Y,"164,189",0.0,6EQE,164:Q,189:Y
G;F,Q;M,"164,191",0.0,6EQE,164:Q,191:M
A;W,D;C,"130,257",0.0,6EQE,130:D,257:C
A;Q,D;N,"130,127",0.0,6EQE,130:D,127:N
A;Q,D;R,"130,127",0.0,6EQE,130:D,127:R
A;S,D;M,"130,238",0.0,6EQE,130:D,238:M
A;F,D;M,"130,271",0.0,6EQE,130:D,271:M
A;S,D;A,"130,124",0.0,6EQE,130:D,124:A
A;G,D;I,"130,243",0.0,6EQE,130:D,243:I
A;Q,D;I,"130,127",0.0,6EQE,130:D,127:I
A;A,D;V,"130,65",0.0,6EQE,130:D,65:V
A;Q,D;E,"130,133",0.0,6EQE,130:D,133:E
A;S,D;T,"130,124",0.0,6EQE,130:D,124:T
A;Q,D;K,"130,127",0.0,6EQE,130:D,127:K
A;Q,D;W,"130,133",0.0,6EQE,130:D,133:W
A;D,D;L,"130,220",0.0,6EQE,130:D,220:L
A;T,D;D,"130,88",0.0,6EQE,130:D,88:D
A;R,D;N,"130,132",0.0,6EQE,130:D,132:N
A;Q,D;D,"130,127",0.0,6EQE,130:D,127:D
A;A,D;Y,"130,215",0.0,6EQE,130:D,215:Y
A;L,D;K,"130,249",0.0,6EQE,130:D,249:K
A;R,D;Y,"130,123",0.0,6EQE,130:D,123:Y
A;F,D;W,"130,271",0.0,6EQE,130:D,271:W
A;S,D;D,"130,58",0.0,6EQE,130:D,58:D
A;N,D;I,"130,37",0.0,6EQE,130:D,37:I
A;C,D;D,"130,289",0.0,6EQE,130:D,289:D
A;A,D;P,"130,152",0.0,6EQE,130:D,152:P
A;D,D;V,"130,186",0.0,6EQE,130:D,186:V
A;G,D;P,"130,243",0.0,6EQE,130:D,243:P
A;S,D;E,"130,115",0.0,6EQE,130:D,115:E
A;L,D;Q,"130,216",0.0,6EQE,130:D,216:Q
A;N,D;P,"130,277",0.0,6EQE,130:D,277:P
A;R,D;Q,"130,132",0.0,6EQE,130:D,132:Q
A;N,D;Y,"130,244",0.0,6EQE,130:D,244:Y
A;H,D;T,"130,104",0.0,6EQE,130:D,104:T
A;S,D;V,"130,58",0.0,6EQE,130:D,58:V
A;H,D;L,"130,104",0.0,6EQE,130:D,104:L
A;P,D;Q,"130,38",0.0,6EQE,130:D,38:Q
A;R,D;L,"130,53",0.0,6EQE,130:D,53:L
A;A,D;T,"130,180",0.0,6EQE,130:D,180:T
A;P,D;D,"130,197",0.0,6EQE,130:D,197:D
A;T,D;V,"130,198",0.0,6EQE,130:D,198:V
A;A,D;M,"130,135",0.0,6EQE,130:D,135:M
A;I,D;L,"130,111",0.0,6EQE,130:D,111:L
A;G,D;S,"130,243",0.0,6EQE,130:D,243:S
A;Q,D;L,"130,127",0.0,6EQE,130:D,127:L
A;Q,D;H,"130,127",0.0,6EQE,130:D,127:H
A;W,D;I,"130,159",0.0,6EQE,130:D,159:I
A;Q,D;P,"130,127",0.0,6EQE,130:D,127:P
A;S,D;N,"130,103",0.0,6EQE,130:D,103:N
A;A,D;Y,"130,179",0.0,6EQE,130:D,179:Y
A;W,D;K,"130,257",0.0,6EQE,130:D,257:K
A;L,D;M,"130,216",0.0,6EQE,130:D,216:M
A;Q,D;E,"130,127",0.0,6EQE,130:D,127:E
A;G,D;A,"130,243",0.0,6EQE,130:D,243:A
A;A,D;N,"130,226",0.0,6EQE,130:D,226:N
A;L,D;I,"130,216",0.0,6EQE,130:D,216:I
A;C,D;L,"130,289",0.0,6EQE,130:D,289:L
A;S,D;E,"130,207",0.0,6EQE,130:D,207:E
A;M,D;L,"130,154",0.0,6EQE,130:D,154:L
A;M,D;P,"130,222",0.0,6EQE,130:D,222:P
A;G,D;T,"130,251",0.0,6EQE,130:D,251:T
A;P,D;L,"130,38",0.0,6EQE,130:D,38:L
A;L,D;W,"130,216",0.0,6EQE,130:D,216:W
A;T,D;L,"130,72",0.0,6EQE,130:D,72:L
A;S,D;P,"130,245",0.0,6EQE,130:D,245:P
A;I,D;W,"130,111",0.0,6EQE,130:D,111:W
A;L,D;D,"130,249",0.0,6EQE,130:D,249:D
A;E,D;K,"130,231",0.0,6EQE,130:D,231:K
A;D,D;K,"130,263",0.0,6EQE,130:D,263:K
A;T,D;M,"130,51",0.0,6EQE,130:D,51:M
A;L,D;E,"130,216",0.0,6EQE,130:D,216:E
A;S,D;T,"130,121",0.0,6EQE,130:D,121:T
A;I,D;H,"130,145",0.0,6EQE,130:D,145:H
A;I,D;L,"130,145",0.0,6EQE,130:D,145:L
A;H,D;M,"130,104",0.0,6EQE,130:D,104:M
A;R,D;P,"130,280",0.0,6EQE,130:D,280:P
A;L,D;F,"130,216",0.0,6EQE,130:D,216:F
A;S,D;D,"130,103",0.0,6EQE,130:D,103:D
A;I,D;V,"130,200",0.0,6EQE,130:D,200:V
A;T,D;K,"130,88",0.0,6EQE,130:D,88:K
A;N,D;K,"130,138",0.0,6EQE,130:D,138:K
A;A,D;L,"130,65",0.0,6EQE,130:D,65:L
A;Q,D;T,"130,91",0.0,6EQE,130:D,91:T
A;G,D;D,"130,163",0.0,6EQE,130:D,163:D
A;A,D;M,"130,65",0.0,6EQE,130:D,65:M
A;K,D;L,"130,252",0.0,6EQE,130:D,252:L
A;V,D;D,"130,57",0.0,6EQE,130:D,57:D
A;Q,D;V,"130,127",0.0,6EQE,130:D,127:V
A;V,D;C,"130,281",0.0,6EQE,130:D,281:C
A;T,D;V,"130,72",0.0,6EQE,130:D,72:V
A;Q,D;N,"130,133",0.0,6EQE,130:D,133:N
A;R,D;K,"130,53",0.0,6EQE,130:D,53:K
A;S,D;P,"130,125",0.0,6EQE,130:D,125:P
A;T,D;Q,"130,88",0.0,6EQE,130:D,88:Q
A;N,D;L,"130,138",0.0,6EQE,130:D,138:L
A;H,D;R,"130,104",0.0,6EQE,130:D,104:R
A;W,D;P,"130,159",0.0,6EQE,130:D,159:P
A;S,D;Y,"130,242",0.0,6EQE,130:D,242:Y
A;A,D;F,"130,65",0.0,6EQE,130:D,65:F
A;G,D;H,"130,251",0.0,6EQE,130:D,251:H
A;L,D;P,"130,216",0.0,6EQE,130:D,216:P
A;S,D;W,"130,58",0.0,6EQE,130:D,58:W
A;A,D;E,"130,152",0.0,6EQE,130:D,152:E
A;T,D;N,"130,88",0.0,6EQE,130:D,88:N
A;T,D;N,"130,198",0.0,6EQE,130:D,198:N
A;S,D;K,"130,58",0.0,6EQE,130:D,58:K
A;L,D;C,"130,249",0.0,6EQE,130:D,249:C
A;N,D;T,"130,190",0.0,6EQE,130:D,190:T
A;S,D;V,"130,223",0.0,6EQE,130:D,223:V
A;A,D;W,"130,65",0.0,6EQE,130:D,65:W
A;K,D;Y,"130,253",0.0,6EQE,130:D,253:Y
A;R,D;S,"130,90",0.0,6EQE,130:D,90:S
A;T,D;M,"130,29",0.0,6EQE,130:D,29:M
A;M,D;L,"130,262",0.0,6EQE,130:D,262:L
A;A,D;L,"130,272",0.0,6EQE,130:D,272:L
A;R,D;N,"130,90",0.0,6EQE,130:D,90:N
A;R,D;T,"130,90",0.0,6EQE,130:D,90:T
A;G,D;T,"130,254",0.0,6EQE,130:D,254:T
A;R,D;P,"130,90",0.0,6EQE,130:D,90:P
A;N,D;Y,"130,37",0.0,6EQE,130:D,37:Y
A;Q,D;I,"130,182",0.0,6EQE,130:D,182:I
A;R,D;A,"130,90",0.0,6EQE,130:D,90:A
A;K,D;F,"130,253",0.0,6EQE,130:D,253:F
A;Y,D;S,"130,63",0.0,6EQE,130:D,63:S
A;Q,D;M,"130,127",0.0,6EQE,130:D,127:M
A;Q,D;L,"130,182",0.0,6EQE,130:D,182:L
A;K,D;A,"130,253",0.0,6EQE,130:D,253:A
A;K,D;V,"130,253",0.0,6EQE,130:D,253:V
A;Q,D;F,"130,182",0.0,6EQE,130:D,182:F
A;R,D;D,"130,90",0.0,6EQE,130:D,90:D
A;Q,D;A,"130,127",0.0,6EQE,130:D,127:A
A;Y,D;T,"130,63",0.0,6EQE,130:D,63:T
A;Q,D;V,"130,182",0.0,6EQE,130:D,182:V
A;K,D;L,"130,253",0.0,6EQE,130:D,253:L
A;C,D;S,"130,289",0.0,6EQE,130:D,289:S
A;Y,D;G,"130,63",0.0,6EQE,130:D,63:G
A;M,D;V,"130,154",0.0,6EQE,130:D,154:V
A;Q,D;T,"130,127",0.0,6EQE,130:D,127:T
A;A,D;D,"130,226",0.0,6EQE,130:D,226:D
A;C,D;A,"130,289",0.0,6EQE,130:D,289:A
A;R,D;Q,"130,224",0.0,6EQE,130:D,224:Q
A;N,D;K,"130,233",0.0,6EQE,130:D,233:K
A;S,D;E,"130,136",0.0,6EQE,130:D,136:E
A;D,D;N,"130,186",0.0,6EQE,130:D,186:N
A;R,D;A,"130,280",0.0,6EQE,130:D,280:A
A;S,D;F,"130,238",0.0,6EQE,130:D,238:F
A;S,D;Q,"130,188",0.0,6EQE,130:D,188:Q
A;S,D;H,"130,214",0.0,6EQE,130:D,214:H
A;L,D;F,"130,117",0.0,6EQE,130:D,117:F
A;Q,D;Y,"130,119",0.0,6EQE,130:D,119:Y
A;G,D;A,"130,165",0.0,6EQE,130:D,165:A
A;S,D;E,"130,121",0.0,6EQE,130:D,121:E
A;I,D;R,"130,168",0.0,6EQE,130:D,168:R
A;N,D;H,"130,205",0.0,6EQE,130:D,205:H
A;S,D;Y,"130,269",0.0,6EQE,130:D,269:Y
A;S,D;T,"130,214",0.0,6EQE,130:D,214:T
A;I,D;R,"130,218",0.0,6EQE,130:D,218:R
A;P,D;K,"130,120",0.0,6EQE,130:D,120:K
A;M,D;H,"130,161",0.0,6EQE,130:D,161:H
A;I,D;H,"130,168",0.0,6EQE,130:D,168:H
A;N,D;K,"130,114",0.0,6EQE,130:D,114:K
A;P,D;V,"130,184",0.0,6EQE,130:D,184:V
A;W,D;P,"130,185",0.0,6EQE,130:D,185:P
A;S,D;H,"130,187",0.0,6EQE,130:D,187:H
A;S,D;P,"130,188",0.0,6EQE,130:D,188:P
A;T,D;Y,"130,189",0.0,6EQE,130:D,189:Y
A;F,D;M,"130,191",0.0,6EQE,130:D,191:M
W;Q,C;N,"257,127",0.0,6EQE,257:C,127:N
W;Q,C;R,"257,127",0.0,6EQE,257:C,127:R
W;S,C;M,"257,238",0.0,6EQE,257:C,238:M
W;F,C;M,"257,271",0.0,6EQE,257:C,271:M
W;S,C;A,"257,124",0.0,6EQE,257:C,124:A
W;G,C;I,"257,243",0.0,6EQE,257:C,243:I
W;Q,C;I,"257,127",0.0,6EQE,257:C,127:I
W;A,C;V,"257,65",0.0,6EQE,257:C,65:V
W;Q,C;E,"257,133",0.0,6EQE,257:C,133:E
W;S,C;T,"257,124",0.0,6EQE,257:C,124:T
W;Q,C;K,"257,127",0.0,6EQE,257:C,127:K
W;Q,C;W,"257,133",0.0,6EQE,257:C,133:W
W;D,C;L,"257,220",0.0,6EQE,257:C,220:L
W;T,C;D,"257,88",0.0,6EQE,257:C,88:D
W;R,C;N,"257,132",0.0,6EQE,257:C,132:N
W;Q,C;D,"257,127",0.0,6EQE,257:C,127:D
W;A,C;Y,"257,215",0.0,6EQE,257:C,215:Y
W;L,C;K,"257,249",0.0,6EQE,257:C,249:K
W;R,C;Y,"257,123",0.0,6EQE,257:C,123:Y
W;F,C;W,"257,271",0.0,6EQE,257:C,271:W
W;S,C;D,"257,58",0.0,6EQE,257:C,58:D
W;N,C;I,"257,37",0.0,6EQE,257:C,37:I
W;C,C;D,"257,289",0.0,6EQE,257:C,289:D
W;A,C;P,"257,152",0.0,6EQE,257:C,152:P
W;D,C;V,"257,186",0.0,6EQE,257:C,186:V
W;G,C;P,"257,243",0.0,6EQE,257:C,243:P
W;S,C;E,"257,115",0.0,6EQE,257:C,115:E
W;L,C;Q,"257,216",0.0,6EQE,257:C,216:Q
W;N,C;P,"257,277",0.0,6EQE,257:C,277:P
W;R,C;Q,"257,132",0.0,6EQE,257:C,132:Q
W;N,C;Y,"257,244",0.0,6EQE,257:C,244:Y
W;H,C;T,"257,104",0.0,6EQE,257:C,104:T
W;S,C;V,"257,58",0.0,6EQE,257:C,58:V
W;H,C;L,"257,104",0.0,6EQE,257:C,104:L
W;P,C;Q,"257,38",0.0,6EQE,257:C,38:Q
W;R,C;L,"257,53",0.0,6EQE,257:C,53:L
W;A,C;T,"257,180",0.0,6EQE,257:C,180:T
W;P,C;D,"257,197",0.0,6EQE,257:C,197:D
W;T,C;V,"257,198",0.0,6EQE,257:C,198:V
W;A,C;M,"257,135",0.0,6EQE,257:C,135:M
W;I,C;L,"257,111",0.0,6EQE,257:C,111:L
W;G,C;S,"257,243",0.0,6EQE,257:C,243:S
W;Q,C;L,"257,127",0.0,6EQE,257:C,127:L
W;Q,C;H,"257,127",0.0,6EQE,257:C,127:H
W;W,C;I,"257,159",0.0,6EQE,257:C,159:I
W;Q,C;P,"257,127",0.0,6EQE,257:C,127:P
W;S,C;N,"257,103",0.0,6EQE,257:C,103:N
W;A,C;Y,"257,179",0.0,6EQE,257:C,179:Y
W;L,C;M,"257,216",0.0,6EQE,257:C,216:M
W;Q,C;E,"257,127",0.0,6EQE,257:C,127:E
W;G,C;A,"257,243",0.0,6EQE,257:C,243:A
W;A,C;N,"257,226",0.0,6EQE,257:C,226:N
W;L,C;I,"257,216",0.0,6EQE,257:C,216:I
W;C,C;L,"257,289",0.0,6EQE,257:C,289:L
W;S,C;E,"257,207",0.0,6EQE,257:C,207:E
W;M,C;L,"257,154",0.0,6EQE,257:C,154:L
W;M,C;P,"257,222",0.0,6EQE,257:C,222:P
W;G,C;T,"257,251",0.0,6EQE,257:C,251:T
W;P,C;L,"257,38",0.0,6EQE,257:C,38:L
W;L,C;W,"257,216",0.0,6EQE,257:C,216:W
W;T,C;L,"257,72",0.0,6EQE,257:C,72:L
W;S,C;P,"257,245",0.0,6EQE,257:C,245:P
W;I,C;W,"257,111",0.0,6EQE,257:C,111:W
W;L,C;D,"257,249",0.0,6EQE,257:C,249:D
W;E,C;K,"257,231",0.0,6EQE,257:C,231:K
W;D,C;K,"257,263",0.0,6EQE,257:C,263:K
W;T,C;M,"257,51",0.0,6EQE,257:C,51:M
W;L,C;E,"257,216",0.0,6EQE,257:C,216:E
W;S,C;T,"257,121",0.0,6EQE,257:C,121:T
W;I,C;H,"257,145",0.0,6EQE,257:C,145:H
W;I,C;L,"257,145",0.0,6EQE,257:C,145:L
W;H,C;M,"257,104",0.0,6EQE,257:C,104:M
W;R,C;P,"257,280",0.0,6EQE,257:C,280:P
W;L,C;F,"257,216",0.0,6EQE,257:C,216:F
W;S,C;D,"257,103",0.0,6EQE,257:C,103:D
W;I,C;V,"257,200",0.0,6EQE,257:C,200:V
W;T,C;K,"257,88",0.0,6EQE,257:C,88:K
W;N,C;K,"257,138",0.0,6EQE,257:C,138:K
W;A,C;L,"257,65",0.0,6EQE,257:C,65:L
W;Q,C;T,"257,91",0.0,6EQE,257:C,91:T
W;G,C;D,"257,163",0.0,6EQE,257:C,163:D
W;A,C;M,"257,65",0.0,6EQE,257:C,65:M
W;K,C;L,"257,252",0.0,6EQE,257:C,252:L
W;V,C;D,"257,57",0.0,6EQE,257:C,57:D
W;Q,C;V,"257,127",0.0,6EQE,257:C,127:V
W;V,C;C,"257,281",0.0,6EQE,257:C,281:C
W;T,C;V,"257,72",0.0,6EQE,257:C,72:V
W;Q,C;N,"257,133",0.0,6EQE,257:C,133:N
W;R,C;K,"257,53",0.0,6EQE,257:C,53:K
W;S,C;P,"257,125",0.0,6EQE,257:C,125:P
W;T,C;Q,"257,88",0.0,6EQE,257:C,88:Q
W;N,C;L,"257,138",0.0,6EQE,257:C,138:L
W;H,C;R,"257,104",0.0,6EQE,257:C,104:R
W;W,C;P,"257,159",0.0,6EQE,257:C,159:P
W;S,C;Y,"257,242",0.0,6EQE,257:C,242:Y
W;A,C;F,"257,65",0.0,6EQE,257:C,65:F
W;G,C;H,"257,251",0.0,6EQE,257:C,251:H
W;L,C;P,"257,216",0.0,6EQE,257:C,216:P
W;S,C;W,"257,58",0.0,6EQE,257:C,58:W
W;A,C;E,"257,152",0.0,6EQE,257:C,152:E
W;T,C;N,"257,88",0.0,6EQE,257:C,88:N
W;T,C;N,"257,198",0.0,6EQE,257:C,198:N
W;S,C;K,"257,58",0.0,6EQE,257:C,58:K
W;L,C;C,"257,249",0.0,6EQE,257:C,249:C
W;N,C;T,"257,190",0.0,6EQE,257:C,190:T
W;S,C;V,"257,223",0.0,6EQE,257:C,223:V
W;A,C;W,"257,65",0.0,6EQE,257:C,65:W
W;K,C;Y,"257,253",0.0,6EQE,257:C,253:Y
W;R,C;S,"257,90",0.0,6EQE,257:C,90:S
W;T,C;M,"257,29",0.0,6EQE,257:C,29:M
W;M,C;L,"257,262",0.0,6EQE,257:C,262:L
W;A,C;L,"257,272",0.0,6EQE,257:C,272:L
W;R,C;N,"257,90",0.0,6EQE,257:C,90:N
W;R,C;T,"257,90",0.0,6EQE,257:C,90:T
W;G,C;T,"257,254",0.0,6EQE,257:C,254:T
W;R,C;P,"257,90",0.0,6EQE,257:C,90:P
W;N,C;Y,"257,37",0.0,6EQE,257:C,37:Y
W;Q,C;I,"257,182",0.0,6EQE,257:C,182:I
W;R,C;A,"257,90",0.0,6EQE,257:C,90:A
W;K,C;F,"257,253",0.0,6EQE,257:C,253:F
W;Y,C;S,"257,63",0.0,6EQE,257:C,63:S
W;Q,C;M,"257,127",0.0,6EQE,257:C,127:M
W;Q,C;L,"257,182",0.0,6EQE,257:C,182:L
W;K,C;A,"257,253",0.0,6EQE,257:C,253:A
W;K,C;V,"257,253",0.0,6EQE,257:C,253:V
W;Q,C;F,"257,182",0.0,6EQE,257:C,182:F
W;R,C;D,"257,90",0.0,6EQE,257:C,90:D
W;Q,C;A,"257,127",0.0,6EQE,257:C,127:A
W;Y,C;T,"257,63",0.0,6EQE,257:C,63:T
W;Q,C;V,"257,182",0.0,6EQE,257:C,182:V
W;K,C;L,"257,253",0.0,6EQE,257:C,253:L
W;C,C;S,"257,289",0.0,6EQE,257:C,289:S
W;Y,C;G,"257,63",0.0,6EQE,257:C,63:G
W;M,C;V,"257,154",0.0,6EQE,257:C,154:V
W;Q,C;T,"257,127",0.0,6EQE,257:C,127:T
W;A,C;D,"257,226",0.0,6EQE,257:C,226:D
W;C,C;A,"257,289",0.0,6EQE,257:C,289:A
W;R,C;Q,"257,224",0.0,6EQE,257:C,224:Q
W;N,C;K,"257,233",0.0,6EQE,257:C,233:K
W;S,C;E,"257,136",0.0,6EQE,257:C,136:E
W;D,C;N,"257,186",0.0,6EQE,257:C,186:N
W;R,C;A,"257,280",0.0,6EQE,257:C,280:A
W;S,C;F,"257,238",0.0,6EQE,257:C,238:F
W;S,C;Q,"257,188",0.0,6EQE,257:C,188:Q
W;S,C;H,"257,214",0.0,6EQE,257:C,214:H
W;L,C;F,"257,117",0.0,6EQE,257:C,117:F
W;Q,C;Y,"257,119",0.0,6EQE,257:C,119:Y
W;G,C;A,"257,165",0.0,6EQE,257:C,165:A
W;S,C;E,"257,121",0.0,6EQE,257:C,121:E
W;I,C;R,"257,168",0.0,6EQE,257:C,168:R
W;N,C;H,"257,205",0.0,6EQE,257:C,205:H
W;S,C;Y,"257,269",0.0,6EQE,257:C,269:Y
W;S,C;T,"257,214",0.0,6EQE,257:C,214:T
W;I,C;R,"257,218",0.0,6EQE,257:C,218:R
W;P,C;K,"257,120",0.0,6EQE,257:C,120:K
W;M,C;H,"257,161",0.0,6EQE,257:C,161:H
W;I,C;H,"257,168",0.0,6EQE,257:C,168:H
W;N,C;K,"257,114",0.0,6EQE,257:C,114:K
W;P,C;V,"257,184",0.0,6EQE,257:C,184:V
W;W,C;P,"257,185",0.0,6EQE,257:C,185:P
W;S,C;H,"257,187",0.0,6EQE,257:C,187:H
W;S,C;P,"257,188",0.0,6EQE,257:C,188:P
W;T,C;Y,"257,189",0.0,6EQE,257:C,189:Y
W;F,C;M,"257,191",0.0,6EQE,257:C,191:M
Q;S,N;M,"127,238",0.0,6EQE,127:N,238:M
Q;F,N;M,"127,271",0.0,6EQE,127:N,271:M
Q;S,N;A,"127,124",0.0,6EQE,127:N,124:A
Q;G,N;I,"127,243",0.0,6EQE,127:N,243:I
Q;A,N;V,"127,65",0.0,6EQE,127:N,65:V
Q;Q,N;E,"127,133",0.0,6EQE,127:N,133:E
Q;S,N;T,"127,124",0.0,6EQE,127:N,124:T
Q;Q,N;W,"127,133",0.0,6EQE,127:N,133:W
Q;D,N;L,"127,220",0.0,6EQE,127:N,220:L
Q;T,N;D,"127,88",0.0,6EQE,127:N,88:D
Q;R,N;N,"127,132",0.0,6EQE,127:N,132:N
Q;A,N;Y,"127,215",0.0,6EQE,127:N,215:Y
Q;L,N;K,"127,249",0.0,6EQE,127:N,249:K
Q;R,N;Y,"127,123",0.0,6EQE,127:N,123:Y
Q;F,N;W,"127,271",0.0,6EQE,127:N,271:W
Q;S,N;D,"127,58",0.0,6EQE,127:N,58:D
Q;N,N;I,"127,37",0.0,6EQE,127:N,37:I
Q;C,N;D,"127,289",0.0,6EQE,127:N,289:D
Q;A,N;P,"127,152",0.0,6EQE,127:N,152:P
Q;D,N;V,"127,186",0.0,6EQE,127:N,186:V
Q;G,N;P,"127,243",0.0,6EQE,127:N,243:P
Q;S,N;E,"127,115",0.0,6EQE,127:N,115:E
Q;L,N;Q,"127,216",0.0,6EQE,127:N,216:Q
Q;N,N;P,"127,277",0.0,6EQE,127:N,277:P
Q;R,N;Q,"127,132",0.0,6EQE,127:N,132:Q
Q;N,N;Y,"127,244",0.0,6EQE,127:N,244:Y
Q;H,N;T,"127,104",0.0,6EQE,127:N,104:T
Q;S,N;V,"127,58",0.0,6EQE,127:N,58:V
Q;H,N;L,"127,104",0.0,6EQE,127:N,104:L
Q;P,N;Q,"127,38",0.0,6EQE,127:N,38:Q
Q;R,N;L,"127,53",0.0,6EQE,127:N,53:L
Q;A,N;T,"127,180",0.0,6EQE,127:N,180:T
Q;P,N;D,"127,197",0.0,6EQE,127:N,197:D
Q;T,N;V,"127,198",0.0,6EQE,127:N,198:V
Q;A,N;M,"127,135",0.0,6EQE,127:N,135:M
Q;I,N;L,"127,111",0.0,6EQE,127:N,111:L
Q;G,N;S,"127,243",0.0,6EQE,127:N,243:S
Q;W,N;I,"127,159",0.0,6EQE,127:N,159:I
Q;S,N;N,"127,103",0.0,6EQE,127:N,103:N
Q;A,N;Y,"127,179",0.0,6EQE,127:N,179:Y
Q;W,N;K,"127,257",0.0,6EQE,127:N,257:K
Q;L,N;M,"127,216",0.0,6EQE,127:N,216:M
Q;G,N;A,"127,243",0.0,6EQE,127:N,243:A
Q;A,N;N,"127,226",0.0,6EQE,127:N,226:N
Q;L,N;I,"127,216",0.0,6EQE,127:N,216:I
Q;C,N;L,"127,289",0.0,6EQE,127:N,289:L
Q;S,N;E,"127,207",0.0,6EQE,127:N,207:E
Q;M,N;L,"127,154",0.0,6EQE,127:N,154:L
Q;M,N;P,"127,222",0.0,6EQE,127:N,222:P
Q;G,N;T,"127,251",0.0,6EQE,127:N,251:T
Q;P,N;L,"127,38",0.0,6EQE,127:N,38:L
Q;L,N;W,"127,216",0.0,6EQE,127:N,216:W
Q;T,N;L,"127,72",0.0,6EQE,127:N,72:L
Q;S,N;P,"127,245",0.0,6EQE,127:N,245:P
Q;I,N;W,"127,111",0.0,6EQE,127:N,111:W
Q;L,N;D,"127,249",0.0,6EQE,127:N,249:D
Q;E,N;K,"127,231",0.0,6EQE,127:N,231:K
Q;D,N;K,"127,263",0.0,6EQE,127:N,263:K
Q;T,N;M,"127,51",0.0,6EQE,127:N,51:M
Q;L,N;E,"127,216",0.0,6EQE,127:N,216:E
Q;S,N;T,"127,121",0.0,6EQE,127:N,121:T
Q;I,N;H,"127,145",0.0,6EQE,127:N,145:H
Q;I,N;L,"127,145",0.0,6EQE,127:N,145:L
Q;H,N;M,"127,104",0.0,6EQE,127:N,104:M
Q;R,N;P,"127,280",0.0,6EQE,127:N,280:P
Q;L,N;F,"127,216",0.0,6EQE,127:N,216:F
Q;S,N;D,"127,103",0.0,6EQE,127:N,103:D
Q;I,N;V,"127,200",0.0,6EQE,127:N,200:V
Q;T,N;K,"127,88",0.0,6EQE,127:N,88:K
Q;N,N;K,"127,138",0.0,6EQE,127:N,138:K
Q;A,N;L,"127,65",0.0,6EQE,127:N,65:L
Q;Q,N;T,"127,91",0.0,6EQE,127:N,91:T
Q;G,N;D,"127,163",0.0,6EQE,127:N,163:D
Q;A,N;M,"127,65",0.0,6EQE,127:N,65:M
Q;K,N;L,"127,252",0.0,6EQE,127:N,252:L
Q;V,N;D,"127,57",0.0,6EQE,127:N,57:D
Q;V,N;C,"127,281",0.0,6EQE,127:N,281:C
Q;T,N;V,"127,72",0.0,6EQE,127:N,72:V
Q;Q,N;N,"127,133",0.0,6EQE,127:N,133:N
Q;R,N;K,"127,53",0.0,6EQE,127:N,53:K
Q;S,N;P,"127,125",0.0,6EQE,127:N,125:P
Q;T,N;Q,"127,88",0.0,6EQE,127:N,88:Q
Q;N,N;L,"127,138",0.0,6EQE,127:N,138:L
Q;H,N;R,"127,104",0.0,6EQE,127:N,104:R
Q;W,N;P,"127,159",0.0,6EQE,127:N,159:P
Q;S,N;Y,"127,242",0.0,6EQE,127:N,242:Y
Q;A,N;F,"127,65",0.0,6EQE,127:N,65:F
Q;G,N;H,"127,251",0.0,6EQE,127:N,251:H
Q;L,N;P,"127,216",0.0,6EQE,127:N,216:P
Q;S,N;W,"127,58",0.0,6EQE,127:N,58:W
Q;A,N;E,"127,152",0.0,6EQE,127:N,152:E
Q;T,N;N,"127,88",0.0,6EQE,127:N,88:N
Q;T,N;N,"127,198",0.0,6EQE,127:N,198:N
Q;S,N;K,"127,58",0.0,6EQE,127:N,58:K
Q;L,N;C,"127,249",0.0,6EQE,127:N,249:C
Q;N,N;T,"127,190",0.0,6EQE,127:N,190:T
Q;S,N;V,"127,223",0.0,6EQE,127:N,223:V
Q;A,N;W,"127,65",0.0,6EQE,127:N,65:W
Q;K,N;Y,"127,253",0.0,6EQE,127:N,253:Y
Q;R,N;S,"127,90",0.0,6EQE,127:N,90:S
Q;T,N;M,"127,29",0.0,6EQE,127:N,29:M
Q;M,N;L,"127,262",0.0,6EQE,127:N,262:L
Q;A,N;L,"127,272",0.0,6EQE,127:N,272:L
Q;R,N;N,"127,90",0.0,6EQE,127:N,90:N
Q;R,N;T,"127,90",0.0,6EQE,127:N,90:T
Q;G,N;T,"127,254",0.0,6EQE,127:N,254:T
Q;R,N;P,"127,90",0.0,6EQE,127:N,90:P
Q;N,N;Y,"127,37",0.0,6EQE,127:N,37:Y
Q;Q,N;I,"127,182",0.0,6EQE,127:N,182:I
Q;R,N;A,"127,90",0.0,6EQE,127:N,90:A
Q;K,N;F,"127,253",0.0,6EQE,127:N,253:F
Q;Y,N;S,"127,63",0.0,6EQE,127:N,63:S
Q;Q,N;L,"127,182",0.0,6EQE,127:N,182:L
Q;K,N;A,"127,253",0.0,6EQE,127:N,253:A
Q;K,N;V,"127,253",0.0,6EQE,127:N,253:V
Q;Q,N;F,"127,182",0.0,6EQE,127:N,182:F
Q;R,N;D,"127,90",0.0,6EQE,127:N,90:D
Q;Y,N;T,"127,63",0.0,6EQE,127:N,63:T
Q;Q,N;V,"127,182",0.0,6EQE,127:N,182:V
Q;K,N;L,"127,253",0.0,6EQE,127:N,253:L
Q;C,N;S,"127,289",0.0,6EQE,127:N,289:S
Q;Y,N;G,"127,63",0.0,6EQE,127:N,63:G
Q;M,N;V,"127,154",0.0,6EQE,127:N,154:V
Q;A,N;D,"127,226",0.0,6EQE,127:N,226:D
Q;C,N;A,"127,289",0.0,6EQE,127:N,289:A
Q;R,N;Q,"127,224",0.0,6EQE,127:N,224:Q
Q;N,N;K,"127,233",0.0,6EQE,127:N,233:K
Q;S,N;E,"127,136",0.0,6EQE,127:N,136:E
Q;D,N;N,"127,186",0.0,6EQE,127:N,186:N
Q;R,N;A,"127,280",0.0,6EQE,127:N,280:A
Q;S,N;F,"127,238",0.0,6EQE,127:N,238:F
Q;S,N;Q,"127,188",0.0,6EQE,127:N,188:Q
Q;S,N;H,"127,214",0.0,6EQE,127:N,214:H
Q;L,N;F,"127,117",0.0,6EQE,127:N,117:F
Q;Q,N;Y,"127,119",0.0,6EQE,127:N,119:Y
Q;G,N;A,"127,165",0.0,6EQE,127:N,165:A
Q;S,N;E,"127,121",0.0,6EQE,127:N,121:E
Q;I,N;R,"127,168",0.0,6EQE,127:N,168:R
Q;N,N;H,"127,205",0.0,6EQE,127:N,205:H
Q;S,N;Y,"127,269",0.0,6EQE,127:N,269:Y
Q;S,N;T,"127,214",0.0,6EQE,127:N,214:T
Q;I,N;R,"127,218",0.0,6EQE,127:N,218:R
Q;P,N;K,"127,120",0.0,6EQE,127:N,120:K
Q;M,N;H,"127,161",0.0,6EQE,127:N,161:H
Q;I,N;H,"127,168",0.0,6EQE,127:N,168:H
Q;N,N;K,"127,114",0.0,6EQE,127:N,114:K
Q;P,N;V,"127,184",0.0,6EQE,127:N,184:V
Q;W,N;P,"127,185",0.0,6EQE,127:N,185:P
Q;S,N;H,"127,187",0.0,6EQE,127:N,187:H
Q;S,N;P,"127,188",0.0,6EQE,127:N,188:P
Q;T,N;Y,"127,189",0.0,6EQE,127:N,189:Y
Q;F,N;M,"127,191",0.0,6EQE,127:N,191:M
Q;S,R;M,"127,238",0.0,6EQE,127:R,238:M
Q;F,R;M,"127,271",0.0,6EQE,127:R,271:M
Q;S,R;A,"127,124",0.0,6EQE,127:R,124:A
Q;G,R;I,"127,243",0.0,6EQE,127:R,243:I
Q;A,R;V,"127,65",0.0,6EQE,127:R,65:V
Q;Q,R;E,"127,133",0.0,6EQE,127:R,133:E
Q;S,R;T,"127,124",0.0,6EQE,127:R,124:T
Q;Q,R;W,"127,133",0.0,6EQE,127:R,133:W
Q;D,R;L,"127,220",0.0,6EQE,127:R,220:L
Q;T,R;D,"127,88",0.0,6EQE,127:R,88:D
Q;R,R;N,"127,132",0.0,6EQE,127:R,132:N
Q;A,R;Y,"127,215",0.0,6EQE,127:R,215:Y
Q;L,R;K,"127,249",0.0,6EQE,127:R,249:K
Q;R,R;Y,"127,123",0.0,6EQE,127:R,123:Y
Q;F,R;W,"127,271",0.0,6EQE,127:R,271:W
Q;S,R;D,"127,58",0.0,6EQE,127:R,58:D
Q;N,R;I,"127,37",0.0,6EQE,127:R,37:I
Q;C,R;D,"127,289",0.0,6EQE,127:R,289:D
Q;A,R;P,"127,152",0.0,6EQE,127:R,152:P
Q;D,R;V,"127,186",0.0,6EQE,127:R,186:V
Q;G,R;P,"127,243",0.0,6EQE,127:R,243:P
Q;S,R;E,"127,115",0.0,6EQE,127:R,115:E
Q;L,R;Q,"127,216",0.0,6EQE,127:R,216:Q
Q;N,R;P,"127,277",0.0,6EQE,127:R,277:P
Q;R,R;Q,"127,132",0.0,6EQE,127:R,132:Q
Q;N,R;Y,"127,244",0.0,6EQE,127:R,244:Y
Q;H,R;T,"127,104",0.0,6EQE,127:R,104:T
Q;S,R;V,"127,58",0.0,6EQE,127:R,58:V
Q;H,R;L,"127,104",0.0,6EQE,127:R,104:L
Q;P,R;Q,"127,38",0.0,6EQE,127:R,38:Q
Q;R,R;L,"127,53",0.0,6EQE,127:R,53:L
Q;A,R;T,"127,180",0.0,6EQE,127:R,180:T
Q;P,R;D,"127,197",0.0,6EQE,127:R,197:D
Q;T,R;V,"127,198",0.0,6EQE,127:R,198:V
Q;A,R;M,"127,135",0.0,6EQE,127:R,135:M
Q;I,R;L,"127,111",0.0,6EQE,127:R,111:L
Q;G,R;S,"127,243",0.0,6EQE,127:R,243:S
Q;W,R;I,"127,159",0.0,6EQE,127:R,159:I
Q;S,R;N,"127,103",0.0,6EQE,127:R,103:N
Q;A,R;Y,"127,179",0.0,6EQE,127:R,179:Y
Q;W,R;K,"127,257",0.0,6EQE,127:R,257:K
Q;L,R;M,"127,216",0.0,6EQE,127:R,216:M
Q;G,R;A,"127,243",0.0,6EQE,127:R,243:A
Q;A,R;N,"127,226",0.0,6EQE,127:R,226:N
Q;L,R;I,"127,216",0.0,6EQE,127:R,216:I
Q;C,R;L,"127,289",0.0,6EQE,127:R,289:L
Q;S,R;E,"127,207",0.0,6EQE,127:R,207:E
Q;M,R;L,"127,154",0.0,6EQE,127:R,154:L
Q;M,R;P,"127,222",0.0,6EQE,127:R,222:P
Q;G,R;T,"127,251",0.0,6EQE,127:R,251:T
Q;P,R;L,"127,38",0.0,6EQE,127:R,38:L
Q;L,R;W,"127,216",0.0,6EQE,127:R,216:W
Q;T,R;L,"127,72",0.0,6EQE,127:R,72:L
Q;S,R;P,"127,245",0.0,6EQE,127:R,245:P
Q;I,R;W,"127,111",0.0,6EQE,127:R,111:W
Q;L,R;D,"127,249",0.0,6EQE,127:R,249:D
Q;E,R;K,"127,231",0.0,6EQE,127:R,231:K
Q;D,R;K,"127,263",0.0,6EQE,127:R,263:K
Q;T,R;M,"127,51",0.0,6EQE,127:R,51:M
Q;L,R;E,"127,216",0.0,6EQE,127:R,216:E
Q;S,R;T,"127,121",0.0,6EQE,127:R,121:T
Q;I,R;H,"127,145",0.0,6EQE,127:R,145:H
Q;I,R;L,"127,145",0.0,6EQE,127:R,145:L
Q;H,R;M,"127,104",0.0,6EQE,127:R,104:M
Q;R,R;P,"127,280",0.0,6EQE,127:R,280:P
Q;L,R;F,"127,216",0.0,6EQE,127:R,216:F
Q;S,R;D,"127,103",0.0,6EQE,127:R,103:D
Q;I,R;V,"127,200",0.0,6EQE,127:R,200:V
Q;T,R;K,"127,88",0.0,6EQE,127:R,88:K
Q;N,R;K,"127,138",0.0,6EQE,127:R,138:K
Q;A,R;L,"127,65",0.0,6EQE,127:R,65:L
Q;Q,R;T,"127,91",0.0,6EQE,127:R,91:T
Q;G,R;D,"127,163",0.0,6EQE,127:R,163:D
Q;A,R;M,"127,65",0.0,6EQE,127:R,65:M
Q;K,R;L,"127,252",0.0,6EQE,127:R,252:L
Q;V,R;D,"127,57",0.0,6EQE,127:R,57:D
Q;V,R;C,"127,281",0.0,6EQE,127:R,281:C
Q;T,R;V,"127,72",0.0,6EQE,127:R,72:V
Q;Q,R;N,"127,133",0.0,6EQE,127:R,133:N
Q;R,R;K,"127,53",0.0,6EQE,127:R,53:K
Q;S,R;P,"127,125",0.0,6EQE,127:R,125:P
Q;T,R;Q,"127,88",0.0,6EQE,127:R,88:Q
Q;N,R;L,"127,138",0.0,6EQE,127:R,138:L
Q;H,R;R,"127,104",0.0,6EQE,127:R,104:R
Q;W,R;P,"127,159",0.0,6EQE,127:R,159:P
Q;S,R;Y,"127,242",0.0,6EQE,127:R,242:Y
Q;A,R;F,"127,65",0.0,6EQE,127:R,65:F
Q;G,R;H,"127,251",0.0,6EQE,127:R,251:H
Q;L,R;P,"127,216",0.0,6EQE,127:R,216:P
Q;S,R;W,"127,58",0.0,6EQE,127:R,58:W
Q;A,R;E,"127,152",0.0,6EQE,127:R,152:E
Q;T,R;N,"127,88",0.0,6EQE,127:R,88:N
Q;T,R;N,"127,198",0.0,6EQE,127:R,198:N
Q;S,R;K,"127,58",0.0,6EQE,127:R,58:K
Q;L,R;C,"127,249",0.0,6EQE,127:R,249:C
Q;N,R;T,"127,190",0.0,6EQE,127:R,190:T
Q;S,R;V,"127,223",0.0,6EQE,127:R,223:V
Q;A,R;W,"127,65",0.0,6EQE,127:R,65:W
Q;K,R;Y,"127,253",0.0,6EQE,127:R,253:Y
Q;R,R;S,"127,90",0.0,6EQE,127:R,90:S
Q;T,R;M,"127,29",0.0,6EQE,127:R,29:M
Q;M,R;L,"127,262",0.0,6EQE,127:R,262:L
Q;A,R;L,"127,272",0.0,6EQE,127:R,272:L
Q;R,R;N,"127,90",0.0,6EQE,127:R,90:N
Q;R,R;T,"127,90",0.0,6EQE,127:R,90:T
Q;G,R;T,"127,254",0.0,6EQE,127:R,254:T
Q;R,R;P,"127,90",0.0,6EQE,127:R,90:P
Q;N,R;Y,"127,37",0.0,6EQE,127:R,37:Y
Q;Q,R;I,"127,182",0.0,6EQE,127:R,182:I
Q;R,R;A,"127,90",0.0,6EQE,127:R,90:A
Q;K,R;F,"127,253",0.0,6EQE,127:R,253:F
Q;Y,R;S,"127,63",0.0,6EQE,127:R,63:S
Q;Q,R;L,"127,182",0.0,6EQE,127:R,182:L
Q;K,R;A,"127,253",0.0,6EQE,127:R,253:A
Q;K,R;V,"127,253",0.0,6EQE,127:R,253:V
Q;Q,R;F,"127,182",0.0,6EQE,127:R,182:F
Q;R,R;D,"127,90",0.0,6EQE,127:R,90:D
Q;Y,R;T,"127,63",0.0,6EQE,127:R,63:T
Q;Q,R;V,"127,182",0.0,6EQE,127:R,182:V
Q;K,R;L,"127,253",0.0,6EQE,127:R,253:L
Q;C,R;S,"127,289",0.0,6EQE,127:R,289:S
Q;Y,R;G,"127,63",0.0,6EQE,127:R,63:G
Q;M,R;V,"127,154",0.0,6EQE,127:R,154:V
Q;A,R;D,"127,226",0.0,6EQE,127:R,226:D
Q;C,R;A,"127,289",0.0,6EQE,127:R,289:A
Q;R,R;Q,"127,224",0.0,6EQE,127:R,224:Q
Q;N,R;K,"127,233",0.0,6EQE,127:R,233:K
Q;S,R;E,"127,136",0.0,6EQE,127:R,136:E
Q;D,R;N,"127,186",0.0,6EQE,127:R,186:N
Q;R,R;A,"127,280",0.0,6EQE,127:R,280:A
Q;S,R;F,"127,238",0.0,6EQE,127:R,238:F
Q;S,R;Q,"127,188",0.0,6EQE,127:R,188:Q
Q;S,R;H,"127,214",0.0,6EQE,127:R,214:H
Q;L,R;F,"127,117",0.0,6EQE,127:R,117:F
Q;Q,R;Y,"127,119",0.0,6EQE,127:R,119:Y
Q;G,R;A,"127,165",0.0,6EQE,127:R,165:A
Q;S,R;E,"127,121",0.0,6EQE,127:R,121:E
Q;I,R;R,"127,168",0.0,6EQE,127:R,168:R
Q;N,R;H,"127,205",0.0,6EQE,127:R,205:H
Q;S,R;Y,"127,269",0.0,6EQE,127:R,269:Y
Q;S,R;T,"127,214",0.0,6EQE,127:R,214:T
Q;I,R;R,"127,218",0.0,6EQE,127:R,218:R
Q;P,R;K,"127,120",0.0,6EQE,127:R,120:K
Q;M,R;H,"127,161",0.0,6EQE,127:R,161:H
Q;I,R;H,"127,168",0.0,6EQE,127:R,168:H
Q;N,R;K,"127,114",0.0,6EQE,127:R,114:K
Q;P,R;V,"127,184",0.0,6EQE,127:R,184:V
Q;W,R;P,"127,185",0.0,6EQE,127:R,185:P
Q;S,R;H,"127,187",0.0,6EQE,127:R,187:H
Q;S,R;P,"127,188",0.0,6EQE,127:R,188:P
Q;T,R;Y,"127,189",0.0,6EQE,127:R,189:Y
Q;F,R;M,"127,191",0.0,6EQE,127:R,191:M
S;F,M;M,"238,271",0.0,6EQE,238:M,271:M
S;S,M;A,"238,124",0.0,6EQE,238:M,124:A
S;G,M;I,"238,243",0.0,6EQE,238:M,243:I
S;Q,M;I,"238,127",0.0,6EQE,238:M,127:I
S;A,M;V,"238,65",0.0,6EQE,238:M,65:V
S;Q,M;E,"238,133",0.0,6EQE,238:M,133:E
S;S,M;T,"238,124",0.0,6EQE,238:M,124:T
S;Q,M;K,"238,127",0.0,6EQE,238:M,127:K
S;Q,M;W,"238,133",0.0,6EQE,238:M,133:W
S;D,M;L,"238,220",0.0,6EQE,238:M,220:L
S;T,M;D,"238,88",0.0,6EQE,238:M,88:D
S;R,M;N,"238,132",0.0,6EQE,238:M,132:N
S;Q,M;D,"238,127",0.0,6EQE,238:M,127:D
S;A,M;Y,"238,215",0.0,6EQE,238:M,215:Y
S;L,M;K,"238,249",0.0,6EQE,238:M,249:K
S;R,M;Y,"238,123",0.0,6EQE,238:M,123:Y
S;F,M;W,"238,271",0.0,6EQE,238:M,271:W
S;S,M;D,"238,58",0.0,6EQE,238:M,58:D
S;N,M;I,"238,37",0.0,6EQE,238:M,37:I
S;C,M;D,"238,289",0.0,6EQE,238:M,289:D
S;A,M;P,"238,152",0.0,6EQE,238:M,152:P
S;D,M;V,"238,186",0.0,6EQE,238:M,186:V
S;G,M;P,"238,243",0.0,6EQE,238:M,243:P
S;S,M;E,"238,115",0.0,6EQE,238:M,115:E
S;L,M;Q,"238,216",0.0,6EQE,238:M,216:Q
S;N,M;P,"238,277",0.0,6EQE,238:M,277:P
S;R,M;Q,"238,132",0.0,6EQE,238:M,132:Q
S;N,M;Y,"238,244",0.0,6EQE,238:M,244:Y
S;H,M;T,"238,104",0.0,6EQE,238:M,104:T
S;S,M;V,"238,58",0.0,6EQE,238:M,58:V
S;H,M;L,"238,104",0.0,6EQE,238:M,104:L
S;P,M;Q,"238,38",0.0,6EQE,238:M,38:Q
S;R,M;L,"238,53",0.0,6EQE,238:M,53:L
S;A,M;T,"238,180",0.0,6EQE,238:M,180:T
S;P,M;D,"238,197",0.0,6EQE,238:M,197:D
S;T,M;V,"238,198",0.0,6EQE,238:M,198:V
S;A,M;M,"238,135",0.0,6EQE,238:M,135:M
S;I,M;L,"238,111",0.0,6EQE,238:M,111:L
S;G,M;S,"238,243",0.0,6EQE,238:M,243:S
S;Q,M;L,"238,127",0.0,6EQE,238:M,127:L
S;Q,M;H,"238,127",0.0,6EQE,238:M,127:H
S;W,M;I,"238,159",0.0,6EQE,238:M,159:I
S;Q,M;P,"238,127",0.0,6EQE,238:M,127:P
S;S,M;N,"238,103",0.0,6EQE,238:M,103:N
S;A,M;Y,"238,179",0.0,6EQE,238:M,179:Y
S;W,M;K,"238,257",0.0,6EQE,238:M,257:K
S;L,M;M,"238,216",0.0,6EQE,238:M,216:M
S;Q,M;E,"238,127",0.0,6EQE,238:M,127:E
S;G,M;A,"238,243",0.0,6EQE,238:M,243:A
S;A,M;N,"238,226",0.0,6EQE,238:M,226:N
S;L,M;I,"238,216",0.0,6EQE,238:M,216:I
S;C,M;L,"238,289",0.0,6EQE,238:M,289:L
S;S,M;E,"238,207",0.0,6EQE,238:M,207:E
S;M,M;L,"238,154",0.0,6EQE,238:M,154:L
S;M,M;P,"238,222",0.0,6EQE,238:M,222:P
S;G,M;T,"238,251",0.0,6EQE,238:M,251:T
S;P,M;L,"238,38",0.0,6EQE,238:M,38:L
S;L,M;W,"238,216",0.0,6EQE,238:M,216:W
S;T,M;L,"238,72",0.0,6EQE,238:M,72:L
S;S,M;P,"238,245",0.0,6EQE,238:M,245:P
S;I,M;W,"238,111",0.0,6EQE,238:M,111:W
S;L,M;D,"238,249",0.0,6EQE,238:M,249:D
S;E,M;K,"238,231",0.0,6EQE,238:M,231:K
S;D,M;K,"238,263",0.0,6EQE,238:M,263:K
S;T,M;M,"238,51",0.0,6EQE,238:M,51:M
S;L,M;E,"238,216",0.0,6EQE,238:M,216:E
S;S,M;T,"238,121",0.0,6EQE,238:M,121:T
S;I,M;H,"238,145",0.0,6EQE,238:M,145:H
S;I,M;L,"238,145",0.0,6EQE,238:M,145:L
S;H,M;M,"238,104",0.0,6EQE,238:M,104:M
S;R,M;P,"238,280",0.0,6EQE,238:M,280:P
S;L,M;F,"238,216",0.0,6EQE,238:M,216:F
S;S,M;D,"238,103",0.0,6EQE,238:M,103:D
S;I,M;V,"238,200",0.0,6EQE,238:M,200:V
S;T,M;K,"238,88",0.0,6EQE,238:M,88:K
S;N,M;K,"238,138",0.0,6EQE,238:M,138:K
S;A,M;L,"238,65",0.0,6EQE,238:M,65:L
S;Q,M;T,"238,91",0.0,6EQE,238:M,91:T
S;G,M;D,"238,163",0.0,6EQE,238:M,163:D
S;A,M;M,"238,65",0.0,6EQE,238:M,65:M
S;K,M;L,"238,252",0.0,6EQE,238:M,252:L
S;V,M;D,"238,57",0.0,6EQE,238:M,57:D
S;Q,M;V,"238,127",0.0,6EQE,238:M,127:V
S;V,M;C,"238,281",0.0,6EQE,238:M,281:C
S;T,M;V,"238,72",0.0,6EQE,238:M,72:V
S;Q,M;N,"238,133",0.0,6EQE,238:M,133:N
S;R,M;K,"238,53",0.0,6EQE,238:M,53:K
S;S,M;P,"238,125",0.0,6EQE,238:M,125:P
S;T,M;Q,"238,88",0.0,6EQE,238:M,88:Q
S;N,M;L,"238,138",0.0,6EQE,238:M,138:L
S;H,M;R,"238,104",0.0,6EQE,238:M,104:R
S;W,M;P,"238,159",0.0,6EQE,238:M,159:P
S;S,M;Y,"238,242",0.0,6EQE,238:M,242:Y
S;A,M;F,"238,65",0.0,6EQE,238:M,65:F
S;G,M;H,"238,251",0.0,6EQE,238:M,251:H
S;L,M;P,"238,216",0.0,6EQE,238:M,216:P
S;S,M;W,"238,58",0.0,6EQE,238:M,58:W
S;A,M;E,"238,152",0.0,6EQE,238:M,152:E
S;T,M;N,"238,88",0.0,6EQE,238:M,88:N
S;T,M;N,"238,198",0.0,6EQE,238:M,198:N
S;S,M;K,"238,58",0.0,6EQE,238:M,58:K
S;L,M;C,"238,249",0.0,6EQE,238:M,249:C
S;N,M;T,"238,190",0.0,6EQE,238:M,190:T
S;S,M;V,"238,223",0.0,6EQE,238:M,223:V
S;A,M;W,"238,65",0.0,6EQE,238:M,65:W
S;K,M;Y,"238,253",0.0,6EQE,238:M,253:Y
S;R,M;S,"238,90",0.0,6EQE,238:M,90:S
S;T,M;M,"238,29",0.0,6EQE,238:M,29:M
S;M,M;L,"238,262",0.0,6EQE,238:M,262:L
S;A,M;L,"238,272",0.0,6EQE,238:M,272:L
S;R,M;N,"238,90",0.0,6EQE,238:M,90:N
S;R,M;T,"238,90",0.0,6EQE,238:M,90:T
S;G,M;T,"238,254",0.0,6EQE,238:M,254:T
S;R,M;P,"238,90",0.0,6EQE,238:M,90:P
S;N,M;Y,"238,37",0.0,6EQE,238:M,37:Y
S;Q,M;I,"238,182",0.0,6EQE,238:M,182:I
S;R,M;A,"238,90",0.0,6EQE,238:M,90:A
S;K,M;F,"238,253",0.0,6EQE,238:M,253:F
S;Y,M;S,"238,63",0.0,6EQE,238:M,63:S
S;Q,M;M,"238,127",0.0,6EQE,238:M,127:M
S;Q,M;L,"238,182",0.0,6EQE,238:M,182:L
S;K,M;A,"238,253",0.0,6EQE,238:M,253:A
S;K,M;V,"238,253",0.0,6EQE,238:M,253:V
S;Q,M;F,"238,182",0.0,6EQE,238:M,182:F
S;R,M;D,"238,90",0.0,6EQE,238:M,90:D
S;Q,M;A,"238,127",0.0,6EQE,238:M,127:A
S;Y,M;T,"238,63",0.0,6EQE,238:M,63:T
S;Q,M;V,"238,182",0.0,6EQE,238:M,182:V
S;K,M;L,"238,253",0.0,6EQE,238:M,253:L
S;C,M;S,"238,289",0.0,6EQE,238:M,289:S
S;Y,M;G,"238,63",0.0,6EQE,238:M,63:G
S;M,M;V,"238,154",0.0,6EQE,238:M,154:V
S;Q,M;T,"238,127",0.0,6EQE,238:M,127:T
S;A,M;D,"238,226",0.0,6EQE,238:M,226:D
S;C,M;A,"238,289",0.0,6EQE,238:M,289:A
S;R,M;Q,"238,224",0.0,6EQE,238:M,224:Q
S;N,M;K,"238,233",0.0,6EQE,238:M,233:K
S;S,M;E,"238,136",0.0,6EQE,238:M,136:E
S;D,M;N,"238,186",0.0,6EQE,238:M,186:N
S;R,M;A,"238,280",0.0,6EQE,238:M,280:A
S;S,M;Q,"238,188",0.0,6EQE,238:M,188:Q
S;S,M;H,"238,214",0.0,6EQE,238:M,214:H
S;L,M;F,"238,117",0.0,6EQE,238:M,117:F
S;Q,M;Y,"238,119",0.0,6EQE,238:M,119:Y
S;G,M;A,"238,165",0.0,6EQE,238:M,165:A
S;S,M;E,"238,121",0.0,6EQE,238:M,121:E
S;I,M;R,"238,168",0.0,6EQE,238:M,168:R
S;N,M;H,"238,205",0.0,6EQE,238:M,205:H
S;S,M;Y,"238,269",0.0,6EQE,238:M,269:Y
S;S,M;T,"238,214",0.0,6EQE,238:M,214:T
S;I,M;R,"238,218",0.0,6EQE,238:M,218:R
S;P,M;K,"238,120",0.0,6EQE,238:M,120:K
S;M,M;H,"238,161",0.0,6EQE,238:M,161:H
S;I,M;H,"238,168",0.0,6EQE,238:M,168:H
S;N,M;K,"238,114",0.0,6EQE,238:M,114:K
S;P,M;V,"238,184",0.0,6EQE,238:M,184:V
S;W,M;P,"238,185",0.0,6EQE,238:M,185:P
S;S,M;H,"238,187",0.0,6EQE,238:M,187:H
S;S,M;P,"238,188",0.0,6EQE,238:M,188:P
S;T,M;Y,"238,189",0.0,6EQE,238:M,189:Y
S;F,M;M,"238,191",0.0,6EQE,238:M,191:M
F;S,M;A,"271,124",0.0,6EQE,271:M,124:A
F;G,M;I,"271,243",0.0,6EQE,271:M,243:I
F;Q,M;I,"271,127",0.0,6EQE,271:M,127:I
F;A,M;V,"271,65",0.0,6EQE,271:M,65:V
F;Q,M;E,"271,133",0.0,6EQE,271:M,133:E
F;S,M;T,"271,124",0.0,6EQE,271:M,124:T
F;Q,M;K,"271,127",0.0,6EQE,271:M,127:K
F;Q,M;W,"271,133",0.0,6EQE,271:M,133:W
F;D,M;L,"271,220",0.0,6EQE,271:M,220:L
F;T,M;D,"271,88",0.0,6EQE,271:M,88:D
F;R,M;N,"271,132",0.0,6EQE,271:M,132:N
F;Q,M;D,"271,127",0.0,6EQE,271:M,127:D
F;A,M;Y,"271,215",0.0,6EQE,271:M,215:Y
F;L,M;K,"271,249",0.0,6EQE,271:M,249:K
F;R,M;Y,"271,123",0.0,6EQE,271:M,123:Y
F;S,M;D,"271,58",0.0,6EQE,271:M,58:D
F;N,M;I,"271,37",0.0,6EQE,271:M,37:I
F;C,M;D,"271,289",0.0,6EQE,271:M,289:D
F;A,M;P,"271,152",0.0,6EQE,271:M,152:P
F;D,M;V,"271,186",0.0,6EQE,271:M,186:V
F;G,M;P,"271,243",0.0,6EQE,271:M,243:P
F;S,M;E,"271,115",0.0,6EQE,271:M,115:E
F;L,M;Q,"271,216",0.0,6EQE,271:M,216:Q
F;N,M;P,"271,277",0.0,6EQE,271:M,277:P
F;R,M;Q,"271,132",0.0,6EQE,271:M,132:Q
F;N,M;Y,"271,244",0.0,6EQE,271:M,244:Y
F;H,M;T,"271,104",0.0,6EQE,271:M,104:T
F;S,M;V,"271,58",0.0,6EQE,271:M,58:V
F;H,M;L,"271,104",0.0,6EQE,271:M,104:L
F;P,M;Q,"271,38",0.0,6EQE,271:M,38:Q
F;R,M;L,"271,53",0.0,6EQE,271:M,53:L
F;A,M;T,"271,180",0.0,6EQE,271:M,180:T
F;P,M;D,"271,197",0.0,6EQE,271:M,197:D
F;T,M;V,"271,198",0.0,6EQE,271:M,198:V
F;A,M;M,"271,135",0.0,6EQE,271:M,135:M
F;I,M;L,"271,111",0.0,6EQE,271:M,111:L
F;G,M;S,"271,243",0.0,6EQE,271:M,243:S
F;Q,M;L,"271,127",0.0,6EQE,271:M,127:L
F;Q,M;H,"271,127",0.0,6EQE,271:M,127:H
F;W,M;I,"271,159",0.0,6EQE,271:M,159:I
F;Q,M;P,"271,127",0.0,6EQE,271:M,127:P
F;S,M;N,"271,103",0.0,6EQE,271:M,103:N
F;A,M;Y,"271,179",0.0,6EQE,271:M,179:Y
F;W,M;K,"271,257",0.0,6EQE,271:M,257:K
F;L,M;M,"271,216",0.0,6EQE,271:M,216:M
F;Q,M;E,"271,127",0.0,6EQE,271:M,127:E
F;G,M;A,"271,243",0.0,6EQE,271:M,243:A
F;A,M;N,"271,226",0.0,6EQE,271:M,226:N
F;L,M;I,"271,216",0.0,6EQE,271:M,216:I
F;C,M;L,"271,289",0.0,6EQE,271:M,289:L
F;S,M;E,"271,207",0.0,6EQE,271:M,207:E
F;M,M;L,"271,154",0.0,6EQE,271:M,154:L
F;M,M;P,"271,222",0.0,6EQE,271:M,222:P
F;G,M;T,"271,251",0.0,6EQE,271:M,251:T
F;P,M;L,"271,38",0.0,6EQE,271:M,38:L
F;L,M;W,"271,216",0.0,6EQE,271:M,216:W
F;T,M;L,"271,72",0.0,6EQE,271:M,72:L
F;S,M;P,"271,245",0.0,6EQE,271:M,245:P
F;I,M;W,"271,111",0.0,6EQE,271:M,111:W
F;L,M;D,"271,249",0.0,6EQE,271:M,249:D
F;E,M;K,"271,231",0.0,6EQE,271:M,231:K
F;D,M;K,"271,263",0.0,6EQE,271:M,263:K
F;T,M;M,"271,51",0.0,6EQE,271:M,51:M
F;L,M;E,"271,216",0.0,6EQE,271:M,216:E
F;S,M;T,"271,121",0.0,6EQE,271:M,121:T
F;I,M;H,"271,145",0.0,6EQE,271:M,145:H
F;I,M;L,"271,145",0.0,6EQE,271:M,145:L
F;H,M;M,"271,104",0.0,6EQE,271:M,104:M
F;R,M;P,"271,280",0.0,6EQE,271:M,280:P
F;L,M;F,"271,216",0.0,6EQE,271:M,216:F
F;S,M;D,"271,103",0.0,6EQE,271:M,103:D
F;I,M;V,"271,200",0.0,6EQE,271:M,200:V
F;T,M;K,"271,88",0.0,6EQE,271:M,88:K
F;N,M;K,"271,138",0.0,6EQE,271:M,138:K
F;A,M;L,"271,65",0.0,6EQE,271:M,65:L
F;Q,M;T,"271,91",0.0,6EQE,271:M,91:T
F;G,M;D,"271,163",0.0,6EQE,271:M,163:D
F;A,M;M,"271,65",0.0,6EQE,271:M,65:M
F;K,M;L,"271,252",0.0,6EQE,271:M,252:L
F;V,M;D,"271,57",0.0,6EQE,271:M,57:D
F;Q,M;V,"271,127",0.0,6EQE,271:M,127:V
F;V,M;C,"271,281",0.0,6EQE,271:M,281:C
F;T,M;V,"271,72",0.0,6EQE,271:M,72:V
F;Q,M;N,"271,133",0.0,6EQE,271:M,133:N
F;R,M;K,"271,53",0.0,6EQE,271:M,53:K
F;S,M;P,"271,125",0.0,6EQE,271:M,125:P
F;T,M;Q,"271,88",0.0,6EQE,271:M,88:Q
F;N,M;L,"271,138",0.0,6EQE,271:M,138:L
F;H,M;R,"271,104",0.0,6EQE,271:M,104:R
F;W,M;P,"271,159",0.0,6EQE,271:M,159:P
F;S,M;Y,"271,242",0.0,6EQE,271:M,242:Y
F;A,M;F,"271,65",0.0,6EQE,271:M,65:F
F;G,M;H,"271,251",0.0,6EQE,271:M,251:H
F;L,M;P,"271,216",0.0,6EQE,271:M,216:P
F;S,M;W,"271,58",0.0,6EQE,271:M,58:W
F;A,M;E,"271,152",0.0,6EQE,271:M,152:E
F;T,M;N,"271,88",0.0,6EQE,271:M,88:N
F;T,M;N,"271,198",0.0,6EQE,271:M,198:N
F;S,M;K,"271,58",0.0,6EQE,271:M,58:K
F;L,M;C,"271,249",0.0,6EQE,271:M,249:C
F;N,M;T,"271,190",0.0,6EQE,271:M,190:T
F;S,M;V,"271,223",0.0,6EQE,271:M,223:V
F;A,M;W,"271,65",0.0,6EQE,271:M,65:W
F;K,M;Y,"271,253",0.0,6EQE,271:M,253:Y
F;R,M;S,"271,90",0.0,6EQE,271:M,90:S
F;T,M;M,"271,29",0.0,6EQE,271:M,29:M
F;M,M;L,"271,262",0.0,6EQE,271:M,262:L
F;A,M;L,"271,272",0.0,6EQE,271:M,272:L
F;R,M;N,"271,90",0.0,6EQE,271:M,90:N
F;R,M;T,"271,90",0.0,6EQE,271:M,90:T
F;G,M;T,"271,254",0.0,6EQE,271:M,254:T
F;R,M;P,"271,90",0.0,6EQE,271:M,90:P
F;N,M;Y,"271,37",0.0,6EQE,271:M,37:Y
F;Q,M;I,"271,182",0.0,6EQE,271:M,182:I
F;R,M;A,"271,90",0.0,6EQE,271:M,90:A
F;K,M;F,"271,253",0.0,6EQE,271:M,253:F
F;Y,M;S,"271,63",0.0,6EQE,271:M,63:S
F;Q,M;M,"271,127",0.0,6EQE,271:M,127:M
F;Q,M;L,"271,182",0.0,6EQE,271:M,182:L
F;K,M;A,"271,253",0.0,6EQE,271:M,253:A
F;K,M;V,"271,253",0.0,6EQE,271:M,253:V
F;Q,M;F,"271,182",0.0,6EQE,271:M,182:F
F;R,M;D,"271,90",0.0,6EQE,271:M,90:D
F;Q,M;A,"271,127",0.0,6EQE,271:M,127:A
F;Y,M;T,"271,63",0.0,6EQE,271:M,63:T
F;Q,M;V,"271,182",0.0,6EQE,271:M,182:V
F;K,M;L,"271,253",0.0,6EQE,271:M,253:L
F;C,M;S,"271,289",0.0,6EQE,271:M,289:S
F;Y,M;G,"271,63",0.0,6EQE,271:M,63:G
F;M,M;V,"271,154",0.0,6EQE,271:M,154:V
F;Q,M;T,"271,127",0.0,6EQE,271:M,127:T
F;A,M;D,"271,226",0.0,6EQE,271:M,226:D
F;C,M;A,"271,289",0.0,6EQE,271:M,289:A
F;R,M;Q,"271,224",0.0,6EQE,271:M,224:Q
F;N,M;K,"271,233",0.0,6EQE,271:M,233:K
F;S,M;E,"271,136",0.0,6EQE,271:M,136:E
F;D,M;N,"271,186",0.0,6EQE,271:M,186:N
F;R,M;A,"271,280",0.0,6EQE,271:M,280:A
F;S,M;F,"271,238",0.0,6EQE,271:M,238:F
F;S,M;Q,"271,188",0.0,6EQE,271:M,188:Q
F;S,M;H,"271,214",0.0,6EQE,271:M,214:H
F;L,M;F,"271,117",0.0,6EQE,271:M,117:F
F;Q,M;Y,"271,119",0.0,6EQE,271:M,119:Y
F;G,M;A,"271,165",0.0,6EQE,271:M,165:A
F;S,M;E,"271,121",0.0,6EQE,271:M,121:E
F;I,M;R,"271,168",0.0,6EQE,271:M,168:R
F;N,M;H,"271,205",0.0,6EQE,271:M,205:H
F;S,M;Y,"271,269",0.0,6EQE,271:M,269:Y
F;S,M;T,"271,214",0.0,6EQE,271:M,214:T
F;I,M;R,"271,218",0.0,6EQE,271:M,218:R
F;P,M;K,"271,120",0.0,6EQE,271:M,120:K
F;M,M;H,"271,161",0.0,6EQE,271:M,161:H
F;I,M;H,"271,168",0.0,6EQE,271:M,168:H
F;N,M;K,"271,114",0.0,6EQE,271:M,114:K
F;P,M;V,"271,184",0.0,6EQE,271:M,184:V
F;W,M;P,"271,185",0.0,6EQE,271:M,185:P
F;S,M;H,"271,187",0.0,6EQE,271:M,187:H
F;S,M;P,"271,188",0.0,6EQE,271:M,188:P
F;T,M;Y,"271,189",0.0,6EQE,271:M,189:Y
F;F,M;M,"271,191",0.0,6EQE,271:M,191:M
S;G,A;I,"124,243",0.0,6EQE,124:A,243:I
S;Q,A;I,"124,127",0.0,6EQE,124:A,127:I
S;A,A;V,"124,65",0.0,6EQE,124:A,65:V
S;Q,A;E,"124,133",0.0,6EQE,124:A,133:E
S;Q,A;K,"124,127",0.0,6EQE,124:A,127:K
S;Q,A;W,"124,133",0.0,6EQE,124:A,133:W
S;D,A;L,"124,220",0.0,6EQE,124:A,220:L
S;T,A;D,"124,88",0.0,6EQE,124:A,88:D
S;R,A;N,"124,132",0.0,6EQE,124:A,132:N
S;Q,A;D,"124,127",0.0,6EQE,124:A,127:D
S;A,A;Y,"124,215",0.0,6EQE,124:A,215:Y
S;L,A;K,"124,249",0.0,6EQE,124:A,249:K
S;R,A;Y,"124,123",0.0,6EQE,124:A,123:Y
S;F,A;W,"124,271",0.0,6EQE,124:A,271:W
S;S,A;D,"124,58",0.0,6EQE,124:A,58:D
S;N,A;I,"124,37",0.0,6EQE,124:A,37:I
S;C,A;D,"124,289",0.0,6EQE,124:A,289:D
S;A,A;P,"124,152",0.0,6EQE,124:A,152:P
S;D,A;V,"124,186",0.0,6EQE,124:A,186:V
S;G,A;P,"124,243",0.0,6EQE,124:A,243:P
S;S,A;E,"124,115",0.0,6EQE,124:A,115:E
S;L,A;Q,"124,216",0.0,6EQE,124:A,216:Q
S;N,A;P,"124,277",0.0,6EQE,124:A,277:P
S;R,A;Q,"124,132",0.0,6EQE,124:A,132:Q
S;N,A;Y,"124,244",0.0,6EQE,124:A,244:Y
S;H,A;T,"124,104",0.0,6EQE,124:A,104:T
S;S,A;V,"124,58",0.0,6EQE,124:A,58:V
S;H,A;L,"124,104",0.0,6EQE,124:A,104:L
S;P,A;Q,"124,38",0.0,6EQE,124:A,38:Q
S;R,A;L,"124,53",0.0,6EQE,124:A,53:L
S;A,A;T,"124,180",0.0,6EQE,124:A,180:T
S;P,A;D,"124,197",0.0,6EQE,124:A,197:D
S;T,A;V,"124,198",0.0,6EQE,124:A,198:V
S;A,A;M,"124,135",0.0,6EQE,124:A,135:M
S;I,A;L,"124,111",0.0,6EQE,124:A,111:L
S;G,A;S,"124,243",0.0,6EQE,124:A,243:S
S;Q,A;L,"124,127",0.0,6EQE,124:A,127:L
S;Q,A;H,"124,127",0.0,6EQE,124:A,127:H
S;W,A;I,"124,159",0.0,6EQE,124:A,159:I
S;Q,A;P,"124,127",0.0,6EQE,124:A,127:P
S;S,A;N,"124,103",0.0,6EQE,124:A,103:N
S;A,A;Y,"124,179",0.0,6EQE,124:A,179:Y
S;W,A;K,"124,257",0.0,6EQE,124:A,257:K
S;L,A;M,"124,216",0.0,6EQE,124:A,216:M
S;Q,A;E,"124,127",0.0,6EQE,124:A,127:E
S;G,A;A,"124,243",0.0,6EQE,124:A,243:A
S;A,A;N,"124,226",0.0,6EQE,124:A,226:N
S;L,A;I,"124,216",0.0,6EQE,124:A,216:I
S;C,A;L,"124,289",0.0,6EQE,124:A,289:L
S;S,A;E,"124,207",0.0,6EQE,124:A,207:E
S;M,A;L,"124,154",0.0,6EQE,124:A,154:L
S;M,A;P,"124,222",0.0,6EQE,124:A,222:P
S;G,A;T,"124,251",0.0,6EQE,124:A,251:T
S;P,A;L,"124,38",0.0,6EQE,124:A,38:L
S;L,A;W,"124,216",0.0,6EQE,124:A,216:W
S;T,A;L,"124,72",0.0,6EQE,124:A,72:L
S;S,A;P,"124,245",0.0,6EQE,124:A,245:P
S;I,A;W,"124,111",0.0,6EQE,124:A,111:W
S;L,A;D,"124,249",0.0,6EQE,124:A,249:D
S;E,A;K,"124,231",0.0,6EQE,124:A,231:K
S;D,A;K,"124,263",0.0,6EQE,124:A,263:K
S;T,A;M,"124,51",0.0,6EQE,124:A,51:M
S;L,A;E,"124,216",0.0,6EQE,124:A,216:E
S;S,A;T,"124,121",0.0,6EQE,124:A,121:T
S;I,A;H,"124,145",0.0,6EQE,124:A,145:H
S;I,A;L,"124,145",0.0,6EQE,124:A,145:L
S;H,A;M,"124,104",0.0,6EQE,124:A,104:M
S;R,A;P,"124,280",0.0,6EQE,124:A,280:P
S;L,A;F,"124,216",0.0,6EQE,124:A,216:F
S;S,A;D,"124,103",0.0,6EQE,124:A,103:D
S;I,A;V,"124,200",0.0,6EQE,124:A,200:V
S;T,A;K,"124,88",0.0,6EQE,124:A,88:K
S;N,A;K,"124,138",0.0,6EQE,124:A,138:K
S;A,A;L,"124,65",0.0,6EQE,124:A,65:L
S;Q,A;T,"124,91",0.0,6EQE,124:A,91:T
S;G,A;D,"124,163",0.0,6EQE,124:A,163:D
S;A,A;M,"124,65",0.0,6EQE,124:A,65:M
S;K,A;L,"124,252",0.0,6EQE,124:A,252:L
S;V,A;D,"124,57",0.0,6EQE,124:A,57:D
S;Q,A;V,"124,127",0.0,6EQE,124:A,127:V
S;V,A;C,"124,281",0.0,6EQE,124:A,281:C
S;T,A;V,"124,72",0.0,6EQE,124:A,72:V
S;Q,A;N,"124,133",0.0,6EQE,124:A,133:N
S;R,A;K,"124,53",0.0,6EQE,124:A,53:K
S;S,A;P,"124,125",0.0,6EQE,124:A,125:P
S;T,A;Q,"124,88",0.0,6EQE,124:A,88:Q
S;N,A;L,"124,138",0.0,6EQE,124:A,138:L
S;H,A;R,"124,104",0.0,6EQE,124:A,104:R
S;W,A;P,"124,159",0.0,6EQE,124:A,159:P
S;S,A;Y,"124,242",0.0,6EQE,124:A,242:Y
S;A,A;F,"124,65",0.0,6EQE,124:A,65:F
S;G,A;H,"124,251",0.0,6EQE,124:A,251:H
S;L,A;P,"124,216",0.0,6EQE,124:A,216:P
S;S,A;W,"124,58",0.0,6EQE,124:A,58:W
S;A,A;E,"124,152",0.0,6EQE,124:A,152:E
S;T,A;N,"124,88",0.0,6EQE,124:A,88:N
S;T,A;N,"124,198",0.0,6EQE,124:A,198:N
S;S,A;K,"124,58",0.0,6EQE,124:A,58:K
S;L,A;C,"124,249",0.0,6EQE,124:A,249:C
S;N,A;T,"124,190",0.0,6EQE,124:A,190:T
S;S,A;V,"124,223",0.0,6EQE,124:A,223:V
S;A,A;W,"124,65",0.0,6EQE,124:A,65:W
S;K,A;Y,"124,253",0.0,6EQE,124:A,253:Y
S;R,A;S,"124,90",0.0,6EQE,124:A,90:S
S;T,A;M,"124,29",0.0,6EQE,124:A,29:M
S;M,A;L,"124,262",0.0,6EQE,124:A,262:L
S;A,A;L,"124,272",0.0,6EQE,124:A,272:L
S;R,A;N,"124,90",0.0,6EQE,124:A,90:N
S;R,A;T,"124,90",0.0,6EQE,124:A,90:T
S;G,A;T,"124,254",0.0,6EQE,124:A,254:T
S;R,A;P,"124,90",0.0,6EQE,124:A,90:P
S;N,A;Y,"124,37",0.0,6EQE,124:A,37:Y
S;Q,A;I,"124,182",0.0,6EQE,124:A,182:I
S;R,A;A,"124,90",0.0,6EQE,124:A,90:A
S;K,A;F,"124,253",0.0,6EQE,124:A,253:F
S;Y,A;S,"124,63",0.0,6EQE,124:A,63:S
S;Q,A;M,"124,127",0.0,6EQE,124:A,127:M
S;Q,A;L,"124,182",0.0,6EQE,124:A,182:L
S;K,A;A,"124,253",0.0,6EQE,124:A,253:A
S;K,A;V,"124,253",0.0,6EQE,124:A,253:V
S;Q,A;F,"124,182",0.0,6EQE,124:A,182:F
S;R,A;D,"124,90",0.0,6EQE,124:A,90:D
S;Q,A;A,"124,127",0.0,6EQE,124:A,127:A
S;Y,A;T,"124,63",0.0,6EQE,124:A,63:T
S;Q,A;V,"124,182",0.0,6EQE,124:A,182:V
S;K,A;L,"124,253",0.0,6EQE,124:A,253:L
S;C,A;S,"124,289",0.0,6EQE,124:A,289:S
S;Y,A;G,"124,63",0.0,6EQE,124:A,63:G
S;M,A;V,"124,154",0.0,6EQE,124:A,154:V
S;Q,A;T,"124,127",0.0,6EQE,124:A,127:T
S;A,A;D,"124,226",0.0,6EQE,124:A,226:D
S;C,A;A,"124,289",0.0,6EQE,124:A,289:A
S;R,A;Q,"124,224",0.0,6EQE,124:A,224:Q
S;N,A;K,"124,233",0.0,6EQE,124:A,233:K
S;S,A;E,"124,136",0.0,6EQE,124:A,136:E
S;D,A;N,"124,186",0.0,6EQE,124:A,186:N
S;R,A;A,"124,280",0.0,6EQE,124:A,280:A
S;S,A;F,"124,238",0.0,6EQE,124:A,238:F
S;S,A;Q,"124,188",0.0,6EQE,124:A,188:Q
S;S,A;H,"124,214",0.0,6EQE,124:A,214:H
S;L,A;F,"124,117",0.0,6EQE,124:A,117:F
S;Q,A;Y,"124,119",0.0,6EQE,124:A,119:Y
S;G,A;A,"124,165",0.0,6EQE,124:A,165:A
S;S,A;E,"124,121",0.0,6EQE,124:A,121:E
S;I,A;R,"124,168",0.0,6EQE,124:A,168:R
S;N,A;H,"124,205",0.0,6EQE,124:A,205:H
S;S,A;Y,"124,269",0.0,6EQE,124:A,269:Y
S;S,A;T,"124,214",0.0,6EQE,124:A,214:T
S;I,A;R,"124,218",0.0,6EQE,124:A,218:R
S;P,A;K,"124,120",0.0,6EQE,124:A,120:K
S;M,A;H,"124,161",0.0,6EQE,124:A,161:H
S;I,A;H,"124,168",0.0,6EQE,124:A,168:H
S;N,A;K,"124,114",0.0,6EQE,124:A,114:K
S;P,A;V,"124,184",0.0,6EQE,124:A,184:V
S;W,A;P,"124,185",0.0,6EQE,124:A,185:P
S;S,A;H,"124,187",0.0,6EQE,124:A,187:H
S;S,A;P,"124,188",0.0,6EQE,124:A,188:P
S;T,A;Y,"124,189",0.0,6EQE,124:A,189:Y
S;F,A;M,"124,191",0.0,6EQE,124:A,191:M
G;Q,I;I,"243,127",0.0,6EQE,243:I,127:I
G;A,I;V,"243,65",0.0,6EQE,243:I,65:V
G;Q,I;E,"243,133",0.0,6EQE,243:I,133:E
G;S,I;T,"243,124",0.0,6EQE,243:I,124:T
G;Q,I;K,"243,127",0.0,6EQE,243:I,127:K
G;Q,I;W,"243,133",0.0,6EQE,243:I,133:W
G;D,I;L,"243,220",0.0,6EQE,243:I,220:L
G;T,I;D,"243,88",0.0,6EQE,243:I,88:D
G;R,I;N,"243,132",0.0,6EQE,243:I,132:N
G;Q,I;D,"243,127",0.0,6EQE,243:I,127:D
G;A,I;Y,"243,215",0.0,6EQE,243:I,215:Y
G;L,I;K,"243,249",0.0,6EQE,243:I,249:K
G;R,I;Y,"243,123",0.0,6EQE,243:I,123:Y
G;F,I;W,"243,271",0.0,6EQE,243:I,271:W
G;S,I;D,"243,58",0.0,6EQE,243:I,58:D
G;N,I;I,"243,37",0.0,6EQE,243:I,37:I
G;C,I;D,"243,289",0.0,6EQE,243:I,289:D
G;A,I;P,"243,152",0.0,6EQE,243:I,152:P
G;D,I;V,"243,186",0.0,6EQE,243:I,186:V
G;S,I;E,"243,115",0.0,6EQE,243:I,115:E
G;L,I;Q,"243,216",0.0,6EQE,243:I,216:Q
G;N,I;P,"243,277",0.0,6EQE,243:I,277:P
G;R,I;Q,"243,132",0.0,6EQE,243:I,132:Q
G;N,I;Y,"243,244",0.0,6EQE,243:I,244:Y
G;H,I;T,"243,104",0.0,6EQE,243:I,104:T
G;S,I;V,"243,58",0.0,6EQE,243:I,58:V
G;H,I;L,"243,104",0.0,6EQE,243:I,104:L
G;P,I;Q,"243,38",0.0,6EQE,243:I,38:Q
G;R,I;L,"243,53",0.0,6EQE,243:I,53:L
G;A,I;T,"243,180",0.0,6EQE,243:I,180:T
G;P,I;D,"243,197",0.0,6EQE,243:I,197:D
G;T,I;V,"243,198",0.0,6EQE,243:I,198:V
G;A,I;M,"243,135",0.0,6EQE,243:I,135:M
G;I,I;L,"243,111",0.0,6EQE,243:I,111:L
G;Q,I;L,"243,127",0.0,6EQE,243:I,127:L
G;Q,I;H,"243,127",0.0,6EQE,243:I,127:H
G;W,I;I,"243,159",0.0,6EQE,243:I,159:I
G;Q,I;P,"243,127",0.0,6EQE,243:I,127:P
G;S,I;N,"243,103",0.0,6EQE,243:I,103:N
G;A,I;Y,"243,179",0.0,6EQE,243:I,179:Y
G;W,I;K,"243,257",0.0,6EQE,243:I,257:K
G;L,I;M,"243,216",0.0,6EQE,243:I,216:M
G;Q,I;E,"243,127",0.0,6EQE,243:I,127:E
G;A,I;N,"243,226",0.0,6EQE,243:I,226:N
G;L,I;I,"243,216",0.0,6EQE,243:I,216:I
G;C,I;L,"243,289",0.0,6EQE,243:I,289:L
G;S,I;E,"243,207",0.0,6EQE,243:I,207:E
G;M,I;L,"243,154",0.0,6EQE,243:I,154:L
G;M,I;P,"243,222",0.0,6EQE,243:I,222:P
G;G,I;T,"243,251",0.0,6EQE,243:I,251:T
G;P,I;L,"243,38",0.0,6EQE,243:I,38:L
G;L,I;W,"243,216",0.0,6EQE,243:I,216:W
G;T,I;L,"243,72",0.0,6EQE,243:I,72:L
G;S,I;P,"243,245",0.0,6EQE,243:I,245:P
G;I,I;W,"243,111",0.0,6EQE,243:I,111:W
G;L,I;D,"243,249",0.0,6EQE,243:I,249:D
G;E,I;K,"243,231",0.0,6EQE,243:I,231:K
G;D,I;K,"243,263",0.0,6EQE,243:I,263:K
G;T,I;M,"243,51",0.0,6EQE,243:I,51:M
G;L,I;E,"243,216",0.0,6EQE,243:I,216:E
G;S,I;T,"243,121",0.0,6EQE,243:I,121:T
G;I,I;H,"243,145",0.0,6EQE,243:I,145:H
G;I,I;L,"243,145",0.0,6EQE,243:I,145:L
G;H,I;M,"243,104",0.0,6EQE,243:I,104:M
G;R,I;P,"243,280",0.0,6EQE,243:I,280:P
G;L,I;F,"243,216",0.0,6EQE,243:I,216:F
G;S,I;D,"243,103",0.0,6EQE,243:I,103:D
G;I,I;V,"243,200",0.0,6EQE,243:I,200:V
G;T,I;K,"243,88",0.0,6EQE,243:I,88:K
G;N,I;K,"243,138",0.0,6EQE,243:I,138:K
G;A,I;L,"243,65",0.0,6EQE,243:I,65:L
G;Q,I;T,"243,91",0.0,6EQE,243:I,91:T
G;G,I;D,"243,163",0.0,6EQE,243:I,163:D
G;A,I;M,"243,65",0.0,6EQE,243:I,65:M
G;K,I;L,"243,252",0.0,6EQE,243:I,252:L
G;V,I;D,"243,57",0.0,6EQE,243:I,57:D
G;Q,I;V,"243,127",0.0,6EQE,243:I,127:V
G;V,I;C,"243,281",0.0,6EQE,243:I,281:C
G;T,I;V,"243,72",0.0,6EQE,243:I,72:V
G;Q,I;N,"243,133",0.0,6EQE,243:I,133:N
G;R,I;K,"243,53",0.0,6EQE,243:I,53:K
G;S,I;P,"243,125",0.0,6EQE,243:I,125:P
G;T,I;Q,"243,88",0.0,6EQE,243:I,88:Q
G;N,I;L,"243,138",0.0,6EQE,243:I,138:L
G;H,I;R,"243,104",0.0,6EQE,243:I,104:R
G;W,I;P,"243,159",0.0,6EQE,243:I,159:P
G;S,I;Y,"243,242",0.0,6EQE,243:I,242:Y
G;A,I;F,"243,65",0.0,6EQE,243:I,65:F
G;G,I;H,"243,251",0.0,6EQE,243:I,251:H
G;L,I;P,"243,216",0.0,6EQE,243:I,216:P
G;S,I;W,"243,58",0.0,6EQE,243:I,58:W
G;A,I;E,"243,152",0.0,6EQE,243:I,152:E
G;T,I;N,"243,88",0.0,6EQE,243:I,88:N
G;T,I;N,"243,198",0.0,6EQE,243:I,198:N
G;S,I;K,"243,58",0.0,6EQE,243:I,58:K
G;L,I;C,"243,249",0.0,6EQE,243:I,249:C
G;N,I;T,"243,190",0.0,6EQE,243:I,190:T
G;S,I;V,"243,223",0.0,6EQE,243:I,223:V
G;A,I;W,"243,65",0.0,6EQE,243:I,65:W
G;K,I;Y,"243,253",0.0,6EQE,243:I,253:Y
G;R,I;S,"243,90",0.0,6EQE,243:I,90:S
G;T,I;M,"243,29",0.0,6EQE,243:I,29:M
G;M,I;L,"243,262",0.0,6EQE,243:I,262:L
G;A,I;L,"243,272",0.0,6EQE,243:I,272:L
G;R,I;N,"243,90",0.0,6EQE,243:I,90:N
G;R,I;T,"243,90",0.0,6EQE,243:I,90:T
G;G,I;T,"243,254",0.0,6EQE,243:I,254:T
G;R,I;P,"243,90",0.0,6EQE,243:I,90:P
G;N,I;Y,"243,37",0.0,6EQE,243:I,37:Y
G;Q,I;I,"243,182",0.0,6EQE,243:I,182:I
G;R,I;A,"243,90",0.0,6EQE,243:I,90:A
G;K,I;F,"243,253",0.0,6EQE,243:I,253:F
G;Y,I;S,"243,63",0.0,6EQE,243:I,63:S
G;Q,I;M,"243,127",0.0,6EQE,243:I,127:M
G;Q,I;L,"243,182",0.0,6EQE,243:I,182:L
G;K,I;A,"243,253",0.0,6EQE,243:I,253:A
G;K,I;V,"243,253",0.0,6EQE,243:I,253:V
G;Q,I;F,"243,182",0.0,6EQE,243:I,182:F
G;R,I;D,"243,90",0.0,6EQE,243:I,90:D
G;Q,I;A,"243,127",0.0,6EQE,243:I,127:A
G;Y,I;T,"243,63",0.0,6EQE,243:I,63:T
G;Q,I;V,"243,182",0.0,6EQE,243:I,182:V
G;K,I;L,"243,253",0.0,6EQE,243:I,253:L
G;C,I;S,"243,289",0.0,6EQE,243:I,289:S
G;Y,I;G,"243,63",0.0,6EQE,243:I,63:G
G;M,I;V,"243,154",0.0,6EQE,243:I,154:V
G;Q,I;T,"243,127",0.0,6EQE,243:I,127:T
G;A,I;D,"243,226",0.0,6EQE,243:I,226:D
G;C,I;A,"243,289",0.0,6EQE,243:I,289:A
G;R,I;Q,"243,224",0.0,6EQE,243:I,224:Q
G;N,I;K,"243,233",0.0,6EQE,243:I,233:K
G;S,I;E,"243,136",0.0,6EQE,243:I,136:E
G;D,I;N,"243,186",0.0,6EQE,243:I,186:N
G;R,I;A,"243,280",0.0,6EQE,243:I,280:A
G;S,I;F,"243,238",0.0,6EQE,243:I,238:F
G;S,I;Q,"243,188",0.0,6EQE,243:I,188:Q
G;S,I;H,"243,214",0.0,6EQE,243:I,214:H
G;L,I;F,"243,117",0.0,6EQE,243:I,117:F
G;Q,I;Y,"243,119",0.0,6EQE,243:I,119:Y
G;G,I;A,"243,165",0.0,6EQE,243:I,165:A
G;S,I;E,"243,121",0.0,6EQE,243:I,121:E
G;I,I;R,"243,168",0.0,6EQE,243:I,168:R
G;N,I;H,"243,205",0.0,6EQE,243:I,205:H
G;S,I;Y,"243,269",0.0,6EQE,243:I,269:Y
G;S,I;T,"243,214",0.0,6EQE,243:I,214:T
G;I,I;R,"243,218",0.0,6EQE,243:I,218:R
G;P,I;K,"243,120",0.0,6EQE,243:I,120:K
G;M,I;H,"243,161",0.0,6EQE,243:I,161:H
G;I,I;H,"243,168",0.0,6EQE,243:I,168:H
G;N,I;K,"243,114",0.0,6EQE,243:I,114:K
G;P,I;V,"243,184",0.0,6EQE,243:I,184:V
G;W,I;P,"243,185",0.0,6EQE,243:I,185:P
G;S,I;H,"243,187",0.0,6EQE,243:I,187:H
G;S,I;P,"243,188",0.0,6EQE,243:I,188:P
G;T,I;Y,"243,189",0.0,6EQE,243:I,189:Y
G;F,I;M,"243,191",0.0,6EQE,243:I,191:M
Q;A,I;V,"127,65",0.0,6EQE,127:I,65:V
Q;Q,I;E,"127,133",0.0,6EQE,127:I,133:E
Q;S,I;T,"127,124",0.0,6EQE,127:I,124:T
Q;Q,I;W,"127,133",0.0,6EQE,127:I,133:W
Q;D,I;L,"127,220",0.0,6EQE,127:I,220:L
Q;T,I;D,"127,88",0.0,6EQE,127:I,88:D
Q;R,I;N,"127,132",0.0,6EQE,127:I,132:N
Q;A,I;Y,"127,215",0.0,6EQE,127:I,215:Y
Q;L,I;K,"127,249",0.0,6EQE,127:I,249:K
Q;R,I;Y,"127,123",0.0,6EQE,127:I,123:Y
Q;F,I;W,"127,271",0.0,6EQE,127:I,271:W
Q;S,I;D,"127,58",0.0,6EQE,127:I,58:D
Q;N,I;I,"127,37",0.0,6EQE,127:I,37:I
Q;C,I;D,"127,289",0.0,6EQE,127:I,289:D
Q;A,I;P,"127,152",0.0,6EQE,127:I,152:P
Q;D,I;V,"127,186",0.0,6EQE,127:I,186:V
Q;G,I;P,"127,243",0.0,6EQE,127:I,243:P
Q;S,I;E,"127,115",0.0,6EQE,127:I,115:E
Q;L,I;Q,"127,216",0.0,6EQE,127:I,216:Q
Q;N,I;P,"127,277",0.0,6EQE,127:I,277:P
Q;R,I;Q,"127,132",0.0,6EQE,127:I,132:Q
Q;N,I;Y,"127,244",0.0,6EQE,127:I,244:Y
Q;H,I;T,"127,104",0.0,6EQE,127:I,104:T
Q;S,I;V,"127,58",0.0,6EQE,127:I,58:V
Q;H,I;L,"127,104",0.0,6EQE,127:I,104:L
Q;P,I;Q,"127,38",0.0,6EQE,127:I,38:Q
Q;R,I;L,"127,53",0.0,6EQE,127:I,53:L
Q;A,I;T,"127,180",0.0,6EQE,127:I,180:T
Q;P,I;D,"127,197",0.0,6EQE,127:I,197:D
Q;T,I;V,"127,198",0.0,6EQE,127:I,198:V
Q;A,I;M,"127,135",0.0,6EQE,127:I,135:M
Q;I,I;L,"127,111",0.0,6EQE,127:I,111:L
Q;G,I;S,"127,243",0.0,6EQE,127:I,243:S
Q;W,I;I,"127,159",0.0,6EQE,127:I,159:I
Q;S,I;N,"127,103",0.0,6EQE,127:I,103:N
Q;A,I;Y,"127,179",0.0,6EQE,127:I,179:Y
Q;W,I;K,"127,257",0.0,6EQE,127:I,257:K
Q;L,I;M,"127,216",0.0,6EQE,127:I,216:M
Q;G,I;A,"127,243",0.0,6EQE,127:I,243:A
Q;A,I;N,"127,226",0.0,6EQE,127:I,226:N
Q;L,I;I,"127,216",0.0,6EQE,127:I,216:I
Q;C,I;L,"127,289",0.0,6EQE,127:I,289:L
Q;S,I;E,"127,207",0.0,6EQE,127:I,207:E
Q;M,I;L,"127,154",0.0,6EQE,127:I,154:L
Q;M,I;P,"127,222",0.0,6EQE,127:I,222:P
Q;G,I;T,"127,251",0.0,6EQE,127:I,251:T
Q;P,I;L,"127,38",0.0,6EQE,127:I,38:L
Q;L,I;W,"127,216",0.0,6EQE,127:I,216:W
Q;T,I;L,"127,72",0.0,6EQE,127:I,72:L
Q;S,I;P,"127,245",0.0,6EQE,127:I,245:P
Q;I,I;W,"127,111",0.0,6EQE,127:I,111:W
Q;L,I;D,"127,249",0.0,6EQE,127:I,249:D
Q;E,I;K,"127,231",0.0,6EQE,127:I,231:K
Q;D,I;K,"127,263",0.0,6EQE,127:I,263:K
Q;T,I;M,"127,51",0.0,6EQE,127:I,51:M
Q;L,I;E,"127,216",0.0,6EQE,127:I,216:E
Q;S,I;T,"127,121",0.0,6EQE,127:I,121:T
Q;I,I;H,"127,145",0.0,6EQE,127:I,145:H
Q;I,I;L,"127,145",0.0,6EQE,127:I,145:L
Q;H,I;M,"127,104",0.0,6EQE,127:I,104:M
Q;R,I;P,"127,280",0.0,6EQE,127:I,280:P
Q;L,I;F,"127,216",0.0,6EQE,127:I,216:F
Q;S,I;D,"127,103",0.0,6EQE,127:I,103:D
Q;I,I;V,"127,200",0.0,6EQE,127:I,200:V
Q;T,I;K,"127,88",0.0,6EQE,127:I,88:K
Q;N,I;K,"127,138",0.0,6EQE,127:I,138:K
Q;A,I;L,"127,65",0.0,6EQE,127:I,65:L
Q;Q,I;T,"127,91",0.0,6EQE,127:I,91:T
Q;G,I;D,"127,163",0.0,6EQE,127:I,163:D
Q;A,I;M,"127,65",0.0,6EQE,127:I,65:M
Q;K,I;L,"127,252",0.0,6EQE,127:I,252:L
Q;V,I;D,"127,57",0.0,6EQE,127:I,57:D
Q;V,I;C,"127,281",0.0,6EQE,127:I,281:C
Q;T,I;V,"127,72",0.0,6EQE,127:I,72:V
Q;Q,I;N,"127,133",0.0,6EQE,127:I,133:N
Q;R,I;K,"127,53",0.0,6EQE,127:I,53:K
Q;S,I;P,"127,125",0.0,6EQE,127:I,125:P
Q;T,I;Q,"127,88",0.0,6EQE,127:I,88:Q
Q;N,I;L,"127,138",0.0,6EQE,127:I,138:L
Q;H,I;R,"127,104",0.0,6EQE,127:I,104:R
Q;W,I;P,"127,159",0.0,6EQE,127:I,159:P
Q;S,I;Y,"127,242",0.0,6EQE,127:I,242:Y
Q;A,I;F,"127,65",0.0,6EQE,127:I,65:F
Q;G,I;H,"127,251",0.0,6EQE,127:I,251:H
Q;L,I;P,"127,216",0.0,6EQE,127:I,216:P
Q;S,I;W,"127,58",0.0,6EQE,127:I,58:W
Q;A,I;E,"127,152",0.0,6EQE,127:I,152:E
Q;T,I;N,"127,88",0.0,6EQE,127:I,88:N
Q;T,I;N,"127,198",0.0,6EQE,127:I,198:N
Q;S,I;K,"127,58",0.0,6EQE,127:I,58:K
Q;L,I;C,"127,249",0.0,6EQE,127:I,249:C
Q;N,I;T,"127,190",0.0,6EQE,127:I,190:T
Q;S,I;V,"127,223",0.0,6EQE,127:I,223:V
Q;A,I;W,"127,65",0.0,6EQE,127:I,65:W
Q;K,I;Y,"127,253",0.0,6EQE,127:I,253:Y
Q;R,I;S,"127,90",0.0,6EQE,127:I,90:S
Q;T,I;M,"127,29",0.0,6EQE,127:I,29:M
Q;M,I;L,"127,262",0.0,6EQE,127:I,262:L
Q;A,I;L,"127,272",0.0,6EQE,127:I,272:L
Q;R,I;N,"127,90",0.0,6EQE,127:I,90:N
Q;R,I;T,"127,90",0.0,6EQE,127:I,90:T
Q;G,I;T,"127,254",0.0,6EQE,127:I,254:T
Q;R,I;P,"127,90",0.0,6EQE,127:I,90:P
Q;N,I;Y,"127,37",0.0,6EQE,127:I,37:Y
Q;Q,I;I,"127,182",0.0,6EQE,127:I,182:I
Q;R,I;A,"127,90",0.0,6EQE,127:I,90:A
Q;K,I;F,"127,253",0.0,6EQE,127:I,253:F
Q;Y,I;S,"127,63",0.0,6EQE,127:I,63:S
Q;Q,I;L,"127,182",0.0,6EQE,127:I,182:L
Q;K,I;A,"127,253",0.0,6EQE,127:I,253:A
Q;K,I;V,"127,253",0.0,6EQE,127:I,253:V
Q;Q,I;F,"127,182",0.0,6EQE,127:I,182:F
Q;R,I;D,"127,90",0.0,6EQE,127:I,90:D
Q;Y,I;T,"127,63",0.0,6EQE,127:I,63:T
Q;Q,I;V,"127,182",0.0,6EQE,127:I,182:V
Q;K,I;L,"127,253",0.0,6EQE,127:I,253:L
Q;C,I;S,"127,289",0.0,6EQE,127:I,289:S
Q;Y,I;G,"127,63",0.0,6EQE,127:I,63:G
Q;M,I;V,"127,154",0.0,6EQE,127:I,154:V
Q;A,I;D,"127,226",0.0,6EQE,127:I,226:D
Q;C,I;A,"127,289",0.0,6EQE,127:I,289:A
Q;R,I;Q,"127,224",0.0,6EQE,127:I,224:Q
Q;N,I;K,"127,233",0.0,6EQE,127:I,233:K
Q;S,I;E,"127,136",0.0,6EQE,127:I,136:E
Q;D,I;N,"127,186",0.0,6EQE,127:I,186:N
Q;R,I;A,"127,280",0.0,6EQE,127:I,280:A
Q;S,I;F,"127,238",0.0,6EQE,127:I,238:F
Q;S,I;Q,"127,188",0.0,6EQE,127:I,188:Q
Q;S,I;H,"127,214",0.0,6EQE,127:I,214:H
Q;L,I;F,"127,117",0.0,6EQE,127:I,117:F
Q;Q,I;Y,"127,119",0.0,6EQE,127:I,119:Y
Q;G,I;A,"127,165",0.0,6EQE,127:I,165:A
Q;S,I;E,"127,121",0.0,6EQE,127:I,121:E
Q;I,I;R,"127,168",0.0,6EQE,127:I,168:R
Q;N,I;H,"127,205",0.0,6EQE,127:I,205:H
Q;S,I;Y,"127,269",0.0,6EQE,127:I,269:Y
Q;S,I;T,"127,214",0.0,6EQE,127:I,214:T
Q;I,I;R,"127,218",0.0,6EQE,127:I,218:R
Q;P,I;K,"127,120",0.0,6EQE,127:I,120:K
Q;M,I;H,"127,161",0.0,6EQE,127:I,161:H
Q;I,I;H,"127,168",0.0,6EQE,127:I,168:H
Q;N,I;K,"127,114",0.0,6EQE,127:I,114:K
Q;P,I;V,"127,184",0.0,6EQE,127:I,184:V
Q;W,I;P,"127,185",0.0,6EQE,127:I,185:P
Q;S,I;H,"127,187",0.0,6EQE,127:I,187:H
Q;S,I;P,"127,188",0.0,6EQE,127:I,188:P
Q;T,I;Y,"127,189",0.0,6EQE,127:I,189:Y
Q;F,I;M,"127,191",0.0,6EQE,127:I,191:M
A;Q,V;E,"65,133",0.0,6EQE,65:V,133:E
A;S,V;T,"65,124",0.0,6EQE,65:V,124:T
A;Q,V;K,"65,127",0.0,6EQE,65:V,127:K
A;Q,V;W,"65,133",0.0,6EQE,65:V,133:W
A;D,V;L,"65,220",0.0,6EQE,65:V,220:L
A;T,V;D,"65,88",0.0,6EQE,65:V,88:D
A;R,V;N,"65,132",0.0,6EQE,65:V,132:N
A;Q,V;D,"65,127",0.0,6EQE,65:V,127:D
A;A,V;Y,"65,215",0.0,6EQE,65:V,215:Y
A;L,V;K,"65,249",0.0,6EQE,65:V,249:K
A;R,V;Y,"65,123",0.0,6EQE,65:V,123:Y
A;F,V;W,"65,271",0.0,6EQE,65:V,271:W
A;S,V;D,"65,58",0.0,6EQE,65:V,58:D
A;N,V;I,"65,37",0.0,6EQE,65:V,37:I
A;C,V;D,"65,289",0.0,6EQE,65:V,289:D
A;A,V;P,"65,152",0.0,6EQE,65:V,152:P
A;D,V;V,"65,186",0.0,6EQE,65:V,186:V
A;G,V;P,"65,243",0.0,6EQE,65:V,243:P
A;S,V;E,"65,115",0.0,6EQE,65:V,115:E
A;L,V;Q,"65,216",0.0,6EQE,65:V,216:Q
A;N,V;P,"65,277",0.0,6EQE,65:V,277:P
A;R,V;Q,"65,132",0.0,6EQE,65:V,132:Q
A;N,V;Y,"65,244",0.0,6EQE,65:V,244:Y
A;H,V;T,"65,104",0.0,6EQE,65:V,104:T
A;S,V;V,"65,58",0.0,6EQE,65:V,58:V
A;H,V;L,"65,104",0.0,6EQE,65:V,104:L
A;P,V;Q,"65,38",0.0,6EQE,65:V,38:Q
A;R,V;L,"65,53",0.0,6EQE,65:V,53:L
A;A,V;T,"65,180",0.0,6EQE,65:V,180:T
A;P,V;D,"65,197",0.0,6EQE,65:V,197:D
A;T,V;V,"65,198",0.0,6EQE,65:V,198:V
A;A,V;M,"65,135",0.0,6EQE,65:V,135:M
A;I,V;L,"65,111",0.0,6EQE,65:V,111:L
A;G,V;S,"65,243",0.0,6EQE,65:V,243:S
A;Q,V;L,"65,127",0.0,6EQE,65:V,127:L
A;Q,V;H,"65,127",0.0,6EQE,65:V,127:H
A;W,V;I,"65,159",0.0,6EQE,65:V,159:I
A;Q,V;P,"65,127",0.0,6EQE,65:V,127:P
A;S,V;N,"65,103",0.0,6EQE,65:V,103:N
A;A,V;Y,"65,179",0.0,6EQE,65:V,179:Y
A;W,V;K,"65,257",0.0,6EQE,65:V,257:K
A;L,V;M,"65,216",0.0,6EQE,65:V,216:M
A;Q,V;E,"65,127",0.0,6EQE,65:V,127:E
A;G,V;A,"65,243",0.0,6EQE,65:V,243:A
A;A,V;N,"65,226",0.0,6EQE,65:V,226:N
A;L,V;I,"65,216",0.0,6EQE,65:V,216:I
A;C,V;L,"65,289",0.0,6EQE,65:V,289:L
A;S,V;E,"65,207",0.0,6EQE,65:V,207:E
A;M,V;L,"65,154",0.0,6EQE,65:V,154:L
A;M,V;P,"65,222",0.0,6EQE,65:V,222:P
A;G,V;T,"65,251",0.0,6EQE,65:V,251:T
A;P,V;L,"65,38",0.0,6EQE,65:V,38:L
A;L,V;W,"65,216",0.0,6EQE,65:V,216:W
A;T,V;L,"65,72",0.0,6EQE,65:V,72:L
A;S,V;P,"65,245",0.0,6EQE,65:V,245:P
A;I,V;W,"65,111",0.0,6EQE,65:V,111:W
A;L,V;D,"65,249",0.0,6EQE,65:V,249:D
A;E,V;K,"65,231",0.0,6EQE,65:V,231:K
A;D,V;K,"65,263",0.0,6EQE,65:V,263:K
A;T,V;M,"65,51",0.0,6EQE,65:V,51:M
A;L,V;E,"65,216",0.0,6EQE,65:V,216:E
A;S,V;T,"65,121",0.0,6EQE,65:V,121:T
A;I,V;H,"65,145",0.0,6EQE,65:V,145:H
A;I,V;L,"65,145",0.0,6EQE,65:V,145:L
A;H,V;M,"65,104",0.0,6EQE,65:V,104:M
A;R,V;P,"65,280",0.0,6EQE,65:V,280:P
A;L,V;F,"65,216",0.0,6EQE,65:V,216:F
A;S,V;D,"65,103",0.0,6EQE,65:V,103:D
A;I,V;V,"65,200",0.0,6EQE,65:V,200:V
A;T,V;K,"65,88",0.0,6EQE,65:V,88:K
A;N,V;K,"65,138",0.0,6EQE,65:V,138:K
A;Q,V;T,"65,91",0.0,6EQE,65:V,91:T
A;G,V;D,"65,163",0.0,6EQE,65:V,163:D
A;K,V;L,"65,252",0.0,6EQE,65:V,252:L
A;V,V;D,"65,57",0.0,6EQE,65:V,57:D
A;Q,V;V,"65,127",0.0,6EQE,65:V,127:V
A;V,V;C,"65,281",0.0,6EQE,65:V,281:C
A;T,V;V,"65,72",0.0,6EQE,65:V,72:V
A;Q,V;N,"65,133",0.0,6EQE,65:V,133:N
A;R,V;K,"65,53",0.0,6EQE,65:V,53:K
A;S,V;P,"65,125",0.0,6EQE,65:V,125:P
A;T,V;Q,"65,88",0.0,6EQE,65:V,88:Q
A;N,V;L,"65,138",0.0,6EQE,65:V,138:L
A;H,V;R,"65,104",0.0,6EQE,65:V,104:R
A;W,V;P,"65,159",0.0,6EQE,65:V,159:P
A;S,V;Y,"65,242",0.0,6EQE,65:V,242:Y
A;G,V;H,"65,251",0.0,6EQE,65:V,251:H
A;L,V;P,"65,216",0.0,6EQE,65:V,216:P
A;S,V;W,"65,58",0.0,6EQE,65:V,58:W
A;A,V;E,"65,152",0.0,6EQE,65:V,152:E
A;T,V;N,"65,88",0.0,6EQE,65:V,88:N
A;T,V;N,"65,198",0.0,6EQE,65:V,198:N
A;S,V;K,"65,58",0.0,6EQE,65:V,58:K
A;L,V;C,"65,249",0.0,6EQE,65:V,249:C
A;N,V;T,"65,190",0.0,6EQE,65:V,190:T
A;S,V;V,"65,223",0.0,6EQE,65:V,223:V
A;K,V;Y,"65,253",0.0,6EQE,65:V,253:Y
A;R,V;S,"65,90",0.0,6EQE,65:V,90:S
A;T,V;M,"65,29",0.0,6EQE,65:V,29:M
A;M,V;L,"65,262",0.0,6EQE,65:V,262:L
A;A,V;L,"65,272",0.0,6EQE,65:V,272:L
A;R,V;N,"65,90",0.0,6EQE,65:V,90:N
A;R,V;T,"65,90",0.0,6EQE,65:V,90:T
A;G,V;T,"65,254",0.0,6EQE,65:V,254:T
A;R,V;P,"65,90",0.0,6EQE,65:V,90:P
A;N,V;Y,"65,37",0.0,6EQE,65:V,37:Y
A;Q,V;I,"65,182",0.0,6EQE,65:V,182:I
A;R,V;A,"65,90",0.0,6EQE,65:V,90:A
A;K,V;F,"65,253",0.0,6EQE,65:V,253:F
A;Y,V;S,"65,63",0.0,6EQE,65:V,63:S
A;Q,V;M,"65,127",0.0,6EQE,65:V,127:M
A;Q,V;L,"65,182",0.0,6EQE,65:V,182:L
A;K,V;A,"65,253",0.0,6EQE,65:V,253:A
A;K,V;V,"65,253",0.0,6EQE,65:V,253:V
A;Q,V;F,"65,182",0.0,6EQE,65:V,182:F
A;R,V;D,"65,90",0.0,6EQE,65:V,90:D
A;Q,V;A,"65,127",0.0,6EQE,65:V,127:A
A;Y,V;T,"65,63",0.0,6EQE,65:V,63:T
A;Q,V;V,"65,182",0.0,6EQE,65:V,182:V
A;K,V;L,"65,253",0.0,6EQE,65:V,253:L
A;C,V;S,"65,289",0.0,6EQE,65:V,289:S
A;Y,V;G,"65,63",0.0,6EQE,65:V,63:G
A;M,V;V,"65,154",0.0,6EQE,65:V,154:V
A;Q,V;T,"65,127",0.0,6EQE,65:V,127:T
A;A,V;D,"65,226",0.0,6EQE,65:V,226:D
A;C,V;A,"65,289",0.0,6EQE,65:V,289:A
A;R,V;Q,"65,224",0.0,6EQE,65:V,224:Q
A;N,V;K,"65,233",0.0,6EQE,65:V,233:K
A;S,V;E,"65,136",0.0,6EQE,65:V,136:E
A;D,V;N,"65,186",0.0,6EQE,65:V,186:N
A;R,V;A,"65,280",0.0,6EQE,65:V,280:A
A;S,V;F,"65,238",0.0,6EQE,65:V,238:F
A;S,V;Q,"65,188",0.0,6EQE,65:V,188:Q
A;S,V;H,"65,214",0.0,6EQE,65:V,214:H
A;L,V;F,"65,117",0.0,6EQE,65:V,117:F
A;Q,V;Y,"65,119",0.0,6EQE,65:V,119:Y
A;G,V;A,"65,165",0.0,6EQE,65:V,165:A
A;S,V;E,"65,121",0.0,6EQE,65:V,121:E
A;I,V;R,"65,168",0.0,6EQE,65:V,168:R
A;N,V;H,"65,205",0.0,6EQE,65:V,205:H
A;S,V;Y,"65,269",0.0,6EQE,65:V,269:Y
A;S,V;T,"65,214",0.0,6EQE,65:V,214:T
A;I,V;R,"65,218",0.0,6EQE,65:V,218:R
A;P,V;K,"65,120",0.0,6EQE,65:V,120:K
A;M,V;H,"65,161",0.0,6EQE,65:V,161:H
A;I,V;H,"65,168",0.0,6EQE,65:V,168:H
A;N,V;K,"65,114",0.0,6EQE,65:V,114:K
A;P,V;V,"65,184",0.0,6EQE,65:V,184:V
A;W,V;P,"65,185",0.0,6EQE,65:V,185:P
A;S,V;H,"65,187",0.0,6EQE,65:V,187:H
A;S,V;P,"65,188",0.0,6EQE,65:V,188:P
A;T,V;Y,"65,189",0.0,6EQE,65:V,189:Y
A;F,V;M,"65,191",0.0,6EQE,65:V,191:M
Q;S,E;T,"133,124",0.0,6EQE,133:E,124:T
Q;Q,E;K,"133,127",0.0,6EQE,133:E,127:K
Q;D,E;L,"133,220",0.0,6EQE,133:E,220:L
Q;T,E;D,"133,88",0.0,6EQE,133:E,88:D
Q;R,E;N,"133,132",0.0,6EQE,133:E,132:N
Q;Q,E;D,"133,127",0.0,6EQE,133:E,127:D
Q;A,E;Y,"133,215",0.0,6EQE,133:E,215:Y
Q;L,E;K,"133,249",0.0,6EQE,133:E,249:K
Q;R,E;Y,"133,123",0.0,6EQE,133:E,123:Y
Q;F,E;W,"133,271",0.0,6EQE,133:E,271:W
Q;S,E;D,"133,58",0.0,6EQE,133:E,58:D
Q;N,E;I,"133,37",0.0,6EQE,133:E,37:I
Q;C,E;D,"133,289",0.0,6EQE,133:E,289:D
Q;A,E;P,"133,152",0.0,6EQE,133:E,152:P
Q;D,E;V,"133,186",0.0,6EQE,133:E,186:V
Q;G,E;P,"133,243",0.0,6EQE,133:E,243:P
Q;S,E;E,"133,115",0.0,6EQE,133:E,115:E
Q;L,E;Q,"133,216",0.0,6EQE,133:E,216:Q
Q;N,E;P,"133,277",0.0,6EQE,133:E,277:P
Q;R,E;Q,"133,132",0.0,6EQE,133:E,132:Q
Q;N,E;Y,"133,244",0.0,6EQE,133:E,244:Y
Q;H,E;T,"133,104",0.0,6EQE,133:E,104:T
Q;S,E;V,"133,58",0.0,6EQE,133:E,58:V
Q;H,E;L,"133,104",0.0,6EQE,133:E,104:L
Q;P,E;Q,"133,38",0.0,6EQE,133:E,38:Q
Q;R,E;L,"133,53",0.0,6EQE,133:E,53:L
Q;A,E;T,"133,180",0.0,6EQE,133:E,180:T
Q;P,E;D,"133,197",0.0,6EQE,133:E,197:D
Q;T,E;V,"133,198",0.0,6EQE,133:E,198:V
Q;A,E;M,"133,135",0.0,6EQE,133:E,135:M
Q;I,E;L,"133,111",0.0,6EQE,133:E,111:L
Q;G,E;S,"133,243",0.0,6EQE,133:E,243:S
Q;Q,E;L,"133,127",0.0,6EQE,133:E,127:L
Q;Q,E;H,"133,127",0.0,6EQE,133:E,127:H
Q;W,E;I,"133,159",0.0,6EQE,133:E,159:I
Q;Q,E;P,"133,127",0.0,6EQE,133:E,127:P
Q;S,E;N,"133,103",0.0,6EQE,133:E,103:N
Q;A,E;Y,"133,179",0.0,6EQE,133:E,179:Y
Q;W,E;K,"133,257",0.0,6EQE,133:E,257:K
Q;L,E;M,"133,216",0.0,6EQE,133:E,216:M
Q;Q,E;E,"133,127",0.0,6EQE,133:E,127:E
Q;G,E;A,"133,243",0.0,6EQE,133:E,243:A
Q;A,E;N,"133,226",0.0,6EQE,133:E,226:N
Q;L,E;I,"133,216",0.0,6EQE,133:E,216:I
Q;C,E;L,"133,289",0.0,6EQE,133:E,289:L
Q;S,E;E,"133,207",0.0,6EQE,133:E,207:E
Q;M,E;L,"133,154",0.0,6EQE,133:E,154:L
Q;M,E;P,"133,222",0.0,6EQE,133:E,222:P
Q;G,E;T,"133,251",0.0,6EQE,133:E,251:T
Q;P,E;L,"133,38",0.0,6EQE,133:E,38:L
Q;L,E;W,"133,216",0.0,6EQE,133:E,216:W
Q;T,E;L,"133,72",0.0,6EQE,133:E,72:L
Q;S,E;P,"133,245",0.0,6EQE,133:E,245:P
Q;I,E;W,"133,111",0.0,6EQE,133:E,111:W
Q;L,E;D,"133,249",0.0,6EQE,133:E,249:D
Q;E,E;K,"133,231",0.0,6EQE,133:E,231:K
Q;D,E;K,"133,263",0.0,6EQE,133:E,263:K
Q;T,E;M,"133,51",0.0,6EQE,133:E,51:M
Q;L,E;E,"133,216",0.0,6EQE,133:E,216:E
Q;S,E;T,"133,121",0.0,6EQE,133:E,121:T
Q;I,E;H,"133,145",0.0,6EQE,133:E,145:H
Q;I,E;L,"133,145",0.0,6EQE,133:E,145:L
Q;H,E;M,"133,104",0.0,6EQE,133:E,104:M
Q;R,E;P,"133,280",0.0,6EQE,133:E,280:P
Q;L,E;F,"133,216",0.0,6EQE,133:E,216:F
Q;S,E;D,"133,103",0.0,6EQE,133:E,103:D
Q;I,E;V,"133,200",0.0,6EQE,133:E,200:V
Q;T,E;K,"133,88",0.0,6EQE,133:E,88:K
Q;N,E;K,"133,138",0.0,6EQE,133:E,138:K
Q;A,E;L,"133,65",0.0,6EQE,133:E,65:L
Q;Q,E;T,"133,91",0.0,6EQE,133:E,91:T
Q;G,E;D,"133,163",0.0,6EQE,133:E,163:D
Q;A,E;M,"133,65",0.0,6EQE,133:E,65:M
Q;K,E;L,"133,252",0.0,6EQE,133:E,252:L
Q;V,E;D,"133,57",0.0,6EQE,133:E,57:D
Q;Q,E;V,"133,127",0.0,6EQE,133:E,127:V
Q;V,E;C,"133,281",0.0,6EQE,133:E,281:C
Q;T,E;V,"133,72",0.0,6EQE,133:E,72:V
Q;R,E;K,"133,53",0.0,6EQE,133:E,53:K
Q;S,E;P,"133,125",0.0,6EQE,133:E,125:P
Q;T,E;Q,"133,88",0.0,6EQE,133:E,88:Q
Q;N,E;L,"133,138",0.0,6EQE,133:E,138:L
Q;H,E;R,"133,104",0.0,6EQE,133:E,104:R
Q;W,E;P,"133,159",0.0,6EQE,133:E,159:P
Q;S,E;Y,"133,242",0.0,6EQE,133:E,242:Y
Q;A,E;F,"133,65",0.0,6EQE,133:E,65:F
Q;G,E;H,"133,251",0.0,6EQE,133:E,251:H
Q;L,E;P,"133,216",0.0,6EQE,133:E,216:P
Q;S,E;W,"133,58",0.0,6EQE,133:E,58:W
Q;A,E;E,"133,152",0.0,6EQE,133:E,152:E
Q;T,E;N,"133,88",0.0,6EQE,133:E,88:N
Q;T,E;N,"133,198",0.0,6EQE,133:E,198:N
Q;S,E;K,"133,58",0.0,6EQE,133:E,58:K
Q;L,E;C,"133,249",0.0,6EQE,133:E,249:C
Q;N,E;T,"133,190",0.0,6EQE,133:E,190:T
Q;S,E;V,"133,223",0.0,6EQE,133:E,223:V
Q;A,E;W,"133,65",0.0,6EQE,133:E,65:W
Q;K,E;Y,"133,253",0.0,6EQE,133:E,253:Y
Q;R,E;S,"133,90",0.0,6EQE,133:E,90:S
Q;T,E;M,"133,29",0.0,6EQE,133:E,29:M
Q;M,E;L,"133,262",0.0,6EQE,133:E,262:L
Q;A,E;L,"133,272",0.0,6EQE,133:E,272:L
Q;R,E;N,"133,90",0.0,6EQE,133:E,90:N
Q;R,E;T,"133,90",0.0,6EQE,133:E,90:T
Q;G,E;T,"133,254",0.0,6EQE,133:E,254:T
Q;R,E;P,"133,90",0.0,6EQE,133:E,90:P
Q;N,E;Y,"133,37",0.0,6EQE,133:E,37:Y
Q;Q,E;I,"133,182",0.0,6EQE,133:E,182:I
Q;R,E;A,"133,90",0.0,6EQE,133:E,90:A
Q;K,E;F,"133,253",0.0,6EQE,133:E,253:F
Q;Y,E;S,"133,63",0.0,6EQE,133:E,63:S
Q;Q,E;M,"133,127",0.0,6EQE,133:E,127:M
Q;Q,E;L,"133,182",0.0,6EQE,133:E,182:L
Q;K,E;A,"133,253",0.0,6EQE,133:E,253:A
Q;K,E;V,"133,253",0.0,6EQE,133:E,253:V
Q;Q,E;F,"133,182",0.0,6EQE,133:E,182:F
Q;R,E;D,"133,90",0.0,6EQE,133:E,90:D
Q;Q,E;A,"133,127",0.0,6EQE,133:E,127:A
Q;Y,E;T,"133,63",0.0,6EQE,133:E,63:T
Q;Q,E;V,"133,182",0.0,6EQE,133:E,182:V
Q;K,E;L,"133,253",0.0,6EQE,133:E,253:L
Q;C,E;S,"133,289",0.0,6EQE,133:E,289:S
Q;Y,E;G,"133,63",0.0,6EQE,133:E,63:G
Q;M,E;V,"133,154",0.0,6EQE,133:E,154:V
Q;Q,E;T,"133,127",0.0,6EQE,133:E,127:T
Q;A,E;D,"133,226",0.0,6EQE,133:E,226:D
Q;C,E;A,"133,289",0.0,6EQE,133:E,289:A
Q;R,E;Q,"133,224",0.0,6EQE,133:E,224:Q
Q;N,E;K,"133,233",0.0,6EQE,133:E,233:K
Q;S,E;E,"133,136",0.0,6EQE,133:E,136:E
Q;D,E;N,"133,186",0.0,6EQE,133:E,186:N
Q;R,E;A,"133,280",0.0,6EQE,133:E,280:A
Q;S,E;F,"133,238",0.0,6EQE,133:E,238:F
Q;S,E;Q,"133,188",0.0,6EQE,133:E,188:Q
Q;S,E;H,"133,214",0.0,6EQE,133:E,214:H
Q;L,E;F,"133,117",0.0,6EQE,133:E,117:F
Q;Q,E;Y,"133,119",0.0,6EQE,133:E,119:Y
Q;G,E;A,"133,165",0.0,6EQE,133:E,165:A
Q;S,E;E,"133,121",0.0,6EQE,133:E,121:E
Q;I,E;R,"133,168",0.0,6EQE,133:E,168:R
Q;N,E;H,"133,205",0.0,6EQE,133:E,205:H
Q;S,E;Y,"133,269",0.0,6EQE,133:E,269:Y
Q;S,E;T,"133,214",0.0,6EQE,133:E,214:T
Q;I,E;R,"133,218",0.0,6EQE,133:E,218:R
Q;P,E;K,"133,120",0.0,6EQE,133:E,120:K
Q;M,E;H,"133,161",0.0,6EQE,133:E,161:H
Q;I,E;H,"133,168",0.0,6EQE,133:E,168:H
Q;N,E;K,"133,114",0.0,6EQE,133:E,114:K
Q;P,E;V,"133,184",0.0,6EQE,133:E,184:V
Q;W,E;P,"133,185",0.0,6EQE,133:E,185:P
Q;S,E;H,"133,187",0.0,6EQE,133:E,187:H
Q;S,E;P,"133,188",0.0,6EQE,133:E,188:P
Q;T,E;Y,"133,189",0.0,6EQE,133:E,189:Y
Q;F,E;M,"133,191",0.0,6EQE,133:E,191:M
S;Q,T;K,"124,127",0.0,6EQE,124:T,127:K
S;Q,T;W,"124,133",0.0,6EQE,124:T,133:W
S;D,T;L,"124,220",0.0,6EQE,124:T,220:L
S;T,T;D,"124,88",0.0,6EQE,124:T,88:D
S;R,T;N,"124,132",0.0,6EQE,124:T,132:N
S;Q,T;D,"124,127",0.0,6EQE,124:T,127:D
S;A,T;Y,"124,215",0.0,6EQE,124:T,215:Y
S;L,T;K,"124,249",0.0,6EQE,124:T,249:K
S;R,T;Y,"124,123",0.0,6EQE,124:T,123:Y
S;F,T;W,"124,271",0.0,6EQE,124:T,271:W
S;S,T;D,"124,58",0.0,6EQE,124:T,58:D
S;N,T;I,"124,37",0.0,6EQE,124:T,37:I
S;C,T;D,"124,289",0.0,6EQE,124:T,289:D
S;A,T;P,"124,152",0.0,6EQE,124:T,152:P
S;D,T;V,"124,186",0.0,6EQE,124:T,186:V
S;G,T;P,"124,243",0.0,6EQE,124:T,243:P
S;S,T;E,"124,115",0.0,6EQE,124:T,115:E
S;L,T;Q,"124,216",0.0,6EQE,124:T,216:Q
S;N,T;P,"124,277",0.0,6EQE,124:T,277:P
S;R,T;Q,"124,132",0.0,6EQE,124:T,132:Q
S;N,T;Y,"124,244",0.0,6EQE,124:T,244:Y
S;H,T;T,"124,104",0.0,6EQE,124:T,104:T
S;S,T;V,"124,58",0.0,6EQE,124:T,58:V
S;H,T;L,"124,104",0.0,6EQE,124:T,104:L
S;P,T;Q,"124,38",0.0,6EQE,124:T,38:Q
S;R,T;L,"124,53",0.0,6EQE,124:T,53:L
S;A,T;T,"124,180",0.0,6EQE,124:T,180:T
S;P,T;D,"124,197",0.0,6EQE,124:T,197:D
S;T,T;V,"124,198",0.0,6EQE,124:T,198:V
S;A,T;M,"124,135",0.0,6EQE,124:T,135:M
S;I,T;L,"124,111",0.0,6EQE,124:T,111:L
S;G,T;S,"124,243",0.0,6EQE,124:T,243:S
S;Q,T;L,"124,127",0.0,6EQE,124:T,127:L
S;Q,T;H,"124,127",0.0,6EQE,124:T,127:H
S;W,T;I,"124,159",0.0,6EQE,124:T,159:I
S;Q,T;P,"124,127",0.0,6EQE,124:T,127:P
S;S,T;N,"124,103",0.0,6EQE,124:T,103:N
S;A,T;Y,"124,179",0.0,6EQE,124:T,179:Y
S;W,T;K,"124,257",0.0,6EQE,124:T,257:K
S;L,T;M,"124,216",0.0,6EQE,124:T,216:M
S;Q,T;E,"124,127",0.0,6EQE,124:T,127:E
S;G,T;A,"124,243",0.0,6EQE,124:T,243:A
S;A,T;N,"124,226",0.0,6EQE,124:T,226:N
S;L,T;I,"124,216",0.0,6EQE,124:T,216:I
S;C,T;L,"124,289",0.0,6EQE,124:T,289:L
S;S,T;E,"124,207",0.0,6EQE,124:T,207:E
S;M,T;L,"124,154",0.0,6EQE,124:T,154:L
S;M,T;P,"124,222",0.0,6EQE,124:T,222:P
S;G,T;T,"124,251",0.0,6EQE,124:T,251:T
S;P,T;L,"124,38",0.0,6EQE,124:T,38:L
S;L,T;W,"124,216",0.0,6EQE,124:T,216:W
S;T,T;L,"124,72",0.0,6EQE,124:T,72:L
S;S,T;P,"124,245",0.0,6EQE,124:T,245:P
S;I,T;W,"124,111",0.0,6EQE,124:T,111:W
S;L,T;D,"124,249",0.0,6EQE,124:T,249:D
S;E,T;K,"124,231",0.0,6EQE,124:T,231:K
S;D,T;K,"124,263",0.0,6EQE,124:T,263:K
S;T,T;M,"124,51",0.0,6EQE,124:T,51:M
S;L,T;E,"124,216",0.0,6EQE,124:T,216:E
S;S,T;T,"124,121",0.0,6EQE,124:T,121:T
S;I,T;H,"124,145",0.0,6EQE,124:T,145:H
S;I,T;L,"124,145",0.0,6EQE,124:T,145:L
S;H,T;M,"124,104",0.0,6EQE,124:T,104:M
S;R,T;P,"124,280",0.0,6EQE,124:T,280:P
S;L,T;F,"124,216",0.0,6EQE,124:T,216:F
S;S,T;D,"124,103",0.0,6EQE,124:T,103:D
S;I,T;V,"124,200",0.0,6EQE,124:T,200:V
S;T,T;K,"124,88",0.0,6EQE,124:T,88:K
S;N,T;K,"124,138",0.0,6EQE,124:T,138:K
S;A,T;L,"124,65",0.0,6EQE,124:T,65:L
S;Q,T;T,"124,91",0.0,6EQE,124:T,91:T
S;G,T;D,"124,163",0.0,6EQE,124:T,163:D
S;A,T;M,"124,65",0.0,6EQE,124:T,65:M
S;K,T;L,"124,252",0.0,6EQE,124:T,252:L
S;V,T;D,"124,57",0.0,6EQE,124:T,57:D
S;Q,T;V,"124,127",0.0,6EQE,124:T,127:V
S;V,T;C,"124,281",0.0,6EQE,124:T,281:C
S;T,T;V,"124,72",0.0,6EQE,124:T,72:V
S;Q,T;N,"124,133",0.0,6EQE,124:T,133:N
S;R,T;K,"124,53",0.0,6EQE,124:T,53:K
S;S,T;P,"124,125",0.0,6EQE,124:T,125:P
S;T,T;Q,"124,88",0.0,6EQE,124:T,88:Q
S;N,T;L,"124,138",0.0,6EQE,124:T,138:L
S;H,T;R,"124,104",0.0,6EQE,124:T,104:R
S;W,T;P,"124,159",0.0,6EQE,124:T,159:P
S;S,T;Y,"124,242",0.0,6EQE,124:T,242:Y
S;A,T;F,"124,65",0.0,6EQE,124:T,65:F
S;G,T;H,"124,251",0.0,6EQE,124:T,251:H
S;L,T;P,"124,216",0.0,6EQE,124:T,216:P
S;S,T;W,"124,58",0.0,6EQE,124:T,58:W
S;A,T;E,"124,152",0.0,6EQE,124:T,152:E
S;T,T;N,"124,88",0.0,6EQE,124:T,88:N
S;T,T;N,"124,198",0.0,6EQE,124:T,198:N
S;S,T;K,"124,58",0.0,6EQE,124:T,58:K
S;L,T;C,"124,249",0.0,6EQE,124:T,249:C
S;N,T;T,"124,190",0.0,6EQE,124:T,190:T
S;S,T;V,"124,223",0.0,6EQE,124:T,223:V
S;A,T;W,"124,65",0.0,6EQE,124:T,65:W
S;K,T;Y,"124,253",0.0,6EQE,124:T,253:Y
S;R,T;S,"124,90",0.0,6EQE,124:T,90:S
S;T,T;M,"124,29",0.0,6EQE,124:T,29:M
S;M,T;L,"124,262",0.0,6EQE,124:T,262:L
S;A,T;L,"124,272",0.0,6EQE,124:T,272:L
S;R,T;N,"124,90",0.0,6EQE,124:T,90:N
S;R,T;T,"124,90",0.0,6EQE,124:T,90:T
S;G,T;T,"124,254",0.0,6EQE,124:T,254:T
S;R,T;P,"124,90",0.0,6EQE,124:T,90:P
S;N,T;Y,"124,37",0.0,6EQE,124:T,37:Y
S;Q,T;I,"124,182",0.0,6EQE,124:T,182:I
S;R,T;A,"124,90",0.0,6EQE,124:T,90:A
S;K,T;F,"124,253",0.0,6EQE,124:T,253:F
S;Y,T;S,"124,63",0.0,6EQE,124:T,63:S
S;Q,T;M,"124,127",0.0,6EQE,124:T,127:M
S;Q,T;L,"124,182",0.0,6EQE,124:T,182:L
S;K,T;A,"124,253",0.0,6EQE,124:T,253:A
S;K,T;V,"124,253",0.0,6EQE,124:T,253:V
S;Q,T;F,"124,182",0.0,6EQE,124:T,182:F
S;R,T;D,"124,90",0.0,6EQE,124:T,90:D
S;Q,T;A,"124,127",0.0,6EQE,124:T,127:A
S;Y,T;T,"124,63",0.0,6EQE,124:T,63:T
S;Q,T;V,"124,182",0.0,6EQE,124:T,182:V
S;K,T;L,"124,253",0.0,6EQE,124:T,253:L
S;C,T;S,"124,289",0.0,6EQE,124:T,289:S
S;Y,T;G,"124,63",0.0,6EQE,124:T,63:G
S;M,T;V,"124,154",0.0,6EQE,124:T,154:V
S;Q,T;T,"124,127",0.0,6EQE,124:T,127:T
S;A,T;D,"124,226",0.0,6EQE,124:T,226:D
S;C,T;A,"124,289",0.0,6EQE,124:T,289:A
S;R,T;Q,"124,224",0.0,6EQE,124:T,224:Q
S;N,T;K,"124,233",0.0,6EQE,124:T,233:K
S;S,T;E,"124,136",0.0,6EQE,124:T,136:E
S;D,T;N,"124,186",0.0,6EQE,124:T,186:N
S;R,T;A,"124,280",0.0,6EQE,124:T,280:A
S;S,T;F,"124,238",0.0,6EQE,124:T,238:F
S;S,T;Q,"124,188",0.0,6EQE,124:T,188:Q
S;S,T;H,"124,214",0.0,6EQE,124:T,214:H
S;L,T;F,"124,117",0.0,6EQE,124:T,117:F
S;Q,T;Y,"124,119",0.0,6EQE,124:T,119:Y
S;G,T;A,"124,165",0.0,6EQE,124:T,165:A
S;S,T;E,"124,121",0.0,6EQE,124:T,121:E
S;I,T;R,"124,168",0.0,6EQE,124:T,168:R
S;N,T;H,"124,205",0.0,6EQE,124:T,205:H
S;S,T;Y,"124,269",0.0,6EQE,124:T,269:Y
S;S,T;T,"124,214",0.0,6EQE,124:T,214:T
S;I,T;R,"124,218",0.0,6EQE,124:T,218:R
S;P,T;K,"124,120",0.0,6EQE,124:T,120:K
S;M,T;H,"124,161",0.0,6EQE,124:T,161:H
S;I,T;H,"124,168",0.0,6EQE,124:T,168:H
S;N,T;K,"124,114",0.0,6EQE,124:T,114:K
S;P,T;V,"124,184",0.0,6EQE,124:T,184:V
S;W,T;P,"124,185",0.0,6EQE,124:T,185:P
S;S,T;H,"124,187",0.0,6EQE,124:T,187:H
S;S,T;P,"124,188",0.0,6EQE,124:T,188:P
S;T,T;Y,"124,189",0.0,6EQE,124:T,189:Y
S;F,T;M,"124,191",0.0,6EQE,124:T,191:M
Q;Q,K;W,"127,133",0.0,6EQE,127:K,133:W
Q;D,K;L,"127,220",0.0,6EQE,127:K,220:L
Q;T,K;D,"127,88",0.0,6EQE,127:K,88:D
Q;R,K;N,"127,132",0.0,6EQE,127:K,132:N
Q;A,K;Y,"127,215",0.0,6EQE,127:K,215:Y
Q;L,K;K,"127,249",0.0,6EQE,127:K,249:K
Q;R,K;Y,"127,123",0.0,6EQE,127:K,123:Y
Q;F,K;W,"127,271",0.0,6EQE,127:K,271:W
Q;S,K;D,"127,58",0.0,6EQE,127:K,58:D
Q;N,K;I,"127,37",0.0,6EQE,127:K,37:I
Q;C,K;D,"127,289",0.0,6EQE,127:K,289:D
Q;A,K;P,"127,152",0.0,6EQE,127:K,152:P
Q;D,K;V,"127,186",0.0,6EQE,127:K,186:V
Q;G,K;P,"127,243",0.0,6EQE,127:K,243:P
Q;S,K;E,"127,115",0.0,6EQE,127:K,115:E
Q;L,K;Q,"127,216",0.0,6EQE,127:K,216:Q
Q;N,K;P,"127,277",0.0,6EQE,127:K,277:P
Q;R,K;Q,"127,132",0.0,6EQE,127:K,132:Q
Q;N,K;Y,"127,244",0.0,6EQE,127:K,244:Y
Q;H,K;T,"127,104",0.0,6EQE,127:K,104:T
Q;S,K;V,"127,58",0.0,6EQE,127:K,58:V
Q;H,K;L,"127,104",0.0,6EQE,127:K,104:L
Q;P,K;Q,"127,38",0.0,6EQE,127:K,38:Q
Q;R,K;L,"127,53",0.0,6EQE,127:K,53:L
Q;A,K;T,"127,180",0.0,6EQE,127:K,180:T
Q;P,K;D,"127,197",0.0,6EQE,127:K,197:D
Q;T,K;V,"127,198",0.0,6EQE,127:K,198:V
Q;A,K;M,"127,135",0.0,6EQE,127:K,135:M
Q;I,K;L,"127,111",0.0,6EQE,127:K,111:L
Q;G,K;S,"127,243",0.0,6EQE,127:K,243:S
Q;W,K;I,"127,159",0.0,6EQE,127:K,159:I
Q;S,K;N,"127,103",0.0,6EQE,127:K,103:N
Q;A,K;Y,"127,179",0.0,6EQE,127:K,179:Y
Q;W,K;K,"127,257",0.0,6EQE,127:K,257:K
Q;L,K;M,"127,216",0.0,6EQE,127:K,216:M
Q;G,K;A,"127,243",0.0,6EQE,127:K,243:A
Q;A,K;N,"127,226",0.0,6EQE,127:K,226:N
Q;L,K;I,"127,216",0.0,6EQE,127:K,216:I
Q;C,K;L,"127,289",0.0,6EQE,127:K,289:L
Q;S,K;E,"127,207",0.0,6EQE,127:K,207:E
Q;M,K;L,"127,154",0.0,6EQE,127:K,154:L
Q;M,K;P,"127,222",0.0,6EQE,127:K,222:P
Q;G,K;T,"127,251",0.0,6EQE,127:K,251:T
Q;P,K;L,"127,38",0.0,6EQE,127:K,38:L
Q;L,K;W,"127,216",0.0,6EQE,127:K,216:W
Q;T,K;L,"127,72",0.0,6EQE,127:K,72:L
Q;S,K;P,"127,245",0.0,6EQE,127:K,245:P
Q;I,K;W,"127,111",0.0,6EQE,127:K,111:W
Q;L,K;D,"127,249",0.0,6EQE,127:K,249:D
Q;E,K;K,"127,231",0.0,6EQE,127:K,231:K
Q;D,K;K,"127,263",0.0,6EQE,127:K,263:K
Q;T,K;M,"127,51",0.0,6EQE,127:K,51:M
Q;L,K;E,"127,216",0.0,6EQE,127:K,216:E
Q;S,K;T,"127,121",0.0,6EQE,127:K,121:T
Q;I,K;H,"127,145",0.0,6EQE,127:K,145:H
Q;I,K;L,"127,145",0.0,6EQE,127:K,145:L
Q;H,K;M,"127,104",0.0,6EQE,127:K,104:M
Q;R,K;P,"127,280",0.0,6EQE,127:K,280:P
Q;L,K;F,"127,216",0.0,6EQE,127:K,216:F
Q;S,K;D,"127,103",0.0,6EQE,127:K,103:D
Q;I,K;V,"127,200",0.0,6EQE,127:K,200:V
Q;T,K;K,"127,88",0.0,6EQE,127:K,88:K
Q;N,K;K,"127,138",0.0,6EQE,127:K,138:K
Q;A,K;L,"127,65",0.0,6EQE,127:K,65:L
Q;Q,K;T,"127,91",0.0,6EQE,127:K,91:T
Q;G,K;D,"127,163",0.0,6EQE,127:K,163:D
Q;A,K;M,"127,65",0.0,6EQE,127:K,65:M
Q;K,K;L,"127,252",0.0,6EQE,127:K,252:L
Q;V,K;D,"127,57",0.0,6EQE,127:K,57:D
Q;V,K;C,"127,281",0.0,6EQE,127:K,281:C
Q;T,K;V,"127,72",0.0,6EQE,127:K,72:V
Q;Q,K;N,"127,133",0.0,6EQE,127:K,133:N
Q;R,K;K,"127,53",0.0,6EQE,127:K,53:K
Q;S,K;P,"127,125",0.0,6EQE,127:K,125:P
Q;T,K;Q,"127,88",0.0,6EQE,127:K,88:Q
Q;N,K;L,"127,138",0.0,6EQE,127:K,138:L
Q;H,K;R,"127,104",0.0,6EQE,127:K,104:R
Q;W,K;P,"127,159",0.0,6EQE,127:K,159:P
Q;S,K;Y,"127,242",0.0,6EQE,127:K,242:Y
Q;A,K;F,"127,65",0.0,6EQE,127:K,65:F
Q;G,K;H,"127,251",0.0,6EQE,127:K,251:H
Q;L,K;P,"127,216",0.0,6EQE,127:K,216:P
Q;S,K;W,"127,58",0.0,6EQE,127:K,58:W
Q;A,K;E,"127,152",0.0,6EQE,127:K,152:E
Q;T,K;N,"127,88",0.0,6EQE,127:K,88:N
Q;T,K;N,"127,198",0.0,6EQE,127:K,198:N
Q;S,K;K,"127,58",0.0,6EQE,127:K,58:K
Q;L,K;C,"127,249",0.0,6EQE,127:K,249:C
Q;N,K;T,"127,190",0.0,6EQE,127:K,190:T
Q;S,K;V,"127,223",0.0,6EQE,127:K,223:V
Q;A,K;W,"127,65",0.0,6EQE,127:K,65:W
Q;K,K;Y,"127,253",0.0,6EQE,127:K,253:Y
Q;R,K;S,"127,90",0.0,6EQE,127:K,90:S
Q;T,K;M,"127,29",0.0,6EQE,127:K,29:M
Q;M,K;L,"127,262",0.0,6EQE,127:K,262:L
Q;A,K;L,"127,272",0.0,6EQE,127:K,272:L
Q;R,K;N,"127,90",0.0,6EQE,127:K,90:N
Q;R,K;T,"127,90",0.0,6EQE,127:K,90:T
Q;G,K;T,"127,254",0.0,6EQE,127:K,254:T
Q;R,K;P,"127,90",0.0,6EQE,127:K,90:P
Q;N,K;Y,"127,37",0.0,6EQE,127:K,37:Y
Q;Q,K;I,"127,182",0.0,6EQE,127:K,182:I
Q;R,K;A,"127,90",0.0,6EQE,127:K,90:A
Q;K,K;F,"127,253",0.0,6EQE,127:K,253:F
Q;Y,K;S,"127,63",0.0,6EQE,127:K,63:S
Q;Q,K;L,"127,182",0.0,6EQE,127:K,182:L
Q;K,K;A,"127,253",0.0,6EQE,127:K,253:A
Q;K,K;V,"127,253",0.0,6EQE,127:K,253:V
Q;Q,K;F,"127,182",0.0,6EQE,127:K,182:F
Q;R,K;D,"127,90",0.0,6EQE,127:K,90:D
Q;Y,K;T,"127,63",0.0,6EQE,127:K,63:T
Q;Q,K;V,"127,182",0.0,6EQE,127:K,182:V
Q;K,K;L,"127,253",0.0,6EQE,127:K,253:L
Q;C,K;S,"127,289",0.0,6EQE,127:K,289:S
Q;Y,K;G,"127,63",0.0,6EQE,127:K,63:G
Q;M,K;V,"127,154",0.0,6EQE,127:K,154:V
Q;A,K;D,"127,226",0.0,6EQE,127:K,226:D
Q;C,K;A,"127,289",0.0,6EQE,127:K,289:A
Q;R,K;Q,"127,224",0.0,6EQE,127:K,224:Q
Q;N,K;K,"127,233",0.0,6EQE,127:K,233:K
Q;S,K;E,"127,136",0.0,6EQE,127:K,136:E
Q;D,K;N,"127,186",0.0,6EQE,127:K,186:N
Q;R,K;A,"127,280",0.0,6EQE,127:K,280:A
Q;S,K;F,"127,238",0.0,6EQE,127:K,238:F
Q;S,K;Q,"127,188",0.0,6EQE,127:K,188:Q
Q;S,K;H,"127,214",0.0,6EQE,127:K,214:H
Q;L,K;F,"127,117",0.0,6EQE,127:K,117:F
Q;Q,K;Y,"127,119",0.0,6EQE,127:K,119:Y
Q;G,K;A,"127,165",0.0,6EQE,127:K,165:A
Q;S,K;E,"127,121",0.0,6EQE,127:K,121:E
Q;I,K;R,"127,168",0.0,6EQE,127:K,168:R
Q;N,K;H,"127,205",0.0,6EQE,127:K,205:H
Q;S,K;Y,"127,269",0.0,6EQE,127:K,269:Y
Q;S,K;T,"127,214",0.0,6EQE,127:K,214:T
Q;I,K;R,"127,218",0.0,6EQE,127:K,218:R
Q;P,K;K,"127,120",0.0,6EQE,127:K,120:K
Q;M,K;H,"127,161",0.0,6EQE,127:K,161:H
Q;I,K;H,"127,168",0.0,6EQE,127:K,168:H
Q;N,K;K,"127,114",0.0,6EQE,127:K,114:K
Q;P,K;V,"127,184",0.0,6EQE,127:K,184:V
Q;W,K;P,"127,185",0.0,6EQE,127:K,185:P
Q;S,K;H,"127,187",0.0,6EQE,127:K,187:H
Q;S,K;P,"127,188",0.0,6EQE,127:K,188:P
Q;T,K;Y,"127,189",0.0,6EQE,127:K,189:Y
Q;F,K;M,"127,191",0.0,6EQE,127:K,191:M
Q;D,W;L,"133,220",0.0,6EQE,133:W,220:L
Q;T,W;D,"133,88",0.0,6EQE,133:W,88:D
Q;R,W;N,"133,132",0.0,6EQE,133:W,132:N
Q;Q,W;D,"133,127",0.0,6EQE,133:W,127:D
Q;A,W;Y,"133,215",0.0,6EQE,133:W,215:Y
Q;L,W;K,"133,249",0.0,6EQE,133:W,249:K
Q;R,W;Y,"133,123",0.0,6EQE,133:W,123:Y
Q;F,W;W,"133,271",0.0,6EQE,133:W,271:W
Q;S,W;D,"133,58",0.0,6EQE,133:W,58:D
Q;N,W;I,"133,37",0.0,6EQE,133:W,37:I
Q;C,W;D,"133,289",0.0,6EQE,133:W,289:D
Q;A,W;P,"133,152",0.0,6EQE,133:W,152:P
Q;D,W;V,"133,186",0.0,6EQE,133:W,186:V
Q;G,W;P,"133,243",0.0,6EQE,133:W,243:P
Q;S,W;E,"133,115",0.0,6EQE,133:W,115:E
Q;L,W;Q,"133,216",0.0,6EQE,133:W,216:Q
Q;N,W;P,"133,277",0.0,6EQE,133:W,277:P
Q;R,W;Q,"133,132",0.0,6EQE,133:W,132:Q
Q;N,W;Y,"133,244",0.0,6EQE,133:W,244:Y
Q;H,W;T,"133,104",0.0,6EQE,133:W,104:T
Q;S,W;V,"133,58",0.0,6EQE,133:W,58:V
Q;H,W;L,"133,104",0.0,6EQE,133:W,104:L
Q;P,W;Q,"133,38",0.0,6EQE,133:W,38:Q
Q;R,W;L,"133,53",0.0,6EQE,133:W,53:L
Q;A,W;T,"133,180",0.0,6EQE,133:W,180:T
Q;P,W;D,"133,197",0.0,6EQE,133:W,197:D
Q;T,W;V,"133,198",0.0,6EQE,133:W,198:V
Q;A,W;M,"133,135",0.0,6EQE,133:W,135:M
Q;I,W;L,"133,111",0.0,6EQE,133:W,111:L
Q;G,W;S,"133,243",0.0,6EQE,133:W,243:S
Q;Q,W;L,"133,127",0.0,6EQE,133:W,127:L
Q;Q,W;H,"133,127",0.0,6EQE,133:W,127:H
Q;W,W;I,"133,159",0.0,6EQE,133:W,159:I
Q;Q,W;P,"133,127",0.0,6EQE,133:W,127:P
Q;S,W;N,"133,103",0.0,6EQE,133:W,103:N
Q;A,W;Y,"133,179",0.0,6EQE,133:W,179:Y
Q;W,W;K,"133,257",0.0,6EQE,133:W,257:K
Q;L,W;M,"133,216",0.0,6EQE,133:W,216:M
Q;Q,W;E,"133,127",0.0,6EQE,133:W,127:E
Q;G,W;A,"133,243",0.0,6EQE,133:W,243:A
Q;A,W;N,"133,226",0.0,6EQE,133:W,226:N
Q;L,W;I,"133,216",0.0,6EQE,133:W,216:I
Q;C,W;L,"133,289",0.0,6EQE,133:W,289:L
Q;S,W;E,"133,207",0.0,6EQE,133:W,207:E
Q;M,W;L,"133,154",0.0,6EQE,133:W,154:L
Q;M,W;P,"133,222",0.0,6EQE,133:W,222:P
Q;G,W;T,"133,251",0.0,6EQE,133:W,251:T
Q;P,W;L,"133,38",0.0,6EQE,133:W,38:L
Q;L,W;W,"133,216",0.0,6EQE,133:W,216:W
Q;T,W;L,"133,72",0.0,6EQE,133:W,72:L
Q;S,W;P,"133,245",0.0,6EQE,133:W,245:P
Q;I,W;W,"133,111",0.0,6EQE,133:W,111:W
Q;L,W;D,"133,249",0.0,6EQE,133:W,249:D
Q;E,W;K,"133,231",0.0,6EQE,133:W,231:K
Q;D,W;K,"133,263",0.0,6EQE,133:W,263:K
Q;T,W;M,"133,51",0.0,6EQE,133:W,51:M
Q;L,W;E,"133,216",0.0,6EQE,133:W,216:E
Q;S,W;T,"133,121",0.0,6EQE,133:W,121:T
Q;I,W;H,"133,145",0.0,6EQE,133:W,145:H
Q;I,W;L,"133,145",0.0,6EQE,133:W,145:L
Q;H,W;M,"133,104",0.0,6EQE,133:W,104:M
Q;R,W;P,"133,280",0.0,6EQE,133:W,280:P
Q;L,W;F,"133,216",0.0,6EQE,133:W,216:F
Q;S,W;D,"133,103",0.0,6EQE,133:W,103:D
Q;I,W;V,"133,200",0.0,6EQE,133:W,200:V
Q;T,W;K,"133,88",0.0,6EQE,133:W,88:K
Q;N,W;K,"133,138",0.0,6EQE,133:W,138:K
Q;A,W;L,"133,65",0.0,6EQE,133:W,65:L
Q;Q,W;T,"133,91",0.0,6EQE,133:W,91:T
Q;G,W;D,"133,163",0.0,6EQE,133:W,163:D
Q;A,W;M,"133,65",0.0,6EQE,133:W,65:M
Q;K,W;L,"133,252",0.0,6EQE,133:W,252:L
Q;V,W;D,"133,57",0.0,6EQE,133:W,57:D
Q;Q,W;V,"133,127",0.0,6EQE,133:W,127:V
Q;V,W;C,"133,281",0.0,6EQE,133:W,281:C
Q;T,W;V,"133,72",0.0,6EQE,133:W,72:V
Q;R,W;K,"133,53",0.0,6EQE,133:W,53:K
Q;S,W;P,"133,125",0.0,6EQE,133:W,125:P
Q;T,W;Q,"133,88",0.0,6EQE,133:W,88:Q
Q;N,W;L,"133,138",0.0,6EQE,133:W,138:L
Q;H,W;R,"133,104",0.0,6EQE,133:W,104:R
Q;W,W;P,"133,159",0.0,6EQE,133:W,159:P
Q;S,W;Y,"133,242",0.0,6EQE,133:W,242:Y
Q;A,W;F,"133,65",0.0,6EQE,133:W,65:F
Q;G,W;H,"133,251",0.0,6EQE,133:W,251:H
Q;L,W;P,"133,216",0.0,6EQE,133:W,216:P
Q;S,W;W,"133,58",0.0,6EQE,133:W,58:W
Q;A,W;E,"133,152",0.0,6EQE,133:W,152:E
Q;T,W;N,"133,88",0.0,6EQE,133:W,88:N
Q;T,W;N,"133,198",0.0,6EQE,133:W,198:N
Q;S,W;K,"133,58",0.0,6EQE,133:W,58:K
Q;L,W;C,"133,249",0.0,6EQE,133:W,249:C
Q;N,W;T,"133,190",0.0,6EQE,133:W,190:T
Q;S,W;V,"133,223",0.0,6EQE,133:W,223:V
Q;A,W;W,"133,65",0.0,6EQE,133:W,65:W
Q;K,W;Y,"133,253",0.0,6EQE,133:W,253:Y
Q;R,W;S,"133,90",0.0,6EQE,133:W,90:S
Q;T,W;M,"133,29",0.0,6EQE,133:W,29:M
Q;M,W;L,"133,262",0.0,6EQE,133:W,262:L
Q;A,W;L,"133,272",0.0,6EQE,133:W,272:L
Q;R,W;N,"133,90",0.0,6EQE,133:W,90:N
Q;R,W;T,"133,90",0.0,6EQE,133:W,90:T
Q;G,W;T,"133,254",0.0,6EQE,133:W,254:T
Q;R,W;P,"133,90",0.0,6EQE,133:W,90:P
Q;N,W;Y,"133,37",0.0,6EQE,133:W,37:Y
Q;Q,W;I,"133,182",0.0,6EQE,133:W,182:I
Q;R,W;A,"133,90",0.0,6EQE,133:W,90:A
Q;K,W;F,"133,253",0.0,6EQE,133:W,253:F
Q;Y,W;S,"133,63",0.0,6EQE,133:W,63:S
Q;Q,W;M,"133,127",0.0,6EQE,133:W,127:M
Q;Q,W;L,"133,182",0.0,6EQE,133:W,182:L
Q;K,W;A,"133,253",0.0,6EQE,133:W,253:A
Q;K,W;V,"133,253",0.0,6EQE,133:W,253:V
Q;Q,W;F,"133,182",0.0,6EQE,133:W,182:F
Q;R,W;D,"133,90",0.0,6EQE,133:W,90:D
Q;Q,W;A,"133,127",0.0,6EQE,133:W,127:A
Q;Y,W;T,"133,63",0.0,6EQE,133:W,63:T
Q;Q,W;V,"133,182",0.0,6EQE,133:W,182:V
Q;K,W;L,"133,253",0.0,6EQE,133:W,253:L
Q;C,W;S,"133,289",0.0,6EQE,133:W,289:S
Q;Y,W;G,"133,63",0.0,6EQE,133:W,63:G
Q;M,W;V,"133,154",0.0,6EQE,133:W,154:V
Q;Q,W;T,"133,127",0.0,6EQE,133:W,127:T
Q;A,W;D,"133,226",0.0,6EQE,133:W,226:D
Q;C,W;A,"133,289",0.0,6EQE,133:W,289:A
Q;R,W;Q,"133,224",0.0,6EQE,133:W,224:Q
Q;N,W;K,"133,233",0.0,6EQE,133:W,233:K
Q;S,W;E,"133,136",0.0,6EQE,133:W,136:E
Q;D,W;N,"133,186",0.0,6EQE,133:W,186:N
Q;R,W;A,"133,280",0.0,6EQE,133:W,280:A
Q;S,W;F,"133,238",0.0,6EQE,133:W,238:F
Q;S,W;Q,"133,188",0.0,6EQE,133:W,188:Q
Q;S,W;H,"133,214",0.0,6EQE,133:W,214:H
Q;L,W;F,"133,117",0.0,6EQE,133:W,117:F
Q;Q,W;Y,"133,119",0.0,6EQE,133:W,119:Y
Q;G,W;A,"133,165",0.0,6EQE,133:W,165:A
Q;S,W;E,"133,121",0.0,6EQE,133:W,121:E
Q;I,W;R,"133,168",0.0,6EQE,133:W,168:R
Q;N,W;H,"133,205",0.0,6EQE,133:W,205:H
Q;S,W;Y,"133,269",0.0,6EQE,133:W,269:Y
Q;S,W;T,"133,214",0.0,6EQE,133:W,214:T
Q;I,W;R,"133,218",0.0,6EQE,133:W,218:R
Q;P,W;K,"133,120",0.0,6EQE,133:W,120:K
Q;M,W;H,"133,161",0.0,6EQE,133:W,161:H
Q;I,W;H,"133,168",0.0,6EQE,133:W,168:H
Q;N,W;K,"133,114",0.0,6EQE,133:W,114:K
Q;P,W;V,"133,184",0.0,6EQE,133:W,184:V
Q;W,W;P,"133,185",0.0,6EQE,133:W,185:P
Q;S,W;H,"133,187",0.0,6EQE,133:W,187:H
Q;S,W;P,"133,188",0.0,6EQE,133:W,188:P
Q;T,W;Y,"133,189",0.0,6EQE,133:W,189:Y
Q;F,W;M,"133,191",0.0,6EQE,133:W,191:M
D;T,L;D,"220,88",0.0,6EQE,220:L,88:D
D;R,L;N,"220,132",0.0,6EQE,220:L,132:N
D;Q,L;D,"220,127",0.0,6EQE,220:L,127:D
D;A,L;Y,"220,215",0.0,6EQE,220:L,215:Y
D;L,L;K,"220,249",0.0,6EQE,220:L,249:K
D;R,L;Y,"220,123",0.0,6EQE,220:L,123:Y
D;F,L;W,"220,271",0.0,6EQE,220:L,271:W
D;S,L;D,"220,58",0.0,6EQE,220:L,58:D
D;N,L;I,"220,37",0.0,6EQE,220:L,37:I
D;C,L;D,"220,289",0.0,6EQE,220:L,289:D
D;A,L;P,"220,152",0.0,6EQE,220:L,152:P
D;D,L;V,"220,186",0.0,6EQE,220:L,186:V
D;G,L;P,"220,243",0.0,6EQE,220:L,243:P
D;S,L;E,"220,115",0.0,6EQE,220:L,115:E
D;L,L;Q,"220,216",0.0,6EQE,220:L,216:Q
D;N,L;P,"220,277",0.0,6EQE,220:L,277:P
D;R,L;Q,"220,132",0.0,6EQE,220:L,132:Q
D;N,L;Y,"220,244",0.0,6EQE,220:L,244:Y
D;H,L;T,"220,104",0.0,6EQE,220:L,104:T
D;S,L;V,"220,58",0.0,6EQE,220:L,58:V
D;H,L;L,"220,104",0.0,6EQE,220:L,104:L
D;P,L;Q,"220,38",0.0,6EQE,220:L,38:Q
D;R,L;L,"220,53",0.0,6EQE,220:L,53:L
D;A,L;T,"220,180",0.0,6EQE,220:L,180:T
D;P,L;D,"220,197",0.0,6EQE,220:L,197:D
D;T,L;V,"220,198",0.0,6EQE,220:L,198:V
D;A,L;M,"220,135",0.0,6EQE,220:L,135:M
D;I,L;L,"220,111",0.0,6EQE,220:L,111:L
D;G,L;S,"220,243",0.0,6EQE,220:L,243:S
D;Q,L;L,"220,127",0.0,6EQE,220:L,127:L
D;Q,L;H,"220,127",0.0,6EQE,220:L,127:H
D;W,L;I,"220,159",0.0,6EQE,220:L,159:I
D;Q,L;P,"220,127",0.0,6EQE,220:L,127:P
D;S,L;N,"220,103",0.0,6EQE,220:L,103:N
D;A,L;Y,"220,179",0.0,6EQE,220:L,179:Y
D;W,L;K,"220,257",0.0,6EQE,220:L,257:K
D;L,L;M,"220,216",0.0,6EQE,220:L,216:M
D;Q,L;E,"220,127",0.0,6EQE,220:L,127:E
D;G,L;A,"220,243",0.0,6EQE,220:L,243:A
D;A,L;N,"220,226",0.0,6EQE,220:L,226:N
D;L,L;I,"220,216",0.0,6EQE,220:L,216:I
D;C,L;L,"220,289",0.0,6EQE,220:L,289:L
D;S,L;E,"220,207",0.0,6EQE,220:L,207:E
D;M,L;L,"220,154",0.0,6EQE,220:L,154:L
D;M,L;P,"220,222",0.0,6EQE,220:L,222:P
D;G,L;T,"220,251",0.0,6EQE,220:L,251:T
D;P,L;L,"220,38",0.0,6EQE,220:L,38:L
D;L,L;W,"220,216",0.0,6EQE,220:L,216:W
D;T,L;L,"220,72",0.0,6EQE,220:L,72:L
D;S,L;P,"220,245",0.0,6EQE,220:L,245:P
D;I,L;W,"220,111",0.0,6EQE,220:L,111:W
D;L,L;D,"220,249",0.0,6EQE,220:L,249:D
D;E,L;K,"220,231",0.0,6EQE,220:L,231:K
D;D,L;K,"220,263",0.0,6EQE,220:L,263:K
D;T,L;M,"220,51",0.0,6EQE,220:L,51:M
D;L,L;E,"220,216",0.0,6EQE,220:L,216:E
D;S,L;T,"220,121",0.0,6EQE,220:L,121:T
D;I,L;H,"220,145",0.0,6EQE,220:L,145:H
D;I,L;L,"220,145",0.0,6EQE,220:L,145:L
D;H,L;M,"220,104",0.0,6EQE,220:L,104:M
D;R,L;P,"220,280",0.0,6EQE,220:L,280:P
D;L,L;F,"220,216",0.0,6EQE,220:L,216:F
D;S,L;D,"220,103",0.0,6EQE,220:L,103:D
D;I,L;V,"220,200",0.0,6EQE,220:L,200:V
D;T,L;K,"220,88",0.0,6EQE,220:L,88:K
D;N,L;K,"220,138",0.0,6EQE,220:L,138:K
D;A,L;L,"220,65",0.0,6EQE,220:L,65:L
D;Q,L;T,"220,91",0.0,6EQE,220:L,91:T
D;G,L;D,"220,163",0.0,6EQE,220:L,163:D
D;A,L;M,"220,65",0.0,6EQE,220:L,65:M
D;K,L;L,"220,252",0.0,6EQE,220:L,252:L
D;V,L;D,"220,57",0.0,6EQE,220:L,57:D
D;Q,L;V,"220,127",0.0,6EQE,220:L,127:V
D;V,L;C,"220,281",0.0,6EQE,220:L,281:C
D;T,L;V,"220,72",0.0,6EQE,220:L,72:V
D;Q,L;N,"220,133",0.0,6EQE,220:L,133:N
D;R,L;K,"220,53",0.0,6EQE,220:L,53:K
D;S,L;P,"220,125",0.0,6EQE,220:L,125:P
D;T,L;Q,"220,88",0.0,6EQE,220:L,88:Q
D;N,L;L,"220,138",0.0,6EQE,220:L,138:L
D;H,L;R,"220,104",0.0,6EQE,220:L,104:R
D;W,L;P,"220,159",0.0,6EQE,220:L,159:P
D;S,L;Y,"220,242",0.0,6EQE,220:L,242:Y
D;A,L;F,"220,65",0.0,6EQE,220:L,65:F
D;G,L;H,"220,251",0.0,6EQE,220:L,251:H
D;L,L;P,"220,216",0.0,6EQE,220:L,216:P
D;S,L;W,"220,58",0.0,6EQE,220:L,58:W
D;A,L;E,"220,152",0.0,6EQE,220:L,152:E
D;T,L;N,"220,88",0.0,6EQE,220:L,88:N
D;T,L;N,"220,198",0.0,6EQE,220:L,198:N
D;S,L;K,"220,58",0.0,6EQE,220:L,58:K
D;L,L;C,"220,249",0.0,6EQE,220:L,249:C
D;N,L;T,"220,190",0.0,6EQE,220:L,190:T
D;S,L;V,"220,223",0.0,6EQE,220:L,223:V
D;A,L;W,"220,65",0.0,6EQE,220:L,65:W
D;K,L;Y,"220,253",0.0,6EQE,220:L,253:Y
D;R,L;S,"220,90",0.0,6EQE,220:L,90:S
D;T,L;M,"220,29",0.0,6EQE,220:L,29:M
D;M,L;L,"220,262",0.0,6EQE,220:L,262:L
D;A,L;L,"220,272",0.0,6EQE,220:L,272:L
D;R,L;N,"220,90",0.0,6EQE,220:L,90:N
D;R,L;T,"220,90",0.0,6EQE,220:L,90:T
D;G,L;T,"220,254",0.0,6EQE,220:L,254:T
D;R,L;P,"220,90",0.0,6EQE,220:L,90:P
D;N,L;Y,"220,37",0.0,6EQE,220:L,37:Y
D;Q,L;I,"220,182",0.0,6EQE,220:L,182:I
D;R,L;A,"220,90",0.0,6EQE,220:L,90:A
D;K,L;F,"220,253",0.0,6EQE,220:L,253:F
D;Y,L;S,"220,63",0.0,6EQE,220:L,63:S
D;Q,L;M,"220,127",0.0,6EQE,220:L,127:M
D;Q,L;L,"220,182",0.0,6EQE,220:L,182:L
D;K,L;A,"220,253",0.0,6EQE,220:L,253:A
D;K,L;V,"220,253",0.0,6EQE,220:L,253:V
D;Q,L;F,"220,182",0.0,6EQE,220:L,182:F
D;R,L;D,"220,90",0.0,6EQE,220:L,90:D
D;Q,L;A,"220,127",0.0,6EQE,220:L,127:A
D;Y,L;T,"220,63",0.0,6EQE,220:L,63:T
D;Q,L;V,"220,182",0.0,6EQE,220:L,182:V
D;K,L;L,"220,253",0.0,6EQE,220:L,253:L
D;C,L;S,"220,289",0.0,6EQE,220:L,289:S
D;Y,L;G,"220,63",0.0,6EQE,220:L,63:G
D;M,L;V,"220,154",0.0,6EQE,220:L,154:V
D;Q,L;T,"220,127",0.0,6EQE,220:L,127:T
D;A,L;D,"220,226",0.0,6EQE,220:L,226:D
D;C,L;A,"220,289",0.0,6EQE,220:L,289:A
D;R,L;Q,"220,224",0.0,6EQE,220:L,224:Q
D;N,L;K,"220,233",0.0,6EQE,220:L,233:K
D;S,L;E,"220,136",0.0,6EQE,220:L,136:E
D;D,L;N,"220,186",0.0,6EQE,220:L,186:N
D;R,L;A,"220,280",0.0,6EQE,220:L,280:A
D;S,L;F,"220,238",0.0,6EQE,220:L,238:F
