wild_type,mutation_type,position_idx,stability_score,protein_id,_component_a,_component_b
D;S,L;Q,"220,188",0.0,6EQE,220:L,188:Q
D;S,L;H,"220,214",0.0,6EQE,220:L,214:H
D;L,L;F,"220,117",0.0,6EQE,220:L,117:F
D;Q,L;Y,"220,119",0.0,6EQE,220:L,119:Y
D;G,L;A,"220,165",0.0,6EQE,220:L,165:A
D;S,L;E,"220,121",0.0,6EQE,220:L,121:E
D;I,L;R,"220,168",0.0,6EQE,220:L,168:R
D;N,L;H,"220,205",0.0,6EQE,220:L,205:H
D;S,L;Y,"220,269",0.0,6EQE,220:L,269:Y
D;S,L;T,"220,214",0.0,6EQE,220:L,214:T
D;I,L;R,"220,218",0.0,6EQE,220:L,218:R
D;P,L;K,"220,120",0.0,6EQE,220:L,120:K
D;M,L;H,"220,161",0.0,6EQE,220:L,161:H
D;I,L;H,"220,168",0.0,6EQE,220:L,168:H
D;N,L;K,"220,114",0.0,6EQE,220:L,114:K
D;P,L;V,"220,184",0.0,6EQE,220:L,184:V
D;W,L;P,"220,185",0.0,6EQE,220:L,185:P
D;S,L;H,"220,187",0.0,6EQE,220:L,187:H
D;S,L;P,"220,188",0.0,6EQE,220:L,188:P
D;T,L;Y,"220,189",0.0,6EQE,220:L,189:Y
D;F,L;M,"220,191",0.0,6EQE,220:L,191:M
T;R,D;N,"88,132",0.0,6EQE,88:D,132:N
T;Q,D;D,"88,127",0.0,6EQE,88:D,127:D
T;A,D;Y,"88,215",0.0,6EQE,88:D,215:Y
T;L,D;K,"88,249",0.0,6EQE,88:D,249:K
T;R,D;Y,"88,123",0.0,6EQE,88:D,123:Y
T;F,D;W,"88,271",0.0,6EQE,88:D,271:W
T;S,D;D,"88,58",0.0,6EQE,88:D,58:D
T;N,D;I,"88,37",0.0,6EQE,88:D,37:I
T;C,D;D,"88,289",0.0,6EQE,88:D,289:D
T;A,D;P,"88,152",0.0,6EQE,88:D,152:P
T;D,D;V,"88,186",0.0,6EQE,88:D,186:V
T;G,D;P,"88,243",0.0,6EQE,88:D,243:P
T;S,D;E,"88,115",0.0,6EQE,88:D,115:E
T;L,D;Q,"88,216",0.0,6EQE,88:D,216:Q
T;N,D;P,"88,277",0.0,6EQE,88:D,277:P
T;R,D;Q,"88,132",0.0,6EQE,88:D,132:Q
T;N,D;Y,"88,244",0.0,6EQE,88:D,244:Y
T;H,D;T,"88,104",0.0,6EQE,88:D,104:T
T;S,D;V,"88,58",0.0,6EQE,88:D,58:V
T;H,D;L,"88,104",0.0,6EQE,88:D,104:L
T;P,D;Q,"88,38",0.0,6EQE,88:D,38:Q
T;R,D;L,"88,53",0.0,6EQE,88:D,53:L
T;A,D;T,"88,180",0.0,6EQE,88:D,180:T
T;P,D;D,"88,197",0.0,6EQE,88:D,197:D
T;T,D;V,"88,198",0.0,6EQE,88:D,198:V
T;A,D;M,"88,135",0.0,6EQE,88:D,135:M
T;I,D;L,"88,111",0.0,6EQE,88:D,111:L
T;G,D;S,"88,243",0.0,6EQE,88:D,243:S
T;Q,D;L,"88,127",0.0,6EQE,88:D,127:L
T;Q,D;H,"88,127",0.0,6EQE,88:D,127:H
T;W,D;I,"88,159",0.0,6EQE,88:D,159:I
T;Q,D;P,"88,127",0.0,6EQE,88:D,127:P
T;S,D;N,"88,103",0.0,6EQE,88:D,103:N
T;A,D;Y,"88,179",0.0,6EQE,88:D,179:Y
T;W,D;K,"88,257",0.0,6EQE,88:D,257:K
T;L,D;M,"88,216",0.0,6EQE,88:D,216:M
T;Q,D;E,"88,127",0.0,6EQE,88:D,127:E
T;G,D;A,"88,243",0.0,6EQE,88:D,243:A
T;A,D;N,"88,226",0.0,6EQE,88:D,226:N
T;L,D;I,"88,216",0.0,6EQE,88:D,216:I
T;C,D;L,"88,289",0.0,6EQE,88:D,289:L
T;S,D;E,"88,207",0.0,6EQE,88:D,207:E
T;M,D;L,"88,154",0.0,6EQE,88:D,154:L
T;M,D;P,"88,222",0.0,6EQE,88:D,222:P
T;G,D;T,"88,251",0.0,6EQE,88:D,251:T
T;P,D;L,"88,38",0.0,6EQE,88:D,38:L
T;L,D;W,"88,216",0.0,6EQE,88:D,216:W
T;T,D;L,"88,72",0.0,6EQE,88:D,72:L
T;S,D;P,"88,245",0.0,6EQE,88:D,245:P
T;I,D;W,"88,111",0.0,6EQE,88:D,111:W
T;L,D;D,"88,249",0.0,6EQE,88:D,249:D
T;E,D;K,"88,231",0.0,6EQE,88:D,231:K
T;D,D;K,"88,263",0.0,6EQE,88:D,263:K
T;T,D;M,"88,51",0.0,6EQE,88:D,51:M
T;L,D;E,"88,216",0.0,6EQE,88:D,216:E
T;S,D;T,"88,121",0.0,6EQE,88:D,121:T
T;I,D;H,"88,145",0.0,6EQE,88:D,145:H
T;I,D;L,"88,145",0.0,6EQE,88:D,145:L
T;H,D;M,"88,104",0.0,6EQE,88:D,104:M
T;R,D;P,"88,280",0.0,6EQE,88:D,280:P
T;L,D;F,"88,216",0.0,6EQE,88:D,216:F
T;S,D;D,"88,103",0.0,6EQE,88:D,103:D
T;I,D;V,"88,200",0.0,6EQE,88:D,200:V
T;N,D;K,"88,138",0.0,6EQE,88:D,138:K
T;A,D;L,"88,65",0.0,6EQE,88:D,65:L
T;Q,D;T,"88,91",0.0,6EQE,88:D,91:T
T;G,D;D,"88,163",0.0,6EQE,88:D,163:D
T;A,D;M,"88,65",0.0,6EQE,88:D,65:M
T;K,D;L,"88,252",0.0,6EQE,88:D,252:L
T;V,D;D,"88,57",0.0,6EQE,88:D,57:D
T;Q,D;V,"88,127",0.0,6EQE,88:D,127:V
T;V,D;C,"88,281",0.0,6EQE,88:D,281:C
T;T,D;V,"88,72",0.0,6EQE,88:D,72:V
T;Q,D;N,"88,133",0.0,6EQE,88:D,133:N
T;R,D;K,"88,53",0.0,6EQE,88:D,53:K
T;S,D;P,"88,125",0.0,6EQE,88:D,125:P
T;N,D;L,"88,138",0.0,6EQE,88:D,138:L
T;H,D;R,"88,104",0.0,6EQE,88:D,104:R
T;W,D;P,"88,159",0.0,6EQE,88:D,159:P
T;S,D;Y,"88,242",0.0,6EQE,88:D,242:Y
T;A,D;F,"88,65",0.0,6EQE,88:D,65:F
T;G,D;H,"88,251",0.0,6EQE,88:D,251:H
T;L,D;P,"88,216",0.0,6EQE,88:D,216:P
T;S,D;W,"88,58",0.0,6EQE,88:D,58:W
T;A,D;E,"88,152",0.0,6EQE,88:D,152:E
T;T,D;N,"88,198",0.0,6EQE,88:D,198:N
T;S,D;K,"88,58",0.0,6EQE,88:D,58:K
T;L,D;C,"88,249",0.0,6EQE,88:D,249:C
T;N,D;T,"88,190",0.0,6EQE,88:D,190:T
T;S,D;V,"88,223",0.0,6EQE,88:D,223:V
T;A,D;W,"88,65",0.0,6EQE,88:D,65:W
T;K,D;Y,"88,253",0.0,6EQE,88:D,253:Y
T;R,D;S,"88,90",0.0,6EQE,88:D,90:S
T;T,D;M,"88,29",0.0,6EQE,88:D,29:M
T;M,D;L,"88,262",0.0,6EQE,88:D,262:L
T;A,D;L,"88,272",0.0,6EQE,88:D,272:L
T;R,D;N,"88,90",0.0,6EQE,88:D,90:N
T;R,D;T,"88,90",0.0,6EQE,88:D,90:T
T;G,D;T,"88,254",0.0,6EQE,88:D,254:T
T;R,D;P,"88,90",0.0,6EQE,88:D,90:P
T;N,D;Y,"88,37",0.0,6EQE,88:D,37:Y
T;Q,D;I,"88,182",0.0,6EQE,88:D,182:I
T;R,D;A,"88,90",0.0,6EQE,88:D,90:A
T;K,D;F,"88,253",0.0,6EQE,88:D,253:F
T;Y,D;S,"88,63",0.0,6EQE,88:D,63:S
T;Q,D;M,"88,127",0.0,6EQE,88:D,127:M
T;Q,D;L,"88,182",0.0,6EQE,88:D,182:L
T;K,D;A,"88,253",0.0,6EQE,88:D,253:A
T;K,D;V,"88,253",0.0,6EQE,88:D,253:V
T;Q,D;F,"88,182",0.0,6EQE,88:D,182:F
T;R,D;D,"88,90",0.0,6EQE,88:D,90:D
T;Q,D;A,"88,127",0.0,6EQE,88:D,127:A
T;Y,D;T,"88,63",0.0,6EQE,88:D,63:T
T;Q,D;V,"88,182",0.0,6EQE,88:D,182:V
T;K,D;L,"88,253",0.0,6EQE,88:D,253:L
T;C,D;S,"88,289",0.0,6EQE,88:D,289:S
T;Y,D;G,"88,63",0.0,6EQE,88:D,63:G
T;M,D;V,"88,154",0.0,6EQE,88:D,154:V
T;Q,D;T,"88,127",0.0,6EQE,88:D,127:T
T;A,D;D,"88,226",0.0,6EQE,88:D,226:D
T;C,D;A,"88,289",0.0,6EQE,88:D,289:A
T;R,D;Q,"88,224",0.0,6EQE,88:D,224:Q
T;N,D;K,"88,233",0.0,6EQE,88:D,233:K
T;S,D;E,"88,136",0.0,6EQE,88:D,136:E
T;D,D;N,"88,186",0.0,6EQE,88:D,186:N
T;R,D;A,"88,280",0.0,6EQE,88:D,280:A
T;S,D;F,"88,238",0.0,6EQE,88:D,238:F
T;S,D;Q,"88,188",0.0,6EQE,88:D,188:Q
T;S,D;H,"88,214",0.0,6EQE,88:D,214:H
T;L,D;F,"88,117",0.0,6EQE,88:D,117:F
T;Q,D;Y,"88,119",0.0,6EQE,88:D,119:Y
T;G,D;A,"88,165",0.0,6EQE,88:D,165:A
T;S,D;E,"88,121",0.0,6EQE,88:D,121:E
T;I,D;R,"88,168",0.0,6EQE,88:D,168:R
T;N,D;H,"88,205",0.0,6EQE,88:D,205:H
T;S,D;Y,"88,269",0.0,6EQE,88:D,269:Y
T;S,D;T,"88,214",0.0,6EQE,88:D,214:T
T;I,D;R,"88,218",0.0,6EQE,88:D,218:R
T;P,D;K,"88,120",0.0,6EQE,88:D,120:K
T;M,D;H,"88,161",0.0,6EQE,88:D,161:H
T;I,D;H,"88,168",0.0,6EQE,88:D,168:H
T;N,D;K,"88,114",0.0,6EQE,88:D,114:K
T;P,D;V,"88,184",0.0,6EQE,88:D,184:V
T;W,D;P,"88,185",0.0,6EQE,88:D,185:P
T;S,D;H,"88,187",0.0,6EQE,88:D,187:H
T;S,D;P,"88,188",0.0,6EQE,88:D,188:P
T;T,D;Y,"88,189",0.0,6EQE,88:D,189:Y
T;F,D;M,"88,191",0.0,6EQE,88:D,191:M
R;Q,N;D,"132,127",0.0,6EQE,132:N,127:D
R;A,N;Y,"132,215",0.0,6EQE,132:N,215:Y
R;L,N;K,"132,249",0.0,6EQE,132:N,249:K
R;R,N;Y,"132,123",0.0,6EQE,132:N,123:Y
R;F,N;W,"132,271",0.0,6EQE,132:N,271:W
R;S,N;D,"132,58",0.0,6EQE,132:N,58:D
R;N,N;I,"132,37",0.0,6EQE,132:N,37:I
R;C,N;D,"132,289",0.0,6EQE,132:N,289:D
R;A,N;P,"132,152",0.0,6EQE,132:N,152:P
R;D,N;V,"132,186",0.0,6EQE,132:N,186:V
R;G,N;P,"132,243",0.0,6EQE,132:N,243:P
R;S,N;E,"132,115",0.0,6EQE,132:N,115:E
R;L,N;Q,"132,216",0.0,6EQE,132:N,216:Q
R;N,N;P,"132,277",0.0,6EQE,132:N,277:P
R;N,N;Y,"132,244",0.0,6EQE,132:N,244:Y
R;H,N;T,"132,104",0.0,6EQE,132:N,104:T
R;S,N;V,"132,58",0.0,6EQE,132:N,58:V
R;H,N;L,"132,104",0.0,6EQE,132:N,104:L
R;P,N;Q,"132,38",0.0,6EQE,132:N,38:Q
R;R,N;L,"132,53",0.0,6EQE,132:N,53:L
R;A,N;T,"132,180",0.0,6EQE,132:N,180:T
R;P,N;D,"132,197",0.0,6EQE,132:N,197:D
R;T,N;V,"132,198",0.0,6EQE,132:N,198:V
R;A,N;M,"132,135",0.0,6EQE,132:N,135:M
R;I,N;L,"132,111",0.0,6EQE,132:N,111:L
R;G,N;S,"132,243",0.0,6EQE,132:N,243:S
R;Q,N;L,"132,127",0.0,6EQE,132:N,127:L
R;Q,N;H,"132,127",0.0,6EQE,132:N,127:H
R;W,N;I,"132,159",0.0,6EQE,132:N,159:I
R;Q,N;P,"132,127",0.0,6EQE,132:N,127:P
R;S,N;N,"132,103",0.0,6EQE,132:N,103:N
R;A,N;Y,"132,179",0.0,6EQE,132:N,179:Y
R;W,N;K,"132,257",0.0,6EQE,132:N,257:K
R;L,N;M,"132,216",0.0,6EQE,132:N,216:M
R;Q,N;E,"132,127",0.0,6EQE,132:N,127:E
R;G,N;A,"132,243",0.0,6EQE,132:N,243:A
R;A,N;N,"132,226",0.0,6EQE,132:N,226:N
R;L,N;I,"132,216",0.0,6EQE,132:N,216:I
R;C,N;L,"132,289",0.0,6EQE,132:N,289:L
R;S,N;E,"132,207",0.0,6EQE,132:N,207:E
R;M,N;L,"132,154",0.0,6EQE,132:N,154:L
R;M,N;P,"132,222",0.0,6EQE,132:N,222:P
R;G,N;T,"132,251",0.0,6EQE,132:N,251:T
R;P,N;L,"132,38",0.0,6EQE,132:N,38:L
R;L,N;W,"132,216",0.0,6EQE,132:N,216:W
R;T,N;L,"132,72",0.0,6EQE,132:N,72:L
R;S,N;P,"132,245",0.0,6EQE,132:N,245:P
R;I,N;W,"132,111",0.0,6EQE,132:N,111:W
R;L,N;D,"132,249",0.0,6EQE,132:N,249:D
R;E,N;K,"132,231",0.0,6EQE,132:N,231:K
R;D,N;K,"132,263",0.0,6EQE,132:N,263:K
R;T,N;M,"132,51",0.0,6EQE,132:N,51:M
R;L,N;E,"132,216",0.0,6EQE,132:N,216:E
R;S,N;T,"132,121",0.0,6EQE,132:N,121:T
R;I,N;H,"132,145",0.0,6EQE,132:N,145:H
R;I,N;L,"132,145",0.0,6EQE,132:N,145:L
R;H,N;M,"132,104",0.0,6EQE,132:N,104:M
R;R,N;P,"132,280",0.0,6EQE,132:N,280:P
R;L,N;F,"132,216",0.0,6EQE,132:N,216:F
R;S,N;D,"132,103",0.0,6EQE,132:N,103:D
R;I,N;V,"132,200",0.0,6EQE,132:N,200:V
R;T,N;K,"132,88",0.0,6EQE,132:N,88:K
R;N,N;K,"132,138",0.0,6EQE,132:N,138:K
R;A,N;L,"132,65",0.0,6EQE,132:N,65:L
R;Q,N;T,"132,91",0.0,6EQE,132:N,91:T
R;G,N;D,"132,163",0.0,6EQE,132:N,163:D
R;A,N;M,"132,65",0.0,6EQE,132:N,65:M
R;K,N;L,"132,252",0.0,6EQE,132:N,252:L
R;V,N;D,"132,57",0.0,6EQE,132:N,57:D
R;Q,N;V,"132,127",0.0,6EQE,132:N,127:V
R;V,N;C,"132,281",0.0,6EQE,132:N,281:C
R;T,N;V,"132,72",0.0,6EQE,132:N,72:V
R;Q,N;N,"132,133",0.0,6EQE,132:N,133:N
R;R,N;K,"132,53",0.0,6EQE,132:N,53:K
R;S,N;P,"132,125",0.0,6EQE,132:N,125:P
R;T,N;Q,"132,88",0.0,6EQE,132:N,88:Q
R;N,N;L,"132,138",0.0,6EQE,132:N,138:L
R;H,N;R,"132,104",0.0,6EQE,132:N,104:R
R;W,N;P,"132,159",0.0,6EQE,132:N,159:P
R;S,N;Y,"132,242",0.0,6EQE,132:N,242:Y
R;A,N;F,"132,65",0.0,6EQE,132:N,65:F
R;G,N;H,"132,251",0.0,6EQE,132:N,251:H
R;L,N;P,"132,216",0.0,6EQE,132:N,216:P
R;S,N;W,"132,58",0.0,6EQE,132:N,58:W
R;A,N;E,"132,152",0.0,6EQE,132:N,152:E
R;T,N;N,"132,88",0.0,6EQE,132:N,88:N
R;T,N;N,"132,198",0.0,6EQE,132:N,198:N
R;S,N;K,"132,58",0.0,6EQE,132:N,58:K
R;L,N;C,"132,249",0.0,6EQE,132:N,249:C
R;N,N;T,"132,190",0.0,6EQE,132:N,190:T
R;S,N;V,"132,223",0.0,6EQE,132:N,223:V
R;A,N;W,"132,65",0.0,6EQE,132:N,65:W
R;K,N;Y,"132,253",0.0,6EQE,132:N,253:Y
R;R,N;S,"132,90",0.0,6EQE,132:N,90:S
R;T,N;M,"132,29",0.0,6EQE,132:N,29:M
R;M,N;L,"132,262",0.0,6EQE,132:N,262:L
R;A,N;L,"132,272",0.0,6EQE,132:N,272:L
R;R,N;N,"132,90",0.0,6EQE,132:N,90:N
R;R,N;T,"132,90",0.0,6EQE,132:N,90:T
R;G,N;T,"132,254",0.0,6EQE,132:N,254:T
R;R,N;P,"132,90",0.0,6EQE,132:N,90:P
R;N,N;Y,"132,37",0.0,6EQE,132:N,37:Y
R;Q,N;I,"132,182",0.0,6EQE,132:N,182:I
R;R,N;A,"132,90",0.0,6EQE,132:N,90:A
R;K,N;F,"132,253",0.0,6EQE,132:N,253:F
R;Y,N;S,"132,63",0.0,6EQE,132:N,63:S
R;Q,N;M,"132,127",0.0,6EQE,132:N,127:M
R;Q,N;L,"132,182",0.0,6EQE,132:N,182:L
R;K,N;A,"132,253",0.0,6EQE,132:N,253:A
R;K,N;V,"132,253",0.0,6EQE,132:N,253:V
R;Q,N;F,"132,182",0.0,6EQE,132:N,182:F
R;R,N;D,"132,90",0.0,6EQE,132:N,90:D
R;Q,N;A,"132,127",0.0,6EQE,132:N,127:A
R;Y,N;T,"132,63",0.0,6EQE,132:N,63:T
R;Q,N;V,"132,182",0.0,6EQE,132:N,182:V
R;K,N;L,"132,253",0.0,6EQE,132:N,253:L
R;C,N;S,"132,289",0.0,6EQE,132:N,289:S
R;Y,N;G,"132,63",0.0,6EQE,132:N,63:G
R;M,N;V,"132,154",0.0,6EQE,132:N,154:V
R;Q,N;T,"132,127",0.0,6EQE,132:N,127:T
R;A,N;D,"132,226",0.0,6EQE,132:N,226:D
R;C,N;A,"132,289",0.0,6EQE,132:N,289:A
R;R,N;Q,"132,224",0.0,6EQE,132:N,224:Q
R;N,N;K,"132,233",0.0,6EQE,132:N,233:K
R;S,N;E,"132,136",0.0,6EQE,132:N,136:E
R;D,N;N,"132,186",0.0,6EQE,132:N,186:N
R;R,N;A,"132,280",0.0,6EQE,132:N,280:A
R;S,N;F,"132,238",0.0,6EQE,132:N,238:F
R;S,N;Q,"132,188",0.0,6EQE,132:N,188:Q
R;S,N;H,"132,214",0.0,6EQE,132:N,214:H
R;L,N;F,"132,117",0.0,6EQE,132:N,117:F
R;Q,N;Y,"132,119",0.0,6EQE,132:N,119:Y
R;G,N;A,"132,165",0.0,6EQE,132:N,165:A
R;S,N;E,"132,121",0.0,6EQE,132:N,121:E
R;I,N;R,"132,168",0.0,6EQE,132:N,168:R
R;N,N;H,"132,205",0.0,6EQE,132:N,205:H
R;S,N;Y,"132,269",0.0,6EQE,132:N,269:Y
R;S,N;T,"132,214",0.0,6EQE,132:N,214:T
R;I,N;R,"132,218",0.0,6EQE,132:N,218:R
R;P,N;K,"132,120",0.0,6EQE,132:N,120:K
R;M,N;H,"132,161",0.0,6EQE,132:N,161:H
R;I,N;H,"132,168",0.0,6EQE,132:N,168:H
R;N,N;K,"132,114",0.0,6EQE,132:N,114:K
R;P,N;V,"132,184",0.0,6EQE,132:N,184:V
R;W,N;P,"132,185",0.0,6EQE,132:N,185:P
R;S,N;H,"132,187",0.0,6EQE,132:N,187:H
R;S,N;P,"132,188",0.0,6EQE,132:N,188:P
R;T,N;Y,"132,189",0.0,6EQE,132:N,189:Y
R;F,N;M,"132,191",0.0,6EQE,132:N,191:M
Q;A,D;Y,"127,215",0.0,6EQE,127:D,215:Y
Q;L,D;K,"127,249",0.0,6EQE,127:D,249:K
Q;R,D;Y,"127,123",0.0,6EQE,127:D,123:Y
Q;F,D;W,"127,271",0.0,6EQE,127:D,271:W
Q;S,D;D,"127,58",0.0,6EQE,127:D,58:D
Q;N,D;I,"127,37",0.0,6EQE,127:D,37:I
Q;C,D;D,"127,289",0.0,6EQE,127:D,289:D
Q;A,D;P,"127,152",0.0,6EQE,127:D,152:P
Q;D,D;V,"127,186",0.0,6EQE,127:D,186:V
Q;G,D;P,"127,243",0.0,6EQE,127:D,243:P
Q;S,D;E,"127,115",0.0,6EQE,127:D,115:E
Q;L,D;Q,"127,216",0.0,6EQE,127:D,216:Q
Q;N,D;P,"127,277",0.0,6EQE,127:D,277:P
Q;R,D;Q,"127,132",0.0,6EQE,127:D,132:Q
Q;N,D;Y,"127,244",0.0,6EQE,127:D,244:Y
Q;H,D;T,"127,104",0.0,6EQE,127:D,104:T
Q;S,D;V,"127,58",0.0,6EQE,127:D,58:V
Q;H,D;L,"127,104",0.0,6EQE,127:D,104:L
Q;P,D;Q,"127,38",0.0,6EQE,127:D,38:Q
Q;R,D;L,"127,53",0.0,6EQE,127:D,53:L
Q;A,D;T,"127,180",0.0,6EQE,127:D,180:T
Q;P,D;D,"127,197",0.0,6EQE,127:D,197:D
Q;T,D;V,"127,198",0.0,6EQE,127:D,198:V
Q;A,D;M,"127,135",0.0,6EQE,127:D,135:M
Q;I,D;L,"127,111",0.0,6EQE,127:D,111:L
Q;G,D;S,"127,243",0.0,6EQE,127:D,243:S
Q;W,D;I,"127,159",0.0,6EQE,127:D,159:I
Q;S,D;N,"127,103",0.0,6EQE,127:D,103:N
Q;A,D;Y,"127,179",0.0,6EQE,127:D,179:Y
Q;W,D;K,"127,257",0.0,6EQE,127:D,257:K
Q;L,D;M,"127,216",0.0,6EQE,127:D,216:M
Q;G,D;A,"127,243",0.0,6EQE,127:D,243:A
Q;A,D;N,"127,226",0.0,6EQE,127:D,226:N
Q;L,D;I,"127,216",0.0,6EQE,127:D,216:I
Q;C,D;L,"127,289",0.0,6EQE,127:D,289:L
Q;S,D;E,"127,207",0.0,6EQE,127:D,207:E
Q;M,D;L,"127,154",0.0,6EQE,127:D,154:L
Q;M,D;P,"127,222",0.0,6EQE,127:D,222:P
Q;G,D;T,"127,251",0.0,6EQE,127:D,251:T
Q;P,D;L,"127,38",0.0,6EQE,127:D,38:L
Q;L,D;W,"127,216",0.0,6EQE,127:D,216:W
Q;T,D;L,"127,72",0.0,6EQE,127:D,72:L
Q;S,D;P,"127,245",0.0,6EQE,127:D,245:P
Q;I,D;W,"127,111",0.0,6EQE,127:D,111:W
Q;L,D;D,"127,249",0.0,6EQE,127:D,249:D
Q;E,D;K,"127,231",0.0,6EQE,127:D,231:K
Q;D,D;K,"127,263",0.0,6EQE,127:D,263:K
Q;T,D;M,"127,51",0.0,6EQE,127:D,51:M
Q;L,D;E,"127,216",0.0,6EQE,127:D,216:E
Q;S,D;T,"127,121",0.0,6EQE,127:D,121:T
Q;I,D;H,"127,145",0.0,6EQE,127:D,145:H
Q;I,D;L,"127,145",0.0,6EQE,127:D,145:L
Q;H,D;M,"127,104",0.0,6EQE,127:D,104:M
Q;R,D;P,"127,280",0.0,6EQE,127:D,280:P
Q;L,D;F,"127,216",0.0,6EQE,127:D,216:F
Q;S,D;D,"127,103",0.0,6EQE,127:D,103:D
Q;I,D;V,"127,200",0.0,6EQE,127:D,200:V
Q;T,D;K,"127,88",0.0,6EQE,127:D,88:K
Q;N,D;K,"127,138",0.0,6EQE,127:D,138:K
Q;A,D;L,"127,65",0.0,6EQE,127:D,65:L
Q;Q,D;T,"127,91",0.0,6EQE,127:D,91:T
Q;G,D;D,"127,163",0.0,6EQE,127:D,163:D
Q;A,D;M,"127,65",0.0,6EQE,127:D,65:M
Q;K,D;L,"127,252",0.0,6EQE,127:D,252:L
Q;V,D;D,"127,57",0.0,6EQE,127:D,57:D
Q;V,D;C,"127,281",0.0,6EQE,127:D,281:C
Q;T,D;V,"127,72",0.0,6EQE,127:D,72:V
Q;Q,D;N,"127,133",0.0,6EQE,127:D,133:N
Q;R,D;K,"127,53",0.0,6EQE,127:D,53:K
Q;S,D;P,"127,125",0.0,6EQE,127:D,125:P
Q;T,D;Q,"127,88",0.0,6EQE,127:D,88:Q
Q;N,D;L,"127,138",0.0,6EQE,127:D,138:L
Q;H,D;R,"127,104",0.0,6EQE,127:D,104:R
Q;W,D;P,"127,159",0.0,6EQE,127:D,159:P
Q;S,D;Y,"127,242",0.0,6EQE,127:D,242:Y
Q;A,D;F,"127,65",0.0,6EQE,127:D,65:F
Q;G,D;H,"127,251",0.0,6EQE,127:D,251:H
Q;L,D;P,"127,216",0.0,6EQE,127:D,216:P
Q;S,D;W,"127,58",0.0,6EQE,127:D,58:W
Q;A,D;E,"127,152",0.0,6EQE,127:D,152:E
Q;T,D;N,"127,88",0.0,6EQE,127:D,88:N
Q;T,D;N,"127,198",0.0,6EQE,127:D,198:N
Q;S,D;K,"127,58",0.0,6EQE,127:D,58:K
Q;L,D;C,"127,249",0.0,6EQE,127:D,249:C
Q;N,D;T,"127,190",0.0,6EQE,127:D,190:T
Q;S,D;V,"127,223",0.0,6EQE,127:D,223:V
Q;A,D;W,"127,65",0.0,6EQE,127:D,65:W
Q;K,D;Y,"127,253",0.0,6EQE,127:D,253:Y
Q;R,D;S,"127,90",0.0,6EQE,127:D,90:S
Q;T,D;M,"127,29",0.0,6EQE,127:D,29:M
Q;M,D;L,"127,262",0.0,6EQE,127:D,262:L
Q;A,D;L,"127,272",0.0,6EQE,127:D,272:L
Q;R,D;N,"127,90",0.0,6EQE,127:D,90:N
Q;R,D;T,"127,90",0.0,6EQE,127:D,90:T
Q;G,D;T,"127,254",0.0,6EQE,127:D,254:T
Q;R,D;P,"127,90",0.0,6EQE,127:D,90:P
Q;N,D;Y,"127,37",0.0,6EQE,127:D,37:Y
Q;Q,D;I,"127,182",0.0,6EQE,127:D,182:I
Q;R,D;A,"127,90",0.0,6EQE,127:D,90:A
Q;K,D;F,"127,253",0.0,6EQE,127:D,253:F
Q;Y,D;S,"127,63",0.0,6EQE,127:D,63:S
Q;Q,D;L,"127,182",0.0,6EQE,127:D,182:L
Q;K,D;A,"127,253",0.0,6EQE,127:D,253:A
Q;K,D;V,"127,253",0.0,6EQE,127:D,253:V
Q;Q,D;F,"127,182",0.0,6EQE,127:D,182:F
Q;R,D;D,"127,90",0.0,6EQE,127:D,90:D
Q;Y,D;T,"127,63",0.0,6EQE,127:D,63:T
Q;Q,D;V,"127,182",0.0,6EQE,127:D,182:V
Q;K,D;L,"127,253",0.0,6EQE,127:D,253:L
Q;C,D;S,"127,289",0.0,6EQE,127:D,289:S
Q;Y,D;G,"127,63",0.0,6EQE,127:D,63:G
Q;M,D;V,"127,154",0.0,6EQE,127:D,154:V
Q;A,D;D,"127,226",0.0,6EQE,127:D,226:D
Q;C,D;A,"127,289",0.0,6EQE,127:D,289:A
Q;R,D;Q,"127,224",0.0,6EQE,127:D,224:Q
Q;N,D;K,"127,233",0.0,6EQE,127:D,233:K
Q;S,D;E,"127,136",0.0,6EQE,127:D,136:E
Q;D,D;N,"127,186",0.0,6EQE,127:D,186:N
Q;R,D;A,"127,280",0.0,6EQE,127:D,280:A
Q;S,D;F,"127,238",0.0,6EQE,127:D,238:F
Q;S,D;Q,"127,188",0.0,6EQE,127:D,188:Q
Q;S,D;H,"127,214",0.0,6EQE,127:D,214:H
Q;L,D;F,"127,117",0.0,6EQE,127:D,117:F
Q;Q,D;Y,"127,119",0.0,6EQE,127:D,119:Y
Q;G,D;A,"127,165",0.0,6EQE,127:D,165:A
Q;S,D;E,"127,121",0.0,6EQE,127:D,121:E
Q;I,D;R,"127,168",0.0,6EQE,127:D,168:R
Q;N,D;H,"127,205",0.0,6EQE,127:D,205:H
Q;S,D;Y,"127,269",0.0,6EQE,127:D,269:Y
Q;S,D;T,"127,214",0.0,6EQE,127:D,214:T
Q;I,D;R,"127,218",0.0,6EQE,127:D,218:R
Q;P,D;K,"127,120",0.0,6EQE,127:D,120:K
Q;M,D;H,"127,161",0.0,6EQE,127:D,161:H
Q;I,D;H,"127,168",0.0,6EQE,127:D,168:H
Q;N,D;K,"127,114",0.0,6EQE,127:D,114:K
Q;P,D;V,"127,184",0.0,6EQE,127:D,184:V
Q;W,D;P,"127,185",0.0,6EQE,127:D,185:P
Q;S,D;H,"127,187",0.0,6EQE,127:D,187:H
Q;S,D;P,"127,188",0.0,6EQE,127:D,188:P
Q;T,D;Y,"127,189",0.0,6EQE,127:D,189:Y
Q;F,D;M,"127,191",0.0,6EQE,127:D,191:M
A;L,Y;K,"215,249",0.0,6EQE,215:Y,249:K
A;R,Y;Y,"215,123",0.0,6EQE,215:Y,123:Y
A;F,Y;W,"215,271",0.0,6EQE,215:Y,271:W
A;S,Y;D,"215,58",0.0,6EQE,215:Y,58:D
A;N,Y;I,"215,37",0.0,6EQE,215:Y,37:I
A;C,Y;D,"215,289",0.0,6EQE,215:Y,289:D
A;A,Y;P,"215,152",0.0,6EQE,215:Y,152:P
A;D,Y;V,"215,186",0.0,6EQE,215:Y,186:V
A;G,Y;P,"215,243",0.0,6EQE,215:Y,243:P
A;S,Y;E,"215,115",0.0,6EQE,215:Y,115:E
A;L,Y;Q,"215,216",0.0,6EQE,215:Y,216:Q
A;N,Y;P,"215,277",0.0,6EQE,215:Y,277:P
A;R,Y;Q,"215,132",0.0,6EQE,215:Y,132:Q
A;N,Y;Y,"215,244",0.0,6EQE,215:Y,244:Y
A;H,Y;T,"215,104",0.0,6EQE,215:Y,104:T
A;S,Y;V,"215,58",0.0,6EQE,215:Y,58:V
A;H,Y;L,"215,104",0.0,6EQE,215:Y,104:L
A;P,Y;Q,"215,38",0.0,6EQE,215:Y,38:Q
A;R,Y;L,"215,53",0.0,6EQE,215:Y,53:L
A;A,Y;T,"215,180",0.0,6EQE,215:Y,180:T
A;P,Y;D,"215,197",0.0,6EQE,215:Y,197:D
A;T,Y;V,"215,198",0.0,6EQE,215:Y,198:V
A;A,Y;M,"215,135",0.0,6EQE,215:Y,135:M
A;I,Y;L,"215,111",0.0,6EQE,215:Y,111:L
A;G,Y;S,"215,243",0.0,6EQE,215:Y,243:S
A;Q,Y;L,"215,127",0.0,6EQE,215:Y,127:L
A;Q,Y;H,"215,127",0.0,6EQE,215:Y,127:H
A;W,Y;I,"215,159",0.0,6EQE,215:Y,159:I
A;Q,Y;P,"215,127",0.0,6EQE,215:Y,127:P
A;S,Y;N,"215,103",0.0,6EQE,215:Y,103:N
A;A,Y;Y,"215,179",0.0,6EQE,215:Y,179:Y
A;W,Y;K,"215,257",0.0,6EQE,215:Y,257:K
A;L,Y;M,"215,216",0.0,6EQE,215:Y,216:M
A;Q,Y;E,"215,127",0.0,6EQE,215:Y,127:E
A;G,Y;A,"215,243",0.0,6EQE,215:Y,243:A
A;A,Y;N,"215,226",0.0,6EQE,215:Y,226:N
A;L,Y;I,"215,216",0.0,6EQE,215:Y,216:I
A;C,Y;L,"215,289",0.0,6EQE,215:Y,289:L
A;S,Y;E,"215,207",0.0,6EQE,215:Y,207:E
A;M,Y;L,"215,154",0.0,6EQE,215:Y,154:L
A;M,Y;P,"215,222",0.0,6EQE,215:Y,222:P
A;G,Y;T,"215,251",0.0,6EQE,215:Y,251:T
A;P,Y;L,"215,38",0.0,6EQE,215:Y,38:L
A;L,Y;W,"215,216",0.0,6EQE,215:Y,216:W
A;T,Y;L,"215,72",0.0,6EQE,215:Y,72:L
A;S,Y;P,"215,245",0.0,6EQE,215:Y,245:P
A;I,Y;W,"215,111",0.0,6EQE,215:Y,111:W
A;L,Y;D,"215,249",0.0,6EQE,215:Y,249:D
A;E,Y;K,"215,231",0.0,6EQE,215:Y,231:K
A;D,Y;K,"215,263",0.0,6EQE,215:Y,263:K
A;T,Y;M,"215,51",0.0,6EQE,215:Y,51:M
A;L,Y;E,"215,216",0.0,6EQE,215:Y,216:E
A;S,Y;T,"215,121",0.0,6EQE,215:Y,121:T
A;I,Y;H,"215,145",0.0,6EQE,215:Y,145:H
A;I,Y;L,"215,145",0.0,6EQE,215:Y,145:L
A;H,Y;M,"215,104",0.0,6EQE,215:Y,104:M
A;R,Y;P,"215,280",0.0,6EQE,215:Y,280:P
A;L,Y;F,"215,216",0.0,6EQE,215:Y,216:F
A;S,Y;D,"215,103",0.0,6EQE,215:Y,103:D
A;I,Y;V,"215,200",0.0,6EQE,215:Y,200:V
A;T,Y;K,"215,88",0.0,6EQE,215:Y,88:K
A;N,Y;K,"215,138",0.0,6EQE,215:Y,138:K
A;A,Y;L,"215,65",0.0,6EQE,215:Y,65:L
A;Q,Y;T,"215,91",0.0,6EQE,215:Y,91:T
A;G,Y;D,"215,163",0.0,6EQE,215:Y,163:D
A;A,Y;M,"215,65",0.0,6EQE,215:Y,65:M
A;K,Y;L,"215,252",0.0,6EQE,215:Y,252:L
A;V,Y;D,"215,57",0.0,6EQE,215:Y,57:D
A;Q,Y;V,"215,127",0.0,6EQE,215:Y,127:V
A;V,Y;C,"215,281",0.0,6EQE,215:Y,281:C
A;T,Y;V,"215,72",0.0,6EQE,215:Y,72:V
A;Q,Y;N,"215,133",0.0,6EQE,215:Y,133:N
A;R,Y;K,"215,53",0.0,6EQE,215:Y,53:K
A;S,Y;P,"215,125",0.0,6EQE,215:Y,125:P
A;T,Y;Q,"215,88",0.0,6EQE,215:Y,88:Q
A;N,Y;L,"215,138",0.0,6EQE,215:Y,138:L
A;H,Y;R,"215,104",0.0,6EQE,215:Y,104:R
A;W,Y;P,"215,159",0.0,6EQE,215:Y,159:P
A;S,Y;Y,"215,242",0.0,6EQE,215:Y,242:Y
A;A,Y;F,"215,65",0.0,6EQE,215:Y,65:F
A;G,Y;H,"215,251",0.0,6EQE,215:Y,251:H
A;L,Y;P,"215,216",0.0,6EQE,215:Y,216:P
A;S,Y;W,"215,58",0.0,6EQE,215:Y,58:W
A;A,Y;E,"215,152",0.0,6EQE,215:Y,152:E
A;T,Y;N,"215,88",0.0,6EQE,215:Y,88:N
A;T,Y;N,"215,198",0.0,6EQE,215:Y,198:N
A;S,Y;K,"215,58",0.0,6EQE,215:Y,58:K
A;L,Y;C,"215,249",0.0,6EQE,215:Y,249:C
A;N,Y;T,"215,190",0.0,6EQE,215:Y,190:T
A;S,Y;V,"215,223",0.0,6EQE,215:Y,223:V
A;A,Y;W,"215,65",0.0,6EQE,215:Y,65:W
A;K,Y;Y,"215,253",0.0,6EQE,215:Y,253:Y
A;R,Y;S,"215,90",0.0,6EQE,215:Y,90:S
A;T,Y;M,"215,29",0.0,6EQE,215:Y,29:M
A;M,Y;L,"215,262",0.0,6EQE,215:Y,262:L
A;A,Y;L,"215,272",0.0,6EQE,215:Y,272:L
A;R,Y;N,"215,90",0.0,6EQE,215:Y,90:N
A;R,Y;T,"215,90",0.0,6EQE,215:Y,90:T
A;G,Y;T,"215,254",0.0,6EQE,215:Y,254:T
A;R,Y;P,"215,90",0.0,6EQE,215:Y,90:P
A;N,Y;Y,"215,37",0.0,6EQE,215:Y,37:Y
A;Q,Y;I,"215,182",0.0,6EQE,215:Y,182:I
A;R,Y;A,"215,90",0.0,6EQE,215:Y,90:A
A;K,Y;F,"215,253",0.0,6EQE,215:Y,253:F
A;Y,Y;S,"215,63",0.0,6EQE,215:Y,63:S
A;Q,Y;M,"215,127",0.0,6EQE,215:Y,127:M
A;Q,Y;L,"215,182",0.0,6EQE,215:Y,182:L
A;K,Y;A,"215,253",0.0,6EQE,215:Y,253:A
A;K,Y;V,"215,253",0.0,6EQE,215:Y,253:V
A;Q,Y;F,"215,182",0.0,6EQE,215:Y,182:F
A;R,Y;D,"215,90",0.0,6EQE,215:Y,90:D
A;Q,Y;A,"215,127",0.0,6EQE,215:Y,127:A
A;Y,Y;T,"215,63",0.0,6EQE,215:Y,63:T
A;Q,Y;V,"215,182",0.0,6EQE,215:Y,182:V
A;K,Y;L,"215,253",0.0,6EQE,215:Y,253:L
A;C,Y;S,"215,289",0.0,6EQE,215:Y,289:S
A;Y,Y;G,"215,63",0.0,6EQE,215:Y,63:G
A;M,Y;V,"215,154",0.0,6EQE,215:Y,154:V
A;Q,Y;T,"215,127",0.0,6EQE,215:Y,127:T
A;A,Y;D,"215,226",0.0,6EQE,215:Y,226:D
A;C,Y;A,"215,289",0.0,6EQE,215:Y,289:A
A;R,Y;Q,"215,224",0.0,6EQE,215:Y,224:Q
A;N,Y;K,"215,233",0.0,6EQE,215:Y,233:K
A;S,Y;E,"215,136",0.0,6EQE,215:Y,136:E
A;D,Y;N,"215,186",0.0,6EQE,215:Y,186:N
A;R,Y;A,"215,280",0.0,6EQE,215:Y,280:A
A;S,Y;F,"215,238",0.0,6EQE,215:Y,238:F
A;S,Y;Q,"215,188",0.0,6EQE,215:Y,188:Q
A;S,Y;H,"215,214",0.0,6EQE,215:Y,214:H
A;L,Y;F,"215,117",0.0,6EQE,215:Y,117:F
A;Q,Y;Y,"215,119",0.0,6EQE,215:Y,119:Y
A;G,Y;A,"215,165",0.0,6EQE,215:Y,165:A
A;S,Y;E,"215,121",0.0,6EQE,215:Y,121:E
A;I,Y;R,"215,168",0.0,6EQE,215:Y,168:R
A;N,Y;H,"215,205",0.0,6EQE,215:Y,205:H
A;S,Y;Y,"215,269",0.0,6EQE,215:Y,269:Y
A;S,Y;T,"215,214",0.0,6EQE,215:Y,214:T
A;I,Y;R,"215,218",0.0,6EQE,215:Y,218:R
A;P,Y;K,"215,120",0.0,6EQE,215:Y,120:K
A;M,Y;H,"215,161",0.0,6EQE,215:Y,161:H
A;I,Y;H,"215,168",0.0,6EQE,215:Y,168:H
A;N,Y;K,"215,114",0.0,6EQE,215:Y,114:K
A;P,Y;V,"215,184",0.0,6EQE,215:Y,184:V
A;W,Y;P,"215,185",0.0,6EQE,215:Y,185:P
A;S,Y;H,"215,187",0.0,6EQE,215:Y,187:H
A;S,Y;P,"215,188",0.0,6EQE,215:Y,188:P
A;T,Y;Y,"215,189",0.0,6EQE,215:Y,189:Y
A;F,Y;M,"215,191",0.0,6EQE,215:Y,191:M
L;R,K;Y,"249,123",0.0,6EQE,249:K,123:Y
L;F,K;W,"249,271",0.0,6EQE,249:K,271:W
L;S,K;D,"249,58",0.0,6EQE,249:K,58:D
L;N,K;I,"249,37",0.0,6EQE,249:K,37:I
L;C,K;D,"249,289",0.0,6EQE,249:K,289:D
L;A,K;P,"249,152",0.0,6EQE,249:K,152:P
L;D,K;V,"249,186",0.0,6EQE,249:K,186:V
L;G,K;P,"249,243",0.0,6EQE,249:K,243:P
L;S,K;E,"249,115",0.0,6EQE,249:K,115:E
L;L,K;Q,"249,216",0.0,6EQE,249:K,216:Q
L;N,K;P,"249,277",0.0,6EQE,249:K,277:P
L;R,K;Q,"249,132",0.0,6EQE,249:K,132:Q
L;N,K;Y,"249,244",0.0,6EQE,249:K,244:Y
L;H,K;T,"249,104",0.0,6EQE,249:K,104:T
L;S,K;V,"249,58",0.0,6EQE,249:K,58:V
L;H,K;L,"249,104",0.0,6EQE,249:K,104:L
L;P,K;Q,"249,38",0.0,6EQE,249:K,38:Q
L;R,K;L,"249,53",0.0,6EQE,249:K,53:L
L;A,K;T,"249,180",0.0,6EQE,249:K,180:T
L;P,K;D,"249,197",0.0,6EQE,249:K,197:D
L;T,K;V,"249,198",0.0,6EQE,249:K,198:V
L;A,K;M,"249,135",0.0,6EQE,249:K,135:M
L;I,K;L,"249,111",0.0,6EQE,249:K,111:L
L;G,K;S,"249,243",0.0,6EQE,249:K,243:S
L;Q,K;L,"249,127",0.0,6EQE,249:K,127:L
L;Q,K;H,"249,127",0.0,6EQE,249:K,127:H
L;W,K;I,"249,159",0.0,6EQE,249:K,159:I
L;Q,K;P,"249,127",0.0,6EQE,249:K,127:P
L;S,K;N,"249,103",0.0,6EQE,249:K,103:N
L;A,K;Y,"249,179",0.0,6EQE,249:K,179:Y
L;W,K;K,"249,257",0.0,6EQE,249:K,257:K
L;L,K;M,"249,216",0.0,6EQE,249:K,216:M
L;Q,K;E,"249,127",0.0,6EQE,249:K,127:E
L;G,K;A,"249,243",0.0,6EQE,249:K,243:A
L;A,K;N,"249,226",0.0,6EQE,249:K,226:N
L;L,K;I,"249,216",0.0,6EQE,249:K,216:I
L;C,K;L,"249,289",0.0,6EQE,249:K,289:L
L;S,K;E,"249,207",0.0,6EQE,249:K,207:E
L;M,K;L,"249,154",0.0,6EQE,249:K,154:L
L;M,K;P,"249,222",0.0,6EQE,249:K,222:P
L;G,K;T,"249,251",0.0,6EQE,249:K,251:T
L;P,K;L,"249,38",0.0,6EQE,249:K,38:L
L;L,K;W,"249,216",0.0,6EQE,249:K,216:W
L;T,K;L,"249,72",0.0,6EQE,249:K,72:L
L;S,K;P,"249,245",0.0,6EQE,249:K,245:P
L;I,K;W,"249,111",0.0,6EQE,249:K,111:W
L;E,K;K,"249,231",0.0,6EQE,249:K,231:K
L;D,K;K,"249,263",0.0,6EQE,249:K,263:K
L;T,K;M,"249,51",0.0,6EQE,249:K,51:M
L;L,K;E,"249,216",0.0,6EQE,249:K,216:E
L;S,K;T,"249,121",0.0,6EQE,249:K,121:T
L;I,K;H,"249,145",0.0,6EQE,249:K,145:H
L;I,K;L,"249,145",0.0,6EQE,249:K,145:L
L;H,K;M,"249,104",0.0,6EQE,249:K,104:M
L;R,K;P,"249,280",0.0,6EQE,249:K,280:P
L;L,K;F,"249,216",0.0,6EQE,249:K,216:F
L;S,K;D,"249,103",0.0,6EQE,249:K,103:D
L;I,K;V,"249,200",0.0,6EQE,249:K,200:V
L;T,K;K,"249,88",0.0,6EQE,249:K,88:K
L;N,K;K,"249,138",0.0,6EQE,249:K,138:K
L;A,K;L,"249,65",0.0,6EQE,249:K,65:L
L;Q,K;T,"249,91",0.0,6EQE,249:K,91:T
L;G,K;D,"249,163",0.0,6EQE,249:K,163:D
L;A,K;M,"249,65",0.0,6EQE,249:K,65:M
L;K,K;L,"249,252",0.0,6EQE,249:K,252:L
L;V,K;D,"249,57",0.0,6EQE,249:K,57:D
L;Q,K;V,"249,127",0.0,6EQE,249:K,127:V
L;V,K;C,"249,281",0.0,6EQE,249:K,281:C
L;T,K;V,"249,72",0.0,6EQE,249:K,72:V
L;Q,K;N,"249,133",0.0,6EQE,249:K,133:N
L;R,K;K,"249,53",0.0,6EQE,249:K,53:K
L;S,K;P,"249,125",0.0,6EQE,249:K,125:P
L;T,K;Q,"249,88",0.0,6EQE,249:K,88:Q
L;N,K;L,"249,138",0.0,6EQE,249:K,138:L
L;H,K;R,"249,104",0.0,6EQE,249:K,104:R
L;W,K;P,"249,159",0.0,6EQE,249:K,159:P
L;S,K;Y,"249,242",0.0,6EQE,249:K,242:Y
L;A,K;F,"249,65",0.0,6EQE,249:K,65:F
L;G,K;H,"249,251",0.0,6EQE,249:K,251:H
L;L,K;P,"249,216",0.0,6EQE,249:K,216:P
L;S,K;W,"249,58",0.0,6EQE,249:K,58:W
L;A,K;E,"249,152",0.0,6EQE,249:K,152:E
L;T,K;N,"249,88",0.0,6EQE,249:K,88:N
L;T,K;N,"249,198",0.0,6EQE,249:K,198:N
L;S,K;K,"249,58",0.0,6EQE,249:K,58:K
L;N,K;T,"249,190",0.0,6EQE,249:K,190:T
L;S,K;V,"249,223",0.0,6EQE,249:K,223:V
L;A,K;W,"249,65",0.0,6EQE,249:K,65:W
L;K,K;Y,"249,253",0.0,6EQE,249:K,253:Y
L;R,K;S,"249,90",0.0,6EQE,249:K,90:S
L;T,K;M,"249,29",0.0,6EQE,249:K,29:M
L;M,K;L,"249,262",0.0,6EQE,249:K,262:L
L;A,K;L,"249,272",0.0,6EQE,249:K,272:L
L;R,K;N,"249,90",0.0,6EQE,249:K,90:N
L;R,K;T,"249,90",0.0,6EQE,249:K,90:T
L;G,K;T,"249,254",0.0,6EQE,249:K,254:T
L;R,K;P,"249,90",0.0,6EQE,249:K,90:P
L;N,K;Y,"249,37",0.0,6EQE,249:K,37:Y
L;Q,K;I,"249,182",0.0,6EQE,249:K,182:I
L;R,K;A,"249,90",0.0,6EQE,249:K,90:A
L;K,K;F,"249,253",0.0,6EQE,249:K,253:F
L;Y,K;S,"249,63",0.0,6EQE,249:K,63:S
L;Q,K;M,"249,127",0.0,6EQE,249:K,127:M
L;Q,K;L,"249,182",0.0,6EQE,249:K,182:L
L;K,K;A,"249,253",0.0,6EQE,249:K,253:A
L;K,K;V,"249,253",0.0,6EQE,249:K,253:V
L;Q,K;F,"249,182",0.0,6EQE,249:K,182:F
L;R,K;D,"249,90",0.0,6EQE,249:K,90:D
L;Q,K;A,"249,127",0.0,6EQE,249:K,127:A
L;Y,K;T,"249,63",0.0,6EQE,249:K,63:T
L;Q,K;V,"249,182",0.0,6EQE,249:K,182:V
L;K,K;L,"249,253",0.0,6EQE,249:K,253:L
L;C,K;S,"249,289",0.0,6EQE,249:K,289:S
L;Y,K;G,"249,63",0.0,6EQE,249:K,63:G
L;M,K;V,"249,154",0.0,6EQE,249:K,154:V
L;Q,K;T,"249,127",0.0,6EQE,249:K,127:T
L;A,K;D,"249,226",0.0,6EQE,249:K,226:D
L;C,K;A,"249,289",0.0,6EQE,249:K,289:A
L;R,K;Q,"249,224",0.0,6EQE,249:K,224:Q
L;N,K;K,"249,233",0.0,6EQE,249:K,233:K
L;S,K;E,"249,136",0.0,6EQE,249:K,136:E
L;D,K;N,"249,186",0.0,6EQE,249:K,186:N
L;R,K;A,"249,280",0.0,6EQE,249:K,280:A
L;S,K;F,"249,238",0.0,6EQE,249:K,238:F
L;S,K;Q,"249,188",0.0,6EQE,249:K,188:Q
L;S,K;H,"249,214",0.0,6EQE,249:K,214:H
L;L,K;F,"249,117",0.0,6EQE,249:K,117:F
L;Q,K;Y,"249,119",0.0,6EQE,249:K,119:Y
L;G,K;A,"249,165",0.0,6EQE,249:K,165:A
L;S,K;E,"249,121",0.0,6EQE,249:K,121:E
L;I,K;R,"249,168",0.0,6EQE,249:K,168:R
L;N,K;H,"249,205",0.0,6EQE,249:K,205:H
L;S,K;Y,"249,269",0.0,6EQE,249:K,269:Y
L;S,K;T,"249,214",0.0,6EQE,249:K,214:T
L;I,K;R,"249,218",0.0,6EQE,249:K,218:R
L;P,K;K,"249,120",0.0,6EQE,249:K,120:K
L;M,K;H,"249,161",0.0,6EQE,249:K,161:H
L;I,K;H,"249,168",0.0,6EQE,249:K,168:H
L;N,K;K,"249,114",0.0,6EQE,249:K,114:K
L;P,K;V,"249,184",0.0,6EQE,249:K,184:V
L;W,K;P,"249,185",0.0,6EQE,249:K,185:P
L;S,K;H,"249,187",0.0,6EQE,249:K,187:H
L;S,K;P,"249,188",0.0,6EQE,249:K,188:P
L;T,K;Y,"249,189",0.0,6EQE,249:K,189:Y
L;F,K;M,"249,191",0.0,6EQE,249:K,191:M
R;F,Y;W,"123,271",0.0,6EQE,123:Y,271:W
R;S,Y;D,"123,58",0.0,6EQE,123:Y,58:D
R;N,Y;I,"123,37",0.0,6EQE,123:Y,37:I
R;C,Y;D,"123,289",0.0,6EQE,123:Y,289:D
R;A,Y;P,"123,152",0.0,6EQE,123:Y,152:P
R;D,Y;V,"123,186",0.0,6EQE,123:Y,186:V
R;G,Y;P,"123,243",0.0,6EQE,123:Y,243:P
R;S,Y;E,"123,115",0.0,6EQE,123:Y,115:E
R;L,Y;Q,"123,216",0.0,6EQE,123:Y,216:Q
R;N,Y;P,"123,277",0.0,6EQE,123:Y,277:P
R;R,Y;Q,"123,132",0.0,6EQE,123:Y,132:Q
R;N,Y;Y,"123,244",0.0,6EQE,123:Y,244:Y
R;H,Y;T,"123,104",0.0,6EQE,123:Y,104:T
R;S,Y;V,"123,58",0.0,6EQE,123:Y,58:V
R;H,Y;L,"123,104",0.0,6EQE,123:Y,104:L
R;P,Y;Q,"123,38",0.0,6EQE,123:Y,38:Q
R;R,Y;L,"123,53",0.0,6EQE,123:Y,53:L
R;A,Y;T,"123,180",0.0,6EQE,123:Y,180:T
R;P,Y;D,"123,197",0.0,6EQE,123:Y,197:D
R;T,Y;V,"123,198",0.0,6EQE,123:Y,198:V
R;A,Y;M,"123,135",0.0,6EQE,123:Y,135:M
R;I,Y;L,"123,111",0.0,6EQE,123:Y,111:L
R;G,Y;S,"123,243",0.0,6EQE,123:Y,243:S
R;Q,Y;L,"123,127",0.0,6EQE,123:Y,127:L
R;Q,Y;H,"123,127",0.0,6EQE,123:Y,127:H
R;W,Y;I,"123,159",0.0,6EQE,123:Y,159:I
R;Q,Y;P,"123,127",0.0,6EQE,123:Y,127:P
R;S,Y;N,"123,103",0.0,6EQE,123:Y,103:N
R;A,Y;Y,"123,179",0.0,6EQE,123:Y,179:Y
R;W,Y;K,"123,257",0.0,6EQE,123:Y,257:K
R;L,Y;M,"123,216",0.0,6EQE,123:Y,216:M
R;Q,Y;E,"123,127",0.0,6EQE,123:Y,127:E
R;G,Y;A,"123,243",0.0,6EQE,123:Y,243:A
R;A,Y;N,"123,226",0.0,6EQE,123:Y,226:N
R;L,Y;I,"123,216",0.0,6EQE,123:Y,216:I
R;C,Y;L,"123,289",0.0,6EQE,123:Y,289:L
R;S,Y;E,"123,207",0.0,6EQE,123:Y,207:E
R;M,Y;L,"123,154",0.0,6EQE,123:Y,154:L
R;M,Y;P,"123,222",0.0,6EQE,123:Y,222:P
R;G,Y;T,"123,251",0.0,6EQE,123:Y,251:T
R;P,Y;L,"123,38",0.0,6EQE,123:Y,38:L
R;L,Y;W,"123,216",0.0,6EQE,123:Y,216:W
R;T,Y;L,"123,72",0.0,6EQE,123:Y,72:L
R;S,Y;P,"123,245",0.0,6EQE,123:Y,245:P
R;I,Y;W,"123,111",0.0,6EQE,123:Y,111:W
R;L,Y;D,"123,249",0.0,6EQE,123:Y,249:D
R;E,Y;K,"123,231",0.0,6EQE,123:Y,231:K
R;D,Y;K,"123,263",0.0,6EQE,123:Y,263:K
R;T,Y;M,"123,51",0.0,6EQE,123:Y,51:M
R;L,Y;E,"123,216",0.0,6EQE,123:Y,216:E
R;S,Y;T,"123,121",0.0,6EQE,123:Y,121:T
R;I,Y;H,"123,145",0.0,6EQE,123:Y,145:H
R;I,Y;L,"123,145",0.0,6EQE,123:Y,145:L
R;H,Y;M,"123,104",0.0,6EQE,123:Y,104:M
R;R,Y;P,"123,280",0.0,6EQE,123:Y,280:P
R;L,Y;F,"123,216",0.0,6EQE,123:Y,216:F
R;S,Y;D,"123,103",0.0,6EQE,123:Y,103:D
R;I,Y;V,"123,200",0.0,6EQE,123:Y,200:V
R;T,Y;K,"123,88",0.0,6EQE,123:Y,88:K
R;N,Y;K,"123,138",0.0,6EQE,123:Y,138:K
R;A,Y;L,"123,65",0.0,6EQE,123:Y,65:L
R;Q,Y;T,"123,91",0.0,6EQE,123:Y,91:T
R;G,Y;D,"123,163",0.0,6EQE,123:Y,163:D
R;A,Y;M,"123,65",0.0,6EQE,123:Y,65:M
R;K,Y;L,"123,252",0.0,6EQE,123:Y,252:L
R;V,Y;D,"123,57",0.0,6EQE,123:Y,57:D
R;Q,Y;V,"123,127",0.0,6EQE,123:Y,127:V
R;V,Y;C,"123,281",0.0,6EQE,123:Y,281:C
R;T,Y;V,"123,72",0.0,6EQE,123:Y,72:V
R;Q,Y;N,"123,133",0.0,6EQE,123:Y,133:N
R;R,Y;K,"123,53",0.0,6EQE,123:Y,53:K
R;S,Y;P,"123,125",0.0,6EQE,123:Y,125:P
R;T,Y;Q,"123,88",0.0,6EQE,123:Y,88:Q
R;N,Y;L,"123,138",0.0,6EQE,123:Y,138:L
R;H,Y;R,"123,104",0.0,6EQE,123:Y,104:R
R;W,Y;P,"123,159",0.0,6EQE,123:Y,159:P
R;S,Y;Y,"123,242",0.0,6EQE,123:Y,242:Y
R;A,Y;F,"123,65",0.0,6EQE,123:Y,65:F
R;G,Y;H,"123,251",0.0,6EQE,123:Y,251:H
R;L,Y;P,"123,216",0.0,6EQE,123:Y,216:P
R;S,Y;W,"123,58",0.0,6EQE,123:Y,58:W
R;A,Y;E,"123,152",0.0,6EQE,123:Y,152:E
R;T,Y;N,"123,88",0.0,6EQE,123:Y,88:N
R;T,Y;N,"123,198",0.0,6EQE,123:Y,198:N
R;S,Y;K,"123,58",0.0,6EQE,123:Y,58:K
R;L,Y;C,"123,249",0.0,6EQE,123:Y,249:C
R;N,Y;T,"123,190",0.0,6EQE,123:Y,190:T
R;S,Y;V,"123,223",0.0,6EQE,123:Y,223:V
R;A,Y;W,"123,65",0.0,6EQE,123:Y,65:W
R;K,Y;Y,"123,253",0.0,6EQE,123:Y,253:Y
R;R,Y;S,"123,90",0.0,6EQE,123:Y,90:S
R;T,Y;M,"123,29",0.0,6EQE,123:Y,29:M
R;M,Y;L,"123,262",0.0,6EQE,123:Y,262:L
R;A,Y;L,"123,272",0.0,6EQE,123:Y,272:L
R;R,Y;N,"123,90",0.0,6EQE,123:Y,90:N
R;R,Y;T,"123,90",0.0,6EQE,123:Y,90:T
R;G,Y;T,"123,254",0.0,6EQE,123:Y,254:T
R;R,Y;P,"123,90",0.0,6EQE,123:Y,90:P
R;N,Y;Y,"123,37",0.0,6EQE,123:Y,37:Y
R;Q,Y;I,"123,182",0.0,6EQE,123:Y,182:I
R;R,Y;A,"123,90",0.0,6EQE,123:Y,90:A
R;K,Y;F,"123,253",0.0,6EQE,123:Y,253:F
R;Y,Y;S,"123,63",0.0,6EQE,123:Y,63:S
R;Q,Y;M,"123,127",0.0,6EQE,123:Y,127:M
R;Q,Y;L,"123,182",0.0,6EQE,123:Y,182:L
R;K,Y;A,"123,253",0.0,6EQE,123:Y,253:A
R;K,Y;V,"123,253",0.0,6EQE,123:Y,253:V
R;Q,Y;F,"123,182",0.0,6EQE,123:Y,182:F
R;R,Y;D,"123,90",0.0,6EQE,123:Y,90:D
R;Q,Y;A,"123,127",0.0,6EQE,123:Y,127:A
R;Y,Y;T,"123,63",0.0,6EQE,123:Y,63:T
R;Q,Y;V,"123,182",0.0,6EQE,123:Y,182:V
R;K,Y;L,"123,253",0.0,6EQE,123:Y,253:L
R;C,Y;S,"123,289",0.0,6EQE,123:Y,289:S
R;Y,Y;G,"123,63",0.0,6EQE,123:Y,63:G
R;M,Y;V,"123,154",0.0,6EQE,123:Y,154:V
R;Q,Y;T,"123,127",0.0,6EQE,123:Y,127:T
R;A,Y;D,"123,226",0.0,6EQE,123:Y,226:D
R;C,Y;A,"123,289",0.0,6EQE,123:Y,289:A
R;R,Y;Q,"123,224",0.0,6EQE,123:Y,224:Q
R;N,Y;K,"123,233",0.0,6EQE,123:Y,233:K
R;S,Y;E,"123,136",0.0,6EQE,123:Y,136:E
R;D,Y;N,"123,186",0.0,6EQE,123:Y,186:N
R;R,Y;A,"123,280",0.0,6EQE,123:Y,280:A
R;S,Y;F,"123,238",0.0,6EQE,123:Y,238:F
R;S,Y;Q,"123,188",0.0,6EQE,123:Y,188:Q
R;S,Y;H,"123,214",0.0,6EQE,123:Y,214:H
R;L,Y;F,"123,117",0.0,6EQE,123:Y,117:F
R;Q,Y;Y,"123,119",0.0,6EQE,123:Y,119:Y
R;G,Y;A,"123,165",0.0,6EQE,123:Y,165:A
R;S,Y;E,"123,121",0.0,6EQE,123:Y,121:E
R;I,Y;R,"123,168",0.0,6EQE,123:Y,168:R
R;N,Y;H,"123,205",0.0,6EQE,123:Y,205:H
R;S,Y;Y,"123,269",0.0,6EQE,123:Y,269:Y
R;S,Y;T,"123,214",0.0,6EQE,123:Y,214:T
R;I,Y;R,"123,218",0.0,6EQE,123:Y,218:R
R;P,Y;K,"123,120",0.0,6EQE,123:Y,120:K
R;M,Y;H,"123,161",0.0,6EQE,123:Y,161:H
R;I,Y;H,"123,168",0.0,6EQE,123:Y,168:H
R;N,Y;K,"123,114",0.0,6EQE,123:Y,114:K
R;P,Y;V,"123,184",0.0,6EQE,123:Y,184:V
R;W,Y;P,"123,185",0.0,6EQE,123:Y,185:P
R;S,Y;H,"123,187",0.0,6EQE,123:Y,187:H
R;S,Y;P,"123,188",0.0,6EQE,123:Y,188:P
R;T,Y;Y,"123,189",0.0,6EQE,123:Y,189:Y
R;F,Y;M,"123,191",0.0,6EQE,123:Y,191:M
F;S,W;D,"271,58",0.0,6EQE,271:W,58:D
F;N,W;I,"271,37",0.0,6EQE,271:W,37:I
F;C,W;D,"271,289",0.0,6EQE,271:W,289:D
F;A,W;P,"271,152",0.0,6EQE,271:W,152:P
F;D,W;V,"271,186",0.0,6EQE,271:W,186:V
F;G,W;P,"271,243",0.0,6EQE,271:W,243:P
F;S,W;E,"271,115",0.0,6EQE,271:W,115:E
F;L,W;Q,"271,216",0.0,6EQE,271:W,216:Q
F;N,W;P,"271,277",0.0,6EQE,271:W,277:P
F;R,W;Q,"271,132",0.0,6EQE,271:W,132:Q
F;N,W;Y,"271,244",0.0,6EQE,271:W,244:Y
F;H,W;T,"271,104",0.0,6EQE,271:W,104:T
F;S,W;V,"271,58",0.0,6EQE,271:W,58:V
F;H,W;L,"271,104",0.0,6EQE,271:W,104:L
F;P,W;Q,"271,38",0.0,6EQE,271:W,38:Q
F;R,W;L,"271,53",0.0,6EQE,271:W,53:L
F;A,W;T,"271,180",0.0,6EQE,271:W,180:T
F;P,W;D,"271,197",0.0,6EQE,271:W,197:D
F;T,W;V,"271,198",0.0,6EQE,271:W,198:V
F;A,W;M,"271,135",0.0,6EQE,271:W,135:M
F;I,W;L,"271,111",0.0,6EQE,271:W,111:L
F;G,W;S,"271,243",0.0,6EQE,271:W,243:S
F;Q,W;L,"271,127",0.0,6EQE,271:W,127:L
F;Q,W;H,"271,127",0.0,6EQE,271:W,127:H
F;W,W;I,"271,159",0.0,6EQE,271:W,159:I
F;Q,W;P,"271,127",0.0,6EQE,271:W,127:P
F;S,W;N,"271,103",0.0,6EQE,271:W,103:N
F;A,W;Y,"271,179",0.0,6EQE,271:W,179:Y
F;W,W;K,"271,257",0.0,6EQE,271:W,257:K
F;L,W;M,"271,216",0.0,6EQE,271:W,216:M
F;Q,W;E,"271,127",0.0,6EQE,271:W,127:E
F;G,W;A,"271,243",0.0,6EQE,271:W,243:A
F;A,W;N,"271,226",0.0,6EQE,271:W,226:N
F;L,W;I,"271,216",0.0,6EQE,271:W,216:I
F;C,W;L,"271,289",0.0,6EQE,271:W,289:L
F;S,W;E,"271,207",0.0,6EQE,271:W,207:E
F;M,W;L,"271,154",0.0,6EQE,271:W,154:L
F;M,W;P,"271,222",0.0,6EQE,271:W,222:P
F;G,W;T,"271,251",0.0,6EQE,271:W,251:T
F;P,W;L,"271,38",0.0,6EQE,271:W,38:L
F;L,W;W,"271,216",0.0,6EQE,271:W,216:W
F;T,W;L,"271,72",0.0,6EQE,271:W,72:L
F;S,W;P,"271,245",0.0,6EQE,271:W,245:P
F;I,W;W,"271,111",0.0,6EQE,271:W,111:W
F;L,W;D,"271,249",0.0,6EQE,271:W,249:D
F;E,W;K,"271,231",0.0,6EQE,271:W,231:K
F;D,W;K,"271,263",0.0,6EQE,271:W,263:K
F;T,W;M,"271,51",0.0,6EQE,271:W,51:M
F;L,W;E,"271,216",0.0,6EQE,271:W,216:E
F;S,W;T,"271,121",0.0,6EQE,271:W,121:T
F;I,W;H,"271,145",0.0,6EQE,271:W,145:H
F;I,W;L,"271,145",0.0,6EQE,271:W,145:L
F;H,W;M,"271,104",0.0,6EQE,271:W,104:M
F;R,W;P,"271,280",0.0,6EQE,271:W,280:P
F;L,W;F,"271,216",0.0,6EQE,271:W,216:F
F;S,W;D,"271,103",0.0,6EQE,271:W,103:D
F;I,W;V,"271,200",0.0,6EQE,271:W,200:V
F;T,W;K,"271,88",0.0,6EQE,271:W,88:K
F;N,W;K,"271,138",0.0,6EQE,271:W,138:K
F;A,W;L,"271,65",0.0,6EQE,271:W,65:L
F;Q,W;T,"271,91",0.0,6EQE,271:W,91:T
F;G,W;D,"271,163",0.0,6EQE,271:W,163:D
F;A,W;M,"271,65",0.0,6EQE,271:W,65:M
F;K,W;L,"271,252",0.0,6EQE,271:W,252:L
F;V,W;D,"271,57",0.0,6EQE,271:W,57:D
F;Q,W;V,"271,127",0.0,6EQE,271:W,127:V
F;V,W;C,"271,281",0.0,6EQE,271:W,281:C
F;T,W;V,"271,72",0.0,6EQE,271:W,72:V
F;Q,W;N,"271,133",0.0,6EQE,271:W,133:N
F;R,W;K,"271,53",0.0,6EQE,271:W,53:K
F;S,W;P,"271,125",0.0,6EQE,271:W,125:P
F;T,W;Q,"271,88",0.0,6EQE,271:W,88:Q
F;N,W;L,"271,138",0.0,6EQE,271:W,138:L
F;H,W;R,"271,104",0.0,6EQE,271:W,104:R
F;W,W;P,"271,159",0.0,6EQE,271:W,159:P
F;S,W;Y,"271,242",0.0,6EQE,271:W,242:Y
F;A,W;F,"271,65",0.0,6EQE,271:W,65:F
F;G,W;H,"271,251",0.0,6EQE,271:W,251:H
F;L,W;P,"271,216",0.0,6EQE,271:W,216:P
F;S,W;W,"271,58",0.0,6EQE,271:W,58:W
F;A,W;E,"271,152",0.0,6EQE,271:W,152:E
F;T,W;N,"271,88",0.0,6EQE,271:W,88:N
F;T,W;N,"271,198",0.0,6EQE,271:W,198:N
F;S,W;K,"271,58",0.0,6EQE,271:W,58:K
F;L,W;C,"271,249",0.0,6EQE,271:W,249:C
F;N,W;T,"271,190",0.0,6EQE,271:W,190:T
F;S,W;V,"271,223",0.0,6EQE,271:W,223:V
F;A,W;W,"271,65",0.0,6EQE,271:W,65:W
F;K,W;Y,"271,253",0.0,6EQE,271:W,253:Y
F;R,W;S,"271,90",0.0,6EQE,271:W,90:S
F;T,W;M,"271,29",0.0,6EQE,271:W,29:M
F;M,W;L,"271,262",0.0,6EQE,271:W,262:L
F;A,W;L,"271,272",0.0,6EQE,271:W,272:L
F;R,W;N,"271,90",0.0,6EQE,271:W,90:N
F;R,W;T,"271,90",0.0,6EQE,271:W,90:T
F;G,W;T,"271,254",0.0,6EQE,271:W,254:T
F;R,W;P,"271,90",0.0,6EQE,271:W,90:P
F;N,W;Y,"271,37",0.0,6EQE,271:W,37:Y
F;Q,W;I,"271,182",0.0,6EQE,271:W,182:I
F;R,W;A,"271,90",0.0,6EQE,271:W,90:A
F;K,W;F,"271,253",0.0,6EQE,271:W,253:F
F;Y,W;S,"271,63",0.0,6EQE,271:W,63:S
F;Q,W;M,"271,127",0.0,6EQE,271:W,127:M
F;Q,W;L,"271,182",0.0,6EQE,271:W,182:L
F;K,W;A,"271,253",0.0,6EQE,271:W,253:A
F;K,W;V,"271,253",0.0,6EQE,271:W,253:V
F;Q,W;F,"271,182",0.0,6EQE,271:W,182:F
F;R,W;D,"271,90",0.0,6EQE,271:W,90:D
F;Q,W;A,"271,127",0.0,6EQE,271:W,127:A
F;Y,W;T,"271,63",0.0,6EQE,271:W,63:T
F;Q,W;V,"271,182",0.0,6EQE,271:W,182:V
F;K,W;L,"271,253",0.0,6EQE,271:W,253:L
F;C,W;S,"271,289",0.0,6EQE,271:W,289:S
F;Y,W;G,"271,63",0.0,6EQE,271:W,63:G
F;M,W;V,"271,154",0.0,6EQE,271:W,154:V
F;Q,W;T,"271,127",0.0,6EQE,271:W,127:T
F;A,W;D,"271,226",0.0,6EQE,271:W,226:D
F;C,W;A,"271,289",0.0,6EQE,271:W,289:A
F;R,W;Q,"271,224",0.0,6EQE,271:W,224:Q
F;N,W;K,"271,233",0.0,6EQE,271:W,233:K
F;S,W;E,"271,136",0.0,6EQE,271:W,136:E
F;D,W;N,"271,186",0.0,6EQE,271:W,186:N
F;R,W;A,"271,280",0.0,6EQE,271:W,280:A
F;S,W;F,"271,238",0.0,6EQE,271:W,238:F
F;S,W;Q,"271,188",0.0,6EQE,271:W,188:Q
F;S,W;H,"271,214",0.0,6EQE,271:W,214:H
F;L,W;F,"271,117",0.0,6EQE,271:W,117:F
F;Q,W;Y,"271,119",0.0,6EQE,271:W,119:Y
F;G,W;A,"271,165",0.0,6EQE,271:W,165:A
F;S,W;E,"271,121",0.0,6EQE,271:W,121:E
F;I,W;R,"271,168",0.0,6EQE,271:W,168:R
F;N,W;H,"271,205",0.0,6EQE,271:W,205:H
F;S,W;Y,"271,269",0.0,6EQE,271:W,269:Y
F;S,W;T,"271,214",0.0,6EQE,271:W,214:T
F;I,W;R,"271,218",0.0,6EQE,271:W,218:R
F;P,W;K,"271,120",0.0,6EQE,271:W,120:K
F;M,W;H,"271,161",0.0,6EQE,271:W,161:H
F;I,W;H,"271,168",0.0,6EQE,271:W,168:H
F;N,W;K,"271,114",0.0,6EQE,271:W,114:K
F;P,W;V,"271,184",0.0,6EQE,271:W,184:V
F;W,W;P,"271,185",0.0,6EQE,271:W,185:P
F;S,W;H,"271,187",0.0,6EQE,271:W,187:H
F;S,W;P,"271,188",0.0,6EQE,271:W,188:P
F;T,W;Y,"271,189",0.0,6EQE,271:W,189:Y
F;F,W;M,"271,191",0.0,6EQE,271:W,191:M
S;N,D;I,"58,37",0.0,6EQE,58:D,37:I
S;C,D;D,"58,289",0.0,6EQE,58:D,289:D
S;A,D;P,"58,152",0.0,6EQE,58:D,152:P
S;D,D;V,"58,186",0.0,6EQE,58:D,186:V
S;G,D;P,"58,243",0.0,6EQE,58:D,243:P
S;S,D;E,"58,115",0.0,6EQE,58:D,115:E
S;L,D;Q,"58,216",0.0,6EQE,58:D,216:Q
S;N,D;P,"58,277",0.0,6EQE,58:D,277:P
S;R,D;Q,"58,132",0.0,6EQE,58:D,132:Q
S;N,D;Y,"58,244",0.0,6EQE,58:D,244:Y
S;H,D;T,"58,104",0.0,6EQE,58:D,104:T
S;H,D;L,"58,104",0.0,6EQE,58:D,104:L
S;P,D;Q,"58,38",0.0,6EQE,58:D,38:Q
S;R,D;L,"58,53",0.0,6EQE,58:D,53:L
S;A,D;T,"58,180",0.0,6EQE,58:D,180:T
S;P,D;D,"58,197",0.0,6EQE,58:D,197:D
S;T,D;V,"58,198",0.0,6EQE,58:D,198:V
S;A,D;M,"58,135",0.0,6EQE,58:D,135:M
S;I,D;L,"58,111",0.0,6EQE,58:D,111:L
S;G,D;S,"58,243",0.0,6EQE,58:D,243:S
S;Q,D;L,"58,127",0.0,6EQE,58:D,127:L
S;Q,D;H,"58,127",0.0,6EQE,58:D,127:H
S;W,D;I,"58,159",0.0,6EQE,58:D,159:I
S;Q,D;P,"58,127",0.0,6EQE,58:D,127:P
S;S,D;N,"58,103",0.0,6EQE,58:D,103:N
S;A,D;Y,"58,179",0.0,6EQE,58:D,179:Y
S;W,D;K,"58,257",0.0,6EQE,58:D,257:K
S;L,D;M,"58,216",0.0,6EQE,58:D,216:M
S;Q,D;E,"58,127",0.0,6EQE,58:D,127:E
S;G,D;A,"58,243",0.0,6EQE,58:D,243:A
S;A,D;N,"58,226",0.0,6EQE,58:D,226:N
S;L,D;I,"58,216",0.0,6EQE,58:D,216:I
S;C,D;L,"58,289",0.0,6EQE,58:D,289:L
S;S,D;E,"58,207",0.0,6EQE,58:D,207:E
S;M,D;L,"58,154",0.0,6EQE,58:D,154:L
S;M,D;P,"58,222",0.0,6EQE,58:D,222:P
S;G,D;T,"58,251",0.0,6EQE,58:D,251:T
S;P,D;L,"58,38",0.0,6EQE,58:D,38:L
S;L,D;W,"58,216",0.0,6EQE,58:D,216:W
S;T,D;L,"58,72",0.0,6EQE,58:D,72:L
S;S,D;P,"58,245",0.0,6EQE,58:D,245:P
S;I,D;W,"58,111",0.0,6EQE,58:D,111:W
S;L,D;D,"58,249",0.0,6EQE,58:D,249:D
S;E,D;K,"58,231",0.0,6EQE,58:D,231:K
S;D,D;K,"58,263",0.0,6EQE,58:D,263:K
S;T,D;M,"58,51",0.0,6EQE,58:D,51:M
S;L,D;E,"58,216",0.0,6EQE,58:D,216:E
S;S,D;T,"58,121",0.0,6EQE,58:D,121:T
S;I,D;H,"58,145",0.0,6EQE,58:D,145:H
S;I,D;L,"58,145",0.0,6EQE,58:D,145:L
S;H,D;M,"58,104",0.0,6EQE,58:D,104:M
S;R,D;P,"58,280",0.0,6EQE,58:D,280:P
S;L,D;F,"58,216",0.0,6EQE,58:D,216:F
S;S,D;D,"58,103",0.0,6EQE,58:D,103:D
S;I,D;V,"58,200",0.0,6EQE,58:D,200:V
S;T,D;K,"58,88",0.0,6EQE,58:D,88:K
S;N,D;K,"58,138",0.0,6EQE,58:D,138:K
S;A,D;L,"58,65",0.0,6EQE,58:D,65:L
S;Q,D;T,"58,91",0.0,6EQE,58:D,91:T
S;G,D;D,"58,163",0.0,6EQE,58:D,163:D
S;A,D;M,"58,65",0.0,6EQE,58:D,65:M
S;K,D;L,"58,252",0.0,6EQE,58:D,252:L
S;V,D;D,"58,57",0.0,6EQE,58:D,57:D
S;Q,D;V,"58,127",0.0,6EQE,58:D,127:V
S;V,D;C,"58,281",0.0,6EQE,58:D,281:C
S;T,D;V,"58,72",0.0,6EQE,58:D,72:V
S;Q,D;N,"58,133",0.0,6EQE,58:D,133:N
S;R,D;K,"58,53",0.0,6EQE,58:D,53:K
S;S,D;P,"58,125",0.0,6EQE,58:D,125:P
S;T,D;Q,"58,88",0.0,6EQE,58:D,88:Q
S;N,D;L,"58,138",0.0,6EQE,58:D,138:L
S;H,D;R,"58,104",0.0,6EQE,58:D,104:R
S;W,D;P,"58,159",0.0,6EQE,58:D,159:P
S;S,D;Y,"58,242",0.0,6EQE,58:D,242:Y
S;A,D;F,"58,65",0.0,6EQE,58:D,65:F
S;G,D;H,"58,251",0.0,6EQE,58:D,251:H
S;L,D;P,"58,216",0.0,6EQE,58:D,216:P
S;A,D;E,"58,152",0.0,6EQE,58:D,152:E
S;T,D;N,"58,88",0.0,6EQE,58:D,88:N
S;T,D;N,"58,198",0.0,6EQE,58:D,198:N
S;L,D;C,"58,249",0.0,6EQE,58:D,249:C
S;N,D;T,"58,190",0.0,6EQE,58:D,190:T
S;S,D;V,"58,223",0.0,6EQE,58:D,223:V
S;A,D;W,"58,65",0.0,6EQE,58:D,65:W
S;K,D;Y,"58,253",0.0,6EQE,58:D,253:Y
S;R,D;S,"58,90",0.0,6EQE,58:D,90:S
S;T,D;M,"58,29",0.0,6EQE,58:D,29:M
S;M,D;L,"58,262",0.0,6EQE,58:D,262:L
S;A,D;L,"58,272",0.0,6EQE,58:D,272:L
S;R,D;N,"58,90",0.0,6EQE,58:D,90:N
S;R,D;T,"58,90",0.0,6EQE,58:D,90:T
S;G,D;T,"58,254",0.0,6EQE,58:D,254:T
S;R,D;P,"58,90",0.0,6EQE,58:D,90:P
S;N,D;Y,"58,37",0.0,6EQE,58:D,37:Y
S;Q,D;I,"58,182",0.0,6EQE,58:D,182:I
S;R,D;A,"58,90",0.0,6EQE,58:D,90:A
S;K,D;F,"58,253",0.0,6EQE,58:D,253:F
S;Y,D;S,"58,63",0.0,6EQE,58:D,63:S
S;Q,D;M,"58,127",0.0,6EQE,58:D,127:M
S;Q,D;L,"58,182",0.0,6EQE,58:D,182:L
S;K,D;A,"58,253",0.0,6EQE,58:D,253:A
S;K,D;V,"58,253",0.0,6EQE,58:D,253:V
S;Q,D;F,"58,182",0.0,6EQE,58:D,182:F
S;R,D;D,"58,90",0.0,6EQE,58:D,90:D
S;Q,D;A,"58,127",0.0,6EQE,58:D,127:A
S;Y,D;T,"58,63",0.0,6EQE,58:D,63:T
S;Q,D;V,"58,182",0.0,6EQE,58:D,182:V
S;K,D;L,"58,253",0.0,6EQE,58:D,253:L
S;C,D;S,"58,289",0.0,6EQE,58:D,289:S
S;Y,D;G,"58,63",0.0,6EQE,58:D,63:G
S;M,D;V,"58,154",0.0,6EQE,58:D,154:V
S;Q,D;T,"58,127",0.0,6EQE,58:D,127:T
S;A,D;D,"58,226",0.0,6EQE,58:D,226:D
S;C,D;A,"58,289",0.0,6EQE,58:D,289:A
S;R,D;Q,"58,224",0.0,6EQE,58:D,224:Q
S;N,D;K,"58,233",0.0,6EQE,58:D,233:K
S;S,D;E,"58,136",0.0,6EQE,58:D,136:E
S;D,D;N,"58,186",0.0,6EQE,58:D,186:N
S;R,D;A,"58,280",0.0,6EQE,58:D,280:A
S;S,D;F,"58,238",0.0,6EQE,58:D,238:F
S;S,D;Q,"58,188",0.0,6EQE,58:D,188:Q
S;S,D;H,"58,214",0.0,6EQE,58:D,214:H
S;L,D;F,"58,117",0.0,6EQE,58:D,117:F
S;Q,D;Y,"58,119",0.0,6EQE,58:D,119:Y
S;G,D;A,"58,165",0.0,6EQE,58:D,165:A
S;S,D;E,"58,121",0.0,6EQE,58:D,121:E
S;I,D;R,"58,168",0.0,6EQE,58:D,168:R
S;N,D;H,"58,205",0.0,6EQE,58:D,205:H
S;S,D;Y,"58,269",0.0,6EQE,58:D,269:Y
S;S,D;T,"58,214",0.0,6EQE,58:D,214:T
S;I,D;R,"58,218",0.0,6EQE,58:D,218:R
S;P,D;K,"58,120",0.0,6EQE,58:D,120:K
S;M,D;H,"58,161",0.0,6EQE,58:D,161:H
S;I,D;H,"58,168",0.0,6EQE,58:D,168:H
S;N,D;K,"58,114",0.0,6EQE,58:D,114:K
S;P,D;V,"58,184",0.0,6EQE,58:D,184:V
S;W,D;P,"58,185",0.0,6EQE,58:D,185:P
S;S,D;H,"58,187",0.0,6EQE,58:D,187:H
S;S,D;P,"58,188",0.0,6EQE,58:D,188:P
S;T,D;Y,"58,189",0.0,6EQE,58:D,189:Y
S;F,D;M,"58,191",0.0,6EQE,58:D,191:M
N;C,I;D,"37,289",0.0,6EQE,37:I,289:D
N;A,I;P,"37,152",0.0,6EQE,37:I,152:P
N;D,I;V,"37,186",0.0,6EQE,37:I,186:V
N;G,I;P,"37,243",0.0,6EQE,37:I,243:P
N;S,I;E,"37,115",0.0,6EQE,37:I,115:E
N;L,I;Q,"37,216",0.0,6EQE,37:I,216:Q
N;N,I;P,"37,277",0.0,6EQE,37:I,277:P
N;R,I;Q,"37,132",0.0,6EQE,37:I,132:Q
N;N,I;Y,"37,244",0.0,6EQE,37:I,244:Y
N;H,I;T,"37,104",0.0,6EQE,37:I,104:T
N;S,I;V,"37,58",0.0,6EQE,37:I,58:V
N;H,I;L,"37,104",0.0,6EQE,37:I,104:L
N;P,I;Q,"37,38",0.0,6EQE,37:I,38:Q
N;R,I;L,"37,53",0.0,6EQE,37:I,53:L
N;A,I;T,"37,180",0.0,6EQE,37:I,180:T
N;P,I;D,"37,197",0.0,6EQE,37:I,197:D
N;T,I;V,"37,198",0.0,6EQE,37:I,198:V
N;A,I;M,"37,135",0.0,6EQE,37:I,135:M
N;I,I;L,"37,111",0.0,6EQE,37:I,111:L
N;G,I;S,"37,243",0.0,6EQE,37:I,243:S
N;Q,I;L,"37,127",0.0,6EQE,37:I,127:L
N;Q,I;H,"37,127",0.0,6EQE,37:I,127:H
N;W,I;I,"37,159",0.0,6EQE,37:I,159:I
N;Q,I;P,"37,127",0.0,6EQE,37:I,127:P
N;S,I;N,"37,103",0.0,6EQE,37:I,103:N
N;A,I;Y,"37,179",0.0,6EQE,37:I,179:Y
N;W,I;K,"37,257",0.0,6EQE,37:I,257:K
N;L,I;M,"37,216",0.0,6EQE,37:I,216:M
N;Q,I;E,"37,127",0.0,6EQE,37:I,127:E
N;G,I;A,"37,243",0.0,6EQE,37:I,243:A
N;A,I;N,"37,226",0.0,6EQE,37:I,226:N
N;L,I;I,"37,216",0.0,6EQE,37:I,216:I
N;C,I;L,"37,289",0.0,6EQE,37:I,289:L
N;S,I;E,"37,207",0.0,6EQE,37:I,207:E
N;M,I;L,"37,154",0.0,6EQE,37:I,154:L
N;M,I;P,"37,222",0.0,6EQE,37:I,222:P
N;G,I;T,"37,251",0.0,6EQE,37:I,251:T
N;P,I;L,"37,38",0.0,6EQE,37:I,38:L
N;L,I;W,"37,216",0.0,6EQE,37:I,216:W
N;T,I;L,"37,72",0.0,6EQE,37:I,72:L
N;S,I;P,"37,245",0.0,6EQE,37:I,245:P
N;I,I;W,"37,111",0.0,6EQE,37:I,111:W
N;L,I;D,"37,249",0.0,6EQE,37:I,249:D
N;E,I;K,"37,231",0.0,6EQE,37:I,231:K
N;D,I;K,"37,263",0.0,6EQE,37:I,263:K
N;T,I;M,"37,51",0.0,6EQE,37:I,51:M
N;L,I;E,"37,216",0.0,6EQE,37:I,216:E
N;S,I;T,"37,121",0.0,6EQE,37:I,121:T
N;I,I;H,"37,145",0.0,6EQE,37:I,145:H
N;I,I;L,"37,145",0.0,6EQE,37:I,145:L
N;H,I;M,"37,104",0.0,6EQE,37:I,104:M
N;R,I;P,"37,280",0.0,6EQE,37:I,280:P
N;L,I;F,"37,216",0.0,6EQE,37:I,216:F
N;S,I;D,"37,103",0.0,6EQE,37:I,103:D
N;I,I;V,"37,200",0.0,6EQE,37:I,200:V
N;T,I;K,"37,88",0.0,6EQE,37:I,88:K
N;N,I;K,"37,138",0.0,6EQE,37:I,138:K
N;A,I;L,"37,65",0.0,6EQE,37:I,65:L
N;Q,I;T,"37,91",0.0,6EQE,37:I,91:T
N;G,I;D,"37,163",0.0,6EQE,37:I,163:D
N;A,I;M,"37,65",0.0,6EQE,37:I,65:M
N;K,I;L,"37,252",0.0,6EQE,37:I,252:L
N;V,I;D,"37,57",0.0,6EQE,37:I,57:D
N;Q,I;V,"37,127",0.0,6EQE,37:I,127:V
N;V,I;C,"37,281",0.0,6EQE,37:I,281:C
N;T,I;V,"37,72",0.0,6EQE,37:I,72:V
N;Q,I;N,"37,133",0.0,6EQE,37:I,133:N
N;R,I;K,"37,53",0.0,6EQE,37:I,53:K
N;S,I;P,"37,125",0.0,6EQE,37:I,125:P
N;T,I;Q,"37,88",0.0,6EQE,37:I,88:Q
N;N,I;L,"37,138",0.0,6EQE,37:I,138:L
N;H,I;R,"37,104",0.0,6EQE,37:I,104:R
N;W,I;P,"37,159",0.0,6EQE,37:I,159:P
N;S,I;Y,"37,242",0.0,6EQE,37:I,242:Y
N;A,I;F,"37,65",0.0,6EQE,37:I,65:F
N;G,I;H,"37,251",0.0,6EQE,37:I,251:H
N;L,I;P,"37,216",0.0,6EQE,37:I,216:P
N;S,I;W,"37,58",0.0,6EQE,37:I,58:W
N;A,I;E,"37,152",0.0,6EQE,37:I,152:E
N;T,I;N,"37,88",0.0,6EQE,37:I,88:N
N;T,I;N,"37,198",0.0,6EQE,37:I,198:N
N;S,I;K,"37,58",0.0,6EQE,37:I,58:K
N;L,I;C,"37,249",0.0,6EQE,37:I,249:C
N;N,I;T,"37,190",0.0,6EQE,37:I,190:T
N;S,I;V,"37,223",0.0,6EQE,37:I,223:V
N;A,I;W,"37,65",0.0,6EQE,37:I,65:W
N;K,I;Y,"37,253",0.0,6EQE,37:I,253:Y
N;R,I;S,"37,90",0.0,6EQE,37:I,90:S
N;T,I;M,"37,29",0.0,6EQE,37:I,29:M
N;M,I;L,"37,262",0.0,6EQE,37:I,262:L
N;A,I;L,"37,272",0.0,6EQE,37:I,272:L
N;R,I;N,"37,90",0.0,6EQE,37:I,90:N
N;R,I;T,"37,90",0.0,6EQE,37:I,90:T
N;G,I;T,"37,254",0.0,6EQE,37:I,254:T
N;R,I;P,"37,90",0.0,6EQE,37:I,90:P
N;Q,I;I,"37,182",0.0,6EQE,37:I,182:I
N;R,I;A,"37,90",0.0,6EQE,37:I,90:A
N;K,I;F,"37,253",0.0,6EQE,37:I,253:F
N;Y,I;S,"37,63",0.0,6EQE,37:I,63:S
N;Q,I;M,"37,127",0.0,6EQE,37:I,127:M
N;Q,I;L,"37,182",0.0,6EQE,37:I,182:L
N;K,I;A,"37,253",0.0,6EQE,37:I,253:A
N;K,I;V,"37,253",0.0,6EQE,37:I,253:V
N;Q,I;F,"37,182",0.0,6EQE,37:I,182:F
N;R,I;D,"37,90",0.0,6EQE,37:I,90:D
N;Q,I;A,"37,127",0.0,6EQE,37:I,127:A
N;Y,I;T,"37,63",0.0,6EQE,37:I,63:T
N;Q,I;V,"37,182",0.0,6EQE,37:I,182:V
N;K,I;L,"37,253",0.0,6EQE,37:I,253:L
N;C,I;S,"37,289",0.0,6EQE,37:I,289:S
N;Y,I;G,"37,63",0.0,6EQE,37:I,63:G
N;M,I;V,"37,154",0.0,6EQE,37:I,154:V
N;Q,I;T,"37,127",0.0,6EQE,37:I,127:T
N;A,I;D,"37,226",0.0,6EQE,37:I,226:D
N;C,I;A,"37,289",0.0,6EQE,37:I,289:A
N;R,I;Q,"37,224",0.0,6EQE,37:I,224:Q
N;N,I;K,"37,233",0.0,6EQE,37:I,233:K
N;S,I;E,"37,136",0.0,6EQE,37:I,136:E
N;D,I;N,"37,186",0.0,6EQE,37:I,186:N
N;R,I;A,"37,280",0.0,6EQE,37:I,280:A
N;S,I;F,"37,238",0.0,6EQE,37:I,238:F
N;S,I;Q,"37,188",0.0,6EQE,37:I,188:Q
N;S,I;H,"37,214",0.0,6EQE,37:I,214:H
N;L,I;F,"37,117",0.0,6EQE,37:I,117:F
N;Q,I;Y,"37,119",0.0,6EQE,37:I,119:Y
N;G,I;A,"37,165",0.0,6EQE,37:I,165:A
N;S,I;E,"37,121",0.0,6EQE,37:I,121:E
N;I,I;R,"37,168",0.0,6EQE,37:I,168:R
N;N,I;H,"37,205",0.0,6EQE,37:I,205:H
N;S,I;Y,"37,269",0.0,6EQE,37:I,269:Y
N;S,I;T,"37,214",0.0,6EQE,37:I,214:T
N;I,I;R,"37,218",0.0,6EQE,37:I,218:R
N;P,I;K,"37,120",0.0,6EQE,37:I,120:K
N;M,I;H,"37,161",0.0,6EQE,37:I,161:H
N;I,I;H,"37,168",0.0,6EQE,37:I,168:H
N;N,I;K,"37,114",0.0,6EQE,37:I,114:K
N;P,I;V,"37,184",0.0,6EQE,37:I,184:V
N;W,I;P,"37,185",0.0,6EQE,37:I,185:P
N;S,I;H,"37,187",0.0,6EQE,37:I,187:H
N;S,I;P,"37,188",0.0,6EQE,37:I,188:P
N;T,I;Y,"37,189",0.0,6EQE,37:I,189:Y
N;F,I;M,"37,191",0.0,6EQE,37:I,191:M
C;A,D;P,"289,152",0.0,6EQE,289:D,152:P
C;D,D;V,"289,186",0.0,6EQE,289:D,186:V
C;G,D;P,"289,243",0.0,6EQE,289:D,243:P
C;S,D;E,"289,115",0.0,6EQE,289:D,115:E
C;L,D;Q,"289,216",0.0,6EQE,289:D,216:Q
C;N,D;P,"289,277",0.0,6EQE,289:D,277:P
C;R,D;Q,"289,132",0.0,6EQE,289:D,132:Q
C;N,D;Y,"289,244",0.0,6EQE,289:D,244:Y
C;H,D;T,"289,104",0.0,6EQE,289:D,104:T
C;S,D;V,"289,58",0.0,6EQE,289:D,58:V
C;H,D;L,"289,104",0.0,6EQE,289:D,104:L
C;P,D;Q,"289,38",0.0,6EQE,289:D,38:Q
C;R,D;L,"289,53",0.0,6EQE,289:D,53:L
C;A,D;T,"289,180",0.0,6EQE,289:D,180:T
C;P,D;D,"289,197",0.0,6EQE,289:D,197:D
C;T,D;V,"289,198",0.0,6EQE,289:D,198:V
C;A,D;M,"289,135",0.0,6EQE,289:D,135:M
C;I,D;L,"289,111",0.0,6EQE,289:D,111:L
C;G,D;S,"289,243",0.0,6EQE,289:D,243:S
C;Q,D;L,"289,127",0.0,6EQE,289:D,127:L
C;Q,D;H,"289,127",0.0,6EQE,289:D,127:H
C;W,D;I,"289,159",0.0,6EQE,289:D,159:I
C;Q,D;P,"289,127",0.0,6EQE,289:D,127:P
C;S,D;N,"289,103",0.0,6EQE,289:D,103:N
C;A,D;Y,"289,179",0.0,6EQE,289:D,179:Y
C;W,D;K,"289,257",0.0,6EQE,289:D,257:K
C;L,D;M,"289,216",0.0,6EQE,289:D,216:M
C;Q,D;E,"289,127",0.0,6EQE,289:D,127:E
C;G,D;A,"289,243",0.0,6EQE,289:D,243:A
C;A,D;N,"289,226",0.0,6EQE,289:D,226:N
C;L,D;I,"289,216",0.0,6EQE,289:D,216:I
C;S,D;E,"289,207",0.0,6EQE,289:D,207:E
C;M,D;L,"289,154",0.0,6EQE,289:D,154:L
C;M,D;P,"289,222",0.0,6EQE,289:D,222:P
C;G,D;T,"289,251",0.0,6EQE,289:D,251:T
C;P,D;L,"289,38",0.0,6EQE,289:D,38:L
C;L,D;W,"289,216",0.0,6EQE,289:D,216:W
C;T,D;L,"289,72",0.0,6EQE,289:D,72:L
C;S,D;P,"289,245",0.0,6EQE,289:D,245:P
C;I,D;W,"289,111",0.0,6EQE,289:D,111:W
C;L,D;D,"289,249",0.0,6EQE,289:D,249:D
C;E,D;K,"289,231",0.0,6EQE,289:D,231:K
C;D,D;K,"289,263",0.0,6EQE,289:D,263:K
C;T,D;M,"289,51",0.0,6EQE,289:D,51:M
C;L,D;E,"289,216",0.0,6EQE,289:D,216:E
C;S,D;T,"289,121",0.0,6EQE,289:D,121:T
C;I,D;H,"289,145",0.0,6EQE,289:D,145:H
C;I,D;L,"289,145",0.0,6EQE,289:D,145:L
C;H,D;M,"289,104",0.0,6EQE,289:D,104:M
C;R,D;P,"289,280",0.0,6EQE,289:D,280:P
C;L,D;F,"289,216",0.0,6EQE,289:D,216:F
C;S,D;D,"289,103",0.0,6EQE,289:D,103:D
C;I,D;V,"289,200",0.0,6EQE,289:D,200:V
C;T,D;K,"289,88",0.0,6EQE,289:D,88:K
C;N,D;K,"289,138",0.0,6EQE,289:D,138:K
C;A,D;L,"289,65",0.0,6EQE,289:D,65:L
C;Q,D;T,"289,91",0.0,6EQE,289:D,91:T
C;G,D;D,"289,163",0.0,6EQE,289:D,163:D
C;A,D;M,"289,65",0.0,6EQE,289:D,65:M
C;K,D;L,"289,252",0.0,6EQE,289:D,252:L
C;V,D;D,"289,57",0.0,6EQE,289:D,57:D
C;Q,D;V,"289,127",0.0,6EQE,289:D,127:V
C;V,D;C,"289,281",0.0,6EQE,289:D,281:C
C;T,D;V,"289,72",0.0,6EQE,289:D,72:V
C;Q,D;N,"289,133",0.0,6EQE,289:D,133:N
C;R,D;K,"289,53",0.0,6EQE,289:D,53:K
C;S,D;P,"289,125",0.0,6EQE,289:D,125:P
C;T,D;Q,"289,88",0.0,6EQE,289:D,88:Q
C;N,D;L,"289,138",0.0,6EQE,289:D,138:L
C;H,D;R,"289,104",0.0,6EQE,289:D,104:R
C;W,D;P,"289,159",0.0,6EQE,289:D,159:P
C;S,D;Y,"289,242",0.0,6EQE,289:D,242:Y
C;A,D;F,"289,65",0.0,6EQE,289:D,65:F
C;G,D;H,"289,251",0.0,6EQE,289:D,251:H
C;L,D;P,"289,216",0.0,6EQE,289:D,216:P
C;S,D;W,"289,58",0.0,6EQE,289:D,58:W
C;A,D;E,"289,152",0.0,6EQE,289:D,152:E
C;T,D;N,"289,88",0.0,6EQE,289:D,88:N
C;T,D;N,"289,198",0.0,6EQE,289:D,198:N
C;S,D;K,"289,58",0.0,6EQE,289:D,58:K
C;L,D;C,"289,249",0.0,6EQE,289:D,249:C
C;N,D;T,"289,190",0.0,6EQE,289:D,190:T
C;S,D;V,"289,223",0.0,6EQE,289:D,223:V
C;A,D;W,"289,65",0.0,6EQE,289:D,65:W
C;K,D;Y,"289,253",0.0,6EQE,289:D,253:Y
C;R,D;S,"289,90",0.0,6EQE,289:D,90:S
C;T,D;M,"289,29",0.0,6EQE,289:D,29:M
C;M,D;L,"289,262",0.0,6EQE,289:D,262:L
C;A,D;L,"289,272",0.0,6EQE,289:D,272:L
C;R,D;N,"289,90",0.0,6EQE,289:D,90:N
C;R,D;T,"289,90",0.0,6EQE,289:D,90:T
C;G,D;T,"289,254",0.0,6EQE,289:D,254:T
C;R,D;P,"289,90",0.0,6EQE,289:D,90:P
C;N,D;Y,"289,37",0.0,6EQE,289:D,37:Y
C;Q,D;I,"289,182",0.0,6EQE,289:D,182:I
C;R,D;A,"289,90",0.0,6EQE,289:D,90:A
C;K,D;F,"289,253",0.0,6EQE,289:D,253:F
C;Y,D;S,"289,63",0.0,6EQE,289:D,63:S
C;Q,D;M,"289,127",0.0,6EQE,289:D,127:M
C;Q,D;L,"289,182",0.0,6EQE,289:D,182:L
C;K,D;A,"289,253",0.0,6EQE,289:D,253:A
C;K,D;V,"289,253",0.0,6EQE,289:D,253:V
C;Q,D;F,"289,182",0.0,6EQE,289:D,182:F
C;R,D;D,"289,90",0.0,6EQE,289:D,90:D
C;Q,D;A,"289,127",0.0,6EQE,289:D,127:A
C;Y,D;T,"289,63",0.0,6EQE,289:D,63:T
C;Q,D;V,"289,182",0.0,6EQE,289:D,182:V
C;K,D;L,"289,253",0.0,6EQE,289:D,253:L
C;Y,D;G,"289,63",0.0,6EQE,289:D,63:G
C;M,D;V,"289,154",0.0,6EQE,289:D,154:V
C;Q,D;T,"289,127",0.0,6EQE,289:D,127:T
C;A,D;D,"289,226",0.0,6EQE,289:D,226:D
C;R,D;Q,"289,224",0.0,6EQE,289:D,224:Q
C;N,D;K,"289,233",0.0,6EQE,289:D,233:K
C;S,D;E,"289,136",0.0,6EQE,289:D,136:E
C;D,D;N,"289,186",0.0,6EQE,289:D,186:N
C;R,D;A,"289,280",0.0,6EQE,289:D,280:A
C;S,D;F,"289,238",0.0,6EQE,289:D,238:F
C;S,D;Q,"289,188",0.0,6EQE,289:D,188:Q
C;S,D;H,"289,214",0.0,6EQE,289:D,214:H
C;L,D;F,"289,117",0.0,6EQE,289:D,117:F
C;Q,D;Y,"289,119",0.0,6EQE,289:D,119:Y
C;G,D;A,"289,165",0.0,6EQE,289:D,165:A
C;S,D;E,"289,121",0.0,6EQE,289:D,121:E
C;I,D;R,"289,168",0.0,6EQE,289:D,168:R
C;N,D;H,"289,205",0.0,6EQE,289:D,205:H
C;S,D;Y,"289,269",0.0,6EQE,289:D,269:Y
C;S,D;T,"289,214",0.0,6EQE,289:D,214:T
C;I,D;R,"289,218",0.0,6EQE,289:D,218:R
C;P,D;K,"289,120",0.0,6EQE,289:D,120:K
C;M,D;H,"289,161",0.0,6EQE,289:D,161:H
C;I,D;H,"289,168",0.0,6EQE,289:D,168:H
C;N,D;K,"289,114",0.0,6EQE,289:D,114:K
C;P,D;V,"289,184",0.0,6EQE,289:D,184:V
C;W,D;P,"289,185",0.0,6EQE,289:D,185:P
C;S,D;H,"289,187",0.0,6EQE,289:D,187:H
C;S,D;P,"289,188",0.0,6EQE,289:D,188:P
C;T,D;Y,"289,189",0.0,6EQE,289:D,189:Y
C;F,D;M,"289,191",0.0,6EQE,289:D,191:M
A;D,P;V,"152,186",0.0,6EQE,152:P,186:V
A;G,P;P,"152,243",0.0,6EQE,152:P,243:P
A;S,P;E,"152,115",0.0,6EQE,152:P,115:E
A;L,P;Q,"152,216",0.0,6EQE,152:P,216:Q
A;N,P;P,"152,277",0.0,6EQE,152:P,277:P
A;R,P;Q,"152,132",0.0,6EQE,152:P,132:Q
A;N,P;Y,"152,244",0.0,6EQE,152:P,244:Y
A;H,P;T,"152,104",0.0,6EQE,152:P,104:T
A;S,P;V,"152,58",0.0,6EQE,152:P,58:V
A;H,P;L,"152,104",0.0,6EQE,152:P,104:L
A;P,P;Q,"152,38",0.0,6EQE,152:P,38:Q
A;R,P;L,"152,53",0.0,6EQE,152:P,53:L
A;A,P;T,"152,180",0.0,6EQE,152:P,180:T
A;P,P;D,"152,197",0.0,6EQE,152:P,197:D
A;T,P;V,"152,198",0.0,6EQE,152:P,198:V
A;A,P;M,"152,135",0.0,6EQE,152:P,135:M
A;I,P;L,"152,111",0.0,6EQE,152:P,111:L
A;G,P;S,"152,243",0.0,6EQE,152:P,243:S
A;Q,P;L,"152,127",0.0,6EQE,152:P,127:L
A;Q,P;H,"152,127",0.0,6EQE,152:P,127:H
A;W,P;I,"152,159",0.0,6EQE,152:P,159:I
A;Q,P;P,"152,127",0.0,6EQE,152:P,127:P
A;S,P;N,"152,103",0.0,6EQE,152:P,103:N
A;A,P;Y,"152,179",0.0,6EQE,152:P,179:Y
A;W,P;K,"152,257",0.0,6EQE,152:P,257:K
A;L,P;M,"152,216",0.0,6EQE,152:P,216:M
A;Q,P;E,"152,127",0.0,6EQE,152:P,127:E
A;G,P;A,"152,243",0.0,6EQE,152:P,243:A
A;A,P;N,"152,226",0.0,6EQE,152:P,226:N
A;L,P;I,"152,216",0.0,6EQE,152:P,216:I
A;C,P;L,"152,289",0.0,6EQE,152:P,289:L
A;S,P;E,"152,207",0.0,6EQE,152:P,207:E
A;M,P;L,"152,154",0.0,6EQE,152:P,154:L
A;M,P;P,"152,222",0.0,6EQE,152:P,222:P
A;G,P;T,"152,251",0.0,6EQE,152:P,251:T
A;P,P;L,"152,38",0.0,6EQE,152:P,38:L
A;L,P;W,"152,216",0.0,6EQE,152:P,216:W
A;T,P;L,"152,72",0.0,6EQE,152:P,72:L
A;S,P;P,"152,245",0.0,6EQE,152:P,245:P
A;I,P;W,"152,111",0.0,6EQE,152:P,111:W
A;L,P;D,"152,249",0.0,6EQE,152:P,249:D
A;E,P;K,"152,231",0.0,6EQE,152:P,231:K
A;D,P;K,"152,263",0.0,6EQE,152:P,263:K
A;T,P;M,"152,51",0.0,6EQE,152:P,51:M
A;L,P;E,"152,216",0.0,6EQE,152:P,216:E
A;S,P;T,"152,121",0.0,6EQE,152:P,121:T
A;I,P;H,"152,145",0.0,6EQE,152:P,145:H
A;I,P;L,"152,145",0.0,6EQE,152:P,145:L
A;H,P;M,"152,104",0.0,6EQE,152:P,104:M
A;R,P;P,"152,280",0.0,6EQE,152:P,280:P
A;L,P;F,"152,216",0.0,6EQE,152:P,216:F
A;S,P;D,"152,103",0.0,6EQE,152:P,103:D
A;I,P;V,"152,200",0.0,6EQE,152:P,200:V
A;T,P;K,"152,88",0.0,6EQE,152:P,88:K
A;N,P;K,"152,138",0.0,6EQE,152:P,138:K
A;A,P;L,"152,65",0.0,6EQE,152:P,65:L
A;Q,P;T,"152,91",0.0,6EQE,152:P,91:T
A;G,P;D,"152,163",0.0,6EQE,152:P,163:D
A;A,P;M,"152,65",0.0,6EQE,152:P,65:M
A;K,P;L,"152,252",0.0,6EQE,152:P,252:L
A;V,P;D,"152,57",0.0,6EQE,152:P,57:D
A;Q,P;V,"152,127",0.0,6EQE,152:P,127:V
A;V,P;C,"152,281",0.0,6EQE,152:P,281:C
A;T,P;V,"152,72",0.0,6EQE,152:P,72:V
A;Q,P;N,"152,133",0.0,6EQE,152:P,133:N
A;R,P;K,"152,53",0.0,6EQE,152:P,53:K
A;S,P;P,"152,125",0.0,6EQE,152:P,125:P
A;T,P;Q,"152,88",0.0,6EQE,152:P,88:Q
A;N,P;L,"152,138",0.0,6EQE,152:P,138:L
A;H,P;R,"152,104",0.0,6EQE,152:P,104:R
A;W,P;P,"152,159",0.0,6EQE,152:P,159:P
A;S,P;Y,"152,242",0.0,6EQE,152:P,242:Y
A;A,P;F,"152,65",0.0,6EQE,152:P,65:F
A;G,P;H,"152,251",0.0,6EQE,152:P,251:H
A;L,P;P,"152,216",0.0,6EQE,152:P,216:P
A;S,P;W,"152,58",0.0,6EQE,152:P,58:W
A;T,P;N,"152,88",0.0,6EQE,152:P,88:N
A;T,P;N,"152,198",0.0,6EQE,152:P,198:N
A;S,P;K,"152,58",0.0,6EQE,152:P,58:K
A;L,P;C,"152,249",0.0,6EQE,152:P,249:C
A;N,P;T,"152,190",0.0,6EQE,152:P,190:T
A;S,P;V,"152,223",0.0,6EQE,152:P,223:V
A;A,P;W,"152,65",0.0,6EQE,152:P,65:W
A;K,P;Y,"152,253",0.0,6EQE,152:P,253:Y
A;R,P;S,"152,90",0.0,6EQE,152:P,90:S
A;T,P;M,"152,29",0.0,6EQE,152:P,29:M
A;M,P;L,"152,262",0.0,6EQE,152:P,262:L
A;A,P;L,"152,272",0.0,6EQE,152:P,272:L
A;R,P;N,"152,90",0.0,6EQE,152:P,90:N
A;R,P;T,"152,90",0.0,6EQE,152:P,90:T
A;G,P;T,"152,254",0.0,6EQE,152:P,254:T
A;R,P;P,"152,90",0.0,6EQE,152:P,90:P
A;N,P;Y,"152,37",0.0,6EQE,152:P,37:Y
A;Q,P;I,"152,182",0.0,6EQE,152:P,182:I
A;R,P;A,"152,90",0.0,6EQE,152:P,90:A
A;K,P;F,"152,253",0.0,6EQE,152:P,253:F
A;Y,P;S,"152,63",0.0,6EQE,152:P,63:S
A;Q,P;M,"152,127",0.0,6EQE,152:P,127:M
A;Q,P;L,"152,182",0.0,6EQE,152:P,182:L
A;K,P;A,"152,253",0.0,6EQE,152:P,253:A
A;K,P;V,"152,253",0.0,6EQE,152:P,253:V
A;Q,P;F,"152,182",0.0,6EQE,152:P,182:F
A;R,P;D,"152,90",0.0,6EQE,152:P,90:D
A;Q,P;A,"152,127",0.0,6EQE,152:P,127:A
A;Y,P;T,"152,63",0.0,6EQE,152:P,63:T
A;Q,P;V,"152,182",0.0,6EQE,152:P,182:V
A;K,P;L,"152,253",0.0,6EQE,152:P,253:L
A;C,P;S,"152,289",0.0,6EQE,152:P,289:S
A;Y,P;G,"152,63",0.0,6EQE,152:P,63:G
A;M,P;V,"152,154",0.0,6EQE,152:P,154:V
A;Q,P;T,"152,127",0.0,6EQE,152:P,127:T
A;A,P;D,"152,226",0.0,6EQE,152:P,226:D
A;C,P;A,"152,289",0.0,6EQE,152:P,289:A
A;R,P;Q,"152,224",0.0,6EQE,152:P,224:Q
A;N,P;K,"152,233",0.0,6EQE,152:P,233:K
A;S,P;E,"152,136",0.0,6EQE,152:P,136:E
A;D,P;N,"152,186",0.0,6EQE,152:P,186:N
A;R,P;A,"152,280",0.0,6EQE,152:P,280:A
A;S,P;F,"152,238",0.0,6EQE,152:P,238:F
A;S,P;Q,"152,188",0.0,6EQE,152:P,188:Q
A;S,P;H,"152,214",0.0,6EQE,152:P,214:H
A;L,P;F,"152,117",0.0,6EQE,152:P,117:F
A;Q,P;Y,"152,119",0.0,6EQE,152:P,119:Y
A;G,P;A,"152,165",0.0,6EQE,152:P,165:A
A;S,P;E,"152,121",0.0,6EQE,152:P,121:E
A;I,P;R,"152,168",0.0,6EQE,152:P,168:R
A;N,P;H,"152,205",0.0,6EQE,152:P,205:H
A;S,P;Y,"152,269",0.0,6EQE,152:P,269:Y
A;S,P;T,"152,214",0.0,6EQE,152:P,214:T
A;I,P;R,"152,218",0.0,6EQE,152:P,218:R
A;P,P;K,"152,120",0.0,6EQE,152:P,120:K
A;M,P;H,"152,161",0.0,6EQE,152:P,161:H
A;I,P;H,"152,168",0.0,6EQE,152:P,168:H
A;N,P;K,"152,114",0.0,6EQE,152:P,114:K
A;P,P;V,"152,184",0.0,6EQE,152:P,184:V
A;W,P;P,"152,185",0.0,6EQE,152:P,185:P
A;S,P;H,"152,187",0.0,6EQE,152:P,187:H
A;S,P;P,"152,188",0.0,6EQE,152:P,188:P
A;T,P;Y,"152,189",0.0,6EQE,152:P,189:Y
A;F,P;M,"152,191",0.0,6EQE,152:P,191:M
D;G,V;P,"186,243",0.0,6EQE,186:V,243:P
D;S,V;E,"186,115",0.0,6EQE,186:V,115:E
D;L,V;Q,"186,216",0.0,6EQE,186:V,216:Q
D;N,V;P,"186,277",0.0,6EQE,186:V,277:P
D;R,V;Q,"186,132",0.0,6EQE,186:V,132:Q
D;N,V;Y,"186,244",0.0,6EQE,186:V,244:Y
D;H,V;T,"186,104",0.0,6EQE,186:V,104:T
D;S,V;V,"186,58",0.0,6EQE,186:V,58:V
D;H,V;L,"186,104",0.0,6EQE,186:V,104:L
D;P,V;Q,"186,38",0.0,6EQE,186:V,38:Q
D;R,V;L,"186,53",0.0,6EQE,186:V,53:L
D;A,V;T,"186,180",0.0,6EQE,186:V,180:T
D;P,V;D,"186,197",0.0,6EQE,186:V,197:D
D;T,V;V,"186,198",0.0,6EQE,186:V,198:V
D;A,V;M,"186,135",0.0,6EQE,186:V,135:M
D;I,V;L,"186,111",0.0,6EQE,186:V,111:L
D;G,V;S,"186,243",0.0,6EQE,186:V,243:S
D;Q,V;L,"186,127",0.0,6EQE,186:V,127:L
D;Q,V;H,"186,127",0.0,6EQE,186:V,127:H
D;W,V;I,"186,159",0.0,6EQE,186:V,159:I
D;Q,V;P,"186,127",0.0,6EQE,186:V,127:P
D;S,V;N,"186,103",0.0,6EQE,186:V,103:N
D;A,V;Y,"186,179",0.0,6EQE,186:V,179:Y
D;W,V;K,"186,257",0.0,6EQE,186:V,257:K
D;L,V;M,"186,216",0.0,6EQE,186:V,216:M
D;Q,V;E,"186,127",0.0,6EQE,186:V,127:E
D;G,V;A,"186,243",0.0,6EQE,186:V,243:A
D;A,V;N,"186,226",0.0,6EQE,186:V,226:N
D;L,V;I,"186,216",0.0,6EQE,186:V,216:I
D;C,V;L,"186,289",0.0,6EQE,186:V,289:L
D;S,V;E,"186,207",0.0,6EQE,186:V,207:E
D;M,V;L,"186,154",0.0,6EQE,186:V,154:L
D;M,V;P,"186,222",0.0,6EQE,186:V,222:P
D;G,V;T,"186,251",0.0,6EQE,186:V,251:T
D;P,V;L,"186,38",0.0,6EQE,186:V,38:L
D;L,V;W,"186,216",0.0,6EQE,186:V,216:W
D;T,V;L,"186,72",0.0,6EQE,186:V,72:L
D;S,V;P,"186,245",0.0,6EQE,186:V,245:P
D;I,V;W,"186,111",0.0,6EQE,186:V,111:W
D;L,V;D,"186,249",0.0,6EQE,186:V,249:D
D;E,V;K,"186,231",0.0,6EQE,186:V,231:K
D;D,V;K,"186,263",0.0,6EQE,186:V,263:K
D;T,V;M,"186,51",0.0,6EQE,186:V,51:M
D;L,V;E,"186,216",0.0,6EQE,186:V,216:E
D;S,V;T,"186,121",0.0,6EQE,186:V,121:T
D;I,V;H,"186,145",0.0,6EQE,186:V,145:H
D;I,V;L,"186,145",0.0,6EQE,186:V,145:L
D;H,V;M,"186,104",0.0,6EQE,186:V,104:M
D;R,V;P,"186,280",0.0,6EQE,186:V,280:P
D;L,V;F,"186,216",0.0,6EQE,186:V,216:F
D;S,V;D,"186,103",0.0,6EQE,186:V,103:D
D;I,V;V,"186,200",0.0,6EQE,186:V,200:V
D;T,V;K,"186,88",0.0,6EQE,186:V,88:K
D;N,V;K,"186,138",0.0,6EQE,186:V,138:K
D;A,V;L,"186,65",0.0,6EQE,186:V,65:L
D;Q,V;T,"186,91",0.0,6EQE,186:V,91:T
D;G,V;D,"186,163",0.0,6EQE,186:V,163:D
D;A,V;M,"186,65",0.0,6EQE,186:V,65:M
D;K,V;L,"186,252",0.0,6EQE,186:V,252:L
D;V,V;D,"186,57",0.0,6EQE,186:V,57:D
D;Q,V;V,"186,127",0.0,6EQE,186:V,127:V
D;V,V;C,"186,281",0.0,6EQE,186:V,281:C
D;T,V;V,"186,72",0.0,6EQE,186:V,72:V
D;Q,V;N,"186,133",0.0,6EQE,186:V,133:N
D;R,V;K,"186,53",0.0,6EQE,186:V,53:K
D;S,V;P,"186,125",0.0,6EQE,186:V,125:P
D;T,V;Q,"186,88",0.0,6EQE,186:V,88:Q
D;N,V;L,"186,138",0.0,6EQE,186:V,138:L
D;H,V;R,"186,104",0.0,6EQE,186:V,104:R
D;W,V;P,"186,159",0.0,6EQE,186:V,159:P
D;S,V;Y,"186,242",0.0,6EQE,186:V,242:Y
D;A,V;F,"186,65",0.0,6EQE,186:V,65:F
D;G,V;H,"186,251",0.0,6EQE,186:V,251:H
D;L,V;P,"186,216",0.0,6EQE,186:V,216:P
D;S,V;W,"186,58",0.0,6EQE,186:V,58:W
D;A,V;E,"186,152",0.0,6EQE,186:V,152:E
D;T,V;N,"186,88",0.0,6EQE,186:V,88:N
D;T,V;N,"186,198",0.0,6EQE,186:V,198:N
D;S,V;K,"186,58",0.0,6EQE,186:V,58:K
D;L,V;C,"186,249",0.0,6EQE,186:V,249:C
D;N,V;T,"186,190",0.0,6EQE,186:V,190:T
D;S,V;V,"186,223",0.0,6EQE,186:V,223:V
D;A,V;W,"186,65",0.0,6EQE,186:V,65:W
D;K,V;Y,"186,253",0.0,6EQE,186:V,253:Y
D;R,V;S,"186,90",0.0,6EQE,186:V,90:S
D;T,V;M,"186,29",0.0,6EQE,186:V,29:M
D;M,V;L,"186,262",0.0,6EQE,186:V,262:L
D;A,V;L,"186,272",0.0,6EQE,186:V,272:L
D;R,V;N,"186,90",0.0,6EQE,186:V,90:N
D;R,V;T,"186,90",0.0,6EQE,186:V,90:T
D;G,V;T,"186,254",0.0,6EQE,186:V,254:T
D;R,V;P,"186,90",0.0,6EQE,186:V,90:P
D;N,V;Y,"186,37",0.0,6EQE,186:V,37:Y
D;Q,V;I,"186,182",0.0,6EQE,186:V,182:I
D;R,V;A,"186,90",0.0,6EQE,186:V,90:A
D;K,V;F,"186,253",0.0,6EQE,186:V,253:F
D;Y,V;S,"186,63",0.0,6EQE,186:V,63:S
D;Q,V;M,"186,127",0.0,6EQE,186:V,127:M
D;Q,V;L,"186,182",0.0,6EQE,186:V,182:L
D;K,V;A,"186,253",0.0,6EQE,186:V,253:A
D;K,V;V,"186,253",0.0,6EQE,186:V,253:V
D;Q,V;F,"186,182",0.0,6EQE,186:V,182:F
D;R,V;D,"186,90",0.0,6EQE,186:V,90:D
D;Q,V;A,"186,127",0.0,6EQE,186:V,127:A
D;Y,V;T,"186,63",0.0,6EQE,186:V,63:T
D;Q,V;V,"186,182",0.0,6EQE,186:V,182:V
D;K,V;L,"186,253",0.0,6EQE,186:V,253:L
D;C,V;S,"186,289",0.0,6EQE,186:V,289:S
D;Y,V;G,"186,63",0.0,6EQE,186:V,63:G
D;M,V;V,"186,154",0.0,6EQE,186:V,154:V
D;Q,V;T,"186,127",0.0,6EQE,186:V,127:T
D;A,V;D,"186,226",0.0,6EQE,186:V,226:D
D;C,V;A,"186,289",0.0,6EQE,186:V,289:A
D;R,V;Q,"186,224",0.0,6EQE,186:V,224:Q
D;N,V;K,"186,233",0.0,6EQE,186:V,233:K
D;S,V;E,"186,136",0.0,6EQE,186:V,136:E
D;R,V;A,"186,280",0.0,6EQE,186:V,280:A
D;S,V;F,"186,238",0.0,6EQE,186:V,238:F
D;S,V;Q,"186,188",0.0,6EQE,186:V,188:Q
D;S,V;H,"186,214",0.0,6EQE,186:V,214:H
D;L,V;F,"186,117",0.0,6EQE,186:V,117:F
D;Q,V;Y,"186,119",0.0,6EQE,186:V,119:Y
D;G,V;A,"186,165",0.0,6EQE,186:V,165:A
D;S,V;E,"186,121",0.0,6EQE,186:V,121:E
D;I,V;R,"186,168",0.0,6EQE,186:V,168:R
D;N,V;H,"186,205",0.0,6EQE,186:V,205:H
D;S,V;Y,"186,269",0.0,6EQE,186:V,269:Y
D;S,V;T,"186,214",0.0,6EQE,186:V,214:T
D;I,V;R,"186,218",0.0,6EQE,186:V,218:R
D;P,V;K,"186,120",0.0,6EQE,186:V,120:K
D;M,V;H,"186,161",0.0,6EQE,186:V,161:H
D;I,V;H,"186,168",0.0,6EQE,186:V,168:H
D;N,V;K,"186,114",0.0,6EQE,186:V,114:K
D;P,V;V,"186,184",0.0,6EQE,186:V,184:V
D;W,V;P,"186,185",0.0,6EQE,186:V,185:P
D;S,V;H,"186,187",0.0,6EQE,186:V,187:H
D;S,V;P,"186,188",0.0,6EQE,186:V,188:P
D;T,V;Y,"186,189",0.0,6EQE,186:V,189:Y
D;F,V;M,"186,191",0.0,6EQE,186:V,191:M
G;S,P;E,"243,115",0.0,6EQE,243:P,115:E
G;L,P;Q,"243,216",0.0,6EQE,243:P,216:Q
G;N,P;P,"243,277",0.0,6EQE,243:P,277:P
G;R,P;Q,"243,132",0.0,6EQE,243:P,132:Q
G;N,P;Y,"243,244",0.0,6EQE,243:P,244:Y
G;H,P;T,"243,104",0.0,6EQE,243:P,104:T
G;S,P;V,"243,58",0.0,6EQE,243:P,58:V
G;H,P;L,"243,104",0.0,6EQE,243:P,104:L
G;P,P;Q,"243,38",0.0,6EQE,243:P,38:Q
G;R,P;L,"243,53",0.0,6EQE,243:P,53:L
G;A,P;T,"243,180",0.0,6EQE,243:P,180:T
G;P,P;D,"243,197",0.0,6EQE,243:P,197:D
G;T,P;V,"243,198",0.0,6EQE,243:P,198:V
G;A,P;M,"243,135",0.0,6EQE,243:P,135:M
G;I,P;L,"243,111",0.0,6EQE,243:P,111:L
G;Q,P;L,"243,127",0.0,6EQE,243:P,127:L
G;Q,P;H,"243,127",0.0,6EQE,243:P,127:H
G;W,P;I,"243,159",0.0,6EQE,243:P,159:I
G;Q,P;P,"243,127",0.0,6EQE,243:P,127:P
G;S,P;N,"243,103",0.0,6EQE,243:P,103:N
G;A,P;Y,"243,179",0.0,6EQE,243:P,179:Y
G;W,P;K,"243,257",0.0,6EQE,243:P,257:K
G;L,P;M,"243,216",0.0,6EQE,243:P,216:M
G;Q,P;E,"243,127",0.0,6EQE,243:P,127:E
G;A,P;N,"243,226",0.0,6EQE,243:P,226:N
G;L,P;I,"243,216",0.0,6EQE,243:P,216:I
G;C,P;L,"243,289",0.0,6EQE,243:P,289:L
G;S,P;E,"243,207",0.0,6EQE,243:P,207:E
G;M,P;L,"243,154",0.0,6EQE,243:P,154:L
G;M,P;P,"243,222",0.0,6EQE,243:P,222:P
G;G,P;T,"243,251",0.0,6EQE,243:P,251:T
G;P,P;L,"243,38",0.0,6EQE,243:P,38:L
G;L,P;W,"243,216",0.0,6EQE,243:P,216:W
G;T,P;L,"243,72",0.0,6EQE,243:P,72:L
G;S,P;P,"243,245",0.0,6EQE,243:P,245:P
G;I,P;W,"243,111",0.0,6EQE,243:P,111:W
G;L,P;D,"243,249",0.0,6EQE,243:P,249:D
G;E,P;K,"243,231",0.0,6EQE,243:P,231:K
G;D,P;K,"243,263",0.0,6EQE,243:P,263:K
G;T,P;M,"243,51",0.0,6EQE,243:P,51:M
G;L,P;E,"243,216",0.0,6EQE,243:P,216:E
G;S,P;T,"243,121",0.0,6EQE,243:P,121:T
G;I,P;H,"243,145",0.0,6EQE,243:P,145:H
G;I,P;L,"243,145",0.0,6EQE,243:P,145:L
G;H,P;M,"243,104",0.0,6EQE,243:P,104:M
G;R,P;P,"243,280",0.0,6EQE,243:P,280:P
G;L,P;F,"243,216",0.0,6EQE,243:P,216:F
G;S,P;D,"243,103",0.0,6EQE,243:P,103:D
G;I,P;V,"243,200",0.0,6EQE,243:P,200:V
G;T,P;K,"243,88",0.0,6EQE,243:P,88:K
G;N,P;K,"243,138",0.0,6EQE,243:P,138:K
G;A,P;L,"243,65",0.0,6EQE,243:P,65:L
G;Q,P;T,"243,91",0.0,6EQE,243:P,91:T
G;G,P;D,"243,163",0.0,6EQE,243:P,163:D
G;A,P;M,"243,65",0.0,6EQE,243:P,65:M
G;K,P;L,"243,252",0.0,6EQE,243:P,252:L
G;V,P;D,"243,57",0.0,6EQE,243:P,57:D
G;Q,P;V,"243,127",0.0,6EQE,243:P,127:V
G;V,P;C,"243,281",0.0,6EQE,243:P,281:C
G;T,P;V,"243,72",0.0,6EQE,243:P,72:V
G;Q,P;N,"243,133",0.0,6EQE,243:P,133:N
G;R,P;K,"243,53",0.0,6EQE,243:P,53:K
G;S,P;P,"243,125",0.0,6EQE,243:P,125:P
G;T,P;Q,"243,88",0.0,6EQE,243:P,88:Q
G;N,P;L,"243,138",0.0,6EQE,243:P,138:L
G;H,P;R,"243,104",0.0,6EQE,243:P,104:R
G;W,P;P,"243,159",0.0,6EQE,243:P,159:P
G;S,P;Y,"243,242",0.0,6EQE,243:P,242:Y
G;A,P;F,"243,65",0.0,6EQE,243:P,65:F
G;G,P;H,"243,251",0.0,6EQE,243:P,251:H
G;L,P;P,"243,216",0.0,6EQE,243:P,216:P
G;S,P;W,"243,58",0.0,6EQE,243:P,58:W
G;A,P;E,"243,152",0.0,6EQE,243:P,152:E
G;T,P;N,"243,88",0.0,6EQE,243:P,88:N
G;T,P;N,"243,198",0.0,6EQE,243:P,198:N
G;S,P;K,"243,58",0.0,6EQE,243:P,58:K
G;L,P;C,"243,249",0.0,6EQE,243:P,249:C
G;N,P;T,"243,190",0.0,6EQE,243:P,190:T
G;S,P;V,"243,223",0.0,6EQE,243:P,223:V
G;A,P;W,"243,65",0.0,6EQE,243:P,65:W
G;K,P;Y,"243,253",0.0,6EQE,243:P,253:Y
G;R,P;S,"243,90",0.0,6EQE,243:P,90:S
G;T,P;M,"243,29",0.0,6EQE,243:P,29:M
G;M,P;L,"243,262",0.0,6EQE,243:P,262:L
G;A,P;L,"243,272",0.0,6EQE,243:P,272:L
G;R,P;N,"243,90",0.0,6EQE,243:P,90:N
G;R,P;T,"243,90",0.0,6EQE,243:P,90:T
G;G,P;T,"243,254",0.0,6EQE,243:P,254:T
G;R,P;P,"243,90",0.0,6EQE,243:P,90:P
G;N,P;Y,"243,37",0.0,6EQE,243:P,37:Y
G;Q,P;I,"243,182",0.0,6EQE,243:P,182:I
G;R,P;A,"243,90",0.0,6EQE,243:P,90:A
G;K,P;F,"243,253",0.0,6EQE,243:P,253:F
G;Y,P;S,"243,63",0.0,6EQE,243:P,63:S
G;Q,P;M,"243,127",0.0,6EQE,243:P,127:M
G;Q,P;L,"243,182",0.0,6EQE,243:P,182:L
G;K,P;A,"243,253",0.0,6EQE,243:P,253:A
G;K,P;V,"243,253",0.0,6EQE,243:P,253:V
G;Q,P;F,"243,182",0.0,6EQE,243:P,182:F
G;R,P;D,"243,90",0.0,6EQE,243:P,90:D
G;Q,P;A,"243,127",0.0,6EQE,243:P,127:A
G;Y,P;T,"243,63",0.0,6EQE,243:P,63:T
G;Q,P;V,"243,182",0.0,6EQE,243:P,182:V
G;K,P;L,"243,253",0.0,6EQE,243:P,253:L
G;C,P;S,"243,289",0.0,6EQE,243:P,289:S
G;Y,P;G,"243,63",0.0,6EQE,243:P,63:G
G;M,P;V,"243,154",0.0,6EQE,243:P,154:V
G;Q,P;T,"243,127",0.0,6EQE,243:P,127:T
G;A,P;D,"243,226",0.0,6EQE,243:P,226:D
G;C,P;A,"243,289",0.0,6EQE,243:P,289:A
G;R,P;Q,"243,224",0.0,6EQE,243:P,224:Q
G;N,P;K,"243,233",0.0,6EQE,243:P,233:K
G;S,P;E,"243,136",0.0,6EQE,243:P,136:E
G;D,P;N,"243,186",0.0,6EQE,243:P,186:N
G;R,P;A,"243,280",0.0,6EQE,243:P,280:A
G;S,P;F,"243,238",0.0,6EQE,243:P,238:F
G;S,P;Q,"243,188",0.0,6EQE,243:P,188:Q
G;S,P;H,"243,214",0.0,6EQE,243:P,214:H
G;L,P;F,"243,117",0.0,6EQE,243:P,117:F
G;Q,P;Y,"243,119",0.0,6EQE,243:P,119:Y
G;G,P;A,"243,165",0.0,6EQE,243:P,165:A
G;S,P;E,"243,121",0.0,6EQE,243:P,121:E
G;I,P;R,"243,168",0.0,6EQE,243:P,168:R
G;N,P;H,"243,205",0.0,6EQE,243:P,205:H
G;S,P;Y,"243,269",0.0,6EQE,243:P,269:Y
G;S,P;T,"243,214",0.0,6EQE,243:P,214:T
G;I,P;R,"243,218",0.0,6EQE,243:P,218:R
G;P,P;K,"243,120",0.0,6EQE,243:P,120:K
G;M,P;H,"243,161",0.0,6EQE,243:P,161:H
G;I,P;H,"243,168",0.0,6EQE,243:P,168:H
G;N,P;K,"243,114",0.0,6EQE,243:P,114:K
G;P,P;V,"243,184",0.0,6EQE,243:P,184:V
G;W,P;P,"243,185",0.0,6EQE,243:P,185:P
G;S,P;H,"243,187",0.0,6EQE,243:P,187:H
G;S,P;P,"243,188",0.0,6EQE,243:P,188:P
G;T,P;Y,"243,189",0.0,6EQE,243:P,189:Y
G;F,P;M,"243,191",0.0,6EQE,243:P,191:M
S;L,E;Q,"115,216",0.0,6EQE,115:E,216:Q
S;N,E;P,"115,277",0.0,6EQE,115:E,277:P
S;R,E;Q,"115,132",0.0,6EQE,115:E,132:Q
S;N,E;Y,"115,244",0.0,6EQE,115:E,244:Y
S;H,E;T,"115,104",0.0,6EQE,115:E,104:T
S;S,E;V,"115,58",0.0,6EQE,115:E,58:V
S;H,E;L,"115,104",0.0,6EQE,115:E,104:L
S;P,E;Q,"115,38",0.0,6EQE,115:E,38:Q
S;R,E;L,"115,53",0.0,6EQE,115:E,53:L
S;A,E;T,"115,180",0.0,6EQE,115:E,180:T
S;P,E;D,"115,197",0.0,6EQE,115:E,197:D
S;T,E;V,"115,198",0.0,6EQE,115:E,198:V
S;A,E;M,"115,135",0.0,6EQE,115:E,135:M
S;I,E;L,"115,111",0.0,6EQE,115:E,111:L
S;G,E;S,"115,243",0.0,6EQE,115:E,243:S
S;Q,E;L,"115,127",0.0,6EQE,115:E,127:L
S;Q,E;H,"115,127",0.0,6EQE,115:E,127:H
S;W,E;I,"115,159",0.0,6EQE,115:E,159:I
S;Q,E;P,"115,127",0.0,6EQE,115:E,127:P
S;S,E;N,"115,103",0.0,6EQE,115:E,103:N
S;A,E;Y,"115,179",0.0,6EQE,115:E,179:Y
S;W,E;K,"115,257",0.0,6EQE,115:E,257:K
S;L,E;M,"115,216",0.0,6EQE,115:E,216:M
S;Q,E;E,"115,127",0.0,6EQE,115:E,127:E
S;G,E;A,"115,243",0.0,6EQE,115:E,243:A
S;A,E;N,"115,226",0.0,6EQE,115:E,226:N
S;L,E;I,"115,216",0.0,6EQE,115:E,216:I
S;C,E;L,"115,289",0.0,6EQE,115:E,289:L
S;S,E;E,"115,207",0.0,6EQE,115:E,207:E
S;M,E;L,"115,154",0.0,6EQE,115:E,154:L
S;M,E;P,"115,222",0.0,6EQE,115:E,222:P
S;G,E;T,"115,251",0.0,6EQE,115:E,251:T
S;P,E;L,"115,38",0.0,6EQE,115:E,38:L
S;L,E;W,"115,216",0.0,6EQE,115:E,216:W
S;T,E;L,"115,72",0.0,6EQE,115:E,72:L
S;S,E;P,"115,245",0.0,6EQE,115:E,245:P
S;I,E;W,"115,111",0.0,6EQE,115:E,111:W
S;L,E;D,"115,249",0.0,6EQE,115:E,249:D
S;E,E;K,"115,231",0.0,6EQE,115:E,231:K
S;D,E;K,"115,263",0.0,6EQE,115:E,263:K
S;T,E;M,"115,51",0.0,6EQE,115:E,51:M
S;L,E;E,"115,216",0.0,6EQE,115:E,216:E
S;S,E;T,"115,121",0.0,6EQE,115:E,121:T
S;I,E;H,"115,145",0.0,6EQE,115:E,145:H
S;I,E;L,"115,145",0.0,6EQE,115:E,145:L
S;H,E;M,"115,104",0.0,6EQE,115:E,104:M
S;R,E;P,"115,280",0.0,6EQE,115:E,280:P
S;L,E;F,"115,216",0.0,6EQE,115:E,216:F
S;S,E;D,"115,103",0.0,6EQE,115:E,103:D
S;I,E;V,"115,200",0.0,6EQE,115:E,200:V
S;T,E;K,"115,88",0.0,6EQE,115:E,88:K
S;N,E;K,"115,138",0.0,6EQE,115:E,138:K
S;A,E;L,"115,65",0.0,6EQE,115:E,65:L
S;Q,E;T,"115,91",0.0,6EQE,115:E,91:T
S;G,E;D,"115,163",0.0,6EQE,115:E,163:D
S;A,E;M,"115,65",0.0,6EQE,115:E,65:M
S;K,E;L,"115,252",0.0,6EQE,115:E,252:L
S;V,E;D,"115,57",0.0,6EQE,115:E,57:D
S;Q,E;V,"115,127",0.0,6EQE,115:E,127:V
S;V,E;C,"115,281",0.0,6EQE,115:E,281:C
S;T,E;V,"115,72",0.0,6EQE,115:E,72:V
S;Q,E;N,"115,133",0.0,6EQE,115:E,133:N
S;R,E;K,"115,53",0.0,6EQE,115:E,53:K
S;S,E;P,"115,125",0.0,6EQE,115:E,125:P
S;T,E;Q,"115,88",0.0,6EQE,115:E,88:Q
S;N,E;L,"115,138",0.0,6EQE,115:E,138:L
S;H,E;R,"115,104",0.0,6EQE,115:E,104:R
S;W,E;P,"115,159",0.0,6EQE,115:E,159:P
S;S,E;Y,"115,242",0.0,6EQE,115:E,242:Y
S;A,E;F,"115,65",0.0,6EQE,115:E,65:F
S;G,E;H,"115,251",0.0,6EQE,115:E,251:H
S;L,E;P,"115,216",0.0,6EQE,115:E,216:P
S;S,E;W,"115,58",0.0,6EQE,115:E,58:W
S;A,E;E,"115,152",0.0,6EQE,115:E,152:E
S;T,E;N,"115,88",0.0,6EQE,115:E,88:N
S;T,E;N,"115,198",0.0,6EQE,115:E,198:N
S;S,E;K,"115,58",0.0,6EQE,115:E,58:K
S;L,E;C,"115,249",0.0,6EQE,115:E,249:C
S;N,E;T,"115,190",0.0,6EQE,115:E,190:T
S;S,E;V,"115,223",0.0,6EQE,115:E,223:V
S;A,E;W,"115,65",0.0,6EQE,115:E,65:W
S;K,E;Y,"115,253",0.0,6EQE,115:E,253:Y
S;R,E;S,"115,90",0.0,6EQE,115:E,90:S
S;T,E;M,"115,29",0.0,6EQE,115:E,29:M
S;M,E;L,"115,262",0.0,6EQE,115:E,262:L
S;A,E;L,"115,272",0.0,6EQE,115:E,272:L
S;R,E;N,"115,90",0.0,6EQE,115:E,90:N
S;R,E;T,"115,90",0.0,6EQE,115:E,90:T
S;G,E;T,"115,254",0.0,6EQE,115:E,254:T
S;R,E;P,"115,90",0.0,6EQE,115:E,90:P
S;N,E;Y,"115,37",0.0,6EQE,115:E,37:Y
S;Q,E;I,"115,182",0.0,6EQE,115:E,182:I
S;R,E;A,"115,90",0.0,6EQE,115:E,90:A
S;K,E;F,"115,253",0.0,6EQE,115:E,253:F
S;Y,E;S,"115,63",0.0,6EQE,115:E,63:S
S;Q,E;M,"115,127",0.0,6EQE,115:E,127:M
S;Q,E;L,"115,182",0.0,6EQE,115:E,182:L
S;K,E;A,"115,253",0.0,6EQE,115:E,253:A
S;K,E;V,"115,253",0.0,6EQE,115:E,253:V
S;Q,E;F,"115,182",0.0,6EQE,115:E,182:F
S;R,E;D,"115,90",0.0,6EQE,115:E,90:D
S;Q,E;A,"115,127",0.0,6EQE,115:E,127:A
S;Y,E;T,"115,63",0.0,6EQE,115:E,63:T
S;Q,E;V,"115,182",0.0,6EQE,115:E,182:V
S;K,E;L,"115,253",0.0,6EQE,115:E,253:L
S;C,E;S,"115,289",0.0,6EQE,115:E,289:S
S;Y,E;G,"115,63",0.0,6EQE,115:E,63:G
S;M,E;V,"115,154",0.0,6EQE,115:E,154:V
S;Q,E;T,"115,127",0.0,6EQE,115:E,127:T
S;A,E;D,"115,226",0.0,6EQE,115:E,226:D
S;C,E;A,"115,289",0.0,6EQE,115:E,289:A
S;R,E;Q,"115,224",0.0,6EQE,115:E,224:Q
S;N,E;K,"115,233",0.0,6EQE,115:E,233:K
S;S,E;E,"115,136",0.0,6EQE,115:E,136:E
S;D,E;N,"115,186",0.0,6EQE,115:E,186:N
S;R,E;A,"115,280",0.0,6EQE,115:E,280:A
S;S,E;F,"115,238",0.0,6EQE,115:E,238:F
S;S,E;Q,"115,188",0.0,6EQE,115:E,188:Q
S;S,E;H,"115,214",0.0,6EQE,115:E,214:H
S;L,E;F,"115,117",0.0,6EQE,115:E,117:F
S;Q,E;Y,"115,119",0.0,6EQE,115:E,119:Y
S;G,E;A,"115,165",0.0,6EQE,115:E,165:A
S;S,E;E,"115,121",0.0,6EQE,115:E,121:E
S;I,E;R,"115,168",0.0,6EQE,115:E,168:R
S;N,E;H,"115,205",0.0,6EQE,115:E,205:H
S;S,E;Y,"115,269",0.0,6EQE,115:E,269:Y
S;S,E;T,"115,214",0.0,6EQE,115:E,214:T
S;I,E;R,"115,218",0.0,6EQE,115:E,218:R
S;P,E;K,"115,120",0.0,6EQE,115:E,120:K
S;M,E;H,"115,161",0.0,6EQE,115:E,161:H
S;I,E;H,"115,168",0.0,6EQE,115:E,168:H
S;N,E;K,"115,114",0.0,6EQE,115:E,114:K
S;P,E;V,"115,184",0.0,6EQE,115:E,184:V
S;W,E;P,"115,185",0.0,6EQE,115:E,185:P
S;S,E;H,"115,187",0.0,6EQE,115:E,187:H
S;S,E;P,"115,188",0.0,6EQE,115:E,188:P
S;T,E;Y,"115,189",0.0,6EQE,115:E,189:Y
S;F,E;M,"115,191",0.0,6EQE,115:E,191:M
L;N,Q;P,"216,277",0.0,6EQE,216:Q,277:P
L;R,Q;Q,"216,132",0.0,6EQE,216:Q,132:Q
L;N,Q;Y,"216,244",0.0,6EQE,216:Q,244:Y
L;H,Q;T,"216,104",0.0,6EQE,216:Q,104:T
L;S,Q;V,"216,58",0.0,6EQE,216:Q,58:V
L;H,Q;L,"216,104",0.0,6EQE,216:Q,104:L
L;P,Q;Q,"216,38",0.0,6EQE,216:Q,38:Q
L;R,Q;L,"216,53",0.0,6EQE,216:Q,53:L
L;A,Q;T,"216,180",0.0,6EQE,216:Q,180:T
L;P,Q;D,"216,197",0.0,6EQE,216:Q,197:D
L;T,Q;V,"216,198",0.0,6EQE,216:Q,198:V
L;A,Q;M,"216,135",0.0,6EQE,216:Q,135:M
L;I,Q;L,"216,111",0.0,6EQE,216:Q,111:L
L;G,Q;S,"216,243",0.0,6EQE,216:Q,243:S
L;Q,Q;L,"216,127",0.0,6EQE,216:Q,127:L
L;Q,Q;H,"216,127",0.0,6EQE,216:Q,127:H
L;W,Q;I,"216,159",0.0,6EQE,216:Q,159:I
L;Q,Q;P,"216,127",0.0,6EQE,216:Q,127:P
L;S,Q;N,"216,103",0.0,6EQE,216:Q,103:N
L;A,Q;Y,"216,179",0.0,6EQE,216:Q,179:Y
L;W,Q;K,"216,257",0.0,6EQE,216:Q,257:K
L;Q,Q;E,"216,127",0.0,6EQE,216:Q,127:E
L;G,Q;A,"216,243",0.0,6EQE,216:Q,243:A
L;A,Q;N,"216,226",0.0,6EQE,216:Q,226:N
L;C,Q;L,"216,289",0.0,6EQE,216:Q,289:L
L;S,Q;E,"216,207",0.0,6EQE,216:Q,207:E
L;M,Q;L,"216,154",0.0,6EQE,216:Q,154:L
L;M,Q;P,"216,222",0.0,6EQE,216:Q,222:P
L;G,Q;T,"216,251",0.0,6EQE,216:Q,251:T
L;P,Q;L,"216,38",0.0,6EQE,216:Q,38:L
L;T,Q;L,"216,72",0.0,6EQE,216:Q,72:L
L;S,Q;P,"216,245",0.0,6EQE,216:Q,245:P
L;I,Q;W,"216,111",0.0,6EQE,216:Q,111:W
L;L,Q;D,"216,249",0.0,6EQE,216:Q,249:D
L;E,Q;K,"216,231",0.0,6EQE,216:Q,231:K
L;D,Q;K,"216,263",0.0,6EQE,216:Q,263:K
L;T,Q;M,"216,51",0.0,6EQE,216:Q,51:M
L;S,Q;T,"216,121",0.0,6EQE,216:Q,121:T
L;I,Q;H,"216,145",0.0,6EQE,216:Q,145:H
L;I,Q;L,"216,145",0.0,6EQE,216:Q,145:L
L;H,Q;M,"216,104",0.0,6EQE,216:Q,104:M
L;R,Q;P,"216,280",0.0,6EQE,216:Q,280:P
L;S,Q;D,"216,103",0.0,6EQE,216:Q,103:D
L;I,Q;V,"216,200",0.0,6EQE,216:Q,200:V
L;T,Q;K,"216,88",0.0,6EQE,216:Q,88:K
L;N,Q;K,"216,138",0.0,6EQE,216:Q,138:K
L;A,Q;L,"216,65",0.0,6EQE,216:Q,65:L
L;Q,Q;T,"216,91",0.0,6EQE,216:Q,91:T
L;G,Q;D,"216,163",0.0,6EQE,216:Q,163:D
L;A,Q;M,"216,65",0.0,6EQE,216:Q,65:M
L;K,Q;L,"216,252",0.0,6EQE,216:Q,252:L
L;V,Q;D,"216,57",0.0,6EQE,216:Q,57:D
L;Q,Q;V,"216,127",0.0,6EQE,216:Q,127:V
L;V,Q;C,"216,281",0.0,6EQE,216:Q,281:C
L;T,Q;V,"216,72",0.0,6EQE,216:Q,72:V
L;Q,Q;N,"216,133",0.0,6EQE,216:Q,133:N
L;R,Q;K,"216,53",0.0,6EQE,216:Q,53:K
L;S,Q;P,"216,125",0.0,6EQE,216:Q,125:P
L;T,Q;Q,"216,88",0.0,6EQE,216:Q,88:Q
L;N,Q;L,"216,138",0.0,6EQE,216:Q,138:L
L;H,Q;R,"216,104",0.0,6EQE,216:Q,104:R
L;W,Q;P,"216,159",0.0,6EQE,216:Q,159:P
L;S,Q;Y,"216,242",0.0,6EQE,216:Q,242:Y
L;A,Q;F,"216,65",0.0,6EQE,216:Q,65:F
L;G,Q;H,"216,251",0.0,6EQE,216:Q,251:H
L;S,Q;W,"216,58",0.0,6EQE,216:Q,58:W
L;A,Q;E,"216,152",0.0,6EQE,216:Q,152:E
L;T,Q;N,"216,88",0.0,6EQE,216:Q,88:N
L;T,Q;N,"216,198",0.0,6EQE,216:Q,198:N
L;S,Q;K,"216,58",0.0,6EQE,216:Q,58:K
L;L,Q;C,"216,249",0.0,6EQE,216:Q,249:C
L;N,Q;T,"216,190",0.0,6EQE,216:Q,190:T
L;S,Q;V,"216,223",0.0,6EQE,216:Q,223:V
L;A,Q;W,"216,65",0.0,6EQE,216:Q,65:W
L;K,Q;Y,"216,253",0.0,6EQE,216:Q,253:Y
L;R,Q;S,"216,90",0.0,6EQE,216:Q,90:S
L;T,Q;M,"216,29",0.0,6EQE,216:Q,29:M
L;M,Q;L,"216,262",0.0,6EQE,216:Q,262:L
L;A,Q;L,"216,272",0.0,6EQE,216:Q,272:L
L;R,Q;N,"216,90",0.0,6EQE,216:Q,90:N
L;R,Q;T,"216,90",0.0,6EQE,216:Q,90:T
L;G,Q;T,"216,254",0.0,6EQE,216:Q,254:T
L;R,Q;P,"216,90",0.0,6EQE,216:Q,90:P
L;N,Q;Y,"216,37",0.0,6EQE,216:Q,37:Y
L;Q,Q;I,"216,182",0.0,6EQE,216:Q,182:I
L;R,Q;A,"216,90",0.0,6EQE,216:Q,90:A
L;K,Q;F,"216,253",0.0,6EQE,216:Q,253:F
L;Y,Q;S,"216,63",0.0,6EQE,216:Q,63:S
L;Q,Q;M,"216,127",0.0,6EQE,216:Q,127:M
L;Q,Q;L,"216,182",0.0,6EQE,216:Q,182:L
L;K,Q;A,"216,253",0.0,6EQE,216:Q,253:A
L;K,Q;V,"216,253",0.0,6EQE,216:Q,253:V
L;Q,Q;F,"216,182",0.0,6EQE,216:Q,182:F
L;R,Q;D,"216,90",0.0,6EQE,216:Q,90:D
L;Q,Q;A,"216,127",0.0,6EQE,216:Q,127:A
L;Y,Q;T,"216,63",0.0,6EQE,216:Q,63:T
L;Q,Q;V,"216,182",0.0,6EQE,216:Q,182:V
L;K,Q;L,"216,253",0.0,6EQE,216:Q,253:L
L;C,Q;S,"216,289",0.0,6EQE,216:Q,289:S
L;Y,Q;G,"216,63",0.0,6EQE,216:Q,63:G
L;M,Q;V,"216,154",0.0,6EQE,216:Q,154:V
L;Q,Q;T,"216,127",0.0,6EQE,216:Q,127:T
L;A,Q;D,"216,226",0.0,6EQE,216:Q,226:D
L;C,Q;A,"216,289",0.0,6EQE,216:Q,289:A
L;R,Q;Q,"216,224",0.0,6EQE,216:Q,224:Q
L;N,Q;K,"216,233",0.0,6EQE,216:Q,233:K
L;S,Q;E,"216,136",0.0,6EQE,216:Q,136:E
L;D,Q;N,"216,186",0.0,6EQE,216:Q,186:N
L;R,Q;A,"216,280",0.0,6EQE,216:Q,280:A
L;S,Q;F,"216,238",0.0,6EQE,216:Q,238:F
L;S,Q;Q,"216,188",0.0,6EQE,216:Q,188:Q
L;S,Q;H,"216,214",0.0,6EQE,216:Q,214:H
L;L,Q;F,"216,117",0.0,6EQE,216:Q,117:F
L;Q,Q;Y,"216,119",0.0,6EQE,216:Q,119:Y
L;G,Q;A,"216,165",0.0,6EQE,216:Q,165:A
L;S,Q;E,"216,121",0.0,6EQE,216:Q,121:E
L;I,Q;R,"216,168",0.0,6EQE,216:Q,168:R
L;N,Q;H,"216,205",0.0,6EQE,216:Q,205:H
L;S,Q;Y,"216,269",0.0,6EQE,216:Q,269:Y
L;S,Q;T,"216,214",0.0,6EQE,216:Q,214:T
L;I,Q;R,"216,218",0.0,6EQE,216:Q,218:R
L;P,Q;K,"216,120",0.0,6EQE,216:Q,120:K
L;M,Q;H,"216,161",0.0,6EQE,216:Q,161:H
L;I,Q;H,"216,168",0.0,6EQE,216:Q,168:H
L;N,Q;K,"216,114",0.0,6EQE,216:Q,114:K
L;P,Q;V,"216,184",0.0,6EQE,216:Q,184:V
L;W,Q;P,"216,185",0.0,6EQE,216:Q,185:P
L;S,Q;H,"216,187",0.0,6EQE,216:Q,187:H
L;S,Q;P,"216,188",0.0,6EQE,216:Q,188:P
L;T,Q;Y,"216,189",0.0,6EQE,216:Q,189:Y
L;F,Q;M,"216,191",0.0,6EQE,216:Q,191:M
N;R,P;Q,"277,132",0.0,6EQE,277:P,132:Q
N;N,P;Y,"277,244",0.0,6EQE,277:P,244:Y
N;H,P;T,"277,104",0.0,6EQE,277:P,104:T
N;S,P;V,"277,58",0.0,6EQE,277:P,58:V
N;H,P;L,"277,104",0.0,6EQE,277:P,104:L
N;P,P;Q,"277,38",0.0,6EQE,277:P,38:Q
N;R,P;L,"277,53",0.0,6EQE,277:P,53:L
N;A,P;T,"277,180",0.0,6EQE,277:P,180:T
N;P,P;D,"277,197",0.0,6EQE,277:P,197:D
N;T,P;V,"277,198",0.0,6EQE,277:P,198:V
N;A,P;M,"277,135",0.0,6EQE,277:P,135:M
N;I,P;L,"277,111",0.0,6EQE,277:P,111:L
N;G,P;S,"277,243",0.0,6EQE,277:P,243:S
N;Q,P;L,"277,127",0.0,6EQE,277:P,127:L
N;Q,P;H,"277,127",0.0,6EQE,277:P,127:H
N;W,P;I,"277,159",0.0,6EQE,277:P,159:I
N;Q,P;P,"277,127",0.0,6EQE,277:P,127:P
N;S,P;N,"277,103",0.0,6EQE,277:P,103:N
N;A,P;Y,"277,179",0.0,6EQE,277:P,179:Y
N;W,P;K,"277,257",0.0,6EQE,277:P,257:K
N;L,P;M,"277,216",0.0,6EQE,277:P,216:M
N;Q,P;E,"277,127",0.0,6EQE,277:P,127:E
N;G,P;A,"277,243",0.0,6EQE,277:P,243:A
N;A,P;N,"277,226",0.0,6EQE,277:P,226:N
N;L,P;I,"277,216",0.0,6EQE,277:P,216:I
N;C,P;L,"277,289",0.0,6EQE,277:P,289:L
N;S,P;E,"277,207",0.0,6EQE,277:P,207:E
N;M,P;L,"277,154",0.0,6EQE,277:P,154:L
N;M,P;P,"277,222",0.0,6EQE,277:P,222:P
N;G,P;T,"277,251",0.0,6EQE,277:P,251:T
N;P,P;L,"277,38",0.0,6EQE,277:P,38:L
N;L,P;W,"277,216",0.0,6EQE,277:P,216:W
N;T,P;L,"277,72",0.0,6EQE,277:P,72:L
N;S,P;P,"277,245",0.0,6EQE,277:P,245:P
N;I,P;W,"277,111",0.0,6EQE,277:P,111:W
N;L,P;D,"277,249",0.0,6EQE,277:P,249:D
N;E,P;K,"277,231",0.0,6EQE,277:P,231:K
N;D,P;K,"277,263",0.0,6EQE,277:P,263:K
N;T,P;M,"277,51",0.0,6EQE,277:P,51:M
N;L,P;E,"277,216",0.0,6EQE,277:P,216:E
N;S,P;T,"277,121",0.0,6EQE,277:P,121:T
N;I,P;H,"277,145",0.0,6EQE,277:P,145:H
N;I,P;L,"277,145",0.0,6EQE,277:P,145:L
N;H,P;M,"277,104",0.0,6EQE,277:P,104:M
N;R,P;P,"277,280",0.0,6EQE,277:P,280:P
N;L,P;F,"277,216",0.0,6EQE,277:P,216:F
N;S,P;D,"277,103",0.0,6EQE,277:P,103:D
N;I,P;V,"277,200",0.0,6EQE,277:P,200:V
N;T,P;K,"277,88",0.0,6EQE,277:P,88:K
N;N,P;K,"277,138",0.0,6EQE,277:P,138:K
N;A,P;L,"277,65",0.0,6EQE,277:P,65:L
N;Q,P;T,"277,91",0.0,6EQE,277:P,91:T
N;G,P;D,"277,163",0.0,6EQE,277:P,163:D
N;A,P;M,"277,65",0.0,6EQE,277:P,65:M
N;K,P;L,"277,252",0.0,6EQE,277:P,252:L
N;V,P;D,"277,57",0.0,6EQE,277:P,57:D
N;Q,P;V,"277,127",0.0,6EQE,277:P,127:V
N;V,P;C,"277,281",0.0,6EQE,277:P,281:C
N;T,P;V,"277,72",0.0,6EQE,277:P,72:V
N;Q,P;N,"277,133",0.0,6EQE,277:P,133:N
N;R,P;K,"277,53",0.0,6EQE,277:P,53:K
N;S,P;P,"277,125",0.0,6EQE,277:P,125:P
N;T,P;Q,"277,88",0.0,6EQE,277:P,88:Q
N;N,P;L,"277,138",0.0,6EQE,277:P,138:L
N;H,P;R,"277,104",0.0,6EQE,277:P,104:R
N;W,P;P,"277,159",0.0,6EQE,277:P,159:P
N;S,P;Y,"277,242",0.0,6EQE,277:P,242:Y
N;A,P;F,"277,65",0.0,6EQE,277:P,65:F
N;G,P;H,"277,251",0.0,6EQE,277:P,251:H
N;L,P;P,"277,216",0.0,6EQE,277:P,216:P
N;S,P;W,"277,58",0.0,6EQE,277:P,58:W
N;A,P;E,"277,152",0.0,6EQE,277:P,152:E
N;T,P;N,"277,88",0.0,6EQE,277:P,88:N
N;T,P;N,"277,198",0.0,6EQE,277:P,198:N
N;S,P;K,"277,58",0.0,6EQE,277:P,58:K
N;L,P;C,"277,249",0.0,6EQE,277:P,249:C
N;N,P;T,"277,190",0.0,6EQE,277:P,190:T
N;S,P;V,"277,223",0.0,6EQE,277:P,223:V
N;A,P;W,"277,65",0.0,6EQE,277:P,65:W
N;K,P;Y,"277,253",0.0,6EQE,277:P,253:Y
N;R,P;S,"277,90",0.0,6EQE,277:P,90:S
N;T,P;M,"277,29",0.0,6EQE,277:P,29:M
N;M,P;L,"277,262",0.0,6EQE,277:P,262:L
N;A,P;L,"277,272",0.0,6EQE,277:P,272:L
N;R,P;N,"277,90",0.0,6EQE,277:P,90:N
N;R,P;T,"277,90",0.0,6EQE,277:P,90:T
N;G,P;T,"277,254",0.0,6EQE,277:P,254:T
N;R,P;P,"277,90",0.0,6EQE,277:P,90:P
N;N,P;Y,"277,37",0.0,6EQE,277:P,37:Y
N;Q,P;I,"277,182",0.0,6EQE,277:P,182:I
N;R,P;A,"277,90",0.0,6EQE,277:P,90:A
N;K,P;F,"277,253",0.0,6EQE,277:P,253:F
N;Y,P;S,"277,63",0.0,6EQE,277:P,63:S
N;Q,P;M,"277,127",0.0,6EQE,277:P,127:M
N;Q,P;L,"277,182",0.0,6EQE,277:P,182:L
N;K,P;A,"277,253",0.0,6EQE,277:P,253:A
N;K,P;V,"277,253",0.0,6EQE,277:P,253:V
N;Q,P;F,"277,182",0.0,6EQE,277:P,182:F
N;R,P;D,"277,90",0.0,6EQE,277:P,90:D
N;Q,P;A,"277,127",0.0,6EQE,277:P,127:A
N;Y,P;T,"277,63",0.0,6EQE,277:P,63:T
N;Q,P;V,"277,182",0.0,6EQE,277:P,182:V
N;K,P;L,"277,253",0.0,6EQE,277:P,253:L
N;C,P;S,"277,289",0.0,6EQE,277:P,289:S
N;Y,P;G,"277,63",0.0,6EQE,277:P,63:G
N;M,P;V,"277,154",0.0,6EQE,277:P,154:V
N;Q,P;T,"277,127",0.0,6EQE,277:P,127:T
N;A,P;D,"277,226",0.0,6EQE,277:P,226:D
N;C,P;A,"277,289",0.0,6EQE,277:P,289:A
N;R,P;Q,"277,224",0.0,6EQE,277:P,224:Q
N;N,P;K,"277,233",0.0,6EQE,277:P,233:K
N;S,P;E,"277,136",0.0,6EQE,277:P,136:E
N;D,P;N,"277,186",0.0,6EQE,277:P,186:N
N;R,P;A,"277,280",0.0,6EQE,277:P,280:A
N;S,P;F,"277,238",0.0,6EQE,277:P,238:F
N;S,P;Q,"277,188",0.0,6EQE,277:P,188:Q
N;S,P;H,"277,214",0.0,6EQE,277:P,214:H
N;L,P;F,"277,117",0.0,6EQE,277:P,117:F
N;Q,P;Y,"277,119",0.0,6EQE,277:P,119:Y
N;G,P;A,"277,165",0.0,6EQE,277:P,165:A
N;S,P;E,"277,121",0.0,6EQE,277:P,121:E
N;I,P;R,"277,168",0.0,6EQE,277:P,168:R
N;N,P;H,"277,205",0.0,6EQE,277:P,205:H
N;S,P;Y,"277,269",0.0,6EQE,277:P,269:Y
N;S,P;T,"277,214",0.0,6EQE,277:P,214:T
N;I,P;R,"277,218",0.0,6EQE,277:P,218:R
N;P,P;K,"277,120",0.0,6EQE,277:P,120:K
N;M,P;H,"277,161",0.0,6EQE,277:P,161:H
N;I,P;H,"277,168",0.0,6EQE,277:P,168:H
N;N,P;K,"277,114",0.0,6EQE,277:P,114:K
N;P,P;V,"277,184",0.0,6EQE,277:P,184:V
N;W,P;P,"277,185",0.0,6EQE,277:P,185:P
N;S,P;H,"277,187",0.0,6EQE,277:P,187:H
N;S,P;P,"277,188",0.0,6EQE,277:P,188:P
N;T,P;Y,"277,189",0.0,6EQE,277:P,189:Y
N;F,P;M,"277,191",0.0,6EQE,277:P,191:M
R;N,Q;Y,"132,244",0.0,6EQE,132:Q,244:Y
R;H,Q;T,"132,104",0.0,6EQE,132:Q,104:T
R;S,Q;V,"132,58",0.0,6EQE,132:Q,58:V
R;H,Q;L,"132,104",0.0,6EQE,132:Q,104:L
R;P,Q;Q,"132,38",0.0,6EQE,132:Q,38:Q
R;R,Q;L,"132,53",0.0,6EQE,132:Q,53:L
R;A,Q;T,"132,180",0.0,6EQE,132:Q,180:T
R;P,Q;D,"132,197",0.0,6EQE,132:Q,197:D
R;T,Q;V,"132,198",0.0,6EQE,132:Q,198:V
R;A,Q;M,"132,135",0.0,6EQE,132:Q,135:M
R;I,Q;L,"132,111",0.0,6EQE,132:Q,111:L
R;G,Q;S,"132,243",0.0,6EQE,132:Q,243:S
R;Q,Q;L,"132,127",0.0,6EQE,132:Q,127:L
R;Q,Q;H,"132,127",0.0,6EQE,132:Q,127:H
R;W,Q;I,"132,159",0.0,6EQE,132:Q,159:I
R;Q,Q;P,"132,127",0.0,6EQE,132:Q,127:P
R;S,Q;N,"132,103",0.0,6EQE,132:Q,103:N
R;A,Q;Y,"132,179",0.0,6EQE,132:Q,179:Y
R;W,Q;K,"132,257",0.0,6EQE,132:Q,257:K
R;L,Q;M,"132,216",0.0,6EQE,132:Q,216:M
R;Q,Q;E,"132,127",0.0,6EQE,132:Q,127:E
R;G,Q;A,"132,243",0.0,6EQE,132:Q,243:A
R;A,Q;N,"132,226",0.0,6EQE,132:Q,226:N
R;L,Q;I,"132,216",0.0,6EQE,132:Q,216:I
R;C,Q;L,"132,289",0.0,6EQE,132:Q,289:L
R;S,Q;E,"132,207",0.0,6EQE,132:Q,207:E
R;M,Q;L,"132,154",0.0,6EQE,132:Q,154:L
R;M,Q;P,"132,222",0.0,6EQE,132:Q,222:P
R;G,Q;T,"132,251",0.0,6EQE,132:Q,251:T
R;P,Q;L,"132,38",0.0,6EQE,132:Q,38:L
R;L,Q;W,"132,216",0.0,6EQE,132:Q,216:W
R;T,Q;L,"132,72",0.0,6EQE,132:Q,72:L
R;S,Q;P,"132,245",0.0,6EQE,132:Q,245:P
R;I,Q;W,"132,111",0.0,6EQE,132:Q,111:W
R;L,Q;D,"132,249",0.0,6EQE,132:Q,249:D
R;E,Q;K,"132,231",0.0,6EQE,132:Q,231:K
R;D,Q;K,"132,263",0.0,6EQE,132:Q,263:K
R;T,Q;M,"132,51",0.0,6EQE,132:Q,51:M
R;L,Q;E,"132,216",0.0,6EQE,132:Q,216:E
R;S,Q;T,"132,121",0.0,6EQE,132:Q,121:T
R;I,Q;H,"132,145",0.0,6EQE,132:Q,145:H
R;I,Q;L,"132,145",0.0,6EQE,132:Q,145:L
R;H,Q;M,"132,104",0.0,6EQE,132:Q,104:M
R;R,Q;P,"132,280",0.0,6EQE,132:Q,280:P
R;L,Q;F,"132,216",0.0,6EQE,132:Q,216:F
R;S,Q;D,"132,103",0.0,6EQE,132:Q,103:D
R;I,Q;V,"132,200",0.0,6EQE,132:Q,200:V
R;T,Q;K,"132,88",0.0,6EQE,132:Q,88:K
R;N,Q;K,"132,138",0.0,6EQE,132:Q,138:K
R;A,Q;L,"132,65",0.0,6EQE,132:Q,65:L
R;Q,Q;T,"132,91",0.0,6EQE,132:Q,91:T
R;G,Q;D,"132,163",0.0,6EQE,132:Q,163:D
R;A,Q;M,"132,65",0.0,6EQE,132:Q,65:M
R;K,Q;L,"132,252",0.0,6EQE,132:Q,252:L
R;V,Q;D,"132,57",0.0,6EQE,132:Q,57:D
R;Q,Q;V,"132,127",0.0,6EQE,132:Q,127:V
R;V,Q;C,"132,281",0.0,6EQE,132:Q,281:C
R;T,Q;V,"132,72",0.0,6EQE,132:Q,72:V
R;Q,Q;N,"132,133",0.0,6EQE,132:Q,133:N
R;R,Q;K,"132,53",0.0,6EQE,132:Q,53:K
R;S,Q;P,"132,125",0.0,6EQE,132:Q,125:P
R;T,Q;Q,"132,88",0.0,6EQE,132:Q,88:Q
R;N,Q;L,"132,138",0.0,6EQE,132:Q,138:L
R;H,Q;R,"132,104",0.0,6EQE,132:Q,104:R
R;W,Q;P,"132,159",0.0,6EQE,132:Q,159:P
R;S,Q;Y,"132,242",0.0,6EQE,132:Q,242:Y
R;A,Q;F,"132,65",0.0,6EQE,132:Q,65:F
R;G,Q;H,"132,251",0.0,6EQE,132:Q,251:H
R;L,Q;P,"132,216",0.0,6EQE,132:Q,216:P
R;S,Q;W,"132,58",0.0,6EQE,132:Q,58:W
R;A,Q;E,"132,152",0.0,6EQE,132:Q,152:E
R;T,Q;N,"132,88",0.0,6EQE,132:Q,88:N
R;T,Q;N,"132,198",0.0,6EQE,132:Q,198:N
R;S,Q;K,"132,58",0.0,6EQE,132:Q,58:K
R;L,Q;C,"132,249",0.0,6EQE,132:Q,249:C
R;N,Q;T,"132,190",0.0,6EQE,132:Q,190:T
R;S,Q;V,"132,223",0.0,6EQE,132:Q,223:V
R;A,Q;W,"132,65",0.0,6EQE,132:Q,65:W
R;K,Q;Y,"132,253",0.0,6EQE,132:Q,253:Y
R;R,Q;S,"132,90",0.0,6EQE,132:Q,90:S
R;T,Q;M,"132,29",0.0,6EQE,132:Q,29:M
R;M,Q;L,"132,262",0.0,6EQE,132:Q,262:L
R;A,Q;L,"132,272",0.0,6EQE,132:Q,272:L
R;R,Q;N,"132,90",0.0,6EQE,132:Q,90:N
R;R,Q;T,"132,90",0.0,6EQE,132:Q,90:T
R;G,Q;T,"132,254",0.0,6EQE,132:Q,254:T
R;R,Q;P,"132,90",0.0,6EQE,132:Q,90:P
R;N,Q;Y,"132,37",0.0,6EQE,132:Q,37:Y
R;Q,Q;I,"132,182",0.0,6EQE,132:Q,182:I
R;R,Q;A,"132,90",0.0,6EQE,132:Q,90:A
R;K,Q;F,"132,253",0.0,6EQE,132:Q,253:F
R;Y,Q;S,"132,63",0.0,6EQE,132:Q,63:S
R;Q,Q;M,"132,127",0.0,6EQE,132:Q,127:M
R;Q,Q;L,"132,182",0.0,6EQE,132:Q,182:L
R;K,Q;A,"132,253",0.0,6EQE,132:Q,253:A
R;K,Q;V,"132,253",0.0,6EQE,132:Q,253:V
R;Q,Q;F,"132,182",0.0,6EQE,132:Q,182:F
R;R,Q;D,"132,90",0.0,6EQE,132:Q,90:D
R;Q,Q;A,"132,127",0.0,6EQE,132:Q,127:A
R;Y,Q;T,"132,63",0.0,6EQE,132:Q,63:T
R;Q,Q;V,"132,182",0.0,6EQE,132:Q,182:V
R;K,Q;L,"132,253",0.0,6EQE,132:Q,253:L
R;C,Q;S,"132,289",0.0,6EQE,132:Q,289:S
R;Y,Q;G,"132,63",0.0,6EQE,132:Q,63:G
R;M,Q;V,"132,154",0.0,6EQE,132:Q,154:V
R;Q,Q;T,"132,127",0.0,6EQE,132:Q,127:T
R;A,Q;D,"132,226",0.0,6EQE,132:Q,226:D
R;C,Q;A,"132,289",0.0,6EQE,132:Q,289:A
R;R,Q;Q,"132,224",0.0,6EQE,132:Q,224:Q
R;N,Q;K,"132,233",0.0,6EQE,132:Q,233:K
R;S,Q;E,"132,136",0.0,6EQE,132:Q,136:E
R;D,Q;N,"132,186",0.0,6EQE,132:Q,186:N
R;R,Q;A,"132,280",0.0,6EQE,132:Q,280:A
R;S,Q;F,"132,238",0.0,6EQE,132:Q,238:F
R;S,Q;Q,"132,188",0.0,6EQE,132:Q,188:Q
R;S,Q;H,"132,214",0.0,6EQE,132:Q,214:H
R;L,Q;F,"132,117",0.0,6EQE,132:Q,117:F
R;Q,Q;Y,"132,119",0.0,6EQE,132:Q,119:Y
R;G,Q;A,"132,165",0.0,6EQE,132:Q,165:A
R;S,Q;E,"132,121",0.0,6EQE,132:Q,121:E
R;I,Q;R,"132,168",0.0,6EQE,132:Q,168:R
R;N,Q;H,"132,205",0.0,6EQE,132:Q,205:H
R;S,Q;Y,"132,269",0.0,6EQE,132:Q,269:Y
R;S,Q;T,"132,214",0.0,6EQE,132:Q,214:T
R;I,Q;R,"132,218",0.0,6EQE,132:Q,218:R
R;P,Q;K,"132,120",0.0,6EQE,132:Q,120:K
R;M,Q;H,"132,161",0.0,6EQE,132:Q,161:H
R;I,Q;H,"132,168",0.0,6EQE,132:Q,168:H
R;N,Q;K,"132,114",0.0,6EQE,132:Q,114:K
R;P,Q;V,"132,184",0.0,6EQE,132:Q,184:V
R;W,Q;P,"132,185",0.0,6EQE,132:Q,185:P
R;S,Q;H,"132,187",0.0,6EQE,132:Q,187:H
R;S,Q;P,"132,188",0.0,6EQE,132:Q,188:P
R;T,Q;Y,"132,189",0.0,6EQE,132:Q,189:Y
R;F,Q;M,"132,191",0.0,6EQE,132:Q,191:M
N;H,Y;T,"244,104",0.0,6EQE,244:Y,104:T
N;S,Y;V,"244,58",0.0,6EQE,244:Y,58:V
N;H,Y;L,"244,104",0.0,6EQE,244:Y,104:L
N;P,Y;Q,"244,38",0.0,6EQE,244:Y,38:Q
N;R,Y;L,"244,53",0.0,6EQE,244:Y,53:L
N;A,Y;T,"244,180",0.0,6EQE,244:Y,180:T
N;P,Y;D,"244,197",0.0,6EQE,244:Y,197:D
N;T,Y;V,"244,198",0.0,6EQE,244:Y,198:V
N;A,Y;M,"244,135",0.0,6EQE,244:Y,135:M
N;I,Y;L,"244,111",0.0,6EQE,244:Y,111:L
N;G,Y;S,"244,243",0.0,6EQE,244:Y,243:S
N;Q,Y;L,"244,127",0.0,6EQE,244:Y,127:L
N;Q,Y;H,"244,127",0.0,6EQE,244:Y,127:H
N;W,Y;I,"244,159",0.0,6EQE,244:Y,159:I
N;Q,Y;P,"244,127",0.0,6EQE,244:Y,127:P
N;S,Y;N,"244,103",0.0,6EQE,244:Y,103:N
N;A,Y;Y,"244,179",0.0,6EQE,244:Y,179:Y
N;W,Y;K,"244,257",0.0,6EQE,244:Y,257:K
N;L,Y;M,"244,216",0.0,6EQE,244:Y,216:M
N;Q,Y;E,"244,127",0.0,6EQE,244:Y,127:E
N;G,Y;A,"244,243",0.0,6EQE,244:Y,243:A
N;A,Y;N,"244,226",0.0,6EQE,244:Y,226:N
N;L,Y;I,"244,216",0.0,6EQE,244:Y,216:I
N;C,Y;L,"244,289",0.0,6EQE,244:Y,289:L
N;S,Y;E,"244,207",0.0,6EQE,244:Y,207:E
N;M,Y;L,"244,154",0.0,6EQE,244:Y,154:L
N;M,Y;P,"244,222",0.0,6EQE,244:Y,222:P
N;G,Y;T,"244,251",0.0,6EQE,244:Y,251:T
N;P,Y;L,"244,38",0.0,6EQE,244:Y,38:L
N;L,Y;W,"244,216",0.0,6EQE,244:Y,216:W
N;T,Y;L,"244,72",0.0,6EQE,244:Y,72:L
N;S,Y;P,"244,245",0.0,6EQE,244:Y,245:P
N;I,Y;W,"244,111",0.0,6EQE,244:Y,111:W
N;L,Y;D,"244,249",0.0,6EQE,244:Y,249:D
N;E,Y;K,"244,231",0.0,6EQE,244:Y,231:K
N;D,Y;K,"244,263",0.0,6EQE,244:Y,263:K
N;T,Y;M,"244,51",0.0,6EQE,244:Y,51:M
N;L,Y;E,"244,216",0.0,6EQE,244:Y,216:E
N;S,Y;T,"244,121",0.0,6EQE,244:Y,121:T
N;I,Y;H,"244,145",0.0,6EQE,244:Y,145:H
N;I,Y;L,"244,145",0.0,6EQE,244:Y,145:L
N;H,Y;M,"244,104",0.0,6EQE,244:Y,104:M
N;R,Y;P,"244,280",0.0,6EQE,244:Y,280:P
N;L,Y;F,"244,216",0.0,6EQE,244:Y,216:F
N;S,Y;D,"244,103",0.0,6EQE,244:Y,103:D
N;I,Y;V,"244,200",0.0,6EQE,244:Y,200:V
N;T,Y;K,"244,88",0.0,6EQE,244:Y,88:K
N;N,Y;K,"244,138",0.0,6EQE,244:Y,138:K
N;A,Y;L,"244,65",0.0,6EQE,244:Y,65:L
N;Q,Y;T,"244,91",0.0,6EQE,244:Y,91:T
N;G,Y;D,"244,163",0.0,6EQE,244:Y,163:D
N;A,Y;M,"244,65",0.0,6EQE,244:Y,65:M
N;K,Y;L,"244,252",0.0,6EQE,244:Y,252:L
N;V,Y;D,"244,57",0.0,6EQE,244:Y,57:D
N;Q,Y;V,"244,127",0.0,6EQE,244:Y,127:V
N;V,Y;C,"244,281",0.0,6EQE,244:Y,281:C
N;T,Y;V,"244,72",0.0,6EQE,244:Y,72:V
N;Q,Y;N,"244,133",0.0,6EQE,244:Y,133:N
N;R,Y;K,"244,53",0.0,6EQE,244:Y,53:K
N;S,Y;P,"244,125",0.0,6EQE,244:Y,125:P
N;T,Y;Q,"244,88",0.0,6EQE,244:Y,88:Q
N;N,Y;L,"244,138",0.0,6EQE,244:Y,138:L
N;H,Y;R,"244,104",0.0,6EQE,244:Y,104:R
N;W,Y;P,"244,159",0.0,6EQE,244:Y,159:P
N;S,Y;Y,"244,242",0.0,6EQE,244:Y,242:Y
N;A,Y;F,"244,65",0.0,6EQE,244:Y,65:F
N;G,Y;H,"244,251",0.0,6EQE,244:Y,251:H
N;L,Y;P,"244,216",0.0,6EQE,244:Y,216:P
N;S,Y;W,"244,58",0.0,6EQE,244:Y,58:W
N;A,Y;E,"244,152",0.0,6EQE,244:Y,152:E
N;T,Y;N,"244,88",0.0,6EQE,244:Y,88:N
N;T,Y;N,"244,198",0.0,6EQE,244:Y,198:N
N;S,Y;K,"244,58",0.0,6EQE,244:Y,58:K
N;L,Y;C,"244,249",0.0,6EQE,244:Y,249:C
N;N,Y;T,"244,190",0.0,6EQE,244:Y,190:T
N;S,Y;V,"244,223",0.0,6EQE,244:Y,223:V
N;A,Y;W,"244,65",0.0,6EQE,244:Y,65:W
N;K,Y;Y,"244,253",0.0,6EQE,244:Y,253:Y
N;R,Y;S,"244,90",0.0,6EQE,244:Y,90:S
N;T,Y;M,"244,29",0.0,6EQE,244:Y,29:M
N;M,Y;L,"244,262",0.0,6EQE,244:Y,262:L
N;A,Y;L,"244,272",0.0,6EQE,244:Y,272:L
N;R,Y;N,"244,90",0.0,6EQE,244:Y,90:N
N;R,Y;T,"244,90",0.0,6EQE,244:Y,90:T
N;G,Y;T,"244,254",0.0,6EQE,244:Y,254:T
N;R,Y;P,"244,90",0.0,6EQE,244:Y,90:P
N;N,Y;Y,"244,37",0.0,6EQE,244:Y,37:Y
N;Q,Y;I,"244,182",0.0,6EQE,244:Y,182:I
N;R,Y;A,"244,90",0.0,6EQE,244:Y,90:A
N;K,Y;F,"244,253",0.0,6EQE,244:Y,253:F
N;Y,Y;S,"244,63",0.0,6EQE,244:Y,63:S
N;Q,Y;M,"244,127",0.0,6EQE,244:Y,127:M
N;Q,Y;L,"244,182",0.0,6EQE,244:Y,182:L
N;K,Y;A,"244,253",0.0,6EQE,244:Y,253:A
N;K,Y;V,"244,253",0.0,6EQE,244:Y,253:V
N;Q,Y;F,"244,182",0.0,6EQE,244:Y,182:F
N;R,Y;D,"244,90",0.0,6EQE,244:Y,90:D
N;Q,Y;A,"244,127",0.0,6EQE,244:Y,127:A
N;Y,Y;T,"244,63",0.0,6EQE,244:Y,63:T
N;Q,Y;V,"244,182",0.0,6EQE,244:Y,182:V
N;K,Y;L,"244,253",0.0,6EQE,244:Y,253:L
N;C,Y;S,"244,289",0.0,6EQE,244:Y,289:S
N;Y,Y;G,"244,63",0.0,6EQE,244:Y,63:G
N;M,Y;V,"244,154",0.0,6EQE,244:Y,154:V
N;Q,Y;T,"244,127",0.0,6EQE,244:Y,127:T
N;A,Y;D,"244,226",0.0,6EQE,244:Y,226:D
N;C,Y;A,"244,289",0.0,6EQE,244:Y,289:A
N;R,Y;Q,"244,224",0.0,6EQE,244:Y,224:Q
N;N,Y;K,"244,233",0.0,6EQE,244:Y,233:K
N;S,Y;E,"244,136",0.0,6EQE,244:Y,136:E
N;D,Y;N,"244,186",0.0,6EQE,244:Y,186:N
N;R,Y;A,"244,280",0.0,6EQE,244:Y,280:A
N;S,Y;F,"244,238",0.0,6EQE,244:Y,238:F
N;S,Y;Q,"244,188",0.0,6EQE,244:Y,188:Q
N;S,Y;H,"244,214",0.0,6EQE,244:Y,214:H
N;L,Y;F,"244,117",0.0,6EQE,244:Y,117:F
N;Q,Y;Y,"244,119",0.0,6EQE,244:Y,119:Y
N;G,Y;A,"244,165",0.0,6EQE,244:Y,165:A
N;S,Y;E,"244,121",0.0,6EQE,244:Y,121:E
N;I,Y;R,"244,168",0.0,6EQE,244:Y,168:R
N;N,Y;H,"244,205",0.0,6EQE,244:Y,205:H
N;S,Y;Y,"244,269",0.0,6EQE,244:Y,269:Y
N;S,Y;T,"244,214",0.0,6EQE,244:Y,214:T
N;I,Y;R,"244,218",0.0,6EQE,244:Y,218:R
N;P,Y;K,"244,120",0.0,6EQE,244:Y,120:K
N;M,Y;H,"244,161",0.0,6EQE,244:Y,161:H
N;I,Y;H,"244,168",0.0,6EQE,244:Y,168:H
N;N,Y;K,"244,114",0.0,6EQE,244:Y,114:K
N;P,Y;V,"244,184",0.0,6EQE,244:Y,184:V
N;W,Y;P,"244,185",0.0,6EQE,244:Y,185:P
N;S,Y;H,"244,187",0.0,6EQE,244:Y,187:H
N;S,Y;P,"244,188",0.0,6EQE,244:Y,188:P
N;T,Y;Y,"244,189",0.0,6EQE,244:Y,189:Y
N;F,Y;M,"244,191",0.0,6EQE,244:Y,191:M
H;S,T;V,"104,58",0.0,6EQE,104:T,58:V
H;P,T;Q,"104,38",0.0,6EQE,104:T,38:Q
H;R,T;L,"104,53",0.0,6EQE,104:T,53:L
H;A,T;T,"104,180",0.0,6EQE,104:T,180:T
H;P,T;D,"104,197",0.0,6EQE,104:T,197:D
H;T,T;V,"104,198",0.0,6EQE,104:T,198:V
H;A,T;M,"104,135",0.0,6EQE,104:T,135:M
H;I,T;L,"104,111",0.0,6EQE,104:T,111:L
H;G,T;S,"104,243",0.0,6EQE,104:T,243:S
H;Q,T;L,"104,127",0.0,6EQE,104:T,127:L
H;Q,T;H,"104,127",0.0,6EQE,104:T,127:H
H;W,T;I,"104,159",0.0,6EQE,104:T,159:I
H;Q,T;P,"104,127",0.0,6EQE,104:T,127:P
H;S,T;N,"104,103",0.0,6EQE,104:T,103:N
H;A,T;Y,"104,179",0.0,6EQE,104:T,179:Y
H;W,T;K,"104,257",0.0,6EQE,104:T,257:K
H;L,T;M,"104,216",0.0,6EQE,104:T,216:M
H;Q,T;E,"104,127",0.0,6EQE,104:T,127:E
H;G,T;A,"104,243",0.0,6EQE,104:T,243:A
H;A,T;N,"104,226",0.0,6EQE,104:T,226:N
H;L,T;I,"104,216",0.0,6EQE,104:T,216:I
H;C,T;L,"104,289",0.0,6EQE,104:T,289:L
H;S,T;E,"104,207",0.0,6EQE,104:T,207:E
H;M,T;L,"104,154",0.0,6EQE,104:T,154:L
H;M,T;P,"104,222",0.0,6EQE,104:T,222:P
H;G,T;T,"104,251",0.0,6EQE,104:T,251:T
H;P,T;L,"104,38",0.0,6EQE,104:T,38:L
H;L,T;W,"104,216",0.0,6EQE,104:T,216:W
H;T,T;L,"104,72",0.0,6EQE,104:T,72:L
H;S,T;P,"104,245",0.0,6EQE,104:T,245:P
H;I,T;W,"104,111",0.0,6EQE,104:T,111:W
H;L,T;D,"104,249",0.0,6EQE,104:T,249:D
H;E,T;K,"104,231",0.0,6EQE,104:T,231:K
H;D,T;K,"104,263",0.0,6EQE,104:T,263:K
H;T,T;M,"104,51",0.0,6EQE,104:T,51:M
H;L,T;E,"104,216",0.0,6EQE,104:T,216:E
H;S,T;T,"104,121",0.0,6EQE,104:T,121:T
H;I,T;H,"104,145",0.0,6EQE,104:T,145:H
H;I,T;L,"104,145",0.0,6EQE,104:T,145:L
H;R,T;P,"104,280",0.0,6EQE,104:T,280:P
H;L,T;F,"104,216",0.0,6EQE,104:T,216:F
H;S,T;D,"104,103",0.0,6EQE,104:T,103:D
H;I,T;V,"104,200",0.0,6EQE,104:T,200:V
H;T,T;K,"104,88",0.0,6EQE,104:T,88:K
H;N,T;K,"104,138",0.0,6EQE,104:T,138:K
H;A,T;L,"104,65",0.0,6EQE,104:T,65:L
H;Q,T;T,"104,91",0.0,6EQE,104:T,91:T
H;G,T;D,"104,163",0.0,6EQE,104:T,163:D
H;A,T;M,"104,65",0.0,6EQE,104:T,65:M
H;K,T;L,"104,252",0.0,6EQE,104:T,252:L
H;V,T;D,"104,57",0.0,6EQE,104:T,57:D
H;Q,T;V,"104,127",0.0,6EQE,104:T,127:V
H;V,T;C,"104,281",0.0,6EQE,104:T,281:C
H;T,T;V,"104,72",0.0,6EQE,104:T,72:V
H;Q,T;N,"104,133",0.0,6EQE,104:T,133:N
H;R,T;K,"104,53",0.0,6EQE,104:T,53:K
H;S,T;P,"104,125",0.0,6EQE,104:T,125:P
H;T,T;Q,"104,88",0.0,6EQE,104:T,88:Q
H;N,T;L,"104,138",0.0,6EQE,104:T,138:L
H;W,T;P,"104,159",0.0,6EQE,104:T,159:P
H;S,T;Y,"104,242",0.0,6EQE,104:T,242:Y
H;A,T;F,"104,65",0.0,6EQE,104:T,65:F
H;G,T;H,"104,251",0.0,6EQE,104:T,251:H
H;L,T;P,"104,216",0.0,6EQE,104:T,216:P
H;S,T;W,"104,58",0.0,6EQE,104:T,58:W
H;A,T;E,"104,152",0.0,6EQE,104:T,152:E
H;T,T;N,"104,88",0.0,6EQE,104:T,88:N
H;T,T;N,"104,198",0.0,6EQE,104:T,198:N
H;S,T;K,"104,58",0.0,6EQE,104:T,58:K
H;L,T;C,"104,249",0.0,6EQE,104:T,249:C
H;N,T;T,"104,190",0.0,6EQE,104:T,190:T
H;S,T;V,"104,223",0.0,6EQE,104:T,223:V
H;A,T;W,"104,65",0.0,6EQE,104:T,65:W
H;K,T;Y,"104,253",0.0,6EQE,104:T,253:Y
H;R,T;S,"104,90",0.0,6EQE,104:T,90:S
H;T,T;M,"104,29",0.0,6EQE,104:T,29:M
H;M,T;L,"104,262",0.0,6EQE,104:T,262:L
H;A,T;L,"104,272",0.0,6EQE,104:T,272:L
H;R,T;N,"104,90",0.0,6EQE,104:T,90:N
H;R,T;T,"104,90",0.0,6EQE,104:T,90:T
H;G,T;T,"104,254",0.0,6EQE,104:T,254:T
H;R,T;P,"104,90",0.0,6EQE,104:T,90:P
H;N,T;Y,"104,37",0.0,6EQE,104:T,37:Y
H;Q,T;I,"104,182",0.0,6EQE,104:T,182:I
H;R,T;A,"104,90",0.0,6EQE,104:T,90:A
H;K,T;F,"104,253",0.0,6EQE,104:T,253:F
H;Y,T;S,"104,63",0.0,6EQE,104:T,63:S
H;Q,T;M,"104,127",0.0,6EQE,104:T,127:M
H;Q,T;L,"104,182",0.0,6EQE,104:T,182:L
H;K,T;A,"104,253",0.0,6EQE,104:T,253:A
H;K,T;V,"104,253",0.0,6EQE,104:T,253:V
H;Q,T;F,"104,182",0.0,6EQE,104:T,182:F
H;R,T;D,"104,90",0.0,6EQE,104:T,90:D
H;Q,T;A,"104,127",0.0,6EQE,104:T,127:A
H;Y,T;T,"104,63",0.0,6EQE,104:T,63:T
H;Q,T;V,"104,182",0.0,6EQE,104:T,182:V
H;K,T;L,"104,253",0.0,6EQE,104:T,253:L
H;C,T;S,"104,289",0.0,6EQE,104:T,289:S
H;Y,T;G,"104,63",0.0,6EQE,104:T,63:G
H;M,T;V,"104,154",0.0,6EQE,104:T,154:V
H;Q,T;T,"104,127",0.0,6EQE,104:T,127:T
H;A,T;D,"104,226",0.0,6EQE,104:T,226:D
H;C,T;A,"104,289",0.0,6EQE,104:T,289:A
H;R,T;Q,"104,224",0.0,6EQE,104:T,224:Q
H;N,T;K,"104,233",0.0,6EQE,104:T,233:K
H;S,T;E,"104,136",0.0,6EQE,104:T,136:E
H;D,T;N,"104,186",0.0,6EQE,104:T,186:N
H;R,T;A,"104,280",0.0,6EQE,104:T,280:A
H;S,T;F,"104,238",0.0,6EQE,104:T,238:F
H;S,T;Q,"104,188",0.0,6EQE,104:T,188:Q
H;S,T;H,"104,214",0.0,6EQE,104:T,214:H
H;L,T;F,"104,117",0.0,6EQE,104:T,117:F
H;Q,T;Y,"104,119",0.0,6EQE,104:T,119:Y
H;G,T;A,"104,165",0.0,6EQE,104:T,165:A
H;S,T;E,"104,121",0.0,6EQE,104:T,121:E
H;I,T;R,"104,168",0.0,6EQE,104:T,168:R
H;N,T;H,"104,205",0.0,6EQE,104:T,205:H
H;S,T;Y,"104,269",0.0,6EQE,104:T,269:Y
H;S,T;T,"104,214",0.0,6EQE,104:T,214:T
H;I,T;R,"104,218",0.0,6EQE,104:T,218:R
H;P,T;K,"104,120",0.0,6EQE,104:T,120:K
H;M,T;H,"104,161",0.0,6EQE,104:T,161:H
H;I,T;H,"104,168",0.0,6EQE,104:T,168:H
H;N,T;K,"104,114",0.0,6EQE,104:T,114:K
H;P,T;V,"104,184",0.0,6EQE,104:T,184:V
H;W,T;P,"104,185",0.0,6EQE,104:T,185:P
H;S,T;H,"104,187",0.0,6EQE,104:T,187:H
H;S,T;P,"104,188",0.0,6EQE,104:T,188:P
H;T,T;Y,"104,189",0.0,6EQE,104:T,189:Y
H;F,T;M,"104,191",0.0,6EQE,104:T,191:M
S;H,V;L,"58,104",0.0,6EQE,58:V,104:L
S;P,V;Q,"58,38",0.0,6EQE,58:V,38:Q
S;R,V;L,"58,53",0.0,6EQE,58:V,53:L
S;A,V;T,"58,180",0.0,6EQE,58:V,180:T
S;P,V;D,"58,197",0.0,6EQE,58:V,197:D
S;T,V;V,"58,198",0.0,6EQE,58:V,198:V
S;A,V;M,"58,135",0.0,6EQE,58:V,135:M
S;I,V;L,"58,111",0.0,6EQE,58:V,111:L
S;G,V;S,"58,243",0.0,6EQE,58:V,243:S
S;Q,V;L,"58,127",0.0,6EQE,58:V,127:L
S;Q,V;H,"58,127",0.0,6EQE,58:V,127:H
S;W,V;I,"58,159",0.0,6EQE,58:V,159:I
S;Q,V;P,"58,127",0.0,6EQE,58:V,127:P
S;S,V;N,"58,103",0.0,6EQE,58:V,103:N
S;A,V;Y,"58,179",0.0,6EQE,58:V,179:Y
S;W,V;K,"58,257",0.0,6EQE,58:V,257:K
S;L,V;M,"58,216",0.0,6EQE,58:V,216:M
S;Q,V;E,"58,127",0.0,6EQE,58:V,127:E
S;G,V;A,"58,243",0.0,6EQE,58:V,243:A
S;A,V;N,"58,226",0.0,6EQE,58:V,226:N
S;L,V;I,"58,216",0.0,6EQE,58:V,216:I
S;C,V;L,"58,289",0.0,6EQE,58:V,289:L
S;S,V;E,"58,207",0.0,6EQE,58:V,207:E
S;M,V;L,"58,154",0.0,6EQE,58:V,154:L
S;M,V;P,"58,222",0.0,6EQE,58:V,222:P
S;G,V;T,"58,251",0.0,6EQE,58:V,251:T
S;P,V;L,"58,38",0.0,6EQE,58:V,38:L
S;L,V;W,"58,216",0.0,6EQE,58:V,216:W
S;T,V;L,"58,72",0.0,6EQE,58:V,72:L
S;S,V;P,"58,245",0.0,6EQE,58:V,245:P
S;I,V;W,"58,111",0.0,6EQE,58:V,111:W
S;L,V;D,"58,249",0.0,6EQE,58:V,249:D
S;E,V;K,"58,231",0.0,6EQE,58:V,231:K
S;D,V;K,"58,263",0.0,6EQE,58:V,263:K
S;T,V;M,"58,51",0.0,6EQE,58:V,51:M
S;L,V;E,"58,216",0.0,6EQE,58:V,216:E
S;S,V;T,"58,121",0.0,6EQE,58:V,121:T
S;I,V;H,"58,145",0.0,6EQE,58:V,145:H
S;I,V;L,"58,145",0.0,6EQE,58:V,145:L
S;H,V;M,"58,104",0.0,6EQE,58:V,104:M
S;R,V;P,"58,280",0.0,6EQE,58:V,280:P
S;L,V;F,"58,216",0.0,6EQE,58:V,216:F
S;S,V;D,"58,103",0.0,6EQE,58:V,103:D
S;I,V;V,"58,200",0.0,6EQE,58:V,200:V
S;T,V;K,"58,88",0.0,6EQE,58:V,88:K
S;N,V;K,"58,138",0.0,6EQE,58:V,138:K
S;A,V;L,"58,65",0.0,6EQE,58:V,65:L
S;Q,V;T,"58,91",0.0,6EQE,58:V,91:T
S;G,V;D,"58,163",0.0,6EQE,58:V,163:D
S;A,V;M,"58,65",0.0,6EQE,58:V,65:M
S;K,V;L,"58,252",0.0,6EQE,58:V,252:L
S;V,V;D,"58,57",0.0,6EQE,58:V,57:D
S;Q,V;V,"58,127",0.0,6EQE,58:V,127:V
S;V,V;C,"58,281",0.0,6EQE,58:V,281:C
S;T,V;V,"58,72",0.0,6EQE,58:V,72:V
S;Q,V;N,"58,133",0.0,6EQE,58:V,133:N
S;R,V;K,"58,53",0.0,6EQE,58:V,53:K
S;S,V;P,"58,125",0.0,6EQE,58:V,125:P
S;T,V;Q,"58,88",0.0,6EQE,58:V,88:Q
S;N,V;L,"58,138",0.0,6EQE,58:V,138:L
S;H,V;R,"58,104",0.0,6EQE,58:V,104:R
S;W,V;P,"58,159",0.0,6EQE,58:V,159:P
S;S,V;Y,"58,242",0.0,6EQE,58:V,242:Y
S;A,V;F,"58,65",0.0,6EQE,58:V,65:F
S;G,V;H,"58,251",0.0,6EQE,58:V,251:H
S;L,V;P,"58,216",0.0,6EQE,58:V,216:P
S;A,V;E,"58,152",0.0,6EQE,58:V,152:E
S;T,V;N,"58,88",0.0,6EQE,58:V,88:N
S;T,V;N,"58,198",0.0,6EQE,58:V,198:N
S;L,V;C,"58,249",0.0,6EQE,58:V,249:C
S;N,V;T,"58,190",0.0,6EQE,58:V,190:T
S;S,V;V,"58,223",0.0,6EQE,58:V,223:V
S;A,V;W,"58,65",0.0,6EQE,58:V,65:W
S;K,V;Y,"58,253",0.0,6EQE,58:V,253:Y
S;R,V;S,"58,90",0.0,6EQE,58:V,90:S
S;T,V;M,"58,29",0.0,6EQE,58:V,29:M
S;M,V;L,"58,262",0.0,6EQE,58:V,262:L
S;A,V;L,"58,272",0.0,6EQE,58:V,272:L
S;R,V;N,"58,90",0.0,6EQE,58:V,90:N
S;R,V;T,"58,90",0.0,6EQE,58:V,90:T
S;G,V;T,"58,254",0.0,6EQE,58:V,254:T
S;R,V;P,"58,90",0.0,6EQE,58:V,90:P
S;N,V;Y,"58,37",0.0,6EQE,58:V,37:Y
S;Q,V;I,"58,182",0.0,6EQE,58:V,182:I
S;R,V;A,"58,90",0.0,6EQE,58:V,90:A
S;K,V;F,"58,253",0.0,6EQE,58:V,253:F
S;Y,V;S,"58,63",0.0,6EQE,58:V,63:S
S;Q,V;M,"58,127",0.0,6EQE,58:V,127:M
S;Q,V;L,"58,182",0.0,6EQE,58:V,182:L
S;K,V;A,"58,253",0.0,6EQE,58:V,253:A
S;K,V;V,"58,253",0.0,6EQE,58:V,253:V
S;Q,V;F,"58,182",0.0,6EQE,58:V,182:F
S;R,V;D,"58,90",0.0,6EQE,58:V,90:D
S;Q,V;A,"58,127",0.0,6EQE,58:V,127:A
S;Y,V;T,"58,63",0.0,6EQE,58:V,63:T
S;Q,V;V,"58,182",0.0,6EQE,58:V,182:V
S;K,V;L,"58,253",0.0,6EQE,58:V,253:L
S;C,V;S,"58,289",0.0,6EQE,58:V,289:S
S;Y,V;G,"58,63",0.0,6EQE,58:V,63:G
S;M,V;V,"58,154",0.0,6EQE,58:V,154:V
S;Q,V;T,"58,127",0.0,6EQE,58:V,127:T
S;A,V;D,"58,226",0.0,6EQE,58:V,226:D
S;C,V;A,"58,289",0.0,6EQE,58:V,289:A
S;R,V;Q,"58,224",0.0,6EQE,58:V,224:Q
S;N,V;K,"58,233",0.0,6EQE,58:V,233:K
S;S,V;E,"58,136",0.0,6EQE,58:V,136:E
S;D,V;N,"58,186",0.0,6EQE,58:V,186:N
S;R,V;A,"58,280",0.0,6EQE,58:V,280:A
S;S,V;F,"58,238",0.0,6EQE,58:V,238:F
S;S,V;Q,"58,188",0.0,6EQE,58:V,188:Q
S;S,V;H,"58,214",0.0,6EQE,58:V,214:H
S;L,V;F,"58,117",0.0,6EQE,58:V,117:F
S;Q,V;Y,"58,119",0.0,6EQE,58:V,119:Y
S;G,V;A,"58,165",0.0,6EQE,58:V,165:A
S;S,V;E,"58,121",0.0,6EQE,58:V,121:E
S;I,V;R,"58,168",0.0,6EQE,58:V,168:R
S;N,V;H,"58,205",0.0,6EQE,58:V,205:H
S;S,V;Y,"58,269",0.0,6EQE,58:V,269:Y
S;S,V;T,"58,214",0.0,6EQE,58:V,214:T
S;I,V;R,"58,218",0.0,6EQE,58:V,218:R
S;P,V;K,"58,120",0.0,6EQE,58:V,120:K
S;M,V;H,"58,161",0.0,6EQE,58:V,161:H
S;I,V;H,"58,168",0.0,6EQE,58:V,168:H
S;N,V;K,"58,114",0.0,6EQE,58:V,114:K
S;P,V;V,"58,184",0.0,6EQE,58:V,184:V
S;W,V;P,"58,185",0.0,6EQE,58:V,185:P
S;S,V;H,"58,187",0.0,6EQE,58:V,187:H
S;S,V;P,"58,188",0.0,6EQE,58:V,188:P
S;T,V;Y,"58,189",0.0,6EQE,58:V,189:Y
S;F,V;M,"58,191",0.0,6EQE,58:V,191:M
H;P,L;Q,"104,38",0.0,6EQE,104:L,38:Q
H;R,L;L,"104,53",0.0,6EQE,104:L,53:L
H;A,L;T,"104,180",0.0,6EQE,104:L,180:T
H;P,L;D,"104,197",0.0,6EQE,104:L,197:D
H;T,L;V,"104,198",0.0,6EQE,104:L,198:V
H;A,L;M,"104,135",0.0,6EQE,104:L,135:M
H;I,L;L,"104,111",0.0,6EQE,104:L,111:L
H;G,L;S,"104,243",0.0,6EQE,104:L,243:S
H;Q,L;L,"104,127",0.0,6EQE,104:L,127:L
H;Q,L;H,"104,127",0.0,6EQE,104:L,127:H
H;W,L;I,"104,159",0.0,6EQE,104:L,159:I
H;Q,L;P,"104,127",0.0,6EQE,104:L,127:P
H;S,L;N,"104,103",0.0,6EQE,104:L,103:N
H;A,L;Y,"104,179",0.0,6EQE,104:L,179:Y
H;W,L;K,"104,257",0.0,6EQE,104:L,257:K
H;L,L;M,"104,216",0.0,6EQE,104:L,216:M
H;Q,L;E,"104,127",0.0,6EQE,104:L,127:E
H;G,L;A,"104,243",0.0,6EQE,104:L,243:A
H;A,L;N,"104,226",0.0,6EQE,104:L,226:N
H;L,L;I,"104,216",0.0,6EQE,104:L,216:I
H;C,L;L,"104,289",0.0,6EQE,104:L,289:L
H;S,L;E,"104,207",0.0,6EQE,104:L,207:E
H;M,L;L,"104,154",0.0,6EQE,104:L,154:L
H;M,L;P,"104,222",0.0,6EQE,104:L,222:P
H;G,L;T,"104,251",0.0,6EQE,104:L,251:T
H;P,L;L,"104,38",0.0,6EQE,104:L,38:L
H;L,L;W,"104,216",0.0,6EQE,104:L,216:W
H;T,L;L,"104,72",0.0,6EQE,104:L,72:L
H;S,L;P,"104,245",0.0,6EQE,104:L,245:P
H;I,L;W,"104,111",0.0,6EQE,104:L,111:W
H;L,L;D,"104,249",0.0,6EQE,104:L,249:D
H;E,L;K,"104,231",0.0,6EQE,104:L,231:K
H;D,L;K,"104,263",0.0,6EQE,104:L,263:K
H;T,L;M,"104,51",0.0,6EQE,104:L,51:M
H;L,L;E,"104,216",0.0,6EQE,104:L,216:E
H;S,L;T,"104,121",0.0,6EQE,104:L,121:T
H;I,L;H,"104,145",0.0,6EQE,104:L,145:H
H;I,L;L,"104,145",0.0,6EQE,104:L,145:L
H;R,L;P,"104,280",0.0,6EQE,104:L,280:P
H;L,L;F,"104,216",0.0,6EQE,104:L,216:F
H;S,L;D,"104,103",0.0,6EQE,104:L,103:D
H;I,L;V,"104,200",0.0,6EQE,104:L,200:V
H;T,L;K,"104,88",0.0,6EQE,104:L,88:K
H;N,L;K,"104,138",0.0,6EQE,104:L,138:K
H;A,L;L,"104,65",0.0,6EQE,104:L,65:L
H;Q,L;T,"104,91",0.0,6EQE,104:L,91:T
H;G,L;D,"104,163",0.0,6EQE,104:L,163:D
H;A,L;M,"104,65",0.0,6EQE,104:L,65:M
H;K,L;L,"104,252",0.0,6EQE,104:L,252:L
H;V,L;D,"104,57",0.0,6EQE,104:L,57:D
H;Q,L;V,"104,127",0.0,6EQE,104:L,127:V
H;V,L;C,"104,281",0.0,6EQE,104:L,281:C
H;T,L;V,"104,72",0.0,6EQE,104:L,72:V
H;Q,L;N,"104,133",0.0,6EQE,104:L,133:N
H;R,L;K,"104,53",0.0,6EQE,104:L,53:K
H;S,L;P,"104,125",0.0,6EQE,104:L,125:P
H;T,L;Q,"104,88",0.0,6EQE,104:L,88:Q
H;N,L;L,"104,138",0.0,6EQE,104:L,138:L
H;W,L;P,"104,159",0.0,6EQE,104:L,159:P
H;S,L;Y,"104,242",0.0,6EQE,104:L,242:Y
H;A,L;F,"104,65",0.0,6EQE,104:L,65:F
H;G,L;H,"104,251",0.0,6EQE,104:L,251:H
H;L,L;P,"104,216",0.0,6EQE,104:L,216:P
H;S,L;W,"104,58",0.0,6EQE,104:L,58:W
H;A,L;E,"104,152",0.0,6EQE,104:L,152:E
H;T,L;N,"104,88",0.0,6EQE,104:L,88:N
H;T,L;N,"104,198",0.0,6EQE,104:L,198:N
H;S,L;K,"104,58",0.0,6EQE,104:L,58:K
H;L,L;C,"104,249",0.0,6EQE,104:L,249:C
H;N,L;T,"104,190",0.0,6EQE,104:L,190:T
H;S,L;V,"104,223",0.0,6EQE,104:L,223:V
H;A,L;W,"104,65",0.0,6EQE,104:L,65:W
H;K,L;Y,"104,253",0.0,6EQE,104:L,253:Y
H;R,L;S,"104,90",0.0,6EQE,104:L,90:S
H;T,L;M,"104,29",0.0,6EQE,104:L,29:M
H;M,L;L,"104,262",0.0,6EQE,104:L,262:L
H;A,L;L,"104,272",0.0,6EQE,104:L,272:L
H;R,L;N,"104,90",0.0,6EQE,104:L,90:N
H;R,L;T,"104,90",0.0,6EQE,104:L,90:T
H;G,L;T,"104,254",0.0,6EQE,104:L,254:T
H;R,L;P,"104,90",0.0,6EQE,104:L,90:P
H;N,L;Y,"104,37",0.0,6EQE,104:L,37:Y
H;Q,L;I,"104,182",0.0,6EQE,104:L,182:I
H;R,L;A,"104,90",0.0,6EQE,104:L,90:A
H;K,L;F,"104,253",0.0,6EQE,104:L,253:F
H;Y,L;S,"104,63",0.0,6EQE,104:L,63:S
H;Q,L;M,"104,127",0.0,6EQE,104:L,127:M
H;Q,L;L,"104,182",0.0,6EQE,104:L,182:L
H;K,L;A,"104,253",0.0,6EQE,104:L,253:A
H;K,L;V,"104,253",0.0,6EQE,104:L,253:V
H;Q,L;F,"104,182",0.0,6EQE,104:L,182:F
H;R,L;D,"104,90",0.0,6EQE,104:L,90:D
H;Q,L;A,"104,127",0.0,6EQE,104:L,127:A
H;Y,L;T,"104,63",0.0,6EQE,104:L,63:T
H;Q,L;V,"104,182",0.0,6EQE,104:L,182:V
H;K,L;L,"104,253",0.0,6EQE,104:L,253:L
H;C,L;S,"104,289",0.0,6EQE,104:L,289:S
H;Y,L;G,"104,63",0.0,6EQE,104:L,63:G
H;M,L;V,"104,154",0.0,6EQE,104:L,154:V
H;Q,L;T,"104,127",0.0,6EQE,104:L,127:T
H;A,L;D,"104,226",0.0,6EQE,104:L,226:D
H;C,L;A,"104,289",0.0,6EQE,104:L,289:A
H;R,L;Q,"104,224",0.0,6EQE,104:L,224:Q
H;N,L;K,"104,233",0.0,6EQE,104:L,233:K
H;S,L;E,"104,136",0.0,6EQE,104:L,136:E
H;D,L;N,"104,186",0.0,6EQE,104:L,186:N
H;R,L;A,"104,280",0.0,6EQE,104:L,280:A
H;S,L;F,"104,238",0.0,6EQE,104:L,238:F
H;S,L;Q,"104,188",0.0,6EQE,104:L,188:Q
H;S,L;H,"104,214",0.0,6EQE,104:L,214:H
H;L,L;F,"104,117",0.0,6EQE,104:L,117:F
H;Q,L;Y,"104,119",0.0,6EQE,104:L,119:Y
H;G,L;A,"104,165",0.0,6EQE,104:L,165:A
H;S,L;E,"104,121",0.0,6EQE,104:L,121:E
H;I,L;R,"104,168",0.0,6EQE,104:L,168:R
H;N,L;H,"104,205",0.0,6EQE,104:L,205:H
H;S,L;Y,"104,269",0.0,6EQE,104:L,269:Y
H;S,L;T,"104,214",0.0,6EQE,104:L,214:T
H;I,L;R,"104,218",0.0,6EQE,104:L,218:R
H;P,L;K,"104,120",0.0,6EQE,104:L,120:K
H;M,L;H,"104,161",0.0,6EQE,104:L,161:H
H;I,L;H,"104,168",0.0,6EQE,104:L,168:H
H;N,L;K,"104,114",0.0,6EQE,104:L,114:K
H;P,L;V,"104,184",0.0,6EQE,104:L,184:V
H;W,L;P,"104,185",0.0,6EQE,104:L,185:P
H;S,L;H,"104,187",0.0,6EQE,104:L,187:H
H;S,L;P,"104,188",0.0,6EQE,104:L,188:P
H;T,L;Y,"104,189",0.0,6EQE,104:L,189:Y
H;F,L;M,"104,191",0.0,6EQE,104:L,191:M
P;R,Q;L,"38,53",0.0,6EQE,38:Q,53:L
P;A,Q;T,"38,180",0.0,6EQE,38:Q,180:T
P;P,Q;D,"38,197",0.0,6EQE,38:Q,197:D
P;T,Q;V,"38,198",0.0,6EQE,38:Q,198:V
P;A,Q;M,"38,135",0.0,6EQE,38:Q,135:M
P;I,Q;L,"38,111",0.0,6EQE,38:Q,111:L
P;G,Q;S,"38,243",0.0,6EQE,38:Q,243:S
P;Q,Q;L,"38,127",0.0,6EQE,38:Q,127:L
P;Q,Q;H,"38,127",0.0,6EQE,38:Q,127:H
P;W,Q;I,"38,159",0.0,6EQE,38:Q,159:I
P;Q,Q;P,"38,127",0.0,6EQE,38:Q,127:P
P;S,Q;N,"38,103",0.0,6EQE,38:Q,103:N
P;A,Q;Y,"38,179",0.0,6EQE,38:Q,179:Y
P;W,Q;K,"38,257",0.0,6EQE,38:Q,257:K
P;L,Q;M,"38,216",0.0,6EQE,38:Q,216:M
P;Q,Q;E,"38,127",0.0,6EQE,38:Q,127:E
P;G,Q;A,"38,243",0.0,6EQE,38:Q,243:A
P;A,Q;N,"38,226",0.0,6EQE,38:Q,226:N
P;L,Q;I,"38,216",0.0,6EQE,38:Q,216:I
P;C,Q;L,"38,289",0.0,6EQE,38:Q,289:L
P;S,Q;E,"38,207",0.0,6EQE,38:Q,207:E
P;M,Q;L,"38,154",0.0,6EQE,38:Q,154:L
P;M,Q;P,"38,222",0.0,6EQE,38:Q,222:P
P;G,Q;T,"38,251",0.0,6EQE,38:Q,251:T
P;L,Q;W,"38,216",0.0,6EQE,38:Q,216:W
P;T,Q;L,"38,72",0.0,6EQE,38:Q,72:L
P;S,Q;P,"38,245",0.0,6EQE,38:Q,245:P
P;I,Q;W,"38,111",0.0,6EQE,38:Q,111:W
P;L,Q;D,"38,249",0.0,6EQE,38:Q,249:D
P;E,Q;K,"38,231",0.0,6EQE,38:Q,231:K
P;D,Q;K,"38,263",0.0,6EQE,38:Q,263:K
P;T,Q;M,"38,51",0.0,6EQE,38:Q,51:M
P;L,Q;E,"38,216",0.0,6EQE,38:Q,216:E
P;S,Q;T,"38,121",0.0,6EQE,38:Q,121:T
P;I,Q;H,"38,145",0.0,6EQE,38:Q,145:H
P;I,Q;L,"38,145",0.0,6EQE,38:Q,145:L
P;H,Q;M,"38,104",0.0,6EQE,38:Q,104:M
P;R,Q;P,"38,280",0.0,6EQE,38:Q,280:P
P;L,Q;F,"38,216",0.0,6EQE,38:Q,216:F
P;S,Q;D,"38,103",0.0,6EQE,38:Q,103:D
P;I,Q;V,"38,200",0.0,6EQE,38:Q,200:V
P;T,Q;K,"38,88",0.0,6EQE,38:Q,88:K
P;N,Q;K,"38,138",0.0,6EQE,38:Q,138:K
P;A,Q;L,"38,65",0.0,6EQE,38:Q,65:L
P;Q,Q;T,"38,91",0.0,6EQE,38:Q,91:T
P;G,Q;D,"38,163",0.0,6EQE,38:Q,163:D
P;A,Q;M,"38,65",0.0,6EQE,38:Q,65:M
P;K,Q;L,"38,252",0.0,6EQE,38:Q,252:L
P;V,Q;D,"38,57",0.0,6EQE,38:Q,57:D
P;Q,Q;V,"38,127",0.0,6EQE,38:Q,127:V
P;V,Q;C,"38,281",0.0,6EQE,38:Q,281:C
P;T,Q;V,"38,72",0.0,6EQE,38:Q,72:V
P;Q,Q;N,"38,133",0.0,6EQE,38:Q,133:N
P;R,Q;K,"38,53",0.0,6EQE,38:Q,53:K
P;S,Q;P,"38,125",0.0,6EQE,38:Q,125:P
P;T,Q;Q,"38,88",0.0,6EQE,38:Q,88:Q
P;N,Q;L,"38,138",0.0,6EQE,38:Q,138:L
P;H,Q;R,"38,104",0.0,6EQE,38:Q,104:R
P;W,Q;P,"38,159",0.0,6EQE,38:Q,159:P
P;S,Q;Y,"38,242",0.0,6EQE,38:Q,242:Y
P;A,Q;F,"38,65",0.0,6EQE,38:Q,65:F
P;G,Q;H,"38,251",0.0,6EQE,38:Q,251:H
P;L,Q;P,"38,216",0.0,6EQE,38:Q,216:P
P;S,Q;W,"38,58",0.0,6EQE,38:Q,58:W
P;A,Q;E,"38,152",0.0,6EQE,38:Q,152:E
P;T,Q;N,"38,88",0.0,6EQE,38:Q,88:N
P;T,Q;N,"38,198",0.0,6EQE,38:Q,198:N
P;S,Q;K,"38,58",0.0,6EQE,38:Q,58:K
P;L,Q;C,"38,249",0.0,6EQE,38:Q,249:C
P;N,Q;T,"38,190",0.0,6EQE,38:Q,190:T
P;S,Q;V,"38,223",0.0,6EQE,38:Q,223:V
P;A,Q;W,"38,65",0.0,6EQE,38:Q,65:W
P;K,Q;Y,"38,253",0.0,6EQE,38:Q,253:Y
P;R,Q;S,"38,90",0.0,6EQE,38:Q,90:S
P;T,Q;M,"38,29",0.0,6EQE,38:Q,29:M
P;M,Q;L,"38,262",0.0,6EQE,38:Q,262:L
P;A,Q;L,"38,272",0.0,6EQE,38:Q,272:L
P;R,Q;N,"38,90",0.0,6EQE,38:Q,90:N
P;R,Q;T,"38,90",0.0,6EQE,38:Q,90:T
P;G,Q;T,"38,254",0.0,6EQE,38:Q,254:T
P;R,Q;P,"38,90",0.0,6EQE,38:Q,90:P
P;N,Q;Y,"38,37",0.0,6EQE,38:Q,37:Y
P;Q,Q;I,"38,182",0.0,6EQE,38:Q,182:I
P;R,Q;A,"38,90",0.0,6EQE,38:Q,90:A
P;K,Q;F,"38,253",0.0,6EQE,38:Q,253:F
P;Y,Q;S,"38,63",0.0,6EQE,38:Q,63:S
P;Q,Q;M,"38,127",0.0,6EQE,38:Q,127:M
P;Q,Q;L,"38,182",0.0,6EQE,38:Q,182:L
P;K,Q;A,"38,253",0.0,6EQE,38:Q,253:A
P;K,Q;V,"38,253",0.0,6EQE,38:Q,253:V
P;Q,Q;F,"38,182",0.0,6EQE,38:Q,182:F
P;R,Q;D,"38,90",0.0,6EQE,38:Q,90:D
P;Q,Q;A,"38,127",0.0,6EQE,38:Q,127:A
P;Y,Q;T,"38,63",0.0,6EQE,38:Q,63:T
P;Q,Q;V,"38,182",0.0,6EQE,38:Q,182:V
P;K,Q;L,"38,253",0.0,6EQE,38:Q,253:L
P;C,Q;S,"38,289",0.0,6EQE,38:Q,289:S
P;Y,Q;G,"38,63",0.0,6EQE,38:Q,63:G
P;M,Q;V,"38,154",0.0,6EQE,38:Q,154:V
P;Q,Q;T,"38,127",0.0,6EQE,38:Q,127:T
P;A,Q;D,"38,226",0.0,6EQE,38:Q,226:D
P;C,Q;A,"38,289",0.0,6EQE,38:Q,289:A
P;R,Q;Q,"38,224",0.0,6EQE,38:Q,224:Q
P;N,Q;K,"38,233",0.0,6EQE,38:Q,233:K
P;S,Q;E,"38,136",0.0,6EQE,38:Q,136:E
P;D,Q;N,"38,186",0.0,6EQE,38:Q,186:N
P;R,Q;A,"38,280",0.0,6EQE,38:Q,280:A
P;S,Q;F,"38,238",0.0,6EQE,38:Q,238:F
P;S,Q;Q,"38,188",0.0,6EQE,38:Q,188:Q
P;S,Q;H,"38,214",0.0,6EQE,38:Q,214:H
P;L,Q;F,"38,117",0.0,6EQE,38:Q,117:F
P;Q,Q;Y,"38,119",0.0,6EQE,38:Q,119:Y
P;G,Q;A,"38,165",0.0,6EQE,38:Q,165:A
P;S,Q;E,"38,121",0.0,6EQE,38:Q,121:E
P;I,Q;R,"38,168",0.0,6EQE,38:Q,168:R
P;N,Q;H,"38,205",0.0,6EQE,38:Q,205:H
P;S,Q;Y,"38,269",0.0,6EQE,38:Q,269:Y
P;S,Q;T,"38,214",0.0,6EQE,38:Q,214:T
P;I,Q;R,"38,218",0.0,6EQE,38:Q,218:R
P;P,Q;K,"38,120",0.0,6EQE,38:Q,120:K
P;M,Q;H,"38,161",0.0,6EQE,38:Q,161:H
P;I,Q;H,"38,168",0.0,6EQE,38:Q,168:H
P;N,Q;K,"38,114",0.0,6EQE,38:Q,114:K
P;P,Q;V,"38,184",0.0,6EQE,38:Q,184:V
P;W,Q;P,"38,185",0.0,6EQE,38:Q,185:P
P;S,Q;H,"38,187",0.0,6EQE,38:Q,187:H
P;S,Q;P,"38,188",0.0,6EQE,38:Q,188:P
P;T,Q;Y,"38,189",0.0,6EQE,38:Q,189:Y
P;F,Q;M,"38,191",0.0,6EQE,38:Q,191:M
R;A,L;T,"53,180",0.0,6EQE,53:L,180:T
R;P,L;D,"53,197",0.0,6EQE,53:L,197:D
R;T,L;V,"53,198",0.0,6EQE,53:L,198:V
R;A,L;M,"53,135",0.0,6EQE,53:L,135:M
R;I,L;L,"53,111",0.0,6EQE,53:L,111:L
R;G,L;S,"53,243",0.0,6EQE,53:L,243:S
R;Q,L;L,"53,127",0.0,6EQE,53:L,127:L
R;Q,L;H,"53,127",0.0,6EQE,53:L,127:H
R;W,L;I,"53,159",0.0,6EQE,53:L,159:I
R;Q,L;P,"53,127",0.0,6EQE,53:L,127:P
R;S,L;N,"53,103",0.0,6EQE,53:L,103:N
R;A,L;Y,"53,179",0.0,6EQE,53:L,179:Y
R;W,L;K,"53,257",0.0,6EQE,53:L,257:K
R;L,L;M,"53,216",0.0,6EQE,53:L,216:M
R;Q,L;E,"53,127",0.0,6EQE,53:L,127:E
R;G,L;A,"53,243",0.0,6EQE,53:L,243:A
R;A,L;N,"53,226",0.0,6EQE,53:L,226:N
R;L,L;I,"53,216",0.0,6EQE,53:L,216:I
R;C,L;L,"53,289",0.0,6EQE,53:L,289:L
R;S,L;E,"53,207",0.0,6EQE,53:L,207:E
R;M,L;L,"53,154",0.0,6EQE,53:L,154:L
R;M,L;P,"53,222",0.0,6EQE,53:L,222:P
R;G,L;T,"53,251",0.0,6EQE,53:L,251:T
R;P,L;L,"53,38",0.0,6EQE,53:L,38:L
R;L,L;W,"53,216",0.0,6EQE,53:L,216:W
R;T,L;L,"53,72",0.0,6EQE,53:L,72:L
R;S,L;P,"53,245",0.0,6EQE,53:L,245:P
R;I,L;W,"53,111",0.0,6EQE,53:L,111:W
R;L,L;D,"53,249",0.0,6EQE,53:L,249:D
R;E,L;K,"53,231",0.0,6EQE,53:L,231:K
R;D,L;K,"53,263",0.0,6EQE,53:L,263:K
R;T,L;M,"53,51",0.0,6EQE,53:L,51:M
R;L,L;E,"53,216",0.0,6EQE,53:L,216:E
R;S,L;T,"53,121",0.0,6EQE,53:L,121:T
R;I,L;H,"53,145",0.0,6EQE,53:L,145:H
R;I,L;L,"53,145",0.0,6EQE,53:L,145:L
R;H,L;M,"53,104",0.0,6EQE,53:L,104:M
R;R,L;P,"53,280",0.0,6EQE,53:L,280:P
R;L,L;F,"53,216",0.0,6EQE,53:L,216:F
R;S,L;D,"53,103",0.0,6EQE,53:L,103:D
R;I,L;V,"53,200",0.0,6EQE,53:L,200:V
R;T,L;K,"53,88",0.0,6EQE,53:L,88:K
R;N,L;K,"53,138",0.0,6EQE,53:L,138:K
R;A,L;L,"53,65",0.0,6EQE,53:L,65:L
R;Q,L;T,"53,91",0.0,6EQE,53:L,91:T
R;G,L;D,"53,163",0.0,6EQE,53:L,163:D
R;A,L;M,"53,65",0.0,6EQE,53:L,65:M
R;K,L;L,"53,252",0.0,6EQE,53:L,252:L
R;V,L;D,"53,57",0.0,6EQE,53:L,57:D
R;Q,L;V,"53,127",0.0,6EQE,53:L,127:V
R;V,L;C,"53,281",0.0,6EQE,53:L,281:C
R;T,L;V,"53,72",0.0,6EQE,53:L,72:V
R;Q,L;N,"53,133",0.0,6EQE,53:L,133:N
R;S,L;P,"53,125",0.0,6EQE,53:L,125:P
R;T,L;Q,"53,88",0.0,6EQE,53:L,88:Q
R;N,L;L,"53,138",0.0,6EQE,53:L,138:L
R;H,L;R,"53,104",0.0,6EQE,53:L,104:R
R;W,L;P,"53,159",0.0,6EQE,53:L,159:P
R;S,L;Y,"53,242",0.0,6EQE,53:L,242:Y
R;A,L;F,"53,65",0.0,6EQE,53:L,65:F
R;G,L;H,"53,251",0.0,6EQE,53:L,251:H
R;L,L;P,"53,216",0.0,6EQE,53:L,216:P
R;S,L;W,"53,58",0.0,6EQE,53:L,58:W
R;A,L;E,"53,152",0.0,6EQE,53:L,152:E
R;T,L;N,"53,88",0.0,6EQE,53:L,88:N
R;T,L;N,"53,198",0.0,6EQE,53:L,198:N
R;S,L;K,"53,58",0.0,6EQE,53:L,58:K
R;L,L;C,"53,249",0.0,6EQE,53:L,249:C
R;N,L;T,"53,190",0.0,6EQE,53:L,190:T
R;S,L;V,"53,223",0.0,6EQE,53:L,223:V
R;A,L;W,"53,65",0.0,6EQE,53:L,65:W
R;K,L;Y,"53,253",0.0,6EQE,53:L,253:Y
R;R,L;S,"53,90",0.0,6EQE,53:L,90:S
R;T,L;M,"53,29",0.0,6EQE,53:L,29:M
R;M,L;L,"53,262",0.0,6EQE,53:L,262:L
R;A,L;L,"53,272",0.0,6EQE,53:L,272:L
R;R,L;N,"53,90",0.0,6EQE,53:L,90:N
R;R,L;T,"53,90",0.0,6EQE,53:L,90:T
R;G,L;T,"53,254",0.0,6EQE,53:L,254:T
R;R,L;P,"53,90",0.0,6EQE,53:L,90:P
R;N,L;Y,"53,37",0.0,6EQE,53:L,37:Y
R;Q,L;I,"53,182",0.0,6EQE,53:L,182:I
R;R,L;A,"53,90",0.0,6EQE,53:L,90:A
R;K,L;F,"53,253",0.0,6EQE,53:L,253:F
R;Y,L;S,"53,63",0.0,6EQE,53:L,63:S
R;Q,L;M,"53,127",0.0,6EQE,53:L,127:M
R;Q,L;L,"53,182",0.0,6EQE,53:L,182:L
R;K,L;A,"53,253",0.0,6EQE,53:L,253:A
R;K,L;V,"53,253",0.0,6EQE,53:L,253:V
R;Q,L;F,"53,182",0.0,6EQE,53:L,182:F
R;R,L;D,"53,90",0.0,6EQE,53:L,90:D
R;Q,L;A,"53,127",0.0,6EQE,53:L,127:A
R;Y,L;T,"53,63",0.0,6EQE,53:L,63:T
R;Q,L;V,"53,182",0.0,6EQE,53:L,182:V
R;K,L;L,"53,253",0.0,6EQE,53:L,253:L
R;C,L;S,"53,289",0.0,6EQE,53:L,289:S
R;Y,L;G,"53,63",0.0,6EQE,53:L,63:G
R;M,L;V,"53,154",0.0,6EQE,53:L,154:V
R;Q,L;T,"53,127",0.0,6EQE,53:L,127:T
R;A,L;D,"53,226",0.0,6EQE,53:L,226:D
R;C,L;A,"53,289",0.0,6EQE,53:L,289:A
R;R,L;Q,"53,224",0.0,6EQE,53:L,224:Q
R;N,L;K,"53,233",0.0,6EQE,53:L,233:K
R;S,L;E,"53,136",0.0,6EQE,53:L,136:E
R;D,L;N,"53,186",0.0,6EQE,53:L,186:N
R;R,L;A,"53,280",0.0,6EQE,53:L,280:A
R;S,L;F,"53,238",0.0,6EQE,53:L,238:F
R;S,L;Q,"53,188",0.0,6EQE,53:L,188:Q
R;S,L;H,"53,214",0.0,6EQE,53:L,214:H
R;L,L;F,"53,117",0.0,6EQE,53:L,117:F
R;Q,L;Y,"53,119",0.0,6EQE,53:L,119:Y
R;G,L;A,"53,165",0.0,6EQE,53:L,165:A
R;S,L;E,"53,121",0.0,6EQE,53:L,121:E
R;I,L;R,"53,168",0.0,6EQE,53:L,168:R
R;N,L;H,"53,205",0.0,6EQE,53:L,205:H
R;S,L;Y,"53,269",0.0,6EQE,53:L,269:Y
R;S,L;T,"53,214",0.0,6EQE,53:L,214:T
R;I,L;R,"53,218",0.0,6EQE,53:L,218:R
R;P,L;K,"53,120",0.0,6EQE,53:L,120:K
R;M,L;H,"53,161",0.0,6EQE,53:L,161:H
R;I,L;H,"53,168",0.0,6EQE,53:L,168:H
R;N,L;K,"53,114",0.0,6EQE,53:L,114:K
R;P,L;V,"53,184",0.0,6EQE,53:L,184:V
R;W,L;P,"53,185",0.0,6EQE,53:L,185:P
R;S,L;H,"53,187",0.0,6EQE,53:L,187:H
R;S,L;P,"53,188",0.0,6EQE,53:L,188:P
R;T,L;Y,"53,189",0.0,6EQE,53:L,189:Y
R;F,L;M,"53,191",0.0,6EQE,53:L,191:M
A;P,T;D,"180,197",0.0,6EQE,180:T,197:D
A;T,T;V,"180,198",0.0,6EQE,180:T,198:V
A;A,T;M,"180,135",0.0,6EQE,180:T,135:M
A;I,T;L,"180,111",0.0,6EQE,180:T,111:L
A;G,T;S,"180,243",0.0,6EQE,180:T,243:S
A;Q,T;L,"180,127",0.0,6EQE,180:T,127:L
A;Q,T;H,"180,127",0.0,6EQE,180:T,127:H
A;W,T;I,"180,159",0.0,6EQE,180:T,159:I
A;Q,T;P,"180,127",0.0,6EQE,180:T,127:P
A;S,T;N,"180,103",0.0,6EQE,180:T,103:N
A;A,T;Y,"180,179",0.0,6EQE,180:T,179:Y
A;W,T;K,"180,257",0.0,6EQE,180:T,257:K
A;L,T;M,"180,216",0.0,6EQE,180:T,216:M
A;Q,T;E,"180,127",0.0,6EQE,180:T,127:E
A;G,T;A,"180,243",0.0,6EQE,180:T,243:A
A;A,T;N,"180,226",0.0,6EQE,180:T,226:N
A;L,T;I,"180,216",0.0,6EQE,180:T,216:I
A;C,T;L,"180,289",0.0,6EQE,180:T,289:L
A;S,T;E,"180,207",0.0,6EQE,180:T,207:E
A;M,T;L,"180,154",0.0,6EQE,180:T,154:L
A;M,T;P,"180,222",0.0,6EQE,180:T,222:P
A;G,T;T,"180,251",0.0,6EQE,180:T,251:T
A;P,T;L,"180,38",0.0,6EQE,180:T,38:L
A;L,T;W,"180,216",0.0,6EQE,180:T,216:W
A;T,T;L,"180,72",0.0,6EQE,180:T,72:L
A;S,T;P,"180,245",0.0,6EQE,180:T,245:P
A;I,T;W,"180,111",0.0,6EQE,180:T,111:W
A;L,T;D,"180,249",0.0,6EQE,180:T,249:D
A;E,T;K,"180,231",0.0,6EQE,180:T,231:K
A;D,T;K,"180,263",0.0,6EQE,180:T,263:K
A;T,T;M,"180,51",0.0,6EQE,180:T,51:M
A;L,T;E,"180,216",0.0,6EQE,180:T,216:E
A;S,T;T,"180,121",0.0,6EQE,180:T,121:T
A;I,T;H,"180,145",0.0,6EQE,180:T,145:H
A;I,T;L,"180,145",0.0,6EQE,180:T,145:L
A;H,T;M,"180,104",0.0,6EQE,180:T,104:M
A;R,T;P,"180,280",0.0,6EQE,180:T,280:P
A;L,T;F,"180,216",0.0,6EQE,180:T,216:F
A;S,T;D,"180,103",0.0,6EQE,180:T,103:D
A;I,T;V,"180,200",0.0,6EQE,180:T,200:V
A;T,T;K,"180,88",0.0,6EQE,180:T,88:K
A;N,T;K,"180,138",0.0,6EQE,180:T,138:K
A;A,T;L,"180,65",0.0,6EQE,180:T,65:L
A;Q,T;T,"180,91",0.0,6EQE,180:T,91:T
A;G,T;D,"180,163",0.0,6EQE,180:T,163:D
A;A,T;M,"180,65",0.0,6EQE,180:T,65:M
A;K,T;L,"180,252",0.0,6EQE,180:T,252:L
A;V,T;D,"180,57",0.0,6EQE,180:T,57:D
A;Q,T;V,"180,127",0.0,6EQE,180:T,127:V
A;V,T;C,"180,281",0.0,6EQE,180:T,281:C
A;T,T;V,"180,72",0.0,6EQE,180:T,72:V
A;Q,T;N,"180,133",0.0,6EQE,180:T,133:N
A;R,T;K,"180,53",0.0,6EQE,180:T,53:K
A;S,T;P,"180,125",0.0,6EQE,180:T,125:P
A;T,T;Q,"180,88",0.0,6EQE,180:T,88:Q
A;N,T;L,"180,138",0.0,6EQE,180:T,138:L
A;H,T;R,"180,104",0.0,6EQE,180:T,104:R
A;W,T;P,"180,159",0.0,6EQE,180:T,159:P
A;S,T;Y,"180,242",0.0,6EQE,180:T,242:Y
A;A,T;F,"180,65",0.0,6EQE,180:T,65:F
A;G,T;H,"180,251",0.0,6EQE,180:T,251:H
A;L,T;P,"180,216",0.0,6EQE,180:T,216:P
A;S,T;W,"180,58",0.0,6EQE,180:T,58:W
A;A,T;E,"180,152",0.0,6EQE,180:T,152:E
A;T,T;N,"180,88",0.0,6EQE,180:T,88:N
A;T,T;N,"180,198",0.0,6EQE,180:T,198:N
A;S,T;K,"180,58",0.0,6EQE,180:T,58:K
A;L,T;C,"180,249",0.0,6EQE,180:T,249:C
A;N,T;T,"180,190",0.0,6EQE,180:T,190:T
A;S,T;V,"180,223",0.0,6EQE,180:T,223:V
A;A,T;W,"180,65",0.0,6EQE,180:T,65:W
A;K,T;Y,"180,253",0.0,6EQE,180:T,253:Y
A;R,T;S,"180,90",0.0,6EQE,180:T,90:S
A;T,T;M,"180,29",0.0,6EQE,180:T,29:M
A;M,T;L,"180,262",0.0,6EQE,180:T,262:L
A;A,T;L,"180,272",0.0,6EQE,180:T,272:L
A;R,T;N,"180,90",0.0,6EQE,180:T,90:N
A;R,T;T,"180,90",0.0,6EQE,180:T,90:T
A;G,T;T,"180,254",0.0,6EQE,180:T,254:T
A;R,T;P,"180,90",0.0,6EQE,180:T,90:P
A;N,T;Y,"180,37",0.0,6EQE,180:T,37:Y
A;Q,T;I,"180,182",0.0,6EQE,180:T,182:I
A;R,T;A,"180,90",0.0,6EQE,180:T,90:A
A;K,T;F,"180,253",0.0,6EQE,180:T,253:F
A;Y,T;S,"180,63",0.0,6EQE,180:T,63:S
A;Q,T;M,"180,127",0.0,6EQE,180:T,127:M
A;Q,T;L,"180,182",0.0,6EQE,180:T,182:L
A;K,T;A,"180,253",0.0,6EQE,180:T,253:A
A;K,T;V,"180,253",0.0,6EQE,180:T,253:V
A;Q,T;F,"180,182",0.0,6EQE,180:T,182:F
A;R,T;D,"180,90",0.0,6EQE,180:T,90:D
A;Q,T;A,"180,127",0.0,6EQE,180:T,127:A
A;Y,T;T,"180,63",0.0,6EQE,180:T,63:T
A;Q,T;V,"180,182",0.0,6EQE,180:T,182:V
A;K,T;L,"180,253",0.0,6EQE,180:T,253:L
A;C,T;S,"180,289",0.0,6EQE,180:T,289:S
A;Y,T;G,"180,63",0.0,6EQE,180:T,63:G
A;M,T;V,"180,154",0.0,6EQE,180:T,154:V
A;Q,T;T,"180,127",0.0,6EQE,180:T,127:T
A;A,T;D,"180,226",0.0,6EQE,180:T,226:D
A;C,T;A,"180,289",0.0,6EQE,180:T,289:A
A;R,T;Q,"180,224",0.0,6EQE,180:T,224:Q
A;N,T;K,"180,233",0.0,6EQE,180:T,233:K
A;S,T;E,"180,136",0.0,6EQE,180:T,136:E
A;D,T;N,"180,186",0.0,6EQE,180:T,186:N
A;R,T;A,"180,280",0.0,6EQE,180:T,280:A
A;S,T;F,"180,238",0.0,6EQE,180:T,238:F
A;S,T;Q,"180,188",0.0,6EQE,180:T,188:Q
A;S,T;H,"180,214",0.0,6EQE,180:T,214:H
A;L,T;F,"180,117",0.0,6EQE,180:T,117:F
A;Q,T;Y,"180,119",0.0,6EQE,180:T,119:Y
A;G,T;A,"180,165",0.0,6EQE,180:T,165:A
A;S,T;E,"180,121",0.0,6EQE,180:T,121:E
A;I,T;R,"180,168",0.0,6EQE,180:T,168:R
A;N,T;H,"180,205",0.0,6EQE,180:T,205:H
A;S,T;Y,"180,269",0.0,6EQE,180:T,269:Y
A;S,T;T,"180,214",0.0,6EQE,180:T,214:T
A;I,T;R,"180,218",0.0,6EQE,180:T,218:R
A;P,T;K,"180,120",0.0,6EQE,180:T,120:K
A;M,T;H,"180,161",0.0,6EQE,180:T,161:H
A;I,T;H,"180,168",0.0,6EQE,180:T,168:H
A;N,T;K,"180,114",0.0,6EQE,180:T,114:K
A;P,T;V,"180,184",0.0,6EQE,180:T,184:V
A;W,T;P,"180,185",0.0,6EQE,180:T,185:P
A;S,T;H,"180,187",0.0,6EQE,180:T,187:H
A;S,T;P,"180,188",0.0,6EQE,180:T,188:P
A;T,T;Y,"180,189",0.0,6EQE,180:T,189:Y
A;F,T;M,"180,191",0.0,6EQE,180:T,191:M
P;T,D;V,"197,198",0.0,6EQE,197:D,198:V
P;A,D;M,"197,135",0.0,6EQE,197:D,135:M
P;I,D;L,"197,111",0.0,6EQE,197:D,111:L
P;G,D;S,"197,243",0.0,6EQE,197:D,243:S
P;Q,D;L,"197,127",0.0,6EQE,197:D,127:L
P;Q,D;H,"197,127",0.0,6EQE,197:D,127:H
P;W,D;I,"197,159",0.0,6EQE,197:D,159:I
P;Q,D;P,"197,127",0.0,6EQE,197:D,127:P
P;S,D;N,"197,103",0.0,6EQE,197:D,103:N
P;A,D;Y,"197,179",0.0,6EQE,197:D,179:Y
P;W,D;K,"197,257",0.0,6EQE,197:D,257:K
P;L,D;M,"197,216",0.0,6EQE,197:D,216:M
P;Q,D;E,"197,127",0.0,6EQE,197:D,127:E
P;G,D;A,"197,243",0.0,6EQE,197:D,243:A
P;A,D;N,"197,226",0.0,6EQE,197:D,226:N
P;L,D;I,"197,216",0.0,6EQE,197:D,216:I
P;C,D;L,"197,289",0.0,6EQE,197:D,289:L
P;S,D;E,"197,207",0.0,6EQE,197:D,207:E
P;M,D;L,"197,154",0.0,6EQE,197:D,154:L
P;M,D;P,"197,222",0.0,6EQE,197:D,222:P
P;G,D;T,"197,251",0.0,6EQE,197:D,251:T
P;P,D;L,"197,38",0.0,6EQE,197:D,38:L
P;L,D;W,"197,216",0.0,6EQE,197:D,216:W
P;T,D;L,"197,72",0.0,6EQE,197:D,72:L
P;S,D;P,"197,245",0.0,6EQE,197:D,245:P
P;I,D;W,"197,111",0.0,6EQE,197:D,111:W
P;L,D;D,"197,249",0.0,6EQE,197:D,249:D
P;E,D;K,"197,231",0.0,6EQE,197:D,231:K
P;D,D;K,"197,263",0.0,6EQE,197:D,263:K
P;T,D;M,"197,51",0.0,6EQE,197:D,51:M
P;L,D;E,"197,216",0.0,6EQE,197:D,216:E
P;S,D;T,"197,121",0.0,6EQE,197:D,121:T
P;I,D;H,"197,145",0.0,6EQE,197:D,145:H
P;I,D;L,"197,145",0.0,6EQE,197:D,145:L
P;H,D;M,"197,104",0.0,6EQE,197:D,104:M
P;R,D;P,"197,280",0.0,6EQE,197:D,280:P
P;L,D;F,"197,216",0.0,6EQE,197:D,216:F
P;S,D;D,"197,103",0.0,6EQE,197:D,103:D
P;I,D;V,"197,200",0.0,6EQE,197:D,200:V
P;T,D;K,"197,88",0.0,6EQE,197:D,88:K
P;N,D;K,"197,138",0.0,6EQE,197:D,138:K
P;A,D;L,"197,65",0.0,6EQE,197:D,65:L
P;Q,D;T,"197,91",0.0,6EQE,197:D,91:T
P;G,D;D,"197,163",0.0,6EQE,197:D,163:D
P;A,D;M,"197,65",0.0,6EQE,197:D,65:M
P;K,D;L,"197,252",0.0,6EQE,197:D,252:L
P;V,D;D,"197,57",0.0,6EQE,197:D,57:D
P;Q,D;V,"197,127",0.0,6EQE,197:D,127:V
P;V,D;C,"197,281",0.0,6EQE,197:D,281:C
P;T,D;V,"197,72",0.0,6EQE,197:D,72:V
P;Q,D;N,"197,133",0.0,6EQE,197:D,133:N
P;R,D;K,"197,53",0.0,6EQE,197:D,53:K
P;S,D;P,"197,125",0.0,6EQE,197:D,125:P
P;T,D;Q,"197,88",0.0,6EQE,197:D,88:Q
P;N,D;L,"197,138",0.0,6EQE,197:D,138:L
P;H,D;R,"197,104",0.0,6EQE,197:D,104:R
P;W,D;P,"197,159",0.0,6EQE,197:D,159:P
P;S,D;Y,"197,242",0.0,6EQE,197:D,242:Y
P;A,D;F,"197,65",0.0,6EQE,197:D,65:F
P;G,D;H,"197,251",0.0,6EQE,197:D,251:H
P;L,D;P,"197,216",0.0,6EQE,197:D,216:P
P;S,D;W,"197,58",0.0,6EQE,197:D,58:W
P;A,D;E,"197,152",0.0,6EQE,197:D,152:E
P;T,D;N,"197,88",0.0,6EQE,197:D,88:N
P;T,D;N,"197,198",0.0,6EQE,197:D,198:N
P;S,D;K,"197,58",0.0,6EQE,197:D,58:K
P;L,D;C,"197,249",0.0,6EQE,197:D,249:C
P;N,D;T,"197,190",0.0,6EQE,197:D,190:T
P;S,D;V,"197,223",0.0,6EQE,197:D,223:V
P;A,D;W,"197,65",0.0,6EQE,197:D,65:W
P;K,D;Y,"197,253",0.0,6EQE,197:D,253:Y
P;R,D;S,"197,90",0.0,6EQE,197:D,90:S
P;T,D;M,"197,29",0.0,6EQE,197:D,29:M
P;M,D;L,"197,262",0.0,6EQE,197:D,262:L
P;A,D;L,"197,272",0.0,6EQE,197:D,272:L
P;R,D;N,"197,90",0.0,6EQE,197:D,90:N
P;R,D;T,"197,90",0.0,6EQE,197:D,90:T
P;G,D;T,"197,254",0.0,6EQE,197:D,254:T
P;R,D;P,"197,90",0.0,6EQE,197:D,90:P
P;N,D;Y,"197,37",0.0,6EQE,197:D,37:Y
P;Q,D;I,"197,182",0.0,6EQE,197:D,182:I
P;R,D;A,"197,90",0.0,6EQE,197:D,90:A
P;K,D;F,"197,253",0.0,6EQE,197:D,253:F
P;Y,D;S,"197,63",0.0,6EQE,197:D,63:S
P;Q,D;M,"197,127",0.0,6EQE,197:D,127:M
P;Q,D;L,"197,182",0.0,6EQE,197:D,182:L
P;K,D;A,"197,253",0.0,6EQE,197:D,253:A
P;K,D;V,"197,253",0.0,6EQE,197:D,253:V
P;Q,D;F,"197,182",0.0,6EQE,197:D,182:F
P;R,D;D,"197,90",0.0,6EQE,197:D,90:D
P;Q,D;A,"197,127",0.0,6EQE,197:D,127:A
P;Y,D;T,"197,63",0.0,6EQE,197:D,63:T
P;Q,D;V,"197,182",0.0,6EQE,197:D,182:V
P;K,D;L,"197,253",0.0,6EQE,197:D,253:L
P;C,D;S,"197,289",0.0,6EQE,197:D,289:S
P;Y,D;G,"197,63",0.0,6EQE,197:D,63:G
P;M,D;V,"197,154",0.0,6EQE,197:D,154:V
P;Q,D;T,"197,127",0.0,6EQE,197:D,127:T
P;A,D;D,"197,226",0.0,6EQE,197:D,226:D
P;C,D;A,"197,289",0.0,6EQE,197:D,289:A
P;R,D;Q,"197,224",0.0,6EQE,197:D,224:Q
P;N,D;K,"197,233",0.0,6EQE,197:D,233:K
P;S,D;E,"197,136",0.0,6EQE,197:D,136:E
P;D,D;N,"197,186",0.0,6EQE,197:D,186:N
P;R,D;A,"197,280",0.0,6EQE,197:D,280:A
P;S,D;F,"197,238",0.0,6EQE,197:D,238:F
P;S,D;Q,"197,188",0.0,6EQE,197:D,188:Q
P;S,D;H,"197,214",0.0,6EQE,197:D,214:H
P;L,D;F,"197,117",0.0,6EQE,197:D,117:F
P;Q,D;Y,"197,119",0.0,6EQE,197:D,119:Y
P;G,D;A,"197,165",0.0,6EQE,197:D,165:A
P;S,D;E,"197,121",0.0,6EQE,197:D,121:E
P;I,D;R,"197,168",0.0,6EQE,197:D,168:R
P;N,D;H,"197,205",0.0,6EQE,197:D,205:H
P;S,D;Y,"197,269",0.0,6EQE,197:D,269:Y
P;S,D;T,"197,214",0.0,6EQE,197:D,214:T
P;I,D;R,"197,218",0.0,6EQE,197:D,218:R
P;P,D;K,"197,120",0.0,6EQE,197:D,120:K
P;M,D;H,"197,161",0.0,6EQE,197:D,161:H
P;I,D;H,"197,168",0.0,6EQE,197:D,168:H
P;N,D;K,"197,114",0.0,6EQE,197:D,114:K
P;P,D;V,"197,184",0.0,6EQE,197:D,184:V
P;W,D;P,"197,185",0.0,6EQE,197:D,185:P
P;S,D;H,"197,187",0.0,6EQE,197:D,187:H
P;S,D;P,"197,188",0.0,6EQE,197:D,188:P
P;T,D;Y,"197,189",0.0,6EQE,197:D,189:Y
P;F,D;M,"197,191",0.0,6EQE,197:D,191:M
T;A,V;M,"198,135",0.0,6EQE,198:V,135:M
T;I,V;L,"198,111",0.0,6EQE,198:V,111:L
T;G,V;S,"198,243",0.0,6EQE,198:V,243:S
T;Q,V;L,"198,127",0.0,6EQE,198:V,127:L
T;Q,V;H,"198,127",0.0,6EQE,198:V,127:H
T;W,V;I,"198,159",0.0,6EQE,198:V,159:I
T;Q,V;P,"198,127",0.0,6EQE,198:V,127:P
T;S,V;N,"198,103",0.0,6EQE,198:V,103:N
T;A,V;Y,"198,179",0.0,6EQE,198:V,179:Y
T;W,V;K,"198,257",0.0,6EQE,198:V,257:K
T;L,V;M,"198,216",0.0,6EQE,198:V,216:M
T;Q,V;E,"198,127",0.0,6EQE,198:V,127:E
T;G,V;A,"198,243",0.0,6EQE,198:V,243:A
T;A,V;N,"198,226",0.0,6EQE,198:V,226:N
T;L,V;I,"198,216",0.0,6EQE,198:V,216:I
T;C,V;L,"198,289",0.0,6EQE,198:V,289:L
T;S,V;E,"198,207",0.0,6EQE,198:V,207:E
T;M,V;L,"198,154",0.0,6EQE,198:V,154:L
T;M,V;P,"198,222",0.0,6EQE,198:V,222:P
T;G,V;T,"198,251",0.0,6EQE,198:V,251:T
T;P,V;L,"198,38",0.0,6EQE,198:V,38:L
T;L,V;W,"198,216",0.0,6EQE,198:V,216:W
T;T,V;L,"198,72",0.0,6EQE,198:V,72:L
T;S,V;P,"198,245",0.0,6EQE,198:V,245:P
T;I,V;W,"198,111",0.0,6EQE,198:V,111:W
T;L,V;D,"198,249",0.0,6EQE,198:V,249:D
T;E,V;K,"198,231",0.0,6EQE,198:V,231:K
T;D,V;K,"198,263",0.0,6EQE,198:V,263:K
T;T,V;M,"198,51",0.0,6EQE,198:V,51:M
T;L,V;E,"198,216",0.0,6EQE,198:V,216:E
T;S,V;T,"198,121",0.0,6EQE,198:V,121:T
T;I,V;H,"198,145",0.0,6EQE,198:V,145:H
T;I,V;L,"198,145",0.0,6EQE,198:V,145:L
T;H,V;M,"198,104",0.0,6EQE,198:V,104:M
T;R,V;P,"198,280",0.0,6EQE,198:V,280:P
T;L,V;F,"198,216",0.0,6EQE,198:V,216:F
T;S,V;D,"198,103",0.0,6EQE,198:V,103:D
T;I,V;V,"198,200",0.0,6EQE,198:V,200:V
T;T,V;K,"198,88",0.0,6EQE,198:V,88:K
T;N,V;K,"198,138",0.0,6EQE,198:V,138:K
T;A,V;L,"198,65",0.0,6EQE,198:V,65:L
T;Q,V;T,"198,91",0.0,6EQE,198:V,91:T
T;G,V;D,"198,163",0.0,6EQE,198:V,163:D
T;A,V;M,"198,65",0.0,6EQE,198:V,65:M
T;K,V;L,"198,252",0.0,6EQE,198:V,252:L
T;V,V;D,"198,57",0.0,6EQE,198:V,57:D
T;Q,V;V,"198,127",0.0,6EQE,198:V,127:V
T;V,V;C,"198,281",0.0,6EQE,198:V,281:C
T;T,V;V,"198,72",0.0,6EQE,198:V,72:V
T;Q,V;N,"198,133",0.0,6EQE,198:V,133:N
T;R,V;K,"198,53",0.0,6EQE,198:V,53:K
T;S,V;P,"198,125",0.0,6EQE,198:V,125:P
T;T,V;Q,"198,88",0.0,6EQE,198:V,88:Q
T;N,V;L,"198,138",0.0,6EQE,198:V,138:L
T;H,V;R,"198,104",0.0,6EQE,198:V,104:R
T;W,V;P,"198,159",0.0,6EQE,198:V,159:P
T;S,V;Y,"198,242",0.0,6EQE,198:V,242:Y
T;A,V;F,"198,65",0.0,6EQE,198:V,65:F
T;G,V;H,"198,251",0.0,6EQE,198:V,251:H
T;L,V;P,"198,216",0.0,6EQE,198:V,216:P
T;S,V;W,"198,58",0.0,6EQE,198:V,58:W
T;A,V;E,"198,152",0.0,6EQE,198:V,152:E
T;T,V;N,"198,88",0.0,6EQE,198:V,88:N
T;S,V;K,"198,58",0.0,6EQE,198:V,58:K
T;L,V;C,"198,249",0.0,6EQE,198:V,249:C
T;N,V;T,"198,190",0.0,6EQE,198:V,190:T
T;S,V;V,"198,223",0.0,6EQE,198:V,223:V
T;A,V;W,"198,65",0.0,6EQE,198:V,65:W
T;K,V;Y,"198,253",0.0,6EQE,198:V,253:Y
T;R,V;S,"198,90",0.0,6EQE,198:V,90:S
T;T,V;M,"198,29",0.0,6EQE,198:V,29:M
T;M,V;L,"198,262",0.0,6EQE,198:V,262:L
T;A,V;L,"198,272",0.0,6EQE,198:V,272:L
T;R,V;N,"198,90",0.0,6EQE,198:V,90:N
T;R,V;T,"198,90",0.0,6EQE,198:V,90:T
T;G,V;T,"198,254",0.0,6EQE,198:V,254:T
T;R,V;P,"198,90",0.0,6EQE,198:V,90:P
T;N,V;Y,"198,37",0.0,6EQE,198:V,37:Y
T;Q,V;I,"198,182",0.0,6EQE,198:V,182:I
T;R,V;A,"198,90",0.0,6EQE,198:V,90:A
T;K,V;F,"198,253",0.0,6EQE,198:V,253:F
T;Y,V;S,"198,63",0.0,6EQE,198:V,63:S
T;Q,V;M,"198,127",0.0,6EQE,198:V,127:M
T;Q,V;L,"198,182",0.0,6EQE,198:V,182:L
T;K,V;A,"198,253",0.0,6EQE,198:V,253:A
T;K,V;V,"198,253",0.0,6EQE,198:V,253:V
T;Q,V;F,"198,182",0.0,6EQE,198:V,182:F
T;R,V;D,"198,90",0.0,6EQE,198:V,90:D
T;Q,V;A,"198,127",0.0,6EQE,198:V,127:A
T;Y,V;T,"198,63",0.0,6EQE,198:V,63:T
T;Q,V;V,"198,182",0.0,6EQE,198:V,182:V
T;K,V;L,"198,253",0.0,6EQE,198:V,253:L
T;C,V;S,"198,289",0.0,6EQE,198:V,289:S
T;Y,V;G,"198,63",0.0,6EQE,198:V,63:G
T;M,V;V,"198,154",0.0,6EQE,198:V,154:V
T;Q,V;T,"198,127",0.0,6EQE,198:V,127:T
T;A,V;D,"198,226",0.0,6EQE,198:V,226:D
T;C,V;A,"198,289",0.0,6EQE,198:V,289:A
T;R,V;Q,"198,224",0.0,6EQE,198:V,224:Q
T;N,V;K,"198,233",0.0,6EQE,198:V,233:K
T;S,V;E,"198,136",0.0,6EQE,198:V,136:E
T;D,V;N,"198,186",0.0,6EQE,198:V,186:N
T;R,V;A,"198,280",0.0,6EQE,198:V,280:A
T;S,V;F,"198,238",0.0,6EQE,198:V,238:F
T;S,V;Q,"198,188",0.0,6EQE,198:V,188:Q
T;S,V;H,"198,214",0.0,6EQE,198:V,214:H
T;L,V;F,"198,117",0.0,6EQE,198:V,117:F
T;Q,V;Y,"198,119",0.0,6EQE,198:V,119:Y
T;G,V;A,"198,165",0.0,6EQE,198:V,165:A
T;S,V;E,"198,121",0.0,6EQE,198:V,121:E
T;I,V;R,"198,168",0.0,6EQE,198:V,168:R
T;N,V;H,"198,205",0.0,6EQE,198:V,205:H
T;S,V;Y,"198,269",0.0,6EQE,198:V,269:Y
T;S,V;T,"198,214",0.0,6EQE,198:V,214:T
T;I,V;R,"198,218",0.0,6EQE,198:V,218:R
T;P,V;K,"198,120",0.0,6EQE,198:V,120:K
T;M,V;H,"198,161",0.0,6EQE,198:V,161:H
T;I,V;H,"198,168",0.0,6EQE,198:V,168:H
T;N,V;K,"198,114",0.0,6EQE,198:V,114:K
T;P,V;V,"198,184",0.0,6EQE,198:V,184:V
T;W,V;P,"198,185",0.0,6EQE,198:V,185:P
T;S,V;H,"198,187",0.0,6EQE,198:V,187:H
T;S,V;P,"198,188",0.0,6EQE,198:V,188:P
T;T,V;Y,"198,189",0.0,6EQE,198:V,189:Y
T;F,V;M,"198,191",0.0,6EQE,198:V,191:M
A;I,M;L,"135,111",0.0,6EQE,135:M,111:L
A;G,M;S,"135,243",0.0,6EQE,135:M,243:S
A;Q,M;L,"135,127",0.0,6EQE,135:M,127:L
A;Q,M;H,"135,127",0.0,6EQE,135:M,127:H
A;W,M;I,"135,159",0.0,6EQE,135:M,159:I
A;Q,M;P,"135,127",0.0,6EQE,135:M,127:P
A;S,M;N,"135,103",0.0,6EQE,135:M,103:N
A;A,M;Y,"135,179",0.0,6EQE,135:M,179:Y
A;W,M;K,"135,257",0.0,6EQE,135:M,257:K
A;L,M;M,"135,216",0.0,6EQE,135:M,216:M
A;Q,M;E,"135,127",0.0,6EQE,135:M,127:E
A;G,M;A,"135,243",0.0,6EQE,135:M,243:A
A;A,M;N,"135,226",0.0,6EQE,135:M,226:N
A;L,M;I,"135,216",0.0,6EQE,135:M,216:I
A;C,M;L,"135,289",0.0,6EQE,135:M,289:L
A;S,M;E,"135,207",0.0,6EQE,135:M,207:E
A;M,M;L,"135,154",0.0,6EQE,135:M,154:L
A;M,M;P,"135,222",0.0,6EQE,135:M,222:P
A;G,M;T,"135,251",0.0,6EQE,135:M,251:T
A;P,M;L,"135,38",0.0,6EQE,135:M,38:L
A;L,M;W,"135,216",0.0,6EQE,135:M,216:W
A;T,M;L,"135,72",0.0,6EQE,135:M,72:L
A;S,M;P,"135,245",0.0,6EQE,135:M,245:P
A;I,M;W,"135,111",0.0,6EQE,135:M,111:W
A;L,M;D,"135,249",0.0,6EQE,135:M,249:D
A;E,M;K,"135,231",0.0,6EQE,135:M,231:K
A;D,M;K,"135,263",0.0,6EQE,135:M,263:K
A;T,M;M,"135,51",0.0,6EQE,135:M,51:M
A;L,M;E,"135,216",0.0,6EQE,135:M,216:E
A;S,M;T,"135,121",0.0,6EQE,135:M,121:T
A;I,M;H,"135,145",0.0,6EQE,135:M,145:H
A;I,M;L,"135,145",0.0,6EQE,135:M,145:L
A;H,M;M,"135,104",0.0,6EQE,135:M,104:M
A;R,M;P,"135,280",0.0,6EQE,135:M,280:P
A;L,M;F,"135,216",0.0,6EQE,135:M,216:F
A;S,M;D,"135,103",0.0,6EQE,135:M,103:D
A;I,M;V,"135,200",0.0,6EQE,135:M,200:V
A;T,M;K,"135,88",0.0,6EQE,135:M,88:K
A;N,M;K,"135,138",0.0,6EQE,135:M,138:K
A;A,M;L,"135,65",0.0,6EQE,135:M,65:L
A;Q,M;T,"135,91",0.0,6EQE,135:M,91:T
A;G,M;D,"135,163",0.0,6EQE,135:M,163:D
A;A,M;M,"135,65",0.0,6EQE,135:M,65:M
A;K,M;L,"135,252",0.0,6EQE,135:M,252:L
A;V,M;D,"135,57",0.0,6EQE,135:M,57:D
A;Q,M;V,"135,127",0.0,6EQE,135:M,127:V
A;V,M;C,"135,281",0.0,6EQE,135:M,281:C
A;T,M;V,"135,72",0.0,6EQE,135:M,72:V
A;Q,M;N,"135,133",0.0,6EQE,135:M,133:N
A;R,M;K,"135,53",0.0,6EQE,135:M,53:K
A;S,M;P,"135,125",0.0,6EQE,135:M,125:P
A;T,M;Q,"135,88",0.0,6EQE,135:M,88:Q
A;N,M;L,"135,138",0.0,6EQE,135:M,138:L
A;H,M;R,"135,104",0.0,6EQE,135:M,104:R
A;W,M;P,"135,159",0.0,6EQE,135:M,159:P
A;S,M;Y,"135,242",0.0,6EQE,135:M,242:Y
A;A,M;F,"135,65",0.0,6EQE,135:M,65:F
A;G,M;H,"135,251",0.0,6EQE,135:M,251:H
A;L,M;P,"135,216",0.0,6EQE,135:M,216:P
A;S,M;W,"135,58",0.0,6EQE,135:M,58:W
A;A,M;E,"135,152",0.0,6EQE,135:M,152:E
A;T,M;N,"135,88",0.0,6EQE,135:M,88:N
A;T,M;N,"135,198",0.0,6EQE,135:M,198:N
A;S,M;K,"135,58",0.0,6EQE,135:M,58:K
A;L,M;C,"135,249",0.0,6EQE,135:M,249:C
A;N,M;T,"135,190",0.0,6EQE,135:M,190:T
A;S,M;V,"135,223",0.0,6EQE,135:M,223:V
A;A,M;W,"135,65",0.0,6EQE,135:M,65:W
A;K,M;Y,"135,253",0.0,6EQE,135:M,253:Y
A;R,M;S,"135,90",0.0,6EQE,135:M,90:S
A;T,M;M,"135,29",0.0,6EQE,135:M,29:M
A;M,M;L,"135,262",0.0,6EQE,135:M,262:L
A;A,M;L,"135,272",0.0,6EQE,135:M,272:L
A;R,M;N,"135,90",0.0,6EQE,135:M,90:N
A;R,M;T,"135,90",0.0,6EQE,135:M,90:T
A;G,M;T,"135,254",0.0,6EQE,135:M,254:T
A;R,M;P,"135,90",0.0,6EQE,135:M,90:P
A;N,M;Y,"135,37",0.0,6EQE,135:M,37:Y
A;Q,M;I,"135,182",0.0,6EQE,135:M,182:I
A;R,M;A,"135,90",0.0,6EQE,135:M,90:A
A;K,M;F,"135,253",0.0,6EQE,135:M,253:F
A;Y,M;S,"135,63",0.0,6EQE,135:M,63:S
A;Q,M;M,"135,127",0.0,6EQE,135:M,127:M
A;Q,M;L,"135,182",0.0,6EQE,135:M,182:L
A;K,M;A,"135,253",0.0,6EQE,135:M,253:A
A;K,M;V,"135,253",0.0,6EQE,135:M,253:V
A;Q,M;F,"135,182",0.0,6EQE,135:M,182:F
A;R,M;D,"135,90",0.0,6EQE,135:M,90:D
A;Q,M;A,"135,127",0.0,6EQE,135:M,127:A
A;Y,M;T,"135,63",0.0,6EQE,135:M,63:T
A;Q,M;V,"135,182",0.0,6EQE,135:M,182:V
A;K,M;L,"135,253",0.0,6EQE,135:M,253:L
A;C,M;S,"135,289",0.0,6EQE,135:M,289:S
A;Y,M;G,"135,63",0.0,6EQE,135:M,63:G
A;M,M;V,"135,154",0.0,6EQE,135:M,154:V
A;Q,M;T,"135,127",0.0,6EQE,135:M,127:T
A;A,M;D,"135,226",0.0,6EQE,135:M,226:D
A;C,M;A,"135,289",0.0,6EQE,135:M,289:A
A;R,M;Q,"135,224",0.0,6EQE,135:M,224:Q
A;N,M;K,"135,233",0.0,6EQE,135:M,233:K
A;S,M;E,"135,136",0.0,6EQE,135:M,136:E
A;D,M;N,"135,186",0.0,6EQE,135:M,186:N
A;R,M;A,"135,280",0.0,6EQE,135:M,280:A
A;S,M;F,"135,238",0.0,6EQE,135:M,238:F
A;S,M;Q,"135,188",0.0,6EQE,135:M,188:Q
A;S,M;H,"135,214",0.0,6EQE,135:M,214:H
A;L,M;F,"135,117",0.0,6EQE,135:M,117:F
A;Q,M;Y,"135,119",0.0,6EQE,135:M,119:Y
A;G,M;A,"135,165",0.0,6EQE,135:M,165:A
A;S,M;E,"135,121",0.0,6EQE,135:M,121:E
A;I,M;R,"135,168",0.0,6EQE,135:M,168:R
A;N,M;H,"135,205",0.0,6EQE,135:M,205:H
A;S,M;Y,"135,269",0.0,6EQE,135:M,269:Y
A;S,M;T,"135,214",0.0,6EQE,135:M,214:T
A;I,M;R,"135,218",0.0,6EQE,135:M,218:R
A;P,M;K,"135,120",0.0,6EQE,135:M,120:K
A;M,M;H,"135,161",0.0,6EQE,135:M,161:H
A;I,M;H,"135,168",0.0,6EQE,135:M,168:H
A;N,M;K,"135,114",0.0,6EQE,135:M,114:K
A;P,M;V,"135,184",0.0,6EQE,135:M,184:V
A;W,M;P,"135,185",0.0,6EQE,135:M,185:P
A;S,M;H,"135,187",0.0,6EQE,135:M,187:H
A;S,M;P,"135,188",0.0,6EQE,135:M,188:P
A;T,M;Y,"135,189",0.0,6EQE,135:M,189:Y
A;F,M;M,"135,191",0.0,6EQE,135:M,191:M
I;G,L;S,"111,243",0.0,6EQE,111:L,243:S
I;Q,L;L,"111,127",0.0,6EQE,111:L,127:L
I;Q,L;H,"111,127",0.0,6EQE,111:L,127:H
I;W,L;I,"111,159",0.0,6EQE,111:L,159:I
I;Q,L;P,"111,127",0.0,6EQE,111:L,127:P
I;S,L;N,"111,103",0.0,6EQE,111:L,103:N
I;A,L;Y,"111,179",0.0,6EQE,111:L,179:Y
I;W,L;K,"111,257",0.0,6EQE,111:L,257:K
I;L,L;M,"111,216",0.0,6EQE,111:L,216:M
I;Q,L;E,"111,127",0.0,6EQE,111:L,127:E
I;G,L;A,"111,243",0.0,6EQE,111:L,243:A
I;A,L;N,"111,226",0.0,6EQE,111:L,226:N
I;L,L;I,"111,216",0.0,6EQE,111:L,216:I
I;C,L;L,"111,289",0.0,6EQE,111:L,289:L
I;S,L;E,"111,207",0.0,6EQE,111:L,207:E
I;M,L;L,"111,154",0.0,6EQE,111:L,154:L
I;M,L;P,"111,222",0.0,6EQE,111:L,222:P
I;G,L;T,"111,251",0.0,6EQE,111:L,251:T
I;P,L;L,"111,38",0.0,6EQE,111:L,38:L
I;L,L;W,"111,216",0.0,6EQE,111:L,216:W
I;T,L;L,"111,72",0.0,6EQE,111:L,72:L
I;S,L;P,"111,245",0.0,6EQE,111:L,245:P
I;L,L;D,"111,249",0.0,6EQE,111:L,249:D
I;E,L;K,"111,231",0.0,6EQE,111:L,231:K
I;D,L;K,"111,263",0.0,6EQE,111:L,263:K
I;T,L;M,"111,51",0.0,6EQE,111:L,51:M
I;L,L;E,"111,216",0.0,6EQE,111:L,216:E
I;S,L;T,"111,121",0.0,6EQE,111:L,121:T
I;I,L;H,"111,145",0.0,6EQE,111:L,145:H
I;I,L;L,"111,145",0.0,6EQE,111:L,145:L
I;H,L;M,"111,104",0.0,6EQE,111:L,104:M
I;R,L;P,"111,280",0.0,6EQE,111:L,280:P
I;L,L;F,"111,216",0.0,6EQE,111:L,216:F
I;S,L;D,"111,103",0.0,6EQE,111:L,103:D
I;I,L;V,"111,200",0.0,6EQE,111:L,200:V
I;T,L;K,"111,88",0.0,6EQE,111:L,88:K
I;N,L;K,"111,138",0.0,6EQE,111:L,138:K
I;A,L;L,"111,65",0.0,6EQE,111:L,65:L
I;Q,L;T,"111,91",0.0,6EQE,111:L,91:T
I;G,L;D,"111,163",0.0,6EQE,111:L,163:D
I;A,L;M,"111,65",0.0,6EQE,111:L,65:M
I;K,L;L,"111,252",0.0,6EQE,111:L,252:L
I;V,L;D,"111,57",0.0,6EQE,111:L,57:D
I;Q,L;V,"111,127",0.0,6EQE,111:L,127:V
I;V,L;C,"111,281",0.0,6EQE,111:L,281:C
I;T,L;V,"111,72",0.0,6EQE,111:L,72:V
I;Q,L;N,"111,133",0.0,6EQE,111:L,133:N
I;R,L;K,"111,53",0.0,6EQE,111:L,53:K
I;S,L;P,"111,125",0.0,6EQE,111:L,125:P
I;T,L;Q,"111,88",0.0,6EQE,111:L,88:Q
I;N,L;L,"111,138",0.0,6EQE,111:L,138:L
I;H,L;R,"111,104",0.0,6EQE,111:L,104:R
I;W,L;P,"111,159",0.0,6EQE,111:L,159:P
I;S,L;Y,"111,242",0.0,6EQE,111:L,242:Y
I;A,L;F,"111,65",0.0,6EQE,111:L,65:F
I;G,L;H,"111,251",0.0,6EQE,111:L,251:H
I;L,L;P,"111,216",0.0,6EQE,111:L,216:P
I;S,L;W,"111,58",0.0,6EQE,111:L,58:W
I;A,L;E,"111,152",0.0,6EQE,111:L,152:E
I;T,L;N,"111,88",0.0,6EQE,111:L,88:N
I;T,L;N,"111,198",0.0,6EQE,111:L,198:N
I;S,L;K,"111,58",0.0,6EQE,111:L,58:K
I;L,L;C,"111,249",0.0,6EQE,111:L,249:C
I;N,L;T,"111,190",0.0,6EQE,111:L,190:T
I;S,L;V,"111,223",0.0,6EQE,111:L,223:V
I;A,L;W,"111,65",0.0,6EQE,111:L,65:W
I;K,L;Y,"111,253",0.0,6EQE,111:L,253:Y
I;R,L;S,"111,90",0.0,6EQE,111:L,90:S
I;T,L;M,"111,29",0.0,6EQE,111:L,29:M
I;M,L;L,"111,262",0.0,6EQE,111:L,262:L
I;A,L;L,"111,272",0.0,6EQE,111:L,272:L
I;R,L;N,"111,90",0.0,6EQE,111:L,90:N
I;R,L;T,"111,90",0.0,6EQE,111:L,90:T
I;G,L;T,"111,254",0.0,6EQE,111:L,254:T
I;R,L;P,"111,90",0.0,6EQE,111:L,90:P
I;N,L;Y,"111,37",0.0,6EQE,111:L,37:Y
I;Q,L;I,"111,182",0.0,6EQE,111:L,182:I
I;R,L;A,"111,90",0.0,6EQE,111:L,90:A
I;K,L;F,"111,253",0.0,6EQE,111:L,253:F
I;Y,L;S,"111,63",0.0,6EQE,111:L,63:S
I;Q,L;M,"111,127",0.0,6EQE,111:L,127:M
I;Q,L;L,"111,182",0.0,6EQE,111:L,182:L
I;K,L;A,"111,253",0.0,6EQE,111:L,253:A
I;K,L;V,"111,253",0.0,6EQE,111:L,253:V
I;Q,L;F,"111,182",0.0,6EQE,111:L,182:F
I;R,L;D,"111,90",0.0,6EQE,111:L,90:D
I;Q,L;A,"111,127",0.0,6EQE,111:L,127:A
I;Y,L;T,"111,63",0.0,6EQE,111:L,63:T
I;Q,L;V,"111,182",0.0,6EQE,111:L,182:V
I;K,L;L,"111,253",0.0,6EQE,111:L,253:L
I;C,L;S,"111,289",0.0,6EQE,111:L,289:S
I;Y,L;G,"111,63",0.0,6EQE,111:L,63:G
I;M,L;V,"111,154",0.0,6EQE,111:L,154:V
I;Q,L;T,"111,127",0.0,6EQE,111:L,127:T
I;A,L;D,"111,226",0.0,6EQE,111:L,226:D
I;C,L;A,"111,289",0.0,6EQE,111:L,289:A
I;R,L;Q,"111,224",0.0,6EQE,111:L,224:Q
I;N,L;K,"111,233",0.0,6EQE,111:L,233:K
I;S,L;E,"111,136",0.0,6EQE,111:L,136:E
I;D,L;N,"111,186",0.0,6EQE,111:L,186:N
I;R,L;A,"111,280",0.0,6EQE,111:L,280:A
I;S,L;F,"111,238",0.0,6EQE,111:L,238:F
I;S,L;Q,"111,188",0.0,6EQE,111:L,188:Q
I;S,L;H,"111,214",0.0,6EQE,111:L,214:H
I;L,L;F,"111,117",0.0,6EQE,111:L,117:F
I;Q,L;Y,"111,119",0.0,6EQE,111:L,119:Y
I;G,L;A,"111,165",0.0,6EQE,111:L,165:A
I;S,L;E,"111,121",0.0,6EQE,111:L,121:E
I;I,L;R,"111,168",0.0,6EQE,111:L,168:R
I;N,L;H,"111,205",0.0,6EQE,111:L,205:H
I;S,L;Y,"111,269",0.0,6EQE,111:L,269:Y
I;S,L;T,"111,214",0.0,6EQE,111:L,214:T
I;I,L;R,"111,218",0.0,6EQE,111:L,218:R
I;P,L;K,"111,120",0.0,6EQE,111:L,120:K
I;M,L;H,"111,161",0.0,6EQE,111:L,161:H
I;I,L;H,"111,168",0.0,6EQE,111:L,168:H
I;N,L;K,"111,114",0.0,6EQE,111:L,114:K
I;P,L;V,"111,184",0.0,6EQE,111:L,184:V
I;W,L;P,"111,185",0.0,6EQE,111:L,185:P
I;S,L;H,"111,187",0.0,6EQE,111:L,187:H
I;S,L;P,"111,188",0.0,6EQE,111:L,188:P
I;T,L;Y,"111,189",0.0,6EQE,111:L,189:Y
I;F,L;M,"111,191",0.0,6EQE,111:L,191:M
G;Q,S;L,"243,127",0.0,6EQE,243:S,127:L
G;Q,S;H,"243,127",0.0,6EQE,243:S,127:H
G;W,S;I,"243,159",0.0,6EQE,243:S,159:I
G;Q,S;P,"243,127",0.0,6EQE,243:S,127:P
G;S,S;N,"243,103",0.0,6EQE,243:S,103:N
G;A,S;Y,"243,179",0.0,6EQE,243:S,179:Y
G;W,S;K,"243,257",0.0,6EQE,243:S,257:K
G;L,S;M,"243,216",0.0,6EQE,243:S,216:M
G;Q,S;E,"243,127",0.0,6EQE,243:S,127:E
G;A,S;N,"243,226",0.0,6EQE,243:S,226:N
G;L,S;I,"243,216",0.0,6EQE,243:S,216:I
G;C,S;L,"243,289",0.0,6EQE,243:S,289:L
G;S,S;E,"243,207",0.0,6EQE,243:S,207:E
G;M,S;L,"243,154",0.0,6EQE,243:S,154:L
G;M,S;P,"243,222",0.0,6EQE,243:S,222:P
G;G,S;T,"243,251",0.0,6EQE,243:S,251:T
G;P,S;L,"243,38",0.0,6EQE,243:S,38:L
G;L,S;W,"243,216",0.0,6EQE,243:S,216:W
G;T,S;L,"243,72",0.0,6EQE,243:S,72:L
G;S,S;P,"243,245",0.0,6EQE,243:S,245:P
G;I,S;W,"243,111",0.0,6EQE,243:S,111:W
G;L,S;D,"243,249",0.0,6EQE,243:S,249:D
G;E,S;K,"243,231",0.0,6EQE,243:S,231:K
G;D,S;K,"243,263",0.0,6EQE,243:S,263:K
G;T,S;M,"243,51",0.0,6EQE,243:S,51:M
G;L,S;E,"243,216",0.0,6EQE,243:S,216:E
G;S,S;T,"243,121",0.0,6EQE,243:S,121:T
G;I,S;H,"243,145",0.0,6EQE,243:S,145:H
G;I,S;L,"243,145",0.0,6EQE,243:S,145:L
G;H,S;M,"243,104",0.0,6EQE,243:S,104:M
G;R,S;P,"243,280",0.0,6EQE,243:S,280:P
G;L,S;F,"243,216",0.0,6EQE,243:S,216:F
G;S,S;D,"243,103",0.0,6EQE,243:S,103:D
G;I,S;V,"243,200",0.0,6EQE,243:S,200:V
G;T,S;K,"243,88",0.0,6EQE,243:S,88:K
G;N,S;K,"243,138",0.0,6EQE,243:S,138:K
G;A,S;L,"243,65",0.0,6EQE,243:S,65:L
G;Q,S;T,"243,91",0.0,6EQE,243:S,91:T
G;G,S;D,"243,163",0.0,6EQE,243:S,163:D
G;A,S;M,"243,65",0.0,6EQE,243:S,65:M
G;K,S;L,"243,252",0.0,6EQE,243:S,252:L
G;V,S;D,"243,57",0.0,6EQE,243:S,57:D
G;Q,S;V,"243,127",0.0,6EQE,243:S,127:V
G;V,S;C,"243,281",0.0,6EQE,243:S,281:C
G;T,S;V,"243,72",0.0,6EQE,243:S,72:V
G;Q,S;N,"243,133",0.0,6EQE,243:S,133:N
G;R,S;K,"243,53",0.0,6EQE,243:S,53:K
G;S,S;P,"243,125",0.0,6EQE,243:S,125:P
G;T,S;Q,"243,88",0.0,6EQE,243:S,88:Q
G;N,S;L,"243,138",0.0,6EQE,243:S,138:L
G;H,S;R,"243,104",0.0,6EQE,243:S,104:R
G;W,S;P,"243,159",0.0,6EQE,243:S,159:P
G;S,S;Y,"243,242",0.0,6EQE,243:S,242:Y
G;A,S;F,"243,65",0.0,6EQE,243:S,65:F
G;G,S;H,"243,251",0.0,6EQE,243:S,251:H
G;L,S;P,"243,216",0.0,6EQE,243:S,216:P
G;S,S;W,"243,58",0.0,6EQE,243:S,58:W
G;A,S;E,"243,152",0.0,6EQE,243:S,152:E
G;T,S;N,"243,88",0.0,6EQE,243:S,88:N
G;T,S;N,"243,198",0.0,6EQE,243:S,198:N
G;S,S;K,"243,58",0.0,6EQE,243:S,58:K
G;L,S;C,"243,249",0.0,6EQE,243:S,249:C
G;N,S;T,"243,190",0.0,6EQE,243:S,190:T
G;S,S;V,"243,223",0.0,6EQE,243:S,223:V
G;A,S;W,"243,65",0.0,6EQE,243:S,65:W
G;K,S;Y,"243,253",0.0,6EQE,243:S,253:Y
G;R,S;S,"243,90",0.0,6EQE,243:S,90:S
G;T,S;M,"243,29",0.0,6EQE,243:S,29:M
G;M,S;L,"243,262",0.0,6EQE,243:S,262:L
G;A,S;L,"243,272",0.0,6EQE,243:S,272:L
G;R,S;N,"243,90",0.0,6EQE,243:S,90:N
G;R,S;T,"243,90",0.0,6EQE,243:S,90:T
G;G,S;T,"243,254",0.0,6EQE,243:S,254:T
G;R,S;P,"243,90",0.0,6EQE,243:S,90:P
G;N,S;Y,"243,37",0.0,6EQE,243:S,37:Y
G;Q,S;I,"243,182",0.0,6EQE,243:S,182:I
G;R,S;A,"243,90",0.0,6EQE,243:S,90:A
G;K,S;F,"243,253",0.0,6EQE,243:S,253:F
G;Y,S;S,"243,63",0.0,6EQE,243:S,63:S
G;Q,S;M,"243,127",0.0,6EQE,243:S,127:M
G;Q,S;L,"243,182",0.0,6EQE,243:S,182:L
G;K,S;A,"243,253",0.0,6EQE,243:S,253:A
G;K,S;V,"243,253",0.0,6EQE,243:S,253:V
G;Q,S;F,"243,182",0.0,6EQE,243:S,182:F
G;R,S;D,"243,90",0.0,6EQE,243:S,90:D
G;Q,S;A,"243,127",0.0,6EQE,243:S,127:A
G;Y,S;T,"243,63",0.0,6EQE,243:S,63:T
G;Q,S;V,"243,182",0.0,6EQE,243:S,182:V
G;K,S;L,"243,253",0.0,6EQE,243:S,253:L
G;C,S;S,"243,289",0.0,6EQE,243:S,289:S
G;Y,S;G,"243,63",0.0,6EQE,243:S,63:G
G;M,S;V,"243,154",0.0,6EQE,243:S,154:V
G;Q,S;T,"243,127",0.0,6EQE,243:S,127:T
G;A,S;D,"243,226",0.0,6EQE,243:S,226:D
G;C,S;A,"243,289",0.0,6EQE,243:S,289:A
G;R,S;Q,"243,224",0.0,6EQE,243:S,224:Q
G;N,S;K,"243,233",0.0,6EQE,243:S,233:K
G;S,S;E,"243,136",0.0,6EQE,243:S,136:E
G;D,S;N,"243,186",0.0,6EQE,243:S,186:N
G;R,S;A,"243,280",0.0,6EQE,243:S,280:A
G;S,S;F,"243,238",0.0,6EQE,243:S,238:F
G;S,S;Q,"243,188",0.0,6EQE,243:S,188:Q
G;S,S;H,"243,214",0.0,6EQE,243:S,214:H
G;L,S;F,"243,117",0.0,6EQE,243:S,117:F
G;Q,S;Y,"243,119",0.0,6EQE,243:S,119:Y
G;G,S;A,"243,165",0.0,6EQE,243:S,165:A
G;S,S;E,"243,121",0.0,6EQE,243:S,121:E
G;I,S;R,"243,168",0.0,6EQE,243:S,168:R
G;N,S;H,"243,205",0.0,6EQE,243:S,205:H
G;S,S;Y,"243,269",0.0,6EQE,243:S,269:Y
G;S,S;T,"243,214",0.0,6EQE,243:S,214:T
G;I,S;R,"243,218",0.0,6EQE,243:S,218:R
G;P,S;K,"243,120",0.0,6EQE,243:S,120:K
G;M,S;H,"243,161",0.0,6EQE,243:S,161:H
G;I,S;H,"243,168",0.0,6EQE,243:S,168:H
G;N,S;K,"243,114",0.0,6EQE,243:S,114:K
G;P,S;V,"243,184",0.0,6EQE,243:S,184:V
G;W,S;P,"243,185",0.0,6EQE,243:S,185:P
G;S,S;H,"243,187",0.0,6EQE,243:S,187:H
G;S,S;P,"243,188",0.0,6EQE,243:S,188:P
G;T,S;Y,"243,189",0.0,6EQE,243:S,189:Y
G;F,S;M,"243,191",0.0,6EQE,243:S,191:M
Q;W,L;I,"127,159",0.0,6EQE,127:L,159:I
Q;S,L;N,"127,103",0.0,6EQE,127:L,103:N
Q;A,L;Y,"127,179",0.0,6EQE,127:L,179:Y
Q;W,L;K,"127,257",0.0,6EQE,127:L,257:K
Q;L,L;M,"127,216",0.0,6EQE,127:L,216:M
Q;G,L;A,"127,243",0.0,6EQE,127:L,243:A
Q;A,L;N,"127,226",0.0,6EQE,127:L,226:N
Q;L,L;I,"127,216",0.0,6EQE,127:L,216:I
Q;C,L;L,"127,289",0.0,6EQE,127:L,289:L
Q;S,L;E,"127,207",0.0,6EQE,127:L,207:E
Q;M,L;L,"127,154",0.0,6EQE,127:L,154:L
Q;M,L;P,"127,222",0.0,6EQE,127:L,222:P
Q;G,L;T,"127,251",0.0,6EQE,127:L,251:T
Q;P,L;L,"127,38",0.0,6EQE,127:L,38:L
Q;L,L;W,"127,216",0.0,6EQE,127:L,216:W
Q;T,L;L,"127,72",0.0,6EQE,127:L,72:L
Q;S,L;P,"127,245",0.0,6EQE,127:L,245:P
Q;I,L;W,"127,111",0.0,6EQE,127:L,111:W
Q;L,L;D,"127,249",0.0,6EQE,127:L,249:D
Q;E,L;K,"127,231",0.0,6EQE,127:L,231:K
Q;D,L;K,"127,263",0.0,6EQE,127:L,263:K
Q;T,L;M,"127,51",0.0,6EQE,127:L,51:M
Q;L,L;E,"127,216",0.0,6EQE,127:L,216:E
Q;S,L;T,"127,121",0.0,6EQE,127:L,121:T
Q;I,L;H,"127,145",0.0,6EQE,127:L,145:H
Q;I,L;L,"127,145",0.0,6EQE,127:L,145:L
Q;H,L;M,"127,104",0.0,6EQE,127:L,104:M
Q;R,L;P,"127,280",0.0,6EQE,127:L,280:P
Q;L,L;F,"127,216",0.0,6EQE,127:L,216:F
Q;S,L;D,"127,103",0.0,6EQE,127:L,103:D
Q;I,L;V,"127,200",0.0,6EQE,127:L,200:V
Q;T,L;K,"127,88",0.0,6EQE,127:L,88:K
Q;N,L;K,"127,138",0.0,6EQE,127:L,138:K
Q;A,L;L,"127,65",0.0,6EQE,127:L,65:L
Q;Q,L;T,"127,91",0.0,6EQE,127:L,91:T
Q;G,L;D,"127,163",0.0,6EQE,127:L,163:D
Q;A,L;M,"127,65",0.0,6EQE,127:L,65:M
Q;K,L;L,"127,252",0.0,6EQE,127:L,252:L
Q;V,L;D,"127,57",0.0,6EQE,127:L,57:D
Q;V,L;C,"127,281",0.0,6EQE,127:L,281:C
Q;T,L;V,"127,72",0.0,6EQE,127:L,72:V
Q;Q,L;N,"127,133",0.0,6EQE,127:L,133:N
Q;R,L;K,"127,53",0.0,6EQE,127:L,53:K
Q;S,L;P,"127,125",0.0,6EQE,127:L,125:P
Q;T,L;Q,"127,88",0.0,6EQE,127:L,88:Q
Q;N,L;L,"127,138",0.0,6EQE,127:L,138:L
Q;H,L;R,"127,104",0.0,6EQE,127:L,104:R
Q;W,L;P,"127,159",0.0,6EQE,127:L,159:P
Q;S,L;Y,"127,242",0.0,6EQE,127:L,242:Y
