wild_type,mutation_type,position_idx,stability_score,protein_id
S;I;S;S,Q;R;F;N,"188,168,238,124",0.0,6EQE
S;I;S;G,Q;R;F;Q,"188,168,238,243",0.0,6EQE
S;I;S;G,Q;R;F;L,"188,168,238,243",0.0,6EQE
S;I;S;T,Q;R;F;E,"188,168,238,270",0.0,6EQE
S;I;S;R,Q;R;F;V,"188,168,238,34",0.0,6EQE
S;I;S;G,Q;R;F;K,"188,168,238,243",0.0,6EQE
S;I;S;D,Q;R;F;Q,"188,168,238,220",0.0,6EQE
S;I;S;S,Q;R;F;K,"188,168,238,124",0.0,6EQE
S;I;S;F,Q;R;F;E,"188,168,238,271",0.0,6EQE
S;I;S;G,Q;R;F;Q,"188,168,238,164",0.0,6EQE
S;I;S;A,Q;R;F;D,"188,168,238,130",0.0,6EQE
S;I;S;W,Q;R;F;C,"188,168,238,257",0.0,6EQE
S;I;S;Q,Q;R;F;N,"188,168,238,127",0.0,6EQE
S;I;S;Q,Q;R;F;R,"188,168,238,127",0.0,6EQE
S;I;S;F,Q;R;F;M,"188,168,238,271",0.0,6EQE
S;I;S;S,Q;R;F;A,"188,168,238,124",0.0,6EQE
S;I;S;G,Q;R;F;I,"188,168,238,243",0.0,6EQE
S;I;S;Q,Q;R;F;I,"188,168,238,127",0.0,6EQE
S;I;S;A,Q;R;F;V,"188,168,238,65",0.0,6EQE
S;I;S;Q,Q;R;F;E,"188,168,238,133",0.0,6EQE
S;I;S;S,Q;R;F;T,"188,168,238,124",0.0,6EQE
S;I;S;Q,Q;R;F;K,"188,168,238,127",0.0,6EQE
S;I;S;Q,Q;R;F;W,"188,168,238,133",0.0,6EQE
S;I;S;D,Q;R;F;L,"188,168,238,220",0.0,6EQE
S;I;S;T,Q;R;F;D,"188,168,238,88",0.0,6EQE
S;I;S;R,Q;R;F;N,"188,168,238,132",0.0,6EQE
S;I;S;Q,Q;R;F;D,"188,168,238,127",0.0,6EQE
S;I;S;A,Q;R;F;Y,"188,168,238,215",0.0,6EQE
S;I;S;L,Q;R;F;K,"188,168,238,249",0.0,6EQE
S;I;S;R,Q;R;F;Y,"188,168,238,123",0.0,6EQE
S;I;S;F,Q;R;F;W,"188,168,238,271",0.0,6EQE
S;I;S;S,Q;R;F;D,"188,168,238,58",0.0,6EQE
S;I;S;N,Q;R;F;I,"188,168,238,37",0.0,6EQE
S;I;S;C,Q;R;F;D,"188,168,238,289",0.0,6EQE
S;I;S;A,Q;R;F;P,"188,168,238,152",0.0,6EQE
S;I;S;D,Q;R;F;V,"188,168,238,186",0.0,6EQE
S;I;S;G,Q;R;F;P,"188,168,238,243",0.0,6EQE
S;I;S;S,Q;R;F;E,"188,168,238,115",0.0,6EQE
S;I;S;L,Q;R;F;Q,"188,168,238,216",0.0,6EQE
S;I;S;N,Q;R;F;P,"188,168,238,277",0.0,6EQE
S;I;S;R,Q;R;F;Q,"188,168,238,132",0.0,6EQE
S;I;S;N,Q;R;F;Y,"188,168,238,244",0.0,6EQE
S;I;S;H,Q;R;F;T,"188,168,238,104",0.0,6EQE
S;I;S;S,Q;R;F;V,"188,168,238,58",0.0,6EQE
S;I;S;H,Q;R;F;L,"188,168,238,104",0.0,6EQE
S;I;S;P,Q;R;F;Q,"188,168,238,38",0.0,6EQE
S;I;S;R,Q;R;F;L,"188,168,238,53",0.0,6EQE
S;I;S;A,Q;R;F;T,"188,168,238,180",0.0,6EQE
S;I;S;P,Q;R;F;D,"188,168,238,197",0.0,6EQE
S;I;S;T,Q;R;F;V,"188,168,238,198",0.0,6EQE
S;I;S;A,Q;R;F;M,"188,168,238,135",0.0,6EQE
S;I;S;I,Q;R;F;L,"188,168,238,111",0.0,6EQE
S;I;S;G,Q;R;F;S,"188,168,238,243",0.0,6EQE
S;I;S;Q,Q;R;F;L,"188,168,238,127",0.0,6EQE
S;I;S;Q,Q;R;F;H,"188,168,238,127",0.0,6EQE
S;I;S;W,Q;R;F;I,"188,168,238,159",0.0,6EQE
S;I;S;Q,Q;R;F;P,"188,168,238,127",0.0,6EQE
S;I;S;S,Q;R;F;N,"188,168,238,103",0.0,6EQE
S;I;S;A,Q;R;F;Y,"188,168,238,179",0.0,6EQE
S;I;S;W,Q;R;F;K,"188,168,238,257",0.0,6EQE
S;I;S;L,Q;R;F;M,"188,168,238,216",0.0,6EQE
S;I;S;Q,Q;R;F;E,"188,168,238,127",0.0,6EQE
S;I;S;G,Q;R;F;A,"188,168,238,243",0.0,6EQE
S;I;S;A,Q;R;F;N,"188,168,238,226",0.0,6EQE
S;I;S;L,Q;R;F;I,"188,168,238,216",0.0,6EQE
S;I;S;C,Q;R;F;L,"188,168,238,289",0.0,6EQE
S;I;S;S,Q;R;F;E,"188,168,238,207",0.0,6EQE
S;I;S;M,Q;R;F;L,"188,168,238,154",0.0,6EQE
S;I;S;M,Q;R;F;P,"188,168,238,222",0.0,6EQE
S;I;S;G,Q;R;F;T,"188,168,238,251",0.0,6EQE
S;I;S;P,Q;R;F;L,"188,168,238,38",0.0,6EQE
S;I;S;L,Q;R;F;W,"188,168,238,216",0.0,6EQE
S;I;S;T,Q;R;F;L,"188,168,238,72",0.0,6EQE
S;I;S;S,Q;R;F;P,"188,168,238,245",0.0,6EQE
S;I;S;I,Q;R;F;W,"188,168,238,111",0.0,6EQE
S;I;S;L,Q;R;F;D,"188,168,238,249",0.0,6EQE
S;I;S;E,Q;R;F;K,"188,168,238,231",0.0,6EQE
S;I;S;D,Q;R;F;K,"188,168,238,263",0.0,6EQE
S;I;S;T,Q;R;F;M,"188,168,238,51",0.0,6EQE
S;I;S;L,Q;R;F;E,"188,168,238,216",0.0,6EQE
S;I;S;S,Q;R;F;T,"188,168,238,121",0.0,6EQE
S;I;S;I,Q;R;F;H,"188,168,238,145",0.0,6EQE
S;I;S;I,Q;R;F;L,"188,168,238,145",0.0,6EQE
S;I;S;H,Q;R;F;M,"188,168,238,104",0.0,6EQE
S;I;S;R,Q;R;F;P,"188,168,238,280",0.0,6EQE
S;I;S;L,Q;R;F;F,"188,168,238,216",0.0,6EQE
S;I;S;S,Q;R;F;D,"188,168,238,103",0.0,6EQE
S;I;S;I,Q;R;F;V,"188,168,238,200",0.0,6EQE
S;I;S;T,Q;R;F;K,"188,168,238,88",0.0,6EQE
S;I;S;N,Q;R;F;K,"188,168,238,138",0.0,6EQE
S;I;S;A,Q;R;F;L,"188,168,238,65",0.0,6EQE
S;I;S;Q,Q;R;F;T,"188,168,238,91",0.0,6EQE
S;I;S;G,Q;R;F;D,"188,168,238,163",0.0,6EQE
S;I;S;A,Q;R;F;M,"188,168,238,65",0.0,6EQE
S;I;S;K,Q;R;F;L,"188,168,238,252",0.0,6EQE
S;I;S;V,Q;R;F;D,"188,168,238,57",0.0,6EQE
S;I;S;Q,Q;R;F;V,"188,168,238,127",0.0,6EQE
S;I;S;V,Q;R;F;C,"188,168,238,281",0.0,6EQE
S;I;S;T,Q;R;F;V,"188,168,238,72",0.0,6EQE
S;I;S;Q,Q;R;F;N,"188,168,238,133",0.0,6EQE
S;I;S;R,Q;R;F;K,"188,168,238,53",0.0,6EQE
S;I;S;S,Q;R;F;P,"188,168,238,125",0.0,6EQE
S;I;S;T,Q;R;F;Q,"188,168,238,88",0.0,6EQE
S;I;S;N,Q;R;F;L,"188,168,238,138",0.0,6EQE
S;I;S;H,Q;R;F;R,"188,168,238,104",0.0,6EQE
S;I;S;W,Q;R;F;P,"188,168,238,159",0.0,6EQE
S;I;S;S,Q;R;F;Y,"188,168,238,242",0.0,6EQE
S;I;S;A,Q;R;F;F,"188,168,238,65",0.0,6EQE
S;I;S;G,Q;R;F;H,"188,168,238,251",0.0,6EQE
S;I;S;L,Q;R;F;P,"188,168,238,216",0.0,6EQE
S;I;S;S,Q;R;F;W,"188,168,238,58",0.0,6EQE
S;I;S;A,Q;R;F;E,"188,168,238,152",0.0,6EQE
S;I;S;T,Q;R;F;N,"188,168,238,88",0.0,6EQE
S;I;S;T,Q;R;F;N,"188,168,238,198",0.0,6EQE
S;I;S;S,Q;R;F;K,"188,168,238,58",0.0,6EQE
S;I;S;L,Q;R;F;C,"188,168,238,249",0.0,6EQE
S;I;S;N,Q;R;F;T,"188,168,238,190",0.0,6EQE
S;I;S;S,Q;R;F;V,"188,168,238,223",0.0,6EQE
S;I;S;A,Q;R;F;W,"188,168,238,65",0.0,6EQE
S;I;S;K,Q;R;F;Y,"188,168,238,253",0.0,6EQE
S;I;S;R,Q;R;F;S,"188,168,238,90",0.0,6EQE
S;I;S;T,Q;R;F;M,"188,168,238,29",0.0,6EQE
S;I;S;M,Q;R;F;L,"188,168,238,262",0.0,6EQE
S;I;S;A,Q;R;F;L,"188,168,238,272",0.0,6EQE
S;I;S;R,Q;R;F;N,"188,168,238,90",0.0,6EQE
S;I;S;R,Q;R;F;T,"188,168,238,90",0.0,6EQE
S;I;S;G,Q;R;F;T,"188,168,238,254",0.0,6EQE
S;I;S;R,Q;R;F;P,"188,168,238,90",0.0,6EQE
S;I;S;N,Q;R;F;Y,"188,168,238,37",0.0,6EQE
S;I;S;Q,Q;R;F;I,"188,168,238,182",0.0,6EQE
S;I;S;R,Q;R;F;A,"188,168,238,90",0.0,6EQE
S;I;S;K,Q;R;F;F,"188,168,238,253",0.0,6EQE
S;I;S;Y,Q;R;F;S,"188,168,238,63",0.0,6EQE
S;I;S;Q,Q;R;F;M,"188,168,238,127",0.0,6EQE
S;I;S;Q,Q;R;F;L,"188,168,238,182",0.0,6EQE
S;I;S;K,Q;R;F;A,"188,168,238,253",0.0,6EQE
S;I;S;K,Q;R;F;V,"188,168,238,253",0.0,6EQE
S;I;S;Q,Q;R;F;F,"188,168,238,182",0.0,6EQE
S;I;S;R,Q;R;F;D,"188,168,238,90",0.0,6EQE
S;I;S;Q,Q;R;F;A,"188,168,238,127",0.0,6EQE
S;I;S;Y,Q;R;F;T,"188,168,238,63",0.0,6EQE
S;I;S;Q,Q;R;F;V,"188,168,238,182",0.0,6EQE
S;I;S;K,Q;R;F;L,"188,168,238,253",0.0,6EQE
S;I;S;C,Q;R;F;S,"188,168,238,289",0.0,6EQE
S;I;S;Y,Q;R;F;G,"188,168,238,63",0.0,6EQE
S;I;S;M,Q;R;F;V,"188,168,238,154",0.0,6EQE
S;I;S;Q,Q;R;F;T,"188,168,238,127",0.0,6EQE
S;I;S;A,Q;R;F;D,"188,168,238,226",0.0,6EQE
S;I;S;C,Q;R;F;A,"188,168,238,289",0.0,6EQE
S;I;S;R,Q;R;F;Q,"188,168,238,224",0.0,6EQE
S;I;S;N,Q;R;F;K,"188,168,238,233",0.0,6EQE
S;I;S;S,Q;R;F;E,"188,168,238,136",0.0,6EQE
S;I;S;D,Q;R;F;N,"188,168,238,186",0.0,6EQE
S;I;S;R,Q;R;F;A,"188,168,238,280",0.0,6EQE
S;I;S;S,Q;R;F;H,"188,168,238,214",0.0,6EQE
S;I;S;L,Q;R;F;F,"188,168,238,117",0.0,6EQE
S;I;S;Q,Q;R;F;Y,"188,168,238,119",0.0,6EQE
S;I;S;G,Q;R;F;A,"188,168,238,165",0.0,6EQE
S;I;S;S,Q;R;F;E,"188,168,238,121",0.0,6EQE
S;I;S;N,Q;R;F;H,"188,168,238,205",0.0,6EQE
S;I;S;S,Q;R;F;Y,"188,168,238,269",0.0,6EQE
S;I;S;S,Q;R;F;T,"188,168,238,214",0.0,6EQE
S;I;S;I,Q;R;F;R,"188,168,238,218",0.0,6EQE
S;I;S;P,Q;R;F;K,"188,168,238,120",0.0,6EQE
S;I;S;M,Q;R;F;H,"188,168,238,161",0.0,6EQE
S;I;S;N,Q;R;F;K,"188,168,238,114",0.0,6EQE
S;I;S;P,Q;R;F;V,"188,168,238,184",0.0,6EQE
S;I;S;W,Q;R;F;P,"188,168,238,185",0.0,6EQE
S;I;S;S,Q;R;F;H,"188,168,238,187",0.0,6EQE
S;I;S;T,Q;R;F;Y,"188,168,238,189",0.0,6EQE
S;I;S;F,Q;R;F;M,"188,168,238,191",0.0,6EQE
S;I;S;G,Q;R;K;Q,"188,168,124,243",0.0,6EQE
S;I;S;G,Q;R;K;L,"188,168,124,243",0.0,6EQE
S;I;S;T,Q;R;K;E,"188,168,124,270",0.0,6EQE
S;I;S;R,Q;R;K;V,"188,168,124,34",0.0,6EQE
S;I;S;G,Q;R;K;K,"188,168,124,243",0.0,6EQE
S;I;S;D,Q;R;K;Q,"188,168,124,220",0.0,6EQE
S;I;S;F,Q;R;K;E,"188,168,124,271",0.0,6EQE
S;I;S;G,Q;R;K;Q,"188,168,124,164",0.0,6EQE
S;I;S;A,Q;R;K;D,"188,168,124,130",0.0,6EQE
S;I;S;W,Q;R;K;C,"188,168,124,257",0.0,6EQE
S;I;S;Q,Q;R;K;N,"188,168,124,127",0.0,6EQE
S;I;S;Q,Q;R;K;R,"188,168,124,127",0.0,6EQE
S;I;S;S,Q;R;K;M,"188,168,124,238",0.0,6EQE
S;I;S;F,Q;R;K;M,"188,168,124,271",0.0,6EQE
S;I;S;G,Q;R;K;I,"188,168,124,243",0.0,6EQE
S;I;S;Q,Q;R;K;I,"188,168,124,127",0.0,6EQE
S;I;S;A,Q;R;K;V,"188,168,124,65",0.0,6EQE
S;I;S;Q,Q;R;K;E,"188,168,124,133",0.0,6EQE
S;I;S;Q,Q;R;K;K,"188,168,124,127",0.0,6EQE
S;I;S;Q,Q;R;K;W,"188,168,124,133",0.0,6EQE
S;I;S;D,Q;R;K;L,"188,168,124,220",0.0,6EQE
S;I;S;T,Q;R;K;D,"188,168,124,88",0.0,6EQE
S;I;S;R,Q;R;K;N,"188,168,124,132",0.0,6EQE
S;I;S;Q,Q;R;K;D,"188,168,124,127",0.0,6EQE
S;I;S;A,Q;R;K;Y,"188,168,124,215",0.0,6EQE
S;I;S;L,Q;R;K;K,"188,168,124,249",0.0,6EQE
S;I;S;R,Q;R;K;Y,"188,168,124,123",0.0,6EQE
S;I;S;F,Q;R;K;W,"188,168,124,271",0.0,6EQE
S;I;S;S,Q;R;K;D,"188,168,124,58",0.0,6EQE
S;I;S;N,Q;R;K;I,"188,168,124,37",0.0,6EQE
S;I;S;C,Q;R;K;D,"188,168,124,289",0.0,6EQE
S;I;S;A,Q;R;K;P,"188,168,124,152",0.0,6EQE
S;I;S;D,Q;R;K;V,"188,168,124,186",0.0,6EQE
S;I;S;G,Q;R;K;P,"188,168,124,243",0.0,6EQE
S;I;S;S,Q;R;K;E,"188,168,124,115",0.0,6EQE
S;I;S;L,Q;R;K;Q,"188,168,124,216",0.0,6EQE
S;I;S;N,Q;R;K;P,"188,168,124,277",0.0,6EQE
S;I;S;R,Q;R;K;Q,"188,168,124,132",0.0,6EQE
S;I;S;N,Q;R;K;Y,"188,168,124,244",0.0,6EQE
S;I;S;H,Q;R;K;T,"188,168,124,104",0.0,6EQE
S;I;S;S,Q;R;K;V,"188,168,124,58",0.0,6EQE
S;I;S;H,Q;R;K;L,"188,168,124,104",0.0,6EQE
S;I;S;P,Q;R;K;Q,"188,168,124,38",0.0,6EQE
S;I;S;R,Q;R;K;L,"188,168,124,53",0.0,6EQE
S;I;S;A,Q;R;K;T,"188,168,124,180",0.0,6EQE
S;I;S;P,Q;R;K;D,"188,168,124,197",0.0,6EQE
S;I;S;T,Q;R;K;V,"188,168,124,198",0.0,6EQE
S;I;S;A,Q;R;K;M,"188,168,124,135",0.0,6EQE
S;I;S;I,Q;R;K;L,"188,168,124,111",0.0,6EQE
S;I;S;G,Q;R;K;S,"188,168,124,243",0.0,6EQE
S;I;S;Q,Q;R;K;L,"188,168,124,127",0.0,6EQE
S;I;S;Q,Q;R;K;H,"188,168,124,127",0.0,6EQE
S;I;S;W,Q;R;K;I,"188,168,124,159",0.0,6EQE
S;I;S;Q,Q;R;K;P,"188,168,124,127",0.0,6EQE
S;I;S;S,Q;R;K;N,"188,168,124,103",0.0,6EQE
S;I;S;A,Q;R;K;Y,"188,168,124,179",0.0,6EQE
S;I;S;W,Q;R;K;K,"188,168,124,257",0.0,6EQE
S;I;S;L,Q;R;K;M,"188,168,124,216",0.0,6EQE
S;I;S;Q,Q;R;K;E,"188,168,124,127",0.0,6EQE
S;I;S;G,Q;R;K;A,"188,168,124,243",0.0,6EQE
S;I;S;A,Q;R;K;N,"188,168,124,226",0.0,6EQE
S;I;S;L,Q;R;K;I,"188,168,124,216",0.0,6EQE
S;I;S;C,Q;R;K;L,"188,168,124,289",0.0,6EQE
S;I;S;S,Q;R;K;E,"188,168,124,207",0.0,6EQE
S;I;S;M,Q;R;K;L,"188,168,124,154",0.0,6EQE
S;I;S;M,Q;R;K;P,"188,168,124,222",0.0,6EQE
S;I;S;G,Q;R;K;T,"188,168,124,251",0.0,6EQE
S;I;S;P,Q;R;K;L,"188,168,124,38",0.0,6EQE
S;I;S;L,Q;R;K;W,"188,168,124,216",0.0,6EQE
S;I;S;T,Q;R;K;L,"188,168,124,72",0.0,6EQE
S;I;S;S,Q;R;K;P,"188,168,124,245",0.0,6EQE
S;I;S;I,Q;R;K;W,"188,168,124,111",0.0,6EQE
S;I;S;L,Q;R;K;D,"188,168,124,249",0.0,6EQE
S;I;S;E,Q;R;K;K,"188,168,124,231",0.0,6EQE
S;I;S;D,Q;R;K;K,"188,168,124,263",0.0,6EQE
S;I;S;T,Q;R;K;M,"188,168,124,51",0.0,6EQE
S;I;S;L,Q;R;K;E,"188,168,124,216",0.0,6EQE
S;I;S;S,Q;R;K;T,"188,168,124,121",0.0,6EQE
S;I;S;I,Q;R;K;H,"188,168,124,145",0.0,6EQE
S;I;S;I,Q;R;K;L,"188,168,124,145",0.0,6EQE
S;I;S;H,Q;R;K;M,"188,168,124,104",0.0,6EQE
S;I;S;R,Q;R;K;P,"188,168,124,280",0.0,6EQE
S;I;S;L,Q;R;K;F,"188,168,124,216",0.0,6EQE
S;I;S;S,Q;R;K;D,"188,168,124,103",0.0,6EQE
S;I;S;I,Q;R;K;V,"188,168,124,200",0.0,6EQE
S;I;S;T,Q;R;K;K,"188,168,124,88",0.0,6EQE
S;I;S;N,Q;R;K;K,"188,168,124,138",0.0,6EQE
S;I;S;A,Q;R;K;L,"188,168,124,65",0.0,6EQE
S;I;S;Q,Q;R;K;T,"188,168,124,91",0.0,6EQE
S;I;S;G,Q;R;K;D,"188,168,124,163",0.0,6EQE
S;I;S;A,Q;R;K;M,"188,168,124,65",0.0,6EQE
S;I;S;K,Q;R;K;L,"188,168,124,252",0.0,6EQE
S;I;S;V,Q;R;K;D,"188,168,124,57",0.0,6EQE
S;I;S;Q,Q;R;K;V,"188,168,124,127",0.0,6EQE
S;I;S;V,Q;R;K;C,"188,168,124,281",0.0,6EQE
S;I;S;T,Q;R;K;V,"188,168,124,72",0.0,6EQE
S;I;S;Q,Q;R;K;N,"188,168,124,133",0.0,6EQE
S;I;S;R,Q;R;K;K,"188,168,124,53",0.0,6EQE
S;I;S;S,Q;R;K;P,"188,168,124,125",0.0,6EQE
S;I;S;T,Q;R;K;Q,"188,168,124,88",0.0,6EQE
S;I;S;N,Q;R;K;L,"188,168,124,138",0.0,6EQE
S;I;S;H,Q;R;K;R,"188,168,124,104",0.0,6EQE
S;I;S;W,Q;R;K;P,"188,168,124,159",0.0,6EQE
S;I;S;S,Q;R;K;Y,"188,168,124,242",0.0,6EQE
S;I;S;A,Q;R;K;F,"188,168,124,65",0.0,6EQE
S;I;S;G,Q;R;K;H,"188,168,124,251",0.0,6EQE
S;I;S;L,Q;R;K;P,"188,168,124,216",0.0,6EQE
S;I;S;S,Q;R;K;W,"188,168,124,58",0.0,6EQE
S;I;S;A,Q;R;K;E,"188,168,124,152",0.0,6EQE
S;I;S;T,Q;R;K;N,"188,168,124,88",0.0,6EQE
S;I;S;T,Q;R;K;N,"188,168,124,198",0.0,6EQE
S;I;S;S,Q;R;K;K,"188,168,124,58",0.0,6EQE
S;I;S;L,Q;R;K;C,"188,168,124,249",0.0,6EQE
S;I;S;N,Q;R;K;T,"188,168,124,190",0.0,6EQE
S;I;S;S,Q;R;K;V,"188,168,124,223",0.0,6EQE
S;I;S;A,Q;R;K;W,"188,168,124,65",0.0,6EQE
S;I;S;K,Q;R;K;Y,"188,168,124,253",0.0,6EQE
S;I;S;R,Q;R;K;S,"188,168,124,90",0.0,6EQE
S;I;S;T,Q;R;K;M,"188,168,124,29",0.0,6EQE
S;I;S;M,Q;R;K;L,"188,168,124,262",0.0,6EQE
S;I;S;A,Q;R;K;L,"188,168,124,272",0.0,6EQE
S;I;S;R,Q;R;K;N,"188,168,124,90",0.0,6EQE
S;I;S;R,Q;R;K;T,"188,168,124,90",0.0,6EQE
S;I;S;G,Q;R;K;T,"188,168,124,254",0.0,6EQE
S;I;S;R,Q;R;K;P,"188,168,124,90",0.0,6EQE
S;I;S;N,Q;R;K;Y,"188,168,124,37",0.0,6EQE
S;I;S;Q,Q;R;K;I,"188,168,124,182",0.0,6EQE
S;I;S;R,Q;R;K;A,"188,168,124,90",0.0,6EQE
S;I;S;K,Q;R;K;F,"188,168,124,253",0.0,6EQE
S;I;S;Y,Q;R;K;S,"188,168,124,63",0.0,6EQE
S;I;S;Q,Q;R;K;M,"188,168,124,127",0.0,6EQE
S;I;S;Q,Q;R;K;L,"188,168,124,182",0.0,6EQE
S;I;S;K,Q;R;K;A,"188,168,124,253",0.0,6EQE
S;I;S;K,Q;R;K;V,"188,168,124,253",0.0,6EQE
S;I;S;Q,Q;R;K;F,"188,168,124,182",0.0,6EQE
S;I;S;R,Q;R;K;D,"188,168,124,90",0.0,6EQE
S;I;S;Q,Q;R;K;A,"188,168,124,127",0.0,6EQE
S;I;S;Y,Q;R;K;T,"188,168,124,63",0.0,6EQE
S;I;S;Q,Q;R;K;V,"188,168,124,182",0.0,6EQE
S;I;S;K,Q;R;K;L,"188,168,124,253",0.0,6EQE
S;I;S;C,Q;R;K;S,"188,168,124,289",0.0,6EQE
S;I;S;Y,Q;R;K;G,"188,168,124,63",0.0,6EQE
S;I;S;M,Q;R;K;V,"188,168,124,154",0.0,6EQE
S;I;S;Q,Q;R;K;T,"188,168,124,127",0.0,6EQE
S;I;S;A,Q;R;K;D,"188,168,124,226",0.0,6EQE
S;I;S;C,Q;R;K;A,"188,168,124,289",0.0,6EQE
S;I;S;R,Q;R;K;Q,"188,168,124,224",0.0,6EQE
S;I;S;N,Q;R;K;K,"188,168,124,233",0.0,6EQE
S;I;S;S,Q;R;K;E,"188,168,124,136",0.0,6EQE
S;I;S;D,Q;R;K;N,"188,168,124,186",0.0,6EQE
S;I;S;R,Q;R;K;A,"188,168,124,280",0.0,6EQE
S;I;S;S,Q;R;K;F,"188,168,124,238",0.0,6EQE
S;I;S;S,Q;R;K;H,"188,168,124,214",0.0,6EQE
S;I;S;L,Q;R;K;F,"188,168,124,117",0.0,6EQE
S;I;S;Q,Q;R;K;Y,"188,168,124,119",0.0,6EQE
S;I;S;G,Q;R;K;A,"188,168,124,165",0.0,6EQE
S;I;S;S,Q;R;K;E,"188,168,124,121",0.0,6EQE
S;I;S;N,Q;R;K;H,"188,168,124,205",0.0,6EQE
S;I;S;S,Q;R;K;Y,"188,168,124,269",0.0,6EQE
S;I;S;S,Q;R;K;T,"188,168,124,214",0.0,6EQE
S;I;S;I,Q;R;K;R,"188,168,124,218",0.0,6EQE
S;I;S;P,Q;R;K;K,"188,168,124,120",0.0,6EQE
S;I;S;M,Q;R;K;H,"188,168,124,161",0.0,6EQE
S;I;S;N,Q;R;K;K,"188,168,124,114",0.0,6EQE
S;I;S;P,Q;R;K;V,"188,168,124,184",0.0,6EQE
S;I;S;W,Q;R;K;P,"188,168,124,185",0.0,6EQE
S;I;S;S,Q;R;K;H,"188,168,124,187",0.0,6EQE
S;I;S;T,Q;R;K;Y,"188,168,124,189",0.0,6EQE
S;I;S;F,Q;R;K;M,"188,168,124,191",0.0,6EQE
S;I;D;S,Q;R;Q;N,"188,168,220,124",0.0,6EQE
S;I;D;G,Q;R;Q;Q,"188,168,220,243",0.0,6EQE
S;I;D;G,Q;R;Q;L,"188,168,220,243",0.0,6EQE
S;I;D;T,Q;R;Q;E,"188,168,220,270",0.0,6EQE
S;I;D;R,Q;R;Q;V,"188,168,220,34",0.0,6EQE
S;I;D;G,Q;R;Q;K,"188,168,220,243",0.0,6EQE
S;I;D;S,Q;R;Q;K,"188,168,220,124",0.0,6EQE
S;I;D;F,Q;R;Q;E,"188,168,220,271",0.0,6EQE
S;I;D;G,Q;R;Q;Q,"188,168,220,164",0.0,6EQE
S;I;D;A,Q;R;Q;D,"188,168,220,130",0.0,6EQE
S;I;D;W,Q;R;Q;C,"188,168,220,257",0.0,6EQE
S;I;D;Q,Q;R;Q;N,"188,168,220,127",0.0,6EQE
S;I;D;Q,Q;R;Q;R,"188,168,220,127",0.0,6EQE
S;I;D;S,Q;R;Q;M,"188,168,220,238",0.0,6EQE
S;I;D;F,Q;R;Q;M,"188,168,220,271",0.0,6EQE
S;I;D;S,Q;R;Q;A,"188,168,220,124",0.0,6EQE
S;I;D;G,Q;R;Q;I,"188,168,220,243",0.0,6EQE
S;I;D;Q,Q;R;Q;I,"188,168,220,127",0.0,6EQE
S;I;D;A,Q;R;Q;V,"188,168,220,65",0.0,6EQE
S;I;D;Q,Q;R;Q;E,"188,168,220,133",0.0,6EQE
S;I;D;S,Q;R;Q;T,"188,168,220,124",0.0,6EQE
S;I;D;Q,Q;R;Q;K,"188,168,220,127",0.0,6EQE
S;I;D;Q,Q;R;Q;W,"188,168,220,133",0.0,6EQE
S;I;D;T,Q;R;Q;D,"188,168,220,88",0.0,6EQE
S;I;D;R,Q;R;Q;N,"188,168,220,132",0.0,6EQE
S;I;D;Q,Q;R;Q;D,"188,168,220,127",0.0,6EQE
S;I;D;A,Q;R;Q;Y,"188,168,220,215",0.0,6EQE
S;I;D;L,Q;R;Q;K,"188,168,220,249",0.0,6EQE
S;I;D;R,Q;R;Q;Y,"188,168,220,123",0.0,6EQE
S;I;D;F,Q;R;Q;W,"188,168,220,271",0.0,6EQE
S;I;D;S,Q;R;Q;D,"188,168,220,58",0.0,6EQE
S;I;D;N,Q;R;Q;I,"188,168,220,37",0.0,6EQE
S;I;D;C,Q;R;Q;D,"188,168,220,289",0.0,6EQE
S;I;D;A,Q;R;Q;P,"188,168,220,152",0.0,6EQE
S;I;D;D,Q;R;Q;V,"188,168,220,186",0.0,6EQE
S;I;D;G,Q;R;Q;P,"188,168,220,243",0.0,6EQE
S;I;D;S,Q;R;Q;E,"188,168,220,115",0.0,6EQE
S;I;D;L,Q;R;Q;Q,"188,168,220,216",0.0,6EQE
S;I;D;N,Q;R;Q;P,"188,168,220,277",0.0,6EQE
S;I;D;R,Q;R;Q;Q,"188,168,220,132",0.0,6EQE
S;I;D;N,Q;R;Q;Y,"188,168,220,244",0.0,6EQE
S;I;D;H,Q;R;Q;T,"188,168,220,104",0.0,6EQE
S;I;D;S,Q;R;Q;V,"188,168,220,58",0.0,6EQE
S;I;D;H,Q;R;Q;L,"188,168,220,104",0.0,6EQE
S;I;D;P,Q;R;Q;Q,"188,168,220,38",0.0,6EQE
S;I;D;R,Q;R;Q;L,"188,168,220,53",0.0,6EQE
S;I;D;A,Q;R;Q;T,"188,168,220,180",0.0,6EQE
S;I;D;P,Q;R;Q;D,"188,168,220,197",0.0,6EQE
S;I;D;T,Q;R;Q;V,"188,168,220,198",0.0,6EQE
S;I;D;A,Q;R;Q;M,"188,168,220,135",0.0,6EQE
S;I;D;I,Q;R;Q;L,"188,168,220,111",0.0,6EQE
S;I;D;G,Q;R;Q;S,"188,168,220,243",0.0,6EQE
S;I;D;Q,Q;R;Q;L,"188,168,220,127",0.0,6EQE
S;I;D;Q,Q;R;Q;H,"188,168,220,127",0.0,6EQE
S;I;D;W,Q;R;Q;I,"188,168,220,159",0.0,6EQE
S;I;D;Q,Q;R;Q;P,"188,168,220,127",0.0,6EQE
S;I;D;S,Q;R;Q;N,"188,168,220,103",0.0,6EQE
S;I;D;A,Q;R;Q;Y,"188,168,220,179",0.0,6EQE
S;I;D;W,Q;R;Q;K,"188,168,220,257",0.0,6EQE
S;I;D;L,Q;R;Q;M,"188,168,220,216",0.0,6EQE
S;I;D;Q,Q;R;Q;E,"188,168,220,127",0.0,6EQE
S;I;D;G,Q;R;Q;A,"188,168,220,243",0.0,6EQE
S;I;D;A,Q;R;Q;N,"188,168,220,226",0.0,6EQE
S;I;D;L,Q;R;Q;I,"188,168,220,216",0.0,6EQE
S;I;D;C,Q;R;Q;L,"188,168,220,289",0.0,6EQE
S;I;D;S,Q;R;Q;E,"188,168,220,207",0.0,6EQE
S;I;D;M,Q;R;Q;L,"188,168,220,154",0.0,6EQE
S;I;D;M,Q;R;Q;P,"188,168,220,222",0.0,6EQE
S;I;D;G,Q;R;Q;T,"188,168,220,251",0.0,6EQE
S;I;D;P,Q;R;Q;L,"188,168,220,38",0.0,6EQE
S;I;D;L,Q;R;Q;W,"188,168,220,216",0.0,6EQE
S;I;D;T,Q;R;Q;L,"188,168,220,72",0.0,6EQE
S;I;D;S,Q;R;Q;P,"188,168,220,245",0.0,6EQE
S;I;D;I,Q;R;Q;W,"188,168,220,111",0.0,6EQE
S;I;D;L,Q;R;Q;D,"188,168,220,249",0.0,6EQE
S;I;D;E,Q;R;Q;K,"188,168,220,231",0.0,6EQE
S;I;D;D,Q;R;Q;K,"188,168,220,263",0.0,6EQE
S;I;D;T,Q;R;Q;M,"188,168,220,51",0.0,6EQE
S;I;D;L,Q;R;Q;E,"188,168,220,216",0.0,6EQE
S;I;D;S,Q;R;Q;T,"188,168,220,121",0.0,6EQE
S;I;D;I,Q;R;Q;H,"188,168,220,145",0.0,6EQE
S;I;D;I,Q;R;Q;L,"188,168,220,145",0.0,6EQE
S;I;D;H,Q;R;Q;M,"188,168,220,104",0.0,6EQE
S;I;D;R,Q;R;Q;P,"188,168,220,280",0.0,6EQE
S;I;D;L,Q;R;Q;F,"188,168,220,216",0.0,6EQE
S;I;D;S,Q;R;Q;D,"188,168,220,103",0.0,6EQE
S;I;D;I,Q;R;Q;V,"188,168,220,200",0.0,6EQE
S;I;D;T,Q;R;Q;K,"188,168,220,88",0.0,6EQE
S;I;D;N,Q;R;Q;K,"188,168,220,138",0.0,6EQE
S;I;D;A,Q;R;Q;L,"188,168,220,65",0.0,6EQE
S;I;D;Q,Q;R;Q;T,"188,168,220,91",0.0,6EQE
S;I;D;G,Q;R;Q;D,"188,168,220,163",0.0,6EQE
S;I;D;A,Q;R;Q;M,"188,168,220,65",0.0,6EQE
S;I;D;K,Q;R;Q;L,"188,168,220,252",0.0,6EQE
S;I;D;V,Q;R;Q;D,"188,168,220,57",0.0,6EQE
S;I;D;Q,Q;R;Q;V,"188,168,220,127",0.0,6EQE
S;I;D;V,Q;R;Q;C,"188,168,220,281",0.0,6EQE
S;I;D;T,Q;R;Q;V,"188,168,220,72",0.0,6EQE
S;I;D;Q,Q;R;Q;N,"188,168,220,133",0.0,6EQE
S;I;D;R,Q;R;Q;K,"188,168,220,53",0.0,6EQE
S;I;D;S,Q;R;Q;P,"188,168,220,125",0.0,6EQE
S;I;D;T,Q;R;Q;Q,"188,168,220,88",0.0,6EQE
S;I;D;N,Q;R;Q;L,"188,168,220,138",0.0,6EQE
S;I;D;H,Q;R;Q;R,"188,168,220,104",0.0,6EQE
S;I;D;W,Q;R;Q;P,"188,168,220,159",0.0,6EQE
S;I;D;S,Q;R;Q;Y,"188,168,220,242",0.0,6EQE
S;I;D;A,Q;R;Q;F,"188,168,220,65",0.0,6EQE
S;I;D;G,Q;R;Q;H,"188,168,220,251",0.0,6EQE
S;I;D;L,Q;R;Q;P,"188,168,220,216",0.0,6EQE
S;I;D;S,Q;R;Q;W,"188,168,220,58",0.0,6EQE
S;I;D;A,Q;R;Q;E,"188,168,220,152",0.0,6EQE
S;I;D;T,Q;R;Q;N,"188,168,220,88",0.0,6EQE
S;I;D;T,Q;R;Q;N,"188,168,220,198",0.0,6EQE
S;I;D;S,Q;R;Q;K,"188,168,220,58",0.0,6EQE
S;I;D;L,Q;R;Q;C,"188,168,220,249",0.0,6EQE
S;I;D;N,Q;R;Q;T,"188,168,220,190",0.0,6EQE
S;I;D;S,Q;R;Q;V,"188,168,220,223",0.0,6EQE
S;I;D;A,Q;R;Q;W,"188,168,220,65",0.0,6EQE
S;I;D;K,Q;R;Q;Y,"188,168,220,253",0.0,6EQE
S;I;D;R,Q;R;Q;S,"188,168,220,90",0.0,6EQE
S;I;D;T,Q;R;Q;M,"188,168,220,29",0.0,6EQE
S;I;D;M,Q;R;Q;L,"188,168,220,262",0.0,6EQE
S;I;D;A,Q;R;Q;L,"188,168,220,272",0.0,6EQE
S;I;D;R,Q;R;Q;N,"188,168,220,90",0.0,6EQE
S;I;D;R,Q;R;Q;T,"188,168,220,90",0.0,6EQE
S;I;D;G,Q;R;Q;T,"188,168,220,254",0.0,6EQE
S;I;D;R,Q;R;Q;P,"188,168,220,90",0.0,6EQE
S;I;D;N,Q;R;Q;Y,"188,168,220,37",0.0,6EQE
S;I;D;Q,Q;R;Q;I,"188,168,220,182",0.0,6EQE
S;I;D;R,Q;R;Q;A,"188,168,220,90",0.0,6EQE
S;I;D;K,Q;R;Q;F,"188,168,220,253",0.0,6EQE
S;I;D;Y,Q;R;Q;S,"188,168,220,63",0.0,6EQE
S;I;D;Q,Q;R;Q;M,"188,168,220,127",0.0,6EQE
S;I;D;Q,Q;R;Q;L,"188,168,220,182",0.0,6EQE
S;I;D;K,Q;R;Q;A,"188,168,220,253",0.0,6EQE
S;I;D;K,Q;R;Q;V,"188,168,220,253",0.0,6EQE
S;I;D;Q,Q;R;Q;F,"188,168,220,182",0.0,6EQE
S;I;D;R,Q;R;Q;D,"188,168,220,90",0.0,6EQE
S;I;D;Q,Q;R;Q;A,"188,168,220,127",0.0,6EQE
S;I;D;Y,Q;R;Q;T,"188,168,220,63",0.0,6EQE
S;I;D;Q,Q;R;Q;V,"188,168,220,182",0.0,6EQE
S;I;D;K,Q;R;Q;L,"188,168,220,253",0.0,6EQE
S;I;D;C,Q;R;Q;S,"188,168,220,289",0.0,6EQE
S;I;D;Y,Q;R;Q;G,"188,168,220,63",0.0,6EQE
S;I;D;M,Q;R;Q;V,"188,168,220,154",0.0,6EQE
S;I;D;Q,Q;R;Q;T,"188,168,220,127",0.0,6EQE
S;I;D;A,Q;R;Q;D,"188,168,220,226",0.0,6EQE
S;I;D;C,Q;R;Q;A,"188,168,220,289",0.0,6EQE
S;I;D;R,Q;R;Q;Q,"188,168,220,224",0.0,6EQE
S;I;D;N,Q;R;Q;K,"188,168,220,233",0.0,6EQE
S;I;D;S,Q;R;Q;E,"188,168,220,136",0.0,6EQE
S;I;D;D,Q;R;Q;N,"188,168,220,186",0.0,6EQE
S;I;D;R,Q;R;Q;A,"188,168,220,280",0.0,6EQE
S;I;D;S,Q;R;Q;F,"188,168,220,238",0.0,6EQE
S;I;D;S,Q;R;Q;H,"188,168,220,214",0.0,6EQE
S;I;D;L,Q;R;Q;F,"188,168,220,117",0.0,6EQE
S;I;D;Q,Q;R;Q;Y,"188,168,220,119",0.0,6EQE
S;I;D;G,Q;R;Q;A,"188,168,220,165",0.0,6EQE
S;I;D;S,Q;R;Q;E,"188,168,220,121",0.0,6EQE
S;I;D;N,Q;R;Q;H,"188,168,220,205",0.0,6EQE
S;I;D;S,Q;R;Q;Y,"188,168,220,269",0.0,6EQE
S;I;D;S,Q;R;Q;T,"188,168,220,214",0.0,6EQE
S;I;D;I,Q;R;Q;R,"188,168,220,218",0.0,6EQE
S;I;D;P,Q;R;Q;K,"188,168,220,120",0.0,6EQE
S;I;D;M,Q;R;Q;H,"188,168,220,161",0.0,6EQE
S;I;D;N,Q;R;Q;K,"188,168,220,114",0.0,6EQE
S;I;D;P,Q;R;Q;V,"188,168,220,184",0.0,6EQE
S;I;D;W,Q;R;Q;P,"188,168,220,185",0.0,6EQE
S;I;D;S,Q;R;Q;H,"188,168,220,187",0.0,6EQE
S;I;D;T,Q;R;Q;Y,"188,168,220,189",0.0,6EQE
S;I;D;F,Q;R;Q;M,"188,168,220,191",0.0,6EQE
S;I;D;S,Q;R;L;N,"188,168,220,124",0.0,6EQE
S;I;D;G,Q;R;L;Q,"188,168,220,243",0.0,6EQE
S;I;D;G,Q;R;L;L,"188,168,220,243",0.0,6EQE
S;I;D;T,Q;R;L;E,"188,168,220,270",0.0,6EQE
S;I;D;R,Q;R;L;V,"188,168,220,34",0.0,6EQE
S;I;D;G,Q;R;L;K,"188,168,220,243",0.0,6EQE
S;I;D;S,Q;R;L;K,"188,168,220,124",0.0,6EQE
S;I;D;F,Q;R;L;E,"188,168,220,271",0.0,6EQE
S;I;D;G,Q;R;L;Q,"188,168,220,164",0.0,6EQE
S;I;D;A,Q;R;L;D,"188,168,220,130",0.0,6EQE
S;I;D;W,Q;R;L;C,"188,168,220,257",0.0,6EQE
S;I;D;Q,Q;R;L;N,"188,168,220,127",0.0,6EQE
S;I;D;Q,Q;R;L;R,"188,168,220,127",0.0,6EQE
S;I;D;S,Q;R;L;M,"188,168,220,238",0.0,6EQE
S;I;D;F,Q;R;L;M,"188,168,220,271",0.0,6EQE
S;I;D;S,Q;R;L;A,"188,168,220,124",0.0,6EQE
S;I;D;G,Q;R;L;I,"188,168,220,243",0.0,6EQE
S;I;D;Q,Q;R;L;I,"188,168,220,127",0.0,6EQE
S;I;D;A,Q;R;L;V,"188,168,220,65",0.0,6EQE
S;I;D;Q,Q;R;L;E,"188,168,220,133",0.0,6EQE
S;I;D;S,Q;R;L;T,"188,168,220,124",0.0,6EQE
S;I;D;Q,Q;R;L;K,"188,168,220,127",0.0,6EQE
S;I;D;Q,Q;R;L;W,"188,168,220,133",0.0,6EQE
S;I;D;T,Q;R;L;D,"188,168,220,88",0.0,6EQE
S;I;D;R,Q;R;L;N,"188,168,220,132",0.0,6EQE
S;I;D;Q,Q;R;L;D,"188,168,220,127",0.0,6EQE
S;I;D;A,Q;R;L;Y,"188,168,220,215",0.0,6EQE
S;I;D;L,Q;R;L;K,"188,168,220,249",0.0,6EQE
S;I;D;R,Q;R;L;Y,"188,168,220,123",0.0,6EQE
S;I;D;F,Q;R;L;W,"188,168,220,271",0.0,6EQE
S;I;D;S,Q;R;L;D,"188,168,220,58",0.0,6EQE
S;I;D;N,Q;R;L;I,"188,168,220,37",0.0,6EQE
S;I;D;C,Q;R;L;D,"188,168,220,289",0.0,6EQE
S;I;D;A,Q;R;L;P,"188,168,220,152",0.0,6EQE
S;I;D;D,Q;R;L;V,"188,168,220,186",0.0,6EQE
S;I;D;G,Q;R;L;P,"188,168,220,243",0.0,6EQE
S;I;D;S,Q;R;L;E,"188,168,220,115",0.0,6EQE
S;I;D;L,Q;R;L;Q,"188,168,220,216",0.0,6EQE
S;I;D;N,Q;R;L;P,"188,168,220,277",0.0,6EQE
S;I;D;R,Q;R;L;Q,"188,168,220,132",0.0,6EQE
S;I;D;N,Q;R;L;Y,"188,168,220,244",0.0,6EQE
S;I;D;H,Q;R;L;T,"188,168,220,104",0.0,6EQE
S;I;D;S,Q;R;L;V,"188,168,220,58",0.0,6EQE
S;I;D;H,Q;R;L;L,"188,168,220,104",0.0,6EQE
S;I;D;P,Q;R;L;Q,"188,168,220,38",0.0,6EQE
S;I;D;R,Q;R;L;L,"188,168,220,53",0.0,6EQE
S;I;D;A,Q;R;L;T,"188,168,220,180",0.0,6EQE
S;I;D;P,Q;R;L;D,"188,168,220,197",0.0,6EQE
S;I;D;T,Q;R;L;V,"188,168,220,198",0.0,6EQE
S;I;D;A,Q;R;L;M,"188,168,220,135",0.0,6EQE
S;I;D;I,Q;R;L;L,"188,168,220,111",0.0,6EQE
S;I;D;G,Q;R;L;S,"188,168,220,243",0.0,6EQE
S;I;D;Q,Q;R;L;L,"188,168,220,127",0.0,6EQE
S;I;D;Q,Q;R;L;H,"188,168,220,127",0.0,6EQE
S;I;D;W,Q;R;L;I,"188,168,220,159",0.0,6EQE
S;I;D;Q,Q;R;L;P,"188,168,220,127",0.0,6EQE
S;I;D;S,Q;R;L;N,"188,168,220,103",0.0,6EQE
S;I;D;A,Q;R;L;Y,"188,168,220,179",0.0,6EQE
S;I;D;W,Q;R;L;K,"188,168,220,257",0.0,6EQE
S;I;D;L,Q;R;L;M,"188,168,220,216",0.0,6EQE
S;I;D;Q,Q;R;L;E,"188,168,220,127",0.0,6EQE
S;I;D;G,Q;R;L;A,"188,168,220,243",0.0,6EQE
S;I;D;A,Q;R;L;N,"188,168,220,226",0.0,6EQE
S;I;D;L,Q;R;L;I,"188,168,220,216",0.0,6EQE
S;I;D;C,Q;R;L;L,"188,168,220,289",0.0,6EQE
S;I;D;S,Q;R;L;E,"188,168,220,207",0.0,6EQE
S;I;D;M,Q;R;L;L,"188,168,220,154",0.0,6EQE
S;I;D;M,Q;R;L;P,"188,168,220,222",0.0,6EQE
S;I;D;G,Q;R;L;T,"188,168,220,251",0.0,6EQE
S;I;D;P,Q;R;L;L,"188,168,220,38",0.0,6EQE
S;I;D;L,Q;R;L;W,"188,168,220,216",0.0,6EQE
S;I;D;T,Q;R;L;L,"188,168,220,72",0.0,6EQE
S;I;D;S,Q;R;L;P,"188,168,220,245",0.0,6EQE
S;I;D;I,Q;R;L;W,"188,168,220,111",0.0,6EQE
S;I;D;L,Q;R;L;D,"188,168,220,249",0.0,6EQE
S;I;D;E,Q;R;L;K,"188,168,220,231",0.0,6EQE
S;I;D;D,Q;R;L;K,"188,168,220,263",0.0,6EQE
S;I;D;T,Q;R;L;M,"188,168,220,51",0.0,6EQE
S;I;D;L,Q;R;L;E,"188,168,220,216",0.0,6EQE
S;I;D;S,Q;R;L;T,"188,168,220,121",0.0,6EQE
S;I;D;I,Q;R;L;H,"188,168,220,145",0.0,6EQE
S;I;D;I,Q;R;L;L,"188,168,220,145",0.0,6EQE
S;I;D;H,Q;R;L;M,"188,168,220,104",0.0,6EQE
S;I;D;R,Q;R;L;P,"188,168,220,280",0.0,6EQE
S;I;D;L,Q;R;L;F,"188,168,220,216",0.0,6EQE
S;I;D;S,Q;R;L;D,"188,168,220,103",0.0,6EQE
S;I;D;I,Q;R;L;V,"188,168,220,200",0.0,6EQE
S;I;D;T,Q;R;L;K,"188,168,220,88",0.0,6EQE
S;I;D;N,Q;R;L;K,"188,168,220,138",0.0,6EQE
S;I;D;A,Q;R;L;L,"188,168,220,65",0.0,6EQE
S;I;D;Q,Q;R;L;T,"188,168,220,91",0.0,6EQE
S;I;D;G,Q;R;L;D,"188,168,220,163",0.0,6EQE
S;I;D;A,Q;R;L;M,"188,168,220,65",0.0,6EQE
S;I;D;K,Q;R;L;L,"188,168,220,252",0.0,6EQE
S;I;D;V,Q;R;L;D,"188,168,220,57",0.0,6EQE
S;I;D;Q,Q;R;L;V,"188,168,220,127",0.0,6EQE
S;I;D;V,Q;R;L;C,"188,168,220,281",0.0,6EQE
S;I;D;T,Q;R;L;V,"188,168,220,72",0.0,6EQE
S;I;D;Q,Q;R;L;N,"188,168,220,133",0.0,6EQE
S;I;D;R,Q;R;L;K,"188,168,220,53",0.0,6EQE
S;I;D;S,Q;R;L;P,"188,168,220,125",0.0,6EQE
S;I;D;T,Q;R;L;Q,"188,168,220,88",0.0,6EQE
S;I;D;N,Q;R;L;L,"188,168,220,138",0.0,6EQE
S;I;D;H,Q;R;L;R,"188,168,220,104",0.0,6EQE
S;I;D;W,Q;R;L;P,"188,168,220,159",0.0,6EQE
S;I;D;S,Q;R;L;Y,"188,168,220,242",0.0,6EQE
S;I;D;A,Q;R;L;F,"188,168,220,65",0.0,6EQE
S;I;D;G,Q;R;L;H,"188,168,220,251",0.0,6EQE
S;I;D;L,Q;R;L;P,"188,168,220,216",0.0,6EQE
S;I;D;S,Q;R;L;W,"188,168,220,58",0.0,6EQE
S;I;D;A,Q;R;L;E,"188,168,220,152",0.0,6EQE
S;I;D;T,Q;R;L;N,"188,168,220,88",0.0,6EQE
S;I;D;T,Q;R;L;N,"188,168,220,198",0.0,6EQE
S;I;D;S,Q;R;L;K,"188,168,220,58",0.0,6EQE
S;I;D;L,Q;R;L;C,"188,168,220,249",0.0,6EQE
S;I;D;N,Q;R;L;T,"188,168,220,190",0.0,6EQE
S;I;D;S,Q;R;L;V,"188,168,220,223",0.0,6EQE
S;I;D;A,Q;R;L;W,"188,168,220,65",0.0,6EQE
S;I;D;K,Q;R;L;Y,"188,168,220,253",0.0,6EQE
S;I;D;R,Q;R;L;S,"188,168,220,90",0.0,6EQE
S;I;D;T,Q;R;L;M,"188,168,220,29",0.0,6EQE
S;I;D;M,Q;R;L;L,"188,168,220,262",0.0,6EQE
S;I;D;A,Q;R;L;L,"188,168,220,272",0.0,6EQE
S;I;D;R,Q;R;L;N,"188,168,220,90",0.0,6EQE
S;I;D;R,Q;R;L;T,"188,168,220,90",0.0,6EQE
S;I;D;G,Q;R;L;T,"188,168,220,254",0.0,6EQE
S;I;D;R,Q;R;L;P,"188,168,220,90",0.0,6EQE
S;I;D;N,Q;R;L;Y,"188,168,220,37",0.0,6EQE
S;I;D;Q,Q;R;L;I,"188,168,220,182",0.0,6EQE
S;I;D;R,Q;R;L;A,"188,168,220,90",0.0,6EQE
S;I;D;K,Q;R;L;F,"188,168,220,253",0.0,6EQE
S;I;D;Y,Q;R;L;S,"188,168,220,63",0.0,6EQE
S;I;D;Q,Q;R;L;M,"188,168,220,127",0.0,6EQE
S;I;D;Q,Q;R;L;L,"188,168,220,182",0.0,6EQE
S;I;D;K,Q;R;L;A,"188,168,220,253",0.0,6EQE
S;I;D;K,Q;R;L;V,"188,168,220,253",0.0,6EQE
S;I;D;Q,Q;R;L;F,"188,168,220,182",0.0,6EQE
S;I;D;R,Q;R;L;D,"188,168,220,90",0.0,6EQE
S;I;D;Q,Q;R;L;A,"188,168,220,127",0.0,6EQE
S;I;D;Y,Q;R;L;T,"188,168,220,63",0.0,6EQE
S;I;D;Q,Q;R;L;V,"188,168,220,182",0.0,6EQE
S;I;D;K,Q;R;L;L,"188,168,220,253",0.0,6EQE
S;I;D;C,Q;R;L;S,"188,168,220,289",0.0,6EQE
S;I;D;Y,Q;R;L;G,"188,168,220,63",0.0,6EQE
S;I;D;M,Q;R;L;V,"188,168,220,154",0.0,6EQE
S;I;D;Q,Q;R;L;T,"188,168,220,127",0.0,6EQE
S;I;D;A,Q;R;L;D,"188,168,220,226",0.0,6EQE
S;I;D;C,Q;R;L;A,"188,168,220,289",0.0,6EQE
S;I;D;R,Q;R;L;Q,"188,168,220,224",0.0,6EQE
S;I;D;N,Q;R;L;K,"188,168,220,233",0.0,6EQE
S;I;D;S,Q;R;L;E,"188,168,220,136",0.0,6EQE
S;I;D;D,Q;R;L;N,"188,168,220,186",0.0,6EQE
S;I;D;R,Q;R;L;A,"188,168,220,280",0.0,6EQE
S;I;D;S,Q;R;L;F,"188,168,220,238",0.0,6EQE
S;I;D;S,Q;R;L;H,"188,168,220,214",0.0,6EQE
S;I;D;L,Q;R;L;F,"188,168,220,117",0.0,6EQE
S;I;D;Q,Q;R;L;Y,"188,168,220,119",0.0,6EQE
S;I;D;G,Q;R;L;A,"188,168,220,165",0.0,6EQE
S;I;D;S,Q;R;L;E,"188,168,220,121",0.0,6EQE
S;I;D;N,Q;R;L;H,"188,168,220,205",0.0,6EQE
S;I;D;S,Q;R;L;Y,"188,168,220,269",0.0,6EQE
S;I;D;S,Q;R;L;T,"188,168,220,214",0.0,6EQE
S;I;D;I,Q;R;L;R,"188,168,220,218",0.0,6EQE
S;I;D;P,Q;R;L;K,"188,168,220,120",0.0,6EQE
S;I;D;M,Q;R;L;H,"188,168,220,161",0.0,6EQE
S;I;D;N,Q;R;L;K,"188,168,220,114",0.0,6EQE
S;I;D;P,Q;R;L;V,"188,168,220,184",0.0,6EQE
S;I;D;W,Q;R;L;P,"188,168,220,185",0.0,6EQE
S;I;D;S,Q;R;L;H,"188,168,220,187",0.0,6EQE
S;I;D;T,Q;R;L;Y,"188,168,220,189",0.0,6EQE
S;I;D;F,Q;R;L;M,"188,168,220,191",0.0,6EQE
S;I;R;S,Q;R;D;N,"188,168,90,124",0.0,6EQE
S;I;R;G,Q;R;D;Q,"188,168,90,243",0.0,6EQE
S;I;R;G,Q;R;D;L,"188,168,90,243",0.0,6EQE
S;I;R;T,Q;R;D;E,"188,168,90,270",0.0,6EQE
S;I;R;R,Q;R;D;V,"188,168,90,34",0.0,6EQE
S;I;R;G,Q;R;D;K,"188,168,90,243",0.0,6EQE
S;I;R;D,Q;R;D;Q,"188,168,90,220",0.0,6EQE
S;I;R;S,Q;R;D;K,"188,168,90,124",0.0,6EQE
S;I;R;F,Q;R;D;E,"188,168,90,271",0.0,6EQE
S;I;R;G,Q;R;D;Q,"188,168,90,164",0.0,6EQE
S;I;R;A,Q;R;D;D,"188,168,90,130",0.0,6EQE
S;I;R;W,Q;R;D;C,"188,168,90,257",0.0,6EQE
S;I;R;Q,Q;R;D;N,"188,168,90,127",0.0,6EQE
S;I;R;Q,Q;R;D;R,"188,168,90,127",0.0,6EQE
S;I;R;S,Q;R;D;M,"188,168,90,238",0.0,6EQE
S;I;R;F,Q;R;D;M,"188,168,90,271",0.0,6EQE
S;I;R;S,Q;R;D;A,"188,168,90,124",0.0,6EQE
S;I;R;G,Q;R;D;I,"188,168,90,243",0.0,6EQE
S;I;R;Q,Q;R;D;I,"188,168,90,127",0.0,6EQE
S;I;R;A,Q;R;D;V,"188,168,90,65",0.0,6EQE
S;I;R;Q,Q;R;D;E,"188,168,90,133",0.0,6EQE
S;I;R;S,Q;R;D;T,"188,168,90,124",0.0,6EQE
S;I;R;Q,Q;R;D;K,"188,168,90,127",0.0,6EQE
S;I;R;Q,Q;R;D;W,"188,168,90,133",0.0,6EQE
S;I;R;D,Q;R;D;L,"188,168,90,220",0.0,6EQE
S;I;R;T,Q;R;D;D,"188,168,90,88",0.0,6EQE
S;I;R;R,Q;R;D;N,"188,168,90,132",0.0,6EQE
S;I;R;Q,Q;R;D;D,"188,168,90,127",0.0,6EQE
S;I;R;A,Q;R;D;Y,"188,168,90,215",0.0,6EQE
S;I;R;L,Q;R;D;K,"188,168,90,249",0.0,6EQE
S;I;R;R,Q;R;D;Y,"188,168,90,123",0.0,6EQE
S;I;R;F,Q;R;D;W,"188,168,90,271",0.0,6EQE
S;I;R;S,Q;R;D;D,"188,168,90,58",0.0,6EQE
S;I;R;N,Q;R;D;I,"188,168,90,37",0.0,6EQE
S;I;R;C,Q;R;D;D,"188,168,90,289",0.0,6EQE
S;I;R;A,Q;R;D;P,"188,168,90,152",0.0,6EQE
S;I;R;D,Q;R;D;V,"188,168,90,186",0.0,6EQE
S;I;R;G,Q;R;D;P,"188,168,90,243",0.0,6EQE
S;I;R;S,Q;R;D;E,"188,168,90,115",0.0,6EQE
S;I;R;L,Q;R;D;Q,"188,168,90,216",0.0,6EQE
S;I;R;N,Q;R;D;P,"188,168,90,277",0.0,6EQE
S;I;R;R,Q;R;D;Q,"188,168,90,132",0.0,6EQE
S;I;R;N,Q;R;D;Y,"188,168,90,244",0.0,6EQE
S;I;R;H,Q;R;D;T,"188,168,90,104",0.0,6EQE
S;I;R;S,Q;R;D;V,"188,168,90,58",0.0,6EQE
S;I;R;H,Q;R;D;L,"188,168,90,104",0.0,6EQE
S;I;R;P,Q;R;D;Q,"188,168,90,38",0.0,6EQE
S;I;R;R,Q;R;D;L,"188,168,90,53",0.0,6EQE
S;I;R;A,Q;R;D;T,"188,168,90,180",0.0,6EQE
S;I;R;P,Q;R;D;D,"188,168,90,197",0.0,6EQE
S;I;R;T,Q;R;D;V,"188,168,90,198",0.0,6EQE
S;I;R;A,Q;R;D;M,"188,168,90,135",0.0,6EQE
S;I;R;I,Q;R;D;L,"188,168,90,111",0.0,6EQE
S;I;R;G,Q;R;D;S,"188,168,90,243",0.0,6EQE
S;I;R;Q,Q;R;D;L,"188,168,90,127",0.0,6EQE
S;I;R;Q,Q;R;D;H,"188,168,90,127",0.0,6EQE
S;I;R;W,Q;R;D;I,"188,168,90,159",0.0,6EQE
S;I;R;Q,Q;R;D;P,"188,168,90,127",0.0,6EQE
S;I;R;S,Q;R;D;N,"188,168,90,103",0.0,6EQE
S;I;R;A,Q;R;D;Y,"188,168,90,179",0.0,6EQE
S;I;R;W,Q;R;D;K,"188,168,90,257",0.0,6EQE
S;I;R;L,Q;R;D;M,"188,168,90,216",0.0,6EQE
S;I;R;Q,Q;R;D;E,"188,168,90,127",0.0,6EQE
S;I;R;G,Q;R;D;A,"188,168,90,243",0.0,6EQE
S;I;R;A,Q;R;D;N,"188,168,90,226",0.0,6EQE
S;I;R;L,Q;R;D;I,"188,168,90,216",0.0,6EQE
S;I;R;C,Q;R;D;L,"188,168,90,289",0.0,6EQE
S;I;R;S,Q;R;D;E,"188,168,90,207",0.0,6EQE
S;I;R;M,Q;R;D;L,"188,168,90,154",0.0,6EQE
S;I;R;M,Q;R;D;P,"188,168,90,222",0.0,6EQE
S;I;R;G,Q;R;D;T,"188,168,90,251",0.0,6EQE
S;I;R;P,Q;R;D;L,"188,168,90,38",0.0,6EQE
S;I;R;L,Q;R;D;W,"188,168,90,216",0.0,6EQE
S;I;R;T,Q;R;D;L,"188,168,90,72",0.0,6EQE
S;I;R;S,Q;R;D;P,"188,168,90,245",0.0,6EQE
S;I;R;I,Q;R;D;W,"188,168,90,111",0.0,6EQE
S;I;R;L,Q;R;D;D,"188,168,90,249",0.0,6EQE
S;I;R;E,Q;R;D;K,"188,168,90,231",0.0,6EQE
S;I;R;D,Q;R;D;K,"188,168,90,263",0.0,6EQE
S;I;R;T,Q;R;D;M,"188,168,90,51",0.0,6EQE
S;I;R;L,Q;R;D;E,"188,168,90,216",0.0,6EQE
S;I;R;S,Q;R;D;T,"188,168,90,121",0.0,6EQE
S;I;R;I,Q;R;D;H,"188,168,90,145",0.0,6EQE
S;I;R;I,Q;R;D;L,"188,168,90,145",0.0,6EQE
S;I;R;H,Q;R;D;M,"188,168,90,104",0.0,6EQE
S;I;R;R,Q;R;D;P,"188,168,90,280",0.0,6EQE
S;I;R;L,Q;R;D;F,"188,168,90,216",0.0,6EQE
S;I;R;S,Q;R;D;D,"188,168,90,103",0.0,6EQE
S;I;R;I,Q;R;D;V,"188,168,90,200",0.0,6EQE
S;I;R;T,Q;R;D;K,"188,168,90,88",0.0,6EQE
S;I;R;N,Q;R;D;K,"188,168,90,138",0.0,6EQE
S;I;R;A,Q;R;D;L,"188,168,90,65",0.0,6EQE
S;I;R;Q,Q;R;D;T,"188,168,90,91",0.0,6EQE
S;I;R;G,Q;R;D;D,"188,168,90,163",0.0,6EQE
S;I;R;A,Q;R;D;M,"188,168,90,65",0.0,6EQE
S;I;R;K,Q;R;D;L,"188,168,90,252",0.0,6EQE
S;I;R;V,Q;R;D;D,"188,168,90,57",0.0,6EQE
S;I;R;Q,Q;R;D;V,"188,168,90,127",0.0,6EQE
S;I;R;V,Q;R;D;C,"188,168,90,281",0.0,6EQE
S;I;R;T,Q;R;D;V,"188,168,90,72",0.0,6EQE
S;I;R;Q,Q;R;D;N,"188,168,90,133",0.0,6EQE
S;I;R;R,Q;R;D;K,"188,168,90,53",0.0,6EQE
S;I;R;S,Q;R;D;P,"188,168,90,125",0.0,6EQE
S;I;R;T,Q;R;D;Q,"188,168,90,88",0.0,6EQE
S;I;R;N,Q;R;D;L,"188,168,90,138",0.0,6EQE
S;I;R;H,Q;R;D;R,"188,168,90,104",0.0,6EQE
S;I;R;W,Q;R;D;P,"188,168,90,159",0.0,6EQE
S;I;R;S,Q;R;D;Y,"188,168,90,242",0.0,6EQE
S;I;R;A,Q;R;D;F,"188,168,90,65",0.0,6EQE
S;I;R;G,Q;R;D;H,"188,168,90,251",0.0,6EQE
S;I;R;L,Q;R;D;P,"188,168,90,216",0.0,6EQE
S;I;R;S,Q;R;D;W,"188,168,90,58",0.0,6EQE
S;I;R;A,Q;R;D;E,"188,168,90,152",0.0,6EQE
S;I;R;T,Q;R;D;N,"188,168,90,88",0.0,6EQE
S;I;R;T,Q;R;D;N,"188,168,90,198",0.0,6EQE
S;I;R;S,Q;R;D;K,"188,168,90,58",0.0,6EQE
S;I;R;L,Q;R;D;C,"188,168,90,249",0.0,6EQE
S;I;R;N,Q;R;D;T,"188,168,90,190",0.0,6EQE
S;I;R;S,Q;R;D;V,"188,168,90,223",0.0,6EQE
S;I;R;A,Q;R;D;W,"188,168,90,65",0.0,6EQE
S;I;R;K,Q;R;D;Y,"188,168,90,253",0.0,6EQE
S;I;R;T,Q;R;D;M,"188,168,90,29",0.0,6EQE
S;I;R;M,Q;R;D;L,"188,168,90,262",0.0,6EQE
S;I;R;A,Q;R;D;L,"188,168,90,272",0.0,6EQE
S;I;R;G,Q;R;D;T,"188,168,90,254",0.0,6EQE
S;I;R;N,Q;R;D;Y,"188,168,90,37",0.0,6EQE
S;I;R;Q,Q;R;D;I,"188,168,90,182",0.0,6EQE
S;I;R;K,Q;R;D;F,"188,168,90,253",0.0,6EQE
S;I;R;Y,Q;R;D;S,"188,168,90,63",0.0,6EQE
S;I;R;Q,Q;R;D;M,"188,168,90,127",0.0,6EQE
S;I;R;Q,Q;R;D;L,"188,168,90,182",0.0,6EQE
S;I;R;K,Q;R;D;A,"188,168,90,253",0.0,6EQE
S;I;R;K,Q;R;D;V,"188,168,90,253",0.0,6EQE
S;I;R;Q,Q;R;D;F,"188,168,90,182",0.0,6EQE
S;I;R;Q,Q;R;D;A,"188,168,90,127",0.0,6EQE
S;I;R;Y,Q;R;D;T,"188,168,90,63",0.0,6EQE
S;I;R;Q,Q;R;D;V,"188,168,90,182",0.0,6EQE
S;I;R;K,Q;R;D;L,"188,168,90,253",0.0,6EQE
S;I;R;C,Q;R;D;S,"188,168,90,289",0.0,6EQE
S;I;R;Y,Q;R;D;G,"188,168,90,63",0.0,6EQE
S;I;R;M,Q;R;D;V,"188,168,90,154",0.0,6EQE
S;I;R;Q,Q;R;D;T,"188,168,90,127",0.0,6EQE
S;I;R;A,Q;R;D;D,"188,168,90,226",0.0,6EQE
S;I;R;C,Q;R;D;A,"188,168,90,289",0.0,6EQE
S;I;R;R,Q;R;D;Q,"188,168,90,224",0.0,6EQE
S;I;R;N,Q;R;D;K,"188,168,90,233",0.0,6EQE
S;I;R;S,Q;R;D;E,"188,168,90,136",0.0,6EQE
S;I;R;D,Q;R;D;N,"188,168,90,186",0.0,6EQE
S;I;R;R,Q;R;D;A,"188,168,90,280",0.0,6EQE
S;I;R;S,Q;R;D;F,"188,168,90,238",0.0,6EQE
S;I;R;S,Q;R;D;H,"188,168,90,214",0.0,6EQE
S;I;R;L,Q;R;D;F,"188,168,90,117",0.0,6EQE
S;I;R;Q,Q;R;D;Y,"188,168,90,119",0.0,6EQE
S;I;R;G,Q;R;D;A,"188,168,90,165",0.0,6EQE
S;I;R;S,Q;R;D;E,"188,168,90,121",0.0,6EQE
S;I;R;N,Q;R;D;H,"188,168,90,205",0.0,6EQE
S;I;R;S,Q;R;D;Y,"188,168,90,269",0.0,6EQE
S;I;R;S,Q;R;D;T,"188,168,90,214",0.0,6EQE
S;I;R;I,Q;R;D;R,"188,168,90,218",0.0,6EQE
S;I;R;P,Q;R;D;K,"188,168,90,120",0.0,6EQE
S;I;R;M,Q;R;D;H,"188,168,90,161",0.0,6EQE
S;I;R;N,Q;R;D;K,"188,168,90,114",0.0,6EQE
S;I;R;P,Q;R;D;V,"188,168,90,184",0.0,6EQE
S;I;R;W,Q;R;D;P,"188,168,90,185",0.0,6EQE
S;I;R;S,Q;R;D;H,"188,168,90,187",0.0,6EQE
S;I;R;T,Q;R;D;Y,"188,168,90,189",0.0,6EQE
S;I;R;F,Q;R;D;M,"188,168,90,191",0.0,6EQE
S;I;K;S,Q;R;L;N,"188,168,252,124",0.0,6EQE
S;I;K;G,Q;R;L;Q,"188,168,252,243",0.0,6EQE
S;I;K;G,Q;R;L;L,"188,168,252,243",0.0,6EQE
S;I;K;T,Q;R;L;E,"188,168,252,270",0.0,6EQE
S;I;K;R,Q;R;L;V,"188,168,252,34",0.0,6EQE
S;I;K;G,Q;R;L;K,"188,168,252,243",0.0,6EQE
S;I;K;D,Q;R;L;Q,"188,168,252,220",0.0,6EQE
S;I;K;S,Q;R;L;K,"188,168,252,124",0.0,6EQE
S;I;K;F,Q;R;L;E,"188,168,252,271",0.0,6EQE
S;I;K;G,Q;R;L;Q,"188,168,252,164",0.0,6EQE
S;I;K;A,Q;R;L;D,"188,168,252,130",0.0,6EQE
S;I;K;W,Q;R;L;C,"188,168,252,257",0.0,6EQE
S;I;K;Q,Q;R;L;N,"188,168,252,127",0.0,6EQE
S;I;K;Q,Q;R;L;R,"188,168,252,127",0.0,6EQE
S;I;K;S,Q;R;L;M,"188,168,252,238",0.0,6EQE
S;I;K;F,Q;R;L;M,"188,168,252,271",0.0,6EQE
S;I;K;S,Q;R;L;A,"188,168,252,124",0.0,6EQE
S;I;K;G,Q;R;L;I,"188,168,252,243",0.0,6EQE
S;I;K;Q,Q;R;L;I,"188,168,252,127",0.0,6EQE
S;I;K;A,Q;R;L;V,"188,168,252,65",0.0,6EQE
S;I;K;Q,Q;R;L;E,"188,168,252,133",0.0,6EQE
S;I;K;S,Q;R;L;T,"188,168,252,124",0.0,6EQE
S;I;K;Q,Q;R;L;K,"188,168,252,127",0.0,6EQE
S;I;K;Q,Q;R;L;W,"188,168,252,133",0.0,6EQE
S;I;K;D,Q;R;L;L,"188,168,252,220",0.0,6EQE
S;I;K;T,Q;R;L;D,"188,168,252,88",0.0,6EQE
S;I;K;R,Q;R;L;N,"188,168,252,132",0.0,6EQE
S;I;K;Q,Q;R;L;D,"188,168,252,127",0.0,6EQE
S;I;K;A,Q;R;L;Y,"188,168,252,215",0.0,6EQE
S;I;K;L,Q;R;L;K,"188,168,252,249",0.0,6EQE
S;I;K;R,Q;R;L;Y,"188,168,252,123",0.0,6EQE
S;I;K;F,Q;R;L;W,"188,168,252,271",0.0,6EQE
S;I;K;S,Q;R;L;D,"188,168,252,58",0.0,6EQE
S;I;K;N,Q;R;L;I,"188,168,252,37",0.0,6EQE
S;I;K;C,Q;R;L;D,"188,168,252,289",0.0,6EQE
S;I;K;A,Q;R;L;P,"188,168,252,152",0.0,6EQE
S;I;K;D,Q;R;L;V,"188,168,252,186",0.0,6EQE
S;I;K;G,Q;R;L;P,"188,168,252,243",0.0,6EQE
S;I;K;S,Q;R;L;E,"188,168,252,115",0.0,6EQE
S;I;K;L,Q;R;L;Q,"188,168,252,216",0.0,6EQE
S;I;K;N,Q;R;L;P,"188,168,252,277",0.0,6EQE
S;I;K;R,Q;R;L;Q,"188,168,252,132",0.0,6EQE
S;I;K;N,Q;R;L;Y,"188,168,252,244",0.0,6EQE
S;I;K;H,Q;R;L;T,"188,168,252,104",0.0,6EQE
S;I;K;S,Q;R;L;V,"188,168,252,58",0.0,6EQE
S;I;K;H,Q;R;L;L,"188,168,252,104",0.0,6EQE
S;I;K;P,Q;R;L;Q,"188,168,252,38",0.0,6EQE
S;I;K;R,Q;R;L;L,"188,168,252,53",0.0,6EQE
S;I;K;A,Q;R;L;T,"188,168,252,180",0.0,6EQE
S;I;K;P,Q;R;L;D,"188,168,252,197",0.0,6EQE
S;I;K;T,Q;R;L;V,"188,168,252,198",0.0,6EQE
S;I;K;A,Q;R;L;M,"188,168,252,135",0.0,6EQE
S;I;K;I,Q;R;L;L,"188,168,252,111",0.0,6EQE
S;I;K;G,Q;R;L;S,"188,168,252,243",0.0,6EQE
S;I;K;Q,Q;R;L;L,"188,168,252,127",0.0,6EQE
S;I;K;Q,Q;R;L;H,"188,168,252,127",0.0,6EQE
S;I;K;W,Q;R;L;I,"188,168,252,159",0.0,6EQE
S;I;K;Q,Q;R;L;P,"188,168,252,127",0.0,6EQE
S;I;K;S,Q;R;L;N,"188,168,252,103",0.0,6EQE
S;I;K;A,Q;R;L;Y,"188,168,252,179",0.0,6EQE
S;I;K;W,Q;R;L;K,"188,168,252,257",0.0,6EQE
S;I;K;L,Q;R;L;M,"188,168,252,216",0.0,6EQE
S;I;K;Q,Q;R;L;E,"188,168,252,127",0.0,6EQE
S;I;K;G,Q;R;L;A,"188,168,252,243",0.0,6EQE
S;I;K;A,Q;R;L;N,"188,168,252,226",0.0,6EQE
S;I;K;L,Q;R;L;I,"188,168,252,216",0.0,6EQE
S;I;K;C,Q;R;L;L,"188,168,252,289",0.0,6EQE
S;I;K;S,Q;R;L;E,"188,168,252,207",0.0,6EQE
S;I;K;M,Q;R;L;L,"188,168,252,154",0.0,6EQE
S;I;K;M,Q;R;L;P,"188,168,252,222",0.0,6EQE
S;I;K;G,Q;R;L;T,"188,168,252,251",0.0,6EQE
S;I;K;P,Q;R;L;L,"188,168,252,38",0.0,6EQE
S;I;K;L,Q;R;L;W,"188,168,252,216",0.0,6EQE
S;I;K;T,Q;R;L;L,"188,168,252,72",0.0,6EQE
S;I;K;S,Q;R;L;P,"188,168,252,245",0.0,6EQE
S;I;K;I,Q;R;L;W,"188,168,252,111",0.0,6EQE
S;I;K;L,Q;R;L;D,"188,168,252,249",0.0,6EQE
S;I;K;E,Q;R;L;K,"188,168,252,231",0.0,6EQE
S;I;K;D,Q;R;L;K,"188,168,252,263",0.0,6EQE
S;I;K;T,Q;R;L;M,"188,168,252,51",0.0,6EQE
S;I;K;L,Q;R;L;E,"188,168,252,216",0.0,6EQE
S;I;K;S,Q;R;L;T,"188,168,252,121",0.0,6EQE
S;I;K;I,Q;R;L;H,"188,168,252,145",0.0,6EQE
S;I;K;I,Q;R;L;L,"188,168,252,145",0.0,6EQE
S;I;K;H,Q;R;L;M,"188,168,252,104",0.0,6EQE
S;I;K;R,Q;R;L;P,"188,168,252,280",0.0,6EQE
S;I;K;L,Q;R;L;F,"188,168,252,216",0.0,6EQE
S;I;K;S,Q;R;L;D,"188,168,252,103",0.0,6EQE
S;I;K;I,Q;R;L;V,"188,168,252,200",0.0,6EQE
S;I;K;T,Q;R;L;K,"188,168,252,88",0.0,6EQE
S;I;K;N,Q;R;L;K,"188,168,252,138",0.0,6EQE
S;I;K;A,Q;R;L;L,"188,168,252,65",0.0,6EQE
S;I;K;Q,Q;R;L;T,"188,168,252,91",0.0,6EQE
S;I;K;G,Q;R;L;D,"188,168,252,163",0.0,6EQE
S;I;K;A,Q;R;L;M,"188,168,252,65",0.0,6EQE
S;I;K;V,Q;R;L;D,"188,168,252,57",0.0,6EQE
S;I;K;Q,Q;R;L;V,"188,168,252,127",0.0,6EQE
S;I;K;V,Q;R;L;C,"188,168,252,281",0.0,6EQE
S;I;K;T,Q;R;L;V,"188,168,252,72",0.0,6EQE
S;I;K;Q,Q;R;L;N,"188,168,252,133",0.0,6EQE
S;I;K;R,Q;R;L;K,"188,168,252,53",0.0,6EQE
S;I;K;S,Q;R;L;P,"188,168,252,125",0.0,6EQE
S;I;K;T,Q;R;L;Q,"188,168,252,88",0.0,6EQE
S;I;K;N,Q;R;L;L,"188,168,252,138",0.0,6EQE
S;I;K;H,Q;R;L;R,"188,168,252,104",0.0,6EQE
S;I;K;W,Q;R;L;P,"188,168,252,159",0.0,6EQE
S;I;K;S,Q;R;L;Y,"188,168,252,242",0.0,6EQE
S;I;K;A,Q;R;L;F,"188,168,252,65",0.0,6EQE
S;I;K;G,Q;R;L;H,"188,168,252,251",0.0,6EQE
S;I;K;L,Q;R;L;P,"188,168,252,216",0.0,6EQE
S;I;K;S,Q;R;L;W,"188,168,252,58",0.0,6EQE
S;I;K;A,Q;R;L;E,"188,168,252,152",0.0,6EQE
S;I;K;T,Q;R;L;N,"188,168,252,88",0.0,6EQE
S;I;K;T,Q;R;L;N,"188,168,252,198",0.0,6EQE
S;I;K;S,Q;R;L;K,"188,168,252,58",0.0,6EQE
S;I;K;L,Q;R;L;C,"188,168,252,249",0.0,6EQE
S;I;K;N,Q;R;L;T,"188,168,252,190",0.0,6EQE
S;I;K;S,Q;R;L;V,"188,168,252,223",0.0,6EQE
S;I;K;A,Q;R;L;W,"188,168,252,65",0.0,6EQE
S;I;K;K,Q;R;L;Y,"188,168,252,253",0.0,6EQE
S;I;K;R,Q;R;L;S,"188,168,252,90",0.0,6EQE
S;I;K;T,Q;R;L;M,"188,168,252,29",0.0,6EQE
S;I;K;M,Q;R;L;L,"188,168,252,262",0.0,6EQE
S;I;K;A,Q;R;L;L,"188,168,252,272",0.0,6EQE
S;I;K;R,Q;R;L;N,"188,168,252,90",0.0,6EQE
S;I;K;R,Q;R;L;T,"188,168,252,90",0.0,6EQE
S;I;K;G,Q;R;L;T,"188,168,252,254",0.0,6EQE
S;I;K;R,Q;R;L;P,"188,168,252,90",0.0,6EQE
S;I;K;N,Q;R;L;Y,"188,168,252,37",0.0,6EQE
S;I;K;Q,Q;R;L;I,"188,168,252,182",0.0,6EQE
S;I;K;R,Q;R;L;A,"188,168,252,90",0.0,6EQE
S;I;K;K,Q;R;L;F,"188,168,252,253",0.0,6EQE
S;I;K;Y,Q;R;L;S,"188,168,252,63",0.0,6EQE
S;I;K;Q,Q;R;L;M,"188,168,252,127",0.0,6EQE
S;I;K;Q,Q;R;L;L,"188,168,252,182",0.0,6EQE
S;I;K;K,Q;R;L;A,"188,168,252,253",0.0,6EQE
S;I;K;K,Q;R;L;V,"188,168,252,253",0.0,6EQE
S;I;K;Q,Q;R;L;F,"188,168,252,182",0.0,6EQE
S;I;K;R,Q;R;L;D,"188,168,252,90",0.0,6EQE
S;I;K;Q,Q;R;L;A,"188,168,252,127",0.0,6EQE
S;I;K;Y,Q;R;L;T,"188,168,252,63",0.0,6EQE
S;I;K;Q,Q;R;L;V,"188,168,252,182",0.0,6EQE
S;I;K;K,Q;R;L;L,"188,168,252,253",0.0,6EQE
S;I;K;C,Q;R;L;S,"188,168,252,289",0.0,6EQE
S;I;K;Y,Q;R;L;G,"188,168,252,63",0.0,6EQE
S;I;K;M,Q;R;L;V,"188,168,252,154",0.0,6EQE
S;I;K;Q,Q;R;L;T,"188,168,252,127",0.0,6EQE
S;I;K;A,Q;R;L;D,"188,168,252,226",0.0,6EQE
S;I;K;C,Q;R;L;A,"188,168,252,289",0.0,6EQE
S;I;K;R,Q;R;L;Q,"188,168,252,224",0.0,6EQE
S;I;K;N,Q;R;L;K,"188,168,252,233",0.0,6EQE
S;I;K;S,Q;R;L;E,"188,168,252,136",0.0,6EQE
S;I;K;D,Q;R;L;N,"188,168,252,186",0.0,6EQE
S;I;K;R,Q;R;L;A,"188,168,252,280",0.0,6EQE
S;I;K;S,Q;R;L;F,"188,168,252,238",0.0,6EQE
S;I;K;S,Q;R;L;H,"188,168,252,214",0.0,6EQE
S;I;K;L,Q;R;L;F,"188,168,252,117",0.0,6EQE
S;I;K;Q,Q;R;L;Y,"188,168,252,119",0.0,6EQE
S;I;K;G,Q;R;L;A,"188,168,252,165",0.0,6EQE
S;I;K;S,Q;R;L;E,"188,168,252,121",0.0,6EQE
S;I;K;N,Q;R;L;H,"188,168,252,205",0.0,6EQE
S;I;K;S,Q;R;L;Y,"188,168,252,269",0.0,6EQE
S;I;K;S,Q;R;L;T,"188,168,252,214",0.0,6EQE
S;I;K;I,Q;R;L;R,"188,168,252,218",0.0,6EQE
S;I;K;P,Q;R;L;K,"188,168,252,120",0.0,6EQE
S;I;K;M,Q;R;L;H,"188,168,252,161",0.0,6EQE
S;I;K;N,Q;R;L;K,"188,168,252,114",0.0,6EQE
S;I;K;P,Q;R;L;V,"188,168,252,184",0.0,6EQE
S;I;K;W,Q;R;L;P,"188,168,252,185",0.0,6EQE
S;I;K;S,Q;R;L;H,"188,168,252,187",0.0,6EQE
S;I;K;T,Q;R;L;Y,"188,168,252,189",0.0,6EQE
S;I;K;F,Q;R;L;M,"188,168,252,191",0.0,6EQE
S;I;E;S,Q;R;K;N,"188,168,231,124",0.0,6EQE
S;I;E;G,Q;R;K;Q,"188,168,231,243",0.0,6EQE
S;I;E;G,Q;R;K;L,"188,168,231,243",0.0,6EQE
S;I;E;T,Q;R;K;E,"188,168,231,270",0.0,6EQE
S;I;E;R,Q;R;K;V,"188,168,231,34",0.0,6EQE
S;I;E;G,Q;R;K;K,"188,168,231,243",0.0,6EQE
S;I;E;D,Q;R;K;Q,"188,168,231,220",0.0,6EQE
S;I;E;S,Q;R;K;K,"188,168,231,124",0.0,6EQE
S;I;E;F,Q;R;K;E,"188,168,231,271",0.0,6EQE
S;I;E;G,Q;R;K;Q,"188,168,231,164",0.0,6EQE
S;I;E;A,Q;R;K;D,"188,168,231,130",0.0,6EQE
S;I;E;W,Q;R;K;C,"188,168,231,257",0.0,6EQE
S;I;E;Q,Q;R;K;N,"188,168,231,127",0.0,6EQE
S;I;E;Q,Q;R;K;R,"188,168,231,127",0.0,6EQE
S;I;E;S,Q;R;K;M,"188,168,231,238",0.0,6EQE
S;I;E;F,Q;R;K;M,"188,168,231,271",0.0,6EQE
S;I;E;S,Q;R;K;A,"188,168,231,124",0.0,6EQE
S;I;E;G,Q;R;K;I,"188,168,231,243",0.0,6EQE
S;I;E;Q,Q;R;K;I,"188,168,231,127",0.0,6EQE
S;I;E;A,Q;R;K;V,"188,168,231,65",0.0,6EQE
S;I;E;Q,Q;R;K;E,"188,168,231,133",0.0,6EQE
S;I;E;S,Q;R;K;T,"188,168,231,124",0.0,6EQE
S;I;E;Q,Q;R;K;K,"188,168,231,127",0.0,6EQE
S;I;E;Q,Q;R;K;W,"188,168,231,133",0.0,6EQE
S;I;E;D,Q;R;K;L,"188,168,231,220",0.0,6EQE
S;I;E;T,Q;R;K;D,"188,168,231,88",0.0,6EQE
S;I;E;R,Q;R;K;N,"188,168,231,132",0.0,6EQE
S;I;E;Q,Q;R;K;D,"188,168,231,127",0.0,6EQE
S;I;E;A,Q;R;K;Y,"188,168,231,215",0.0,6EQE
S;I;E;L,Q;R;K;K,"188,168,231,249",0.0,6EQE
S;I;E;R,Q;R;K;Y,"188,168,231,123",0.0,6EQE
S;I;E;F,Q;R;K;W,"188,168,231,271",0.0,6EQE
S;I;E;S,Q;R;K;D,"188,168,231,58",0.0,6EQE
S;I;E;N,Q;R;K;I,"188,168,231,37",0.0,6EQE
S;I;E;C,Q;R;K;D,"188,168,231,289",0.0,6EQE
S;I;E;A,Q;R;K;P,"188,168,231,152",0.0,6EQE
S;I;E;D,Q;R;K;V,"188,168,231,186",0.0,6EQE
S;I;E;G,Q;R;K;P,"188,168,231,243",0.0,6EQE
S;I;E;S,Q;R;K;E,"188,168,231,115",0.0,6EQE
S;I;E;L,Q;R;K;Q,"188,168,231,216",0.0,6EQE
S;I;E;N,Q;R;K;P,"188,168,231,277",0.0,6EQE
S;I;E;R,Q;R;K;Q,"188,168,231,132",0.0,6EQE
S;I;E;N,Q;R;K;Y,"188,168,231,244",0.0,6EQE
S;I;E;H,Q;R;K;T,"188,168,231,104",0.0,6EQE
S;I;E;S,Q;R;K;V,"188,168,231,58",0.0,6EQE
S;I;E;H,Q;R;K;L,"188,168,231,104",0.0,6EQE
S;I;E;P,Q;R;K;Q,"188,168,231,38",0.0,6EQE
S;I;E;R,Q;R;K;L,"188,168,231,53",0.0,6EQE
S;I;E;A,Q;R;K;T,"188,168,231,180",0.0,6EQE
S;I;E;P,Q;R;K;D,"188,168,231,197",0.0,6EQE
S;I;E;T,Q;R;K;V,"188,168,231,198",0.0,6EQE
S;I;E;A,Q;R;K;M,"188,168,231,135",0.0,6EQE
S;I;E;I,Q;R;K;L,"188,168,231,111",0.0,6EQE
S;I;E;G,Q;R;K;S,"188,168,231,243",0.0,6EQE
S;I;E;Q,Q;R;K;L,"188,168,231,127",0.0,6EQE
S;I;E;Q,Q;R;K;H,"188,168,231,127",0.0,6EQE
S;I;E;W,Q;R;K;I,"188,168,231,159",0.0,6EQE
S;I;E;Q,Q;R;K;P,"188,168,231,127",0.0,6EQE
S;I;E;S,Q;R;K;N,"188,168,231,103",0.0,6EQE
S;I;E;A,Q;R;K;Y,"188,168,231,179",0.0,6EQE
S;I;E;W,Q;R;K;K,"188,168,231,257",0.0,6EQE
S;I;E;L,Q;R;K;M,"188,168,231,216",0.0,6EQE
S;I;E;Q,Q;R;K;E,"188,168,231,127",0.0,6EQE
S;I;E;G,Q;R;K;A,"188,168,231,243",0.0,6EQE
S;I;E;A,Q;R;K;N,"188,168,231,226",0.0,6EQE
S;I;E;L,Q;R;K;I,"188,168,231,216",0.0,6EQE
S;I;E;C,Q;R;K;L,"188,168,231,289",0.0,6EQE
S;I;E;S,Q;R;K;E,"188,168,231,207",0.0,6EQE
S;I;E;M,Q;R;K;L,"188,168,231,154",0.0,6EQE
S;I;E;M,Q;R;K;P,"188,168,231,222",0.0,6EQE
S;I;E;G,Q;R;K;T,"188,168,231,251",0.0,6EQE
S;I;E;P,Q;R;K;L,"188,168,231,38",0.0,6EQE
S;I;E;L,Q;R;K;W,"188,168,231,216",0.0,6EQE
S;I;E;T,Q;R;K;L,"188,168,231,72",0.0,6EQE
S;I;E;S,Q;R;K;P,"188,168,231,245",0.0,6EQE
S;I;E;I,Q;R;K;W,"188,168,231,111",0.0,6EQE
S;I;E;L,Q;R;K;D,"188,168,231,249",0.0,6EQE
S;I;E;D,Q;R;K;K,"188,168,231,263",0.0,6EQE
S;I;E;T,Q;R;K;M,"188,168,231,51",0.0,6EQE
S;I;E;L,Q;R;K;E,"188,168,231,216",0.0,6EQE
S;I;E;S,Q;R;K;T,"188,168,231,121",0.0,6EQE
S;I;E;I,Q;R;K;H,"188,168,231,145",0.0,6EQE
S;I;E;I,Q;R;K;L,"188,168,231,145",0.0,6EQE
S;I;E;H,Q;R;K;M,"188,168,231,104",0.0,6EQE
S;I;E;R,Q;R;K;P,"188,168,231,280",0.0,6EQE
S;I;E;L,Q;R;K;F,"188,168,231,216",0.0,6EQE
S;I;E;S,Q;R;K;D,"188,168,231,103",0.0,6EQE
S;I;E;I,Q;R;K;V,"188,168,231,200",0.0,6EQE
S;I;E;T,Q;R;K;K,"188,168,231,88",0.0,6EQE
S;I;E;N,Q;R;K;K,"188,168,231,138",0.0,6EQE
S;I;E;A,Q;R;K;L,"188,168,231,65",0.0,6EQE
S;I;E;Q,Q;R;K;T,"188,168,231,91",0.0,6EQE
S;I;E;G,Q;R;K;D,"188,168,231,163",0.0,6EQE
S;I;E;A,Q;R;K;M,"188,168,231,65",0.0,6EQE
S;I;E;K,Q;R;K;L,"188,168,231,252",0.0,6EQE
S;I;E;V,Q;R;K;D,"188,168,231,57",0.0,6EQE
S;I;E;Q,Q;R;K;V,"188,168,231,127",0.0,6EQE
S;I;E;V,Q;R;K;C,"188,168,231,281",0.0,6EQE
S;I;E;T,Q;R;K;V,"188,168,231,72",0.0,6EQE
S;I;E;Q,Q;R;K;N,"188,168,231,133",0.0,6EQE
S;I;E;R,Q;R;K;K,"188,168,231,53",0.0,6EQE
S;I;E;S,Q;R;K;P,"188,168,231,125",0.0,6EQE
S;I;E;T,Q;R;K;Q,"188,168,231,88",0.0,6EQE
S;I;E;N,Q;R;K;L,"188,168,231,138",0.0,6EQE
S;I;E;H,Q;R;K;R,"188,168,231,104",0.0,6EQE
S;I;E;W,Q;R;K;P,"188,168,231,159",0.0,6EQE
S;I;E;S,Q;R;K;Y,"188,168,231,242",0.0,6EQE
S;I;E;A,Q;R;K;F,"188,168,231,65",0.0,6EQE
S;I;E;G,Q;R;K;H,"188,168,231,251",0.0,6EQE
S;I;E;L,Q;R;K;P,"188,168,231,216",0.0,6EQE
S;I;E;S,Q;R;K;W,"188,168,231,58",0.0,6EQE
S;I;E;A,Q;R;K;E,"188,168,231,152",0.0,6EQE
S;I;E;T,Q;R;K;N,"188,168,231,88",0.0,6EQE
S;I;E;T,Q;R;K;N,"188,168,231,198",0.0,6EQE
S;I;E;S,Q;R;K;K,"188,168,231,58",0.0,6EQE
S;I;E;L,Q;R;K;C,"188,168,231,249",0.0,6EQE
S;I;E;N,Q;R;K;T,"188,168,231,190",0.0,6EQE
S;I;E;S,Q;R;K;V,"188,168,231,223",0.0,6EQE
S;I;E;A,Q;R;K;W,"188,168,231,65",0.0,6EQE
S;I;E;K,Q;R;K;Y,"188,168,231,253",0.0,6EQE
S;I;E;R,Q;R;K;S,"188,168,231,90",0.0,6EQE
S;I;E;T,Q;R;K;M,"188,168,231,29",0.0,6EQE
S;I;E;M,Q;R;K;L,"188,168,231,262",0.0,6EQE
S;I;E;A,Q;R;K;L,"188,168,231,272",0.0,6EQE
S;I;E;R,Q;R;K;N,"188,168,231,90",0.0,6EQE
S;I;E;R,Q;R;K;T,"188,168,231,90",0.0,6EQE
S;I;E;G,Q;R;K;T,"188,168,231,254",0.0,6EQE
S;I;E;R,Q;R;K;P,"188,168,231,90",0.0,6EQE
S;I;E;N,Q;R;K;Y,"188,168,231,37",0.0,6EQE
S;I;E;Q,Q;R;K;I,"188,168,231,182",0.0,6EQE
S;I;E;R,Q;R;K;A,"188,168,231,90",0.0,6EQE
S;I;E;K,Q;R;K;F,"188,168,231,253",0.0,6EQE
S;I;E;Y,Q;R;K;S,"188,168,231,63",0.0,6EQE
S;I;E;Q,Q;R;K;M,"188,168,231,127",0.0,6EQE
S;I;E;Q,Q;R;K;L,"188,168,231,182",0.0,6EQE
S;I;E;K,Q;R;K;A,"188,168,231,253",0.0,6EQE
S;I;E;K,Q;R;K;V,"188,168,231,253",0.0,6EQE
S;I;E;Q,Q;R;K;F,"188,168,231,182",0.0,6EQE
S;I;E;R,Q;R;K;D,"188,168,231,90",0.0,6EQE
S;I;E;Q,Q;R;K;A,"188,168,231,127",0.0,6EQE
S;I;E;Y,Q;R;K;T,"188,168,231,63",0.0,6EQE
S;I;E;Q,Q;R;K;V,"188,168,231,182",0.0,6EQE
S;I;E;K,Q;R;K;L,"188,168,231,253",0.0,6EQE
S;I;E;C,Q;R;K;S,"188,168,231,289",0.0,6EQE
S;I;E;Y,Q;R;K;G,"188,168,231,63",0.0,6EQE
S;I;E;M,Q;R;K;V,"188,168,231,154",0.0,6EQE
S;I;E;Q,Q;R;K;T,"188,168,231,127",0.0,6EQE
S;I;E;A,Q;R;K;D,"188,168,231,226",0.0,6EQE
S;I;E;C,Q;R;K;A,"188,168,231,289",0.0,6EQE
S;I;E;R,Q;R;K;Q,"188,168,231,224",0.0,6EQE
S;I;E;N,Q;R;K;K,"188,168,231,233",0.0,6EQE
S;I;E;S,Q;R;K;E,"188,168,231,136",0.0,6EQE
S;I;E;D,Q;R;K;N,"188,168,231,186",0.0,6EQE
S;I;E;R,Q;R;K;A,"188,168,231,280",0.0,6EQE
S;I;E;S,Q;R;K;F,"188,168,231,238",0.0,6EQE
S;I;E;S,Q;R;K;H,"188,168,231,214",0.0,6EQE
S;I;E;L,Q;R;K;F,"188,168,231,117",0.0,6EQE
S;I;E;Q,Q;R;K;Y,"188,168,231,119",0.0,6EQE
S;I;E;G,Q;R;K;A,"188,168,231,165",0.0,6EQE
S;I;E;S,Q;R;K;E,"188,168,231,121",0.0,6EQE
S;I;E;N,Q;R;K;H,"188,168,231,205",0.0,6EQE
S;I;E;S,Q;R;K;Y,"188,168,231,269",0.0,6EQE
S;I;E;S,Q;R;K;T,"188,168,231,214",0.0,6EQE
S;I;E;I,Q;R;K;R,"188,168,231,218",0.0,6EQE
S;I;E;P,Q;R;K;K,"188,168,231,120",0.0,6EQE
S;I;E;M,Q;R;K;H,"188,168,231,161",0.0,6EQE
S;I;E;N,Q;R;K;K,"188,168,231,114",0.0,6EQE
S;I;E;P,Q;R;K;V,"188,168,231,184",0.0,6EQE
S;I;E;W,Q;R;K;P,"188,168,231,185",0.0,6EQE
S;I;E;S,Q;R;K;H,"188,168,231,187",0.0,6EQE
S;I;E;T,Q;R;K;Y,"188,168,231,189",0.0,6EQE
S;I;E;F,Q;R;K;M,"188,168,231,191",0.0,6EQE
S;I;G;S,Q;R;A;N,"188,168,165,124",0.0,6EQE
S;I;G;G,Q;R;A;Q,"188,168,165,243",0.0,6EQE
S;I;G;G,Q;R;A;L,"188,168,165,243",0.0,6EQE
S;I;G;T,Q;R;A;E,"188,168,165,270",0.0,6EQE
S;I;G;R,Q;R;A;V,"188,168,165,34",0.0,6EQE
S;I;G;G,Q;R;A;K,"188,168,165,243",0.0,6EQE
S;I;G;D,Q;R;A;Q,"188,168,165,220",0.0,6EQE
S;I;G;S,Q;R;A;K,"188,168,165,124",0.0,6EQE
S;I;G;F,Q;R;A;E,"188,168,165,271",0.0,6EQE
S;I;G;G,Q;R;A;Q,"188,168,165,164",0.0,6EQE
S;I;G;A,Q;R;A;D,"188,168,165,130",0.0,6EQE
S;I;G;W,Q;R;A;C,"188,168,165,257",0.0,6EQE
S;I;G;Q,Q;R;A;N,"188,168,165,127",0.0,6EQE
S;I;G;Q,Q;R;A;R,"188,168,165,127",0.0,6EQE
S;I;G;S,Q;R;A;M,"188,168,165,238",0.0,6EQE
S;I;G;F,Q;R;A;M,"188,168,165,271",0.0,6EQE
S;I;G;S,Q;R;A;A,"188,168,165,124",0.0,6EQE
S;I;G;G,Q;R;A;I,"188,168,165,243",0.0,6EQE
S;I;G;Q,Q;R;A;I,"188,168,165,127",0.0,6EQE
S;I;G;A,Q;R;A;V,"188,168,165,65",0.0,6EQE
S;I;G;Q,Q;R;A;E,"188,168,165,133",0.0,6EQE
S;I;G;S,Q;R;A;T,"188,168,165,124",0.0,6EQE
S;I;G;Q,Q;R;A;K,"188,168,165,127",0.0,6EQE
S;I;G;Q,Q;R;A;W,"188,168,165,133",0.0,6EQE
S;I;G;D,Q;R;A;L,"188,168,165,220",0.0,6EQE
S;I;G;T,Q;R;A;D,"188,168,165,88",0.0,6EQE
S;I;G;R,Q;R;A;N,"188,168,165,132",0.0,6EQE
S;I;G;Q,Q;R;A;D,"188,168,165,127",0.0,6EQE
S;I;G;A,Q;R;A;Y,"188,168,165,215",0.0,6EQE
S;I;G;L,Q;R;A;K,"188,168,165,249",0.0,6EQE
S;I;G;R,Q;R;A;Y,"188,168,165,123",0.0,6EQE
S;I;G;F,Q;R;A;W,"188,168,165,271",0.0,6EQE
S;I;G;S,Q;R;A;D,"188,168,165,58",0.0,6EQE
S;I;G;N,Q;R;A;I,"188,168,165,37",0.0,6EQE
S;I;G;C,Q;R;A;D,"188,168,165,289",0.0,6EQE
S;I;G;A,Q;R;A;P,"188,168,165,152",0.0,6EQE
S;I;G;D,Q;R;A;V,"188,168,165,186",0.0,6EQE
S;I;G;G,Q;R;A;P,"188,168,165,243",0.0,6EQE
S;I;G;S,Q;R;A;E,"188,168,165,115",0.0,6EQE
S;I;G;L,Q;R;A;Q,"188,168,165,216",0.0,6EQE
S;I;G;N,Q;R;A;P,"188,168,165,277",0.0,6EQE
S;I;G;R,Q;R;A;Q,"188,168,165,132",0.0,6EQE
S;I;G;N,Q;R;A;Y,"188,168,165,244",0.0,6EQE
S;I;G;H,Q;R;A;T,"188,168,165,104",0.0,6EQE
S;I;G;S,Q;R;A;V,"188,168,165,58",0.0,6EQE
S;I;G;H,Q;R;A;L,"188,168,165,104",0.0,6EQE
S;I;G;P,Q;R;A;Q,"188,168,165,38",0.0,6EQE
S;I;G;R,Q;R;A;L,"188,168,165,53",0.0,6EQE
S;I;G;A,Q;R;A;T,"188,168,165,180",0.0,6EQE
S;I;G;P,Q;R;A;D,"188,168,165,197",0.0,6EQE
S;I;G;T,Q;R;A;V,"188,168,165,198",0.0,6EQE
S;I;G;A,Q;R;A;M,"188,168,165,135",0.0,6EQE
S;I;G;I,Q;R;A;L,"188,168,165,111",0.0,6EQE
S;I;G;G,Q;R;A;S,"188,168,165,243",0.0,6EQE
S;I;G;Q,Q;R;A;L,"188,168,165,127",0.0,6EQE
S;I;G;Q,Q;R;A;H,"188,168,165,127",0.0,6EQE
S;I;G;W,Q;R;A;I,"188,168,165,159",0.0,6EQE
S;I;G;Q,Q;R;A;P,"188,168,165,127",0.0,6EQE
S;I;G;S,Q;R;A;N,"188,168,165,103",0.0,6EQE
S;I;G;A,Q;R;A;Y,"188,168,165,179",0.0,6EQE
S;I;G;W,Q;R;A;K,"188,168,165,257",0.0,6EQE
S;I;G;L,Q;R;A;M,"188,168,165,216",0.0,6EQE
S;I;G;Q,Q;R;A;E,"188,168,165,127",0.0,6EQE
S;I;G;G,Q;R;A;A,"188,168,165,243",0.0,6EQE
S;I;G;A,Q;R;A;N,"188,168,165,226",0.0,6EQE
S;I;G;L,Q;R;A;I,"188,168,165,216",0.0,6EQE
S;I;G;C,Q;R;A;L,"188,168,165,289",0.0,6EQE
S;I;G;S,Q;R;A;E,"188,168,165,207",0.0,6EQE
S;I;G;M,Q;R;A;L,"188,168,165,154",0.0,6EQE
S;I;G;M,Q;R;A;P,"188,168,165,222",0.0,6EQE
S;I;G;G,Q;R;A;T,"188,168,165,251",0.0,6EQE
S;I;G;P,Q;R;A;L,"188,168,165,38",0.0,6EQE
S;I;G;L,Q;R;A;W,"188,168,165,216",0.0,6EQE
S;I;G;T,Q;R;A;L,"188,168,165,72",0.0,6EQE
S;I;G;S,Q;R;A;P,"188,168,165,245",0.0,6EQE
S;I;G;I,Q;R;A;W,"188,168,165,111",0.0,6EQE
S;I;G;L,Q;R;A;D,"188,168,165,249",0.0,6EQE
S;I;G;E,Q;R;A;K,"188,168,165,231",0.0,6EQE
S;I;G;D,Q;R;A;K,"188,168,165,263",0.0,6EQE
S;I;G;T,Q;R;A;M,"188,168,165,51",0.0,6EQE
S;I;G;L,Q;R;A;E,"188,168,165,216",0.0,6EQE
S;I;G;S,Q;R;A;T,"188,168,165,121",0.0,6EQE
S;I;G;I,Q;R;A;H,"188,168,165,145",0.0,6EQE
S;I;G;I,Q;R;A;L,"188,168,165,145",0.0,6EQE
S;I;G;H,Q;R;A;M,"188,168,165,104",0.0,6EQE
S;I;G;R,Q;R;A;P,"188,168,165,280",0.0,6EQE
S;I;G;L,Q;R;A;F,"188,168,165,216",0.0,6EQE
S;I;G;S,Q;R;A;D,"188,168,165,103",0.0,6EQE
S;I;G;I,Q;R;A;V,"188,168,165,200",0.0,6EQE
S;I;G;T,Q;R;A;K,"188,168,165,88",0.0,6EQE
S;I;G;N,Q;R;A;K,"188,168,165,138",0.0,6EQE
S;I;G;A,Q;R;A;L,"188,168,165,65",0.0,6EQE
S;I;G;Q,Q;R;A;T,"188,168,165,91",0.0,6EQE
S;I;G;G,Q;R;A;D,"188,168,165,163",0.0,6EQE
S;I;G;A,Q;R;A;M,"188,168,165,65",0.0,6EQE
S;I;G;K,Q;R;A;L,"188,168,165,252",0.0,6EQE
S;I;G;V,Q;R;A;D,"188,168,165,57",0.0,6EQE
S;I;G;Q,Q;R;A;V,"188,168,165,127",0.0,6EQE
S;I;G;V,Q;R;A;C,"188,168,165,281",0.0,6EQE
S;I;G;T,Q;R;A;V,"188,168,165,72",0.0,6EQE
S;I;G;Q,Q;R;A;N,"188,168,165,133",0.0,6EQE
S;I;G;R,Q;R;A;K,"188,168,165,53",0.0,6EQE
S;I;G;S,Q;R;A;P,"188,168,165,125",0.0,6EQE
S;I;G;T,Q;R;A;Q,"188,168,165,88",0.0,6EQE
S;I;G;N,Q;R;A;L,"188,168,165,138",0.0,6EQE
S;I;G;H,Q;R;A;R,"188,168,165,104",0.0,6EQE
S;I;G;W,Q;R;A;P,"188,168,165,159",0.0,6EQE
S;I;G;S,Q;R;A;Y,"188,168,165,242",0.0,6EQE
S;I;G;A,Q;R;A;F,"188,168,165,65",0.0,6EQE
S;I;G;G,Q;R;A;H,"188,168,165,251",0.0,6EQE
S;I;G;L,Q;R;A;P,"188,168,165,216",0.0,6EQE
S;I;G;S,Q;R;A;W,"188,168,165,58",0.0,6EQE
S;I;G;A,Q;R;A;E,"188,168,165,152",0.0,6EQE
S;I;G;T,Q;R;A;N,"188,168,165,88",0.0,6EQE
S;I;G;T,Q;R;A;N,"188,168,165,198",0.0,6EQE
S;I;G;S,Q;R;A;K,"188,168,165,58",0.0,6EQE
S;I;G;L,Q;R;A;C,"188,168,165,249",0.0,6EQE
S;I;G;N,Q;R;A;T,"188,168,165,190",0.0,6EQE
S;I;G;S,Q;R;A;V,"188,168,165,223",0.0,6EQE
S;I;G;A,Q;R;A;W,"188,168,165,65",0.0,6EQE
S;I;G;K,Q;R;A;Y,"188,168,165,253",0.0,6EQE
S;I;G;R,Q;R;A;S,"188,168,165,90",0.0,6EQE
S;I;G;T,Q;R;A;M,"188,168,165,29",0.0,6EQE
S;I;G;M,Q;R;A;L,"188,168,165,262",0.0,6EQE
S;I;G;A,Q;R;A;L,"188,168,165,272",0.0,6EQE
S;I;G;R,Q;R;A;N,"188,168,165,90",0.0,6EQE
S;I;G;R,Q;R;A;T,"188,168,165,90",0.0,6EQE
S;I;G;G,Q;R;A;T,"188,168,165,254",0.0,6EQE
S;I;G;R,Q;R;A;P,"188,168,165,90",0.0,6EQE
S;I;G;N,Q;R;A;Y,"188,168,165,37",0.0,6EQE
S;I;G;Q,Q;R;A;I,"188,168,165,182",0.0,6EQE
S;I;G;R,Q;R;A;A,"188,168,165,90",0.0,6EQE
S;I;G;K,Q;R;A;F,"188,168,165,253",0.0,6EQE
S;I;G;Y,Q;R;A;S,"188,168,165,63",0.0,6EQE
S;I;G;Q,Q;R;A;M,"188,168,165,127",0.0,6EQE
S;I;G;Q,Q;R;A;L,"188,168,165,182",0.0,6EQE
S;I;G;K,Q;R;A;A,"188,168,165,253",0.0,6EQE
S;I;G;K,Q;R;A;V,"188,168,165,253",0.0,6EQE
S;I;G;Q,Q;R;A;F,"188,168,165,182",0.0,6EQE
S;I;G;R,Q;R;A;D,"188,168,165,90",0.0,6EQE
S;I;G;Q,Q;R;A;A,"188,168,165,127",0.0,6EQE
S;I;G;Y,Q;R;A;T,"188,168,165,63",0.0,6EQE
S;I;G;Q,Q;R;A;V,"188,168,165,182",0.0,6EQE
S;I;G;K,Q;R;A;L,"188,168,165,253",0.0,6EQE
S;I;G;C,Q;R;A;S,"188,168,165,289",0.0,6EQE
S;I;G;Y,Q;R;A;G,"188,168,165,63",0.0,6EQE
S;I;G;M,Q;R;A;V,"188,168,165,154",0.0,6EQE
S;I;G;Q,Q;R;A;T,"188,168,165,127",0.0,6EQE
S;I;G;A,Q;R;A;D,"188,168,165,226",0.0,6EQE
S;I;G;C,Q;R;A;A,"188,168,165,289",0.0,6EQE
S;I;G;R,Q;R;A;Q,"188,168,165,224",0.0,6EQE
S;I;G;N,Q;R;A;K,"188,168,165,233",0.0,6EQE
S;I;G;S,Q;R;A;E,"188,168,165,136",0.0,6EQE
S;I;G;D,Q;R;A;N,"188,168,165,186",0.0,6EQE
S;I;G;R,Q;R;A;A,"188,168,165,280",0.0,6EQE
S;I;G;S,Q;R;A;F,"188,168,165,238",0.0,6EQE
S;I;G;S,Q;R;A;H,"188,168,165,214",0.0,6EQE
S;I;G;L,Q;R;A;F,"188,168,165,117",0.0,6EQE
S;I;G;Q,Q;R;A;Y,"188,168,165,119",0.0,6EQE
S;I;G;S,Q;R;A;E,"188,168,165,121",0.0,6EQE
S;I;G;N,Q;R;A;H,"188,168,165,205",0.0,6EQE
S;I;G;S,Q;R;A;Y,"188,168,165,269",0.0,6EQE
S;I;G;S,Q;R;A;T,"188,168,165,214",0.0,6EQE
S;I;G;I,Q;R;A;R,"188,168,165,218",0.0,6EQE
S;I;G;P,Q;R;A;K,"188,168,165,120",0.0,6EQE
S;I;G;M,Q;R;A;H,"188,168,165,161",0.0,6EQE
S;I;G;N,Q;R;A;K,"188,168,165,114",0.0,6EQE
S;I;G;P,Q;R;A;V,"188,168,165,184",0.0,6EQE
S;I;G;W,Q;R;A;P,"188,168,165,185",0.0,6EQE
S;I;G;S,Q;R;A;H,"188,168,165,187",0.0,6EQE
S;I;G;T,Q;R;A;Y,"188,168,165,189",0.0,6EQE
S;I;G;F,Q;R;A;M,"188,168,165,191",0.0,6EQE
S;I;M;S,Q;R;L;N,"188,168,154,124",0.0,6EQE
S;I;M;G,Q;R;L;Q,"188,168,154,243",0.0,6EQE
S;I;M;G,Q;R;L;L,"188,168,154,243",0.0,6EQE
S;I;M;T,Q;R;L;E,"188,168,154,270",0.0,6EQE
S;I;M;R,Q;R;L;V,"188,168,154,34",0.0,6EQE
S;I;M;G,Q;R;L;K,"188,168,154,243",0.0,6EQE
S;I;M;D,Q;R;L;Q,"188,168,154,220",0.0,6EQE
S;I;M;S,Q;R;L;K,"188,168,154,124",0.0,6EQE
S;I;M;F,Q;R;L;E,"188,168,154,271",0.0,6EQE
S;I;M;G,Q;R;L;Q,"188,168,154,164",0.0,6EQE
S;I;M;A,Q;R;L;D,"188,168,154,130",0.0,6EQE
S;I;M;W,Q;R;L;C,"188,168,154,257",0.0,6EQE
S;I;M;Q,Q;R;L;N,"188,168,154,127",0.0,6EQE
S;I;M;Q,Q;R;L;R,"188,168,154,127",0.0,6EQE
S;I;M;S,Q;R;L;M,"188,168,154,238",0.0,6EQE
S;I;M;F,Q;R;L;M,"188,168,154,271",0.0,6EQE
S;I;M;S,Q;R;L;A,"188,168,154,124",0.0,6EQE
S;I;M;G,Q;R;L;I,"188,168,154,243",0.0,6EQE
S;I;M;Q,Q;R;L;I,"188,168,154,127",0.0,6EQE
S;I;M;A,Q;R;L;V,"188,168,154,65",0.0,6EQE
S;I;M;Q,Q;R;L;E,"188,168,154,133",0.0,6EQE
S;I;M;S,Q;R;L;T,"188,168,154,124",0.0,6EQE
S;I;M;Q,Q;R;L;K,"188,168,154,127",0.0,6EQE
S;I;M;Q,Q;R;L;W,"188,168,154,133",0.0,6EQE
S;I;M;D,Q;R;L;L,"188,168,154,220",0.0,6EQE
S;I;M;T,Q;R;L;D,"188,168,154,88",0.0,6EQE
S;I;M;R,Q;R;L;N,"188,168,154,132",0.0,6EQE
S;I;M;Q,Q;R;L;D,"188,168,154,127",0.0,6EQE
S;I;M;A,Q;R;L;Y,"188,168,154,215",0.0,6EQE
S;I;M;L,Q;R;L;K,"188,168,154,249",0.0,6EQE
S;I;M;R,Q;R;L;Y,"188,168,154,123",0.0,6EQE
S;I;M;F,Q;R;L;W,"188,168,154,271",0.0,6EQE
S;I;M;S,Q;R;L;D,"188,168,154,58",0.0,6EQE
S;I;M;N,Q;R;L;I,"188,168,154,37",0.0,6EQE
S;I;M;C,Q;R;L;D,"188,168,154,289",0.0,6EQE
S;I;M;A,Q;R;L;P,"188,168,154,152",0.0,6EQE
S;I;M;D,Q;R;L;V,"188,168,154,186",0.0,6EQE
S;I;M;G,Q;R;L;P,"188,168,154,243",0.0,6EQE
S;I;M;S,Q;R;L;E,"188,168,154,115",0.0,6EQE
S;I;M;L,Q;R;L;Q,"188,168,154,216",0.0,6EQE
S;I;M;N,Q;R;L;P,"188,168,154,277",0.0,6EQE
S;I;M;R,Q;R;L;Q,"188,168,154,132",0.0,6EQE
S;I;M;N,Q;R;L;Y,"188,168,154,244",0.0,6EQE
S;I;M;H,Q;R;L;T,"188,168,154,104",0.0,6EQE
S;I;M;S,Q;R;L;V,"188,168,154,58",0.0,6EQE
S;I;M;H,Q;R;L;L,"188,168,154,104",0.0,6EQE
S;I;M;P,Q;R;L;Q,"188,168,154,38",0.0,6EQE
S;I;M;R,Q;R;L;L,"188,168,154,53",0.0,6EQE
S;I;M;A,Q;R;L;T,"188,168,154,180",0.0,6EQE
S;I;M;P,Q;R;L;D,"188,168,154,197",0.0,6EQE
S;I;M;T,Q;R;L;V,"188,168,154,198",0.0,6EQE
S;I;M;A,Q;R;L;M,"188,168,154,135",0.0,6EQE
S;I;M;I,Q;R;L;L,"188,168,154,111",0.0,6EQE
S;I;M;G,Q;R;L;S,"188,168,154,243",0.0,6EQE
S;I;M;Q,Q;R;L;L,"188,168,154,127",0.0,6EQE
S;I;M;Q,Q;R;L;H,"188,168,154,127",0.0,6EQE
S;I;M;W,Q;R;L;I,"188,168,154,159",0.0,6EQE
S;I;M;Q,Q;R;L;P,"188,168,154,127",0.0,6EQE
S;I;M;S,Q;R;L;N,"188,168,154,103",0.0,6EQE
S;I;M;A,Q;R;L;Y,"188,168,154,179",0.0,6EQE
S;I;M;W,Q;R;L;K,"188,168,154,257",0.0,6EQE
S;I;M;L,Q;R;L;M,"188,168,154,216",0.0,6EQE
S;I;M;Q,Q;R;L;E,"188,168,154,127",0.0,6EQE
S;I;M;G,Q;R;L;A,"188,168,154,243",0.0,6EQE
S;I;M;A,Q;R;L;N,"188,168,154,226",0.0,6EQE
S;I;M;L,Q;R;L;I,"188,168,154,216",0.0,6EQE
S;I;M;C,Q;R;L;L,"188,168,154,289",0.0,6EQE
S;I;M;S,Q;R;L;E,"188,168,154,207",0.0,6EQE
S;I;M;M,Q;R;L;P,"188,168,154,222",0.0,6EQE
S;I;M;G,Q;R;L;T,"188,168,154,251",0.0,6EQE
S;I;M;P,Q;R;L;L,"188,168,154,38",0.0,6EQE
S;I;M;L,Q;R;L;W,"188,168,154,216",0.0,6EQE
S;I;M;T,Q;R;L;L,"188,168,154,72",0.0,6EQE
S;I;M;S,Q;R;L;P,"188,168,154,245",0.0,6EQE
S;I;M;I,Q;R;L;W,"188,168,154,111",0.0,6EQE
S;I;M;L,Q;R;L;D,"188,168,154,249",0.0,6EQE
S;I;M;E,Q;R;L;K,"188,168,154,231",0.0,6EQE
S;I;M;D,Q;R;L;K,"188,168,154,263",0.0,6EQE
S;I;M;T,Q;R;L;M,"188,168,154,51",0.0,6EQE
S;I;M;L,Q;R;L;E,"188,168,154,216",0.0,6EQE
S;I;M;S,Q;R;L;T,"188,168,154,121",0.0,6EQE
S;I;M;I,Q;R;L;H,"188,168,154,145",0.0,6EQE
S;I;M;I,Q;R;L;L,"188,168,154,145",0.0,6EQE
S;I;M;H,Q;R;L;M,"188,168,154,104",0.0,6EQE
S;I;M;R,Q;R;L;P,"188,168,154,280",0.0,6EQE
S;I;M;L,Q;R;L;F,"188,168,154,216",0.0,6EQE
S;I;M;S,Q;R;L;D,"188,168,154,103",0.0,6EQE
S;I;M;I,Q;R;L;V,"188,168,154,200",0.0,6EQE
S;I;M;T,Q;R;L;K,"188,168,154,88",0.0,6EQE
S;I;M;N,Q;R;L;K,"188,168,154,138",0.0,6EQE
S;I;M;A,Q;R;L;L,"188,168,154,65",0.0,6EQE
S;I;M;Q,Q;R;L;T,"188,168,154,91",0.0,6EQE
S;I;M;G,Q;R;L;D,"188,168,154,163",0.0,6EQE
S;I;M;A,Q;R;L;M,"188,168,154,65",0.0,6EQE
S;I;M;K,Q;R;L;L,"188,168,154,252",0.0,6EQE
S;I;M;V,Q;R;L;D,"188,168,154,57",0.0,6EQE
S;I;M;Q,Q;R;L;V,"188,168,154,127",0.0,6EQE
S;I;M;V,Q;R;L;C,"188,168,154,281",0.0,6EQE
S;I;M;T,Q;R;L;V,"188,168,154,72",0.0,6EQE
S;I;M;Q,Q;R;L;N,"188,168,154,133",0.0,6EQE
S;I;M;R,Q;R;L;K,"188,168,154,53",0.0,6EQE
S;I;M;S,Q;R;L;P,"188,168,154,125",0.0,6EQE
S;I;M;T,Q;R;L;Q,"188,168,154,88",0.0,6EQE
S;I;M;N,Q;R;L;L,"188,168,154,138",0.0,6EQE
S;I;M;H,Q;R;L;R,"188,168,154,104",0.0,6EQE
S;I;M;W,Q;R;L;P,"188,168,154,159",0.0,6EQE
S;I;M;S,Q;R;L;Y,"188,168,154,242",0.0,6EQE
S;I;M;A,Q;R;L;F,"188,168,154,65",0.0,6EQE
S;I;M;G,Q;R;L;H,"188,168,154,251",0.0,6EQE
S;I;M;L,Q;R;L;P,"188,168,154,216",0.0,6EQE
S;I;M;S,Q;R;L;W,"188,168,154,58",0.0,6EQE
S;I;M;A,Q;R;L;E,"188,168,154,152",0.0,6EQE
S;I;M;T,Q;R;L;N,"188,168,154,88",0.0,6EQE
S;I;M;T,Q;R;L;N,"188,168,154,198",0.0,6EQE
S;I;M;S,Q;R;L;K,"188,168,154,58",0.0,6EQE
S;I;M;L,Q;R;L;C,"188,168,154,249",0.0,6EQE
S;I;M;N,Q;R;L;T,"188,168,154,190",0.0,6EQE
S;I;M;S,Q;R;L;V,"188,168,154,223",0.0,6EQE
S;I;M;A,Q;R;L;W,"188,168,154,65",0.0,6EQE
S;I;M;K,Q;R;L;Y,"188,168,154,253",0.0,6EQE
S;I;M;R,Q;R;L;S,"188,168,154,90",0.0,6EQE
S;I;M;T,Q;R;L;M,"188,168,154,29",0.0,6EQE
S;I;M;M,Q;R;L;L,"188,168,154,262",0.0,6EQE
S;I;M;A,Q;R;L;L,"188,168,154,272",0.0,6EQE
S;I;M;R,Q;R;L;N,"188,168,154,90",0.0,6EQE
S;I;M;R,Q;R;L;T,"188,168,154,90",0.0,6EQE
S;I;M;G,Q;R;L;T,"188,168,154,254",0.0,6EQE
S;I;M;R,Q;R;L;P,"188,168,154,90",0.0,6EQE
S;I;M;N,Q;R;L;Y,"188,168,154,37",0.0,6EQE
S;I;M;Q,Q;R;L;I,"188,168,154,182",0.0,6EQE
S;I;M;R,Q;R;L;A,"188,168,154,90",0.0,6EQE
S;I;M;K,Q;R;L;F,"188,168,154,253",0.0,6EQE
S;I;M;Y,Q;R;L;S,"188,168,154,63",0.0,6EQE
S;I;M;Q,Q;R;L;M,"188,168,154,127",0.0,6EQE
S;I;M;Q,Q;R;L;L,"188,168,154,182",0.0,6EQE
S;I;M;K,Q;R;L;A,"188,168,154,253",0.0,6EQE
S;I;M;K,Q;R;L;V,"188,168,154,253",0.0,6EQE
S;I;M;Q,Q;R;L;F,"188,168,154,182",0.0,6EQE
S;I;M;R,Q;R;L;D,"188,168,154,90",0.0,6EQE
S;I;M;Q,Q;R;L;A,"188,168,154,127",0.0,6EQE
S;I;M;Y,Q;R;L;T,"188,168,154,63",0.0,6EQE
S;I;M;Q,Q;R;L;V,"188,168,154,182",0.0,6EQE
S;I;M;K,Q;R;L;L,"188,168,154,253",0.0,6EQE
S;I;M;C,Q;R;L;S,"188,168,154,289",0.0,6EQE
S;I;M;Y,Q;R;L;G,"188,168,154,63",0.0,6EQE
S;I;M;Q,Q;R;L;T,"188,168,154,127",0.0,6EQE
S;I;M;A,Q;R;L;D,"188,168,154,226",0.0,6EQE
S;I;M;C,Q;R;L;A,"188,168,154,289",0.0,6EQE
S;I;M;R,Q;R;L;Q,"188,168,154,224",0.0,6EQE
S;I;M;N,Q;R;L;K,"188,168,154,233",0.0,6EQE
S;I;M;S,Q;R;L;E,"188,168,154,136",0.0,6EQE
S;I;M;D,Q;R;L;N,"188,168,154,186",0.0,6EQE
S;I;M;R,Q;R;L;A,"188,168,154,280",0.0,6EQE
S;I;M;S,Q;R;L;F,"188,168,154,238",0.0,6EQE
S;I;M;S,Q;R;L;H,"188,168,154,214",0.0,6EQE
S;I;M;L,Q;R;L;F,"188,168,154,117",0.0,6EQE
S;I;M;Q,Q;R;L;Y,"188,168,154,119",0.0,6EQE
S;I;M;G,Q;R;L;A,"188,168,154,165",0.0,6EQE
S;I;M;S,Q;R;L;E,"188,168,154,121",0.0,6EQE
S;I;M;N,Q;R;L;H,"188,168,154,205",0.0,6EQE
S;I;M;S,Q;R;L;Y,"188,168,154,269",0.0,6EQE
S;I;M;S,Q;R;L;T,"188,168,154,214",0.0,6EQE
S;I;M;I,Q;R;L;R,"188,168,154,218",0.0,6EQE
S;I;M;P,Q;R;L;K,"188,168,154,120",0.0,6EQE
S;I;M;M,Q;R;L;H,"188,168,154,161",0.0,6EQE
S;I;M;N,Q;R;L;K,"188,168,154,114",0.0,6EQE
S;I;M;P,Q;R;L;V,"188,168,154,184",0.0,6EQE
S;I;M;W,Q;R;L;P,"188,168,154,185",0.0,6EQE
S;I;M;S,Q;R;L;H,"188,168,154,187",0.0,6EQE
S;I;M;T,Q;R;L;Y,"188,168,154,189",0.0,6EQE
S;I;M;F,Q;R;L;M,"188,168,154,191",0.0,6EQE
S;I;N;S,Q;R;K;N,"188,168,233,124",0.0,6EQE
S;I;N;G,Q;R;K;Q,"188,168,233,243",0.0,6EQE
S;I;N;G,Q;R;K;L,"188,168,233,243",0.0,6EQE
S;I;N;T,Q;R;K;E,"188,168,233,270",0.0,6EQE
S;I;N;R,Q;R;K;V,"188,168,233,34",0.0,6EQE
S;I;N;G,Q;R;K;K,"188,168,233,243",0.0,6EQE
S;I;N;D,Q;R;K;Q,"188,168,233,220",0.0,6EQE
S;I;N;S,Q;R;K;K,"188,168,233,124",0.0,6EQE
S;I;N;F,Q;R;K;E,"188,168,233,271",0.0,6EQE
S;I;N;G,Q;R;K;Q,"188,168,233,164",0.0,6EQE
S;I;N;A,Q;R;K;D,"188,168,233,130",0.0,6EQE
S;I;N;W,Q;R;K;C,"188,168,233,257",0.0,6EQE
S;I;N;Q,Q;R;K;N,"188,168,233,127",0.0,6EQE
S;I;N;Q,Q;R;K;R,"188,168,233,127",0.0,6EQE
S;I;N;S,Q;R;K;M,"188,168,233,238",0.0,6EQE
S;I;N;F,Q;R;K;M,"188,168,233,271",0.0,6EQE
S;I;N;S,Q;R;K;A,"188,168,233,124",0.0,6EQE
S;I;N;G,Q;R;K;I,"188,168,233,243",0.0,6EQE
S;I;N;Q,Q;R;K;I,"188,168,233,127",0.0,6EQE
S;I;N;A,Q;R;K;V,"188,168,233,65",0.0,6EQE
S;I;N;Q,Q;R;K;E,"188,168,233,133",0.0,6EQE
S;I;N;S,Q;R;K;T,"188,168,233,124",0.0,6EQE
S;I;N;Q,Q;R;K;K,"188,168,233,127",0.0,6EQE
S;I;N;Q,Q;R;K;W,"188,168,233,133",0.0,6EQE
S;I;N;D,Q;R;K;L,"188,168,233,220",0.0,6EQE
S;I;N;T,Q;R;K;D,"188,168,233,88",0.0,6EQE
S;I;N;R,Q;R;K;N,"188,168,233,132",0.0,6EQE
S;I;N;Q,Q;R;K;D,"188,168,233,127",0.0,6EQE
S;I;N;A,Q;R;K;Y,"188,168,233,215",0.0,6EQE
S;I;N;L,Q;R;K;K,"188,168,233,249",0.0,6EQE
S;I;N;R,Q;R;K;Y,"188,168,233,123",0.0,6EQE
S;I;N;F,Q;R;K;W,"188,168,233,271",0.0,6EQE
S;I;N;S,Q;R;K;D,"188,168,233,58",0.0,6EQE
S;I;N;N,Q;R;K;I,"188,168,233,37",0.0,6EQE
S;I;N;C,Q;R;K;D,"188,168,233,289",0.0,6EQE
S;I;N;A,Q;R;K;P,"188,168,233,152",0.0,6EQE
S;I;N;D,Q;R;K;V,"188,168,233,186",0.0,6EQE
S;I;N;G,Q;R;K;P,"188,168,233,243",0.0,6EQE
S;I;N;S,Q;R;K;E,"188,168,233,115",0.0,6EQE
S;I;N;L,Q;R;K;Q,"188,168,233,216",0.0,6EQE
S;I;N;N,Q;R;K;P,"188,168,233,277",0.0,6EQE
S;I;N;R,Q;R;K;Q,"188,168,233,132",0.0,6EQE
S;I;N;N,Q;R;K;Y,"188,168,233,244",0.0,6EQE
S;I;N;H,Q;R;K;T,"188,168,233,104",0.0,6EQE
S;I;N;S,Q;R;K;V,"188,168,233,58",0.0,6EQE
S;I;N;H,Q;R;K;L,"188,168,233,104",0.0,6EQE
S;I;N;P,Q;R;K;Q,"188,168,233,38",0.0,6EQE
S;I;N;R,Q;R;K;L,"188,168,233,53",0.0,6EQE
S;I;N;A,Q;R;K;T,"188,168,233,180",0.0,6EQE
S;I;N;P,Q;R;K;D,"188,168,233,197",0.0,6EQE
S;I;N;T,Q;R;K;V,"188,168,233,198",0.0,6EQE
S;I;N;A,Q;R;K;M,"188,168,233,135",0.0,6EQE
S;I;N;I,Q;R;K;L,"188,168,233,111",0.0,6EQE
S;I;N;G,Q;R;K;S,"188,168,233,243",0.0,6EQE
S;I;N;Q,Q;R;K;L,"188,168,233,127",0.0,6EQE
S;I;N;Q,Q;R;K;H,"188,168,233,127",0.0,6EQE
S;I;N;W,Q;R;K;I,"188,168,233,159",0.0,6EQE
S;I;N;Q,Q;R;K;P,"188,168,233,127",0.0,6EQE
S;I;N;S,Q;R;K;N,"188,168,233,103",0.0,6EQE
S;I;N;A,Q;R;K;Y,"188,168,233,179",0.0,6EQE
S;I;N;W,Q;R;K;K,"188,168,233,257",0.0,6EQE
S;I;N;L,Q;R;K;M,"188,168,233,216",0.0,6EQE
S;I;N;Q,Q;R;K;E,"188,168,233,127",0.0,6EQE
S;I;N;G,Q;R;K;A,"188,168,233,243",0.0,6EQE
S;I;N;A,Q;R;K;N,"188,168,233,226",0.0,6EQE
S;I;N;L,Q;R;K;I,"188,168,233,216",0.0,6EQE
S;I;N;C,Q;R;K;L,"188,168,233,289",0.0,6EQE
S;I;N;S,Q;R;K;E,"188,168,233,207",0.0,6EQE
S;I;N;M,Q;R;K;L,"188,168,233,154",0.0,6EQE
S;I;N;M,Q;R;K;P,"188,168,233,222",0.0,6EQE
S;I;N;G,Q;R;K;T,"188,168,233,251",0.0,6EQE
S;I;N;P,Q;R;K;L,"188,168,233,38",0.0,6EQE
S;I;N;L,Q;R;K;W,"188,168,233,216",0.0,6EQE
S;I;N;T,Q;R;K;L,"188,168,233,72",0.0,6EQE
S;I;N;S,Q;R;K;P,"188,168,233,245",0.0,6EQE
S;I;N;I,Q;R;K;W,"188,168,233,111",0.0,6EQE
S;I;N;L,Q;R;K;D,"188,168,233,249",0.0,6EQE
S;I;N;E,Q;R;K;K,"188,168,233,231",0.0,6EQE
S;I;N;D,Q;R;K;K,"188,168,233,263",0.0,6EQE
S;I;N;T,Q;R;K;M,"188,168,233,51",0.0,6EQE
S;I;N;L,Q;R;K;E,"188,168,233,216",0.0,6EQE
S;I;N;S,Q;R;K;T,"188,168,233,121",0.0,6EQE
S;I;N;I,Q;R;K;H,"188,168,233,145",0.0,6EQE
S;I;N;I,Q;R;K;L,"188,168,233,145",0.0,6EQE
S;I;N;H,Q;R;K;M,"188,168,233,104",0.0,6EQE
S;I;N;R,Q;R;K;P,"188,168,233,280",0.0,6EQE
S;I;N;L,Q;R;K;F,"188,168,233,216",0.0,6EQE
S;I;N;S,Q;R;K;D,"188,168,233,103",0.0,6EQE
S;I;N;I,Q;R;K;V,"188,168,233,200",0.0,6EQE
S;I;N;T,Q;R;K;K,"188,168,233,88",0.0,6EQE
S;I;N;N,Q;R;K;K,"188,168,233,138",0.0,6EQE
S;I;N;A,Q;R;K;L,"188,168,233,65",0.0,6EQE
S;I;N;Q,Q;R;K;T,"188,168,233,91",0.0,6EQE
S;I;N;G,Q;R;K;D,"188,168,233,163",0.0,6EQE
S;I;N;A,Q;R;K;M,"188,168,233,65",0.0,6EQE
S;I;N;K,Q;R;K;L,"188,168,233,252",0.0,6EQE
S;I;N;V,Q;R;K;D,"188,168,233,57",0.0,6EQE
S;I;N;Q,Q;R;K;V,"188,168,233,127",0.0,6EQE
S;I;N;V,Q;R;K;C,"188,168,233,281",0.0,6EQE
S;I;N;T,Q;R;K;V,"188,168,233,72",0.0,6EQE
S;I;N;Q,Q;R;K;N,"188,168,233,133",0.0,6EQE
S;I;N;R,Q;R;K;K,"188,168,233,53",0.0,6EQE
S;I;N;S,Q;R;K;P,"188,168,233,125",0.0,6EQE
S;I;N;T,Q;R;K;Q,"188,168,233,88",0.0,6EQE
S;I;N;N,Q;R;K;L,"188,168,233,138",0.0,6EQE
S;I;N;H,Q;R;K;R,"188,168,233,104",0.0,6EQE
S;I;N;W,Q;R;K;P,"188,168,233,159",0.0,6EQE
S;I;N;S,Q;R;K;Y,"188,168,233,242",0.0,6EQE
S;I;N;A,Q;R;K;F,"188,168,233,65",0.0,6EQE
S;I;N;G,Q;R;K;H,"188,168,233,251",0.0,6EQE
S;I;N;L,Q;R;K;P,"188,168,233,216",0.0,6EQE
S;I;N;S,Q;R;K;W,"188,168,233,58",0.0,6EQE
S;I;N;A,Q;R;K;E,"188,168,233,152",0.0,6EQE
S;I;N;T,Q;R;K;N,"188,168,233,88",0.0,6EQE
S;I;N;T,Q;R;K;N,"188,168,233,198",0.0,6EQE
S;I;N;S,Q;R;K;K,"188,168,233,58",0.0,6EQE
S;I;N;L,Q;R;K;C,"188,168,233,249",0.0,6EQE
S;I;N;N,Q;R;K;T,"188,168,233,190",0.0,6EQE
S;I;N;S,Q;R;K;V,"188,168,233,223",0.0,6EQE
S;I;N;A,Q;R;K;W,"188,168,233,65",0.0,6EQE
S;I;N;K,Q;R;K;Y,"188,168,233,253",0.0,6EQE
S;I;N;R,Q;R;K;S,"188,168,233,90",0.0,6EQE
S;I;N;T,Q;R;K;M,"188,168,233,29",0.0,6EQE
S;I;N;M,Q;R;K;L,"188,168,233,262",0.0,6EQE
S;I;N;A,Q;R;K;L,"188,168,233,272",0.0,6EQE
S;I;N;R,Q;R;K;N,"188,168,233,90",0.0,6EQE
S;I;N;R,Q;R;K;T,"188,168,233,90",0.0,6EQE
S;I;N;G,Q;R;K;T,"188,168,233,254",0.0,6EQE
S;I;N;R,Q;R;K;P,"188,168,233,90",0.0,6EQE
S;I;N;N,Q;R;K;Y,"188,168,233,37",0.0,6EQE
S;I;N;Q,Q;R;K;I,"188,168,233,182",0.0,6EQE
S;I;N;R,Q;R;K;A,"188,168,233,90",0.0,6EQE
S;I;N;K,Q;R;K;F,"188,168,233,253",0.0,6EQE
S;I;N;Y,Q;R;K;S,"188,168,233,63",0.0,6EQE
S;I;N;Q,Q;R;K;M,"188,168,233,127",0.0,6EQE
S;I;N;Q,Q;R;K;L,"188,168,233,182",0.0,6EQE
S;I;N;K,Q;R;K;A,"188,168,233,253",0.0,6EQE
S;I;N;K,Q;R;K;V,"188,168,233,253",0.0,6EQE
S;I;N;Q,Q;R;K;F,"188,168,233,182",0.0,6EQE
S;I;N;R,Q;R;K;D,"188,168,233,90",0.0,6EQE
S;I;N;Q,Q;R;K;A,"188,168,233,127",0.0,6EQE
S;I;N;Y,Q;R;K;T,"188,168,233,63",0.0,6EQE
S;I;N;Q,Q;R;K;V,"188,168,233,182",0.0,6EQE
S;I;N;K,Q;R;K;L,"188,168,233,253",0.0,6EQE
S;I;N;C,Q;R;K;S,"188,168,233,289",0.0,6EQE
S;I;N;Y,Q;R;K;G,"188,168,233,63",0.0,6EQE
S;I;N;M,Q;R;K;V,"188,168,233,154",0.0,6EQE
S;I;N;Q,Q;R;K;T,"188,168,233,127",0.0,6EQE
S;I;N;A,Q;R;K;D,"188,168,233,226",0.0,6EQE
S;I;N;C,Q;R;K;A,"188,168,233,289",0.0,6EQE
S;I;N;R,Q;R;K;Q,"188,168,233,224",0.0,6EQE
S;I;N;S,Q;R;K;E,"188,168,233,136",0.0,6EQE
S;I;N;D,Q;R;K;N,"188,168,233,186",0.0,6EQE
S;I;N;R,Q;R;K;A,"188,168,233,280",0.0,6EQE
S;I;N;S,Q;R;K;F,"188,168,233,238",0.0,6EQE
S;I;N;S,Q;R;K;H,"188,168,233,214",0.0,6EQE
S;I;N;L,Q;R;K;F,"188,168,233,117",0.0,6EQE
S;I;N;Q,Q;R;K;Y,"188,168,233,119",0.0,6EQE
S;I;N;G,Q;R;K;A,"188,168,233,165",0.0,6EQE
S;I;N;S,Q;R;K;E,"188,168,233,121",0.0,6EQE
S;I;N;N,Q;R;K;H,"188,168,233,205",0.0,6EQE
S;I;N;S,Q;R;K;Y,"188,168,233,269",0.0,6EQE
S;I;N;S,Q;R;K;T,"188,168,233,214",0.0,6EQE
S;I;N;I,Q;R;K;R,"188,168,233,218",0.0,6EQE
S;I;N;P,Q;R;K;K,"188,168,233,120",0.0,6EQE
S;I;N;M,Q;R;K;H,"188,168,233,161",0.0,6EQE
S;I;N;N,Q;R;K;K,"188,168,233,114",0.0,6EQE
S;I;N;P,Q;R;K;V,"188,168,233,184",0.0,6EQE
S;I;N;W,Q;R;K;P,"188,168,233,185",0.0,6EQE
S;I;N;S,Q;R;K;H,"188,168,233,187",0.0,6EQE
S;I;N;T,Q;R;K;Y,"188,168,233,189",0.0,6EQE
S;I;N;F,Q;R;K;M,"188,168,233,191",0.0,6EQE
E;Q;T;S,K;L;L;N,"231,182,72,124",0.0,6EQE
E;Q;T;G,K;L;L;Q,"231,182,72,243",0.0,6EQE
E;Q;T;G,K;L;L;L,"231,182,72,243",0.0,6EQE
E;Q;T;T,K;L;L;E,"231,182,72,270",0.0,6EQE
E;Q;T;R,K;L;L;V,"231,182,72,34",0.0,6EQE
E;Q;T;G,K;L;L;K,"231,182,72,243",0.0,6EQE
E;Q;T;D,K;L;L;Q,"231,182,72,220",0.0,6EQE
E;Q;T;S,K;L;L;K,"231,182,72,124",0.0,6EQE
E;Q;T;F,K;L;L;E,"231,182,72,271",0.0,6EQE
E;Q;T;G,K;L;L;Q,"231,182,72,164",0.0,6EQE
E;Q;T;A,K;L;L;D,"231,182,72,130",0.0,6EQE
E;Q;T;W,K;L;L;C,"231,182,72,257",0.0,6EQE
E;Q;T;Q,K;L;L;N,"231,182,72,127",0.0,6EQE
E;Q;T;Q,K;L;L;R,"231,182,72,127",0.0,6EQE
E;Q;T;S,K;L;L;M,"231,182,72,238",0.0,6EQE
E;Q;T;F,K;L;L;M,"231,182,72,271",0.0,6EQE
E;Q;T;S,K;L;L;A,"231,182,72,124",0.0,6EQE
E;Q;T;G,K;L;L;I,"231,182,72,243",0.0,6EQE
E;Q;T;Q,K;L;L;I,"231,182,72,127",0.0,6EQE
E;Q;T;A,K;L;L;V,"231,182,72,65",0.0,6EQE
E;Q;T;Q,K;L;L;E,"231,182,72,133",0.0,6EQE
E;Q;T;S,K;L;L;T,"231,182,72,124",0.0,6EQE
E;Q;T;Q,K;L;L;K,"231,182,72,127",0.0,6EQE
E;Q;T;Q,K;L;L;W,"231,182,72,133",0.0,6EQE
E;Q;T;D,K;L;L;L,"231,182,72,220",0.0,6EQE
E;Q;T;T,K;L;L;D,"231,182,72,88",0.0,6EQE
E;Q;T;R,K;L;L;N,"231,182,72,132",0.0,6EQE
E;Q;T;Q,K;L;L;D,"231,182,72,127",0.0,6EQE
E;Q;T;A,K;L;L;Y,"231,182,72,215",0.0,6EQE
E;Q;T;L,K;L;L;K,"231,182,72,249",0.0,6EQE
E;Q;T;R,K;L;L;Y,"231,182,72,123",0.0,6EQE
E;Q;T;F,K;L;L;W,"231,182,72,271",0.0,6EQE
E;Q;T;S,K;L;L;D,"231,182,72,58",0.0,6EQE
E;Q;T;N,K;L;L;I,"231,182,72,37",0.0,6EQE
E;Q;T;C,K;L;L;D,"231,182,72,289",0.0,6EQE
E;Q;T;A,K;L;L;P,"231,182,72,152",0.0,6EQE
E;Q;T;D,K;L;L;V,"231,182,72,186",0.0,6EQE
E;Q;T;G,K;L;L;P,"231,182,72,243",0.0,6EQE
E;Q;T;S,K;L;L;E,"231,182,72,115",0.0,6EQE
E;Q;T;L,K;L;L;Q,"231,182,72,216",0.0,6EQE
E;Q;T;N,K;L;L;P,"231,182,72,277",0.0,6EQE
E;Q;T;R,K;L;L;Q,"231,182,72,132",0.0,6EQE
E;Q;T;N,K;L;L;Y,"231,182,72,244",0.0,6EQE
E;Q;T;H,K;L;L;T,"231,182,72,104",0.0,6EQE
E;Q;T;S,K;L;L;V,"231,182,72,58",0.0,6EQE
E;Q;T;H,K;L;L;L,"231,182,72,104",0.0,6EQE
E;Q;T;P,K;L;L;Q,"231,182,72,38",0.0,6EQE
E;Q;T;R,K;L;L;L,"231,182,72,53",0.0,6EQE
E;Q;T;A,K;L;L;T,"231,182,72,180",0.0,6EQE
E;Q;T;P,K;L;L;D,"231,182,72,197",0.0,6EQE
E;Q;T;T,K;L;L;V,"231,182,72,198",0.0,6EQE
E;Q;T;A,K;L;L;M,"231,182,72,135",0.0,6EQE
E;Q;T;I,K;L;L;L,"231,182,72,111",0.0,6EQE
E;Q;T;G,K;L;L;S,"231,182,72,243",0.0,6EQE
E;Q;T;Q,K;L;L;L,"231,182,72,127",0.0,6EQE
E;Q;T;Q,K;L;L;H,"231,182,72,127",0.0,6EQE
E;Q;T;W,K;L;L;I,"231,182,72,159",0.0,6EQE
E;Q;T;Q,K;L;L;P,"231,182,72,127",0.0,6EQE
E;Q;T;S,K;L;L;N,"231,182,72,103",0.0,6EQE
E;Q;T;A,K;L;L;Y,"231,182,72,179",0.0,6EQE
E;Q;T;W,K;L;L;K,"231,182,72,257",0.0,6EQE
E;Q;T;L,K;L;L;M,"231,182,72,216",0.0,6EQE
E;Q;T;Q,K;L;L;E,"231,182,72,127",0.0,6EQE
E;Q;T;G,K;L;L;A,"231,182,72,243",0.0,6EQE
E;Q;T;A,K;L;L;N,"231,182,72,226",0.0,6EQE
E;Q;T;L,K;L;L;I,"231,182,72,216",0.0,6EQE
E;Q;T;C,K;L;L;L,"231,182,72,289",0.0,6EQE
E;Q;T;S,K;L;L;E,"231,182,72,207",0.0,6EQE
E;Q;T;M,K;L;L;L,"231,182,72,154",0.0,6EQE
E;Q;T;M,K;L;L;P,"231,182,72,222",0.0,6EQE
E;Q;T;G,K;L;L;T,"231,182,72,251",0.0,6EQE
E;Q;T;P,K;L;L;L,"231,182,72,38",0.0,6EQE
E;Q;T;L,K;L;L;W,"231,182,72,216",0.0,6EQE
E;Q;T;S,K;L;L;P,"231,182,72,245",0.0,6EQE
E;Q;T;I,K;L;L;W,"231,182,72,111",0.0,6EQE
E;Q;T;L,K;L;L;D,"231,182,72,249",0.0,6EQE
E;Q;T;D,K;L;L;K,"231,182,72,263",0.0,6EQE
E;Q;T;T,K;L;L;M,"231,182,72,51",0.0,6EQE
E;Q;T;L,K;L;L;E,"231,182,72,216",0.0,6EQE
E;Q;T;S,K;L;L;T,"231,182,72,121",0.0,6EQE
E;Q;T;I,K;L;L;H,"231,182,72,145",0.0,6EQE
E;Q;T;I,K;L;L;L,"231,182,72,145",0.0,6EQE
E;Q;T;H,K;L;L;M,"231,182,72,104",0.0,6EQE
E;Q;T;R,K;L;L;P,"231,182,72,280",0.0,6EQE
E;Q;T;L,K;L;L;F,"231,182,72,216",0.0,6EQE
E;Q;T;S,K;L;L;D,"231,182,72,103",0.0,6EQE
E;Q;T;I,K;L;L;V,"231,182,72,200",0.0,6EQE
E;Q;T;T,K;L;L;K,"231,182,72,88",0.0,6EQE
E;Q;T;N,K;L;L;K,"231,182,72,138",0.0,6EQE
E;Q;T;A,K;L;L;L,"231,182,72,65",0.0,6EQE
E;Q;T;Q,K;L;L;T,"231,182,72,91",0.0,6EQE
E;Q;T;G,K;L;L;D,"231,182,72,163",0.0,6EQE
E;Q;T;A,K;L;L;M,"231,182,72,65",0.0,6EQE
E;Q;T;K,K;L;L;L,"231,182,72,252",0.0,6EQE
E;Q;T;V,K;L;L;D,"231,182,72,57",0.0,6EQE
E;Q;T;Q,K;L;L;V,"231,182,72,127",0.0,6EQE
E;Q;T;V,K;L;L;C,"231,182,72,281",0.0,6EQE
E;Q;T;Q,K;L;L;N,"231,182,72,133",0.0,6EQE
E;Q;T;R,K;L;L;K,"231,182,72,53",0.0,6EQE
E;Q;T;S,K;L;L;P,"231,182,72,125",0.0,6EQE
E;Q;T;T,K;L;L;Q,"231,182,72,88",0.0,6EQE
E;Q;T;N,K;L;L;L,"231,182,72,138",0.0,6EQE
E;Q;T;H,K;L;L;R,"231,182,72,104",0.0,6EQE
E;Q;T;W,K;L;L;P,"231,182,72,159",0.0,6EQE
E;Q;T;S,K;L;L;Y,"231,182,72,242",0.0,6EQE
E;Q;T;A,K;L;L;F,"231,182,72,65",0.0,6EQE
E;Q;T;G,K;L;L;H,"231,182,72,251",0.0,6EQE
E;Q;T;L,K;L;L;P,"231,182,72,216",0.0,6EQE
E;Q;T;S,K;L;L;W,"231,182,72,58",0.0,6EQE
E;Q;T;A,K;L;L;E,"231,182,72,152",0.0,6EQE
E;Q;T;T,K;L;L;N,"231,182,72,88",0.0,6EQE
E;Q;T;T,K;L;L;N,"231,182,72,198",0.0,6EQE
E;Q;T;S,K;L;L;K,"231,182,72,58",0.0,6EQE
E;Q;T;L,K;L;L;C,"231,182,72,249",0.0,6EQE
E;Q;T;N,K;L;L;T,"231,182,72,190",0.0,6EQE
E;Q;T;S,K;L;L;V,"231,182,72,223",0.0,6EQE
E;Q;T;A,K;L;L;W,"231,182,72,65",0.0,6EQE
E;Q;T;K,K;L;L;Y,"231,182,72,253",0.0,6EQE
E;Q;T;R,K;L;L;S,"231,182,72,90",0.0,6EQE
E;Q;T;T,K;L;L;M,"231,182,72,29",0.0,6EQE
E;Q;T;M,K;L;L;L,"231,182,72,262",0.0,6EQE
E;Q;T;A,K;L;L;L,"231,182,72,272",0.0,6EQE
E;Q;T;R,K;L;L;N,"231,182,72,90",0.0,6EQE
E;Q;T;R,K;L;L;T,"231,182,72,90",0.0,6EQE
E;Q;T;G,K;L;L;T,"231,182,72,254",0.0,6EQE
E;Q;T;R,K;L;L;P,"231,182,72,90",0.0,6EQE
E;Q;T;N,K;L;L;Y,"231,182,72,37",0.0,6EQE
E;Q;T;R,K;L;L;A,"231,182,72,90",0.0,6EQE
E;Q;T;K,K;L;L;F,"231,182,72,253",0.0,6EQE
E;Q;T;Y,K;L;L;S,"231,182,72,63",0.0,6EQE
E;Q;T;Q,K;L;L;M,"231,182,72,127",0.0,6EQE
E;Q;T;K,K;L;L;A,"231,182,72,253",0.0,6EQE
E;Q;T;K,K;L;L;V,"231,182,72,253",0.0,6EQE
E;Q;T;R,K;L;L;D,"231,182,72,90",0.0,6EQE
E;Q;T;Q,K;L;L;A,"231,182,72,127",0.0,6EQE
E;Q;T;Y,K;L;L;T,"231,182,72,63",0.0,6EQE
E;Q;T;K,K;L;L;L,"231,182,72,253",0.0,6EQE
E;Q;T;C,K;L;L;S,"231,182,72,289",0.0,6EQE
E;Q;T;Y,K;L;L;G,"231,182,72,63",0.0,6EQE
E;Q;T;M,K;L;L;V,"231,182,72,154",0.0,6EQE
E;Q;T;Q,K;L;L;T,"231,182,72,127",0.0,6EQE
E;Q;T;A,K;L;L;D,"231,182,72,226",0.0,6EQE
E;Q;T;C,K;L;L;A,"231,182,72,289",0.0,6EQE
E;Q;T;R,K;L;L;Q,"231,182,72,224",0.0,6EQE
E;Q;T;N,K;L;L;K,"231,182,72,233",0.0,6EQE
E;Q;T;S,K;L;L;E,"231,182,72,136",0.0,6EQE
E;Q;T;D,K;L;L;N,"231,182,72,186",0.0,6EQE
E;Q;T;R,K;L;L;A,"231,182,72,280",0.0,6EQE
E;Q;T;S,K;L;L;F,"231,182,72,238",0.0,6EQE
E;Q;T;S,K;L;L;Q,"231,182,72,188",0.0,6EQE
E;Q;T;S,K;L;L;H,"231,182,72,214",0.0,6EQE
E;Q;T;L,K;L;L;F,"231,182,72,117",0.0,6EQE
E;Q;T;Q,K;L;L;Y,"231,182,72,119",0.0,6EQE
E;Q;T;G,K;L;L;A,"231,182,72,165",0.0,6EQE
E;Q;T;S,K;L;L;E,"231,182,72,121",0.0,6EQE
E;Q;T;I,K;L;L;R,"231,182,72,168",0.0,6EQE
E;Q;T;N,K;L;L;H,"231,182,72,205",0.0,6EQE
E;Q;T;S,K;L;L;Y,"231,182,72,269",0.0,6EQE
E;Q;T;S,K;L;L;T,"231,182,72,214",0.0,6EQE
E;Q;T;I,K;L;L;R,"231,182,72,218",0.0,6EQE
E;Q;T;P,K;L;L;K,"231,182,72,120",0.0,6EQE
E;Q;T;M,K;L;L;H,"231,182,72,161",0.0,6EQE
E;Q;T;I,K;L;L;H,"231,182,72,168",0.0,6EQE
E;Q;T;N,K;L;L;K,"231,182,72,114",0.0,6EQE
E;Q;T;P,K;L;L;V,"231,182,72,184",0.0,6EQE
E;Q;T;W,K;L;L;P,"231,182,72,185",0.0,6EQE
E;Q;T;S,K;L;L;H,"231,182,72,187",0.0,6EQE
E;Q;T;S,K;L;L;P,"231,182,72,188",0.0,6EQE
E;Q;T;T,K;L;L;Y,"231,182,72,189",0.0,6EQE
E;Q;T;F,K;L;L;M,"231,182,72,191",0.0,6EQE
E;Q;Q;S,K;L;L;N,"231,182,127,124",0.0,6EQE
E;Q;Q;G,K;L;L;Q,"231,182,127,243",0.0,6EQE
E;Q;Q;G,K;L;L;L,"231,182,127,243",0.0,6EQE
E;Q;Q;T,K;L;L;E,"231,182,127,270",0.0,6EQE
E;Q;Q;R,K;L;L;V,"231,182,127,34",0.0,6EQE
E;Q;Q;G,K;L;L;K,"231,182,127,243",0.0,6EQE
E;Q;Q;D,K;L;L;Q,"231,182,127,220",0.0,6EQE
E;Q;Q;S,K;L;L;K,"231,182,127,124",0.0,6EQE
E;Q;Q;F,K;L;L;E,"231,182,127,271",0.0,6EQE
E;Q;Q;G,K;L;L;Q,"231,182,127,164",0.0,6EQE
E;Q;Q;A,K;L;L;D,"231,182,127,130",0.0,6EQE
E;Q;Q;W,K;L;L;C,"231,182,127,257",0.0,6EQE
E;Q;Q;S,K;L;L;M,"231,182,127,238",0.0,6EQE
E;Q;Q;F,K;L;L;M,"231,182,127,271",0.0,6EQE
E;Q;Q;S,K;L;L;A,"231,182,127,124",0.0,6EQE
E;Q;Q;G,K;L;L;I,"231,182,127,243",0.0,6EQE
E;Q;Q;A,K;L;L;V,"231,182,127,65",0.0,6EQE
E;Q;Q;Q,K;L;L;E,"231,182,127,133",0.0,6EQE
E;Q;Q;S,K;L;L;T,"231,182,127,124",0.0,6EQE
E;Q;Q;Q,K;L;L;W,"231,182,127,133",0.0,6EQE
E;Q;Q;D,K;L;L;L,"231,182,127,220",0.0,6EQE
E;Q;Q;T,K;L;L;D,"231,182,127,88",0.0,6EQE
E;Q;Q;R,K;L;L;N,"231,182,127,132",0.0,6EQE
E;Q;Q;A,K;L;L;Y,"231,182,127,215",0.0,6EQE
E;Q;Q;L,K;L;L;K,"231,182,127,249",0.0,6EQE
E;Q;Q;R,K;L;L;Y,"231,182,127,123",0.0,6EQE
E;Q;Q;F,K;L;L;W,"231,182,127,271",0.0,6EQE
E;Q;Q;S,K;L;L;D,"231,182,127,58",0.0,6EQE
E;Q;Q;N,K;L;L;I,"231,182,127,37",0.0,6EQE
E;Q;Q;C,K;L;L;D,"231,182,127,289",0.0,6EQE
E;Q;Q;A,K;L;L;P,"231,182,127,152",0.0,6EQE
E;Q;Q;D,K;L;L;V,"231,182,127,186",0.0,6EQE
E;Q;Q;G,K;L;L;P,"231,182,127,243",0.0,6EQE
E;Q;Q;S,K;L;L;E,"231,182,127,115",0.0,6EQE
E;Q;Q;L,K;L;L;Q,"231,182,127,216",0.0,6EQE
E;Q;Q;N,K;L;L;P,"231,182,127,277",0.0,6EQE
E;Q;Q;R,K;L;L;Q,"231,182,127,132",0.0,6EQE
E;Q;Q;N,K;L;L;Y,"231,182,127,244",0.0,6EQE
E;Q;Q;H,K;L;L;T,"231,182,127,104",0.0,6EQE
E;Q;Q;S,K;L;L;V,"231,182,127,58",0.0,6EQE
E;Q;Q;H,K;L;L;L,"231,182,127,104",0.0,6EQE
E;Q;Q;P,K;L;L;Q,"231,182,127,38",0.0,6EQE
E;Q;Q;R,K;L;L;L,"231,182,127,53",0.0,6EQE
E;Q;Q;A,K;L;L;T,"231,182,127,180",0.0,6EQE
E;Q;Q;P,K;L;L;D,"231,182,127,197",0.0,6EQE
E;Q;Q;T,K;L;L;V,"231,182,127,198",0.0,6EQE
E;Q;Q;A,K;L;L;M,"231,182,127,135",0.0,6EQE
E;Q;Q;I,K;L;L;L,"231,182,127,111",0.0,6EQE
E;Q;Q;G,K;L;L;S,"231,182,127,243",0.0,6EQE
E;Q;Q;W,K;L;L;I,"231,182,127,159",0.0,6EQE
E;Q;Q;S,K;L;L;N,"231,182,127,103",0.0,6EQE
E;Q;Q;A,K;L;L;Y,"231,182,127,179",0.0,6EQE
E;Q;Q;W,K;L;L;K,"231,182,127,257",0.0,6EQE
E;Q;Q;L,K;L;L;M,"231,182,127,216",0.0,6EQE
E;Q;Q;G,K;L;L;A,"231,182,127,243",0.0,6EQE
E;Q;Q;A,K;L;L;N,"231,182,127,226",0.0,6EQE
E;Q;Q;L,K;L;L;I,"231,182,127,216",0.0,6EQE
E;Q;Q;C,K;L;L;L,"231,182,127,289",0.0,6EQE
E;Q;Q;S,K;L;L;E,"231,182,127,207",0.0,6EQE
E;Q;Q;M,K;L;L;L,"231,182,127,154",0.0,6EQE
E;Q;Q;M,K;L;L;P,"231,182,127,222",0.0,6EQE
E;Q;Q;G,K;L;L;T,"231,182,127,251",0.0,6EQE
E;Q;Q;P,K;L;L;L,"231,182,127,38",0.0,6EQE
E;Q;Q;L,K;L;L;W,"231,182,127,216",0.0,6EQE
E;Q;Q;T,K;L;L;L,"231,182,127,72",0.0,6EQE
E;Q;Q;S,K;L;L;P,"231,182,127,245",0.0,6EQE
E;Q;Q;I,K;L;L;W,"231,182,127,111",0.0,6EQE
E;Q;Q;L,K;L;L;D,"231,182,127,249",0.0,6EQE
E;Q;Q;D,K;L;L;K,"231,182,127,263",0.0,6EQE
E;Q;Q;T,K;L;L;M,"231,182,127,51",0.0,6EQE
E;Q;Q;L,K;L;L;E,"231,182,127,216",0.0,6EQE
E;Q;Q;S,K;L;L;T,"231,182,127,121",0.0,6EQE
E;Q;Q;I,K;L;L;H,"231,182,127,145",0.0,6EQE
E;Q;Q;I,K;L;L;L,"231,182,127,145",0.0,6EQE
E;Q;Q;H,K;L;L;M,"231,182,127,104",0.0,6EQE
E;Q;Q;R,K;L;L;P,"231,182,127,280",0.0,6EQE
E;Q;Q;L,K;L;L;F,"231,182,127,216",0.0,6EQE
E;Q;Q;S,K;L;L;D,"231,182,127,103",0.0,6EQE
E;Q;Q;I,K;L;L;V,"231,182,127,200",0.0,6EQE
E;Q;Q;T,K;L;L;K,"231,182,127,88",0.0,6EQE
E;Q;Q;N,K;L;L;K,"231,182,127,138",0.0,6EQE
E;Q;Q;A,K;L;L;L,"231,182,127,65",0.0,6EQE
E;Q;Q;Q,K;L;L;T,"231,182,127,91",0.0,6EQE
E;Q;Q;G,K;L;L;D,"231,182,127,163",0.0,6EQE
E;Q;Q;A,K;L;L;M,"231,182,127,65",0.0,6EQE
E;Q;Q;K,K;L;L;L,"231,182,127,252",0.0,6EQE
E;Q;Q;V,K;L;L;D,"231,182,127,57",0.0,6EQE
E;Q;Q;V,K;L;L;C,"231,182,127,281",0.0,6EQE
E;Q;Q;T,K;L;L;V,"231,182,127,72",0.0,6EQE
E;Q;Q;Q,K;L;L;N,"231,182,127,133",0.0,6EQE
E;Q;Q;R,K;L;L;K,"231,182,127,53",0.0,6EQE
E;Q;Q;S,K;L;L;P,"231,182,127,125",0.0,6EQE
E;Q;Q;T,K;L;L;Q,"231,182,127,88",0.0,6EQE
E;Q;Q;N,K;L;L;L,"231,182,127,138",0.0,6EQE
E;Q;Q;H,K;L;L;R,"231,182,127,104",0.0,6EQE
E;Q;Q;W,K;L;L;P,"231,182,127,159",0.0,6EQE
E;Q;Q;S,K;L;L;Y,"231,182,127,242",0.0,6EQE
E;Q;Q;A,K;L;L;F,"231,182,127,65",0.0,6EQE
E;Q;Q;G,K;L;L;H,"231,182,127,251",0.0,6EQE
E;Q;Q;L,K;L;L;P,"231,182,127,216",0.0,6EQE
E;Q;Q;S,K;L;L;W,"231,182,127,58",0.0,6EQE
E;Q;Q;A,K;L;L;E,"231,182,127,152",0.0,6EQE
E;Q;Q;T,K;L;L;N,"231,182,127,88",0.0,6EQE
E;Q;Q;T,K;L;L;N,"231,182,127,198",0.0,6EQE
E;Q;Q;S,K;L;L;K,"231,182,127,58",0.0,6EQE
E;Q;Q;L,K;L;L;C,"231,182,127,249",0.0,6EQE
E;Q;Q;N,K;L;L;T,"231,182,127,190",0.0,6EQE
E;Q;Q;S,K;L;L;V,"231,182,127,223",0.0,6EQE
E;Q;Q;A,K;L;L;W,"231,182,127,65",0.0,6EQE
E;Q;Q;K,K;L;L;Y,"231,182,127,253",0.0,6EQE
E;Q;Q;R,K;L;L;S,"231,182,127,90",0.0,6EQE
E;Q;Q;T,K;L;L;M,"231,182,127,29",0.0,6EQE
E;Q;Q;M,K;L;L;L,"231,182,127,262",0.0,6EQE
E;Q;Q;A,K;L;L;L,"231,182,127,272",0.0,6EQE
E;Q;Q;R,K;L;L;N,"231,182,127,90",0.0,6EQE
E;Q;Q;R,K;L;L;T,"231,182,127,90",0.0,6EQE
E;Q;Q;G,K;L;L;T,"231,182,127,254",0.0,6EQE
E;Q;Q;R,K;L;L;P,"231,182,127,90",0.0,6EQE
E;Q;Q;N,K;L;L;Y,"231,182,127,37",0.0,6EQE
E;Q;Q;R,K;L;L;A,"231,182,127,90",0.0,6EQE
E;Q;Q;K,K;L;L;F,"231,182,127,253",0.0,6EQE
E;Q;Q;Y,K;L;L;S,"231,182,127,63",0.0,6EQE
E;Q;Q;K,K;L;L;A,"231,182,127,253",0.0,6EQE
E;Q;Q;K,K;L;L;V,"231,182,127,253",0.0,6EQE
E;Q;Q;R,K;L;L;D,"231,182,127,90",0.0,6EQE
E;Q;Q;Y,K;L;L;T,"231,182,127,63",0.0,6EQE
E;Q;Q;K,K;L;L;L,"231,182,127,253",0.0,6EQE
E;Q;Q;C,K;L;L;S,"231,182,127,289",0.0,6EQE
E;Q;Q;Y,K;L;L;G,"231,182,127,63",0.0,6EQE
E;Q;Q;M,K;L;L;V,"231,182,127,154",0.0,6EQE
E;Q;Q;A,K;L;L;D,"231,182,127,226",0.0,6EQE
E;Q;Q;C,K;L;L;A,"231,182,127,289",0.0,6EQE
E;Q;Q;R,K;L;L;Q,"231,182,127,224",0.0,6EQE
E;Q;Q;N,K;L;L;K,"231,182,127,233",0.0,6EQE
E;Q;Q;S,K;L;L;E,"231,182,127,136",0.0,6EQE
E;Q;Q;D,K;L;L;N,"231,182,127,186",0.0,6EQE
E;Q;Q;R,K;L;L;A,"231,182,127,280",0.0,6EQE
E;Q;Q;S,K;L;L;F,"231,182,127,238",0.0,6EQE
E;Q;Q;S,K;L;L;Q,"231,182,127,188",0.0,6EQE
E;Q;Q;S,K;L;L;H,"231,182,127,214",0.0,6EQE
E;Q;Q;L,K;L;L;F,"231,182,127,117",0.0,6EQE
E;Q;Q;Q,K;L;L;Y,"231,182,127,119",0.0,6EQE
E;Q;Q;G,K;L;L;A,"231,182,127,165",0.0,6EQE
E;Q;Q;S,K;L;L;E,"231,182,127,121",0.0,6EQE
E;Q;Q;I,K;L;L;R,"231,182,127,168",0.0,6EQE
E;Q;Q;N,K;L;L;H,"231,182,127,205",0.0,6EQE
E;Q;Q;S,K;L;L;Y,"231,182,127,269",0.0,6EQE
E;Q;Q;S,K;L;L;T,"231,182,127,214",0.0,6EQE
E;Q;Q;I,K;L;L;R,"231,182,127,218",0.0,6EQE
E;Q;Q;P,K;L;L;K,"231,182,127,120",0.0,6EQE
E;Q;Q;M,K;L;L;H,"231,182,127,161",0.0,6EQE
E;Q;Q;I,K;L;L;H,"231,182,127,168",0.0,6EQE
E;Q;Q;N,K;L;L;K,"231,182,127,114",0.0,6EQE
E;Q;Q;P,K;L;L;V,"231,182,127,184",0.0,6EQE
E;Q;Q;W,K;L;L;P,"231,182,127,185",0.0,6EQE
E;Q;Q;S,K;L;L;H,"231,182,127,187",0.0,6EQE
E;Q;Q;S,K;L;L;P,"231,182,127,188",0.0,6EQE
E;Q;Q;T,K;L;L;Y,"231,182,127,189",0.0,6EQE
E;Q;Q;F,K;L;L;M,"231,182,127,191",0.0,6EQE
Q;K;E;S,L;L;K;N,"127,252,231,124",0.0,6EQE
Q;K;E;G,L;L;K;Q,"127,252,231,243",0.0,6EQE
Q;K;E;G,L;L;K;L,"127,252,231,243",0.0,6EQE
Q;K;E;T,L;L;K;E,"127,252,231,270",0.0,6EQE
Q;K;E;R,L;L;K;V,"127,252,231,34",0.0,6EQE
Q;K;E;G,L;L;K;K,"127,252,231,243",0.0,6EQE
Q;K;E;D,L;L;K;Q,"127,252,231,220",0.0,6EQE
Q;K;E;S,L;L;K;K,"127,252,231,124",0.0,6EQE
Q;K;E;F,L;L;K;E,"127,252,231,271",0.0,6EQE
Q;K;E;G,L;L;K;Q,"127,252,231,164",0.0,6EQE
Q;K;E;A,L;L;K;D,"127,252,231,130",0.0,6EQE
Q;K;E;W,L;L;K;C,"127,252,231,257",0.0,6EQE
Q;K;E;S,L;L;K;M,"127,252,231,238",0.0,6EQE
Q;K;E;F,L;L;K;M,"127,252,231,271",0.0,6EQE
Q;K;E;S,L;L;K;A,"127,252,231,124",0.0,6EQE
Q;K;E;G,L;L;K;I,"127,252,231,243",0.0,6EQE
Q;K;E;A,L;L;K;V,"127,252,231,65",0.0,6EQE
Q;K;E;Q,L;L;K;E,"127,252,231,133",0.0,6EQE
Q;K;E;S,L;L;K;T,"127,252,231,124",0.0,6EQE
Q;K;E;Q,L;L;K;W,"127,252,231,133",0.0,6EQE
Q;K;E;D,L;L;K;L,"127,252,231,220",0.0,6EQE
Q;K;E;T,L;L;K;D,"127,252,231,88",0.0,6EQE
Q;K;E;R,L;L;K;N,"127,252,231,132",0.0,6EQE
Q;K;E;A,L;L;K;Y,"127,252,231,215",0.0,6EQE
Q;K;E;L,L;L;K;K,"127,252,231,249",0.0,6EQE
Q;K;E;R,L;L;K;Y,"127,252,231,123",0.0,6EQE
Q;K;E;F,L;L;K;W,"127,252,231,271",0.0,6EQE
Q;K;E;S,L;L;K;D,"127,252,231,58",0.0,6EQE
Q;K;E;N,L;L;K;I,"127,252,231,37",0.0,6EQE
Q;K;E;C,L;L;K;D,"127,252,231,289",0.0,6EQE
Q;K;E;A,L;L;K;P,"127,252,231,152",0.0,6EQE
Q;K;E;D,L;L;K;V,"127,252,231,186",0.0,6EQE
Q;K;E;G,L;L;K;P,"127,252,231,243",0.0,6EQE
Q;K;E;S,L;L;K;E,"127,252,231,115",0.0,6EQE
Q;K;E;L,L;L;K;Q,"127,252,231,216",0.0,6EQE
Q;K;E;N,L;L;K;P,"127,252,231,277",0.0,6EQE
Q;K;E;R,L;L;K;Q,"127,252,231,132",0.0,6EQE
Q;K;E;N,L;L;K;Y,"127,252,231,244",0.0,6EQE
Q;K;E;H,L;L;K;T,"127,252,231,104",0.0,6EQE
Q;K;E;S,L;L;K;V,"127,252,231,58",0.0,6EQE
Q;K;E;H,L;L;K;L,"127,252,231,104",0.0,6EQE
Q;K;E;P,L;L;K;Q,"127,252,231,38",0.0,6EQE
Q;K;E;R,L;L;K;L,"127,252,231,53",0.0,6EQE
Q;K;E;A,L;L;K;T,"127,252,231,180",0.0,6EQE
Q;K;E;P,L;L;K;D,"127,252,231,197",0.0,6EQE
Q;K;E;T,L;L;K;V,"127,252,231,198",0.0,6EQE
Q;K;E;A,L;L;K;M,"127,252,231,135",0.0,6EQE
Q;K;E;I,L;L;K;L,"127,252,231,111",0.0,6EQE
Q;K;E;G,L;L;K;S,"127,252,231,243",0.0,6EQE
Q;K;E;W,L;L;K;I,"127,252,231,159",0.0,6EQE
Q;K;E;S,L;L;K;N,"127,252,231,103",0.0,6EQE
Q;K;E;A,L;L;K;Y,"127,252,231,179",0.0,6EQE
Q;K;E;W,L;L;K;K,"127,252,231,257",0.0,6EQE
Q;K;E;L,L;L;K;M,"127,252,231,216",0.0,6EQE
Q;K;E;G,L;L;K;A,"127,252,231,243",0.0,6EQE
Q;K;E;A,L;L;K;N,"127,252,231,226",0.0,6EQE
Q;K;E;L,L;L;K;I,"127,252,231,216",0.0,6EQE
Q;K;E;C,L;L;K;L,"127,252,231,289",0.0,6EQE
Q;K;E;S,L;L;K;E,"127,252,231,207",0.0,6EQE
Q;K;E;M,L;L;K;L,"127,252,231,154",0.0,6EQE
Q;K;E;M,L;L;K;P,"127,252,231,222",0.0,6EQE
Q;K;E;G,L;L;K;T,"127,252,231,251",0.0,6EQE
Q;K;E;P,L;L;K;L,"127,252,231,38",0.0,6EQE
Q;K;E;L,L;L;K;W,"127,252,231,216",0.0,6EQE
Q;K;E;T,L;L;K;L,"127,252,231,72",0.0,6EQE
Q;K;E;S,L;L;K;P,"127,252,231,245",0.0,6EQE
Q;K;E;I,L;L;K;W,"127,252,231,111",0.0,6EQE
Q;K;E;L,L;L;K;D,"127,252,231,249",0.0,6EQE
Q;K;E;D,L;L;K;K,"127,252,231,263",0.0,6EQE
Q;K;E;T,L;L;K;M,"127,252,231,51",0.0,6EQE
Q;K;E;L,L;L;K;E,"127,252,231,216",0.0,6EQE
Q;K;E;S,L;L;K;T,"127,252,231,121",0.0,6EQE
Q;K;E;I,L;L;K;H,"127,252,231,145",0.0,6EQE
Q;K;E;I,L;L;K;L,"127,252,231,145",0.0,6EQE
Q;K;E;H,L;L;K;M,"127,252,231,104",0.0,6EQE
Q;K;E;R,L;L;K;P,"127,252,231,280",0.0,6EQE
Q;K;E;L,L;L;K;F,"127,252,231,216",0.0,6EQE
Q;K;E;S,L;L;K;D,"127,252,231,103",0.0,6EQE
Q;K;E;I,L;L;K;V,"127,252,231,200",0.0,6EQE
Q;K;E;T,L;L;K;K,"127,252,231,88",0.0,6EQE
Q;K;E;N,L;L;K;K,"127,252,231,138",0.0,6EQE
Q;K;E;A,L;L;K;L,"127,252,231,65",0.0,6EQE
Q;K;E;Q,L;L;K;T,"127,252,231,91",0.0,6EQE
Q;K;E;G,L;L;K;D,"127,252,231,163",0.0,6EQE
Q;K;E;A,L;L;K;M,"127,252,231,65",0.0,6EQE
Q;K;E;V,L;L;K;D,"127,252,231,57",0.0,6EQE
Q;K;E;V,L;L;K;C,"127,252,231,281",0.0,6EQE
Q;K;E;T,L;L;K;V,"127,252,231,72",0.0,6EQE
Q;K;E;Q,L;L;K;N,"127,252,231,133",0.0,6EQE
Q;K;E;R,L;L;K;K,"127,252,231,53",0.0,6EQE
Q;K;E;S,L;L;K;P,"127,252,231,125",0.0,6EQE
Q;K;E;T,L;L;K;Q,"127,252,231,88",0.0,6EQE
Q;K;E;N,L;L;K;L,"127,252,231,138",0.0,6EQE
Q;K;E;H,L;L;K;R,"127,252,231,104",0.0,6EQE
Q;K;E;W,L;L;K;P,"127,252,231,159",0.0,6EQE
Q;K;E;S,L;L;K;Y,"127,252,231,242",0.0,6EQE
Q;K;E;A,L;L;K;F,"127,252,231,65",0.0,6EQE
Q;K;E;G,L;L;K;H,"127,252,231,251",0.0,6EQE
Q;K;E;L,L;L;K;P,"127,252,231,216",0.0,6EQE
Q;K;E;S,L;L;K;W,"127,252,231,58",0.0,6EQE
Q;K;E;A,L;L;K;E,"127,252,231,152",0.0,6EQE
Q;K;E;T,L;L;K;N,"127,252,231,88",0.0,6EQE
Q;K;E;T,L;L;K;N,"127,252,231,198",0.0,6EQE
Q;K;E;S,L;L;K;K,"127,252,231,58",0.0,6EQE
Q;K;E;L,L;L;K;C,"127,252,231,249",0.0,6EQE
Q;K;E;N,L;L;K;T,"127,252,231,190",0.0,6EQE
Q;K;E;S,L;L;K;V,"127,252,231,223",0.0,6EQE
Q;K;E;A,L;L;K;W,"127,252,231,65",0.0,6EQE
Q;K;E;K,L;L;K;Y,"127,252,231,253",0.0,6EQE
Q;K;E;R,L;L;K;S,"127,252,231,90",0.0,6EQE
Q;K;E;T,L;L;K;M,"127,252,231,29",0.0,6EQE
Q;K;E;M,L;L;K;L,"127,252,231,262",0.0,6EQE
Q;K;E;A,L;L;K;L,"127,252,231,272",0.0,6EQE
Q;K;E;R,L;L;K;N,"127,252,231,90",0.0,6EQE
Q;K;E;R,L;L;K;T,"127,252,231,90",0.0,6EQE
Q;K;E;G,L;L;K;T,"127,252,231,254",0.0,6EQE
Q;K;E;R,L;L;K;P,"127,252,231,90",0.0,6EQE
Q;K;E;N,L;L;K;Y,"127,252,231,37",0.0,6EQE
Q;K;E;Q,L;L;K;I,"127,252,231,182",0.0,6EQE
Q;K;E;R,L;L;K;A,"127,252,231,90",0.0,6EQE
Q;K;E;K,L;L;K;F,"127,252,231,253",0.0,6EQE
Q;K;E;Y,L;L;K;S,"127,252,231,63",0.0,6EQE
Q;K;E;Q,L;L;K;L,"127,252,231,182",0.0,6EQE
Q;K;E;K,L;L;K;A,"127,252,231,253",0.0,6EQE
Q;K;E;K,L;L;K;V,"127,252,231,253",0.0,6EQE
Q;K;E;Q,L;L;K;F,"127,252,231,182",0.0,6EQE
Q;K;E;R,L;L;K;D,"127,252,231,90",0.0,6EQE
Q;K;E;Y,L;L;K;T,"127,252,231,63",0.0,6EQE
Q;K;E;Q,L;L;K;V,"127,252,231,182",0.0,6EQE
Q;K;E;K,L;L;K;L,"127,252,231,253",0.0,6EQE
Q;K;E;C,L;L;K;S,"127,252,231,289",0.0,6EQE
Q;K;E;Y,L;L;K;G,"127,252,231,63",0.0,6EQE
Q;K;E;M,L;L;K;V,"127,252,231,154",0.0,6EQE
Q;K;E;A,L;L;K;D,"127,252,231,226",0.0,6EQE
Q;K;E;C,L;L;K;A,"127,252,231,289",0.0,6EQE
Q;K;E;R,L;L;K;Q,"127,252,231,224",0.0,6EQE
Q;K;E;N,L;L;K;K,"127,252,231,233",0.0,6EQE
Q;K;E;S,L;L;K;E,"127,252,231,136",0.0,6EQE
Q;K;E;D,L;L;K;N,"127,252,231,186",0.0,6EQE
Q;K;E;R,L;L;K;A,"127,252,231,280",0.0,6EQE
Q;K;E;S,L;L;K;F,"127,252,231,238",0.0,6EQE
Q;K;E;S,L;L;K;Q,"127,252,231,188",0.0,6EQE
Q;K;E;S,L;L;K;H,"127,252,231,214",0.0,6EQE
Q;K;E;L,L;L;K;F,"127,252,231,117",0.0,6EQE
Q;K;E;Q,L;L;K;Y,"127,252,231,119",0.0,6EQE
Q;K;E;G,L;L;K;A,"127,252,231,165",0.0,6EQE
Q;K;E;S,L;L;K;E,"127,252,231,121",0.0,6EQE
Q;K;E;I,L;L;K;R,"127,252,231,168",0.0,6EQE
Q;K;E;N,L;L;K;H,"127,252,231,205",0.0,6EQE
Q;K;E;S,L;L;K;Y,"127,252,231,269",0.0,6EQE
Q;K;E;S,L;L;K;T,"127,252,231,214",0.0,6EQE
Q;K;E;I,L;L;K;R,"127,252,231,218",0.0,6EQE
Q;K;E;P,L;L;K;K,"127,252,231,120",0.0,6EQE
Q;K;E;M,L;L;K;H,"127,252,231,161",0.0,6EQE
Q;K;E;I,L;L;K;H,"127,252,231,168",0.0,6EQE
Q;K;E;N,L;L;K;K,"127,252,231,114",0.0,6EQE
Q;K;E;P,L;L;K;V,"127,252,231,184",0.0,6EQE
Q;K;E;W,L;L;K;P,"127,252,231,185",0.0,6EQE
Q;K;E;S,L;L;K;H,"127,252,231,187",0.0,6EQE
Q;K;E;S,L;L;K;P,"127,252,231,188",0.0,6EQE
Q;K;E;T,L;L;K;Y,"127,252,231,189",0.0,6EQE
Q;K;E;F,L;L;K;M,"127,252,231,191",0.0,6EQE
D;K;Q;S,L;L;L;N,"220,252,127,124",0.0,6EQE
D;K;Q;G,L;L;L;Q,"220,252,127,243",0.0,6EQE
D;K;Q;G,L;L;L;L,"220,252,127,243",0.0,6EQE
D;K;Q;T,L;L;L;E,"220,252,127,270",0.0,6EQE
D;K;Q;R,L;L;L;V,"220,252,127,34",0.0,6EQE
D;K;Q;G,L;L;L;K,"220,252,127,243",0.0,6EQE
D;K;Q;S,L;L;L;K,"220,252,127,124",0.0,6EQE
D;K;Q;F,L;L;L;E,"220,252,127,271",0.0,6EQE
D;K;Q;G,L;L;L;Q,"220,252,127,164",0.0,6EQE
D;K;Q;A,L;L;L;D,"220,252,127,130",0.0,6EQE
D;K;Q;W,L;L;L;C,"220,252,127,257",0.0,6EQE
D;K;Q;S,L;L;L;M,"220,252,127,238",0.0,6EQE
D;K;Q;F,L;L;L;M,"220,252,127,271",0.0,6EQE
D;K;Q;S,L;L;L;A,"220,252,127,124",0.0,6EQE
D;K;Q;G,L;L;L;I,"220,252,127,243",0.0,6EQE
D;K;Q;A,L;L;L;V,"220,252,127,65",0.0,6EQE
D;K;Q;Q,L;L;L;E,"220,252,127,133",0.0,6EQE
D;K;Q;S,L;L;L;T,"220,252,127,124",0.0,6EQE
D;K;Q;Q,L;L;L;W,"220,252,127,133",0.0,6EQE
D;K;Q;T,L;L;L;D,"220,252,127,88",0.0,6EQE
D;K;Q;R,L;L;L;N,"220,252,127,132",0.0,6EQE
D;K;Q;A,L;L;L;Y,"220,252,127,215",0.0,6EQE
D;K;Q;L,L;L;L;K,"220,252,127,249",0.0,6EQE
D;K;Q;R,L;L;L;Y,"220,252,127,123",0.0,6EQE
D;K;Q;F,L;L;L;W,"220,252,127,271",0.0,6EQE
D;K;Q;S,L;L;L;D,"220,252,127,58",0.0,6EQE
D;K;Q;N,L;L;L;I,"220,252,127,37",0.0,6EQE
D;K;Q;C,L;L;L;D,"220,252,127,289",0.0,6EQE
D;K;Q;A,L;L;L;P,"220,252,127,152",0.0,6EQE
D;K;Q;D,L;L;L;V,"220,252,127,186",0.0,6EQE
D;K;Q;G,L;L;L;P,"220,252,127,243",0.0,6EQE
D;K;Q;S,L;L;L;E,"220,252,127,115",0.0,6EQE
D;K;Q;L,L;L;L;Q,"220,252,127,216",0.0,6EQE
D;K;Q;N,L;L;L;P,"220,252,127,277",0.0,6EQE
D;K;Q;R,L;L;L;Q,"220,252,127,132",0.0,6EQE
D;K;Q;N,L;L;L;Y,"220,252,127,244",0.0,6EQE
D;K;Q;H,L;L;L;T,"220,252,127,104",0.0,6EQE
D;K;Q;S,L;L;L;V,"220,252,127,58",0.0,6EQE
D;K;Q;H,L;L;L;L,"220,252,127,104",0.0,6EQE
D;K;Q;P,L;L;L;Q,"220,252,127,38",0.0,6EQE
D;K;Q;R,L;L;L;L,"220,252,127,53",0.0,6EQE
D;K;Q;A,L;L;L;T,"220,252,127,180",0.0,6EQE
D;K;Q;P,L;L;L;D,"220,252,127,197",0.0,6EQE
D;K;Q;T,L;L;L;V,"220,252,127,198",0.0,6EQE
D;K;Q;A,L;L;L;M,"220,252,127,135",0.0,6EQE
D;K;Q;I,L;L;L;L,"220,252,127,111",0.0,6EQE
D;K;Q;G,L;L;L;S,"220,252,127,243",0.0,6EQE
D;K;Q;W,L;L;L;I,"220,252,127,159",0.0,6EQE
D;K;Q;S,L;L;L;N,"220,252,127,103",0.0,6EQE
D;K;Q;A,L;L;L;Y,"220,252,127,179",0.0,6EQE
D;K;Q;W,L;L;L;K,"220,252,127,257",0.0,6EQE
D;K;Q;L,L;L;L;M,"220,252,127,216",0.0,6EQE
D;K;Q;G,L;L;L;A,"220,252,127,243",0.0,6EQE
D;K;Q;A,L;L;L;N,"220,252,127,226",0.0,6EQE
D;K;Q;L,L;L;L;I,"220,252,127,216",0.0,6EQE
D;K;Q;C,L;L;L;L,"220,252,127,289",0.0,6EQE
D;K;Q;S,L;L;L;E,"220,252,127,207",0.0,6EQE
D;K;Q;M,L;L;L;L,"220,252,127,154",0.0,6EQE
D;K;Q;M,L;L;L;P,"220,252,127,222",0.0,6EQE
D;K;Q;G,L;L;L;T,"220,252,127,251",0.0,6EQE
D;K;Q;P,L;L;L;L,"220,252,127,38",0.0,6EQE
D;K;Q;L,L;L;L;W,"220,252,127,216",0.0,6EQE
D;K;Q;T,L;L;L;L,"220,252,127,72",0.0,6EQE
D;K;Q;S,L;L;L;P,"220,252,127,245",0.0,6EQE
D;K;Q;I,L;L;L;W,"220,252,127,111",0.0,6EQE
D;K;Q;L,L;L;L;D,"220,252,127,249",0.0,6EQE
D;K;Q;E,L;L;L;K,"220,252,127,231",0.0,6EQE
D;K;Q;D,L;L;L;K,"220,252,127,263",0.0,6EQE
D;K;Q;T,L;L;L;M,"220,252,127,51",0.0,6EQE
D;K;Q;L,L;L;L;E,"220,252,127,216",0.0,6EQE
D;K;Q;S,L;L;L;T,"220,252,127,121",0.0,6EQE
D;K;Q;I,L;L;L;H,"220,252,127,145",0.0,6EQE
D;K;Q;I,L;L;L;L,"220,252,127,145",0.0,6EQE
D;K;Q;H,L;L;L;M,"220,252,127,104",0.0,6EQE
D;K;Q;R,L;L;L;P,"220,252,127,280",0.0,6EQE
D;K;Q;L,L;L;L;F,"220,252,127,216",0.0,6EQE
D;K;Q;S,L;L;L;D,"220,252,127,103",0.0,6EQE
D;K;Q;I,L;L;L;V,"220,252,127,200",0.0,6EQE
D;K;Q;T,L;L;L;K,"220,252,127,88",0.0,6EQE
D;K;Q;N,L;L;L;K,"220,252,127,138",0.0,6EQE
D;K;Q;A,L;L;L;L,"220,252,127,65",0.0,6EQE
D;K;Q;Q,L;L;L;T,"220,252,127,91",0.0,6EQE
D;K;Q;G,L;L;L;D,"220,252,127,163",0.0,6EQE
D;K;Q;A,L;L;L;M,"220,252,127,65",0.0,6EQE
D;K;Q;V,L;L;L;D,"220,252,127,57",0.0,6EQE
D;K;Q;V,L;L;L;C,"220,252,127,281",0.0,6EQE
D;K;Q;T,L;L;L;V,"220,252,127,72",0.0,6EQE
D;K;Q;Q,L;L;L;N,"220,252,127,133",0.0,6EQE
D;K;Q;R,L;L;L;K,"220,252,127,53",0.0,6EQE
D;K;Q;S,L;L;L;P,"220,252,127,125",0.0,6EQE
D;K;Q;T,L;L;L;Q,"220,252,127,88",0.0,6EQE
D;K;Q;N,L;L;L;L,"220,252,127,138",0.0,6EQE
D;K;Q;H,L;L;L;R,"220,252,127,104",0.0,6EQE
D;K;Q;W,L;L;L;P,"220,252,127,159",0.0,6EQE
D;K;Q;S,L;L;L;Y,"220,252,127,242",0.0,6EQE
D;K;Q;A,L;L;L;F,"220,252,127,65",0.0,6EQE
D;K;Q;G,L;L;L;H,"220,252,127,251",0.0,6EQE
D;K;Q;L,L;L;L;P,"220,252,127,216",0.0,6EQE
D;K;Q;S,L;L;L;W,"220,252,127,58",0.0,6EQE
D;K;Q;A,L;L;L;E,"220,252,127,152",0.0,6EQE
D;K;Q;T,L;L;L;N,"220,252,127,88",0.0,6EQE
D;K;Q;T,L;L;L;N,"220,252,127,198",0.0,6EQE
D;K;Q;S,L;L;L;K,"220,252,127,58",0.0,6EQE
D;K;Q;L,L;L;L;C,"220,252,127,249",0.0,6EQE
D;K;Q;N,L;L;L;T,"220,252,127,190",0.0,6EQE
D;K;Q;S,L;L;L;V,"220,252,127,223",0.0,6EQE
D;K;Q;A,L;L;L;W,"220,252,127,65",0.0,6EQE
D;K;Q;K,L;L;L;Y,"220,252,127,253",0.0,6EQE
D;K;Q;R,L;L;L;S,"220,252,127,90",0.0,6EQE
D;K;Q;T,L;L;L;M,"220,252,127,29",0.0,6EQE
D;K;Q;M,L;L;L;L,"220,252,127,262",0.0,6EQE
D;K;Q;A,L;L;L;L,"220,252,127,272",0.0,6EQE
D;K;Q;R,L;L;L;N,"220,252,127,90",0.0,6EQE
D;K;Q;R,L;L;L;T,"220,252,127,90",0.0,6EQE
D;K;Q;G,L;L;L;T,"220,252,127,254",0.0,6EQE
D;K;Q;R,L;L;L;P,"220,252,127,90",0.0,6EQE
D;K;Q;N,L;L;L;Y,"220,252,127,37",0.0,6EQE
D;K;Q;Q,L;L;L;I,"220,252,127,182",0.0,6EQE
D;K;Q;R,L;L;L;A,"220,252,127,90",0.0,6EQE
D;K;Q;K,L;L;L;F,"220,252,127,253",0.0,6EQE
D;K;Q;Y,L;L;L;S,"220,252,127,63",0.0,6EQE
D;K;Q;Q,L;L;L;L,"220,252,127,182",0.0,6EQE
D;K;Q;K,L;L;L;A,"220,252,127,253",0.0,6EQE
D;K;Q;K,L;L;L;V,"220,252,127,253",0.0,6EQE
D;K;Q;Q,L;L;L;F,"220,252,127,182",0.0,6EQE
D;K;Q;R,L;L;L;D,"220,252,127,90",0.0,6EQE
D;K;Q;Y,L;L;L;T,"220,252,127,63",0.0,6EQE
D;K;Q;Q,L;L;L;V,"220,252,127,182",0.0,6EQE
D;K;Q;K,L;L;L;L,"220,252,127,253",0.0,6EQE
D;K;Q;C,L;L;L;S,"220,252,127,289",0.0,6EQE
D;K;Q;Y,L;L;L;G,"220,252,127,63",0.0,6EQE
D;K;Q;M,L;L;L;V,"220,252,127,154",0.0,6EQE
D;K;Q;A,L;L;L;D,"220,252,127,226",0.0,6EQE
D;K;Q;C,L;L;L;A,"220,252,127,289",0.0,6EQE
D;K;Q;R,L;L;L;Q,"220,252,127,224",0.0,6EQE
D;K;Q;N,L;L;L;K,"220,252,127,233",0.0,6EQE
D;K;Q;S,L;L;L;E,"220,252,127,136",0.0,6EQE
D;K;Q;D,L;L;L;N,"220,252,127,186",0.0,6EQE
D;K;Q;R,L;L;L;A,"220,252,127,280",0.0,6EQE
D;K;Q;S,L;L;L;F,"220,252,127,238",0.0,6EQE
D;K;Q;S,L;L;L;Q,"220,252,127,188",0.0,6EQE
D;K;Q;S,L;L;L;H,"220,252,127,214",0.0,6EQE
D;K;Q;L,L;L;L;F,"220,252,127,117",0.0,6EQE
D;K;Q;Q,L;L;L;Y,"220,252,127,119",0.0,6EQE
D;K;Q;G,L;L;L;A,"220,252,127,165",0.0,6EQE
D;K;Q;S,L;L;L;E,"220,252,127,121",0.0,6EQE
D;K;Q;I,L;L;L;R,"220,252,127,168",0.0,6EQE
D;K;Q;N,L;L;L;H,"220,252,127,205",0.0,6EQE
D;K;Q;S,L;L;L;Y,"220,252,127,269",0.0,6EQE
D;K;Q;S,L;L;L;T,"220,252,127,214",0.0,6EQE
D;K;Q;I,L;L;L;R,"220,252,127,218",0.0,6EQE
D;K;Q;P,L;L;L;K,"220,252,127,120",0.0,6EQE
D;K;Q;M,L;L;L;H,"220,252,127,161",0.0,6EQE
D;K;Q;I,L;L;L;H,"220,252,127,168",0.0,6EQE
D;K;Q;N,L;L;L;K,"220,252,127,114",0.0,6EQE
D;K;Q;P,L;L;L;V,"220,252,127,184",0.0,6EQE
D;K;Q;W,L;L;L;P,"220,252,127,185",0.0,6EQE
D;K;Q;S,L;L;L;H,"220,252,127,187",0.0,6EQE
D;K;Q;S,L;L;L;P,"220,252,127,188",0.0,6EQE
D;K;Q;T,L;L;L;Y,"220,252,127,189",0.0,6EQE
D;K;Q;F,L;L;L;M,"220,252,127,191",0.0,6EQE
T;K;D;S,E;L;L;N,"270,252,220,124",0.0,6EQE
T;K;D;G,E;L;L;Q,"270,252,220,243",0.0,6EQE
T;K;D;G,E;L;L;L,"270,252,220,243",0.0,6EQE
T;K;D;R,E;L;L;V,"270,252,220,34",0.0,6EQE
T;K;D;G,E;L;L;K,"270,252,220,243",0.0,6EQE
T;K;D;S,E;L;L;K,"270,252,220,124",0.0,6EQE
T;K;D;F,E;L;L;E,"270,252,220,271",0.0,6EQE
T;K;D;G,E;L;L;Q,"270,252,220,164",0.0,6EQE
T;K;D;A,E;L;L;D,"270,252,220,130",0.0,6EQE
T;K;D;W,E;L;L;C,"270,252,220,257",0.0,6EQE
T;K;D;Q,E;L;L;N,"270,252,220,127",0.0,6EQE
T;K;D;Q,E;L;L;R,"270,252,220,127",0.0,6EQE
T;K;D;S,E;L;L;M,"270,252,220,238",0.0,6EQE
T;K;D;F,E;L;L;M,"270,252,220,271",0.0,6EQE
T;K;D;S,E;L;L;A,"270,252,220,124",0.0,6EQE
T;K;D;G,E;L;L;I,"270,252,220,243",0.0,6EQE
T;K;D;Q,E;L;L;I,"270,252,220,127",0.0,6EQE
T;K;D;A,E;L;L;V,"270,252,220,65",0.0,6EQE
T;K;D;Q,E;L;L;E,"270,252,220,133",0.0,6EQE
T;K;D;S,E;L;L;T,"270,252,220,124",0.0,6EQE
T;K;D;Q,E;L;L;K,"270,252,220,127",0.0,6EQE
T;K;D;Q,E;L;L;W,"270,252,220,133",0.0,6EQE
T;K;D;T,E;L;L;D,"270,252,220,88",0.0,6EQE
T;K;D;R,E;L;L;N,"270,252,220,132",0.0,6EQE
T;K;D;Q,E;L;L;D,"270,252,220,127",0.0,6EQE
T;K;D;A,E;L;L;Y,"270,252,220,215",0.0,6EQE
T;K;D;L,E;L;L;K,"270,252,220,249",0.0,6EQE
T;K;D;R,E;L;L;Y,"270,252,220,123",0.0,6EQE
T;K;D;F,E;L;L;W,"270,252,220,271",0.0,6EQE
T;K;D;S,E;L;L;D,"270,252,220,58",0.0,6EQE
T;K;D;N,E;L;L;I,"270,252,220,37",0.0,6EQE
T;K;D;C,E;L;L;D,"270,252,220,289",0.0,6EQE
T;K;D;A,E;L;L;P,"270,252,220,152",0.0,6EQE
T;K;D;D,E;L;L;V,"270,252,220,186",0.0,6EQE
T;K;D;G,E;L;L;P,"270,252,220,243",0.0,6EQE
T;K;D;S,E;L;L;E,"270,252,220,115",0.0,6EQE
T;K;D;L,E;L;L;Q,"270,252,220,216",0.0,6EQE
T;K;D;N,E;L;L;P,"270,252,220,277",0.0,6EQE
T;K;D;R,E;L;L;Q,"270,252,220,132",0.0,6EQE
T;K;D;N,E;L;L;Y,"270,252,220,244",0.0,6EQE
T;K;D;H,E;L;L;T,"270,252,220,104",0.0,6EQE
T;K;D;S,E;L;L;V,"270,252,220,58",0.0,6EQE
T;K;D;H,E;L;L;L,"270,252,220,104",0.0,6EQE
T;K;D;P,E;L;L;Q,"270,252,220,38",0.0,6EQE
T;K;D;R,E;L;L;L,"270,252,220,53",0.0,6EQE
T;K;D;A,E;L;L;T,"270,252,220,180",0.0,6EQE
T;K;D;P,E;L;L;D,"270,252,220,197",0.0,6EQE
T;K;D;T,E;L;L;V,"270,252,220,198",0.0,6EQE
T;K;D;A,E;L;L;M,"270,252,220,135",0.0,6EQE
T;K;D;I,E;L;L;L,"270,252,220,111",0.0,6EQE
T;K;D;G,E;L;L;S,"270,252,220,243",0.0,6EQE
T;K;D;Q,E;L;L;L,"270,252,220,127",0.0,6EQE
T;K;D;Q,E;L;L;H,"270,252,220,127",0.0,6EQE
T;K;D;W,E;L;L;I,"270,252,220,159",0.0,6EQE
T;K;D;Q,E;L;L;P,"270,252,220,127",0.0,6EQE
T;K;D;S,E;L;L;N,"270,252,220,103",0.0,6EQE
T;K;D;A,E;L;L;Y,"270,252,220,179",0.0,6EQE
T;K;D;W,E;L;L;K,"270,252,220,257",0.0,6EQE
T;K;D;L,E;L;L;M,"270,252,220,216",0.0,6EQE
T;K;D;Q,E;L;L;E,"270,252,220,127",0.0,6EQE
T;K;D;G,E;L;L;A,"270,252,220,243",0.0,6EQE
T;K;D;A,E;L;L;N,"270,252,220,226",0.0,6EQE
T;K;D;L,E;L;L;I,"270,252,220,216",0.0,6EQE
T;K;D;C,E;L;L;L,"270,252,220,289",0.0,6EQE
T;K;D;S,E;L;L;E,"270,252,220,207",0.0,6EQE
T;K;D;M,E;L;L;L,"270,252,220,154",0.0,6EQE
T;K;D;M,E;L;L;P,"270,252,220,222",0.0,6EQE
T;K;D;G,E;L;L;T,"270,252,220,251",0.0,6EQE
T;K;D;P,E;L;L;L,"270,252,220,38",0.0,6EQE
T;K;D;L,E;L;L;W,"270,252,220,216",0.0,6EQE
T;K;D;T,E;L;L;L,"270,252,220,72",0.0,6EQE
T;K;D;S,E;L;L;P,"270,252,220,245",0.0,6EQE
T;K;D;I,E;L;L;W,"270,252,220,111",0.0,6EQE
T;K;D;L,E;L;L;D,"270,252,220,249",0.0,6EQE
T;K;D;E,E;L;L;K,"270,252,220,231",0.0,6EQE
T;K;D;D,E;L;L;K,"270,252,220,263",0.0,6EQE
T;K;D;T,E;L;L;M,"270,252,220,51",0.0,6EQE
T;K;D;L,E;L;L;E,"270,252,220,216",0.0,6EQE
T;K;D;S,E;L;L;T,"270,252,220,121",0.0,6EQE
T;K;D;I,E;L;L;H,"270,252,220,145",0.0,6EQE
T;K;D;I,E;L;L;L,"270,252,220,145",0.0,6EQE
T;K;D;H,E;L;L;M,"270,252,220,104",0.0,6EQE
T;K;D;R,E;L;L;P,"270,252,220,280",0.0,6EQE
T;K;D;L,E;L;L;F,"270,252,220,216",0.0,6EQE
T;K;D;S,E;L;L;D,"270,252,220,103",0.0,6EQE
T;K;D;I,E;L;L;V,"270,252,220,200",0.0,6EQE
T;K;D;T,E;L;L;K,"270,252,220,88",0.0,6EQE
T;K;D;N,E;L;L;K,"270,252,220,138",0.0,6EQE
T;K;D;A,E;L;L;L,"270,252,220,65",0.0,6EQE
T;K;D;Q,E;L;L;T,"270,252,220,91",0.0,6EQE
T;K;D;G,E;L;L;D,"270,252,220,163",0.0,6EQE
T;K;D;A,E;L;L;M,"270,252,220,65",0.0,6EQE
T;K;D;V,E;L;L;D,"270,252,220,57",0.0,6EQE
T;K;D;Q,E;L;L;V,"270,252,220,127",0.0,6EQE
T;K;D;V,E;L;L;C,"270,252,220,281",0.0,6EQE
T;K;D;T,E;L;L;V,"270,252,220,72",0.0,6EQE
T;K;D;Q,E;L;L;N,"270,252,220,133",0.0,6EQE
T;K;D;R,E;L;L;K,"270,252,220,53",0.0,6EQE
T;K;D;S,E;L;L;P,"270,252,220,125",0.0,6EQE
T;K;D;T,E;L;L;Q,"270,252,220,88",0.0,6EQE
T;K;D;N,E;L;L;L,"270,252,220,138",0.0,6EQE
T;K;D;H,E;L;L;R,"270,252,220,104",0.0,6EQE
T;K;D;W,E;L;L;P,"270,252,220,159",0.0,6EQE
T;K;D;S,E;L;L;Y,"270,252,220,242",0.0,6EQE
T;K;D;A,E;L;L;F,"270,252,220,65",0.0,6EQE
T;K;D;G,E;L;L;H,"270,252,220,251",0.0,6EQE
T;K;D;L,E;L;L;P,"270,252,220,216",0.0,6EQE
T;K;D;S,E;L;L;W,"270,252,220,58",0.0,6EQE
T;K;D;A,E;L;L;E,"270,252,220,152",0.0,6EQE
T;K;D;T,E;L;L;N,"270,252,220,88",0.0,6EQE
T;K;D;T,E;L;L;N,"270,252,220,198",0.0,6EQE
T;K;D;S,E;L;L;K,"270,252,220,58",0.0,6EQE
T;K;D;L,E;L;L;C,"270,252,220,249",0.0,6EQE
T;K;D;N,E;L;L;T,"270,252,220,190",0.0,6EQE
T;K;D;S,E;L;L;V,"270,252,220,223",0.0,6EQE
T;K;D;A,E;L;L;W,"270,252,220,65",0.0,6EQE
T;K;D;K,E;L;L;Y,"270,252,220,253",0.0,6EQE
T;K;D;R,E;L;L;S,"270,252,220,90",0.0,6EQE
T;K;D;T,E;L;L;M,"270,252,220,29",0.0,6EQE
T;K;D;M,E;L;L;L,"270,252,220,262",0.0,6EQE
T;K;D;A,E;L;L;L,"270,252,220,272",0.0,6EQE
T;K;D;R,E;L;L;N,"270,252,220,90",0.0,6EQE
T;K;D;R,E;L;L;T,"270,252,220,90",0.0,6EQE
T;K;D;G,E;L;L;T,"270,252,220,254",0.0,6EQE
T;K;D;R,E;L;L;P,"270,252,220,90",0.0,6EQE
T;K;D;N,E;L;L;Y,"270,252,220,37",0.0,6EQE
T;K;D;Q,E;L;L;I,"270,252,220,182",0.0,6EQE
T;K;D;R,E;L;L;A,"270,252,220,90",0.0,6EQE
T;K;D;K,E;L;L;F,"270,252,220,253",0.0,6EQE
T;K;D;Y,E;L;L;S,"270,252,220,63",0.0,6EQE
T;K;D;Q,E;L;L;M,"270,252,220,127",0.0,6EQE
T;K;D;Q,E;L;L;L,"270,252,220,182",0.0,6EQE
T;K;D;K,E;L;L;A,"270,252,220,253",0.0,6EQE
T;K;D;K,E;L;L;V,"270,252,220,253",0.0,6EQE
T;K;D;Q,E;L;L;F,"270,252,220,182",0.0,6EQE
T;K;D;R,E;L;L;D,"270,252,220,90",0.0,6EQE
T;K;D;Q,E;L;L;A,"270,252,220,127",0.0,6EQE
T;K;D;Y,E;L;L;T,"270,252,220,63",0.0,6EQE
T;K;D;Q,E;L;L;V,"270,252,220,182",0.0,6EQE
T;K;D;K,E;L;L;L,"270,252,220,253",0.0,6EQE
T;K;D;C,E;L;L;S,"270,252,220,289",0.0,6EQE
T;K;D;Y,E;L;L;G,"270,252,220,63",0.0,6EQE
T;K;D;M,E;L;L;V,"270,252,220,154",0.0,6EQE
T;K;D;Q,E;L;L;T,"270,252,220,127",0.0,6EQE
T;K;D;A,E;L;L;D,"270,252,220,226",0.0,6EQE
T;K;D;C,E;L;L;A,"270,252,220,289",0.0,6EQE
T;K;D;R,E;L;L;Q,"270,252,220,224",0.0,6EQE
T;K;D;N,E;L;L;K,"270,252,220,233",0.0,6EQE
T;K;D;S,E;L;L;E,"270,252,220,136",0.0,6EQE
T;K;D;D,E;L;L;N,"270,252,220,186",0.0,6EQE
T;K;D;R,E;L;L;A,"270,252,220,280",0.0,6EQE
T;K;D;S,E;L;L;F,"270,252,220,238",0.0,6EQE
T;K;D;S,E;L;L;Q,"270,252,220,188",0.0,6EQE
T;K;D;S,E;L;L;H,"270,252,220,214",0.0,6EQE
T;K;D;L,E;L;L;F,"270,252,220,117",0.0,6EQE
T;K;D;Q,E;L;L;Y,"270,252,220,119",0.0,6EQE
T;K;D;G,E;L;L;A,"270,252,220,165",0.0,6EQE
T;K;D;S,E;L;L;E,"270,252,220,121",0.0,6EQE
T;K;D;I,E;L;L;R,"270,252,220,168",0.0,6EQE
T;K;D;N,E;L;L;H,"270,252,220,205",0.0,6EQE
T;K;D;S,E;L;L;Y,"270,252,220,269",0.0,6EQE
T;K;D;S,E;L;L;T,"270,252,220,214",0.0,6EQE
T;K;D;I,E;L;L;R,"270,252,220,218",0.0,6EQE
T;K;D;P,E;L;L;K,"270,252,220,120",0.0,6EQE
T;K;D;M,E;L;L;H,"270,252,220,161",0.0,6EQE
T;K;D;I,E;L;L;H,"270,252,220,168",0.0,6EQE
T;K;D;N,E;L;L;K,"270,252,220,114",0.0,6EQE
T;K;D;P,E;L;L;V,"270,252,220,184",0.0,6EQE
T;K;D;W,E;L;L;P,"270,252,220,185",0.0,6EQE
T;K;D;S,E;L;L;H,"270,252,220,187",0.0,6EQE
T;K;D;S,E;L;L;P,"270,252,220,188",0.0,6EQE
T;K;D;T,E;L;L;Y,"270,252,220,189",0.0,6EQE
T;K;D;F,E;L;L;M,"270,252,220,191",0.0,6EQE
S;T;I;G,A;Y;R;Q,"124,189,168,243",0.0,6EQE
S;T;I;G,A;Y;R;L,"124,189,168,243",0.0,6EQE
S;T;I;T,A;Y;R;E,"124,189,168,270",0.0,6EQE
S;T;I;R,A;Y;R;V,"124,189,168,34",0.0,6EQE
S;T;I;G,A;Y;R;K,"124,189,168,243",0.0,6EQE
S;T;I;D,A;Y;R;Q,"124,189,168,220",0.0,6EQE
S;T;I;F,A;Y;R;E,"124,189,168,271",0.0,6EQE
S;T;I;G,A;Y;R;Q,"124,189,168,164",0.0,6EQE
S;T;I;A,A;Y;R;D,"124,189,168,130",0.0,6EQE
S;T;I;W,A;Y;R;C,"124,189,168,257",0.0,6EQE
S;T;I;Q,A;Y;R;N,"124,189,168,127",0.0,6EQE
S;T;I;Q,A;Y;R;R,"124,189,168,127",0.0,6EQE
S;T;I;S,A;Y;R;M,"124,189,168,238",0.0,6EQE
S;T;I;F,A;Y;R;M,"124,189,168,271",0.0,6EQE
S;T;I;G,A;Y;R;I,"124,189,168,243",0.0,6EQE
S;T;I;Q,A;Y;R;I,"124,189,168,127",0.0,6EQE
S;T;I;A,A;Y;R;V,"124,189,168,65",0.0,6EQE
S;T;I;Q,A;Y;R;E,"124,189,168,133",0.0,6EQE
S;T;I;Q,A;Y;R;K,"124,189,168,127",0.0,6EQE
S;T;I;Q,A;Y;R;W,"124,189,168,133",0.0,6EQE
S;T;I;D,A;Y;R;L,"124,189,168,220",0.0,6EQE
S;T;I;T,A;Y;R;D,"124,189,168,88",0.0,6EQE
S;T;I;R,A;Y;R;N,"124,189,168,132",0.0,6EQE
S;T;I;Q,A;Y;R;D,"124,189,168,127",0.0,6EQE
S;T;I;A,A;Y;R;Y,"124,189,168,215",0.0,6EQE
S;T;I;L,A;Y;R;K,"124,189,168,249",0.0,6EQE
S;T;I;R,A;Y;R;Y,"124,189,168,123",0.0,6EQE
S;T;I;F,A;Y;R;W,"124,189,168,271",0.0,6EQE
S;T;I;S,A;Y;R;D,"124,189,168,58",0.0,6EQE
S;T;I;N,A;Y;R;I,"124,189,168,37",0.0,6EQE
S;T;I;C,A;Y;R;D,"124,189,168,289",0.0,6EQE
S;T;I;A,A;Y;R;P,"124,189,168,152",0.0,6EQE
S;T;I;D,A;Y;R;V,"124,189,168,186",0.0,6EQE
S;T;I;G,A;Y;R;P,"124,189,168,243",0.0,6EQE
S;T;I;S,A;Y;R;E,"124,189,168,115",0.0,6EQE
S;T;I;L,A;Y;R;Q,"124,189,168,216",0.0,6EQE
S;T;I;N,A;Y;R;P,"124,189,168,277",0.0,6EQE
S;T;I;R,A;Y;R;Q,"124,189,168,132",0.0,6EQE
S;T;I;N,A;Y;R;Y,"124,189,168,244",0.0,6EQE
S;T;I;H,A;Y;R;T,"124,189,168,104",0.0,6EQE
S;T;I;S,A;Y;R;V,"124,189,168,58",0.0,6EQE
S;T;I;H,A;Y;R;L,"124,189,168,104",0.0,6EQE
S;T;I;P,A;Y;R;Q,"124,189,168,38",0.0,6EQE
S;T;I;R,A;Y;R;L,"124,189,168,53",0.0,6EQE
S;T;I;A,A;Y;R;T,"124,189,168,180",0.0,6EQE
S;T;I;P,A;Y;R;D,"124,189,168,197",0.0,6EQE
S;T;I;T,A;Y;R;V,"124,189,168,198",0.0,6EQE
S;T;I;A,A;Y;R;M,"124,189,168,135",0.0,6EQE
S;T;I;I,A;Y;R;L,"124,189,168,111",0.0,6EQE
S;T;I;G,A;Y;R;S,"124,189,168,243",0.0,6EQE
S;T;I;Q,A;Y;R;L,"124,189,168,127",0.0,6EQE
S;T;I;Q,A;Y;R;H,"124,189,168,127",0.0,6EQE
S;T;I;W,A;Y;R;I,"124,189,168,159",0.0,6EQE
S;T;I;Q,A;Y;R;P,"124,189,168,127",0.0,6EQE
S;T;I;S,A;Y;R;N,"124,189,168,103",0.0,6EQE
S;T;I;A,A;Y;R;Y,"124,189,168,179",0.0,6EQE
S;T;I;W,A;Y;R;K,"124,189,168,257",0.0,6EQE
S;T;I;L,A;Y;R;M,"124,189,168,216",0.0,6EQE
S;T;I;Q,A;Y;R;E,"124,189,168,127",0.0,6EQE
S;T;I;G,A;Y;R;A,"124,189,168,243",0.0,6EQE
S;T;I;A,A;Y;R;N,"124,189,168,226",0.0,6EQE
S;T;I;L,A;Y;R;I,"124,189,168,216",0.0,6EQE
S;T;I;C,A;Y;R;L,"124,189,168,289",0.0,6EQE
S;T;I;S,A;Y;R;E,"124,189,168,207",0.0,6EQE
S;T;I;M,A;Y;R;L,"124,189,168,154",0.0,6EQE
S;T;I;M,A;Y;R;P,"124,189,168,222",0.0,6EQE
S;T;I;G,A;Y;R;T,"124,189,168,251",0.0,6EQE
S;T;I;P,A;Y;R;L,"124,189,168,38",0.0,6EQE
S;T;I;L,A;Y;R;W,"124,189,168,216",0.0,6EQE
S;T;I;T,A;Y;R;L,"124,189,168,72",0.0,6EQE
S;T;I;S,A;Y;R;P,"124,189,168,245",0.0,6EQE
S;T;I;I,A;Y;R;W,"124,189,168,111",0.0,6EQE
S;T;I;L,A;Y;R;D,"124,189,168,249",0.0,6EQE
S;T;I;E,A;Y;R;K,"124,189,168,231",0.0,6EQE
S;T;I;D,A;Y;R;K,"124,189,168,263",0.0,6EQE
S;T;I;T,A;Y;R;M,"124,189,168,51",0.0,6EQE
S;T;I;L,A;Y;R;E,"124,189,168,216",0.0,6EQE
S;T;I;S,A;Y;R;T,"124,189,168,121",0.0,6EQE
S;T;I;I,A;Y;R;H,"124,189,168,145",0.0,6EQE
S;T;I;I,A;Y;R;L,"124,189,168,145",0.0,6EQE
S;T;I;H,A;Y;R;M,"124,189,168,104",0.0,6EQE
S;T;I;R,A;Y;R;P,"124,189,168,280",0.0,6EQE
S;T;I;L,A;Y;R;F,"124,189,168,216",0.0,6EQE
S;T;I;S,A;Y;R;D,"124,189,168,103",0.0,6EQE
S;T;I;I,A;Y;R;V,"124,189,168,200",0.0,6EQE
S;T;I;T,A;Y;R;K,"124,189,168,88",0.0,6EQE
S;T;I;N,A;Y;R;K,"124,189,168,138",0.0,6EQE
S;T;I;A,A;Y;R;L,"124,189,168,65",0.0,6EQE
S;T;I;Q,A;Y;R;T,"124,189,168,91",0.0,6EQE
S;T;I;G,A;Y;R;D,"124,189,168,163",0.0,6EQE
S;T;I;A,A;Y;R;M,"124,189,168,65",0.0,6EQE
S;T;I;K,A;Y;R;L,"124,189,168,252",0.0,6EQE
S;T;I;V,A;Y;R;D,"124,189,168,57",0.0,6EQE
S;T;I;Q,A;Y;R;V,"124,189,168,127",0.0,6EQE
S;T;I;V,A;Y;R;C,"124,189,168,281",0.0,6EQE
S;T;I;T,A;Y;R;V,"124,189,168,72",0.0,6EQE
S;T;I;Q,A;Y;R;N,"124,189,168,133",0.0,6EQE
S;T;I;R,A;Y;R;K,"124,189,168,53",0.0,6EQE
S;T;I;S,A;Y;R;P,"124,189,168,125",0.0,6EQE
S;T;I;T,A;Y;R;Q,"124,189,168,88",0.0,6EQE
S;T;I;N,A;Y;R;L,"124,189,168,138",0.0,6EQE
S;T;I;H,A;Y;R;R,"124,189,168,104",0.0,6EQE
S;T;I;W,A;Y;R;P,"124,189,168,159",0.0,6EQE
S;T;I;S,A;Y;R;Y,"124,189,168,242",0.0,6EQE
S;T;I;A,A;Y;R;F,"124,189,168,65",0.0,6EQE
S;T;I;G,A;Y;R;H,"124,189,168,251",0.0,6EQE
S;T;I;L,A;Y;R;P,"124,189,168,216",0.0,6EQE
S;T;I;S,A;Y;R;W,"124,189,168,58",0.0,6EQE
S;T;I;A,A;Y;R;E,"124,189,168,152",0.0,6EQE
S;T;I;T,A;Y;R;N,"124,189,168,88",0.0,6EQE
S;T;I;T,A;Y;R;N,"124,189,168,198",0.0,6EQE
S;T;I;S,A;Y;R;K,"124,189,168,58",0.0,6EQE
S;T;I;L,A;Y;R;C,"124,189,168,249",0.0,6EQE
S;T;I;N,A;Y;R;T,"124,189,168,190",0.0,6EQE
S;T;I;S,A;Y;R;V,"124,189,168,223",0.0,6EQE
S;T;I;A,A;Y;R;W,"124,189,168,65",0.0,6EQE
S;T;I;K,A;Y;R;Y,"124,189,168,253",0.0,6EQE
S;T;I;R,A;Y;R;S,"124,189,168,90",0.0,6EQE
S;T;I;T,A;Y;R;M,"124,189,168,29",0.0,6EQE
S;T;I;M,A;Y;R;L,"124,189,168,262",0.0,6EQE
S;T;I;A,A;Y;R;L,"124,189,168,272",0.0,6EQE
S;T;I;R,A;Y;R;N,"124,189,168,90",0.0,6EQE
S;T;I;R,A;Y;R;T,"124,189,168,90",0.0,6EQE
S;T;I;G,A;Y;R;T,"124,189,168,254",0.0,6EQE
S;T;I;R,A;Y;R;P,"124,189,168,90",0.0,6EQE
S;T;I;N,A;Y;R;Y,"124,189,168,37",0.0,6EQE
S;T;I;Q,A;Y;R;I,"124,189,168,182",0.0,6EQE
S;T;I;R,A;Y;R;A,"124,189,168,90",0.0,6EQE
S;T;I;K,A;Y;R;F,"124,189,168,253",0.0,6EQE
S;T;I;Y,A;Y;R;S,"124,189,168,63",0.0,6EQE
S;T;I;Q,A;Y;R;M,"124,189,168,127",0.0,6EQE
S;T;I;Q,A;Y;R;L,"124,189,168,182",0.0,6EQE
S;T;I;K,A;Y;R;A,"124,189,168,253",0.0,6EQE
S;T;I;K,A;Y;R;V,"124,189,168,253",0.0,6EQE
S;T;I;Q,A;Y;R;F,"124,189,168,182",0.0,6EQE
S;T;I;R,A;Y;R;D,"124,189,168,90",0.0,6EQE
S;T;I;Q,A;Y;R;A,"124,189,168,127",0.0,6EQE
S;T;I;Y,A;Y;R;T,"124,189,168,63",0.0,6EQE
S;T;I;Q,A;Y;R;V,"124,189,168,182",0.0,6EQE
S;T;I;K,A;Y;R;L,"124,189,168,253",0.0,6EQE
S;T;I;C,A;Y;R;S,"124,189,168,289",0.0,6EQE
S;T;I;Y,A;Y;R;G,"124,189,168,63",0.0,6EQE
S;T;I;M,A;Y;R;V,"124,189,168,154",0.0,6EQE
S;T;I;Q,A;Y;R;T,"124,189,168,127",0.0,6EQE
S;T;I;A,A;Y;R;D,"124,189,168,226",0.0,6EQE
S;T;I;C,A;Y;R;A,"124,189,168,289",0.0,6EQE
S;T;I;R,A;Y;R;Q,"124,189,168,224",0.0,6EQE
S;T;I;N,A;Y;R;K,"124,189,168,233",0.0,6EQE
S;T;I;S,A;Y;R;E,"124,189,168,136",0.0,6EQE
S;T;I;D,A;Y;R;N,"124,189,168,186",0.0,6EQE
S;T;I;R,A;Y;R;A,"124,189,168,280",0.0,6EQE
S;T;I;S,A;Y;R;F,"124,189,168,238",0.0,6EQE
S;T;I;S,A;Y;R;Q,"124,189,168,188",0.0,6EQE
S;T;I;S,A;Y;R;H,"124,189,168,214",0.0,6EQE
S;T;I;L,A;Y;R;F,"124,189,168,117",0.0,6EQE
S;T;I;Q,A;Y;R;Y,"124,189,168,119",0.0,6EQE
S;T;I;G,A;Y;R;A,"124,189,168,165",0.0,6EQE
S;T;I;S,A;Y;R;E,"124,189,168,121",0.0,6EQE
S;T;I;N,A;Y;R;H,"124,189,168,205",0.0,6EQE
S;T;I;S,A;Y;R;Y,"124,189,168,269",0.0,6EQE
S;T;I;S,A;Y;R;T,"124,189,168,214",0.0,6EQE
S;T;I;I,A;Y;R;R,"124,189,168,218",0.0,6EQE
S;T;I;P,A;Y;R;K,"124,189,168,120",0.0,6EQE
S;T;I;M,A;Y;R;H,"124,189,168,161",0.0,6EQE
S;T;I;N,A;Y;R;K,"124,189,168,114",0.0,6EQE
S;T;I;P,A;Y;R;V,"124,189,168,184",0.0,6EQE
S;T;I;W,A;Y;R;P,"124,189,168,185",0.0,6EQE
S;T;I;S,A;Y;R;H,"124,189,168,187",0.0,6EQE
S;T;I;S,A;Y;R;P,"124,189,168,188",0.0,6EQE
S;T;I;F,A;Y;R;M,"124,189,168,191",0.0,6EQE
S;S;I;G,A;T;R;Q,"124,214,168,243",0.0,6EQE
S;S;I;G,A;T;R;L,"124,214,168,243",0.0,6EQE
S;S;I;T,A;T;R;E,"124,214,168,270",0.0,6EQE
S;S;I;R,A;T;R;V,"124,214,168,34",0.0,6EQE
S;S;I;G,A;T;R;K,"124,214,168,243",0.0,6EQE
S;S;I;D,A;T;R;Q,"124,214,168,220",0.0,6EQE
S;S;I;F,A;T;R;E,"124,214,168,271",0.0,6EQE
S;S;I;G,A;T;R;Q,"124,214,168,164",0.0,6EQE
S;S;I;A,A;T;R;D,"124,214,168,130",0.0,6EQE
S;S;I;W,A;T;R;C,"124,214,168,257",0.0,6EQE
S;S;I;Q,A;T;R;N,"124,214,168,127",0.0,6EQE
S;S;I;Q,A;T;R;R,"124,214,168,127",0.0,6EQE
S;S;I;S,A;T;R;M,"124,214,168,238",0.0,6EQE
S;S;I;F,A;T;R;M,"124,214,168,271",0.0,6EQE
S;S;I;G,A;T;R;I,"124,214,168,243",0.0,6EQE
S;S;I;Q,A;T;R;I,"124,214,168,127",0.0,6EQE
S;S;I;A,A;T;R;V,"124,214,168,65",0.0,6EQE
S;S;I;Q,A;T;R;E,"124,214,168,133",0.0,6EQE
S;S;I;Q,A;T;R;K,"124,214,168,127",0.0,6EQE
S;S;I;Q,A;T;R;W,"124,214,168,133",0.0,6EQE
S;S;I;D,A;T;R;L,"124,214,168,220",0.0,6EQE
S;S;I;T,A;T;R;D,"124,214,168,88",0.0,6EQE
S;S;I;R,A;T;R;N,"124,214,168,132",0.0,6EQE
S;S;I;Q,A;T;R;D,"124,214,168,127",0.0,6EQE
S;S;I;A,A;T;R;Y,"124,214,168,215",0.0,6EQE
S;S;I;L,A;T;R;K,"124,214,168,249",0.0,6EQE
S;S;I;R,A;T;R;Y,"124,214,168,123",0.0,6EQE
S;S;I;F,A;T;R;W,"124,214,168,271",0.0,6EQE
S;S;I;S,A;T;R;D,"124,214,168,58",0.0,6EQE
S;S;I;N,A;T;R;I,"124,214,168,37",0.0,6EQE
S;S;I;C,A;T;R;D,"124,214,168,289",0.0,6EQE
S;S;I;A,A;T;R;P,"124,214,168,152",0.0,6EQE
S;S;I;D,A;T;R;V,"124,214,168,186",0.0,6EQE
S;S;I;G,A;T;R;P,"124,214,168,243",0.0,6EQE
S;S;I;S,A;T;R;E,"124,214,168,115",0.0,6EQE
S;S;I;L,A;T;R;Q,"124,214,168,216",0.0,6EQE
S;S;I;N,A;T;R;P,"124,214,168,277",0.0,6EQE
S;S;I;R,A;T;R;Q,"124,214,168,132",0.0,6EQE
S;S;I;N,A;T;R;Y,"124,214,168,244",0.0,6EQE
S;S;I;H,A;T;R;T,"124,214,168,104",0.0,6EQE
S;S;I;S,A;T;R;V,"124,214,168,58",0.0,6EQE
S;S;I;H,A;T;R;L,"124,214,168,104",0.0,6EQE
S;S;I;P,A;T;R;Q,"124,214,168,38",0.0,6EQE
S;S;I;R,A;T;R;L,"124,214,168,53",0.0,6EQE
S;S;I;A,A;T;R;T,"124,214,168,180",0.0,6EQE
S;S;I;P,A;T;R;D,"124,214,168,197",0.0,6EQE
S;S;I;T,A;T;R;V,"124,214,168,198",0.0,6EQE
S;S;I;A,A;T;R;M,"124,214,168,135",0.0,6EQE
S;S;I;I,A;T;R;L,"124,214,168,111",0.0,6EQE
S;S;I;G,A;T;R;S,"124,214,168,243",0.0,6EQE
S;S;I;Q,A;T;R;L,"124,214,168,127",0.0,6EQE
S;S;I;Q,A;T;R;H,"124,214,168,127",0.0,6EQE
S;S;I;W,A;T;R;I,"124,214,168,159",0.0,6EQE
S;S;I;Q,A;T;R;P,"124,214,168,127",0.0,6EQE
S;S;I;S,A;T;R;N,"124,214,168,103",0.0,6EQE
S;S;I;A,A;T;R;Y,"124,214,168,179",0.0,6EQE
S;S;I;W,A;T;R;K,"124,214,168,257",0.0,6EQE
S;S;I;L,A;T;R;M,"124,214,168,216",0.0,6EQE
S;S;I;Q,A;T;R;E,"124,214,168,127",0.0,6EQE
S;S;I;G,A;T;R;A,"124,214,168,243",0.0,6EQE
S;S;I;A,A;T;R;N,"124,214,168,226",0.0,6EQE
S;S;I;L,A;T;R;I,"124,214,168,216",0.0,6EQE
S;S;I;C,A;T;R;L,"124,214,168,289",0.0,6EQE
S;S;I;S,A;T;R;E,"124,214,168,207",0.0,6EQE
S;S;I;M,A;T;R;L,"124,214,168,154",0.0,6EQE
S;S;I;M,A;T;R;P,"124,214,168,222",0.0,6EQE
S;S;I;G,A;T;R;T,"124,214,168,251",0.0,6EQE
S;S;I;P,A;T;R;L,"124,214,168,38",0.0,6EQE
S;S;I;L,A;T;R;W,"124,214,168,216",0.0,6EQE
S;S;I;T,A;T;R;L,"124,214,168,72",0.0,6EQE
S;S;I;S,A;T;R;P,"124,214,168,245",0.0,6EQE
S;S;I;I,A;T;R;W,"124,214,168,111",0.0,6EQE
S;S;I;L,A;T;R;D,"124,214,168,249",0.0,6EQE
S;S;I;E,A;T;R;K,"124,214,168,231",0.0,6EQE
S;S;I;D,A;T;R;K,"124,214,168,263",0.0,6EQE
S;S;I;T,A;T;R;M,"124,214,168,51",0.0,6EQE
S;S;I;L,A;T;R;E,"124,214,168,216",0.0,6EQE
S;S;I;S,A;T;R;T,"124,214,168,121",0.0,6EQE
S;S;I;I,A;T;R;H,"124,214,168,145",0.0,6EQE
S;S;I;I,A;T;R;L,"124,214,168,145",0.0,6EQE
S;S;I;H,A;T;R;M,"124,214,168,104",0.0,6EQE
S;S;I;R,A;T;R;P,"124,214,168,280",0.0,6EQE
S;S;I;L,A;T;R;F,"124,214,168,216",0.0,6EQE
S;S;I;S,A;T;R;D,"124,214,168,103",0.0,6EQE
S;S;I;I,A;T;R;V,"124,214,168,200",0.0,6EQE
S;S;I;T,A;T;R;K,"124,214,168,88",0.0,6EQE
S;S;I;N,A;T;R;K,"124,214,168,138",0.0,6EQE
S;S;I;A,A;T;R;L,"124,214,168,65",0.0,6EQE
S;S;I;Q,A;T;R;T,"124,214,168,91",0.0,6EQE
S;S;I;G,A;T;R;D,"124,214,168,163",0.0,6EQE
S;S;I;A,A;T;R;M,"124,214,168,65",0.0,6EQE
S;S;I;K,A;T;R;L,"124,214,168,252",0.0,6EQE
S;S;I;V,A;T;R;D,"124,214,168,57",0.0,6EQE
S;S;I;Q,A;T;R;V,"124,214,168,127",0.0,6EQE
S;S;I;V,A;T;R;C,"124,214,168,281",0.0,6EQE
S;S;I;T,A;T;R;V,"124,214,168,72",0.0,6EQE
S;S;I;Q,A;T;R;N,"124,214,168,133",0.0,6EQE
S;S;I;R,A;T;R;K,"124,214,168,53",0.0,6EQE
S;S;I;S,A;T;R;P,"124,214,168,125",0.0,6EQE
S;S;I;T,A;T;R;Q,"124,214,168,88",0.0,6EQE
S;S;I;N,A;T;R;L,"124,214,168,138",0.0,6EQE
S;S;I;H,A;T;R;R,"124,214,168,104",0.0,6EQE
S;S;I;W,A;T;R;P,"124,214,168,159",0.0,6EQE
S;S;I;S,A;T;R;Y,"124,214,168,242",0.0,6EQE
S;S;I;A,A;T;R;F,"124,214,168,65",0.0,6EQE
S;S;I;G,A;T;R;H,"124,214,168,251",0.0,6EQE
S;S;I;L,A;T;R;P,"124,214,168,216",0.0,6EQE
S;S;I;S,A;T;R;W,"124,214,168,58",0.0,6EQE
S;S;I;A,A;T;R;E,"124,214,168,152",0.0,6EQE
S;S;I;T,A;T;R;N,"124,214,168,88",0.0,6EQE
S;S;I;T,A;T;R;N,"124,214,168,198",0.0,6EQE
S;S;I;S,A;T;R;K,"124,214,168,58",0.0,6EQE
S;S;I;L,A;T;R;C,"124,214,168,249",0.0,6EQE
S;S;I;N,A;T;R;T,"124,214,168,190",0.0,6EQE
S;S;I;S,A;T;R;V,"124,214,168,223",0.0,6EQE
S;S;I;A,A;T;R;W,"124,214,168,65",0.0,6EQE
S;S;I;K,A;T;R;Y,"124,214,168,253",0.0,6EQE
S;S;I;R,A;T;R;S,"124,214,168,90",0.0,6EQE
S;S;I;T,A;T;R;M,"124,214,168,29",0.0,6EQE
S;S;I;M,A;T;R;L,"124,214,168,262",0.0,6EQE
S;S;I;A,A;T;R;L,"124,214,168,272",0.0,6EQE
S;S;I;R,A;T;R;N,"124,214,168,90",0.0,6EQE
S;S;I;R,A;T;R;T,"124,214,168,90",0.0,6EQE
S;S;I;G,A;T;R;T,"124,214,168,254",0.0,6EQE
S;S;I;R,A;T;R;P,"124,214,168,90",0.0,6EQE
S;S;I;N,A;T;R;Y,"124,214,168,37",0.0,6EQE
S;S;I;Q,A;T;R;I,"124,214,168,182",0.0,6EQE
S;S;I;R,A;T;R;A,"124,214,168,90",0.0,6EQE
S;S;I;K,A;T;R;F,"124,214,168,253",0.0,6EQE
S;S;I;Y,A;T;R;S,"124,214,168,63",0.0,6EQE
S;S;I;Q,A;T;R;M,"124,214,168,127",0.0,6EQE
S;S;I;Q,A;T;R;L,"124,214,168,182",0.0,6EQE
S;S;I;K,A;T;R;A,"124,214,168,253",0.0,6EQE
S;S;I;K,A;T;R;V,"124,214,168,253",0.0,6EQE
S;S;I;Q,A;T;R;F,"124,214,168,182",0.0,6EQE
S;S;I;R,A;T;R;D,"124,214,168,90",0.0,6EQE
S;S;I;Q,A;T;R;A,"124,214,168,127",0.0,6EQE
S;S;I;Y,A;T;R;T,"124,214,168,63",0.0,6EQE
S;S;I;Q,A;T;R;V,"124,214,168,182",0.0,6EQE
S;S;I;K,A;T;R;L,"124,214,168,253",0.0,6EQE
S;S;I;C,A;T;R;S,"124,214,168,289",0.0,6EQE
S;S;I;Y,A;T;R;G,"124,214,168,63",0.0,6EQE
S;S;I;M,A;T;R;V,"124,214,168,154",0.0,6EQE
S;S;I;Q,A;T;R;T,"124,214,168,127",0.0,6EQE
S;S;I;A,A;T;R;D,"124,214,168,226",0.0,6EQE
S;S;I;C,A;T;R;A,"124,214,168,289",0.0,6EQE
S;S;I;R,A;T;R;Q,"124,214,168,224",0.0,6EQE
S;S;I;N,A;T;R;K,"124,214,168,233",0.0,6EQE
S;S;I;S,A;T;R;E,"124,214,168,136",0.0,6EQE
S;S;I;D,A;T;R;N,"124,214,168,186",0.0,6EQE
S;S;I;R,A;T;R;A,"124,214,168,280",0.0,6EQE
S;S;I;S,A;T;R;F,"124,214,168,238",0.0,6EQE
S;S;I;S,A;T;R;Q,"124,214,168,188",0.0,6EQE
S;S;I;L,A;T;R;F,"124,214,168,117",0.0,6EQE
S;S;I;Q,A;T;R;Y,"124,214,168,119",0.0,6EQE
S;S;I;G,A;T;R;A,"124,214,168,165",0.0,6EQE
S;S;I;S,A;T;R;E,"124,214,168,121",0.0,6EQE
S;S;I;N,A;T;R;H,"124,214,168,205",0.0,6EQE
S;S;I;S,A;T;R;Y,"124,214,168,269",0.0,6EQE
S;S;I;I,A;T;R;R,"124,214,168,218",0.0,6EQE
S;S;I;P,A;T;R;K,"124,214,168,120",0.0,6EQE
S;S;I;M,A;T;R;H,"124,214,168,161",0.0,6EQE
S;S;I;N,A;T;R;K,"124,214,168,114",0.0,6EQE
S;S;I;P,A;T;R;V,"124,214,168,184",0.0,6EQE
S;S;I;W,A;T;R;P,"124,214,168,185",0.0,6EQE
S;S;I;S,A;T;R;H,"124,214,168,187",0.0,6EQE
S;S;I;S,A;T;R;P,"124,214,168,188",0.0,6EQE
S;S;I;T,A;T;R;Y,"124,214,168,189",0.0,6EQE
S;S;I;F,A;T;R;M,"124,214,168,191",0.0,6EQE
T;T;I;S,L;Y;R;N,"72,189,168,124",0.0,6EQE
T;T;I;G,L;Y;R;Q,"72,189,168,243",0.0,6EQE
T;T;I;G,L;Y;R;L,"72,189,168,243",0.0,6EQE
T;T;I;T,L;Y;R;E,"72,189,168,270",0.0,6EQE
T;T;I;R,L;Y;R;V,"72,189,168,34",0.0,6EQE
T;T;I;G,L;Y;R;K,"72,189,168,243",0.0,6EQE
T;T;I;D,L;Y;R;Q,"72,189,168,220",0.0,6EQE
T;T;I;S,L;Y;R;K,"72,189,168,124",0.0,6EQE
T;T;I;F,L;Y;R;E,"72,189,168,271",0.0,6EQE
T;T;I;G,L;Y;R;Q,"72,189,168,164",0.0,6EQE
T;T;I;A,L;Y;R;D,"72,189,168,130",0.0,6EQE
T;T;I;W,L;Y;R;C,"72,189,168,257",0.0,6EQE
T;T;I;Q,L;Y;R;N,"72,189,168,127",0.0,6EQE
T;T;I;Q,L;Y;R;R,"72,189,168,127",0.0,6EQE
T;T;I;S,L;Y;R;M,"72,189,168,238",0.0,6EQE
T;T;I;F,L;Y;R;M,"72,189,168,271",0.0,6EQE
T;T;I;S,L;Y;R;A,"72,189,168,124",0.0,6EQE
T;T;I;G,L;Y;R;I,"72,189,168,243",0.0,6EQE
T;T;I;Q,L;Y;R;I,"72,189,168,127",0.0,6EQE
T;T;I;A,L;Y;R;V,"72,189,168,65",0.0,6EQE
T;T;I;Q,L;Y;R;E,"72,189,168,133",0.0,6EQE
T;T;I;S,L;Y;R;T,"72,189,168,124",0.0,6EQE
T;T;I;Q,L;Y;R;K,"72,189,168,127",0.0,6EQE
T;T;I;Q,L;Y;R;W,"72,189,168,133",0.0,6EQE
T;T;I;D,L;Y;R;L,"72,189,168,220",0.0,6EQE
T;T;I;T,L;Y;R;D,"72,189,168,88",0.0,6EQE
T;T;I;R,L;Y;R;N,"72,189,168,132",0.0,6EQE
T;T;I;Q,L;Y;R;D,"72,189,168,127",0.0,6EQE
T;T;I;A,L;Y;R;Y,"72,189,168,215",0.0,6EQE
T;T;I;L,L;Y;R;K,"72,189,168,249",0.0,6EQE
T;T;I;R,L;Y;R;Y,"72,189,168,123",0.0,6EQE
T;T;I;F,L;Y;R;W,"72,189,168,271",0.0,6EQE
T;T;I;S,L;Y;R;D,"72,189,168,58",0.0,6EQE
T;T;I;N,L;Y;R;I,"72,189,168,37",0.0,6EQE
T;T;I;C,L;Y;R;D,"72,189,168,289",0.0,6EQE
T;T;I;A,L;Y;R;P,"72,189,168,152",0.0,6EQE
T;T;I;D,L;Y;R;V,"72,189,168,186",0.0,6EQE
T;T;I;G,L;Y;R;P,"72,189,168,243",0.0,6EQE
T;T;I;S,L;Y;R;E,"72,189,168,115",0.0,6EQE
T;T;I;L,L;Y;R;Q,"72,189,168,216",0.0,6EQE
T;T;I;N,L;Y;R;P,"72,189,168,277",0.0,6EQE
T;T;I;R,L;Y;R;Q,"72,189,168,132",0.0,6EQE
T;T;I;N,L;Y;R;Y,"72,189,168,244",0.0,6EQE
T;T;I;H,L;Y;R;T,"72,189,168,104",0.0,6EQE
T;T;I;S,L;Y;R;V,"72,189,168,58",0.0,6EQE
T;T;I;H,L;Y;R;L,"72,189,168,104",0.0,6EQE
T;T;I;P,L;Y;R;Q,"72,189,168,38",0.0,6EQE
T;T;I;R,L;Y;R;L,"72,189,168,53",0.0,6EQE
T;T;I;A,L;Y;R;T,"72,189,168,180",0.0,6EQE
T;T;I;P,L;Y;R;D,"72,189,168,197",0.0,6EQE
T;T;I;T,L;Y;R;V,"72,189,168,198",0.0,6EQE
T;T;I;A,L;Y;R;M,"72,189,168,135",0.0,6EQE
T;T;I;I,L;Y;R;L,"72,189,168,111",0.0,6EQE
T;T;I;G,L;Y;R;S,"72,189,168,243",0.0,6EQE
T;T;I;Q,L;Y;R;L,"72,189,168,127",0.0,6EQE
T;T;I;Q,L;Y;R;H,"72,189,168,127",0.0,6EQE
T;T;I;W,L;Y;R;I,"72,189,168,159",0.0,6EQE
T;T;I;Q,L;Y;R;P,"72,189,168,127",0.0,6EQE
T;T;I;S,L;Y;R;N,"72,189,168,103",0.0,6EQE
T;T;I;A,L;Y;R;Y,"72,189,168,179",0.0,6EQE
T;T;I;W,L;Y;R;K,"72,189,168,257",0.0,6EQE
T;T;I;L,L;Y;R;M,"72,189,168,216",0.0,6EQE
T;T;I;Q,L;Y;R;E,"72,189,168,127",0.0,6EQE
T;T;I;G,L;Y;R;A,"72,189,168,243",0.0,6EQE
T;T;I;A,L;Y;R;N,"72,189,168,226",0.0,6EQE
T;T;I;L,L;Y;R;I,"72,189,168,216",0.0,6EQE
T;T;I;C,L;Y;R;L,"72,189,168,289",0.0,6EQE
T;T;I;S,L;Y;R;E,"72,189,168,207",0.0,6EQE
T;T;I;M,L;Y;R;L,"72,189,168,154",0.0,6EQE
T;T;I;M,L;Y;R;P,"72,189,168,222",0.0,6EQE
T;T;I;G,L;Y;R;T,"72,189,168,251",0.0,6EQE
T;T;I;P,L;Y;R;L,"72,189,168,38",0.0,6EQE
T;T;I;L,L;Y;R;W,"72,189,168,216",0.0,6EQE
T;T;I;S,L;Y;R;P,"72,189,168,245",0.0,6EQE
T;T;I;I,L;Y;R;W,"72,189,168,111",0.0,6EQE
T;T;I;L,L;Y;R;D,"72,189,168,249",0.0,6EQE
T;T;I;E,L;Y;R;K,"72,189,168,231",0.0,6EQE
T;T;I;D,L;Y;R;K,"72,189,168,263",0.0,6EQE
T;T;I;T,L;Y;R;M,"72,189,168,51",0.0,6EQE
T;T;I;L,L;Y;R;E,"72,189,168,216",0.0,6EQE
T;T;I;S,L;Y;R;T,"72,189,168,121",0.0,6EQE
T;T;I;I,L;Y;R;H,"72,189,168,145",0.0,6EQE
T;T;I;I,L;Y;R;L,"72,189,168,145",0.0,6EQE
T;T;I;H,L;Y;R;M,"72,189,168,104",0.0,6EQE
T;T;I;R,L;Y;R;P,"72,189,168,280",0.0,6EQE
T;T;I;L,L;Y;R;F,"72,189,168,216",0.0,6EQE
T;T;I;S,L;Y;R;D,"72,189,168,103",0.0,6EQE
T;T;I;I,L;Y;R;V,"72,189,168,200",0.0,6EQE
T;T;I;T,L;Y;R;K,"72,189,168,88",0.0,6EQE
T;T;I;N,L;Y;R;K,"72,189,168,138",0.0,6EQE
T;T;I;A,L;Y;R;L,"72,189,168,65",0.0,6EQE
T;T;I;Q,L;Y;R;T,"72,189,168,91",0.0,6EQE
T;T;I;G,L;Y;R;D,"72,189,168,163",0.0,6EQE
T;T;I;A,L;Y;R;M,"72,189,168,65",0.0,6EQE
T;T;I;K,L;Y;R;L,"72,189,168,252",0.0,6EQE
T;T;I;V,L;Y;R;D,"72,189,168,57",0.0,6EQE
T;T;I;Q,L;Y;R;V,"72,189,168,127",0.0,6EQE
T;T;I;V,L;Y;R;C,"72,189,168,281",0.0,6EQE
T;T;I;Q,L;Y;R;N,"72,189,168,133",0.0,6EQE
T;T;I;R,L;Y;R;K,"72,189,168,53",0.0,6EQE
T;T;I;S,L;Y;R;P,"72,189,168,125",0.0,6EQE
T;T;I;T,L;Y;R;Q,"72,189,168,88",0.0,6EQE
T;T;I;N,L;Y;R;L,"72,189,168,138",0.0,6EQE
T;T;I;H,L;Y;R;R,"72,189,168,104",0.0,6EQE
T;T;I;W,L;Y;R;P,"72,189,168,159",0.0,6EQE
T;T;I;S,L;Y;R;Y,"72,189,168,242",0.0,6EQE
T;T;I;A,L;Y;R;F,"72,189,168,65",0.0,6EQE
T;T;I;G,L;Y;R;H,"72,189,168,251",0.0,6EQE
T;T;I;L,L;Y;R;P,"72,189,168,216",0.0,6EQE
T;T;I;S,L;Y;R;W,"72,189,168,58",0.0,6EQE
T;T;I;A,L;Y;R;E,"72,189,168,152",0.0,6EQE
T;T;I;T,L;Y;R;N,"72,189,168,88",0.0,6EQE
T;T;I;T,L;Y;R;N,"72,189,168,198",0.0,6EQE
T;T;I;S,L;Y;R;K,"72,189,168,58",0.0,6EQE
T;T;I;L,L;Y;R;C,"72,189,168,249",0.0,6EQE
T;T;I;N,L;Y;R;T,"72,189,168,190",0.0,6EQE
T;T;I;S,L;Y;R;V,"72,189,168,223",0.0,6EQE
T;T;I;A,L;Y;R;W,"72,189,168,65",0.0,6EQE
T;T;I;K,L;Y;R;Y,"72,189,168,253",0.0,6EQE
T;T;I;R,L;Y;R;S,"72,189,168,90",0.0,6EQE
T;T;I;T,L;Y;R;M,"72,189,168,29",0.0,6EQE
T;T;I;M,L;Y;R;L,"72,189,168,262",0.0,6EQE
T;T;I;A,L;Y;R;L,"72,189,168,272",0.0,6EQE
T;T;I;R,L;Y;R;N,"72,189,168,90",0.0,6EQE
T;T;I;R,L;Y;R;T,"72,189,168,90",0.0,6EQE
T;T;I;G,L;Y;R;T,"72,189,168,254",0.0,6EQE
T;T;I;R,L;Y;R;P,"72,189,168,90",0.0,6EQE
T;T;I;N,L;Y;R;Y,"72,189,168,37",0.0,6EQE
T;T;I;Q,L;Y;R;I,"72,189,168,182",0.0,6EQE
T;T;I;R,L;Y;R;A,"72,189,168,90",0.0,6EQE
T;T;I;K,L;Y;R;F,"72,189,168,253",0.0,6EQE
T;T;I;Y,L;Y;R;S,"72,189,168,63",0.0,6EQE
T;T;I;Q,L;Y;R;M,"72,189,168,127",0.0,6EQE
T;T;I;Q,L;Y;R;L,"72,189,168,182",0.0,6EQE
T;T;I;K,L;Y;R;A,"72,189,168,253",0.0,6EQE
T;T;I;K,L;Y;R;V,"72,189,168,253",0.0,6EQE
T;T;I;Q,L;Y;R;F,"72,189,168,182",0.0,6EQE
T;T;I;R,L;Y;R;D,"72,189,168,90",0.0,6EQE
T;T;I;Q,L;Y;R;A,"72,189,168,127",0.0,6EQE
T;T;I;Y,L;Y;R;T,"72,189,168,63",0.0,6EQE
T;T;I;Q,L;Y;R;V,"72,189,168,182",0.0,6EQE
T;T;I;K,L;Y;R;L,"72,189,168,253",0.0,6EQE
T;T;I;C,L;Y;R;S,"72,189,168,289",0.0,6EQE
T;T;I;Y,L;Y;R;G,"72,189,168,63",0.0,6EQE
T;T;I;M,L;Y;R;V,"72,189,168,154",0.0,6EQE
T;T;I;Q,L;Y;R;T,"72,189,168,127",0.0,6EQE
T;T;I;A,L;Y;R;D,"72,189,168,226",0.0,6EQE
T;T;I;C,L;Y;R;A,"72,189,168,289",0.0,6EQE
T;T;I;R,L;Y;R;Q,"72,189,168,224",0.0,6EQE
T;T;I;N,L;Y;R;K,"72,189,168,233",0.0,6EQE
T;T;I;S,L;Y;R;E,"72,189,168,136",0.0,6EQE
T;T;I;D,L;Y;R;N,"72,189,168,186",0.0,6EQE
T;T;I;R,L;Y;R;A,"72,189,168,280",0.0,6EQE
T;T;I;S,L;Y;R;F,"72,189,168,238",0.0,6EQE
T;T;I;S,L;Y;R;Q,"72,189,168,188",0.0,6EQE
T;T;I;S,L;Y;R;H,"72,189,168,214",0.0,6EQE
T;T;I;L,L;Y;R;F,"72,189,168,117",0.0,6EQE
T;T;I;Q,L;Y;R;Y,"72,189,168,119",0.0,6EQE
T;T;I;G,L;Y;R;A,"72,189,168,165",0.0,6EQE
T;T;I;S,L;Y;R;E,"72,189,168,121",0.0,6EQE
T;T;I;N,L;Y;R;H,"72,189,168,205",0.0,6EQE
T;T;I;S,L;Y;R;Y,"72,189,168,269",0.0,6EQE
T;T;I;S,L;Y;R;T,"72,189,168,214",0.0,6EQE
T;T;I;I,L;Y;R;R,"72,189,168,218",0.0,6EQE
T;T;I;P,L;Y;R;K,"72,189,168,120",0.0,6EQE
T;T;I;M,L;Y;R;H,"72,189,168,161",0.0,6EQE
T;T;I;N,L;Y;R;K,"72,189,168,114",0.0,6EQE
T;T;I;P,L;Y;R;V,"72,189,168,184",0.0,6EQE
T;T;I;W,L;Y;R;P,"72,189,168,185",0.0,6EQE
T;T;I;S,L;Y;R;H,"72,189,168,187",0.0,6EQE
T;T;I;S,L;Y;R;P,"72,189,168,188",0.0,6EQE
T;T;I;F,L;Y;R;M,"72,189,168,191",0.0,6EQE
T;N;D;S,E;K;L;N,"270,114,220,124",0.0,6EQE
T;N;D;G,E;K;L;Q,"270,114,220,243",0.0,6EQE
T;N;D;G,E;K;L;L,"270,114,220,243",0.0,6EQE
T;N;D;R,E;K;L;V,"270,114,220,34",0.0,6EQE
T;N;D;G,E;K;L;K,"270,114,220,243",0.0,6EQE
T;N;D;S,E;K;L;K,"270,114,220,124",0.0,6EQE
T;N;D;F,E;K;L;E,"270,114,220,271",0.0,6EQE
T;N;D;G,E;K;L;Q,"270,114,220,164",0.0,6EQE
T;N;D;A,E;K;L;D,"270,114,220,130",0.0,6EQE
T;N;D;W,E;K;L;C,"270,114,220,257",0.0,6EQE
T;N;D;Q,E;K;L;N,"270,114,220,127",0.0,6EQE
T;N;D;Q,E;K;L;R,"270,114,220,127",0.0,6EQE
T;N;D;S,E;K;L;M,"270,114,220,238",0.0,6EQE
T;N;D;F,E;K;L;M,"270,114,220,271",0.0,6EQE
T;N;D;S,E;K;L;A,"270,114,220,124",0.0,6EQE
T;N;D;G,E;K;L;I,"270,114,220,243",0.0,6EQE
T;N;D;Q,E;K;L;I,"270,114,220,127",0.0,6EQE
T;N;D;A,E;K;L;V,"270,114,220,65",0.0,6EQE
T;N;D;Q,E;K;L;E,"270,114,220,133",0.0,6EQE
T;N;D;S,E;K;L;T,"270,114,220,124",0.0,6EQE
T;N;D;Q,E;K;L;K,"270,114,220,127",0.0,6EQE
T;N;D;Q,E;K;L;W,"270,114,220,133",0.0,6EQE
T;N;D;T,E;K;L;D,"270,114,220,88",0.0,6EQE
T;N;D;R,E;K;L;N,"270,114,220,132",0.0,6EQE
T;N;D;Q,E;K;L;D,"270,114,220,127",0.0,6EQE
T;N;D;A,E;K;L;Y,"270,114,220,215",0.0,6EQE
T;N;D;L,E;K;L;K,"270,114,220,249",0.0,6EQE
T;N;D;R,E;K;L;Y,"270,114,220,123",0.0,6EQE
T;N;D;F,E;K;L;W,"270,114,220,271",0.0,6EQE
T;N;D;S,E;K;L;D,"270,114,220,58",0.0,6EQE
T;N;D;N,E;K;L;I,"270,114,220,37",0.0,6EQE
T;N;D;C,E;K;L;D,"270,114,220,289",0.0,6EQE
T;N;D;A,E;K;L;P,"270,114,220,152",0.0,6EQE
T;N;D;D,E;K;L;V,"270,114,220,186",0.0,6EQE
T;N;D;G,E;K;L;P,"270,114,220,243",0.0,6EQE
T;N;D;S,E;K;L;E,"270,114,220,115",0.0,6EQE
T;N;D;L,E;K;L;Q,"270,114,220,216",0.0,6EQE
T;N;D;N,E;K;L;P,"270,114,220,277",0.0,6EQE
T;N;D;R,E;K;L;Q,"270,114,220,132",0.0,6EQE
T;N;D;N,E;K;L;Y,"270,114,220,244",0.0,6EQE
T;N;D;H,E;K;L;T,"270,114,220,104",0.0,6EQE
T;N;D;S,E;K;L;V,"270,114,220,58",0.0,6EQE
T;N;D;H,E;K;L;L,"270,114,220,104",0.0,6EQE
T;N;D;P,E;K;L;Q,"270,114,220,38",0.0,6EQE
T;N;D;R,E;K;L;L,"270,114,220,53",0.0,6EQE
T;N;D;A,E;K;L;T,"270,114,220,180",0.0,6EQE
T;N;D;P,E;K;L;D,"270,114,220,197",0.0,6EQE
T;N;D;T,E;K;L;V,"270,114,220,198",0.0,6EQE
T;N;D;A,E;K;L;M,"270,114,220,135",0.0,6EQE
T;N;D;I,E;K;L;L,"270,114,220,111",0.0,6EQE
T;N;D;G,E;K;L;S,"270,114,220,243",0.0,6EQE
T;N;D;Q,E;K;L;L,"270,114,220,127",0.0,6EQE
T;N;D;Q,E;K;L;H,"270,114,220,127",0.0,6EQE
T;N;D;W,E;K;L;I,"270,114,220,159",0.0,6EQE
T;N;D;Q,E;K;L;P,"270,114,220,127",0.0,6EQE
T;N;D;S,E;K;L;N,"270,114,220,103",0.0,6EQE
T;N;D;A,E;K;L;Y,"270,114,220,179",0.0,6EQE
T;N;D;W,E;K;L;K,"270,114,220,257",0.0,6EQE
T;N;D;L,E;K;L;M,"270,114,220,216",0.0,6EQE
T;N;D;Q,E;K;L;E,"270,114,220,127",0.0,6EQE
T;N;D;G,E;K;L;A,"270,114,220,243",0.0,6EQE
T;N;D;A,E;K;L;N,"270,114,220,226",0.0,6EQE
T;N;D;L,E;K;L;I,"270,114,220,216",0.0,6EQE
T;N;D;C,E;K;L;L,"270,114,220,289",0.0,6EQE
T;N;D;S,E;K;L;E,"270,114,220,207",0.0,6EQE
T;N;D;M,E;K;L;L,"270,114,220,154",0.0,6EQE
T;N;D;M,E;K;L;P,"270,114,220,222",0.0,6EQE
T;N;D;G,E;K;L;T,"270,114,220,251",0.0,6EQE
T;N;D;P,E;K;L;L,"270,114,220,38",0.0,6EQE
T;N;D;L,E;K;L;W,"270,114,220,216",0.0,6EQE
T;N;D;T,E;K;L;L,"270,114,220,72",0.0,6EQE
T;N;D;S,E;K;L;P,"270,114,220,245",0.0,6EQE
T;N;D;I,E;K;L;W,"270,114,220,111",0.0,6EQE
T;N;D;L,E;K;L;D,"270,114,220,249",0.0,6EQE
T;N;D;E,E;K;L;K,"270,114,220,231",0.0,6EQE
T;N;D;D,E;K;L;K,"270,114,220,263",0.0,6EQE
T;N;D;T,E;K;L;M,"270,114,220,51",0.0,6EQE
T;N;D;L,E;K;L;E,"270,114,220,216",0.0,6EQE
T;N;D;S,E;K;L;T,"270,114,220,121",0.0,6EQE
T;N;D;I,E;K;L;H,"270,114,220,145",0.0,6EQE
T;N;D;I,E;K;L;L,"270,114,220,145",0.0,6EQE
T;N;D;H,E;K;L;M,"270,114,220,104",0.0,6EQE
T;N;D;R,E;K;L;P,"270,114,220,280",0.0,6EQE
T;N;D;L,E;K;L;F,"270,114,220,216",0.0,6EQE
T;N;D;S,E;K;L;D,"270,114,220,103",0.0,6EQE
T;N;D;I,E;K;L;V,"270,114,220,200",0.0,6EQE
T;N;D;T,E;K;L;K,"270,114,220,88",0.0,6EQE
T;N;D;N,E;K;L;K,"270,114,220,138",0.0,6EQE
T;N;D;A,E;K;L;L,"270,114,220,65",0.0,6EQE
T;N;D;Q,E;K;L;T,"270,114,220,91",0.0,6EQE
T;N;D;G,E;K;L;D,"270,114,220,163",0.0,6EQE
T;N;D;A,E;K;L;M,"270,114,220,65",0.0,6EQE
T;N;D;K,E;K;L;L,"270,114,220,252",0.0,6EQE
T;N;D;V,E;K;L;D,"270,114,220,57",0.0,6EQE
T;N;D;Q,E;K;L;V,"270,114,220,127",0.0,6EQE
T;N;D;V,E;K;L;C,"270,114,220,281",0.0,6EQE
T;N;D;T,E;K;L;V,"270,114,220,72",0.0,6EQE
T;N;D;Q,E;K;L;N,"270,114,220,133",0.0,6EQE
T;N;D;R,E;K;L;K,"270,114,220,53",0.0,6EQE
T;N;D;S,E;K;L;P,"270,114,220,125",0.0,6EQE
T;N;D;T,E;K;L;Q,"270,114,220,88",0.0,6EQE
T;N;D;N,E;K;L;L,"270,114,220,138",0.0,6EQE
T;N;D;H,E;K;L;R,"270,114,220,104",0.0,6EQE
T;N;D;W,E;K;L;P,"270,114,220,159",0.0,6EQE
T;N;D;S,E;K;L;Y,"270,114,220,242",0.0,6EQE
T;N;D;A,E;K;L;F,"270,114,220,65",0.0,6EQE
T;N;D;G,E;K;L;H,"270,114,220,251",0.0,6EQE
T;N;D;L,E;K;L;P,"270,114,220,216",0.0,6EQE
T;N;D;S,E;K;L;W,"270,114,220,58",0.0,6EQE
T;N;D;A,E;K;L;E,"270,114,220,152",0.0,6EQE
T;N;D;T,E;K;L;N,"270,114,220,88",0.0,6EQE
T;N;D;T,E;K;L;N,"270,114,220,198",0.0,6EQE
T;N;D;S,E;K;L;K,"270,114,220,58",0.0,6EQE
T;N;D;L,E;K;L;C,"270,114,220,249",0.0,6EQE
T;N;D;N,E;K;L;T,"270,114,220,190",0.0,6EQE
T;N;D;S,E;K;L;V,"270,114,220,223",0.0,6EQE
T;N;D;A,E;K;L;W,"270,114,220,65",0.0,6EQE
T;N;D;K,E;K;L;Y,"270,114,220,253",0.0,6EQE
T;N;D;R,E;K;L;S,"270,114,220,90",0.0,6EQE
T;N;D;T,E;K;L;M,"270,114,220,29",0.0,6EQE
T;N;D;M,E;K;L;L,"270,114,220,262",0.0,6EQE
T;N;D;A,E;K;L;L,"270,114,220,272",0.0,6EQE
T;N;D;R,E;K;L;N,"270,114,220,90",0.0,6EQE
T;N;D;R,E;K;L;T,"270,114,220,90",0.0,6EQE
T;N;D;G,E;K;L;T,"270,114,220,254",0.0,6EQE
T;N;D;R,E;K;L;P,"270,114,220,90",0.0,6EQE
T;N;D;N,E;K;L;Y,"270,114,220,37",0.0,6EQE
T;N;D;Q,E;K;L;I,"270,114,220,182",0.0,6EQE
T;N;D;R,E;K;L;A,"270,114,220,90",0.0,6EQE
T;N;D;K,E;K;L;F,"270,114,220,253",0.0,6EQE
T;N;D;Y,E;K;L;S,"270,114,220,63",0.0,6EQE
T;N;D;Q,E;K;L;M,"270,114,220,127",0.0,6EQE
T;N;D;Q,E;K;L;L,"270,114,220,182",0.0,6EQE
T;N;D;K,E;K;L;A,"270,114,220,253",0.0,6EQE
T;N;D;K,E;K;L;V,"270,114,220,253",0.0,6EQE
T;N;D;Q,E;K;L;F,"270,114,220,182",0.0,6EQE
T;N;D;R,E;K;L;D,"270,114,220,90",0.0,6EQE
T;N;D;Q,E;K;L;A,"270,114,220,127",0.0,6EQE
T;N;D;Y,E;K;L;T,"270,114,220,63",0.0,6EQE
T;N;D;Q,E;K;L;V,"270,114,220,182",0.0,6EQE
T;N;D;K,E;K;L;L,"270,114,220,253",0.0,6EQE
T;N;D;C,E;K;L;S,"270,114,220,289",0.0,6EQE
T;N;D;Y,E;K;L;G,"270,114,220,63",0.0,6EQE
T;N;D;M,E;K;L;V,"270,114,220,154",0.0,6EQE
T;N;D;Q,E;K;L;T,"270,114,220,127",0.0,6EQE
T;N;D;A,E;K;L;D,"270,114,220,226",0.0,6EQE
T;N;D;C,E;K;L;A,"270,114,220,289",0.0,6EQE
T;N;D;R,E;K;L;Q,"270,114,220,224",0.0,6EQE
T;N;D;N,E;K;L;K,"270,114,220,233",0.0,6EQE
T;N;D;S,E;K;L;E,"270,114,220,136",0.0,6EQE
T;N;D;D,E;K;L;N,"270,114,220,186",0.0,6EQE
T;N;D;R,E;K;L;A,"270,114,220,280",0.0,6EQE
T;N;D;S,E;K;L;F,"270,114,220,238",0.0,6EQE
T;N;D;S,E;K;L;Q,"270,114,220,188",0.0,6EQE
T;N;D;S,E;K;L;H,"270,114,220,214",0.0,6EQE
T;N;D;L,E;K;L;F,"270,114,220,117",0.0,6EQE
T;N;D;Q,E;K;L;Y,"270,114,220,119",0.0,6EQE
T;N;D;G,E;K;L;A,"270,114,220,165",0.0,6EQE
T;N;D;S,E;K;L;E,"270,114,220,121",0.0,6EQE
T;N;D;I,E;K;L;R,"270,114,220,168",0.0,6EQE
T;N;D;N,E;K;L;H,"270,114,220,205",0.0,6EQE
T;N;D;S,E;K;L;Y,"270,114,220,269",0.0,6EQE
T;N;D;S,E;K;L;T,"270,114,220,214",0.0,6EQE
T;N;D;I,E;K;L;R,"270,114,220,218",0.0,6EQE
T;N;D;P,E;K;L;K,"270,114,220,120",0.0,6EQE
T;N;D;M,E;K;L;H,"270,114,220,161",0.0,6EQE
T;N;D;I,E;K;L;H,"270,114,220,168",0.0,6EQE
T;N;D;P,E;K;L;V,"270,114,220,184",0.0,6EQE
T;N;D;W,E;K;L;P,"270,114,220,185",0.0,6EQE
T;N;D;S,E;K;L;H,"270,114,220,187",0.0,6EQE
T;N;D;S,E;K;L;P,"270,114,220,188",0.0,6EQE
T;N;D;T,E;K;L;Y,"270,114,220,189",0.0,6EQE
T;N;D;F,E;K;L;M,"270,114,220,191",0.0,6EQE
T;T;T;S,L;M;E;N,"72,51,270,124",0.0,6EQE
T;T;T;G,L;M;E;Q,"72,51,270,243",0.0,6EQE
T;T;T;G,L;M;E;L,"72,51,270,243",0.0,6EQE
T;T;T;R,L;M;E;V,"72,51,270,34",0.0,6EQE
T;T;T;G,L;M;E;K,"72,51,270,243",0.0,6EQE
T;T;T;D,L;M;E;Q,"72,51,270,220",0.0,6EQE
T;T;T;S,L;M;E;K,"72,51,270,124",0.0,6EQE
T;T;T;F,L;M;E;E,"72,51,270,271",0.0,6EQE
T;T;T;G,L;M;E;Q,"72,51,270,164",0.0,6EQE
T;T;T;A,L;M;E;D,"72,51,270,130",0.0,6EQE
T;T;T;W,L;M;E;C,"72,51,270,257",0.0,6EQE
T;T;T;Q,L;M;E;N,"72,51,270,127",0.0,6EQE
T;T;T;Q,L;M;E;R,"72,51,270,127",0.0,6EQE
T;T;T;S,L;M;E;M,"72,51,270,238",0.0,6EQE
T;T;T;F,L;M;E;M,"72,51,270,271",0.0,6EQE
T;T;T;S,L;M;E;A,"72,51,270,124",0.0,6EQE
T;T;T;G,L;M;E;I,"72,51,270,243",0.0,6EQE
T;T;T;Q,L;M;E;I,"72,51,270,127",0.0,6EQE
T;T;T;A,L;M;E;V,"72,51,270,65",0.0,6EQE
T;T;T;Q,L;M;E;E,"72,51,270,133",0.0,6EQE
T;T;T;S,L;M;E;T,"72,51,270,124",0.0,6EQE
T;T;T;Q,L;M;E;K,"72,51,270,127",0.0,6EQE
T;T;T;Q,L;M;E;W,"72,51,270,133",0.0,6EQE
T;T;T;D,L;M;E;L,"72,51,270,220",0.0,6EQE
T;T;T;T,L;M;E;D,"72,51,270,88",0.0,6EQE
T;T;T;R,L;M;E;N,"72,51,270,132",0.0,6EQE
T;T;T;Q,L;M;E;D,"72,51,270,127",0.0,6EQE
T;T;T;A,L;M;E;Y,"72,51,270,215",0.0,6EQE
T;T;T;L,L;M;E;K,"72,51,270,249",0.0,6EQE
T;T;T;R,L;M;E;Y,"72,51,270,123",0.0,6EQE
T;T;T;F,L;M;E;W,"72,51,270,271",0.0,6EQE
T;T;T;S,L;M;E;D,"72,51,270,58",0.0,6EQE
T;T;T;N,L;M;E;I,"72,51,270,37",0.0,6EQE
T;T;T;C,L;M;E;D,"72,51,270,289",0.0,6EQE
T;T;T;A,L;M;E;P,"72,51,270,152",0.0,6EQE
T;T;T;D,L;M;E;V,"72,51,270,186",0.0,6EQE
T;T;T;G,L;M;E;P,"72,51,270,243",0.0,6EQE
T;T;T;S,L;M;E;E,"72,51,270,115",0.0,6EQE
T;T;T;L,L;M;E;Q,"72,51,270,216",0.0,6EQE
T;T;T;N,L;M;E;P,"72,51,270,277",0.0,6EQE
T;T;T;R,L;M;E;Q,"72,51,270,132",0.0,6EQE
T;T;T;N,L;M;E;Y,"72,51,270,244",0.0,6EQE
T;T;T;H,L;M;E;T,"72,51,270,104",0.0,6EQE
T;T;T;S,L;M;E;V,"72,51,270,58",0.0,6EQE
T;T;T;H,L;M;E;L,"72,51,270,104",0.0,6EQE
T;T;T;P,L;M;E;Q,"72,51,270,38",0.0,6EQE
T;T;T;R,L;M;E;L,"72,51,270,53",0.0,6EQE
T;T;T;A,L;M;E;T,"72,51,270,180",0.0,6EQE
T;T;T;P,L;M;E;D,"72,51,270,197",0.0,6EQE
T;T;T;T,L;M;E;V,"72,51,270,198",0.0,6EQE
T;T;T;A,L;M;E;M,"72,51,270,135",0.0,6EQE
T;T;T;I,L;M;E;L,"72,51,270,111",0.0,6EQE
T;T;T;G,L;M;E;S,"72,51,270,243",0.0,6EQE
T;T;T;Q,L;M;E;L,"72,51,270,127",0.0,6EQE
T;T;T;Q,L;M;E;H,"72,51,270,127",0.0,6EQE
T;T;T;W,L;M;E;I,"72,51,270,159",0.0,6EQE
T;T;T;Q,L;M;E;P,"72,51,270,127",0.0,6EQE
T;T;T;S,L;M;E;N,"72,51,270,103",0.0,6EQE
T;T;T;A,L;M;E;Y,"72,51,270,179",0.0,6EQE
T;T;T;W,L;M;E;K,"72,51,270,257",0.0,6EQE
T;T;T;L,L;M;E;M,"72,51,270,216",0.0,6EQE
T;T;T;Q,L;M;E;E,"72,51,270,127",0.0,6EQE
T;T;T;G,L;M;E;A,"72,51,270,243",0.0,6EQE
T;T;T;A,L;M;E;N,"72,51,270,226",0.0,6EQE
T;T;T;L,L;M;E;I,"72,51,270,216",0.0,6EQE
T;T;T;C,L;M;E;L,"72,51,270,289",0.0,6EQE
T;T;T;S,L;M;E;E,"72,51,270,207",0.0,6EQE
T;T;T;M,L;M;E;L,"72,51,270,154",0.0,6EQE
T;T;T;M,L;M;E;P,"72,51,270,222",0.0,6EQE
T;T;T;G,L;M;E;T,"72,51,270,251",0.0,6EQE
T;T;T;P,L;M;E;L,"72,51,270,38",0.0,6EQE
T;T;T;L,L;M;E;W,"72,51,270,216",0.0,6EQE
T;T;T;S,L;M;E;P,"72,51,270,245",0.0,6EQE
T;T;T;I,L;M;E;W,"72,51,270,111",0.0,6EQE
T;T;T;L,L;M;E;D,"72,51,270,249",0.0,6EQE
T;T;T;E,L;M;E;K,"72,51,270,231",0.0,6EQE
T;T;T;D,L;M;E;K,"72,51,270,263",0.0,6EQE
T;T;T;L,L;M;E;E,"72,51,270,216",0.0,6EQE
T;T;T;S,L;M;E;T,"72,51,270,121",0.0,6EQE
T;T;T;I,L;M;E;H,"72,51,270,145",0.0,6EQE
T;T;T;I,L;M;E;L,"72,51,270,145",0.0,6EQE
T;T;T;H,L;M;E;M,"72,51,270,104",0.0,6EQE
T;T;T;R,L;M;E;P,"72,51,270,280",0.0,6EQE
T;T;T;L,L;M;E;F,"72,51,270,216",0.0,6EQE
T;T;T;S,L;M;E;D,"72,51,270,103",0.0,6EQE
T;T;T;I,L;M;E;V,"72,51,270,200",0.0,6EQE
T;T;T;T,L;M;E;K,"72,51,270,88",0.0,6EQE
T;T;T;N,L;M;E;K,"72,51,270,138",0.0,6EQE
T;T;T;A,L;M;E;L,"72,51,270,65",0.0,6EQE
T;T;T;Q,L;M;E;T,"72,51,270,91",0.0,6EQE
T;T;T;G,L;M;E;D,"72,51,270,163",0.0,6EQE
T;T;T;A,L;M;E;M,"72,51,270,65",0.0,6EQE
T;T;T;K,L;M;E;L,"72,51,270,252",0.0,6EQE
T;T;T;V,L;M;E;D,"72,51,270,57",0.0,6EQE
T;T;T;Q,L;M;E;V,"72,51,270,127",0.0,6EQE
T;T;T;V,L;M;E;C,"72,51,270,281",0.0,6EQE
T;T;T;Q,L;M;E;N,"72,51,270,133",0.0,6EQE
T;T;T;R,L;M;E;K,"72,51,270,53",0.0,6EQE
T;T;T;S,L;M;E;P,"72,51,270,125",0.0,6EQE
T;T;T;T,L;M;E;Q,"72,51,270,88",0.0,6EQE
T;T;T;N,L;M;E;L,"72,51,270,138",0.0,6EQE
T;T;T;H,L;M;E;R,"72,51,270,104",0.0,6EQE
T;T;T;W,L;M;E;P,"72,51,270,159",0.0,6EQE
T;T;T;S,L;M;E;Y,"72,51,270,242",0.0,6EQE
T;T;T;A,L;M;E;F,"72,51,270,65",0.0,6EQE
T;T;T;G,L;M;E;H,"72,51,270,251",0.0,6EQE
T;T;T;L,L;M;E;P,"72,51,270,216",0.0,6EQE
T;T;T;S,L;M;E;W,"72,51,270,58",0.0,6EQE
T;T;T;A,L;M;E;E,"72,51,270,152",0.0,6EQE
T;T;T;T,L;M;E;N,"72,51,270,88",0.0,6EQE
T;T;T;T,L;M;E;N,"72,51,270,198",0.0,6EQE
T;T;T;S,L;M;E;K,"72,51,270,58",0.0,6EQE
T;T;T;L,L;M;E;C,"72,51,270,249",0.0,6EQE
T;T;T;N,L;M;E;T,"72,51,270,190",0.0,6EQE
T;T;T;S,L;M;E;V,"72,51,270,223",0.0,6EQE
T;T;T;A,L;M;E;W,"72,51,270,65",0.0,6EQE
T;T;T;K,L;M;E;Y,"72,51,270,253",0.0,6EQE
T;T;T;R,L;M;E;S,"72,51,270,90",0.0,6EQE
T;T;T;T,L;M;E;M,"72,51,270,29",0.0,6EQE
T;T;T;M,L;M;E;L,"72,51,270,262",0.0,6EQE
T;T;T;A,L;M;E;L,"72,51,270,272",0.0,6EQE
T;T;T;R,L;M;E;N,"72,51,270,90",0.0,6EQE
T;T;T;R,L;M;E;T,"72,51,270,90",0.0,6EQE
T;T;T;G,L;M;E;T,"72,51,270,254",0.0,6EQE
T;T;T;R,L;M;E;P,"72,51,270,90",0.0,6EQE
T;T;T;N,L;M;E;Y,"72,51,270,37",0.0,6EQE
T;T;T;Q,L;M;E;I,"72,51,270,182",0.0,6EQE
T;T;T;R,L;M;E;A,"72,51,270,90",0.0,6EQE
T;T;T;K,L;M;E;F,"72,51,270,253",0.0,6EQE
T;T;T;Y,L;M;E;S,"72,51,270,63",0.0,6EQE
T;T;T;Q,L;M;E;M,"72,51,270,127",0.0,6EQE
T;T;T;Q,L;M;E;L,"72,51,270,182",0.0,6EQE
T;T;T;K,L;M;E;A,"72,51,270,253",0.0,6EQE
T;T;T;K,L;M;E;V,"72,51,270,253",0.0,6EQE
T;T;T;Q,L;M;E;F,"72,51,270,182",0.0,6EQE
T;T;T;R,L;M;E;D,"72,51,270,90",0.0,6EQE
T;T;T;Q,L;M;E;A,"72,51,270,127",0.0,6EQE
T;T;T;Y,L;M;E;T,"72,51,270,63",0.0,6EQE
T;T;T;Q,L;M;E;V,"72,51,270,182",0.0,6EQE
T;T;T;K,L;M;E;L,"72,51,270,253",0.0,6EQE
T;T;T;C,L;M;E;S,"72,51,270,289",0.0,6EQE
T;T;T;Y,L;M;E;G,"72,51,270,63",0.0,6EQE
T;T;T;M,L;M;E;V,"72,51,270,154",0.0,6EQE
T;T;T;Q,L;M;E;T,"72,51,270,127",0.0,6EQE
T;T;T;A,L;M;E;D,"72,51,270,226",0.0,6EQE
T;T;T;C,L;M;E;A,"72,51,270,289",0.0,6EQE
T;T;T;R,L;M;E;Q,"72,51,270,224",0.0,6EQE
T;T;T;N,L;M;E;K,"72,51,270,233",0.0,6EQE
T;T;T;S,L;M;E;E,"72,51,270,136",0.0,6EQE
T;T;T;D,L;M;E;N,"72,51,270,186",0.0,6EQE
T;T;T;R,L;M;E;A,"72,51,270,280",0.0,6EQE
T;T;T;S,L;M;E;F,"72,51,270,238",0.0,6EQE
T;T;T;S,L;M;E;Q,"72,51,270,188",0.0,6EQE
T;T;T;S,L;M;E;H,"72,51,270,214",0.0,6EQE
T;T;T;L,L;M;E;F,"72,51,270,117",0.0,6EQE
T;T;T;Q,L;M;E;Y,"72,51,270,119",0.0,6EQE
T;T;T;G,L;M;E;A,"72,51,270,165",0.0,6EQE
T;T;T;S,L;M;E;E,"72,51,270,121",0.0,6EQE
T;T;T;I,L;M;E;R,"72,51,270,168",0.0,6EQE
T;T;T;N,L;M;E;H,"72,51,270,205",0.0,6EQE
T;T;T;S,L;M;E;Y,"72,51,270,269",0.0,6EQE
T;T;T;S,L;M;E;T,"72,51,270,214",0.0,6EQE
T;T;T;I,L;M;E;R,"72,51,270,218",0.0,6EQE
T;T;T;P,L;M;E;K,"72,51,270,120",0.0,6EQE
T;T;T;M,L;M;E;H,"72,51,270,161",0.0,6EQE
T;T;T;I,L;M;E;H,"72,51,270,168",0.0,6EQE
T;T;T;N,L;M;E;K,"72,51,270,114",0.0,6EQE
T;T;T;P,L;M;E;V,"72,51,270,184",0.0,6EQE
T;T;T;W,L;M;E;P,"72,51,270,185",0.0,6EQE
T;T;T;S,L;M;E;H,"72,51,270,187",0.0,6EQE
T;T;T;S,L;M;E;P,"72,51,270,188",0.0,6EQE
T;T;T;T,L;M;E;Y,"72,51,270,189",0.0,6EQE
T;T;T;F,L;M;E;M,"72,51,270,191",0.0,6EQE
S;T;S;G,M;Y;A;Q,"238,189,124,243",0.0,6EQE
S;T;S;G,M;Y;A;L,"238,189,124,243",0.0,6EQE
S;T;S;T,M;Y;A;E,"238,189,124,270",0.0,6EQE
S;T;S;R,M;Y;A;V,"238,189,124,34",0.0,6EQE
S;T;S;G,M;Y;A;K,"238,189,124,243",0.0,6EQE
S;T;S;D,M;Y;A;Q,"238,189,124,220",0.0,6EQE
S;T;S;F,M;Y;A;E,"238,189,124,271",0.0,6EQE
S;T;S;G,M;Y;A;Q,"238,189,124,164",0.0,6EQE
S;T;S;A,M;Y;A;D,"238,189,124,130",0.0,6EQE
S;T;S;W,M;Y;A;C,"238,189,124,257",0.0,6EQE
S;T;S;Q,M;Y;A;N,"238,189,124,127",0.0,6EQE
S;T;S;Q,M;Y;A;R,"238,189,124,127",0.0,6EQE
S;T;S;F,M;Y;A;M,"238,189,124,271",0.0,6EQE
S;T;S;G,M;Y;A;I,"238,189,124,243",0.0,6EQE
S;T;S;Q,M;Y;A;I,"238,189,124,127",0.0,6EQE
S;T;S;A,M;Y;A;V,"238,189,124,65",0.0,6EQE
S;T;S;Q,M;Y;A;E,"238,189,124,133",0.0,6EQE
S;T;S;Q,M;Y;A;K,"238,189,124,127",0.0,6EQE
S;T;S;Q,M;Y;A;W,"238,189,124,133",0.0,6EQE
S;T;S;D,M;Y;A;L,"238,189,124,220",0.0,6EQE
S;T;S;T,M;Y;A;D,"238,189,124,88",0.0,6EQE
S;T;S;R,M;Y;A;N,"238,189,124,132",0.0,6EQE
S;T;S;Q,M;Y;A;D,"238,189,124,127",0.0,6EQE
S;T;S;A,M;Y;A;Y,"238,189,124,215",0.0,6EQE
S;T;S;L,M;Y;A;K,"238,189,124,249",0.0,6EQE
S;T;S;R,M;Y;A;Y,"238,189,124,123",0.0,6EQE
S;T;S;F,M;Y;A;W,"238,189,124,271",0.0,6EQE
S;T;S;S,M;Y;A;D,"238,189,124,58",0.0,6EQE
S;T;S;N,M;Y;A;I,"238,189,124,37",0.0,6EQE
S;T;S;C,M;Y;A;D,"238,189,124,289",0.0,6EQE
S;T;S;A,M;Y;A;P,"238,189,124,152",0.0,6EQE
S;T;S;D,M;Y;A;V,"238,189,124,186",0.0,6EQE
S;T;S;G,M;Y;A;P,"238,189,124,243",0.0,6EQE
S;T;S;S,M;Y;A;E,"238,189,124,115",0.0,6EQE
S;T;S;L,M;Y;A;Q,"238,189,124,216",0.0,6EQE
S;T;S;N,M;Y;A;P,"238,189,124,277",0.0,6EQE
S;T;S;R,M;Y;A;Q,"238,189,124,132",0.0,6EQE
S;T;S;N,M;Y;A;Y,"238,189,124,244",0.0,6EQE
S;T;S;H,M;Y;A;T,"238,189,124,104",0.0,6EQE
S;T;S;S,M;Y;A;V,"238,189,124,58",0.0,6EQE
S;T;S;H,M;Y;A;L,"238,189,124,104",0.0,6EQE
S;T;S;P,M;Y;A;Q,"238,189,124,38",0.0,6EQE
S;T;S;R,M;Y;A;L,"238,189,124,53",0.0,6EQE
S;T;S;A,M;Y;A;T,"238,189,124,180",0.0,6EQE
S;T;S;P,M;Y;A;D,"238,189,124,197",0.0,6EQE
S;T;S;T,M;Y;A;V,"238,189,124,198",0.0,6EQE
S;T;S;A,M;Y;A;M,"238,189,124,135",0.0,6EQE
S;T;S;I,M;Y;A;L,"238,189,124,111",0.0,6EQE
S;T;S;G,M;Y;A;S,"238,189,124,243",0.0,6EQE
S;T;S;Q,M;Y;A;L,"238,189,124,127",0.0,6EQE
S;T;S;Q,M;Y;A;H,"238,189,124,127",0.0,6EQE
S;T;S;W,M;Y;A;I,"238,189,124,159",0.0,6EQE
S;T;S;Q,M;Y;A;P,"238,189,124,127",0.0,6EQE
S;T;S;S,M;Y;A;N,"238,189,124,103",0.0,6EQE
S;T;S;A,M;Y;A;Y,"238,189,124,179",0.0,6EQE
S;T;S;W,M;Y;A;K,"238,189,124,257",0.0,6EQE
S;T;S;L,M;Y;A;M,"238,189,124,216",0.0,6EQE
S;T;S;Q,M;Y;A;E,"238,189,124,127",0.0,6EQE
S;T;S;G,M;Y;A;A,"238,189,124,243",0.0,6EQE
S;T;S;A,M;Y;A;N,"238,189,124,226",0.0,6EQE
S;T;S;L,M;Y;A;I,"238,189,124,216",0.0,6EQE
S;T;S;C,M;Y;A;L,"238,189,124,289",0.0,6EQE
S;T;S;S,M;Y;A;E,"238,189,124,207",0.0,6EQE
S;T;S;M,M;Y;A;L,"238,189,124,154",0.0,6EQE
S;T;S;M,M;Y;A;P,"238,189,124,222",0.0,6EQE
S;T;S;G,M;Y;A;T,"238,189,124,251",0.0,6EQE
S;T;S;P,M;Y;A;L,"238,189,124,38",0.0,6EQE
S;T;S;L,M;Y;A;W,"238,189,124,216",0.0,6EQE
S;T;S;T,M;Y;A;L,"238,189,124,72",0.0,6EQE
S;T;S;S,M;Y;A;P,"238,189,124,245",0.0,6EQE
S;T;S;I,M;Y;A;W,"238,189,124,111",0.0,6EQE
S;T;S;L,M;Y;A;D,"238,189,124,249",0.0,6EQE
S;T;S;E,M;Y;A;K,"238,189,124,231",0.0,6EQE
S;T;S;D,M;Y;A;K,"238,189,124,263",0.0,6EQE
S;T;S;T,M;Y;A;M,"238,189,124,51",0.0,6EQE
S;T;S;L,M;Y;A;E,"238,189,124,216",0.0,6EQE
S;T;S;S,M;Y;A;T,"238,189,124,121",0.0,6EQE
S;T;S;I,M;Y;A;H,"238,189,124,145",0.0,6EQE
S;T;S;I,M;Y;A;L,"238,189,124,145",0.0,6EQE
S;T;S;H,M;Y;A;M,"238,189,124,104",0.0,6EQE
S;T;S;R,M;Y;A;P,"238,189,124,280",0.0,6EQE
S;T;S;L,M;Y;A;F,"238,189,124,216",0.0,6EQE
S;T;S;S,M;Y;A;D,"238,189,124,103",0.0,6EQE
S;T;S;I,M;Y;A;V,"238,189,124,200",0.0,6EQE
S;T;S;T,M;Y;A;K,"238,189,124,88",0.0,6EQE
S;T;S;N,M;Y;A;K,"238,189,124,138",0.0,6EQE
S;T;S;A,M;Y;A;L,"238,189,124,65",0.0,6EQE
S;T;S;Q,M;Y;A;T,"238,189,124,91",0.0,6EQE
S;T;S;G,M;Y;A;D,"238,189,124,163",0.0,6EQE
S;T;S;A,M;Y;A;M,"238,189,124,65",0.0,6EQE
S;T;S;K,M;Y;A;L,"238,189,124,252",0.0,6EQE
S;T;S;V,M;Y;A;D,"238,189,124,57",0.0,6EQE
S;T;S;Q,M;Y;A;V,"238,189,124,127",0.0,6EQE
S;T;S;V,M;Y;A;C,"238,189,124,281",0.0,6EQE
S;T;S;T,M;Y;A;V,"238,189,124,72",0.0,6EQE
S;T;S;Q,M;Y;A;N,"238,189,124,133",0.0,6EQE
S;T;S;R,M;Y;A;K,"238,189,124,53",0.0,6EQE
S;T;S;S,M;Y;A;P,"238,189,124,125",0.0,6EQE
S;T;S;T,M;Y;A;Q,"238,189,124,88",0.0,6EQE
S;T;S;N,M;Y;A;L,"238,189,124,138",0.0,6EQE
S;T;S;H,M;Y;A;R,"238,189,124,104",0.0,6EQE
S;T;S;W,M;Y;A;P,"238,189,124,159",0.0,6EQE
S;T;S;S,M;Y;A;Y,"238,189,124,242",0.0,6EQE
S;T;S;A,M;Y;A;F,"238,189,124,65",0.0,6EQE
S;T;S;G,M;Y;A;H,"238,189,124,251",0.0,6EQE
S;T;S;L,M;Y;A;P,"238,189,124,216",0.0,6EQE
S;T;S;S,M;Y;A;W,"238,189,124,58",0.0,6EQE
S;T;S;A,M;Y;A;E,"238,189,124,152",0.0,6EQE
S;T;S;T,M;Y;A;N,"238,189,124,88",0.0,6EQE
S;T;S;T,M;Y;A;N,"238,189,124,198",0.0,6EQE
S;T;S;S,M;Y;A;K,"238,189,124,58",0.0,6EQE
S;T;S;L,M;Y;A;C,"238,189,124,249",0.0,6EQE
S;T;S;N,M;Y;A;T,"238,189,124,190",0.0,6EQE
S;T;S;S,M;Y;A;V,"238,189,124,223",0.0,6EQE
S;T;S;A,M;Y;A;W,"238,189,124,65",0.0,6EQE
S;T;S;K,M;Y;A;Y,"238,189,124,253",0.0,6EQE
S;T;S;R,M;Y;A;S,"238,189,124,90",0.0,6EQE
S;T;S;T,M;Y;A;M,"238,189,124,29",0.0,6EQE
S;T;S;M,M;Y;A;L,"238,189,124,262",0.0,6EQE
S;T;S;A,M;Y;A;L,"238,189,124,272",0.0,6EQE
S;T;S;R,M;Y;A;N,"238,189,124,90",0.0,6EQE
S;T;S;R,M;Y;A;T,"238,189,124,90",0.0,6EQE
S;T;S;G,M;Y;A;T,"238,189,124,254",0.0,6EQE
S;T;S;R,M;Y;A;P,"238,189,124,90",0.0,6EQE
S;T;S;N,M;Y;A;Y,"238,189,124,37",0.0,6EQE
S;T;S;Q,M;Y;A;I,"238,189,124,182",0.0,6EQE
S;T;S;R,M;Y;A;A,"238,189,124,90",0.0,6EQE
S;T;S;K,M;Y;A;F,"238,189,124,253",0.0,6EQE
S;T;S;Y,M;Y;A;S,"238,189,124,63",0.0,6EQE
S;T;S;Q,M;Y;A;M,"238,189,124,127",0.0,6EQE
S;T;S;Q,M;Y;A;L,"238,189,124,182",0.0,6EQE
S;T;S;K,M;Y;A;A,"238,189,124,253",0.0,6EQE
S;T;S;K,M;Y;A;V,"238,189,124,253",0.0,6EQE
S;T;S;Q,M;Y;A;F,"238,189,124,182",0.0,6EQE
S;T;S;R,M;Y;A;D,"238,189,124,90",0.0,6EQE
S;T;S;Q,M;Y;A;A,"238,189,124,127",0.0,6EQE
S;T;S;Y,M;Y;A;T,"238,189,124,63",0.0,6EQE
S;T;S;Q,M;Y;A;V,"238,189,124,182",0.0,6EQE
S;T;S;K,M;Y;A;L,"238,189,124,253",0.0,6EQE
S;T;S;C,M;Y;A;S,"238,189,124,289",0.0,6EQE
S;T;S;Y,M;Y;A;G,"238,189,124,63",0.0,6EQE
S;T;S;M,M;Y;A;V,"238,189,124,154",0.0,6EQE
S;T;S;Q,M;Y;A;T,"238,189,124,127",0.0,6EQE
S;T;S;A,M;Y;A;D,"238,189,124,226",0.0,6EQE
S;T;S;C,M;Y;A;A,"238,189,124,289",0.0,6EQE
S;T;S;R,M;Y;A;Q,"238,189,124,224",0.0,6EQE
S;T;S;N,M;Y;A;K,"238,189,124,233",0.0,6EQE
S;T;S;S,M;Y;A;E,"238,189,124,136",0.0,6EQE
S;T;S;D,M;Y;A;N,"238,189,124,186",0.0,6EQE
S;T;S;R,M;Y;A;A,"238,189,124,280",0.0,6EQE
S;T;S;S,M;Y;A;Q,"238,189,124,188",0.0,6EQE
S;T;S;S,M;Y;A;H,"238,189,124,214",0.0,6EQE
S;T;S;L,M;Y;A;F,"238,189,124,117",0.0,6EQE
S;T;S;Q,M;Y;A;Y,"238,189,124,119",0.0,6EQE
S;T;S;G,M;Y;A;A,"238,189,124,165",0.0,6EQE
S;T;S;S,M;Y;A;E,"238,189,124,121",0.0,6EQE
S;T;S;I,M;Y;A;R,"238,189,124,168",0.0,6EQE
S;T;S;N,M;Y;A;H,"238,189,124,205",0.0,6EQE
S;T;S;S,M;Y;A;Y,"238,189,124,269",0.0,6EQE
S;T;S;S,M;Y;A;T,"238,189,124,214",0.0,6EQE
S;T;S;I,M;Y;A;R,"238,189,124,218",0.0,6EQE
S;T;S;P,M;Y;A;K,"238,189,124,120",0.0,6EQE
S;T;S;M,M;Y;A;H,"238,189,124,161",0.0,6EQE
S;T;S;I,M;Y;A;H,"238,189,124,168",0.0,6EQE
S;T;S;N,M;Y;A;K,"238,189,124,114",0.0,6EQE
S;T;S;P,M;Y;A;V,"238,189,124,184",0.0,6EQE
S;T;S;W,M;Y;A;P,"238,189,124,185",0.0,6EQE
S;T;S;S,M;Y;A;H,"238,189,124,187",0.0,6EQE
S;T;S;S,M;Y;A;P,"238,189,124,188",0.0,6EQE
S;T;S;F,M;Y;A;M,"238,189,124,191",0.0,6EQE
S;T;N;S,M;V;K;N,"238,198,114,124",0.0,6EQE
S;T;N;G,M;V;K;Q,"238,198,114,243",0.0,6EQE
S;T;N;G,M;V;K;L,"238,198,114,243",0.0,6EQE
S;T;N;T,M;V;K;E,"238,198,114,270",0.0,6EQE
S;T;N;R,M;V;K;V,"238,198,114,34",0.0,6EQE
S;T;N;G,M;V;K;K,"238,198,114,243",0.0,6EQE
S;T;N;D,M;V;K;Q,"238,198,114,220",0.0,6EQE
S;T;N;S,M;V;K;K,"238,198,114,124",0.0,6EQE
S;T;N;F,M;V;K;E,"238,198,114,271",0.0,6EQE
S;T;N;G,M;V;K;Q,"238,198,114,164",0.0,6EQE
S;T;N;A,M;V;K;D,"238,198,114,130",0.0,6EQE
S;T;N;W,M;V;K;C,"238,198,114,257",0.0,6EQE
S;T;N;Q,M;V;K;N,"238,198,114,127",0.0,6EQE
S;T;N;Q,M;V;K;R,"238,198,114,127",0.0,6EQE
S;T;N;F,M;V;K;M,"238,198,114,271",0.0,6EQE
S;T;N;S,M;V;K;A,"238,198,114,124",0.0,6EQE
S;T;N;G,M;V;K;I,"238,198,114,243",0.0,6EQE
S;T;N;Q,M;V;K;I,"238,198,114,127",0.0,6EQE
S;T;N;A,M;V;K;V,"238,198,114,65",0.0,6EQE
S;T;N;Q,M;V;K;E,"238,198,114,133",0.0,6EQE
S;T;N;S,M;V;K;T,"238,198,114,124",0.0,6EQE
S;T;N;Q,M;V;K;K,"238,198,114,127",0.0,6EQE
S;T;N;Q,M;V;K;W,"238,198,114,133",0.0,6EQE
S;T;N;D,M;V;K;L,"238,198,114,220",0.0,6EQE
S;T;N;T,M;V;K;D,"238,198,114,88",0.0,6EQE
S;T;N;R,M;V;K;N,"238,198,114,132",0.0,6EQE
S;T;N;Q,M;V;K;D,"238,198,114,127",0.0,6EQE
S;T;N;A,M;V;K;Y,"238,198,114,215",0.0,6EQE
S;T;N;L,M;V;K;K,"238,198,114,249",0.0,6EQE
S;T;N;R,M;V;K;Y,"238,198,114,123",0.0,6EQE
S;T;N;F,M;V;K;W,"238,198,114,271",0.0,6EQE
S;T;N;S,M;V;K;D,"238,198,114,58",0.0,6EQE
S;T;N;N,M;V;K;I,"238,198,114,37",0.0,6EQE
S;T;N;C,M;V;K;D,"238,198,114,289",0.0,6EQE
S;T;N;A,M;V;K;P,"238,198,114,152",0.0,6EQE
S;T;N;D,M;V;K;V,"238,198,114,186",0.0,6EQE
S;T;N;G,M;V;K;P,"238,198,114,243",0.0,6EQE
S;T;N;S,M;V;K;E,"238,198,114,115",0.0,6EQE
S;T;N;L,M;V;K;Q,"238,198,114,216",0.0,6EQE
S;T;N;N,M;V;K;P,"238,198,114,277",0.0,6EQE
S;T;N;R,M;V;K;Q,"238,198,114,132",0.0,6EQE
S;T;N;N,M;V;K;Y,"238,198,114,244",0.0,6EQE
S;T;N;H,M;V;K;T,"238,198,114,104",0.0,6EQE
S;T;N;S,M;V;K;V,"238,198,114,58",0.0,6EQE
S;T;N;H,M;V;K;L,"238,198,114,104",0.0,6EQE
S;T;N;P,M;V;K;Q,"238,198,114,38",0.0,6EQE
S;T;N;R,M;V;K;L,"238,198,114,53",0.0,6EQE
S;T;N;A,M;V;K;T,"238,198,114,180",0.0,6EQE
S;T;N;P,M;V;K;D,"238,198,114,197",0.0,6EQE
S;T;N;A,M;V;K;M,"238,198,114,135",0.0,6EQE
S;T;N;I,M;V;K;L,"238,198,114,111",0.0,6EQE
S;T;N;G,M;V;K;S,"238,198,114,243",0.0,6EQE
S;T;N;Q,M;V;K;L,"238,198,114,127",0.0,6EQE
S;T;N;Q,M;V;K;H,"238,198,114,127",0.0,6EQE
S;T;N;W,M;V;K;I,"238,198,114,159",0.0,6EQE
S;T;N;Q,M;V;K;P,"238,198,114,127",0.0,6EQE
S;T;N;S,M;V;K;N,"238,198,114,103",0.0,6EQE
S;T;N;A,M;V;K;Y,"238,198,114,179",0.0,6EQE
S;T;N;W,M;V;K;K,"238,198,114,257",0.0,6EQE
S;T;N;L,M;V;K;M,"238,198,114,216",0.0,6EQE
S;T;N;Q,M;V;K;E,"238,198,114,127",0.0,6EQE
S;T;N;G,M;V;K;A,"238,198,114,243",0.0,6EQE
S;T;N;A,M;V;K;N,"238,198,114,226",0.0,6EQE
S;T;N;L,M;V;K;I,"238,198,114,216",0.0,6EQE
S;T;N;C,M;V;K;L,"238,198,114,289",0.0,6EQE
S;T;N;S,M;V;K;E,"238,198,114,207",0.0,6EQE
S;T;N;M,M;V;K;L,"238,198,114,154",0.0,6EQE
S;T;N;M,M;V;K;P,"238,198,114,222",0.0,6EQE
S;T;N;G,M;V;K;T,"238,198,114,251",0.0,6EQE
S;T;N;P,M;V;K;L,"238,198,114,38",0.0,6EQE
S;T;N;L,M;V;K;W,"238,198,114,216",0.0,6EQE
S;T;N;T,M;V;K;L,"238,198,114,72",0.0,6EQE
S;T;N;S,M;V;K;P,"238,198,114,245",0.0,6EQE
S;T;N;I,M;V;K;W,"238,198,114,111",0.0,6EQE
S;T;N;L,M;V;K;D,"238,198,114,249",0.0,6EQE
S;T;N;E,M;V;K;K,"238,198,114,231",0.0,6EQE
S;T;N;D,M;V;K;K,"238,198,114,263",0.0,6EQE
S;T;N;T,M;V;K;M,"238,198,114,51",0.0,6EQE
S;T;N;L,M;V;K;E,"238,198,114,216",0.0,6EQE
S;T;N;S,M;V;K;T,"238,198,114,121",0.0,6EQE
S;T;N;I,M;V;K;H,"238,198,114,145",0.0,6EQE
S;T;N;I,M;V;K;L,"238,198,114,145",0.0,6EQE
S;T;N;H,M;V;K;M,"238,198,114,104",0.0,6EQE
S;T;N;R,M;V;K;P,"238,198,114,280",0.0,6EQE
S;T;N;L,M;V;K;F,"238,198,114,216",0.0,6EQE
S;T;N;S,M;V;K;D,"238,198,114,103",0.0,6EQE
S;T;N;I,M;V;K;V,"238,198,114,200",0.0,6EQE
S;T;N;T,M;V;K;K,"238,198,114,88",0.0,6EQE
S;T;N;N,M;V;K;K,"238,198,114,138",0.0,6EQE
S;T;N;A,M;V;K;L,"238,198,114,65",0.0,6EQE
S;T;N;Q,M;V;K;T,"238,198,114,91",0.0,6EQE
S;T;N;G,M;V;K;D,"238,198,114,163",0.0,6EQE
S;T;N;A,M;V;K;M,"238,198,114,65",0.0,6EQE
S;T;N;K,M;V;K;L,"238,198,114,252",0.0,6EQE
S;T;N;V,M;V;K;D,"238,198,114,57",0.0,6EQE
S;T;N;Q,M;V;K;V,"238,198,114,127",0.0,6EQE
S;T;N;V,M;V;K;C,"238,198,114,281",0.0,6EQE
S;T;N;T,M;V;K;V,"238,198,114,72",0.0,6EQE
S;T;N;Q,M;V;K;N,"238,198,114,133",0.0,6EQE
S;T;N;R,M;V;K;K,"238,198,114,53",0.0,6EQE
S;T;N;S,M;V;K;P,"238,198,114,125",0.0,6EQE
S;T;N;T,M;V;K;Q,"238,198,114,88",0.0,6EQE
S;T;N;N,M;V;K;L,"238,198,114,138",0.0,6EQE
S;T;N;H,M;V;K;R,"238,198,114,104",0.0,6EQE
S;T;N;W,M;V;K;P,"238,198,114,159",0.0,6EQE
S;T;N;S,M;V;K;Y,"238,198,114,242",0.0,6EQE
S;T;N;A,M;V;K;F,"238,198,114,65",0.0,6EQE
S;T;N;G,M;V;K;H,"238,198,114,251",0.0,6EQE
S;T;N;L,M;V;K;P,"238,198,114,216",0.0,6EQE
S;T;N;S,M;V;K;W,"238,198,114,58",0.0,6EQE
S;T;N;A,M;V;K;E,"238,198,114,152",0.0,6EQE
S;T;N;T,M;V;K;N,"238,198,114,88",0.0,6EQE
S;T;N;S,M;V;K;K,"238,198,114,58",0.0,6EQE
S;T;N;L,M;V;K;C,"238,198,114,249",0.0,6EQE
S;T;N;N,M;V;K;T,"238,198,114,190",0.0,6EQE
S;T;N;S,M;V;K;V,"238,198,114,223",0.0,6EQE
S;T;N;A,M;V;K;W,"238,198,114,65",0.0,6EQE
S;T;N;K,M;V;K;Y,"238,198,114,253",0.0,6EQE
S;T;N;R,M;V;K;S,"238,198,114,90",0.0,6EQE
S;T;N;T,M;V;K;M,"238,198,114,29",0.0,6EQE
S;T;N;M,M;V;K;L,"238,198,114,262",0.0,6EQE
S;T;N;A,M;V;K;L,"238,198,114,272",0.0,6EQE
S;T;N;R,M;V;K;N,"238,198,114,90",0.0,6EQE
S;T;N;R,M;V;K;T,"238,198,114,90",0.0,6EQE
S;T;N;G,M;V;K;T,"238,198,114,254",0.0,6EQE
S;T;N;R,M;V;K;P,"238,198,114,90",0.0,6EQE
S;T;N;N,M;V;K;Y,"238,198,114,37",0.0,6EQE
S;T;N;Q,M;V;K;I,"238,198,114,182",0.0,6EQE
S;T;N;R,M;V;K;A,"238,198,114,90",0.0,6EQE
S;T;N;K,M;V;K;F,"238,198,114,253",0.0,6EQE
S;T;N;Y,M;V;K;S,"238,198,114,63",0.0,6EQE
S;T;N;Q,M;V;K;M,"238,198,114,127",0.0,6EQE
S;T;N;Q,M;V;K;L,"238,198,114,182",0.0,6EQE
S;T;N;K,M;V;K;A,"238,198,114,253",0.0,6EQE
S;T;N;K,M;V;K;V,"238,198,114,253",0.0,6EQE
S;T;N;Q,M;V;K;F,"238,198,114,182",0.0,6EQE
S;T;N;R,M;V;K;D,"238,198,114,90",0.0,6EQE
S;T;N;Q,M;V;K;A,"238,198,114,127",0.0,6EQE
S;T;N;Y,M;V;K;T,"238,198,114,63",0.0,6EQE
S;T;N;Q,M;V;K;V,"238,198,114,182",0.0,6EQE
S;T;N;K,M;V;K;L,"238,198,114,253",0.0,6EQE
S;T;N;C,M;V;K;S,"238,198,114,289",0.0,6EQE
S;T;N;Y,M;V;K;G,"238,198,114,63",0.0,6EQE
S;T;N;M,M;V;K;V,"238,198,114,154",0.0,6EQE
S;T;N;Q,M;V;K;T,"238,198,114,127",0.0,6EQE
S;T;N;A,M;V;K;D,"238,198,114,226",0.0,6EQE
S;T;N;C,M;V;K;A,"238,198,114,289",0.0,6EQE
S;T;N;R,M;V;K;Q,"238,198,114,224",0.0,6EQE
S;T;N;N,M;V;K;K,"238,198,114,233",0.0,6EQE
S;T;N;S,M;V;K;E,"238,198,114,136",0.0,6EQE
S;T;N;D,M;V;K;N,"238,198,114,186",0.0,6EQE
S;T;N;R,M;V;K;A,"238,198,114,280",0.0,6EQE
S;T;N;S,M;V;K;Q,"238,198,114,188",0.0,6EQE
S;T;N;S,M;V;K;H,"238,198,114,214",0.0,6EQE
S;T;N;L,M;V;K;F,"238,198,114,117",0.0,6EQE
S;T;N;Q,M;V;K;Y,"238,198,114,119",0.0,6EQE
S;T;N;G,M;V;K;A,"238,198,114,165",0.0,6EQE
S;T;N;S,M;V;K;E,"238,198,114,121",0.0,6EQE
S;T;N;I,M;V;K;R,"238,198,114,168",0.0,6EQE
S;T;N;N,M;V;K;H,"238,198,114,205",0.0,6EQE
S;T;N;S,M;V;K;Y,"238,198,114,269",0.0,6EQE
S;T;N;S,M;V;K;T,"238,198,114,214",0.0,6EQE
S;T;N;I,M;V;K;R,"238,198,114,218",0.0,6EQE
S;T;N;P,M;V;K;K,"238,198,114,120",0.0,6EQE
S;T;N;M,M;V;K;H,"238,198,114,161",0.0,6EQE
S;T;N;I,M;V;K;H,"238,198,114,168",0.0,6EQE
S;T;N;P,M;V;K;V,"238,198,114,184",0.0,6EQE
S;T;N;W,M;V;K;P,"238,198,114,185",0.0,6EQE
S;T;N;S,M;V;K;H,"238,198,114,187",0.0,6EQE
S;T;N;S,M;V;K;P,"238,198,114,188",0.0,6EQE
S;T;N;T,M;V;K;Y,"238,198,114,189",0.0,6EQE
S;T;N;F,M;V;K;M,"238,198,114,191",0.0,6EQE
M;N;S;S,L;K;M;N,"262,114,238,124",0.0,6EQE
M;N;S;G,L;K;M;Q,"262,114,238,243",0.0,6EQE
M;N;S;G,L;K;M;L,"262,114,238,243",0.0,6EQE
M;N;S;T,L;K;M;E,"262,114,238,270",0.0,6EQE
M;N;S;R,L;K;M;V,"262,114,238,34",0.0,6EQE
M;N;S;G,L;K;M;K,"262,114,238,243",0.0,6EQE
M;N;S;D,L;K;M;Q,"262,114,238,220",0.0,6EQE
M;N;S;S,L;K;M;K,"262,114,238,124",0.0,6EQE
M;N;S;F,L;K;M;E,"262,114,238,271",0.0,6EQE
M;N;S;G,L;K;M;Q,"262,114,238,164",0.0,6EQE
M;N;S;A,L;K;M;D,"262,114,238,130",0.0,6EQE
M;N;S;W,L;K;M;C,"262,114,238,257",0.0,6EQE
M;N;S;Q,L;K;M;N,"262,114,238,127",0.0,6EQE
M;N;S;Q,L;K;M;R,"262,114,238,127",0.0,6EQE
M;N;S;F,L;K;M;M,"262,114,238,271",0.0,6EQE
M;N;S;S,L;K;M;A,"262,114,238,124",0.0,6EQE
M;N;S;G,L;K;M;I,"262,114,238,243",0.0,6EQE
M;N;S;Q,L;K;M;I,"262,114,238,127",0.0,6EQE
M;N;S;A,L;K;M;V,"262,114,238,65",0.0,6EQE
M;N;S;Q,L;K;M;E,"262,114,238,133",0.0,6EQE
M;N;S;S,L;K;M;T,"262,114,238,124",0.0,6EQE
M;N;S;Q,L;K;M;K,"262,114,238,127",0.0,6EQE
M;N;S;Q,L;K;M;W,"262,114,238,133",0.0,6EQE
M;N;S;D,L;K;M;L,"262,114,238,220",0.0,6EQE
M;N;S;T,L;K;M;D,"262,114,238,88",0.0,6EQE
M;N;S;R,L;K;M;N,"262,114,238,132",0.0,6EQE
M;N;S;Q,L;K;M;D,"262,114,238,127",0.0,6EQE
M;N;S;A,L;K;M;Y,"262,114,238,215",0.0,6EQE
M;N;S;L,L;K;M;K,"262,114,238,249",0.0,6EQE
M;N;S;R,L;K;M;Y,"262,114,238,123",0.0,6EQE
M;N;S;F,L;K;M;W,"262,114,238,271",0.0,6EQE
M;N;S;S,L;K;M;D,"262,114,238,58",0.0,6EQE
M;N;S;N,L;K;M;I,"262,114,238,37",0.0,6EQE
M;N;S;C,L;K;M;D,"262,114,238,289",0.0,6EQE
M;N;S;A,L;K;M;P,"262,114,238,152",0.0,6EQE
M;N;S;D,L;K;M;V,"262,114,238,186",0.0,6EQE
M;N;S;G,L;K;M;P,"262,114,238,243",0.0,6EQE
M;N;S;S,L;K;M;E,"262,114,238,115",0.0,6EQE
M;N;S;L,L;K;M;Q,"262,114,238,216",0.0,6EQE
M;N;S;N,L;K;M;P,"262,114,238,277",0.0,6EQE
M;N;S;R,L;K;M;Q,"262,114,238,132",0.0,6EQE
M;N;S;N,L;K;M;Y,"262,114,238,244",0.0,6EQE
M;N;S;H,L;K;M;T,"262,114,238,104",0.0,6EQE
M;N;S;S,L;K;M;V,"262,114,238,58",0.0,6EQE
M;N;S;H,L;K;M;L,"262,114,238,104",0.0,6EQE
M;N;S;P,L;K;M;Q,"262,114,238,38",0.0,6EQE
M;N;S;R,L;K;M;L,"262,114,238,53",0.0,6EQE
M;N;S;A,L;K;M;T,"262,114,238,180",0.0,6EQE
M;N;S;P,L;K;M;D,"262,114,238,197",0.0,6EQE
M;N;S;T,L;K;M;V,"262,114,238,198",0.0,6EQE
M;N;S;A,L;K;M;M,"262,114,238,135",0.0,6EQE
M;N;S;I,L;K;M;L,"262,114,238,111",0.0,6EQE
M;N;S;G,L;K;M;S,"262,114,238,243",0.0,6EQE
M;N;S;Q,L;K;M;L,"262,114,238,127",0.0,6EQE
M;N;S;Q,L;K;M;H,"262,114,238,127",0.0,6EQE
M;N;S;W,L;K;M;I,"262,114,238,159",0.0,6EQE
M;N;S;Q,L;K;M;P,"262,114,238,127",0.0,6EQE
M;N;S;S,L;K;M;N,"262,114,238,103",0.0,6EQE
M;N;S;A,L;K;M;Y,"262,114,238,179",0.0,6EQE
M;N;S;W,L;K;M;K,"262,114,238,257",0.0,6EQE
M;N;S;L,L;K;M;M,"262,114,238,216",0.0,6EQE
M;N;S;Q,L;K;M;E,"262,114,238,127",0.0,6EQE
M;N;S;G,L;K;M;A,"262,114,238,243",0.0,6EQE
M;N;S;A,L;K;M;N,"262,114,238,226",0.0,6EQE
M;N;S;L,L;K;M;I,"262,114,238,216",0.0,6EQE
M;N;S;C,L;K;M;L,"262,114,238,289",0.0,6EQE
M;N;S;S,L;K;M;E,"262,114,238,207",0.0,6EQE
M;N;S;M,L;K;M;L,"262,114,238,154",0.0,6EQE
M;N;S;M,L;K;M;P,"262,114,238,222",0.0,6EQE
M;N;S;G,L;K;M;T,"262,114,238,251",0.0,6EQE
M;N;S;P,L;K;M;L,"262,114,238,38",0.0,6EQE
M;N;S;L,L;K;M;W,"262,114,238,216",0.0,6EQE
M;N;S;T,L;K;M;L,"262,114,238,72",0.0,6EQE
M;N;S;S,L;K;M;P,"262,114,238,245",0.0,6EQE
M;N;S;I,L;K;M;W,"262,114,238,111",0.0,6EQE
M;N;S;L,L;K;M;D,"262,114,238,249",0.0,6EQE
M;N;S;E,L;K;M;K,"262,114,238,231",0.0,6EQE
M;N;S;D,L;K;M;K,"262,114,238,263",0.0,6EQE
M;N;S;T,L;K;M;M,"262,114,238,51",0.0,6EQE
M;N;S;L,L;K;M;E,"262,114,238,216",0.0,6EQE
M;N;S;S,L;K;M;T,"262,114,238,121",0.0,6EQE
M;N;S;I,L;K;M;H,"262,114,238,145",0.0,6EQE
M;N;S;I,L;K;M;L,"262,114,238,145",0.0,6EQE
M;N;S;H,L;K;M;M,"262,114,238,104",0.0,6EQE
M;N;S;R,L;K;M;P,"262,114,238,280",0.0,6EQE
M;N;S;L,L;K;M;F,"262,114,238,216",0.0,6EQE
M;N;S;S,L;K;M;D,"262,114,238,103",0.0,6EQE
M;N;S;I,L;K;M;V,"262,114,238,200",0.0,6EQE
M;N;S;T,L;K;M;K,"262,114,238,88",0.0,6EQE
M;N;S;N,L;K;M;K,"262,114,238,138",0.0,6EQE
M;N;S;A,L;K;M;L,"262,114,238,65",0.0,6EQE
M;N;S;Q,L;K;M;T,"262,114,238,91",0.0,6EQE
M;N;S;G,L;K;M;D,"262,114,238,163",0.0,6EQE
M;N;S;A,L;K;M;M,"262,114,238,65",0.0,6EQE
M;N;S;K,L;K;M;L,"262,114,238,252",0.0,6EQE
M;N;S;V,L;K;M;D,"262,114,238,57",0.0,6EQE
M;N;S;Q,L;K;M;V,"262,114,238,127",0.0,6EQE
M;N;S;V,L;K;M;C,"262,114,238,281",0.0,6EQE
M;N;S;T,L;K;M;V,"262,114,238,72",0.0,6EQE
M;N;S;Q,L;K;M;N,"262,114,238,133",0.0,6EQE
M;N;S;R,L;K;M;K,"262,114,238,53",0.0,6EQE
M;N;S;S,L;K;M;P,"262,114,238,125",0.0,6EQE
M;N;S;T,L;K;M;Q,"262,114,238,88",0.0,6EQE
M;N;S;N,L;K;M;L,"262,114,238,138",0.0,6EQE
M;N;S;H,L;K;M;R,"262,114,238,104",0.0,6EQE
M;N;S;W,L;K;M;P,"262,114,238,159",0.0,6EQE
M;N;S;S,L;K;M;Y,"262,114,238,242",0.0,6EQE
M;N;S;A,L;K;M;F,"262,114,238,65",0.0,6EQE
M;N;S;G,L;K;M;H,"262,114,238,251",0.0,6EQE
M;N;S;L,L;K;M;P,"262,114,238,216",0.0,6EQE
M;N;S;S,L;K;M;W,"262,114,238,58",0.0,6EQE
M;N;S;A,L;K;M;E,"262,114,238,152",0.0,6EQE
M;N;S;T,L;K;M;N,"262,114,238,88",0.0,6EQE
M;N;S;T,L;K;M;N,"262,114,238,198",0.0,6EQE
M;N;S;S,L;K;M;K,"262,114,238,58",0.0,6EQE
M;N;S;L,L;K;M;C,"262,114,238,249",0.0,6EQE
M;N;S;N,L;K;M;T,"262,114,238,190",0.0,6EQE
M;N;S;S,L;K;M;V,"262,114,238,223",0.0,6EQE
M;N;S;A,L;K;M;W,"262,114,238,65",0.0,6EQE
M;N;S;K,L;K;M;Y,"262,114,238,253",0.0,6EQE
M;N;S;R,L;K;M;S,"262,114,238,90",0.0,6EQE
M;N;S;T,L;K;M;M,"262,114,238,29",0.0,6EQE
M;N;S;A,L;K;M;L,"262,114,238,272",0.0,6EQE
M;N;S;R,L;K;M;N,"262,114,238,90",0.0,6EQE
M;N;S;R,L;K;M;T,"262,114,238,90",0.0,6EQE
M;N;S;G,L;K;M;T,"262,114,238,254",0.0,6EQE
M;N;S;R,L;K;M;P,"262,114,238,90",0.0,6EQE
M;N;S;N,L;K;M;Y,"262,114,238,37",0.0,6EQE
M;N;S;Q,L;K;M;I,"262,114,238,182",0.0,6EQE
M;N;S;R,L;K;M;A,"262,114,238,90",0.0,6EQE
M;N;S;K,L;K;M;F,"262,114,238,253",0.0,6EQE
M;N;S;Y,L;K;M;S,"262,114,238,63",0.0,6EQE
M;N;S;Q,L;K;M;M,"262,114,238,127",0.0,6EQE
M;N;S;Q,L;K;M;L,"262,114,238,182",0.0,6EQE
M;N;S;K,L;K;M;A,"262,114,238,253",0.0,6EQE
M;N;S;K,L;K;M;V,"262,114,238,253",0.0,6EQE
M;N;S;Q,L;K;M;F,"262,114,238,182",0.0,6EQE
M;N;S;R,L;K;M;D,"262,114,238,90",0.0,6EQE
M;N;S;Q,L;K;M;A,"262,114,238,127",0.0,6EQE
M;N;S;Y,L;K;M;T,"262,114,238,63",0.0,6EQE
M;N;S;Q,L;K;M;V,"262,114,238,182",0.0,6EQE
M;N;S;K,L;K;M;L,"262,114,238,253",0.0,6EQE
M;N;S;C,L;K;M;S,"262,114,238,289",0.0,6EQE
M;N;S;Y,L;K;M;G,"262,114,238,63",0.0,6EQE
M;N;S;M,L;K;M;V,"262,114,238,154",0.0,6EQE
M;N;S;Q,L;K;M;T,"262,114,238,127",0.0,6EQE
M;N;S;A,L;K;M;D,"262,114,238,226",0.0,6EQE
M;N;S;C,L;K;M;A,"262,114,238,289",0.0,6EQE
M;N;S;R,L;K;M;Q,"262,114,238,224",0.0,6EQE
M;N;S;N,L;K;M;K,"262,114,238,233",0.0,6EQE
M;N;S;S,L;K;M;E,"262,114,238,136",0.0,6EQE
M;N;S;D,L;K;M;N,"262,114,238,186",0.0,6EQE
M;N;S;R,L;K;M;A,"262,114,238,280",0.0,6EQE
M;N;S;S,L;K;M;Q,"262,114,238,188",0.0,6EQE
M;N;S;S,L;K;M;H,"262,114,238,214",0.0,6EQE
M;N;S;L,L;K;M;F,"262,114,238,117",0.0,6EQE
M;N;S;Q,L;K;M;Y,"262,114,238,119",0.0,6EQE
M;N;S;G,L;K;M;A,"262,114,238,165",0.0,6EQE
M;N;S;S,L;K;M;E,"262,114,238,121",0.0,6EQE
M;N;S;I,L;K;M;R,"262,114,238,168",0.0,6EQE
M;N;S;N,L;K;M;H,"262,114,238,205",0.0,6EQE
M;N;S;S,L;K;M;Y,"262,114,238,269",0.0,6EQE
M;N;S;S,L;K;M;T,"262,114,238,214",0.0,6EQE
M;N;S;I,L;K;M;R,"262,114,238,218",0.0,6EQE
M;N;S;P,L;K;M;K,"262,114,238,120",0.0,6EQE
M;N;S;M,L;K;M;H,"262,114,238,161",0.0,6EQE
M;N;S;I,L;K;M;H,"262,114,238,168",0.0,6EQE
M;N;S;P,L;K;M;V,"262,114,238,184",0.0,6EQE
M;N;S;W,L;K;M;P,"262,114,238,185",0.0,6EQE
M;N;S;S,L;K;M;H,"262,114,238,187",0.0,6EQE
M;N;S;S,L;K;M;P,"262,114,238,188",0.0,6EQE
M;N;S;T,L;K;M;Y,"262,114,238,189",0.0,6EQE
M;N;S;F,L;K;M;M,"262,114,238,191",0.0,6EQE
Q;S;N;S,L;T;K;N,"182,214,233,124",0.0,6EQE
Q;S;N;G,L;T;K;Q,"182,214,233,243",0.0,6EQE
Q;S;N;G,L;T;K;L,"182,214,233,243",0.0,6EQE
Q;S;N;T,L;T;K;E,"182,214,233,270",0.0,6EQE
Q;S;N;R,L;T;K;V,"182,214,233,34",0.0,6EQE
Q;S;N;G,L;T;K;K,"182,214,233,243",0.0,6EQE
Q;S;N;D,L;T;K;Q,"182,214,233,220",0.0,6EQE
Q;S;N;S,L;T;K;K,"182,214,233,124",0.0,6EQE
Q;S;N;F,L;T;K;E,"182,214,233,271",0.0,6EQE
Q;S;N;G,L;T;K;Q,"182,214,233,164",0.0,6EQE
Q;S;N;A,L;T;K;D,"182,214,233,130",0.0,6EQE
Q;S;N;W,L;T;K;C,"182,214,233,257",0.0,6EQE
Q;S;N;Q,L;T;K;N,"182,214,233,127",0.0,6EQE
Q;S;N;Q,L;T;K;R,"182,214,233,127",0.0,6EQE
Q;S;N;S,L;T;K;M,"182,214,233,238",0.0,6EQE
Q;S;N;F,L;T;K;M,"182,214,233,271",0.0,6EQE
Q;S;N;S,L;T;K;A,"182,214,233,124",0.0,6EQE
Q;S;N;G,L;T;K;I,"182,214,233,243",0.0,6EQE
Q;S;N;Q,L;T;K;I,"182,214,233,127",0.0,6EQE
Q;S;N;A,L;T;K;V,"182,214,233,65",0.0,6EQE
Q;S;N;Q,L;T;K;E,"182,214,233,133",0.0,6EQE
Q;S;N;S,L;T;K;T,"182,214,233,124",0.0,6EQE
Q;S;N;Q,L;T;K;K,"182,214,233,127",0.0,6EQE
Q;S;N;Q,L;T;K;W,"182,214,233,133",0.0,6EQE
Q;S;N;D,L;T;K;L,"182,214,233,220",0.0,6EQE
Q;S;N;T,L;T;K;D,"182,214,233,88",0.0,6EQE
Q;S;N;R,L;T;K;N,"182,214,233,132",0.0,6EQE
Q;S;N;Q,L;T;K;D,"182,214,233,127",0.0,6EQE
Q;S;N;A,L;T;K;Y,"182,214,233,215",0.0,6EQE
Q;S;N;L,L;T;K;K,"182,214,233,249",0.0,6EQE
Q;S;N;R,L;T;K;Y,"182,214,233,123",0.0,6EQE
Q;S;N;F,L;T;K;W,"182,214,233,271",0.0,6EQE
Q;S;N;S,L;T;K;D,"182,214,233,58",0.0,6EQE
Q;S;N;N,L;T;K;I,"182,214,233,37",0.0,6EQE
Q;S;N;C,L;T;K;D,"182,214,233,289",0.0,6EQE
Q;S;N;A,L;T;K;P,"182,214,233,152",0.0,6EQE
Q;S;N;D,L;T;K;V,"182,214,233,186",0.0,6EQE
Q;S;N;G,L;T;K;P,"182,214,233,243",0.0,6EQE
Q;S;N;S,L;T;K;E,"182,214,233,115",0.0,6EQE
Q;S;N;L,L;T;K;Q,"182,214,233,216",0.0,6EQE
Q;S;N;N,L;T;K;P,"182,214,233,277",0.0,6EQE
Q;S;N;R,L;T;K;Q,"182,214,233,132",0.0,6EQE
Q;S;N;N,L;T;K;Y,"182,214,233,244",0.0,6EQE
Q;S;N;H,L;T;K;T,"182,214,233,104",0.0,6EQE
Q;S;N;S,L;T;K;V,"182,214,233,58",0.0,6EQE
Q;S;N;H,L;T;K;L,"182,214,233,104",0.0,6EQE
Q;S;N;P,L;T;K;Q,"182,214,233,38",0.0,6EQE
Q;S;N;R,L;T;K;L,"182,214,233,53",0.0,6EQE
Q;S;N;A,L;T;K;T,"182,214,233,180",0.0,6EQE
Q;S;N;P,L;T;K;D,"182,214,233,197",0.0,6EQE
Q;S;N;T,L;T;K;V,"182,214,233,198",0.0,6EQE
Q;S;N;A,L;T;K;M,"182,214,233,135",0.0,6EQE
Q;S;N;I,L;T;K;L,"182,214,233,111",0.0,6EQE
Q;S;N;G,L;T;K;S,"182,214,233,243",0.0,6EQE
Q;S;N;Q,L;T;K;L,"182,214,233,127",0.0,6EQE
Q;S;N;Q,L;T;K;H,"182,214,233,127",0.0,6EQE
Q;S;N;W,L;T;K;I,"182,214,233,159",0.0,6EQE
Q;S;N;Q,L;T;K;P,"182,214,233,127",0.0,6EQE
Q;S;N;S,L;T;K;N,"182,214,233,103",0.0,6EQE
Q;S;N;A,L;T;K;Y,"182,214,233,179",0.0,6EQE
Q;S;N;W,L;T;K;K,"182,214,233,257",0.0,6EQE
Q;S;N;L,L;T;K;M,"182,214,233,216",0.0,6EQE
Q;S;N;Q,L;T;K;E,"182,214,233,127",0.0,6EQE
Q;S;N;G,L;T;K;A,"182,214,233,243",0.0,6EQE
Q;S;N;A,L;T;K;N,"182,214,233,226",0.0,6EQE
Q;S;N;L,L;T;K;I,"182,214,233,216",0.0,6EQE
Q;S;N;C,L;T;K;L,"182,214,233,289",0.0,6EQE
Q;S;N;S,L;T;K;E,"182,214,233,207",0.0,6EQE
Q;S;N;M,L;T;K;L,"182,214,233,154",0.0,6EQE
Q;S;N;M,L;T;K;P,"182,214,233,222",0.0,6EQE
Q;S;N;G,L;T;K;T,"182,214,233,251",0.0,6EQE
Q;S;N;P,L;T;K;L,"182,214,233,38",0.0,6EQE
Q;S;N;L,L;T;K;W,"182,214,233,216",0.0,6EQE
Q;S;N;T,L;T;K;L,"182,214,233,72",0.0,6EQE
Q;S;N;S,L;T;K;P,"182,214,233,245",0.0,6EQE
Q;S;N;I,L;T;K;W,"182,214,233,111",0.0,6EQE
Q;S;N;L,L;T;K;D,"182,214,233,249",0.0,6EQE
Q;S;N;E,L;T;K;K,"182,214,233,231",0.0,6EQE
Q;S;N;D,L;T;K;K,"182,214,233,263",0.0,6EQE
Q;S;N;T,L;T;K;M,"182,214,233,51",0.0,6EQE
Q;S;N;L,L;T;K;E,"182,214,233,216",0.0,6EQE
Q;S;N;S,L;T;K;T,"182,214,233,121",0.0,6EQE
Q;S;N;I,L;T;K;H,"182,214,233,145",0.0,6EQE
Q;S;N;I,L;T;K;L,"182,214,233,145",0.0,6EQE
Q;S;N;H,L;T;K;M,"182,214,233,104",0.0,6EQE
Q;S;N;R,L;T;K;P,"182,214,233,280",0.0,6EQE
Q;S;N;L,L;T;K;F,"182,214,233,216",0.0,6EQE
Q;S;N;S,L;T;K;D,"182,214,233,103",0.0,6EQE
Q;S;N;I,L;T;K;V,"182,214,233,200",0.0,6EQE
Q;S;N;T,L;T;K;K,"182,214,233,88",0.0,6EQE
Q;S;N;N,L;T;K;K,"182,214,233,138",0.0,6EQE
Q;S;N;A,L;T;K;L,"182,214,233,65",0.0,6EQE
Q;S;N;Q,L;T;K;T,"182,214,233,91",0.0,6EQE
Q;S;N;G,L;T;K;D,"182,214,233,163",0.0,6EQE
Q;S;N;A,L;T;K;M,"182,214,233,65",0.0,6EQE
Q;S;N;K,L;T;K;L,"182,214,233,252",0.0,6EQE
Q;S;N;V,L;T;K;D,"182,214,233,57",0.0,6EQE
Q;S;N;Q,L;T;K;V,"182,214,233,127",0.0,6EQE
Q;S;N;V,L;T;K;C,"182,214,233,281",0.0,6EQE
Q;S;N;T,L;T;K;V,"182,214,233,72",0.0,6EQE
Q;S;N;Q,L;T;K;N,"182,214,233,133",0.0,6EQE
Q;S;N;R,L;T;K;K,"182,214,233,53",0.0,6EQE
Q;S;N;S,L;T;K;P,"182,214,233,125",0.0,6EQE
Q;S;N;T,L;T;K;Q,"182,214,233,88",0.0,6EQE
Q;S;N;N,L;T;K;L,"182,214,233,138",0.0,6EQE
Q;S;N;H,L;T;K;R,"182,214,233,104",0.0,6EQE
Q;S;N;W,L;T;K;P,"182,214,233,159",0.0,6EQE
Q;S;N;S,L;T;K;Y,"182,214,233,242",0.0,6EQE
Q;S;N;A,L;T;K;F,"182,214,233,65",0.0,6EQE
Q;S;N;G,L;T;K;H,"182,214,233,251",0.0,6EQE
Q;S;N;L,L;T;K;P,"182,214,233,216",0.0,6EQE
Q;S;N;S,L;T;K;W,"182,214,233,58",0.0,6EQE
Q;S;N;A,L;T;K;E,"182,214,233,152",0.0,6EQE
Q;S;N;T,L;T;K;N,"182,214,233,88",0.0,6EQE
Q;S;N;T,L;T;K;N,"182,214,233,198",0.0,6EQE
Q;S;N;S,L;T;K;K,"182,214,233,58",0.0,6EQE
Q;S;N;L,L;T;K;C,"182,214,233,249",0.0,6EQE
Q;S;N;N,L;T;K;T,"182,214,233,190",0.0,6EQE
Q;S;N;S,L;T;K;V,"182,214,233,223",0.0,6EQE
Q;S;N;A,L;T;K;W,"182,214,233,65",0.0,6EQE
Q;S;N;K,L;T;K;Y,"182,214,233,253",0.0,6EQE
Q;S;N;R,L;T;K;S,"182,214,233,90",0.0,6EQE
Q;S;N;T,L;T;K;M,"182,214,233,29",0.0,6EQE
Q;S;N;M,L;T;K;L,"182,214,233,262",0.0,6EQE
Q;S;N;A,L;T;K;L,"182,214,233,272",0.0,6EQE
Q;S;N;R,L;T;K;N,"182,214,233,90",0.0,6EQE
Q;S;N;R,L;T;K;T,"182,214,233,90",0.0,6EQE
Q;S;N;G,L;T;K;T,"182,214,233,254",0.0,6EQE
Q;S;N;R,L;T;K;P,"182,214,233,90",0.0,6EQE
Q;S;N;N,L;T;K;Y,"182,214,233,37",0.0,6EQE
Q;S;N;R,L;T;K;A,"182,214,233,90",0.0,6EQE
Q;S;N;K,L;T;K;F,"182,214,233,253",0.0,6EQE
Q;S;N;Y,L;T;K;S,"182,214,233,63",0.0,6EQE
Q;S;N;Q,L;T;K;M,"182,214,233,127",0.0,6EQE
Q;S;N;K,L;T;K;A,"182,214,233,253",0.0,6EQE
Q;S;N;K,L;T;K;V,"182,214,233,253",0.0,6EQE
Q;S;N;R,L;T;K;D,"182,214,233,90",0.0,6EQE
Q;S;N;Q,L;T;K;A,"182,214,233,127",0.0,6EQE
Q;S;N;Y,L;T;K;T,"182,214,233,63",0.0,6EQE
Q;S;N;K,L;T;K;L,"182,214,233,253",0.0,6EQE
Q;S;N;C,L;T;K;S,"182,214,233,289",0.0,6EQE
Q;S;N;Y,L;T;K;G,"182,214,233,63",0.0,6EQE
Q;S;N;M,L;T;K;V,"182,214,233,154",0.0,6EQE
Q;S;N;Q,L;T;K;T,"182,214,233,127",0.0,6EQE
Q;S;N;A,L;T;K;D,"182,214,233,226",0.0,6EQE
Q;S;N;C,L;T;K;A,"182,214,233,289",0.0,6EQE
Q;S;N;R,L;T;K;Q,"182,214,233,224",0.0,6EQE
Q;S;N;S,L;T;K;E,"182,214,233,136",0.0,6EQE
Q;S;N;D,L;T;K;N,"182,214,233,186",0.0,6EQE
Q;S;N;R,L;T;K;A,"182,214,233,280",0.0,6EQE
Q;S;N;S,L;T;K;F,"182,214,233,238",0.0,6EQE
Q;S;N;S,L;T;K;Q,"182,214,233,188",0.0,6EQE
Q;S;N;L,L;T;K;F,"182,214,233,117",0.0,6EQE
Q;S;N;Q,L;T;K;Y,"182,214,233,119",0.0,6EQE
Q;S;N;G,L;T;K;A,"182,214,233,165",0.0,6EQE
Q;S;N;S,L;T;K;E,"182,214,233,121",0.0,6EQE
Q;S;N;I,L;T;K;R,"182,214,233,168",0.0,6EQE
Q;S;N;N,L;T;K;H,"182,214,233,205",0.0,6EQE
Q;S;N;S,L;T;K;Y,"182,214,233,269",0.0,6EQE
Q;S;N;I,L;T;K;R,"182,214,233,218",0.0,6EQE
Q;S;N;P,L;T;K;K,"182,214,233,120",0.0,6EQE
Q;S;N;M,L;T;K;H,"182,214,233,161",0.0,6EQE
Q;S;N;I,L;T;K;H,"182,214,233,168",0.0,6EQE
Q;S;N;N,L;T;K;K,"182,214,233,114",0.0,6EQE
Q;S;N;P,L;T;K;V,"182,214,233,184",0.0,6EQE
Q;S;N;W,L;T;K;P,"182,214,233,185",0.0,6EQE
Q;S;N;S,L;T;K;H,"182,214,233,187",0.0,6EQE
Q;S;N;S,L;T;K;P,"182,214,233,188",0.0,6EQE
Q;S;N;T,L;T;K;Y,"182,214,233,189",0.0,6EQE
Q;S;N;F,L;T;K;M,"182,214,233,191",0.0,6EQE
T;T;M;S,V;M;L;N,"198,51,262,124",0.0,6EQE
T;T;M;G,V;M;L;Q,"198,51,262,243",0.0,6EQE
T;T;M;G,V;M;L;L,"198,51,262,243",0.0,6EQE
T;T;M;T,V;M;L;E,"198,51,262,270",0.0,6EQE
T;T;M;R,V;M;L;V,"198,51,262,34",0.0,6EQE
T;T;M;G,V;M;L;K,"198,51,262,243",0.0,6EQE
T;T;M;D,V;M;L;Q,"198,51,262,220",0.0,6EQE
T;T;M;S,V;M;L;K,"198,51,262,124",0.0,6EQE
T;T;M;F,V;M;L;E,"198,51,262,271",0.0,6EQE
T;T;M;G,V;M;L;Q,"198,51,262,164",0.0,6EQE
T;T;M;A,V;M;L;D,"198,51,262,130",0.0,6EQE
T;T;M;W,V;M;L;C,"198,51,262,257",0.0,6EQE
T;T;M;Q,V;M;L;N,"198,51,262,127",0.0,6EQE
T;T;M;Q,V;M;L;R,"198,51,262,127",0.0,6EQE
T;T;M;S,V;M;L;M,"198,51,262,238",0.0,6EQE
T;T;M;F,V;M;L;M,"198,51,262,271",0.0,6EQE
T;T;M;S,V;M;L;A,"198,51,262,124",0.0,6EQE
T;T;M;G,V;M;L;I,"198,51,262,243",0.0,6EQE
T;T;M;Q,V;M;L;I,"198,51,262,127",0.0,6EQE
T;T;M;A,V;M;L;V,"198,51,262,65",0.0,6EQE
T;T;M;Q,V;M;L;E,"198,51,262,133",0.0,6EQE
T;T;M;S,V;M;L;T,"198,51,262,124",0.0,6EQE
T;T;M;Q,V;M;L;K,"198,51,262,127",0.0,6EQE
T;T;M;Q,V;M;L;W,"198,51,262,133",0.0,6EQE
T;T;M;D,V;M;L;L,"198,51,262,220",0.0,6EQE
T;T;M;T,V;M;L;D,"198,51,262,88",0.0,6EQE
T;T;M;R,V;M;L;N,"198,51,262,132",0.0,6EQE
T;T;M;Q,V;M;L;D,"198,51,262,127",0.0,6EQE
T;T;M;A,V;M;L;Y,"198,51,262,215",0.0,6EQE
T;T;M;L,V;M;L;K,"198,51,262,249",0.0,6EQE
T;T;M;R,V;M;L;Y,"198,51,262,123",0.0,6EQE
T;T;M;F,V;M;L;W,"198,51,262,271",0.0,6EQE
T;T;M;S,V;M;L;D,"198,51,262,58",0.0,6EQE
T;T;M;N,V;M;L;I,"198,51,262,37",0.0,6EQE
T;T;M;C,V;M;L;D,"198,51,262,289",0.0,6EQE
T;T;M;A,V;M;L;P,"198,51,262,152",0.0,6EQE
T;T;M;D,V;M;L;V,"198,51,262,186",0.0,6EQE
T;T;M;G,V;M;L;P,"198,51,262,243",0.0,6EQE
T;T;M;S,V;M;L;E,"198,51,262,115",0.0,6EQE
T;T;M;L,V;M;L;Q,"198,51,262,216",0.0,6EQE
T;T;M;N,V;M;L;P,"198,51,262,277",0.0,6EQE
T;T;M;R,V;M;L;Q,"198,51,262,132",0.0,6EQE
T;T;M;N,V;M;L;Y,"198,51,262,244",0.0,6EQE
T;T;M;H,V;M;L;T,"198,51,262,104",0.0,6EQE
T;T;M;S,V;M;L;V,"198,51,262,58",0.0,6EQE
T;T;M;H,V;M;L;L,"198,51,262,104",0.0,6EQE
T;T;M;P,V;M;L;Q,"198,51,262,38",0.0,6EQE
T;T;M;R,V;M;L;L,"198,51,262,53",0.0,6EQE
T;T;M;A,V;M;L;T,"198,51,262,180",0.0,6EQE
T;T;M;P,V;M;L;D,"198,51,262,197",0.0,6EQE
T;T;M;A,V;M;L;M,"198,51,262,135",0.0,6EQE
T;T;M;I,V;M;L;L,"198,51,262,111",0.0,6EQE
T;T;M;G,V;M;L;S,"198,51,262,243",0.0,6EQE
T;T;M;Q,V;M;L;L,"198,51,262,127",0.0,6EQE
T;T;M;Q,V;M;L;H,"198,51,262,127",0.0,6EQE
T;T;M;W,V;M;L;I,"198,51,262,159",0.0,6EQE
T;T;M;Q,V;M;L;P,"198,51,262,127",0.0,6EQE
T;T;M;S,V;M;L;N,"198,51,262,103",0.0,6EQE
T;T;M;A,V;M;L;Y,"198,51,262,179",0.0,6EQE
T;T;M;W,V;M;L;K,"198,51,262,257",0.0,6EQE
T;T;M;L,V;M;L;M,"198,51,262,216",0.0,6EQE
T;T;M;Q,V;M;L;E,"198,51,262,127",0.0,6EQE
T;T;M;G,V;M;L;A,"198,51,262,243",0.0,6EQE
T;T;M;A,V;M;L;N,"198,51,262,226",0.0,6EQE
T;T;M;L,V;M;L;I,"198,51,262,216",0.0,6EQE
T;T;M;C,V;M;L;L,"198,51,262,289",0.0,6EQE
T;T;M;S,V;M;L;E,"198,51,262,207",0.0,6EQE
T;T;M;M,V;M;L;L,"198,51,262,154",0.0,6EQE
T;T;M;M,V;M;L;P,"198,51,262,222",0.0,6EQE
T;T;M;G,V;M;L;T,"198,51,262,251",0.0,6EQE
T;T;M;P,V;M;L;L,"198,51,262,38",0.0,6EQE
T;T;M;L,V;M;L;W,"198,51,262,216",0.0,6EQE
T;T;M;T,V;M;L;L,"198,51,262,72",0.0,6EQE
T;T;M;S,V;M;L;P,"198,51,262,245",0.0,6EQE
T;T;M;I,V;M;L;W,"198,51,262,111",0.0,6EQE
T;T;M;L,V;M;L;D,"198,51,262,249",0.0,6EQE
T;T;M;E,V;M;L;K,"198,51,262,231",0.0,6EQE
T;T;M;D,V;M;L;K,"198,51,262,263",0.0,6EQE
T;T;M;L,V;M;L;E,"198,51,262,216",0.0,6EQE
T;T;M;S,V;M;L;T,"198,51,262,121",0.0,6EQE
T;T;M;I,V;M;L;H,"198,51,262,145",0.0,6EQE
T;T;M;I,V;M;L;L,"198,51,262,145",0.0,6EQE
T;T;M;H,V;M;L;M,"198,51,262,104",0.0,6EQE
T;T;M;R,V;M;L;P,"198,51,262,280",0.0,6EQE
T;T;M;L,V;M;L;F,"198,51,262,216",0.0,6EQE
T;T;M;S,V;M;L;D,"198,51,262,103",0.0,6EQE
T;T;M;I,V;M;L;V,"198,51,262,200",0.0,6EQE
T;T;M;T,V;M;L;K,"198,51,262,88",0.0,6EQE
T;T;M;N,V;M;L;K,"198,51,262,138",0.0,6EQE
T;T;M;A,V;M;L;L,"198,51,262,65",0.0,6EQE
T;T;M;Q,V;M;L;T,"198,51,262,91",0.0,6EQE
T;T;M;G,V;M;L;D,"198,51,262,163",0.0,6EQE
T;T;M;A,V;M;L;M,"198,51,262,65",0.0,6EQE
T;T;M;K,V;M;L;L,"198,51,262,252",0.0,6EQE
T;T;M;V,V;M;L;D,"198,51,262,57",0.0,6EQE
T;T;M;Q,V;M;L;V,"198,51,262,127",0.0,6EQE
T;T;M;V,V;M;L;C,"198,51,262,281",0.0,6EQE
T;T;M;T,V;M;L;V,"198,51,262,72",0.0,6EQE
T;T;M;Q,V;M;L;N,"198,51,262,133",0.0,6EQE
T;T;M;R,V;M;L;K,"198,51,262,53",0.0,6EQE
T;T;M;S,V;M;L;P,"198,51,262,125",0.0,6EQE
T;T;M;T,V;M;L;Q,"198,51,262,88",0.0,6EQE
T;T;M;N,V;M;L;L,"198,51,262,138",0.0,6EQE
T;T;M;H,V;M;L;R,"198,51,262,104",0.0,6EQE
T;T;M;W,V;M;L;P,"198,51,262,159",0.0,6EQE
T;T;M;S,V;M;L;Y,"198,51,262,242",0.0,6EQE
T;T;M;A,V;M;L;F,"198,51,262,65",0.0,6EQE
T;T;M;G,V;M;L;H,"198,51,262,251",0.0,6EQE
T;T;M;L,V;M;L;P,"198,51,262,216",0.0,6EQE
T;T;M;S,V;M;L;W,"198,51,262,58",0.0,6EQE
T;T;M;A,V;M;L;E,"198,51,262,152",0.0,6EQE
T;T;M;T,V;M;L;N,"198,51,262,88",0.0,6EQE
T;T;M;S,V;M;L;K,"198,51,262,58",0.0,6EQE
T;T;M;L,V;M;L;C,"198,51,262,249",0.0,6EQE
T;T;M;N,V;M;L;T,"198,51,262,190",0.0,6EQE
T;T;M;S,V;M;L;V,"198,51,262,223",0.0,6EQE
T;T;M;A,V;M;L;W,"198,51,262,65",0.0,6EQE
T;T;M;K,V;M;L;Y,"198,51,262,253",0.0,6EQE
T;T;M;R,V;M;L;S,"198,51,262,90",0.0,6EQE
T;T;M;T,V;M;L;M,"198,51,262,29",0.0,6EQE
T;T;M;A,V;M;L;L,"198,51,262,272",0.0,6EQE
T;T;M;R,V;M;L;N,"198,51,262,90",0.0,6EQE
T;T;M;R,V;M;L;T,"198,51,262,90",0.0,6EQE
T;T;M;G,V;M;L;T,"198,51,262,254",0.0,6EQE
T;T;M;R,V;M;L;P,"198,51,262,90",0.0,6EQE
T;T;M;N,V;M;L;Y,"198,51,262,37",0.0,6EQE
T;T;M;Q,V;M;L;I,"198,51,262,182",0.0,6EQE
T;T;M;R,V;M;L;A,"198,51,262,90",0.0,6EQE
T;T;M;K,V;M;L;F,"198,51,262,253",0.0,6EQE
T;T;M;Y,V;M;L;S,"198,51,262,63",0.0,6EQE
T;T;M;Q,V;M;L;M,"198,51,262,127",0.0,6EQE
T;T;M;Q,V;M;L;L,"198,51,262,182",0.0,6EQE
T;T;M;K,V;M;L;A,"198,51,262,253",0.0,6EQE
T;T;M;K,V;M;L;V,"198,51,262,253",0.0,6EQE
T;T;M;Q,V;M;L;F,"198,51,262,182",0.0,6EQE
T;T;M;R,V;M;L;D,"198,51,262,90",0.0,6EQE
T;T;M;Q,V;M;L;A,"198,51,262,127",0.0,6EQE
T;T;M;Y,V;M;L;T,"198,51,262,63",0.0,6EQE
T;T;M;Q,V;M;L;V,"198,51,262,182",0.0,6EQE
T;T;M;K,V;M;L;L,"198,51,262,253",0.0,6EQE
T;T;M;C,V;M;L;S,"198,51,262,289",0.0,6EQE
T;T;M;Y,V;M;L;G,"198,51,262,63",0.0,6EQE
T;T;M;M,V;M;L;V,"198,51,262,154",0.0,6EQE
T;T;M;Q,V;M;L;T,"198,51,262,127",0.0,6EQE
T;T;M;A,V;M;L;D,"198,51,262,226",0.0,6EQE
T;T;M;C,V;M;L;A,"198,51,262,289",0.0,6EQE
T;T;M;R,V;M;L;Q,"198,51,262,224",0.0,6EQE
T;T;M;N,V;M;L;K,"198,51,262,233",0.0,6EQE
T;T;M;S,V;M;L;E,"198,51,262,136",0.0,6EQE
T;T;M;D,V;M;L;N,"198,51,262,186",0.0,6EQE
T;T;M;R,V;M;L;A,"198,51,262,280",0.0,6EQE
T;T;M;S,V;M;L;F,"198,51,262,238",0.0,6EQE
T;T;M;S,V;M;L;Q,"198,51,262,188",0.0,6EQE
T;T;M;S,V;M;L;H,"198,51,262,214",0.0,6EQE
T;T;M;L,V;M;L;F,"198,51,262,117",0.0,6EQE
T;T;M;Q,V;M;L;Y,"198,51,262,119",0.0,6EQE
T;T;M;G,V;M;L;A,"198,51,262,165",0.0,6EQE
T;T;M;S,V;M;L;E,"198,51,262,121",0.0,6EQE
T;T;M;I,V;M;L;R,"198,51,262,168",0.0,6EQE
T;T;M;N,V;M;L;H,"198,51,262,205",0.0,6EQE
T;T;M;S,V;M;L;Y,"198,51,262,269",0.0,6EQE
T;T;M;S,V;M;L;T,"198,51,262,214",0.0,6EQE
T;T;M;I,V;M;L;R,"198,51,262,218",0.0,6EQE
T;T;M;P,V;M;L;K,"198,51,262,120",0.0,6EQE
T;T;M;M,V;M;L;H,"198,51,262,161",0.0,6EQE
T;T;M;I,V;M;L;H,"198,51,262,168",0.0,6EQE
T;T;M;N,V;M;L;K,"198,51,262,114",0.0,6EQE
T;T;M;P,V;M;L;V,"198,51,262,184",0.0,6EQE
T;T;M;W,V;M;L;P,"198,51,262,185",0.0,6EQE
T;T;M;S,V;M;L;H,"198,51,262,187",0.0,6EQE
T;T;M;S,V;M;L;P,"198,51,262,188",0.0,6EQE
T;T;M;T,V;M;L;Y,"198,51,262,189",0.0,6EQE
T;T;M;F,V;M;L;M,"198,51,262,191",0.0,6EQE
T;T;N;S,V;M;K;N,"198,51,233,124",0.0,6EQE
T;T;N;G,V;M;K;Q,"198,51,233,243",0.0,6EQE
T;T;N;G,V;M;K;L,"198,51,233,243",0.0,6EQE
T;T;N;T,V;M;K;E,"198,51,233,270",0.0,6EQE
T;T;N;R,V;M;K;V,"198,51,233,34",0.0,6EQE
T;T;N;G,V;M;K;K,"198,51,233,243",0.0,6EQE
T;T;N;D,V;M;K;Q,"198,51,233,220",0.0,6EQE
T;T;N;S,V;M;K;K,"198,51,233,124",0.0,6EQE
T;T;N;F,V;M;K;E,"198,51,233,271",0.0,6EQE
T;T;N;G,V;M;K;Q,"198,51,233,164",0.0,6EQE
T;T;N;A,V;M;K;D,"198,51,233,130",0.0,6EQE
T;T;N;W,V;M;K;C,"198,51,233,257",0.0,6EQE
T;T;N;Q,V;M;K;N,"198,51,233,127",0.0,6EQE
T;T;N;Q,V;M;K;R,"198,51,233,127",0.0,6EQE
T;T;N;S,V;M;K;M,"198,51,233,238",0.0,6EQE
T;T;N;F,V;M;K;M,"198,51,233,271",0.0,6EQE
T;T;N;S,V;M;K;A,"198,51,233,124",0.0,6EQE
T;T;N;G,V;M;K;I,"198,51,233,243",0.0,6EQE
T;T;N;Q,V;M;K;I,"198,51,233,127",0.0,6EQE
T;T;N;A,V;M;K;V,"198,51,233,65",0.0,6EQE
T;T;N;Q,V;M;K;E,"198,51,233,133",0.0,6EQE
T;T;N;S,V;M;K;T,"198,51,233,124",0.0,6EQE
T;T;N;Q,V;M;K;K,"198,51,233,127",0.0,6EQE
T;T;N;Q,V;M;K;W,"198,51,233,133",0.0,6EQE
T;T;N;D,V;M;K;L,"198,51,233,220",0.0,6EQE
T;T;N;T,V;M;K;D,"198,51,233,88",0.0,6EQE
T;T;N;R,V;M;K;N,"198,51,233,132",0.0,6EQE
T;T;N;Q,V;M;K;D,"198,51,233,127",0.0,6EQE
T;T;N;A,V;M;K;Y,"198,51,233,215",0.0,6EQE
T;T;N;L,V;M;K;K,"198,51,233,249",0.0,6EQE
T;T;N;R,V;M;K;Y,"198,51,233,123",0.0,6EQE
T;T;N;F,V;M;K;W,"198,51,233,271",0.0,6EQE
T;T;N;S,V;M;K;D,"198,51,233,58",0.0,6EQE
T;T;N;N,V;M;K;I,"198,51,233,37",0.0,6EQE
T;T;N;C,V;M;K;D,"198,51,233,289",0.0,6EQE
T;T;N;A,V;M;K;P,"198,51,233,152",0.0,6EQE
T;T;N;D,V;M;K;V,"198,51,233,186",0.0,6EQE
T;T;N;G,V;M;K;P,"198,51,233,243",0.0,6EQE
T;T;N;S,V;M;K;E,"198,51,233,115",0.0,6EQE
T;T;N;L,V;M;K;Q,"198,51,233,216",0.0,6EQE
T;T;N;N,V;M;K;P,"198,51,233,277",0.0,6EQE
T;T;N;R,V;M;K;Q,"198,51,233,132",0.0,6EQE
T;T;N;N,V;M;K;Y,"198,51,233,244",0.0,6EQE
T;T;N;H,V;M;K;T,"198,51,233,104",0.0,6EQE
T;T;N;S,V;M;K;V,"198,51,233,58",0.0,6EQE
T;T;N;H,V;M;K;L,"198,51,233,104",0.0,6EQE
T;T;N;P,V;M;K;Q,"198,51,233,38",0.0,6EQE
T;T;N;R,V;M;K;L,"198,51,233,53",0.0,6EQE
T;T;N;A,V;M;K;T,"198,51,233,180",0.0,6EQE
T;T;N;P,V;M;K;D,"198,51,233,197",0.0,6EQE
T;T;N;A,V;M;K;M,"198,51,233,135",0.0,6EQE
T;T;N;I,V;M;K;L,"198,51,233,111",0.0,6EQE
T;T;N;G,V;M;K;S,"198,51,233,243",0.0,6EQE
T;T;N;Q,V;M;K;L,"198,51,233,127",0.0,6EQE
T;T;N;Q,V;M;K;H,"198,51,233,127",0.0,6EQE
T;T;N;W,V;M;K;I,"198,51,233,159",0.0,6EQE
T;T;N;Q,V;M;K;P,"198,51,233,127",0.0,6EQE
T;T;N;S,V;M;K;N,"198,51,233,103",0.0,6EQE
T;T;N;A,V;M;K;Y,"198,51,233,179",0.0,6EQE
T;T;N;W,V;M;K;K,"198,51,233,257",0.0,6EQE
T;T;N;L,V;M;K;M,"198,51,233,216",0.0,6EQE
T;T;N;Q,V;M;K;E,"198,51,233,127",0.0,6EQE
T;T;N;G,V;M;K;A,"198,51,233,243",0.0,6EQE
T;T;N;A,V;M;K;N,"198,51,233,226",0.0,6EQE
T;T;N;L,V;M;K;I,"198,51,233,216",0.0,6EQE
T;T;N;C,V;M;K;L,"198,51,233,289",0.0,6EQE
T;T;N;S,V;M;K;E,"198,51,233,207",0.0,6EQE
T;T;N;M,V;M;K;L,"198,51,233,154",0.0,6EQE
T;T;N;M,V;M;K;P,"198,51,233,222",0.0,6EQE
T;T;N;G,V;M;K;T,"198,51,233,251",0.0,6EQE
T;T;N;P,V;M;K;L,"198,51,233,38",0.0,6EQE
T;T;N;L,V;M;K;W,"198,51,233,216",0.0,6EQE
T;T;N;T,V;M;K;L,"198,51,233,72",0.0,6EQE
T;T;N;S,V;M;K;P,"198,51,233,245",0.0,6EQE
T;T;N;I,V;M;K;W,"198,51,233,111",0.0,6EQE
T;T;N;L,V;M;K;D,"198,51,233,249",0.0,6EQE
T;T;N;E,V;M;K;K,"198,51,233,231",0.0,6EQE
T;T;N;D,V;M;K;K,"198,51,233,263",0.0,6EQE
T;T;N;L,V;M;K;E,"198,51,233,216",0.0,6EQE
T;T;N;S,V;M;K;T,"198,51,233,121",0.0,6EQE
T;T;N;I,V;M;K;H,"198,51,233,145",0.0,6EQE
T;T;N;I,V;M;K;L,"198,51,233,145",0.0,6EQE
T;T;N;H,V;M;K;M,"198,51,233,104",0.0,6EQE
T;T;N;R,V;M;K;P,"198,51,233,280",0.0,6EQE
T;T;N;L,V;M;K;F,"198,51,233,216",0.0,6EQE
T;T;N;S,V;M;K;D,"198,51,233,103",0.0,6EQE
T;T;N;I,V;M;K;V,"198,51,233,200",0.0,6EQE
T;T;N;T,V;M;K;K,"198,51,233,88",0.0,6EQE
T;T;N;N,V;M;K;K,"198,51,233,138",0.0,6EQE
T;T;N;A,V;M;K;L,"198,51,233,65",0.0,6EQE
T;T;N;Q,V;M;K;T,"198,51,233,91",0.0,6EQE
T;T;N;G,V;M;K;D,"198,51,233,163",0.0,6EQE
T;T;N;A,V;M;K;M,"198,51,233,65",0.0,6EQE
T;T;N;K,V;M;K;L,"198,51,233,252",0.0,6EQE
T;T;N;V,V;M;K;D,"198,51,233,57",0.0,6EQE
T;T;N;Q,V;M;K;V,"198,51,233,127",0.0,6EQE
T;T;N;V,V;M;K;C,"198,51,233,281",0.0,6EQE
T;T;N;T,V;M;K;V,"198,51,233,72",0.0,6EQE
T;T;N;Q,V;M;K;N,"198,51,233,133",0.0,6EQE
T;T;N;R,V;M;K;K,"198,51,233,53",0.0,6EQE
T;T;N;S,V;M;K;P,"198,51,233,125",0.0,6EQE
T;T;N;T,V;M;K;Q,"198,51,233,88",0.0,6EQE
T;T;N;N,V;M;K;L,"198,51,233,138",0.0,6EQE
T;T;N;H,V;M;K;R,"198,51,233,104",0.0,6EQE
T;T;N;W,V;M;K;P,"198,51,233,159",0.0,6EQE
T;T;N;S,V;M;K;Y,"198,51,233,242",0.0,6EQE
T;T;N;A,V;M;K;F,"198,51,233,65",0.0,6EQE
T;T;N;G,V;M;K;H,"198,51,233,251",0.0,6EQE
T;T;N;L,V;M;K;P,"198,51,233,216",0.0,6EQE
T;T;N;S,V;M;K;W,"198,51,233,58",0.0,6EQE
T;T;N;A,V;M;K;E,"198,51,233,152",0.0,6EQE
T;T;N;T,V;M;K;N,"198,51,233,88",0.0,6EQE
T;T;N;S,V;M;K;K,"198,51,233,58",0.0,6EQE
T;T;N;L,V;M;K;C,"198,51,233,249",0.0,6EQE
T;T;N;N,V;M;K;T,"198,51,233,190",0.0,6EQE
T;T;N;S,V;M;K;V,"198,51,233,223",0.0,6EQE
T;T;N;A,V;M;K;W,"198,51,233,65",0.0,6EQE
T;T;N;K,V;M;K;Y,"198,51,233,253",0.0,6EQE
T;T;N;R,V;M;K;S,"198,51,233,90",0.0,6EQE
T;T;N;T,V;M;K;M,"198,51,233,29",0.0,6EQE
T;T;N;M,V;M;K;L,"198,51,233,262",0.0,6EQE
T;T;N;A,V;M;K;L,"198,51,233,272",0.0,6EQE
T;T;N;R,V;M;K;N,"198,51,233,90",0.0,6EQE
T;T;N;R,V;M;K;T,"198,51,233,90",0.0,6EQE
T;T;N;G,V;M;K;T,"198,51,233,254",0.0,6EQE
T;T;N;R,V;M;K;P,"198,51,233,90",0.0,6EQE
T;T;N;N,V;M;K;Y,"198,51,233,37",0.0,6EQE
T;T;N;Q,V;M;K;I,"198,51,233,182",0.0,6EQE
T;T;N;R,V;M;K;A,"198,51,233,90",0.0,6EQE
T;T;N;K,V;M;K;F,"198,51,233,253",0.0,6EQE
T;T;N;Y,V;M;K;S,"198,51,233,63",0.0,6EQE
T;T;N;Q,V;M;K;M,"198,51,233,127",0.0,6EQE
T;T;N;Q,V;M;K;L,"198,51,233,182",0.0,6EQE
T;T;N;K,V;M;K;A,"198,51,233,253",0.0,6EQE
T;T;N;K,V;M;K;V,"198,51,233,253",0.0,6EQE
T;T;N;Q,V;M;K;F,"198,51,233,182",0.0,6EQE
T;T;N;R,V;M;K;D,"198,51,233,90",0.0,6EQE
T;T;N;Q,V;M;K;A,"198,51,233,127",0.0,6EQE
T;T;N;Y,V;M;K;T,"198,51,233,63",0.0,6EQE
T;T;N;Q,V;M;K;V,"198,51,233,182",0.0,6EQE
T;T;N;K,V;M;K;L,"198,51,233,253",0.0,6EQE
T;T;N;C,V;M;K;S,"198,51,233,289",0.0,6EQE
T;T;N;Y,V;M;K;G,"198,51,233,63",0.0,6EQE
T;T;N;M,V;M;K;V,"198,51,233,154",0.0,6EQE
T;T;N;Q,V;M;K;T,"198,51,233,127",0.0,6EQE
T;T;N;A,V;M;K;D,"198,51,233,226",0.0,6EQE
T;T;N;C,V;M;K;A,"198,51,233,289",0.0,6EQE
T;T;N;R,V;M;K;Q,"198,51,233,224",0.0,6EQE
T;T;N;S,V;M;K;E,"198,51,233,136",0.0,6EQE
T;T;N;D,V;M;K;N,"198,51,233,186",0.0,6EQE
T;T;N;R,V;M;K;A,"198,51,233,280",0.0,6EQE
T;T;N;S,V;M;K;F,"198,51,233,238",0.0,6EQE
T;T;N;S,V;M;K;Q,"198,51,233,188",0.0,6EQE
T;T;N;S,V;M;K;H,"198,51,233,214",0.0,6EQE
T;T;N;L,V;M;K;F,"198,51,233,117",0.0,6EQE
T;T;N;Q,V;M;K;Y,"198,51,233,119",0.0,6EQE
T;T;N;G,V;M;K;A,"198,51,233,165",0.0,6EQE
T;T;N;S,V;M;K;E,"198,51,233,121",0.0,6EQE
T;T;N;I,V;M;K;R,"198,51,233,168",0.0,6EQE
T;T;N;N,V;M;K;H,"198,51,233,205",0.0,6EQE
T;T;N;S,V;M;K;Y,"198,51,233,269",0.0,6EQE
T;T;N;S,V;M;K;T,"198,51,233,214",0.0,6EQE
T;T;N;I,V;M;K;R,"198,51,233,218",0.0,6EQE
T;T;N;P,V;M;K;K,"198,51,233,120",0.0,6EQE
T;T;N;M,V;M;K;H,"198,51,233,161",0.0,6EQE
T;T;N;I,V;M;K;H,"198,51,233,168",0.0,6EQE
T;T;N;N,V;M;K;K,"198,51,233,114",0.0,6EQE
T;T;N;P,V;M;K;V,"198,51,233,184",0.0,6EQE
T;T;N;W,V;M;K;P,"198,51,233,185",0.0,6EQE
T;T;N;S,V;M;K;H,"198,51,233,187",0.0,6EQE
T;T;N;S,V;M;K;P,"198,51,233,188",0.0,6EQE
T;T;N;T,V;M;K;Y,"198,51,233,189",0.0,6EQE
T;T;N;F,V;M;K;M,"198,51,233,191",0.0,6EQE
N;S;S;S,K;T;W;N,"233,214,58,124",0.0,6EQE
N;S;S;G,K;T;W;Q,"233,214,58,243",0.0,6EQE
N;S;S;G,K;T;W;L,"233,214,58,243",0.0,6EQE
N;S;S;T,K;T;W;E,"233,214,58,270",0.0,6EQE
N;S;S;R,K;T;W;V,"233,214,58,34",0.0,6EQE
N;S;S;G,K;T;W;K,"233,214,58,243",0.0,6EQE
N;S;S;D,K;T;W;Q,"233,214,58,220",0.0,6EQE
N;S;S;S,K;T;W;K,"233,214,58,124",0.0,6EQE
N;S;S;F,K;T;W;E,"233,214,58,271",0.0,6EQE
N;S;S;G,K;T;W;Q,"233,214,58,164",0.0,6EQE
N;S;S;A,K;T;W;D,"233,214,58,130",0.0,6EQE
N;S;S;W,K;T;W;C,"233,214,58,257",0.0,6EQE
N;S;S;Q,K;T;W;N,"233,214,58,127",0.0,6EQE
N;S;S;Q,K;T;W;R,"233,214,58,127",0.0,6EQE
N;S;S;S,K;T;W;M,"233,214,58,238",0.0,6EQE
N;S;S;F,K;T;W;M,"233,214,58,271",0.0,6EQE
N;S;S;S,K;T;W;A,"233,214,58,124",0.0,6EQE
N;S;S;G,K;T;W;I,"233,214,58,243",0.0,6EQE
N;S;S;Q,K;T;W;I,"233,214,58,127",0.0,6EQE
N;S;S;A,K;T;W;V,"233,214,58,65",0.0,6EQE
N;S;S;Q,K;T;W;E,"233,214,58,133",0.0,6EQE
N;S;S;S,K;T;W;T,"233,214,58,124",0.0,6EQE
N;S;S;Q,K;T;W;K,"233,214,58,127",0.0,6EQE
N;S;S;Q,K;T;W;W,"233,214,58,133",0.0,6EQE
N;S;S;D,K;T;W;L,"233,214,58,220",0.0,6EQE
N;S;S;T,K;T;W;D,"233,214,58,88",0.0,6EQE
N;S;S;R,K;T;W;N,"233,214,58,132",0.0,6EQE
N;S;S;Q,K;T;W;D,"233,214,58,127",0.0,6EQE
N;S;S;A,K;T;W;Y,"233,214,58,215",0.0,6EQE
N;S;S;L,K;T;W;K,"233,214,58,249",0.0,6EQE
N;S;S;R,K;T;W;Y,"233,214,58,123",0.0,6EQE
N;S;S;F,K;T;W;W,"233,214,58,271",0.0,6EQE
N;S;S;N,K;T;W;I,"233,214,58,37",0.0,6EQE
N;S;S;C,K;T;W;D,"233,214,58,289",0.0,6EQE
N;S;S;A,K;T;W;P,"233,214,58,152",0.0,6EQE
N;S;S;D,K;T;W;V,"233,214,58,186",0.0,6EQE
N;S;S;G,K;T;W;P,"233,214,58,243",0.0,6EQE
N;S;S;S,K;T;W;E,"233,214,58,115",0.0,6EQE
N;S;S;L,K;T;W;Q,"233,214,58,216",0.0,6EQE
N;S;S;N,K;T;W;P,"233,214,58,277",0.0,6EQE
N;S;S;R,K;T;W;Q,"233,214,58,132",0.0,6EQE
N;S;S;N,K;T;W;Y,"233,214,58,244",0.0,6EQE
N;S;S;H,K;T;W;T,"233,214,58,104",0.0,6EQE
N;S;S;H,K;T;W;L,"233,214,58,104",0.0,6EQE
N;S;S;P,K;T;W;Q,"233,214,58,38",0.0,6EQE
N;S;S;R,K;T;W;L,"233,214,58,53",0.0,6EQE
N;S;S;A,K;T;W;T,"233,214,58,180",0.0,6EQE
N;S;S;P,K;T;W;D,"233,214,58,197",0.0,6EQE
N;S;S;T,K;T;W;V,"233,214,58,198",0.0,6EQE
N;S;S;A,K;T;W;M,"233,214,58,135",0.0,6EQE
N;S;S;I,K;T;W;L,"233,214,58,111",0.0,6EQE
N;S;S;G,K;T;W;S,"233,214,58,243",0.0,6EQE
N;S;S;Q,K;T;W;L,"233,214,58,127",0.0,6EQE
N;S;S;Q,K;T;W;H,"233,214,58,127",0.0,6EQE
N;S;S;W,K;T;W;I,"233,214,58,159",0.0,6EQE
N;S;S;Q,K;T;W;P,"233,214,58,127",0.0,6EQE
N;S;S;S,K;T;W;N,"233,214,58,103",0.0,6EQE
N;S;S;A,K;T;W;Y,"233,214,58,179",0.0,6EQE
N;S;S;W,K;T;W;K,"233,214,58,257",0.0,6EQE
N;S;S;L,K;T;W;M,"233,214,58,216",0.0,6EQE
N;S;S;Q,K;T;W;E,"233,214,58,127",0.0,6EQE
N;S;S;G,K;T;W;A,"233,214,58,243",0.0,6EQE
N;S;S;A,K;T;W;N,"233,214,58,226",0.0,6EQE
N;S;S;L,K;T;W;I,"233,214,58,216",0.0,6EQE
N;S;S;C,K;T;W;L,"233,214,58,289",0.0,6EQE
N;S;S;S,K;T;W;E,"233,214,58,207",0.0,6EQE
N;S;S;M,K;T;W;L,"233,214,58,154",0.0,6EQE
N;S;S;M,K;T;W;P,"233,214,58,222",0.0,6EQE
N;S;S;G,K;T;W;T,"233,214,58,251",0.0,6EQE
N;S;S;P,K;T;W;L,"233,214,58,38",0.0,6EQE
N;S;S;L,K;T;W;W,"233,214,58,216",0.0,6EQE
N;S;S;T,K;T;W;L,"233,214,58,72",0.0,6EQE
N;S;S;S,K;T;W;P,"233,214,58,245",0.0,6EQE
N;S;S;I,K;T;W;W,"233,214,58,111",0.0,6EQE
N;S;S;L,K;T;W;D,"233,214,58,249",0.0,6EQE
N;S;S;E,K;T;W;K,"233,214,58,231",0.0,6EQE
N;S;S;D,K;T;W;K,"233,214,58,263",0.0,6EQE
N;S;S;T,K;T;W;M,"233,214,58,51",0.0,6EQE
N;S;S;L,K;T;W;E,"233,214,58,216",0.0,6EQE
N;S;S;S,K;T;W;T,"233,214,58,121",0.0,6EQE
N;S;S;I,K;T;W;H,"233,214,58,145",0.0,6EQE
N;S;S;I,K;T;W;L,"233,214,58,145",0.0,6EQE
N;S;S;H,K;T;W;M,"233,214,58,104",0.0,6EQE
N;S;S;R,K;T;W;P,"233,214,58,280",0.0,6EQE
N;S;S;L,K;T;W;F,"233,214,58,216",0.0,6EQE
N;S;S;S,K;T;W;D,"233,214,58,103",0.0,6EQE
N;S;S;I,K;T;W;V,"233,214,58,200",0.0,6EQE
N;S;S;T,K;T;W;K,"233,214,58,88",0.0,6EQE
N;S;S;N,K;T;W;K,"233,214,58,138",0.0,6EQE
N;S;S;A,K;T;W;L,"233,214,58,65",0.0,6EQE
N;S;S;Q,K;T;W;T,"233,214,58,91",0.0,6EQE
N;S;S;G,K;T;W;D,"233,214,58,163",0.0,6EQE
N;S;S;A,K;T;W;M,"233,214,58,65",0.0,6EQE
N;S;S;K,K;T;W;L,"233,214,58,252",0.0,6EQE
N;S;S;V,K;T;W;D,"233,214,58,57",0.0,6EQE
N;S;S;Q,K;T;W;V,"233,214,58,127",0.0,6EQE
N;S;S;V,K;T;W;C,"233,214,58,281",0.0,6EQE
N;S;S;T,K;T;W;V,"233,214,58,72",0.0,6EQE
N;S;S;Q,K;T;W;N,"233,214,58,133",0.0,6EQE
N;S;S;R,K;T;W;K,"233,214,58,53",0.0,6EQE
N;S;S;S,K;T;W;P,"233,214,58,125",0.0,6EQE
N;S;S;T,K;T;W;Q,"233,214,58,88",0.0,6EQE
N;S;S;N,K;T;W;L,"233,214,58,138",0.0,6EQE
N;S;S;H,K;T;W;R,"233,214,58,104",0.0,6EQE
N;S;S;W,K;T;W;P,"233,214,58,159",0.0,6EQE
N;S;S;S,K;T;W;Y,"233,214,58,242",0.0,6EQE
N;S;S;A,K;T;W;F,"233,214,58,65",0.0,6EQE
N;S;S;G,K;T;W;H,"233,214,58,251",0.0,6EQE
N;S;S;L,K;T;W;P,"233,214,58,216",0.0,6EQE
N;S;S;A,K;T;W;E,"233,214,58,152",0.0,6EQE
N;S;S;T,K;T;W;N,"233,214,58,88",0.0,6EQE
N;S;S;T,K;T;W;N,"233,214,58,198",0.0,6EQE
N;S;S;L,K;T;W;C,"233,214,58,249",0.0,6EQE
N;S;S;N,K;T;W;T,"233,214,58,190",0.0,6EQE
N;S;S;S,K;T;W;V,"233,214,58,223",0.0,6EQE
N;S;S;A,K;T;W;W,"233,214,58,65",0.0,6EQE
N;S;S;K,K;T;W;Y,"233,214,58,253",0.0,6EQE
N;S;S;R,K;T;W;S,"233,214,58,90",0.0,6EQE
N;S;S;T,K;T;W;M,"233,214,58,29",0.0,6EQE
N;S;S;M,K;T;W;L,"233,214,58,262",0.0,6EQE
N;S;S;A,K;T;W;L,"233,214,58,272",0.0,6EQE
N;S;S;R,K;T;W;N,"233,214,58,90",0.0,6EQE
N;S;S;R,K;T;W;T,"233,214,58,90",0.0,6EQE
N;S;S;G,K;T;W;T,"233,214,58,254",0.0,6EQE
N;S;S;R,K;T;W;P,"233,214,58,90",0.0,6EQE
N;S;S;N,K;T;W;Y,"233,214,58,37",0.0,6EQE
N;S;S;Q,K;T;W;I,"233,214,58,182",0.0,6EQE
N;S;S;R,K;T;W;A,"233,214,58,90",0.0,6EQE
N;S;S;K,K;T;W;F,"233,214,58,253",0.0,6EQE
N;S;S;Y,K;T;W;S,"233,214,58,63",0.0,6EQE
N;S;S;Q,K;T;W;M,"233,214,58,127",0.0,6EQE
N;S;S;Q,K;T;W;L,"233,214,58,182",0.0,6EQE
N;S;S;K,K;T;W;A,"233,214,58,253",0.0,6EQE
N;S;S;K,K;T;W;V,"233,214,58,253",0.0,6EQE
N;S;S;Q,K;T;W;F,"233,214,58,182",0.0,6EQE
N;S;S;R,K;T;W;D,"233,214,58,90",0.0,6EQE
N;S;S;Q,K;T;W;A,"233,214,58,127",0.0,6EQE
N;S;S;Y,K;T;W;T,"233,214,58,63",0.0,6EQE
N;S;S;Q,K;T;W;V,"233,214,58,182",0.0,6EQE
N;S;S;K,K;T;W;L,"233,214,58,253",0.0,6EQE
N;S;S;C,K;T;W;S,"233,214,58,289",0.0,6EQE
N;S;S;Y,K;T;W;G,"233,214,58,63",0.0,6EQE
N;S;S;M,K;T;W;V,"233,214,58,154",0.0,6EQE
N;S;S;Q,K;T;W;T,"233,214,58,127",0.0,6EQE
N;S;S;A,K;T;W;D,"233,214,58,226",0.0,6EQE
N;S;S;C,K;T;W;A,"233,214,58,289",0.0,6EQE
N;S;S;R,K;T;W;Q,"233,214,58,224",0.0,6EQE
N;S;S;S,K;T;W;E,"233,214,58,136",0.0,6EQE
N;S;S;D,K;T;W;N,"233,214,58,186",0.0,6EQE
N;S;S;R,K;T;W;A,"233,214,58,280",0.0,6EQE
N;S;S;S,K;T;W;F,"233,214,58,238",0.0,6EQE
N;S;S;S,K;T;W;Q,"233,214,58,188",0.0,6EQE
N;S;S;L,K;T;W;F,"233,214,58,117",0.0,6EQE
N;S;S;Q,K;T;W;Y,"233,214,58,119",0.0,6EQE
N;S;S;G,K;T;W;A,"233,214,58,165",0.0,6EQE
N;S;S;S,K;T;W;E,"233,214,58,121",0.0,6EQE
N;S;S;I,K;T;W;R,"233,214,58,168",0.0,6EQE
N;S;S;N,K;T;W;H,"233,214,58,205",0.0,6EQE
N;S;S;S,K;T;W;Y,"233,214,58,269",0.0,6EQE
N;S;S;I,K;T;W;R,"233,214,58,218",0.0,6EQE
N;S;S;P,K;T;W;K,"233,214,58,120",0.0,6EQE
N;S;S;M,K;T;W;H,"233,214,58,161",0.0,6EQE
N;S;S;I,K;T;W;H,"233,214,58,168",0.0,6EQE
N;S;S;N,K;T;W;K,"233,214,58,114",0.0,6EQE
N;S;S;P,K;T;W;V,"233,214,58,184",0.0,6EQE
N;S;S;W,K;T;W;P,"233,214,58,185",0.0,6EQE
N;S;S;S,K;T;W;H,"233,214,58,187",0.0,6EQE
N;S;S;S,K;T;W;P,"233,214,58,188",0.0,6EQE
N;S;S;T,K;T;W;Y,"233,214,58,189",0.0,6EQE
N;S;S;F,K;T;W;M,"233,214,58,191",0.0,6EQE
A;M;L;S,M;L;F;N,"135,154,117,124",0.0,6EQE
A;M;L;G,M;L;F;Q,"135,154,117,243",0.0,6EQE
A;M;L;G,M;L;F;L,"135,154,117,243",0.0,6EQE
A;M;L;T,M;L;F;E,"135,154,117,270",0.0,6EQE
A;M;L;R,M;L;F;V,"135,154,117,34",0.0,6EQE
A;M;L;G,M;L;F;K,"135,154,117,243",0.0,6EQE
A;M;L;D,M;L;F;Q,"135,154,117,220",0.0,6EQE
A;M;L;S,M;L;F;K,"135,154,117,124",0.0,6EQE
A;M;L;F,M;L;F;E,"135,154,117,271",0.0,6EQE
A;M;L;G,M;L;F;Q,"135,154,117,164",0.0,6EQE
A;M;L;A,M;L;F;D,"135,154,117,130",0.0,6EQE
A;M;L;W,M;L;F;C,"135,154,117,257",0.0,6EQE
A;M;L;Q,M;L;F;N,"135,154,117,127",0.0,6EQE
A;M;L;Q,M;L;F;R,"135,154,117,127",0.0,6EQE
A;M;L;S,M;L;F;M,"135,154,117,238",0.0,6EQE
A;M;L;F,M;L;F;M,"135,154,117,271",0.0,6EQE
A;M;L;S,M;L;F;A,"135,154,117,124",0.0,6EQE
A;M;L;G,M;L;F;I,"135,154,117,243",0.0,6EQE
A;M;L;Q,M;L;F;I,"135,154,117,127",0.0,6EQE
A;M;L;A,M;L;F;V,"135,154,117,65",0.0,6EQE
A;M;L;Q,M;L;F;E,"135,154,117,133",0.0,6EQE
A;M;L;S,M;L;F;T,"135,154,117,124",0.0,6EQE
A;M;L;Q,M;L;F;K,"135,154,117,127",0.0,6EQE
A;M;L;Q,M;L;F;W,"135,154,117,133",0.0,6EQE
A;M;L;D,M;L;F;L,"135,154,117,220",0.0,6EQE
A;M;L;T,M;L;F;D,"135,154,117,88",0.0,6EQE
A;M;L;R,M;L;F;N,"135,154,117,132",0.0,6EQE
A;M;L;Q,M;L;F;D,"135,154,117,127",0.0,6EQE
A;M;L;A,M;L;F;Y,"135,154,117,215",0.0,6EQE
A;M;L;L,M;L;F;K,"135,154,117,249",0.0,6EQE
A;M;L;R,M;L;F;Y,"135,154,117,123",0.0,6EQE
A;M;L;F,M;L;F;W,"135,154,117,271",0.0,6EQE
A;M;L;S,M;L;F;D,"135,154,117,58",0.0,6EQE
A;M;L;N,M;L;F;I,"135,154,117,37",0.0,6EQE
A;M;L;C,M;L;F;D,"135,154,117,289",0.0,6EQE
A;M;L;A,M;L;F;P,"135,154,117,152",0.0,6EQE
A;M;L;D,M;L;F;V,"135,154,117,186",0.0,6EQE
A;M;L;G,M;L;F;P,"135,154,117,243",0.0,6EQE
A;M;L;S,M;L;F;E,"135,154,117,115",0.0,6EQE
A;M;L;L,M;L;F;Q,"135,154,117,216",0.0,6EQE
A;M;L;N,M;L;F;P,"135,154,117,277",0.0,6EQE
A;M;L;R,M;L;F;Q,"135,154,117,132",0.0,6EQE
A;M;L;N,M;L;F;Y,"135,154,117,244",0.0,6EQE
A;M;L;H,M;L;F;T,"135,154,117,104",0.0,6EQE
A;M;L;S,M;L;F;V,"135,154,117,58",0.0,6EQE
A;M;L;H,M;L;F;L,"135,154,117,104",0.0,6EQE
A;M;L;P,M;L;F;Q,"135,154,117,38",0.0,6EQE
A;M;L;R,M;L;F;L,"135,154,117,53",0.0,6EQE
A;M;L;A,M;L;F;T,"135,154,117,180",0.0,6EQE
A;M;L;P,M;L;F;D,"135,154,117,197",0.0,6EQE
A;M;L;T,M;L;F;V,"135,154,117,198",0.0,6EQE
A;M;L;I,M;L;F;L,"135,154,117,111",0.0,6EQE
A;M;L;G,M;L;F;S,"135,154,117,243",0.0,6EQE
A;M;L;Q,M;L;F;L,"135,154,117,127",0.0,6EQE
A;M;L;Q,M;L;F;H,"135,154,117,127",0.0,6EQE
A;M;L;W,M;L;F;I,"135,154,117,159",0.0,6EQE
A;M;L;Q,M;L;F;P,"135,154,117,127",0.0,6EQE
A;M;L;S,M;L;F;N,"135,154,117,103",0.0,6EQE
A;M;L;A,M;L;F;Y,"135,154,117,179",0.0,6EQE
A;M;L;W,M;L;F;K,"135,154,117,257",0.0,6EQE
A;M;L;L,M;L;F;M,"135,154,117,216",0.0,6EQE
A;M;L;Q,M;L;F;E,"135,154,117,127",0.0,6EQE
A;M;L;G,M;L;F;A,"135,154,117,243",0.0,6EQE
A;M;L;A,M;L;F;N,"135,154,117,226",0.0,6EQE
A;M;L;L,M;L;F;I,"135,154,117,216",0.0,6EQE
A;M;L;C,M;L;F;L,"135,154,117,289",0.0,6EQE
A;M;L;S,M;L;F;E,"135,154,117,207",0.0,6EQE
A;M;L;M,M;L;F;P,"135,154,117,222",0.0,6EQE
A;M;L;G,M;L;F;T,"135,154,117,251",0.0,6EQE
A;M;L;P,M;L;F;L,"135,154,117,38",0.0,6EQE
A;M;L;L,M;L;F;W,"135,154,117,216",0.0,6EQE
A;M;L;T,M;L;F;L,"135,154,117,72",0.0,6EQE
A;M;L;S,M;L;F;P,"135,154,117,245",0.0,6EQE
A;M;L;I,M;L;F;W,"135,154,117,111",0.0,6EQE
A;M;L;L,M;L;F;D,"135,154,117,249",0.0,6EQE
A;M;L;E,M;L;F;K,"135,154,117,231",0.0,6EQE
A;M;L;D,M;L;F;K,"135,154,117,263",0.0,6EQE
A;M;L;T,M;L;F;M,"135,154,117,51",0.0,6EQE
A;M;L;L,M;L;F;E,"135,154,117,216",0.0,6EQE
A;M;L;S,M;L;F;T,"135,154,117,121",0.0,6EQE
A;M;L;I,M;L;F;H,"135,154,117,145",0.0,6EQE
A;M;L;I,M;L;F;L,"135,154,117,145",0.0,6EQE
A;M;L;H,M;L;F;M,"135,154,117,104",0.0,6EQE
A;M;L;R,M;L;F;P,"135,154,117,280",0.0,6EQE
A;M;L;L,M;L;F;F,"135,154,117,216",0.0,6EQE
A;M;L;S,M;L;F;D,"135,154,117,103",0.0,6EQE
A;M;L;I,M;L;F;V,"135,154,117,200",0.0,6EQE
A;M;L;T,M;L;F;K,"135,154,117,88",0.0,6EQE
A;M;L;N,M;L;F;K,"135,154,117,138",0.0,6EQE
A;M;L;A,M;L;F;L,"135,154,117,65",0.0,6EQE
A;M;L;Q,M;L;F;T,"135,154,117,91",0.0,6EQE
A;M;L;G,M;L;F;D,"135,154,117,163",0.0,6EQE
A;M;L;A,M;L;F;M,"135,154,117,65",0.0,6EQE
A;M;L;K,M;L;F;L,"135,154,117,252",0.0,6EQE
A;M;L;V,M;L;F;D,"135,154,117,57",0.0,6EQE
A;M;L;Q,M;L;F;V,"135,154,117,127",0.0,6EQE
A;M;L;V,M;L;F;C,"135,154,117,281",0.0,6EQE
A;M;L;T,M;L;F;V,"135,154,117,72",0.0,6EQE
A;M;L;Q,M;L;F;N,"135,154,117,133",0.0,6EQE
A;M;L;R,M;L;F;K,"135,154,117,53",0.0,6EQE
A;M;L;S,M;L;F;P,"135,154,117,125",0.0,6EQE
A;M;L;T,M;L;F;Q,"135,154,117,88",0.0,6EQE
A;M;L;N,M;L;F;L,"135,154,117,138",0.0,6EQE
A;M;L;H,M;L;F;R,"135,154,117,104",0.0,6EQE
A;M;L;W,M;L;F;P,"135,154,117,159",0.0,6EQE
A;M;L;S,M;L;F;Y,"135,154,117,242",0.0,6EQE
A;M;L;A,M;L;F;F,"135,154,117,65",0.0,6EQE
A;M;L;G,M;L;F;H,"135,154,117,251",0.0,6EQE
A;M;L;L,M;L;F;P,"135,154,117,216",0.0,6EQE
A;M;L;S,M;L;F;W,"135,154,117,58",0.0,6EQE
A;M;L;A,M;L;F;E,"135,154,117,152",0.0,6EQE
A;M;L;T,M;L;F;N,"135,154,117,88",0.0,6EQE
A;M;L;T,M;L;F;N,"135,154,117,198",0.0,6EQE
A;M;L;S,M;L;F;K,"135,154,117,58",0.0,6EQE
A;M;L;L,M;L;F;C,"135,154,117,249",0.0,6EQE
A;M;L;N,M;L;F;T,"135,154,117,190",0.0,6EQE
A;M;L;S,M;L;F;V,"135,154,117,223",0.0,6EQE
A;M;L;A,M;L;F;W,"135,154,117,65",0.0,6EQE
A;M;L;K,M;L;F;Y,"135,154,117,253",0.0,6EQE
A;M;L;R,M;L;F;S,"135,154,117,90",0.0,6EQE
A;M;L;T,M;L;F;M,"135,154,117,29",0.0,6EQE
A;M;L;M,M;L;F;L,"135,154,117,262",0.0,6EQE
A;M;L;A,M;L;F;L,"135,154,117,272",0.0,6EQE
A;M;L;R,M;L;F;N,"135,154,117,90",0.0,6EQE
A;M;L;R,M;L;F;T,"135,154,117,90",0.0,6EQE
A;M;L;G,M;L;F;T,"135,154,117,254",0.0,6EQE
A;M;L;R,M;L;F;P,"135,154,117,90",0.0,6EQE
A;M;L;N,M;L;F;Y,"135,154,117,37",0.0,6EQE
A;M;L;Q,M;L;F;I,"135,154,117,182",0.0,6EQE
A;M;L;R,M;L;F;A,"135,154,117,90",0.0,6EQE
A;M;L;K,M;L;F;F,"135,154,117,253",0.0,6EQE
A;M;L;Y,M;L;F;S,"135,154,117,63",0.0,6EQE
A;M;L;Q,M;L;F;M,"135,154,117,127",0.0,6EQE
A;M;L;Q,M;L;F;L,"135,154,117,182",0.0,6EQE
A;M;L;K,M;L;F;A,"135,154,117,253",0.0,6EQE
A;M;L;K,M;L;F;V,"135,154,117,253",0.0,6EQE
A;M;L;Q,M;L;F;F,"135,154,117,182",0.0,6EQE
A;M;L;R,M;L;F;D,"135,154,117,90",0.0,6EQE
A;M;L;Q,M;L;F;A,"135,154,117,127",0.0,6EQE
A;M;L;Y,M;L;F;T,"135,154,117,63",0.0,6EQE
A;M;L;Q,M;L;F;V,"135,154,117,182",0.0,6EQE
A;M;L;K,M;L;F;L,"135,154,117,253",0.0,6EQE
A;M;L;C,M;L;F;S,"135,154,117,289",0.0,6EQE
A;M;L;Y,M;L;F;G,"135,154,117,63",0.0,6EQE
A;M;L;Q,M;L;F;T,"135,154,117,127",0.0,6EQE
A;M;L;A,M;L;F;D,"135,154,117,226",0.0,6EQE
A;M;L;C,M;L;F;A,"135,154,117,289",0.0,6EQE
A;M;L;R,M;L;F;Q,"135,154,117,224",0.0,6EQE
A;M;L;N,M;L;F;K,"135,154,117,233",0.0,6EQE
A;M;L;S,M;L;F;E,"135,154,117,136",0.0,6EQE
A;M;L;D,M;L;F;N,"135,154,117,186",0.0,6EQE
A;M;L;R,M;L;F;A,"135,154,117,280",0.0,6EQE
A;M;L;S,M;L;F;F,"135,154,117,238",0.0,6EQE
A;M;L;S,M;L;F;Q,"135,154,117,188",0.0,6EQE
A;M;L;S,M;L;F;H,"135,154,117,214",0.0,6EQE
A;M;L;Q,M;L;F;Y,"135,154,117,119",0.0,6EQE
A;M;L;G,M;L;F;A,"135,154,117,165",0.0,6EQE
A;M;L;S,M;L;F;E,"135,154,117,121",0.0,6EQE
A;M;L;I,M;L;F;R,"135,154,117,168",0.0,6EQE
A;M;L;N,M;L;F;H,"135,154,117,205",0.0,6EQE
A;M;L;S,M;L;F;Y,"135,154,117,269",0.0,6EQE
A;M;L;S,M;L;F;T,"135,154,117,214",0.0,6EQE
A;M;L;I,M;L;F;R,"135,154,117,218",0.0,6EQE
A;M;L;P,M;L;F;K,"135,154,117,120",0.0,6EQE
A;M;L;M,M;L;F;H,"135,154,117,161",0.0,6EQE
A;M;L;I,M;L;F;H,"135,154,117,168",0.0,6EQE
A;M;L;N,M;L;F;K,"135,154,117,114",0.0,6EQE
A;M;L;P,M;L;F;V,"135,154,117,184",0.0,6EQE
A;M;L;W,M;L;F;P,"135,154,117,185",0.0,6EQE
A;M;L;S,M;L;F;H,"135,154,117,187",0.0,6EQE
A;M;L;S,M;L;F;P,"135,154,117,188",0.0,6EQE
A;M;L;T,M;L;F;Y,"135,154,117,189",0.0,6EQE
A;M;L;F,M;L;F;M,"135,154,117,191",0.0,6EQE
A;M;R;S,M;L;N;N,"135,154,90,124",0.0,6EQE
A;M;R;G,M;L;N;Q,"135,154,90,243",0.0,6EQE
A;M;R;G,M;L;N;L,"135,154,90,243",0.0,6EQE
A;M;R;T,M;L;N;E,"135,154,90,270",0.0,6EQE
A;M;R;R,M;L;N;V,"135,154,90,34",0.0,6EQE
A;M;R;G,M;L;N;K,"135,154,90,243",0.0,6EQE
A;M;R;D,M;L;N;Q,"135,154,90,220",0.0,6EQE
A;M;R;S,M;L;N;K,"135,154,90,124",0.0,6EQE
A;M;R;F,M;L;N;E,"135,154,90,271",0.0,6EQE
A;M;R;G,M;L;N;Q,"135,154,90,164",0.0,6EQE
A;M;R;A,M;L;N;D,"135,154,90,130",0.0,6EQE
A;M;R;W,M;L;N;C,"135,154,90,257",0.0,6EQE
A;M;R;Q,M;L;N;N,"135,154,90,127",0.0,6EQE
A;M;R;Q,M;L;N;R,"135,154,90,127",0.0,6EQE
A;M;R;S,M;L;N;M,"135,154,90,238",0.0,6EQE
A;M;R;F,M;L;N;M,"135,154,90,271",0.0,6EQE
A;M;R;S,M;L;N;A,"135,154,90,124",0.0,6EQE
A;M;R;G,M;L;N;I,"135,154,90,243",0.0,6EQE
A;M;R;Q,M;L;N;I,"135,154,90,127",0.0,6EQE
A;M;R;A,M;L;N;V,"135,154,90,65",0.0,6EQE
A;M;R;Q,M;L;N;E,"135,154,90,133",0.0,6EQE
A;M;R;S,M;L;N;T,"135,154,90,124",0.0,6EQE
A;M;R;Q,M;L;N;K,"135,154,90,127",0.0,6EQE
A;M;R;Q,M;L;N;W,"135,154,90,133",0.0,6EQE
A;M;R;D,M;L;N;L,"135,154,90,220",0.0,6EQE
A;M;R;T,M;L;N;D,"135,154,90,88",0.0,6EQE
A;M;R;R,M;L;N;N,"135,154,90,132",0.0,6EQE
A;M;R;Q,M;L;N;D,"135,154,90,127",0.0,6EQE
A;M;R;A,M;L;N;Y,"135,154,90,215",0.0,6EQE
A;M;R;L,M;L;N;K,"135,154,90,249",0.0,6EQE
A;M;R;R,M;L;N;Y,"135,154,90,123",0.0,6EQE
A;M;R;F,M;L;N;W,"135,154,90,271",0.0,6EQE
A;M;R;S,M;L;N;D,"135,154,90,58",0.0,6EQE
A;M;R;N,M;L;N;I,"135,154,90,37",0.0,6EQE
A;M;R;C,M;L;N;D,"135,154,90,289",0.0,6EQE
A;M;R;A,M;L;N;P,"135,154,90,152",0.0,6EQE
A;M;R;D,M;L;N;V,"135,154,90,186",0.0,6EQE
A;M;R;G,M;L;N;P,"135,154,90,243",0.0,6EQE
A;M;R;S,M;L;N;E,"135,154,90,115",0.0,6EQE
A;M;R;L,M;L;N;Q,"135,154,90,216",0.0,6EQE
A;M;R;N,M;L;N;P,"135,154,90,277",0.0,6EQE
A;M;R;R,M;L;N;Q,"135,154,90,132",0.0,6EQE
A;M;R;N,M;L;N;Y,"135,154,90,244",0.0,6EQE
A;M;R;H,M;L;N;T,"135,154,90,104",0.0,6EQE
A;M;R;S,M;L;N;V,"135,154,90,58",0.0,6EQE
A;M;R;H,M;L;N;L,"135,154,90,104",0.0,6EQE
A;M;R;P,M;L;N;Q,"135,154,90,38",0.0,6EQE
A;M;R;R,M;L;N;L,"135,154,90,53",0.0,6EQE
A;M;R;A,M;L;N;T,"135,154,90,180",0.0,6EQE
A;M;R;P,M;L;N;D,"135,154,90,197",0.0,6EQE
A;M;R;T,M;L;N;V,"135,154,90,198",0.0,6EQE
A;M;R;I,M;L;N;L,"135,154,90,111",0.0,6EQE
A;M;R;G,M;L;N;S,"135,154,90,243",0.0,6EQE
A;M;R;Q,M;L;N;L,"135,154,90,127",0.0,6EQE
A;M;R;Q,M;L;N;H,"135,154,90,127",0.0,6EQE
A;M;R;W,M;L;N;I,"135,154,90,159",0.0,6EQE
A;M;R;Q,M;L;N;P,"135,154,90,127",0.0,6EQE
A;M;R;S,M;L;N;N,"135,154,90,103",0.0,6EQE
A;M;R;A,M;L;N;Y,"135,154,90,179",0.0,6EQE
A;M;R;W,M;L;N;K,"135,154,90,257",0.0,6EQE
A;M;R;L,M;L;N;M,"135,154,90,216",0.0,6EQE
A;M;R;Q,M;L;N;E,"135,154,90,127",0.0,6EQE
A;M;R;G,M;L;N;A,"135,154,90,243",0.0,6EQE
A;M;R;A,M;L;N;N,"135,154,90,226",0.0,6EQE
A;M;R;L,M;L;N;I,"135,154,90,216",0.0,6EQE
A;M;R;C,M;L;N;L,"135,154,90,289",0.0,6EQE
A;M;R;S,M;L;N;E,"135,154,90,207",0.0,6EQE
A;M;R;M,M;L;N;P,"135,154,90,222",0.0,6EQE
A;M;R;G,M;L;N;T,"135,154,90,251",0.0,6EQE
A;M;R;P,M;L;N;L,"135,154,90,38",0.0,6EQE
A;M;R;L,M;L;N;W,"135,154,90,216",0.0,6EQE
A;M;R;T,M;L;N;L,"135,154,90,72",0.0,6EQE
A;M;R;S,M;L;N;P,"135,154,90,245",0.0,6EQE
A;M;R;I,M;L;N;W,"135,154,90,111",0.0,6EQE
A;M;R;L,M;L;N;D,"135,154,90,249",0.0,6EQE
A;M;R;E,M;L;N;K,"135,154,90,231",0.0,6EQE
A;M;R;D,M;L;N;K,"135,154,90,263",0.0,6EQE
A;M;R;T,M;L;N;M,"135,154,90,51",0.0,6EQE
A;M;R;L,M;L;N;E,"135,154,90,216",0.0,6EQE
A;M;R;S,M;L;N;T,"135,154,90,121",0.0,6EQE
A;M;R;I,M;L;N;H,"135,154,90,145",0.0,6EQE
A;M;R;I,M;L;N;L,"135,154,90,145",0.0,6EQE
A;M;R;H,M;L;N;M,"135,154,90,104",0.0,6EQE
A;M;R;R,M;L;N;P,"135,154,90,280",0.0,6EQE
A;M;R;L,M;L;N;F,"135,154,90,216",0.0,6EQE
A;M;R;S,M;L;N;D,"135,154,90,103",0.0,6EQE
A;M;R;I,M;L;N;V,"135,154,90,200",0.0,6EQE
A;M;R;T,M;L;N;K,"135,154,90,88",0.0,6EQE
A;M;R;N,M;L;N;K,"135,154,90,138",0.0,6EQE
A;M;R;A,M;L;N;L,"135,154,90,65",0.0,6EQE
A;M;R;Q,M;L;N;T,"135,154,90,91",0.0,6EQE
A;M;R;G,M;L;N;D,"135,154,90,163",0.0,6EQE
A;M;R;A,M;L;N;M,"135,154,90,65",0.0,6EQE
A;M;R;K,M;L;N;L,"135,154,90,252",0.0,6EQE
A;M;R;V,M;L;N;D,"135,154,90,57",0.0,6EQE
A;M;R;Q,M;L;N;V,"135,154,90,127",0.0,6EQE
A;M;R;V,M;L;N;C,"135,154,90,281",0.0,6EQE
A;M;R;T,M;L;N;V,"135,154,90,72",0.0,6EQE
A;M;R;Q,M;L;N;N,"135,154,90,133",0.0,6EQE
A;M;R;R,M;L;N;K,"135,154,90,53",0.0,6EQE
A;M;R;S,M;L;N;P,"135,154,90,125",0.0,6EQE
A;M;R;T,M;L;N;Q,"135,154,90,88",0.0,6EQE
A;M;R;N,M;L;N;L,"135,154,90,138",0.0,6EQE
A;M;R;H,M;L;N;R,"135,154,90,104",0.0,6EQE
A;M;R;W,M;L;N;P,"135,154,90,159",0.0,6EQE
A;M;R;S,M;L;N;Y,"135,154,90,242",0.0,6EQE
A;M;R;A,M;L;N;F,"135,154,90,65",0.0,6EQE
A;M;R;G,M;L;N;H,"135,154,90,251",0.0,6EQE
A;M;R;L,M;L;N;P,"135,154,90,216",0.0,6EQE
A;M;R;S,M;L;N;W,"135,154,90,58",0.0,6EQE
A;M;R;A,M;L;N;E,"135,154,90,152",0.0,6EQE
A;M;R;T,M;L;N;N,"135,154,90,88",0.0,6EQE
A;M;R;T,M;L;N;N,"135,154,90,198",0.0,6EQE
A;M;R;S,M;L;N;K,"135,154,90,58",0.0,6EQE
A;M;R;L,M;L;N;C,"135,154,90,249",0.0,6EQE
A;M;R;N,M;L;N;T,"135,154,90,190",0.0,6EQE
A;M;R;S,M;L;N;V,"135,154,90,223",0.0,6EQE
A;M;R;A,M;L;N;W,"135,154,90,65",0.0,6EQE
A;M;R;K,M;L;N;Y,"135,154,90,253",0.0,6EQE
A;M;R;T,M;L;N;M,"135,154,90,29",0.0,6EQE
A;M;R;M,M;L;N;L,"135,154,90,262",0.0,6EQE
A;M;R;A,M;L;N;L,"135,154,90,272",0.0,6EQE
A;M;R;G,M;L;N;T,"135,154,90,254",0.0,6EQE
A;M;R;N,M;L;N;Y,"135,154,90,37",0.0,6EQE
A;M;R;Q,M;L;N;I,"135,154,90,182",0.0,6EQE
A;M;R;K,M;L;N;F,"135,154,90,253",0.0,6EQE
A;M;R;Y,M;L;N;S,"135,154,90,63",0.0,6EQE
A;M;R;Q,M;L;N;M,"135,154,90,127",0.0,6EQE
A;M;R;Q,M;L;N;L,"135,154,90,182",0.0,6EQE
A;M;R;K,M;L;N;A,"135,154,90,253",0.0,6EQE
A;M;R;K,M;L;N;V,"135,154,90,253",0.0,6EQE
A;M;R;Q,M;L;N;F,"135,154,90,182",0.0,6EQE
A;M;R;Q,M;L;N;A,"135,154,90,127",0.0,6EQE
A;M;R;Y,M;L;N;T,"135,154,90,63",0.0,6EQE
A;M;R;Q,M;L;N;V,"135,154,90,182",0.0,6EQE
A;M;R;K,M;L;N;L,"135,154,90,253",0.0,6EQE
A;M;R;C,M;L;N;S,"135,154,90,289",0.0,6EQE
A;M;R;Y,M;L;N;G,"135,154,90,63",0.0,6EQE
A;M;R;Q,M;L;N;T,"135,154,90,127",0.0,6EQE
A;M;R;A,M;L;N;D,"135,154,90,226",0.0,6EQE
A;M;R;C,M;L;N;A,"135,154,90,289",0.0,6EQE
A;M;R;R,M;L;N;Q,"135,154,90,224",0.0,6EQE
A;M;R;N,M;L;N;K,"135,154,90,233",0.0,6EQE
A;M;R;S,M;L;N;E,"135,154,90,136",0.0,6EQE
A;M;R;D,M;L;N;N,"135,154,90,186",0.0,6EQE
A;M;R;R,M;L;N;A,"135,154,90,280",0.0,6EQE
A;M;R;S,M;L;N;F,"135,154,90,238",0.0,6EQE
A;M;R;S,M;L;N;Q,"135,154,90,188",0.0,6EQE
A;M;R;S,M;L;N;H,"135,154,90,214",0.0,6EQE
A;M;R;L,M;L;N;F,"135,154,90,117",0.0,6EQE
A;M;R;Q,M;L;N;Y,"135,154,90,119",0.0,6EQE
A;M;R;G,M;L;N;A,"135,154,90,165",0.0,6EQE
A;M;R;S,M;L;N;E,"135,154,90,121",0.0,6EQE
A;M;R;I,M;L;N;R,"135,154,90,168",0.0,6EQE
A;M;R;N,M;L;N;H,"135,154,90,205",0.0,6EQE
A;M;R;S,M;L;N;Y,"135,154,90,269",0.0,6EQE
A;M;R;S,M;L;N;T,"135,154,90,214",0.0,6EQE
A;M;R;I,M;L;N;R,"135,154,90,218",0.0,6EQE
A;M;R;P,M;L;N;K,"135,154,90,120",0.0,6EQE
A;M;R;M,M;L;N;H,"135,154,90,161",0.0,6EQE
A;M;R;I,M;L;N;H,"135,154,90,168",0.0,6EQE
A;M;R;N,M;L;N;K,"135,154,90,114",0.0,6EQE
A;M;R;P,M;L;N;V,"135,154,90,184",0.0,6EQE
A;M;R;W,M;L;N;P,"135,154,90,185",0.0,6EQE
A;M;R;S,M;L;N;H,"135,154,90,187",0.0,6EQE
A;M;R;S,M;L;N;P,"135,154,90,188",0.0,6EQE
A;M;R;T,M;L;N;Y,"135,154,90,189",0.0,6EQE
A;M;R;F,M;L;N;M,"135,154,90,191",0.0,6EQE
A;M;G;S,M;L;A;N,"135,154,165,124",0.0,6EQE
A;M;G;G,M;L;A;Q,"135,154,165,243",0.0,6EQE
A;M;G;G,M;L;A;L,"135,154,165,243",0.0,6EQE
A;M;G;T,M;L;A;E,"135,154,165,270",0.0,6EQE
A;M;G;R,M;L;A;V,"135,154,165,34",0.0,6EQE
A;M;G;G,M;L;A;K,"135,154,165,243",0.0,6EQE
A;M;G;D,M;L;A;Q,"135,154,165,220",0.0,6EQE
A;M;G;S,M;L;A;K,"135,154,165,124",0.0,6EQE
A;M;G;F,M;L;A;E,"135,154,165,271",0.0,6EQE
A;M;G;G,M;L;A;Q,"135,154,165,164",0.0,6EQE
A;M;G;A,M;L;A;D,"135,154,165,130",0.0,6EQE
A;M;G;W,M;L;A;C,"135,154,165,257",0.0,6EQE
A;M;G;Q,M;L;A;N,"135,154,165,127",0.0,6EQE
A;M;G;Q,M;L;A;R,"135,154,165,127",0.0,6EQE
A;M;G;S,M;L;A;M,"135,154,165,238",0.0,6EQE
A;M;G;F,M;L;A;M,"135,154,165,271",0.0,6EQE
A;M;G;S,M;L;A;A,"135,154,165,124",0.0,6EQE
A;M;G;G,M;L;A;I,"135,154,165,243",0.0,6EQE
A;M;G;Q,M;L;A;I,"135,154,165,127",0.0,6EQE
A;M;G;A,M;L;A;V,"135,154,165,65",0.0,6EQE
A;M;G;Q,M;L;A;E,"135,154,165,133",0.0,6EQE
A;M;G;S,M;L;A;T,"135,154,165,124",0.0,6EQE
A;M;G;Q,M;L;A;K,"135,154,165,127",0.0,6EQE
A;M;G;Q,M;L;A;W,"135,154,165,133",0.0,6EQE
A;M;G;D,M;L;A;L,"135,154,165,220",0.0,6EQE
A;M;G;T,M;L;A;D,"135,154,165,88",0.0,6EQE
A;M;G;R,M;L;A;N,"135,154,165,132",0.0,6EQE
A;M;G;Q,M;L;A;D,"135,154,165,127",0.0,6EQE
A;M;G;A,M;L;A;Y,"135,154,165,215",0.0,6EQE
A;M;G;L,M;L;A;K,"135,154,165,249",0.0,6EQE
A;M;G;R,M;L;A;Y,"135,154,165,123",0.0,6EQE
A;M;G;F,M;L;A;W,"135,154,165,271",0.0,6EQE
A;M;G;S,M;L;A;D,"135,154,165,58",0.0,6EQE
A;M;G;N,M;L;A;I,"135,154,165,37",0.0,6EQE
A;M;G;C,M;L;A;D,"135,154,165,289",0.0,6EQE
A;M;G;A,M;L;A;P,"135,154,165,152",0.0,6EQE
A;M;G;D,M;L;A;V,"135,154,165,186",0.0,6EQE
A;M;G;G,M;L;A;P,"135,154,165,243",0.0,6EQE
A;M;G;S,M;L;A;E,"135,154,165,115",0.0,6EQE
A;M;G;L,M;L;A;Q,"135,154,165,216",0.0,6EQE
A;M;G;N,M;L;A;P,"135,154,165,277",0.0,6EQE
A;M;G;R,M;L;A;Q,"135,154,165,132",0.0,6EQE
A;M;G;N,M;L;A;Y,"135,154,165,244",0.0,6EQE
A;M;G;H,M;L;A;T,"135,154,165,104",0.0,6EQE
A;M;G;S,M;L;A;V,"135,154,165,58",0.0,6EQE
A;M;G;H,M;L;A;L,"135,154,165,104",0.0,6EQE
A;M;G;P,M;L;A;Q,"135,154,165,38",0.0,6EQE
A;M;G;R,M;L;A;L,"135,154,165,53",0.0,6EQE
A;M;G;A,M;L;A;T,"135,154,165,180",0.0,6EQE
A;M;G;P,M;L;A;D,"135,154,165,197",0.0,6EQE
A;M;G;T,M;L;A;V,"135,154,165,198",0.0,6EQE
A;M;G;I,M;L;A;L,"135,154,165,111",0.0,6EQE
A;M;G;G,M;L;A;S,"135,154,165,243",0.0,6EQE
A;M;G;Q,M;L;A;L,"135,154,165,127",0.0,6EQE
A;M;G;Q,M;L;A;H,"135,154,165,127",0.0,6EQE
A;M;G;W,M;L;A;I,"135,154,165,159",0.0,6EQE
A;M;G;Q,M;L;A;P,"135,154,165,127",0.0,6EQE
A;M;G;S,M;L;A;N,"135,154,165,103",0.0,6EQE
A;M;G;A,M;L;A;Y,"135,154,165,179",0.0,6EQE
A;M;G;W,M;L;A;K,"135,154,165,257",0.0,6EQE
A;M;G;L,M;L;A;M,"135,154,165,216",0.0,6EQE
A;M;G;Q,M;L;A;E,"135,154,165,127",0.0,6EQE
A;M;G;G,M;L;A;A,"135,154,165,243",0.0,6EQE
A;M;G;A,M;L;A;N,"135,154,165,226",0.0,6EQE
A;M;G;L,M;L;A;I,"135,154,165,216",0.0,6EQE
A;M;G;C,M;L;A;L,"135,154,165,289",0.0,6EQE
A;M;G;S,M;L;A;E,"135,154,165,207",0.0,6EQE
A;M;G;M,M;L;A;P,"135,154,165,222",0.0,6EQE
A;M;G;G,M;L;A;T,"135,154,165,251",0.0,6EQE
A;M;G;P,M;L;A;L,"135,154,165,38",0.0,6EQE
A;M;G;L,M;L;A;W,"135,154,165,216",0.0,6EQE
A;M;G;T,M;L;A;L,"135,154,165,72",0.0,6EQE
A;M;G;S,M;L;A;P,"135,154,165,245",0.0,6EQE
A;M;G;I,M;L;A;W,"135,154,165,111",0.0,6EQE
A;M;G;L,M;L;A;D,"135,154,165,249",0.0,6EQE
A;M;G;E,M;L;A;K,"135,154,165,231",0.0,6EQE
A;M;G;D,M;L;A;K,"135,154,165,263",0.0,6EQE
A;M;G;T,M;L;A;M,"135,154,165,51",0.0,6EQE
A;M;G;L,M;L;A;E,"135,154,165,216",0.0,6EQE
A;M;G;S,M;L;A;T,"135,154,165,121",0.0,6EQE
A;M;G;I,M;L;A;H,"135,154,165,145",0.0,6EQE
A;M;G;I,M;L;A;L,"135,154,165,145",0.0,6EQE
A;M;G;H,M;L;A;M,"135,154,165,104",0.0,6EQE
A;M;G;R,M;L;A;P,"135,154,165,280",0.0,6EQE
A;M;G;L,M;L;A;F,"135,154,165,216",0.0,6EQE
A;M;G;S,M;L;A;D,"135,154,165,103",0.0,6EQE
A;M;G;I,M;L;A;V,"135,154,165,200",0.0,6EQE
A;M;G;T,M;L;A;K,"135,154,165,88",0.0,6EQE
A;M;G;N,M;L;A;K,"135,154,165,138",0.0,6EQE
A;M;G;A,M;L;A;L,"135,154,165,65",0.0,6EQE
A;M;G;Q,M;L;A;T,"135,154,165,91",0.0,6EQE
A;M;G;G,M;L;A;D,"135,154,165,163",0.0,6EQE
A;M;G;A,M;L;A;M,"135,154,165,65",0.0,6EQE
A;M;G;K,M;L;A;L,"135,154,165,252",0.0,6EQE
A;M;G;V,M;L;A;D,"135,154,165,57",0.0,6EQE
A;M;G;Q,M;L;A;V,"135,154,165,127",0.0,6EQE
A;M;G;V,M;L;A;C,"135,154,165,281",0.0,6EQE
A;M;G;T,M;L;A;V,"135,154,165,72",0.0,6EQE
A;M;G;Q,M;L;A;N,"135,154,165,133",0.0,6EQE
A;M;G;R,M;L;A;K,"135,154,165,53",0.0,6EQE
A;M;G;S,M;L;A;P,"135,154,165,125",0.0,6EQE
A;M;G;T,M;L;A;Q,"135,154,165,88",0.0,6EQE
A;M;G;N,M;L;A;L,"135,154,165,138",0.0,6EQE
A;M;G;H,M;L;A;R,"135,154,165,104",0.0,6EQE
A;M;G;W,M;L;A;P,"135,154,165,159",0.0,6EQE
A;M;G;S,M;L;A;Y,"135,154,165,242",0.0,6EQE
A;M;G;A,M;L;A;F,"135,154,165,65",0.0,6EQE
A;M;G;G,M;L;A;H,"135,154,165,251",0.0,6EQE
A;M;G;L,M;L;A;P,"135,154,165,216",0.0,6EQE
A;M;G;S,M;L;A;W,"135,154,165,58",0.0,6EQE
A;M;G;A,M;L;A;E,"135,154,165,152",0.0,6EQE
A;M;G;T,M;L;A;N,"135,154,165,88",0.0,6EQE
A;M;G;T,M;L;A;N,"135,154,165,198",0.0,6EQE
A;M;G;S,M;L;A;K,"135,154,165,58",0.0,6EQE
A;M;G;L,M;L;A;C,"135,154,165,249",0.0,6EQE
A;M;G;N,M;L;A;T,"135,154,165,190",0.0,6EQE
A;M;G;S,M;L;A;V,"135,154,165,223",0.0,6EQE
A;M;G;A,M;L;A;W,"135,154,165,65",0.0,6EQE
A;M;G;K,M;L;A;Y,"135,154,165,253",0.0,6EQE
A;M;G;R,M;L;A;S,"135,154,165,90",0.0,6EQE
A;M;G;T,M;L;A;M,"135,154,165,29",0.0,6EQE
A;M;G;M,M;L;A;L,"135,154,165,262",0.0,6EQE
A;M;G;A,M;L;A;L,"135,154,165,272",0.0,6EQE
A;M;G;R,M;L;A;N,"135,154,165,90",0.0,6EQE
A;M;G;R,M;L;A;T,"135,154,165,90",0.0,6EQE
A;M;G;G,M;L;A;T,"135,154,165,254",0.0,6EQE
A;M;G;R,M;L;A;P,"135,154,165,90",0.0,6EQE
A;M;G;N,M;L;A;Y,"135,154,165,37",0.0,6EQE
A;M;G;Q,M;L;A;I,"135,154,165,182",0.0,6EQE
A;M;G;R,M;L;A;A,"135,154,165,90",0.0,6EQE
A;M;G;K,M;L;A;F,"135,154,165,253",0.0,6EQE
A;M;G;Y,M;L;A;S,"135,154,165,63",0.0,6EQE
A;M;G;Q,M;L;A;M,"135,154,165,127",0.0,6EQE
A;M;G;Q,M;L;A;L,"135,154,165,182",0.0,6EQE
A;M;G;K,M;L;A;A,"135,154,165,253",0.0,6EQE
A;M;G;K,M;L;A;V,"135,154,165,253",0.0,6EQE
A;M;G;Q,M;L;A;F,"135,154,165,182",0.0,6EQE
A;M;G;R,M;L;A;D,"135,154,165,90",0.0,6EQE
A;M;G;Q,M;L;A;A,"135,154,165,127",0.0,6EQE
A;M;G;Y,M;L;A;T,"135,154,165,63",0.0,6EQE
A;M;G;Q,M;L;A;V,"135,154,165,182",0.0,6EQE
A;M;G;K,M;L;A;L,"135,154,165,253",0.0,6EQE
A;M;G;C,M;L;A;S,"135,154,165,289",0.0,6EQE
A;M;G;Y,M;L;A;G,"135,154,165,63",0.0,6EQE
A;M;G;Q,M;L;A;T,"135,154,165,127",0.0,6EQE
A;M;G;A,M;L;A;D,"135,154,165,226",0.0,6EQE
A;M;G;C,M;L;A;A,"135,154,165,289",0.0,6EQE
A;M;G;R,M;L;A;Q,"135,154,165,224",0.0,6EQE
A;M;G;N,M;L;A;K,"135,154,165,233",0.0,6EQE
A;M;G;S,M;L;A;E,"135,154,165,136",0.0,6EQE
A;M;G;D,M;L;A;N,"135,154,165,186",0.0,6EQE
A;M;G;R,M;L;A;A,"135,154,165,280",0.0,6EQE
A;M;G;S,M;L;A;F,"135,154,165,238",0.0,6EQE
A;M;G;S,M;L;A;Q,"135,154,165,188",0.0,6EQE
A;M;G;S,M;L;A;H,"135,154,165,214",0.0,6EQE
A;M;G;L,M;L;A;F,"135,154,165,117",0.0,6EQE
A;M;G;Q,M;L;A;Y,"135,154,165,119",0.0,6EQE
A;M;G;S,M;L;A;E,"135,154,165,121",0.0,6EQE
A;M;G;I,M;L;A;R,"135,154,165,168",0.0,6EQE
A;M;G;N,M;L;A;H,"135,154,165,205",0.0,6EQE
A;M;G;S,M;L;A;Y,"135,154,165,269",0.0,6EQE
A;M;G;S,M;L;A;T,"135,154,165,214",0.0,6EQE
A;M;G;I,M;L;A;R,"135,154,165,218",0.0,6EQE
A;M;G;P,M;L;A;K,"135,154,165,120",0.0,6EQE
A;M;G;M,M;L;A;H,"135,154,165,161",0.0,6EQE
A;M;G;I,M;L;A;H,"135,154,165,168",0.0,6EQE
A;M;G;N,M;L;A;K,"135,154,165,114",0.0,6EQE
A;M;G;P,M;L;A;V,"135,154,165,184",0.0,6EQE
A;M;G;W,M;L;A;P,"135,154,165,185",0.0,6EQE
A;M;G;S,M;L;A;H,"135,154,165,187",0.0,6EQE
A;M;G;S,M;L;A;P,"135,154,165,188",0.0,6EQE
A;M;G;T,M;L;A;Y,"135,154,165,189",0.0,6EQE
A;M;G;F,M;L;A;M,"135,154,165,191",0.0,6EQE
H;M;R;S,M;L;D;N,"104,262,90,124",0.0,6EQE
H;M;R;G,M;L;D;Q,"104,262,90,243",0.0,6EQE
H;M;R;G,M;L;D;L,"104,262,90,243",0.0,6EQE
H;M;R;T,M;L;D;E,"104,262,90,270",0.0,6EQE
H;M;R;R,M;L;D;V,"104,262,90,34",0.0,6EQE
H;M;R;G,M;L;D;K,"104,262,90,243",0.0,6EQE
H;M;R;D,M;L;D;Q,"104,262,90,220",0.0,6EQE
H;M;R;S,M;L;D;K,"104,262,90,124",0.0,6EQE
H;M;R;F,M;L;D;E,"104,262,90,271",0.0,6EQE
H;M;R;G,M;L;D;Q,"104,262,90,164",0.0,6EQE
H;M;R;A,M;L;D;D,"104,262,90,130",0.0,6EQE
H;M;R;W,M;L;D;C,"104,262,90,257",0.0,6EQE
H;M;R;Q,M;L;D;N,"104,262,90,127",0.0,6EQE
H;M;R;Q,M;L;D;R,"104,262,90,127",0.0,6EQE
H;M;R;S,M;L;D;M,"104,262,90,238",0.0,6EQE
H;M;R;F,M;L;D;M,"104,262,90,271",0.0,6EQE
H;M;R;S,M;L;D;A,"104,262,90,124",0.0,6EQE
H;M;R;G,M;L;D;I,"104,262,90,243",0.0,6EQE
H;M;R;Q,M;L;D;I,"104,262,90,127",0.0,6EQE
H;M;R;A,M;L;D;V,"104,262,90,65",0.0,6EQE
H;M;R;Q,M;L;D;E,"104,262,90,133",0.0,6EQE
H;M;R;S,M;L;D;T,"104,262,90,124",0.0,6EQE
H;M;R;Q,M;L;D;K,"104,262,90,127",0.0,6EQE
H;M;R;Q,M;L;D;W,"104,262,90,133",0.0,6EQE
H;M;R;D,M;L;D;L,"104,262,90,220",0.0,6EQE
H;M;R;T,M;L;D;D,"104,262,90,88",0.0,6EQE
H;M;R;R,M;L;D;N,"104,262,90,132",0.0,6EQE
H;M;R;Q,M;L;D;D,"104,262,90,127",0.0,6EQE
H;M;R;A,M;L;D;Y,"104,262,90,215",0.0,6EQE
H;M;R;L,M;L;D;K,"104,262,90,249",0.0,6EQE
H;M;R;R,M;L;D;Y,"104,262,90,123",0.0,6EQE
H;M;R;F,M;L;D;W,"104,262,90,271",0.0,6EQE
H;M;R;S,M;L;D;D,"104,262,90,58",0.0,6EQE
H;M;R;N,M;L;D;I,"104,262,90,37",0.0,6EQE
H;M;R;C,M;L;D;D,"104,262,90,289",0.0,6EQE
H;M;R;A,M;L;D;P,"104,262,90,152",0.0,6EQE
H;M;R;D,M;L;D;V,"104,262,90,186",0.0,6EQE
H;M;R;G,M;L;D;P,"104,262,90,243",0.0,6EQE
H;M;R;S,M;L;D;E,"104,262,90,115",0.0,6EQE
H;M;R;L,M;L;D;Q,"104,262,90,216",0.0,6EQE
H;M;R;N,M;L;D;P,"104,262,90,277",0.0,6EQE
H;M;R;R,M;L;D;Q,"104,262,90,132",0.0,6EQE
H;M;R;N,M;L;D;Y,"104,262,90,244",0.0,6EQE
H;M;R;S,M;L;D;V,"104,262,90,58",0.0,6EQE
H;M;R;P,M;L;D;Q,"104,262,90,38",0.0,6EQE
H;M;R;R,M;L;D;L,"104,262,90,53",0.0,6EQE
H;M;R;A,M;L;D;T,"104,262,90,180",0.0,6EQE
H;M;R;P,M;L;D;D,"104,262,90,197",0.0,6EQE
H;M;R;T,M;L;D;V,"104,262,90,198",0.0,6EQE
H;M;R;A,M;L;D;M,"104,262,90,135",0.0,6EQE
H;M;R;I,M;L;D;L,"104,262,90,111",0.0,6EQE
H;M;R;G,M;L;D;S,"104,262,90,243",0.0,6EQE
H;M;R;Q,M;L;D;L,"104,262,90,127",0.0,6EQE
H;M;R;Q,M;L;D;H,"104,262,90,127",0.0,6EQE
H;M;R;W,M;L;D;I,"104,262,90,159",0.0,6EQE
H;M;R;Q,M;L;D;P,"104,262,90,127",0.0,6EQE
H;M;R;S,M;L;D;N,"104,262,90,103",0.0,6EQE
H;M;R;A,M;L;D;Y,"104,262,90,179",0.0,6EQE
H;M;R;W,M;L;D;K,"104,262,90,257",0.0,6EQE
H;M;R;L,M;L;D;M,"104,262,90,216",0.0,6EQE
H;M;R;Q,M;L;D;E,"104,262,90,127",0.0,6EQE
H;M;R;G,M;L;D;A,"104,262,90,243",0.0,6EQE
H;M;R;A,M;L;D;N,"104,262,90,226",0.0,6EQE
H;M;R;L,M;L;D;I,"104,262,90,216",0.0,6EQE
H;M;R;C,M;L;D;L,"104,262,90,289",0.0,6EQE
H;M;R;S,M;L;D;E,"104,262,90,207",0.0,6EQE
H;M;R;M,M;L;D;L,"104,262,90,154",0.0,6EQE
H;M;R;M,M;L;D;P,"104,262,90,222",0.0,6EQE
H;M;R;G,M;L;D;T,"104,262,90,251",0.0,6EQE
H;M;R;P,M;L;D;L,"104,262,90,38",0.0,6EQE
H;M;R;L,M;L;D;W,"104,262,90,216",0.0,6EQE
H;M;R;T,M;L;D;L,"104,262,90,72",0.0,6EQE
H;M;R;S,M;L;D;P,"104,262,90,245",0.0,6EQE
H;M;R;I,M;L;D;W,"104,262,90,111",0.0,6EQE
H;M;R;L,M;L;D;D,"104,262,90,249",0.0,6EQE
H;M;R;E,M;L;D;K,"104,262,90,231",0.0,6EQE
H;M;R;D,M;L;D;K,"104,262,90,263",0.0,6EQE
H;M;R;T,M;L;D;M,"104,262,90,51",0.0,6EQE
H;M;R;L,M;L;D;E,"104,262,90,216",0.0,6EQE
H;M;R;S,M;L;D;T,"104,262,90,121",0.0,6EQE
H;M;R;I,M;L;D;H,"104,262,90,145",0.0,6EQE
H;M;R;I,M;L;D;L,"104,262,90,145",0.0,6EQE
H;M;R;R,M;L;D;P,"104,262,90,280",0.0,6EQE
H;M;R;L,M;L;D;F,"104,262,90,216",0.0,6EQE
H;M;R;S,M;L;D;D,"104,262,90,103",0.0,6EQE
H;M;R;I,M;L;D;V,"104,262,90,200",0.0,6EQE
H;M;R;T,M;L;D;K,"104,262,90,88",0.0,6EQE
H;M;R;N,M;L;D;K,"104,262,90,138",0.0,6EQE
H;M;R;A,M;L;D;L,"104,262,90,65",0.0,6EQE
H;M;R;Q,M;L;D;T,"104,262,90,91",0.0,6EQE
H;M;R;G,M;L;D;D,"104,262,90,163",0.0,6EQE
H;M;R;A,M;L;D;M,"104,262,90,65",0.0,6EQE
H;M;R;K,M;L;D;L,"104,262,90,252",0.0,6EQE
H;M;R;V,M;L;D;D,"104,262,90,57",0.0,6EQE
H;M;R;Q,M;L;D;V,"104,262,90,127",0.0,6EQE
H;M;R;V,M;L;D;C,"104,262,90,281",0.0,6EQE
H;M;R;T,M;L;D;V,"104,262,90,72",0.0,6EQE
H;M;R;Q,M;L;D;N,"104,262,90,133",0.0,6EQE
H;M;R;R,M;L;D;K,"104,262,90,53",0.0,6EQE
H;M;R;S,M;L;D;P,"104,262,90,125",0.0,6EQE
H;M;R;T,M;L;D;Q,"104,262,90,88",0.0,6EQE
H;M;R;N,M;L;D;L,"104,262,90,138",0.0,6EQE
H;M;R;W,M;L;D;P,"104,262,90,159",0.0,6EQE
H;M;R;S,M;L;D;Y,"104,262,90,242",0.0,6EQE
H;M;R;A,M;L;D;F,"104,262,90,65",0.0,6EQE
H;M;R;G,M;L;D;H,"104,262,90,251",0.0,6EQE
H;M;R;L,M;L;D;P,"104,262,90,216",0.0,6EQE
H;M;R;S,M;L;D;W,"104,262,90,58",0.0,6EQE
H;M;R;A,M;L;D;E,"104,262,90,152",0.0,6EQE
H;M;R;T,M;L;D;N,"104,262,90,88",0.0,6EQE
H;M;R;T,M;L;D;N,"104,262,90,198",0.0,6EQE
H;M;R;S,M;L;D;K,"104,262,90,58",0.0,6EQE
H;M;R;L,M;L;D;C,"104,262,90,249",0.0,6EQE
H;M;R;N,M;L;D;T,"104,262,90,190",0.0,6EQE
H;M;R;S,M;L;D;V,"104,262,90,223",0.0,6EQE
H;M;R;A,M;L;D;W,"104,262,90,65",0.0,6EQE
H;M;R;K,M;L;D;Y,"104,262,90,253",0.0,6EQE
H;M;R;T,M;L;D;M,"104,262,90,29",0.0,6EQE
H;M;R;A,M;L;D;L,"104,262,90,272",0.0,6EQE
H;M;R;G,M;L;D;T,"104,262,90,254",0.0,6EQE
H;M;R;N,M;L;D;Y,"104,262,90,37",0.0,6EQE
H;M;R;Q,M;L;D;I,"104,262,90,182",0.0,6EQE
H;M;R;K,M;L;D;F,"104,262,90,253",0.0,6EQE
H;M;R;Y,M;L;D;S,"104,262,90,63",0.0,6EQE
H;M;R;Q,M;L;D;M,"104,262,90,127",0.0,6EQE
H;M;R;Q,M;L;D;L,"104,262,90,182",0.0,6EQE
H;M;R;K,M;L;D;A,"104,262,90,253",0.0,6EQE
H;M;R;K,M;L;D;V,"104,262,90,253",0.0,6EQE
H;M;R;Q,M;L;D;F,"104,262,90,182",0.0,6EQE
H;M;R;Q,M;L;D;A,"104,262,90,127",0.0,6EQE
H;M;R;Y,M;L;D;T,"104,262,90,63",0.0,6EQE
H;M;R;Q,M;L;D;V,"104,262,90,182",0.0,6EQE
H;M;R;K,M;L;D;L,"104,262,90,253",0.0,6EQE
H;M;R;C,M;L;D;S,"104,262,90,289",0.0,6EQE
H;M;R;Y,M;L;D;G,"104,262,90,63",0.0,6EQE
H;M;R;M,M;L;D;V,"104,262,90,154",0.0,6EQE
H;M;R;Q,M;L;D;T,"104,262,90,127",0.0,6EQE
H;M;R;A,M;L;D;D,"104,262,90,226",0.0,6EQE
H;M;R;C,M;L;D;A,"104,262,90,289",0.0,6EQE
H;M;R;R,M;L;D;Q,"104,262,90,224",0.0,6EQE
H;M;R;N,M;L;D;K,"104,262,90,233",0.0,6EQE
H;M;R;S,M;L;D;E,"104,262,90,136",0.0,6EQE
H;M;R;D,M;L;D;N,"104,262,90,186",0.0,6EQE
H;M;R;R,M;L;D;A,"104,262,90,280",0.0,6EQE
H;M;R;S,M;L;D;F,"104,262,90,238",0.0,6EQE
H;M;R;S,M;L;D;Q,"104,262,90,188",0.0,6EQE
H;M;R;S,M;L;D;H,"104,262,90,214",0.0,6EQE
H;M;R;L,M;L;D;F,"104,262,90,117",0.0,6EQE
H;M;R;Q,M;L;D;Y,"104,262,90,119",0.0,6EQE
H;M;R;G,M;L;D;A,"104,262,90,165",0.0,6EQE
H;M;R;S,M;L;D;E,"104,262,90,121",0.0,6EQE
H;M;R;I,M;L;D;R,"104,262,90,168",0.0,6EQE
H;M;R;N,M;L;D;H,"104,262,90,205",0.0,6EQE
H;M;R;S,M;L;D;Y,"104,262,90,269",0.0,6EQE
H;M;R;S,M;L;D;T,"104,262,90,214",0.0,6EQE
H;M;R;I,M;L;D;R,"104,262,90,218",0.0,6EQE
H;M;R;P,M;L;D;K,"104,262,90,120",0.0,6EQE
H;M;R;M,M;L;D;H,"104,262,90,161",0.0,6EQE
H;M;R;I,M;L;D;H,"104,262,90,168",0.0,6EQE
H;M;R;N,M;L;D;K,"104,262,90,114",0.0,6EQE
H;M;R;P,M;L;D;V,"104,262,90,184",0.0,6EQE
H;M;R;W,M;L;D;P,"104,262,90,185",0.0,6EQE
H;M;R;S,M;L;D;H,"104,262,90,187",0.0,6EQE
H;M;R;S,M;L;D;P,"104,262,90,188",0.0,6EQE
H;M;R;T,M;L;D;Y,"104,262,90,189",0.0,6EQE
H;M;R;F,M;L;D;M,"104,262,90,191",0.0,6EQE
S;G;S;S,W;A;E;N,"58,165,136,124",0.0,6EQE
S;G;S;G,W;A;E;Q,"58,165,136,243",0.0,6EQE
S;G;S;G,W;A;E;L,"58,165,136,243",0.0,6EQE
S;G;S;T,W;A;E;E,"58,165,136,270",0.0,6EQE
S;G;S;R,W;A;E;V,"58,165,136,34",0.0,6EQE
S;G;S;G,W;A;E;K,"58,165,136,243",0.0,6EQE
S;G;S;D,W;A;E;Q,"58,165,136,220",0.0,6EQE
S;G;S;S,W;A;E;K,"58,165,136,124",0.0,6EQE
S;G;S;F,W;A;E;E,"58,165,136,271",0.0,6EQE
S;G;S;G,W;A;E;Q,"58,165,136,164",0.0,6EQE
S;G;S;A,W;A;E;D,"58,165,136,130",0.0,6EQE
S;G;S;W,W;A;E;C,"58,165,136,257",0.0,6EQE
S;G;S;Q,W;A;E;N,"58,165,136,127",0.0,6EQE
S;G;S;Q,W;A;E;R,"58,165,136,127",0.0,6EQE
S;G;S;S,W;A;E;M,"58,165,136,238",0.0,6EQE
S;G;S;F,W;A;E;M,"58,165,136,271",0.0,6EQE
S;G;S;S,W;A;E;A,"58,165,136,124",0.0,6EQE
S;G;S;G,W;A;E;I,"58,165,136,243",0.0,6EQE
S;G;S;Q,W;A;E;I,"58,165,136,127",0.0,6EQE
S;G;S;A,W;A;E;V,"58,165,136,65",0.0,6EQE
S;G;S;Q,W;A;E;E,"58,165,136,133",0.0,6EQE
S;G;S;S,W;A;E;T,"58,165,136,124",0.0,6EQE
S;G;S;Q,W;A;E;K,"58,165,136,127",0.0,6EQE
S;G;S;Q,W;A;E;W,"58,165,136,133",0.0,6EQE
S;G;S;D,W;A;E;L,"58,165,136,220",0.0,6EQE
S;G;S;T,W;A;E;D,"58,165,136,88",0.0,6EQE
S;G;S;R,W;A;E;N,"58,165,136,132",0.0,6EQE
S;G;S;Q,W;A;E;D,"58,165,136,127",0.0,6EQE
S;G;S;A,W;A;E;Y,"58,165,136,215",0.0,6EQE
S;G;S;L,W;A;E;K,"58,165,136,249",0.0,6EQE
S;G;S;R,W;A;E;Y,"58,165,136,123",0.0,6EQE
S;G;S;F,W;A;E;W,"58,165,136,271",0.0,6EQE
S;G;S;N,W;A;E;I,"58,165,136,37",0.0,6EQE
S;G;S;C,W;A;E;D,"58,165,136,289",0.0,6EQE
S;G;S;A,W;A;E;P,"58,165,136,152",0.0,6EQE
S;G;S;D,W;A;E;V,"58,165,136,186",0.0,6EQE
S;G;S;G,W;A;E;P,"58,165,136,243",0.0,6EQE
S;G;S;S,W;A;E;E,"58,165,136,115",0.0,6EQE
S;G;S;L,W;A;E;Q,"58,165,136,216",0.0,6EQE
S;G;S;N,W;A;E;P,"58,165,136,277",0.0,6EQE
S;G;S;R,W;A;E;Q,"58,165,136,132",0.0,6EQE
S;G;S;N,W;A;E;Y,"58,165,136,244",0.0,6EQE
S;G;S;H,W;A;E;T,"58,165,136,104",0.0,6EQE
S;G;S;H,W;A;E;L,"58,165,136,104",0.0,6EQE
S;G;S;P,W;A;E;Q,"58,165,136,38",0.0,6EQE
S;G;S;R,W;A;E;L,"58,165,136,53",0.0,6EQE
S;G;S;A,W;A;E;T,"58,165,136,180",0.0,6EQE
S;G;S;P,W;A;E;D,"58,165,136,197",0.0,6EQE
S;G;S;T,W;A;E;V,"58,165,136,198",0.0,6EQE
S;G;S;A,W;A;E;M,"58,165,136,135",0.0,6EQE
S;G;S;I,W;A;E;L,"58,165,136,111",0.0,6EQE
S;G;S;G,W;A;E;S,"58,165,136,243",0.0,6EQE
S;G;S;Q,W;A;E;L,"58,165,136,127",0.0,6EQE
S;G;S;Q,W;A;E;H,"58,165,136,127",0.0,6EQE
S;G;S;W,W;A;E;I,"58,165,136,159",0.0,6EQE
S;G;S;Q,W;A;E;P,"58,165,136,127",0.0,6EQE
S;G;S;S,W;A;E;N,"58,165,136,103",0.0,6EQE
S;G;S;A,W;A;E;Y,"58,165,136,179",0.0,6EQE
S;G;S;W,W;A;E;K,"58,165,136,257",0.0,6EQE
S;G;S;L,W;A;E;M,"58,165,136,216",0.0,6EQE
S;G;S;Q,W;A;E;E,"58,165,136,127",0.0,6EQE
S;G;S;G,W;A;E;A,"58,165,136,243",0.0,6EQE
S;G;S;A,W;A;E;N,"58,165,136,226",0.0,6EQE
S;G;S;L,W;A;E;I,"58,165,136,216",0.0,6EQE
S;G;S;C,W;A;E;L,"58,165,136,289",0.0,6EQE
S;G;S;S,W;A;E;E,"58,165,136,207",0.0,6EQE
S;G;S;M,W;A;E;L,"58,165,136,154",0.0,6EQE
S;G;S;M,W;A;E;P,"58,165,136,222",0.0,6EQE
S;G;S;G,W;A;E;T,"58,165,136,251",0.0,6EQE
S;G;S;P,W;A;E;L,"58,165,136,38",0.0,6EQE
S;G;S;L,W;A;E;W,"58,165,136,216",0.0,6EQE
S;G;S;T,W;A;E;L,"58,165,136,72",0.0,6EQE
S;G;S;S,W;A;E;P,"58,165,136,245",0.0,6EQE
S;G;S;I,W;A;E;W,"58,165,136,111",0.0,6EQE
S;G;S;L,W;A;E;D,"58,165,136,249",0.0,6EQE
S;G;S;E,W;A;E;K,"58,165,136,231",0.0,6EQE
S;G;S;D,W;A;E;K,"58,165,136,263",0.0,6EQE
S;G;S;T,W;A;E;M,"58,165,136,51",0.0,6EQE
S;G;S;L,W;A;E;E,"58,165,136,216",0.0,6EQE
S;G;S;S,W;A;E;T,"58,165,136,121",0.0,6EQE
S;G;S;I,W;A;E;H,"58,165,136,145",0.0,6EQE
S;G;S;I,W;A;E;L,"58,165,136,145",0.0,6EQE
S;G;S;H,W;A;E;M,"58,165,136,104",0.0,6EQE
S;G;S;R,W;A;E;P,"58,165,136,280",0.0,6EQE
S;G;S;L,W;A;E;F,"58,165,136,216",0.0,6EQE
S;G;S;S,W;A;E;D,"58,165,136,103",0.0,6EQE
S;G;S;I,W;A;E;V,"58,165,136,200",0.0,6EQE
S;G;S;T,W;A;E;K,"58,165,136,88",0.0,6EQE
S;G;S;N,W;A;E;K,"58,165,136,138",0.0,6EQE
S;G;S;A,W;A;E;L,"58,165,136,65",0.0,6EQE
S;G;S;Q,W;A;E;T,"58,165,136,91",0.0,6EQE
S;G;S;G,W;A;E;D,"58,165,136,163",0.0,6EQE
S;G;S;A,W;A;E;M,"58,165,136,65",0.0,6EQE
S;G;S;K,W;A;E;L,"58,165,136,252",0.0,6EQE
S;G;S;V,W;A;E;D,"58,165,136,57",0.0,6EQE
S;G;S;Q,W;A;E;V,"58,165,136,127",0.0,6EQE
S;G;S;V,W;A;E;C,"58,165,136,281",0.0,6EQE
S;G;S;T,W;A;E;V,"58,165,136,72",0.0,6EQE
S;G;S;Q,W;A;E;N,"58,165,136,133",0.0,6EQE
S;G;S;R,W;A;E;K,"58,165,136,53",0.0,6EQE
S;G;S;S,W;A;E;P,"58,165,136,125",0.0,6EQE
S;G;S;T,W;A;E;Q,"58,165,136,88",0.0,6EQE
S;G;S;N,W;A;E;L,"58,165,136,138",0.0,6EQE
S;G;S;H,W;A;E;R,"58,165,136,104",0.0,6EQE
S;G;S;W,W;A;E;P,"58,165,136,159",0.0,6EQE
S;G;S;S,W;A;E;Y,"58,165,136,242",0.0,6EQE
S;G;S;A,W;A;E;F,"58,165,136,65",0.0,6EQE
S;G;S;G,W;A;E;H,"58,165,136,251",0.0,6EQE
S;G;S;L,W;A;E;P,"58,165,136,216",0.0,6EQE
S;G;S;A,W;A;E;E,"58,165,136,152",0.0,6EQE
S;G;S;T,W;A;E;N,"58,165,136,88",0.0,6EQE
S;G;S;T,W;A;E;N,"58,165,136,198",0.0,6EQE
S;G;S;L,W;A;E;C,"58,165,136,249",0.0,6EQE
S;G;S;N,W;A;E;T,"58,165,136,190",0.0,6EQE
S;G;S;S,W;A;E;V,"58,165,136,223",0.0,6EQE
S;G;S;A,W;A;E;W,"58,165,136,65",0.0,6EQE
S;G;S;K,W;A;E;Y,"58,165,136,253",0.0,6EQE
S;G;S;R,W;A;E;S,"58,165,136,90",0.0,6EQE
S;G;S;T,W;A;E;M,"58,165,136,29",0.0,6EQE
S;G;S;M,W;A;E;L,"58,165,136,262",0.0,6EQE
S;G;S;A,W;A;E;L,"58,165,136,272",0.0,6EQE
S;G;S;R,W;A;E;N,"58,165,136,90",0.0,6EQE
S;G;S;R,W;A;E;T,"58,165,136,90",0.0,6EQE
S;G;S;G,W;A;E;T,"58,165,136,254",0.0,6EQE
S;G;S;R,W;A;E;P,"58,165,136,90",0.0,6EQE
S;G;S;N,W;A;E;Y,"58,165,136,37",0.0,6EQE
S;G;S;Q,W;A;E;I,"58,165,136,182",0.0,6EQE
S;G;S;R,W;A;E;A,"58,165,136,90",0.0,6EQE
S;G;S;K,W;A;E;F,"58,165,136,253",0.0,6EQE
S;G;S;Y,W;A;E;S,"58,165,136,63",0.0,6EQE
S;G;S;Q,W;A;E;M,"58,165,136,127",0.0,6EQE
S;G;S;Q,W;A;E;L,"58,165,136,182",0.0,6EQE
S;G;S;K,W;A;E;A,"58,165,136,253",0.0,6EQE
S;G;S;K,W;A;E;V,"58,165,136,253",0.0,6EQE
S;G;S;Q,W;A;E;F,"58,165,136,182",0.0,6EQE
S;G;S;R,W;A;E;D,"58,165,136,90",0.0,6EQE
S;G;S;Q,W;A;E;A,"58,165,136,127",0.0,6EQE
S;G;S;Y,W;A;E;T,"58,165,136,63",0.0,6EQE
S;G;S;Q,W;A;E;V,"58,165,136,182",0.0,6EQE
S;G;S;K,W;A;E;L,"58,165,136,253",0.0,6EQE
S;G;S;C,W;A;E;S,"58,165,136,289",0.0,6EQE
S;G;S;Y,W;A;E;G,"58,165,136,63",0.0,6EQE
S;G;S;M,W;A;E;V,"58,165,136,154",0.0,6EQE
S;G;S;Q,W;A;E;T,"58,165,136,127",0.0,6EQE
S;G;S;A,W;A;E;D,"58,165,136,226",0.0,6EQE
S;G;S;C,W;A;E;A,"58,165,136,289",0.0,6EQE
S;G;S;R,W;A;E;Q,"58,165,136,224",0.0,6EQE
S;G;S;N,W;A;E;K,"58,165,136,233",0.0,6EQE
S;G;S;D,W;A;E;N,"58,165,136,186",0.0,6EQE
S;G;S;R,W;A;E;A,"58,165,136,280",0.0,6EQE
S;G;S;S,W;A;E;F,"58,165,136,238",0.0,6EQE
S;G;S;S,W;A;E;Q,"58,165,136,188",0.0,6EQE
S;G;S;S,W;A;E;H,"58,165,136,214",0.0,6EQE
S;G;S;L,W;A;E;F,"58,165,136,117",0.0,6EQE
S;G;S;Q,W;A;E;Y,"58,165,136,119",0.0,6EQE
S;G;S;S,W;A;E;E,"58,165,136,121",0.0,6EQE
S;G;S;I,W;A;E;R,"58,165,136,168",0.0,6EQE
S;G;S;N,W;A;E;H,"58,165,136,205",0.0,6EQE
S;G;S;S,W;A;E;Y,"58,165,136,269",0.0,6EQE
S;G;S;S,W;A;E;T,"58,165,136,214",0.0,6EQE
S;G;S;I,W;A;E;R,"58,165,136,218",0.0,6EQE
S;G;S;P,W;A;E;K,"58,165,136,120",0.0,6EQE
S;G;S;M,W;A;E;H,"58,165,136,161",0.0,6EQE
S;G;S;I,W;A;E;H,"58,165,136,168",0.0,6EQE
S;G;S;N,W;A;E;K,"58,165,136,114",0.0,6EQE
S;G;S;P,W;A;E;V,"58,165,136,184",0.0,6EQE
S;G;S;W,W;A;E;P,"58,165,136,185",0.0,6EQE
S;G;S;S,W;A;E;H,"58,165,136,187",0.0,6EQE
S;G;S;S,W;A;E;P,"58,165,136,188",0.0,6EQE
S;G;S;T,W;A;E;Y,"58,165,136,189",0.0,6EQE
S;G;S;F,W;A;E;M,"58,165,136,191",0.0,6EQE
S;G;H;S,W;A;M;N,"58,165,104,124",0.0,6EQE
S;G;H;G,W;A;M;Q,"58,165,104,243",0.0,6EQE
S;G;H;G,W;A;M;L,"58,165,104,243",0.0,6EQE
S;G;H;T,W;A;M;E,"58,165,104,270",0.0,6EQE
S;G;H;R,W;A;M;V,"58,165,104,34",0.0,6EQE
S;G;H;G,W;A;M;K,"58,165,104,243",0.0,6EQE
S;G;H;D,W;A;M;Q,"58,165,104,220",0.0,6EQE
S;G;H;S,W;A;M;K,"58,165,104,124",0.0,6EQE
S;G;H;F,W;A;M;E,"58,165,104,271",0.0,6EQE
S;G;H;G,W;A;M;Q,"58,165,104,164",0.0,6EQE
S;G;H;A,W;A;M;D,"58,165,104,130",0.0,6EQE
S;G;H;W,W;A;M;C,"58,165,104,257",0.0,6EQE
S;G;H;Q,W;A;M;N,"58,165,104,127",0.0,6EQE
S;G;H;Q,W;A;M;R,"58,165,104,127",0.0,6EQE
S;G;H;S,W;A;M;M,"58,165,104,238",0.0,6EQE
S;G;H;F,W;A;M;M,"58,165,104,271",0.0,6EQE
S;G;H;S,W;A;M;A,"58,165,104,124",0.0,6EQE
S;G;H;G,W;A;M;I,"58,165,104,243",0.0,6EQE
S;G;H;Q,W;A;M;I,"58,165,104,127",0.0,6EQE
S;G;H;A,W;A;M;V,"58,165,104,65",0.0,6EQE
S;G;H;Q,W;A;M;E,"58,165,104,133",0.0,6EQE
S;G;H;S,W;A;M;T,"58,165,104,124",0.0,6EQE
S;G;H;Q,W;A;M;K,"58,165,104,127",0.0,6EQE
S;G;H;Q,W;A;M;W,"58,165,104,133",0.0,6EQE
S;G;H;D,W;A;M;L,"58,165,104,220",0.0,6EQE
S;G;H;T,W;A;M;D,"58,165,104,88",0.0,6EQE
S;G;H;R,W;A;M;N,"58,165,104,132",0.0,6EQE
S;G;H;Q,W;A;M;D,"58,165,104,127",0.0,6EQE
S;G;H;A,W;A;M;Y,"58,165,104,215",0.0,6EQE
S;G;H;L,W;A;M;K,"58,165,104,249",0.0,6EQE
S;G;H;R,W;A;M;Y,"58,165,104,123",0.0,6EQE
S;G;H;F,W;A;M;W,"58,165,104,271",0.0,6EQE
S;G;H;N,W;A;M;I,"58,165,104,37",0.0,6EQE
S;G;H;C,W;A;M;D,"58,165,104,289",0.0,6EQE
S;G;H;A,W;A;M;P,"58,165,104,152",0.0,6EQE
S;G;H;D,W;A;M;V,"58,165,104,186",0.0,6EQE
S;G;H;G,W;A;M;P,"58,165,104,243",0.0,6EQE
S;G;H;S,W;A;M;E,"58,165,104,115",0.0,6EQE
S;G;H;L,W;A;M;Q,"58,165,104,216",0.0,6EQE
S;G;H;N,W;A;M;P,"58,165,104,277",0.0,6EQE
S;G;H;R,W;A;M;Q,"58,165,104,132",0.0,6EQE
S;G;H;N,W;A;M;Y,"58,165,104,244",0.0,6EQE
S;G;H;P,W;A;M;Q,"58,165,104,38",0.0,6EQE
S;G;H;R,W;A;M;L,"58,165,104,53",0.0,6EQE
S;G;H;A,W;A;M;T,"58,165,104,180",0.0,6EQE
S;G;H;P,W;A;M;D,"58,165,104,197",0.0,6EQE
S;G;H;T,W;A;M;V,"58,165,104,198",0.0,6EQE
S;G;H;A,W;A;M;M,"58,165,104,135",0.0,6EQE
S;G;H;I,W;A;M;L,"58,165,104,111",0.0,6EQE
S;G;H;G,W;A;M;S,"58,165,104,243",0.0,6EQE
S;G;H;Q,W;A;M;L,"58,165,104,127",0.0,6EQE
S;G;H;Q,W;A;M;H,"58,165,104,127",0.0,6EQE
S;G;H;W,W;A;M;I,"58,165,104,159",0.0,6EQE
S;G;H;Q,W;A;M;P,"58,165,104,127",0.0,6EQE
S;G;H;S,W;A;M;N,"58,165,104,103",0.0,6EQE
S;G;H;A,W;A;M;Y,"58,165,104,179",0.0,6EQE
S;G;H;W,W;A;M;K,"58,165,104,257",0.0,6EQE
S;G;H;L,W;A;M;M,"58,165,104,216",0.0,6EQE
S;G;H;Q,W;A;M;E,"58,165,104,127",0.0,6EQE
S;G;H;G,W;A;M;A,"58,165,104,243",0.0,6EQE
S;G;H;A,W;A;M;N,"58,165,104,226",0.0,6EQE
S;G;H;L,W;A;M;I,"58,165,104,216",0.0,6EQE
S;G;H;C,W;A;M;L,"58,165,104,289",0.0,6EQE
S;G;H;S,W;A;M;E,"58,165,104,207",0.0,6EQE
S;G;H;M,W;A;M;L,"58,165,104,154",0.0,6EQE
S;G;H;M,W;A;M;P,"58,165,104,222",0.0,6EQE
S;G;H;G,W;A;M;T,"58,165,104,251",0.0,6EQE
S;G;H;P,W;A;M;L,"58,165,104,38",0.0,6EQE
S;G;H;L,W;A;M;W,"58,165,104,216",0.0,6EQE
S;G;H;T,W;A;M;L,"58,165,104,72",0.0,6EQE
S;G;H;S,W;A;M;P,"58,165,104,245",0.0,6EQE
S;G;H;I,W;A;M;W,"58,165,104,111",0.0,6EQE
S;G;H;L,W;A;M;D,"58,165,104,249",0.0,6EQE
S;G;H;E,W;A;M;K,"58,165,104,231",0.0,6EQE
S;G;H;D,W;A;M;K,"58,165,104,263",0.0,6EQE
S;G;H;T,W;A;M;M,"58,165,104,51",0.0,6EQE
S;G;H;L,W;A;M;E,"58,165,104,216",0.0,6EQE
S;G;H;S,W;A;M;T,"58,165,104,121",0.0,6EQE
S;G;H;I,W;A;M;H,"58,165,104,145",0.0,6EQE
S;G;H;I,W;A;M;L,"58,165,104,145",0.0,6EQE
S;G;H;R,W;A;M;P,"58,165,104,280",0.0,6EQE
S;G;H;L,W;A;M;F,"58,165,104,216",0.0,6EQE
S;G;H;S,W;A;M;D,"58,165,104,103",0.0,6EQE
S;G;H;I,W;A;M;V,"58,165,104,200",0.0,6EQE
S;G;H;T,W;A;M;K,"58,165,104,88",0.0,6EQE
S;G;H;N,W;A;M;K,"58,165,104,138",0.0,6EQE
S;G;H;A,W;A;M;L,"58,165,104,65",0.0,6EQE
S;G;H;Q,W;A;M;T,"58,165,104,91",0.0,6EQE
S;G;H;G,W;A;M;D,"58,165,104,163",0.0,6EQE
S;G;H;A,W;A;M;M,"58,165,104,65",0.0,6EQE
S;G;H;K,W;A;M;L,"58,165,104,252",0.0,6EQE
S;G;H;V,W;A;M;D,"58,165,104,57",0.0,6EQE
S;G;H;Q,W;A;M;V,"58,165,104,127",0.0,6EQE
S;G;H;V,W;A;M;C,"58,165,104,281",0.0,6EQE
S;G;H;T,W;A;M;V,"58,165,104,72",0.0,6EQE
S;G;H;Q,W;A;M;N,"58,165,104,133",0.0,6EQE
S;G;H;R,W;A;M;K,"58,165,104,53",0.0,6EQE
S;G;H;S,W;A;M;P,"58,165,104,125",0.0,6EQE
S;G;H;T,W;A;M;Q,"58,165,104,88",0.0,6EQE
S;G;H;N,W;A;M;L,"58,165,104,138",0.0,6EQE
S;G;H;W,W;A;M;P,"58,165,104,159",0.0,6EQE
S;G;H;S,W;A;M;Y,"58,165,104,242",0.0,6EQE
S;G;H;A,W;A;M;F,"58,165,104,65",0.0,6EQE
S;G;H;G,W;A;M;H,"58,165,104,251",0.0,6EQE
S;G;H;L,W;A;M;P,"58,165,104,216",0.0,6EQE
S;G;H;A,W;A;M;E,"58,165,104,152",0.0,6EQE
S;G;H;T,W;A;M;N,"58,165,104,88",0.0,6EQE
S;G;H;T,W;A;M;N,"58,165,104,198",0.0,6EQE
S;G;H;L,W;A;M;C,"58,165,104,249",0.0,6EQE
S;G;H;N,W;A;M;T,"58,165,104,190",0.0,6EQE
S;G;H;S,W;A;M;V,"58,165,104,223",0.0,6EQE
S;G;H;A,W;A;M;W,"58,165,104,65",0.0,6EQE
S;G;H;K,W;A;M;Y,"58,165,104,253",0.0,6EQE
S;G;H;R,W;A;M;S,"58,165,104,90",0.0,6EQE
S;G;H;T,W;A;M;M,"58,165,104,29",0.0,6EQE
S;G;H;M,W;A;M;L,"58,165,104,262",0.0,6EQE
S;G;H;A,W;A;M;L,"58,165,104,272",0.0,6EQE
S;G;H;R,W;A;M;N,"58,165,104,90",0.0,6EQE
S;G;H;R,W;A;M;T,"58,165,104,90",0.0,6EQE
S;G;H;G,W;A;M;T,"58,165,104,254",0.0,6EQE
S;G;H;R,W;A;M;P,"58,165,104,90",0.0,6EQE
S;G;H;N,W;A;M;Y,"58,165,104,37",0.0,6EQE
S;G;H;Q,W;A;M;I,"58,165,104,182",0.0,6EQE
S;G;H;R,W;A;M;A,"58,165,104,90",0.0,6EQE
S;G;H;K,W;A;M;F,"58,165,104,253",0.0,6EQE
S;G;H;Y,W;A;M;S,"58,165,104,63",0.0,6EQE
S;G;H;Q,W;A;M;M,"58,165,104,127",0.0,6EQE
S;G;H;Q,W;A;M;L,"58,165,104,182",0.0,6EQE
S;G;H;K,W;A;M;A,"58,165,104,253",0.0,6EQE
S;G;H;K,W;A;M;V,"58,165,104,253",0.0,6EQE
S;G;H;Q,W;A;M;F,"58,165,104,182",0.0,6EQE
S;G;H;R,W;A;M;D,"58,165,104,90",0.0,6EQE
S;G;H;Q,W;A;M;A,"58,165,104,127",0.0,6EQE
S;G;H;Y,W;A;M;T,"58,165,104,63",0.0,6EQE
S;G;H;Q,W;A;M;V,"58,165,104,182",0.0,6EQE
S;G;H;K,W;A;M;L,"58,165,104,253",0.0,6EQE
S;G;H;C,W;A;M;S,"58,165,104,289",0.0,6EQE
S;G;H;Y,W;A;M;G,"58,165,104,63",0.0,6EQE
S;G;H;M,W;A;M;V,"58,165,104,154",0.0,6EQE
S;G;H;Q,W;A;M;T,"58,165,104,127",0.0,6EQE
S;G;H;A,W;A;M;D,"58,165,104,226",0.0,6EQE
S;G;H;C,W;A;M;A,"58,165,104,289",0.0,6EQE
S;G;H;R,W;A;M;Q,"58,165,104,224",0.0,6EQE
S;G;H;N,W;A;M;K,"58,165,104,233",0.0,6EQE
S;G;H;S,W;A;M;E,"58,165,104,136",0.0,6EQE
S;G;H;D,W;A;M;N,"58,165,104,186",0.0,6EQE
S;G;H;R,W;A;M;A,"58,165,104,280",0.0,6EQE
S;G;H;S,W;A;M;F,"58,165,104,238",0.0,6EQE
S;G;H;S,W;A;M;Q,"58,165,104,188",0.0,6EQE
S;G;H;S,W;A;M;H,"58,165,104,214",0.0,6EQE
S;G;H;L,W;A;M;F,"58,165,104,117",0.0,6EQE
S;G;H;Q,W;A;M;Y,"58,165,104,119",0.0,6EQE
S;G;H;S,W;A;M;E,"58,165,104,121",0.0,6EQE
S;G;H;I,W;A;M;R,"58,165,104,168",0.0,6EQE
S;G;H;N,W;A;M;H,"58,165,104,205",0.0,6EQE
S;G;H;S,W;A;M;Y,"58,165,104,269",0.0,6EQE
S;G;H;S,W;A;M;T,"58,165,104,214",0.0,6EQE
S;G;H;I,W;A;M;R,"58,165,104,218",0.0,6EQE
S;G;H;P,W;A;M;K,"58,165,104,120",0.0,6EQE
S;G;H;M,W;A;M;H,"58,165,104,161",0.0,6EQE
S;G;H;I,W;A;M;H,"58,165,104,168",0.0,6EQE
S;G;H;N,W;A;M;K,"58,165,104,114",0.0,6EQE
S;G;H;P,W;A;M;V,"58,165,104,184",0.0,6EQE
S;G;H;W,W;A;M;P,"58,165,104,185",0.0,6EQE
S;G;H;S,W;A;M;H,"58,165,104,187",0.0,6EQE
S;G;H;S,W;A;M;P,"58,165,104,188",0.0,6EQE
S;G;H;T,W;A;M;Y,"58,165,104,189",0.0,6EQE
S;G;H;F,W;A;M;M,"58,165,104,191",0.0,6EQE
S;H;T;S,P;M;M;N,"245,104,29,124",0.0,6EQE
S;H;T;G,P;M;M;Q,"245,104,29,243",0.0,6EQE
S;H;T;G,P;M;M;L,"245,104,29,243",0.0,6EQE
S;H;T;T,P;M;M;E,"245,104,29,270",0.0,6EQE
S;H;T;R,P;M;M;V,"245,104,29,34",0.0,6EQE
S;H;T;G,P;M;M;K,"245,104,29,243",0.0,6EQE
S;H;T;D,P;M;M;Q,"245,104,29,220",0.0,6EQE
S;H;T;S,P;M;M;K,"245,104,29,124",0.0,6EQE
S;H;T;F,P;M;M;E,"245,104,29,271",0.0,6EQE
S;H;T;G,P;M;M;Q,"245,104,29,164",0.0,6EQE
S;H;T;A,P;M;M;D,"245,104,29,130",0.0,6EQE
S;H;T;W,P;M;M;C,"245,104,29,257",0.0,6EQE
S;H;T;Q,P;M;M;N,"245,104,29,127",0.0,6EQE
S;H;T;Q,P;M;M;R,"245,104,29,127",0.0,6EQE
S;H;T;S,P;M;M;M,"245,104,29,238",0.0,6EQE
S;H;T;F,P;M;M;M,"245,104,29,271",0.0,6EQE
S;H;T;S,P;M;M;A,"245,104,29,124",0.0,6EQE
S;H;T;G,P;M;M;I,"245,104,29,243",0.0,6EQE
S;H;T;Q,P;M;M;I,"245,104,29,127",0.0,6EQE
S;H;T;A,P;M;M;V,"245,104,29,65",0.0,6EQE
S;H;T;Q,P;M;M;E,"245,104,29,133",0.0,6EQE
S;H;T;S,P;M;M;T,"245,104,29,124",0.0,6EQE
S;H;T;Q,P;M;M;K,"245,104,29,127",0.0,6EQE
S;H;T;Q,P;M;M;W,"245,104,29,133",0.0,6EQE
S;H;T;D,P;M;M;L,"245,104,29,220",0.0,6EQE
S;H;T;T,P;M;M;D,"245,104,29,88",0.0,6EQE
S;H;T;R,P;M;M;N,"245,104,29,132",0.0,6EQE
S;H;T;Q,P;M;M;D,"245,104,29,127",0.0,6EQE
S;H;T;A,P;M;M;Y,"245,104,29,215",0.0,6EQE
S;H;T;L,P;M;M;K,"245,104,29,249",0.0,6EQE
S;H;T;R,P;M;M;Y,"245,104,29,123",0.0,6EQE
S;H;T;F,P;M;M;W,"245,104,29,271",0.0,6EQE
S;H;T;S,P;M;M;D,"245,104,29,58",0.0,6EQE
S;H;T;N,P;M;M;I,"245,104,29,37",0.0,6EQE
S;H;T;C,P;M;M;D,"245,104,29,289",0.0,6EQE
S;H;T;A,P;M;M;P,"245,104,29,152",0.0,6EQE
S;H;T;D,P;M;M;V,"245,104,29,186",0.0,6EQE
S;H;T;G,P;M;M;P,"245,104,29,243",0.0,6EQE
S;H;T;S,P;M;M;E,"245,104,29,115",0.0,6EQE
S;H;T;L,P;M;M;Q,"245,104,29,216",0.0,6EQE
S;H;T;N,P;M;M;P,"245,104,29,277",0.0,6EQE
S;H;T;R,P;M;M;Q,"245,104,29,132",0.0,6EQE
S;H;T;N,P;M;M;Y,"245,104,29,244",0.0,6EQE
S;H;T;S,P;M;M;V,"245,104,29,58",0.0,6EQE
S;H;T;P,P;M;M;Q,"245,104,29,38",0.0,6EQE
S;H;T;R,P;M;M;L,"245,104,29,53",0.0,6EQE
S;H;T;A,P;M;M;T,"245,104,29,180",0.0,6EQE
S;H;T;P,P;M;M;D,"245,104,29,197",0.0,6EQE
S;H;T;T,P;M;M;V,"245,104,29,198",0.0,6EQE
S;H;T;A,P;M;M;M,"245,104,29,135",0.0,6EQE
S;H;T;I,P;M;M;L,"245,104,29,111",0.0,6EQE
S;H;T;G,P;M;M;S,"245,104,29,243",0.0,6EQE
S;H;T;Q,P;M;M;L,"245,104,29,127",0.0,6EQE
S;H;T;Q,P;M;M;H,"245,104,29,127",0.0,6EQE
S;H;T;W,P;M;M;I,"245,104,29,159",0.0,6EQE
S;H;T;Q,P;M;M;P,"245,104,29,127",0.0,6EQE
S;H;T;S,P;M;M;N,"245,104,29,103",0.0,6EQE
S;H;T;A,P;M;M;Y,"245,104,29,179",0.0,6EQE
S;H;T;W,P;M;M;K,"245,104,29,257",0.0,6EQE
S;H;T;L,P;M;M;M,"245,104,29,216",0.0,6EQE
S;H;T;Q,P;M;M;E,"245,104,29,127",0.0,6EQE
S;H;T;G,P;M;M;A,"245,104,29,243",0.0,6EQE
S;H;T;A,P;M;M;N,"245,104,29,226",0.0,6EQE
S;H;T;L,P;M;M;I,"245,104,29,216",0.0,6EQE
S;H;T;C,P;M;M;L,"245,104,29,289",0.0,6EQE
S;H;T;S,P;M;M;E,"245,104,29,207",0.0,6EQE
S;H;T;M,P;M;M;L,"245,104,29,154",0.0,6EQE
S;H;T;M,P;M;M;P,"245,104,29,222",0.0,6EQE
S;H;T;G,P;M;M;T,"245,104,29,251",0.0,6EQE
S;H;T;P,P;M;M;L,"245,104,29,38",0.0,6EQE
S;H;T;L,P;M;M;W,"245,104,29,216",0.0,6EQE
S;H;T;T,P;M;M;L,"245,104,29,72",0.0,6EQE
S;H;T;I,P;M;M;W,"245,104,29,111",0.0,6EQE
S;H;T;L,P;M;M;D,"245,104,29,249",0.0,6EQE
S;H;T;E,P;M;M;K,"245,104,29,231",0.0,6EQE
S;H;T;D,P;M;M;K,"245,104,29,263",0.0,6EQE
S;H;T;T,P;M;M;M,"245,104,29,51",0.0,6EQE
S;H;T;L,P;M;M;E,"245,104,29,216",0.0,6EQE
S;H;T;S,P;M;M;T,"245,104,29,121",0.0,6EQE
S;H;T;I,P;M;M;H,"245,104,29,145",0.0,6EQE
S;H;T;I,P;M;M;L,"245,104,29,145",0.0,6EQE
S;H;T;R,P;M;M;P,"245,104,29,280",0.0,6EQE
S;H;T;L,P;M;M;F,"245,104,29,216",0.0,6EQE
S;H;T;S,P;M;M;D,"245,104,29,103",0.0,6EQE
S;H;T;I,P;M;M;V,"245,104,29,200",0.0,6EQE
S;H;T;T,P;M;M;K,"245,104,29,88",0.0,6EQE
S;H;T;N,P;M;M;K,"245,104,29,138",0.0,6EQE
S;H;T;A,P;M;M;L,"245,104,29,65",0.0,6EQE
S;H;T;Q,P;M;M;T,"245,104,29,91",0.0,6EQE
S;H;T;G,P;M;M;D,"245,104,29,163",0.0,6EQE
S;H;T;A,P;M;M;M,"245,104,29,65",0.0,6EQE
S;H;T;K,P;M;M;L,"245,104,29,252",0.0,6EQE
S;H;T;V,P;M;M;D,"245,104,29,57",0.0,6EQE
S;H;T;Q,P;M;M;V,"245,104,29,127",0.0,6EQE
S;H;T;V,P;M;M;C,"245,104,29,281",0.0,6EQE
S;H;T;T,P;M;M;V,"245,104,29,72",0.0,6EQE
S;H;T;Q,P;M;M;N,"245,104,29,133",0.0,6EQE
S;H;T;R,P;M;M;K,"245,104,29,53",0.0,6EQE
S;H;T;S,P;M;M;P,"245,104,29,125",0.0,6EQE
S;H;T;T,P;M;M;Q,"245,104,29,88",0.0,6EQE
S;H;T;N,P;M;M;L,"245,104,29,138",0.0,6EQE
S;H;T;W,P;M;M;P,"245,104,29,159",0.0,6EQE
S;H;T;S,P;M;M;Y,"245,104,29,242",0.0,6EQE
S;H;T;A,P;M;M;F,"245,104,29,65",0.0,6EQE
S;H;T;G,P;M;M;H,"245,104,29,251",0.0,6EQE
S;H;T;L,P;M;M;P,"245,104,29,216",0.0,6EQE
S;H;T;S,P;M;M;W,"245,104,29,58",0.0,6EQE
S;H;T;A,P;M;M;E,"245,104,29,152",0.0,6EQE
S;H;T;T,P;M;M;N,"245,104,29,88",0.0,6EQE
S;H;T;T,P;M;M;N,"245,104,29,198",0.0,6EQE
S;H;T;S,P;M;M;K,"245,104,29,58",0.0,6EQE
S;H;T;L,P;M;M;C,"245,104,29,249",0.0,6EQE
S;H;T;N,P;M;M;T,"245,104,29,190",0.0,6EQE
S;H;T;S,P;M;M;V,"245,104,29,223",0.0,6EQE
S;H;T;A,P;M;M;W,"245,104,29,65",0.0,6EQE
S;H;T;K,P;M;M;Y,"245,104,29,253",0.0,6EQE
S;H;T;R,P;M;M;S,"245,104,29,90",0.0,6EQE
S;H;T;M,P;M;M;L,"245,104,29,262",0.0,6EQE
S;H;T;A,P;M;M;L,"245,104,29,272",0.0,6EQE
S;H;T;R,P;M;M;N,"245,104,29,90",0.0,6EQE
S;H;T;R,P;M;M;T,"245,104,29,90",0.0,6EQE
S;H;T;G,P;M;M;T,"245,104,29,254",0.0,6EQE
S;H;T;R,P;M;M;P,"245,104,29,90",0.0,6EQE
S;H;T;N,P;M;M;Y,"245,104,29,37",0.0,6EQE
S;H;T;Q,P;M;M;I,"245,104,29,182",0.0,6EQE
S;H;T;R,P;M;M;A,"245,104,29,90",0.0,6EQE
S;H;T;K,P;M;M;F,"245,104,29,253",0.0,6EQE
S;H;T;Y,P;M;M;S,"245,104,29,63",0.0,6EQE
S;H;T;Q,P;M;M;M,"245,104,29,127",0.0,6EQE
S;H;T;Q,P;M;M;L,"245,104,29,182",0.0,6EQE
S;H;T;K,P;M;M;A,"245,104,29,253",0.0,6EQE
S;H;T;K,P;M;M;V,"245,104,29,253",0.0,6EQE
S;H;T;Q,P;M;M;F,"245,104,29,182",0.0,6EQE
S;H;T;R,P;M;M;D,"245,104,29,90",0.0,6EQE
S;H;T;Q,P;M;M;A,"245,104,29,127",0.0,6EQE
S;H;T;Y,P;M;M;T,"245,104,29,63",0.0,6EQE
S;H;T;Q,P;M;M;V,"245,104,29,182",0.0,6EQE
S;H;T;K,P;M;M;L,"245,104,29,253",0.0,6EQE
S;H;T;C,P;M;M;S,"245,104,29,289",0.0,6EQE
S;H;T;Y,P;M;M;G,"245,104,29,63",0.0,6EQE
S;H;T;M,P;M;M;V,"245,104,29,154",0.0,6EQE
S;H;T;Q,P;M;M;T,"245,104,29,127",0.0,6EQE
S;H;T;A,P;M;M;D,"245,104,29,226",0.0,6EQE
S;H;T;C,P;M;M;A,"245,104,29,289",0.0,6EQE
S;H;T;R,P;M;M;Q,"245,104,29,224",0.0,6EQE
S;H;T;N,P;M;M;K,"245,104,29,233",0.0,6EQE
S;H;T;S,P;M;M;E,"245,104,29,136",0.0,6EQE
S;H;T;D,P;M;M;N,"245,104,29,186",0.0,6EQE
S;H;T;R,P;M;M;A,"245,104,29,280",0.0,6EQE
S;H;T;S,P;M;M;F,"245,104,29,238",0.0,6EQE
S;H;T;S,P;M;M;Q,"245,104,29,188",0.0,6EQE
S;H;T;S,P;M;M;H,"245,104,29,214",0.0,6EQE
S;H;T;L,P;M;M;F,"245,104,29,117",0.0,6EQE
S;H;T;Q,P;M;M;Y,"245,104,29,119",0.0,6EQE
S;H;T;G,P;M;M;A,"245,104,29,165",0.0,6EQE
S;H;T;S,P;M;M;E,"245,104,29,121",0.0,6EQE
S;H;T;I,P;M;M;R,"245,104,29,168",0.0,6EQE
S;H;T;N,P;M;M;H,"245,104,29,205",0.0,6EQE
S;H;T;S,P;M;M;Y,"245,104,29,269",0.0,6EQE
S;H;T;S,P;M;M;T,"245,104,29,214",0.0,6EQE
S;H;T;I,P;M;M;R,"245,104,29,218",0.0,6EQE
S;H;T;P,P;M;M;K,"245,104,29,120",0.0,6EQE
S;H;T;M,P;M;M;H,"245,104,29,161",0.0,6EQE
S;H;T;I,P;M;M;H,"245,104,29,168",0.0,6EQE
S;H;T;N,P;M;M;K,"245,104,29,114",0.0,6EQE
S;H;T;P,P;M;M;V,"245,104,29,184",0.0,6EQE
S;H;T;W,P;M;M;P,"245,104,29,185",0.0,6EQE
S;H;T;S,P;M;M;H,"245,104,29,187",0.0,6EQE
S;H;T;S,P;M;M;P,"245,104,29,188",0.0,6EQE
S;H;T;T,P;M;M;Y,"245,104,29,189",0.0,6EQE
S;H;T;F,P;M;M;M,"245,104,29,191",0.0,6EQE
N;S;S;S,Y;Q;E;N,"37,188,136,124",0.0,6EQE
N;S;S;G,Y;Q;E;Q,"37,188,136,243",0.0,6EQE
N;S;S;G,Y;Q;E;L,"37,188,136,243",0.0,6EQE
N;S;S;T,Y;Q;E;E,"37,188,136,270",0.0,6EQE
N;S;S;R,Y;Q;E;V,"37,188,136,34",0.0,6EQE
N;S;S;G,Y;Q;E;K,"37,188,136,243",0.0,6EQE
N;S;S;D,Y;Q;E;Q,"37,188,136,220",0.0,6EQE
N;S;S;S,Y;Q;E;K,"37,188,136,124",0.0,6EQE
N;S;S;F,Y;Q;E;E,"37,188,136,271",0.0,6EQE
N;S;S;G,Y;Q;E;Q,"37,188,136,164",0.0,6EQE
N;S;S;A,Y;Q;E;D,"37,188,136,130",0.0,6EQE
N;S;S;W,Y;Q;E;C,"37,188,136,257",0.0,6EQE
N;S;S;Q,Y;Q;E;N,"37,188,136,127",0.0,6EQE
N;S;S;Q,Y;Q;E;R,"37,188,136,127",0.0,6EQE
N;S;S;S,Y;Q;E;M,"37,188,136,238",0.0,6EQE
N;S;S;F,Y;Q;E;M,"37,188,136,271",0.0,6EQE
N;S;S;S,Y;Q;E;A,"37,188,136,124",0.0,6EQE
N;S;S;G,Y;Q;E;I,"37,188,136,243",0.0,6EQE
N;S;S;Q,Y;Q;E;I,"37,188,136,127",0.0,6EQE
N;S;S;A,Y;Q;E;V,"37,188,136,65",0.0,6EQE
N;S;S;Q,Y;Q;E;E,"37,188,136,133",0.0,6EQE
N;S;S;S,Y;Q;E;T,"37,188,136,124",0.0,6EQE
N;S;S;Q,Y;Q;E;K,"37,188,136,127",0.0,6EQE
N;S;S;Q,Y;Q;E;W,"37,188,136,133",0.0,6EQE
N;S;S;D,Y;Q;E;L,"37,188,136,220",0.0,6EQE
N;S;S;T,Y;Q;E;D,"37,188,136,88",0.0,6EQE
N;S;S;R,Y;Q;E;N,"37,188,136,132",0.0,6EQE
N;S;S;Q,Y;Q;E;D,"37,188,136,127",0.0,6EQE
N;S;S;A,Y;Q;E;Y,"37,188,136,215",0.0,6EQE
N;S;S;L,Y;Q;E;K,"37,188,136,249",0.0,6EQE
N;S;S;R,Y;Q;E;Y,"37,188,136,123",0.0,6EQE
N;S;S;F,Y;Q;E;W,"37,188,136,271",0.0,6EQE
N;S;S;S,Y;Q;E;D,"37,188,136,58",0.0,6EQE
N;S;S;C,Y;Q;E;D,"37,188,136,289",0.0,6EQE
N;S;S;A,Y;Q;E;P,"37,188,136,152",0.0,6EQE
N;S;S;D,Y;Q;E;V,"37,188,136,186",0.0,6EQE
N;S;S;G,Y;Q;E;P,"37,188,136,243",0.0,6EQE
N;S;S;S,Y;Q;E;E,"37,188,136,115",0.0,6EQE
N;S;S;L,Y;Q;E;Q,"37,188,136,216",0.0,6EQE
N;S;S;N,Y;Q;E;P,"37,188,136,277",0.0,6EQE
N;S;S;R,Y;Q;E;Q,"37,188,136,132",0.0,6EQE
N;S;S;N,Y;Q;E;Y,"37,188,136,244",0.0,6EQE
N;S;S;H,Y;Q;E;T,"37,188,136,104",0.0,6EQE
N;S;S;S,Y;Q;E;V,"37,188,136,58",0.0,6EQE
N;S;S;H,Y;Q;E;L,"37,188,136,104",0.0,6EQE
N;S;S;P,Y;Q;E;Q,"37,188,136,38",0.0,6EQE
N;S;S;R,Y;Q;E;L,"37,188,136,53",0.0,6EQE
N;S;S;A,Y;Q;E;T,"37,188,136,180",0.0,6EQE
N;S;S;P,Y;Q;E;D,"37,188,136,197",0.0,6EQE
N;S;S;T,Y;Q;E;V,"37,188,136,198",0.0,6EQE
N;S;S;A,Y;Q;E;M,"37,188,136,135",0.0,6EQE
N;S;S;I,Y;Q;E;L,"37,188,136,111",0.0,6EQE
N;S;S;G,Y;Q;E;S,"37,188,136,243",0.0,6EQE
N;S;S;Q,Y;Q;E;L,"37,188,136,127",0.0,6EQE
N;S;S;Q,Y;Q;E;H,"37,188,136,127",0.0,6EQE
N;S;S;W,Y;Q;E;I,"37,188,136,159",0.0,6EQE
N;S;S;Q,Y;Q;E;P,"37,188,136,127",0.0,6EQE
N;S;S;S,Y;Q;E;N,"37,188,136,103",0.0,6EQE
N;S;S;A,Y;Q;E;Y,"37,188,136,179",0.0,6EQE
N;S;S;W,Y;Q;E;K,"37,188,136,257",0.0,6EQE
N;S;S;L,Y;Q;E;M,"37,188,136,216",0.0,6EQE
N;S;S;Q,Y;Q;E;E,"37,188,136,127",0.0,6EQE
N;S;S;G,Y;Q;E;A,"37,188,136,243",0.0,6EQE
N;S;S;A,Y;Q;E;N,"37,188,136,226",0.0,6EQE
N;S;S;L,Y;Q;E;I,"37,188,136,216",0.0,6EQE
N;S;S;C,Y;Q;E;L,"37,188,136,289",0.0,6EQE
N;S;S;S,Y;Q;E;E,"37,188,136,207",0.0,6EQE
N;S;S;M,Y;Q;E;L,"37,188,136,154",0.0,6EQE
N;S;S;M,Y;Q;E;P,"37,188,136,222",0.0,6EQE
N;S;S;G,Y;Q;E;T,"37,188,136,251",0.0,6EQE
N;S;S;P,Y;Q;E;L,"37,188,136,38",0.0,6EQE
N;S;S;L,Y;Q;E;W,"37,188,136,216",0.0,6EQE
N;S;S;T,Y;Q;E;L,"37,188,136,72",0.0,6EQE
N;S;S;S,Y;Q;E;P,"37,188,136,245",0.0,6EQE
N;S;S;I,Y;Q;E;W,"37,188,136,111",0.0,6EQE
N;S;S;L,Y;Q;E;D,"37,188,136,249",0.0,6EQE
N;S;S;E,Y;Q;E;K,"37,188,136,231",0.0,6EQE
N;S;S;D,Y;Q;E;K,"37,188,136,263",0.0,6EQE
N;S;S;T,Y;Q;E;M,"37,188,136,51",0.0,6EQE
N;S;S;L,Y;Q;E;E,"37,188,136,216",0.0,6EQE
N;S;S;S,Y;Q;E;T,"37,188,136,121",0.0,6EQE
N;S;S;I,Y;Q;E;H,"37,188,136,145",0.0,6EQE
N;S;S;I,Y;Q;E;L,"37,188,136,145",0.0,6EQE
N;S;S;H,Y;Q;E;M,"37,188,136,104",0.0,6EQE
N;S;S;R,Y;Q;E;P,"37,188,136,280",0.0,6EQE
N;S;S;L,Y;Q;E;F,"37,188,136,216",0.0,6EQE
N;S;S;S,Y;Q;E;D,"37,188,136,103",0.0,6EQE
N;S;S;I,Y;Q;E;V,"37,188,136,200",0.0,6EQE
N;S;S;T,Y;Q;E;K,"37,188,136,88",0.0,6EQE
N;S;S;N,Y;Q;E;K,"37,188,136,138",0.0,6EQE
N;S;S;A,Y;Q;E;L,"37,188,136,65",0.0,6EQE
N;S;S;Q,Y;Q;E;T,"37,188,136,91",0.0,6EQE
N;S;S;G,Y;Q;E;D,"37,188,136,163",0.0,6EQE
N;S;S;A,Y;Q;E;M,"37,188,136,65",0.0,6EQE
N;S;S;K,Y;Q;E;L,"37,188,136,252",0.0,6EQE
N;S;S;V,Y;Q;E;D,"37,188,136,57",0.0,6EQE
N;S;S;Q,Y;Q;E;V,"37,188,136,127",0.0,6EQE
N;S;S;V,Y;Q;E;C,"37,188,136,281",0.0,6EQE
N;S;S;T,Y;Q;E;V,"37,188,136,72",0.0,6EQE
N;S;S;Q,Y;Q;E;N,"37,188,136,133",0.0,6EQE
N;S;S;R,Y;Q;E;K,"37,188,136,53",0.0,6EQE
N;S;S;S,Y;Q;E;P,"37,188,136,125",0.0,6EQE
N;S;S;T,Y;Q;E;Q,"37,188,136,88",0.0,6EQE
N;S;S;N,Y;Q;E;L,"37,188,136,138",0.0,6EQE
N;S;S;H,Y;Q;E;R,"37,188,136,104",0.0,6EQE
N;S;S;W,Y;Q;E;P,"37,188,136,159",0.0,6EQE
N;S;S;S,Y;Q;E;Y,"37,188,136,242",0.0,6EQE
N;S;S;A,Y;Q;E;F,"37,188,136,65",0.0,6EQE
N;S;S;G,Y;Q;E;H,"37,188,136,251",0.0,6EQE
N;S;S;L,Y;Q;E;P,"37,188,136,216",0.0,6EQE
N;S;S;S,Y;Q;E;W,"37,188,136,58",0.0,6EQE
N;S;S;A,Y;Q;E;E,"37,188,136,152",0.0,6EQE
N;S;S;T,Y;Q;E;N,"37,188,136,88",0.0,6EQE
N;S;S;T,Y;Q;E;N,"37,188,136,198",0.0,6EQE
N;S;S;S,Y;Q;E;K,"37,188,136,58",0.0,6EQE
N;S;S;L,Y;Q;E;C,"37,188,136,249",0.0,6EQE
N;S;S;N,Y;Q;E;T,"37,188,136,190",0.0,6EQE
N;S;S;S,Y;Q;E;V,"37,188,136,223",0.0,6EQE
N;S;S;A,Y;Q;E;W,"37,188,136,65",0.0,6EQE
N;S;S;K,Y;Q;E;Y,"37,188,136,253",0.0,6EQE
N;S;S;R,Y;Q;E;S,"37,188,136,90",0.0,6EQE
N;S;S;T,Y;Q;E;M,"37,188,136,29",0.0,6EQE
N;S;S;M,Y;Q;E;L,"37,188,136,262",0.0,6EQE
N;S;S;A,Y;Q;E;L,"37,188,136,272",0.0,6EQE
N;S;S;R,Y;Q;E;N,"37,188,136,90",0.0,6EQE
N;S;S;R,Y;Q;E;T,"37,188,136,90",0.0,6EQE
N;S;S;G,Y;Q;E;T,"37,188,136,254",0.0,6EQE
N;S;S;R,Y;Q;E;P,"37,188,136,90",0.0,6EQE
N;S;S;Q,Y;Q;E;I,"37,188,136,182",0.0,6EQE
N;S;S;R,Y;Q;E;A,"37,188,136,90",0.0,6EQE
N;S;S;K,Y;Q;E;F,"37,188,136,253",0.0,6EQE
N;S;S;Y,Y;Q;E;S,"37,188,136,63",0.0,6EQE
N;S;S;Q,Y;Q;E;M,"37,188,136,127",0.0,6EQE
N;S;S;Q,Y;Q;E;L,"37,188,136,182",0.0,6EQE
N;S;S;K,Y;Q;E;A,"37,188,136,253",0.0,6EQE
N;S;S;K,Y;Q;E;V,"37,188,136,253",0.0,6EQE
N;S;S;Q,Y;Q;E;F,"37,188,136,182",0.0,6EQE
N;S;S;R,Y;Q;E;D,"37,188,136,90",0.0,6EQE
N;S;S;Q,Y;Q;E;A,"37,188,136,127",0.0,6EQE
N;S;S;Y,Y;Q;E;T,"37,188,136,63",0.0,6EQE
N;S;S;Q,Y;Q;E;V,"37,188,136,182",0.0,6EQE
N;S;S;K,Y;Q;E;L,"37,188,136,253",0.0,6EQE
N;S;S;C,Y;Q;E;S,"37,188,136,289",0.0,6EQE
N;S;S;Y,Y;Q;E;G,"37,188,136,63",0.0,6EQE
N;S;S;M,Y;Q;E;V,"37,188,136,154",0.0,6EQE
N;S;S;Q,Y;Q;E;T,"37,188,136,127",0.0,6EQE
N;S;S;A,Y;Q;E;D,"37,188,136,226",0.0,6EQE
N;S;S;C,Y;Q;E;A,"37,188,136,289",0.0,6EQE
N;S;S;R,Y;Q;E;Q,"37,188,136,224",0.0,6EQE
N;S;S;N,Y;Q;E;K,"37,188,136,233",0.0,6EQE
N;S;S;D,Y;Q;E;N,"37,188,136,186",0.0,6EQE
N;S;S;R,Y;Q;E;A,"37,188,136,280",0.0,6EQE
N;S;S;S,Y;Q;E;F,"37,188,136,238",0.0,6EQE
N;S;S;S,Y;Q;E;H,"37,188,136,214",0.0,6EQE
N;S;S;L,Y;Q;E;F,"37,188,136,117",0.0,6EQE
N;S;S;Q,Y;Q;E;Y,"37,188,136,119",0.0,6EQE
N;S;S;G,Y;Q;E;A,"37,188,136,165",0.0,6EQE
N;S;S;S,Y;Q;E;E,"37,188,136,121",0.0,6EQE
N;S;S;I,Y;Q;E;R,"37,188,136,168",0.0,6EQE
N;S;S;N,Y;Q;E;H,"37,188,136,205",0.0,6EQE
N;S;S;S,Y;Q;E;Y,"37,188,136,269",0.0,6EQE
N;S;S;S,Y;Q;E;T,"37,188,136,214",0.0,6EQE
N;S;S;I,Y;Q;E;R,"37,188,136,218",0.0,6EQE
N;S;S;P,Y;Q;E;K,"37,188,136,120",0.0,6EQE
N;S;S;M,Y;Q;E;H,"37,188,136,161",0.0,6EQE
N;S;S;I,Y;Q;E;H,"37,188,136,168",0.0,6EQE
N;S;S;N,Y;Q;E;K,"37,188,136,114",0.0,6EQE
N;S;S;P,Y;Q;E;V,"37,188,136,184",0.0,6EQE
N;S;S;W,Y;Q;E;P,"37,188,136,185",0.0,6EQE
N;S;S;S,Y;Q;E;H,"37,188,136,187",0.0,6EQE
N;S;S;T,Y;Q;E;Y,"37,188,136,189",0.0,6EQE
N;S;S;F,Y;Q;E;M,"37,188,136,191",0.0,6EQE
N;S;R;S,Y;Q;D;N,"37,188,90,124",0.0,6EQE
N;S;R;G,Y;Q;D;Q,"37,188,90,243",0.0,6EQE
N;S;R;G,Y;Q;D;L,"37,188,90,243",0.0,6EQE
N;S;R;T,Y;Q;D;E,"37,188,90,270",0.0,6EQE
N;S;R;R,Y;Q;D;V,"37,188,90,34",0.0,6EQE
N;S;R;G,Y;Q;D;K,"37,188,90,243",0.0,6EQE
N;S;R;D,Y;Q;D;Q,"37,188,90,220",0.0,6EQE
N;S;R;S,Y;Q;D;K,"37,188,90,124",0.0,6EQE
N;S;R;F,Y;Q;D;E,"37,188,90,271",0.0,6EQE
N;S;R;G,Y;Q;D;Q,"37,188,90,164",0.0,6EQE
N;S;R;A,Y;Q;D;D,"37,188,90,130",0.0,6EQE
N;S;R;W,Y;Q;D;C,"37,188,90,257",0.0,6EQE
N;S;R;Q,Y;Q;D;N,"37,188,90,127",0.0,6EQE
N;S;R;Q,Y;Q;D;R,"37,188,90,127",0.0,6EQE
N;S;R;S,Y;Q;D;M,"37,188,90,238",0.0,6EQE
N;S;R;F,Y;Q;D;M,"37,188,90,271",0.0,6EQE
N;S;R;S,Y;Q;D;A,"37,188,90,124",0.0,6EQE
N;S;R;G,Y;Q;D;I,"37,188,90,243",0.0,6EQE
N;S;R;Q,Y;Q;D;I,"37,188,90,127",0.0,6EQE
N;S;R;A,Y;Q;D;V,"37,188,90,65",0.0,6EQE
N;S;R;Q,Y;Q;D;E,"37,188,90,133",0.0,6EQE
N;S;R;S,Y;Q;D;T,"37,188,90,124",0.0,6EQE
N;S;R;Q,Y;Q;D;K,"37,188,90,127",0.0,6EQE
N;S;R;Q,Y;Q;D;W,"37,188,90,133",0.0,6EQE
N;S;R;D,Y;Q;D;L,"37,188,90,220",0.0,6EQE
N;S;R;T,Y;Q;D;D,"37,188,90,88",0.0,6EQE
N;S;R;R,Y;Q;D;N,"37,188,90,132",0.0,6EQE
N;S;R;Q,Y;Q;D;D,"37,188,90,127",0.0,6EQE
N;S;R;A,Y;Q;D;Y,"37,188,90,215",0.0,6EQE
N;S;R;L,Y;Q;D;K,"37,188,90,249",0.0,6EQE
N;S;R;R,Y;Q;D;Y,"37,188,90,123",0.0,6EQE
N;S;R;F,Y;Q;D;W,"37,188,90,271",0.0,6EQE
N;S;R;S,Y;Q;D;D,"37,188,90,58",0.0,6EQE
N;S;R;C,Y;Q;D;D,"37,188,90,289",0.0,6EQE
N;S;R;A,Y;Q;D;P,"37,188,90,152",0.0,6EQE
N;S;R;D,Y;Q;D;V,"37,188,90,186",0.0,6EQE
N;S;R;G,Y;Q;D;P,"37,188,90,243",0.0,6EQE
N;S;R;S,Y;Q;D;E,"37,188,90,115",0.0,6EQE
N;S;R;L,Y;Q;D;Q,"37,188,90,216",0.0,6EQE
N;S;R;N,Y;Q;D;P,"37,188,90,277",0.0,6EQE
N;S;R;R,Y;Q;D;Q,"37,188,90,132",0.0,6EQE
N;S;R;N,Y;Q;D;Y,"37,188,90,244",0.0,6EQE
N;S;R;H,Y;Q;D;T,"37,188,90,104",0.0,6EQE
N;S;R;S,Y;Q;D;V,"37,188,90,58",0.0,6EQE
N;S;R;H,Y;Q;D;L,"37,188,90,104",0.0,6EQE
N;S;R;P,Y;Q;D;Q,"37,188,90,38",0.0,6EQE
N;S;R;R,Y;Q;D;L,"37,188,90,53",0.0,6EQE
N;S;R;A,Y;Q;D;T,"37,188,90,180",0.0,6EQE
N;S;R;P,Y;Q;D;D,"37,188,90,197",0.0,6EQE
N;S;R;T,Y;Q;D;V,"37,188,90,198",0.0,6EQE
N;S;R;A,Y;Q;D;M,"37,188,90,135",0.0,6EQE
N;S;R;I,Y;Q;D;L,"37,188,90,111",0.0,6EQE
N;S;R;G,Y;Q;D;S,"37,188,90,243",0.0,6EQE
N;S;R;Q,Y;Q;D;L,"37,188,90,127",0.0,6EQE
N;S;R;Q,Y;Q;D;H,"37,188,90,127",0.0,6EQE
N;S;R;W,Y;Q;D;I,"37,188,90,159",0.0,6EQE
N;S;R;Q,Y;Q;D;P,"37,188,90,127",0.0,6EQE
N;S;R;S,Y;Q;D;N,"37,188,90,103",0.0,6EQE
N;S;R;A,Y;Q;D;Y,"37,188,90,179",0.0,6EQE
N;S;R;W,Y;Q;D;K,"37,188,90,257",0.0,6EQE
N;S;R;L,Y;Q;D;M,"37,188,90,216",0.0,6EQE
N;S;R;Q,Y;Q;D;E,"37,188,90,127",0.0,6EQE
N;S;R;G,Y;Q;D;A,"37,188,90,243",0.0,6EQE
N;S;R;A,Y;Q;D;N,"37,188,90,226",0.0,6EQE
N;S;R;L,Y;Q;D;I,"37,188,90,216",0.0,6EQE
N;S;R;C,Y;Q;D;L,"37,188,90,289",0.0,6EQE
N;S;R;S,Y;Q;D;E,"37,188,90,207",0.0,6EQE
N;S;R;M,Y;Q;D;L,"37,188,90,154",0.0,6EQE
N;S;R;M,Y;Q;D;P,"37,188,90,222",0.0,6EQE
N;S;R;G,Y;Q;D;T,"37,188,90,251",0.0,6EQE
N;S;R;P,Y;Q;D;L,"37,188,90,38",0.0,6EQE
N;S;R;L,Y;Q;D;W,"37,188,90,216",0.0,6EQE
N;S;R;T,Y;Q;D;L,"37,188,90,72",0.0,6EQE
N;S;R;S,Y;Q;D;P,"37,188,90,245",0.0,6EQE
N;S;R;I,Y;Q;D;W,"37,188,90,111",0.0,6EQE
N;S;R;L,Y;Q;D;D,"37,188,90,249",0.0,6EQE
N;S;R;E,Y;Q;D;K,"37,188,90,231",0.0,6EQE
N;S;R;D,Y;Q;D;K,"37,188,90,263",0.0,6EQE
N;S;R;T,Y;Q;D;M,"37,188,90,51",0.0,6EQE
N;S;R;L,Y;Q;D;E,"37,188,90,216",0.0,6EQE
N;S;R;S,Y;Q;D;T,"37,188,90,121",0.0,6EQE
N;S;R;I,Y;Q;D;H,"37,188,90,145",0.0,6EQE
N;S;R;I,Y;Q;D;L,"37,188,90,145",0.0,6EQE
N;S;R;H,Y;Q;D;M,"37,188,90,104",0.0,6EQE
N;S;R;R,Y;Q;D;P,"37,188,90,280",0.0,6EQE
N;S;R;L,Y;Q;D;F,"37,188,90,216",0.0,6EQE
N;S;R;S,Y;Q;D;D,"37,188,90,103",0.0,6EQE
N;S;R;I,Y;Q;D;V,"37,188,90,200",0.0,6EQE
N;S;R;T,Y;Q;D;K,"37,188,90,88",0.0,6EQE
N;S;R;N,Y;Q;D;K,"37,188,90,138",0.0,6EQE
N;S;R;A,Y;Q;D;L,"37,188,90,65",0.0,6EQE
N;S;R;Q,Y;Q;D;T,"37,188,90,91",0.0,6EQE
N;S;R;G,Y;Q;D;D,"37,188,90,163",0.0,6EQE
N;S;R;A,Y;Q;D;M,"37,188,90,65",0.0,6EQE
N;S;R;K,Y;Q;D;L,"37,188,90,252",0.0,6EQE
N;S;R;V,Y;Q;D;D,"37,188,90,57",0.0,6EQE
N;S;R;Q,Y;Q;D;V,"37,188,90,127",0.0,6EQE
N;S;R;V,Y;Q;D;C,"37,188,90,281",0.0,6EQE
N;S;R;T,Y;Q;D;V,"37,188,90,72",0.0,6EQE
N;S;R;Q,Y;Q;D;N,"37,188,90,133",0.0,6EQE
N;S;R;R,Y;Q;D;K,"37,188,90,53",0.0,6EQE
N;S;R;S,Y;Q;D;P,"37,188,90,125",0.0,6EQE
N;S;R;T,Y;Q;D;Q,"37,188,90,88",0.0,6EQE
N;S;R;N,Y;Q;D;L,"37,188,90,138",0.0,6EQE
N;S;R;H,Y;Q;D;R,"37,188,90,104",0.0,6EQE
N;S;R;W,Y;Q;D;P,"37,188,90,159",0.0,6EQE
N;S;R;S,Y;Q;D;Y,"37,188,90,242",0.0,6EQE
N;S;R;A,Y;Q;D;F,"37,188,90,65",0.0,6EQE
N;S;R;G,Y;Q;D;H,"37,188,90,251",0.0,6EQE
N;S;R;L,Y;Q;D;P,"37,188,90,216",0.0,6EQE
N;S;R;S,Y;Q;D;W,"37,188,90,58",0.0,6EQE
N;S;R;A,Y;Q;D;E,"37,188,90,152",0.0,6EQE
N;S;R;T,Y;Q;D;N,"37,188,90,88",0.0,6EQE
N;S;R;T,Y;Q;D;N,"37,188,90,198",0.0,6EQE
N;S;R;S,Y;Q;D;K,"37,188,90,58",0.0,6EQE
N;S;R;L,Y;Q;D;C,"37,188,90,249",0.0,6EQE
N;S;R;N,Y;Q;D;T,"37,188,90,190",0.0,6EQE
N;S;R;S,Y;Q;D;V,"37,188,90,223",0.0,6EQE
N;S;R;A,Y;Q;D;W,"37,188,90,65",0.0,6EQE
N;S;R;K,Y;Q;D;Y,"37,188,90,253",0.0,6EQE
N;S;R;T,Y;Q;D;M,"37,188,90,29",0.0,6EQE
N;S;R;M,Y;Q;D;L,"37,188,90,262",0.0,6EQE
N;S;R;A,Y;Q;D;L,"37,188,90,272",0.0,6EQE
N;S;R;G,Y;Q;D;T,"37,188,90,254",0.0,6EQE
N;S;R;Q,Y;Q;D;I,"37,188,90,182",0.0,6EQE
N;S;R;K,Y;Q;D;F,"37,188,90,253",0.0,6EQE
N;S;R;Y,Y;Q;D;S,"37,188,90,63",0.0,6EQE
N;S;R;Q,Y;Q;D;M,"37,188,90,127",0.0,6EQE
N;S;R;Q,Y;Q;D;L,"37,188,90,182",0.0,6EQE
N;S;R;K,Y;Q;D;A,"37,188,90,253",0.0,6EQE
N;S;R;K,Y;Q;D;V,"37,188,90,253",0.0,6EQE
N;S;R;Q,Y;Q;D;F,"37,188,90,182",0.0,6EQE
N;S;R;Q,Y;Q;D;A,"37,188,90,127",0.0,6EQE
N;S;R;Y,Y;Q;D;T,"37,188,90,63",0.0,6EQE
N;S;R;Q,Y;Q;D;V,"37,188,90,182",0.0,6EQE
N;S;R;K,Y;Q;D;L,"37,188,90,253",0.0,6EQE
N;S;R;C,Y;Q;D;S,"37,188,90,289",0.0,6EQE
N;S;R;Y,Y;Q;D;G,"37,188,90,63",0.0,6EQE
N;S;R;M,Y;Q;D;V,"37,188,90,154",0.0,6EQE
N;S;R;Q,Y;Q;D;T,"37,188,90,127",0.0,6EQE
N;S;R;A,Y;Q;D;D,"37,188,90,226",0.0,6EQE
N;S;R;C,Y;Q;D;A,"37,188,90,289",0.0,6EQE
N;S;R;R,Y;Q;D;Q,"37,188,90,224",0.0,6EQE
N;S;R;N,Y;Q;D;K,"37,188,90,233",0.0,6EQE
N;S;R;S,Y;Q;D;E,"37,188,90,136",0.0,6EQE
N;S;R;D,Y;Q;D;N,"37,188,90,186",0.0,6EQE
N;S;R;R,Y;Q;D;A,"37,188,90,280",0.0,6EQE
N;S;R;S,Y;Q;D;F,"37,188,90,238",0.0,6EQE
N;S;R;S,Y;Q;D;H,"37,188,90,214",0.0,6EQE
N;S;R;L,Y;Q;D;F,"37,188,90,117",0.0,6EQE
N;S;R;Q,Y;Q;D;Y,"37,188,90,119",0.0,6EQE
N;S;R;G,Y;Q;D;A,"37,188,90,165",0.0,6EQE
N;S;R;S,Y;Q;D;E,"37,188,90,121",0.0,6EQE
N;S;R;I,Y;Q;D;R,"37,188,90,168",0.0,6EQE
N;S;R;N,Y;Q;D;H,"37,188,90,205",0.0,6EQE
N;S;R;S,Y;Q;D;Y,"37,188,90,269",0.0,6EQE
N;S;R;S,Y;Q;D;T,"37,188,90,214",0.0,6EQE
N;S;R;I,Y;Q;D;R,"37,188,90,218",0.0,6EQE
N;S;R;P,Y;Q;D;K,"37,188,90,120",0.0,6EQE
N;S;R;M,Y;Q;D;H,"37,188,90,161",0.0,6EQE
N;S;R;I,Y;Q;D;H,"37,188,90,168",0.0,6EQE
N;S;R;N,Y;Q;D;K,"37,188,90,114",0.0,6EQE
N;S;R;P,Y;Q;D;V,"37,188,90,184",0.0,6EQE
N;S;R;W,Y;Q;D;P,"37,188,90,185",0.0,6EQE
N;S;R;S,Y;Q;D;H,"37,188,90,187",0.0,6EQE
N;S;R;T,Y;Q;D;Y,"37,188,90,189",0.0,6EQE
N;S;R;F,Y;Q;D;M,"37,188,90,191",0.0,6EQE
N;S;T;S,Y;Q;M;N,"37,188,29,124",0.0,6EQE
N;S;T;G,Y;Q;M;Q,"37,188,29,243",0.0,6EQE
N;S;T;G,Y;Q;M;L,"37,188,29,243",0.0,6EQE
N;S;T;T,Y;Q;M;E,"37,188,29,270",0.0,6EQE
N;S;T;R,Y;Q;M;V,"37,188,29,34",0.0,6EQE
N;S;T;G,Y;Q;M;K,"37,188,29,243",0.0,6EQE
N;S;T;D,Y;Q;M;Q,"37,188,29,220",0.0,6EQE
N;S;T;S,Y;Q;M;K,"37,188,29,124",0.0,6EQE
N;S;T;F,Y;Q;M;E,"37,188,29,271",0.0,6EQE
N;S;T;G,Y;Q;M;Q,"37,188,29,164",0.0,6EQE
N;S;T;A,Y;Q;M;D,"37,188,29,130",0.0,6EQE
N;S;T;W,Y;Q;M;C,"37,188,29,257",0.0,6EQE
N;S;T;Q,Y;Q;M;N,"37,188,29,127",0.0,6EQE
N;S;T;Q,Y;Q;M;R,"37,188,29,127",0.0,6EQE
N;S;T;S,Y;Q;M;M,"37,188,29,238",0.0,6EQE
N;S;T;F,Y;Q;M;M,"37,188,29,271",0.0,6EQE
N;S;T;S,Y;Q;M;A,"37,188,29,124",0.0,6EQE
N;S;T;G,Y;Q;M;I,"37,188,29,243",0.0,6EQE
N;S;T;Q,Y;Q;M;I,"37,188,29,127",0.0,6EQE
N;S;T;A,Y;Q;M;V,"37,188,29,65",0.0,6EQE
N;S;T;Q,Y;Q;M;E,"37,188,29,133",0.0,6EQE
N;S;T;S,Y;Q;M;T,"37,188,29,124",0.0,6EQE
N;S;T;Q,Y;Q;M;K,"37,188,29,127",0.0,6EQE
N;S;T;Q,Y;Q;M;W,"37,188,29,133",0.0,6EQE
N;S;T;D,Y;Q;M;L,"37,188,29,220",0.0,6EQE
N;S;T;T,Y;Q;M;D,"37,188,29,88",0.0,6EQE
N;S;T;R,Y;Q;M;N,"37,188,29,132",0.0,6EQE
N;S;T;Q,Y;Q;M;D,"37,188,29,127",0.0,6EQE
N;S;T;A,Y;Q;M;Y,"37,188,29,215",0.0,6EQE
N;S;T;L,Y;Q;M;K,"37,188,29,249",0.0,6EQE
N;S;T;R,Y;Q;M;Y,"37,188,29,123",0.0,6EQE
N;S;T;F,Y;Q;M;W,"37,188,29,271",0.0,6EQE
N;S;T;S,Y;Q;M;D,"37,188,29,58",0.0,6EQE
N;S;T;C,Y;Q;M;D,"37,188,29,289",0.0,6EQE
N;S;T;A,Y;Q;M;P,"37,188,29,152",0.0,6EQE
N;S;T;D,Y;Q;M;V,"37,188,29,186",0.0,6EQE
N;S;T;G,Y;Q;M;P,"37,188,29,243",0.0,6EQE
N;S;T;S,Y;Q;M;E,"37,188,29,115",0.0,6EQE
N;S;T;L,Y;Q;M;Q,"37,188,29,216",0.0,6EQE
N;S;T;N,Y;Q;M;P,"37,188,29,277",0.0,6EQE
N;S;T;R,Y;Q;M;Q,"37,188,29,132",0.0,6EQE
N;S;T;N,Y;Q;M;Y,"37,188,29,244",0.0,6EQE
N;S;T;H,Y;Q;M;T,"37,188,29,104",0.0,6EQE
N;S;T;S,Y;Q;M;V,"37,188,29,58",0.0,6EQE
N;S;T;H,Y;Q;M;L,"37,188,29,104",0.0,6EQE
N;S;T;P,Y;Q;M;Q,"37,188,29,38",0.0,6EQE
N;S;T;R,Y;Q;M;L,"37,188,29,53",0.0,6EQE
N;S;T;A,Y;Q;M;T,"37,188,29,180",0.0,6EQE
N;S;T;P,Y;Q;M;D,"37,188,29,197",0.0,6EQE
N;S;T;T,Y;Q;M;V,"37,188,29,198",0.0,6EQE
N;S;T;A,Y;Q;M;M,"37,188,29,135",0.0,6EQE
N;S;T;I,Y;Q;M;L,"37,188,29,111",0.0,6EQE
N;S;T;G,Y;Q;M;S,"37,188,29,243",0.0,6EQE
N;S;T;Q,Y;Q;M;L,"37,188,29,127",0.0,6EQE
N;S;T;Q,Y;Q;M;H,"37,188,29,127",0.0,6EQE
N;S;T;W,Y;Q;M;I,"37,188,29,159",0.0,6EQE
N;S;T;Q,Y;Q;M;P,"37,188,29,127",0.0,6EQE
N;S;T;S,Y;Q;M;N,"37,188,29,103",0.0,6EQE
N;S;T;A,Y;Q;M;Y,"37,188,29,179",0.0,6EQE
N;S;T;W,Y;Q;M;K,"37,188,29,257",0.0,6EQE
N;S;T;L,Y;Q;M;M,"37,188,29,216",0.0,6EQE
N;S;T;Q,Y;Q;M;E,"37,188,29,127",0.0,6EQE
N;S;T;G,Y;Q;M;A,"37,188,29,243",0.0,6EQE
N;S;T;A,Y;Q;M;N,"37,188,29,226",0.0,6EQE
N;S;T;L,Y;Q;M;I,"37,188,29,216",0.0,6EQE
N;S;T;C,Y;Q;M;L,"37,188,29,289",0.0,6EQE
N;S;T;S,Y;Q;M;E,"37,188,29,207",0.0,6EQE
N;S;T;M,Y;Q;M;L,"37,188,29,154",0.0,6EQE
N;S;T;M,Y;Q;M;P,"37,188,29,222",0.0,6EQE
N;S;T;G,Y;Q;M;T,"37,188,29,251",0.0,6EQE
N;S;T;P,Y;Q;M;L,"37,188,29,38",0.0,6EQE
N;S;T;L,Y;Q;M;W,"37,188,29,216",0.0,6EQE
N;S;T;T,Y;Q;M;L,"37,188,29,72",0.0,6EQE
N;S;T;S,Y;Q;M;P,"37,188,29,245",0.0,6EQE
N;S;T;I,Y;Q;M;W,"37,188,29,111",0.0,6EQE
N;S;T;L,Y;Q;M;D,"37,188,29,249",0.0,6EQE
N;S;T;E,Y;Q;M;K,"37,188,29,231",0.0,6EQE
N;S;T;D,Y;Q;M;K,"37,188,29,263",0.0,6EQE
N;S;T;T,Y;Q;M;M,"37,188,29,51",0.0,6EQE
N;S;T;L,Y;Q;M;E,"37,188,29,216",0.0,6EQE
N;S;T;S,Y;Q;M;T,"37,188,29,121",0.0,6EQE
N;S;T;I,Y;Q;M;H,"37,188,29,145",0.0,6EQE
N;S;T;I,Y;Q;M;L,"37,188,29,145",0.0,6EQE
N;S;T;H,Y;Q;M;M,"37,188,29,104",0.0,6EQE
N;S;T;R,Y;Q;M;P,"37,188,29,280",0.0,6EQE
N;S;T;L,Y;Q;M;F,"37,188,29,216",0.0,6EQE
N;S;T;S,Y;Q;M;D,"37,188,29,103",0.0,6EQE
N;S;T;I,Y;Q;M;V,"37,188,29,200",0.0,6EQE
N;S;T;T,Y;Q;M;K,"37,188,29,88",0.0,6EQE
N;S;T;N,Y;Q;M;K,"37,188,29,138",0.0,6EQE
N;S;T;A,Y;Q;M;L,"37,188,29,65",0.0,6EQE
N;S;T;Q,Y;Q;M;T,"37,188,29,91",0.0,6EQE
N;S;T;G,Y;Q;M;D,"37,188,29,163",0.0,6EQE
N;S;T;A,Y;Q;M;M,"37,188,29,65",0.0,6EQE
N;S;T;K,Y;Q;M;L,"37,188,29,252",0.0,6EQE
N;S;T;V,Y;Q;M;D,"37,188,29,57",0.0,6EQE
N;S;T;Q,Y;Q;M;V,"37,188,29,127",0.0,6EQE
N;S;T;V,Y;Q;M;C,"37,188,29,281",0.0,6EQE
N;S;T;T,Y;Q;M;V,"37,188,29,72",0.0,6EQE
N;S;T;Q,Y;Q;M;N,"37,188,29,133",0.0,6EQE
N;S;T;R,Y;Q;M;K,"37,188,29,53",0.0,6EQE
N;S;T;S,Y;Q;M;P,"37,188,29,125",0.0,6EQE
N;S;T;T,Y;Q;M;Q,"37,188,29,88",0.0,6EQE
N;S;T;N,Y;Q;M;L,"37,188,29,138",0.0,6EQE
N;S;T;H,Y;Q;M;R,"37,188,29,104",0.0,6EQE
N;S;T;W,Y;Q;M;P,"37,188,29,159",0.0,6EQE
N;S;T;S,Y;Q;M;Y,"37,188,29,242",0.0,6EQE
N;S;T;A,Y;Q;M;F,"37,188,29,65",0.0,6EQE
N;S;T;G,Y;Q;M;H,"37,188,29,251",0.0,6EQE
N;S;T;L,Y;Q;M;P,"37,188,29,216",0.0,6EQE
N;S;T;S,Y;Q;M;W,"37,188,29,58",0.0,6EQE
N;S;T;A,Y;Q;M;E,"37,188,29,152",0.0,6EQE
N;S;T;T,Y;Q;M;N,"37,188,29,88",0.0,6EQE
N;S;T;T,Y;Q;M;N,"37,188,29,198",0.0,6EQE
N;S;T;S,Y;Q;M;K,"37,188,29,58",0.0,6EQE
N;S;T;L,Y;Q;M;C,"37,188,29,249",0.0,6EQE
N;S;T;N,Y;Q;M;T,"37,188,29,190",0.0,6EQE
N;S;T;S,Y;Q;M;V,"37,188,29,223",0.0,6EQE
N;S;T;A,Y;Q;M;W,"37,188,29,65",0.0,6EQE
N;S;T;K,Y;Q;M;Y,"37,188,29,253",0.0,6EQE
N;S;T;R,Y;Q;M;S,"37,188,29,90",0.0,6EQE
N;S;T;M,Y;Q;M;L,"37,188,29,262",0.0,6EQE
N;S;T;A,Y;Q;M;L,"37,188,29,272",0.0,6EQE
N;S;T;R,Y;Q;M;N,"37,188,29,90",0.0,6EQE
N;S;T;R,Y;Q;M;T,"37,188,29,90",0.0,6EQE
N;S;T;G,Y;Q;M;T,"37,188,29,254",0.0,6EQE
N;S;T;R,Y;Q;M;P,"37,188,29,90",0.0,6EQE
N;S;T;Q,Y;Q;M;I,"37,188,29,182",0.0,6EQE
N;S;T;R,Y;Q;M;A,"37,188,29,90",0.0,6EQE
N;S;T;K,Y;Q;M;F,"37,188,29,253",0.0,6EQE
N;S;T;Y,Y;Q;M;S,"37,188,29,63",0.0,6EQE
N;S;T;Q,Y;Q;M;M,"37,188,29,127",0.0,6EQE
N;S;T;Q,Y;Q;M;L,"37,188,29,182",0.0,6EQE
N;S;T;K,Y;Q;M;A,"37,188,29,253",0.0,6EQE
N;S;T;K,Y;Q;M;V,"37,188,29,253",0.0,6EQE
N;S;T;Q,Y;Q;M;F,"37,188,29,182",0.0,6EQE
N;S;T;R,Y;Q;M;D,"37,188,29,90",0.0,6EQE
N;S;T;Q,Y;Q;M;A,"37,188,29,127",0.0,6EQE
N;S;T;Y,Y;Q;M;T,"37,188,29,63",0.0,6EQE
N;S;T;Q,Y;Q;M;V,"37,188,29,182",0.0,6EQE
N;S;T;K,Y;Q;M;L,"37,188,29,253",0.0,6EQE
N;S;T;C,Y;Q;M;S,"37,188,29,289",0.0,6EQE
N;S;T;Y,Y;Q;M;G,"37,188,29,63",0.0,6EQE
N;S;T;M,Y;Q;M;V,"37,188,29,154",0.0,6EQE
N;S;T;Q,Y;Q;M;T,"37,188,29,127",0.0,6EQE
N;S;T;A,Y;Q;M;D,"37,188,29,226",0.0,6EQE
N;S;T;C,Y;Q;M;A,"37,188,29,289",0.0,6EQE
N;S;T;R,Y;Q;M;Q,"37,188,29,224",0.0,6EQE
N;S;T;N,Y;Q;M;K,"37,188,29,233",0.0,6EQE
N;S;T;S,Y;Q;M;E,"37,188,29,136",0.0,6EQE
N;S;T;D,Y;Q;M;N,"37,188,29,186",0.0,6EQE
N;S;T;R,Y;Q;M;A,"37,188,29,280",0.0,6EQE
N;S;T;S,Y;Q;M;F,"37,188,29,238",0.0,6EQE
N;S;T;S,Y;Q;M;H,"37,188,29,214",0.0,6EQE
N;S;T;L,Y;Q;M;F,"37,188,29,117",0.0,6EQE
N;S;T;Q,Y;Q;M;Y,"37,188,29,119",0.0,6EQE
N;S;T;G,Y;Q;M;A,"37,188,29,165",0.0,6EQE
N;S;T;S,Y;Q;M;E,"37,188,29,121",0.0,6EQE
N;S;T;I,Y;Q;M;R,"37,188,29,168",0.0,6EQE
N;S;T;N,Y;Q;M;H,"37,188,29,205",0.0,6EQE
N;S;T;S,Y;Q;M;Y,"37,188,29,269",0.0,6EQE
N;S;T;S,Y;Q;M;T,"37,188,29,214",0.0,6EQE
N;S;T;I,Y;Q;M;R,"37,188,29,218",0.0,6EQE
N;S;T;P,Y;Q;M;K,"37,188,29,120",0.0,6EQE
N;S;T;M,Y;Q;M;H,"37,188,29,161",0.0,6EQE
N;S;T;I,Y;Q;M;H,"37,188,29,168",0.0,6EQE
N;S;T;N,Y;Q;M;K,"37,188,29,114",0.0,6EQE
N;S;T;P,Y;Q;M;V,"37,188,29,184",0.0,6EQE
N;S;T;W,Y;Q;M;P,"37,188,29,185",0.0,6EQE
N;S;T;S,Y;Q;M;H,"37,188,29,187",0.0,6EQE
N;S;T;T,Y;Q;M;Y,"37,188,29,189",0.0,6EQE
N;S;T;F,Y;Q;M;M,"37,188,29,191",0.0,6EQE
E;M;Q;S,K;L;L;N,"231,262,182,124",0.0,6EQE
E;M;Q;G,K;L;L;Q,"231,262,182,243",0.0,6EQE
E;M;Q;G,K;L;L;L,"231,262,182,243",0.0,6EQE
E;M;Q;T,K;L;L;E,"231,262,182,270",0.0,6EQE
E;M;Q;R,K;L;L;V,"231,262,182,34",0.0,6EQE
E;M;Q;G,K;L;L;K,"231,262,182,243",0.0,6EQE
E;M;Q;D,K;L;L;Q,"231,262,182,220",0.0,6EQE
E;M;Q;S,K;L;L;K,"231,262,182,124",0.0,6EQE
E;M;Q;F,K;L;L;E,"231,262,182,271",0.0,6EQE
E;M;Q;G,K;L;L;Q,"231,262,182,164",0.0,6EQE
E;M;Q;A,K;L;L;D,"231,262,182,130",0.0,6EQE
E;M;Q;W,K;L;L;C,"231,262,182,257",0.0,6EQE
E;M;Q;Q,K;L;L;N,"231,262,182,127",0.0,6EQE
E;M;Q;Q,K;L;L;R,"231,262,182,127",0.0,6EQE
E;M;Q;S,K;L;L;M,"231,262,182,238",0.0,6EQE
E;M;Q;F,K;L;L;M,"231,262,182,271",0.0,6EQE
E;M;Q;S,K;L;L;A,"231,262,182,124",0.0,6EQE
E;M;Q;G,K;L;L;I,"231,262,182,243",0.0,6EQE
E;M;Q;Q,K;L;L;I,"231,262,182,127",0.0,6EQE
E;M;Q;A,K;L;L;V,"231,262,182,65",0.0,6EQE
E;M;Q;Q,K;L;L;E,"231,262,182,133",0.0,6EQE
E;M;Q;S,K;L;L;T,"231,262,182,124",0.0,6EQE
E;M;Q;Q,K;L;L;K,"231,262,182,127",0.0,6EQE
E;M;Q;Q,K;L;L;W,"231,262,182,133",0.0,6EQE
E;M;Q;D,K;L;L;L,"231,262,182,220",0.0,6EQE
E;M;Q;T,K;L;L;D,"231,262,182,88",0.0,6EQE
E;M;Q;R,K;L;L;N,"231,262,182,132",0.0,6EQE
E;M;Q;Q,K;L;L;D,"231,262,182,127",0.0,6EQE
E;M;Q;A,K;L;L;Y,"231,262,182,215",0.0,6EQE
E;M;Q;L,K;L;L;K,"231,262,182,249",0.0,6EQE
E;M;Q;R,K;L;L;Y,"231,262,182,123",0.0,6EQE
E;M;Q;F,K;L;L;W,"231,262,182,271",0.0,6EQE
E;M;Q;S,K;L;L;D,"231,262,182,58",0.0,6EQE
E;M;Q;N,K;L;L;I,"231,262,182,37",0.0,6EQE
E;M;Q;C,K;L;L;D,"231,262,182,289",0.0,6EQE
E;M;Q;A,K;L;L;P,"231,262,182,152",0.0,6EQE
E;M;Q;D,K;L;L;V,"231,262,182,186",0.0,6EQE
E;M;Q;G,K;L;L;P,"231,262,182,243",0.0,6EQE
E;M;Q;S,K;L;L;E,"231,262,182,115",0.0,6EQE
E;M;Q;L,K;L;L;Q,"231,262,182,216",0.0,6EQE
E;M;Q;N,K;L;L;P,"231,262,182,277",0.0,6EQE
E;M;Q;R,K;L;L;Q,"231,262,182,132",0.0,6EQE
E;M;Q;N,K;L;L;Y,"231,262,182,244",0.0,6EQE
E;M;Q;H,K;L;L;T,"231,262,182,104",0.0,6EQE
E;M;Q;S,K;L;L;V,"231,262,182,58",0.0,6EQE
E;M;Q;H,K;L;L;L,"231,262,182,104",0.0,6EQE
E;M;Q;P,K;L;L;Q,"231,262,182,38",0.0,6EQE
E;M;Q;R,K;L;L;L,"231,262,182,53",0.0,6EQE
E;M;Q;A,K;L;L;T,"231,262,182,180",0.0,6EQE
E;M;Q;P,K;L;L;D,"231,262,182,197",0.0,6EQE
E;M;Q;T,K;L;L;V,"231,262,182,198",0.0,6EQE
E;M;Q;A,K;L;L;M,"231,262,182,135",0.0,6EQE
E;M;Q;I,K;L;L;L,"231,262,182,111",0.0,6EQE
E;M;Q;G,K;L;L;S,"231,262,182,243",0.0,6EQE
E;M;Q;Q,K;L;L;L,"231,262,182,127",0.0,6EQE
E;M;Q;Q,K;L;L;H,"231,262,182,127",0.0,6EQE
E;M;Q;W,K;L;L;I,"231,262,182,159",0.0,6EQE
E;M;Q;Q,K;L;L;P,"231,262,182,127",0.0,6EQE
E;M;Q;S,K;L;L;N,"231,262,182,103",0.0,6EQE
E;M;Q;A,K;L;L;Y,"231,262,182,179",0.0,6EQE
E;M;Q;W,K;L;L;K,"231,262,182,257",0.0,6EQE
E;M;Q;L,K;L;L;M,"231,262,182,216",0.0,6EQE
E;M;Q;Q,K;L;L;E,"231,262,182,127",0.0,6EQE
E;M;Q;G,K;L;L;A,"231,262,182,243",0.0,6EQE
E;M;Q;A,K;L;L;N,"231,262,182,226",0.0,6EQE
E;M;Q;L,K;L;L;I,"231,262,182,216",0.0,6EQE
E;M;Q;C,K;L;L;L,"231,262,182,289",0.0,6EQE
E;M;Q;S,K;L;L;E,"231,262,182,207",0.0,6EQE
E;M;Q;M,K;L;L;L,"231,262,182,154",0.0,6EQE
E;M;Q;M,K;L;L;P,"231,262,182,222",0.0,6EQE
E;M;Q;G,K;L;L;T,"231,262,182,251",0.0,6EQE
E;M;Q;P,K;L;L;L,"231,262,182,38",0.0,6EQE
E;M;Q;L,K;L;L;W,"231,262,182,216",0.0,6EQE
E;M;Q;T,K;L;L;L,"231,262,182,72",0.0,6EQE
E;M;Q;S,K;L;L;P,"231,262,182,245",0.0,6EQE
E;M;Q;I,K;L;L;W,"231,262,182,111",0.0,6EQE
E;M;Q;L,K;L;L;D,"231,262,182,249",0.0,6EQE
E;M;Q;D,K;L;L;K,"231,262,182,263",0.0,6EQE
E;M;Q;T,K;L;L;M,"231,262,182,51",0.0,6EQE
E;M;Q;L,K;L;L;E,"231,262,182,216",0.0,6EQE
E;M;Q;S,K;L;L;T,"231,262,182,121",0.0,6EQE
E;M;Q;I,K;L;L;H,"231,262,182,145",0.0,6EQE
E;M;Q;I,K;L;L;L,"231,262,182,145",0.0,6EQE
E;M;Q;H,K;L;L;M,"231,262,182,104",0.0,6EQE
E;M;Q;R,K;L;L;P,"231,262,182,280",0.0,6EQE
E;M;Q;L,K;L;L;F,"231,262,182,216",0.0,6EQE
E;M;Q;S,K;L;L;D,"231,262,182,103",0.0,6EQE
E;M;Q;I,K;L;L;V,"231,262,182,200",0.0,6EQE
E;M;Q;T,K;L;L;K,"231,262,182,88",0.0,6EQE
E;M;Q;N,K;L;L;K,"231,262,182,138",0.0,6EQE
E;M;Q;A,K;L;L;L,"231,262,182,65",0.0,6EQE
E;M;Q;Q,K;L;L;T,"231,262,182,91",0.0,6EQE
E;M;Q;G,K;L;L;D,"231,262,182,163",0.0,6EQE
E;M;Q;A,K;L;L;M,"231,262,182,65",0.0,6EQE
E;M;Q;K,K;L;L;L,"231,262,182,252",0.0,6EQE
E;M;Q;V,K;L;L;D,"231,262,182,57",0.0,6EQE
E;M;Q;Q,K;L;L;V,"231,262,182,127",0.0,6EQE
E;M;Q;V,K;L;L;C,"231,262,182,281",0.0,6EQE
E;M;Q;T,K;L;L;V,"231,262,182,72",0.0,6EQE
E;M;Q;Q,K;L;L;N,"231,262,182,133",0.0,6EQE
E;M;Q;R,K;L;L;K,"231,262,182,53",0.0,6EQE
E;M;Q;S,K;L;L;P,"231,262,182,125",0.0,6EQE
E;M;Q;T,K;L;L;Q,"231,262,182,88",0.0,6EQE
E;M;Q;N,K;L;L;L,"231,262,182,138",0.0,6EQE
E;M;Q;H,K;L;L;R,"231,262,182,104",0.0,6EQE
E;M;Q;W,K;L;L;P,"231,262,182,159",0.0,6EQE
E;M;Q;S,K;L;L;Y,"231,262,182,242",0.0,6EQE
E;M;Q;A,K;L;L;F,"231,262,182,65",0.0,6EQE
E;M;Q;G,K;L;L;H,"231,262,182,251",0.0,6EQE
E;M;Q;L,K;L;L;P,"231,262,182,216",0.0,6EQE
E;M;Q;S,K;L;L;W,"231,262,182,58",0.0,6EQE
E;M;Q;A,K;L;L;E,"231,262,182,152",0.0,6EQE
E;M;Q;T,K;L;L;N,"231,262,182,88",0.0,6EQE
E;M;Q;T,K;L;L;N,"231,262,182,198",0.0,6EQE
E;M;Q;S,K;L;L;K,"231,262,182,58",0.0,6EQE
E;M;Q;L,K;L;L;C,"231,262,182,249",0.0,6EQE
E;M;Q;N,K;L;L;T,"231,262,182,190",0.0,6EQE
E;M;Q;S,K;L;L;V,"231,262,182,223",0.0,6EQE
E;M;Q;A,K;L;L;W,"231,262,182,65",0.0,6EQE
E;M;Q;K,K;L;L;Y,"231,262,182,253",0.0,6EQE
E;M;Q;R,K;L;L;S,"231,262,182,90",0.0,6EQE
E;M;Q;T,K;L;L;M,"231,262,182,29",0.0,6EQE
E;M;Q;A,K;L;L;L,"231,262,182,272",0.0,6EQE
E;M;Q;R,K;L;L;N,"231,262,182,90",0.0,6EQE
E;M;Q;R,K;L;L;T,"231,262,182,90",0.0,6EQE
E;M;Q;G,K;L;L;T,"231,262,182,254",0.0,6EQE
E;M;Q;R,K;L;L;P,"231,262,182,90",0.0,6EQE
E;M;Q;N,K;L;L;Y,"231,262,182,37",0.0,6EQE
E;M;Q;R,K;L;L;A,"231,262,182,90",0.0,6EQE
E;M;Q;K,K;L;L;F,"231,262,182,253",0.0,6EQE
E;M;Q;Y,K;L;L;S,"231,262,182,63",0.0,6EQE
E;M;Q;Q,K;L;L;M,"231,262,182,127",0.0,6EQE
E;M;Q;K,K;L;L;A,"231,262,182,253",0.0,6EQE
E;M;Q;K,K;L;L;V,"231,262,182,253",0.0,6EQE
E;M;Q;R,K;L;L;D,"231,262,182,90",0.0,6EQE
E;M;Q;Q,K;L;L;A,"231,262,182,127",0.0,6EQE
E;M;Q;Y,K;L;L;T,"231,262,182,63",0.0,6EQE
E;M;Q;K,K;L;L;L,"231,262,182,253",0.0,6EQE
E;M;Q;C,K;L;L;S,"231,262,182,289",0.0,6EQE
E;M;Q;Y,K;L;L;G,"231,262,182,63",0.0,6EQE
E;M;Q;M,K;L;L;V,"231,262,182,154",0.0,6EQE
E;M;Q;Q,K;L;L;T,"231,262,182,127",0.0,6EQE
E;M;Q;A,K;L;L;D,"231,262,182,226",0.0,6EQE
E;M;Q;C,K;L;L;A,"231,262,182,289",0.0,6EQE
E;M;Q;R,K;L;L;Q,"231,262,182,224",0.0,6EQE
E;M;Q;N,K;L;L;K,"231,262,182,233",0.0,6EQE
E;M;Q;S,K;L;L;E,"231,262,182,136",0.0,6EQE
E;M;Q;D,K;L;L;N,"231,262,182,186",0.0,6EQE
E;M;Q;R,K;L;L;A,"231,262,182,280",0.0,6EQE
E;M;Q;S,K;L;L;F,"231,262,182,238",0.0,6EQE
E;M;Q;S,K;L;L;Q,"231,262,182,188",0.0,6EQE
E;M;Q;S,K;L;L;H,"231,262,182,214",0.0,6EQE
E;M;Q;L,K;L;L;F,"231,262,182,117",0.0,6EQE
E;M;Q;Q,K;L;L;Y,"231,262,182,119",0.0,6EQE
E;M;Q;G,K;L;L;A,"231,262,182,165",0.0,6EQE
E;M;Q;S,K;L;L;E,"231,262,182,121",0.0,6EQE
E;M;Q;I,K;L;L;R,"231,262,182,168",0.0,6EQE
E;M;Q;N,K;L;L;H,"231,262,182,205",0.0,6EQE
E;M;Q;S,K;L;L;Y,"231,262,182,269",0.0,6EQE
E;M;Q;S,K;L;L;T,"231,262,182,214",0.0,6EQE
E;M;Q;I,K;L;L;R,"231,262,182,218",0.0,6EQE
E;M;Q;P,K;L;L;K,"231,262,182,120",0.0,6EQE
E;M;Q;M,K;L;L;H,"231,262,182,161",0.0,6EQE
E;M;Q;I,K;L;L;H,"231,262,182,168",0.0,6EQE
E;M;Q;N,K;L;L;K,"231,262,182,114",0.0,6EQE
E;M;Q;P,K;L;L;V,"231,262,182,184",0.0,6EQE
E;M;Q;W,K;L;L;P,"231,262,182,185",0.0,6EQE
E;M;Q;S,K;L;L;H,"231,262,182,187",0.0,6EQE
E;M;Q;S,K;L;L;P,"231,262,182,188",0.0,6EQE
E;M;Q;T,K;L;L;Y,"231,262,182,189",0.0,6EQE
E;M;Q;F,K;L;L;M,"231,262,182,191",0.0,6EQE
E;S;Q;S,K;E;I;N,"231,121,182,124",0.0,6EQE
E;S;Q;G,K;E;I;Q,"231,121,182,243",0.0,6EQE
E;S;Q;G,K;E;I;L,"231,121,182,243",0.0,6EQE
E;S;Q;T,K;E;I;E,"231,121,182,270",0.0,6EQE
E;S;Q;R,K;E;I;V,"231,121,182,34",0.0,6EQE
E;S;Q;G,K;E;I;K,"231,121,182,243",0.0,6EQE
E;S;Q;D,K;E;I;Q,"231,121,182,220",0.0,6EQE
E;S;Q;S,K;E;I;K,"231,121,182,124",0.0,6EQE
E;S;Q;F,K;E;I;E,"231,121,182,271",0.0,6EQE
E;S;Q;G,K;E;I;Q,"231,121,182,164",0.0,6EQE
E;S;Q;A,K;E;I;D,"231,121,182,130",0.0,6EQE
E;S;Q;W,K;E;I;C,"231,121,182,257",0.0,6EQE
E;S;Q;Q,K;E;I;N,"231,121,182,127",0.0,6EQE
E;S;Q;Q,K;E;I;R,"231,121,182,127",0.0,6EQE
E;S;Q;S,K;E;I;M,"231,121,182,238",0.0,6EQE
E;S;Q;F,K;E;I;M,"231,121,182,271",0.0,6EQE
E;S;Q;S,K;E;I;A,"231,121,182,124",0.0,6EQE
E;S;Q;G,K;E;I;I,"231,121,182,243",0.0,6EQE
E;S;Q;Q,K;E;I;I,"231,121,182,127",0.0,6EQE
E;S;Q;A,K;E;I;V,"231,121,182,65",0.0,6EQE
E;S;Q;Q,K;E;I;E,"231,121,182,133",0.0,6EQE
E;S;Q;S,K;E;I;T,"231,121,182,124",0.0,6EQE
E;S;Q;Q,K;E;I;K,"231,121,182,127",0.0,6EQE
E;S;Q;Q,K;E;I;W,"231,121,182,133",0.0,6EQE
E;S;Q;D,K;E;I;L,"231,121,182,220",0.0,6EQE
E;S;Q;T,K;E;I;D,"231,121,182,88",0.0,6EQE
E;S;Q;R,K;E;I;N,"231,121,182,132",0.0,6EQE
E;S;Q;Q,K;E;I;D,"231,121,182,127",0.0,6EQE
E;S;Q;A,K;E;I;Y,"231,121,182,215",0.0,6EQE
E;S;Q;L,K;E;I;K,"231,121,182,249",0.0,6EQE
E;S;Q;R,K;E;I;Y,"231,121,182,123",0.0,6EQE
E;S;Q;F,K;E;I;W,"231,121,182,271",0.0,6EQE
E;S;Q;S,K;E;I;D,"231,121,182,58",0.0,6EQE
E;S;Q;N,K;E;I;I,"231,121,182,37",0.0,6EQE
E;S;Q;C,K;E;I;D,"231,121,182,289",0.0,6EQE
E;S;Q;A,K;E;I;P,"231,121,182,152",0.0,6EQE
E;S;Q;D,K;E;I;V,"231,121,182,186",0.0,6EQE
E;S;Q;G,K;E;I;P,"231,121,182,243",0.0,6EQE
E;S;Q;S,K;E;I;E,"231,121,182,115",0.0,6EQE
E;S;Q;L,K;E;I;Q,"231,121,182,216",0.0,6EQE
E;S;Q;N,K;E;I;P,"231,121,182,277",0.0,6EQE
E;S;Q;R,K;E;I;Q,"231,121,182,132",0.0,6EQE
E;S;Q;N,K;E;I;Y,"231,121,182,244",0.0,6EQE
E;S;Q;H,K;E;I;T,"231,121,182,104",0.0,6EQE
E;S;Q;S,K;E;I;V,"231,121,182,58",0.0,6EQE
E;S;Q;H,K;E;I;L,"231,121,182,104",0.0,6EQE
E;S;Q;P,K;E;I;Q,"231,121,182,38",0.0,6EQE
E;S;Q;R,K;E;I;L,"231,121,182,53",0.0,6EQE
E;S;Q;A,K;E;I;T,"231,121,182,180",0.0,6EQE
E;S;Q;P,K;E;I;D,"231,121,182,197",0.0,6EQE
E;S;Q;T,K;E;I;V,"231,121,182,198",0.0,6EQE
E;S;Q;A,K;E;I;M,"231,121,182,135",0.0,6EQE
E;S;Q;I,K;E;I;L,"231,121,182,111",0.0,6EQE
E;S;Q;G,K;E;I;S,"231,121,182,243",0.0,6EQE
E;S;Q;Q,K;E;I;L,"231,121,182,127",0.0,6EQE
E;S;Q;Q,K;E;I;H,"231,121,182,127",0.0,6EQE
E;S;Q;W,K;E;I;I,"231,121,182,159",0.0,6EQE
E;S;Q;Q,K;E;I;P,"231,121,182,127",0.0,6EQE
E;S;Q;S,K;E;I;N,"231,121,182,103",0.0,6EQE
E;S;Q;A,K;E;I;Y,"231,121,182,179",0.0,6EQE
E;S;Q;W,K;E;I;K,"231,121,182,257",0.0,6EQE
E;S;Q;L,K;E;I;M,"231,121,182,216",0.0,6EQE
E;S;Q;Q,K;E;I;E,"231,121,182,127",0.0,6EQE
E;S;Q;G,K;E;I;A,"231,121,182,243",0.0,6EQE
E;S;Q;A,K;E;I;N,"231,121,182,226",0.0,6EQE
E;S;Q;L,K;E;I;I,"231,121,182,216",0.0,6EQE
E;S;Q;C,K;E;I;L,"231,121,182,289",0.0,6EQE
E;S;Q;S,K;E;I;E,"231,121,182,207",0.0,6EQE
E;S;Q;M,K;E;I;L,"231,121,182,154",0.0,6EQE
E;S;Q;M,K;E;I;P,"231,121,182,222",0.0,6EQE
E;S;Q;G,K;E;I;T,"231,121,182,251",0.0,6EQE
E;S;Q;P,K;E;I;L,"231,121,182,38",0.0,6EQE
E;S;Q;L,K;E;I;W,"231,121,182,216",0.0,6EQE
E;S;Q;T,K;E;I;L,"231,121,182,72",0.0,6EQE
E;S;Q;S,K;E;I;P,"231,121,182,245",0.0,6EQE
E;S;Q;I,K;E;I;W,"231,121,182,111",0.0,6EQE
E;S;Q;L,K;E;I;D,"231,121,182,249",0.0,6EQE
E;S;Q;D,K;E;I;K,"231,121,182,263",0.0,6EQE
E;S;Q;T,K;E;I;M,"231,121,182,51",0.0,6EQE
E;S;Q;L,K;E;I;E,"231,121,182,216",0.0,6EQE
E;S;Q;I,K;E;I;H,"231,121,182,145",0.0,6EQE
E;S;Q;I,K;E;I;L,"231,121,182,145",0.0,6EQE
E;S;Q;H,K;E;I;M,"231,121,182,104",0.0,6EQE
E;S;Q;R,K;E;I;P,"231,121,182,280",0.0,6EQE
E;S;Q;L,K;E;I;F,"231,121,182,216",0.0,6EQE
E;S;Q;S,K;E;I;D,"231,121,182,103",0.0,6EQE
E;S;Q;I,K;E;I;V,"231,121,182,200",0.0,6EQE
E;S;Q;T,K;E;I;K,"231,121,182,88",0.0,6EQE
E;S;Q;N,K;E;I;K,"231,121,182,138",0.0,6EQE
E;S;Q;A,K;E;I;L,"231,121,182,65",0.0,6EQE
E;S;Q;Q,K;E;I;T,"231,121,182,91",0.0,6EQE
E;S;Q;G,K;E;I;D,"231,121,182,163",0.0,6EQE
E;S;Q;A,K;E;I;M,"231,121,182,65",0.0,6EQE
E;S;Q;K,K;E;I;L,"231,121,182,252",0.0,6EQE
E;S;Q;V,K;E;I;D,"231,121,182,57",0.0,6EQE
E;S;Q;Q,K;E;I;V,"231,121,182,127",0.0,6EQE
E;S;Q;V,K;E;I;C,"231,121,182,281",0.0,6EQE
E;S;Q;T,K;E;I;V,"231,121,182,72",0.0,6EQE
E;S;Q;Q,K;E;I;N,"231,121,182,133",0.0,6EQE
E;S;Q;R,K;E;I;K,"231,121,182,53",0.0,6EQE
E;S;Q;S,K;E;I;P,"231,121,182,125",0.0,6EQE
E;S;Q;T,K;E;I;Q,"231,121,182,88",0.0,6EQE
E;S;Q;N,K;E;I;L,"231,121,182,138",0.0,6EQE
E;S;Q;H,K;E;I;R,"231,121,182,104",0.0,6EQE
E;S;Q;W,K;E;I;P,"231,121,182,159",0.0,6EQE
E;S;Q;S,K;E;I;Y,"231,121,182,242",0.0,6EQE
E;S;Q;A,K;E;I;F,"231,121,182,65",0.0,6EQE
E;S;Q;G,K;E;I;H,"231,121,182,251",0.0,6EQE
E;S;Q;L,K;E;I;P,"231,121,182,216",0.0,6EQE
E;S;Q;S,K;E;I;W,"231,121,182,58",0.0,6EQE
E;S;Q;A,K;E;I;E,"231,121,182,152",0.0,6EQE
E;S;Q;T,K;E;I;N,"231,121,182,88",0.0,6EQE
E;S;Q;T,K;E;I;N,"231,121,182,198",0.0,6EQE
E;S;Q;S,K;E;I;K,"231,121,182,58",0.0,6EQE
E;S;Q;L,K;E;I;C,"231,121,182,249",0.0,6EQE
E;S;Q;N,K;E;I;T,"231,121,182,190",0.0,6EQE
E;S;Q;S,K;E;I;V,"231,121,182,223",0.0,6EQE
E;S;Q;A,K;E;I;W,"231,121,182,65",0.0,6EQE
E;S;Q;K,K;E;I;Y,"231,121,182,253",0.0,6EQE
E;S;Q;R,K;E;I;S,"231,121,182,90",0.0,6EQE
E;S;Q;T,K;E;I;M,"231,121,182,29",0.0,6EQE
E;S;Q;M,K;E;I;L,"231,121,182,262",0.0,6EQE
E;S;Q;A,K;E;I;L,"231,121,182,272",0.0,6EQE
E;S;Q;R,K;E;I;N,"231,121,182,90",0.0,6EQE
E;S;Q;R,K;E;I;T,"231,121,182,90",0.0,6EQE
E;S;Q;G,K;E;I;T,"231,121,182,254",0.0,6EQE
E;S;Q;R,K;E;I;P,"231,121,182,90",0.0,6EQE
E;S;Q;N,K;E;I;Y,"231,121,182,37",0.0,6EQE
E;S;Q;R,K;E;I;A,"231,121,182,90",0.0,6EQE
E;S;Q;K,K;E;I;F,"231,121,182,253",0.0,6EQE
E;S;Q;Y,K;E;I;S,"231,121,182,63",0.0,6EQE
E;S;Q;Q,K;E;I;M,"231,121,182,127",0.0,6EQE
E;S;Q;K,K;E;I;A,"231,121,182,253",0.0,6EQE
E;S;Q;K,K;E;I;V,"231,121,182,253",0.0,6EQE
E;S;Q;R,K;E;I;D,"231,121,182,90",0.0,6EQE
E;S;Q;Q,K;E;I;A,"231,121,182,127",0.0,6EQE
E;S;Q;Y,K;E;I;T,"231,121,182,63",0.0,6EQE
E;S;Q;K,K;E;I;L,"231,121,182,253",0.0,6EQE
E;S;Q;C,K;E;I;S,"231,121,182,289",0.0,6EQE
E;S;Q;Y,K;E;I;G,"231,121,182,63",0.0,6EQE
E;S;Q;M,K;E;I;V,"231,121,182,154",0.0,6EQE
E;S;Q;Q,K;E;I;T,"231,121,182,127",0.0,6EQE
E;S;Q;A,K;E;I;D,"231,121,182,226",0.0,6EQE
E;S;Q;C,K;E;I;A,"231,121,182,289",0.0,6EQE
E;S;Q;R,K;E;I;Q,"231,121,182,224",0.0,6EQE
E;S;Q;N,K;E;I;K,"231,121,182,233",0.0,6EQE
E;S;Q;S,K;E;I;E,"231,121,182,136",0.0,6EQE
E;S;Q;D,K;E;I;N,"231,121,182,186",0.0,6EQE
E;S;Q;R,K;E;I;A,"231,121,182,280",0.0,6EQE
E;S;Q;S,K;E;I;F,"231,121,182,238",0.0,6EQE
E;S;Q;S,K;E;I;Q,"231,121,182,188",0.0,6EQE
E;S;Q;S,K;E;I;H,"231,121,182,214",0.0,6EQE
E;S;Q;L,K;E;I;F,"231,121,182,117",0.0,6EQE
E;S;Q;Q,K;E;I;Y,"231,121,182,119",0.0,6EQE
E;S;Q;G,K;E;I;A,"231,121,182,165",0.0,6EQE
E;S;Q;I,K;E;I;R,"231,121,182,168",0.0,6EQE
E;S;Q;N,K;E;I;H,"231,121,182,205",0.0,6EQE
E;S;Q;S,K;E;I;Y,"231,121,182,269",0.0,6EQE
E;S;Q;S,K;E;I;T,"231,121,182,214",0.0,6EQE
E;S;Q;I,K;E;I;R,"231,121,182,218",0.0,6EQE
E;S;Q;P,K;E;I;K,"231,121,182,120",0.0,6EQE
E;S;Q;M,K;E;I;H,"231,121,182,161",0.0,6EQE
E;S;Q;I,K;E;I;H,"231,121,182,168",0.0,6EQE
E;S;Q;N,K;E;I;K,"231,121,182,114",0.0,6EQE
E;S;Q;P,K;E;I;V,"231,121,182,184",0.0,6EQE
E;S;Q;W,K;E;I;P,"231,121,182,185",0.0,6EQE
E;S;Q;S,K;E;I;H,"231,121,182,187",0.0,6EQE
E;S;Q;S,K;E;I;P,"231,121,182,188",0.0,6EQE
E;S;Q;T,K;E;I;Y,"231,121,182,189",0.0,6EQE
E;S;Q;F,K;E;I;M,"231,121,182,191",0.0,6EQE
Q;S;E;S,L;T;K;N,"182,214,231,124",0.0,6EQE
Q;S;E;G,L;T;K;Q,"182,214,231,243",0.0,6EQE
Q;S;E;G,L;T;K;L,"182,214,231,243",0.0,6EQE
Q;S;E;T,L;T;K;E,"182,214,231,270",0.0,6EQE
Q;S;E;R,L;T;K;V,"182,214,231,34",0.0,6EQE
Q;S;E;G,L;T;K;K,"182,214,231,243",0.0,6EQE
Q;S;E;D,L;T;K;Q,"182,214,231,220",0.0,6EQE
Q;S;E;S,L;T;K;K,"182,214,231,124",0.0,6EQE
Q;S;E;F,L;T;K;E,"182,214,231,271",0.0,6EQE
Q;S;E;G,L;T;K;Q,"182,214,231,164",0.0,6EQE
Q;S;E;A,L;T;K;D,"182,214,231,130",0.0,6EQE
Q;S;E;W,L;T;K;C,"182,214,231,257",0.0,6EQE
Q;S;E;Q,L;T;K;N,"182,214,231,127",0.0,6EQE
Q;S;E;Q,L;T;K;R,"182,214,231,127",0.0,6EQE
Q;S;E;S,L;T;K;M,"182,214,231,238",0.0,6EQE
Q;S;E;F,L;T;K;M,"182,214,231,271",0.0,6EQE
Q;S;E;S,L;T;K;A,"182,214,231,124",0.0,6EQE
Q;S;E;G,L;T;K;I,"182,214,231,243",0.0,6EQE
Q;S;E;Q,L;T;K;I,"182,214,231,127",0.0,6EQE
Q;S;E;A,L;T;K;V,"182,214,231,65",0.0,6EQE
Q;S;E;Q,L;T;K;E,"182,214,231,133",0.0,6EQE
Q;S;E;S,L;T;K;T,"182,214,231,124",0.0,6EQE
Q;S;E;Q,L;T;K;K,"182,214,231,127",0.0,6EQE
Q;S;E;Q,L;T;K;W,"182,214,231,133",0.0,6EQE
Q;S;E;D,L;T;K;L,"182,214,231,220",0.0,6EQE
Q;S;E;T,L;T;K;D,"182,214,231,88",0.0,6EQE
Q;S;E;R,L;T;K;N,"182,214,231,132",0.0,6EQE
Q;S;E;Q,L;T;K;D,"182,214,231,127",0.0,6EQE
Q;S;E;A,L;T;K;Y,"182,214,231,215",0.0,6EQE
Q;S;E;L,L;T;K;K,"182,214,231,249",0.0,6EQE
Q;S;E;R,L;T;K;Y,"182,214,231,123",0.0,6EQE
Q;S;E;F,L;T;K;W,"182,214,231,271",0.0,6EQE
Q;S;E;S,L;T;K;D,"182,214,231,58",0.0,6EQE
Q;S;E;N,L;T;K;I,"182,214,231,37",0.0,6EQE
Q;S;E;C,L;T;K;D,"182,214,231,289",0.0,6EQE
Q;S;E;A,L;T;K;P,"182,214,231,152",0.0,6EQE
Q;S;E;D,L;T;K;V,"182,214,231,186",0.0,6EQE
Q;S;E;G,L;T;K;P,"182,214,231,243",0.0,6EQE
Q;S;E;S,L;T;K;E,"182,214,231,115",0.0,6EQE
Q;S;E;L,L;T;K;Q,"182,214,231,216",0.0,6EQE
Q;S;E;N,L;T;K;P,"182,214,231,277",0.0,6EQE
Q;S;E;R,L;T;K;Q,"182,214,231,132",0.0,6EQE
Q;S;E;N,L;T;K;Y,"182,214,231,244",0.0,6EQE
Q;S;E;H,L;T;K;T,"182,214,231,104",0.0,6EQE
Q;S;E;S,L;T;K;V,"182,214,231,58",0.0,6EQE
Q;S;E;H,L;T;K;L,"182,214,231,104",0.0,6EQE
Q;S;E;P,L;T;K;Q,"182,214,231,38",0.0,6EQE
Q;S;E;R,L;T;K;L,"182,214,231,53",0.0,6EQE
Q;S;E;A,L;T;K;T,"182,214,231,180",0.0,6EQE
Q;S;E;P,L;T;K;D,"182,214,231,197",0.0,6EQE
Q;S;E;T,L;T;K;V,"182,214,231,198",0.0,6EQE
Q;S;E;A,L;T;K;M,"182,214,231,135",0.0,6EQE
Q;S;E;I,L;T;K;L,"182,214,231,111",0.0,6EQE
Q;S;E;G,L;T;K;S,"182,214,231,243",0.0,6EQE
Q;S;E;Q,L;T;K;L,"182,214,231,127",0.0,6EQE
Q;S;E;Q,L;T;K;H,"182,214,231,127",0.0,6EQE
Q;S;E;W,L;T;K;I,"182,214,231,159",0.0,6EQE
Q;S;E;Q,L;T;K;P,"182,214,231,127",0.0,6EQE
Q;S;E;S,L;T;K;N,"182,214,231,103",0.0,6EQE
Q;S;E;A,L;T;K;Y,"182,214,231,179",0.0,6EQE
Q;S;E;W,L;T;K;K,"182,214,231,257",0.0,6EQE
Q;S;E;L,L;T;K;M,"182,214,231,216",0.0,6EQE
Q;S;E;Q,L;T;K;E,"182,214,231,127",0.0,6EQE
Q;S;E;G,L;T;K;A,"182,214,231,243",0.0,6EQE
Q;S;E;A,L;T;K;N,"182,214,231,226",0.0,6EQE
Q;S;E;L,L;T;K;I,"182,214,231,216",0.0,6EQE
Q;S;E;C,L;T;K;L,"182,214,231,289",0.0,6EQE
Q;S;E;S,L;T;K;E,"182,214,231,207",0.0,6EQE
Q;S;E;M,L;T;K;L,"182,214,231,154",0.0,6EQE
Q;S;E;M,L;T;K;P,"182,214,231,222",0.0,6EQE
Q;S;E;G,L;T;K;T,"182,214,231,251",0.0,6EQE
Q;S;E;P,L;T;K;L,"182,214,231,38",0.0,6EQE
Q;S;E;L,L;T;K;W,"182,214,231,216",0.0,6EQE
Q;S;E;T,L;T;K;L,"182,214,231,72",0.0,6EQE
Q;S;E;S,L;T;K;P,"182,214,231,245",0.0,6EQE
Q;S;E;I,L;T;K;W,"182,214,231,111",0.0,6EQE
Q;S;E;L,L;T;K;D,"182,214,231,249",0.0,6EQE
Q;S;E;D,L;T;K;K,"182,214,231,263",0.0,6EQE
Q;S;E;T,L;T;K;M,"182,214,231,51",0.0,6EQE
Q;S;E;L,L;T;K;E,"182,214,231,216",0.0,6EQE
Q;S;E;S,L;T;K;T,"182,214,231,121",0.0,6EQE
Q;S;E;I,L;T;K;H,"182,214,231,145",0.0,6EQE
Q;S;E;I,L;T;K;L,"182,214,231,145",0.0,6EQE
Q;S;E;H,L;T;K;M,"182,214,231,104",0.0,6EQE
Q;S;E;R,L;T;K;P,"182,214,231,280",0.0,6EQE
Q;S;E;L,L;T;K;F,"182,214,231,216",0.0,6EQE
Q;S;E;S,L;T;K;D,"182,214,231,103",0.0,6EQE
Q;S;E;I,L;T;K;V,"182,214,231,200",0.0,6EQE
Q;S;E;T,L;T;K;K,"182,214,231,88",0.0,6EQE
Q;S;E;N,L;T;K;K,"182,214,231,138",0.0,6EQE
Q;S;E;A,L;T;K;L,"182,214,231,65",0.0,6EQE
Q;S;E;Q,L;T;K;T,"182,214,231,91",0.0,6EQE
Q;S;E;G,L;T;K;D,"182,214,231,163",0.0,6EQE
Q;S;E;A,L;T;K;M,"182,214,231,65",0.0,6EQE
Q;S;E;K,L;T;K;L,"182,214,231,252",0.0,6EQE
Q;S;E;V,L;T;K;D,"182,214,231,57",0.0,6EQE
Q;S;E;Q,L;T;K;V,"182,214,231,127",0.0,6EQE
Q;S;E;V,L;T;K;C,"182,214,231,281",0.0,6EQE
Q;S;E;T,L;T;K;V,"182,214,231,72",0.0,6EQE
Q;S;E;Q,L;T;K;N,"182,214,231,133",0.0,6EQE
Q;S;E;R,L;T;K;K,"182,214,231,53",0.0,6EQE
Q;S;E;S,L;T;K;P,"182,214,231,125",0.0,6EQE
Q;S;E;T,L;T;K;Q,"182,214,231,88",0.0,6EQE
Q;S;E;N,L;T;K;L,"182,214,231,138",0.0,6EQE
Q;S;E;H,L;T;K;R,"182,214,231,104",0.0,6EQE
Q;S;E;W,L;T;K;P,"182,214,231,159",0.0,6EQE
Q;S;E;S,L;T;K;Y,"182,214,231,242",0.0,6EQE
Q;S;E;A,L;T;K;F,"182,214,231,65",0.0,6EQE
Q;S;E;G,L;T;K;H,"182,214,231,251",0.0,6EQE
Q;S;E;L,L;T;K;P,"182,214,231,216",0.0,6EQE
Q;S;E;S,L;T;K;W,"182,214,231,58",0.0,6EQE
Q;S;E;A,L;T;K;E,"182,214,231,152",0.0,6EQE
Q;S;E;T,L;T;K;N,"182,214,231,88",0.0,6EQE
Q;S;E;T,L;T;K;N,"182,214,231,198",0.0,6EQE
Q;S;E;S,L;T;K;K,"182,214,231,58",0.0,6EQE
Q;S;E;L,L;T;K;C,"182,214,231,249",0.0,6EQE
Q;S;E;N,L;T;K;T,"182,214,231,190",0.0,6EQE
Q;S;E;S,L;T;K;V,"182,214,231,223",0.0,6EQE
Q;S;E;A,L;T;K;W,"182,214,231,65",0.0,6EQE
Q;S;E;K,L;T;K;Y,"182,214,231,253",0.0,6EQE
Q;S;E;R,L;T;K;S,"182,214,231,90",0.0,6EQE
Q;S;E;T,L;T;K;M,"182,214,231,29",0.0,6EQE
Q;S;E;M,L;T;K;L,"182,214,231,262",0.0,6EQE
Q;S;E;A,L;T;K;L,"182,214,231,272",0.0,6EQE
Q;S;E;R,L;T;K;N,"182,214,231,90",0.0,6EQE
Q;S;E;R,L;T;K;T,"182,214,231,90",0.0,6EQE
Q;S;E;G,L;T;K;T,"182,214,231,254",0.0,6EQE
Q;S;E;R,L;T;K;P,"182,214,231,90",0.0,6EQE
Q;S;E;N,L;T;K;Y,"182,214,231,37",0.0,6EQE
Q;S;E;R,L;T;K;A,"182,214,231,90",0.0,6EQE
Q;S;E;K,L;T;K;F,"182,214,231,253",0.0,6EQE
Q;S;E;Y,L;T;K;S,"182,214,231,63",0.0,6EQE
Q;S;E;Q,L;T;K;M,"182,214,231,127",0.0,6EQE
Q;S;E;K,L;T;K;A,"182,214,231,253",0.0,6EQE
Q;S;E;K,L;T;K;V,"182,214,231,253",0.0,6EQE
Q;S;E;R,L;T;K;D,"182,214,231,90",0.0,6EQE
Q;S;E;Q,L;T;K;A,"182,214,231,127",0.0,6EQE
Q;S;E;Y,L;T;K;T,"182,214,231,63",0.0,6EQE
Q;S;E;K,L;T;K;L,"182,214,231,253",0.0,6EQE
Q;S;E;C,L;T;K;S,"182,214,231,289",0.0,6EQE
Q;S;E;Y,L;T;K;G,"182,214,231,63",0.0,6EQE
Q;S;E;M,L;T;K;V,"182,214,231,154",0.0,6EQE
Q;S;E;Q,L;T;K;T,"182,214,231,127",0.0,6EQE
Q;S;E;A,L;T;K;D,"182,214,231,226",0.0,6EQE
Q;S;E;C,L;T;K;A,"182,214,231,289",0.0,6EQE
Q;S;E;R,L;T;K;Q,"182,214,231,224",0.0,6EQE
Q;S;E;N,L;T;K;K,"182,214,231,233",0.0,6EQE
Q;S;E;S,L;T;K;E,"182,214,231,136",0.0,6EQE
Q;S;E;D,L;T;K;N,"182,214,231,186",0.0,6EQE
Q;S;E;R,L;T;K;A,"182,214,231,280",0.0,6EQE
Q;S;E;S,L;T;K;F,"182,214,231,238",0.0,6EQE
Q;S;E;S,L;T;K;Q,"182,214,231,188",0.0,6EQE
Q;S;E;L,L;T;K;F,"182,214,231,117",0.0,6EQE
Q;S;E;Q,L;T;K;Y,"182,214,231,119",0.0,6EQE
Q;S;E;G,L;T;K;A,"182,214,231,165",0.0,6EQE
Q;S;E;S,L;T;K;E,"182,214,231,121",0.0,6EQE
Q;S;E;I,L;T;K;R,"182,214,231,168",0.0,6EQE
Q;S;E;N,L;T;K;H,"182,214,231,205",0.0,6EQE
Q;S;E;S,L;T;K;Y,"182,214,231,269",0.0,6EQE
Q;S;E;I,L;T;K;R,"182,214,231,218",0.0,6EQE
Q;S;E;P,L;T;K;K,"182,214,231,120",0.0,6EQE
Q;S;E;M,L;T;K;H,"182,214,231,161",0.0,6EQE
Q;S;E;I,L;T;K;H,"182,214,231,168",0.0,6EQE
Q;S;E;N,L;T;K;K,"182,214,231,114",0.0,6EQE
Q;S;E;P,L;T;K;V,"182,214,231,184",0.0,6EQE
Q;S;E;W,L;T;K;P,"182,214,231,185",0.0,6EQE
Q;S;E;S,L;T;K;H,"182,214,231,187",0.0,6EQE
Q;S;E;S,L;T;K;P,"182,214,231,188",0.0,6EQE
Q;S;E;T,L;T;K;Y,"182,214,231,189",0.0,6EQE
Q;S;E;F,L;T;K;M,"182,214,231,191",0.0,6EQE
K;S;N;S,L;E;K;N,"252,121,114,124",0.0,6EQE
K;S;N;G,L;E;K;Q,"252,121,114,243",0.0,6EQE
K;S;N;G,L;E;K;L,"252,121,114,243",0.0,6EQE
K;S;N;T,L;E;K;E,"252,121,114,270",0.0,6EQE
K;S;N;R,L;E;K;V,"252,121,114,34",0.0,6EQE
K;S;N;G,L;E;K;K,"252,121,114,243",0.0,6EQE
K;S;N;D,L;E;K;Q,"252,121,114,220",0.0,6EQE
K;S;N;S,L;E;K;K,"252,121,114,124",0.0,6EQE
K;S;N;F,L;E;K;E,"252,121,114,271",0.0,6EQE
K;S;N;G,L;E;K;Q,"252,121,114,164",0.0,6EQE
K;S;N;A,L;E;K;D,"252,121,114,130",0.0,6EQE
K;S;N;W,L;E;K;C,"252,121,114,257",0.0,6EQE
K;S;N;Q,L;E;K;N,"252,121,114,127",0.0,6EQE
K;S;N;Q,L;E;K;R,"252,121,114,127",0.0,6EQE
K;S;N;S,L;E;K;M,"252,121,114,238",0.0,6EQE
K;S;N;F,L;E;K;M,"252,121,114,271",0.0,6EQE
K;S;N;S,L;E;K;A,"252,121,114,124",0.0,6EQE
K;S;N;G,L;E;K;I,"252,121,114,243",0.0,6EQE
K;S;N;Q,L;E;K;I,"252,121,114,127",0.0,6EQE
K;S;N;A,L;E;K;V,"252,121,114,65",0.0,6EQE
K;S;N;Q,L;E;K;E,"252,121,114,133",0.0,6EQE
K;S;N;S,L;E;K;T,"252,121,114,124",0.0,6EQE
K;S;N;Q,L;E;K;K,"252,121,114,127",0.0,6EQE
K;S;N;Q,L;E;K;W,"252,121,114,133",0.0,6EQE
K;S;N;D,L;E;K;L,"252,121,114,220",0.0,6EQE
K;S;N;T,L;E;K;D,"252,121,114,88",0.0,6EQE
K;S;N;R,L;E;K;N,"252,121,114,132",0.0,6EQE
K;S;N;Q,L;E;K;D,"252,121,114,127",0.0,6EQE
K;S;N;A,L;E;K;Y,"252,121,114,215",0.0,6EQE
K;S;N;L,L;E;K;K,"252,121,114,249",0.0,6EQE
K;S;N;R,L;E;K;Y,"252,121,114,123",0.0,6EQE
K;S;N;F,L;E;K;W,"252,121,114,271",0.0,6EQE
K;S;N;S,L;E;K;D,"252,121,114,58",0.0,6EQE
K;S;N;N,L;E;K;I,"252,121,114,37",0.0,6EQE
K;S;N;C,L;E;K;D,"252,121,114,289",0.0,6EQE
K;S;N;A,L;E;K;P,"252,121,114,152",0.0,6EQE
K;S;N;D,L;E;K;V,"252,121,114,186",0.0,6EQE
K;S;N;G,L;E;K;P,"252,121,114,243",0.0,6EQE
K;S;N;S,L;E;K;E,"252,121,114,115",0.0,6EQE
K;S;N;L,L;E;K;Q,"252,121,114,216",0.0,6EQE
K;S;N;N,L;E;K;P,"252,121,114,277",0.0,6EQE
K;S;N;R,L;E;K;Q,"252,121,114,132",0.0,6EQE
K;S;N;N,L;E;K;Y,"252,121,114,244",0.0,6EQE
K;S;N;H,L;E;K;T,"252,121,114,104",0.0,6EQE
K;S;N;S,L;E;K;V,"252,121,114,58",0.0,6EQE
K;S;N;H,L;E;K;L,"252,121,114,104",0.0,6EQE
K;S;N;P,L;E;K;Q,"252,121,114,38",0.0,6EQE
K;S;N;R,L;E;K;L,"252,121,114,53",0.0,6EQE
K;S;N;A,L;E;K;T,"252,121,114,180",0.0,6EQE
K;S;N;P,L;E;K;D,"252,121,114,197",0.0,6EQE
K;S;N;T,L;E;K;V,"252,121,114,198",0.0,6EQE
K;S;N;A,L;E;K;M,"252,121,114,135",0.0,6EQE
K;S;N;I,L;E;K;L,"252,121,114,111",0.0,6EQE
K;S;N;G,L;E;K;S,"252,121,114,243",0.0,6EQE
K;S;N;Q,L;E;K;L,"252,121,114,127",0.0,6EQE
K;S;N;Q,L;E;K;H,"252,121,114,127",0.0,6EQE
K;S;N;W,L;E;K;I,"252,121,114,159",0.0,6EQE
K;S;N;Q,L;E;K;P,"252,121,114,127",0.0,6EQE
K;S;N;S,L;E;K;N,"252,121,114,103",0.0,6EQE
K;S;N;A,L;E;K;Y,"252,121,114,179",0.0,6EQE
K;S;N;W,L;E;K;K,"252,121,114,257",0.0,6EQE
K;S;N;L,L;E;K;M,"252,121,114,216",0.0,6EQE
K;S;N;Q,L;E;K;E,"252,121,114,127",0.0,6EQE
K;S;N;G,L;E;K;A,"252,121,114,243",0.0,6EQE
K;S;N;A,L;E;K;N,"252,121,114,226",0.0,6EQE
K;S;N;L,L;E;K;I,"252,121,114,216",0.0,6EQE
K;S;N;C,L;E;K;L,"252,121,114,289",0.0,6EQE
K;S;N;S,L;E;K;E,"252,121,114,207",0.0,6EQE
K;S;N;M,L;E;K;L,"252,121,114,154",0.0,6EQE
K;S;N;M,L;E;K;P,"252,121,114,222",0.0,6EQE
K;S;N;G,L;E;K;T,"252,121,114,251",0.0,6EQE
K;S;N;P,L;E;K;L,"252,121,114,38",0.0,6EQE
K;S;N;L,L;E;K;W,"252,121,114,216",0.0,6EQE
K;S;N;T,L;E;K;L,"252,121,114,72",0.0,6EQE
K;S;N;S,L;E;K;P,"252,121,114,245",0.0,6EQE
K;S;N;I,L;E;K;W,"252,121,114,111",0.0,6EQE
K;S;N;L,L;E;K;D,"252,121,114,249",0.0,6EQE
K;S;N;E,L;E;K;K,"252,121,114,231",0.0,6EQE
K;S;N;D,L;E;K;K,"252,121,114,263",0.0,6EQE
K;S;N;T,L;E;K;M,"252,121,114,51",0.0,6EQE
K;S;N;L,L;E;K;E,"252,121,114,216",0.0,6EQE
K;S;N;I,L;E;K;H,"252,121,114,145",0.0,6EQE
K;S;N;I,L;E;K;L,"252,121,114,145",0.0,6EQE
K;S;N;H,L;E;K;M,"252,121,114,104",0.0,6EQE
K;S;N;R,L;E;K;P,"252,121,114,280",0.0,6EQE
K;S;N;L,L;E;K;F,"252,121,114,216",0.0,6EQE
K;S;N;S,L;E;K;D,"252,121,114,103",0.0,6EQE
K;S;N;I,L;E;K;V,"252,121,114,200",0.0,6EQE
K;S;N;T,L;E;K;K,"252,121,114,88",0.0,6EQE
K;S;N;N,L;E;K;K,"252,121,114,138",0.0,6EQE
K;S;N;A,L;E;K;L,"252,121,114,65",0.0,6EQE
K;S;N;Q,L;E;K;T,"252,121,114,91",0.0,6EQE
K;S;N;G,L;E;K;D,"252,121,114,163",0.0,6EQE
K;S;N;A,L;E;K;M,"252,121,114,65",0.0,6EQE
K;S;N;V,L;E;K;D,"252,121,114,57",0.0,6EQE
K;S;N;Q,L;E;K;V,"252,121,114,127",0.0,6EQE
K;S;N;V,L;E;K;C,"252,121,114,281",0.0,6EQE
K;S;N;T,L;E;K;V,"252,121,114,72",0.0,6EQE
K;S;N;Q,L;E;K;N,"252,121,114,133",0.0,6EQE
K;S;N;R,L;E;K;K,"252,121,114,53",0.0,6EQE
K;S;N;S,L;E;K;P,"252,121,114,125",0.0,6EQE
K;S;N;T,L;E;K;Q,"252,121,114,88",0.0,6EQE
K;S;N;N,L;E;K;L,"252,121,114,138",0.0,6EQE
K;S;N;H,L;E;K;R,"252,121,114,104",0.0,6EQE
K;S;N;W,L;E;K;P,"252,121,114,159",0.0,6EQE
K;S;N;S,L;E;K;Y,"252,121,114,242",0.0,6EQE
K;S;N;A,L;E;K;F,"252,121,114,65",0.0,6EQE
K;S;N;G,L;E;K;H,"252,121,114,251",0.0,6EQE
K;S;N;L,L;E;K;P,"252,121,114,216",0.0,6EQE
K;S;N;S,L;E;K;W,"252,121,114,58",0.0,6EQE
K;S;N;A,L;E;K;E,"252,121,114,152",0.0,6EQE
K;S;N;T,L;E;K;N,"252,121,114,88",0.0,6EQE
K;S;N;T,L;E;K;N,"252,121,114,198",0.0,6EQE
K;S;N;S,L;E;K;K,"252,121,114,58",0.0,6EQE
K;S;N;L,L;E;K;C,"252,121,114,249",0.0,6EQE
K;S;N;N,L;E;K;T,"252,121,114,190",0.0,6EQE
K;S;N;S,L;E;K;V,"252,121,114,223",0.0,6EQE
K;S;N;A,L;E;K;W,"252,121,114,65",0.0,6EQE
K;S;N;K,L;E;K;Y,"252,121,114,253",0.0,6EQE
K;S;N;R,L;E;K;S,"252,121,114,90",0.0,6EQE
K;S;N;T,L;E;K;M,"252,121,114,29",0.0,6EQE
K;S;N;M,L;E;K;L,"252,121,114,262",0.0,6EQE
K;S;N;A,L;E;K;L,"252,121,114,272",0.0,6EQE
K;S;N;R,L;E;K;N,"252,121,114,90",0.0,6EQE
K;S;N;R,L;E;K;T,"252,121,114,90",0.0,6EQE
K;S;N;G,L;E;K;T,"252,121,114,254",0.0,6EQE
K;S;N;R,L;E;K;P,"252,121,114,90",0.0,6EQE
K;S;N;N,L;E;K;Y,"252,121,114,37",0.0,6EQE
K;S;N;Q,L;E;K;I,"252,121,114,182",0.0,6EQE
K;S;N;R,L;E;K;A,"252,121,114,90",0.0,6EQE
K;S;N;K,L;E;K;F,"252,121,114,253",0.0,6EQE
K;S;N;Y,L;E;K;S,"252,121,114,63",0.0,6EQE
K;S;N;Q,L;E;K;M,"252,121,114,127",0.0,6EQE
K;S;N;Q,L;E;K;L,"252,121,114,182",0.0,6EQE
K;S;N;K,L;E;K;A,"252,121,114,253",0.0,6EQE
K;S;N;K,L;E;K;V,"252,121,114,253",0.0,6EQE
K;S;N;Q,L;E;K;F,"252,121,114,182",0.0,6EQE
K;S;N;R,L;E;K;D,"252,121,114,90",0.0,6EQE
K;S;N;Q,L;E;K;A,"252,121,114,127",0.0,6EQE
K;S;N;Y,L;E;K;T,"252,121,114,63",0.0,6EQE
K;S;N;Q,L;E;K;V,"252,121,114,182",0.0,6EQE
K;S;N;K,L;E;K;L,"252,121,114,253",0.0,6EQE
K;S;N;C,L;E;K;S,"252,121,114,289",0.0,6EQE
K;S;N;Y,L;E;K;G,"252,121,114,63",0.0,6EQE
K;S;N;M,L;E;K;V,"252,121,114,154",0.0,6EQE
K;S;N;Q,L;E;K;T,"252,121,114,127",0.0,6EQE
K;S;N;A,L;E;K;D,"252,121,114,226",0.0,6EQE
K;S;N;C,L;E;K;A,"252,121,114,289",0.0,6EQE
K;S;N;R,L;E;K;Q,"252,121,114,224",0.0,6EQE
K;S;N;N,L;E;K;K,"252,121,114,233",0.0,6EQE
K;S;N;S,L;E;K;E,"252,121,114,136",0.0,6EQE
K;S;N;D,L;E;K;N,"252,121,114,186",0.0,6EQE
K;S;N;R,L;E;K;A,"252,121,114,280",0.0,6EQE
K;S;N;S,L;E;K;F,"252,121,114,238",0.0,6EQE
K;S;N;S,L;E;K;Q,"252,121,114,188",0.0,6EQE
K;S;N;S,L;E;K;H,"252,121,114,214",0.0,6EQE
K;S;N;L,L;E;K;F,"252,121,114,117",0.0,6EQE
K;S;N;Q,L;E;K;Y,"252,121,114,119",0.0,6EQE
K;S;N;G,L;E;K;A,"252,121,114,165",0.0,6EQE
K;S;N;I,L;E;K;R,"252,121,114,168",0.0,6EQE
K;S;N;N,L;E;K;H,"252,121,114,205",0.0,6EQE
K;S;N;S,L;E;K;Y,"252,121,114,269",0.0,6EQE
K;S;N;S,L;E;K;T,"252,121,114,214",0.0,6EQE
K;S;N;I,L;E;K;R,"252,121,114,218",0.0,6EQE
K;S;N;P,L;E;K;K,"252,121,114,120",0.0,6EQE
K;S;N;M,L;E;K;H,"252,121,114,161",0.0,6EQE
K;S;N;I,L;E;K;H,"252,121,114,168",0.0,6EQE
K;S;N;P,L;E;K;V,"252,121,114,184",0.0,6EQE
K;S;N;W,L;E;K;P,"252,121,114,185",0.0,6EQE
K;S;N;S,L;E;K;H,"252,121,114,187",0.0,6EQE
K;S;N;S,L;E;K;P,"252,121,114,188",0.0,6EQE
K;S;N;T,L;E;K;Y,"252,121,114,189",0.0,6EQE
K;S;N;F,L;E;K;M,"252,121,114,191",0.0,6EQE
T;T;N;S,L;Y;K;N,"72,189,114,124",0.0,6EQE
T;T;N;G,L;Y;K;Q,"72,189,114,243",0.0,6EQE
T;T;N;G,L;Y;K;L,"72,189,114,243",0.0,6EQE
T;T;N;T,L;Y;K;E,"72,189,114,270",0.0,6EQE
T;T;N;R,L;Y;K;V,"72,189,114,34",0.0,6EQE
T;T;N;G,L;Y;K;K,"72,189,114,243",0.0,6EQE
T;T;N;D,L;Y;K;Q,"72,189,114,220",0.0,6EQE
T;T;N;S,L;Y;K;K,"72,189,114,124",0.0,6EQE
T;T;N;F,L;Y;K;E,"72,189,114,271",0.0,6EQE
T;T;N;G,L;Y;K;Q,"72,189,114,164",0.0,6EQE
T;T;N;A,L;Y;K;D,"72,189,114,130",0.0,6EQE
T;T;N;W,L;Y;K;C,"72,189,114,257",0.0,6EQE
T;T;N;Q,L;Y;K;N,"72,189,114,127",0.0,6EQE
T;T;N;Q,L;Y;K;R,"72,189,114,127",0.0,6EQE
T;T;N;S,L;Y;K;M,"72,189,114,238",0.0,6EQE
T;T;N;F,L;Y;K;M,"72,189,114,271",0.0,6EQE
T;T;N;S,L;Y;K;A,"72,189,114,124",0.0,6EQE
T;T;N;G,L;Y;K;I,"72,189,114,243",0.0,6EQE
T;T;N;Q,L;Y;K;I,"72,189,114,127",0.0,6EQE
T;T;N;A,L;Y;K;V,"72,189,114,65",0.0,6EQE
T;T;N;Q,L;Y;K;E,"72,189,114,133",0.0,6EQE
T;T;N;S,L;Y;K;T,"72,189,114,124",0.0,6EQE
T;T;N;Q,L;Y;K;K,"72,189,114,127",0.0,6EQE
T;T;N;Q,L;Y;K;W,"72,189,114,133",0.0,6EQE
T;T;N;D,L;Y;K;L,"72,189,114,220",0.0,6EQE
T;T;N;T,L;Y;K;D,"72,189,114,88",0.0,6EQE
T;T;N;R,L;Y;K;N,"72,189,114,132",0.0,6EQE
T;T;N;Q,L;Y;K;D,"72,189,114,127",0.0,6EQE
T;T;N;A,L;Y;K;Y,"72,189,114,215",0.0,6EQE
T;T;N;L,L;Y;K;K,"72,189,114,249",0.0,6EQE
T;T;N;R,L;Y;K;Y,"72,189,114,123",0.0,6EQE
T;T;N;F,L;Y;K;W,"72,189,114,271",0.0,6EQE
T;T;N;S,L;Y;K;D,"72,189,114,58",0.0,6EQE
T;T;N;N,L;Y;K;I,"72,189,114,37",0.0,6EQE
T;T;N;C,L;Y;K;D,"72,189,114,289",0.0,6EQE
T;T;N;A,L;Y;K;P,"72,189,114,152",0.0,6EQE
T;T;N;D,L;Y;K;V,"72,189,114,186",0.0,6EQE
T;T;N;G,L;Y;K;P,"72,189,114,243",0.0,6EQE
T;T;N;S,L;Y;K;E,"72,189,114,115",0.0,6EQE
T;T;N;L,L;Y;K;Q,"72,189,114,216",0.0,6EQE
T;T;N;N,L;Y;K;P,"72,189,114,277",0.0,6EQE
T;T;N;R,L;Y;K;Q,"72,189,114,132",0.0,6EQE
T;T;N;N,L;Y;K;Y,"72,189,114,244",0.0,6EQE
T;T;N;H,L;Y;K;T,"72,189,114,104",0.0,6EQE
T;T;N;S,L;Y;K;V,"72,189,114,58",0.0,6EQE
T;T;N;H,L;Y;K;L,"72,189,114,104",0.0,6EQE
T;T;N;P,L;Y;K;Q,"72,189,114,38",0.0,6EQE
T;T;N;R,L;Y;K;L,"72,189,114,53",0.0,6EQE
T;T;N;A,L;Y;K;T,"72,189,114,180",0.0,6EQE
T;T;N;P,L;Y;K;D,"72,189,114,197",0.0,6EQE
T;T;N;T,L;Y;K;V,"72,189,114,198",0.0,6EQE
T;T;N;A,L;Y;K;M,"72,189,114,135",0.0,6EQE
T;T;N;I,L;Y;K;L,"72,189,114,111",0.0,6EQE
T;T;N;G,L;Y;K;S,"72,189,114,243",0.0,6EQE
T;T;N;Q,L;Y;K;L,"72,189,114,127",0.0,6EQE
T;T;N;Q,L;Y;K;H,"72,189,114,127",0.0,6EQE
T;T;N;W,L;Y;K;I,"72,189,114,159",0.0,6EQE
T;T;N;Q,L;Y;K;P,"72,189,114,127",0.0,6EQE
T;T;N;S,L;Y;K;N,"72,189,114,103",0.0,6EQE
T;T;N;A,L;Y;K;Y,"72,189,114,179",0.0,6EQE
T;T;N;W,L;Y;K;K,"72,189,114,257",0.0,6EQE
T;T;N;L,L;Y;K;M,"72,189,114,216",0.0,6EQE
T;T;N;Q,L;Y;K;E,"72,189,114,127",0.0,6EQE
T;T;N;G,L;Y;K;A,"72,189,114,243",0.0,6EQE
T;T;N;A,L;Y;K;N,"72,189,114,226",0.0,6EQE
T;T;N;L,L;Y;K;I,"72,189,114,216",0.0,6EQE
T;T;N;C,L;Y;K;L,"72,189,114,289",0.0,6EQE
T;T;N;S,L;Y;K;E,"72,189,114,207",0.0,6EQE
T;T;N;M,L;Y;K;L,"72,189,114,154",0.0,6EQE
T;T;N;M,L;Y;K;P,"72,189,114,222",0.0,6EQE
T;T;N;G,L;Y;K;T,"72,189,114,251",0.0,6EQE
T;T;N;P,L;Y;K;L,"72,189,114,38",0.0,6EQE
T;T;N;L,L;Y;K;W,"72,189,114,216",0.0,6EQE
T;T;N;S,L;Y;K;P,"72,189,114,245",0.0,6EQE
T;T;N;I,L;Y;K;W,"72,189,114,111",0.0,6EQE
T;T;N;L,L;Y;K;D,"72,189,114,249",0.0,6EQE
T;T;N;E,L;Y;K;K,"72,189,114,231",0.0,6EQE
T;T;N;D,L;Y;K;K,"72,189,114,263",0.0,6EQE
T;T;N;T,L;Y;K;M,"72,189,114,51",0.0,6EQE
T;T;N;L,L;Y;K;E,"72,189,114,216",0.0,6EQE
T;T;N;S,L;Y;K;T,"72,189,114,121",0.0,6EQE
T;T;N;I,L;Y;K;H,"72,189,114,145",0.0,6EQE
T;T;N;I,L;Y;K;L,"72,189,114,145",0.0,6EQE
T;T;N;H,L;Y;K;M,"72,189,114,104",0.0,6EQE
T;T;N;R,L;Y;K;P,"72,189,114,280",0.0,6EQE
T;T;N;L,L;Y;K;F,"72,189,114,216",0.0,6EQE
T;T;N;S,L;Y;K;D,"72,189,114,103",0.0,6EQE
T;T;N;I,L;Y;K;V,"72,189,114,200",0.0,6EQE
T;T;N;T,L;Y;K;K,"72,189,114,88",0.0,6EQE
T;T;N;N,L;Y;K;K,"72,189,114,138",0.0,6EQE
T;T;N;A,L;Y;K;L,"72,189,114,65",0.0,6EQE
T;T;N;Q,L;Y;K;T,"72,189,114,91",0.0,6EQE
T;T;N;G,L;Y;K;D,"72,189,114,163",0.0,6EQE
T;T;N;A,L;Y;K;M,"72,189,114,65",0.0,6EQE
T;T;N;K,L;Y;K;L,"72,189,114,252",0.0,6EQE
T;T;N;V,L;Y;K;D,"72,189,114,57",0.0,6EQE
T;T;N;Q,L;Y;K;V,"72,189,114,127",0.0,6EQE
T;T;N;V,L;Y;K;C,"72,189,114,281",0.0,6EQE
T;T;N;Q,L;Y;K;N,"72,189,114,133",0.0,6EQE
T;T;N;R,L;Y;K;K,"72,189,114,53",0.0,6EQE
T;T;N;S,L;Y;K;P,"72,189,114,125",0.0,6EQE
T;T;N;T,L;Y;K;Q,"72,189,114,88",0.0,6EQE
T;T;N;N,L;Y;K;L,"72,189,114,138",0.0,6EQE
T;T;N;H,L;Y;K;R,"72,189,114,104",0.0,6EQE
T;T;N;W,L;Y;K;P,"72,189,114,159",0.0,6EQE
T;T;N;S,L;Y;K;Y,"72,189,114,242",0.0,6EQE
T;T;N;A,L;Y;K;F,"72,189,114,65",0.0,6EQE
T;T;N;G,L;Y;K;H,"72,189,114,251",0.0,6EQE
T;T;N;L,L;Y;K;P,"72,189,114,216",0.0,6EQE
T;T;N;S,L;Y;K;W,"72,189,114,58",0.0,6EQE
T;T;N;A,L;Y;K;E,"72,189,114,152",0.0,6EQE
T;T;N;T,L;Y;K;N,"72,189,114,88",0.0,6EQE
T;T;N;T,L;Y;K;N,"72,189,114,198",0.0,6EQE
T;T;N;S,L;Y;K;K,"72,189,114,58",0.0,6EQE
T;T;N;L,L;Y;K;C,"72,189,114,249",0.0,6EQE
T;T;N;N,L;Y;K;T,"72,189,114,190",0.0,6EQE
T;T;N;S,L;Y;K;V,"72,189,114,223",0.0,6EQE
T;T;N;A,L;Y;K;W,"72,189,114,65",0.0,6EQE
T;T;N;K,L;Y;K;Y,"72,189,114,253",0.0,6EQE
T;T;N;R,L;Y;K;S,"72,189,114,90",0.0,6EQE
T;T;N;T,L;Y;K;M,"72,189,114,29",0.0,6EQE
T;T;N;M,L;Y;K;L,"72,189,114,262",0.0,6EQE
T;T;N;A,L;Y;K;L,"72,189,114,272",0.0,6EQE
T;T;N;R,L;Y;K;N,"72,189,114,90",0.0,6EQE
T;T;N;R,L;Y;K;T,"72,189,114,90",0.0,6EQE
T;T;N;G,L;Y;K;T,"72,189,114,254",0.0,6EQE
T;T;N;R,L;Y;K;P,"72,189,114,90",0.0,6EQE
T;T;N;N,L;Y;K;Y,"72,189,114,37",0.0,6EQE
T;T;N;Q,L;Y;K;I,"72,189,114,182",0.0,6EQE
T;T;N;R,L;Y;K;A,"72,189,114,90",0.0,6EQE
T;T;N;K,L;Y;K;F,"72,189,114,253",0.0,6EQE
T;T;N;Y,L;Y;K;S,"72,189,114,63",0.0,6EQE
T;T;N;Q,L;Y;K;M,"72,189,114,127",0.0,6EQE
T;T;N;Q,L;Y;K;L,"72,189,114,182",0.0,6EQE
T;T;N;K,L;Y;K;A,"72,189,114,253",0.0,6EQE
T;T;N;K,L;Y;K;V,"72,189,114,253",0.0,6EQE
T;T;N;Q,L;Y;K;F,"72,189,114,182",0.0,6EQE
T;T;N;R,L;Y;K;D,"72,189,114,90",0.0,6EQE
T;T;N;Q,L;Y;K;A,"72,189,114,127",0.0,6EQE
T;T;N;Y,L;Y;K;T,"72,189,114,63",0.0,6EQE
T;T;N;Q,L;Y;K;V,"72,189,114,182",0.0,6EQE
T;T;N;K,L;Y;K;L,"72,189,114,253",0.0,6EQE
T;T;N;C,L;Y;K;S,"72,189,114,289",0.0,6EQE
T;T;N;Y,L;Y;K;G,"72,189,114,63",0.0,6EQE
T;T;N;M,L;Y;K;V,"72,189,114,154",0.0,6EQE
T;T;N;Q,L;Y;K;T,"72,189,114,127",0.0,6EQE
T;T;N;A,L;Y;K;D,"72,189,114,226",0.0,6EQE
T;T;N;C,L;Y;K;A,"72,189,114,289",0.0,6EQE
T;T;N;R,L;Y;K;Q,"72,189,114,224",0.0,6EQE
T;T;N;N,L;Y;K;K,"72,189,114,233",0.0,6EQE
T;T;N;S,L;Y;K;E,"72,189,114,136",0.0,6EQE
T;T;N;D,L;Y;K;N,"72,189,114,186",0.0,6EQE
T;T;N;R,L;Y;K;A,"72,189,114,280",0.0,6EQE
T;T;N;S,L;Y;K;F,"72,189,114,238",0.0,6EQE
T;T;N;S,L;Y;K;Q,"72,189,114,188",0.0,6EQE
T;T;N;S,L;Y;K;H,"72,189,114,214",0.0,6EQE
T;T;N;L,L;Y;K;F,"72,189,114,117",0.0,6EQE
T;T;N;Q,L;Y;K;Y,"72,189,114,119",0.0,6EQE
T;T;N;G,L;Y;K;A,"72,189,114,165",0.0,6EQE
T;T;N;S,L;Y;K;E,"72,189,114,121",0.0,6EQE
T;T;N;I,L;Y;K;R,"72,189,114,168",0.0,6EQE
T;T;N;N,L;Y;K;H,"72,189,114,205",0.0,6EQE
T;T;N;S,L;Y;K;Y,"72,189,114,269",0.0,6EQE
T;T;N;S,L;Y;K;T,"72,189,114,214",0.0,6EQE
T;T;N;I,L;Y;K;R,"72,189,114,218",0.0,6EQE
T;T;N;P,L;Y;K;K,"72,189,114,120",0.0,6EQE
T;T;N;M,L;Y;K;H,"72,189,114,161",0.0,6EQE
T;T;N;I,L;Y;K;H,"72,189,114,168",0.0,6EQE
T;T;N;P,L;Y;K;V,"72,189,114,184",0.0,6EQE
T;T;N;W,L;Y;K;P,"72,189,114,185",0.0,6EQE
T;T;N;S,L;Y;K;H,"72,189,114,187",0.0,6EQE
T;T;N;S,L;Y;K;P,"72,189,114,188",0.0,6EQE
T;T;N;F,L;Y;K;M,"72,189,114,191",0.0,6EQE
S;G;N;S,W;A;K;N,"58,165,114,124",0.0,6EQE
S;G;N;G,W;A;K;Q,"58,165,114,243",0.0,6EQE
S;G;N;G,W;A;K;L,"58,165,114,243",0.0,6EQE
S;G;N;T,W;A;K;E,"58,165,114,270",0.0,6EQE
S;G;N;R,W;A;K;V,"58,165,114,34",0.0,6EQE
S;G;N;G,W;A;K;K,"58,165,114,243",0.0,6EQE
S;G;N;D,W;A;K;Q,"58,165,114,220",0.0,6EQE
S;G;N;S,W;A;K;K,"58,165,114,124",0.0,6EQE
S;G;N;F,W;A;K;E,"58,165,114,271",0.0,6EQE
S;G;N;G,W;A;K;Q,"58,165,114,164",0.0,6EQE
S;G;N;A,W;A;K;D,"58,165,114,130",0.0,6EQE
S;G;N;W,W;A;K;C,"58,165,114,257",0.0,6EQE
S;G;N;Q,W;A;K;N,"58,165,114,127",0.0,6EQE
S;G;N;Q,W;A;K;R,"58,165,114,127",0.0,6EQE
S;G;N;S,W;A;K;M,"58,165,114,238",0.0,6EQE
S;G;N;F,W;A;K;M,"58,165,114,271",0.0,6EQE
S;G;N;S,W;A;K;A,"58,165,114,124",0.0,6EQE
S;G;N;G,W;A;K;I,"58,165,114,243",0.0,6EQE
S;G;N;Q,W;A;K;I,"58,165,114,127",0.0,6EQE
S;G;N;A,W;A;K;V,"58,165,114,65",0.0,6EQE
S;G;N;Q,W;A;K;E,"58,165,114,133",0.0,6EQE
S;G;N;S,W;A;K;T,"58,165,114,124",0.0,6EQE
S;G;N;Q,W;A;K;K,"58,165,114,127",0.0,6EQE
S;G;N;Q,W;A;K;W,"58,165,114,133",0.0,6EQE
S;G;N;D,W;A;K;L,"58,165,114,220",0.0,6EQE
S;G;N;T,W;A;K;D,"58,165,114,88",0.0,6EQE
S;G;N;R,W;A;K;N,"58,165,114,132",0.0,6EQE
S;G;N;Q,W;A;K;D,"58,165,114,127",0.0,6EQE
S;G;N;A,W;A;K;Y,"58,165,114,215",0.0,6EQE
S;G;N;L,W;A;K;K,"58,165,114,249",0.0,6EQE
S;G;N;R,W;A;K;Y,"58,165,114,123",0.0,6EQE
S;G;N;F,W;A;K;W,"58,165,114,271",0.0,6EQE
S;G;N;N,W;A;K;I,"58,165,114,37",0.0,6EQE
S;G;N;C,W;A;K;D,"58,165,114,289",0.0,6EQE
S;G;N;A,W;A;K;P,"58,165,114,152",0.0,6EQE
S;G;N;D,W;A;K;V,"58,165,114,186",0.0,6EQE
S;G;N;G,W;A;K;P,"58,165,114,243",0.0,6EQE
S;G;N;S,W;A;K;E,"58,165,114,115",0.0,6EQE
S;G;N;L,W;A;K;Q,"58,165,114,216",0.0,6EQE
S;G;N;N,W;A;K;P,"58,165,114,277",0.0,6EQE
S;G;N;R,W;A;K;Q,"58,165,114,132",0.0,6EQE
S;G;N;N,W;A;K;Y,"58,165,114,244",0.0,6EQE
S;G;N;H,W;A;K;T,"58,165,114,104",0.0,6EQE
S;G;N;H,W;A;K;L,"58,165,114,104",0.0,6EQE
S;G;N;P,W;A;K;Q,"58,165,114,38",0.0,6EQE
S;G;N;R,W;A;K;L,"58,165,114,53",0.0,6EQE
S;G;N;A,W;A;K;T,"58,165,114,180",0.0,6EQE
S;G;N;P,W;A;K;D,"58,165,114,197",0.0,6EQE
S;G;N;T,W;A;K;V,"58,165,114,198",0.0,6EQE
S;G;N;A,W;A;K;M,"58,165,114,135",0.0,6EQE
S;G;N;I,W;A;K;L,"58,165,114,111",0.0,6EQE
S;G;N;G,W;A;K;S,"58,165,114,243",0.0,6EQE
S;G;N;Q,W;A;K;L,"58,165,114,127",0.0,6EQE
S;G;N;Q,W;A;K;H,"58,165,114,127",0.0,6EQE
S;G;N;W,W;A;K;I,"58,165,114,159",0.0,6EQE
S;G;N;Q,W;A;K;P,"58,165,114,127",0.0,6EQE
S;G;N;S,W;A;K;N,"58,165,114,103",0.0,6EQE
S;G;N;A,W;A;K;Y,"58,165,114,179",0.0,6EQE
S;G;N;W,W;A;K;K,"58,165,114,257",0.0,6EQE
S;G;N;L,W;A;K;M,"58,165,114,216",0.0,6EQE
S;G;N;Q,W;A;K;E,"58,165,114,127",0.0,6EQE
S;G;N;G,W;A;K;A,"58,165,114,243",0.0,6EQE
S;G;N;A,W;A;K;N,"58,165,114,226",0.0,6EQE
S;G;N;L,W;A;K;I,"58,165,114,216",0.0,6EQE
S;G;N;C,W;A;K;L,"58,165,114,289",0.0,6EQE
S;G;N;S,W;A;K;E,"58,165,114,207",0.0,6EQE
S;G;N;M,W;A;K;L,"58,165,114,154",0.0,6EQE
S;G;N;M,W;A;K;P,"58,165,114,222",0.0,6EQE
S;G;N;G,W;A;K;T,"58,165,114,251",0.0,6EQE
S;G;N;P,W;A;K;L,"58,165,114,38",0.0,6EQE
S;G;N;L,W;A;K;W,"58,165,114,216",0.0,6EQE
S;G;N;T,W;A;K;L,"58,165,114,72",0.0,6EQE
S;G;N;S,W;A;K;P,"58,165,114,245",0.0,6EQE
S;G;N;I,W;A;K;W,"58,165,114,111",0.0,6EQE
S;G;N;L,W;A;K;D,"58,165,114,249",0.0,6EQE
S;G;N;E,W;A;K;K,"58,165,114,231",0.0,6EQE
S;G;N;D,W;A;K;K,"58,165,114,263",0.0,6EQE
S;G;N;T,W;A;K;M,"58,165,114,51",0.0,6EQE
S;G;N;L,W;A;K;E,"58,165,114,216",0.0,6EQE
S;G;N;S,W;A;K;T,"58,165,114,121",0.0,6EQE
S;G;N;I,W;A;K;H,"58,165,114,145",0.0,6EQE
S;G;N;I,W;A;K;L,"58,165,114,145",0.0,6EQE
S;G;N;H,W;A;K;M,"58,165,114,104",0.0,6EQE
S;G;N;R,W;A;K;P,"58,165,114,280",0.0,6EQE
S;G;N;L,W;A;K;F,"58,165,114,216",0.0,6EQE
S;G;N;S,W;A;K;D,"58,165,114,103",0.0,6EQE
S;G;N;I,W;A;K;V,"58,165,114,200",0.0,6EQE
S;G;N;T,W;A;K;K,"58,165,114,88",0.0,6EQE
S;G;N;N,W;A;K;K,"58,165,114,138",0.0,6EQE
S;G;N;A,W;A;K;L,"58,165,114,65",0.0,6EQE
S;G;N;Q,W;A;K;T,"58,165,114,91",0.0,6EQE
S;G;N;G,W;A;K;D,"58,165,114,163",0.0,6EQE
S;G;N;A,W;A;K;M,"58,165,114,65",0.0,6EQE
S;G;N;K,W;A;K;L,"58,165,114,252",0.0,6EQE
S;G;N;V,W;A;K;D,"58,165,114,57",0.0,6EQE
S;G;N;Q,W;A;K;V,"58,165,114,127",0.0,6EQE
S;G;N;V,W;A;K;C,"58,165,114,281",0.0,6EQE
S;G;N;T,W;A;K;V,"58,165,114,72",0.0,6EQE
S;G;N;Q,W;A;K;N,"58,165,114,133",0.0,6EQE
S;G;N;R,W;A;K;K,"58,165,114,53",0.0,6EQE
S;G;N;S,W;A;K;P,"58,165,114,125",0.0,6EQE
S;G;N;T,W;A;K;Q,"58,165,114,88",0.0,6EQE
S;G;N;N,W;A;K;L,"58,165,114,138",0.0,6EQE
S;G;N;H,W;A;K;R,"58,165,114,104",0.0,6EQE
S;G;N;W,W;A;K;P,"58,165,114,159",0.0,6EQE
S;G;N;S,W;A;K;Y,"58,165,114,242",0.0,6EQE
S;G;N;A,W;A;K;F,"58,165,114,65",0.0,6EQE
S;G;N;G,W;A;K;H,"58,165,114,251",0.0,6EQE
S;G;N;L,W;A;K;P,"58,165,114,216",0.0,6EQE
S;G;N;A,W;A;K;E,"58,165,114,152",0.0,6EQE
S;G;N;T,W;A;K;N,"58,165,114,88",0.0,6EQE
S;G;N;T,W;A;K;N,"58,165,114,198",0.0,6EQE
S;G;N;L,W;A;K;C,"58,165,114,249",0.0,6EQE
S;G;N;N,W;A;K;T,"58,165,114,190",0.0,6EQE
S;G;N;S,W;A;K;V,"58,165,114,223",0.0,6EQE
S;G;N;A,W;A;K;W,"58,165,114,65",0.0,6EQE
S;G;N;K,W;A;K;Y,"58,165,114,253",0.0,6EQE
S;G;N;R,W;A;K;S,"58,165,114,90",0.0,6EQE
S;G;N;T,W;A;K;M,"58,165,114,29",0.0,6EQE
S;G;N;M,W;A;K;L,"58,165,114,262",0.0,6EQE
S;G;N;A,W;A;K;L,"58,165,114,272",0.0,6EQE
S;G;N;R,W;A;K;N,"58,165,114,90",0.0,6EQE
S;G;N;R,W;A;K;T,"58,165,114,90",0.0,6EQE
S;G;N;G,W;A;K;T,"58,165,114,254",0.0,6EQE
S;G;N;R,W;A;K;P,"58,165,114,90",0.0,6EQE
S;G;N;N,W;A;K;Y,"58,165,114,37",0.0,6EQE
S;G;N;Q,W;A;K;I,"58,165,114,182",0.0,6EQE
S;G;N;R,W;A;K;A,"58,165,114,90",0.0,6EQE
S;G;N;K,W;A;K;F,"58,165,114,253",0.0,6EQE
S;G;N;Y,W;A;K;S,"58,165,114,63",0.0,6EQE
S;G;N;Q,W;A;K;M,"58,165,114,127",0.0,6EQE
S;G;N;Q,W;A;K;L,"58,165,114,182",0.0,6EQE
S;G;N;K,W;A;K;A,"58,165,114,253",0.0,6EQE
S;G;N;K,W;A;K;V,"58,165,114,253",0.0,6EQE
S;G;N;Q,W;A;K;F,"58,165,114,182",0.0,6EQE
S;G;N;R,W;A;K;D,"58,165,114,90",0.0,6EQE
S;G;N;Q,W;A;K;A,"58,165,114,127",0.0,6EQE
S;G;N;Y,W;A;K;T,"58,165,114,63",0.0,6EQE
S;G;N;Q,W;A;K;V,"58,165,114,182",0.0,6EQE
S;G;N;K,W;A;K;L,"58,165,114,253",0.0,6EQE
S;G;N;C,W;A;K;S,"58,165,114,289",0.0,6EQE
S;G;N;Y,W;A;K;G,"58,165,114,63",0.0,6EQE
S;G;N;M,W;A;K;V,"58,165,114,154",0.0,6EQE
S;G;N;Q,W;A;K;T,"58,165,114,127",0.0,6EQE
S;G;N;A,W;A;K;D,"58,165,114,226",0.0,6EQE
S;G;N;C,W;A;K;A,"58,165,114,289",0.0,6EQE
S;G;N;R,W;A;K;Q,"58,165,114,224",0.0,6EQE
S;G;N;N,W;A;K;K,"58,165,114,233",0.0,6EQE
S;G;N;S,W;A;K;E,"58,165,114,136",0.0,6EQE
S;G;N;D,W;A;K;N,"58,165,114,186",0.0,6EQE
S;G;N;R,W;A;K;A,"58,165,114,280",0.0,6EQE
S;G;N;S,W;A;K;F,"58,165,114,238",0.0,6EQE
S;G;N;S,W;A;K;Q,"58,165,114,188",0.0,6EQE
S;G;N;S,W;A;K;H,"58,165,114,214",0.0,6EQE
S;G;N;L,W;A;K;F,"58,165,114,117",0.0,6EQE
S;G;N;Q,W;A;K;Y,"58,165,114,119",0.0,6EQE
S;G;N;S,W;A;K;E,"58,165,114,121",0.0,6EQE
S;G;N;I,W;A;K;R,"58,165,114,168",0.0,6EQE
S;G;N;N,W;A;K;H,"58,165,114,205",0.0,6EQE
S;G;N;S,W;A;K;Y,"58,165,114,269",0.0,6EQE
S;G;N;S,W;A;K;T,"58,165,114,214",0.0,6EQE
S;G;N;I,W;A;K;R,"58,165,114,218",0.0,6EQE
S;G;N;P,W;A;K;K,"58,165,114,120",0.0,6EQE
S;G;N;M,W;A;K;H,"58,165,114,161",0.0,6EQE
S;G;N;I,W;A;K;H,"58,165,114,168",0.0,6EQE
S;G;N;P,W;A;K;V,"58,165,114,184",0.0,6EQE
S;G;N;W,W;A;K;P,"58,165,114,185",0.0,6EQE
S;G;N;S,W;A;K;H,"58,165,114,187",0.0,6EQE
S;G;N;S,W;A;K;P,"58,165,114,188",0.0,6EQE
S;G;N;T,W;A;K;Y,"58,165,114,189",0.0,6EQE
S;G;N;F,W;A;K;M,"58,165,114,191",0.0,6EQE
S;S;S;G,M;A;Q;Q,"238,124,188,243",0.0,6EQE
S;S;S;G,M;A;Q;L,"238,124,188,243",0.0,6EQE
S;S;S;T,M;A;Q;E,"238,124,188,270",0.0,6EQE
S;S;S;R,M;A;Q;V,"238,124,188,34",0.0,6EQE
S;S;S;G,M;A;Q;K,"238,124,188,243",0.0,6EQE
S;S;S;D,M;A;Q;Q,"238,124,188,220",0.0,6EQE
S;S;S;F,M;A;Q;E,"238,124,188,271",0.0,6EQE
S;S;S;G,M;A;Q;Q,"238,124,188,164",0.0,6EQE
S;S;S;A,M;A;Q;D,"238,124,188,130",0.0,6EQE
S;S;S;W,M;A;Q;C,"238,124,188,257",0.0,6EQE
S;S;S;Q,M;A;Q;N,"238,124,188,127",0.0,6EQE
S;S;S;Q,M;A;Q;R,"238,124,188,127",0.0,6EQE
S;S;S;F,M;A;Q;M,"238,124,188,271",0.0,6EQE
S;S;S;G,M;A;Q;I,"238,124,188,243",0.0,6EQE
S;S;S;Q,M;A;Q;I,"238,124,188,127",0.0,6EQE
S;S;S;A,M;A;Q;V,"238,124,188,65",0.0,6EQE
S;S;S;Q,M;A;Q;E,"238,124,188,133",0.0,6EQE
S;S;S;Q,M;A;Q;K,"238,124,188,127",0.0,6EQE
S;S;S;Q,M;A;Q;W,"238,124,188,133",0.0,6EQE
S;S;S;D,M;A;Q;L,"238,124,188,220",0.0,6EQE
S;S;S;T,M;A;Q;D,"238,124,188,88",0.0,6EQE
S;S;S;R,M;A;Q;N,"238,124,188,132",0.0,6EQE
S;S;S;Q,M;A;Q;D,"238,124,188,127",0.0,6EQE
S;S;S;A,M;A;Q;Y,"238,124,188,215",0.0,6EQE
S;S;S;L,M;A;Q;K,"238,124,188,249",0.0,6EQE
S;S;S;R,M;A;Q;Y,"238,124,188,123",0.0,6EQE
S;S;S;F,M;A;Q;W,"238,124,188,271",0.0,6EQE
S;S;S;S,M;A;Q;D,"238,124,188,58",0.0,6EQE
S;S;S;N,M;A;Q;I,"238,124,188,37",0.0,6EQE
S;S;S;C,M;A;Q;D,"238,124,188,289",0.0,6EQE
S;S;S;A,M;A;Q;P,"238,124,188,152",0.0,6EQE
S;S;S;D,M;A;Q;V,"238,124,188,186",0.0,6EQE
S;S;S;G,M;A;Q;P,"238,124,188,243",0.0,6EQE
S;S;S;S,M;A;Q;E,"238,124,188,115",0.0,6EQE
S;S;S;L,M;A;Q;Q,"238,124,188,216",0.0,6EQE
S;S;S;N,M;A;Q;P,"238,124,188,277",0.0,6EQE
S;S;S;R,M;A;Q;Q,"238,124,188,132",0.0,6EQE
S;S;S;N,M;A;Q;Y,"238,124,188,244",0.0,6EQE
S;S;S;H,M;A;Q;T,"238,124,188,104",0.0,6EQE
S;S;S;S,M;A;Q;V,"238,124,188,58",0.0,6EQE
S;S;S;H,M;A;Q;L,"238,124,188,104",0.0,6EQE
S;S;S;P,M;A;Q;Q,"238,124,188,38",0.0,6EQE
S;S;S;R,M;A;Q;L,"238,124,188,53",0.0,6EQE
S;S;S;A,M;A;Q;T,"238,124,188,180",0.0,6EQE
S;S;S;P,M;A;Q;D,"238,124,188,197",0.0,6EQE
S;S;S;T,M;A;Q;V,"238,124,188,198",0.0,6EQE
S;S;S;A,M;A;Q;M,"238,124,188,135",0.0,6EQE
S;S;S;I,M;A;Q;L,"238,124,188,111",0.0,6EQE
S;S;S;G,M;A;Q;S,"238,124,188,243",0.0,6EQE
S;S;S;Q,M;A;Q;L,"238,124,188,127",0.0,6EQE
S;S;S;Q,M;A;Q;H,"238,124,188,127",0.0,6EQE
S;S;S;W,M;A;Q;I,"238,124,188,159",0.0,6EQE
S;S;S;Q,M;A;Q;P,"238,124,188,127",0.0,6EQE
S;S;S;S,M;A;Q;N,"238,124,188,103",0.0,6EQE
S;S;S;A,M;A;Q;Y,"238,124,188,179",0.0,6EQE
S;S;S;W,M;A;Q;K,"238,124,188,257",0.0,6EQE
S;S;S;L,M;A;Q;M,"238,124,188,216",0.0,6EQE
S;S;S;Q,M;A;Q;E,"238,124,188,127",0.0,6EQE
S;S;S;G,M;A;Q;A,"238,124,188,243",0.0,6EQE
S;S;S;A,M;A;Q;N,"238,124,188,226",0.0,6EQE
S;S;S;L,M;A;Q;I,"238,124,188,216",0.0,6EQE
S;S;S;C,M;A;Q;L,"238,124,188,289",0.0,6EQE
S;S;S;S,M;A;Q;E,"238,124,188,207",0.0,6EQE
S;S;S;M,M;A;Q;L,"238,124,188,154",0.0,6EQE
S;S;S;M,M;A;Q;P,"238,124,188,222",0.0,6EQE
S;S;S;G,M;A;Q;T,"238,124,188,251",0.0,6EQE
S;S;S;P,M;A;Q;L,"238,124,188,38",0.0,6EQE
S;S;S;L,M;A;Q;W,"238,124,188,216",0.0,6EQE
S;S;S;T,M;A;Q;L,"238,124,188,72",0.0,6EQE
S;S;S;S,M;A;Q;P,"238,124,188,245",0.0,6EQE
S;S;S;I,M;A;Q;W,"238,124,188,111",0.0,6EQE
S;S;S;L,M;A;Q;D,"238,124,188,249",0.0,6EQE
S;S;S;E,M;A;Q;K,"238,124,188,231",0.0,6EQE
S;S;S;D,M;A;Q;K,"238,124,188,263",0.0,6EQE
S;S;S;T,M;A;Q;M,"238,124,188,51",0.0,6EQE
S;S;S;L,M;A;Q;E,"238,124,188,216",0.0,6EQE
S;S;S;S,M;A;Q;T,"238,124,188,121",0.0,6EQE
S;S;S;I,M;A;Q;H,"238,124,188,145",0.0,6EQE
S;S;S;I,M;A;Q;L,"238,124,188,145",0.0,6EQE
S;S;S;H,M;A;Q;M,"238,124,188,104",0.0,6EQE
S;S;S;R,M;A;Q;P,"238,124,188,280",0.0,6EQE
S;S;S;L,M;A;Q;F,"238,124,188,216",0.0,6EQE
S;S;S;S,M;A;Q;D,"238,124,188,103",0.0,6EQE
S;S;S;I,M;A;Q;V,"238,124,188,200",0.0,6EQE
S;S;S;T,M;A;Q;K,"238,124,188,88",0.0,6EQE
S;S;S;N,M;A;Q;K,"238,124,188,138",0.0,6EQE
S;S;S;A,M;A;Q;L,"238,124,188,65",0.0,6EQE
S;S;S;Q,M;A;Q;T,"238,124,188,91",0.0,6EQE
S;S;S;G,M;A;Q;D,"238,124,188,163",0.0,6EQE
S;S;S;A,M;A;Q;M,"238,124,188,65",0.0,6EQE
S;S;S;K,M;A;Q;L,"238,124,188,252",0.0,6EQE
S;S;S;V,M;A;Q;D,"238,124,188,57",0.0,6EQE
S;S;S;Q,M;A;Q;V,"238,124,188,127",0.0,6EQE
S;S;S;V,M;A;Q;C,"238,124,188,281",0.0,6EQE
S;S;S;T,M;A;Q;V,"238,124,188,72",0.0,6EQE
S;S;S;Q,M;A;Q;N,"238,124,188,133",0.0,6EQE
S;S;S;R,M;A;Q;K,"238,124,188,53",0.0,6EQE
S;S;S;S,M;A;Q;P,"238,124,188,125",0.0,6EQE
S;S;S;T,M;A;Q;Q,"238,124,188,88",0.0,6EQE
S;S;S;N,M;A;Q;L,"238,124,188,138",0.0,6EQE
S;S;S;H,M;A;Q;R,"238,124,188,104",0.0,6EQE
S;S;S;W,M;A;Q;P,"238,124,188,159",0.0,6EQE
S;S;S;S,M;A;Q;Y,"238,124,188,242",0.0,6EQE
S;S;S;A,M;A;Q;F,"238,124,188,65",0.0,6EQE
S;S;S;G,M;A;Q;H,"238,124,188,251",0.0,6EQE
S;S;S;L,M;A;Q;P,"238,124,188,216",0.0,6EQE
S;S;S;S,M;A;Q;W,"238,124,188,58",0.0,6EQE
S;S;S;A,M;A;Q;E,"238,124,188,152",0.0,6EQE
S;S;S;T,M;A;Q;N,"238,124,188,88",0.0,6EQE
S;S;S;T,M;A;Q;N,"238,124,188,198",0.0,6EQE
S;S;S;S,M;A;Q;K,"238,124,188,58",0.0,6EQE
S;S;S;L,M;A;Q;C,"238,124,188,249",0.0,6EQE
S;S;S;N,M;A;Q;T,"238,124,188,190",0.0,6EQE
S;S;S;S,M;A;Q;V,"238,124,188,223",0.0,6EQE
S;S;S;A,M;A;Q;W,"238,124,188,65",0.0,6EQE
S;S;S;K,M;A;Q;Y,"238,124,188,253",0.0,6EQE
S;S;S;R,M;A;Q;S,"238,124,188,90",0.0,6EQE
S;S;S;T,M;A;Q;M,"238,124,188,29",0.0,6EQE
S;S;S;M,M;A;Q;L,"238,124,188,262",0.0,6EQE
S;S;S;A,M;A;Q;L,"238,124,188,272",0.0,6EQE
S;S;S;R,M;A;Q;N,"238,124,188,90",0.0,6EQE
S;S;S;R,M;A;Q;T,"238,124,188,90",0.0,6EQE
S;S;S;G,M;A;Q;T,"238,124,188,254",0.0,6EQE
S;S;S;R,M;A;Q;P,"238,124,188,90",0.0,6EQE
S;S;S;N,M;A;Q;Y,"238,124,188,37",0.0,6EQE
S;S;S;Q,M;A;Q;I,"238,124,188,182",0.0,6EQE
S;S;S;R,M;A;Q;A,"238,124,188,90",0.0,6EQE
S;S;S;K,M;A;Q;F,"238,124,188,253",0.0,6EQE
S;S;S;Y,M;A;Q;S,"238,124,188,63",0.0,6EQE
S;S;S;Q,M;A;Q;M,"238,124,188,127",0.0,6EQE
S;S;S;Q,M;A;Q;L,"238,124,188,182",0.0,6EQE
S;S;S;K,M;A;Q;A,"238,124,188,253",0.0,6EQE
S;S;S;K,M;A;Q;V,"238,124,188,253",0.0,6EQE
S;S;S;Q,M;A;Q;F,"238,124,188,182",0.0,6EQE
S;S;S;R,M;A;Q;D,"238,124,188,90",0.0,6EQE
S;S;S;Q,M;A;Q;A,"238,124,188,127",0.0,6EQE
S;S;S;Y,M;A;Q;T,"238,124,188,63",0.0,6EQE
S;S;S;Q,M;A;Q;V,"238,124,188,182",0.0,6EQE
S;S;S;K,M;A;Q;L,"238,124,188,253",0.0,6EQE
S;S;S;C,M;A;Q;S,"238,124,188,289",0.0,6EQE
S;S;S;Y,M;A;Q;G,"238,124,188,63",0.0,6EQE
S;S;S;M,M;A;Q;V,"238,124,188,154",0.0,6EQE
S;S;S;Q,M;A;Q;T,"238,124,188,127",0.0,6EQE
S;S;S;A,M;A;Q;D,"238,124,188,226",0.0,6EQE
S;S;S;C,M;A;Q;A,"238,124,188,289",0.0,6EQE
S;S;S;R,M;A;Q;Q,"238,124,188,224",0.0,6EQE
S;S;S;N,M;A;Q;K,"238,124,188,233",0.0,6EQE
S;S;S;S,M;A;Q;E,"238,124,188,136",0.0,6EQE
S;S;S;D,M;A;Q;N,"238,124,188,186",0.0,6EQE
S;S;S;R,M;A;Q;A,"238,124,188,280",0.0,6EQE
S;S;S;S,M;A;Q;H,"238,124,188,214",0.0,6EQE
S;S;S;L,M;A;Q;F,"238,124,188,117",0.0,6EQE
S;S;S;Q,M;A;Q;Y,"238,124,188,119",0.0,6EQE
S;S;S;G,M;A;Q;A,"238,124,188,165",0.0,6EQE
S;S;S;S,M;A;Q;E,"238,124,188,121",0.0,6EQE
S;S;S;I,M;A;Q;R,"238,124,188,168",0.0,6EQE
S;S;S;N,M;A;Q;H,"238,124,188,205",0.0,6EQE
S;S;S;S,M;A;Q;Y,"238,124,188,269",0.0,6EQE
S;S;S;S,M;A;Q;T,"238,124,188,214",0.0,6EQE
S;S;S;I,M;A;Q;R,"238,124,188,218",0.0,6EQE
S;S;S;P,M;A;Q;K,"238,124,188,120",0.0,6EQE
S;S;S;M,M;A;Q;H,"238,124,188,161",0.0,6EQE
S;S;S;I,M;A;Q;H,"238,124,188,168",0.0,6EQE
S;S;S;N,M;A;Q;K,"238,124,188,114",0.0,6EQE
S;S;S;P,M;A;Q;V,"238,124,188,184",0.0,6EQE
S;S;S;W,M;A;Q;P,"238,124,188,185",0.0,6EQE
S;S;S;S,M;A;Q;H,"238,124,188,187",0.0,6EQE
S;S;S;T,M;A;Q;Y,"238,124,188,189",0.0,6EQE
S;S;S;F,M;A;Q;M,"238,124,188,191",0.0,6EQE
Q;K;S;S,L;L;F;N,"127,252,238,124",0.0,6EQE
Q;K;S;G,L;L;F;Q,"127,252,238,243",0.0,6EQE
Q;K;S;G,L;L;F;L,"127,252,238,243",0.0,6EQE
Q;K;S;T,L;L;F;E,"127,252,238,270",0.0,6EQE
Q;K;S;R,L;L;F;V,"127,252,238,34",0.0,6EQE
Q;K;S;G,L;L;F;K,"127,252,238,243",0.0,6EQE
Q;K;S;D,L;L;F;Q,"127,252,238,220",0.0,6EQE
Q;K;S;S,L;L;F;K,"127,252,238,124",0.0,6EQE
Q;K;S;F,L;L;F;E,"127,252,238,271",0.0,6EQE
Q;K;S;G,L;L;F;Q,"127,252,238,164",0.0,6EQE
Q;K;S;A,L;L;F;D,"127,252,238,130",0.0,6EQE
Q;K;S;W,L;L;F;C,"127,252,238,257",0.0,6EQE
Q;K;S;F,L;L;F;M,"127,252,238,271",0.0,6EQE
Q;K;S;S,L;L;F;A,"127,252,238,124",0.0,6EQE
Q;K;S;G,L;L;F;I,"127,252,238,243",0.0,6EQE
Q;K;S;A,L;L;F;V,"127,252,238,65",0.0,6EQE
Q;K;S;Q,L;L;F;E,"127,252,238,133",0.0,6EQE
Q;K;S;S,L;L;F;T,"127,252,238,124",0.0,6EQE
Q;K;S;Q,L;L;F;W,"127,252,238,133",0.0,6EQE
Q;K;S;D,L;L;F;L,"127,252,238,220",0.0,6EQE
Q;K;S;T,L;L;F;D,"127,252,238,88",0.0,6EQE
Q;K;S;R,L;L;F;N,"127,252,238,132",0.0,6EQE
Q;K;S;A,L;L;F;Y,"127,252,238,215",0.0,6EQE
Q;K;S;L,L;L;F;K,"127,252,238,249",0.0,6EQE
Q;K;S;R,L;L;F;Y,"127,252,238,123",0.0,6EQE
Q;K;S;F,L;L;F;W,"127,252,238,271",0.0,6EQE
Q;K;S;S,L;L;F;D,"127,252,238,58",0.0,6EQE
Q;K;S;N,L;L;F;I,"127,252,238,37",0.0,6EQE
Q;K;S;C,L;L;F;D,"127,252,238,289",0.0,6EQE
Q;K;S;A,L;L;F;P,"127,252,238,152",0.0,6EQE
Q;K;S;D,L;L;F;V,"127,252,238,186",0.0,6EQE
Q;K;S;G,L;L;F;P,"127,252,238,243",0.0,6EQE
Q;K;S;S,L;L;F;E,"127,252,238,115",0.0,6EQE
Q;K;S;L,L;L;F;Q,"127,252,238,216",0.0,6EQE
Q;K;S;N,L;L;F;P,"127,252,238,277",0.0,6EQE
Q;K;S;R,L;L;F;Q,"127,252,238,132",0.0,6EQE
Q;K;S;N,L;L;F;Y,"127,252,238,244",0.0,6EQE
Q;K;S;H,L;L;F;T,"127,252,238,104",0.0,6EQE
Q;K;S;S,L;L;F;V,"127,252,238,58",0.0,6EQE
Q;K;S;H,L;L;F;L,"127,252,238,104",0.0,6EQE
Q;K;S;P,L;L;F;Q,"127,252,238,38",0.0,6EQE
Q;K;S;R,L;L;F;L,"127,252,238,53",0.0,6EQE
Q;K;S;A,L;L;F;T,"127,252,238,180",0.0,6EQE
Q;K;S;P,L;L;F;D,"127,252,238,197",0.0,6EQE
Q;K;S;T,L;L;F;V,"127,252,238,198",0.0,6EQE
Q;K;S;A,L;L;F;M,"127,252,238,135",0.0,6EQE
Q;K;S;I,L;L;F;L,"127,252,238,111",0.0,6EQE
Q;K;S;G,L;L;F;S,"127,252,238,243",0.0,6EQE
Q;K;S;W,L;L;F;I,"127,252,238,159",0.0,6EQE
Q;K;S;S,L;L;F;N,"127,252,238,103",0.0,6EQE
Q;K;S;A,L;L;F;Y,"127,252,238,179",0.0,6EQE
Q;K;S;W,L;L;F;K,"127,252,238,257",0.0,6EQE
Q;K;S;L,L;L;F;M,"127,252,238,216",0.0,6EQE
Q;K;S;G,L;L;F;A,"127,252,238,243",0.0,6EQE
Q;K;S;A,L;L;F;N,"127,252,238,226",0.0,6EQE
Q;K;S;L,L;L;F;I,"127,252,238,216",0.0,6EQE
Q;K;S;C,L;L;F;L,"127,252,238,289",0.0,6EQE
Q;K;S;S,L;L;F;E,"127,252,238,207",0.0,6EQE
Q;K;S;M,L;L;F;L,"127,252,238,154",0.0,6EQE
Q;K;S;M,L;L;F;P,"127,252,238,222",0.0,6EQE
Q;K;S;G,L;L;F;T,"127,252,238,251",0.0,6EQE
Q;K;S;P,L;L;F;L,"127,252,238,38",0.0,6EQE
Q;K;S;L,L;L;F;W,"127,252,238,216",0.0,6EQE
Q;K;S;T,L;L;F;L,"127,252,238,72",0.0,6EQE
Q;K;S;S,L;L;F;P,"127,252,238,245",0.0,6EQE
Q;K;S;I,L;L;F;W,"127,252,238,111",0.0,6EQE
Q;K;S;L,L;L;F;D,"127,252,238,249",0.0,6EQE
Q;K;S;E,L;L;F;K,"127,252,238,231",0.0,6EQE
Q;K;S;D,L;L;F;K,"127,252,238,263",0.0,6EQE
Q;K;S;T,L;L;F;M,"127,252,238,51",0.0,6EQE
Q;K;S;L,L;L;F;E,"127,252,238,216",0.0,6EQE
Q;K;S;S,L;L;F;T,"127,252,238,121",0.0,6EQE
Q;K;S;I,L;L;F;H,"127,252,238,145",0.0,6EQE
Q;K;S;I,L;L;F;L,"127,252,238,145",0.0,6EQE
Q;K;S;H,L;L;F;M,"127,252,238,104",0.0,6EQE
Q;K;S;R,L;L;F;P,"127,252,238,280",0.0,6EQE
Q;K;S;L,L;L;F;F,"127,252,238,216",0.0,6EQE
Q;K;S;S,L;L;F;D,"127,252,238,103",0.0,6EQE
Q;K;S;I,L;L;F;V,"127,252,238,200",0.0,6EQE
Q;K;S;T,L;L;F;K,"127,252,238,88",0.0,6EQE
Q;K;S;N,L;L;F;K,"127,252,238,138",0.0,6EQE
Q;K;S;A,L;L;F;L,"127,252,238,65",0.0,6EQE
Q;K;S;Q,L;L;F;T,"127,252,238,91",0.0,6EQE
Q;K;S;G,L;L;F;D,"127,252,238,163",0.0,6EQE
Q;K;S;A,L;L;F;M,"127,252,238,65",0.0,6EQE
Q;K;S;V,L;L;F;D,"127,252,238,57",0.0,6EQE
Q;K;S;V,L;L;F;C,"127,252,238,281",0.0,6EQE
Q;K;S;T,L;L;F;V,"127,252,238,72",0.0,6EQE
Q;K;S;Q,L;L;F;N,"127,252,238,133",0.0,6EQE
Q;K;S;R,L;L;F;K,"127,252,238,53",0.0,6EQE
Q;K;S;S,L;L;F;P,"127,252,238,125",0.0,6EQE
Q;K;S;T,L;L;F;Q,"127,252,238,88",0.0,6EQE
Q;K;S;N,L;L;F;L,"127,252,238,138",0.0,6EQE
Q;K;S;H,L;L;F;R,"127,252,238,104",0.0,6EQE
Q;K;S;W,L;L;F;P,"127,252,238,159",0.0,6EQE
Q;K;S;S,L;L;F;Y,"127,252,238,242",0.0,6EQE
Q;K;S;A,L;L;F;F,"127,252,238,65",0.0,6EQE
Q;K;S;G,L;L;F;H,"127,252,238,251",0.0,6EQE
Q;K;S;L,L;L;F;P,"127,252,238,216",0.0,6EQE
Q;K;S;S,L;L;F;W,"127,252,238,58",0.0,6EQE
Q;K;S;A,L;L;F;E,"127,252,238,152",0.0,6EQE
Q;K;S;T,L;L;F;N,"127,252,238,88",0.0,6EQE
Q;K;S;T,L;L;F;N,"127,252,238,198",0.0,6EQE
Q;K;S;S,L;L;F;K,"127,252,238,58",0.0,6EQE
Q;K;S;L,L;L;F;C,"127,252,238,249",0.0,6EQE
Q;K;S;N,L;L;F;T,"127,252,238,190",0.0,6EQE
Q;K;S;S,L;L;F;V,"127,252,238,223",0.0,6EQE
Q;K;S;A,L;L;F;W,"127,252,238,65",0.0,6EQE
Q;K;S;K,L;L;F;Y,"127,252,238,253",0.0,6EQE
Q;K;S;R,L;L;F;S,"127,252,238,90",0.0,6EQE
Q;K;S;T,L;L;F;M,"127,252,238,29",0.0,6EQE
Q;K;S;M,L;L;F;L,"127,252,238,262",0.0,6EQE
Q;K;S;A,L;L;F;L,"127,252,238,272",0.0,6EQE
Q;K;S;R,L;L;F;N,"127,252,238,90",0.0,6EQE
Q;K;S;R,L;L;F;T,"127,252,238,90",0.0,6EQE
Q;K;S;G,L;L;F;T,"127,252,238,254",0.0,6EQE
Q;K;S;R,L;L;F;P,"127,252,238,90",0.0,6EQE
Q;K;S;N,L;L;F;Y,"127,252,238,37",0.0,6EQE
Q;K;S;Q,L;L;F;I,"127,252,238,182",0.0,6EQE
Q;K;S;R,L;L;F;A,"127,252,238,90",0.0,6EQE
Q;K;S;K,L;L;F;F,"127,252,238,253",0.0,6EQE
Q;K;S;Y,L;L;F;S,"127,252,238,63",0.0,6EQE
Q;K;S;Q,L;L;F;L,"127,252,238,182",0.0,6EQE
Q;K;S;K,L;L;F;A,"127,252,238,253",0.0,6EQE
Q;K;S;K,L;L;F;V,"127,252,238,253",0.0,6EQE
Q;K;S;Q,L;L;F;F,"127,252,238,182",0.0,6EQE
Q;K;S;R,L;L;F;D,"127,252,238,90",0.0,6EQE
Q;K;S;Y,L;L;F;T,"127,252,238,63",0.0,6EQE
Q;K;S;Q,L;L;F;V,"127,252,238,182",0.0,6EQE
Q;K;S;K,L;L;F;L,"127,252,238,253",0.0,6EQE
Q;K;S;C,L;L;F;S,"127,252,238,289",0.0,6EQE
Q;K;S;Y,L;L;F;G,"127,252,238,63",0.0,6EQE
Q;K;S;M,L;L;F;V,"127,252,238,154",0.0,6EQE
Q;K;S;A,L;L;F;D,"127,252,238,226",0.0,6EQE
Q;K;S;C,L;L;F;A,"127,252,238,289",0.0,6EQE
Q;K;S;R,L;L;F;Q,"127,252,238,224",0.0,6EQE
Q;K;S;N,L;L;F;K,"127,252,238,233",0.0,6EQE
Q;K;S;S,L;L;F;E,"127,252,238,136",0.0,6EQE
Q;K;S;D,L;L;F;N,"127,252,238,186",0.0,6EQE
Q;K;S;R,L;L;F;A,"127,252,238,280",0.0,6EQE
Q;K;S;S,L;L;F;Q,"127,252,238,188",0.0,6EQE
Q;K;S;S,L;L;F;H,"127,252,238,214",0.0,6EQE
Q;K;S;L,L;L;F;F,"127,252,238,117",0.0,6EQE
Q;K;S;Q,L;L;F;Y,"127,252,238,119",0.0,6EQE
Q;K;S;G,L;L;F;A,"127,252,238,165",0.0,6EQE
Q;K;S;S,L;L;F;E,"127,252,238,121",0.0,6EQE
Q;K;S;I,L;L;F;R,"127,252,238,168",0.0,6EQE
Q;K;S;N,L;L;F;H,"127,252,238,205",0.0,6EQE
Q;K;S;S,L;L;F;Y,"127,252,238,269",0.0,6EQE
Q;K;S;S,L;L;F;T,"127,252,238,214",0.0,6EQE
Q;K;S;I,L;L;F;R,"127,252,238,218",0.0,6EQE
Q;K;S;P,L;L;F;K,"127,252,238,120",0.0,6EQE
Q;K;S;M,L;L;F;H,"127,252,238,161",0.0,6EQE
Q;K;S;I,L;L;F;H,"127,252,238,168",0.0,6EQE
Q;K;S;N,L;L;F;K,"127,252,238,114",0.0,6EQE
Q;K;S;P,L;L;F;V,"127,252,238,184",0.0,6EQE
Q;K;S;W,L;L;F;P,"127,252,238,185",0.0,6EQE
Q;K;S;S,L;L;F;H,"127,252,238,187",0.0,6EQE
Q;K;S;S,L;L;F;P,"127,252,238,188",0.0,6EQE
Q;K;S;T,L;L;F;Y,"127,252,238,189",0.0,6EQE
Q;K;S;F,L;L;F;M,"127,252,238,191",0.0,6EQE
K;S;S;S,L;E;Q;N,"252,121,188,124",0.0,6EQE
K;S;S;G,L;E;Q;Q,"252,121,188,243",0.0,6EQE
K;S;S;G,L;E;Q;L,"252,121,188,243",0.0,6EQE
K;S;S;T,L;E;Q;E,"252,121,188,270",0.0,6EQE
K;S;S;R,L;E;Q;V,"252,121,188,34",0.0,6EQE
K;S;S;G,L;E;Q;K,"252,121,188,243",0.0,6EQE
K;S;S;D,L;E;Q;Q,"252,121,188,220",0.0,6EQE
K;S;S;S,L;E;Q;K,"252,121,188,124",0.0,6EQE
K;S;S;F,L;E;Q;E,"252,121,188,271",0.0,6EQE
K;S;S;G,L;E;Q;Q,"252,121,188,164",0.0,6EQE
K;S;S;A,L;E;Q;D,"252,121,188,130",0.0,6EQE
K;S;S;W,L;E;Q;C,"252,121,188,257",0.0,6EQE
K;S;S;Q,L;E;Q;N,"252,121,188,127",0.0,6EQE
K;S;S;Q,L;E;Q;R,"252,121,188,127",0.0,6EQE
K;S;S;S,L;E;Q;M,"252,121,188,238",0.0,6EQE
K;S;S;F,L;E;Q;M,"252,121,188,271",0.0,6EQE
K;S;S;S,L;E;Q;A,"252,121,188,124",0.0,6EQE
K;S;S;G,L;E;Q;I,"252,121,188,243",0.0,6EQE
K;S;S;Q,L;E;Q;I,"252,121,188,127",0.0,6EQE
K;S;S;A,L;E;Q;V,"252,121,188,65",0.0,6EQE
K;S;S;Q,L;E;Q;E,"252,121,188,133",0.0,6EQE
K;S;S;S,L;E;Q;T,"252,121,188,124",0.0,6EQE
K;S;S;Q,L;E;Q;K,"252,121,188,127",0.0,6EQE
K;S;S;Q,L;E;Q;W,"252,121,188,133",0.0,6EQE
K;S;S;D,L;E;Q;L,"252,121,188,220",0.0,6EQE
K;S;S;T,L;E;Q;D,"252,121,188,88",0.0,6EQE
K;S;S;R,L;E;Q;N,"252,121,188,132",0.0,6EQE
K;S;S;Q,L;E;Q;D,"252,121,188,127",0.0,6EQE
K;S;S;A,L;E;Q;Y,"252,121,188,215",0.0,6EQE
K;S;S;L,L;E;Q;K,"252,121,188,249",0.0,6EQE
K;S;S;R,L;E;Q;Y,"252,121,188,123",0.0,6EQE
K;S;S;F,L;E;Q;W,"252,121,188,271",0.0,6EQE
K;S;S;S,L;E;Q;D,"252,121,188,58",0.0,6EQE
K;S;S;N,L;E;Q;I,"252,121,188,37",0.0,6EQE
K;S;S;C,L;E;Q;D,"252,121,188,289",0.0,6EQE
K;S;S;A,L;E;Q;P,"252,121,188,152",0.0,6EQE
K;S;S;D,L;E;Q;V,"252,121,188,186",0.0,6EQE
K;S;S;G,L;E;Q;P,"252,121,188,243",0.0,6EQE
K;S;S;S,L;E;Q;E,"252,121,188,115",0.0,6EQE
K;S;S;L,L;E;Q;Q,"252,121,188,216",0.0,6EQE
K;S;S;N,L;E;Q;P,"252,121,188,277",0.0,6EQE
K;S;S;R,L;E;Q;Q,"252,121,188,132",0.0,6EQE
K;S;S;N,L;E;Q;Y,"252,121,188,244",0.0,6EQE
K;S;S;H,L;E;Q;T,"252,121,188,104",0.0,6EQE
K;S;S;S,L;E;Q;V,"252,121,188,58",0.0,6EQE
K;S;S;H,L;E;Q;L,"252,121,188,104",0.0,6EQE
K;S;S;P,L;E;Q;Q,"252,121,188,38",0.0,6EQE
K;S;S;R,L;E;Q;L,"252,121,188,53",0.0,6EQE
K;S;S;A,L;E;Q;T,"252,121,188,180",0.0,6EQE
K;S;S;P,L;E;Q;D,"252,121,188,197",0.0,6EQE
K;S;S;T,L;E;Q;V,"252,121,188,198",0.0,6EQE
K;S;S;A,L;E;Q;M,"252,121,188,135",0.0,6EQE
K;S;S;I,L;E;Q;L,"252,121,188,111",0.0,6EQE
K;S;S;G,L;E;Q;S,"252,121,188,243",0.0,6EQE
K;S;S;Q,L;E;Q;L,"252,121,188,127",0.0,6EQE
K;S;S;Q,L;E;Q;H,"252,121,188,127",0.0,6EQE
K;S;S;W,L;E;Q;I,"252,121,188,159",0.0,6EQE
K;S;S;Q,L;E;Q;P,"252,121,188,127",0.0,6EQE
K;S;S;S,L;E;Q;N,"252,121,188,103",0.0,6EQE
K;S;S;A,L;E;Q;Y,"252,121,188,179",0.0,6EQE
K;S;S;W,L;E;Q;K,"252,121,188,257",0.0,6EQE
K;S;S;L,L;E;Q;M,"252,121,188,216",0.0,6EQE
K;S;S;Q,L;E;Q;E,"252,121,188,127",0.0,6EQE
K;S;S;G,L;E;Q;A,"252,121,188,243",0.0,6EQE
K;S;S;A,L;E;Q;N,"252,121,188,226",0.0,6EQE
K;S;S;L,L;E;Q;I,"252,121,188,216",0.0,6EQE
K;S;S;C,L;E;Q;L,"252,121,188,289",0.0,6EQE
K;S;S;S,L;E;Q;E,"252,121,188,207",0.0,6EQE
K;S;S;M,L;E;Q;L,"252,121,188,154",0.0,6EQE
K;S;S;M,L;E;Q;P,"252,121,188,222",0.0,6EQE
K;S;S;G,L;E;Q;T,"252,121,188,251",0.0,6EQE
K;S;S;P,L;E;Q;L,"252,121,188,38",0.0,6EQE
K;S;S;L,L;E;Q;W,"252,121,188,216",0.0,6EQE
K;S;S;T,L;E;Q;L,"252,121,188,72",0.0,6EQE
K;S;S;S,L;E;Q;P,"252,121,188,245",0.0,6EQE
K;S;S;I,L;E;Q;W,"252,121,188,111",0.0,6EQE
K;S;S;L,L;E;Q;D,"252,121,188,249",0.0,6EQE
K;S;S;E,L;E;Q;K,"252,121,188,231",0.0,6EQE
K;S;S;D,L;E;Q;K,"252,121,188,263",0.0,6EQE
K;S;S;T,L;E;Q;M,"252,121,188,51",0.0,6EQE
K;S;S;L,L;E;Q;E,"252,121,188,216",0.0,6EQE
K;S;S;I,L;E;Q;H,"252,121,188,145",0.0,6EQE
K;S;S;I,L;E;Q;L,"252,121,188,145",0.0,6EQE
K;S;S;H,L;E;Q;M,"252,121,188,104",0.0,6EQE
K;S;S;R,L;E;Q;P,"252,121,188,280",0.0,6EQE
K;S;S;L,L;E;Q;F,"252,121,188,216",0.0,6EQE
K;S;S;S,L;E;Q;D,"252,121,188,103",0.0,6EQE
K;S;S;I,L;E;Q;V,"252,121,188,200",0.0,6EQE
K;S;S;T,L;E;Q;K,"252,121,188,88",0.0,6EQE
K;S;S;N,L;E;Q;K,"252,121,188,138",0.0,6EQE
K;S;S;A,L;E;Q;L,"252,121,188,65",0.0,6EQE
K;S;S;Q,L;E;Q;T,"252,121,188,91",0.0,6EQE
K;S;S;G,L;E;Q;D,"252,121,188,163",0.0,6EQE
K;S;S;A,L;E;Q;M,"252,121,188,65",0.0,6EQE
K;S;S;V,L;E;Q;D,"252,121,188,57",0.0,6EQE
K;S;S;Q,L;E;Q;V,"252,121,188,127",0.0,6EQE
K;S;S;V,L;E;Q;C,"252,121,188,281",0.0,6EQE
K;S;S;T,L;E;Q;V,"252,121,188,72",0.0,6EQE
K;S;S;Q,L;E;Q;N,"252,121,188,133",0.0,6EQE
K;S;S;R,L;E;Q;K,"252,121,188,53",0.0,6EQE
K;S;S;S,L;E;Q;P,"252,121,188,125",0.0,6EQE
K;S;S;T,L;E;Q;Q,"252,121,188,88",0.0,6EQE
K;S;S;N,L;E;Q;L,"252,121,188,138",0.0,6EQE
K;S;S;H,L;E;Q;R,"252,121,188,104",0.0,6EQE
K;S;S;W,L;E;Q;P,"252,121,188,159",0.0,6EQE
K;S;S;S,L;E;Q;Y,"252,121,188,242",0.0,6EQE
K;S;S;A,L;E;Q;F,"252,121,188,65",0.0,6EQE
K;S;S;G,L;E;Q;H,"252,121,188,251",0.0,6EQE
K;S;S;L,L;E;Q;P,"252,121,188,216",0.0,6EQE
K;S;S;S,L;E;Q;W,"252,121,188,58",0.0,6EQE
K;S;S;A,L;E;Q;E,"252,121,188,152",0.0,6EQE
K;S;S;T,L;E;Q;N,"252,121,188,88",0.0,6EQE
K;S;S;T,L;E;Q;N,"252,121,188,198",0.0,6EQE
K;S;S;S,L;E;Q;K,"252,121,188,58",0.0,6EQE
K;S;S;L,L;E;Q;C,"252,121,188,249",0.0,6EQE
K;S;S;N,L;E;Q;T,"252,121,188,190",0.0,6EQE
K;S;S;S,L;E;Q;V,"252,121,188,223",0.0,6EQE
K;S;S;A,L;E;Q;W,"252,121,188,65",0.0,6EQE
K;S;S;K,L;E;Q;Y,"252,121,188,253",0.0,6EQE
K;S;S;R,L;E;Q;S,"252,121,188,90",0.0,6EQE
K;S;S;T,L;E;Q;M,"252,121,188,29",0.0,6EQE
K;S;S;M,L;E;Q;L,"252,121,188,262",0.0,6EQE
K;S;S;A,L;E;Q;L,"252,121,188,272",0.0,6EQE
K;S;S;R,L;E;Q;N,"252,121,188,90",0.0,6EQE
K;S;S;R,L;E;Q;T,"252,121,188,90",0.0,6EQE
K;S;S;G,L;E;Q;T,"252,121,188,254",0.0,6EQE
K;S;S;R,L;E;Q;P,"252,121,188,90",0.0,6EQE
K;S;S;N,L;E;Q;Y,"252,121,188,37",0.0,6EQE
K;S;S;Q,L;E;Q;I,"252,121,188,182",0.0,6EQE
K;S;S;R,L;E;Q;A,"252,121,188,90",0.0,6EQE
K;S;S;K,L;E;Q;F,"252,121,188,253",0.0,6EQE
K;S;S;Y,L;E;Q;S,"252,121,188,63",0.0,6EQE
K;S;S;Q,L;E;Q;M,"252,121,188,127",0.0,6EQE
K;S;S;Q,L;E;Q;L,"252,121,188,182",0.0,6EQE
K;S;S;K,L;E;Q;A,"252,121,188,253",0.0,6EQE
K;S;S;K,L;E;Q;V,"252,121,188,253",0.0,6EQE
K;S;S;Q,L;E;Q;F,"252,121,188,182",0.0,6EQE
K;S;S;R,L;E;Q;D,"252,121,188,90",0.0,6EQE
K;S;S;Q,L;E;Q;A,"252,121,188,127",0.0,6EQE
K;S;S;Y,L;E;Q;T,"252,121,188,63",0.0,6EQE
K;S;S;Q,L;E;Q;V,"252,121,188,182",0.0,6EQE
K;S;S;K,L;E;Q;L,"252,121,188,253",0.0,6EQE
K;S;S;C,L;E;Q;S,"252,121,188,289",0.0,6EQE
K;S;S;Y,L;E;Q;G,"252,121,188,63",0.0,6EQE
K;S;S;M,L;E;Q;V,"252,121,188,154",0.0,6EQE
K;S;S;Q,L;E;Q;T,"252,121,188,127",0.0,6EQE
K;S;S;A,L;E;Q;D,"252,121,188,226",0.0,6EQE
K;S;S;C,L;E;Q;A,"252,121,188,289",0.0,6EQE
K;S;S;R,L;E;Q;Q,"252,121,188,224",0.0,6EQE
K;S;S;N,L;E;Q;K,"252,121,188,233",0.0,6EQE
K;S;S;S,L;E;Q;E,"252,121,188,136",0.0,6EQE
K;S;S;D,L;E;Q;N,"252,121,188,186",0.0,6EQE
K;S;S;R,L;E;Q;A,"252,121,188,280",0.0,6EQE
K;S;S;S,L;E;Q;F,"252,121,188,238",0.0,6EQE
K;S;S;S,L;E;Q;H,"252,121,188,214",0.0,6EQE
K;S;S;L,L;E;Q;F,"252,121,188,117",0.0,6EQE
K;S;S;Q,L;E;Q;Y,"252,121,188,119",0.0,6EQE
K;S;S;G,L;E;Q;A,"252,121,188,165",0.0,6EQE
K;S;S;I,L;E;Q;R,"252,121,188,168",0.0,6EQE
K;S;S;N,L;E;Q;H,"252,121,188,205",0.0,6EQE
K;S;S;S,L;E;Q;Y,"252,121,188,269",0.0,6EQE
K;S;S;S,L;E;Q;T,"252,121,188,214",0.0,6EQE
K;S;S;I,L;E;Q;R,"252,121,188,218",0.0,6EQE
K;S;S;P,L;E;Q;K,"252,121,188,120",0.0,6EQE
K;S;S;M,L;E;Q;H,"252,121,188,161",0.0,6EQE
K;S;S;I,L;E;Q;H,"252,121,188,168",0.0,6EQE
K;S;S;N,L;E;Q;K,"252,121,188,114",0.0,6EQE
K;S;S;P,L;E;Q;V,"252,121,188,184",0.0,6EQE
K;S;S;W,L;E;Q;P,"252,121,188,185",0.0,6EQE
K;S;S;S,L;E;Q;H,"252,121,188,187",0.0,6EQE
K;S;S;T,L;E;Q;Y,"252,121,188,189",0.0,6EQE
K;S;S;F,L;E;Q;M,"252,121,188,191",0.0,6EQE
D;G;S;S,L;A;F;N,"220,165,238,124",0.0,6EQE
D;G;S;G,L;A;F;Q,"220,165,238,243",0.0,6EQE
D;G;S;G,L;A;F;L,"220,165,238,243",0.0,6EQE
D;G;S;T,L;A;F;E,"220,165,238,270",0.0,6EQE
D;G;S;R,L;A;F;V,"220,165,238,34",0.0,6EQE
D;G;S;G,L;A;F;K,"220,165,238,243",0.0,6EQE
D;G;S;S,L;A;F;K,"220,165,238,124",0.0,6EQE
D;G;S;F,L;A;F;E,"220,165,238,271",0.0,6EQE
D;G;S;G,L;A;F;Q,"220,165,238,164",0.0,6EQE
D;G;S;A,L;A;F;D,"220,165,238,130",0.0,6EQE
D;G;S;W,L;A;F;C,"220,165,238,257",0.0,6EQE
D;G;S;Q,L;A;F;N,"220,165,238,127",0.0,6EQE
D;G;S;Q,L;A;F;R,"220,165,238,127",0.0,6EQE
D;G;S;F,L;A;F;M,"220,165,238,271",0.0,6EQE
D;G;S;S,L;A;F;A,"220,165,238,124",0.0,6EQE
D;G;S;G,L;A;F;I,"220,165,238,243",0.0,6EQE
D;G;S;Q,L;A;F;I,"220,165,238,127",0.0,6EQE
D;G;S;A,L;A;F;V,"220,165,238,65",0.0,6EQE
D;G;S;Q,L;A;F;E,"220,165,238,133",0.0,6EQE
D;G;S;S,L;A;F;T,"220,165,238,124",0.0,6EQE
D;G;S;Q,L;A;F;K,"220,165,238,127",0.0,6EQE
D;G;S;Q,L;A;F;W,"220,165,238,133",0.0,6EQE
D;G;S;T,L;A;F;D,"220,165,238,88",0.0,6EQE
D;G;S;R,L;A;F;N,"220,165,238,132",0.0,6EQE
D;G;S;Q,L;A;F;D,"220,165,238,127",0.0,6EQE
D;G;S;A,L;A;F;Y,"220,165,238,215",0.0,6EQE
D;G;S;L,L;A;F;K,"220,165,238,249",0.0,6EQE
D;G;S;R,L;A;F;Y,"220,165,238,123",0.0,6EQE
D;G;S;F,L;A;F;W,"220,165,238,271",0.0,6EQE
D;G;S;S,L;A;F;D,"220,165,238,58",0.0,6EQE
D;G;S;N,L;A;F;I,"220,165,238,37",0.0,6EQE
D;G;S;C,L;A;F;D,"220,165,238,289",0.0,6EQE
D;G;S;A,L;A;F;P,"220,165,238,152",0.0,6EQE
D;G;S;D,L;A;F;V,"220,165,238,186",0.0,6EQE
D;G;S;G,L;A;F;P,"220,165,238,243",0.0,6EQE
D;G;S;S,L;A;F;E,"220,165,238,115",0.0,6EQE
D;G;S;L,L;A;F;Q,"220,165,238,216",0.0,6EQE
D;G;S;N,L;A;F;P,"220,165,238,277",0.0,6EQE
D;G;S;R,L;A;F;Q,"220,165,238,132",0.0,6EQE
D;G;S;N,L;A;F;Y,"220,165,238,244",0.0,6EQE
D;G;S;H,L;A;F;T,"220,165,238,104",0.0,6EQE
D;G;S;S,L;A;F;V,"220,165,238,58",0.0,6EQE
D;G;S;H,L;A;F;L,"220,165,238,104",0.0,6EQE
D;G;S;P,L;A;F;Q,"220,165,238,38",0.0,6EQE
D;G;S;R,L;A;F;L,"220,165,238,53",0.0,6EQE
D;G;S;A,L;A;F;T,"220,165,238,180",0.0,6EQE
D;G;S;P,L;A;F;D,"220,165,238,197",0.0,6EQE
D;G;S;T,L;A;F;V,"220,165,238,198",0.0,6EQE
D;G;S;A,L;A;F;M,"220,165,238,135",0.0,6EQE
D;G;S;I,L;A;F;L,"220,165,238,111",0.0,6EQE
D;G;S;G,L;A;F;S,"220,165,238,243",0.0,6EQE
D;G;S;Q,L;A;F;L,"220,165,238,127",0.0,6EQE
D;G;S;Q,L;A;F;H,"220,165,238,127",0.0,6EQE
D;G;S;W,L;A;F;I,"220,165,238,159",0.0,6EQE
D;G;S;Q,L;A;F;P,"220,165,238,127",0.0,6EQE
D;G;S;S,L;A;F;N,"220,165,238,103",0.0,6EQE
D;G;S;A,L;A;F;Y,"220,165,238,179",0.0,6EQE
D;G;S;W,L;A;F;K,"220,165,238,257",0.0,6EQE
D;G;S;L,L;A;F;M,"220,165,238,216",0.0,6EQE
D;G;S;Q,L;A;F;E,"220,165,238,127",0.0,6EQE
D;G;S;G,L;A;F;A,"220,165,238,243",0.0,6EQE
D;G;S;A,L;A;F;N,"220,165,238,226",0.0,6EQE
D;G;S;L,L;A;F;I,"220,165,238,216",0.0,6EQE
D;G;S;C,L;A;F;L,"220,165,238,289",0.0,6EQE
D;G;S;S,L;A;F;E,"220,165,238,207",0.0,6EQE
D;G;S;M,L;A;F;L,"220,165,238,154",0.0,6EQE
D;G;S;M,L;A;F;P,"220,165,238,222",0.0,6EQE
D;G;S;G,L;A;F;T,"220,165,238,251",0.0,6EQE
D;G;S;P,L;A;F;L,"220,165,238,38",0.0,6EQE
D;G;S;L,L;A;F;W,"220,165,238,216",0.0,6EQE
D;G;S;T,L;A;F;L,"220,165,238,72",0.0,6EQE
D;G;S;S,L;A;F;P,"220,165,238,245",0.0,6EQE
D;G;S;I,L;A;F;W,"220,165,238,111",0.0,6EQE
D;G;S;L,L;A;F;D,"220,165,238,249",0.0,6EQE
D;G;S;E,L;A;F;K,"220,165,238,231",0.0,6EQE
D;G;S;D,L;A;F;K,"220,165,238,263",0.0,6EQE
D;G;S;T,L;A;F;M,"220,165,238,51",0.0,6EQE
D;G;S;L,L;A;F;E,"220,165,238,216",0.0,6EQE
D;G;S;S,L;A;F;T,"220,165,238,121",0.0,6EQE
D;G;S;I,L;A;F;H,"220,165,238,145",0.0,6EQE
D;G;S;I,L;A;F;L,"220,165,238,145",0.0,6EQE
D;G;S;H,L;A;F;M,"220,165,238,104",0.0,6EQE
D;G;S;R,L;A;F;P,"220,165,238,280",0.0,6EQE
D;G;S;L,L;A;F;F,"220,165,238,216",0.0,6EQE
D;G;S;S,L;A;F;D,"220,165,238,103",0.0,6EQE
D;G;S;I,L;A;F;V,"220,165,238,200",0.0,6EQE
D;G;S;T,L;A;F;K,"220,165,238,88",0.0,6EQE
D;G;S;N,L;A;F;K,"220,165,238,138",0.0,6EQE
D;G;S;A,L;A;F;L,"220,165,238,65",0.0,6EQE
D;G;S;Q,L;A;F;T,"220,165,238,91",0.0,6EQE
D;G;S;G,L;A;F;D,"220,165,238,163",0.0,6EQE
D;G;S;A,L;A;F;M,"220,165,238,65",0.0,6EQE
D;G;S;K,L;A;F;L,"220,165,238,252",0.0,6EQE
D;G;S;V,L;A;F;D,"220,165,238,57",0.0,6EQE
D;G;S;Q,L;A;F;V,"220,165,238,127",0.0,6EQE
D;G;S;V,L;A;F;C,"220,165,238,281",0.0,6EQE
D;G;S;T,L;A;F;V,"220,165,238,72",0.0,6EQE
D;G;S;Q,L;A;F;N,"220,165,238,133",0.0,6EQE
D;G;S;R,L;A;F;K,"220,165,238,53",0.0,6EQE
D;G;S;S,L;A;F;P,"220,165,238,125",0.0,6EQE
D;G;S;T,L;A;F;Q,"220,165,238,88",0.0,6EQE
D;G;S;N,L;A;F;L,"220,165,238,138",0.0,6EQE
D;G;S;H,L;A;F;R,"220,165,238,104",0.0,6EQE
D;G;S;W,L;A;F;P,"220,165,238,159",0.0,6EQE
D;G;S;S,L;A;F;Y,"220,165,238,242",0.0,6EQE
D;G;S;A,L;A;F;F,"220,165,238,65",0.0,6EQE
D;G;S;G,L;A;F;H,"220,165,238,251",0.0,6EQE
D;G;S;L,L;A;F;P,"220,165,238,216",0.0,6EQE
D;G;S;S,L;A;F;W,"220,165,238,58",0.0,6EQE
D;G;S;A,L;A;F;E,"220,165,238,152",0.0,6EQE
D;G;S;T,L;A;F;N,"220,165,238,88",0.0,6EQE
D;G;S;T,L;A;F;N,"220,165,238,198",0.0,6EQE
D;G;S;S,L;A;F;K,"220,165,238,58",0.0,6EQE
D;G;S;L,L;A;F;C,"220,165,238,249",0.0,6EQE
D;G;S;N,L;A;F;T,"220,165,238,190",0.0,6EQE
D;G;S;S,L;A;F;V,"220,165,238,223",0.0,6EQE
D;G;S;A,L;A;F;W,"220,165,238,65",0.0,6EQE
D;G;S;K,L;A;F;Y,"220,165,238,253",0.0,6EQE
D;G;S;R,L;A;F;S,"220,165,238,90",0.0,6EQE
D;G;S;T,L;A;F;M,"220,165,238,29",0.0,6EQE
D;G;S;M,L;A;F;L,"220,165,238,262",0.0,6EQE
D;G;S;A,L;A;F;L,"220,165,238,272",0.0,6EQE
D;G;S;R,L;A;F;N,"220,165,238,90",0.0,6EQE
D;G;S;R,L;A;F;T,"220,165,238,90",0.0,6EQE
D;G;S;G,L;A;F;T,"220,165,238,254",0.0,6EQE
D;G;S;R,L;A;F;P,"220,165,238,90",0.0,6EQE
D;G;S;N,L;A;F;Y,"220,165,238,37",0.0,6EQE
D;G;S;Q,L;A;F;I,"220,165,238,182",0.0,6EQE
D;G;S;R,L;A;F;A,"220,165,238,90",0.0,6EQE
D;G;S;K,L;A;F;F,"220,165,238,253",0.0,6EQE
D;G;S;Y,L;A;F;S,"220,165,238,63",0.0,6EQE
D;G;S;Q,L;A;F;M,"220,165,238,127",0.0,6EQE
D;G;S;Q,L;A;F;L,"220,165,238,182",0.0,6EQE
D;G;S;K,L;A;F;A,"220,165,238,253",0.0,6EQE
D;G;S;K,L;A;F;V,"220,165,238,253",0.0,6EQE
D;G;S;Q,L;A;F;F,"220,165,238,182",0.0,6EQE
D;G;S;R,L;A;F;D,"220,165,238,90",0.0,6EQE
D;G;S;Q,L;A;F;A,"220,165,238,127",0.0,6EQE
D;G;S;Y,L;A;F;T,"220,165,238,63",0.0,6EQE
D;G;S;Q,L;A;F;V,"220,165,238,182",0.0,6EQE
D;G;S;K,L;A;F;L,"220,165,238,253",0.0,6EQE
D;G;S;C,L;A;F;S,"220,165,238,289",0.0,6EQE
D;G;S;Y,L;A;F;G,"220,165,238,63",0.0,6EQE
D;G;S;M,L;A;F;V,"220,165,238,154",0.0,6EQE
D;G;S;Q,L;A;F;T,"220,165,238,127",0.0,6EQE
D;G;S;A,L;A;F;D,"220,165,238,226",0.0,6EQE
D;G;S;C,L;A;F;A,"220,165,238,289",0.0,6EQE
D;G;S;R,L;A;F;Q,"220,165,238,224",0.0,6EQE
D;G;S;N,L;A;F;K,"220,165,238,233",0.0,6EQE
D;G;S;S,L;A;F;E,"220,165,238,136",0.0,6EQE
D;G;S;D,L;A;F;N,"220,165,238,186",0.0,6EQE
D;G;S;R,L;A;F;A,"220,165,238,280",0.0,6EQE
D;G;S;S,L;A;F;Q,"220,165,238,188",0.0,6EQE
D;G;S;S,L;A;F;H,"220,165,238,214",0.0,6EQE
D;G;S;L,L;A;F;F,"220,165,238,117",0.0,6EQE
D;G;S;Q,L;A;F;Y,"220,165,238,119",0.0,6EQE
D;G;S;S,L;A;F;E,"220,165,238,121",0.0,6EQE
D;G;S;I,L;A;F;R,"220,165,238,168",0.0,6EQE
D;G;S;N,L;A;F;H,"220,165,238,205",0.0,6EQE
D;G;S;S,L;A;F;Y,"220,165,238,269",0.0,6EQE
D;G;S;S,L;A;F;T,"220,165,238,214",0.0,6EQE
D;G;S;I,L;A;F;R,"220,165,238,218",0.0,6EQE
D;G;S;P,L;A;F;K,"220,165,238,120",0.0,6EQE
D;G;S;M,L;A;F;H,"220,165,238,161",0.0,6EQE
D;G;S;I,L;A;F;H,"220,165,238,168",0.0,6EQE
D;G;S;N,L;A;F;K,"220,165,238,114",0.0,6EQE
D;G;S;P,L;A;F;V,"220,165,238,184",0.0,6EQE
D;G;S;W,L;A;F;P,"220,165,238,185",0.0,6EQE
D;G;S;S,L;A;F;H,"220,165,238,187",0.0,6EQE
D;G;S;S,L;A;F;P,"220,165,238,188",0.0,6EQE
D;G;S;T,L;A;F;Y,"220,165,238,189",0.0,6EQE
D;G;S;F,L;A;F;M,"220,165,238,191",0.0,6EQE
D;Q;S;S,L;M;Q;N,"220,127,188,124",0.0,6EQE
D;Q;S;G,L;M;Q;Q,"220,127,188,243",0.0,6EQE
D;Q;S;G,L;M;Q;L,"220,127,188,243",0.0,6EQE
D;Q;S;T,L;M;Q;E,"220,127,188,270",0.0,6EQE
D;Q;S;R,L;M;Q;V,"220,127,188,34",0.0,6EQE
D;Q;S;G,L;M;Q;K,"220,127,188,243",0.0,6EQE
D;Q;S;S,L;M;Q;K,"220,127,188,124",0.0,6EQE
D;Q;S;F,L;M;Q;E,"220,127,188,271",0.0,6EQE
D;Q;S;G,L;M;Q;Q,"220,127,188,164",0.0,6EQE
D;Q;S;A,L;M;Q;D,"220,127,188,130",0.0,6EQE
D;Q;S;W,L;M;Q;C,"220,127,188,257",0.0,6EQE
D;Q;S;S,L;M;Q;M,"220,127,188,238",0.0,6EQE
D;Q;S;F,L;M;Q;M,"220,127,188,271",0.0,6EQE
D;Q;S;S,L;M;Q;A,"220,127,188,124",0.0,6EQE
D;Q;S;G,L;M;Q;I,"220,127,188,243",0.0,6EQE
D;Q;S;A,L;M;Q;V,"220,127,188,65",0.0,6EQE
D;Q;S;Q,L;M;Q;E,"220,127,188,133",0.0,6EQE
D;Q;S;S,L;M;Q;T,"220,127,188,124",0.0,6EQE
D;Q;S;Q,L;M;Q;W,"220,127,188,133",0.0,6EQE
D;Q;S;T,L;M;Q;D,"220,127,188,88",0.0,6EQE
D;Q;S;R,L;M;Q;N,"220,127,188,132",0.0,6EQE
D;Q;S;A,L;M;Q;Y,"220,127,188,215",0.0,6EQE
D;Q;S;L,L;M;Q;K,"220,127,188,249",0.0,6EQE
D;Q;S;R,L;M;Q;Y,"220,127,188,123",0.0,6EQE
D;Q;S;F,L;M;Q;W,"220,127,188,271",0.0,6EQE
D;Q;S;S,L;M;Q;D,"220,127,188,58",0.0,6EQE
D;Q;S;N,L;M;Q;I,"220,127,188,37",0.0,6EQE
D;Q;S;C,L;M;Q;D,"220,127,188,289",0.0,6EQE
D;Q;S;A,L;M;Q;P,"220,127,188,152",0.0,6EQE
D;Q;S;D,L;M;Q;V,"220,127,188,186",0.0,6EQE
D;Q;S;G,L;M;Q;P,"220,127,188,243",0.0,6EQE
D;Q;S;S,L;M;Q;E,"220,127,188,115",0.0,6EQE
D;Q;S;L,L;M;Q;Q,"220,127,188,216",0.0,6EQE
D;Q;S;N,L;M;Q;P,"220,127,188,277",0.0,6EQE
D;Q;S;R,L;M;Q;Q,"220,127,188,132",0.0,6EQE
D;Q;S;N,L;M;Q;Y,"220,127,188,244",0.0,6EQE
D;Q;S;H,L;M;Q;T,"220,127,188,104",0.0,6EQE
D;Q;S;S,L;M;Q;V,"220,127,188,58",0.0,6EQE
D;Q;S;H,L;M;Q;L,"220,127,188,104",0.0,6EQE
D;Q;S;P,L;M;Q;Q,"220,127,188,38",0.0,6EQE
D;Q;S;R,L;M;Q;L,"220,127,188,53",0.0,6EQE
D;Q;S;A,L;M;Q;T,"220,127,188,180",0.0,6EQE
D;Q;S;P,L;M;Q;D,"220,127,188,197",0.0,6EQE
D;Q;S;T,L;M;Q;V,"220,127,188,198",0.0,6EQE
D;Q;S;A,L;M;Q;M,"220,127,188,135",0.0,6EQE
D;Q;S;I,L;M;Q;L,"220,127,188,111",0.0,6EQE
D;Q;S;G,L;M;Q;S,"220,127,188,243",0.0,6EQE
D;Q;S;W,L;M;Q;I,"220,127,188,159",0.0,6EQE
D;Q;S;S,L;M;Q;N,"220,127,188,103",0.0,6EQE
D;Q;S;A,L;M;Q;Y,"220,127,188,179",0.0,6EQE
D;Q;S;W,L;M;Q;K,"220,127,188,257",0.0,6EQE
D;Q;S;L,L;M;Q;M,"220,127,188,216",0.0,6EQE
D;Q;S;G,L;M;Q;A,"220,127,188,243",0.0,6EQE
D;Q;S;A,L;M;Q;N,"220,127,188,226",0.0,6EQE
D;Q;S;L,L;M;Q;I,"220,127,188,216",0.0,6EQE
D;Q;S;C,L;M;Q;L,"220,127,188,289",0.0,6EQE
D;Q;S;S,L;M;Q;E,"220,127,188,207",0.0,6EQE
D;Q;S;M,L;M;Q;L,"220,127,188,154",0.0,6EQE
D;Q;S;M,L;M;Q;P,"220,127,188,222",0.0,6EQE
D;Q;S;G,L;M;Q;T,"220,127,188,251",0.0,6EQE
D;Q;S;P,L;M;Q;L,"220,127,188,38",0.0,6EQE
D;Q;S;L,L;M;Q;W,"220,127,188,216",0.0,6EQE
D;Q;S;T,L;M;Q;L,"220,127,188,72",0.0,6EQE
D;Q;S;S,L;M;Q;P,"220,127,188,245",0.0,6EQE
D;Q;S;I,L;M;Q;W,"220,127,188,111",0.0,6EQE
D;Q;S;L,L;M;Q;D,"220,127,188,249",0.0,6EQE
D;Q;S;E,L;M;Q;K,"220,127,188,231",0.0,6EQE
D;Q;S;D,L;M;Q;K,"220,127,188,263",0.0,6EQE
D;Q;S;T,L;M;Q;M,"220,127,188,51",0.0,6EQE
D;Q;S;L,L;M;Q;E,"220,127,188,216",0.0,6EQE
D;Q;S;S,L;M;Q;T,"220,127,188,121",0.0,6EQE
D;Q;S;I,L;M;Q;H,"220,127,188,145",0.0,6EQE
D;Q;S;I,L;M;Q;L,"220,127,188,145",0.0,6EQE
D;Q;S;H,L;M;Q;M,"220,127,188,104",0.0,6EQE
D;Q;S;R,L;M;Q;P,"220,127,188,280",0.0,6EQE
D;Q;S;L,L;M;Q;F,"220,127,188,216",0.0,6EQE
D;Q;S;S,L;M;Q;D,"220,127,188,103",0.0,6EQE
D;Q;S;I,L;M;Q;V,"220,127,188,200",0.0,6EQE
D;Q;S;T,L;M;Q;K,"220,127,188,88",0.0,6EQE
D;Q;S;N,L;M;Q;K,"220,127,188,138",0.0,6EQE
D;Q;S;A,L;M;Q;L,"220,127,188,65",0.0,6EQE
D;Q;S;Q,L;M;Q;T,"220,127,188,91",0.0,6EQE
D;Q;S;G,L;M;Q;D,"220,127,188,163",0.0,6EQE
D;Q;S;A,L;M;Q;M,"220,127,188,65",0.0,6EQE
D;Q;S;K,L;M;Q;L,"220,127,188,252",0.0,6EQE
D;Q;S;V,L;M;Q;D,"220,127,188,57",0.0,6EQE
D;Q;S;V,L;M;Q;C,"220,127,188,281",0.0,6EQE
D;Q;S;T,L;M;Q;V,"220,127,188,72",0.0,6EQE
D;Q;S;Q,L;M;Q;N,"220,127,188,133",0.0,6EQE
D;Q;S;R,L;M;Q;K,"220,127,188,53",0.0,6EQE
D;Q;S;S,L;M;Q;P,"220,127,188,125",0.0,6EQE
D;Q;S;T,L;M;Q;Q,"220,127,188,88",0.0,6EQE
D;Q;S;N,L;M;Q;L,"220,127,188,138",0.0,6EQE
D;Q;S;H,L;M;Q;R,"220,127,188,104",0.0,6EQE
D;Q;S;W,L;M;Q;P,"220,127,188,159",0.0,6EQE
D;Q;S;S,L;M;Q;Y,"220,127,188,242",0.0,6EQE
D;Q;S;A,L;M;Q;F,"220,127,188,65",0.0,6EQE
D;Q;S;G,L;M;Q;H,"220,127,188,251",0.0,6EQE
D;Q;S;L,L;M;Q;P,"220,127,188,216",0.0,6EQE
D;Q;S;S,L;M;Q;W,"220,127,188,58",0.0,6EQE
D;Q;S;A,L;M;Q;E,"220,127,188,152",0.0,6EQE
D;Q;S;T,L;M;Q;N,"220,127,188,88",0.0,6EQE
D;Q;S;T,L;M;Q;N,"220,127,188,198",0.0,6EQE
D;Q;S;S,L;M;Q;K,"220,127,188,58",0.0,6EQE
D;Q;S;L,L;M;Q;C,"220,127,188,249",0.0,6EQE
D;Q;S;N,L;M;Q;T,"220,127,188,190",0.0,6EQE
D;Q;S;S,L;M;Q;V,"220,127,188,223",0.0,6EQE
D;Q;S;A,L;M;Q;W,"220,127,188,65",0.0,6EQE
D;Q;S;K,L;M;Q;Y,"220,127,188,253",0.0,6EQE
D;Q;S;R,L;M;Q;S,"220,127,188,90",0.0,6EQE
D;Q;S;T,L;M;Q;M,"220,127,188,29",0.0,6EQE
D;Q;S;M,L;M;Q;L,"220,127,188,262",0.0,6EQE
D;Q;S;A,L;M;Q;L,"220,127,188,272",0.0,6EQE
D;Q;S;R,L;M;Q;N,"220,127,188,90",0.0,6EQE
D;Q;S;R,L;M;Q;T,"220,127,188,90",0.0,6EQE
D;Q;S;G,L;M;Q;T,"220,127,188,254",0.0,6EQE
D;Q;S;R,L;M;Q;P,"220,127,188,90",0.0,6EQE
D;Q;S;N,L;M;Q;Y,"220,127,188,37",0.0,6EQE
D;Q;S;Q,L;M;Q;I,"220,127,188,182",0.0,6EQE
D;Q;S;R,L;M;Q;A,"220,127,188,90",0.0,6EQE
D;Q;S;K,L;M;Q;F,"220,127,188,253",0.0,6EQE
D;Q;S;Y,L;M;Q;S,"220,127,188,63",0.0,6EQE
D;Q;S;Q,L;M;Q;L,"220,127,188,182",0.0,6EQE
D;Q;S;K,L;M;Q;A,"220,127,188,253",0.0,6EQE
D;Q;S;K,L;M;Q;V,"220,127,188,253",0.0,6EQE
D;Q;S;Q,L;M;Q;F,"220,127,188,182",0.0,6EQE
D;Q;S;R,L;M;Q;D,"220,127,188,90",0.0,6EQE
D;Q;S;Y,L;M;Q;T,"220,127,188,63",0.0,6EQE
D;Q;S;Q,L;M;Q;V,"220,127,188,182",0.0,6EQE
D;Q;S;K,L;M;Q;L,"220,127,188,253",0.0,6EQE
D;Q;S;C,L;M;Q;S,"220,127,188,289",0.0,6EQE
D;Q;S;Y,L;M;Q;G,"220,127,188,63",0.0,6EQE
D;Q;S;M,L;M;Q;V,"220,127,188,154",0.0,6EQE
D;Q;S;A,L;M;Q;D,"220,127,188,226",0.0,6EQE
D;Q;S;C,L;M;Q;A,"220,127,188,289",0.0,6EQE
D;Q;S;R,L;M;Q;Q,"220,127,188,224",0.0,6EQE
D;Q;S;N,L;M;Q;K,"220,127,188,233",0.0,6EQE
D;Q;S;S,L;M;Q;E,"220,127,188,136",0.0,6EQE
D;Q;S;D,L;M;Q;N,"220,127,188,186",0.0,6EQE
D;Q;S;R,L;M;Q;A,"220,127,188,280",0.0,6EQE
D;Q;S;S,L;M;Q;F,"220,127,188,238",0.0,6EQE
D;Q;S;S,L;M;Q;H,"220,127,188,214",0.0,6EQE
D;Q;S;L,L;M;Q;F,"220,127,188,117",0.0,6EQE
D;Q;S;Q,L;M;Q;Y,"220,127,188,119",0.0,6EQE
D;Q;S;G,L;M;Q;A,"220,127,188,165",0.0,6EQE
D;Q;S;S,L;M;Q;E,"220,127,188,121",0.0,6EQE
D;Q;S;I,L;M;Q;R,"220,127,188,168",0.0,6EQE
D;Q;S;N,L;M;Q;H,"220,127,188,205",0.0,6EQE
D;Q;S;S,L;M;Q;Y,"220,127,188,269",0.0,6EQE
D;Q;S;S,L;M;Q;T,"220,127,188,214",0.0,6EQE
D;Q;S;I,L;M;Q;R,"220,127,188,218",0.0,6EQE
D;Q;S;P,L;M;Q;K,"220,127,188,120",0.0,6EQE
D;Q;S;M,L;M;Q;H,"220,127,188,161",0.0,6EQE
D;Q;S;I,L;M;Q;H,"220,127,188,168",0.0,6EQE
D;Q;S;N,L;M;Q;K,"220,127,188,114",0.0,6EQE
D;Q;S;P,L;M;Q;V,"220,127,188,184",0.0,6EQE
D;Q;S;W,L;M;Q;P,"220,127,188,185",0.0,6EQE
D;Q;S;S,L;M;Q;H,"220,127,188,187",0.0,6EQE
D;Q;S;T,L;M;Q;Y,"220,127,188,189",0.0,6EQE
D;Q;S;F,L;M;Q;M,"220,127,188,191",0.0,6EQE
M;Q;S;S,L;M;T;N,"262,127,214,124",0.0,6EQE
M;Q;S;G,L;M;T;Q,"262,127,214,243",0.0,6EQE
M;Q;S;G,L;M;T;L,"262,127,214,243",0.0,6EQE
M;Q;S;T,L;M;T;E,"262,127,214,270",0.0,6EQE
M;Q;S;R,L;M;T;V,"262,127,214,34",0.0,6EQE
M;Q;S;G,L;M;T;K,"262,127,214,243",0.0,6EQE
M;Q;S;D,L;M;T;Q,"262,127,214,220",0.0,6EQE
M;Q;S;S,L;M;T;K,"262,127,214,124",0.0,6EQE
M;Q;S;F,L;M;T;E,"262,127,214,271",0.0,6EQE
M;Q;S;G,L;M;T;Q,"262,127,214,164",0.0,6EQE
M;Q;S;A,L;M;T;D,"262,127,214,130",0.0,6EQE
M;Q;S;W,L;M;T;C,"262,127,214,257",0.0,6EQE
M;Q;S;S,L;M;T;M,"262,127,214,238",0.0,6EQE
M;Q;S;F,L;M;T;M,"262,127,214,271",0.0,6EQE
M;Q;S;S,L;M;T;A,"262,127,214,124",0.0,6EQE
M;Q;S;G,L;M;T;I,"262,127,214,243",0.0,6EQE
M;Q;S;A,L;M;T;V,"262,127,214,65",0.0,6EQE
M;Q;S;Q,L;M;T;E,"262,127,214,133",0.0,6EQE
M;Q;S;S,L;M;T;T,"262,127,214,124",0.0,6EQE
M;Q;S;Q,L;M;T;W,"262,127,214,133",0.0,6EQE
M;Q;S;D,L;M;T;L,"262,127,214,220",0.0,6EQE
M;Q;S;T,L;M;T;D,"262,127,214,88",0.0,6EQE
M;Q;S;R,L;M;T;N,"262,127,214,132",0.0,6EQE
M;Q;S;A,L;M;T;Y,"262,127,214,215",0.0,6EQE
M;Q;S;L,L;M;T;K,"262,127,214,249",0.0,6EQE
M;Q;S;R,L;M;T;Y,"262,127,214,123",0.0,6EQE
M;Q;S;F,L;M;T;W,"262,127,214,271",0.0,6EQE
M;Q;S;S,L;M;T;D,"262,127,214,58",0.0,6EQE
M;Q;S;N,L;M;T;I,"262,127,214,37",0.0,6EQE
M;Q;S;C,L;M;T;D,"262,127,214,289",0.0,6EQE
M;Q;S;A,L;M;T;P,"262,127,214,152",0.0,6EQE
M;Q;S;D,L;M;T;V,"262,127,214,186",0.0,6EQE
M;Q;S;G,L;M;T;P,"262,127,214,243",0.0,6EQE
M;Q;S;S,L;M;T;E,"262,127,214,115",0.0,6EQE
M;Q;S;L,L;M;T;Q,"262,127,214,216",0.0,6EQE
M;Q;S;N,L;M;T;P,"262,127,214,277",0.0,6EQE
M;Q;S;R,L;M;T;Q,"262,127,214,132",0.0,6EQE
M;Q;S;N,L;M;T;Y,"262,127,214,244",0.0,6EQE
M;Q;S;H,L;M;T;T,"262,127,214,104",0.0,6EQE
M;Q;S;S,L;M;T;V,"262,127,214,58",0.0,6EQE
M;Q;S;H,L;M;T;L,"262,127,214,104",0.0,6EQE
M;Q;S;P,L;M;T;Q,"262,127,214,38",0.0,6EQE
M;Q;S;R,L;M;T;L,"262,127,214,53",0.0,6EQE
M;Q;S;A,L;M;T;T,"262,127,214,180",0.0,6EQE
M;Q;S;P,L;M;T;D,"262,127,214,197",0.0,6EQE
M;Q;S;T,L;M;T;V,"262,127,214,198",0.0,6EQE
M;Q;S;A,L;M;T;M,"262,127,214,135",0.0,6EQE
M;Q;S;I,L;M;T;L,"262,127,214,111",0.0,6EQE
M;Q;S;G,L;M;T;S,"262,127,214,243",0.0,6EQE
M;Q;S;W,L;M;T;I,"262,127,214,159",0.0,6EQE
M;Q;S;S,L;M;T;N,"262,127,214,103",0.0,6EQE
M;Q;S;A,L;M;T;Y,"262,127,214,179",0.0,6EQE
M;Q;S;W,L;M;T;K,"262,127,214,257",0.0,6EQE
M;Q;S;L,L;M;T;M,"262,127,214,216",0.0,6EQE
M;Q;S;G,L;M;T;A,"262,127,214,243",0.0,6EQE
M;Q;S;A,L;M;T;N,"262,127,214,226",0.0,6EQE
M;Q;S;L,L;M;T;I,"262,127,214,216",0.0,6EQE
M;Q;S;C,L;M;T;L,"262,127,214,289",0.0,6EQE
M;Q;S;S,L;M;T;E,"262,127,214,207",0.0,6EQE
M;Q;S;M,L;M;T;L,"262,127,214,154",0.0,6EQE
M;Q;S;M,L;M;T;P,"262,127,214,222",0.0,6EQE
M;Q;S;G,L;M;T;T,"262,127,214,251",0.0,6EQE
M;Q;S;P,L;M;T;L,"262,127,214,38",0.0,6EQE
M;Q;S;L,L;M;T;W,"262,127,214,216",0.0,6EQE
M;Q;S;T,L;M;T;L,"262,127,214,72",0.0,6EQE
M;Q;S;S,L;M;T;P,"262,127,214,245",0.0,6EQE
M;Q;S;I,L;M;T;W,"262,127,214,111",0.0,6EQE
M;Q;S;L,L;M;T;D,"262,127,214,249",0.0,6EQE
M;Q;S;E,L;M;T;K,"262,127,214,231",0.0,6EQE
M;Q;S;D,L;M;T;K,"262,127,214,263",0.0,6EQE
M;Q;S;T,L;M;T;M,"262,127,214,51",0.0,6EQE
M;Q;S;L,L;M;T;E,"262,127,214,216",0.0,6EQE
M;Q;S;S,L;M;T;T,"262,127,214,121",0.0,6EQE
M;Q;S;I,L;M;T;H,"262,127,214,145",0.0,6EQE
M;Q;S;I,L;M;T;L,"262,127,214,145",0.0,6EQE
M;Q;S;H,L;M;T;M,"262,127,214,104",0.0,6EQE
M;Q;S;R,L;M;T;P,"262,127,214,280",0.0,6EQE
M;Q;S;L,L;M;T;F,"262,127,214,216",0.0,6EQE
M;Q;S;S,L;M;T;D,"262,127,214,103",0.0,6EQE
M;Q;S;I,L;M;T;V,"262,127,214,200",0.0,6EQE
M;Q;S;T,L;M;T;K,"262,127,214,88",0.0,6EQE
M;Q;S;N,L;M;T;K,"262,127,214,138",0.0,6EQE
M;Q;S;A,L;M;T;L,"262,127,214,65",0.0,6EQE
M;Q;S;Q,L;M;T;T,"262,127,214,91",0.0,6EQE
M;Q;S;G,L;M;T;D,"262,127,214,163",0.0,6EQE
M;Q;S;A,L;M;T;M,"262,127,214,65",0.0,6EQE
M;Q;S;K,L;M;T;L,"262,127,214,252",0.0,6EQE
M;Q;S;V,L;M;T;D,"262,127,214,57",0.0,6EQE
M;Q;S;V,L;M;T;C,"262,127,214,281",0.0,6EQE
M;Q;S;T,L;M;T;V,"262,127,214,72",0.0,6EQE
M;Q;S;Q,L;M;T;N,"262,127,214,133",0.0,6EQE
M;Q;S;R,L;M;T;K,"262,127,214,53",0.0,6EQE
M;Q;S;S,L;M;T;P,"262,127,214,125",0.0,6EQE
M;Q;S;T,L;M;T;Q,"262,127,214,88",0.0,6EQE
M;Q;S;N,L;M;T;L,"262,127,214,138",0.0,6EQE
M;Q;S;H,L;M;T;R,"262,127,214,104",0.0,6EQE
M;Q;S;W,L;M;T;P,"262,127,214,159",0.0,6EQE
M;Q;S;S,L;M;T;Y,"262,127,214,242",0.0,6EQE
M;Q;S;A,L;M;T;F,"262,127,214,65",0.0,6EQE
M;Q;S;G,L;M;T;H,"262,127,214,251",0.0,6EQE
M;Q;S;L,L;M;T;P,"262,127,214,216",0.0,6EQE
M;Q;S;S,L;M;T;W,"262,127,214,58",0.0,6EQE
M;Q;S;A,L;M;T;E,"262,127,214,152",0.0,6EQE
M;Q;S;T,L;M;T;N,"262,127,214,88",0.0,6EQE
M;Q;S;T,L;M;T;N,"262,127,214,198",0.0,6EQE
M;Q;S;S,L;M;T;K,"262,127,214,58",0.0,6EQE
M;Q;S;L,L;M;T;C,"262,127,214,249",0.0,6EQE
M;Q;S;N,L;M;T;T,"262,127,214,190",0.0,6EQE
M;Q;S;S,L;M;T;V,"262,127,214,223",0.0,6EQE
M;Q;S;A,L;M;T;W,"262,127,214,65",0.0,6EQE
M;Q;S;K,L;M;T;Y,"262,127,214,253",0.0,6EQE
M;Q;S;R,L;M;T;S,"262,127,214,90",0.0,6EQE
M;Q;S;T,L;M;T;M,"262,127,214,29",0.0,6EQE
M;Q;S;A,L;M;T;L,"262,127,214,272",0.0,6EQE
M;Q;S;R,L;M;T;N,"262,127,214,90",0.0,6EQE
M;Q;S;R,L;M;T;T,"262,127,214,90",0.0,6EQE
M;Q;S;G,L;M;T;T,"262,127,214,254",0.0,6EQE
M;Q;S;R,L;M;T;P,"262,127,214,90",0.0,6EQE
M;Q;S;N,L;M;T;Y,"262,127,214,37",0.0,6EQE
M;Q;S;Q,L;M;T;I,"262,127,214,182",0.0,6EQE
M;Q;S;R,L;M;T;A,"262,127,214,90",0.0,6EQE
M;Q;S;K,L;M;T;F,"262,127,214,253",0.0,6EQE
M;Q;S;Y,L;M;T;S,"262,127,214,63",0.0,6EQE
M;Q;S;Q,L;M;T;L,"262,127,214,182",0.0,6EQE
M;Q;S;K,L;M;T;A,"262,127,214,253",0.0,6EQE
M;Q;S;K,L;M;T;V,"262,127,214,253",0.0,6EQE
M;Q;S;Q,L;M;T;F,"262,127,214,182",0.0,6EQE
M;Q;S;R,L;M;T;D,"262,127,214,90",0.0,6EQE
M;Q;S;Y,L;M;T;T,"262,127,214,63",0.0,6EQE
M;Q;S;Q,L;M;T;V,"262,127,214,182",0.0,6EQE
M;Q;S;K,L;M;T;L,"262,127,214,253",0.0,6EQE
M;Q;S;C,L;M;T;S,"262,127,214,289",0.0,6EQE
M;Q;S;Y,L;M;T;G,"262,127,214,63",0.0,6EQE
M;Q;S;M,L;M;T;V,"262,127,214,154",0.0,6EQE
M;Q;S;A,L;M;T;D,"262,127,214,226",0.0,6EQE
M;Q;S;C,L;M;T;A,"262,127,214,289",0.0,6EQE
M;Q;S;R,L;M;T;Q,"262,127,214,224",0.0,6EQE
M;Q;S;N,L;M;T;K,"262,127,214,233",0.0,6EQE
M;Q;S;S,L;M;T;E,"262,127,214,136",0.0,6EQE
M;Q;S;D,L;M;T;N,"262,127,214,186",0.0,6EQE
M;Q;S;R,L;M;T;A,"262,127,214,280",0.0,6EQE
M;Q;S;S,L;M;T;F,"262,127,214,238",0.0,6EQE
M;Q;S;S,L;M;T;Q,"262,127,214,188",0.0,6EQE
M;Q;S;L,L;M;T;F,"262,127,214,117",0.0,6EQE
M;Q;S;Q,L;M;T;Y,"262,127,214,119",0.0,6EQE
M;Q;S;G,L;M;T;A,"262,127,214,165",0.0,6EQE
M;Q;S;S,L;M;T;E,"262,127,214,121",0.0,6EQE
M;Q;S;I,L;M;T;R,"262,127,214,168",0.0,6EQE
M;Q;S;N,L;M;T;H,"262,127,214,205",0.0,6EQE
M;Q;S;S,L;M;T;Y,"262,127,214,269",0.0,6EQE
M;Q;S;I,L;M;T;R,"262,127,214,218",0.0,6EQE
M;Q;S;P,L;M;T;K,"262,127,214,120",0.0,6EQE
M;Q;S;M,L;M;T;H,"262,127,214,161",0.0,6EQE
M;Q;S;I,L;M;T;H,"262,127,214,168",0.0,6EQE
M;Q;S;N,L;M;T;K,"262,127,214,114",0.0,6EQE
M;Q;S;P,L;M;T;V,"262,127,214,184",0.0,6EQE
M;Q;S;W,L;M;T;P,"262,127,214,185",0.0,6EQE
M;Q;S;S,L;M;T;H,"262,127,214,187",0.0,6EQE
M;Q;S;S,L;M;T;P,"262,127,214,188",0.0,6EQE
M;Q;S;T,L;M;T;Y,"262,127,214,189",0.0,6EQE
M;Q;S;F,L;M;T;M,"262,127,214,191",0.0,6EQE
S;T;S;G,A;V;T;Q,"124,198,214,243",0.0,6EQE
S;T;S;G,A;V;T;L,"124,198,214,243",0.0,6EQE
S;T;S;T,A;V;T;E,"124,198,214,270",0.0,6EQE
S;T;S;R,A;V;T;V,"124,198,214,34",0.0,6EQE
S;T;S;G,A;V;T;K,"124,198,214,243",0.0,6EQE
S;T;S;D,A;V;T;Q,"124,198,214,220",0.0,6EQE
S;T;S;F,A;V;T;E,"124,198,214,271",0.0,6EQE
S;T;S;G,A;V;T;Q,"124,198,214,164",0.0,6EQE
S;T;S;A,A;V;T;D,"124,198,214,130",0.0,6EQE
S;T;S;W,A;V;T;C,"124,198,214,257",0.0,6EQE
S;T;S;Q,A;V;T;N,"124,198,214,127",0.0,6EQE
S;T;S;Q,A;V;T;R,"124,198,214,127",0.0,6EQE
S;T;S;S,A;V;T;M,"124,198,214,238",0.0,6EQE
S;T;S;F,A;V;T;M,"124,198,214,271",0.0,6EQE
S;T;S;G,A;V;T;I,"124,198,214,243",0.0,6EQE
S;T;S;Q,A;V;T;I,"124,198,214,127",0.0,6EQE
S;T;S;A,A;V;T;V,"124,198,214,65",0.0,6EQE
S;T;S;Q,A;V;T;E,"124,198,214,133",0.0,6EQE
S;T;S;Q,A;V;T;K,"124,198,214,127",0.0,6EQE
S;T;S;Q,A;V;T;W,"124,198,214,133",0.0,6EQE
S;T;S;D,A;V;T;L,"124,198,214,220",0.0,6EQE
S;T;S;T,A;V;T;D,"124,198,214,88",0.0,6EQE
S;T;S;R,A;V;T;N,"124,198,214,132",0.0,6EQE
S;T;S;Q,A;V;T;D,"124,198,214,127",0.0,6EQE
S;T;S;A,A;V;T;Y,"124,198,214,215",0.0,6EQE
S;T;S;L,A;V;T;K,"124,198,214,249",0.0,6EQE
S;T;S;R,A;V;T;Y,"124,198,214,123",0.0,6EQE
S;T;S;F,A;V;T;W,"124,198,214,271",0.0,6EQE
S;T;S;S,A;V;T;D,"124,198,214,58",0.0,6EQE
S;T;S;N,A;V;T;I,"124,198,214,37",0.0,6EQE
S;T;S;C,A;V;T;D,"124,198,214,289",0.0,6EQE
S;T;S;A,A;V;T;P,"124,198,214,152",0.0,6EQE
S;T;S;D,A;V;T;V,"124,198,214,186",0.0,6EQE
S;T;S;G,A;V;T;P,"124,198,214,243",0.0,6EQE
S;T;S;S,A;V;T;E,"124,198,214,115",0.0,6EQE
S;T;S;L,A;V;T;Q,"124,198,214,216",0.0,6EQE
S;T;S;N,A;V;T;P,"124,198,214,277",0.0,6EQE
S;T;S;R,A;V;T;Q,"124,198,214,132",0.0,6EQE
S;T;S;N,A;V;T;Y,"124,198,214,244",0.0,6EQE
S;T;S;H,A;V;T;T,"124,198,214,104",0.0,6EQE
S;T;S;S,A;V;T;V,"124,198,214,58",0.0,6EQE
S;T;S;H,A;V;T;L,"124,198,214,104",0.0,6EQE
S;T;S;P,A;V;T;Q,"124,198,214,38",0.0,6EQE
S;T;S;R,A;V;T;L,"124,198,214,53",0.0,6EQE
S;T;S;A,A;V;T;T,"124,198,214,180",0.0,6EQE
S;T;S;P,A;V;T;D,"124,198,214,197",0.0,6EQE
S;T;S;A,A;V;T;M,"124,198,214,135",0.0,6EQE
S;T;S;I,A;V;T;L,"124,198,214,111",0.0,6EQE
S;T;S;G,A;V;T;S,"124,198,214,243",0.0,6EQE
S;T;S;Q,A;V;T;L,"124,198,214,127",0.0,6EQE
S;T;S;Q,A;V;T;H,"124,198,214,127",0.0,6EQE
S;T;S;W,A;V;T;I,"124,198,214,159",0.0,6EQE
S;T;S;Q,A;V;T;P,"124,198,214,127",0.0,6EQE
S;T;S;S,A;V;T;N,"124,198,214,103",0.0,6EQE
S;T;S;A,A;V;T;Y,"124,198,214,179",0.0,6EQE
S;T;S;W,A;V;T;K,"124,198,214,257",0.0,6EQE
S;T;S;L,A;V;T;M,"124,198,214,216",0.0,6EQE
S;T;S;Q,A;V;T;E,"124,198,214,127",0.0,6EQE
S;T;S;G,A;V;T;A,"124,198,214,243",0.0,6EQE
S;T;S;A,A;V;T;N,"124,198,214,226",0.0,6EQE
S;T;S;L,A;V;T;I,"124,198,214,216",0.0,6EQE
S;T;S;C,A;V;T;L,"124,198,214,289",0.0,6EQE
S;T;S;S,A;V;T;E,"124,198,214,207",0.0,6EQE
S;T;S;M,A;V;T;L,"124,198,214,154",0.0,6EQE
S;T;S;M,A;V;T;P,"124,198,214,222",0.0,6EQE
S;T;S;G,A;V;T;T,"124,198,214,251",0.0,6EQE
S;T;S;P,A;V;T;L,"124,198,214,38",0.0,6EQE
S;T;S;L,A;V;T;W,"124,198,214,216",0.0,6EQE
S;T;S;T,A;V;T;L,"124,198,214,72",0.0,6EQE
S;T;S;S,A;V;T;P,"124,198,214,245",0.0,6EQE
S;T;S;I,A;V;T;W,"124,198,214,111",0.0,6EQE
S;T;S;L,A;V;T;D,"124,198,214,249",0.0,6EQE
S;T;S;E,A;V;T;K,"124,198,214,231",0.0,6EQE
S;T;S;D,A;V;T;K,"124,198,214,263",0.0,6EQE
S;T;S;T,A;V;T;M,"124,198,214,51",0.0,6EQE
S;T;S;L,A;V;T;E,"124,198,214,216",0.0,6EQE
S;T;S;S,A;V;T;T,"124,198,214,121",0.0,6EQE
S;T;S;I,A;V;T;H,"124,198,214,145",0.0,6EQE
S;T;S;I,A;V;T;L,"124,198,214,145",0.0,6EQE
S;T;S;H,A;V;T;M,"124,198,214,104",0.0,6EQE
S;T;S;R,A;V;T;P,"124,198,214,280",0.0,6EQE
S;T;S;L,A;V;T;F,"124,198,214,216",0.0,6EQE
S;T;S;S,A;V;T;D,"124,198,214,103",0.0,6EQE
S;T;S;I,A;V;T;V,"124,198,214,200",0.0,6EQE
S;T;S;T,A;V;T;K,"124,198,214,88",0.0,6EQE
S;T;S;N,A;V;T;K,"124,198,214,138",0.0,6EQE
S;T;S;A,A;V;T;L,"124,198,214,65",0.0,6EQE
S;T;S;Q,A;V;T;T,"124,198,214,91",0.0,6EQE
S;T;S;G,A;V;T;D,"124,198,214,163",0.0,6EQE
S;T;S;A,A;V;T;M,"124,198,214,65",0.0,6EQE
S;T;S;K,A;V;T;L,"124,198,214,252",0.0,6EQE
S;T;S;V,A;V;T;D,"124,198,214,57",0.0,6EQE
S;T;S;Q,A;V;T;V,"124,198,214,127",0.0,6EQE
S;T;S;V,A;V;T;C,"124,198,214,281",0.0,6EQE
S;T;S;T,A;V;T;V,"124,198,214,72",0.0,6EQE
S;T;S;Q,A;V;T;N,"124,198,214,133",0.0,6EQE
S;T;S;R,A;V;T;K,"124,198,214,53",0.0,6EQE
S;T;S;S,A;V;T;P,"124,198,214,125",0.0,6EQE
S;T;S;T,A;V;T;Q,"124,198,214,88",0.0,6EQE
S;T;S;N,A;V;T;L,"124,198,214,138",0.0,6EQE
S;T;S;H,A;V;T;R,"124,198,214,104",0.0,6EQE
S;T;S;W,A;V;T;P,"124,198,214,159",0.0,6EQE
S;T;S;S,A;V;T;Y,"124,198,214,242",0.0,6EQE
S;T;S;A,A;V;T;F,"124,198,214,65",0.0,6EQE
S;T;S;G,A;V;T;H,"124,198,214,251",0.0,6EQE
S;T;S;L,A;V;T;P,"124,198,214,216",0.0,6EQE
S;T;S;S,A;V;T;W,"124,198,214,58",0.0,6EQE
S;T;S;A,A;V;T;E,"124,198,214,152",0.0,6EQE
S;T;S;T,A;V;T;N,"124,198,214,88",0.0,6EQE
S;T;S;S,A;V;T;K,"124,198,214,58",0.0,6EQE
S;T;S;L,A;V;T;C,"124,198,214,249",0.0,6EQE
S;T;S;N,A;V;T;T,"124,198,214,190",0.0,6EQE
S;T;S;S,A;V;T;V,"124,198,214,223",0.0,6EQE
S;T;S;A,A;V;T;W,"124,198,214,65",0.0,6EQE
S;T;S;K,A;V;T;Y,"124,198,214,253",0.0,6EQE
S;T;S;R,A;V;T;S,"124,198,214,90",0.0,6EQE
S;T;S;T,A;V;T;M,"124,198,214,29",0.0,6EQE
S;T;S;M,A;V;T;L,"124,198,214,262",0.0,6EQE
S;T;S;A,A;V;T;L,"124,198,214,272",0.0,6EQE
S;T;S;R,A;V;T;N,"124,198,214,90",0.0,6EQE
S;T;S;R,A;V;T;T,"124,198,214,90",0.0,6EQE
S;T;S;G,A;V;T;T,"124,198,214,254",0.0,6EQE
S;T;S;R,A;V;T;P,"124,198,214,90",0.0,6EQE
S;T;S;N,A;V;T;Y,"124,198,214,37",0.0,6EQE
S;T;S;Q,A;V;T;I,"124,198,214,182",0.0,6EQE
S;T;S;R,A;V;T;A,"124,198,214,90",0.0,6EQE
S;T;S;K,A;V;T;F,"124,198,214,253",0.0,6EQE
S;T;S;Y,A;V;T;S,"124,198,214,63",0.0,6EQE
S;T;S;Q,A;V;T;M,"124,198,214,127",0.0,6EQE
S;T;S;Q,A;V;T;L,"124,198,214,182",0.0,6EQE
S;T;S;K,A;V;T;A,"124,198,214,253",0.0,6EQE
S;T;S;K,A;V;T;V,"124,198,214,253",0.0,6EQE
S;T;S;Q,A;V;T;F,"124,198,214,182",0.0,6EQE
S;T;S;R,A;V;T;D,"124,198,214,90",0.0,6EQE
S;T;S;Q,A;V;T;A,"124,198,214,127",0.0,6EQE
S;T;S;Y,A;V;T;T,"124,198,214,63",0.0,6EQE
S;T;S;Q,A;V;T;V,"124,198,214,182",0.0,6EQE
S;T;S;K,A;V;T;L,"124,198,214,253",0.0,6EQE
S;T;S;C,A;V;T;S,"124,198,214,289",0.0,6EQE
S;T;S;Y,A;V;T;G,"124,198,214,63",0.0,6EQE
S;T;S;M,A;V;T;V,"124,198,214,154",0.0,6EQE
S;T;S;Q,A;V;T;T,"124,198,214,127",0.0,6EQE
S;T;S;A,A;V;T;D,"124,198,214,226",0.0,6EQE
S;T;S;C,A;V;T;A,"124,198,214,289",0.0,6EQE
S;T;S;R,A;V;T;Q,"124,198,214,224",0.0,6EQE
S;T;S;N,A;V;T;K,"124,198,214,233",0.0,6EQE
S;T;S;S,A;V;T;E,"124,198,214,136",0.0,6EQE
S;T;S;D,A;V;T;N,"124,198,214,186",0.0,6EQE
S;T;S;R,A;V;T;A,"124,198,214,280",0.0,6EQE
S;T;S;S,A;V;T;F,"124,198,214,238",0.0,6EQE
S;T;S;S,A;V;T;Q,"124,198,214,188",0.0,6EQE
S;T;S;L,A;V;T;F,"124,198,214,117",0.0,6EQE
S;T;S;Q,A;V;T;Y,"124,198,214,119",0.0,6EQE
S;T;S;G,A;V;T;A,"124,198,214,165",0.0,6EQE
S;T;S;S,A;V;T;E,"124,198,214,121",0.0,6EQE
S;T;S;I,A;V;T;R,"124,198,214,168",0.0,6EQE
S;T;S;N,A;V;T;H,"124,198,214,205",0.0,6EQE
S;T;S;S,A;V;T;Y,"124,198,214,269",0.0,6EQE
S;T;S;I,A;V;T;R,"124,198,214,218",0.0,6EQE
S;T;S;P,A;V;T;K,"124,198,214,120",0.0,6EQE
S;T;S;M,A;V;T;H,"124,198,214,161",0.0,6EQE
S;T;S;I,A;V;T;H,"124,198,214,168",0.0,6EQE
S;T;S;N,A;V;T;K,"124,198,214,114",0.0,6EQE
S;T;S;P,A;V;T;V,"124,198,214,184",0.0,6EQE
S;T;S;W,A;V;T;P,"124,198,214,185",0.0,6EQE
S;T;S;S,A;V;T;H,"124,198,214,187",0.0,6EQE
S;T;S;S,A;V;T;P,"124,198,214,188",0.0,6EQE
S;T;S;T,A;V;T;Y,"124,198,214,189",0.0,6EQE
S;T;S;F,A;V;T;M,"124,198,214,191",0.0,6EQE
A;M;T;S,M;L;Y;N,"135,154,189,124",0.0,6EQE
A;M;T;G,M;L;Y;Q,"135,154,189,243",0.0,6EQE
A;M;T;G,M;L;Y;L,"135,154,189,243",0.0,6EQE
A;M;T;T,M;L;Y;E,"135,154,189,270",0.0,6EQE
A;M;T;R,M;L;Y;V,"135,154,189,34",0.0,6EQE
A;M;T;G,M;L;Y;K,"135,154,189,243",0.0,6EQE
A;M;T;D,M;L;Y;Q,"135,154,189,220",0.0,6EQE
A;M;T;S,M;L;Y;K,"135,154,189,124",0.0,6EQE
A;M;T;F,M;L;Y;E,"135,154,189,271",0.0,6EQE
A;M;T;G,M;L;Y;Q,"135,154,189,164",0.0,6EQE
A;M;T;A,M;L;Y;D,"135,154,189,130",0.0,6EQE
A;M;T;W,M;L;Y;C,"135,154,189,257",0.0,6EQE
A;M;T;Q,M;L;Y;N,"135,154,189,127",0.0,6EQE
A;M;T;Q,M;L;Y;R,"135,154,189,127",0.0,6EQE
A;M;T;S,M;L;Y;M,"135,154,189,238",0.0,6EQE
A;M;T;F,M;L;Y;M,"135,154,189,271",0.0,6EQE
A;M;T;S,M;L;Y;A,"135,154,189,124",0.0,6EQE
A;M;T;G,M;L;Y;I,"135,154,189,243",0.0,6EQE
A;M;T;Q,M;L;Y;I,"135,154,189,127",0.0,6EQE
A;M;T;A,M;L;Y;V,"135,154,189,65",0.0,6EQE
A;M;T;Q,M;L;Y;E,"135,154,189,133",0.0,6EQE
A;M;T;S,M;L;Y;T,"135,154,189,124",0.0,6EQE
A;M;T;Q,M;L;Y;K,"135,154,189,127",0.0,6EQE
A;M;T;Q,M;L;Y;W,"135,154,189,133",0.0,6EQE
A;M;T;D,M;L;Y;L,"135,154,189,220",0.0,6EQE
A;M;T;T,M;L;Y;D,"135,154,189,88",0.0,6EQE
A;M;T;R,M;L;Y;N,"135,154,189,132",0.0,6EQE
A;M;T;Q,M;L;Y;D,"135,154,189,127",0.0,6EQE
A;M;T;A,M;L;Y;Y,"135,154,189,215",0.0,6EQE
A;M;T;L,M;L;Y;K,"135,154,189,249",0.0,6EQE
A;M;T;R,M;L;Y;Y,"135,154,189,123",0.0,6EQE
A;M;T;F,M;L;Y;W,"135,154,189,271",0.0,6EQE
A;M;T;S,M;L;Y;D,"135,154,189,58",0.0,6EQE
A;M;T;N,M;L;Y;I,"135,154,189,37",0.0,6EQE
A;M;T;C,M;L;Y;D,"135,154,189,289",0.0,6EQE
A;M;T;A,M;L;Y;P,"135,154,189,152",0.0,6EQE
A;M;T;D,M;L;Y;V,"135,154,189,186",0.0,6EQE
A;M;T;G,M;L;Y;P,"135,154,189,243",0.0,6EQE
A;M;T;S,M;L;Y;E,"135,154,189,115",0.0,6EQE
A;M;T;L,M;L;Y;Q,"135,154,189,216",0.0,6EQE
A;M;T;N,M;L;Y;P,"135,154,189,277",0.0,6EQE
A;M;T;R,M;L;Y;Q,"135,154,189,132",0.0,6EQE
A;M;T;N,M;L;Y;Y,"135,154,189,244",0.0,6EQE
A;M;T;H,M;L;Y;T,"135,154,189,104",0.0,6EQE
A;M;T;S,M;L;Y;V,"135,154,189,58",0.0,6EQE
A;M;T;H,M;L;Y;L,"135,154,189,104",0.0,6EQE
A;M;T;P,M;L;Y;Q,"135,154,189,38",0.0,6EQE
A;M;T;R,M;L;Y;L,"135,154,189,53",0.0,6EQE
A;M;T;A,M;L;Y;T,"135,154,189,180",0.0,6EQE
A;M;T;P,M;L;Y;D,"135,154,189,197",0.0,6EQE
A;M;T;T,M;L;Y;V,"135,154,189,198",0.0,6EQE
A;M;T;I,M;L;Y;L,"135,154,189,111",0.0,6EQE
A;M;T;G,M;L;Y;S,"135,154,189,243",0.0,6EQE
A;M;T;Q,M;L;Y;L,"135,154,189,127",0.0,6EQE
A;M;T;Q,M;L;Y;H,"135,154,189,127",0.0,6EQE
A;M;T;W,M;L;Y;I,"135,154,189,159",0.0,6EQE
A;M;T;Q,M;L;Y;P,"135,154,189,127",0.0,6EQE
A;M;T;S,M;L;Y;N,"135,154,189,103",0.0,6EQE
A;M;T;A,M;L;Y;Y,"135,154,189,179",0.0,6EQE
A;M;T;W,M;L;Y;K,"135,154,189,257",0.0,6EQE
A;M;T;L,M;L;Y;M,"135,154,189,216",0.0,6EQE
A;M;T;Q,M;L;Y;E,"135,154,189,127",0.0,6EQE
A;M;T;G,M;L;Y;A,"135,154,189,243",0.0,6EQE
A;M;T;A,M;L;Y;N,"135,154,189,226",0.0,6EQE
A;M;T;L,M;L;Y;I,"135,154,189,216",0.0,6EQE
A;M;T;C,M;L;Y;L,"135,154,189,289",0.0,6EQE
A;M;T;S,M;L;Y;E,"135,154,189,207",0.0,6EQE
A;M;T;M,M;L;Y;P,"135,154,189,222",0.0,6EQE
A;M;T;G,M;L;Y;T,"135,154,189,251",0.0,6EQE
A;M;T;P,M;L;Y;L,"135,154,189,38",0.0,6EQE
A;M;T;L,M;L;Y;W,"135,154,189,216",0.0,6EQE
A;M;T;T,M;L;Y;L,"135,154,189,72",0.0,6EQE
A;M;T;S,M;L;Y;P,"135,154,189,245",0.0,6EQE
A;M;T;I,M;L;Y;W,"135,154,189,111",0.0,6EQE
A;M;T;L,M;L;Y;D,"135,154,189,249",0.0,6EQE
A;M;T;E,M;L;Y;K,"135,154,189,231",0.0,6EQE
A;M;T;D,M;L;Y;K,"135,154,189,263",0.0,6EQE
A;M;T;T,M;L;Y;M,"135,154,189,51",0.0,6EQE
A;M;T;L,M;L;Y;E,"135,154,189,216",0.0,6EQE
A;M;T;S,M;L;Y;T,"135,154,189,121",0.0,6EQE
A;M;T;I,M;L;Y;H,"135,154,189,145",0.0,6EQE
A;M;T;I,M;L;Y;L,"135,154,189,145",0.0,6EQE
A;M;T;H,M;L;Y;M,"135,154,189,104",0.0,6EQE
A;M;T;R,M;L;Y;P,"135,154,189,280",0.0,6EQE
A;M;T;L,M;L;Y;F,"135,154,189,216",0.0,6EQE
A;M;T;S,M;L;Y;D,"135,154,189,103",0.0,6EQE
A;M;T;I,M;L;Y;V,"135,154,189,200",0.0,6EQE
A;M;T;T,M;L;Y;K,"135,154,189,88",0.0,6EQE
A;M;T;N,M;L;Y;K,"135,154,189,138",0.0,6EQE
A;M;T;A,M;L;Y;L,"135,154,189,65",0.0,6EQE
A;M;T;Q,M;L;Y;T,"135,154,189,91",0.0,6EQE
A;M;T;G,M;L;Y;D,"135,154,189,163",0.0,6EQE
A;M;T;A,M;L;Y;M,"135,154,189,65",0.0,6EQE
A;M;T;K,M;L;Y;L,"135,154,189,252",0.0,6EQE
A;M;T;V,M;L;Y;D,"135,154,189,57",0.0,6EQE
A;M;T;Q,M;L;Y;V,"135,154,189,127",0.0,6EQE
A;M;T;V,M;L;Y;C,"135,154,189,281",0.0,6EQE
A;M;T;T,M;L;Y;V,"135,154,189,72",0.0,6EQE
A;M;T;Q,M;L;Y;N,"135,154,189,133",0.0,6EQE
A;M;T;R,M;L;Y;K,"135,154,189,53",0.0,6EQE
A;M;T;S,M;L;Y;P,"135,154,189,125",0.0,6EQE
A;M;T;T,M;L;Y;Q,"135,154,189,88",0.0,6EQE
A;M;T;N,M;L;Y;L,"135,154,189,138",0.0,6EQE
A;M;T;H,M;L;Y;R,"135,154,189,104",0.0,6EQE
A;M;T;W,M;L;Y;P,"135,154,189,159",0.0,6EQE
A;M;T;S,M;L;Y;Y,"135,154,189,242",0.0,6EQE
A;M;T;A,M;L;Y;F,"135,154,189,65",0.0,6EQE
A;M;T;G,M;L;Y;H,"135,154,189,251",0.0,6EQE
A;M;T;L,M;L;Y;P,"135,154,189,216",0.0,6EQE
A;M;T;S,M;L;Y;W,"135,154,189,58",0.0,6EQE
A;M;T;A,M;L;Y;E,"135,154,189,152",0.0,6EQE
A;M;T;T,M;L;Y;N,"135,154,189,88",0.0,6EQE
A;M;T;T,M;L;Y;N,"135,154,189,198",0.0,6EQE
A;M;T;S,M;L;Y;K,"135,154,189,58",0.0,6EQE
A;M;T;L,M;L;Y;C,"135,154,189,249",0.0,6EQE
A;M;T;N,M;L;Y;T,"135,154,189,190",0.0,6EQE
A;M;T;S,M;L;Y;V,"135,154,189,223",0.0,6EQE
A;M;T;A,M;L;Y;W,"135,154,189,65",0.0,6EQE
A;M;T;K,M;L;Y;Y,"135,154,189,253",0.0,6EQE
A;M;T;R,M;L;Y;S,"135,154,189,90",0.0,6EQE
A;M;T;T,M;L;Y;M,"135,154,189,29",0.0,6EQE
A;M;T;M,M;L;Y;L,"135,154,189,262",0.0,6EQE
A;M;T;A,M;L;Y;L,"135,154,189,272",0.0,6EQE
A;M;T;R,M;L;Y;N,"135,154,189,90",0.0,6EQE
A;M;T;R,M;L;Y;T,"135,154,189,90",0.0,6EQE
A;M;T;G,M;L;Y;T,"135,154,189,254",0.0,6EQE
A;M;T;R,M;L;Y;P,"135,154,189,90",0.0,6EQE
A;M;T;N,M;L;Y;Y,"135,154,189,37",0.0,6EQE
A;M;T;Q,M;L;Y;I,"135,154,189,182",0.0,6EQE
A;M;T;R,M;L;Y;A,"135,154,189,90",0.0,6EQE
A;M;T;K,M;L;Y;F,"135,154,189,253",0.0,6EQE
A;M;T;Y,M;L;Y;S,"135,154,189,63",0.0,6EQE
A;M;T;Q,M;L;Y;M,"135,154,189,127",0.0,6EQE
A;M;T;Q,M;L;Y;L,"135,154,189,182",0.0,6EQE
A;M;T;K,M;L;Y;A,"135,154,189,253",0.0,6EQE
A;M;T;K,M;L;Y;V,"135,154,189,253",0.0,6EQE
A;M;T;Q,M;L;Y;F,"135,154,189,182",0.0,6EQE
A;M;T;R,M;L;Y;D,"135,154,189,90",0.0,6EQE
A;M;T;Q,M;L;Y;A,"135,154,189,127",0.0,6EQE
A;M;T;Y,M;L;Y;T,"135,154,189,63",0.0,6EQE
A;M;T;Q,M;L;Y;V,"135,154,189,182",0.0,6EQE
A;M;T;K,M;L;Y;L,"135,154,189,253",0.0,6EQE
A;M;T;C,M;L;Y;S,"135,154,189,289",0.0,6EQE
A;M;T;Y,M;L;Y;G,"135,154,189,63",0.0,6EQE
A;M;T;Q,M;L;Y;T,"135,154,189,127",0.0,6EQE
A;M;T;A,M;L;Y;D,"135,154,189,226",0.0,6EQE
A;M;T;C,M;L;Y;A,"135,154,189,289",0.0,6EQE
A;M;T;R,M;L;Y;Q,"135,154,189,224",0.0,6EQE
A;M;T;N,M;L;Y;K,"135,154,189,233",0.0,6EQE
A;M;T;S,M;L;Y;E,"135,154,189,136",0.0,6EQE
A;M;T;D,M;L;Y;N,"135,154,189,186",0.0,6EQE
A;M;T;R,M;L;Y;A,"135,154,189,280",0.0,6EQE
A;M;T;S,M;L;Y;F,"135,154,189,238",0.0,6EQE
A;M;T;S,M;L;Y;Q,"135,154,189,188",0.0,6EQE
A;M;T;S,M;L;Y;H,"135,154,189,214",0.0,6EQE
A;M;T;L,M;L;Y;F,"135,154,189,117",0.0,6EQE
A;M;T;Q,M;L;Y;Y,"135,154,189,119",0.0,6EQE
A;M;T;G,M;L;Y;A,"135,154,189,165",0.0,6EQE
A;M;T;S,M;L;Y;E,"135,154,189,121",0.0,6EQE
A;M;T;I,M;L;Y;R,"135,154,189,168",0.0,6EQE
A;M;T;N,M;L;Y;H,"135,154,189,205",0.0,6EQE
A;M;T;S,M;L;Y;Y,"135,154,189,269",0.0,6EQE
A;M;T;S,M;L;Y;T,"135,154,189,214",0.0,6EQE
A;M;T;I,M;L;Y;R,"135,154,189,218",0.0,6EQE
A;M;T;P,M;L;Y;K,"135,154,189,120",0.0,6EQE
A;M;T;M,M;L;Y;H,"135,154,189,161",0.0,6EQE
A;M;T;I,M;L;Y;H,"135,154,189,168",0.0,6EQE
A;M;T;N,M;L;Y;K,"135,154,189,114",0.0,6EQE
A;M;T;P,M;L;Y;V,"135,154,189,184",0.0,6EQE
A;M;T;W,M;L;Y;P,"135,154,189,185",0.0,6EQE
A;M;T;S,M;L;Y;H,"135,154,189,187",0.0,6EQE
A;M;T;S,M;L;Y;P,"135,154,189,188",0.0,6EQE
A;M;T;F,M;L;Y;M,"135,154,189,191",0.0,6EQE
S;H;T;S,P;M;Y;N,"245,104,189,124",0.0,6EQE
S;H;T;G,P;M;Y;Q,"245,104,189,243",0.0,6EQE
S;H;T;G,P;M;Y;L,"245,104,189,243",0.0,6EQE
S;H;T;T,P;M;Y;E,"245,104,189,270",0.0,6EQE
S;H;T;R,P;M;Y;V,"245,104,189,34",0.0,6EQE
S;H;T;G,P;M;Y;K,"245,104,189,243",0.0,6EQE
S;H;T;D,P;M;Y;Q,"245,104,189,220",0.0,6EQE
S;H;T;S,P;M;Y;K,"245,104,189,124",0.0,6EQE
S;H;T;F,P;M;Y;E,"245,104,189,271",0.0,6EQE
S;H;T;G,P;M;Y;Q,"245,104,189,164",0.0,6EQE
S;H;T;A,P;M;Y;D,"245,104,189,130",0.0,6EQE
S;H;T;W,P;M;Y;C,"245,104,189,257",0.0,6EQE
S;H;T;Q,P;M;Y;N,"245,104,189,127",0.0,6EQE
S;H;T;Q,P;M;Y;R,"245,104,189,127",0.0,6EQE
S;H;T;S,P;M;Y;M,"245,104,189,238",0.0,6EQE
S;H;T;F,P;M;Y;M,"245,104,189,271",0.0,6EQE
S;H;T;S,P;M;Y;A,"245,104,189,124",0.0,6EQE
S;H;T;G,P;M;Y;I,"245,104,189,243",0.0,6EQE
S;H;T;Q,P;M;Y;I,"245,104,189,127",0.0,6EQE
S;H;T;A,P;M;Y;V,"245,104,189,65",0.0,6EQE
S;H;T;Q,P;M;Y;E,"245,104,189,133",0.0,6EQE
S;H;T;S,P;M;Y;T,"245,104,189,124",0.0,6EQE
S;H;T;Q,P;M;Y;K,"245,104,189,127",0.0,6EQE
S;H;T;Q,P;M;Y;W,"245,104,189,133",0.0,6EQE
S;H;T;D,P;M;Y;L,"245,104,189,220",0.0,6EQE
S;H;T;T,P;M;Y;D,"245,104,189,88",0.0,6EQE
S;H;T;R,P;M;Y;N,"245,104,189,132",0.0,6EQE
S;H;T;Q,P;M;Y;D,"245,104,189,127",0.0,6EQE
S;H;T;A,P;M;Y;Y,"245,104,189,215",0.0,6EQE
S;H;T;L,P;M;Y;K,"245,104,189,249",0.0,6EQE
S;H;T;R,P;M;Y;Y,"245,104,189,123",0.0,6EQE
S;H;T;F,P;M;Y;W,"245,104,189,271",0.0,6EQE
S;H;T;S,P;M;Y;D,"245,104,189,58",0.0,6EQE
S;H;T;N,P;M;Y;I,"245,104,189,37",0.0,6EQE
S;H;T;C,P;M;Y;D,"245,104,189,289",0.0,6EQE
S;H;T;A,P;M;Y;P,"245,104,189,152",0.0,6EQE
S;H;T;D,P;M;Y;V,"245,104,189,186",0.0,6EQE
S;H;T;G,P;M;Y;P,"245,104,189,243",0.0,6EQE
S;H;T;S,P;M;Y;E,"245,104,189,115",0.0,6EQE
S;H;T;L,P;M;Y;Q,"245,104,189,216",0.0,6EQE
S;H;T;N,P;M;Y;P,"245,104,189,277",0.0,6EQE
S;H;T;R,P;M;Y;Q,"245,104,189,132",0.0,6EQE
S;H;T;N,P;M;Y;Y,"245,104,189,244",0.0,6EQE
S;H;T;S,P;M;Y;V,"245,104,189,58",0.0,6EQE
S;H;T;P,P;M;Y;Q,"245,104,189,38",0.0,6EQE
S;H;T;R,P;M;Y;L,"245,104,189,53",0.0,6EQE
S;H;T;A,P;M;Y;T,"245,104,189,180",0.0,6EQE
S;H;T;P,P;M;Y;D,"245,104,189,197",0.0,6EQE
S;H;T;T,P;M;Y;V,"245,104,189,198",0.0,6EQE
S;H;T;A,P;M;Y;M,"245,104,189,135",0.0,6EQE
S;H;T;I,P;M;Y;L,"245,104,189,111",0.0,6EQE
S;H;T;G,P;M;Y;S,"245,104,189,243",0.0,6EQE
S;H;T;Q,P;M;Y;L,"245,104,189,127",0.0,6EQE
S;H;T;Q,P;M;Y;H,"245,104,189,127",0.0,6EQE
S;H;T;W,P;M;Y;I,"245,104,189,159",0.0,6EQE
S;H;T;Q,P;M;Y;P,"245,104,189,127",0.0,6EQE
S;H;T;S,P;M;Y;N,"245,104,189,103",0.0,6EQE
S;H;T;A,P;M;Y;Y,"245,104,189,179",0.0,6EQE
S;H;T;W,P;M;Y;K,"245,104,189,257",0.0,6EQE
S;H;T;L,P;M;Y;M,"245,104,189,216",0.0,6EQE
S;H;T;Q,P;M;Y;E,"245,104,189,127",0.0,6EQE
S;H;T;G,P;M;Y;A,"245,104,189,243",0.0,6EQE
S;H;T;A,P;M;Y;N,"245,104,189,226",0.0,6EQE
S;H;T;L,P;M;Y;I,"245,104,189,216",0.0,6EQE
S;H;T;C,P;M;Y;L,"245,104,189,289",0.0,6EQE
S;H;T;S,P;M;Y;E,"245,104,189,207",0.0,6EQE
S;H;T;M,P;M;Y;L,"245,104,189,154",0.0,6EQE
S;H;T;M,P;M;Y;P,"245,104,189,222",0.0,6EQE
S;H;T;G,P;M;Y;T,"245,104,189,251",0.0,6EQE
S;H;T;P,P;M;Y;L,"245,104,189,38",0.0,6EQE
S;H;T;L,P;M;Y;W,"245,104,189,216",0.0,6EQE
S;H;T;T,P;M;Y;L,"245,104,189,72",0.0,6EQE
S;H;T;I,P;M;Y;W,"245,104,189,111",0.0,6EQE
S;H;T;L,P;M;Y;D,"245,104,189,249",0.0,6EQE
S;H;T;E,P;M;Y;K,"245,104,189,231",0.0,6EQE
S;H;T;D,P;M;Y;K,"245,104,189,263",0.0,6EQE
S;H;T;T,P;M;Y;M,"245,104,189,51",0.0,6EQE
S;H;T;L,P;M;Y;E,"245,104,189,216",0.0,6EQE
S;H;T;S,P;M;Y;T,"245,104,189,121",0.0,6EQE
S;H;T;I,P;M;Y;H,"245,104,189,145",0.0,6EQE
S;H;T;I,P;M;Y;L,"245,104,189,145",0.0,6EQE
S;H;T;R,P;M;Y;P,"245,104,189,280",0.0,6EQE
S;H;T;L,P;M;Y;F,"245,104,189,216",0.0,6EQE
S;H;T;S,P;M;Y;D,"245,104,189,103",0.0,6EQE
S;H;T;I,P;M;Y;V,"245,104,189,200",0.0,6EQE
S;H;T;T,P;M;Y;K,"245,104,189,88",0.0,6EQE
S;H;T;N,P;M;Y;K,"245,104,189,138",0.0,6EQE
S;H;T;A,P;M;Y;L,"245,104,189,65",0.0,6EQE
S;H;T;Q,P;M;Y;T,"245,104,189,91",0.0,6EQE
S;H;T;G,P;M;Y;D,"245,104,189,163",0.0,6EQE
S;H;T;A,P;M;Y;M,"245,104,189,65",0.0,6EQE
S;H;T;K,P;M;Y;L,"245,104,189,252",0.0,6EQE
S;H;T;V,P;M;Y;D,"245,104,189,57",0.0,6EQE
S;H;T;Q,P;M;Y;V,"245,104,189,127",0.0,6EQE
S;H;T;V,P;M;Y;C,"245,104,189,281",0.0,6EQE
S;H;T;T,P;M;Y;V,"245,104,189,72",0.0,6EQE
S;H;T;Q,P;M;Y;N,"245,104,189,133",0.0,6EQE
S;H;T;R,P;M;Y;K,"245,104,189,53",0.0,6EQE
S;H;T;S,P;M;Y;P,"245,104,189,125",0.0,6EQE
S;H;T;T,P;M;Y;Q,"245,104,189,88",0.0,6EQE
S;H;T;N,P;M;Y;L,"245,104,189,138",0.0,6EQE
S;H;T;W,P;M;Y;P,"245,104,189,159",0.0,6EQE
S;H;T;S,P;M;Y;Y,"245,104,189,242",0.0,6EQE
S;H;T;A,P;M;Y;F,"245,104,189,65",0.0,6EQE
S;H;T;G,P;M;Y;H,"245,104,189,251",0.0,6EQE
S;H;T;L,P;M;Y;P,"245,104,189,216",0.0,6EQE
S;H;T;S,P;M;Y;W,"245,104,189,58",0.0,6EQE
S;H;T;A,P;M;Y;E,"245,104,189,152",0.0,6EQE
S;H;T;T,P;M;Y;N,"245,104,189,88",0.0,6EQE
S;H;T;T,P;M;Y;N,"245,104,189,198",0.0,6EQE
S;H;T;S,P;M;Y;K,"245,104,189,58",0.0,6EQE
S;H;T;L,P;M;Y;C,"245,104,189,249",0.0,6EQE
S;H;T;N,P;M;Y;T,"245,104,189,190",0.0,6EQE
S;H;T;S,P;M;Y;V,"245,104,189,223",0.0,6EQE
S;H;T;A,P;M;Y;W,"245,104,189,65",0.0,6EQE
S;H;T;K,P;M;Y;Y,"245,104,189,253",0.0,6EQE
S;H;T;R,P;M;Y;S,"245,104,189,90",0.0,6EQE
S;H;T;T,P;M;Y;M,"245,104,189,29",0.0,6EQE
S;H;T;M,P;M;Y;L,"245,104,189,262",0.0,6EQE
S;H;T;A,P;M;Y;L,"245,104,189,272",0.0,6EQE
S;H;T;R,P;M;Y;N,"245,104,189,90",0.0,6EQE
S;H;T;R,P;M;Y;T,"245,104,189,90",0.0,6EQE
S;H;T;G,P;M;Y;T,"245,104,189,254",0.0,6EQE
S;H;T;R,P;M;Y;P,"245,104,189,90",0.0,6EQE
S;H;T;N,P;M;Y;Y,"245,104,189,37",0.0,6EQE
S;H;T;Q,P;M;Y;I,"245,104,189,182",0.0,6EQE
S;H;T;R,P;M;Y;A,"245,104,189,90",0.0,6EQE
S;H;T;K,P;M;Y;F,"245,104,189,253",0.0,6EQE
S;H;T;Y,P;M;Y;S,"245,104,189,63",0.0,6EQE
S;H;T;Q,P;M;Y;M,"245,104,189,127",0.0,6EQE
S;H;T;Q,P;M;Y;L,"245,104,189,182",0.0,6EQE
S;H;T;K,P;M;Y;A,"245,104,189,253",0.0,6EQE
S;H;T;K,P;M;Y;V,"245,104,189,253",0.0,6EQE
S;H;T;Q,P;M;Y;F,"245,104,189,182",0.0,6EQE
S;H;T;R,P;M;Y;D,"245,104,189,90",0.0,6EQE
S;H;T;Q,P;M;Y;A,"245,104,189,127",0.0,6EQE
S;H;T;Y,P;M;Y;T,"245,104,189,63",0.0,6EQE
S;H;T;Q,P;M;Y;V,"245,104,189,182",0.0,6EQE
S;H;T;K,P;M;Y;L,"245,104,189,253",0.0,6EQE
S;H;T;C,P;M;Y;S,"245,104,189,289",0.0,6EQE
S;H;T;Y,P;M;Y;G,"245,104,189,63",0.0,6EQE
S;H;T;M,P;M;Y;V,"245,104,189,154",0.0,6EQE
S;H;T;Q,P;M;Y;T,"245,104,189,127",0.0,6EQE
S;H;T;A,P;M;Y;D,"245,104,189,226",0.0,6EQE
S;H;T;C,P;M;Y;A,"245,104,189,289",0.0,6EQE
S;H;T;R,P;M;Y;Q,"245,104,189,224",0.0,6EQE
S;H;T;N,P;M;Y;K,"245,104,189,233",0.0,6EQE
S;H;T;S,P;M;Y;E,"245,104,189,136",0.0,6EQE
S;H;T;D,P;M;Y;N,"245,104,189,186",0.0,6EQE
S;H;T;R,P;M;Y;A,"245,104,189,280",0.0,6EQE
S;H;T;S,P;M;Y;F,"245,104,189,238",0.0,6EQE
S;H;T;S,P;M;Y;Q,"245,104,189,188",0.0,6EQE
S;H;T;S,P;M;Y;H,"245,104,189,214",0.0,6EQE
S;H;T;L,P;M;Y;F,"245,104,189,117",0.0,6EQE
S;H;T;Q,P;M;Y;Y,"245,104,189,119",0.0,6EQE
S;H;T;G,P;M;Y;A,"245,104,189,165",0.0,6EQE
S;H;T;S,P;M;Y;E,"245,104,189,121",0.0,6EQE
S;H;T;I,P;M;Y;R,"245,104,189,168",0.0,6EQE
S;H;T;N,P;M;Y;H,"245,104,189,205",0.0,6EQE
S;H;T;S,P;M;Y;Y,"245,104,189,269",0.0,6EQE
S;H;T;S,P;M;Y;T,"245,104,189,214",0.0,6EQE
S;H;T;I,P;M;Y;R,"245,104,189,218",0.0,6EQE
S;H;T;P,P;M;Y;K,"245,104,189,120",0.0,6EQE
S;H;T;M,P;M;Y;H,"245,104,189,161",0.0,6EQE
S;H;T;I,P;M;Y;H,"245,104,189,168",0.0,6EQE
S;H;T;N,P;M;Y;K,"245,104,189,114",0.0,6EQE
S;H;T;P,P;M;Y;V,"245,104,189,184",0.0,6EQE
S;H;T;W,P;M;Y;P,"245,104,189,185",0.0,6EQE
S;H;T;S,P;M;Y;H,"245,104,189,187",0.0,6EQE
S;H;T;S,P;M;Y;P,"245,104,189,188",0.0,6EQE
S;H;T;F,P;M;Y;M,"245,104,189,191",0.0,6EQE
T;R;S;S,L;K;Y;N,"72,53,269,124",0.0,6EQE
T;R;S;G,L;K;Y;Q,"72,53,269,243",0.0,6EQE
T;R;S;G,L;K;Y;L,"72,53,269,243",0.0,6EQE
T;R;S;T,L;K;Y;E,"72,53,269,270",0.0,6EQE
T;R;S;R,L;K;Y;V,"72,53,269,34",0.0,6EQE
T;R;S;G,L;K;Y;K,"72,53,269,243",0.0,6EQE
T;R;S;D,L;K;Y;Q,"72,53,269,220",0.0,6EQE
T;R;S;S,L;K;Y;K,"72,53,269,124",0.0,6EQE
T;R;S;F,L;K;Y;E,"72,53,269,271",0.0,6EQE
T;R;S;G,L;K;Y;Q,"72,53,269,164",0.0,6EQE
T;R;S;A,L;K;Y;D,"72,53,269,130",0.0,6EQE
T;R;S;W,L;K;Y;C,"72,53,269,257",0.0,6EQE
T;R;S;Q,L;K;Y;N,"72,53,269,127",0.0,6EQE
T;R;S;Q,L;K;Y;R,"72,53,269,127",0.0,6EQE
T;R;S;S,L;K;Y;M,"72,53,269,238",0.0,6EQE
T;R;S;F,L;K;Y;M,"72,53,269,271",0.0,6EQE
T;R;S;S,L;K;Y;A,"72,53,269,124",0.0,6EQE
T;R;S;G,L;K;Y;I,"72,53,269,243",0.0,6EQE
T;R;S;Q,L;K;Y;I,"72,53,269,127",0.0,6EQE
T;R;S;A,L;K;Y;V,"72,53,269,65",0.0,6EQE
T;R;S;Q,L;K;Y;E,"72,53,269,133",0.0,6EQE
T;R;S;S,L;K;Y;T,"72,53,269,124",0.0,6EQE
T;R;S;Q,L;K;Y;K,"72,53,269,127",0.0,6EQE
T;R;S;Q,L;K;Y;W,"72,53,269,133",0.0,6EQE
T;R;S;D,L;K;Y;L,"72,53,269,220",0.0,6EQE
T;R;S;T,L;K;Y;D,"72,53,269,88",0.0,6EQE
T;R;S;R,L;K;Y;N,"72,53,269,132",0.0,6EQE
T;R;S;Q,L;K;Y;D,"72,53,269,127",0.0,6EQE
T;R;S;A,L;K;Y;Y,"72,53,269,215",0.0,6EQE
T;R;S;L,L;K;Y;K,"72,53,269,249",0.0,6EQE
T;R;S;R,L;K;Y;Y,"72,53,269,123",0.0,6EQE
T;R;S;F,L;K;Y;W,"72,53,269,271",0.0,6EQE
T;R;S;S,L;K;Y;D,"72,53,269,58",0.0,6EQE
T;R;S;N,L;K;Y;I,"72,53,269,37",0.0,6EQE
T;R;S;C,L;K;Y;D,"72,53,269,289",0.0,6EQE
T;R;S;A,L;K;Y;P,"72,53,269,152",0.0,6EQE
T;R;S;D,L;K;Y;V,"72,53,269,186",0.0,6EQE
T;R;S;G,L;K;Y;P,"72,53,269,243",0.0,6EQE
T;R;S;S,L;K;Y;E,"72,53,269,115",0.0,6EQE
T;R;S;L,L;K;Y;Q,"72,53,269,216",0.0,6EQE
T;R;S;N,L;K;Y;P,"72,53,269,277",0.0,6EQE
T;R;S;R,L;K;Y;Q,"72,53,269,132",0.0,6EQE
T;R;S;N,L;K;Y;Y,"72,53,269,244",0.0,6EQE
T;R;S;H,L;K;Y;T,"72,53,269,104",0.0,6EQE
T;R;S;S,L;K;Y;V,"72,53,269,58",0.0,6EQE
T;R;S;H,L;K;Y;L,"72,53,269,104",0.0,6EQE
T;R;S;P,L;K;Y;Q,"72,53,269,38",0.0,6EQE
T;R;S;A,L;K;Y;T,"72,53,269,180",0.0,6EQE
T;R;S;P,L;K;Y;D,"72,53,269,197",0.0,6EQE
T;R;S;T,L;K;Y;V,"72,53,269,198",0.0,6EQE
T;R;S;A,L;K;Y;M,"72,53,269,135",0.0,6EQE
T;R;S;I,L;K;Y;L,"72,53,269,111",0.0,6EQE
T;R;S;G,L;K;Y;S,"72,53,269,243",0.0,6EQE
T;R;S;Q,L;K;Y;L,"72,53,269,127",0.0,6EQE
T;R;S;Q,L;K;Y;H,"72,53,269,127",0.0,6EQE
T;R;S;W,L;K;Y;I,"72,53,269,159",0.0,6EQE
T;R;S;Q,L;K;Y;P,"72,53,269,127",0.0,6EQE
T;R;S;S,L;K;Y;N,"72,53,269,103",0.0,6EQE
T;R;S;A,L;K;Y;Y,"72,53,269,179",0.0,6EQE
T;R;S;W,L;K;Y;K,"72,53,269,257",0.0,6EQE
T;R;S;L,L;K;Y;M,"72,53,269,216",0.0,6EQE
T;R;S;Q,L;K;Y;E,"72,53,269,127",0.0,6EQE
T;R;S;G,L;K;Y;A,"72,53,269,243",0.0,6EQE
T;R;S;A,L;K;Y;N,"72,53,269,226",0.0,6EQE
T;R;S;L,L;K;Y;I,"72,53,269,216",0.0,6EQE
T;R;S;C,L;K;Y;L,"72,53,269,289",0.0,6EQE
T;R;S;S,L;K;Y;E,"72,53,269,207",0.0,6EQE
T;R;S;M,L;K;Y;L,"72,53,269,154",0.0,6EQE
T;R;S;M,L;K;Y;P,"72,53,269,222",0.0,6EQE
T;R;S;G,L;K;Y;T,"72,53,269,251",0.0,6EQE
T;R;S;P,L;K;Y;L,"72,53,269,38",0.0,6EQE
T;R;S;L,L;K;Y;W,"72,53,269,216",0.0,6EQE
T;R;S;S,L;K;Y;P,"72,53,269,245",0.0,6EQE
T;R;S;I,L;K;Y;W,"72,53,269,111",0.0,6EQE
T;R;S;L,L;K;Y;D,"72,53,269,249",0.0,6EQE
T;R;S;E,L;K;Y;K,"72,53,269,231",0.0,6EQE
T;R;S;D,L;K;Y;K,"72,53,269,263",0.0,6EQE
T;R;S;T,L;K;Y;M,"72,53,269,51",0.0,6EQE
T;R;S;L,L;K;Y;E,"72,53,269,216",0.0,6EQE
T;R;S;S,L;K;Y;T,"72,53,269,121",0.0,6EQE
T;R;S;I,L;K;Y;H,"72,53,269,145",0.0,6EQE
T;R;S;I,L;K;Y;L,"72,53,269,145",0.0,6EQE
T;R;S;H,L;K;Y;M,"72,53,269,104",0.0,6EQE
T;R;S;R,L;K;Y;P,"72,53,269,280",0.0,6EQE
T;R;S;L,L;K;Y;F,"72,53,269,216",0.0,6EQE
T;R;S;S,L;K;Y;D,"72,53,269,103",0.0,6EQE
T;R;S;I,L;K;Y;V,"72,53,269,200",0.0,6EQE
T;R;S;T,L;K;Y;K,"72,53,269,88",0.0,6EQE
T;R;S;N,L;K;Y;K,"72,53,269,138",0.0,6EQE
T;R;S;A,L;K;Y;L,"72,53,269,65",0.0,6EQE
T;R;S;Q,L;K;Y;T,"72,53,269,91",0.0,6EQE
T;R;S;G,L;K;Y;D,"72,53,269,163",0.0,6EQE
T;R;S;A,L;K;Y;M,"72,53,269,65",0.0,6EQE
T;R;S;K,L;K;Y;L,"72,53,269,252",0.0,6EQE
T;R;S;V,L;K;Y;D,"72,53,269,57",0.0,6EQE
T;R;S;Q,L;K;Y;V,"72,53,269,127",0.0,6EQE
T;R;S;V,L;K;Y;C,"72,53,269,281",0.0,6EQE
T;R;S;Q,L;K;Y;N,"72,53,269,133",0.0,6EQE
T;R;S;S,L;K;Y;P,"72,53,269,125",0.0,6EQE
T;R;S;T,L;K;Y;Q,"72,53,269,88",0.0,6EQE
T;R;S;N,L;K;Y;L,"72,53,269,138",0.0,6EQE
T;R;S;H,L;K;Y;R,"72,53,269,104",0.0,6EQE
T;R;S;W,L;K;Y;P,"72,53,269,159",0.0,6EQE
T;R;S;S,L;K;Y;Y,"72,53,269,242",0.0,6EQE
T;R;S;A,L;K;Y;F,"72,53,269,65",0.0,6EQE
T;R;S;G,L;K;Y;H,"72,53,269,251",0.0,6EQE
T;R;S;L,L;K;Y;P,"72,53,269,216",0.0,6EQE
T;R;S;S,L;K;Y;W,"72,53,269,58",0.0,6EQE
T;R;S;A,L;K;Y;E,"72,53,269,152",0.0,6EQE
T;R;S;T,L;K;Y;N,"72,53,269,88",0.0,6EQE
T;R;S;T,L;K;Y;N,"72,53,269,198",0.0,6EQE
T;R;S;S,L;K;Y;K,"72,53,269,58",0.0,6EQE
T;R;S;L,L;K;Y;C,"72,53,269,249",0.0,6EQE
T;R;S;N,L;K;Y;T,"72,53,269,190",0.0,6EQE
T;R;S;S,L;K;Y;V,"72,53,269,223",0.0,6EQE
T;R;S;A,L;K;Y;W,"72,53,269,65",0.0,6EQE
T;R;S;K,L;K;Y;Y,"72,53,269,253",0.0,6EQE
T;R;S;R,L;K;Y;S,"72,53,269,90",0.0,6EQE
T;R;S;T,L;K;Y;M,"72,53,269,29",0.0,6EQE
T;R;S;M,L;K;Y;L,"72,53,269,262",0.0,6EQE
T;R;S;A,L;K;Y;L,"72,53,269,272",0.0,6EQE
T;R;S;R,L;K;Y;N,"72,53,269,90",0.0,6EQE
T;R;S;R,L;K;Y;T,"72,53,269,90",0.0,6EQE
T;R;S;G,L;K;Y;T,"72,53,269,254",0.0,6EQE
T;R;S;R,L;K;Y;P,"72,53,269,90",0.0,6EQE
T;R;S;N,L;K;Y;Y,"72,53,269,37",0.0,6EQE
T;R;S;Q,L;K;Y;I,"72,53,269,182",0.0,6EQE
T;R;S;R,L;K;Y;A,"72,53,269,90",0.0,6EQE
T;R;S;K,L;K;Y;F,"72,53,269,253",0.0,6EQE
T;R;S;Y,L;K;Y;S,"72,53,269,63",0.0,6EQE
T;R;S;Q,L;K;Y;M,"72,53,269,127",0.0,6EQE
T;R;S;Q,L;K;Y;L,"72,53,269,182",0.0,6EQE
T;R;S;K,L;K;Y;A,"72,53,269,253",0.0,6EQE
T;R;S;K,L;K;Y;V,"72,53,269,253",0.0,6EQE
T;R;S;Q,L;K;Y;F,"72,53,269,182",0.0,6EQE
T;R;S;R,L;K;Y;D,"72,53,269,90",0.0,6EQE
T;R;S;Q,L;K;Y;A,"72,53,269,127",0.0,6EQE
T;R;S;Y,L;K;Y;T,"72,53,269,63",0.0,6EQE
T;R;S;Q,L;K;Y;V,"72,53,269,182",0.0,6EQE
T;R;S;K,L;K;Y;L,"72,53,269,253",0.0,6EQE
T;R;S;C,L;K;Y;S,"72,53,269,289",0.0,6EQE
T;R;S;Y,L;K;Y;G,"72,53,269,63",0.0,6EQE
T;R;S;M,L;K;Y;V,"72,53,269,154",0.0,6EQE
T;R;S;Q,L;K;Y;T,"72,53,269,127",0.0,6EQE
T;R;S;A,L;K;Y;D,"72,53,269,226",0.0,6EQE
T;R;S;C,L;K;Y;A,"72,53,269,289",0.0,6EQE
T;R;S;R,L;K;Y;Q,"72,53,269,224",0.0,6EQE
T;R;S;N,L;K;Y;K,"72,53,269,233",0.0,6EQE
T;R;S;S,L;K;Y;E,"72,53,269,136",0.0,6EQE
T;R;S;D,L;K;Y;N,"72,53,269,186",0.0,6EQE
T;R;S;R,L;K;Y;A,"72,53,269,280",0.0,6EQE
T;R;S;S,L;K;Y;F,"72,53,269,238",0.0,6EQE
T;R;S;S,L;K;Y;Q,"72,53,269,188",0.0,6EQE
T;R;S;S,L;K;Y;H,"72,53,269,214",0.0,6EQE
T;R;S;L,L;K;Y;F,"72,53,269,117",0.0,6EQE
T;R;S;Q,L;K;Y;Y,"72,53,269,119",0.0,6EQE
T;R;S;G,L;K;Y;A,"72,53,269,165",0.0,6EQE
T;R;S;S,L;K;Y;E,"72,53,269,121",0.0,6EQE
T;R;S;I,L;K;Y;R,"72,53,269,168",0.0,6EQE
T;R;S;N,L;K;Y;H,"72,53,269,205",0.0,6EQE
T;R;S;S,L;K;Y;T,"72,53,269,214",0.0,6EQE
T;R;S;I,L;K;Y;R,"72,53,269,218",0.0,6EQE
T;R;S;P,L;K;Y;K,"72,53,269,120",0.0,6EQE
T;R;S;M,L;K;Y;H,"72,53,269,161",0.0,6EQE
T;R;S;I,L;K;Y;H,"72,53,269,168",0.0,6EQE
T;R;S;N,L;K;Y;K,"72,53,269,114",0.0,6EQE
T;R;S;P,L;K;Y;V,"72,53,269,184",0.0,6EQE
T;R;S;W,L;K;Y;P,"72,53,269,185",0.0,6EQE
T;R;S;S,L;K;Y;H,"72,53,269,187",0.0,6EQE
T;R;S;S,L;K;Y;P,"72,53,269,188",0.0,6EQE
T;R;S;T,L;K;Y;Y,"72,53,269,189",0.0,6EQE
T;R;S;F,L;K;Y;M,"72,53,269,191",0.0,6EQE
T;T;N;S,L;M;K;N,"72,51,233,124",0.0,6EQE
T;T;N;G,L;M;K;Q,"72,51,233,243",0.0,6EQE
T;T;N;G,L;M;K;L,"72,51,233,243",0.0,6EQE
T;T;N;T,L;M;K;E,"72,51,233,270",0.0,6EQE
T;T;N;R,L;M;K;V,"72,51,233,34",0.0,6EQE
T;T;N;G,L;M;K;K,"72,51,233,243",0.0,6EQE
T;T;N;D,L;M;K;Q,"72,51,233,220",0.0,6EQE
T;T;N;S,L;M;K;K,"72,51,233,124",0.0,6EQE
T;T;N;F,L;M;K;E,"72,51,233,271",0.0,6EQE
T;T;N;G,L;M;K;Q,"72,51,233,164",0.0,6EQE
T;T;N;A,L;M;K;D,"72,51,233,130",0.0,6EQE
T;T;N;W,L;M;K;C,"72,51,233,257",0.0,6EQE
T;T;N;Q,L;M;K;N,"72,51,233,127",0.0,6EQE
T;T;N;Q,L;M;K;R,"72,51,233,127",0.0,6EQE
T;T;N;S,L;M;K;M,"72,51,233,238",0.0,6EQE
T;T;N;F,L;M;K;M,"72,51,233,271",0.0,6EQE
T;T;N;S,L;M;K;A,"72,51,233,124",0.0,6EQE
T;T;N;G,L;M;K;I,"72,51,233,243",0.0,6EQE
T;T;N;Q,L;M;K;I,"72,51,233,127",0.0,6EQE
T;T;N;A,L;M;K;V,"72,51,233,65",0.0,6EQE
T;T;N;Q,L;M;K;E,"72,51,233,133",0.0,6EQE
T;T;N;S,L;M;K;T,"72,51,233,124",0.0,6EQE
T;T;N;Q,L;M;K;K,"72,51,233,127",0.0,6EQE
T;T;N;Q,L;M;K;W,"72,51,233,133",0.0,6EQE
T;T;N;D,L;M;K;L,"72,51,233,220",0.0,6EQE
T;T;N;T,L;M;K;D,"72,51,233,88",0.0,6EQE
T;T;N;R,L;M;K;N,"72,51,233,132",0.0,6EQE
T;T;N;Q,L;M;K;D,"72,51,233,127",0.0,6EQE
T;T;N;A,L;M;K;Y,"72,51,233,215",0.0,6EQE
T;T;N;L,L;M;K;K,"72,51,233,249",0.0,6EQE
T;T;N;R,L;M;K;Y,"72,51,233,123",0.0,6EQE
T;T;N;F,L;M;K;W,"72,51,233,271",0.0,6EQE
T;T;N;S,L;M;K;D,"72,51,233,58",0.0,6EQE
T;T;N;N,L;M;K;I,"72,51,233,37",0.0,6EQE
T;T;N;C,L;M;K;D,"72,51,233,289",0.0,6EQE
T;T;N;A,L;M;K;P,"72,51,233,152",0.0,6EQE
T;T;N;D,L;M;K;V,"72,51,233,186",0.0,6EQE
T;T;N;G,L;M;K;P,"72,51,233,243",0.0,6EQE
T;T;N;S,L;M;K;E,"72,51,233,115",0.0,6EQE
T;T;N;L,L;M;K;Q,"72,51,233,216",0.0,6EQE
T;T;N;N,L;M;K;P,"72,51,233,277",0.0,6EQE
T;T;N;R,L;M;K;Q,"72,51,233,132",0.0,6EQE
T;T;N;N,L;M;K;Y,"72,51,233,244",0.0,6EQE
T;T;N;H,L;M;K;T,"72,51,233,104",0.0,6EQE
T;T;N;S,L;M;K;V,"72,51,233,58",0.0,6EQE
T;T;N;H,L;M;K;L,"72,51,233,104",0.0,6EQE
T;T;N;P,L;M;K;Q,"72,51,233,38",0.0,6EQE
T;T;N;R,L;M;K;L,"72,51,233,53",0.0,6EQE
T;T;N;A,L;M;K;T,"72,51,233,180",0.0,6EQE
T;T;N;P,L;M;K;D,"72,51,233,197",0.0,6EQE
T;T;N;T,L;M;K;V,"72,51,233,198",0.0,6EQE
T;T;N;A,L;M;K;M,"72,51,233,135",0.0,6EQE
T;T;N;I,L;M;K;L,"72,51,233,111",0.0,6EQE
T;T;N;G,L;M;K;S,"72,51,233,243",0.0,6EQE
T;T;N;Q,L;M;K;L,"72,51,233,127",0.0,6EQE
T;T;N;Q,L;M;K;H,"72,51,233,127",0.0,6EQE
T;T;N;W,L;M;K;I,"72,51,233,159",0.0,6EQE
T;T;N;Q,L;M;K;P,"72,51,233,127",0.0,6EQE
T;T;N;S,L;M;K;N,"72,51,233,103",0.0,6EQE
T;T;N;A,L;M;K;Y,"72,51,233,179",0.0,6EQE
T;T;N;W,L;M;K;K,"72,51,233,257",0.0,6EQE
T;T;N;L,L;M;K;M,"72,51,233,216",0.0,6EQE
T;T;N;Q,L;M;K;E,"72,51,233,127",0.0,6EQE
T;T;N;G,L;M;K;A,"72,51,233,243",0.0,6EQE
T;T;N;A,L;M;K;N,"72,51,233,226",0.0,6EQE
T;T;N;L,L;M;K;I,"72,51,233,216",0.0,6EQE
T;T;N;C,L;M;K;L,"72,51,233,289",0.0,6EQE
T;T;N;S,L;M;K;E,"72,51,233,207",0.0,6EQE
T;T;N;M,L;M;K;L,"72,51,233,154",0.0,6EQE
T;T;N;M,L;M;K;P,"72,51,233,222",0.0,6EQE
T;T;N;G,L;M;K;T,"72,51,233,251",0.0,6EQE
T;T;N;P,L;M;K;L,"72,51,233,38",0.0,6EQE
T;T;N;L,L;M;K;W,"72,51,233,216",0.0,6EQE
T;T;N;S,L;M;K;P,"72,51,233,245",0.0,6EQE
T;T;N;I,L;M;K;W,"72,51,233,111",0.0,6EQE
T;T;N;L,L;M;K;D,"72,51,233,249",0.0,6EQE
T;T;N;E,L;M;K;K,"72,51,233,231",0.0,6EQE
T;T;N;D,L;M;K;K,"72,51,233,263",0.0,6EQE
T;T;N;L,L;M;K;E,"72,51,233,216",0.0,6EQE
T;T;N;S,L;M;K;T,"72,51,233,121",0.0,6EQE
T;T;N;I,L;M;K;H,"72,51,233,145",0.0,6EQE
T;T;N;I,L;M;K;L,"72,51,233,145",0.0,6EQE
T;T;N;H,L;M;K;M,"72,51,233,104",0.0,6EQE
T;T;N;R,L;M;K;P,"72,51,233,280",0.0,6EQE
T;T;N;L,L;M;K;F,"72,51,233,216",0.0,6EQE
T;T;N;S,L;M;K;D,"72,51,233,103",0.0,6EQE
T;T;N;I,L;M;K;V,"72,51,233,200",0.0,6EQE
T;T;N;T,L;M;K;K,"72,51,233,88",0.0,6EQE
T;T;N;N,L;M;K;K,"72,51,233,138",0.0,6EQE
T;T;N;A,L;M;K;L,"72,51,233,65",0.0,6EQE
T;T;N;Q,L;M;K;T,"72,51,233,91",0.0,6EQE
T;T;N;G,L;M;K;D,"72,51,233,163",0.0,6EQE
T;T;N;A,L;M;K;M,"72,51,233,65",0.0,6EQE
T;T;N;K,L;M;K;L,"72,51,233,252",0.0,6EQE
T;T;N;V,L;M;K;D,"72,51,233,57",0.0,6EQE
T;T;N;Q,L;M;K;V,"72,51,233,127",0.0,6EQE
T;T;N;V,L;M;K;C,"72,51,233,281",0.0,6EQE
T;T;N;Q,L;M;K;N,"72,51,233,133",0.0,6EQE
T;T;N;R,L;M;K;K,"72,51,233,53",0.0,6EQE
T;T;N;S,L;M;K;P,"72,51,233,125",0.0,6EQE
T;T;N;T,L;M;K;Q,"72,51,233,88",0.0,6EQE
T;T;N;N,L;M;K;L,"72,51,233,138",0.0,6EQE
T;T;N;H,L;M;K;R,"72,51,233,104",0.0,6EQE
T;T;N;W,L;M;K;P,"72,51,233,159",0.0,6EQE
T;T;N;S,L;M;K;Y,"72,51,233,242",0.0,6EQE
T;T;N;A,L;M;K;F,"72,51,233,65",0.0,6EQE
T;T;N;G,L;M;K;H,"72,51,233,251",0.0,6EQE
T;T;N;L,L;M;K;P,"72,51,233,216",0.0,6EQE
T;T;N;S,L;M;K;W,"72,51,233,58",0.0,6EQE
T;T;N;A,L;M;K;E,"72,51,233,152",0.0,6EQE
T;T;N;T,L;M;K;N,"72,51,233,88",0.0,6EQE
T;T;N;T,L;M;K;N,"72,51,233,198",0.0,6EQE
T;T;N;S,L;M;K;K,"72,51,233,58",0.0,6EQE
T;T;N;L,L;M;K;C,"72,51,233,249",0.0,6EQE
T;T;N;N,L;M;K;T,"72,51,233,190",0.0,6EQE
T;T;N;S,L;M;K;V,"72,51,233,223",0.0,6EQE
T;T;N;A,L;M;K;W,"72,51,233,65",0.0,6EQE
T;T;N;K,L;M;K;Y,"72,51,233,253",0.0,6EQE
T;T;N;R,L;M;K;S,"72,51,233,90",0.0,6EQE
T;T;N;T,L;M;K;M,"72,51,233,29",0.0,6EQE
T;T;N;M,L;M;K;L,"72,51,233,262",0.0,6EQE
T;T;N;A,L;M;K;L,"72,51,233,272",0.0,6EQE
T;T;N;R,L;M;K;N,"72,51,233,90",0.0,6EQE
T;T;N;R,L;M;K;T,"72,51,233,90",0.0,6EQE
T;T;N;G,L;M;K;T,"72,51,233,254",0.0,6EQE
T;T;N;R,L;M;K;P,"72,51,233,90",0.0,6EQE
T;T;N;N,L;M;K;Y,"72,51,233,37",0.0,6EQE
T;T;N;Q,L;M;K;I,"72,51,233,182",0.0,6EQE
T;T;N;R,L;M;K;A,"72,51,233,90",0.0,6EQE
T;T;N;K,L;M;K;F,"72,51,233,253",0.0,6EQE
T;T;N;Y,L;M;K;S,"72,51,233,63",0.0,6EQE
T;T;N;Q,L;M;K;M,"72,51,233,127",0.0,6EQE
T;T;N;Q,L;M;K;L,"72,51,233,182",0.0,6EQE
T;T;N;K,L;M;K;A,"72,51,233,253",0.0,6EQE
T;T;N;K,L;M;K;V,"72,51,233,253",0.0,6EQE
T;T;N;Q,L;M;K;F,"72,51,233,182",0.0,6EQE
T;T;N;R,L;M;K;D,"72,51,233,90",0.0,6EQE
T;T;N;Q,L;M;K;A,"72,51,233,127",0.0,6EQE
T;T;N;Y,L;M;K;T,"72,51,233,63",0.0,6EQE
T;T;N;Q,L;M;K;V,"72,51,233,182",0.0,6EQE
T;T;N;K,L;M;K;L,"72,51,233,253",0.0,6EQE
T;T;N;C,L;M;K;S,"72,51,233,289",0.0,6EQE
T;T;N;Y,L;M;K;G,"72,51,233,63",0.0,6EQE
T;T;N;M,L;M;K;V,"72,51,233,154",0.0,6EQE
T;T;N;Q,L;M;K;T,"72,51,233,127",0.0,6EQE
T;T;N;A,L;M;K;D,"72,51,233,226",0.0,6EQE
T;T;N;C,L;M;K;A,"72,51,233,289",0.0,6EQE
T;T;N;R,L;M;K;Q,"72,51,233,224",0.0,6EQE
T;T;N;S,L;M;K;E,"72,51,233,136",0.0,6EQE
T;T;N;D,L;M;K;N,"72,51,233,186",0.0,6EQE
T;T;N;R,L;M;K;A,"72,51,233,280",0.0,6EQE
T;T;N;S,L;M;K;F,"72,51,233,238",0.0,6EQE
T;T;N;S,L;M;K;Q,"72,51,233,188",0.0,6EQE
T;T;N;S,L;M;K;H,"72,51,233,214",0.0,6EQE
T;T;N;L,L;M;K;F,"72,51,233,117",0.0,6EQE
T;T;N;Q,L;M;K;Y,"72,51,233,119",0.0,6EQE
T;T;N;G,L;M;K;A,"72,51,233,165",0.0,6EQE
T;T;N;S,L;M;K;E,"72,51,233,121",0.0,6EQE
T;T;N;I,L;M;K;R,"72,51,233,168",0.0,6EQE
T;T;N;N,L;M;K;H,"72,51,233,205",0.0,6EQE
T;T;N;S,L;M;K;Y,"72,51,233,269",0.0,6EQE
T;T;N;S,L;M;K;T,"72,51,233,214",0.0,6EQE
T;T;N;I,L;M;K;R,"72,51,233,218",0.0,6EQE
T;T;N;P,L;M;K;K,"72,51,233,120",0.0,6EQE
T;T;N;M,L;M;K;H,"72,51,233,161",0.0,6EQE
T;T;N;I,L;M;K;H,"72,51,233,168",0.0,6EQE
T;T;N;N,L;M;K;K,"72,51,233,114",0.0,6EQE
T;T;N;P,L;M;K;V,"72,51,233,184",0.0,6EQE
T;T;N;W,L;M;K;P,"72,51,233,185",0.0,6EQE
T;T;N;S,L;M;K;H,"72,51,233,187",0.0,6EQE
T;T;N;S,L;M;K;P,"72,51,233,188",0.0,6EQE
T;T;N;T,L;M;K;Y,"72,51,233,189",0.0,6EQE
T;T;N;F,L;M;K;M,"72,51,233,191",0.0,6EQE
S;G;N;S,W;A;K;N,"58,165,233,124",0.0,6EQE
S;G;N;G,W;A;K;Q,"58,165,233,243",0.0,6EQE
S;G;N;G,W;A;K;L,"58,165,233,243",0.0,6EQE
S;G;N;T,W;A;K;E,"58,165,233,270",0.0,6EQE
S;G;N;R,W;A;K;V,"58,165,233,34",0.0,6EQE
S;G;N;G,W;A;K;K,"58,165,233,243",0.0,6EQE
S;G;N;D,W;A;K;Q,"58,165,233,220",0.0,6EQE
S;G;N;S,W;A;K;K,"58,165,233,124",0.0,6EQE
S;G;N;F,W;A;K;E,"58,165,233,271",0.0,6EQE
S;G;N;G,W;A;K;Q,"58,165,233,164",0.0,6EQE
S;G;N;A,W;A;K;D,"58,165,233,130",0.0,6EQE
S;G;N;W,W;A;K;C,"58,165,233,257",0.0,6EQE
S;G;N;Q,W;A;K;N,"58,165,233,127",0.0,6EQE
S;G;N;Q,W;A;K;R,"58,165,233,127",0.0,6EQE
S;G;N;S,W;A;K;M,"58,165,233,238",0.0,6EQE
S;G;N;F,W;A;K;M,"58,165,233,271",0.0,6EQE
S;G;N;S,W;A;K;A,"58,165,233,124",0.0,6EQE
S;G;N;G,W;A;K;I,"58,165,233,243",0.0,6EQE
S;G;N;Q,W;A;K;I,"58,165,233,127",0.0,6EQE
S;G;N;A,W;A;K;V,"58,165,233,65",0.0,6EQE
S;G;N;Q,W;A;K;E,"58,165,233,133",0.0,6EQE
S;G;N;S,W;A;K;T,"58,165,233,124",0.0,6EQE
S;G;N;Q,W;A;K;K,"58,165,233,127",0.0,6EQE
S;G;N;Q,W;A;K;W,"58,165,233,133",0.0,6EQE
S;G;N;D,W;A;K;L,"58,165,233,220",0.0,6EQE
S;G;N;T,W;A;K;D,"58,165,233,88",0.0,6EQE
S;G;N;R,W;A;K;N,"58,165,233,132",0.0,6EQE
S;G;N;Q,W;A;K;D,"58,165,233,127",0.0,6EQE
S;G;N;A,W;A;K;Y,"58,165,233,215",0.0,6EQE
S;G;N;L,W;A;K;K,"58,165,233,249",0.0,6EQE
S;G;N;R,W;A;K;Y,"58,165,233,123",0.0,6EQE
S;G;N;F,W;A;K;W,"58,165,233,271",0.0,6EQE
S;G;N;N,W;A;K;I,"58,165,233,37",0.0,6EQE
S;G;N;C,W;A;K;D,"58,165,233,289",0.0,6EQE
S;G;N;A,W;A;K;P,"58,165,233,152",0.0,6EQE
S;G;N;D,W;A;K;V,"58,165,233,186",0.0,6EQE
S;G;N;G,W;A;K;P,"58,165,233,243",0.0,6EQE
S;G;N;S,W;A;K;E,"58,165,233,115",0.0,6EQE
S;G;N;L,W;A;K;Q,"58,165,233,216",0.0,6EQE
S;G;N;N,W;A;K;P,"58,165,233,277",0.0,6EQE
S;G;N;R,W;A;K;Q,"58,165,233,132",0.0,6EQE
S;G;N;N,W;A;K;Y,"58,165,233,244",0.0,6EQE
S;G;N;H,W;A;K;T,"58,165,233,104",0.0,6EQE
S;G;N;H,W;A;K;L,"58,165,233,104",0.0,6EQE
S;G;N;P,W;A;K;Q,"58,165,233,38",0.0,6EQE
S;G;N;R,W;A;K;L,"58,165,233,53",0.0,6EQE
S;G;N;A,W;A;K;T,"58,165,233,180",0.0,6EQE
S;G;N;P,W;A;K;D,"58,165,233,197",0.0,6EQE
S;G;N;T,W;A;K;V,"58,165,233,198",0.0,6EQE
S;G;N;A,W;A;K;M,"58,165,233,135",0.0,6EQE
S;G;N;I,W;A;K;L,"58,165,233,111",0.0,6EQE
S;G;N;G,W;A;K;S,"58,165,233,243",0.0,6EQE
S;G;N;Q,W;A;K;L,"58,165,233,127",0.0,6EQE
S;G;N;Q,W;A;K;H,"58,165,233,127",0.0,6EQE
S;G;N;W,W;A;K;I,"58,165,233,159",0.0,6EQE
S;G;N;Q,W;A;K;P,"58,165,233,127",0.0,6EQE
S;G;N;S,W;A;K;N,"58,165,233,103",0.0,6EQE
S;G;N;A,W;A;K;Y,"58,165,233,179",0.0,6EQE
S;G;N;W,W;A;K;K,"58,165,233,257",0.0,6EQE
S;G;N;L,W;A;K;M,"58,165,233,216",0.0,6EQE
S;G;N;Q,W;A;K;E,"58,165,233,127",0.0,6EQE
S;G;N;G,W;A;K;A,"58,165,233,243",0.0,6EQE
S;G;N;A,W;A;K;N,"58,165,233,226",0.0,6EQE
S;G;N;L,W;A;K;I,"58,165,233,216",0.0,6EQE
S;G;N;C,W;A;K;L,"58,165,233,289",0.0,6EQE
S;G;N;S,W;A;K;E,"58,165,233,207",0.0,6EQE
S;G;N;M,W;A;K;L,"58,165,233,154",0.0,6EQE
S;G;N;M,W;A;K;P,"58,165,233,222",0.0,6EQE
S;G;N;G,W;A;K;T,"58,165,233,251",0.0,6EQE
S;G;N;P,W;A;K;L,"58,165,233,38",0.0,6EQE
S;G;N;L,W;A;K;W,"58,165,233,216",0.0,6EQE
S;G;N;T,W;A;K;L,"58,165,233,72",0.0,6EQE
S;G;N;S,W;A;K;P,"58,165,233,245",0.0,6EQE
S;G;N;I,W;A;K;W,"58,165,233,111",0.0,6EQE
S;G;N;L,W;A;K;D,"58,165,233,249",0.0,6EQE
S;G;N;E,W;A;K;K,"58,165,233,231",0.0,6EQE
S;G;N;D,W;A;K;K,"58,165,233,263",0.0,6EQE
S;G;N;T,W;A;K;M,"58,165,233,51",0.0,6EQE
S;G;N;L,W;A;K;E,"58,165,233,216",0.0,6EQE
S;G;N;S,W;A;K;T,"58,165,233,121",0.0,6EQE
S;G;N;I,W;A;K;H,"58,165,233,145",0.0,6EQE
S;G;N;I,W;A;K;L,"58,165,233,145",0.0,6EQE
S;G;N;H,W;A;K;M,"58,165,233,104",0.0,6EQE
S;G;N;R,W;A;K;P,"58,165,233,280",0.0,6EQE
S;G;N;L,W;A;K;F,"58,165,233,216",0.0,6EQE
S;G;N;S,W;A;K;D,"58,165,233,103",0.0,6EQE
S;G;N;I,W;A;K;V,"58,165,233,200",0.0,6EQE
S;G;N;T,W;A;K;K,"58,165,233,88",0.0,6EQE
S;G;N;N,W;A;K;K,"58,165,233,138",0.0,6EQE
S;G;N;A,W;A;K;L,"58,165,233,65",0.0,6EQE
S;G;N;Q,W;A;K;T,"58,165,233,91",0.0,6EQE
S;G;N;G,W;A;K;D,"58,165,233,163",0.0,6EQE
S;G;N;A,W;A;K;M,"58,165,233,65",0.0,6EQE
S;G;N;K,W;A;K;L,"58,165,233,252",0.0,6EQE
S;G;N;V,W;A;K;D,"58,165,233,57",0.0,6EQE
S;G;N;Q,W;A;K;V,"58,165,233,127",0.0,6EQE
S;G;N;V,W;A;K;C,"58,165,233,281",0.0,6EQE
S;G;N;T,W;A;K;V,"58,165,233,72",0.0,6EQE
S;G;N;Q,W;A;K;N,"58,165,233,133",0.0,6EQE
S;G;N;R,W;A;K;K,"58,165,233,53",0.0,6EQE
S;G;N;S,W;A;K;P,"58,165,233,125",0.0,6EQE
S;G;N;T,W;A;K;Q,"58,165,233,88",0.0,6EQE
S;G;N;N,W;A;K;L,"58,165,233,138",0.0,6EQE
S;G;N;H,W;A;K;R,"58,165,233,104",0.0,6EQE
S;G;N;W,W;A;K;P,"58,165,233,159",0.0,6EQE
S;G;N;S,W;A;K;Y,"58,165,233,242",0.0,6EQE
S;G;N;A,W;A;K;F,"58,165,233,65",0.0,6EQE
S;G;N;G,W;A;K;H,"58,165,233,251",0.0,6EQE
S;G;N;L,W;A;K;P,"58,165,233,216",0.0,6EQE
S;G;N;A,W;A;K;E,"58,165,233,152",0.0,6EQE
S;G;N;T,W;A;K;N,"58,165,233,88",0.0,6EQE
S;G;N;T,W;A;K;N,"58,165,233,198",0.0,6EQE
S;G;N;L,W;A;K;C,"58,165,233,249",0.0,6EQE
S;G;N;N,W;A;K;T,"58,165,233,190",0.0,6EQE
S;G;N;S,W;A;K;V,"58,165,233,223",0.0,6EQE
S;G;N;A,W;A;K;W,"58,165,233,65",0.0,6EQE
S;G;N;K,W;A;K;Y,"58,165,233,253",0.0,6EQE
S;G;N;R,W;A;K;S,"58,165,233,90",0.0,6EQE
S;G;N;T,W;A;K;M,"58,165,233,29",0.0,6EQE
S;G;N;M,W;A;K;L,"58,165,233,262",0.0,6EQE
S;G;N;A,W;A;K;L,"58,165,233,272",0.0,6EQE
S;G;N;R,W;A;K;N,"58,165,233,90",0.0,6EQE
S;G;N;R,W;A;K;T,"58,165,233,90",0.0,6EQE
S;G;N;G,W;A;K;T,"58,165,233,254",0.0,6EQE
S;G;N;R,W;A;K;P,"58,165,233,90",0.0,6EQE
S;G;N;N,W;A;K;Y,"58,165,233,37",0.0,6EQE
S;G;N;Q,W;A;K;I,"58,165,233,182",0.0,6EQE
S;G;N;R,W;A;K;A,"58,165,233,90",0.0,6EQE
S;G;N;K,W;A;K;F,"58,165,233,253",0.0,6EQE
S;G;N;Y,W;A;K;S,"58,165,233,63",0.0,6EQE
S;G;N;Q,W;A;K;M,"58,165,233,127",0.0,6EQE
S;G;N;Q,W;A;K;L,"58,165,233,182",0.0,6EQE
S;G;N;K,W;A;K;A,"58,165,233,253",0.0,6EQE
S;G;N;K,W;A;K;V,"58,165,233,253",0.0,6EQE
S;G;N;Q,W;A;K;F,"58,165,233,182",0.0,6EQE
S;G;N;R,W;A;K;D,"58,165,233,90",0.0,6EQE
S;G;N;Q,W;A;K;A,"58,165,233,127",0.0,6EQE
S;G;N;Y,W;A;K;T,"58,165,233,63",0.0,6EQE
S;G;N;Q,W;A;K;V,"58,165,233,182",0.0,6EQE
S;G;N;K,W;A;K;L,"58,165,233,253",0.0,6EQE
S;G;N;C,W;A;K;S,"58,165,233,289",0.0,6EQE
S;G;N;Y,W;A;K;G,"58,165,233,63",0.0,6EQE
S;G;N;M,W;A;K;V,"58,165,233,154",0.0,6EQE
S;G;N;Q,W;A;K;T,"58,165,233,127",0.0,6EQE
S;G;N;A,W;A;K;D,"58,165,233,226",0.0,6EQE
S;G;N;C,W;A;K;A,"58,165,233,289",0.0,6EQE
S;G;N;R,W;A;K;Q,"58,165,233,224",0.0,6EQE
S;G;N;S,W;A;K;E,"58,165,233,136",0.0,6EQE
S;G;N;D,W;A;K;N,"58,165,233,186",0.0,6EQE
S;G;N;R,W;A;K;A,"58,165,233,280",0.0,6EQE
S;G;N;S,W;A;K;F,"58,165,233,238",0.0,6EQE
S;G;N;S,W;A;K;Q,"58,165,233,188",0.0,6EQE
S;G;N;S,W;A;K;H,"58,165,233,214",0.0,6EQE
S;G;N;L,W;A;K;F,"58,165,233,117",0.0,6EQE
S;G;N;Q,W;A;K;Y,"58,165,233,119",0.0,6EQE
S;G;N;S,W;A;K;E,"58,165,233,121",0.0,6EQE
S;G;N;I,W;A;K;R,"58,165,233,168",0.0,6EQE
S;G;N;N,W;A;K;H,"58,165,233,205",0.0,6EQE
S;G;N;S,W;A;K;Y,"58,165,233,269",0.0,6EQE
S;G;N;S,W;A;K;T,"58,165,233,214",0.0,6EQE
S;G;N;I,W;A;K;R,"58,165,233,218",0.0,6EQE
S;G;N;P,W;A;K;K,"58,165,233,120",0.0,6EQE
S;G;N;M,W;A;K;H,"58,165,233,161",0.0,6EQE
S;G;N;I,W;A;K;H,"58,165,233,168",0.0,6EQE
S;G;N;N,W;A;K;K,"58,165,233,114",0.0,6EQE
S;G;N;P,W;A;K;V,"58,165,233,184",0.0,6EQE
S;G;N;W,W;A;K;P,"58,165,233,185",0.0,6EQE
S;G;N;S,W;A;K;H,"58,165,233,187",0.0,6EQE
S;G;N;S,W;A;K;P,"58,165,233,188",0.0,6EQE
S;G;N;T,W;A;K;Y,"58,165,233,189",0.0,6EQE
S;G;N;F,W;A;K;M,"58,165,233,191",0.0,6EQE
S;T;R;G,A;V;A;Q,"124,198,280,243",0.0,6EQE
S;T;R;G,A;V;A;L,"124,198,280,243",0.0,6EQE
S;T;R;T,A;V;A;E,"124,198,280,270",0.0,6EQE
S;T;R;R,A;V;A;V,"124,198,280,34",0.0,6EQE
S;T;R;G,A;V;A;K,"124,198,280,243",0.0,6EQE
S;T;R;D,A;V;A;Q,"124,198,280,220",0.0,6EQE
S;T;R;F,A;V;A;E,"124,198,280,271",0.0,6EQE
S;T;R;G,A;V;A;Q,"124,198,280,164",0.0,6EQE
S;T;R;A,A;V;A;D,"124,198,280,130",0.0,6EQE
S;T;R;W,A;V;A;C,"124,198,280,257",0.0,6EQE
S;T;R;Q,A;V;A;N,"124,198,280,127",0.0,6EQE
S;T;R;Q,A;V;A;R,"124,198,280,127",0.0,6EQE
S;T;R;S,A;V;A;M,"124,198,280,238",0.0,6EQE
S;T;R;F,A;V;A;M,"124,198,280,271",0.0,6EQE
S;T;R;G,A;V;A;I,"124,198,280,243",0.0,6EQE
S;T;R;Q,A;V;A;I,"124,198,280,127",0.0,6EQE
S;T;R;A,A;V;A;V,"124,198,280,65",0.0,6EQE
S;T;R;Q,A;V;A;E,"124,198,280,133",0.0,6EQE
S;T;R;Q,A;V;A;K,"124,198,280,127",0.0,6EQE
S;T;R;Q,A;V;A;W,"124,198,280,133",0.0,6EQE
S;T;R;D,A;V;A;L,"124,198,280,220",0.0,6EQE
S;T;R;T,A;V;A;D,"124,198,280,88",0.0,6EQE
S;T;R;R,A;V;A;N,"124,198,280,132",0.0,6EQE
S;T;R;Q,A;V;A;D,"124,198,280,127",0.0,6EQE
S;T;R;A,A;V;A;Y,"124,198,280,215",0.0,6EQE
S;T;R;L,A;V;A;K,"124,198,280,249",0.0,6EQE
S;T;R;R,A;V;A;Y,"124,198,280,123",0.0,6EQE
S;T;R;F,A;V;A;W,"124,198,280,271",0.0,6EQE
S;T;R;S,A;V;A;D,"124,198,280,58",0.0,6EQE
S;T;R;N,A;V;A;I,"124,198,280,37",0.0,6EQE
S;T;R;C,A;V;A;D,"124,198,280,289",0.0,6EQE
S;T;R;A,A;V;A;P,"124,198,280,152",0.0,6EQE
S;T;R;D,A;V;A;V,"124,198,280,186",0.0,6EQE
S;T;R;G,A;V;A;P,"124,198,280,243",0.0,6EQE
S;T;R;S,A;V;A;E,"124,198,280,115",0.0,6EQE
S;T;R;L,A;V;A;Q,"124,198,280,216",0.0,6EQE
S;T;R;N,A;V;A;P,"124,198,280,277",0.0,6EQE
S;T;R;R,A;V;A;Q,"124,198,280,132",0.0,6EQE
S;T;R;N,A;V;A;Y,"124,198,280,244",0.0,6EQE
S;T;R;H,A;V;A;T,"124,198,280,104",0.0,6EQE
S;T;R;S,A;V;A;V,"124,198,280,58",0.0,6EQE
S;T;R;H,A;V;A;L,"124,198,280,104",0.0,6EQE
S;T;R;P,A;V;A;Q,"124,198,280,38",0.0,6EQE
S;T;R;R,A;V;A;L,"124,198,280,53",0.0,6EQE
S;T;R;A,A;V;A;T,"124,198,280,180",0.0,6EQE
S;T;R;P,A;V;A;D,"124,198,280,197",0.0,6EQE
S;T;R;A,A;V;A;M,"124,198,280,135",0.0,6EQE
S;T;R;I,A;V;A;L,"124,198,280,111",0.0,6EQE
S;T;R;G,A;V;A;S,"124,198,280,243",0.0,6EQE
S;T;R;Q,A;V;A;L,"124,198,280,127",0.0,6EQE
S;T;R;Q,A;V;A;H,"124,198,280,127",0.0,6EQE
S;T;R;W,A;V;A;I,"124,198,280,159",0.0,6EQE
S;T;R;Q,A;V;A;P,"124,198,280,127",0.0,6EQE
S;T;R;S,A;V;A;N,"124,198,280,103",0.0,6EQE
S;T;R;A,A;V;A;Y,"124,198,280,179",0.0,6EQE
S;T;R;W,A;V;A;K,"124,198,280,257",0.0,6EQE
S;T;R;L,A;V;A;M,"124,198,280,216",0.0,6EQE
S;T;R;Q,A;V;A;E,"124,198,280,127",0.0,6EQE
S;T;R;G,A;V;A;A,"124,198,280,243",0.0,6EQE
S;T;R;A,A;V;A;N,"124,198,280,226",0.0,6EQE
S;T;R;L,A;V;A;I,"124,198,280,216",0.0,6EQE
S;T;R;C,A;V;A;L,"124,198,280,289",0.0,6EQE
S;T;R;S,A;V;A;E,"124,198,280,207",0.0,6EQE
S;T;R;M,A;V;A;L,"124,198,280,154",0.0,6EQE
S;T;R;M,A;V;A;P,"124,198,280,222",0.0,6EQE
S;T;R;G,A;V;A;T,"124,198,280,251",0.0,6EQE
S;T;R;P,A;V;A;L,"124,198,280,38",0.0,6EQE
S;T;R;L,A;V;A;W,"124,198,280,216",0.0,6EQE
S;T;R;T,A;V;A;L,"124,198,280,72",0.0,6EQE
S;T;R;S,A;V;A;P,"124,198,280,245",0.0,6EQE
S;T;R;I,A;V;A;W,"124,198,280,111",0.0,6EQE
S;T;R;L,A;V;A;D,"124,198,280,249",0.0,6EQE
S;T;R;E,A;V;A;K,"124,198,280,231",0.0,6EQE
S;T;R;D,A;V;A;K,"124,198,280,263",0.0,6EQE
S;T;R;T,A;V;A;M,"124,198,280,51",0.0,6EQE
S;T;R;L,A;V;A;E,"124,198,280,216",0.0,6EQE
S;T;R;S,A;V;A;T,"124,198,280,121",0.0,6EQE
S;T;R;I,A;V;A;H,"124,198,280,145",0.0,6EQE
S;T;R;I,A;V;A;L,"124,198,280,145",0.0,6EQE
S;T;R;H,A;V;A;M,"124,198,280,104",0.0,6EQE
S;T;R;L,A;V;A;F,"124,198,280,216",0.0,6EQE
S;T;R;S,A;V;A;D,"124,198,280,103",0.0,6EQE
S;T;R;I,A;V;A;V,"124,198,280,200",0.0,6EQE
S;T;R;T,A;V;A;K,"124,198,280,88",0.0,6EQE
S;T;R;N,A;V;A;K,"124,198,280,138",0.0,6EQE
S;T;R;A,A;V;A;L,"124,198,280,65",0.0,6EQE
S;T;R;Q,A;V;A;T,"124,198,280,91",0.0,6EQE
S;T;R;G,A;V;A;D,"124,198,280,163",0.0,6EQE
S;T;R;A,A;V;A;M,"124,198,280,65",0.0,6EQE
S;T;R;K,A;V;A;L,"124,198,280,252",0.0,6EQE
S;T;R;V,A;V;A;D,"124,198,280,57",0.0,6EQE
S;T;R;Q,A;V;A;V,"124,198,280,127",0.0,6EQE
S;T;R;V,A;V;A;C,"124,198,280,281",0.0,6EQE
S;T;R;T,A;V;A;V,"124,198,280,72",0.0,6EQE
S;T;R;Q,A;V;A;N,"124,198,280,133",0.0,6EQE
S;T;R;R,A;V;A;K,"124,198,280,53",0.0,6EQE
S;T;R;S,A;V;A;P,"124,198,280,125",0.0,6EQE
S;T;R;T,A;V;A;Q,"124,198,280,88",0.0,6EQE
S;T;R;N,A;V;A;L,"124,198,280,138",0.0,6EQE
S;T;R;H,A;V;A;R,"124,198,280,104",0.0,6EQE
S;T;R;W,A;V;A;P,"124,198,280,159",0.0,6EQE
S;T;R;S,A;V;A;Y,"124,198,280,242",0.0,6EQE
S;T;R;A,A;V;A;F,"124,198,280,65",0.0,6EQE
S;T;R;G,A;V;A;H,"124,198,280,251",0.0,6EQE
S;T;R;L,A;V;A;P,"124,198,280,216",0.0,6EQE
S;T;R;S,A;V;A;W,"124,198,280,58",0.0,6EQE
S;T;R;A,A;V;A;E,"124,198,280,152",0.0,6EQE
S;T;R;T,A;V;A;N,"124,198,280,88",0.0,6EQE
S;T;R;S,A;V;A;K,"124,198,280,58",0.0,6EQE
S;T;R;L,A;V;A;C,"124,198,280,249",0.0,6EQE
S;T;R;N,A;V;A;T,"124,198,280,190",0.0,6EQE
S;T;R;S,A;V;A;V,"124,198,280,223",0.0,6EQE
S;T;R;A,A;V;A;W,"124,198,280,65",0.0,6EQE
S;T;R;K,A;V;A;Y,"124,198,280,253",0.0,6EQE
S;T;R;R,A;V;A;S,"124,198,280,90",0.0,6EQE
S;T;R;T,A;V;A;M,"124,198,280,29",0.0,6EQE
S;T;R;M,A;V;A;L,"124,198,280,262",0.0,6EQE
S;T;R;A,A;V;A;L,"124,198,280,272",0.0,6EQE
S;T;R;R,A;V;A;N,"124,198,280,90",0.0,6EQE
S;T;R;R,A;V;A;T,"124,198,280,90",0.0,6EQE
S;T;R;G,A;V;A;T,"124,198,280,254",0.0,6EQE
S;T;R;R,A;V;A;P,"124,198,280,90",0.0,6EQE
S;T;R;N,A;V;A;Y,"124,198,280,37",0.0,6EQE
S;T;R;Q,A;V;A;I,"124,198,280,182",0.0,6EQE
S;T;R;R,A;V;A;A,"124,198,280,90",0.0,6EQE
S;T;R;K,A;V;A;F,"124,198,280,253",0.0,6EQE
S;T;R;Y,A;V;A;S,"124,198,280,63",0.0,6EQE
S;T;R;Q,A;V;A;M,"124,198,280,127",0.0,6EQE
S;T;R;Q,A;V;A;L,"124,198,280,182",0.0,6EQE
S;T;R;K,A;V;A;A,"124,198,280,253",0.0,6EQE
S;T;R;K,A;V;A;V,"124,198,280,253",0.0,6EQE
S;T;R;Q,A;V;A;F,"124,198,280,182",0.0,6EQE
S;T;R;R,A;V;A;D,"124,198,280,90",0.0,6EQE
S;T;R;Q,A;V;A;A,"124,198,280,127",0.0,6EQE
S;T;R;Y,A;V;A;T,"124,198,280,63",0.0,6EQE
S;T;R;Q,A;V;A;V,"124,198,280,182",0.0,6EQE
S;T;R;K,A;V;A;L,"124,198,280,253",0.0,6EQE
S;T;R;C,A;V;A;S,"124,198,280,289",0.0,6EQE
S;T;R;Y,A;V;A;G,"124,198,280,63",0.0,6EQE
S;T;R;M,A;V;A;V,"124,198,280,154",0.0,6EQE
S;T;R;Q,A;V;A;T,"124,198,280,127",0.0,6EQE
S;T;R;A,A;V;A;D,"124,198,280,226",0.0,6EQE
S;T;R;C,A;V;A;A,"124,198,280,289",0.0,6EQE
S;T;R;R,A;V;A;Q,"124,198,280,224",0.0,6EQE
S;T;R;N,A;V;A;K,"124,198,280,233",0.0,6EQE
S;T;R;S,A;V;A;E,"124,198,280,136",0.0,6EQE
S;T;R;D,A;V;A;N,"124,198,280,186",0.0,6EQE
S;T;R;S,A;V;A;F,"124,198,280,238",0.0,6EQE
S;T;R;S,A;V;A;Q,"124,198,280,188",0.0,6EQE
S;T;R;S,A;V;A;H,"124,198,280,214",0.0,6EQE
S;T;R;L,A;V;A;F,"124,198,280,117",0.0,6EQE
S;T;R;Q,A;V;A;Y,"124,198,280,119",0.0,6EQE
S;T;R;G,A;V;A;A,"124,198,280,165",0.0,6EQE
S;T;R;S,A;V;A;E,"124,198,280,121",0.0,6EQE
S;T;R;I,A;V;A;R,"124,198,280,168",0.0,6EQE
S;T;R;N,A;V;A;H,"124,198,280,205",0.0,6EQE
S;T;R;S,A;V;A;Y,"124,198,280,269",0.0,6EQE
S;T;R;S,A;V;A;T,"124,198,280,214",0.0,6EQE
S;T;R;I,A;V;A;R,"124,198,280,218",0.0,6EQE
S;T;R;P,A;V;A;K,"124,198,280,120",0.0,6EQE
S;T;R;M,A;V;A;H,"124,198,280,161",0.0,6EQE
S;T;R;I,A;V;A;H,"124,198,280,168",0.0,6EQE
S;T;R;N,A;V;A;K,"124,198,280,114",0.0,6EQE
S;T;R;P,A;V;A;V,"124,198,280,184",0.0,6EQE
S;T;R;W,A;V;A;P,"124,198,280,185",0.0,6EQE
S;T;R;S,A;V;A;H,"124,198,280,187",0.0,6EQE
S;T;R;S,A;V;A;P,"124,198,280,188",0.0,6EQE
S;T;R;T,A;V;A;Y,"124,198,280,189",0.0,6EQE
S;T;R;F,A;V;A;M,"124,198,280,191",0.0,6EQE
D;L;N;S,L;F;K;N,"220,117,233,124",0.0,6EQE
D;L;N;G,L;F;K;Q,"220,117,233,243",0.0,6EQE
D;L;N;G,L;F;K;L,"220,117,233,243",0.0,6EQE
D;L;N;T,L;F;K;E,"220,117,233,270",0.0,6EQE
D;L;N;R,L;F;K;V,"220,117,233,34",0.0,6EQE
D;L;N;G,L;F;K;K,"220,117,233,243",0.0,6EQE
D;L;N;S,L;F;K;K,"220,117,233,124",0.0,6EQE
D;L;N;F,L;F;K;E,"220,117,233,271",0.0,6EQE
D;L;N;G,L;F;K;Q,"220,117,233,164",0.0,6EQE
D;L;N;A,L;F;K;D,"220,117,233,130",0.0,6EQE
D;L;N;W,L;F;K;C,"220,117,233,257",0.0,6EQE
D;L;N;Q,L;F;K;N,"220,117,233,127",0.0,6EQE
D;L;N;Q,L;F;K;R,"220,117,233,127",0.0,6EQE
D;L;N;S,L;F;K;M,"220,117,233,238",0.0,6EQE
D;L;N;F,L;F;K;M,"220,117,233,271",0.0,6EQE
D;L;N;S,L;F;K;A,"220,117,233,124",0.0,6EQE
D;L;N;G,L;F;K;I,"220,117,233,243",0.0,6EQE
D;L;N;Q,L;F;K;I,"220,117,233,127",0.0,6EQE
D;L;N;A,L;F;K;V,"220,117,233,65",0.0,6EQE
D;L;N;Q,L;F;K;E,"220,117,233,133",0.0,6EQE
D;L;N;S,L;F;K;T,"220,117,233,124",0.0,6EQE
D;L;N;Q,L;F;K;K,"220,117,233,127",0.0,6EQE
D;L;N;Q,L;F;K;W,"220,117,233,133",0.0,6EQE
D;L;N;T,L;F;K;D,"220,117,233,88",0.0,6EQE
D;L;N;R,L;F;K;N,"220,117,233,132",0.0,6EQE
D;L;N;Q,L;F;K;D,"220,117,233,127",0.0,6EQE
D;L;N;A,L;F;K;Y,"220,117,233,215",0.0,6EQE
D;L;N;L,L;F;K;K,"220,117,233,249",0.0,6EQE
D;L;N;R,L;F;K;Y,"220,117,233,123",0.0,6EQE
D;L;N;F,L;F;K;W,"220,117,233,271",0.0,6EQE
D;L;N;S,L;F;K;D,"220,117,233,58",0.0,6EQE
D;L;N;N,L;F;K;I,"220,117,233,37",0.0,6EQE
D;L;N;C,L;F;K;D,"220,117,233,289",0.0,6EQE
D;L;N;A,L;F;K;P,"220,117,233,152",0.0,6EQE
D;L;N;D,L;F;K;V,"220,117,233,186",0.0,6EQE
D;L;N;G,L;F;K;P,"220,117,233,243",0.0,6EQE
D;L;N;S,L;F;K;E,"220,117,233,115",0.0,6EQE
D;L;N;L,L;F;K;Q,"220,117,233,216",0.0,6EQE
D;L;N;N,L;F;K;P,"220,117,233,277",0.0,6EQE
D;L;N;R,L;F;K;Q,"220,117,233,132",0.0,6EQE
D;L;N;N,L;F;K;Y,"220,117,233,244",0.0,6EQE
D;L;N;H,L;F;K;T,"220,117,233,104",0.0,6EQE
D;L;N;S,L;F;K;V,"220,117,233,58",0.0,6EQE
D;L;N;H,L;F;K;L,"220,117,233,104",0.0,6EQE
D;L;N;P,L;F;K;Q,"220,117,233,38",0.0,6EQE
D;L;N;R,L;F;K;L,"220,117,233,53",0.0,6EQE
D;L;N;A,L;F;K;T,"220,117,233,180",0.0,6EQE
D;L;N;P,L;F;K;D,"220,117,233,197",0.0,6EQE
D;L;N;T,L;F;K;V,"220,117,233,198",0.0,6EQE
D;L;N;A,L;F;K;M,"220,117,233,135",0.0,6EQE
D;L;N;I,L;F;K;L,"220,117,233,111",0.0,6EQE
D;L;N;G,L;F;K;S,"220,117,233,243",0.0,6EQE
D;L;N;Q,L;F;K;L,"220,117,233,127",0.0,6EQE
D;L;N;Q,L;F;K;H,"220,117,233,127",0.0,6EQE
D;L;N;W,L;F;K;I,"220,117,233,159",0.0,6EQE
D;L;N;Q,L;F;K;P,"220,117,233,127",0.0,6EQE
D;L;N;S,L;F;K;N,"220,117,233,103",0.0,6EQE
D;L;N;A,L;F;K;Y,"220,117,233,179",0.0,6EQE
D;L;N;W,L;F;K;K,"220,117,233,257",0.0,6EQE
D;L;N;L,L;F;K;M,"220,117,233,216",0.0,6EQE
D;L;N;Q,L;F;K;E,"220,117,233,127",0.0,6EQE
D;L;N;G,L;F;K;A,"220,117,233,243",0.0,6EQE
D;L;N;A,L;F;K;N,"220,117,233,226",0.0,6EQE
D;L;N;L,L;F;K;I,"220,117,233,216",0.0,6EQE
D;L;N;C,L;F;K;L,"220,117,233,289",0.0,6EQE
D;L;N;S,L;F;K;E,"220,117,233,207",0.0,6EQE
D;L;N;M,L;F;K;L,"220,117,233,154",0.0,6EQE
D;L;N;M,L;F;K;P,"220,117,233,222",0.0,6EQE
D;L;N;G,L;F;K;T,"220,117,233,251",0.0,6EQE
D;L;N;P,L;F;K;L,"220,117,233,38",0.0,6EQE
D;L;N;L,L;F;K;W,"220,117,233,216",0.0,6EQE
D;L;N;T,L;F;K;L,"220,117,233,72",0.0,6EQE
D;L;N;S,L;F;K;P,"220,117,233,245",0.0,6EQE
D;L;N;I,L;F;K;W,"220,117,233,111",0.0,6EQE
D;L;N;L,L;F;K;D,"220,117,233,249",0.0,6EQE
D;L;N;E,L;F;K;K,"220,117,233,231",0.0,6EQE
D;L;N;D,L;F;K;K,"220,117,233,263",0.0,6EQE
D;L;N;T,L;F;K;M,"220,117,233,51",0.0,6EQE
D;L;N;L,L;F;K;E,"220,117,233,216",0.0,6EQE
D;L;N;S,L;F;K;T,"220,117,233,121",0.0,6EQE
D;L;N;I,L;F;K;H,"220,117,233,145",0.0,6EQE
D;L;N;I,L;F;K;L,"220,117,233,145",0.0,6EQE
D;L;N;H,L;F;K;M,"220,117,233,104",0.0,6EQE
D;L;N;R,L;F;K;P,"220,117,233,280",0.0,6EQE
D;L;N;L,L;F;K;F,"220,117,233,216",0.0,6EQE
D;L;N;S,L;F;K;D,"220,117,233,103",0.0,6EQE
D;L;N;I,L;F;K;V,"220,117,233,200",0.0,6EQE
D;L;N;T,L;F;K;K,"220,117,233,88",0.0,6EQE
D;L;N;N,L;F;K;K,"220,117,233,138",0.0,6EQE
D;L;N;A,L;F;K;L,"220,117,233,65",0.0,6EQE
D;L;N;Q,L;F;K;T,"220,117,233,91",0.0,6EQE
D;L;N;G,L;F;K;D,"220,117,233,163",0.0,6EQE
D;L;N;A,L;F;K;M,"220,117,233,65",0.0,6EQE
D;L;N;K,L;F;K;L,"220,117,233,252",0.0,6EQE
D;L;N;V,L;F;K;D,"220,117,233,57",0.0,6EQE
D;L;N;Q,L;F;K;V,"220,117,233,127",0.0,6EQE
D;L;N;V,L;F;K;C,"220,117,233,281",0.0,6EQE
D;L;N;T,L;F;K;V,"220,117,233,72",0.0,6EQE
D;L;N;Q,L;F;K;N,"220,117,233,133",0.0,6EQE
D;L;N;R,L;F;K;K,"220,117,233,53",0.0,6EQE
D;L;N;S,L;F;K;P,"220,117,233,125",0.0,6EQE
D;L;N;T,L;F;K;Q,"220,117,233,88",0.0,6EQE
D;L;N;N,L;F;K;L,"220,117,233,138",0.0,6EQE
D;L;N;H,L;F;K;R,"220,117,233,104",0.0,6EQE
D;L;N;W,L;F;K;P,"220,117,233,159",0.0,6EQE
D;L;N;S,L;F;K;Y,"220,117,233,242",0.0,6EQE
D;L;N;A,L;F;K;F,"220,117,233,65",0.0,6EQE
D;L;N;G,L;F;K;H,"220,117,233,251",0.0,6EQE
D;L;N;L,L;F;K;P,"220,117,233,216",0.0,6EQE
D;L;N;S,L;F;K;W,"220,117,233,58",0.0,6EQE
D;L;N;A,L;F;K;E,"220,117,233,152",0.0,6EQE
D;L;N;T,L;F;K;N,"220,117,233,88",0.0,6EQE
D;L;N;T,L;F;K;N,"220,117,233,198",0.0,6EQE
D;L;N;S,L;F;K;K,"220,117,233,58",0.0,6EQE
D;L;N;L,L;F;K;C,"220,117,233,249",0.0,6EQE
D;L;N;N,L;F;K;T,"220,117,233,190",0.0,6EQE
D;L;N;S,L;F;K;V,"220,117,233,223",0.0,6EQE
D;L;N;A,L;F;K;W,"220,117,233,65",0.0,6EQE
D;L;N;K,L;F;K;Y,"220,117,233,253",0.0,6EQE
D;L;N;R,L;F;K;S,"220,117,233,90",0.0,6EQE
D;L;N;T,L;F;K;M,"220,117,233,29",0.0,6EQE
D;L;N;M,L;F;K;L,"220,117,233,262",0.0,6EQE
D;L;N;A,L;F;K;L,"220,117,233,272",0.0,6EQE
D;L;N;R,L;F;K;N,"220,117,233,90",0.0,6EQE
D;L;N;R,L;F;K;T,"220,117,233,90",0.0,6EQE
D;L;N;G,L;F;K;T,"220,117,233,254",0.0,6EQE
D;L;N;R,L;F;K;P,"220,117,233,90",0.0,6EQE
D;L;N;N,L;F;K;Y,"220,117,233,37",0.0,6EQE
D;L;N;Q,L;F;K;I,"220,117,233,182",0.0,6EQE
D;L;N;R,L;F;K;A,"220,117,233,90",0.0,6EQE
D;L;N;K,L;F;K;F,"220,117,233,253",0.0,6EQE
D;L;N;Y,L;F;K;S,"220,117,233,63",0.0,6EQE
D;L;N;Q,L;F;K;M,"220,117,233,127",0.0,6EQE
D;L;N;Q,L;F;K;L,"220,117,233,182",0.0,6EQE
D;L;N;K,L;F;K;A,"220,117,233,253",0.0,6EQE
D;L;N;K,L;F;K;V,"220,117,233,253",0.0,6EQE
D;L;N;Q,L;F;K;F,"220,117,233,182",0.0,6EQE
D;L;N;R,L;F;K;D,"220,117,233,90",0.0,6EQE
D;L;N;Q,L;F;K;A,"220,117,233,127",0.0,6EQE
D;L;N;Y,L;F;K;T,"220,117,233,63",0.0,6EQE
D;L;N;Q,L;F;K;V,"220,117,233,182",0.0,6EQE
D;L;N;K,L;F;K;L,"220,117,233,253",0.0,6EQE
D;L;N;C,L;F;K;S,"220,117,233,289",0.0,6EQE
D;L;N;Y,L;F;K;G,"220,117,233,63",0.0,6EQE
D;L;N;M,L;F;K;V,"220,117,233,154",0.0,6EQE
D;L;N;Q,L;F;K;T,"220,117,233,127",0.0,6EQE
D;L;N;A,L;F;K;D,"220,117,233,226",0.0,6EQE
D;L;N;C,L;F;K;A,"220,117,233,289",0.0,6EQE
D;L;N;R,L;F;K;Q,"220,117,233,224",0.0,6EQE
D;L;N;S,L;F;K;E,"220,117,233,136",0.0,6EQE
D;L;N;D,L;F;K;N,"220,117,233,186",0.0,6EQE
D;L;N;R,L;F;K;A,"220,117,233,280",0.0,6EQE
D;L;N;S,L;F;K;F,"220,117,233,238",0.0,6EQE
D;L;N;S,L;F;K;Q,"220,117,233,188",0.0,6EQE
D;L;N;S,L;F;K;H,"220,117,233,214",0.0,6EQE
D;L;N;Q,L;F;K;Y,"220,117,233,119",0.0,6EQE
D;L;N;G,L;F;K;A,"220,117,233,165",0.0,6EQE
D;L;N;S,L;F;K;E,"220,117,233,121",0.0,6EQE
D;L;N;I,L;F;K;R,"220,117,233,168",0.0,6EQE
D;L;N;N,L;F;K;H,"220,117,233,205",0.0,6EQE
D;L;N;S,L;F;K;Y,"220,117,233,269",0.0,6EQE
D;L;N;S,L;F;K;T,"220,117,233,214",0.0,6EQE
D;L;N;I,L;F;K;R,"220,117,233,218",0.0,6EQE
D;L;N;P,L;F;K;K,"220,117,233,120",0.0,6EQE
D;L;N;M,L;F;K;H,"220,117,233,161",0.0,6EQE
D;L;N;I,L;F;K;H,"220,117,233,168",0.0,6EQE
D;L;N;N,L;F;K;K,"220,117,233,114",0.0,6EQE
D;L;N;P,L;F;K;V,"220,117,233,184",0.0,6EQE
D;L;N;W,L;F;K;P,"220,117,233,185",0.0,6EQE
D;L;N;S,L;F;K;H,"220,117,233,187",0.0,6EQE
D;L;N;S,L;F;K;P,"220,117,233,188",0.0,6EQE
D;L;N;T,L;F;K;Y,"220,117,233,189",0.0,6EQE
D;L;N;F,L;F;K;M,"220,117,233,191",0.0,6EQE
T;S;S;S,P;N;P;N,"116,238,290,124",0.0,6EQE
T;S;S;G,P;N;P;Q,"116,238,290,243",0.0,6EQE
T;S;S;G,P;N;P;L,"116,238,290,243",0.0,6EQE
T;S;S;T,P;N;P;E,"116,238,290,270",0.0,6EQE
T;S;S;R,P;N;P;V,"116,238,290,34",0.0,6EQE
T;S;S;G,P;N;P;K,"116,238,290,243",0.0,6EQE
T;S;S;D,P;N;P;Q,"116,238,290,220",0.0,6EQE
T;S;S;S,P;N;P;K,"116,238,290,124",0.0,6EQE
T;S;S;F,P;N;P;E,"116,238,290,271",0.0,6EQE
T;S;S;G,P;N;P;Q,"116,238,290,164",0.0,6EQE
T;S;S;A,P;N;P;D,"116,238,290,130",0.0,6EQE
T;S;S;W,P;N;P;C,"116,238,290,257",0.0,6EQE
T;S;S;Q,P;N;P;N,"116,238,290,127",0.0,6EQE
T;S;S;Q,P;N;P;R,"116,238,290,127",0.0,6EQE
T;S;S;F,P;N;P;M,"116,238,290,271",0.0,6EQE
T;S;S;S,P;N;P;A,"116,238,290,124",0.0,6EQE
T;S;S;G,P;N;P;I,"116,238,290,243",0.0,6EQE
T;S;S;Q,P;N;P;I,"116,238,290,127",0.0,6EQE
T;S;S;A,P;N;P;V,"116,238,290,65",0.0,6EQE
T;S;S;Q,P;N;P;E,"116,238,290,133",0.0,6EQE
T;S;S;S,P;N;P;T,"116,238,290,124",0.0,6EQE
T;S;S;Q,P;N;P;K,"116,238,290,127",0.0,6EQE
T;S;S;Q,P;N;P;W,"116,238,290,133",0.0,6EQE
T;S;S;D,P;N;P;L,"116,238,290,220",0.0,6EQE
T;S;S;T,P;N;P;D,"116,238,290,88",0.0,6EQE
T;S;S;R,P;N;P;N,"116,238,290,132",0.0,6EQE
T;S;S;Q,P;N;P;D,"116,238,290,127",0.0,6EQE
T;S;S;A,P;N;P;Y,"116,238,290,215",0.0,6EQE
T;S;S;L,P;N;P;K,"116,238,290,249",0.0,6EQE
T;S;S;R,P;N;P;Y,"116,238,290,123",0.0,6EQE
T;S;S;F,P;N;P;W,"116,238,290,271",0.0,6EQE
T;S;S;S,P;N;P;D,"116,238,290,58",0.0,6EQE
T;S;S;N,P;N;P;I,"116,238,290,37",0.0,6EQE
T;S;S;C,P;N;P;D,"116,238,290,289",0.0,6EQE
T;S;S;A,P;N;P;P,"116,238,290,152",0.0,6EQE
T;S;S;D,P;N;P;V,"116,238,290,186",0.0,6EQE
T;S;S;G,P;N;P;P,"116,238,290,243",0.0,6EQE
T;S;S;S,P;N;P;E,"116,238,290,115",0.0,6EQE
T;S;S;L,P;N;P;Q,"116,238,290,216",0.0,6EQE
T;S;S;N,P;N;P;P,"116,238,290,277",0.0,6EQE
T;S;S;R,P;N;P;Q,"116,238,290,132",0.0,6EQE
T;S;S;N,P;N;P;Y,"116,238,290,244",0.0,6EQE
T;S;S;H,P;N;P;T,"116,238,290,104",0.0,6EQE
T;S;S;S,P;N;P;V,"116,238,290,58",0.0,6EQE
T;S;S;H,P;N;P;L,"116,238,290,104",0.0,6EQE
T;S;S;P,P;N;P;Q,"116,238,290,38",0.0,6EQE
T;S;S;R,P;N;P;L,"116,238,290,53",0.0,6EQE
T;S;S;A,P;N;P;T,"116,238,290,180",0.0,6EQE
T;S;S;P,P;N;P;D,"116,238,290,197",0.0,6EQE
T;S;S;T,P;N;P;V,"116,238,290,198",0.0,6EQE
T;S;S;A,P;N;P;M,"116,238,290,135",0.0,6EQE
T;S;S;I,P;N;P;L,"116,238,290,111",0.0,6EQE
T;S;S;G,P;N;P;S,"116,238,290,243",0.0,6EQE
T;S;S;Q,P;N;P;L,"116,238,290,127",0.0,6EQE
T;S;S;Q,P;N;P;H,"116,238,290,127",0.0,6EQE
T;S;S;W,P;N;P;I,"116,238,290,159",0.0,6EQE
T;S;S;Q,P;N;P;P,"116,238,290,127",0.0,6EQE
T;S;S;S,P;N;P;N,"116,238,290,103",0.0,6EQE
T;S;S;A,P;N;P;Y,"116,238,290,179",0.0,6EQE
T;S;S;W,P;N;P;K,"116,238,290,257",0.0,6EQE
T;S;S;L,P;N;P;M,"116,238,290,216",0.0,6EQE
T;S;S;Q,P;N;P;E,"116,238,290,127",0.0,6EQE
T;S;S;G,P;N;P;A,"116,238,290,243",0.0,6EQE
T;S;S;A,P;N;P;N,"116,238,290,226",0.0,6EQE
T;S;S;L,P;N;P;I,"116,238,290,216",0.0,6EQE
T;S;S;C,P;N;P;L,"116,238,290,289",0.0,6EQE
T;S;S;S,P;N;P;E,"116,238,290,207",0.0,6EQE
T;S;S;M,P;N;P;L,"116,238,290,154",0.0,6EQE
T;S;S;M,P;N;P;P,"116,238,290,222",0.0,6EQE
T;S;S;G,P;N;P;T,"116,238,290,251",0.0,6EQE
T;S;S;P,P;N;P;L,"116,238,290,38",0.0,6EQE
T;S;S;L,P;N;P;W,"116,238,290,216",0.0,6EQE
T;S;S;T,P;N;P;L,"116,238,290,72",0.0,6EQE
T;S;S;S,P;N;P;P,"116,238,290,245",0.0,6EQE
T;S;S;I,P;N;P;W,"116,238,290,111",0.0,6EQE
T;S;S;L,P;N;P;D,"116,238,290,249",0.0,6EQE
T;S;S;E,P;N;P;K,"116,238,290,231",0.0,6EQE
T;S;S;D,P;N;P;K,"116,238,290,263",0.0,6EQE
T;S;S;T,P;N;P;M,"116,238,290,51",0.0,6EQE
T;S;S;L,P;N;P;E,"116,238,290,216",0.0,6EQE
T;S;S;S,P;N;P;T,"116,238,290,121",0.0,6EQE
T;S;S;I,P;N;P;H,"116,238,290,145",0.0,6EQE
T;S;S;I,P;N;P;L,"116,238,290,145",0.0,6EQE
T;S;S;H,P;N;P;M,"116,238,290,104",0.0,6EQE
T;S;S;R,P;N;P;P,"116,238,290,280",0.0,6EQE
T;S;S;L,P;N;P;F,"116,238,290,216",0.0,6EQE
T;S;S;S,P;N;P;D,"116,238,290,103",0.0,6EQE
T;S;S;I,P;N;P;V,"116,238,290,200",0.0,6EQE
T;S;S;T,P;N;P;K,"116,238,290,88",0.0,6EQE
T;S;S;N,P;N;P;K,"116,238,290,138",0.0,6EQE
T;S;S;A,P;N;P;L,"116,238,290,65",0.0,6EQE
T;S;S;Q,P;N;P;T,"116,238,290,91",0.0,6EQE
T;S;S;G,P;N;P;D,"116,238,290,163",0.0,6EQE
T;S;S;A,P;N;P;M,"116,238,290,65",0.0,6EQE
T;S;S;K,P;N;P;L,"116,238,290,252",0.0,6EQE
T;S;S;V,P;N;P;D,"116,238,290,57",0.0,6EQE
T;S;S;Q,P;N;P;V,"116,238,290,127",0.0,6EQE
T;S;S;V,P;N;P;C,"116,238,290,281",0.0,6EQE
T;S;S;T,P;N;P;V,"116,238,290,72",0.0,6EQE
T;S;S;Q,P;N;P;N,"116,238,290,133",0.0,6EQE
T;S;S;R,P;N;P;K,"116,238,290,53",0.0,6EQE
T;S;S;S,P;N;P;P,"116,238,290,125",0.0,6EQE
T;S;S;T,P;N;P;Q,"116,238,290,88",0.0,6EQE
T;S;S;N,P;N;P;L,"116,238,290,138",0.0,6EQE
T;S;S;H,P;N;P;R,"116,238,290,104",0.0,6EQE
T;S;S;W,P;N;P;P,"116,238,290,159",0.0,6EQE
T;S;S;S,P;N;P;Y,"116,238,290,242",0.0,6EQE
T;S;S;A,P;N;P;F,"116,238,290,65",0.0,6EQE
T;S;S;G,P;N;P;H,"116,238,290,251",0.0,6EQE
T;S;S;L,P;N;P;P,"116,238,290,216",0.0,6EQE
T;S;S;S,P;N;P;W,"116,238,290,58",0.0,6EQE
T;S;S;A,P;N;P;E,"116,238,290,152",0.0,6EQE
T;S;S;T,P;N;P;N,"116,238,290,88",0.0,6EQE
T;S;S;T,P;N;P;N,"116,238,290,198",0.0,6EQE
T;S;S;S,P;N;P;K,"116,238,290,58",0.0,6EQE
T;S;S;L,P;N;P;C,"116,238,290,249",0.0,6EQE
T;S;S;N,P;N;P;T,"116,238,290,190",0.0,6EQE
T;S;S;S,P;N;P;V,"116,238,290,223",0.0,6EQE
T;S;S;A,P;N;P;W,"116,238,290,65",0.0,6EQE
T;S;S;K,P;N;P;Y,"116,238,290,253",0.0,6EQE
T;S;S;R,P;N;P;S,"116,238,290,90",0.0,6EQE
T;S;S;T,P;N;P;M,"116,238,290,29",0.0,6EQE
T;S;S;M,P;N;P;L,"116,238,290,262",0.0,6EQE
T;S;S;A,P;N;P;L,"116,238,290,272",0.0,6EQE
T;S;S;R,P;N;P;N,"116,238,290,90",0.0,6EQE
T;S;S;R,P;N;P;T,"116,238,290,90",0.0,6EQE
T;S;S;G,P;N;P;T,"116,238,290,254",0.0,6EQE
T;S;S;R,P;N;P;P,"116,238,290,90",0.0,6EQE
T;S;S;N,P;N;P;Y,"116,238,290,37",0.0,6EQE
T;S;S;Q,P;N;P;I,"116,238,290,182",0.0,6EQE
T;S;S;R,P;N;P;A,"116,238,290,90",0.0,6EQE
T;S;S;K,P;N;P;F,"116,238,290,253",0.0,6EQE
T;S;S;Y,P;N;P;S,"116,238,290,63",0.0,6EQE
T;S;S;Q,P;N;P;M,"116,238,290,127",0.0,6EQE
T;S;S;Q,P;N;P;L,"116,238,290,182",0.0,6EQE
T;S;S;K,P;N;P;A,"116,238,290,253",0.0,6EQE
T;S;S;K,P;N;P;V,"116,238,290,253",0.0,6EQE
T;S;S;Q,P;N;P;F,"116,238,290,182",0.0,6EQE
T;S;S;R,P;N;P;D,"116,238,290,90",0.0,6EQE
T;S;S;Q,P;N;P;A,"116,238,290,127",0.0,6EQE
T;S;S;Y,P;N;P;T,"116,238,290,63",0.0,6EQE
T;S;S;Q,P;N;P;V,"116,238,290,182",0.0,6EQE
T;S;S;K,P;N;P;L,"116,238,290,253",0.0,6EQE
T;S;S;C,P;N;P;S,"116,238,290,289",0.0,6EQE
T;S;S;Y,P;N;P;G,"116,238,290,63",0.0,6EQE
T;S;S;M,P;N;P;V,"116,238,290,154",0.0,6EQE
T;S;S;Q,P;N;P;T,"116,238,290,127",0.0,6EQE
T;S;S;A,P;N;P;D,"116,238,290,226",0.0,6EQE
T;S;S;C,P;N;P;A,"116,238,290,289",0.0,6EQE
T;S;S;R,P;N;P;Q,"116,238,290,224",0.0,6EQE
T;S;S;N,P;N;P;K,"116,238,290,233",0.0,6EQE
T;S;S;S,P;N;P;E,"116,238,290,136",0.0,6EQE
T;S;S;D,P;N;P;N,"116,238,290,186",0.0,6EQE
T;S;S;R,P;N;P;A,"116,238,290,280",0.0,6EQE
T;S;S;S,P;N;P;Q,"116,238,290,188",0.0,6EQE
T;S;S;S,P;N;P;H,"116,238,290,214",0.0,6EQE
T;S;S;L,P;N;P;F,"116,238,290,117",0.0,6EQE
T;S;S;Q,P;N;P;Y,"116,238,290,119",0.0,6EQE
T;S;S;G,P;N;P;A,"116,238,290,165",0.0,6EQE
T;S;S;S,P;N;P;E,"116,238,290,121",0.0,6EQE
T;S;S;I,P;N;P;R,"116,238,290,168",0.0,6EQE
T;S;S;N,P;N;P;H,"116,238,290,205",0.0,6EQE
T;S;S;S,P;N;P;Y,"116,238,290,269",0.0,6EQE
T;S;S;S,P;N;P;T,"116,238,290,214",0.0,6EQE
T;S;S;I,P;N;P;R,"116,238,290,218",0.0,6EQE
T;S;S;P,P;N;P;K,"116,238,290,120",0.0,6EQE
T;S;S;M,P;N;P;H,"116,238,290,161",0.0,6EQE
T;S;S;I,P;N;P;H,"116,238,290,168",0.0,6EQE
T;S;S;N,P;N;P;K,"116,238,290,114",0.0,6EQE
T;S;S;P,P;N;P;V,"116,238,290,184",0.0,6EQE
T;S;S;W,P;N;P;P,"116,238,290,185",0.0,6EQE
T;S;S;S,P;N;P;H,"116,238,290,187",0.0,6EQE
T;S;S;S,P;N;P;P,"116,238,290,188",0.0,6EQE
T;S;S;T,P;N;P;Y,"116,238,290,189",0.0,6EQE
T;S;S;F,P;N;P;M,"116,238,290,191",0.0,6EQE
S;D;T;S,E;H;P;N,"121,186,116,124",0.0,6EQE
S;D;T;G,E;H;P;Q,"121,186,116,243",0.0,6EQE
S;D;T;G,E;H;P;L,"121,186,116,243",0.0,6EQE
S;D;T;T,E;H;P;E,"121,186,116,270",0.0,6EQE
S;D;T;R,E;H;P;V,"121,186,116,34",0.0,6EQE
S;D;T;G,E;H;P;K,"121,186,116,243",0.0,6EQE
S;D;T;D,E;H;P;Q,"121,186,116,220",0.0,6EQE
S;D;T;S,E;H;P;K,"121,186,116,124",0.0,6EQE
S;D;T;F,E;H;P;E,"121,186,116,271",0.0,6EQE
S;D;T;G,E;H;P;Q,"121,186,116,164",0.0,6EQE
S;D;T;A,E;H;P;D,"121,186,116,130",0.0,6EQE
S;D;T;W,E;H;P;C,"121,186,116,257",0.0,6EQE
S;D;T;Q,E;H;P;N,"121,186,116,127",0.0,6EQE
S;D;T;Q,E;H;P;R,"121,186,116,127",0.0,6EQE
S;D;T;S,E;H;P;M,"121,186,116,238",0.0,6EQE
S;D;T;F,E;H;P;M,"121,186,116,271",0.0,6EQE
S;D;T;S,E;H;P;A,"121,186,116,124",0.0,6EQE
S;D;T;G,E;H;P;I,"121,186,116,243",0.0,6EQE
S;D;T;Q,E;H;P;I,"121,186,116,127",0.0,6EQE
S;D;T;A,E;H;P;V,"121,186,116,65",0.0,6EQE
S;D;T;Q,E;H;P;E,"121,186,116,133",0.0,6EQE
S;D;T;S,E;H;P;T,"121,186,116,124",0.0,6EQE
S;D;T;Q,E;H;P;K,"121,186,116,127",0.0,6EQE
S;D;T;Q,E;H;P;W,"121,186,116,133",0.0,6EQE
S;D;T;D,E;H;P;L,"121,186,116,220",0.0,6EQE
S;D;T;T,E;H;P;D,"121,186,116,88",0.0,6EQE
S;D;T;R,E;H;P;N,"121,186,116,132",0.0,6EQE
S;D;T;Q,E;H;P;D,"121,186,116,127",0.0,6EQE
S;D;T;A,E;H;P;Y,"121,186,116,215",0.0,6EQE
S;D;T;L,E;H;P;K,"121,186,116,249",0.0,6EQE
S;D;T;R,E;H;P;Y,"121,186,116,123",0.0,6EQE
S;D;T;F,E;H;P;W,"121,186,116,271",0.0,6EQE
S;D;T;S,E;H;P;D,"121,186,116,58",0.0,6EQE
S;D;T;N,E;H;P;I,"121,186,116,37",0.0,6EQE
S;D;T;C,E;H;P;D,"121,186,116,289",0.0,6EQE
S;D;T;A,E;H;P;P,"121,186,116,152",0.0,6EQE
S;D;T;G,E;H;P;P,"121,186,116,243",0.0,6EQE
S;D;T;S,E;H;P;E,"121,186,116,115",0.0,6EQE
S;D;T;L,E;H;P;Q,"121,186,116,216",0.0,6EQE
S;D;T;N,E;H;P;P,"121,186,116,277",0.0,6EQE
S;D;T;R,E;H;P;Q,"121,186,116,132",0.0,6EQE
S;D;T;N,E;H;P;Y,"121,186,116,244",0.0,6EQE
S;D;T;H,E;H;P;T,"121,186,116,104",0.0,6EQE
S;D;T;S,E;H;P;V,"121,186,116,58",0.0,6EQE
S;D;T;H,E;H;P;L,"121,186,116,104",0.0,6EQE
S;D;T;P,E;H;P;Q,"121,186,116,38",0.0,6EQE
S;D;T;R,E;H;P;L,"121,186,116,53",0.0,6EQE
S;D;T;A,E;H;P;T,"121,186,116,180",0.0,6EQE
S;D;T;P,E;H;P;D,"121,186,116,197",0.0,6EQE
S;D;T;T,E;H;P;V,"121,186,116,198",0.0,6EQE
S;D;T;A,E;H;P;M,"121,186,116,135",0.0,6EQE
S;D;T;I,E;H;P;L,"121,186,116,111",0.0,6EQE
S;D;T;G,E;H;P;S,"121,186,116,243",0.0,6EQE
S;D;T;Q,E;H;P;L,"121,186,116,127",0.0,6EQE
S;D;T;Q,E;H;P;H,"121,186,116,127",0.0,6EQE
S;D;T;W,E;H;P;I,"121,186,116,159",0.0,6EQE
S;D;T;Q,E;H;P;P,"121,186,116,127",0.0,6EQE
S;D;T;S,E;H;P;N,"121,186,116,103",0.0,6EQE
S;D;T;A,E;H;P;Y,"121,186,116,179",0.0,6EQE
S;D;T;W,E;H;P;K,"121,186,116,257",0.0,6EQE
S;D;T;L,E;H;P;M,"121,186,116,216",0.0,6EQE
S;D;T;Q,E;H;P;E,"121,186,116,127",0.0,6EQE
S;D;T;G,E;H;P;A,"121,186,116,243",0.0,6EQE
S;D;T;A,E;H;P;N,"121,186,116,226",0.0,6EQE
S;D;T;L,E;H;P;I,"121,186,116,216",0.0,6EQE
S;D;T;C,E;H;P;L,"121,186,116,289",0.0,6EQE
S;D;T;S,E;H;P;E,"121,186,116,207",0.0,6EQE
S;D;T;M,E;H;P;L,"121,186,116,154",0.0,6EQE
S;D;T;M,E;H;P;P,"121,186,116,222",0.0,6EQE
S;D;T;G,E;H;P;T,"121,186,116,251",0.0,6EQE
S;D;T;P,E;H;P;L,"121,186,116,38",0.0,6EQE
S;D;T;L,E;H;P;W,"121,186,116,216",0.0,6EQE
S;D;T;T,E;H;P;L,"121,186,116,72",0.0,6EQE
S;D;T;S,E;H;P;P,"121,186,116,245",0.0,6EQE
S;D;T;I,E;H;P;W,"121,186,116,111",0.0,6EQE
S;D;T;L,E;H;P;D,"121,186,116,249",0.0,6EQE
S;D;T;E,E;H;P;K,"121,186,116,231",0.0,6EQE
S;D;T;D,E;H;P;K,"121,186,116,263",0.0,6EQE
S;D;T;T,E;H;P;M,"121,186,116,51",0.0,6EQE
S;D;T;L,E;H;P;E,"121,186,116,216",0.0,6EQE
S;D;T;I,E;H;P;H,"121,186,116,145",0.0,6EQE
S;D;T;I,E;H;P;L,"121,186,116,145",0.0,6EQE
S;D;T;H,E;H;P;M,"121,186,116,104",0.0,6EQE
S;D;T;R,E;H;P;P,"121,186,116,280",0.0,6EQE
S;D;T;L,E;H;P;F,"121,186,116,216",0.0,6EQE
S;D;T;S,E;H;P;D,"121,186,116,103",0.0,6EQE
S;D;T;I,E;H;P;V,"121,186,116,200",0.0,6EQE
S;D;T;T,E;H;P;K,"121,186,116,88",0.0,6EQE
S;D;T;N,E;H;P;K,"121,186,116,138",0.0,6EQE
S;D;T;A,E;H;P;L,"121,186,116,65",0.0,6EQE
S;D;T;Q,E;H;P;T,"121,186,116,91",0.0,6EQE
S;D;T;G,E;H;P;D,"121,186,116,163",0.0,6EQE
S;D;T;A,E;H;P;M,"121,186,116,65",0.0,6EQE
S;D;T;K,E;H;P;L,"121,186,116,252",0.0,6EQE
S;D;T;V,E;H;P;D,"121,186,116,57",0.0,6EQE
S;D;T;Q,E;H;P;V,"121,186,116,127",0.0,6EQE
S;D;T;V,E;H;P;C,"121,186,116,281",0.0,6EQE
S;D;T;T,E;H;P;V,"121,186,116,72",0.0,6EQE
S;D;T;Q,E;H;P;N,"121,186,116,133",0.0,6EQE
S;D;T;R,E;H;P;K,"121,186,116,53",0.0,6EQE
S;D;T;S,E;H;P;P,"121,186,116,125",0.0,6EQE
S;D;T;T,E;H;P;Q,"121,186,116,88",0.0,6EQE
S;D;T;N,E;H;P;L,"121,186,116,138",0.0,6EQE
S;D;T;H,E;H;P;R,"121,186,116,104",0.0,6EQE
S;D;T;W,E;H;P;P,"121,186,116,159",0.0,6EQE
S;D;T;S,E;H;P;Y,"121,186,116,242",0.0,6EQE
S;D;T;A,E;H;P;F,"121,186,116,65",0.0,6EQE
S;D;T;G,E;H;P;H,"121,186,116,251",0.0,6EQE
S;D;T;L,E;H;P;P,"121,186,116,216",0.0,6EQE
S;D;T;S,E;H;P;W,"121,186,116,58",0.0,6EQE
S;D;T;A,E;H;P;E,"121,186,116,152",0.0,6EQE
S;D;T;T,E;H;P;N,"121,186,116,88",0.0,6EQE
S;D;T;T,E;H;P;N,"121,186,116,198",0.0,6EQE
S;D;T;S,E;H;P;K,"121,186,116,58",0.0,6EQE
S;D;T;L,E;H;P;C,"121,186,116,249",0.0,6EQE
S;D;T;N,E;H;P;T,"121,186,116,190",0.0,6EQE
S;D;T;S,E;H;P;V,"121,186,116,223",0.0,6EQE
S;D;T;A,E;H;P;W,"121,186,116,65",0.0,6EQE
S;D;T;K,E;H;P;Y,"121,186,116,253",0.0,6EQE
S;D;T;R,E;H;P;S,"121,186,116,90",0.0,6EQE
S;D;T;T,E;H;P;M,"121,186,116,29",0.0,6EQE
S;D;T;M,E;H;P;L,"121,186,116,262",0.0,6EQE
S;D;T;A,E;H;P;L,"121,186,116,272",0.0,6EQE
S;D;T;R,E;H;P;N,"121,186,116,90",0.0,6EQE
S;D;T;R,E;H;P;T,"121,186,116,90",0.0,6EQE
S;D;T;G,E;H;P;T,"121,186,116,254",0.0,6EQE
S;D;T;R,E;H;P;P,"121,186,116,90",0.0,6EQE
S;D;T;N,E;H;P;Y,"121,186,116,37",0.0,6EQE
S;D;T;Q,E;H;P;I,"121,186,116,182",0.0,6EQE
S;D;T;R,E;H;P;A,"121,186,116,90",0.0,6EQE
S;D;T;K,E;H;P;F,"121,186,116,253",0.0,6EQE
S;D;T;Y,E;H;P;S,"121,186,116,63",0.0,6EQE
S;D;T;Q,E;H;P;M,"121,186,116,127",0.0,6EQE
S;D;T;Q,E;H;P;L,"121,186,116,182",0.0,6EQE
S;D;T;K,E;H;P;A,"121,186,116,253",0.0,6EQE
S;D;T;K,E;H;P;V,"121,186,116,253",0.0,6EQE
S;D;T;Q,E;H;P;F,"121,186,116,182",0.0,6EQE
S;D;T;R,E;H;P;D,"121,186,116,90",0.0,6EQE
S;D;T;Q,E;H;P;A,"121,186,116,127",0.0,6EQE
S;D;T;Y,E;H;P;T,"121,186,116,63",0.0,6EQE
S;D;T;Q,E;H;P;V,"121,186,116,182",0.0,6EQE
S;D;T;K,E;H;P;L,"121,186,116,253",0.0,6EQE
S;D;T;C,E;H;P;S,"121,186,116,289",0.0,6EQE
S;D;T;Y,E;H;P;G,"121,186,116,63",0.0,6EQE
S;D;T;M,E;H;P;V,"121,186,116,154",0.0,6EQE
S;D;T;Q,E;H;P;T,"121,186,116,127",0.0,6EQE
S;D;T;A,E;H;P;D,"121,186,116,226",0.0,6EQE
S;D;T;C,E;H;P;A,"121,186,116,289",0.0,6EQE
S;D;T;R,E;H;P;Q,"121,186,116,224",0.0,6EQE
S;D;T;N,E;H;P;K,"121,186,116,233",0.0,6EQE
S;D;T;S,E;H;P;E,"121,186,116,136",0.0,6EQE
S;D;T;R,E;H;P;A,"121,186,116,280",0.0,6EQE
S;D;T;S,E;H;P;F,"121,186,116,238",0.0,6EQE
S;D;T;S,E;H;P;Q,"121,186,116,188",0.0,6EQE
S;D;T;S,E;H;P;H,"121,186,116,214",0.0,6EQE
S;D;T;L,E;H;P;F,"121,186,116,117",0.0,6EQE
S;D;T;Q,E;H;P;Y,"121,186,116,119",0.0,6EQE
S;D;T;G,E;H;P;A,"121,186,116,165",0.0,6EQE
S;D;T;I,E;H;P;R,"121,186,116,168",0.0,6EQE
S;D;T;N,E;H;P;H,"121,186,116,205",0.0,6EQE
S;D;T;S,E;H;P;Y,"121,186,116,269",0.0,6EQE
S;D;T;S,E;H;P;T,"121,186,116,214",0.0,6EQE
S;D;T;I,E;H;P;R,"121,186,116,218",0.0,6EQE
S;D;T;P,E;H;P;K,"121,186,116,120",0.0,6EQE
S;D;T;M,E;H;P;H,"121,186,116,161",0.0,6EQE
S;D;T;I,E;H;P;H,"121,186,116,168",0.0,6EQE
S;D;T;N,E;H;P;K,"121,186,116,114",0.0,6EQE
S;D;T;P,E;H;P;V,"121,186,116,184",0.0,6EQE
S;D;T;W,E;H;P;P,"121,186,116,185",0.0,6EQE
S;D;T;S,E;H;P;H,"121,186,116,187",0.0,6EQE
S;D;T;S,E;H;P;P,"121,186,116,188",0.0,6EQE
S;D;T;T,E;H;P;Y,"121,186,116,189",0.0,6EQE
S;D;T;F,E;H;P;M,"121,186,116,191",0.0,6EQE
S;D;W;S,E;H;H;N,"121,186,159,124",0.0,6EQE
S;D;W;G,E;H;H;Q,"121,186,159,243",0.0,6EQE
S;D;W;G,E;H;H;L,"121,186,159,243",0.0,6EQE
S;D;W;T,E;H;H;E,"121,186,159,270",0.0,6EQE
S;D;W;R,E;H;H;V,"121,186,159,34",0.0,6EQE
S;D;W;G,E;H;H;K,"121,186,159,243",0.0,6EQE
S;D;W;D,E;H;H;Q,"121,186,159,220",0.0,6EQE
S;D;W;S,E;H;H;K,"121,186,159,124",0.0,6EQE
S;D;W;F,E;H;H;E,"121,186,159,271",0.0,6EQE
S;D;W;G,E;H;H;Q,"121,186,159,164",0.0,6EQE
S;D;W;A,E;H;H;D,"121,186,159,130",0.0,6EQE
S;D;W;W,E;H;H;C,"121,186,159,257",0.0,6EQE
S;D;W;Q,E;H;H;N,"121,186,159,127",0.0,6EQE
S;D;W;Q,E;H;H;R,"121,186,159,127",0.0,6EQE
S;D;W;S,E;H;H;M,"121,186,159,238",0.0,6EQE
S;D;W;F,E;H;H;M,"121,186,159,271",0.0,6EQE
S;D;W;S,E;H;H;A,"121,186,159,124",0.0,6EQE
S;D;W;G,E;H;H;I,"121,186,159,243",0.0,6EQE
S;D;W;Q,E;H;H;I,"121,186,159,127",0.0,6EQE
S;D;W;A,E;H;H;V,"121,186,159,65",0.0,6EQE
S;D;W;Q,E;H;H;E,"121,186,159,133",0.0,6EQE
S;D;W;S,E;H;H;T,"121,186,159,124",0.0,6EQE
S;D;W;Q,E;H;H;K,"121,186,159,127",0.0,6EQE
S;D;W;Q,E;H;H;W,"121,186,159,133",0.0,6EQE
S;D;W;D,E;H;H;L,"121,186,159,220",0.0,6EQE
S;D;W;T,E;H;H;D,"121,186,159,88",0.0,6EQE
S;D;W;R,E;H;H;N,"121,186,159,132",0.0,6EQE
S;D;W;Q,E;H;H;D,"121,186,159,127",0.0,6EQE
S;D;W;A,E;H;H;Y,"121,186,159,215",0.0,6EQE
S;D;W;L,E;H;H;K,"121,186,159,249",0.0,6EQE
S;D;W;R,E;H;H;Y,"121,186,159,123",0.0,6EQE
S;D;W;F,E;H;H;W,"121,186,159,271",0.0,6EQE
S;D;W;S,E;H;H;D,"121,186,159,58",0.0,6EQE
S;D;W;N,E;H;H;I,"121,186,159,37",0.0,6EQE
S;D;W;C,E;H;H;D,"121,186,159,289",0.0,6EQE
S;D;W;A,E;H;H;P,"121,186,159,152",0.0,6EQE
S;D;W;G,E;H;H;P,"121,186,159,243",0.0,6EQE
S;D;W;S,E;H;H;E,"121,186,159,115",0.0,6EQE
S;D;W;L,E;H;H;Q,"121,186,159,216",0.0,6EQE
S;D;W;N,E;H;H;P,"121,186,159,277",0.0,6EQE
S;D;W;R,E;H;H;Q,"121,186,159,132",0.0,6EQE
S;D;W;N,E;H;H;Y,"121,186,159,244",0.0,6EQE
S;D;W;H,E;H;H;T,"121,186,159,104",0.0,6EQE
S;D;W;S,E;H;H;V,"121,186,159,58",0.0,6EQE
S;D;W;H,E;H;H;L,"121,186,159,104",0.0,6EQE
S;D;W;P,E;H;H;Q,"121,186,159,38",0.0,6EQE
S;D;W;R,E;H;H;L,"121,186,159,53",0.0,6EQE
S;D;W;A,E;H;H;T,"121,186,159,180",0.0,6EQE
S;D;W;P,E;H;H;D,"121,186,159,197",0.0,6EQE
S;D;W;T,E;H;H;V,"121,186,159,198",0.0,6EQE
S;D;W;A,E;H;H;M,"121,186,159,135",0.0,6EQE
S;D;W;I,E;H;H;L,"121,186,159,111",0.0,6EQE
S;D;W;G,E;H;H;S,"121,186,159,243",0.0,6EQE
S;D;W;Q,E;H;H;L,"121,186,159,127",0.0,6EQE
S;D;W;Q,E;H;H;H,"121,186,159,127",0.0,6EQE
S;D;W;Q,E;H;H;P,"121,186,159,127",0.0,6EQE
S;D;W;S,E;H;H;N,"121,186,159,103",0.0,6EQE
S;D;W;A,E;H;H;Y,"121,186,159,179",0.0,6EQE
S;D;W;W,E;H;H;K,"121,186,159,257",0.0,6EQE
S;D;W;L,E;H;H;M,"121,186,159,216",0.0,6EQE
S;D;W;Q,E;H;H;E,"121,186,159,127",0.0,6EQE
S;D;W;G,E;H;H;A,"121,186,159,243",0.0,6EQE
S;D;W;A,E;H;H;N,"121,186,159,226",0.0,6EQE
S;D;W;L,E;H;H;I,"121,186,159,216",0.0,6EQE
S;D;W;C,E;H;H;L,"121,186,159,289",0.0,6EQE
S;D;W;S,E;H;H;E,"121,186,159,207",0.0,6EQE
S;D;W;M,E;H;H;L,"121,186,159,154",0.0,6EQE
S;D;W;M,E;H;H;P,"121,186,159,222",0.0,6EQE
S;D;W;G,E;H;H;T,"121,186,159,251",0.0,6EQE
S;D;W;P,E;H;H;L,"121,186,159,38",0.0,6EQE
S;D;W;L,E;H;H;W,"121,186,159,216",0.0,6EQE
S;D;W;T,E;H;H;L,"121,186,159,72",0.0,6EQE
S;D;W;S,E;H;H;P,"121,186,159,245",0.0,6EQE
S;D;W;I,E;H;H;W,"121,186,159,111",0.0,6EQE
S;D;W;L,E;H;H;D,"121,186,159,249",0.0,6EQE
S;D;W;E,E;H;H;K,"121,186,159,231",0.0,6EQE
S;D;W;D,E;H;H;K,"121,186,159,263",0.0,6EQE
S;D;W;T,E;H;H;M,"121,186,159,51",0.0,6EQE
S;D;W;L,E;H;H;E,"121,186,159,216",0.0,6EQE
S;D;W;I,E;H;H;H,"121,186,159,145",0.0,6EQE
S;D;W;I,E;H;H;L,"121,186,159,145",0.0,6EQE
S;D;W;H,E;H;H;M,"121,186,159,104",0.0,6EQE
S;D;W;R,E;H;H;P,"121,186,159,280",0.0,6EQE
S;D;W;L,E;H;H;F,"121,186,159,216",0.0,6EQE
S;D;W;S,E;H;H;D,"121,186,159,103",0.0,6EQE
S;D;W;I,E;H;H;V,"121,186,159,200",0.0,6EQE
S;D;W;T,E;H;H;K,"121,186,159,88",0.0,6EQE
S;D;W;N,E;H;H;K,"121,186,159,138",0.0,6EQE
S;D;W;A,E;H;H;L,"121,186,159,65",0.0,6EQE
S;D;W;Q,E;H;H;T,"121,186,159,91",0.0,6EQE
S;D;W;G,E;H;H;D,"121,186,159,163",0.0,6EQE
S;D;W;A,E;H;H;M,"121,186,159,65",0.0,6EQE
S;D;W;K,E;H;H;L,"121,186,159,252",0.0,6EQE
S;D;W;V,E;H;H;D,"121,186,159,57",0.0,6EQE
S;D;W;Q,E;H;H;V,"121,186,159,127",0.0,6EQE
S;D;W;V,E;H;H;C,"121,186,159,281",0.0,6EQE
S;D;W;T,E;H;H;V,"121,186,159,72",0.0,6EQE
S;D;W;Q,E;H;H;N,"121,186,159,133",0.0,6EQE
S;D;W;R,E;H;H;K,"121,186,159,53",0.0,6EQE
S;D;W;S,E;H;H;P,"121,186,159,125",0.0,6EQE
S;D;W;T,E;H;H;Q,"121,186,159,88",0.0,6EQE
S;D;W;N,E;H;H;L,"121,186,159,138",0.0,6EQE
S;D;W;H,E;H;H;R,"121,186,159,104",0.0,6EQE
S;D;W;S,E;H;H;Y,"121,186,159,242",0.0,6EQE
S;D;W;A,E;H;H;F,"121,186,159,65",0.0,6EQE
S;D;W;G,E;H;H;H,"121,186,159,251",0.0,6EQE
S;D;W;L,E;H;H;P,"121,186,159,216",0.0,6EQE
S;D;W;S,E;H;H;W,"121,186,159,58",0.0,6EQE
S;D;W;A,E;H;H;E,"121,186,159,152",0.0,6EQE
S;D;W;T,E;H;H;N,"121,186,159,88",0.0,6EQE
S;D;W;T,E;H;H;N,"121,186,159,198",0.0,6EQE
S;D;W;S,E;H;H;K,"121,186,159,58",0.0,6EQE
S;D;W;L,E;H;H;C,"121,186,159,249",0.0,6EQE
S;D;W;N,E;H;H;T,"121,186,159,190",0.0,6EQE
S;D;W;S,E;H;H;V,"121,186,159,223",0.0,6EQE
S;D;W;A,E;H;H;W,"121,186,159,65",0.0,6EQE
S;D;W;K,E;H;H;Y,"121,186,159,253",0.0,6EQE
S;D;W;R,E;H;H;S,"121,186,159,90",0.0,6EQE
S;D;W;T,E;H;H;M,"121,186,159,29",0.0,6EQE
S;D;W;M,E;H;H;L,"121,186,159,262",0.0,6EQE
S;D;W;A,E;H;H;L,"121,186,159,272",0.0,6EQE
S;D;W;R,E;H;H;N,"121,186,159,90",0.0,6EQE
S;D;W;R,E;H;H;T,"121,186,159,90",0.0,6EQE
S;D;W;G,E;H;H;T,"121,186,159,254",0.0,6EQE
S;D;W;R,E;H;H;P,"121,186,159,90",0.0,6EQE
S;D;W;N,E;H;H;Y,"121,186,159,37",0.0,6EQE
S;D;W;Q,E;H;H;I,"121,186,159,182",0.0,6EQE
S;D;W;R,E;H;H;A,"121,186,159,90",0.0,6EQE
S;D;W;K,E;H;H;F,"121,186,159,253",0.0,6EQE
S;D;W;Y,E;H;H;S,"121,186,159,63",0.0,6EQE
S;D;W;Q,E;H;H;M,"121,186,159,127",0.0,6EQE
S;D;W;Q,E;H;H;L,"121,186,159,182",0.0,6EQE
S;D;W;K,E;H;H;A,"121,186,159,253",0.0,6EQE
S;D;W;K,E;H;H;V,"121,186,159,253",0.0,6EQE
S;D;W;Q,E;H;H;F,"121,186,159,182",0.0,6EQE
S;D;W;R,E;H;H;D,"121,186,159,90",0.0,6EQE
S;D;W;Q,E;H;H;A,"121,186,159,127",0.0,6EQE
S;D;W;Y,E;H;H;T,"121,186,159,63",0.0,6EQE
S;D;W;Q,E;H;H;V,"121,186,159,182",0.0,6EQE
S;D;W;K,E;H;H;L,"121,186,159,253",0.0,6EQE
S;D;W;C,E;H;H;S,"121,186,159,289",0.0,6EQE
S;D;W;Y,E;H;H;G,"121,186,159,63",0.0,6EQE
S;D;W;M,E;H;H;V,"121,186,159,154",0.0,6EQE
S;D;W;Q,E;H;H;T,"121,186,159,127",0.0,6EQE
S;D;W;A,E;H;H;D,"121,186,159,226",0.0,6EQE
S;D;W;C,E;H;H;A,"121,186,159,289",0.0,6EQE
S;D;W;R,E;H;H;Q,"121,186,159,224",0.0,6EQE
S;D;W;N,E;H;H;K,"121,186,159,233",0.0,6EQE
S;D;W;S,E;H;H;E,"121,186,159,136",0.0,6EQE
S;D;W;R,E;H;H;A,"121,186,159,280",0.0,6EQE
S;D;W;S,E;H;H;F,"121,186,159,238",0.0,6EQE
S;D;W;S,E;H;H;Q,"121,186,159,188",0.0,6EQE
S;D;W;S,E;H;H;H,"121,186,159,214",0.0,6EQE
S;D;W;L,E;H;H;F,"121,186,159,117",0.0,6EQE
S;D;W;Q,E;H;H;Y,"121,186,159,119",0.0,6EQE
S;D;W;G,E;H;H;A,"121,186,159,165",0.0,6EQE
S;D;W;I,E;H;H;R,"121,186,159,168",0.0,6EQE
S;D;W;N,E;H;H;H,"121,186,159,205",0.0,6EQE
S;D;W;S,E;H;H;Y,"121,186,159,269",0.0,6EQE
S;D;W;S,E;H;H;T,"121,186,159,214",0.0,6EQE
S;D;W;I,E;H;H;R,"121,186,159,218",0.0,6EQE
S;D;W;P,E;H;H;K,"121,186,159,120",0.0,6EQE
S;D;W;M,E;H;H;H,"121,186,159,161",0.0,6EQE
S;D;W;I,E;H;H;H,"121,186,159,168",0.0,6EQE
S;D;W;N,E;H;H;K,"121,186,159,114",0.0,6EQE
S;D;W;P,E;H;H;V,"121,186,159,184",0.0,6EQE
S;D;W;W,E;H;H;P,"121,186,159,185",0.0,6EQE
S;D;W;S,E;H;H;H,"121,186,159,187",0.0,6EQE
S;D;W;S,E;H;H;P,"121,186,159,188",0.0,6EQE
S;D;W;T,E;H;H;Y,"121,186,159,189",0.0,6EQE
S;D;W;F,E;H;H;M,"121,186,159,191",0.0,6EQE
S;D;S;S,E;H;Y;N,"121,186,238,124",0.0,6EQE
S;D;S;G,E;H;Y;Q,"121,186,238,243",0.0,6EQE
S;D;S;G,E;H;Y;L,"121,186,238,243",0.0,6EQE
S;D;S;T,E;H;Y;E,"121,186,238,270",0.0,6EQE
S;D;S;R,E;H;Y;V,"121,186,238,34",0.0,6EQE
S;D;S;G,E;H;Y;K,"121,186,238,243",0.0,6EQE
S;D;S;D,E;H;Y;Q,"121,186,238,220",0.0,6EQE
S;D;S;S,E;H;Y;K,"121,186,238,124",0.0,6EQE
S;D;S;F,E;H;Y;E,"121,186,238,271",0.0,6EQE
S;D;S;G,E;H;Y;Q,"121,186,238,164",0.0,6EQE
S;D;S;A,E;H;Y;D,"121,186,238,130",0.0,6EQE
S;D;S;W,E;H;Y;C,"121,186,238,257",0.0,6EQE
S;D;S;Q,E;H;Y;N,"121,186,238,127",0.0,6EQE
S;D;S;Q,E;H;Y;R,"121,186,238,127",0.0,6EQE
S;D;S;F,E;H;Y;M,"121,186,238,271",0.0,6EQE
S;D;S;S,E;H;Y;A,"121,186,238,124",0.0,6EQE
S;D;S;G,E;H;Y;I,"121,186,238,243",0.0,6EQE
S;D;S;Q,E;H;Y;I,"121,186,238,127",0.0,6EQE
S;D;S;A,E;H;Y;V,"121,186,238,65",0.0,6EQE
S;D;S;Q,E;H;Y;E,"121,186,238,133",0.0,6EQE
S;D;S;S,E;H;Y;T,"121,186,238,124",0.0,6EQE
S;D;S;Q,E;H;Y;K,"121,186,238,127",0.0,6EQE
S;D;S;Q,E;H;Y;W,"121,186,238,133",0.0,6EQE
S;D;S;D,E;H;Y;L,"121,186,238,220",0.0,6EQE
S;D;S;T,E;H;Y;D,"121,186,238,88",0.0,6EQE
S;D;S;R,E;H;Y;N,"121,186,238,132",0.0,6EQE
S;D;S;Q,E;H;Y;D,"121,186,238,127",0.0,6EQE
S;D;S;A,E;H;Y;Y,"121,186,238,215",0.0,6EQE
S;D;S;L,E;H;Y;K,"121,186,238,249",0.0,6EQE
S;D;S;R,E;H;Y;Y,"121,186,238,123",0.0,6EQE
S;D;S;F,E;H;Y;W,"121,186,238,271",0.0,6EQE
S;D;S;S,E;H;Y;D,"121,186,238,58",0.0,6EQE
S;D;S;N,E;H;Y;I,"121,186,238,37",0.0,6EQE
S;D;S;C,E;H;Y;D,"121,186,238,289",0.0,6EQE
S;D;S;A,E;H;Y;P,"121,186,238,152",0.0,6EQE
S;D;S;G,E;H;Y;P,"121,186,238,243",0.0,6EQE
S;D;S;S,E;H;Y;E,"121,186,238,115",0.0,6EQE
S;D;S;L,E;H;Y;Q,"121,186,238,216",0.0,6EQE
S;D;S;N,E;H;Y;P,"121,186,238,277",0.0,6EQE
S;D;S;R,E;H;Y;Q,"121,186,238,132",0.0,6EQE
S;D;S;N,E;H;Y;Y,"121,186,238,244",0.0,6EQE
S;D;S;H,E;H;Y;T,"121,186,238,104",0.0,6EQE
S;D;S;S,E;H;Y;V,"121,186,238,58",0.0,6EQE
S;D;S;H,E;H;Y;L,"121,186,238,104",0.0,6EQE
S;D;S;P,E;H;Y;Q,"121,186,238,38",0.0,6EQE
S;D;S;R,E;H;Y;L,"121,186,238,53",0.0,6EQE
S;D;S;A,E;H;Y;T,"121,186,238,180",0.0,6EQE
S;D;S;P,E;H;Y;D,"121,186,238,197",0.0,6EQE
S;D;S;T,E;H;Y;V,"121,186,238,198",0.0,6EQE
S;D;S;A,E;H;Y;M,"121,186,238,135",0.0,6EQE
S;D;S;I,E;H;Y;L,"121,186,238,111",0.0,6EQE
S;D;S;G,E;H;Y;S,"121,186,238,243",0.0,6EQE
S;D;S;Q,E;H;Y;L,"121,186,238,127",0.0,6EQE
S;D;S;Q,E;H;Y;H,"121,186,238,127",0.0,6EQE
S;D;S;W,E;H;Y;I,"121,186,238,159",0.0,6EQE
S;D;S;Q,E;H;Y;P,"121,186,238,127",0.0,6EQE
S;D;S;S,E;H;Y;N,"121,186,238,103",0.0,6EQE
S;D;S;A,E;H;Y;Y,"121,186,238,179",0.0,6EQE
S;D;S;W,E;H;Y;K,"121,186,238,257",0.0,6EQE
S;D;S;L,E;H;Y;M,"121,186,238,216",0.0,6EQE
S;D;S;Q,E;H;Y;E,"121,186,238,127",0.0,6EQE
S;D;S;G,E;H;Y;A,"121,186,238,243",0.0,6EQE
S;D;S;A,E;H;Y;N,"121,186,238,226",0.0,6EQE
S;D;S;L,E;H;Y;I,"121,186,238,216",0.0,6EQE
S;D;S;C,E;H;Y;L,"121,186,238,289",0.0,6EQE
S;D;S;S,E;H;Y;E,"121,186,238,207",0.0,6EQE
S;D;S;M,E;H;Y;L,"121,186,238,154",0.0,6EQE
S;D;S;M,E;H;Y;P,"121,186,238,222",0.0,6EQE
S;D;S;G,E;H;Y;T,"121,186,238,251",0.0,6EQE
S;D;S;P,E;H;Y;L,"121,186,238,38",0.0,6EQE
S;D;S;L,E;H;Y;W,"121,186,238,216",0.0,6EQE
S;D;S;T,E;H;Y;L,"121,186,238,72",0.0,6EQE
S;D;S;S,E;H;Y;P,"121,186,238,245",0.0,6EQE
S;D;S;I,E;H;Y;W,"121,186,238,111",0.0,6EQE
S;D;S;L,E;H;Y;D,"121,186,238,249",0.0,6EQE
S;D;S;E,E;H;Y;K,"121,186,238,231",0.0,6EQE
S;D;S;D,E;H;Y;K,"121,186,238,263",0.0,6EQE
S;D;S;T,E;H;Y;M,"121,186,238,51",0.0,6EQE
S;D;S;L,E;H;Y;E,"121,186,238,216",0.0,6EQE
S;D;S;I,E;H;Y;H,"121,186,238,145",0.0,6EQE
S;D;S;I,E;H;Y;L,"121,186,238,145",0.0,6EQE
S;D;S;H,E;H;Y;M,"121,186,238,104",0.0,6EQE
S;D;S;R,E;H;Y;P,"121,186,238,280",0.0,6EQE
S;D;S;L,E;H;Y;F,"121,186,238,216",0.0,6EQE
S;D;S;S,E;H;Y;D,"121,186,238,103",0.0,6EQE
S;D;S;I,E;H;Y;V,"121,186,238,200",0.0,6EQE
S;D;S;T,E;H;Y;K,"121,186,238,88",0.0,6EQE
S;D;S;N,E;H;Y;K,"121,186,238,138",0.0,6EQE
S;D;S;A,E;H;Y;L,"121,186,238,65",0.0,6EQE
S;D;S;Q,E;H;Y;T,"121,186,238,91",0.0,6EQE
S;D;S;G,E;H;Y;D,"121,186,238,163",0.0,6EQE
S;D;S;A,E;H;Y;M,"121,186,238,65",0.0,6EQE
S;D;S;K,E;H;Y;L,"121,186,238,252",0.0,6EQE
S;D;S;V,E;H;Y;D,"121,186,238,57",0.0,6EQE
S;D;S;Q,E;H;Y;V,"121,186,238,127",0.0,6EQE
S;D;S;V,E;H;Y;C,"121,186,238,281",0.0,6EQE
S;D;S;T,E;H;Y;V,"121,186,238,72",0.0,6EQE
S;D;S;Q,E;H;Y;N,"121,186,238,133",0.0,6EQE
S;D;S;R,E;H;Y;K,"121,186,238,53",0.0,6EQE
S;D;S;S,E;H;Y;P,"121,186,238,125",0.0,6EQE
S;D;S;T,E;H;Y;Q,"121,186,238,88",0.0,6EQE
S;D;S;N,E;H;Y;L,"121,186,238,138",0.0,6EQE
S;D;S;H,E;H;Y;R,"121,186,238,104",0.0,6EQE
S;D;S;W,E;H;Y;P,"121,186,238,159",0.0,6EQE
S;D;S;S,E;H;Y;Y,"121,186,238,242",0.0,6EQE
S;D;S;A,E;H;Y;F,"121,186,238,65",0.0,6EQE
S;D;S;G,E;H;Y;H,"121,186,238,251",0.0,6EQE
S;D;S;L,E;H;Y;P,"121,186,238,216",0.0,6EQE
S;D;S;S,E;H;Y;W,"121,186,238,58",0.0,6EQE
S;D;S;A,E;H;Y;E,"121,186,238,152",0.0,6EQE
S;D;S;T,E;H;Y;N,"121,186,238,88",0.0,6EQE
S;D;S;T,E;H;Y;N,"121,186,238,198",0.0,6EQE
S;D;S;S,E;H;Y;K,"121,186,238,58",0.0,6EQE
S;D;S;L,E;H;Y;C,"121,186,238,249",0.0,6EQE
S;D;S;N,E;H;Y;T,"121,186,238,190",0.0,6EQE
S;D;S;S,E;H;Y;V,"121,186,238,223",0.0,6EQE
S;D;S;A,E;H;Y;W,"121,186,238,65",0.0,6EQE
S;D;S;K,E;H;Y;Y,"121,186,238,253",0.0,6EQE
S;D;S;R,E;H;Y;S,"121,186,238,90",0.0,6EQE
S;D;S;T,E;H;Y;M,"121,186,238,29",0.0,6EQE
S;D;S;M,E;H;Y;L,"121,186,238,262",0.0,6EQE
S;D;S;A,E;H;Y;L,"121,186,238,272",0.0,6EQE
S;D;S;R,E;H;Y;N,"121,186,238,90",0.0,6EQE
S;D;S;R,E;H;Y;T,"121,186,238,90",0.0,6EQE
S;D;S;G,E;H;Y;T,"121,186,238,254",0.0,6EQE
S;D;S;R,E;H;Y;P,"121,186,238,90",0.0,6EQE
S;D;S;N,E;H;Y;Y,"121,186,238,37",0.0,6EQE
S;D;S;Q,E;H;Y;I,"121,186,238,182",0.0,6EQE
S;D;S;R,E;H;Y;A,"121,186,238,90",0.0,6EQE
S;D;S;K,E;H;Y;F,"121,186,238,253",0.0,6EQE
S;D;S;Y,E;H;Y;S,"121,186,238,63",0.0,6EQE
S;D;S;Q,E;H;Y;M,"121,186,238,127",0.0,6EQE
S;D;S;Q,E;H;Y;L,"121,186,238,182",0.0,6EQE
S;D;S;K,E;H;Y;A,"121,186,238,253",0.0,6EQE
S;D;S;K,E;H;Y;V,"121,186,238,253",0.0,6EQE
S;D;S;Q,E;H;Y;F,"121,186,238,182",0.0,6EQE
S;D;S;R,E;H;Y;D,"121,186,238,90",0.0,6EQE
S;D;S;Q,E;H;Y;A,"121,186,238,127",0.0,6EQE
S;D;S;Y,E;H;Y;T,"121,186,238,63",0.0,6EQE
S;D;S;Q,E;H;Y;V,"121,186,238,182",0.0,6EQE
S;D;S;K,E;H;Y;L,"121,186,238,253",0.0,6EQE
S;D;S;C,E;H;Y;S,"121,186,238,289",0.0,6EQE
S;D;S;Y,E;H;Y;G,"121,186,238,63",0.0,6EQE
S;D;S;M,E;H;Y;V,"121,186,238,154",0.0,6EQE
S;D;S;Q,E;H;Y;T,"121,186,238,127",0.0,6EQE
S;D;S;A,E;H;Y;D,"121,186,238,226",0.0,6EQE
S;D;S;C,E;H;Y;A,"121,186,238,289",0.0,6EQE
S;D;S;R,E;H;Y;Q,"121,186,238,224",0.0,6EQE
S;D;S;N,E;H;Y;K,"121,186,238,233",0.0,6EQE
S;D;S;S,E;H;Y;E,"121,186,238,136",0.0,6EQE
S;D;S;R,E;H;Y;A,"121,186,238,280",0.0,6EQE
S;D;S;S,E;H;Y;Q,"121,186,238,188",0.0,6EQE
S;D;S;S,E;H;Y;H,"121,186,238,214",0.0,6EQE
S;D;S;L,E;H;Y;F,"121,186,238,117",0.0,6EQE
S;D;S;Q,E;H;Y;Y,"121,186,238,119",0.0,6EQE
S;D;S;G,E;H;Y;A,"121,186,238,165",0.0,6EQE
S;D;S;I,E;H;Y;R,"121,186,238,168",0.0,6EQE
S;D;S;N,E;H;Y;H,"121,186,238,205",0.0,6EQE
S;D;S;S,E;H;Y;Y,"121,186,238,269",0.0,6EQE
S;D;S;S,E;H;Y;T,"121,186,238,214",0.0,6EQE
S;D;S;I,E;H;Y;R,"121,186,238,218",0.0,6EQE
S;D;S;P,E;H;Y;K,"121,186,238,120",0.0,6EQE
S;D;S;M,E;H;Y;H,"121,186,238,161",0.0,6EQE
S;D;S;I,E;H;Y;H,"121,186,238,168",0.0,6EQE
S;D;S;N,E;H;Y;K,"121,186,238,114",0.0,6EQE
S;D;S;P,E;H;Y;V,"121,186,238,184",0.0,6EQE
S;D;S;W,E;H;Y;P,"121,186,238,185",0.0,6EQE
S;D;S;S,E;H;Y;H,"121,186,238,187",0.0,6EQE
S;D;S;S,E;H;Y;P,"121,186,238,188",0.0,6EQE
S;D;S;T,E;H;Y;Y,"121,186,238,189",0.0,6EQE
S;D;S;F,E;H;Y;M,"121,186,238,191",0.0,6EQE
S;D;R;S,E;H;A;N,"121,186,280,124",0.0,6EQE
S;D;R;G,E;H;A;Q,"121,186,280,243",0.0,6EQE
S;D;R;G,E;H;A;L,"121,186,280,243",0.0,6EQE
S;D;R;T,E;H;A;E,"121,186,280,270",0.0,6EQE
S;D;R;R,E;H;A;V,"121,186,280,34",0.0,6EQE
S;D;R;G,E;H;A;K,"121,186,280,243",0.0,6EQE
S;D;R;D,E;H;A;Q,"121,186,280,220",0.0,6EQE
S;D;R;S,E;H;A;K,"121,186,280,124",0.0,6EQE
S;D;R;F,E;H;A;E,"121,186,280,271",0.0,6EQE
S;D;R;G,E;H;A;Q,"121,186,280,164",0.0,6EQE
S;D;R;A,E;H;A;D,"121,186,280,130",0.0,6EQE
S;D;R;W,E;H;A;C,"121,186,280,257",0.0,6EQE
S;D;R;Q,E;H;A;N,"121,186,280,127",0.0,6EQE
S;D;R;Q,E;H;A;R,"121,186,280,127",0.0,6EQE
S;D;R;S,E;H;A;M,"121,186,280,238",0.0,6EQE
S;D;R;F,E;H;A;M,"121,186,280,271",0.0,6EQE
S;D;R;S,E;H;A;A,"121,186,280,124",0.0,6EQE
S;D;R;G,E;H;A;I,"121,186,280,243",0.0,6EQE
S;D;R;Q,E;H;A;I,"121,186,280,127",0.0,6EQE
S;D;R;A,E;H;A;V,"121,186,280,65",0.0,6EQE
S;D;R;Q,E;H;A;E,"121,186,280,133",0.0,6EQE
S;D;R;S,E;H;A;T,"121,186,280,124",0.0,6EQE
S;D;R;Q,E;H;A;K,"121,186,280,127",0.0,6EQE
S;D;R;Q,E;H;A;W,"121,186,280,133",0.0,6EQE
S;D;R;D,E;H;A;L,"121,186,280,220",0.0,6EQE
S;D;R;T,E;H;A;D,"121,186,280,88",0.0,6EQE
S;D;R;R,E;H;A;N,"121,186,280,132",0.0,6EQE
S;D;R;Q,E;H;A;D,"121,186,280,127",0.0,6EQE
S;D;R;A,E;H;A;Y,"121,186,280,215",0.0,6EQE
S;D;R;L,E;H;A;K,"121,186,280,249",0.0,6EQE
S;D;R;R,E;H;A;Y,"121,186,280,123",0.0,6EQE
S;D;R;F,E;H;A;W,"121,186,280,271",0.0,6EQE
S;D;R;S,E;H;A;D,"121,186,280,58",0.0,6EQE
S;D;R;N,E;H;A;I,"121,186,280,37",0.0,6EQE
S;D;R;C,E;H;A;D,"121,186,280,289",0.0,6EQE
S;D;R;A,E;H;A;P,"121,186,280,152",0.0,6EQE
S;D;R;G,E;H;A;P,"121,186,280,243",0.0,6EQE
S;D;R;S,E;H;A;E,"121,186,280,115",0.0,6EQE
S;D;R;L,E;H;A;Q,"121,186,280,216",0.0,6EQE
S;D;R;N,E;H;A;P,"121,186,280,277",0.0,6EQE
S;D;R;R,E;H;A;Q,"121,186,280,132",0.0,6EQE
S;D;R;N,E;H;A;Y,"121,186,280,244",0.0,6EQE
S;D;R;H,E;H;A;T,"121,186,280,104",0.0,6EQE
S;D;R;S,E;H;A;V,"121,186,280,58",0.0,6EQE
S;D;R;H,E;H;A;L,"121,186,280,104",0.0,6EQE
S;D;R;P,E;H;A;Q,"121,186,280,38",0.0,6EQE
S;D;R;R,E;H;A;L,"121,186,280,53",0.0,6EQE
S;D;R;A,E;H;A;T,"121,186,280,180",0.0,6EQE
S;D;R;P,E;H;A;D,"121,186,280,197",0.0,6EQE
S;D;R;T,E;H;A;V,"121,186,280,198",0.0,6EQE
S;D;R;A,E;H;A;M,"121,186,280,135",0.0,6EQE
S;D;R;I,E;H;A;L,"121,186,280,111",0.0,6EQE
S;D;R;G,E;H;A;S,"121,186,280,243",0.0,6EQE
S;D;R;Q,E;H;A;L,"121,186,280,127",0.0,6EQE
S;D;R;Q,E;H;A;H,"121,186,280,127",0.0,6EQE
S;D;R;W,E;H;A;I,"121,186,280,159",0.0,6EQE
S;D;R;Q,E;H;A;P,"121,186,280,127",0.0,6EQE
S;D;R;S,E;H;A;N,"121,186,280,103",0.0,6EQE
S;D;R;A,E;H;A;Y,"121,186,280,179",0.0,6EQE
S;D;R;W,E;H;A;K,"121,186,280,257",0.0,6EQE
S;D;R;L,E;H;A;M,"121,186,280,216",0.0,6EQE
S;D;R;Q,E;H;A;E,"121,186,280,127",0.0,6EQE
S;D;R;G,E;H;A;A,"121,186,280,243",0.0,6EQE
S;D;R;A,E;H;A;N,"121,186,280,226",0.0,6EQE
S;D;R;L,E;H;A;I,"121,186,280,216",0.0,6EQE
S;D;R;C,E;H;A;L,"121,186,280,289",0.0,6EQE
S;D;R;S,E;H;A;E,"121,186,280,207",0.0,6EQE
S;D;R;M,E;H;A;L,"121,186,280,154",0.0,6EQE
S;D;R;M,E;H;A;P,"121,186,280,222",0.0,6EQE
S;D;R;G,E;H;A;T,"121,186,280,251",0.0,6EQE
S;D;R;P,E;H;A;L,"121,186,280,38",0.0,6EQE
S;D;R;L,E;H;A;W,"121,186,280,216",0.0,6EQE
S;D;R;T,E;H;A;L,"121,186,280,72",0.0,6EQE
S;D;R;S,E;H;A;P,"121,186,280,245",0.0,6EQE
S;D;R;I,E;H;A;W,"121,186,280,111",0.0,6EQE
S;D;R;L,E;H;A;D,"121,186,280,249",0.0,6EQE
S;D;R;E,E;H;A;K,"121,186,280,231",0.0,6EQE
S;D;R;D,E;H;A;K,"121,186,280,263",0.0,6EQE
S;D;R;T,E;H;A;M,"121,186,280,51",0.0,6EQE
S;D;R;L,E;H;A;E,"121,186,280,216",0.0,6EQE
S;D;R;I,E;H;A;H,"121,186,280,145",0.0,6EQE
S;D;R;I,E;H;A;L,"121,186,280,145",0.0,6EQE
S;D;R;H,E;H;A;M,"121,186,280,104",0.0,6EQE
S;D;R;L,E;H;A;F,"121,186,280,216",0.0,6EQE
S;D;R;S,E;H;A;D,"121,186,280,103",0.0,6EQE
S;D;R;I,E;H;A;V,"121,186,280,200",0.0,6EQE
S;D;R;T,E;H;A;K,"121,186,280,88",0.0,6EQE
S;D;R;N,E;H;A;K,"121,186,280,138",0.0,6EQE
S;D;R;A,E;H;A;L,"121,186,280,65",0.0,6EQE
S;D;R;Q,E;H;A;T,"121,186,280,91",0.0,6EQE
S;D;R;G,E;H;A;D,"121,186,280,163",0.0,6EQE
S;D;R;A,E;H;A;M,"121,186,280,65",0.0,6EQE
S;D;R;K,E;H;A;L,"121,186,280,252",0.0,6EQE
S;D;R;V,E;H;A;D,"121,186,280,57",0.0,6EQE
S;D;R;Q,E;H;A;V,"121,186,280,127",0.0,6EQE
S;D;R;V,E;H;A;C,"121,186,280,281",0.0,6EQE
S;D;R;T,E;H;A;V,"121,186,280,72",0.0,6EQE
S;D;R;Q,E;H;A;N,"121,186,280,133",0.0,6EQE
S;D;R;R,E;H;A;K,"121,186,280,53",0.0,6EQE
S;D;R;S,E;H;A;P,"121,186,280,125",0.0,6EQE
S;D;R;T,E;H;A;Q,"121,186,280,88",0.0,6EQE
S;D;R;N,E;H;A;L,"121,186,280,138",0.0,6EQE
S;D;R;H,E;H;A;R,"121,186,280,104",0.0,6EQE
S;D;R;W,E;H;A;P,"121,186,280,159",0.0,6EQE
S;D;R;S,E;H;A;Y,"121,186,280,242",0.0,6EQE
S;D;R;A,E;H;A;F,"121,186,280,65",0.0,6EQE
S;D;R;G,E;H;A;H,"121,186,280,251",0.0,6EQE
S;D;R;L,E;H;A;P,"121,186,280,216",0.0,6EQE
S;D;R;S,E;H;A;W,"121,186,280,58",0.0,6EQE
S;D;R;A,E;H;A;E,"121,186,280,152",0.0,6EQE
S;D;R;T,E;H;A;N,"121,186,280,88",0.0,6EQE
S;D;R;T,E;H;A;N,"121,186,280,198",0.0,6EQE
S;D;R;S,E;H;A;K,"121,186,280,58",0.0,6EQE
S;D;R;L,E;H;A;C,"121,186,280,249",0.0,6EQE
S;D;R;N,E;H;A;T,"121,186,280,190",0.0,6EQE
S;D;R;S,E;H;A;V,"121,186,280,223",0.0,6EQE
S;D;R;A,E;H;A;W,"121,186,280,65",0.0,6EQE
S;D;R;K,E;H;A;Y,"121,186,280,253",0.0,6EQE
S;D;R;R,E;H;A;S,"121,186,280,90",0.0,6EQE
S;D;R;T,E;H;A;M,"121,186,280,29",0.0,6EQE
S;D;R;M,E;H;A;L,"121,186,280,262",0.0,6EQE
S;D;R;A,E;H;A;L,"121,186,280,272",0.0,6EQE
S;D;R;R,E;H;A;N,"121,186,280,90",0.0,6EQE
S;D;R;R,E;H;A;T,"121,186,280,90",0.0,6EQE
S;D;R;G,E;H;A;T,"121,186,280,254",0.0,6EQE
S;D;R;R,E;H;A;P,"121,186,280,90",0.0,6EQE
S;D;R;N,E;H;A;Y,"121,186,280,37",0.0,6EQE
S;D;R;Q,E;H;A;I,"121,186,280,182",0.0,6EQE
S;D;R;R,E;H;A;A,"121,186,280,90",0.0,6EQE
S;D;R;K,E;H;A;F,"121,186,280,253",0.0,6EQE
S;D;R;Y,E;H;A;S,"121,186,280,63",0.0,6EQE
S;D;R;Q,E;H;A;M,"121,186,280,127",0.0,6EQE
S;D;R;Q,E;H;A;L,"121,186,280,182",0.0,6EQE
S;D;R;K,E;H;A;A,"121,186,280,253",0.0,6EQE
S;D;R;K,E;H;A;V,"121,186,280,253",0.0,6EQE
S;D;R;Q,E;H;A;F,"121,186,280,182",0.0,6EQE
S;D;R;R,E;H;A;D,"121,186,280,90",0.0,6EQE
S;D;R;Q,E;H;A;A,"121,186,280,127",0.0,6EQE
S;D;R;Y,E;H;A;T,"121,186,280,63",0.0,6EQE
S;D;R;Q,E;H;A;V,"121,186,280,182",0.0,6EQE
S;D;R;K,E;H;A;L,"121,186,280,253",0.0,6EQE
S;D;R;C,E;H;A;S,"121,186,280,289",0.0,6EQE
S;D;R;Y,E;H;A;G,"121,186,280,63",0.0,6EQE
S;D;R;M,E;H;A;V,"121,186,280,154",0.0,6EQE
S;D;R;Q,E;H;A;T,"121,186,280,127",0.0,6EQE
S;D;R;A,E;H;A;D,"121,186,280,226",0.0,6EQE
S;D;R;C,E;H;A;A,"121,186,280,289",0.0,6EQE
S;D;R;R,E;H;A;Q,"121,186,280,224",0.0,6EQE
S;D;R;N,E;H;A;K,"121,186,280,233",0.0,6EQE
S;D;R;S,E;H;A;E,"121,186,280,136",0.0,6EQE
S;D;R;S,E;H;A;F,"121,186,280,238",0.0,6EQE
S;D;R;S,E;H;A;Q,"121,186,280,188",0.0,6EQE
S;D;R;S,E;H;A;H,"121,186,280,214",0.0,6EQE
S;D;R;L,E;H;A;F,"121,186,280,117",0.0,6EQE
S;D;R;Q,E;H;A;Y,"121,186,280,119",0.0,6EQE
S;D;R;G,E;H;A;A,"121,186,280,165",0.0,6EQE
S;D;R;I,E;H;A;R,"121,186,280,168",0.0,6EQE
S;D;R;N,E;H;A;H,"121,186,280,205",0.0,6EQE
S;D;R;S,E;H;A;Y,"121,186,280,269",0.0,6EQE
S;D;R;S,E;H;A;T,"121,186,280,214",0.0,6EQE
S;D;R;I,E;H;A;R,"121,186,280,218",0.0,6EQE
S;D;R;P,E;H;A;K,"121,186,280,120",0.0,6EQE
S;D;R;M,E;H;A;H,"121,186,280,161",0.0,6EQE
S;D;R;I,E;H;A;H,"121,186,280,168",0.0,6EQE
S;D;R;N,E;H;A;K,"121,186,280,114",0.0,6EQE
S;D;R;P,E;H;A;V,"121,186,280,184",0.0,6EQE
S;D;R;W,E;H;A;P,"121,186,280,185",0.0,6EQE
S;D;R;S,E;H;A;H,"121,186,280,187",0.0,6EQE
S;D;R;S,E;H;A;P,"121,186,280,188",0.0,6EQE
S;D;R;T,E;H;A;Y,"121,186,280,189",0.0,6EQE
S;D;R;F,E;H;A;M,"121,186,280,191",0.0,6EQE
