wild_type,mutation_type,position_idx,foldx_quint_score,parent_quad_score,added_single_score,additive_expectation,foldx_quint_epistasis
Q;K;E;Q;R,L;L;K;L;D,"127,252,231,182,90",9.46162,8.0785,-12.5337,,
Q;K;E;Q;T,L;L;K;L;V,"127,252,231,182,72",9.27742,8.0785,1.22066,9.29916,-0.021740000000001203
Q;K;E;Q;D,L;L;K;L;L,"127,252,231,182,220",9.2664,8.0785,1.98604,10.064540000000001,-0.7981400000000001
Q;K;E;Q;S,L;L;K;L;A,"127,252,231,182,124",9.2182,8.0785,2.14285,10.221350000000001,-1.0031500000000015
Q;K;E;Q;T,L;L;K;L;L,"127,252,231,182,72",9.1645,8.0785,1.3538,9.4323,-0.26779999999999937
Q;K;E;Q;I,L;L;K;L;R,"127,252,231,182,168",9.01363,8.0785,-14.7567,,
E;Q;Q;D;T,K;L;L;L;Y,"231,182,127,220,189",8.9885,7.84419,0.153862,7.998052,0.9904479999999998
E;Q;Q;D;I,K;L;L;L;R,"231,182,127,220,168",8.97362,7.84419,-14.7567,,
Q;K;E;Q;N,L;L;K;L;K,"127,252,231,182,114",8.74409,8.0785,-1.33405,6.7444500000000005,1.9996399999999994
Q;K;E;Q;T,L;L;K;L;M,"127,252,231,182,29",8.72153,8.0785,-6.9328,,
E;Q;Q;D;T,K;L;L;L;L,"231,182,127,220,72",8.71935,7.84419,1.3538,9.19799,-0.4786400000000004
T;S;S;K;E,P;N;P;L;K,"116,238,290,252,231",8.67974,5.29036,1.33235,6.62271,2.057030000000001
Q;K;E;Q;N,L;L;K;L;Y,"127,252,231,182,37",8.64388,8.0785,0.685741,8.764241,-0.12036100000000083
E;Q;Q;D;S,K;L;L;L;A,"231,182,127,220,124",8.64255,7.84419,2.14285,9.98704,-1.3444900000000004
E;Q;Q;D;T,K;L;L;L;M,"231,182,127,220,51",8.6395,7.84419,1.3147,9.15889,-0.5193899999999996
Q;K;E;Q;L,L;L;K;L;F,"127,252,231,182,117",8.5613,8.0785,-2.30857,,
Q;K;E;Q;D,L;L;K;L;Q,"127,252,231,182,220",8.54945,8.0785,2.86794,10.946439999999999,-2.396989999999999
E;Q;Q;D;S,K;L;L;L;P,"231,182,127,220,245",8.53981,7.84419,1.34851,9.1927,-0.6528900000000011
Q;K;E;Q;S,L;L;K;L;K,"127,252,231,182,124",8.50028,8.0785,2.68892,10.76742,-2.2671399999999995
E;Q;T;Q;T,K;L;L;L;M,"231,182,72,127,51",8.47793,7.66695,1.3147,8.98165,-0.5037199999999995
E;Q;Q;D;R,K;L;L;L;D,"231,182,127,220,90",8.45792,7.84419,-12.5337,,
E;Q;Q;D;T,K;L;L;L;M,"231,182,127,220,29",8.43608,7.84419,-6.9328,,
E;Q;T;Q;S,K;L;L;L;A,"231,182,72,127,124",8.43091,7.66695,2.14285,9.8098,-1.3788899999999984
Q;K;E;Q;T,L;L;K;L;E,"127,252,231,182,270",8.4269,8.0785,3.52614,11.60464,-3.17774
E;Q;T;Q;I,K;L;L;L;L,"231,182,72,127,111",8.42235,7.66695,1.56098,9.22793,-0.8055800000000009
Q;K;E;Q;S,L;L;K;L;W,"127,252,231,182,58",8.41648,8.0785,1.17243,9.25093,-0.8344500000000004
S;T;I;D;E,A;Y;R;L;K,"124,189,168,220,231",8.36305,5.25397,1.33235,6.58632,1.7767299999999997
E;Q;Q;D;N,K;L;L;L;K,"231,182,127,220,233",8.36209,7.84419,0.328192,8.172382,0.18970799999999954
Q;K;E;Q;R,L;L;K;L;Q,"127,252,231,182,132",8.36161,8.0785,1.65183,9.73033,-1.3687199999999997
S;D;T;Q;E,E;H;P;L;K,"121,186,116,182,231",8.31157,4.19138,1.33235,5.52373,2.78784
E;Q;Q;D;S,K;L;L;L;W,"231,182,127,220,58",8.30176,7.84419,1.17243,9.01662,-0.7148599999999998
Q;K;E;Q;S,L;L;K;L;E,"127,252,231,182,136",8.29972,8.0785,0.298574,8.377074,-0.0773539999999997
Q;K;E;Q;S,L;L;K;L;T,"127,252,231,182,121",8.29716,8.0785,1.3121,9.3906,-1.0934399999999993
Q;K;E;Q;N,L;L;K;L;K,"127,252,231,182,233",8.29503,8.0785,0.328192,8.406692,-0.11166199999999904
Q;K;E;Q;S,L;L;K;L;H,"127,252,231,182,187",8.29147,8.0785,-0.139832,7.938668,0.3528020000000005
Q;K;E;Q;R,L;L;K;L;K,"127,252,231,182,53",8.26103,8.0785,1.21629,9.29479,-1.033760000000001
Q;K;E;Q;S,L;L;K;L;T,"127,252,231,182,214",8.2407,8.0785,-0.325958,7.752542,0.4881580000000003
E;Q;Q;D;T,K;L;L;L;V,"231,182,127,220,72",8.20694,7.84419,1.22066,9.06485,-0.8579100000000004
T;S;S;T;E,P;N;P;E;K,"116,238,290,270,231",8.18429,5.17498,1.33235,6.50733,1.6769600000000011
E;Q;T;Q;A,K;L;L;L;E,"231,182,72,127,152",8.18055,7.66695,1.16636,8.83331,-0.6527600000000007
Q;K;E;Q;G,L;L;K;L;A,"127,252,231,182,165",8.15772,8.0785,-4.58782,,
E;Q;Q;D;G,K;L;L;L;A,"231,182,127,220,165",8.15034,7.84419,-4.58782,,
E;Q;Q;D;S,K;L;L;L;D,"231,182,127,220,58",8.12426,7.84419,1.87848,9.72267,-1.5984100000000012
E;Q;Q;D;M,K;L;L;L;L,"231,182,127,220,154",8.1176,7.84419,1.39475,9.23894,-1.12134
E;Q;T;Q;S,K;L;L;L;W,"231,182,72,127,58",8.10218,7.66695,1.17243,8.83938,-0.7371999999999996
E;Q;T;Q;T,K;L;L;L;E,"231,182,72,127,270",8.09873,7.66695,3.52614,11.19309,-3.09436
E;Q;Q;D;S,K;L;L;L;T,"231,182,127,220,214",8.07586,7.84419,-0.325958,7.518232,0.5576280000000002
E;Q;T;Q;T,K;L;L;L;V,"231,182,72,127,198",8.06357,7.66695,1.56672,9.23367,-1.1700999999999997
E;Q;Q;D;S,K;L;L;L;T,"231,182,127,220,121",8.05179,7.84419,1.3121,9.15629,-1.1044999999999998
E;Q;Q;D;I,K;L;L;L;L,"231,182,127,220,111",8.03839,7.84419,1.56098,9.40517,-1.3667800000000003
Q;K;E;Q;L,L;L;K;L;M,"127,252,231,182,216",7.96804,8.0785,1.46945,9.54795,-1.57991
E;Q;Q;D;N,K;L;L;L;K,"231,182,127,220,114",7.9641,7.84419,-1.33405,6.51014,1.4539600000000004
Q;K;E;Q;T,L;L;K;L;M,"127,252,231,182,51",7.95552,8.0785,1.3147,9.3932,-1.4376800000000003
Q;K;E;Q;S,L;L;K;L;M,"127,252,231,182,238",7.94126,8.0785,2.2093,10.2878,-2.346540000000001
E;Q;T;Q;D,K;L;L;L;Q,"231,182,72,127,220",7.89256,7.66695,2.86794,10.53489,-2.642330000000001
S;I;E;Q;K,Q;R;K;L;L,"188,168,231,182,252",7.88433,5.154,1.24366,6.39766,1.4866700000000002
E;Q;Q;D;T,K;L;L;L;E,"231,182,127,220,270",7.87641,7.84419,3.52614,11.37033,-3.4939199999999992
Q;K;E;Q;S,L;L;K;L;E,"127,252,231,182,115",7.86834,8.0785,1.69898,9.77748,-1.9091400000000007
Q;K;E;Q;I,L;L;K;L;L,"127,252,231,182,145",7.85373,8.0785,1.3052,9.3837,-1.5299699999999996
E;Q;T;Q;S,K;L;L;L;T,"231,182,72,127,121",7.83705,7.66695,1.3121,8.97905,-1.1420000000000012
Q;K;E;Q;S,L;L;K;L;V,"127,252,231,182,223",7.81453,8.0785,1.13695,9.21545,-1.4009200000000002
Q;K;E;Q;F,L;L;K;L;W,"127,252,231,182,271",7.80163,8.0785,1.88634,9.96484,-2.1632100000000003
E;Q;Q;D;S,K;L;L;L;E,"231,182,127,220,115",7.79373,7.84419,1.69898,9.54317,-1.7494399999999999
E;Q;Q;D;R,K;L;L;L;Q,"231,182,127,220,224",7.78209,7.84419,0.801101,8.645291,-0.8632010000000001
E;Q;Q;D;A,K;L;L;L;W,"231,182,127,220,65",7.76129,7.84419,1.13227,8.97646,-1.2151699999999996
E;Q;Q;D;D,K;L;L;L;N,"231,182,127,220,186",7.76046,7.84419,0.0141159,7.8583059,-0.09784590000000026
Q;K;E;Q;S,L;L;K;L;F,"127,252,231,182,238",7.75389,8.0785,-0.85124,7.22726,0.5266299999999999
S;D;T;E;S,E;H;P;K;A,"121,186,116,231,124",7.74453,6.58675,2.14285,8.729600000000001,-0.9850700000000012
Q;K;E;Q;A,L;L;K;L;P,"127,252,231,182,152",7.72038,8.0785,1.82327,9.901769999999999,-2.1813899999999995
E;Q;Q;D;T,K;L;L;L;V,"231,182,127,220,198",7.71775,7.84419,1.56672,9.41091,-1.6931599999999998
E;Q;Q;D;A,K;L;L;L;L,"231,182,127,220,65",7.71139,7.84419,1.28107,9.12526,-1.413870000000001
E;Q;T;Q;H,K;L;L;L;M,"231,182,72,127,104",7.70458,7.66695,1.29417,8.96112,-1.2565399999999993
Q;K;E;Q;R,L;L;K;L;N,"127,252,231,182,90",7.69828,8.0785,-12.5581,,
Q;K;E;Q;A,L;L;K;L;F,"127,252,231,182,65",7.67913,8.0785,1.18512,9.26362,-1.5844899999999997
E;Q;Q;D;R,K;L;L;L;N,"231,182,127,220,90",7.66053,7.84419,-12.5581,,
E;Q;Q;D;A,K;L;L;L;M,"231,182,127,220,65",7.64293,7.84419,1.26675,9.11094,-1.4680099999999996
E;Q;T;Q;S,K;L;L;L;K,"231,182,72,127,124",7.64287,7.66695,2.68892,10.35587,-2.712999999999999
E;Q;T;Q;S,K;L;L;L;V,"231,182,72,127,223",7.63389,7.66695,1.13695,8.8039,-1.1700100000000004
Q;K;E;Q;L,L;L;K;L;Q,"127,252,231,182,216",7.61856,8.0785,1.66917,9.74767,-2.129109999999999
E;Q;Q;D;H,K;L;L;L;T,"231,182,127,220,104",7.61387,7.84419,1.64185,9.486040000000001,-1.8721700000000006
E;Q;Q;D;S,K;L;L;L;E,"231,182,127,220,136",7.60875,7.84419,0.298574,8.142764,-0.534014
S;D;T;E;Q,E;H;P;K;I,"121,186,116,231,182",7.57615,6.58675,-0.75822,5.828530000000001,1.7476199999999995
E;Q;Q;D;T,K;L;L;L;D,"231,182,127,220,88",7.56857,7.84419,1.98481,9.829,-2.2604300000000004
E;Q;Q;D;S,K;L;L;L;K,"231,182,127,220,124",7.54722,7.84419,2.68892,10.53311,-2.9858900000000004
S;D;T;E;N,E;H;P;K;K,"121,186,116,231,114",7.53098,6.58675,-1.33405,5.252700000000001,2.2782799999999988
E;Q;Q;D;F,K;L;L;L;M,"231,182,127,220,271",7.52883,7.84419,2.15661,10.0008,-2.47197
S;D;T;E;Q,E;H;P;K;L,"121,186,116,231,127",7.52126,6.58675,1.54969,8.13644,-0.6151800000000005
Q;K;E;Q;H,L;L;K;L;L,"127,252,231,182,104",7.5163,8.0785,1.59008,9.66858,-2.15228
E;Q;Q;D;A,K;L;L;L;F,"231,182,127,220,65",7.50688,7.84419,1.18512,9.02931,-1.5224300000000008
E;Q;Q;D;S,K;L;L;L;Q,"231,182,127,220,188",7.4952,7.84419,-1.43683,6.407360000000001,1.087839999999999
Q;K;E;Q;T,L;L;K;L;Y,"127,252,231,182,189",7.49364,8.0785,0.153862,8.232362,-0.7387220000000001
Q;K;E;Q;A,L;L;K;L;M,"127,252,231,182,65",7.46243,8.0785,1.26675,9.34525,-1.8828199999999997
E;Q;Q;D;S,K;L;L;L;M,"231,182,127,220,238",7.44913,7.84419,2.2093,10.05349,-2.60436
E;Q;T;Q;M,K;L;L;L;L,"231,182,72,127,262",7.44607,7.66695,-8.82803,,
Q;K;E;Q;A,L;L;K;L;M,"127,252,231,182,135",7.4419,8.0785,1.56282,9.64132,-2.19942
Q;K;E;Q;A,L;L;K;L;W,"127,252,231,182,65",7.43805,8.0785,1.13227,9.21077,-1.7727200000000005
E;Q;Q;D;S,K;L;L;L;V,"231,182,127,220,223",7.4312,7.84419,1.13695,8.98114,-1.5499400000000003
E;Q;T;Q;N,K;L;L;L;I,"231,182,72,127,37",7.42931,7.66695,1.86168,9.52863,-2.0993199999999996
Q;K;E;Q;R,L;L;K;L;P,"127,252,231,182,90",7.42578,8.0785,-15.0143,,
Q;K;E;Q;M,L;L;K;L;L,"127,252,231,182,262",7.42546,8.0785,-8.82803,,
E;Q;T;Q;R,K;L;L;L;Q,"231,182,72,127,132",7.42541,7.66695,1.65183,9.31878,-1.89337
Q;K;E;Q;T,L;L;K;L;K,"127,252,231,182,88",7.41017,8.0785,1.28517,9.363669999999999,-1.9534999999999991
E;Q;Q;D;H,K;L;L;L;L,"231,182,127,220,104",7.40668,7.84419,1.59008,9.43427,-2.02759
S;D;T;E;L,E;H;P;K;M,"121,186,116,231,216",7.39896,6.58675,1.46945,8.0562,-0.6572400000000007
E;Q;Q;D;S,K;L;L;L;E,"231,182,127,220,207",7.39453,7.84419,1.39808,9.24227,-1.84774
E;Q;T;Q;S,K;L;L;L;P,"231,182,72,127,245",7.39309,7.66695,1.34851,9.015460000000001,-1.622370000000001
Q;K;E;Q;N,L;L;K;L;I,"127,252,231,182,37",7.38894,8.0785,1.86168,9.94018,-2.55124
E;Q;Q;D;S,K;L;L;L;E,"231,182,127,220,121",7.38081,7.84419,-7.13406,,
E;Q;T;Q;T,K;L;L;L;Y,"231,182,72,127,189",7.37323,7.66695,0.153862,7.820812,-0.4475819999999997
E;Q;T;Q;R,K;L;L;L;L,"231,182,72,127,53",7.3444,7.66695,1.57881,9.24576,-1.9013600000000004
T;T;M;Q;E,V;M;L;L;K,"198,51,262,182,231",7.34315,3.03477,1.33235,4.36712,2.9760299999999997
Q;K;E;Q;A,L;L;K;L;E,"127,252,231,182,152",7.33994,8.0785,1.16636,9.24486,-1.9049199999999988
S;D;T;E;T,E;H;P;K;E,"121,186,116,231,270",7.30999,6.58675,3.52614,10.11289,-2.8029
S;I;E;Q;T,Q;R;K;L;E,"188,168,231,182,270",7.29432,5.154,3.52614,8.68014,-1.3858199999999998
E;Q;Q;D;Q,K;L;L;L;E,"231,182,127,220,133",7.29176,7.84419,2.09284,9.93703,-2.64527
S;D;T;E;M,E;H;P;K;L,"121,186,116,231,262",7.28859,6.58675,-8.82803,,
Q;K;E;Q;S,L;L;K;L;P,"127,252,231,182,245",7.28391,8.0785,1.34851,9.42701,-2.1430999999999996
S;D;T;E;A,E;H;P;K;P,"121,186,116,231,152",7.28333,6.58675,1.82327,8.41002,-1.126689999999999
E;Q;Q;D;A,K;L;L;L;D,"231,182,127,220,226",7.261,7.84419,-6.56873,,
Q;K;E;Q;S,L;L;K;L;D,"127,252,231,182,58",7.23018,8.0785,1.87848,9.95698,-2.7268
S;I;E;Q;S,Q;R;K;L;A,"188,168,231,182,124",7.2228,5.154,2.14285,7.29685,-0.07404999999999973
E;Q;Q;D;S,K;L;L;L;F,"231,182,127,220,238",7.20036,7.84419,-0.85124,6.99295,0.20740999999999943
E;Q;Q;D;R,K;L;L;L;Q,"231,182,127,220,132",7.18699,7.84419,1.65183,9.49602,-2.30903
E;Q;Q;D;S,K;L;L;L;H,"231,182,127,220,187",7.17314,7.84419,-0.139832,7.704358,-0.531218
E;Q;T;Q;N,K;L;L;L;Y,"231,182,72,127,37",7.16769,7.66695,0.685741,8.352691,-1.1850009999999997
E;Q;T;Q;S,K;L;L;L;T,"231,182,72,127,214",7.15986,7.66695,-0.325958,7.340992,-0.18113199999999985
S;T;I;T;E,A;Y;R;E;K,"124,189,168,270,231",7.15569,5.05558,1.33235,6.38793,0.76776
E;Q;T;Q;H,K;L;L;L;R,"231,182,72,127,104",7.14801,7.66695,1.19641,8.86336,-1.71535
Q;K;E;Q;T,L;L;K;L;Q,"127,252,231,182,88",7.14732,8.0785,1.20927,9.28777,-2.1404500000000004
S;D;T;K;E,E;H;P;L;K,"121,186,116,252,231",7.14531,4.99838,1.33235,6.33073,0.8145800000000003
S;D;T;E;Q,E;H;P;K;V,"121,186,116,231,182",7.14373,6.58675,-2.18418,,
T;K;D;S;E,E;L;L;T;K,"270,252,220,214,231",7.14286,4.53563,1.33235,5.86798,1.2748799999999996
S;D;T;E;Q,E;H;P;K;M,"121,186,116,231,127",7.13726,6.58675,0.477397,7.064147,0.0731130000000002
S;I;E;Q;S,Q;R;K;L;K,"188,168,231,182,124",7.10435,5.154,2.68892,7.8429199999999994,-0.7385699999999993
Q;K;E;Q;S,L;L;K;L;P,"127,252,231,182,188",7.089,8.0785,-0.195825,7.882675,-0.7936749999999995
E;Q;Q;D;L,K;L;L;L;F,"231,182,127,220,117",7.08513,7.84419,-2.30857,,
E;Q;Q;D;S,K;L;L;L;K,"231,182,127,220,58",7.0637,7.84419,1.14527,8.989460000000001,-1.9257600000000012
S;I;E;Q;R,Q;R;K;L;D,"188,168,231,182,90",7.05808,5.154,-12.5337,,
E;Q;Q;D;R,K;L;L;L;N,"231,182,127,220,132",7.02379,7.84419,1.97104,9.81523,-2.7914399999999997
E;Q;T;Q;A,K;L;L;L;M,"231,182,72,127,65",7.02245,7.66695,1.26675,8.9337,-1.91125
E;Q;Q;D;A,K;L;L;L;E,"231,182,127,220,152",6.98875,7.84419,1.16636,9.01055,-2.0218000000000007
E;Q;Q;D;N,K;L;L;L;Y,"231,182,127,220,37",6.98234,7.84419,0.685741,8.529931,-1.5475909999999997
E;Q;T;Q;R,K;L;L;L;K,"231,182,72,127,53",6.98185,7.66695,1.21629,8.88324,-1.901390000000001
E;Q;T;Q;S,K;L;L;L;D,"231,182,72,127,58",6.96889,7.66695,1.87848,9.54543,-2.5765399999999996
E;Q;T;Q;A,K;L;L;L;W,"231,182,72,127,65",6.95282,7.66695,1.13227,8.79922,-1.8464
E;Q;T;Q;S,K;L;L;L;F,"231,182,72,127,238",6.93994,7.66695,-0.85124,6.81571,0.12422999999999984
E;Q;T;Q;D,K;L;L;L;N,"231,182,72,127,186",6.93387,7.66695,0.0141159,7.6810659,-0.7471959000000004
S;D;T;E;S,E;H;P;K;M,"121,186,116,231,238",6.93064,6.58675,2.2093,8.796050000000001,-1.8654100000000007
S;D;T;E;D,E;H;P;K;L,"121,186,116,231,220",6.91492,6.58675,1.98604,8.572790000000001,-1.6578700000000008
E;Q;Q;D;T,K;L;L;L;K,"231,182,127,220,88",6.91461,7.84419,1.28517,9.12936,-2.2147500000000004
E;Q;T;Q;R,K;L;L;L;D,"231,182,72,127,90",6.91191,7.66695,-12.5337,,
E;Q;T;Q;A,K;L;L;L;M,"231,182,72,127,135",6.91164,7.66695,1.56282,9.22977,-2.31813
E;Q;Q;D;M,K;L;L;L;L,"231,182,127,220,262",6.89257,7.84419,-8.82803,,
E;Q;Q;D;S,K;L;L;L;V,"231,182,127,220,58",6.8729,7.84419,1.64103,9.48522,-2.6123200000000004
Q;K;E;Q;T,L;L;K;L;D,"127,252,231,182,88",6.8616,8.0785,1.98481,10.06331,-3.2017099999999994
Q;K;E;Q;R,L;L;K;L;T,"127,252,231,182,90",6.84801,8.0785,-6.75769,,
S;D;T;E;S,E;H;P;K;T,"121,186,116,231,214",6.84226,6.58675,-0.325958,6.260792,0.5814679999999992
E;Q;T;Q;M,K;L;L;L;L,"231,182,72,127,154",6.82036,7.66695,1.39475,9.0617,-2.24134
E;Q;Q;D;H,K;L;L;L;M,"231,182,127,220,104",6.81889,7.84419,1.29417,9.13836,-2.319470000000001
E;Q;T;Q;G,K;L;L;L;A,"231,182,72,127,165",6.81229,7.66695,-4.58782,,
Q;K;E;Q;L,L;L;K;L;D,"127,252,231,182,249",6.80676,8.0785,1.3351,9.4136,-2.606840000000001
E;Q;T;Q;S,K;L;L;L;Q,"231,182,72,127,188",6.80326,7.66695,-1.43683,6.230119999999999,0.5731400000000004
E;Q;T;Q;R,K;L;L;L;N,"231,182,72,127,90",6.79987,7.66695,-12.5581,,
S;D;T;E;N,E;H;P;K;Y,"121,186,116,231,37",6.79677,6.58675,0.685741,7.2724910000000005,-0.47572100000000006
Q;K;E;Q;H,L;L;K;L;M,"127,252,231,182,104",6.78551,8.0785,1.29417,9.37267,-2.587159999999999
S;D;T;S;E,E;H;P;F;K,"121,186,116,238,231",6.76772,4.39699,1.33235,5.72934,1.03838
T;S;S;K;Q,P;N;P;L;L,"116,238,290,252,127",6.7647,5.29036,1.54969,6.84005,-0.07534999999999936
T;S;S;K;D,P;N;P;L;L,"116,238,290,252,220",6.75539,5.29036,1.98604,7.2764,-0.5210099999999995
E;Q;Q;D;D,K;L;L;L;V,"231,182,127,220,186",6.74059,7.84419,1.78881,9.633000000000001,-2.892410000000001
E;Q;T;Q;T,K;L;L;L;Q,"231,182,72,127,88",6.73167,7.66695,1.20927,8.87622,-2.1445499999999997
E;Q;T;Q;A,K;L;L;L;P,"231,182,72,127,152",6.72495,7.66695,1.82327,9.49022,-2.765270000000001
S;I;E;S;D,Q;R;K;E;Q,"188,168,231,136,220",6.71874,5.68401,2.86794,8.55195,-1.8332099999999993
Q;K;E;Q;K,L;L;K;L;L,"127,252,231,182,253",6.71613,8.0785,-1.0623,7.0161999999999995,-0.30006999999999984
E;Q;Q;D;R,K;L;L;L;A,"231,182,127,220,280",6.7143,7.84419,-0.374307,7.469883,-0.7555830000000006
E;Q;T;Q;N,K;L;L;L;K,"231,182,72,127,233",6.71025,7.66695,0.328192,7.9951419999999995,-1.2848919999999993
T;S;S;K;Q,P;N;P;L;M,"116,238,290,252,127",6.70294,5.29036,0.477397,5.767757,0.9351830000000003
E;Q;Q;D;F,K;L;L;L;W,"231,182,127,220,271",6.69677,7.84419,1.88634,9.73053,-3.03376
E;Q;T;Q;N,K;L;L;L;K,"231,182,72,127,114",6.69558,7.66695,-1.33405,6.3329,0.3626799999999992
Q;K;E;Q;L,L;L;K;L;F,"127,252,231,182,216",6.69191,8.0785,1.28942,9.36792,-2.6760099999999998
E;Q;T;Q;F,K;L;L;L;W,"231,182,72,127,271",6.68972,7.66695,1.88634,9.55329,-2.86357
Q;K;E;Q;S,L;L;K;L;V,"127,252,231,182,58",6.6852,8.0785,1.64103,9.71953,-3.0343300000000006
E;Q;T;Q;T,K;L;L;L;M,"231,182,72,127,29",6.68028,7.66695,-6.9328,,
S;I;E;Q;S,Q;R;K;L;W,"188,168,231,182,58",6.67159,5.154,1.17243,6.32643,0.3451599999999999
S;D;T;E;L,E;H;P;K;F,"121,186,116,231,216",6.67076,6.58675,1.28942,7.87617,-1.2054100000000005
S;D;T;E;S,E;H;P;K;P,"121,186,116,231,245",6.66483,6.58675,1.34851,7.93526,-1.2704300000000002
S;D;T;K;D,E;H;P;L;L,"121,186,116,252,220",6.65685,4.99838,1.98604,6.98442,-0.3275699999999997
Q;K;E;Q;T,L;L;K;L;V,"127,252,231,182,198",6.64746,8.0785,1.56672,9.64522,-2.9977600000000004
Q;K;E;Q;D,L;L;K;L;V,"127,252,231,182,186",6.64725,8.0785,1.78881,9.86731,-3.22006
Q;K;E;Q;I,L;L;K;L;H,"127,252,231,182,168",6.63813,8.0785,-1.74709,6.33141,0.3067200000000003
S;D;T;E;N,E;H;P;K;H,"121,186,116,231,205",6.63022,6.58675,0.934161,7.520911,-0.8906910000000003
S;I;E;Q;R,Q;R;K;L;N,"188,168,231,182,90",6.62632,5.154,-12.5581,,
E;Q;T;Q;L,K;L;L;L;W,"231,182,72,127,216",6.62554,7.66695,1.37086,9.03781,-2.4122700000000004
S;D;T;E;R,E;H;P;K;D,"121,186,116,231,90",6.62019,6.58675,-12.5337,,
E;Q;Q;D;A,K;L;L;L;P,"231,182,127,220,152",6.61968,7.84419,1.82327,9.66746,-3.0477800000000004
Q;K;E;Q;N,L;L;K;L;T,"127,252,231,182,190",6.61542,8.0785,1.14081,9.21931,-2.60389
E;Q;Q;D;A,K;L;L;L;N,"231,182,127,220,226",6.60832,7.84419,1.44085,9.28504,-2.6767200000000004
E;Q;T;Q;T,K;L;L;L;D,"231,182,72,127,88",6.59316,7.66695,1.98481,9.65176,-3.0585999999999993
S;D;T;E;A,E;H;P;K;L,"121,186,116,231,65",6.58621,6.58675,1.28107,7.86782,-1.2816099999999997
S;D;T;E;R,E;H;P;K;Q,"121,186,116,231,132",6.58423,6.58675,1.65183,8.23858,-1.6543500000000009
S;H;T;S;E,P;M;M;W;K,"245,104,29,58,231",6.56915,1.79588,1.33235,3.12823,3.4409199999999998
S;D;T;E;T,E;H;P;K;N,"121,186,116,231,88",6.56669,6.58675,1.16002,7.746770000000001,-1.1800800000000002
S;D;T;E;M,E;H;P;K;L,"121,186,116,231,154",6.5656,6.58675,1.39475,7.9815000000000005,-1.4159000000000006
Q;K;E;Q;A,L;L;K;L;L,"127,252,231,182,65",6.55702,8.0785,1.28107,9.35957,-2.80255
Q;K;E;Q;R,L;L;K;L;A,"127,252,231,182,280",6.55587,8.0785,-0.374307,7.704193,-1.1483230000000004
E;Q;T;Q;R,K;L;L;L;Q,"231,182,72,127,224",6.54651,7.66695,0.801101,8.468050999999999,-1.9215409999999995
E;Q;T;Q;F,K;L;L;L;M,"231,182,72,127,271",6.53715,7.66695,2.15661,9.82356,-3.286410000000001
E;Q;T;Q;H,K;L;L;L;L,"231,182,72,127,104",6.53606,7.66695,1.59008,9.25703,-2.7209700000000003
Q;K;E;Q;S,L;L;K;L;E,"127,252,231,182,121",6.53041,8.0785,-7.13406,,
E;Q;T;Q;H,K;L;L;L;T,"231,182,72,127,104",6.51656,7.66695,1.64185,9.3088,-2.7922399999999996
S;D;T;E;T,E;H;P;K;M,"121,186,116,231,29",6.51499,6.58675,-6.9328,,
E;Q;Q;D;L,K;L;L;L;E,"231,182,127,220,216",6.50985,7.84419,1.31255,9.156740000000001,-2.646890000000001
S;I;E;Q;N,Q;R;K;L;K,"188,168,231,182,233",6.49895,5.154,0.328192,5.4821919999999995,1.0167580000000003
E;Q;T;Q;R,K;L;L;L;P,"231,182,72,127,90",6.4921,7.66695,-15.0143,,
T;S;S;T;Q,P;N;P;E;M,"116,238,290,270,127",6.48939,5.17498,0.477397,5.6523769999999995,0.8370130000000007
S;D;T;E;S,E;H;P;K;K,"121,186,116,231,124",6.4865,6.58675,2.68892,9.27567,-2.7891699999999995
S;D;T;E;H,E;H;P;K;M,"121,186,116,231,104",6.47787,6.58675,1.29417,7.880920000000001,-1.4030500000000004
S;D;T;E;T,E;H;P;K;Y,"121,186,116,231,189",6.47398,6.58675,0.153862,6.7406120000000005,-0.2666320000000004
E;Q;T;Q;T,K;L;L;L;K,"231,182,72,127,88",6.46891,7.66695,1.28517,8.95212,-2.4832100000000006
S;D;T;E;L,E;H;P;K;F,"121,186,116,231,117",6.46357,6.58675,-2.30857,,
E;Q;Q;D;S,K;L;L;L;N,"231,182,127,220,124",6.45913,7.84419,4.11541,11.9596,-5.50047
S;D;T;E;Q,E;H;P;K;Y,"121,186,116,231,119",6.45251,6.58675,-4.54044,,
E;Q;T;Q;S,K;L;L;L;E,"231,182,72,127,207",6.44795,7.66695,1.39808,9.06503,-2.6170800000000005
A;M;G;Q;E,M;L;A;M;K,"135,154,165,127,231",6.44679,3.19369,1.33235,4.52604,1.92075
T;S;S;K;T,P;N;P;L;L,"116,238,290,252,72",6.44574,5.29036,1.3538,6.644159999999999,-0.1984199999999996
E;Q;Q;D;N,K;L;L;L;T,"231,182,127,220,190",6.44523,7.84419,1.14081,8.985,-2.53977
E;Q;T;Q;S,K;L;L;L;K,"231,182,72,127,58",6.44325,7.66695,1.14527,8.81222,-2.36897
T;S;S;T;Q,P;N;P;E;L,"116,238,290,270,127",6.43774,5.17498,1.54969,6.72467,-0.2869299999999999
E;Q;Q;D;R,K;L;L;L;P,"231,182,127,220,90",6.43591,7.84419,-15.0143,,
S;D;T;E;S,E;H;P;K;K,"121,186,116,231,58",6.43241,6.58675,1.14527,7.73202,-1.2996100000000004
S;D;T;E;S,E;H;P;K;D,"121,186,116,231,58",6.42268,6.58675,1.87848,8.46523,-2.0425500000000003
E;Q;Q;D;L,K;L;L;L;M,"231,182,127,220,216",6.42059,7.84419,1.46945,9.31364,-2.8930499999999997
E;Q;T;Q;A,K;L;L;L;D,"231,182,72,127,226",6.41346,7.66695,-6.56873,,
T;S;S;K;S,P;N;P;L;A,"116,238,290,252,124",6.40858,5.29036,2.14285,7.43321,-1.0246300000000002
E;Q;T;Q;I,K;L;L;L;R,"231,182,72,127,168",6.40668,7.66695,-14.7567,,
E;Q;T;Q;A,K;L;L;L;N,"231,182,72,127,226",6.40419,7.66695,1.44085,9.1078,-2.7036099999999994
S;D;T;E;T,E;H;P;K;V,"121,186,116,231,72",6.40169,6.58675,1.22066,7.807410000000001,-1.4057200000000005
E;Q;Q;D;Q,K;L;L;L;Y,"231,182,127,220,119",6.40008,7.84419,-4.54044,,
E;Q;T;Q;T,K;L;L;L;N,"231,182,72,127,88",6.39702,7.66695,1.16002,8.82697,-2.429949999999999
T;S;S;T;D,P;N;P;E;L,"116,238,290,270,220",6.39408,5.17498,1.98604,7.16102,-0.76694
E;Q;T;Q;A,K;L;L;L;F,"231,182,72,127,65",6.37793,7.66695,1.18512,8.85207,-2.4741399999999993
E;Q;Q;D;R,K;L;L;L;T,"231,182,127,220,90",6.37722,7.84419,-6.75769,,
E;Q;Q;D;A,K;L;L;L;M,"231,182,127,220,135",6.3697,7.84419,1.56282,9.40701,-3.0373099999999997
Q;K;E;Q;A,L;L;K;L;D,"127,252,231,182,226",6.35867,8.0785,-6.56873,,
E;Q;Q;D;S,K;L;L;L;H,"231,182,127,220,214",6.35776,7.84419,-2.16722,,
T;T;T;S;E,L;M;E;F;K,"72,51,270,238,231",6.34888,4.13032,1.33235,5.46267,0.8862100000000002
E;Q;T;Q;Q,K;L;L;L;Y,"231,182,72,127,119",6.34877,7.66695,-4.54044,,
E;Q;Q;D;S,K;L;L;L;Y,"231,182,127,220,269",6.34587,7.84419,-0.731655,7.112535,-0.7666650000000006
S;D;T;E;A,E;H;P;K;D,"121,186,116,231,226",6.34464,6.58675,-6.56873,,
E;Q;Q;D;N,K;L;L;L;I,"231,182,127,220,37",6.34436,7.84419,1.86168,9.70587,-3.361510000000001
Q;K;E;Q;S,L;L;K;L;K,"127,252,231,182,58",6.3424,8.0785,1.14527,9.22377,-2.8813700000000004
T;S;S;K;H,P;N;P;L;M,"116,238,290,252,104",6.33944,5.29036,1.29417,6.58453,-0.24509000000000025
E;Q;Q;D;I,K;L;L;L;H,"231,182,127,220,168",6.33671,7.84419,-1.74709,6.0971,0.23960999999999988
E;Q;Q;D;H,K;L;L;L;R,"231,182,127,220,104",6.33539,7.84419,1.19641,9.0406,-2.7052099999999992
Q;K;E;Q;F,L;L;K;L;E,"127,252,231,182,271",6.323,8.0785,2.659,10.7375,-4.4145
Q;K;E;Q;R,L;L;K;L;L,"127,252,231,182,53",6.31381,8.0785,1.57881,9.65731,-3.3435000000000006
S;I;E;Q;A,Q;R;K;L;L,"188,168,231,182,65",6.30913,5.154,1.28107,6.43507,-0.12593999999999994
Q;K;E;Q;S,L;L;K;L;E,"127,252,231,182,207",6.29468,8.0785,1.39808,9.47658,-3.1819000000000006
S;D;T;E;I,E;H;P;K;L,"121,186,116,231,111",6.29146,6.58675,1.56098,8.147730000000001,-1.8562700000000012
E;Q;Q;D;F,K;L;L;L;E,"231,182,127,220,271",6.28556,7.84419,2.659,10.50319,-4.21763
S;T;I;D;K,A;Y;R;L;L,"124,189,168,220,252",6.2719,5.25397,1.24366,6.49763,-0.22573000000000043
T;S;S;K;T,P;N;P;L;V,"116,238,290,252,198",6.27025,5.29036,1.56672,6.85708,-0.58683
S;D;T;E;T,E;H;P;K;V,"121,186,116,231,198",6.26508,6.58675,1.56672,8.15347,-1.8883900000000002
E;Q;T;Q;L,K;L;L;L;M,"231,182,72,127,216",6.24505,7.66695,1.46945,9.1364,-2.89135
S;I;E;N;S,Q;R;K;K;A,"188,168,231,114,124",6.24349,4.79974,2.14285,6.94259,-0.6990999999999996
S;T;I;D;Q,A;Y;R;L;L,"124,189,168,220,127",6.23919,5.25397,1.54969,6.80366,-0.56447
T;S;S;K;S,P;N;P;L;K,"116,238,290,252,124",6.23604,5.29036,2.68892,7.979279999999999,-1.7432399999999992
S;D;T;E;S,E;H;P;K;E,"121,186,116,231,136",6.22928,6.58675,0.298574,6.885324000000001,-0.6560440000000005
E;Q;T;Q;S,K;L;L;L;H,"231,182,72,127,214",6.22361,7.66695,-2.16722,,
S;I;E;Q;T,Q;R;K;L;V,"188,168,231,182,198",6.22237,5.154,1.56672,6.72072,-0.4983500000000003
S;I;E;Q;Q,Q;R;K;L;M,"188,168,231,182,127",6.21674,5.154,0.477397,5.631397,0.585343
T;S;S;K;T,P;N;P;L;E,"116,238,290,252,270",6.21587,5.29036,3.52614,8.8165,-2.6006299999999998
Q;K;E;Q;R,L;L;K;L;S,"127,252,231,182,90",6.21365,8.0785,-6.17954,,
S;D;T;E;R,E;H;P;K;N,"121,186,116,231,90",6.21146,6.58675,-12.5581,,
S;T;I;D;T,A;Y;R;L;E,"124,189,168,220,270",6.20759,5.25397,3.52614,8.78011,-2.572520000000001
E;Q;T;Q;S,K;L;L;L;M,"231,182,72,127,238",6.1947,7.66695,2.2093,9.876249999999999,-3.6815499999999988
E;Q;T;Q;R,K;L;L;L;S,"231,182,72,127,90",6.19231,7.66695,-6.17954,,
T;S;S;K;N,P;N;P;L;K,"116,238,290,252,114",6.18555,5.29036,-1.33405,3.9563099999999998,2.2292400000000003
E;Q;T;Q;L,K;L;L;L;F,"231,182,72,127,117",6.1809,7.66695,-2.30857,,
T;S;S;K;T,P;N;P;L;Y,"116,238,290,252,189",6.17299,5.29036,0.153862,5.444222,0.7287680000000005
T;S;S;T;A,P;N;P;E;W,"116,238,290,270,65",6.14893,5.17498,1.13227,6.30725,-0.1583199999999998
S;D;T;E;L,E;H;P;K;Q,"121,186,116,231,216",6.13826,6.58675,1.66917,8.25592,-2.11766
E;Q;Q;D;L,K;L;L;L;I,"231,182,127,220,216",6.13483,7.84419,1.43258,9.27677,-3.141940000000001
E;Q;Q;D;Q,K;L;L;L;T,"231,182,127,220,91",6.13406,7.84419,1.27643,9.12062,-2.9865600000000008
E;Q;Q;D;R,K;L;L;L;K,"231,182,127,220,53",6.13131,7.84419,1.21629,9.06048,-2.92917
Q;K;E;Q;S,L;L;K;L;H,"127,252,231,182,214",6.12723,8.0785,-2.16722,,
S;D;T;K;Q,E;H;P;L;L,"121,186,116,252,127",6.12272,4.99838,1.54969,6.54807,-0.4253499999999999
S;I;E;N;Q,Q;R;K;K;V,"188,168,231,114,182",6.09567,4.79974,-2.18418,,
E;Q;T;Q;N,K;L;L;L;T,"231,182,72,127,190",6.08693,7.66695,1.14081,8.80776,-2.7208300000000003
S;D;T;E;L,E;H;P;K;E,"121,186,116,231,216",6.077,6.58675,1.31255,7.8993,-1.8223000000000003
E;Q;Q;D;K,K;L;L;L;L,"231,182,127,220,253",6.07692,7.84419,-1.0623,6.781890000000001,-0.7049700000000003
E;Q;T;Q;S,K;L;L;L;E,"231,182,72,127,121",6.07443,7.66695,-7.13406,,
S;D;T;E;S,E;H;P;K;N,"121,186,116,231,124",6.05307,6.58675,4.11541,10.70216,-4.649089999999999
S;T;N;D;E,M;V;K;L;K,"238,198,114,220,231",6.05266,4.37095,1.33235,5.7033,0.3493600000000008
E;Q;Q;D;I,K;L;L;L;L,"231,182,127,220,145",6.05165,7.84419,1.3052,9.14939,-3.09774
S;D;T;E;S,E;H;P;K;E,"121,186,116,231,115",6.05042,6.58675,1.69898,8.285730000000001,-2.235310000000001
E;Q;Q;D;T,K;L;L;L;Q,"231,182,127,220,88",6.03739,7.84419,1.20927,9.053460000000001,-3.016070000000001
E;Q;Q;D;N,K;L;L;L;H,"231,182,127,220,205",6.0238,7.84419,0.934161,8.778351,-2.754551000000001
S;D;T;E;D,E;H;P;K;Q,"121,186,116,231,220",6.0208,6.58675,2.86794,9.45469,-3.433889999999999
T;S;S;T;S,P;N;P;E;A,"116,238,290,270,124",6.0098,5.17498,2.14285,7.31783,-1.3080299999999996
E;Q;Q;D;R,K;L;L;L;S,"231,182,127,220,90",6.00821,7.84419,-6.17954,,
S;D;T;E;H,E;H;P;K;L,"121,186,116,231,104",6.00192,6.58675,1.59008,8.17683,-2.1749100000000006
S;D;T;E;G,E;H;P;K;A,"121,186,116,231,165",5.99779,6.58675,-4.58782,,
S;D;T;E;F,E;H;P;K;W,"121,186,116,231,271",5.99288,6.58675,1.88634,8.473090000000001,-2.4802100000000005
S;T;I;D;T,A;Y;R;L;V,"124,189,168,220,198",5.99223,5.25397,1.56672,6.82069,-0.8284599999999998
Q;K;E;Q;H,L;L;K;L;T,"127,252,231,182,104",5.98896,8.0785,1.64185,9.72035,-3.73139
Q;K;E;Q;L,L;L;K;L;W,"127,252,231,182,216",5.98585,8.0785,1.37086,9.44936,-3.4635100000000003
T;S;S;T;R,P;N;P;E;D,"116,238,290,270,90",5.98501,5.17498,-12.5337,,
E;Q;T;Q;I,K;L;L;L;V,"231,182,72,127,200",5.98383,7.66695,1.28856,8.95551,-2.97168
T;T;T;T;E,L;M;E;V;K,"72,51,270,198,231",5.98343,4.06726,1.33235,5.39961,0.5838200000000002
E;Q;Q;D;R,K;L;L;L;A,"231,182,127,220,90",5.97469,7.84419,-6.05749,,
T;S;S;K;R,P;N;P;L;N,"116,238,290,252,90",5.974,5.29036,-12.5581,,
E;Q;T;Q;A,K;L;L;L;L,"231,182,72,127,65",5.96944,7.66695,1.28107,8.94802,-2.97858
T;S;S;K;T,P;N;P;L;M,"116,238,290,252,51",5.96315,5.29036,1.3147,6.60506,-0.6419100000000002
T;S;S;K;D,P;N;P;L;Q,"116,238,290,252,220",5.94843,5.29036,2.86794,8.1583,-2.2098700000000004
S;D;T;E;R,E;H;P;K;S,"121,186,116,231,90",5.94817,6.58675,-6.17954,,
T;S;S;K;T,P;N;P;L;V,"116,238,290,252,72",5.94499,5.29036,1.22066,6.51102,-0.5660300000000005
Q;K;E;Q;F,L;L;K;L;M,"127,252,231,182,191",5.94343,8.0785,0.285492,8.363992,-2.4205619999999994
S;I;E;Q;N,Q;R;K;L;H,"188,168,231,182,205",5.94208,5.154,0.934161,6.0881609999999995,-0.14608099999999968
E;Q;Q;D;K,K;L;L;L;V,"231,182,127,220,253",5.94058,7.84419,-1.77146,6.07273,-0.1321500000000002
Q;K;E;Q;R,L;L;K;L;V,"127,252,231,182,34",5.9387,8.0785,3.28169,11.36019,-5.4214899999999995
Q;K;E;Q;K,L;L;K;L;Y,"127,252,231,182,253",5.93787,8.0785,-2.49422,,
Q;K;E;Q;Q,L;L;K;L;W,"127,252,231,182,133",5.92022,8.0785,1.99371,10.07221,-4.1519900000000005
S;I;E;S;L,Q;R;K;E;M,"188,168,231,136,216",5.91568,5.68401,1.46945,7.15346,-1.2377799999999999
E;Q;T;Q;R,K;L;L;L;A,"231,182,72,127,90",5.91292,7.66695,-6.05749,,
T;S;S;T;M,P;N;P;E;L,"116,238,290,270,262",5.91132,5.17498,-8.82803,,
S;I;E;N;L,Q;R;K;K;F,"188,168,231,114,117",5.9019,4.79974,-2.30857,,
E;Q;Q;D;G,K;L;L;L;Q,"231,182,127,220,243",5.90179,7.84419,3.87149,11.71568,-5.813890000000001
Q;K;E;Q;R,L;L;K;L;N,"127,252,231,182,132",5.89799,8.0785,1.97104,10.04954,-4.15155
Q;K;E;Q;S,L;L;K;L;Y,"127,252,231,182,242",5.89493,8.0785,1.18862,9.26712,-3.3721900000000007
T;S;S;K;S,P;N;P;L;E,"116,238,290,252,136",5.88932,5.29036,0.298574,5.588934,0.3003859999999996
S;D;T;E;A,E;H;P;K;M,"121,186,116,231,135",5.88891,6.58675,1.56282,8.14957,-2.2606600000000006
E;Q;Q;D;Q,K;L;L;L;W,"231,182,127,220,133",5.8888,7.84419,1.99371,9.837900000000001,-3.9491000000000014
T;S;S;K;Q,P;N;P;L;L,"116,238,290,252,182",5.88831,5.29036,-1.69976,3.5906,2.29771
T;S;S;K;S,P;N;P;L;W,"116,238,290,252,58",5.88666,5.29036,1.17243,6.46279,-0.57613
E;Q;T;Q;S,K;L;L;L;Y,"231,182,72,127,242",5.88623,7.66695,1.18862,8.85557,-2.96934
E;Q;T;Q;I,K;L;L;L;H,"231,182,72,127,168",5.87034,7.66695,-1.74709,5.91986,-0.04952000000000023
S;T;I;T;T,A;Y;R;E;V,"124,189,168,270,198",5.86825,5.05558,1.56672,6.6223,-0.7540500000000003
T;S;S;K;G,P;N;P;L;A,"116,238,290,252,165",5.8665,5.29036,-4.58782,,
T;S;S;K;N,P;N;P;L;K,"116,238,290,252,233",5.8628,5.29036,0.328192,5.618551999999999,0.2442480000000007
S;D;T;E;S,E;H;P;K;V,"121,186,116,231,223",5.85498,6.58675,1.13695,7.7237,-1.8687199999999997
Q;K;E;Q;P,L;L;K;L;D,"127,252,231,182,197",5.85077,8.0785,1.57327,9.651769999999999,-3.8009999999999993
S;D;T;E;S,E;H;P;K;Q,"121,186,116,231,188",5.85025,6.58675,-1.43683,5.14992,0.7003300000000001
E;Q;Q;D;L,K;L;L;L;Q,"231,182,127,220,216",5.84948,7.84419,1.66917,9.51336,-3.6638800000000007
S;D;T;E;A,E;H;P;K;M,"121,186,116,231,65",5.84754,6.58675,1.26675,7.8535,-2.00596
S;T;I;D;T,A;Y;R;L;L,"124,189,168,220,72",5.84575,5.25397,1.3538,6.6077699999999995,-0.7620199999999997
T;K;D;S;Q,E;L;L;T;L,"270,252,220,214,127",5.84347,4.53563,1.54969,6.08532,-0.24185000000000034
T;S;S;T;T,P;N;P;E;L,"116,238,290,270,72",5.84035,5.17498,1.3538,6.528779999999999,-0.6884299999999994
S;I;E;N;T,Q;R;K;K;V,"188,168,231,114,198",5.83876,4.79974,1.56672,6.36646,-0.5277000000000003
S;I;E;Q;D,Q;R;K;L;Q,"188,168,231,182,220",5.81932,5.154,2.86794,8.02194,-2.2026200000000005
Q;K;E;Q;L,L;L;K;L;E,"127,252,231,182,216",5.81895,8.0785,1.31255,9.39105,-3.5721
S;D;T;E;T,E;H;P;K;L,"121,186,116,231,72",5.81759,6.58675,1.3538,7.94055,-2.12296
S;I;E;Q;A,Q;R;K;L;D,"188,168,231,182,226",5.81207,5.154,-6.56873,,
S;I;E;N;L,Q;R;K;K;Q,"188,168,231,114,216",5.80901,4.79974,1.66917,6.46891,-0.6599000000000004
S;I;E;N;S,Q;R;K;K;E,"188,168,231,114,121",5.8082,4.79974,-7.13406,,
E;Q;T;Q;S,K;L;L;L;V,"231,182,72,127,58",5.80365,7.66695,1.64103,9.30798,-3.5043300000000004
T;S;S;K;S,P;N;P;L;T,"116,238,290,252,214",5.79977,5.29036,-0.325958,4.964402,0.8353679999999999
S;T;I;D;T,A;Y;R;L;M,"124,189,168,220,51",5.78685,5.25397,1.3147,6.56867,-0.7818199999999997
Q;K;E;Q;N,L;L;K;L;H,"127,252,231,182,205",5.78603,8.0785,0.934161,9.012661,-3.2266309999999994
S;I;E;S;D,Q;R;K;E;L,"188,168,231,136,220",5.78346,5.68401,1.98604,7.67005,-1.88659
S;T;I;T;Q,A;Y;R;E;M,"124,189,168,270,127",5.77833,5.05558,0.477397,5.532977,0.2453530000000006
S;T;I;D;S,A;Y;R;L;T,"124,189,168,220,214",5.7726,5.25397,-0.325958,4.928012,0.8445879999999999
Q;K;E;Q;I,L;L;K;L;V,"127,252,231,182,200",5.76984,8.0785,1.28856,9.36706,-3.59722
T;S;S;K;T,P;N;P;L;K,"116,238,290,252,88",5.76954,5.29036,1.28517,6.57553,-0.8059899999999995
S;I;E;N;T,Q;R;K;K;Y,"188,168,231,114,189",5.76814,4.79974,0.153862,4.953602,0.8145379999999998
S;I;E;N;R,Q;R;K;K;N,"188,168,231,114,90",5.76574,4.79974,-12.5581,,
T;S;S;K;S,P;N;P;L;P,"116,238,290,252,245",5.76531,5.29036,1.34851,6.63887,-0.8735599999999994
S;T;I;D;H,A;Y;R;L;M,"124,189,168,220,104",5.75172,5.25397,1.29417,6.54814,-0.7964200000000003
E;Q;Q;D;R,K;L;L;L;L,"231,182,127,220,53",5.75025,7.84419,1.57881,9.423,-3.6727499999999997
S;I;E;Q;R,Q;R;K;L;N,"188,168,231,182,132",5.73411,5.154,1.97104,7.12504,-1.39093
S;I;E;N;A,Q;R;K;K;M,"188,168,231,114,135",5.72287,4.79974,1.56282,6.36256,-0.6396899999999999
E;Q;T;Q;Q,K;L;L;L;T,"231,182,72,127,91",5.72163,7.66695,1.27643,8.94338,-3.2217499999999992
S;D;T;E;Q,E;H;P;K;A,"121,186,116,231,127",5.72003,6.58675,0.543456,7.130206,-1.4101759999999999
Q;K;E;Q;F,L;L;K;L;M,"127,252,231,182,271",5.71173,8.0785,2.15661,10.23511,-4.52338
S;I;E;Q;S,Q;R;K;L;E,"188,168,231,182,115",5.71116,5.154,1.69898,6.85298,-1.14182
S;D;T;K;T,E;H;P;L;L,"121,186,116,252,72",5.70633,4.99838,1.3538,6.35218,-0.6458499999999994
Q;K;E;Q;Q,L;L;K;L;Y,"127,252,231,182,119",5.70511,8.0785,-4.54044,,
T;K;D;S;Q,E;L;L;T;M,"270,252,220,214,127",5.70103,4.53563,0.477397,5.013027,0.6880030000000001
E;Q;T;Q;D,K;L;L;L;V,"231,182,72,127,186",5.69986,7.66695,1.78881,9.45576,-3.7558999999999996
S;T;I;N;T,A;Y;R;K;V,"124,189,168,114,198",5.69887,4.66467,1.56672,6.23139,-0.5325199999999999
T;S;S;K;L,P;N;P;L;F,"116,238,290,252,117",5.69638,5.29036,-2.30857,,
E;Q;Q;D;K,K;L;L;L;F,"231,182,127,220,253",5.69569,7.84419,-2.7494,,
T;S;S;T;T,P;N;P;E;Y,"116,238,290,270,189",5.69253,5.17498,0.153862,5.328842,0.3636879999999998
T;S;S;T;T,P;N;P;E;V,"116,238,290,270,198",5.69036,5.17498,1.56672,6.7417,-1.0513399999999997
S;D;T;E;T,E;H;P;K;K,"121,186,116,231,88",5.68911,6.58675,1.28517,7.87192,-2.18281
S;I;E;Q;A,Q;R;K;L;W,"188,168,231,182,65",5.68542,5.154,1.13227,6.28627,-0.6008500000000003
S;T;I;N;Q,A;Y;R;K;L,"124,189,168,114,127",5.68501,4.66467,1.54969,6.21436,-0.52935
E;Q;Q;D;S,K;L;L;L;Y,"231,182,127,220,242",5.68334,7.84419,1.18862,9.03281,-3.3494699999999993
S;D;T;K;L,E;H;P;L;F,"121,186,116,252,117",5.68304,4.99838,-2.30857,,
S;D;T;E;I,E;H;P;K;V,"121,186,116,231,200",5.68003,6.58675,1.28856,7.875310000000001,-2.1952800000000003
S;D;T;E;Q,E;H;P;K;V,"121,186,116,231,127",5.6643,6.58675,1.22374,7.810490000000001,-2.1461900000000007
T;S;S;K;S,P;N;P;L;E,"116,238,290,252,121",5.6619,5.29036,-7.13406,,
S;D;T;E;N,E;H;P;K;I,"121,186,116,231,37",5.6616,6.58675,1.86168,8.44843,-2.78683
E;Q;Q;D;L,K;L;L;L;F,"231,182,127,220,216",5.65949,7.84419,1.28942,9.133610000000001,-3.474120000000001
S;T;I;T;T,A;Y;R;E;V,"124,189,168,270,72",5.65555,5.05558,1.22066,6.27624,-0.6206899999999997
S;I;E;S;M,Q;R;K;E;L,"188,168,231,136,154",5.65369,5.68401,1.39475,7.07876,-1.4250699999999998
E;Q;T;Q;S,K;L;L;L;H,"231,182,72,127,187",5.6536,7.66695,-0.139832,7.527118,-1.8735179999999998
Q;K;E;Q;R,L;L;K;L;A,"127,252,231,182,90",5.65205,8.0785,-6.05749,,
E;Q;T;Q;S,K;L;L;L;E,"231,182,72,127,136",5.65157,7.66695,0.298574,7.965524,-2.313954
S;I;E;N;T,Q;R;K;K;L,"188,168,231,114,72",5.65138,4.79974,1.3538,6.15354,-0.5021599999999999
S;D;T;E;A,E;H;P;K;F,"121,186,116,231,65",5.64751,6.58675,1.18512,7.77187,-2.1243600000000002
T;S;S;T;S,P;N;P;E;W,"116,238,290,270,58",5.64672,5.17498,1.17243,6.34741,-0.7006899999999998
S;T;I;D;S,A;Y;R;L;E,"124,189,168,220,121",5.63672,5.25397,-7.13406,,
T;K;D;S;S,E;L;L;T;A,"270,252,220,214,124",5.62224,4.53563,2.14285,6.67848,-1.0562400000000007
S;T;I;N;T,A;Y;R;K;M,"124,189,168,114,51",5.61784,4.66467,1.3147,5.97937,-0.36153000000000013
T;S;S;T;T,P;N;P;E;M,"116,238,290,270,51",5.61461,5.17498,1.3147,6.48968,-0.87507
S;D;T;K;N,E;H;P;L;K,"121,186,116,252,114",5.61175,4.99838,-1.33405,3.66433,1.9474199999999997
S;T;I;N;T,A;Y;R;K;L,"124,189,168,114,72",5.60759,4.66467,1.3538,6.01847,-0.4108799999999997
S;I;E;Q;T,Q;R;K;L;M,"188,168,231,182,29",5.60219,5.154,-6.9328,,
E;Q;T;Q;G,K;L;L;L;K,"231,182,72,127,243",5.59801,7.66695,3.0581,10.72505,-5.127039999999999
S;D;T;E;S,E;H;P;K;W,"121,186,116,231,58",5.59716,6.58675,1.17243,7.759180000000001,-2.162020000000001
S;I;E;N;T,Q;R;K;K;M,"188,168,231,114,51",5.59693,4.79974,1.3147,6.11444,-0.5175099999999997
S;T;I;T;N,A;Y;R;E;K,"124,189,168,270,114",5.5953,5.05558,-1.33405,3.72153,1.87377
T;S;S;K;M,P;N;P;L;L,"116,238,290,252,154",5.5946,5.29036,1.39475,6.68511,-1.09051
T;S;S;T;S,P;N;P;E;D,"116,238,290,270,58",5.59354,5.17498,1.87848,7.053459999999999,-1.4599199999999994
E;Q;Q;D;G,K;L;L;L;K,"231,182,127,220,243",5.5905,7.84419,3.0581,10.90229,-5.311790000000001
S;I;E;S;S,Q;R;K;E;D,"188,168,231,136,58",5.58788,5.68401,1.87848,7.5624899999999995,-1.9746099999999993
S;D;T;K;Q,E;H;P;L;M,"121,186,116,252,127",5.58722,4.99838,0.477397,5.475777,0.1114430000000004
T;S;S;K;R,P;N;P;L;K,"116,238,290,252,53",5.57442,5.29036,1.21629,6.50665,-0.9322299999999997
E;Q;Q;D;S,K;L;L;L;P,"231,182,127,220,188",5.57167,7.84419,-0.195825,7.648365,-2.076695
T;S;S;K;A,P;N;P;L;W,"116,238,290,252,65",5.57076,5.29036,1.13227,6.42263,-0.8518699999999999
E;Q;Q;D;N,K;L;L;L;K,"231,182,127,220,138",5.56805,7.84419,1.2829,9.12709,-3.5590400000000004
S;D;T;E;A,E;H;P;K;E,"121,186,116,231,152",5.55641,6.58675,1.16636,7.75311,-2.1967000000000008
S;I;E;N;S,Q;R;K;K;P,"188,168,231,114,245",5.55597,4.79974,1.34851,6.14825,-0.5922799999999997
T;S;S;T;N,P;N;P;E;K,"116,238,290,270,114",5.54237,5.17498,-1.33405,3.8409299999999997,1.7014400000000003
E;Q;T;Q;A,K;L;L;L;T,"231,182,72,127,180",5.54101,7.66695,1.57849,9.24544,-3.7044300000000003
E;Q;T;Q;C,K;L;L;L;A,"231,182,72,127,289",5.54051,7.66695,-0.0850688,7.5818812,-2.0413711999999995
S;T;I;D;S,A;Y;R;L;M,"124,189,168,220,238",5.53664,5.25397,2.2093,7.46327,-1.9266299999999994
S;I;E;Q;T,Q;R;K;L;K,"188,168,231,182,88",5.53512,5.154,1.28517,6.43917,-0.9040499999999998
T;S;S;K;N,P;N;P;L;Y,"116,238,290,252,37",5.52401,5.29036,0.685741,5.976101,-0.45209100000000024
S;D;T;K;T,E;H;P;L;V,"121,186,116,252,198",5.52157,4.99838,1.56672,6.5651,-1.0435300000000005
S;T;I;T;S,A;Y;R;E;T,"124,189,168,270,214",5.51943,5.05558,-0.325958,4.729622,0.7898079999999998
Q;K;E;Q;D,L;L;K;L;N,"127,252,231,182,186",5.51899,8.0785,0.0141159,8.0926159,-2.5736259000000006
S;D;T;K;S,E;H;P;L;M,"121,186,116,252,238",5.51665,4.99838,2.2093,7.20768,-1.6910299999999996
T;S;S;T;H,P;N;P;E;M,"116,238,290,270,104",5.51636,5.17498,1.29417,6.46915,-0.9527900000000002
T;S;S;K;A,P;N;P;L;M,"116,238,290,252,135",5.5107,5.29036,1.56282,6.85318,-1.3424800000000001
T;S;S;T;N,P;N;P;E;K,"116,238,290,270,233",5.51,5.17498,0.328192,5.503171999999999,0.0068280000000005
S;D;T;Q;T,E;H;P;L;E,"121,186,116,182,270",5.50978,4.19138,3.52614,7.7175199999999995,-2.2077399999999994
Q;K;E;Q;M,L;L;K;L;L,"127,252,231,182,154",5.50975,8.0785,1.39475,9.47325,-3.9635
Q;K;E;Q;T,L;L;K;L;N,"127,252,231,182,88",5.50553,8.0785,1.16002,9.23852,-3.732989999999999
S;D;T;K;M,E;H;P;L;L,"121,186,116,252,262",5.49821,4.99838,-8.82803,,
S;T;I;N;H,A;Y;R;K;M,"124,189,168,114,104",5.49817,4.66467,1.29417,5.95884,-0.46067000000000036
T;S;S;T;S,P;N;P;E;P,"116,238,290,270,245",5.4965,5.17498,1.34851,6.52349,-1.0269899999999996
S;T;I;T;M,A;Y;R;E;L,"124,189,168,270,262",5.49459,5.05558,-8.82803,,
T;S;S;K;L,P;N;P;L;M,"116,238,290,252,216",5.4914,5.29036,1.46945,6.75981,-1.2684100000000003
S;T;I;N;Q,A;Y;R;K;M,"124,189,168,114,127",5.4909,4.66467,0.477397,5.142067,0.34883299999999995
Q;K;E;Q;R,L;L;K;L;P,"127,252,231,182,280",5.48305,8.0785,1.29097,9.36947,-3.8864199999999993
T;S;S;T;R,P;N;P;E;N,"116,238,290,270,90",5.48192,5.17498,-12.5581,,
T;S;S;T;S,P;N;P;E;K,"116,238,290,270,124",5.47446,5.17498,2.68892,7.863899999999999,-2.3894399999999996
Q;K;E;Q;L,L;L;K;L;I,"127,252,231,182,216",5.47079,8.0785,1.43258,9.51108,-4.04029
E;Q;T;Q;S,K;L;L;L;Y,"231,182,72,127,269",5.46932,7.66695,-0.731655,6.935295,-1.4659750000000003
T;S;S;K;R,P;N;P;L;D,"116,238,290,252,90",5.46479,5.29036,-12.5337,,
Q;K;E;Q;R,L;L;K;L;Q,"127,252,231,182,224",5.4641,8.0785,0.801101,8.879601,-3.415500999999999
S;I;E;Q;A,Q;R;K;L;M,"188,168,231,182,65",5.46157,5.154,1.26675,6.42075,-0.9591799999999999
S;T;I;D;L,A;Y;R;L;F,"124,189,168,220,117",5.45227,5.25397,-2.30857,,
T;S;S;K;S,P;N;P;L;H,"116,238,290,252,187",5.45118,5.29036,-0.139832,5.1505279999999996,0.30065200000000036
S;D;T;E;L,E;H;P;K;W,"121,186,116,231,216",5.44828,6.58675,1.37086,7.957610000000001,-2.509330000000001
Q;K;E;Q;K,L;L;K;L;V,"127,252,231,182,253",5.44526,8.0785,-1.77146,6.30704,-0.8617799999999995
T;S;S;T;S,P;N;P;E;T,"116,238,290,270,214",5.44128,5.17498,-0.325958,4.849022,0.5922580000000002
S;T;I;D;Q,A;Y;R;L;M,"124,189,168,220,127",5.44075,5.25397,0.477397,5.731367,-0.29061699999999924
E;Q;Q;D;R,K;L;L;L;V,"231,182,127,220,34",5.43468,7.84419,3.28169,11.12588,-5.6912
T;S;S;K;R,P;N;P;L;Q,"116,238,290,252,132",5.42838,5.29036,1.65183,6.94219,-1.5138100000000003
S;I;E;Q;T,Q;R;K;L;V,"188,168,231,182,72",5.42154,5.154,1.22066,6.37466,-0.9531200000000002
E;Q;Q;D;F,K;L;L;L;M,"231,182,127,220,191",5.41517,7.84419,0.285492,8.129682,-2.714512000000001
S;D;T;K;T,E;H;P;L;V,"121,186,116,252,72",5.41336,4.99838,1.22066,6.21904,-0.8056799999999997
S;I;E;S;S,Q;R;K;E;F,"188,168,231,136,238",5.40879,5.68401,-0.85124,4.83277,0.5760199999999998
S;T;I;T;S,A;Y;R;E;F,"124,189,168,270,238",5.40832,5.05558,-0.85124,4.20434,1.2039799999999996
Q;K;E;Q;H,L;L;K;L;R,"127,252,231,182,104",5.40831,8.0785,1.19641,9.27491,-3.8666
D;L;N;Q;E,L;F;K;M;K,"220,117,233,127,231",5.40457,3.80149,1.33235,5.133839999999999,0.27073000000000036
S;D;T;K;R,E;H;P;L;D,"121,186,116,252,90",5.40431,4.99838,-12.5337,,
Q;K;E;Q;S,L;L;K;L;Y,"127,252,231,182,269",5.39913,8.0785,-0.731655,7.346845,-1.9477149999999996
T;S;S;K;M,P;N;P;L;L,"116,238,290,252,262",5.39736,5.29036,-8.82803,,
T;K;D;S;S,E;L;L;T;K,"270,252,220,214,124",5.39488,4.53563,2.68892,7.224550000000001,-1.829670000000001
S;D;T;E;T,E;H;P;K;D,"121,186,116,231,88",5.39088,6.58675,1.98481,8.57156,-3.1806799999999997
T;S;S;T;T,P;N;P;E;V,"116,238,290,270,72",5.38855,5.17498,1.22066,6.39564,-1.0070899999999998
Q;K;E;Q;M,L;L;K;L;V,"127,252,231,182,154",5.38645,8.0785,-3.00604,,
S;I;E;N;T,Q;R;K;K;E,"188,168,231,114,270",5.38065,4.79974,3.52614,8.32588,-2.9452299999999996
T;S;S;K;S,P;N;P;L;D,"116,238,290,252,58",5.37755,5.29036,1.87848,7.168839999999999,-1.7912899999999992
E;Q;T;Q;K,K;L;L;L;V,"231,182,72,127,253",5.37354,7.66695,-1.77146,5.89549,-0.5219499999999995
S;D;T;K;T,E;H;P;L;M,"121,186,116,252,51",5.37353,4.99838,1.3147,6.31308,-0.9395500000000006
T;S;S;T;S,P;N;P;E;E,"116,238,290,270,121",5.37287,5.17498,-7.13406,,
E;Q;Q;D;G,K;L;L;L;L,"231,182,127,220,243",5.37272,7.84419,3.65866,11.50285,-6.13013
Q;K;E;Q;G,L;L;K;L;L,"127,252,231,182,243",5.37085,8.0785,3.65866,11.73716,-6.3663099999999995
S;D;T;E;N,E;H;P;K;K,"121,186,116,231,233",5.3704,6.58675,0.328192,6.914942,-1.5445419999999999
T;S;S;T;A,P;N;P;E;E,"116,238,290,270,152",5.36948,5.17498,1.16636,6.34134,-0.9718599999999995
Q;K;E;Q;G,L;L;K;L;A,"127,252,231,182,243",5.36797,8.0785,1.45932,9.53782,-4.16985
S;I;E;Q;S,Q;R;K;L;N,"188,168,231,182,124",5.36781,5.154,4.11541,9.26941,-3.9016
T;T;M;R;E,V;M;L;D;K,"198,51,262,90,231",5.36717,2.75602,1.33235,4.088369999999999,1.2788000000000004
S;D;T;E;R,E;H;P;K;Q,"121,186,116,231,224",5.36161,6.58675,0.801101,7.387851,-2.0262410000000006
Q;K;E;Q;N,L;L;K;L;K,"127,252,231,182,138",5.36107,8.0785,1.2829,9.3614,-4.00033
S;T;I;D;N,A;Y;R;L;K,"124,189,168,220,233",5.35975,5.25397,0.328192,5.582161999999999,-0.2224119999999994
Q;K;E;Q;P,L;L;K;L;L,"127,252,231,182,38",5.35839,8.0785,1.38115,9.45965,-4.10126
S;D;T;Q;Q,E;H;P;L;M,"121,186,116,182,127",5.35828,4.19138,0.477397,4.6687769999999995,0.6895030000000002
E;Q;T;Q;N,K;L;L;L;K,"231,182,72,127,138",5.35655,7.66695,1.2829,8.94985,-3.5932999999999993
E;Q;T;Q;R,K;L;L;L;T,"231,182,72,127,90",5.35363,7.66695,-6.75769,,
E;Q;T;Q;F,K;L;L;L;E,"231,182,72,127,271",5.3524,7.66695,2.659,10.325949999999999,-4.973549999999999
S;D;T;E;S,E;H;P;K;Y,"121,186,116,231,269",5.34977,6.58675,-0.731655,5.855095,-0.505325
S;D;T;K;F,E;H;P;L;W,"121,186,116,252,271",5.34951,4.99838,1.88634,6.88472,-1.5352099999999993
T;S;S;T;S,P;N;P;E;T,"116,238,290,270,121",5.34622,5.17498,1.3121,6.48708,-1.14086
S;D;T;K;S,E;H;P;L;D,"121,186,116,252,58",5.34236,4.99838,1.87848,6.87686,-1.5344999999999995
S;I;E;Q;S,Q;R;K;L;E,"188,168,231,182,136",5.34221,5.154,0.298574,5.452574,-0.11036400000000057
T;S;S;K;S,P;N;P;L;E,"116,238,290,252,115",5.34197,5.29036,1.69898,6.989339999999999,-1.6473699999999996
S;D;T;E;S,E;H;P;K;H,"121,186,116,231,187",5.34177,6.58675,-0.139832,6.446918,-1.1051479999999998
S;T;I;D;R,A;Y;R;L;N,"124,189,168,220,90",5.34007,5.25397,-12.5581,,
T;S;S;K;I,P;N;P;L;L,"116,238,290,252,111",5.33843,5.29036,1.56098,6.8513399999999995,-1.5129099999999998
T;K;D;S;S,E;L;L;T;M,"270,252,220,214,238",5.33823,4.53563,2.2093,6.74493,-1.4066999999999998
S;I;E;Q;S,Q;R;K;L;V,"188,168,231,182,58",5.33699,5.154,1.64103,6.79503,-1.4580399999999996
S;T;I;N;R,A;Y;R;K;N,"124,189,168,114,90",5.33513,4.66467,-12.5581,,
S;D;T;K;N,E;H;P;L;K,"121,186,116,252,233",5.33382,4.99838,0.328192,5.326572,0.007248000000000587
T;S;S;K;D,P;N;P;L;N,"116,238,290,252,186",5.33181,5.29036,0.0141159,5.3044759,0.027334100000000028
S;D;T;K;N,E;H;P;L;Y,"121,186,116,252,37",5.3314,4.99838,0.685741,5.684121,-0.35272099999999984
T;S;S;T;F,P;N;P;E;W,"116,238,290,270,271",5.33076,5.17498,1.88634,7.061319999999999,-1.7305599999999997
E;Q;T;Q;F,K;L;L;L;M,"231,182,72,127,191",5.32793,7.66695,0.285492,7.952442,-2.6245119999999993
S;T;N;D;T,M;V;K;L;E,"238,198,114,220,270",5.32494,4.37095,3.52614,7.8970899999999995,-2.5721499999999997
E;Q;Q;D;A,K;L;L;L;V,"231,182,127,220,65",5.32346,7.84419,2.10232,9.94651,-4.62305
S;T;I;D;A,A;Y;R;L;M,"124,189,168,220,135",5.31946,5.25397,1.56282,6.81679,-1.4973299999999998
S;I;E;N;H,Q;R;K;K;M,"188,168,231,114,104",5.31579,4.79974,1.29417,6.09391,-0.7781200000000004
S;I;E;Q;T,Q;R;K;L;D,"188,168,231,182,88",5.3123,5.154,1.98481,7.138809999999999,-1.8265099999999999
S;D;T;E;R,E;H;P;K;N,"121,186,116,231,132",5.30273,6.58675,1.97104,8.55779,-3.2550600000000003
S;I;E;N;G,Q;R;K;K;A,"188,168,231,114,165",5.30146,4.79974,-4.58782,,
S;I;E;Q;R,Q;R;K;L;A,"188,168,231,182,280",5.29876,5.154,-0.374307,4.779693,0.5190669999999997
Q;K;E;Q;A,L;L;K;L;V,"127,252,231,182,65",5.29418,8.0785,2.10232,10.18082,-4.886640000000001
T;K;D;S;T,E;L;L;T;L,"270,252,220,214,72",5.28952,4.53563,1.3538,5.88943,-0.5999099999999995
Q;K;E;Q;A,L;L;K;L;N,"127,252,231,182,226",5.28595,8.0785,1.44085,9.51935,-4.2334
S;D;T;K;G,E;H;P;L;A,"121,186,116,252,165",5.28161,4.99838,-4.58782,,
T;S;S;K;S,P;N;P;L;V,"116,238,290,252,223",5.28128,5.29036,1.13695,6.427309999999999,-1.1460299999999997
T;S;S;T;D,P;N;P;E;Q,"116,238,290,270,220",5.28017,5.17498,2.86794,8.042919999999999,-2.7627499999999987
S;D;T;E;A,E;H;P;K;W,"121,186,116,231,65",5.27537,6.58675,1.13227,7.71902,-2.4436500000000008
S;D;T;S;Q,E;H;P;F;L,"121,186,116,238,127",5.2724,4.39699,1.54969,5.94668,-0.6742799999999995
T;S;S;K;S,P;N;P;L;Q,"116,238,290,252,188",5.27174,5.29036,-1.43683,3.8535299999999997,1.4182100000000006
S;I;E;Q;T,Q;R;K;L;Y,"188,168,231,182,189",5.26993,5.154,0.153862,5.307862,-0.03793200000000052
E;Q;Q;D;P,K;L;L;L;D,"231,182,127,220,197",5.26819,7.84419,1.57327,9.41746,-4.1492700000000005
S;D;T;K;T,E;H;P;L;Y,"121,186,116,252,189",5.26493,4.99838,0.153862,5.152242,0.11268799999999946
S;D;T;E;L,E;H;P;K;K,"121,186,116,231,249",5.26387,6.58675,1.9138,8.50055,-3.2366800000000007
S;T;I;D;M,A;Y;R;L;L,"124,189,168,220,262",5.26361,5.25397,-8.82803,,
E;Q;Q;D;S,K;L;L;L;T,"231,182,127,220,124",5.26209,7.84419,2.0551,9.89929,-4.637200000000001
S;I;E;N;T,Q;R;K;K;M,"188,168,231,114,29",5.25618,4.79974,-6.9328,,
T;T;T;T;I,L;M;E;V;R,"72,51,270,198,168",5.25545,4.06726,-14.7567,,
T;S;S;K;S,P;N;P;L;N,"116,238,290,252,124",5.25422,5.29036,4.11541,9.40577,-4.15155
T;S;S;K;A,P;N;P;L;F,"116,238,290,252,65",5.25361,5.29036,1.18512,6.475479999999999,-1.2218699999999991
S;T;I;N;E,A;Y;R;K;K,"124,189,168,114,231",5.25355,4.66467,1.33235,5.99702,-0.7434700000000003
S;D;R;E;T,E;H;A;K;V,"121,186,280,231,72",5.23878,1.88215,1.22066,3.10281,2.1359700000000004
T;S;S;K;F,P;N;P;L;W,"116,238,290,252,271",5.23643,5.29036,1.88634,7.176699999999999,-1.940269999999999
S;I;E;Q;Q,Q;R;K;L;V,"188,168,231,182,127",5.23584,5.154,1.22374,6.37774,-1.1419000000000006
E;Q;T;Q;S,K;L;L;L;P,"231,182,72,127,125",5.23563,7.66695,1.21417,8.88112,-3.6454899999999997
S;D;R;E;S,E;H;A;K;M,"121,186,280,231,238",5.23308,1.88215,2.2093,4.09145,1.1416300000000001
E;Q;T;Q;R,K;L;L;L;A,"231,182,72,127,280",5.23143,7.66695,-0.374307,7.292643,-2.0612130000000004
T;S;S;K;T,P;N;P;L;M,"116,238,290,252,29",5.22964,5.29036,-6.9328,,
S;D;T;K;D,E;H;P;L;Q,"121,186,116,252,220",5.22809,4.99838,2.86794,7.86632,-2.63823
S;T;I;D;S,A;Y;R;L;T,"124,189,168,220,121",5.22647,5.25397,1.3121,6.56607,-1.3396
S;D;T;E;Q,E;H;P;K;I,"121,186,116,231,127",5.22534,6.58675,2.10731,8.69406,-3.4687200000000002
T;T;T;T;Q,L;M;E;V;L,"72,51,270,198,127",5.22474,4.06726,1.54969,5.61695,-0.3922100000000004
S;I;E;Q;S,Q;R;K;L;M,"188,168,231,182,238",5.22297,5.154,2.2093,7.3633,-2.1403299999999996
S;I;E;Q;S,Q;R;K;L;K,"188,168,231,182,58",5.22082,5.154,1.14527,6.29927,-1.0784500000000001
S;I;E;Q;S,Q;R;K;L;P,"188,168,231,182,245",5.22057,5.154,1.34851,6.50251,-1.2819399999999996
Q;K;E;Q;K,L;L;K;L;F,"127,252,231,182,253",5.21861,8.0785,-2.7494,,
T;S;S;T;M,P;N;P;E;L,"116,238,290,270,154",5.21497,5.17498,1.39475,6.56973,-1.3547599999999997
S;D;T;S;T,E;H;P;F;E,"121,186,116,238,270",5.20962,4.39699,3.52614,7.92313,-2.7135099999999994
S;T;I;N;S,A;Y;R;K;E,"124,189,168,114,121",5.20672,4.66467,-7.13406,,
T;K;D;S;N,E;L;L;T;K,"270,252,220,214,114",5.20654,4.53563,-1.33405,3.2015800000000003,2.00496
S;I;E;S;Q,Q;R;K;E;I,"188,168,231,136,182",5.20407,5.68401,-0.75822,4.92579,0.27827999999999964
T;S;S;T;A,P;N;P;E;M,"116,238,290,270,135",5.20213,5.17498,1.56282,6.7378,-1.5356699999999996
S;D;T;E;F,E;H;P;K;M,"121,186,116,231,271",5.20085,6.58675,2.15661,8.743360000000001,-3.542510000000001
E;Q;T;Q;R,K;L;L;L;V,"231,182,72,127,34",5.20036,7.66695,3.28169,10.948640000000001,-5.748280000000001
T;K;D;S;T,E;L;L;T;V,"270,252,220,214,72",5.1977,4.53563,1.22066,5.75629,-0.5585899999999997
S;D;T;K;S,E;H;P;L;T,"121,186,116,252,214",5.18533,4.99838,-0.325958,4.672422,0.5129080000000004
S;D;T;E;T,E;H;P;K;M,"121,186,116,231,51",5.17375,6.58675,1.3147,7.9014500000000005,-2.7277000000000005
T;K;D;S;T,E;L;L;T;Y,"270,252,220,214,189",5.1702,4.53563,0.153862,4.689492,0.4807079999999999
S;I;E;N;S,Q;R;K;K;M,"188,168,231,114,238",5.16959,4.79974,2.2093,7.00904,-1.8394499999999994
S;T;I;N;N,A;Y;R;K;Y,"124,189,168,114,37",5.16913,4.66467,0.685741,5.350411,-0.18128100000000025
S;T;I;D;R,A;Y;R;L;Q,"124,189,168,220,224",5.16774,5.25397,0.801101,6.055071,-0.8873309999999996
T;S;S;K;S,P;N;P;L;T,"116,238,290,252,121",5.16698,5.29036,1.3121,6.60246,-1.43548
S;D;T;K;S,E;H;P;L;K,"121,186,116,252,124",5.16446,4.99838,2.68892,7.6873000000000005,-2.5228400000000004
T;S;S;T;T,P;N;P;E;M,"116,238,290,270,29",5.16358,5.17498,-6.9328,,
S;I;E;Q;A,Q;R;K;L;M,"188,168,231,182,135",5.16266,5.154,1.56282,6.71682,-1.5541600000000004
S;D;T;E;S,E;H;P;K;P,"121,186,116,231,188",5.16214,6.58675,-0.195825,6.390925,-1.2287850000000002
T;S;S;K;D,P;N;P;L;V,"116,238,290,252,186",5.15903,5.29036,1.78881,7.0791699999999995,-1.92014
T;S;S;K;A,P;N;P;L;E,"116,238,290,252,152",5.1574,5.29036,1.16636,6.45672,-1.2993199999999998
E;Q;Q;D;M,K;L;L;L;V,"231,182,127,220,154",5.15505,7.84419,-3.00604,,
S;I;E;S;N,Q;R;K;E;K,"188,168,231,136,233",5.15272,5.68401,0.328192,6.012201999999999,-0.859481999999999
S;I;E;S;K,Q;R;K;E;L,"188,168,231,136,252",5.14448,5.68401,1.24366,6.92767,-1.7831900000000003
Q;K;E;Q;S,L;L;K;L;Q,"127,252,231,182,188",5.14301,8.0785,-1.43683,6.6416699999999995,-1.4986599999999992
S;D;T;E;H,E;H;P;K;T,"121,186,116,231,104",5.14048,6.58675,1.64185,8.2286,-3.08812
T;S;S;K;Q,P;N;P;L;V,"116,238,290,252,127",5.14013,5.29036,1.22374,6.5141,-1.37397
S;D;T;S;T,E;H;P;F;M,"121,186,116,238,51",5.13002,4.39699,1.3147,5.71169,-0.5816699999999999
T;S;S;K;A,P;N;P;L;P,"116,238,290,252,152",5.12587,5.29036,1.82327,7.11363,-1.9877599999999997
T;S;S;K;H,P;N;P;L;L,"116,238,290,252,104",5.12584,5.29036,1.59008,6.88044,-1.7546
S;D;T;Q;N,E;H;P;L;K,"121,186,116,182,114",5.12428,4.19138,-1.33405,2.8573299999999997,2.26695
Q;K;E;Q;A,L;L;K;L;T,"127,252,231,182,180",5.1199,8.0785,1.57849,9.65699,-4.53709
E;Q;Q;D;T,K;L;L;L;N,"231,182,127,220,88",5.11936,7.84419,1.16002,9.00421,-3.88485
T;S;S;T;N,P;N;P;E;Y,"116,238,290,270,37",5.11827,5.17498,0.685741,5.860721,-0.742451
S;D;T;E;Q,E;H;P;K;K,"121,186,116,231,127",5.11638,6.58675,2.01179,8.59854,-3.4821599999999995
T;S;S;K;T,P;N;P;L;D,"116,238,290,252,88",5.11096,5.29036,1.98481,7.275169999999999,-2.164209999999999
E;Q;T;Q;A,K;L;L;L;V,"231,182,72,127,65",5.11071,7.66695,2.10232,9.76927,-4.6585600000000005
T;K;D;S;T,E;L;L;T;M,"270,252,220,214,51",5.10616,4.53563,1.3147,5.8503300000000005,-0.7441700000000004
S;I;E;S;T,Q;R;K;E;V,"188,168,231,136,72",5.10587,5.68401,1.22066,6.904669999999999,-1.798799999999999
T;S;S;T;S,P;N;P;E;E,"116,238,290,270,136",5.10548,5.17498,0.298574,5.473554,-0.368074
S;D;T;S;T,E;H;P;F;V,"121,186,116,238,198",5.09838,4.39699,1.56672,5.96371,-0.8653300000000002
T;S;S;T;R,P;N;P;E;Q,"116,238,290,270,132",5.09595,5.17498,1.65183,6.82681,-1.7308599999999998
T;S;S;T;D,P;N;P;E;N,"116,238,290,270,186",5.09555,5.17498,0.0141159,5.1890959,-0.09354589999999963
T;K;D;S;T,E;L;L;T;V,"270,252,220,214,198",5.09248,4.53563,1.56672,6.10235,-1.0098700000000003
S;D;T;K;A,E;H;P;L;M,"121,186,116,252,135",5.09076,4.99838,1.56282,6.5612,-1.47044
T;S;S;T;R,P;N;P;E;Q,"116,238,290,270,224",5.08985,5.17498,0.801101,5.976081,-0.8862309999999995
T;S;S;T;A,P;N;P;E;L,"116,238,290,270,65",5.08842,5.17498,1.28107,6.456049999999999,-1.3676299999999992
T;T;N;N;K,L;M;K;K;L,"72,51,233,114,252",5.08678,3.42408,1.24366,4.66774,0.41903999999999986
S;T;I;T;S,A;Y;R;E;E,"124,189,168,270,136",5.08091,5.05558,0.298574,5.354154,-0.27324400000000004
E;Q;T;Q;Q,K;L;L;L;W,"231,182,72,127,133",5.07984,7.66695,1.99371,9.66066,-4.58082
S;I;E;S;S,Q;R;K;E;V,"188,168,231,136,223",5.07792,5.68401,1.13695,6.8209599999999995,-1.7430399999999997
E;Q;T;Q;L,K;L;L;L;F,"231,182,72,127,216",5.07542,7.66695,1.28942,8.95637,-3.8809499999999995
T;S;S;K;R,P;N;P;L;Q,"116,238,290,252,224",5.07178,5.29036,0.801101,6.091461,-1.0196809999999994
E;Q;Q;D;P,K;L;L;L;L,"231,182,127,220,38",5.06698,7.84419,1.38115,9.225340000000001,-4.158360000000001
T;S;S;T;L,P;N;P;E;F,"116,238,290,270,117",5.06403,5.17498,-2.30857,,
T;S;S;T;S,P;N;P;E;H,"116,238,290,270,187",5.05845,5.17498,-0.139832,5.0351479999999995,0.023302000000000156
T;K;D;S;S,E;L;L;T;F,"270,252,220,214,238",5.05835,4.53563,-0.85124,3.6843900000000005,1.3739599999999994
T;K;D;S;G,E;L;L;T;A,"270,252,220,214,165",5.05728,4.53563,-4.58782,,
S;T;I;N;S,A;Y;R;K;M,"124,189,168,114,238",5.05224,4.66467,2.2093,6.87397,-1.8217299999999996
S;T;I;N;N,A;Y;R;K;K,"124,189,168,114,233",5.05104,4.66467,0.328192,4.992862,0.05817800000000073
T;K;D;S;M,E;L;L;T;L,"270,252,220,214,262",5.05019,4.53563,-8.82803,,
E;Q;T;Q;S,K;L;L;L;N,"231,182,72,127,124",5.0493,7.66695,4.11541,11.78236,-6.733060000000001
T;S;S;T;S,P;N;P;E;V,"116,238,290,270,223",5.04869,5.17498,1.13695,6.311929999999999,-1.2632399999999997
S;T;I;T;Q,A;Y;R;E;Y,"124,189,168,270,119",5.04685,5.05558,-4.54044,,
S;I;E;S;M,Q;R;K;E;L,"188,168,231,136,262",5.04654,5.68401,-8.82803,,
Q;K;E;Q;S,L;L;K;L;N,"127,252,231,182,124",5.0464,8.0785,4.11541,12.193909999999999,-7.147509999999999
E;Q;T;Q;I,K;L;L;L;L,"231,182,72,127,145",5.04315,7.66695,1.3052,8.97215,-3.9289999999999994
T;S;S;K;H,P;N;P;L;T,"116,238,290,252,104",5.0418,5.29036,1.64185,6.9322099999999995,-1.8904099999999993
E;Q;Q;D;A,K;L;L;L;T,"231,182,127,220,180",5.04037,7.84419,1.57849,9.42268,-4.3823099999999995
S;D;T;E;R,E;H;P;K;L,"121,186,116,231,53",5.03912,6.58675,1.57881,8.165560000000001,-3.1264400000000014
T;S;S;K;S,P;N;P;L;E,"116,238,290,252,207",5.02778,5.29036,1.39808,6.68844,-1.66066
T;S;S;K;S,P;N;P;L;K,"116,238,290,252,58",5.02667,5.29036,1.14527,6.43563,-1.4089599999999995
E;Q;T;Q;S,K;L;L;L;E,"231,182,72,127,115",5.02333,7.66695,1.69898,9.36593,-4.342600000000001
S;T;I;T;S,A;Y;R;E;E,"124,189,168,270,121",5.01981,5.05558,-7.13406,,
E;Q;Q;D;V,K;L;L;L;D,"231,182,127,220,57",5.01571,7.84419,1.23826,9.08245,-4.066739999999999
T;S;S;T;G,P;N;P;E;A,"116,238,290,270,165",5.0142,5.17498,-4.58782,,
T;S;S;T;S,P;N;P;E;E,"116,238,290,270,115",5.01016,5.17498,1.69898,6.873959999999999,-1.8637999999999995
S;T;I;D;R,A;Y;R;L;K,"124,189,168,220,53",5.00851,5.25397,1.21629,6.47026,-1.4617499999999994
T;K;D;S;R,E;L;L;T;D,"270,252,220,214,90",4.9984,4.53563,-12.5337,,
T;K;D;S;S,E;L;L;T;D,"270,252,220,214,58",4.99819,4.53563,1.87848,6.41411,-1.4159199999999998
S;T;I;D;H,A;Y;R;L;T,"124,189,168,220,104",4.99654,5.25397,1.64185,6.89582,-1.8992799999999992
S;T;N;D;T,M;V;K;L;Y,"238,198,114,220,189",4.99317,4.37095,0.153862,4.524812,0.4683580000000003
E;Q;T;Q;M,K;L;L;L;V,"231,182,72,127,154",4.98764,7.66695,-3.00604,,
S;D;T;E;T,E;H;P;K;Q,"121,186,116,231,88",4.98205,6.58675,1.20927,7.79602,-2.8139700000000003
T;S;S;K;T,P;N;P;L;N,"116,238,290,252,88",4.98147,5.29036,1.16002,6.45038,-1.4689100000000002
E;Q;Q;D;I,K;L;L;L;V,"231,182,127,220,200",4.98086,7.84419,1.28856,9.13275,-4.15189
T;S;S;T;F,P;N;P;E;M,"116,238,290,270,271",4.97609,5.17498,2.15661,7.33159,-2.3555
S;D;T;Q;Q,E;H;P;L;L,"121,186,116,182,127",4.97567,4.19138,1.54969,5.74107,-0.7653999999999996
S;I;E;Q;S,Q;R;K;L;E,"188,168,231,182,121",4.97436,5.154,-7.13406,,
S;T;I;D;T,A;Y;R;L;K,"124,189,168,220,88",4.96452,5.25397,1.28517,6.53914,-1.5746199999999995
S;D;T;K;S,E;H;P;L;P,"121,186,116,252,245",4.96291,4.99838,1.34851,6.34689,-1.3839800000000002
S;T;I;N;S,A;Y;R;K;V,"124,189,168,114,223",4.96131,4.66467,1.13695,5.80162,-0.8403099999999997
S;D;T;K;Q,E;H;P;L;Y,"121,186,116,252,119",4.95889,4.99838,-4.54044,,
Q;K;E;Q;C,L;L;K;L;S,"127,252,231,182,289",4.95752,8.0785,-1.16436,6.91414,-1.95662
S;I;E;Q;R,Q;R;K;L;T,"188,168,231,182,90",4.95592,5.154,-6.75769,,
S;T;I;T;S,A;Y;R;E;E,"124,189,168,270,207",4.95538,5.05558,1.39808,6.45366,-1.4982800000000003
T;T;T;T;D,L;M;E;V;L,"72,51,270,198,220",4.95499,4.06726,1.98604,6.0533,-1.0983100000000006
E;Q;T;Q;L,K;L;L;L;Q,"231,182,72,127,216",4.95494,7.66695,1.66917,9.33612,-4.38118
T;S;S;T;H,P;N;P;E;L,"116,238,290,270,104",4.95478,5.17498,1.59008,6.76506,-1.8102799999999997
T;T;M;Q;I,V;M;L;L;R,"198,51,262,182,168",4.95471,3.03477,-14.7567,,
S;I;E;N;S,Q;R;K;K;V,"188,168,231,114,223",4.95226,4.79974,1.13695,5.93669,-0.9844299999999997
T;S;S;K;Q,P;N;P;L;Y,"116,238,290,252,119",4.9462,5.29036,-4.54044,,
S;D;T;S;D,E;H;P;F;Q,"121,186,116,238,220",4.94201,4.39699,2.86794,7.26493,-2.32292
S;D;T;E;S,E;H;P;K;H,"121,186,116,231,214",4.93838,6.58675,-2.16722,,
S;T;I;N;S,A;Y;R;K;E,"124,189,168,114,136",4.9374,4.66467,0.298574,4.963244,-0.0258440000000002
T;S;S;T;L,P;N;P;E;M,"116,238,290,270,216",4.93687,5.17498,1.46945,6.64443,-1.70756
E;Q;Q;D;G,K;L;L;L;T,"231,182,127,220,251",4.93643,7.84419,1.39182,9.23601,-4.299580000000001
S;T;I;T;S,A;Y;R;E;K,"124,189,168,270,58",4.92838,5.05558,1.14527,6.20085,-1.2724700000000002
T;K;D;S;H,E;L;L;T;M,"270,252,220,214,104",4.92716,4.53563,1.29417,5.8298000000000005,-0.9026400000000008
T;K;D;S;S,E;L;L;T;E,"270,252,220,214,136",4.92701,4.53563,0.298574,4.834204000000001,0.0928059999999995
Q;K;E;Q;N,L;L;K;L;L,"127,252,231,182,138",4.92684,8.0785,1.20357,9.282070000000001,-4.355230000000001
S;D;T;S;S,E;H;P;F;A,"121,186,116,238,124",4.92374,4.39699,2.14285,6.53984,-1.6161000000000003
S;T;I;N;S,A;Y;R;K;Q,"124,189,168,114,188",4.92246,4.66467,-1.43683,3.22784,1.69462
T;S;S;K;T,P;N;P;L;Q,"116,238,290,252,88",4.91945,5.29036,1.20927,6.49963,-1.5801799999999995
S;T;I;T;N,A;Y;R;E;I,"124,189,168,270,37",4.91931,5.05558,1.86168,6.91726,-1.9979499999999994
Q;K;E;Q;T,L;L;K;L;N,"127,252,231,182,198",4.91892,8.0785,1.15645,9.23495,-4.31603
S;D;T;E;I,E;H;P;K;L,"121,186,116,231,145",4.91663,6.58675,1.3052,7.8919500000000005,-2.975320000000001
T;S;S;K;Q,P;N;P;L;A,"116,238,290,252,127",4.91324,5.29036,0.543456,5.833816,-0.9205759999999996
S;I;E;Q;I,Q;R;K;L;L,"188,168,231,182,145",4.90761,5.154,1.3052,6.4592,-1.55159
S;T;I;D;F,A;Y;R;L;W,"124,189,168,220,271",4.90148,5.25397,1.88634,7.1403099999999995,-2.238829999999999
S;D;T;Q;M,E;H;P;L;L,"121,186,116,182,262",4.90067,4.19138,-8.82803,,
S;I;E;Q;F,Q;R;K;L;E,"188,168,231,182,271",4.90034,5.154,2.659,7.813,-2.91266
S;D;T;E;A,E;H;P;K;N,"121,186,116,231,226",4.89973,6.58675,1.44085,8.0276,-3.1278699999999997
S;D;T;K;H,E;H;P;L;T,"121,186,116,252,104",4.89814,4.99838,1.64185,6.64023,-1.7420900000000001
S;T;I;T;T,A;Y;R;E;M,"124,189,168,270,29",4.8898,5.05558,-6.9328,,
T;S;S;K;R,P;N;P;L;S,"116,238,290,252,90",4.88902,5.29036,-6.17954,,
S;I;E;Q;K,Q;R;K;L;L,"188,168,231,182,253",4.88582,5.154,-1.0623,4.0916999999999994,0.7941200000000004
T;S;S;K;L,P;N;P;L;W,"116,238,290,252,216",4.87961,5.29036,1.37086,6.66122,-1.7816100000000006
S;T;I;D;A,A;Y;R;L;L,"124,189,168,220,65",4.86039,5.25397,1.28107,6.5350399999999995,-1.6746499999999997
S;D;T;S;S,E;H;P;F;T,"121,186,116,238,214",4.85525,4.39699,-0.325958,4.071032,0.7842180000000001
T;S;S;T;I,P;N;P;E;L,"116,238,290,270,111",4.85205,5.17498,1.56098,6.7359599999999995,-1.8839099999999993
S;I;E;S;Q,Q;R;K;E;L,"188,168,231,136,127",4.85189,5.68401,1.54969,7.2337,-2.3818099999999998
S;I;E;Q;N,Q;R;K;L;K,"188,168,231,182,114",4.84929,5.154,-1.33405,3.81995,1.02934
S;D;T;K;Q,E;H;P;L;V,"121,186,116,252,182",4.84619,4.99838,-2.18418,,
S;G;S;M;E,W;A;E;L;K,"58,165,136,262,231",4.84346,2.29813,1.33235,3.63048,1.2129800000000004
S;D;T;Q;T,E;H;P;L;L,"121,186,116,182,72",4.84294,4.19138,1.3538,5.545179999999999,-0.7022399999999998
T;K;D;S;S,E;L;L;T;Q,"270,252,220,214,188",4.84079,4.53563,-1.43683,3.0988,1.74199
S;I;E;N;M,Q;R;K;K;L,"188,168,231,114,154",4.83845,4.79974,1.39475,6.19449,-1.3560400000000001
T;T;N;N;E,L;M;K;K;K,"72,51,233,114,231",4.8368,3.42408,1.33235,4.75643,0.08037000000000027
S;T;I;D;S,A;Y;R;L;P,"124,189,168,220,245",4.83641,5.25397,1.34851,6.60248,-1.76607
S;T;I;T;H,A;Y;R;E;R,"124,189,168,270,104",4.83502,5.05558,1.19641,6.25199,-1.41697
Q;K;E;Q;G,L;L;K;L;Q,"127,252,231,182,243",4.83355,8.0785,3.87149,11.94999,-7.11644
S;I;E;N;S,Q;R;K;K;W,"188,168,231,114,58",4.83112,4.79974,1.17243,5.97217,-1.14105
E;Q;Q;D;K,K;L;L;L;Y,"231,182,127,220,253",4.82484,7.84419,-2.49422,,
S;T;N;D;S,M;V;K;L;A,"238,198,114,220,124",4.82283,4.37095,2.14285,6.5138,-1.69097
T;S;S;T;T,P;N;P;E;D,"116,238,290,270,88",4.82246,5.17498,1.98481,7.159789999999999,-2.337329999999999
S;T;I;D;S,A;Y;R;L;E,"124,189,168,220,207",4.82003,5.25397,1.39808,6.65205,-1.83202
T;T;T;T;K,L;M;E;V;L,"72,51,270,198,252",4.81908,4.06726,1.24366,5.31092,-0.4918400000000007
S;D;T;E;R,E;H;P;K;V,"121,186,116,231,34",4.81667,6.58675,3.28169,9.86844,-5.051769999999999
T;S;S;K;N,P;N;P;L;H,"116,238,290,252,205",4.8147,5.29036,0.934161,6.224520999999999,-1.409820999999999
S;D;T;K;A,E;H;P;L;E,"121,186,116,252,152",4.8143,4.99838,1.16636,6.16474,-1.3504399999999999
T;K;D;S;F,E;L;L;T;W,"270,252,220,214,271",4.81208,4.53563,1.88634,6.42197,-1.60989
S;T;I;T;F,A;Y;R;E;W,"124,189,168,270,271",4.81188,5.05558,1.88634,6.94192,-2.1300399999999993
S;T;I;D;S,A;Y;R;L;P,"124,189,168,220,188",4.8092,5.25397,-0.195825,5.058145,-0.24894499999999997
S;D;T;K;A,E;H;P;L;F,"121,186,116,252,65",4.80737,4.99838,1.18512,6.1835,-1.3761300000000007
T;K;D;S;T,E;L;L;T;M,"270,252,220,214,29",4.80263,4.53563,-6.9328,,
E;Q;Q;D;C,K;L;L;L;A,"231,182,127,220,289",4.79947,7.84419,-0.0850688,7.7591212,-2.9596511999999997
E;Q;Q;D;N,K;L;L;L;L,"231,182,127,220,138",4.79872,7.84419,1.20357,9.04776,-4.24904
Q;K;E;Q;G,L;L;K;L;K,"127,252,231,182,243",4.79779,8.0785,3.0581,11.1366,-6.33881
S;I;E;N;S,Q;R;K;K;D,"188,168,231,114,58",4.79189,4.79974,1.87848,6.67822,-1.8863299999999992
T;S;S;K;F,P;N;P;L;M,"116,238,290,252,271",4.7857,5.29036,2.15661,7.44697,-2.66127
S;T;I;D;R,A;Y;R;L;S,"124,189,168,220,90",4.78294,5.25397,-6.17954,,
S;I;E;Q;L,Q;R;K;L;I,"188,168,231,182,216",4.77985,5.154,1.43258,6.58658,-1.80673
Q;K;E;Q;S,L;L;K;L;N,"127,252,231,182,103",4.77933,8.0785,1.48912,9.56762,-4.78829
S;D;T;E;F,E;H;P;K;E,"121,186,116,231,271",4.77796,6.58675,2.659,9.245750000000001,-4.467790000000001
T;K;D;S;S,E;L;L;T;V,"270,252,220,214,223",4.7753,4.53563,1.13695,5.67258,-0.8972800000000003
E;Q;Q;D;G,K;L;L;L;S,"231,182,127,220,243",4.77437,7.84419,1.55439,9.39858,-4.624210000000001
T;S;S;K;A,P;N;P;L;L,"116,238,290,252,65",4.77354,5.29036,1.28107,6.571429999999999,-1.7978899999999998
T;K;D;S;S,E;L;L;T;W,"270,252,220,214,58",4.7733,4.53563,1.17243,5.708060000000001,-0.9347600000000007
S;T;I;D;Q,A;Y;R;L;Y,"124,189,168,220,119",4.76934,5.25397,-4.54044,,
T;K;D;S;Q,E;L;L;T;V,"270,252,220,214,182",4.76765,4.53563,-2.18418,,
T;S;S;T;A,P;N;P;E;F,"116,238,290,270,65",4.76548,5.17498,1.18512,6.360099999999999,-1.594619999999999
S;D;T;E;R,E;H;P;K;A,"121,186,116,231,280",4.76477,6.58675,-0.374307,6.212443,-1.447673
S;D;T;E;P,E;H;P;K;D,"121,186,116,231,197",4.7639,6.58675,1.57327,8.16002,-3.39612
T;T;T;S;K,L;M;E;F;L,"72,51,270,238,252",4.76257,4.13032,1.24366,5.37398,-0.6114100000000002
S;D;T;K;R,E;H;P;L;Q,"121,186,116,252,132",4.75889,4.99838,1.65183,6.6502099999999995,-1.8913199999999994
T;S;S;T;S,P;N;P;E;Q,"116,238,290,270,188",4.75365,5.17498,-1.43683,3.7381499999999996,1.0155000000000007
S;D;T;K;S,E;H;P;L;F,"121,186,116,252,238",4.75188,4.99838,-0.85124,4.14714,0.6047399999999996
S;D;T;K;S,E;H;P;L;E,"121,186,116,252,136",4.75103,4.99838,0.298574,5.296954,-0.5459240000000003
S;T;I;N;T,A;Y;R;K;M,"124,189,168,114,29",4.75001,4.66467,-6.9328,,
E;Q;T;Q;L,K;L;L;L;K,"231,182,72,127,249",4.74843,7.66695,1.9138,9.58075,-4.83232
S;D;S;N;S,E;H;Y;K;A,"121,186,238,114,124",4.74655,2.83208,2.14285,4.9749300000000005,-0.22838000000000047
T;S;S;K;Q,P;N;P;L;V,"116,238,290,252,182",4.74505,5.29036,-2.18418,,
D;L;N;Q;S,L;F;K;M;M,"220,117,233,127,238",4.74393,3.80149,2.2093,6.01079,-1.2668600000000003
S;I;E;N;S,Q;R;K;K;E,"188,168,231,114,115",4.7436,4.79974,1.69898,6.49872,-1.7551199999999998
T;S;S;K;L,P;N;P;L;Q,"116,238,290,252,216",4.73906,5.29036,1.66917,6.95953,-2.2204699999999997
T;K;D;S;S,E;L;L;T;P,"270,252,220,214,245",4.73734,4.53563,1.34851,5.88414,-1.1468000000000007
S;D;T;K;I,E;H;P;L;L,"121,186,116,252,111",4.73352,4.99838,1.56098,6.55936,-1.8258399999999995
S;I;E;N;Q,Q;R;K;K;I,"188,168,231,114,182",4.73182,4.79974,-0.75822,4.04152,0.6902999999999997
S;T;I;D;A,A;Y;R;L;P,"124,189,168,220,152",4.72728,5.25397,1.82327,7.07724,-2.3499599999999994
S;T;I;T;A,A;Y;R;E;W,"124,189,168,270,65",4.72335,5.05558,1.13227,6.18785,-1.4645000000000001
T;S;S;T;N,P;N;P;E;I,"116,238,290,270,37",4.72038,5.17498,1.86168,7.0366599999999995,-2.31628
T;S;S;K;Q,P;N;P;L;I,"116,238,290,252,182",4.72012,5.29036,-0.75822,4.53214,0.1879799999999996
T;K;D;S;N,E;L;L;T;K,"270,252,220,214,233",4.71927,4.53563,0.328192,4.863822,-0.144552
S;D;T;K;S,E;H;P;L;V,"121,186,116,252,223",4.71784,4.99838,1.13695,6.13533,-1.41749
S;I;E;Q;H,Q;R;K;L;M,"188,168,231,182,104",4.71196,5.154,1.29417,6.44817,-1.7362099999999998
S;D;T;S;G,E;H;P;F;A,"121,186,116,238,165",4.70961,4.39699,-4.58782,,
S;T;N;D;Q,M;V;K;L;L,"238,198,114,220,127",4.70792,4.37095,1.54969,5.92064,-1.21272
S;I;E;N;S,Q;R;K;K;K,"188,168,231,114,58",4.70763,4.79974,1.14527,5.94501,-1.23738
S;D;T;S;Q,E;H;P;F;Y,"121,186,116,238,119",4.70686,4.39699,-4.54044,,
T;K;D;S;S,E;L;L;T;E,"270,252,220,214,121",4.70467,4.53563,-7.13406,,
S;D;T;S;D,E;H;P;F;L,"121,186,116,238,220",4.70297,4.39699,1.98604,6.38303,-1.68006
T;S;S;T;Q,P;N;P;E;V,"116,238,290,270,127",4.70251,5.17498,1.22374,6.39872,-1.6962099999999998
S;I;E;N;A,Q;R;K;K;E,"188,168,231,114,152",4.70048,4.79974,1.16636,5.9661,-1.2656200000000002
T;S;S;T;T,P;N;P;E;K,"116,238,290,270,88",4.69946,5.17498,1.28517,6.46015,-1.7606899999999994
S;T;I;N;F,A;Y;R;K;M,"124,189,168,114,271",4.69864,4.66467,2.15661,6.82128,-2.1226399999999996
E;Q;T;Q;G,K;L;L;L;S,"231,182,72,127,243",4.69858,7.66695,1.55439,9.22134,-4.52276
S;D;T;S;T,E;H;P;F;L,"121,186,116,238,72",4.69441,4.39699,1.3538,5.750789999999999,-1.056379999999999
S;D;T;E;R,E;H;P;K;K,"121,186,116,231,53",4.69371,6.58675,1.21629,7.80304,-3.10933
S;I;E;Q;H,Q;R;K;L;L,"188,168,231,182,104",4.69339,5.154,1.59008,6.74408,-2.0506900000000003
S;D;T;E;Q,E;H;P;K;N,"121,186,116,231,133",4.69329,6.58675,1.21979,7.80654,-3.11325
E;Q;T;Q;L,K;L;L;L;E,"231,182,72,127,216",4.69322,7.66695,1.31255,8.9795,-4.28628
Q;K;E;Q;Q,L;L;K;L;E,"127,252,231,182,133",4.69029,8.0785,2.09284,10.17134,-5.481050000000001
S;T;I;D;A,A;Y;R;L;M,"124,189,168,220,65",4.68936,5.25397,1.26675,6.52072,-1.83136
S;T;N;D;K,M;V;K;L;L,"238,198,114,220,252",4.68709,4.37095,1.24366,5.61461,-0.9275199999999995
S;I;E;N;N,Q;R;K;K;K,"188,168,231,114,233",4.68308,4.79974,0.328192,5.1279319999999995,-0.44485199999999914
S;I;E;Q;F,Q;R;K;L;W,"188,168,231,182,271",4.682,5.154,1.88634,7.04034,-2.358339999999999
T;T;T;S;G,L;M;E;F;A,"72,51,270,238,165",4.68029,4.13032,-4.58782,,
S;T;I;N;A,A;Y;R;K;E,"124,189,168,114,152",4.67605,4.66467,1.16636,5.83103,-1.1549800000000001
T;S;S;T;I,P;N;P;E;L,"116,238,290,270,145",4.67592,5.17498,1.3052,6.48018,-1.8042600000000002
D;L;N;Q;N,L;F;K;M;K,"220,117,233,127,114",4.67315,3.80149,-1.33405,2.46744,2.20571
T;T;N;N;Q,L;M;K;K;L,"72,51,233,114,127",4.67264,3.42408,1.54969,4.97377,-0.3011299999999997
S;I;E;N;D,Q;R;K;K;L,"188,168,231,114,220",4.67091,4.79974,1.98604,6.78578,-2.11487
A;M;R;G;E,M;L;N;A;K,"135,154,90,165,231",4.66214,2.37909,1.33235,3.71144,0.9506999999999999
T;K;D;S;D,E;L;L;T;N,"270,252,220,214,186",4.65878,4.53563,0.0141159,4.5497459000000005,0.10903409999999969
S;T;N;D;S,M;V;K;L;E,"238,198,114,220,121",4.65877,4.37095,-7.13406,,
S;D;T;K;R,E;H;P;L;Q,"121,186,116,252,224",4.65719,4.99838,0.801101,5.799481,-1.1422910000000002
S;I;E;N;R,Q;R;K;K;D,"188,168,231,114,90",4.65588,4.79974,-12.5337,,
S;I;E;N;H,Q;R;K;K;L,"188,168,231,114,104",4.65099,4.79974,1.59008,6.38982,-1.73883
T;S;S;T;S,P;N;P;E;E,"116,238,290,270,207",4.64657,5.17498,1.39808,6.57306,-1.9264900000000003
T;T;N;N;S,L;M;K;K;M,"72,51,233,114,238",4.64445,3.42408,2.2093,5.63338,-0.9889299999999999
S;I;E;S;L,Q;R;K;E;F,"188,168,231,136,117",4.64358,5.68401,-2.30857,,
Q;K;E;Q;I,L;L;K;L;L,"127,252,231,182,111",4.6429,8.0785,1.56098,9.63948,-4.996580000000001
E;Q;T;Q;S,K;L;L;L;T,"231,182,72,127,124",4.63918,7.66695,2.0551,9.72205,-5.08287
S;D;T;K;S,E;H;P;L;V,"121,186,116,252,58",4.6325,4.99838,1.64103,6.63941,-2.0069099999999995
S;D;T;K;A,E;H;P;L;W,"121,186,116,252,65",4.63163,4.99838,1.13227,6.13065,-1.4990199999999998
T;K;D;S;R,E;L;L;T;N,"270,252,220,214,90",4.6312,4.53563,-12.5581,,
D;L;N;Q;K,L;F;K;M;L,"220,117,233,127,252",4.63012,3.80149,1.24366,5.04515,-0.4150299999999998
E;Q;Q;D;G,K;L;L;L;T,"231,182,127,220,254",4.6299,7.84419,-4.84766,,
S;D;T;E;Q,E;H;P;K;E,"121,186,116,231,133",4.62773,6.58675,2.09284,8.679590000000001,-4.051860000000001
T;S;S;K;K,P;N;P;L;F,"116,238,290,252,253",4.62576,5.29036,-2.7494,,
S;T;N;D;T,M;V;K;L;M,"238,198,114,220,51",4.62307,4.37095,1.3147,5.68565,-1.0625799999999996
S;I;E;S;S,Q;R;K;E;K,"188,168,231,136,58",4.62181,5.68401,1.14527,6.82928,-2.20747
S;T;I;D;N,A;Y;R;L;Y,"124,189,168,220,37",4.62081,5.25397,0.685741,5.939711,-1.3189010000000003
S;I;E;N;S,Q;R;K;K;K,"188,168,231,114,124",4.61987,4.79974,2.68892,7.488659999999999,-2.8687899999999997
S;I;E;S;T,Q;R;K;E;Y,"188,168,231,136,189",4.61985,5.68401,0.153862,5.837872,-1.2180220000000004
T;K;D;S;N,E;L;L;T;Y,"270,252,220,214,37",4.61868,4.53563,0.685741,5.221371,-0.6026910000000001
Q;K;E;Q;M,L;L;K;L;H,"127,252,231,182,161",4.61434,8.0785,0.29128,8.36978,-3.75544
S;D;T;K;M,E;H;P;L;L,"121,186,116,252,154",4.61425,4.99838,1.39475,6.39313,-1.77888
S;T;I;D;N,A;Y;R;L;H,"124,189,168,220,205",4.61023,5.25397,0.934161,6.188131,-1.5779010000000007
S;T;I;T;R,A;Y;R;E;Q,"124,189,168,270,132",4.60863,5.05558,1.65183,6.707409999999999,-2.0987799999999996
S;I;E;N;R,Q;R;K;K;Q,"188,168,231,114,132",4.60673,4.79974,1.65183,6.45157,-1.8448400000000005
S;I;E;Q;N,Q;R;K;L;I,"188,168,231,182,37",4.60459,5.154,1.86168,7.01568,-2.4110899999999997
T;T;T;T;S,L;M;E;V;W,"72,51,270,198,58",4.60409,4.06726,1.17243,5.23969,-0.6356000000000002
S;D;T;S;F,E;H;P;F;M,"121,186,116,238,271",4.6025,4.39699,2.15661,6.553599999999999,-1.9510999999999994
Q;K;E;Q;L,L;L;K;L;K,"127,252,231,182,249",4.59781,8.0785,1.9138,9.9923,-5.39449
S;D;T;S;N,E;H;P;F;K,"121,186,116,238,233",4.59523,4.39699,0.328192,4.725181999999999,-0.1299519999999994
S;T;I;D;T,A;Y;R;L;N,"124,189,168,220,88",4.59447,5.25397,1.16002,6.41399,-1.8195199999999998
S;D;T;K;R,E;H;P;L;N,"121,186,116,252,132",4.5919,4.99838,1.97104,6.9694199999999995,-2.3775199999999996
T;K;D;S;Q,E;L;L;T;L,"270,252,220,214,182",4.59126,4.53563,-1.69976,2.8358700000000003,1.7553899999999998
S;D;T;Q;A,E;H;P;L;M,"121,186,116,182,135",4.59056,4.19138,1.56282,5.7542,-1.16364
S;I;E;S;R,Q;R;K;E;D,"188,168,231,136,90",4.58607,5.68401,-12.5337,,
T;T;T;T;M,L;M;E;V;L,"72,51,270,198,262",4.58474,4.06726,-8.82803,,
S;D;T;K;T,E;H;P;L;N,"121,186,116,252,88",4.58193,4.99838,1.16002,6.1584,-1.5764700000000005
S;D;T;S;S,E;H;P;F;E,"121,186,116,238,136",4.58145,4.39699,0.298574,4.695564,-0.11411399999999983
S;I;E;S;R,Q;R;K;E;S,"188,168,231,136,90",4.5794,5.68401,-6.17954,,
S;T;N;D;N,M;V;K;L;Y,"238,198,114,220,37",4.57707,4.37095,0.685741,5.056691,-0.47962099999999985
T;K;D;S;R,E;L;L;T;K,"270,252,220,214,53",4.57632,4.53563,1.21629,5.75192,-1.1756000000000002
T;K;D;S;I,E;L;L;T;L,"270,252,220,214,111",4.57576,4.53563,1.56098,6.09661,-1.5208500000000003
S;I;E;S;R,Q;R;K;E;N,"188,168,231,136,132",4.57372,5.68401,1.97104,7.655049999999999,-3.0813299999999995
S;D;T;K;R,E;H;P;L;N,"121,186,116,252,90",4.57337,4.99838,-12.5581,,
T;S;S;T;S,P;N;P;E;V,"116,238,290,270,58",4.57273,5.17498,1.64103,6.8160099999999995,-2.2432799999999995
S;D;T;E;S,E;H;P;K;E,"121,186,116,231,207",4.57071,6.58675,1.39808,7.9848300000000005,-3.4141200000000005
E;Q;T;Q;N,K;L;L;L;H,"231,182,72,127,205",4.57028,7.66695,0.934161,8.601111,-4.030830999999999
E;Q;T;Q;N,K;L;L;L;L,"231,182,72,127,138",4.56751,7.66695,1.20357,8.870519999999999,-4.303009999999999
E;Q;Q;D;V,K;L;L;L;C,"231,182,127,220,281",4.56728,7.84419,1.22272,9.06691,-4.49963
T;S;S;T;R,P;N;P;E;K,"116,238,290,270,53",4.56272,5.17498,1.21629,6.39127,-1.82855
S;D;T;E;R,E;H;P;K;T,"121,186,116,231,90",4.56192,6.58675,-6.75769,,
S;I;E;N;Q,Q;R;K;K;A,"188,168,231,114,127",4.56025,4.79974,0.543456,5.343196,-0.7829459999999999
T;K;D;S;H,E;L;L;T;L,"270,252,220,214,104",4.55941,4.53563,1.59008,6.12571,-1.5663
S;T;N;D;S,M;V;K;L;T,"238,198,114,220,214",4.55661,4.37095,-0.325958,4.044992,0.5116180000000004
S;D;T;S;Q,E;H;P;F;M,"121,186,116,238,127",4.55424,4.39699,0.477397,4.874387,-0.3201469999999995
S;I;E;Q;A,Q;R;K;L;V,"188,168,231,182,65",4.55422,5.154,2.10232,7.2563200000000005,-2.7021000000000006
E;Q;Q;D;L,K;L;L;L;W,"231,182,127,220,216",4.55048,7.84419,1.37086,9.21505,-4.664569999999999
S;D;T;Q;S,E;H;P;L;E,"121,186,116,182,136",4.54973,4.19138,0.298574,4.489954,0.05977600000000027
S;I;E;Q;L,Q;R;K;L;F,"188,168,231,182,117",4.54926,5.154,-2.30857,,
S;D;T;Q;D,E;H;P;L;L,"121,186,116,182,220",4.54908,4.19138,1.98604,6.17742,-1.6283399999999997
T;S;S;K;N,P;N;P;L;I,"116,238,290,252,37",4.5483,5.29036,1.86168,7.1520399999999995,-2.6037399999999993
S;D;S;N;E,E;H;Y;K;K,"121,186,238,114,231",4.54611,2.83208,1.33235,4.164429999999999,0.38168000000000024
T;S;S;K;N,P;N;P;L;T,"116,238,290,252,190",4.54494,5.29036,1.14081,6.43117,-1.8862299999999994
T;K;D;S;S,E;L;L;T;T,"270,252,220,214,121",4.54494,4.53563,1.3121,5.84773,-1.30279
T;T;T;T;S,L;M;E;V;F,"72,51,270,198,238",4.54112,4.06726,-0.85124,3.2160200000000003,1.3251
T;T;T;T;S,L;M;E;V;A,"72,51,270,198,124",4.53661,4.06726,2.14285,6.21011,-1.6735000000000007
S;D;T;Q;T,E;H;P;L;M,"121,186,116,182,29",4.5355,4.19138,-6.9328,,
S;T;I;D;F,A;Y;R;L;M,"124,189,168,220,271",4.53442,5.25397,2.15661,7.4105799999999995,-2.8761599999999996
Q;K;E;Q;C,L;L;K;L;A,"127,252,231,182,289",4.53256,8.0785,-0.0850688,7.9934312,-3.4608711999999997
T;S;S;T;S,P;N;P;E;K,"116,238,290,270,58",4.53023,5.17498,1.14527,6.32025,-1.7900199999999993
T;S;S;T;A,P;N;P;E;P,"116,238,290,270,152",4.52789,5.17498,1.82327,6.99825,-2.4703599999999994
E;Q;T;Q;R,K;L;L;L;N,"231,182,72,127,132",4.5153,7.66695,1.97104,9.63799,-5.12269
E;Q;T;Q;G,K;L;L;L;Q,"231,182,72,127,243",4.51473,7.66695,3.87149,11.53844,-7.0237099999999995
S;T;I;N;Q,A;Y;R;K;I,"124,189,168,114,182",4.51349,4.66467,-0.75822,3.90645,0.60704
A;M;G;Q;K,M;L;A;M;L,"135,154,165,127,252",4.51216,3.19369,1.24366,4.43735,0.07480999999999938
S;T;N;D;S,M;V;K;L;D,"238,198,114,220,58",4.51035,4.37095,1.87848,6.249429999999999,-1.7390799999999995
T;S;S;T;D,P;N;P;E;V,"116,238,290,270,186",4.50909,5.17498,1.78881,6.9637899999999995,-2.4547
T;T;T;S;Q,L;M;E;F;L,"72,51,270,238,127",4.50725,4.13032,1.54969,5.68001,-1.1727600000000002
S;D;T;Q;H,E;H;P;L;M,"121,186,116,182,104",4.50705,4.19138,1.29417,5.48555,-0.9785000000000004
T;S;S;T;R,P;N;P;E;S,"116,238,290,270,90",4.50672,5.17498,-6.17954,,
S;I;E;N;L,Q;R;K;K;K,"188,168,231,114,249",4.50587,4.79974,1.9138,6.71354,-2.2076700000000002
T;K;D;S;L,E;L;L;T;F,"270,252,220,214,117",4.50458,4.53563,-2.30857,,
S;I;E;N;Q,Q;R;K;K;L,"188,168,231,114,127",4.49852,4.79974,1.54969,6.34943,-1.8509099999999998
S;T;N;D;N,M;V;K;L;K,"238,198,114,220,233",4.49733,4.37095,0.328192,4.699141999999999,-0.20181199999999944
S;T;I;T;A,A;Y;R;E;M,"124,189,168,270,65",4.49508,5.05558,1.26675,6.32233,-1.8272500000000003
S;I;E;Q;Q,Q;R;K;L;L,"188,168,231,182,127",4.49293,5.154,1.54969,6.70369,-2.2107599999999996
T;S;S;K;A,P;N;P;L;N,"116,238,290,252,226",4.48986,5.29036,1.44085,6.73121,-2.2413499999999997
E;Q;Q;D;T,K;L;L;L;N,"231,182,127,220,198",4.48647,7.84419,1.15645,9.00064,-4.514170000000001
S;D;T;Q;S,E;H;P;L;M,"121,186,116,182,238",4.48624,4.19138,2.2093,6.4006799999999995,-1.91444
S;D;T;K;N,E;H;P;L;I,"121,186,116,252,37",4.48593,4.99838,1.86168,6.86006,-2.37413
S;I;E;N;L,Q;R;K;K;M,"188,168,231,114,216",4.48526,4.79974,1.46945,6.26919,-1.7839299999999998
T;S;S;K;R,P;N;P;L;N,"116,238,290,252,132",4.48256,5.29036,1.97104,7.2614,-2.7788399999999998
S;T;I;N;S,A;Y;R;K;E,"124,189,168,114,115",4.47932,4.66467,1.69898,6.36365,-1.8843299999999994
S;D;T;E;N,E;H;P;K;K,"121,186,116,231,138",4.47878,6.58675,1.2829,7.86965,-3.3908699999999996
S;D;T;E;M,E;H;P;K;H,"121,186,116,231,161",4.47335,6.58675,0.29128,6.878030000000001,-2.404680000000001
S;D;T;K;S,E;H;P;L;N,"121,186,116,252,124",4.46986,4.99838,4.11541,9.11379,-4.64393
T;T;T;S;Q,L;M;E;F;M,"72,51,270,238,127",4.46825,4.13032,0.477397,4.607717,-0.13946699999999979
S;D;T;S;N,E;H;P;F;Y,"121,186,116,238,37",4.46795,4.39699,0.685741,5.082731,-0.6147809999999998
T;S;S;K;Q,P;N;P;L;E,"116,238,290,252,133",4.46434,5.29036,2.09284,7.3831999999999995,-2.9188599999999996
S;I;E;Q;T,Q;R;K;L;L,"188,168,231,182,72",4.45882,5.154,1.3538,6.5078,-2.0489799999999994
T;T;N;N;E,V;M;K;K;K,"198,51,233,114,231",4.45701,3.19949,1.33235,4.53184,-0.07482999999999951
S;I;E;S;S,Q;R;K;E;M,"188,168,231,136,238",4.45584,5.68401,2.2093,7.89331,-3.4374699999999994
Q;K;E;Q;V,L;L;K;L;D,"127,252,231,182,57",4.45569,8.0785,1.23826,9.31676,-4.861070000000001
E;Q;T;Q;Q,K;L;L;L;N,"231,182,72,127,133",4.45537,7.66695,1.21979,8.88674,-4.431369999999999
S;I;E;S;A,Q;R;K;E;M,"188,168,231,136,135",4.45528,5.68401,1.56282,7.24683,-2.79155
S;D;T;K;N,E;H;P;L;H,"121,186,116,252,205",4.45504,4.99838,0.934161,5.9325410000000005,-1.4775010000000002
S;D;T;K;T,E;H;P;L;K,"121,186,116,252,88",4.4547,4.99838,1.28517,6.28355,-1.82885
T;T;N;N;Q,V;M;K;K;M,"198,51,233,114,127",4.45408,3.19949,0.477397,3.676887,0.7771930000000005
S;I;E;S;H,Q;R;K;E;M,"188,168,231,136,104",4.45352,5.68401,1.29417,6.97818,-2.52466
T;S;S;T;H,P;N;P;E;T,"116,238,290,270,104",4.45299,5.17498,1.64185,6.8168299999999995,-2.3638399999999997
S;D;T;K;T,E;H;P;L;E,"121,186,116,252,270",4.45204,4.99838,3.52614,8.524519999999999,-4.072479999999999
Q;K;E;Q;G,L;L;K;L;T,"127,252,231,182,251",4.45165,8.0785,1.39182,9.470320000000001,-5.018670000000001
T;S;S;T;R,P;N;P;E;A,"116,238,290,270,280",4.44912,5.17498,-0.374307,4.800673,-0.351553
D;L;N;Q;S,L;F;K;M;A,"220,117,233,127,124",4.44769,3.80149,2.14285,5.94434,-1.4966500000000007
S;T;N;D;L,M;V;K;L;F,"238,198,114,220,117",4.44629,4.37095,-2.30857,,
S;T;N;D;R,M;V;K;L;D,"238,198,114,220,90",4.44571,4.37095,-12.5337,,
T;S;S;T;N,P;N;P;E;H,"116,238,290,270,205",4.44436,5.17498,0.934161,6.109140999999999,-1.6647809999999996
T;K;D;S;A,E;L;L;T;L,"270,252,220,214,65",4.44373,4.53563,1.28107,5.8167,-1.3729699999999996
E;Q;Q;D;Q,K;L;L;L;N,"231,182,127,220,133",4.44336,7.84419,1.21979,9.06398,-4.620620000000001
S;T;I;N;R,A;Y;R;K;Q,"124,189,168,114,224",4.44052,4.66467,0.801101,5.465771,-1.025251
T;S;S;K;Q,P;N;P;L;K,"116,238,290,252,127",4.43995,5.29036,2.01179,7.302149999999999,-2.8621999999999996
T;S;S;T;R,P;N;P;E;P,"116,238,290,270,90",4.438,5.17498,-15.0143,,
S;I;E;Q;A,Q;R;K;L;N,"188,168,231,182,226",4.43682,5.154,1.44085,6.59485,-2.15803
T;S;S;T;I,P;N;P;E;H,"116,238,290,270,168",4.43521,5.17498,-1.74709,3.4278899999999997,1.00732
T;S;S;K;K,P;N;P;L;Y,"116,238,290,252,253",4.4331,5.29036,-2.49422,,
D;L;N;Q;T,L;F;K;M;L,"220,117,233,127,72",4.43168,3.80149,1.3538,5.15529,-0.7236099999999999
S;I;E;N;A,Q;R;K;K;W,"188,168,231,114,65",4.43011,4.79974,1.13227,5.93201,-1.5019
T;T;T;S;D,L;M;E;F;L,"72,51,270,238,220",4.42978,4.13032,1.98604,6.11636,-1.6865800000000002
E;Q;Q;D;L,K;L;L;L;K,"231,182,127,220,249",4.42881,7.84419,1.9138,9.75799,-5.329179999999999
S;I;E;N;S,Q;R;K;K;N,"188,168,231,114,124",4.42425,4.79974,4.11541,8.91515,-4.490900000000001
S;T;I;T;M,A;Y;R;E;L,"124,189,168,270,154",4.42298,5.05558,1.39475,6.45033,-2.02735
T;T;T;S;D,L;M;E;F;Q,"72,51,270,238,220",4.41974,4.13032,2.86794,6.99826,-2.57852
T;S;S;K;I,P;N;P;L;H,"116,238,290,252,168",4.41592,5.29036,-1.74709,3.5432699999999997,0.8726500000000001
T;S;S;K;L,P;N;P;L;F,"116,238,290,252,216",4.41488,5.29036,1.28942,6.5797799999999995,-2.1648999999999994
S;D;T;K;Q,E;H;P;L;A,"121,186,116,252,127",4.41226,4.99838,0.543456,5.541836,-1.1295760000000001
S;T;I;D;S,A;Y;R;L;E,"124,189,168,220,115",4.41063,5.25397,1.69898,6.9529499999999995,-2.5423199999999992
S;D;T;Q;N,E;H;P;L;K,"121,186,116,182,233",4.40735,4.19138,0.328192,4.519571999999999,-0.11222199999999916
T;T;T;T;R,L;M;E;V;L,"72,51,270,198,53",4.40704,4.06726,1.57881,5.64607,-1.2390299999999996
S;D;R;E;Q,E;H;A;K;L,"121,186,280,231,127",4.40514,1.88215,1.54969,3.4318400000000002,0.9733
S;D;T;Q;S,E;H;P;L;P,"121,186,116,182,245",4.40511,4.19138,1.34851,5.53989,-1.1347800000000001
S;I;E;S;R,Q;R;K;E;Q,"188,168,231,136,132",4.40479,5.68401,1.65183,7.335839999999999,-2.931049999999999
T;T;T;T;Q,L;M;E;V;M,"72,51,270,198,127",4.40279,4.06726,0.477397,4.544657,-0.14186699999999952
S;I;E;S;F,Q;R;K;E;M,"188,168,231,136,271",4.40113,5.68401,2.15661,7.8406199999999995,-3.4394899999999993
T;K;D;S;A,E;L;L;T;F,"270,252,220,214,65",4.40045,4.53563,1.18512,5.720750000000001,-1.3203000000000005
S;I;E;Q;T,Q;R;K;L;M,"188,168,231,182,51",4.3993,5.154,1.3147,6.4687,-2.0694
S;D;T;S;S,E;H;P;F;V,"121,186,116,238,223",4.3986,4.39699,1.13695,5.533939999999999,-1.1353399999999993
T;K;D;S;S,E;L;L;T;H,"270,252,220,214,187",4.39725,4.53563,-0.139832,4.395798,0.0014519999999995647
S;I;E;Q;N,Q;R;K;L;Y,"188,168,231,182,37",4.39653,5.154,0.685741,5.839741,-1.4432109999999998
T;T;N;N;D,V;M;K;K;L,"198,51,233,114,220",4.39642,3.19949,1.98604,5.18553,-0.78911
S;I;E;N;F,Q;R;K;K;W,"188,168,231,114,271",4.39631,4.79974,1.88634,6.68608,-2.28977
T;S;S;K;R,P;N;P;L;P,"116,238,290,252,90",4.39329,5.29036,-15.0143,,
T;K;D;S;R,E;L;L;T;Q,"270,252,220,214,132",4.39249,4.53563,1.65183,6.18746,-1.7949700000000002
T;S;S;T;A,P;N;P;E;N,"116,238,290,270,226",4.39196,5.17498,1.44085,6.61583,-2.22387
S;I;E;N;L,Q;R;K;K;F,"188,168,231,114,216",4.386,4.79974,1.28942,6.08916,-1.7031599999999996
S;D;T;K;H,E;H;P;L;M,"121,186,116,252,104",4.38077,4.99838,1.29417,6.29255,-1.9117800000000003
Q;K;E;Q;P,L;L;K;L;V,"127,252,231,182,184",4.38032,8.0785,0.457537,8.536037,-4.155717
T;T;T;T;S,L;M;E;V;E,"72,51,270,198,121",4.37843,4.06726,-7.13406,,
S;I;E;N;Q,Q;R;K;K;K,"188,168,231,114,127",4.3758,4.79974,2.01179,6.811529999999999,-2.4357299999999995
T;S;S;K;R,P;N;P;L;A,"116,238,290,252,280",4.37544,5.29036,-0.374307,4.916053,-0.5406129999999996
S;T;I;D;S,A;Y;R;L;V,"124,189,168,220,58",4.3751,5.25397,1.64103,6.895,-2.5199
S;I;E;S;S,Q;R;K;E;T,"188,168,231,136,214",4.37408,5.68401,-0.325958,5.358052,-0.9839719999999996
T;K;D;S;M,E;L;L;T;L,"270,252,220,214,154",4.37344,4.53563,1.39475,5.93038,-1.55694
S;D;T;K;R,E;H;P;L;K,"121,186,116,252,53",4.37258,4.99838,1.21629,6.21467,-1.8420899999999998
S;T;I;N;R,A;Y;R;K;D,"124,189,168,114,90",4.36885,4.66467,-12.5337,,
T;T;T;T;L,L;M;E;V;F,"72,51,270,198,117",4.36285,4.06726,-2.30857,,
A;M;G;Q;D,M;L;A;M;L,"135,154,165,127,220",4.36091,3.19369,1.98604,5.17973,-0.8188200000000005
S;T;N;D;Q,M;V;K;L;M,"238,198,114,220,127",4.35948,4.37095,0.477397,4.8483469999999995,-0.48886699999999994
S;D;T;K;S,E;H;P;L;K,"121,186,116,252,58",4.35643,4.99838,1.14527,6.14365,-1.7872200000000005
S;I;E;Q;R,Q;R;K;L;Q,"188,168,231,182,224",4.35642,5.154,0.801101,5.955101,-1.598681
T;K;D;S;R,E;L;L;T;Q,"270,252,220,214,224",4.35551,4.53563,0.801101,5.336731,-0.9812210000000006
T;T;T;T;S,L;M;E;V;K,"72,51,270,198,124",4.35261,4.06726,2.68892,6.7561800000000005,-2.40357
D;L;N;Q;T,L;F;K;M;E,"220,117,233,127,270",4.35246,3.80149,3.52614,7.327629999999999,-2.9751699999999994
S;T;N;D;T,M;V;K;L;M,"238,198,114,220,29",4.34862,4.37095,-6.9328,,
S;I;E;Q;S,Q;R;K;L;H,"188,168,231,182,214",4.34841,5.154,-2.16722,,
S;D;T;S;T,E;H;P;F;M,"121,186,116,238,29",4.34553,4.39699,-6.9328,,
S;D;T;E;S,E;H;P;K;V,"121,186,116,231,58",4.34541,6.58675,1.64103,8.227780000000001,-3.8823700000000008
T;S;S;T;Q,P;N;P;E;V,"116,238,290,270,182",4.34303,5.17498,-2.18418,,
S;I;E;Q;P,Q;R;K;L;D,"188,168,231,182,197",4.34184,5.154,1.57327,6.72727,-2.3854299999999995
S;D;T;K;L,E;H;P;L;M,"121,186,116,252,216",4.34086,4.99838,1.46945,6.46783,-2.12697
S;T;N;D;S,M;V;K;L;T,"238,198,114,220,121",4.33962,4.37095,1.3121,5.68305,-1.3434299999999997
S;D;T;E;M,E;H;P;K;V,"121,186,116,231,154",4.33857,6.58675,-3.00604,,
S;D;T;E;C,E;H;P;K;A,"121,186,116,231,289",4.33803,6.58675,-0.0850688,6.5016812,-2.1636512000000003
T;K;D;S;S,E;L;L;T;E,"270,252,220,214,207",4.3347,4.53563,1.39808,5.9337100000000005,-1.5990100000000007
S;D;T;K;A,E;H;P;L;M,"121,186,116,252,65",4.3338,4.99838,1.26675,6.26513,-1.93133
T;T;N;N;Q,V;M;K;K;L,"198,51,233,114,127",4.33255,3.19949,1.54969,4.74918,-0.4166299999999996
D;L;N;Q;T,L;F;K;M;V,"220,117,233,127,198",4.33151,3.80149,1.56672,5.3682099999999995,-1.0366999999999997
S;D;T;S;R,E;H;P;F;D,"121,186,116,238,90",4.33082,4.39699,-12.5337,,
D;L;N;Q;T,L;F;K;M;Y,"220,117,233,127,189",4.32968,3.80149,0.153862,3.955352,0.37432799999999977
S;D;T;K;A,E;H;P;L;D,"121,186,116,252,226",4.32284,4.99838,-6.56873,,
S;D;T;Q;T,E;H;P;L;K,"121,186,116,182,88",4.31963,4.19138,1.28517,5.47655,-1.1569199999999995
T;K;D;S;T,E;L;L;T;K,"270,252,220,214,88",4.31927,4.53563,1.28517,5.8208,-1.5015299999999998
T;S;S;K;R,P;N;P;L;A,"116,238,290,252,90",4.31556,5.29036,-6.05749,,
T;T;T;S;S,L;M;E;F;D,"72,51,270,238,58",4.31315,4.13032,1.87848,6.0088,-1.6956499999999997
T;K;D;S;A,E;L;L;T;M,"270,252,220,214,135",4.30921,4.53563,1.56282,6.098450000000001,-1.7892400000000004
S;D;T;E;H,E;H;P;K;R,"121,186,116,231,104",4.30611,6.58675,1.19641,7.7831600000000005,-3.47705
S;I;E;S;T,Q;R;K;E;M,"188,168,231,136,51",4.30475,5.68401,1.3147,6.99871,-2.6939599999999997
T;S;S;K;A,P;N;P;L;D,"116,238,290,252,226",4.30469,5.29036,-6.56873,,
S;D;T;Q;T,E;H;P;L;M,"121,186,116,182,51",4.30238,4.19138,1.3147,5.50608,-1.2036999999999995
T;K;D;S;A,E;L;L;T;D,"270,252,220,214,226",4.2996,4.53563,-6.56873,,
S;D;T;K;F,E;H;P;L;M,"121,186,116,252,271",4.2989,4.99838,2.15661,7.15499,-2.85609
T;K;D;S;A,E;L;L;T;P,"270,252,220,214,152",4.29851,4.53563,1.82327,6.3589,-2.06039
S;T;I;N;A,A;Y;R;K;M,"124,189,168,114,65",4.29771,4.66467,1.26675,5.93142,-1.6337099999999998
S;I;E;S;H,Q;R;K;E;T,"188,168,231,136,104",4.29766,5.68401,1.64185,7.32586,-3.0282
S;I;E;Q;Q,Q;R;K;L;I,"188,168,231,182,127",4.29543,5.154,2.10731,7.26131,-2.9658800000000003
T;S;S;T;Q,P;N;P;E;K,"116,238,290,270,127",4.2953,5.17498,2.01179,7.186769999999999,-2.891469999999999
T;S;S;K;I,P;N;P;L;V,"116,238,290,252,200",4.29369,5.29036,1.28856,6.57892,-2.2852300000000003
S;D;T;S;S,E;H;P;F;E,"121,186,116,238,115",4.29314,4.39699,1.69898,6.0959699999999994,-1.8028299999999993
S;T;N;D;T,M;V;K;L;V,"238,198,114,220,72",4.29304,4.37095,1.22066,5.591609999999999,-1.298569999999999
T;T;T;S;S,L;M;E;F;E,"72,51,270,238,136",4.29281,4.13032,0.298574,4.4288940000000006,-0.13608400000000032
S;D;T;S;M,E;H;P;F;L,"121,186,116,238,262",4.29169,4.39699,-8.82803,,
T;S;S;T;R,P;N;P;E;N,"116,238,290,270,132",4.29052,5.17498,1.97104,7.14602,-2.8555
S;D;R;E;N,E;H;A;K;H,"121,186,280,231,205",4.29016,1.88215,0.934161,2.816311,1.4738490000000004
S;D;T;S;R,E;H;P;F;N,"121,186,116,238,90",4.29006,4.39699,-12.5581,,
T;S;S;T;T,P;N;P;E;N,"116,238,290,270,88",4.28595,5.17498,1.16002,6.335,-2.0490500000000003
S;D;T;S;T,E;H;P;F;V,"121,186,116,238,72",4.28464,4.39699,1.22066,5.617649999999999,-1.3330099999999998
T;T;N;N;Q,L;M;K;K;I,"72,51,233,114,182",4.28425,3.42408,-0.75822,2.66586,1.6183900000000002
S;D;T;E;I,E;H;P;K;H,"121,186,116,231,168",4.28353,6.58675,-1.74709,4.83966,-0.5561300000000005
S;T;N;D;T,M;V;K;L;L,"238,198,114,220,72",4.28211,4.37095,1.3538,5.724749999999999,-1.442639999999999
S;I;E;Q;Q,Q;R;K;L;K,"188,168,231,182,127",4.28152,5.154,2.01179,7.165789999999999,-2.884269999999999
S;T;I;T;Q,A;Y;R;E;I,"124,189,168,270,182",4.28129,5.05558,-0.75822,4.29736,-0.01607000000000003
S;I;E;S;S,Q;R;K;E;K,"188,168,231,136,124",4.27934,5.68401,2.68892,8.37293,-4.09359
S;D;T;K;T,E;H;P;L;M,"121,186,116,252,29",4.2779,4.99838,-6.9328,,
S;D;T;E;Q,E;H;P;K;T,"121,186,116,231,91",4.27479,6.58675,1.27643,7.86318,-3.5883899999999995
S;T;I;T;S,A;Y;R;E;V,"124,189,168,270,58",4.2705,5.05558,1.64103,6.69661,-2.4261099999999995
S;D;T;K;S,E;H;P;L;P,"121,186,116,252,188",4.27048,4.99838,-0.195825,4.802555,-0.5320749999999999
S;T;I;T;R,A;Y;R;E;L,"124,189,168,270,53",4.26928,5.05558,1.57881,6.63439,-2.3651099999999996
T;S;S;K;A,P;N;P;L;M,"116,238,290,252,65",4.26887,5.29036,1.26675,6.55711,-2.28824
Q;K;E;Q;G,L;L;K;L;T,"127,252,231,182,254",4.26303,8.0785,-4.84766,,
T;S;S;T;L,P;N;P;E;W,"116,238,290,270,216",4.26284,5.17498,1.37086,6.54584,-2.2830000000000004
S;T;I;T;S,A;Y;R;E;E,"124,189,168,270,115",4.2628,5.05558,1.69898,6.75456,-2.4917599999999993
D;L;N;Q;M,L;F;K;M;L,"220,117,233,127,262",4.26248,3.80149,-8.82803,,
T;S;S;T;L,P;N;P;E;F,"116,238,290,270,216",4.26104,5.17498,1.28942,6.4643999999999995,-2.203359999999999
T;K;D;S;D,E;L;L;T;V,"270,252,220,214,186",4.25916,4.53563,1.78881,6.32444,-2.0652800000000004
S;D;T;K;Q,E;H;P;L;V,"121,186,116,252,127",4.2589,4.99838,1.22374,6.22212,-1.9632200000000006
S;I;E;N;T,Q;R;K;K;N,"188,168,231,114,88",4.25679,4.79974,1.16002,5.95976,-1.7029700000000005
S;D;T;Q;Q,E;H;P;L;Y,"121,186,116,182,119",4.25643,4.19138,-4.54044,,
T;K;D;S;Q,E;L;L;T;Y,"270,252,220,214,119",4.25629,4.53563,-4.54044,,
D;L;N;Q;N,L;F;K;M;Y,"220,117,233,127,37",4.255,3.80149,0.685741,4.4872309999999995,-0.23223099999999963
S;I;E;Q;S,Q;R;K;L;F,"188,168,231,182,238",4.25394,5.154,-0.85124,4.30276,-0.048820000000000086
T;S;S;K;Q,P;N;P;L;I,"116,238,290,252,127",4.25334,5.29036,2.10731,7.39767,-3.14433
S;D;R;E;N,E;H;A;K;Y,"121,186,280,231,37",4.25257,1.88215,0.685741,2.567891,1.6846790000000005
E;Q;T;Q;V,K;L;L;L;C,"231,182,72,127,281",4.25121,7.66695,1.22272,8.88967,-4.63846
E;Q;T;Q;L,K;L;L;L;I,"231,182,72,127,216",4.24915,7.66695,1.43258,9.09953,-4.8503799999999995
T;S;S;K;S,P;N;P;L;V,"116,238,290,252,58",4.24219,5.29036,1.64103,6.9313899999999995,-2.6891999999999996
S;T;I;T;L,A;Y;R;E;F,"124,189,168,270,216",4.24045,5.05558,1.28942,6.345,-2.1045499999999997
T;T;T;S;S,L;M;E;F;T,"72,51,270,238,214",4.23783,4.13032,-0.325958,3.8043620000000002,0.4334679999999995
S;T;I;N;L,A;Y;R;K;W,"124,189,168,114,216",4.23687,4.66467,1.37086,6.03553,-1.79866
S;T;I;N;A,A;Y;R;K;D,"124,189,168,114,226",4.23314,4.66467,-6.56873,,
T;T;T;S;S,L;M;E;F;A,"72,51,270,238,124",4.23063,4.13032,2.14285,6.27317,-2.0425400000000007
D;L;N;Q;T,L;F;K;M;M,"220,117,233,127,51",4.22914,3.80149,1.3147,5.11619,-0.8870499999999995
T;T;T;S;R,L;M;E;F;K,"72,51,270,238,53",4.2254,4.13032,1.21629,5.34661,-1.1212100000000005
S;D;S;N;Q,E;H;Y;K;M,"121,186,238,114,127",4.21942,2.83208,0.477397,3.309477,0.9099430000000006
T;K;D;S;A,E;L;L;T;W,"270,252,220,214,65",4.2134,4.53563,1.13227,5.6679,-1.4545000000000003
S;D;T;Q;S,E;H;P;L;H,"121,186,116,182,187",4.20976,4.19138,-0.139832,4.0515479999999995,0.15821200000000069
T;S;S;T;R,P;N;P;E;L,"116,238,290,270,53",4.20787,5.17498,1.57881,6.7537899999999995,-2.5459199999999997
S;D;T;Q;D,E;H;P;L;Q,"121,186,116,182,220",4.20762,4.19138,2.86794,7.05932,-2.8516999999999992
S;D;T;Q;G,E;H;P;L;A,"121,186,116,182,165",4.20684,4.19138,-4.58782,,
S;D;R;E;T,E;H;A;K;M,"121,186,280,231,51",4.20629,1.88215,1.3147,3.19685,1.0094400000000001
S;T;I;N;H,A;Y;R;K;T,"124,189,168,114,104",4.20313,4.66467,1.64185,6.30652,-2.10339
T;T;N;N;R,L;M;K;K;L,"72,51,233,114,53",4.20236,3.42408,1.57881,5.00289,-0.8005300000000002
S;D;T;S;I,E;H;P;F;L,"121,186,116,238,111",4.20023,4.39699,1.56098,5.9579699999999995,-1.7577399999999992
T;S;S;T;T,P;N;P;E;Q,"116,238,290,270,88",4.20019,5.17498,1.20927,6.38425,-2.1840599999999997
S;D;T;E;N,E;H;P;K;T,"121,186,116,231,190",4.19933,6.58675,1.14081,7.72756,-3.5282300000000006
D;L;N;Q;S,L;F;K;M;W,"220,117,233,127,58",4.19733,3.80149,1.17243,4.97392,-0.7765899999999997
S;I;E;S;T,Q;R;K;E;D,"188,168,231,136,88",4.19657,5.68401,1.98481,7.66882,-3.47225
T;K;D;S;A,E;L;L;T;M,"270,252,220,214,65",4.19573,4.53563,1.26675,5.80238,-1.6066500000000001
S;I;E;Q;L,Q;R;K;L;M,"188,168,231,182,216",4.19555,5.154,1.46945,6.62345,-2.4279
S;D;T;S;N,E;H;P;F;K,"121,186,116,238,114",4.19476,4.39699,-1.33405,3.0629399999999998,1.1318199999999998
S;T;I;D;S,A;Y;R;L;K,"124,189,168,220,58",4.19387,5.25397,1.14527,6.39924,-2.2053699999999994
T;K;D;S;H,E;L;L;T;T,"270,252,220,214,104",4.18975,4.53563,1.64185,6.17748,-1.98773
S;I;E;Q;M,Q;R;K;L;V,"188,168,231,182,154",4.18945,5.154,-3.00604,,
S;D;T;S;A,E;H;P;F;F,"121,186,116,238,65",4.18513,4.39699,1.18512,5.58211,-1.39698
E;Q;Q;D;R,K;L;L;L;P,"231,182,127,220,280",4.18506,7.84419,1.29097,9.13516,-4.950100000000001
S;D;T;E;R,E;H;P;K;A,"121,186,116,231,90",4.17961,6.58675,-6.05749,,
S;T;I;N;R,A;Y;R;K;S,"124,189,168,114,90",4.17916,4.66467,-6.17954,,
A;M;G;Q;S,M;L;A;M;A,"135,154,165,127,124",4.17663,3.19369,2.14285,5.33654,-1.15991
T;S;S;K;R,P;N;P;L;L,"116,238,290,252,53",4.17292,5.29036,1.57881,6.8691699999999996,-2.696249999999999
T;S;S;T;A,P;N;P;E;M,"116,238,290,270,65",4.17256,5.17498,1.26675,6.44173,-2.26917
E;Q;T;Q;K,K;L;L;L;F,"231,182,72,127,253",4.17076,7.66695,-2.7494,,
T;S;S;T;Q,P;N;P;E;I,"116,238,290,270,182",4.17039,5.17498,-0.75822,4.41676,-0.24636999999999976
D;L;N;Q;S,L;F;K;M;P,"220,117,233,127,245",4.16972,3.80149,1.34851,5.15,-0.9802800000000005
S;D;T;Q;H,E;H;P;L;L,"121,186,116,182,104",4.16866,4.19138,1.59008,5.781459999999999,-1.6127999999999991
E;Q;Q;D;P,K;L;L;L;V,"231,182,127,220,184",4.16845,7.84419,0.457537,8.301727,-4.133277
S;I;E;S;R,Q;R;K;E;N,"188,168,231,136,90",4.16772,5.68401,-12.5581,,
S;T;N;D;R,M;V;K;L;N,"238,198,114,220,90",4.16079,4.37095,-12.5581,,
E;Q;T;Q;G,K;L;L;L;L,"231,182,72,127,243",4.16072,7.66695,3.65866,11.32561,-7.164889999999999
S;I;E;N;R,Q;R;K;K;S,"188,168,231,114,90",4.15493,4.79974,-6.17954,,
T;T;T;S;N,L;M;E;F;K,"72,51,270,238,233",4.1549,4.13032,0.328192,4.458512,-0.3036120000000002
D;L;N;Q;R,L;F;K;M;N,"220,117,233,127,90",4.1549,3.80149,-12.5581,,
T;S;S;T;N,P;N;P;E;T,"116,238,290,270,190",4.15468,5.17498,1.14081,6.31579,-2.16111
S;D;T;S;T,E;H;P;F;Q,"121,186,116,238,88",4.15386,4.39699,1.20927,5.60626,-1.4524
T;K;D;S;S,E;L;L;T;K,"270,252,220,214,58",4.15178,4.53563,1.14527,5.6809,-1.5291200000000007
E;Q;Q;D;G,K;L;L;L;A,"231,182,127,220,243",4.15159,7.84419,1.45932,9.30351,-5.15192
D;L;N;Q;S,L;F;K;M;F,"220,117,233,127,238",4.14612,3.80149,-0.85124,2.9502499999999996,1.1958700000000002
S;D;T;S;Q,E;H;P;F;I,"121,186,116,238,182",4.14226,4.39699,-0.75822,3.6387699999999996,0.5034900000000007
S;I;E;Q;M,Q;R;K;L;L,"188,168,231,182,262",4.14168,5.154,-8.82803,,
T;S;S;T;Q,P;N;P;E;Y,"116,238,290,270,119",4.14146,5.17498,-4.54044,,
T;T;T;S;R,L;M;E;F;L,"72,51,270,238,53",4.14126,4.13032,1.57881,5.70913,-1.56787
S;I;E;N;I,Q;R;K;K;V,"188,168,231,114,200",4.13772,4.79974,1.28856,6.0883,-1.9505800000000004
T;T;N;N;R,L;M;K;K;N,"72,51,233,114,90",4.13576,3.42408,-12.5581,,
T;T;N;N;Q,L;M;K;K;M,"72,51,233,114,127",4.13551,3.42408,0.477397,3.901477,0.23403300000000016
T;T;T;T;T,L;M;E;V;M,"72,51,270,198,29",4.13519,4.06726,-6.9328,,
E;Q;Q;D;C,K;L;L;L;S,"231,182,127,220,289",4.13416,7.84419,-1.16436,6.67983,-2.5456700000000003
T;T;T;T;F,L;M;E;V;W,"72,51,270,198,271",4.13117,4.06726,1.88634,5.9536,-1.8224299999999998
S;T;I;T;F,A;Y;R;E;M,"124,189,168,270,271",4.12995,5.05558,2.15661,7.21219,-3.0822399999999996
T;T;N;N;Q,L;M;K;K;L,"72,51,233,114,182",4.12654,3.42408,-1.69976,1.72432,2.4022200000000002
S;I;E;S;A,Q;R;K;E;F,"188,168,231,136,65",4.126,5.68401,1.18512,6.86913,-2.74313
S;I;E;S;S,Q;R;K;E;W,"188,168,231,136,58",4.12182,5.68401,1.17243,6.85644,-2.7346200000000005
D;L;N;Q;R,L;F;K;M;D,"220,117,233,127,90",4.11711,3.80149,-12.5337,,
S;D;T;E;Q,E;H;P;K;N,"121,186,116,231,127",4.11685,6.58675,2.35273,8.93948,-4.822629999999999
T;T;N;N;D,L;M;K;K;L,"72,51,233,114,220",4.11334,3.42408,1.98604,5.41012,-1.29678
S;D;T;E;R,E;H;P;K;P,"121,186,116,231,90",4.11251,6.58675,-15.0143,,
S;I;E;N;R,Q;R;K;K;K,"188,168,231,114,53",4.11219,4.79974,1.21629,6.01603,-1.9038399999999998
S;D;T;K;S,E;H;P;L;Q,"121,186,116,252,188",4.11214,4.99838,-1.43683,3.56155,0.5505900000000001
S;D;T;Q;S,E;H;P;L;D,"121,186,116,182,58",4.11209,4.19138,1.87848,6.069859999999999,-1.9577699999999991
S;I;E;Q;I,Q;R;K;L;L,"188,168,231,182,111",4.11094,5.154,1.56098,6.71498,-2.6040399999999995
S;T;I;N;N,A;Y;R;K;T,"124,189,168,114,190",4.10672,4.66467,1.14081,5.80548,-1.69876
S;D;T;E;G,E;H;P;K;Q,"121,186,116,231,243",4.10607,6.58675,3.87149,10.45824,-6.35217
T;T;N;N;R,L;M;K;K;K,"72,51,233,114,53",4.10603,3.42408,1.21629,4.64037,-0.5343400000000003
S;I;E;N;S,Q;R;K;K;F,"188,168,231,114,238",4.10539,4.79974,-0.85124,3.9485,0.15688999999999975
T;T;N;N;S,L;M;K;K;E,"72,51,233,114,136",4.10462,3.42408,0.298574,3.722654,0.3819659999999998
T;T;N;N;H,L;M;K;K;M,"72,51,233,114,104",4.1045,3.42408,1.29417,4.71825,-0.6137500000000005
S;D;T;K;H,E;H;P;L;L,"121,186,116,252,104",4.10262,4.99838,1.59008,6.5884599999999995,-2.4858399999999996
S;T;N;D;S,M;V;K;L;V,"238,198,114,220,223",4.09892,4.37095,1.13695,5.507899999999999,-1.4089799999999997
T;S;S;K;M,P;N;P;L;V,"116,238,290,252,154",4.09703,5.29036,-3.00604,,
S;T;I;T;N,A;Y;R;E;H,"124,189,168,270,205",4.09292,5.05558,0.934161,5.989741,-1.896821
S;T;N;D;A,M;V;K;L;M,"238,198,114,220,135",4.09206,4.37095,1.56282,5.93377,-1.84171
T;T;M;Q;D,V;M;L;L;L,"198,51,262,182,220",4.09198,3.03477,1.98604,5.02081,-0.9288299999999996
T;T;N;N;S,L;M;K;K;A,"72,51,233,114,124",4.09152,3.42408,2.14285,5.56693,-1.47541
S;I;E;Q;S,Q;R;K;L;D,"188,168,231,182,58",4.0887,5.154,1.87848,7.03248,-2.9437799999999994
T;K;D;S;A,E;L;L;T;E,"270,252,220,214,152",4.08807,4.53563,1.16636,5.70199,-1.6139200000000002
S;D;T;K;A,E;H;P;L;L,"121,186,116,252,65",4.08782,4.99838,1.28107,6.27945,-2.19163
S;D;T;S;S,E;H;P;F;D,"121,186,116,238,58",4.08745,4.39699,1.87848,6.275469999999999,-2.18802
Q;K;E;Q;Q,L;L;K;L;T,"127,252,231,182,91",4.08721,8.0785,1.27643,9.35493,-5.26772
D;L;N;Q;T,L;F;K;M;V,"220,117,233,127,72",4.08689,3.80149,1.22066,5.02215,-0.9352599999999995
T;T;N;N;S,L;M;K;K;W,"72,51,233,114,58",4.08623,3.42408,1.17243,4.59651,-0.5102800000000007
T;T;T;T;S,L;M;E;V;M,"72,51,270,198,238",4.08566,4.06726,2.2093,6.27656,-2.1909
S;D;T;Q;A,E;H;P;L;F,"121,186,116,182,65",4.0841,4.19138,1.18512,5.3765,-1.2923999999999998
S;H;T;M;E,P;M;M;L;K,"245,104,29,262,231",4.08179,1.96403,1.33235,3.29638,0.7854099999999997
S;D;T;K;Q,E;H;P;L;I,"121,186,116,252,182",4.08,4.99838,-0.75822,4.24016,-0.1601600000000003
A;M;L;N;E,M;L;F;Y;K,"135,154,117,37,231",4.07805,2.34832,1.33235,3.68067,0.39738000000000007
T;T;M;Q;K,V;M;L;L;L,"198,51,262,182,252",4.07407,3.03477,1.24366,4.27843,-0.20436000000000032
S;D;T;S;F,E;H;P;F;W,"121,186,116,238,271",4.07388,4.39699,1.88634,6.283329999999999,-2.2094499999999995
Q;K;E;Q;V,L;L;K;L;C,"127,252,231,182,281",4.07282,8.0785,1.22272,9.30122,-5.228400000000001
D;L;N;Q;G,L;F;K;M;A,"220,117,233,127,165",4.07273,3.80149,-4.58782,,
S;D;T;K;T,E;H;P;L;Q,"121,186,116,252,88",4.07269,4.99838,1.20927,6.20765,-2.1349600000000004
E;Q;T;Q;Q,K;L;L;L;E,"231,182,72,127,133",4.07191,7.66695,2.09284,9.759789999999999,-5.687879999999999
S;T;N;D;R,M;V;K;L;Q,"238,198,114,220,224",4.06811,4.37095,0.801101,5.172051,-1.1039409999999998
N;S;T;H;E,Y;Q;M;M;K,"37,188,29,104,231",4.0679,1.62133,1.33235,2.95368,1.11422
S;D;T;S;A,E;H;P;F;E,"121,186,116,238,152",4.06735,4.39699,1.16636,5.56335,-1.4959999999999996
S;I;E;S;A,Q;R;K;E;P,"188,168,231,136,152",4.0641,5.68401,1.82327,7.50728,-3.44318
S;I;E;N;Q,Q;R;K;K;M,"188,168,231,114,127",4.06332,4.79974,0.477397,5.277137,-1.2138169999999997
S;T;N;D;R,M;V;K;L;K,"238,198,114,220,53",4.05971,4.37095,1.21629,5.5872399999999995,-1.5275299999999996
S;D;T;K;A,E;H;P;L;P,"121,186,116,252,152",4.05967,4.99838,1.82327,6.82165,-2.7619800000000003
S;D;T;K;S,E;H;P;L;E,"121,186,116,252,115",4.05537,4.99838,1.69898,6.69736,-2.64199
T;T;N;N;T,V;M;K;K;E,"198,51,233,114,270",4.05313,3.19949,3.52614,6.72563,-2.6724999999999994
S;I;E;Q;F,Q;R;K;L;M,"188,168,231,182,271",4.05061,5.154,2.15661,7.3106100000000005,-3.2600000000000007
S;I;E;S;S,Q;R;K;E;E,"188,168,231,136,207",4.04897,5.68401,1.39808,7.08209,-3.0331200000000003
S;T;N;D;T,M;V;K;L;Q,"238,198,114,220,88",4.04871,4.37095,1.20927,5.58022,-1.53151
S;D;T;Q;A,E;H;P;L;L,"121,186,116,182,65",4.04814,4.19138,1.28107,5.472449999999999,-1.4243099999999993
S;D;T;K;R,E;H;P;L;L,"121,186,116,252,53",4.04713,4.99838,1.57881,6.57719,-2.5300599999999998
Q;K;E;Q;S,L;L;K;L;T,"127,252,231,182,124",4.04586,8.0785,2.0551,10.1336,-6.087739999999999
S;T;I;D;R,A;Y;R;L;N,"124,189,168,220,132",4.04428,5.25397,1.97104,7.225009999999999,-3.1807299999999996
T;K;D;S;S,E;L;L;T;E,"270,252,220,214,115",4.04285,4.53563,1.69898,6.23461,-2.1917600000000004
D;L;N;Q;T,L;F;K;M;M,"220,117,233,127,29",4.03913,3.80149,-6.9328,,
T;S;S;T;A,P;N;P;E;D,"116,238,290,270,226",4.03769,5.17498,-6.56873,,
S;T;N;D;H,M;V;K;L;M,"238,198,114,220,104",4.0376,4.37095,1.29417,5.66512,-1.6275199999999996
S;D;T;E;A,E;H;P;K;V,"121,186,116,231,65",4.03655,6.58675,2.10232,8.689070000000001,-4.652520000000001
E;Q;T;Q;L,K;L;L;L;D,"231,182,72,127,249",4.03618,7.66695,1.3351,9.00205,-4.965870000000001
S;T;I;D;R,A;Y;R;L;P,"124,189,168,220,90",4.03579,5.25397,-15.0143,,
S;T;N;D;S,M;V;K;L;K,"238,198,114,220,124",4.03552,4.37095,2.68892,7.05987,-3.02435
E;Q;T;Q;G,K;L;L;L;H,"231,182,72,127,251",4.0328,7.66695,1.17609,8.84304,-4.81024
S;D;T;Q;T,E;H;P;L;Y,"121,186,116,182,189",4.03239,4.19138,0.153862,4.345242,-0.31285199999999946
T;S;S;K;S,P;N;P;L;Y,"116,238,290,252,269",4.03112,5.29036,-0.731655,4.558705,-0.5275850000000002
D;L;N;Q;S,L;F;K;M;K,"220,117,233,127,124",4.03095,3.80149,2.68892,6.49041,-2.45946
S;D;T;E;L,E;H;P;K;C,"121,186,116,231,249",4.03068,6.58675,1.14374,7.7304900000000005,-3.6998100000000003
S;D;T;Q;I,E;H;P;L;L,"121,186,116,182,111",4.02467,4.19138,1.56098,5.7523599999999995,-1.727689999999999
S;D;T;K;A,E;H;P;L;N,"121,186,116,252,226",4.02107,4.99838,1.44085,6.43923,-2.4181600000000003
S;T;N;D;A,M;V;K;L;E,"238,198,114,220,152",4.01871,4.37095,1.16636,5.53731,-1.5186000000000002
T;K;D;S;N,E;L;L;T;I,"270,252,220,214,37",4.00404,4.53563,1.86168,6.39731,-2.3932700000000002
T;S;S;T;Q,P;N;P;E;A,"116,238,290,270,127",4.0038,5.17498,0.543456,5.718436,-1.7146359999999996
S;D;R;E;D,E;H;A;K;Q,"121,186,280,231,220",4.00147,1.88215,2.86794,4.75009,-0.7486199999999998
S;I;E;N;D,Q;R;K;K;Q,"188,168,231,114,220",4.00043,4.79974,2.86794,7.66768,-3.66725
N;S;S;R;Q,K;T;W;D;L,"233,214,58,90,127",3.99971,2.40164,1.54969,3.95133,0.04837999999999987
S;I;E;N;C,Q;R;K;K;A,"188,168,231,114,289",3.99329,4.79974,-0.0850688,4.7146712,-0.7213811999999997
S;T;N;D;M,M;V;K;L;L,"238,198,114,220,262",3.98857,4.37095,-8.82803,,
S;T;I;T;R,A;Y;R;E;S,"124,189,168,270,90",3.98804,5.05558,-6.17954,,
S;D;T;E;S,E;H;P;K;Y,"121,186,116,231,242",3.98668,6.58675,1.18862,7.775370000000001,-3.788690000000001
T;T;T;S;N,L;M;E;F;Y,"72,51,270,238,37",3.98662,4.13032,0.685741,4.816061,-0.8294410000000005
S;T;I;D;F,A;Y;R;L;M,"124,189,168,220,191",3.98392,5.25397,0.285492,5.539461999999999,-1.5555419999999995
T;T;T;S;A,L;M;E;F;E,"72,51,270,238,152",3.98382,4.13032,1.16636,5.29668,-1.3128600000000001
S;D;T;Q;S,E;H;P;L;E,"121,186,116,182,207",3.98214,4.19138,1.39808,5.58946,-1.60732
S;T;N;D;S,M;V;K;L;W,"238,198,114,220,58",3.97955,4.37095,1.17243,5.54338,-1.5638299999999998
T;S;S;T;A,P;N;P;E;T,"116,238,290,270,180",3.97884,5.17498,1.57849,6.75347,-2.77463
T;K;D;S;N,E;L;L;T;H,"270,252,220,214,205",3.97815,4.53563,0.934161,5.469791000000001,-1.4916410000000009
S;D;S;N;T,E;H;Y;K;Y,"121,186,238,114,189",3.97808,2.83208,0.153862,2.985942,0.9921379999999997
S;T;R;S;D,A;V;A;T;L,"124,198,280,214,220",3.97784,2.1529,1.98604,4.13894,-0.1610999999999998
T;S;S;T;I,P;N;P;E;R,"116,238,290,270,168",3.9764,5.17498,-14.7567,,
T;T;M;R;D,V;M;L;D;L,"198,51,262,90,220",3.97628,2.75602,1.98604,4.74206,-0.7657800000000003
S;D;S;N;N,E;H;Y;K;Y,"121,186,238,114,37",3.97623,2.83208,0.685741,3.517821,0.45840900000000007
T;T;N;N;K,V;M;K;K;L,"198,51,233,114,252",3.97368,3.19949,1.24366,4.44315,-0.4694700000000003
T;T;T;S;R,L;M;E;F;N,"72,51,270,238,90",3.97349,4.13032,-12.5581,,
T;T;T;T;N,L;M;E;V;K,"72,51,270,198,233",3.97172,4.06726,0.328192,4.395452,-0.4237319999999998
A;M;G;N;E,M;L;A;K;K,"135,154,165,233,231",3.97087,2.61474,1.33235,3.9470899999999998,0.023780000000000356
T;S;S;T;Q,P;N;P;E;L,"116,238,290,270,182",3.96872,5.17498,-1.69976,3.4752199999999998,0.49350000000000005
T;S;S;K;S,P;N;P;L;P,"116,238,290,252,188",3.9672,5.29036,-0.195825,5.094535,-1.1273349999999995
S;D;R;E;L,E;H;A;K;M,"121,186,280,231,216",3.96706,1.88215,1.46945,3.3516,0.6154600000000001
S;T;I;N;R,A;Y;R;K;N,"124,189,168,114,132",3.96554,4.66467,1.97104,6.6357099999999996,-2.6701699999999997
S;D;T;Q;S,E;H;P;L;Q,"121,186,116,182,188",3.96548,4.19138,-1.43683,2.7545499999999996,1.2109300000000003
T;T;T;S;S,L;M;E;F;K,"72,51,270,238,124",3.9643,4.13032,2.68892,6.819240000000001,-2.8549400000000005
A;M;G;Q;T,M;L;A;M;Y,"135,154,165,127,189",3.95699,3.19369,0.153862,3.3475520000000003,0.6094379999999995
T;K;D;S;S,E;L;L;T;N,"270,252,220,214,124",3.9539,4.53563,4.11541,8.65104,-4.69714
S;D;T;S;T,E;H;P;F;Y,"121,186,116,238,189",3.9534,4.39699,0.153862,4.550852,-0.5974520000000001
S;T;I;N;I,A;Y;R;K;L,"124,189,168,114,111",3.95316,4.66467,1.56098,6.22565,-2.27249
S;D;T;K;R,E;H;P;L;S,"121,186,116,252,90",3.95199,4.99838,-6.17954,,
T;S;S;T;S,P;N;P;E;N,"116,238,290,270,124",3.95001,5.17498,4.11541,9.290389999999999,-5.340379999999999
T;K;D;S;Q,E;L;L;T;A,"270,252,220,214,127",3.94945,4.53563,0.543456,5.079086,-1.129636
S;D;T;E;S,E;H;P;K;P,"121,186,116,231,125",3.94621,6.58675,1.21417,7.8009200000000005,-3.8547100000000003
S;D;T;E;Q,E;H;P;K;T,"121,186,116,231,127",3.94489,6.58675,0.705474,7.292224,-3.347334
T;S;S;K;S,P;N;P;L;H,"116,238,290,252,214",3.94391,5.29036,-2.16722,,
S;D;T;E;F,E;H;P;K;M,"121,186,116,231,191",3.94359,6.58675,0.285492,6.872242,-2.928652
T;S;S;K;I,P;N;P;L;R,"116,238,290,252,168",3.94242,5.29036,-14.7567,,
S;T;I;D;N,A;Y;R;L;T,"124,189,168,220,190",3.9417,5.25397,1.14081,6.39478,-2.45308
T;S;S;K;L,P;N;P;L;I,"116,238,290,252,216",3.93921,5.29036,1.43258,6.7229399999999995,-2.7837299999999994
E;Q;T;Q;K,K;L;L;L;Y,"231,182,72,127,253",3.93902,7.66695,-2.49422,,
S;I;E;S;Q,Q;R;K;E;V,"188,168,231,136,182",3.93284,5.68401,-2.18418,,
D;L;N;Q;H,L;F;K;M;M,"220,117,233,127,104",3.92975,3.80149,1.29417,5.09566,-1.1659099999999998
T;S;S;T;S,P;N;P;E;Y,"116,238,290,270,269",3.92929,5.17498,-0.731655,4.443325,-0.5140349999999998
T;T;T;T;N,L;M;E;V;K,"72,51,270,198,114",3.92912,4.06726,-1.33405,2.73321,1.19591
T;T;M;R;Q,V;M;L;D;L,"198,51,262,90,127",3.92848,2.75602,1.54969,4.3057099999999995,-0.3772299999999995
S;T;I;T;R,A;Y;R;E;A,"124,189,168,270,280",3.92761,5.05558,-0.374307,4.681273,-0.753663
S;T;N;D;A,M;V;K;L;F,"238,198,114,220,65",3.92585,4.37095,1.18512,5.55607,-1.63022
S;I;E;Q;R,Q;R;K;L;A,"188,168,231,182,90",3.92458,5.154,-6.05749,,
S;D;T;S;S,E;H;P;F;W,"121,186,116,238,58",3.92254,4.39699,1.17243,5.56942,-1.64688
S;I;E;Q;I,Q;R;K;L;V,"188,168,231,182,200",3.9199,5.154,1.28856,6.44256,-2.52266
S;D;T;E;I,E;H;P;K;R,"121,186,116,231,168",3.91825,6.58675,-14.7567,,
S;I;E;Q;A,Q;R;K;L;E,"188,168,231,182,152",3.91659,5.154,1.16636,6.32036,-2.40377
T;T;T;T;S,L;M;E;V;T,"72,51,270,198,214",3.91451,4.06726,-0.325958,3.741302,0.1732079999999998
E;Q;T;Q;G,K;L;L;L;T,"231,182,72,127,254",3.91327,7.66695,-4.84766,,
T;S;S;T;I,P;N;P;E;V,"116,238,290,270,200",3.91159,5.17498,1.28856,6.46354,-2.55195
T;S;S;T;R,P;N;P;E;T,"116,238,290,270,90",3.91026,5.17498,-6.75769,,
T;K;D;S;I,E;L;L;T;H,"270,252,220,214,168",3.90999,4.53563,-1.74709,2.7885400000000002,1.1214499999999998
A;M;G;Q;S,M;L;A;M;M,"135,154,165,127,238",3.90964,3.19369,2.2093,5.40299,-1.49335
T;T;M;R;K,V;M;L;D;L,"198,51,262,90,252",3.90813,2.75602,1.24366,3.9996799999999997,-0.0915499999999998
S;D;T;Q;F,E;H;P;L;M,"121,186,116,182,271",3.90706,4.19138,2.15661,6.347989999999999,-2.4409299999999994
E;Q;Q;D;R,K;L;L;L;Y,"231,182,127,220,123",3.90598,7.84419,1.89278,9.73697,-5.83099
S;I;E;S;L,Q;R;K;E;E,"188,168,231,136,216",3.90589,5.68401,1.31255,6.99656,-3.09067
T;K;D;S;T,E;L;L;T;D,"270,252,220,214,88",3.90363,4.53563,1.98481,6.520440000000001,-2.6168100000000005
T;T;N;N;S,L;M;K;K;P,"72,51,233,114,245",3.90253,3.42408,1.34851,4.77259,-0.8700600000000001
S;D;T;S;H,E;H;P;F;T,"121,186,116,238,104",3.9022,4.39699,1.64185,6.0388399999999995,-2.1366399999999994
T;K;D;S;S,E;L;L;T;V,"270,252,220,214,58",3.90163,4.53563,1.64103,6.17666,-2.27503
S;T;I;D;M,A;Y;R;L;V,"124,189,168,220,154",3.90147,5.25397,-3.00604,,
S;I;E;S;S,Q;R;K;E;E,"188,168,231,136,121",3.89954,5.68401,-7.13406,,
S;T;N;D;A,M;V;K;L;D,"238,198,114,220,226",3.89907,4.37095,-6.56873,,
S;D;T;S;M,E;H;P;F;L,"121,186,116,238,154",3.89205,4.39699,1.39475,5.79174,-1.89969
D;L;N;Q;S,L;F;K;M;E,"220,117,233,127,136",3.88742,3.80149,0.298574,4.100064,-0.2126439999999996
S;I;E;S;S,Q;R;K;E;T,"188,168,231,136,121",3.88704,5.68401,1.3121,6.99611,-3.10907
S;D;T;S;S,E;H;P;F;H,"121,186,116,238,187",3.88633,4.39699,-0.139832,4.2571579999999996,-0.3708279999999995
E;Q;T;Q;C,K;L;L;L;L,"231,182,72,127,289",3.88594,7.66695,1.40303,9.06998,-5.1840399999999995
S;T;I;N;T,A;Y;R;K;N,"124,189,168,114,88",3.88532,4.66467,1.16002,5.82469,-1.9393700000000003
T;T;N;N;T,V;M;K;K;V,"198,51,233,114,72",3.88323,3.19949,1.22066,4.42015,-0.5369199999999994
S;D;T;K;Q,E;H;P;L;I,"121,186,116,252,127",3.8828,4.99838,2.10731,7.10569,-3.22289
S;I;E;Q;R,Q;R;K;L;K,"188,168,231,182,53",3.88198,5.154,1.21629,6.37029,-2.48831
T;T;M;Q;Q,V;M;L;L;L,"198,51,262,182,127",3.87685,3.03477,1.54969,4.58446,-0.7076099999999999
S;T;I;N;A,A;Y;R;K;P,"124,189,168,114,152",3.8745,4.66467,1.82327,6.48794,-2.61344
S;D;T;Q;R,E;H;P;L;Q,"121,186,116,182,224",3.87259,4.19138,0.801101,4.992481,-1.1198909999999995
S;D;T;S;A,E;H;P;F;L,"121,186,116,238,65",3.87089,4.39699,1.28107,5.678059999999999,-1.8071699999999993
S;I;E;N;N,Q;R;K;K;T,"188,168,231,114,190",3.86908,4.79974,1.14081,5.94055,-2.07147
T;T;T;T;T,L;M;E;V;Y,"72,51,270,198,189",3.86798,4.06726,0.153862,4.221122,-0.35314200000000007
S;T;N;D;S,M;V;K;L;K,"238,198,114,220,58",3.86742,4.37095,1.14527,5.51622,-1.6487999999999996
S;D;T;S;S,E;H;P;F;E,"121,186,116,238,207",3.86596,4.39699,1.39808,5.79507,-1.92911
S;D;T;S;S,E;H;P;F;N,"121,186,116,238,124",3.86177,4.39699,4.11541,8.5124,-4.65063
S;T;N;D;T,M;V;K;L;K,"238,198,114,220,88",3.86045,4.37095,1.28517,5.65612,-1.7956699999999994
T;R;S;S;Q,L;K;Y;T;L,"72,53,269,214,127",3.86003,2.10066,1.54969,3.65035,0.2096800000000001
S;I;E;Q;Q,Q;R;K;L;T,"188,168,231,182,91",3.85713,5.154,1.27643,6.430429999999999,-2.5732999999999993
S;D;T;K;F,E;H;P;L;M,"121,186,116,252,191",3.85638,4.99838,0.285492,5.283872,-1.4274919999999995
S;D;T;Q;L,E;H;P;L;F,"121,186,116,182,117",3.85518,4.19138,-2.30857,,
S;G;S;M;I,W;A;E;L;R,"58,165,136,262,168",3.85307,2.29813,-14.7567,,
S;I;E;N;K,Q;R;K;K;L,"188,168,231,114,252",3.85171,4.79974,1.24366,6.0434,-2.19169
T;T;N;N;R,L;M;K;K;D,"72,51,233,114,90",3.85118,3.42408,-12.5337,,
S;D;T;K;S,E;H;P;L;A,"121,186,116,252,124",3.85009,4.99838,2.14285,7.14123,-3.2911400000000004
T;T;T;T;T,L;M;E;V;K,"72,51,270,198,88",3.84987,4.06726,1.28517,5.35243,-1.50256
A;M;G;Q;N,M;L;A;M;K,"135,154,165,127,114",3.84893,3.19369,-1.33405,1.8596400000000002,1.98929
S;D;T;Q;Q,E;H;P;L;K,"121,186,116,182,127",3.84752,4.19138,2.01179,6.20317,-2.3556500000000002
D;L;N;Q;S,L;F;K;M;T,"220,117,233,127,214",3.84651,3.80149,-0.325958,3.475532,0.37097800000000003
S;T;N;D;S,M;V;K;L;E,"238,198,114,220,207",3.84601,4.37095,1.39808,5.76903,-1.9230199999999997
T;T;T;S;A,L;M;E;F;M,"72,51,270,238,135",3.84307,4.13032,1.56282,5.6931400000000005,-1.8500700000000005
E;Q;Q;D;L,K;L;L;L;C,"231,182,127,220,249",3.83677,7.84419,1.14374,8.98793,-5.151160000000001
T;T;M;R;Q,V;M;L;D;M,"198,51,262,90,127",3.83639,2.75602,0.477397,3.2334169999999998,0.6029730000000004
T;T;T;S;M,L;M;E;F;L,"72,51,270,238,262",3.83596,4.13032,-8.82803,,
S;D;T;Q;R,E;H;P;L;N,"121,186,116,182,132",3.83424,4.19138,1.97104,6.162419999999999,-2.3281799999999993
S;D;S;N;K,E;H;Y;K;L,"121,186,238,114,252",3.82994,2.83208,1.24366,4.07574,-0.24579999999999957
T;T;T;T;A,L;M;E;V;W,"72,51,270,198,65",3.82562,4.06726,1.13227,5.19953,-1.3739100000000004
T;T;T;T;Q,L;M;E;V;I,"72,51,270,198,182",3.82343,4.06726,-0.75822,3.30904,0.5143900000000001
T;S;S;T;Q,P;N;P;E;E,"116,238,290,270,133",3.82317,5.17498,2.09284,7.2678199999999995,-3.4446499999999993
T;T;N;N;I,L;M;K;K;L,"72,51,233,114,111",3.8205,3.42408,1.56098,4.98506,-1.1645599999999998
A;M;G;Q;T,M;L;A;M;V,"135,154,165,127,198",3.81986,3.19369,1.56672,4.76041,-0.9405500000000004
T;T;T;S;N,L;M;E;F;K,"72,51,270,238,114",3.81905,4.13032,-1.33405,2.7962700000000003,1.0227799999999996
T;T;T;S;S,L;M;E;F;E,"72,51,270,238,207",3.81672,4.13032,1.39808,5.5284,-1.7116800000000003
S;T;N;D;A,M;V;K;L;M,"238,198,114,220,65",3.81551,4.37095,1.26675,5.6377,-1.8221899999999995
S;D;S;N;T,E;H;Y;K;V,"121,186,238,114,72",3.81413,2.83208,1.22066,4.05274,-0.23861
T;S;S;K;Q,P;N;P;L;R,"116,238,290,252,127",3.81376,5.29036,2.24575,7.53611,-3.72235
D;L;N;Q;I,L;F;K;M;L,"220,117,233,127,111",3.81285,3.80149,1.56098,5.36247,-1.54962
A;M;G;Q;T,M;L;A;M;L,"135,154,165,127,72",3.80653,3.19369,1.3538,4.54749,-0.7409599999999998
S;T;I;D;S,A;Y;R;L;H,"124,189,168,220,214",3.80553,5.25397,-2.16722,,
T;K;D;S;F,E;L;L;T;M,"270,252,220,214,271",3.80528,4.53563,2.15661,6.69224,-2.8869599999999997
D;L;N;Q;F,L;F;K;M;M,"220,117,233,127,271",3.80216,3.80149,2.15661,5.9581,-2.1559399999999997
T;S;S;K;S,P;N;P;L;Y,"116,238,290,252,242",3.8018,5.29036,1.18862,6.47898,-2.67718
E;Q;T;Q;P,K;L;L;L;D,"231,182,72,127,197",3.79914,7.66695,1.57327,9.24022,-5.441080000000001
S;D;T;S;S,E;H;P;F;P,"121,186,116,238,245",3.79604,4.39699,1.34851,5.7455,-1.9494599999999997
T;T;N;N;S,L;M;K;K;K,"72,51,233,114,124",3.79544,3.42408,2.68892,6.1129999999999995,-2.3175599999999994
S;D;T;S;H,E;H;P;F;M,"121,186,116,238,104",3.79492,4.39699,1.29417,5.69116,-1.8962400000000001
S;D;T;K;N,E;H;P;L;T,"121,186,116,252,190",3.79436,4.99838,1.14081,6.13919,-2.34483
S;D;T;Q;S,E;H;P;L;K,"121,186,116,182,124",3.79326,4.19138,2.68892,6.8803,-3.08704
T;K;D;S;T,E;L;L;T;N,"270,252,220,214,88",3.79315,4.53563,1.16002,5.6956500000000005,-1.9025000000000007
S;T;N;D;I,M;V;K;L;L,"238,198,114,220,111",3.79218,4.37095,1.56098,5.9319299999999995,-2.1397499999999994
N;S;S;R;I,K;T;W;D;R,"233,214,58,90,168",3.79193,2.40164,-14.7567,,
S;T;I;D;S,A;Y;R;L;Q,"124,189,168,220,188",3.78902,5.25397,-1.43683,3.8171399999999998,-0.028119999999999923
D;L;N;S;I,L;F;K;Y;R,"220,117,233,269,168",3.78893,2.47846,-14.7567,,
S;D;T;S;A,E;H;P;F;P,"121,186,116,238,152",3.78765,4.39699,1.82327,6.22026,-2.4326099999999995
T;T;T;S;S,L;M;E;F;H,"72,51,270,238,187",3.77917,4.13032,-0.139832,3.990488,-0.2113179999999999
S;T;N;D;G,M;V;K;L;A,"238,198,114,220,165",3.77661,4.37095,-4.58782,,
T;T;T;T;H,L;M;E;V;L,"72,51,270,198,104",3.77644,4.06726,1.59008,5.65734,-1.8808999999999996
A;M;G;N;D,M;L;A;K;L,"135,154,165,233,220",3.77452,2.61474,1.98604,4.60078,-0.8262600000000004
T;T;M;Q;T,V;M;L;L;L,"198,51,262,182,72",3.77061,3.03477,1.3538,4.38857,-0.6179599999999996
T;K;D;S;Q,E;L;L;T;I,"270,252,220,214,182",3.77027,4.53563,-0.75822,3.77741,-0.007140000000000146
S;D;S;N;S,E;H;Y;K;W,"121,186,238,114,58",3.76993,2.83208,1.17243,4.00451,-0.2345799999999998
S;T;I;N;R,A;Y;R;K;L,"124,189,168,114,53",3.76966,4.66467,1.57881,6.24348,-2.47382
D;L;N;Q;A,L;F;K;M;M,"220,117,233,127,135",3.7692,3.80149,1.56282,5.36431,-1.5951099999999996
S;T;I;D;Q,A;Y;R;L;A,"124,189,168,220,127",3.76835,5.25397,0.543456,5.797426,-2.029076
S;D;T;E;Q,E;H;P;K;W,"121,186,116,231,133",3.76654,6.58675,1.99371,8.58046,-4.81392
T;S;S;K;A,P;N;P;L;V,"116,238,290,252,65",3.76549,5.29036,2.10232,7.39268,-3.6271900000000006
S;D;T;S;A,E;H;P;F;M,"121,186,116,238,135",3.76508,4.39699,1.56282,5.95981,-2.19473
S;I;E;N;F,Q;R;K;K;M,"188,168,231,114,191",3.76371,4.79974,0.285492,5.0852319999999995,-1.3215219999999994
T;T;N;N;T,V;M;K;K;Y,"198,51,233,114,189",3.76257,3.19949,0.153862,3.353352,0.4092180000000001
T;T;T;S;I,L;M;E;F;L,"72,51,270,238,111",3.76185,4.13032,1.56098,5.6913,-1.92945
S;D;S;N;Q,E;H;Y;K;L,"121,186,238,114,127",3.76019,2.83208,1.54969,4.3817699999999995,-0.6215799999999994
T;S;S;K;K,P;N;P;L;L,"116,238,290,252,253",3.75798,5.29036,-1.0623,4.228059999999999,-0.4700799999999994
T;S;S;K;F,P;N;P;L;E,"116,238,290,252,271",3.75666,5.29036,2.659,7.9493599999999995,-4.192699999999999
S;D;T;E;Q,E;H;P;K;R,"121,186,116,231,127",3.74694,6.58675,2.24575,8.8325,-5.085559999999999
S;I;E;N;T,Q;R;K;K;Q,"188,168,231,114,88",3.74469,4.79974,1.20927,6.00901,-2.26432
S;I;E;Q;S,Q;R;K;L;T,"188,168,231,182,214",3.74404,5.154,-0.325958,4.828042,-1.084002
S;D;T;K;S,E;H;P;L;W,"121,186,116,252,58",3.74265,4.99838,1.17243,6.17081,-2.4281600000000005
S;D;T;E;R,E;H;P;K;Y,"121,186,116,231,123",3.74245,6.58675,1.89278,8.47953,-4.737080000000001
T;T;T;T;R,L;M;E;V;K,"72,51,270,198,53",3.74227,4.06726,1.21629,5.28355,-1.54128
S;T;N;D;S,M;V;K;L;E,"238,198,114,220,136",3.74058,4.37095,0.298574,4.669524,-0.928944
A;M;G;Q;S,M;L;A;M;T,"135,154,165,127,214",3.73988,3.19369,-0.325958,2.867732,0.8721479999999997
S;T;N;D;S,M;V;K;L;H,"238,198,114,220,187",3.73772,4.37095,-0.139832,4.2311179999999995,-0.49339799999999956
S;T;N;D;Q,M;V;K;L;L,"238,198,114,220,182",3.73583,4.37095,-1.69976,2.6711899999999997,1.0646400000000003
S;D;T;S;R,E;H;P;F;A,"121,186,116,238,280",3.73554,4.39699,-0.374307,4.022683,-0.2871429999999999
T;T;N;N;S,L;M;K;K;T,"72,51,233,114,214",3.73365,3.42408,-0.325958,3.098122,0.6355279999999999
T;T;T;T;A,L;M;E;V;P,"72,51,270,198,152",3.73168,4.06726,1.82327,5.89053,-2.15885
T;T;N;N;T,L;M;K;K;Y,"72,51,233,114,189",3.72876,3.42408,0.153862,3.577942,0.15081799999999967
T;S;S;T;H,P;N;P;E;R,"116,238,290,270,104",3.72649,5.17498,1.19641,6.37139,-2.6449
S;D;R;E;R,E;H;A;K;Q,"121,186,280,231,132",3.72559,1.88215,1.65183,3.5339799999999997,0.19161000000000028
S;D;T;K;L,E;H;P;L;Q,"121,186,116,252,216",3.72415,4.99838,1.66917,6.66755,-2.9434000000000005
T;K;D;S;R,E;L;L;T;S,"270,252,220,214,90",3.72225,4.53563,-6.17954,,
T;T;T;T;R,L;M;E;V;Q,"72,51,270,198,132",3.71737,4.06726,1.65183,5.71909,-2.0017199999999997
S;D;T;S;S,E;H;P;F;K,"121,186,116,238,58",3.7169,4.39699,1.14527,5.54226,-1.8253599999999999
T;T;M;R;S,V;M;L;D;A,"198,51,262,90,124",3.71161,2.75602,2.14285,4.8988700000000005,-1.1872600000000006
T;S;S;K;G,P;N;P;L;Q,"116,238,290,252,243",3.71131,5.29036,3.87149,9.16185,-5.450539999999999
S;D;T;Q;A,E;H;P;L;W,"121,186,116,182,65",3.70885,4.19138,1.13227,5.32365,-1.6147999999999998
T;S;S;K;N,P;N;P;L;K,"116,238,290,252,138",3.70748,5.29036,1.2829,6.573259999999999,-2.8657799999999995
S;D;T;Q;T,E;H;P;L;D,"121,186,116,182,88",3.70104,4.19138,1.98481,6.17619,-2.47515
T;T;T;S;R,L;M;E;F;Q,"72,51,270,238,224",3.69824,4.13032,0.801101,4.931421,-1.233181
S;D;R;E;S,E;H;A;K;F,"121,186,280,231,238",3.69776,1.88215,-0.85124,1.03091,2.66685
T;S;S;T;K,P;N;P;E;L,"116,238,290,270,253",3.69662,5.17498,-1.0623,4.112679999999999,-0.41605999999999943
E;Q;T;Q;K,K;L;L;L;L,"231,182,72,127,253",3.69497,7.66695,-1.0623,6.6046499999999995,-2.9096799999999994
S;D;T;Q;S,E;H;P;L;A,"121,186,116,182,124",3.6932,4.19138,2.14285,6.33423,-2.6410299999999998
T;T;M;Q;N,V;M;L;L;K,"198,51,262,182,114",3.69311,3.03477,-1.33405,1.70072,1.9923899999999999
S;D;R;E;A,E;H;A;K;E,"121,186,280,231,152",3.69121,1.88215,1.16636,3.0485100000000003,0.6426999999999996
A;M;G;Q;S,M;L;A;M;W,"135,154,165,127,58",3.68973,3.19369,1.17243,4.3661200000000004,-0.6763900000000005
A;M;L;N;K,M;L;F;Y;L,"135,154,117,37,252",3.68815,2.34832,1.24366,3.5919800000000004,0.09616999999999942
S;T;N;D;F,M;V;K;L;M,"238,198,114,220,271",3.68718,4.37095,2.15661,6.527559999999999,-2.8403799999999992
S;T;N;D;Q,M;V;K;L;E,"238,198,114,220,133",3.68373,4.37095,2.09284,6.4637899999999995,-2.7800599999999993
D;L;N;Q;S,L;F;K;M;D,"220,117,233,127,58",3.68307,3.80149,1.87848,5.67997,-1.9969000000000001
S;D;T;S;N,E;H;P;F;H,"121,186,116,238,205",3.68158,4.39699,0.934161,5.331151,-1.6495710000000003
T;K;D;S;R,E;L;L;T;N,"270,252,220,214,132",3.68124,4.53563,1.97104,6.50667,-2.82543
T;T;N;N;M,L;M;K;K;L,"72,51,233,114,262",3.68067,3.42408,-8.82803,,
S;I;E;Q;M,Q;R;K;L;L,"188,168,231,182,154",3.6733,5.154,1.39475,6.54875,-2.8754500000000003
T;T;T;T;D,L;M;E;V;Q,"72,51,270,198,220",3.67264,4.06726,2.86794,6.9352,-3.26256
T;S;S;T;Q,P;N;P;E;I,"116,238,290,270,127",3.67036,5.17498,2.10731,7.28229,-3.6119299999999996
S;D;S;N;T,E;H;Y;K;V,"121,186,238,114,198",3.67034,2.83208,1.56672,4.3988,-0.7284599999999997
T;K;D;S;I,E;L;L;T;R,"270,252,220,214,168",3.66899,4.53563,-14.7567,,
S;T;N;D;S,M;V;K;L;Q,"238,198,114,220,188",3.66811,4.37095,-1.43683,2.9341199999999996,0.7339900000000004
S;T;N;D;H,M;V;K;L;T,"238,198,114,220,104",3.66497,4.37095,1.64185,6.0127999999999995,-2.3478299999999996
S;T;N;D;D,M;V;K;L;V,"238,198,114,220,186",3.66387,4.37095,1.78881,6.1597599999999995,-2.4958899999999993
T;T;N;N;H,L;M;K;K;L,"72,51,233,114,104",3.66209,3.42408,1.59008,5.01416,-1.3520700000000003
D;L;N;Q;M,L;F;K;M;L,"220,117,233,127,154",3.66025,3.80149,1.39475,5.1962399999999995,-1.5359899999999995
T;T;M;R;N,V;M;L;D;K,"198,51,262,90,114",3.65725,2.75602,-1.33405,1.42197,2.23528
S;T;R;S;Q,A;V;A;T;M,"124,198,280,214,127",3.65615,2.1529,0.477397,2.6302969999999997,1.0258530000000001
T;T;M;R;T,V;M;L;D;V,"198,51,262,90,72",3.65608,2.75602,1.22066,3.97668,-0.3205999999999998
S;D;T;Q;F,E;H;P;L;W,"121,186,116,182,271",3.65365,4.19138,1.88634,6.077719999999999,-2.4240699999999995
S;D;T;S;T,E;H;P;F;K,"121,186,116,238,88",3.65265,4.39699,1.28517,5.68216,-2.0295099999999997
S;D;T;S;L,E;H;P;F;F,"121,186,116,238,117",3.65215,4.39699,-2.30857,,
T;T;T;S;A,L;M;E;F;P,"72,51,270,238,152",3.6515,4.13032,1.82327,5.95359,-2.30209
S;D;T;E;K,E;H;P;K;L,"121,186,116,231,253",3.65065,6.58675,-1.0623,5.52445,-1.8737999999999997
S;D;T;Q;S,E;H;P;L;V,"121,186,116,182,223",3.64987,4.19138,1.13695,5.328329999999999,-1.6784599999999994
A;M;G;Q;T,M;L;A;M;M,"135,154,165,127,51",3.64839,3.19369,1.3147,4.50839,-0.8600000000000003
T;T;M;R;S,V;M;L;D;M,"198,51,262,90,238",3.64791,2.75602,2.2093,4.96532,-1.3174100000000002
S;D;T;E;S,E;H;P;K;T,"121,186,116,231,124",3.64728,6.58675,2.0551,8.64185,-4.9945699999999995
T;T;M;Q;T,V;M;L;L;V,"198,51,262,182,72",3.64648,3.03477,1.22066,4.2554300000000005,-0.6089500000000005
S;T;R;S;E,A;V;A;T;K,"124,198,280,214,231",3.64647,2.1529,1.33235,3.4852499999999997,0.16122000000000014
T;K;D;S;T,E;L;L;T;Q,"270,252,220,214,88",3.64507,4.53563,1.20927,5.7449,-2.0998300000000003
A;M;G;Q;R,M;L;A;M;D,"135,154,165,127,90",3.64504,3.19369,-12.5337,,
A;M;G;Q;T,M;L;A;M;V,"135,154,165,127,72",3.64385,3.19369,1.22066,4.414350000000001,-0.7705000000000006
E;Q;Q;D;K,K;L;L;L;A,"231,182,127,220,253",3.64272,7.84419,-2.13229,,
S;T;I;D;R,A;Y;R;L;V,"124,189,168,220,34",3.64225,5.25397,3.28169,8.53566,-4.893409999999999
S;D;T;K;Q,E;H;P;L;L,"121,186,116,252,182",3.64042,4.99838,-1.69976,3.29862,0.3418000000000001
S;I;E;N;T,Q;R;K;K;V,"188,168,231,114,72",3.63865,4.79974,1.22066,6.0204,-2.3817500000000003
S;D;S;N;D,E;H;Y;K;L,"121,186,238,114,220",3.63859,2.83208,1.98604,4.81812,-1.1795300000000002
T;T;T;T;H,L;M;E;V;M,"72,51,270,198,104",3.6369,4.06726,1.29417,5.36143,-1.7245300000000006
S;G;S;M;Q,W;A;E;L;L,"58,165,136,262,127",3.63661,2.29813,1.54969,3.84782,-0.2112099999999999
D;L;N;Q;A,L;F;K;M;L,"220,117,233,127,65",3.63374,3.80149,1.28107,5.08256,-1.44882
T;T;T;T;G,L;M;E;V;A,"72,51,270,198,165",3.63135,4.06726,-4.58782,,
S;I;E;S;Q,Q;R;K;E;A,"188,168,231,136,127",3.63095,5.68401,0.543456,6.227466,-2.596516
S;T;I;N;T,A;Y;R;K;Q,"124,189,168,114,88",3.6301,4.66467,1.20927,5.87394,-2.24384
T;T;T;S;A,L;M;E;F;F,"72,51,270,238,65",3.62886,4.13032,1.18512,5.315440000000001,-1.6865800000000006
S;I;E;N;I,Q;R;K;K;L,"188,168,231,114,145",3.62825,4.79974,1.3052,6.10494,-2.47669
A;M;G;Q;N,M;L;A;M;Y,"135,154,165,127,37",3.62762,3.19369,0.685741,3.8794310000000003,-0.25181100000000045
T;T;M;R;S,V;M;L;D;K,"198,51,262,90,124",3.62707,2.75602,2.68892,5.44494,-1.81787
T;T;N;N;S,V;M;K;K;Q,"198,51,233,114,188",3.62501,3.19949,-1.43683,1.76266,1.8623500000000002
T;T;N;N;S,V;M;K;K;A,"198,51,233,114,124",3.62196,3.19949,2.14285,5.34234,-1.72038
S;I;E;Q;G,Q;R;K;L;A,"188,168,231,182,243",3.62117,5.154,1.45932,6.61332,-2.9921499999999996
S;D;S;N;S,E;H;Y;K;D,"121,186,238,114,58",3.61924,2.83208,1.87848,4.71056,-1.09132
S;D;T;Q;S,E;H;P;L;F,"121,186,116,182,238",3.61904,4.19138,-0.85124,3.34014,0.27890000000000015
T;S;S;K;F,P;N;P;L;M,"116,238,290,252,191",3.61869,5.29036,0.285492,5.575851999999999,-1.9571619999999994
T;T;N;N;M,V;M;K;K;L,"198,51,233,114,262",3.61829,3.19949,-8.82803,,
S;T;I;T;K,A;Y;R;E;L,"124,189,168,270,252",3.61777,5.05558,1.24366,6.29924,-2.68147
A;M;G;N;K,M;L;A;K;L,"135,154,165,233,252",3.61771,2.61474,1.24366,3.8583999999999996,-0.2406899999999994
S;D;T;E;G,E;H;P;K;S,"121,186,116,231,243",3.6166,6.58675,1.55439,8.14114,-4.52454
A;M;G;Q;S,M;L;A;M;D,"135,154,165,127,58",3.61656,3.19369,1.87848,5.07217,-1.4556099999999996
S;I;E;N;L,Q;R;K;K;W,"188,168,231,114,216",3.61496,4.79974,1.37086,6.1706,-2.5556400000000004
D;L;N;Q;H,L;F;K;M;L,"220,117,233,127,104",3.61447,3.80149,1.59008,5.39157,-1.7771
S;T;N;D;S,M;V;K;L;P,"238,198,114,220,245",3.61272,4.37095,1.34851,5.71946,-2.10674
T;K;D;S;Q,E;L;L;T;V,"270,252,220,214,127",3.61064,4.53563,1.22374,5.7593700000000005,-2.1487300000000005
S;D;T;K;R,E;H;P;L;T,"121,186,116,252,90",3.60947,4.99838,-6.75769,,
T;T;N;N;S,V;M;K;K;W,"198,51,233,114,58",3.60878,3.19949,1.17243,4.37192,-0.7631400000000004
A;M;G;Q;T,M;L;A;M;E,"135,154,165,127,270",3.60828,3.19369,3.52614,6.71983,-3.11155
E;Q;Q;D;S,K;L;L;L;P,"231,182,127,220,125",3.60739,7.84419,1.21417,9.05836,-5.45097
S;I;E;N;A,Q;R;K;K;M,"188,168,231,114,65",3.60299,4.79974,1.26675,6.06649,-2.4635
T;T;M;R;T,V;M;L;D;Y,"198,51,262,90,189",3.6023,2.75602,0.153862,2.909882,0.692418
S;D;T;Q;T,E;H;P;L;V,"121,186,116,182,72",3.5997,4.19138,1.22066,5.412039999999999,-1.8123399999999994
S;D;T;K;R,E;H;P;L;A,"121,186,116,252,90",3.59816,4.99838,-6.05749,,
D;L;N;Q;T,L;F;K;M;K,"220,117,233,127,88",3.59661,3.80149,1.28517,5.08666,-1.49005
S;T;I;N;N,A;Y;R;K;I,"124,189,168,114,37",3.59578,4.66467,1.86168,6.52635,-2.93057
S;D;T;K;T,E;H;P;L;D,"121,186,116,252,88",3.59575,4.99838,1.98481,6.9831900000000005,-3.3874400000000007
S;D;R;D;Q,E;H;A;L;L,"121,186,280,220,127",3.59405,2.15121,1.54969,3.7009,-0.10684999999999967
T;T;T;T;S,L;M;E;V;E,"72,51,270,198,136",3.59311,4.06726,0.298574,4.365834,-0.7727240000000006
S;I;E;Q;R,Q;R;K;L;Q,"188,168,231,182,132",3.59239,5.154,1.65183,6.80583,-3.2134400000000003
S;D;R;E;T,E;H;A;K;D,"121,186,280,231,88",3.59072,1.88215,1.98481,3.8669599999999997,-0.2762399999999996
T;K;D;S;R,E;L;L;T;L,"270,252,220,214,53",3.58728,4.53563,1.57881,6.11444,-2.5271600000000003
S;D;T;K;I,E;H;P;L;V,"121,186,116,252,200",3.58684,4.99838,1.28856,6.2869399999999995,-2.7000999999999995
N;S;S;R;S,K;T;W;D;A,"233,214,58,90,124",3.58408,2.40164,2.14285,4.54449,-0.9604099999999995
T;T;N;N;S,L;M;K;K;H,"72,51,233,114,187",3.58384,3.42408,-0.139832,3.284248,0.2995920000000001
E;Q;Q;D;M,K;L;L;L;H,"231,182,127,220,161",3.58244,7.84419,0.29128,8.13547,-4.55303
S;D;T;K;S,E;H;P;L;E,"121,186,116,252,207",3.57938,4.99838,1.39808,6.39646,-2.8170800000000003
D;L;N;Q;S,L;F;K;M;H,"220,117,233,127,187",3.57634,3.80149,-0.139832,3.6616579999999996,-0.08531799999999956
A;M;G;Q;S,M;L;A;M;P,"135,154,165,127,245",3.57571,3.19369,1.34851,4.5422,-0.9664900000000003
E;Q;T;Q;C,K;L;L;L;S,"231,182,72,127,289",3.57516,7.66695,-1.16436,6.50259,-2.9274299999999998
S;I;E;Q;H,Q;R;K;L;T,"188,168,231,182,104",3.57461,5.154,1.64185,6.79585,-3.22124
T;S;S;T;F,P;N;P;E;E,"116,238,290,270,271",3.57427,5.17498,2.659,7.8339799999999995,-4.25971
S;D;T;E;L,E;H;P;K;P,"121,186,116,231,216",3.57371,6.58675,1.17536,7.76211,-4.1884
S;D;R;T;S,E;H;A;L;A,"121,186,280,72,124",3.5737,1.88057,2.14285,4.02342,-0.4497199999999997
T;T;N;N;S,V;M;K;K;K,"198,51,233,114,124",3.57242,3.19949,2.68892,5.88841,-2.31599
S;T;R;S;K,A;V;A;T;L,"124,198,280,214,252",3.57242,2.1529,1.24366,3.39656,0.17586000000000013
T;T;T;S;T,L;M;E;F;Y,"72,51,270,238,189",3.57186,4.13032,0.153862,4.284182,-0.7123220000000003
T;K;D;S;Q,E;L;L;T;E,"270,252,220,214,133",3.57134,4.53563,2.09284,6.62847,-3.05713
S;D;T;Q;S,E;H;P;L;T,"121,186,116,182,214",3.57128,4.19138,-0.325958,3.8654219999999997,-0.2941419999999999
T;T;N;N;Q,L;M;K;K;Y,"72,51,233,114,119",3.57112,3.42408,-4.54044,,
S;D;T;S;L,E;H;P;F;M,"121,186,116,238,216",3.57029,4.39699,1.46945,5.86644,-2.29615
T;T;N;N;T,L;M;K;K;V,"72,51,233,114,198",3.56985,3.42408,1.56672,4.9908,-1.42095
S;T;N;D;D,M;V;K;L;N,"238,198,114,220,186",3.56801,4.37095,0.0141159,4.3850659,-0.8170558999999997
T;K;D;S;A,E;L;L;T;N,"270,252,220,214,226",3.56413,4.53563,1.44085,5.9764800000000005,-2.4123500000000004
D;L;N;Q;S,L;F;K;M;Q,"220,117,233,127,188",3.56347,3.80149,-1.43683,2.3646599999999998,1.1988100000000004
S;D;T;E;G,E;H;P;K;K,"121,186,116,231,243",3.56331,6.58675,3.0581,9.64485,-6.08154
D;L;N;Q;S,L;F;K;M;T,"220,117,233,127,121",3.56221,3.80149,1.3121,5.11359,-1.5513800000000004
T;K;D;S;R,E;L;L;T;A,"270,252,220,214,280",3.55896,4.53563,-0.374307,4.161323,-0.6023630000000004
T;T;N;N;L,V;M;K;K;F,"198,51,233,114,117",3.55383,3.19949,-2.30857,,
A;M;G;Q;S,M;L;A;M;Q,"135,154,165,127,188",3.55356,3.19369,-1.43683,1.75686,1.7967
S;I;E;Q;K,Q;R;K;L;V,"188,168,231,182,253",3.55253,5.154,-1.77146,3.3825399999999997,0.1699900000000003
T;T;T;T;S,L;M;E;V;D,"72,51,270,198,58",3.55205,4.06726,1.87848,5.94574,-2.39369
S;T;N;D;T,M;V;K;L;D,"238,198,114,220,88",3.55128,4.37095,1.98481,6.35576,-2.80448
T;K;D;S;R,E;L;L;T;P,"270,252,220,214,90",3.55067,4.53563,-15.0143,,
T;T;T;T;I,L;M;E;V;L,"72,51,270,198,145",3.55018,4.06726,1.3052,5.37246,-1.8222800000000001
S;I;E;Q;N,Q;R;K;L;T,"188,168,231,182,190",3.54973,5.154,1.14081,6.29481,-2.74508
S;T;I;D;F,A;Y;R;L;E,"124,189,168,220,271",3.54901,5.25397,2.659,7.91297,-4.36396
S;D;T;S;F,E;H;P;F;M,"121,186,116,238,191",3.54755,4.39699,0.285492,4.682481999999999,-1.1349319999999992
T;T;N;N;T,L;M;K;K;E,"72,51,233,114,270",3.54735,3.42408,3.52614,6.95022,-3.40287
S;D;T;S;R,E;H;P;F;P,"121,186,116,238,90",3.54325,4.39699,-15.0143,,
S;I;E;Q;G,Q;R;K;L;A,"188,168,231,182,165",3.53824,5.154,-4.58782,,
S;I;E;Q;Q,Q;R;K;L;Y,"188,168,231,182,119",3.53796,5.154,-4.54044,,
D;L;N;Q;D,L;F;K;M;N,"220,117,233,127,186",3.53439,3.80149,0.0141159,3.8156059,-0.28121589999999985
S;I;E;S;S,Q;R;K;E;N,"188,168,231,136,124",3.53395,5.68401,4.11541,9.79942,-6.26547
S;I;E;N;A,Q;R;K;K;N,"188,168,231,114,226",3.53315,4.79974,1.44085,6.24059,-2.70744
T;S;S;T;S,P;N;P;E;P,"116,238,290,270,188",3.53299,5.17498,-0.195825,4.9791549999999996,-1.4461649999999997
S;T;N;D;R,M;V;K;L;A,"238,198,114,220,280",3.53233,4.37095,-0.374307,3.9966429999999997,-0.46431299999999975
S;D;T;K;K,E;H;P;L;Y,"121,186,116,252,253",3.53128,4.99838,-2.49422,,
T;T;T;S;S,L;M;E;F;E,"72,51,270,238,121",3.53104,4.13032,-7.13406,,
T;K;D;S;Q,E;L;L;T;I,"270,252,220,214,127",3.52848,4.53563,2.10731,6.64294,-3.1144600000000002
T;T;T;T;N,L;M;E;V;I,"72,51,270,198,37",3.52824,4.06726,1.86168,5.92894,-2.4007
T;K;D;S;N,E;L;L;T;T,"270,252,220,214,190",3.52778,4.53563,1.14081,5.67644,-2.1486600000000005
S;D;S;N;T,E;H;Y;K;E,"121,186,238,114,270",3.52513,2.83208,3.52614,6.358219999999999,-2.8330899999999994
T;T;N;N;S,V;M;K;K;P,"198,51,233,114,245",3.52492,3.19949,1.34851,4.548,-1.0230800000000002
S;D;T;K;Q,E;H;P;L;K,"121,186,116,252,127",3.52462,4.99838,2.01179,7.0101700000000005,-3.4855500000000004
S;I;E;N;S,Q;R;K;K;E,"188,168,231,114,207",3.52366,4.79974,1.39808,6.19782,-2.67416
T;T;M;Q;D,V;M;L;L;Q,"198,51,262,182,220",3.52269,3.03477,2.86794,5.90271,-2.38002
S;T;N;D;M,M;V;K;L;L,"238,198,114,220,154",3.52158,4.37095,1.39475,5.7657,-2.2441199999999997
T;S;S;T;M,P;N;P;E;V,"116,238,290,270,154",3.52016,5.17498,-3.00604,,
S;D;R;E;H,E;H;A;K;L,"121,186,280,231,104",3.51743,1.88215,1.59008,3.4722299999999997,0.04520000000000035
T;S;S;T;Q,P;N;P;E;W,"116,238,290,270,133",3.51697,5.17498,1.99371,7.16869,-3.6517199999999996
S;T;I;D;Q,A;Y;R;L;V,"124,189,168,220,127",3.5159,5.25397,1.22374,6.47771,-2.9618100000000003
S;T;I;T;R,A;Y;R;E;V,"124,189,168,270,34",3.51476,5.05558,3.28169,8.33727,-4.82251
T;T;T;T;Q,L;M;E;V;V,"72,51,270,198,182",3.51293,4.06726,-2.18418,,
S;I;E;N;A,Q;R;K;K;F,"188,168,231,114,65",3.51258,4.79974,1.18512,5.984859999999999,-2.4722799999999996
T;T;N;N;Q,V;M;K;K;L,"198,51,233,114,182",3.50913,3.19949,-1.69976,1.49973,2.0094
S;T;I;D;K,A;Y;R;L;L,"124,189,168,220,253",3.50803,5.25397,-1.0623,4.19167,-0.68364
T;T;M;Q;S,V;M;L;L;W,"198,51,262,182,58",3.50604,3.03477,1.17243,4.2072,-0.7011600000000002
S;D;T;S;R,E;H;P;F;Q,"121,186,116,238,224",3.50551,4.39699,0.801101,5.198091,-1.6925809999999997
D;L;N;Q;S,L;F;K;M;E,"220,117,233,127,121",3.50536,3.80149,-7.13406,,
S;D;T;K;R,E;H;P;L;A,"121,186,116,252,280",3.50449,4.99838,-0.374307,4.624073,-1.119583
S;I;E;N;R,Q;R;K;K;T,"188,168,231,114,90",3.50385,4.79974,-6.75769,,
D;L;N;S;N,L;F;K;Y;K,"220,117,233,269,114",3.5028,2.47846,-1.33405,1.1444100000000001,2.35839
T;T;N;N;G,V;M;K;K;A,"198,51,233,114,165",3.50168,3.19949,-4.58782,,
T;S;S;K;G,P;N;P;L;K,"116,238,290,252,243",3.50083,5.29036,3.0581,8.34846,-4.847629999999999
S;D;T;E;T,E;H;P;K;N,"121,186,116,231,198",3.49525,6.58675,1.15645,7.7432,-4.2479499999999994
T;T;T;T;A,L;M;E;V;M,"72,51,270,198,65",3.49486,4.06726,1.26675,5.33401,-1.83915
T;S;S;T;L,P;N;P;E;Q,"116,238,290,270,216",3.49379,5.17498,1.66917,6.84415,-3.35036
A;M;G;N;T,M;L;A;K;V,"135,154,165,233,198",3.49098,2.61474,1.56672,4.1814599999999995,-0.6904799999999995
T;T;T;S;T,L;M;E;F;Q,"72,51,270,238,88",3.4902,4.13032,1.20927,5.33959,-1.84939
D;L;N;Q;Q,L;F;K;M;L,"220,117,233,127,182",3.49016,3.80149,-1.69976,2.10173,1.38843
D;L;N;Q;S,L;F;K;M;V,"220,117,233,127,223",3.48924,3.80149,1.13695,4.93844,-1.4491999999999998
S;I;E;N;M,Q;R;K;K;L,"188,168,231,114,262",3.4875,4.79974,-8.82803,,
S;D;T;Q;S,E;H;P;L;V,"121,186,116,182,58",3.48631,4.19138,1.64103,5.832409999999999,-2.3460999999999994
T;T;N;N;S,L;M;K;K;E,"72,51,233,114,121",3.48129,3.42408,-7.13406,,
Q;K;E;Q;L,L;L;K;L;C,"127,252,231,182,249",3.47765,8.0785,1.14374,9.22224,-5.744589999999999
T;T;N;N;S,V;M;K;K;D,"198,51,233,114,58",3.47491,3.19949,1.87848,5.07797,-1.6030599999999997
T;S;S;T;S,P;N;P;E;Y,"116,238,290,270,242",3.47457,5.17498,1.18862,6.3636,-2.88903
A;M;R;G;K,M;L;N;A;L,"135,154,90,165,252",3.47265,2.37909,1.24366,3.62275,-0.15010000000000012
S;T;I;D;Q,A;Y;R;L;W,"124,189,168,220,133",3.47106,5.25397,1.99371,7.24768,-3.77662
S;T;I;N;S,A;Y;R;K;W,"124,189,168,114,58",3.4668,4.66467,1.17243,5.8371,-2.3703000000000003
T;T;T;T;S,L;M;E;V;N,"72,51,270,198,124",3.4663,4.06726,4.11541,8.18267,-4.7163699999999995
S;T;R;S;Q,A;V;A;T;L,"124,198,280,214,127",3.4661,2.1529,1.54969,3.70259,-0.23648999999999987
S;I;E;S;S,Q;R;K;E;P,"188,168,231,136,245",3.46501,5.68401,1.34851,7.03252,-3.56751
T;T;T;T;R,L;M;E;V;D,"72,51,270,198,90",3.46445,4.06726,-12.5337,,
T;K;D;S;S,E;L;L;T;P,"270,252,220,214,188",3.46395,4.53563,-0.195825,4.339805,-0.875855
N;S;S;R;S,K;T;W;D;M,"233,214,58,90,238",3.46139,2.40164,2.2093,4.610939999999999,-1.1495499999999992
A;M;G;Q;S,M;L;A;M;F,"135,154,165,127,238",3.45856,3.19369,-0.85124,2.3424500000000004,1.1161099999999995
T;S;S;K;L,P;N;P;L;E,"116,238,290,252,216",3.45826,5.29036,1.31255,6.60291,-3.1446499999999995
D;L;N;Q;A,L;F;K;M;W,"220,117,233,127,65",3.45761,3.80149,1.13227,4.9337599999999995,-1.4761499999999996
A;M;R;G;Q,M;L;N;A;L,"135,154,90,165,127",3.45684,2.37909,1.54969,3.92878,-0.47194
S;H;T;M;K,P;M;M;L;L,"245,104,29,262,252",3.45663,1.96403,1.24366,3.20769,0.24894000000000016
Q;K;E;Q;G,L;L;K;L;S,"127,252,231,182,243",3.45546,8.0785,1.55439,9.63289,-6.177429999999999
S;T;I;T;M,A;Y;R;E;V,"124,189,168,270,154",3.45529,5.05558,-3.00604,,
T;T;N;N;S,V;M;K;K;E,"198,51,233,114,136",3.4549,3.19949,0.298574,3.498064,-0.04316399999999998
T;T;N;N;D,V;M;K;K;Q,"198,51,233,114,220",3.45411,3.19949,2.86794,6.06743,-2.61332
T;T;T;S;H,L;M;E;F;M,"72,51,270,238,104",3.45342,4.13032,1.29417,5.4244900000000005,-1.9710700000000005
T;T;N;N;F,L;M;K;K;W,"72,51,233,114,271",3.45317,3.42408,1.88634,5.31042,-1.8572499999999996
T;S;S;T;N,P;N;P;E;K,"116,238,290,270,138",3.45277,5.17498,1.2829,6.457879999999999,-3.0051099999999993
T;S;S;K;Q,P;N;P;L;N,"116,238,290,252,127",3.44956,5.29036,2.35273,7.64309,-4.19353
S;D;T;S;S,E;H;P;F;K,"121,186,116,238,124",3.44789,4.39699,2.68892,7.08591,-3.63802
S;D;T;Q;Q,E;H;P;L;A,"121,186,116,182,127",3.44572,4.19138,0.543456,4.734836,-1.2891159999999995
A;M;L;N;Q,M;L;F;Y;L,"135,154,117,37,127",3.4455,2.34832,1.54969,3.89801,-0.4525100000000002
S;D;R;E;Q,E;H;A;K;V,"121,186,280,231,127",3.44521,1.88215,1.22374,3.10589,0.33931999999999984
S;D;T;Q;K,E;H;P;L;F,"121,186,116,182,253",3.44425,4.19138,-2.7494,,
T;T;N;N;I,V;M;K;K;R,"198,51,233,114,168",3.44219,3.19949,-14.7567,,
S;I;E;Q;L,Q;R;K;L;E,"188,168,231,182,216",3.44158,5.154,1.31255,6.46655,-3.0249699999999997
T;T;N;N;S,L;M;K;K;E,"72,51,233,114,207",3.44157,3.42408,1.39808,4.82216,-1.3805900000000002
T;T;T;S;H,L;M;E;F;T,"72,51,270,238,104",3.43974,4.13032,1.64185,5.77217,-2.33243
S;I;E;Q;H,Q;R;K;L;R,"188,168,231,182,104",3.43901,5.154,1.19641,6.35041,-2.9114
T;T;T;T;F,L;M;E;V;M,"72,51,270,198,271",3.4388,4.06726,2.15661,6.22387,-2.7850699999999997
S;T;I;D;N,A;Y;R;L;K,"124,189,168,220,114",3.43879,5.25397,-1.33405,3.91992,-0.48112999999999984
T;S;S;K;R,P;N;P;L;V,"116,238,290,252,34",3.43866,5.29036,3.28169,8.57205,-5.13339
S;D;T;K;I,E;H;P;L;R,"121,186,116,252,168",3.43657,4.99838,-14.7567,,
D;L;N;Q;R,L;F;K;M;K,"220,117,233,127,53",3.43517,3.80149,1.21629,5.01778,-1.5826100000000003
T;T;M;R;T,V;M;L;D;L,"198,51,262,90,72",3.43397,2.75602,1.3538,4.10982,-0.6758500000000001
T;T;T;T;S,L;M;E;V;Q,"72,51,270,198,188",3.4317,4.06726,-1.43683,2.63043,0.8012700000000001
T;T;T;T;R,L;M;E;V;N,"72,51,270,198,90",3.43089,4.06726,-12.5581,,
T;T;N;N;N,V;M;K;K;Y,"198,51,233,114,37",3.4308,3.19949,0.685741,3.885231,-0.45443100000000003
T;T;T;S;T,L;M;E;F;M,"72,51,270,238,29",3.43007,4.13032,-6.9328,,
T;T;T;S;S,L;M;E;F;P,"72,51,270,238,245",3.43003,4.13032,1.34851,5.47883,-2.0488000000000004
S;D;T;K;Q,E;H;P;L;E,"121,186,116,252,133",3.42889,4.99838,2.09284,7.09122,-3.66233
T;T;M;R;Q,V;M;L;D;L,"198,51,262,90,182",3.42852,2.75602,-1.69976,1.05626,2.37226
T;T;T;S;Q,L;M;E;F;V,"72,51,270,238,127",3.42752,4.13032,1.22374,5.3540600000000005,-1.9265400000000006
S;I;E;N;R,Q;R;K;K;N,"188,168,231,114,132",3.42579,4.79974,1.97104,6.77078,-3.34499
S;I;E;S;S,Q;R;K;E;A,"188,168,231,136,124",3.42555,5.68401,2.14285,7.82686,-4.4013100000000005
T;T;T;T;A,L;M;E;V;N,"72,51,270,198,226",3.42546,4.06726,1.44085,5.50811,-2.08265
S;D;S;N;T,E;H;Y;K;M,"121,186,238,114,51",3.42533,2.83208,1.3147,4.14678,-0.7214499999999995
S;T;N;D;H,M;V;K;L;L,"238,198,114,220,104",3.42519,4.37095,1.59008,5.961029999999999,-2.535839999999999
S;D;T;S;H,E;H;P;F;L,"121,186,116,238,104",3.4235,4.39699,1.59008,5.987069999999999,-2.563569999999999
A;M;G;Q;S,M;L;A;M;E,"135,154,165,127,136",3.4216,3.19369,0.298574,3.492264,-0.07066399999999984
A;M;G;Q;Q,M;L;A;M;L,"135,154,165,127,182",3.42158,3.19369,-1.69976,1.4939300000000002,1.9276499999999999
A;M;G;Q;M,M;L;A;M;L,"135,154,165,127,262",3.4212,3.19369,-8.82803,,
S;D;T;Q;L,E;H;P;L;M,"121,186,116,182,216",3.42109,4.19138,1.46945,5.66083,-2.23974
T;T;N;N;R,V;M;K;K;N,"198,51,233,114,90",3.41818,3.19949,-12.5581,,
E;Q;T;Q;R,K;L;L;L;P,"231,182,72,127,280",3.41625,7.66695,1.29097,8.95792,-5.54167
E;Q;T;Q;M,K;L;L;L;H,"231,182,72,127,161",3.41461,7.66695,0.29128,7.95823,-4.543620000000001
S;I;E;N;R,Q;R;K;K;Q,"188,168,231,114,224",3.41444,4.79974,0.801101,5.600841,-2.186401
S;D;R;E;K,E;H;A;K;L,"121,186,280,231,252",3.41431,1.88215,1.24366,3.12581,0.2885
T;T;N;N;R,L;M;K;K;Q,"72,51,233,114,132",3.40975,3.42408,1.65183,5.07591,-1.6661600000000005
Q;K;E;Q;G,L;L;K;L;H,"127,252,231,182,251",3.40708,8.0785,1.17609,9.25459,-5.84751
T;S;S;K;I,P;N;P;L;L,"116,238,290,252,145",3.40705,5.29036,1.3052,6.59556,-3.18851
S;T;N;D;A,M;V;K;L;L,"238,198,114,220,65",3.40605,4.37095,1.28107,5.652019999999999,-2.2459699999999994
S;D;T;E;C,E;H;P;K;S,"121,186,116,231,289",3.39644,6.58675,-1.16436,5.42239,-2.02595
S;D;T;E;L,E;H;P;K;D,"121,186,116,231,249",3.39628,6.58675,1.3351,7.92185,-4.52557
A;M;G;N;Q,M;L;A;K;L,"135,154,165,233,127",3.39385,2.61474,1.54969,4.164429999999999,-0.7705799999999994
D;L;N;Q;S,L;F;K;M;Y,"220,117,233,127,269",3.39362,3.80149,-0.731655,3.069835,0.323785
S;D;R;Q;S,E;H;A;M;A,"121,186,280,127,124",3.39324,1.52251,2.14285,3.66536,-0.27212000000000014
T;T;T;T;N,L;M;E;V;Y,"72,51,270,198,37",3.39086,4.06726,0.685741,4.753001,-1.3621410000000003
E;Q;T;Q;L,K;L;L;L;C,"231,182,72,127,249",3.38917,7.66695,1.14374,8.81069,-5.421519999999999
N;S;S;S;K,Y;Q;E;P;L,"37,188,136,245,252",3.38616,1.84971,1.24366,3.09337,0.29278999999999966
T;S;S;T;K,P;N;P;E;Y,"116,238,290,270,253",3.38548,5.17498,-2.49422,,
S;D;S;N;G,E;H;Y;K;A,"121,186,238,114,165",3.38539,2.83208,-4.58782,,
S;D;S;N;R,E;H;Y;K;D,"121,186,238,114,90",3.38448,2.83208,-12.5337,,
S;D;S;N;S,E;H;Y;K;H,"121,186,238,114,187",3.38312,2.83208,-0.139832,2.6922479999999998,0.6908720000000002
S;I;E;Q;Q,Q;R;K;L;W,"188,168,231,182,133",3.3828,5.154,1.99371,7.14771,-3.76491
T;T;T;T;I,L;M;E;V;L,"72,51,270,198,111",3.38245,4.06726,1.56098,5.62824,-2.24579
T;S;S;T;A,P;N;P;E;V,"116,238,290,270,65",3.38242,5.17498,2.10232,7.2773,-3.89488
S;D;T;E;L,E;H;P;K;I,"121,186,116,231,216",3.37817,6.58675,1.43258,8.01933,-4.64116
T;S;S;K;A,P;N;P;L;T,"116,238,290,252,180",3.37585,5.29036,1.57849,6.86885,-3.4930000000000003
T;T;T;S;S,L;M;E;F;K,"72,51,270,238,58",3.37506,4.13032,1.14527,5.27559,-1.9005300000000003
S;D;R;E;S,E;H;A;K;T,"121,186,280,231,214",3.37434,1.88215,-0.325958,1.556192,1.818148
S;D;R;E;A,E;H;A;K;W,"121,186,280,231,65",3.37351,1.88215,1.13227,3.0144200000000003,0.3590899999999997
E;Q;T;Q;K,K;L;L;L;A,"231,182,72,127,253",3.37163,7.66695,-2.13229,,
S;D;S;N;T,E;H;Y;K;M,"121,186,238,114,29",3.37123,2.83208,-6.9328,,
S;I;E;S;Q,Q;R;K;E;M,"188,168,231,136,127",3.37088,5.68401,0.477397,6.161407,-2.7905269999999995
T;T;N;N;A,L;M;K;K;W,"72,51,233,114,65",3.37079,3.42408,1.13227,4.55635,-1.1855600000000002
S;D;S;N;T,E;H;Y;K;L,"121,186,238,114,72",3.3672,2.83208,1.3538,4.18588,-0.8186800000000001
S;D;T;Q;S,E;H;P;L;W,"121,186,116,182,58",3.36677,4.19138,1.17243,5.36381,-1.9970400000000001
S;D;T;Q;R,E;H;P;L;D,"121,186,116,182,90",3.36496,4.19138,-12.5337,,
T;S;S;T;K,P;N;P;E;F,"116,238,290,270,253",3.36474,5.17498,-2.7494,,
T;T;T;S;R,L;M;E;F;N,"72,51,270,238,132",3.36109,4.13032,1.97104,6.10136,-2.7402699999999998
S;T;I;N;Q,A;Y;R;K;N,"124,189,168,114,127",3.35891,4.66467,2.35273,7.0174,-3.6584900000000005
S;T;I;T;N,A;Y;R;E;K,"124,189,168,270,138",3.35723,5.05558,1.2829,6.33848,-2.9812499999999997
S;D;R;E;R,E;H;A;K;D,"121,186,280,231,90",3.35594,1.88215,-12.5337,,
N;S;S;R;T,K;T;W;D;L,"233,214,58,90,72",3.35558,2.40164,1.3538,3.75544,-0.3998600000000003
T;T;N;N;D,L;M;K;K;Q,"72,51,233,114,220",3.35555,3.42408,2.86794,6.29202,-2.93647
T;S;S;K;Q,P;N;P;L;W,"116,238,290,252,133",3.35519,5.29036,1.99371,7.28407,-3.92888
T;T;M;R;T,V;M;L;D;E,"198,51,262,90,270",3.35154,2.75602,3.52614,6.282159999999999,-2.9306199999999993
T;T;N;N;S,V;M;K;K;T,"198,51,233,114,214",3.34973,3.19949,-0.325958,2.873532,0.4761980000000001
S;I;E;S;I,Q;R;K;E;L,"188,168,231,136,145",3.34962,5.68401,1.3052,6.98921,-3.63959
A;M;G;Q;H,M;L;A;M;L,"135,154,165,127,104",3.34848,3.19369,1.59008,4.7837700000000005,-1.4352900000000006
T;T;N;N;S,V;M;K;K;E,"198,51,233,114,121",3.34786,3.19949,-7.13406,,
S;D;S;N;H,E;H;Y;K;M,"121,186,238,114,104",3.34737,2.83208,1.29417,4.12625,-0.7788799999999996
S;D;T;S;R,E;H;P;F;K,"121,186,116,238,53",3.34695,4.39699,1.21629,5.61328,-2.2663299999999995
A;M;G;N;T,M;L;A;K;Y,"135,154,165,233,189",3.34678,2.61474,0.153862,2.768602,0.5781779999999999
A;M;R;G;D,M;L;N;A;L,"135,154,90,165,220",3.34438,2.37909,1.98604,4.365130000000001,-1.0207500000000005
S;T;N;D;A,M;V;K;L;W,"238,198,114,220,65",3.34308,4.37095,1.13227,5.50322,-2.1601399999999997
T;T;T;T;S,L;M;E;V;E,"72,51,270,198,115",3.34264,4.06726,1.69898,5.76624,-2.4236
S;T;I;T;Q,A;Y;R;E;I,"124,189,168,270,127",3.3417,5.05558,2.10731,7.16289,-3.82119
S;T;I;N;I,A;Y;R;K;V,"124,189,168,114,200",3.34148,4.66467,1.28856,5.95323,-2.61175
T;T;N;N;A,V;M;K;K;W,"198,51,233,114,65",3.34124,3.19949,1.13227,4.33176,-0.9905200000000001
S;T;I;N;L,A;Y;R;K;Q,"124,189,168,114,216",3.33772,4.66467,1.66917,6.33384,-2.9961200000000003
A;M;L;N;D,M;L;F;Y;L,"135,154,117,37,220",3.33745,2.34832,1.98604,4.33436,-0.9969100000000002
S;D;R;E;L,E;H;A;K;W,"121,186,280,231,216",3.33544,1.88215,1.37086,3.2530099999999997,0.08243000000000045
S;T;I;T;Q,A;Y;R;E;L,"124,189,168,270,127",3.33444,5.05558,1.54969,6.60527,-3.27083
S;H;T;S;K,P;M;M;W;L,"245,104,29,58,252",3.33372,1.79588,1.24366,3.0395399999999997,0.29418000000000033
D;L;N;Q;H,L;F;K;M;T,"220,117,233,127,104",3.32889,3.80149,1.64185,5.44334,-2.11445
S;D;T;S;Q,E;H;P;F;I,"121,186,116,238,127",3.32882,4.39699,2.10731,6.5043,-3.17548
S;I;E;Q;A,Q;R;K;L;T,"188,168,231,182,180",3.3279,5.154,1.57849,6.73249,-3.4045900000000002
S;I;E;Q;Q,Q;R;K;L;E,"188,168,231,182,133",3.327,5.154,2.09284,7.24684,-3.9198399999999998
T;T;N;N;R,L;M;K;K;Q,"72,51,233,114,224",3.32242,3.42408,0.801101,4.225181,-0.9027609999999999
S;T;R;S;S,A;V;A;T;F,"124,198,280,214,238",3.32198,2.1529,-0.85124,1.3016599999999998,2.02032
S;G;S;M;Q,W;A;E;L;M,"58,165,136,262,127",3.31754,2.29813,0.477397,2.775527,0.5420130000000003
T;T;T;S;Q,L;M;E;F;L,"72,51,270,238,182",3.31749,4.13032,-1.69976,2.4305600000000003,0.8869299999999996
T;T;N;N;A,L;M;K;K;M,"72,51,233,114,65",3.31655,3.42408,1.26675,4.69083,-1.3742800000000002
T;S;S;T;R,P;N;P;E;A,"116,238,290,270,90",3.31625,5.17498,-6.05749,,
T;T;N;N;T,V;M;K;K;M,"198,51,233,114,29",3.31528,3.19949,-6.9328,,
D;L;N;Q;R,L;F;K;M;Q,"220,117,233,127,224",3.31077,3.80149,0.801101,4.602590999999999,-1.2918209999999992
D;L;N;Q;S,L;F;K;M;E,"220,117,233,127,115",3.30905,3.80149,1.69898,5.50047,-2.19142
T;S;S;T;G,P;N;P;E;Q,"116,238,290,270,243",3.30864,5.17498,3.87149,9.04647,-5.737829999999999
S;H;T;S;Q,P;M;M;W;L,"245,104,29,58,127",3.30745,1.79588,1.54969,3.34557,-0.038120000000000154
S;D;T;Q;N,E;H;P;L;Y,"121,186,116,182,37",3.30628,4.19138,0.685741,4.877121,-1.5708409999999997
S;I;E;N;T,Q;R;K;K;K,"188,168,231,114,88",3.30614,4.79974,1.28517,6.08491,-2.7787699999999997
T;T;M;Q;S,V;M;L;L;A,"198,51,262,182,124",3.30558,3.03477,2.14285,5.17762,-1.8720400000000001
D;L;N;Q;A,L;F;K;M;E,"220,117,233,127,152",3.30183,3.80149,1.16636,4.96785,-1.6660200000000005
D;L;N;Q;Q,L;F;K;M;V,"220,117,233,127,182",3.29962,3.80149,-2.18418,,
T;T;T;T;R,L;M;E;V;S,"72,51,270,198,90",3.29671,4.06726,-6.17954,,
S;T;N;D;Q,M;V;K;L;I,"238,198,114,220,127",3.29661,4.37095,2.10731,6.47826,-3.18165
S;T;N;D;Q,M;V;K;L;K,"238,198,114,220,127",3.29575,4.37095,2.01179,6.38274,-3.08699
S;D;S;N;S,E;H;Y;K;V,"121,186,238,114,223",3.29227,2.83208,1.13695,3.96903,-0.6767600000000003
A;M;G;Q;H,M;L;A;M;M,"135,154,165,127,104",3.2916,3.19369,1.29417,4.48786,-1.1962600000000005
S;D;R;E;T,E;H;A;K;V,"121,186,280,231,198",3.29158,1.88215,1.56672,3.44887,-0.1572899999999997
A;M;R;G;S,M;L;N;A;A,"135,154,90,165,124",3.28866,2.37909,2.14285,4.521940000000001,-1.2332800000000006
T;T;T;S;H,L;M;E;F;L,"72,51,270,238,104",3.28684,4.13032,1.59008,5.7204,-2.4335599999999995
T;T;N;N;I,V;M;K;K;L,"198,51,233,114,111",3.28547,3.19949,1.56098,4.76047,-1.4749999999999996
S;D;T;K;S,E;H;P;L;T,"121,186,116,252,124",3.28441,4.99838,2.0551,7.05348,-3.7690700000000006
S;D;T;Q;S,E;H;P;L;N,"121,186,116,182,124",3.28353,4.19138,4.11541,8.30679,-5.02326
T;T;M;R;T,V;M;L;D;M,"198,51,262,90,29",3.2819,2.75602,-6.9328,,
S;D;T;S;Q,E;H;P;F;V,"121,186,116,238,127",3.27838,4.39699,1.22374,5.62073,-2.34235
T;T;N;N;D,V;M;K;K;N,"198,51,233,114,186",3.27834,3.19949,0.0141159,3.2136059,0.0647340999999999
T;T;T;S;L,L;M;E;F;W,"72,51,270,238,216",3.27832,4.13032,1.37086,5.50118,-2.22286
S;D;T;K;R,E;H;P;L;P,"121,186,116,252,90",3.27819,4.99838,-15.0143,,
A;M;G;Q;L,M;L;A;M;F,"135,154,165,127,117",3.27793,3.19369,-2.30857,,
T;S;S;T;S,P;N;P;E;T,"116,238,290,270,124",3.27741,5.17498,2.0551,7.230079999999999,-3.952669999999999
S;D;S;N;L,E;H;Y;K;F,"121,186,238,114,117",3.27554,2.83208,-2.30857,,
T;R;S;S;E,L;K;Y;T;K,"72,53,269,214,231",3.27502,2.10066,1.33235,3.43301,-0.15798999999999985
S;I;E;Q;Q,Q;R;K;L;A,"188,168,231,182,127",3.2731,5.154,0.543456,5.697456,-2.424356
A;M;G;N;Q,M;L;A;K;M,"135,154,165,233,127",3.2725,2.61474,0.477397,3.0921369999999997,0.18036300000000027
S;D;S;N;Q,E;H;Y;K;Y,"121,186,238,114,119",3.27249,2.83208,-4.54044,,
D;L;N;Q;F,L;F;K;M;W,"220,117,233,127,271",3.26829,3.80149,1.88634,5.68783,-2.41954
T;K;D;S;F,E;L;L;T;M,"270,252,220,214,191",3.26797,4.53563,0.285492,4.821122,-1.5531519999999999
T;T;T;T;S,L;M;E;V;T,"72,51,270,198,121",3.26551,4.06726,1.3121,5.37936,-2.1138500000000002
T;T;T;S;N,L;M;E;F;H,"72,51,270,238,205",3.26337,4.13032,0.934161,5.064481000000001,-1.8011110000000006
S;D;T;E;K,E;H;P;K;F,"121,186,116,231,253",3.26143,6.58675,-2.7494,,
T;K;D;S;L,E;L;L;T;M,"270,252,220,214,216",3.26124,4.53563,1.46945,6.00508,-2.7438400000000005
N;N;N;S;D,I;K;K;V;L,"114,205,233,269,220",3.2611,1.78881,1.98604,3.77485,-0.5137499999999999
S;D;T;S;S,E;H;P;F;Q,"121,186,116,238,188",3.25888,4.39699,-1.43683,2.9601599999999997,0.2987200000000003
S;D;T;K;S,E;H;P;L;Y,"121,186,116,252,242",3.25794,4.99838,1.18862,6.187,-2.92906
T;T;N;N;T,L;M;K;K;M,"72,51,233,114,29",3.25687,3.42408,-6.9328,,
S;D;T;Q;T,E;H;P;L;V,"121,186,116,182,198",3.25414,4.19138,1.56672,5.7581,-2.5039599999999997
A;M;R;G;T,M;L;N;A;V,"135,154,90,165,198",3.25412,2.37909,1.56672,3.94581,-0.6916899999999999
T;T;N;N;S,V;M;K;K;M,"198,51,233,114,238",3.25378,3.19949,2.2093,5.40879,-2.15501
T;T;T;S;L,L;M;E;F;F,"72,51,270,238,117",3.253,4.13032,-2.30857,,
T;T;T;S;S,L;M;E;F;N,"72,51,270,238,124",3.25295,4.13032,4.11541,8.24573,-4.99278
S;I;E;N;N,Q;R;K;K;Y,"188,168,231,114,37",3.25147,4.79974,0.685741,5.485481,-2.234011
T;K;D;S;L,E;L;L;T;Q,"270,252,220,214,216",3.25104,4.53563,1.66917,6.2048000000000005,-2.9537600000000004
S;T;N;D;R,M;V;K;L;P,"238,198,114,220,90",3.25013,4.37095,-15.0143,,
S;T;I;D;Q,A;Y;R;L;N,"124,189,168,220,127",3.24959,5.25397,2.35273,7.6067,-4.3571100000000005
S;T;R;S;T,A;V;A;T;Y,"124,198,280,214,189",3.2495,2.1529,0.153862,2.306762,0.9427379999999999
T;T;N;N;A,L;M;K;K;F,"72,51,233,114,65",3.24849,3.42408,1.18512,4.6091999999999995,-1.3607099999999996
S;I;E;S;T,Q;R;K;E;E,"188,168,231,136,270",3.24724,5.68401,3.52614,9.210149999999999,-5.962909999999999
D;L;N;Q;A,L;F;K;M;F,"220,117,233,127,65",3.24584,3.80149,1.18512,4.98661,-1.74077
S;I;E;N;S,Q;R;K;K;E,"188,168,231,114,136",3.24568,4.79974,0.298574,5.098314,-1.8526340000000001
A;M;G;Q;A,M;L;A;M;E,"135,154,165,127,152",3.24481,3.19369,1.16636,4.36005,-1.11524
S;D;T;K;N,E;H;P;L;K,"121,186,116,252,138",3.24424,4.99838,1.2829,6.28128,-3.0370399999999997
S;I;E;S;G,Q;R;K;E;A,"188,168,231,136,165",3.24383,5.68401,-4.58782,,
S;I;E;S;Q,Q;R;K;E;I,"188,168,231,136,127",3.24133,5.68401,2.10731,7.79132,-4.549989999999999
S;D;S;N;S,E;H;Y;K;K,"121,186,238,114,124",3.23952,2.83208,2.68892,5.521,-2.2814799999999997
A;M;G;N;S,M;L;A;K;A,"135,154,165,233,124",3.23737,2.61474,2.14285,4.75759,-1.5202200000000006
T;T;M;R;N,V;M;L;D;K,"198,51,262,90,233",3.23655,2.75602,0.328192,3.084212,0.15233799999999986
N;N;N;S;Q,I;K;K;V;L,"114,205,233,269,127",3.2361,1.78881,1.54969,3.3385,-0.10239999999999982
A;M;G;Q;F,M;L;A;M;M,"135,154,165,127,271",3.23568,3.19369,2.15661,5.350300000000001,-2.114620000000001
T;T;M;R;G,V;M;L;D;A,"198,51,262,90,165",3.2351,2.75602,-4.58782,,
T;T;M;R;H,V;M;L;D;M,"198,51,262,90,104",3.23379,2.75602,1.29417,4.05019,-0.8163999999999998
S;D;T;S;T,E;H;P;F;D,"121,186,116,238,88",3.23135,4.39699,1.98481,6.3818,-3.15045
S;I;E;Q;L,Q;R;K;L;F,"188,168,231,182,216",3.22977,5.154,1.28942,6.44342,-3.21365
S;D;T;S;A,E;H;P;F;M,"121,186,116,238,65",3.22719,4.39699,1.26675,5.66374,-2.43655
A;M;R;G;Q,M;L;N;A;M,"135,154,90,165,127",3.22642,2.37909,0.477397,2.856487,0.36993300000000007
S;D;T;S;R,E;H;P;F;L,"121,186,116,238,53",3.22557,4.39699,1.57881,5.9758,-2.7502299999999997
S;D;T;Q;A,E;H;P;L;P,"121,186,116,182,152",3.22366,4.19138,1.82327,6.01465,-2.7909899999999994
T;S;S;K;G,P;N;P;L;T,"116,238,290,252,254",3.22285,5.29036,-4.84766,,
T;T;N;N;S,V;M;K;K;T,"198,51,233,114,121",3.22076,3.19949,1.3121,4.51159,-1.2908300000000001
T;T;T;T;S,L;M;E;V;V,"72,51,270,198,58",3.22061,4.06726,1.64103,5.70829,-2.4876799999999997
D;L;N;Q;S,L;F;K;M;E,"220,117,233,127,207",3.21849,3.80149,1.39808,5.19957,-1.9810799999999995
S;I;E;Q;D,Q;R;K;L;L,"188,168,231,182,220",3.21841,5.154,1.98604,7.14004,-3.92163
T;T;N;N;N,L;M;K;K;Y,"72,51,233,114,37",3.21781,3.42408,0.685741,4.109821,-0.8920110000000001
S;D;R;D;N,E;H;A;L;K,"121,186,280,220,233",3.21757,2.15121,0.328192,2.479402,0.7381679999999999
T;T;N;N;H,L;M;K;K;T,"72,51,233,114,104",3.2158,3.42408,1.64185,5.06593,-1.8501299999999996
T;T;N;N;A,L;M;K;K;E,"72,51,233,114,152",3.2158,3.42408,1.16636,4.59044,-1.3746399999999999
T;T;T;S;M,L;M;E;F;L,"72,51,270,238,154",3.2153,4.13032,1.39475,5.52507,-2.3097700000000003
S;I;E;Q;D,Q;R;K;L;V,"188,168,231,182,186",3.21512,5.154,1.78881,6.94281,-3.7276899999999995
S;T;R;S;N,A;V;A;T;K,"124,198,280,214,114",3.21438,2.1529,-1.33405,0.8188499999999999,2.39553
T;K;D;S;I,E;L;L;T;V,"270,252,220,214,200",3.21417,4.53563,1.28856,5.82419,-2.6100199999999996
T;S;S;K;P,P;N;P;L;D,"116,238,290,252,197",3.21271,5.29036,1.57327,6.86363,-3.6509199999999997
S;H;T;M;Q,P;M;M;L;L,"245,104,29,262,127",3.21053,1.96403,1.54969,3.51372,-0.3031900000000003
A;M;G;Q;S,M;L;A;M;E,"135,154,165,127,121",3.21015,3.19369,-7.13406,,
S;T;N;D;F,M;V;K;L;W,"238,198,114,220,271",3.20835,4.37095,1.88634,6.257289999999999,-3.0489399999999995
T;R;S;S;D,L;K;Y;T;L,"72,53,269,214,220",3.20806,2.10066,1.98604,4.0867,-0.8786400000000003
D;L;N;Q;Q,L;F;K;M;Y,"220,117,233,127,119",3.20799,3.80149,-4.54044,,
S;D;T;Q;M,E;H;P;L;L,"121,186,116,182,154",3.20787,4.19138,1.39475,5.58613,-2.3782599999999996
T;T;N;N;Q,V;M;K;K;K,"198,51,233,114,127",3.2076,3.19949,2.01179,5.21128,-2.0036800000000006
T;T;N;N;R,V;M;K;K;K,"198,51,233,114,53",3.20696,3.19949,1.21629,4.41578,-1.2088199999999998
T;T;N;N;S,L;M;K;K;N,"72,51,233,114,124",3.20493,3.42408,4.11541,7.53949,-4.33456
D;L;N;S;E,L;F;K;Y;K,"220,117,233,269,231",3.20408,2.47846,1.33235,3.81081,-0.6067300000000002
T;T;T;T;S,L;M;E;V;P,"72,51,270,198,245",3.20293,4.06726,1.34851,5.41577,-2.2128400000000004
T;T;N;N;S,L;M;K;K;D,"72,51,233,114,58",3.20249,3.42408,1.87848,5.30256,-2.1000699999999997
A;M;G;N;T,M;L;A;K;L,"135,154,165,233,72",3.20242,2.61474,1.3538,3.96854,-0.7661199999999999
S;T;N;D;R,M;V;K;L;L,"238,198,114,220,53",3.20092,4.37095,1.57881,5.9497599999999995,-2.7488399999999995
N;S;S;R;Q,K;T;W;D;M,"233,214,58,90,127",3.19846,2.40164,0.477397,2.879037,0.319423
S;D;T;K;I,E;H;P;L;H,"121,186,116,252,168",3.19264,4.99838,-1.74709,3.25129,-0.05865000000000009
T;T;T;T;Q,L;M;E;V;V,"72,51,270,198,127",3.19234,4.06726,1.22374,5.291,-2.09866
S;D;T;S;A,E;H;P;F;W,"121,186,116,238,65",3.19029,4.39699,1.13227,5.52926,-2.3389699999999998
N;S;S;R;T,K;T;W;D;E,"233,214,58,90,270",3.18967,2.40164,3.52614,5.92778,-2.7381100000000003
S;D;T;Q;T,E;H;P;L;N,"121,186,116,182,88",3.18925,4.19138,1.16002,5.3514,-2.16215
T;T;N;N;R,V;M;K;K;Q,"198,51,233,114,224",3.18774,3.19949,0.801101,4.000591,-0.8128510000000002
S;T;R;S;R,A;V;A;T;D,"124,198,280,214,90",3.18761,2.1529,-12.5337,,
S;T;I;N;K,A;Y;R;K;L,"124,189,168,114,252",3.18686,4.66467,1.24366,5.90833,-2.7214700000000005
T;T;N;N;H,V;M;K;K;M,"198,51,233,114,104",3.18629,3.19949,1.29417,4.49366,-1.3073700000000001
S;I;E;N;F,Q;R;K;K;M,"188,168,231,114,271",3.18614,4.79974,2.15661,6.9563500000000005,-3.7702100000000005
T;S;S;K;Q,P;N;P;L;T,"116,238,290,252,91",3.18609,5.29036,1.27643,6.566789999999999,-3.380699999999999
S;I;E;N;L,Q;R;K;K;E,"188,168,231,114,216",3.18463,4.79974,1.31255,6.11229,-2.92766
S;I;E;Q;S,Q;R;K;L;T,"188,168,231,182,121",3.18411,5.154,1.3121,6.4661,-3.28199
T;T;T;T;D,L;M;E;V;N,"72,51,270,198,186",3.18376,4.06726,0.0141159,4.0813759,-0.8976159000000004
T;T;M;Q;G,V;M;L;L;A,"198,51,262,182,165",3.18357,3.03477,-4.58782,,
T;S;S;K;C,P;N;P;L;L,"116,238,290,252,289",3.18353,5.29036,1.40303,6.69339,-3.5098599999999998
S;I;E;S;N,Q;R;K;E;H,"188,168,231,136,205",3.1818,5.68401,0.934161,6.618171,-3.4363710000000003
S;D;T;K;S,E;H;P;L;H,"121,186,116,252,187",3.18013,4.99838,-0.139832,4.858548,-1.6784179999999997
D;L;N;Q;R,L;F;K;M;A,"220,117,233,127,280",3.17763,3.80149,-0.374307,3.427183,-0.2495529999999997
S;D;R;E;S,E;H;A;K;K,"121,186,280,231,58",3.17748,1.88215,1.14527,3.02742,0.15005999999999986
A;M;G;Q;T,M;L;A;M;M,"135,154,165,127,29",3.17712,3.19369,-6.9328,,
S;T;N;D;A,M;V;K;L;P,"238,198,114,220,152",3.17625,4.37095,1.82327,6.19422,-3.0179699999999996
A;M;G;Q;S,M;L;A;M;T,"135,154,165,127,121",3.17613,3.19369,1.3121,4.50579,-1.32966
S;I;E;Q;T,Q;R;K;L;N,"188,168,231,182,88",3.17264,5.154,1.16002,6.31402,-3.1413800000000003
T;R;S;S;T,L;K;Y;T;M,"72,53,269,214,51",3.17017,2.10066,1.3147,3.4153599999999997,-0.24518999999999957
D;L;N;Q;A,L;F;K;M;P,"220,117,233,127,152",3.16669,3.80149,1.82327,5.62476,-2.45807
T;T;T;T;A,L;M;E;V;E,"72,51,270,198,152",3.16667,4.06726,1.16636,5.23362,-2.0669500000000003
T;T;N;N;N,L;M;K;K;H,"72,51,233,114,205",3.16554,3.42408,0.934161,4.358241,-1.1927009999999996
D;L;N;S;Q,L;F;K;Y;L,"220,117,233,269,127",3.16285,2.47846,1.54969,4.02815,-0.8653
S;T;N;D;I,M;V;K;L;V,"238,198,114,220,200",3.16102,4.37095,1.28856,5.659509999999999,-2.498489999999999
S;T;N;D;N,M;V;K;L;T,"238,198,114,220,190",3.16031,4.37095,1.14081,5.51176,-2.35145
T;T;T;S;F,L;M;E;F;M,"72,51,270,238,271",3.16029,4.13032,2.15661,6.28693,-3.12664
D;L;N;Q;D,L;F;K;M;V,"220,117,233,127,186",3.1579,3.80149,1.78881,5.5903,-2.4324
T;T;M;R;S,V;M;L;D;P,"198,51,262,90,245",3.15789,2.75602,1.34851,4.1045300000000005,-0.9466400000000004
Q;K;E;Q;I,L;L;K;L;R,"127,252,231,182,218",3.15692,8.0785,1.07089,9.14939,-5.992470000000001
A;M;R;G;N,M;L;N;A;K,"135,154,90,165,114",3.15613,2.37909,-1.33405,1.0450400000000002,2.11109
T;T;M;Q;S,V;M;L;L;F,"198,51,262,182,238",3.15382,3.03477,-0.85124,2.18353,0.9702899999999999
T;T;M;Q;S,V;M;L;L;E,"198,51,262,182,136",3.15323,3.03477,0.298574,3.333344,-0.18011399999999966
S;G;S;M;D,W;A;E;L;L,"58,165,136,262,220",3.15205,2.29813,1.98604,4.28417,-1.1321199999999996
S;D;T;Q;N,E;H;P;L;I,"121,186,116,182,37",3.15025,4.19138,1.86168,6.053059999999999,-2.9028099999999992
S;D;T;K;A,E;H;P;L;V,"121,186,116,252,65",3.15021,4.99838,2.10232,7.1007,-3.95049
S;D;T;E;V,E;H;P;K;D,"121,186,116,231,57",3.14794,6.58675,1.23826,7.825010000000001,-4.6770700000000005
T;T;M;R;D,V;M;L;D;Q,"198,51,262,90,220",3.14662,2.75602,2.86794,5.62396,-2.4773400000000003
T;S;S;K;Q,P;N;P;L;T,"116,238,290,252,127",3.14463,5.29036,0.705474,5.995833999999999,-2.8512039999999996
S;D;T;Q;N,E;H;P;L;H,"121,186,116,182,205",3.14462,4.19138,0.934161,5.125541,-1.980921
T;T;N;N;G,L;M;K;K;A,"72,51,233,114,165",3.14322,3.42408,-4.58782,,
S;H;T;S;D,P;M;M;W;L,"245,104,29,58,220",3.14278,1.79588,1.98604,3.78192,-0.6391399999999998
E;Q;T;Q;T,K;L;L;L;N,"231,182,72,127,198",3.1422,7.66695,1.15645,8.8234,-5.6812
S;T;N;D;A,M;V;K;L;N,"238,198,114,220,226",3.14028,4.37095,1.44085,5.8118,-2.6715199999999997
S;D;T;S;K,E;H;P;F;L,"121,186,116,238,253",3.13809,4.39699,-1.0623,3.3346899999999997,-0.19659999999999966
T;T;M;Q;N,V;M;L;L;K,"198,51,262,182,233",3.13728,3.03477,0.328192,3.362962,-0.22568199999999994
E;Q;T;Q;G,K;L;L;L;A,"231,182,72,127,243",3.13617,7.66695,1.45932,9.12627,-5.9901
T;K;D;S;K,E;L;L;T;L,"270,252,220,214,253",3.13257,4.53563,-1.0623,3.4733300000000003,-0.3407600000000004
S;D;R;T;Q,E;H;A;L;L,"121,186,280,72,127",3.13214,1.88057,1.54969,3.43026,-0.29811999999999994
T;K;D;S;Q,E;L;L;T;K,"270,252,220,214,127",3.13207,4.53563,2.01179,6.547420000000001,-3.4153500000000006
T;T;N;N;A,L;M;K;K;D,"72,51,233,114,226",3.12909,3.42408,-6.56873,,
S;I;E;Q;G,Q;R;K;L;Q,"188,168,231,182,243",3.12885,5.154,3.87149,9.02549,-5.89664
S;D;T;K;F,E;H;P;L;E,"121,186,116,252,271",3.12862,4.99838,2.659,7.65738,-4.52876
D;L;N;Q;N,L;F;K;M;H,"220,117,233,127,205",3.12811,3.80149,0.934161,4.735651,-1.6075409999999999
T;S;S;T;F,P;N;P;E;M,"116,238,290,270,191",3.12409,5.17498,0.285492,5.460471999999999,-2.3363819999999995
T;T;M;R;S,V;M;L;D;W,"198,51,262,90,58",3.12386,2.75602,1.17243,3.9284499999999998,-0.8045899999999997
S;D;T;Q;A,E;H;P;L;N,"121,186,116,182,226",3.12229,4.19138,1.44085,5.63223,-2.50994
D;L;N;Q;R,L;F;K;M;Q,"220,117,233,127,132",3.12218,3.80149,1.65183,5.45332,-2.3311399999999995
T;T;T;T;S,L;M;E;V;V,"72,51,270,198,223",3.12197,4.06726,1.13695,5.20421,-2.0822399999999996
S;T;I;D;Q,A;Y;R;L;T,"124,189,168,220,91",3.12158,5.25397,1.27643,6.5304,-3.4088200000000004
T;T;N;N;S,V;M;K;K;F,"198,51,233,114,238",3.11985,3.19949,-0.85124,2.34825,0.7715999999999998
S;D;T;K;M,E;H;P;L;V,"121,186,116,252,154",3.11899,4.99838,-3.00604,,
S;I;E;N;I,Q;R;K;K;L,"188,168,231,114,111",3.11886,4.79974,1.56098,6.36072,-3.2418599999999995
N;S;S;R;S,K;T;W;D;K,"233,214,58,90,124",3.11785,2.40164,2.68892,5.09056,-1.9727100000000002
T;T;T;T;S,L;M;E;V;E,"72,51,270,198,207",3.11604,4.06726,1.39808,5.46534,-2.3493000000000004
S;G;S;M;K,W;A;E;L;L,"58,165,136,262,252",3.11584,2.29813,1.24366,3.5417899999999998,-0.42594999999999983
S;D;T;Q;R,E;H;P;L;K,"121,186,116,182,53",3.11579,4.19138,1.21629,5.4076699999999995,-2.2918799999999995
S;G;S;M;N,W;A;E;L;K,"58,165,136,262,114",3.1138,2.29813,-1.33405,0.96408,2.14972
S;T;N;D;Q,M;V;K;L;Y,"238,198,114,220,119",3.11339,4.37095,-4.54044,,
A;M;G;Q;D,M;L;A;M;N,"135,154,165,127,186",3.11317,3.19369,0.0141159,3.2078059000000003,-0.0946359000000001
S;I;E;Q;S,Q;R;K;L;H,"188,168,231,182,187",3.11178,5.154,-0.139832,5.014168,-1.9023879999999997
E;Q;T;Q;S,K;L;L;L;P,"231,182,72,127,188",3.11097,7.66695,-0.195825,7.471125,-4.360155
T;T;N;N;S,L;M;K;K;Q,"72,51,233,114,188",3.11069,3.42408,-1.43683,1.98725,1.12344
S;T;I;D;G,A;Y;R;L;T,"124,189,168,220,254",3.11002,5.25397,-4.84766,,
S;H;T;M;T,P;M;M;L;E,"245,104,29,262,270",3.10971,1.96403,3.52614,5.49017,-2.38046
S;D;T;K;S,E;H;P;L;P,"121,186,116,252,125",3.10786,4.99838,1.21417,6.21255,-3.10469
S;D;T;Q;A,E;H;P;L;M,"121,186,116,182,65",3.1072,4.19138,1.26675,5.45813,-2.3509299999999995
N;S;T;H;D,Y;Q;M;M;L,"37,188,29,104,220",3.10713,1.62133,1.98604,3.60737,-0.5002399999999998
T;T;T;T;A,L;M;E;V;M,"72,51,270,198,135",3.10688,4.06726,1.56282,5.63008,-2.5232000000000006
D;L;N;Q;A,L;F;K;M;M,"220,117,233,127,65",3.10675,3.80149,1.26675,5.068239999999999,-1.9614899999999995
S;D;R;E;L,E;H;A;K;F,"121,186,280,231,117",3.10647,1.88215,-2.30857,,
N;S;S;R;D,K;T;W;D;L,"233,214,58,90,220",3.10595,2.40164,1.98604,4.38768,-1.2817299999999996
A;M;G;Q;R,M;L;A;M;K,"135,154,165,127,53",3.10582,3.19369,1.21629,4.40998,-1.30416
Q;K;E;Q;S,L;L;K;L;D,"127,252,231,182,103",3.10528,8.0785,1.28938,9.36788,-6.262599999999999
A;M;G;Q;I,M;L;A;M;L,"135,154,165,127,111",3.10365,3.19369,1.56098,4.75467,-1.65102
S;D;R;E;Q,E;H;A;K;M,"121,186,280,231,127",3.10049,1.88215,0.477397,2.359547,0.7409430000000001
T;R;S;S;S,L;K;Y;T;W,"72,53,269,214,58",3.10043,2.10066,1.17243,3.27309,-0.17266000000000004
S;I;E;N;S,Q;R;K;K;Y,"188,168,231,114,269",3.09988,4.79974,-0.731655,4.068085,-0.9682049999999998
T;T;M;Q;S,V;M;L;L;K,"198,51,262,182,124",3.09976,3.03477,2.68892,5.7236899999999995,-2.6239299999999997
T;T;N;N;S,L;M;K;K;T,"72,51,233,114,121",3.09956,3.42408,1.3121,4.73618,-1.6366200000000002
T;T;N;N;S,L;M;K;K;K,"72,51,233,114,58",3.09926,3.42408,1.14527,4.56935,-1.47009
T;K;D;S;R,E;L;L;T;T,"270,252,220,214,90",3.09762,4.53563,-6.75769,,
S;D;T;K;Q,E;H;P;L;W,"121,186,116,252,133",3.09652,4.99838,1.99371,6.99209,-3.89557
N;N;N;S;Q,I;K;K;V;M,"114,205,233,269,127",3.09189,1.78881,0.477397,2.266207,0.8256829999999997
S;T;R;S;D,A;V;A;T;Q,"124,198,280,214,220",3.09105,2.1529,2.86794,5.02084,-1.9297899999999997
T;S;S;T;G,P;N;P;E;K,"116,238,290,270,243",3.08903,5.17498,3.0581,8.23308,-5.144049999999999
S;D;T;K;L,E;H;P;L;W,"121,186,116,252,216",3.0882,4.99838,1.37086,6.36924,-3.2810399999999995
T;T;N;N;A,V;M;K;K;P,"198,51,233,114,152",3.08739,3.19949,1.82327,5.02276,-1.9353699999999998
A;M;R;G;T,M;L;N;A;Y,"135,154,90,165,189",3.08669,2.37909,0.153862,2.5329520000000003,0.5537379999999996
A;M;G;Q;R,M;L;A;M;Q,"135,154,165,127,132",3.08522,3.19369,1.65183,4.8455200000000005,-1.7603000000000004
A;M;G;N;S,M;L;A;K;F,"135,154,165,233,238",3.08469,2.61474,-0.85124,1.7634999999999998,1.3211900000000003
S;D;T;S;I,E;H;P;F;L,"121,186,116,238,145",3.08429,4.39699,1.3052,5.70219,-2.6178999999999997
S;T;N;D;Q,M;V;K;L;A,"238,198,114,220,127",3.08334,4.37095,0.543456,4.914406,-1.8310659999999994
T;T;N;N;A,L;M;K;K;P,"72,51,233,114,152",3.08197,3.42408,1.82327,5.24735,-2.16538
T;T;T;S;N,L;M;E;F;I,"72,51,270,238,37",3.08149,4.13032,1.86168,5.992,-2.91051
S;T;I;T;F,A;Y;R;E;M,"124,189,168,270,191",3.08014,5.05558,0.285492,5.341072,-2.2609319999999995
A;M;G;Q;D,M;L;A;M;Q,"135,154,165,127,220",3.07768,3.19369,2.86794,6.06163,-2.98395
S;I;E;S;A,Q;R;K;E;N,"188,168,231,136,226",3.07735,5.68401,1.44085,7.12486,-4.04751
S;I;E;S;A,Q;R;K;E;L,"188,168,231,136,65",3.0759,5.68401,1.28107,6.9650799999999995,-3.8891799999999996
Q;K;E;Q;Q,L;L;K;L;N,"127,252,231,182,133",3.07527,8.0785,1.21979,9.29829,-6.22302
E;Q;T;Q;R,K;L;L;L;Y,"231,182,72,127,123",3.07515,7.66695,1.89278,9.55973,-6.48458
S;D;R;E;T,E;H;A;K;N,"121,186,280,231,88",3.07438,1.88215,1.16002,3.04217,0.03221000000000007
T;S;S;T;L,P;N;P;E;I,"116,238,290,270,216",3.07406,5.17498,1.43258,6.607559999999999,-3.5334999999999996
T;T;M;R;L,V;M;L;D;F,"198,51,262,90,117",3.07396,2.75602,-2.30857,,
T;S;S;T;L,P;N;P;E;E,"116,238,290,270,216",3.0726,5.17498,1.31255,6.48753,-3.4149299999999996
S;I;E;S;S,Q;R;K;E;H,"188,168,231,136,214",3.07109,5.68401,-2.16722,,
S;I;E;N;Q,Q;R;K;K;Y,"188,168,231,114,119",3.0706,4.79974,-4.54044,,
T;S;S;K;S,P;N;P;L;P,"116,238,290,252,125",3.07002,5.29036,1.21417,6.50453,-3.43451
T;T;N;N;M,L;M;K;K;L,"72,51,233,114,154",3.06989,3.42408,1.39475,4.81883,-1.7489400000000002
T;S;S;T;R,P;N;P;E;V,"116,238,290,270,34",3.06765,5.17498,3.28169,8.456669999999999,-5.389019999999999
S;T;N;D;S,M;V;K;L;E,"238,198,114,220,115",3.06675,4.37095,1.69898,6.069929999999999,-3.0031799999999995
E;Q;T;Q;S,K;L;L;L;N,"231,182,72,127,103",3.06219,7.66695,1.48912,9.15607,-6.0938799999999995
S;D;T;S;L,E;H;P;F;F,"121,186,116,238,216",3.06127,4.39699,1.28942,5.6864099999999995,-2.6251399999999996
A;M;G;Q;A,M;L;A;M;M,"135,154,165,127,65",3.06109,3.19369,1.26675,4.46044,-1.39935
T;T;T;S;R,L;M;E;F;P,"72,51,270,238,90",3.05966,4.13032,-15.0143,,
T;T;N;N;T,V;M;K;K;K,"198,51,233,114,88",3.05761,3.19949,1.28517,4.48466,-1.42705
D;L;N;Q;T,L;F;K;M;Q,"220,117,233,127,88",3.05386,3.80149,1.20927,5.010759999999999,-1.9568999999999996
S;T;N;D;R,M;V;K;L;Q,"238,198,114,220,132",3.05265,4.37095,1.65183,6.022779999999999,-2.9701299999999993
S;H;T;S;T,P;M;M;W;E,"245,104,29,58,270",3.05228,1.79588,3.52614,5.32202,-2.26974
T;T;T;T;Q,L;M;E;V;L,"72,51,270,198,182",3.05217,4.06726,-1.69976,2.3675,0.6846699999999997
S;T;R;S;Q,A;V;A;T;L,"124,198,280,214,182",3.05058,2.1529,-1.69976,0.4531399999999999,2.59744
T;T;T;S;D,L;M;E;F;N,"72,51,270,238,186",3.04913,4.13032,0.0141159,4.1444359,-1.0953059000000005
S;D;T;K;H,E;H;P;L;R,"121,186,116,252,104",3.04593,4.99838,1.19641,6.19479,-3.1488600000000004
A;M;G;N;T,M;L;A;K;E,"135,154,165,233,270",3.04581,2.61474,3.52614,6.140879999999999,-3.0950699999999993
S;D;S;N;S,E;H;Y;K;E,"121,186,238,114,136",3.04574,2.83208,0.298574,3.130654,-0.08491399999999993
A;M;G;Q;S,M;L;A;M;H,"135,154,165,127,187",3.04393,3.19369,-0.139832,3.053858,-0.009927999999999937
S;T;R;S;M,A;V;A;T;L,"124,198,280,214,262",3.04215,2.1529,-8.82803,,
S;H;T;M;D,P;M;M;L;L,"245,104,29,262,220",3.04062,1.96403,1.98604,3.95007,-0.9094500000000001
S;D;R;D;Q,E;H;A;L;M,"121,186,280,220,127",3.03869,2.15121,0.477397,2.6286069999999997,0.4100830000000002
T;S;S;K;H,P;N;P;L;R,"116,238,290,252,104",3.03755,5.29036,1.19641,6.48677,-3.44922
S;D;T;Q;R,E;H;P;L;A,"121,186,116,182,280",3.03673,4.19138,-0.374307,3.8170729999999997,-0.7803429999999998
S;H;T;M;Q,P;M;M;L;M,"245,104,29,262,127",3.03513,1.96403,0.477397,2.441427,0.5937030000000001
T;T;N;N;A,V;M;K;K;L,"198,51,233,114,65",3.03426,3.19949,1.28107,4.48056,-1.4462999999999995
S;T;N;D;Q,M;V;K;L;V,"238,198,114,220,127",3.03187,4.37095,1.22374,5.59469,-2.56282
S;D;R;T;Q,E;H;A;L;M,"121,186,280,72,127",3.02998,1.88057,0.477397,2.357967,0.6720130000000002
A;M;G;Q;A,M;L;A;M;W,"135,154,165,127,65",3.02926,3.19369,1.13227,4.32596,-1.2967000000000004
A;M;G;N;N,M;L;A;K;K,"135,154,165,233,114",3.02902,2.61474,-1.33405,1.2806899999999999,1.7483300000000002
T;K;D;S;M,E;L;L;T;V,"270,252,220,214,154",3.02745,4.53563,-3.00604,,
S;T;I;D;R,A;Y;R;L;D,"124,189,168,220,90",3.02564,5.25397,-12.5337,,
S;T;I;N;N,A;Y;R;K;K,"124,189,168,114,138",3.02556,4.66467,1.2829,5.94757,-2.9220099999999998
T;T;N;N;S,V;M;K;K;V,"198,51,233,114,223",3.02527,3.19949,1.13695,4.33644,-1.3111699999999997
S;D;S;N;R,E;H;Y;K;N,"121,186,238,114,90",3.02492,2.83208,-12.5581,,
S;D;R;E;A,E;H;A;K;L,"121,186,280,231,65",3.02487,1.88215,1.28107,3.16322,-0.13834999999999997
S;D;S;N;S,E;H;Y;K;N,"121,186,238,114,124",3.02468,2.83208,4.11541,6.94749,-3.92281
S;D;R;T;Q,E;H;A;M;M,"121,186,280,51,127",3.02452,1.79222,0.477397,2.2696169999999998,0.7549030000000001
S;T;I;N;M,A;Y;R;K;V,"124,189,168,114,154",3.02402,4.66467,-3.00604,,
A;M;G;N;T,M;L;A;K;V,"135,154,165,233,72",3.02049,2.61474,1.22066,3.8354,-0.8149099999999998
S;D;R;D;S,E;H;A;L;T,"121,186,280,220,214",3.0173,2.15121,-0.325958,1.8252519999999999,1.1920480000000002
A;M;R;G;T,M;L;N;A;L,"135,154,90,165,72",3.01727,2.37909,1.3538,3.7328900000000003,-0.7156200000000004
T;T;N;N;S,V;M;K;K;H,"198,51,233,114,187",3.0169,3.19949,-0.139832,3.0596579999999998,-0.04275799999999963
E;Q;Q;D;W,K;L;L;L;I,"231,182,127,220,159",3.01571,7.84419,1.51695,9.36114,-6.34543
T;T;T;T;A,L;M;E;V;L,"72,51,270,198,65",3.01442,4.06726,1.28107,5.34833,-2.33391
A;M;R;G;T,M;L;N;A;M,"135,154,90,165,51",3.0142,2.37909,1.3147,3.69379,-0.6795899999999997
S;I;E;S;T,Q;R;K;E;M,"188,168,231,136,29",3.01337,5.68401,-6.9328,,
S;D;T;K;L,E;H;P;L;I,"121,186,116,252,216",3.01295,4.99838,1.43258,6.43096,-3.4180099999999998
S;D;T;S;R,E;H;P;F;Q,"121,186,116,238,132",3.01283,4.39699,1.65183,6.048819999999999,-3.035989999999999
A;M;G;N;R,M;L;A;K;N,"135,154,165,233,90",3.01223,2.61474,-12.5581,,
S;D;T;K;K,E;H;P;L;L,"121,186,116,252,253",3.01155,4.99838,-1.0623,3.93608,-0.9245299999999999
T;S;S;K;G,P;N;P;L;A,"116,238,290,252,243",3.01044,5.29036,1.45932,6.74968,-3.7392399999999997
S;I;E;N;R,Q;R;K;K;P,"188,168,231,114,90",3.00968,4.79974,-15.0143,,
N;S;S;S;D,Y;Q;E;P;L,"37,188,136,245,220",3.00544,1.84971,1.98604,3.83575,-0.8303099999999999
T;T;T;S;F,L;M;E;F;W,"72,51,270,238,271",3.00459,4.13032,1.88634,6.01666,-3.01207
T;T;N;N;F,V;M;K;K;M,"198,51,233,114,271",3.00003,3.19949,2.15661,5.3561,-2.3560699999999994
T;T;T;S;S,L;M;E;F;V,"72,51,270,238,223",2.99957,4.13032,1.13695,5.26727,-2.2677
A;M;G;Q;T,M;L;A;M;K,"135,154,165,127,88",2.99875,3.19369,1.28517,4.47886,-1.4801100000000003
S;D;T;Q;S,E;H;P;L;E,"121,186,116,182,115",2.99492,4.19138,1.69898,5.890359999999999,-2.8954399999999993
T;T;T;S;S,L;M;E;F;W,"72,51,270,238,58",2.99478,4.13032,1.17243,5.3027500000000005,-2.3079700000000005
S;D;S;N;M,E;H;Y;K;L,"121,186,238,114,262",2.99417,2.83208,-8.82803,,
T;T;M;Q;S,V;M;L;L;Q,"198,51,262,182,188",2.99385,3.03477,-1.43683,1.59794,1.3959100000000002
D;L;N;Q;T,L;F;K;M;D,"220,117,233,127,88",2.99278,3.80149,1.98481,5.7863,-2.7935199999999996
N;S;T;H;K,Y;Q;M;M;L,"37,188,29,104,252",2.99052,1.62133,1.24366,2.8649899999999997,0.12553000000000036
T;T;N;N;R,L;M;K;K;A,"72,51,233,114,280",2.98938,3.42408,-0.374307,3.049773,-0.06039299999999992
S;D;R;A;Q,E;H;A;L;L,"121,186,280,65,127",2.989,1.50316,1.54969,3.0528500000000003,-0.0638500000000004
S;I;E;Q;S,Q;R;K;L;E,"188,168,231,182,207",2.98887,5.154,1.39808,6.55208,-3.56321
T;T;N;N;Q,V;M;K;K;Y,"198,51,233,114,119",2.98568,3.19949,-4.54044,,
A;M;L;N;Q,M;L;F;Y;M,"135,154,117,37,127",2.98204,2.34832,0.477397,2.825717,0.156323
S;D;T;K;G,E;H;P;L;K,"121,186,116,252,243",2.98013,4.99838,3.0581,8.05648,-5.076350000000001
D;L;N;Q;T,L;F;K;M;N,"220,117,233,127,88",2.9786,3.80149,1.16002,4.96151,-1.9829099999999995
D;L;N;Q;I,L;F;K;M;H,"220,117,233,127,168",2.97796,3.80149,-1.74709,2.0544,0.9235600000000002
T;T;N;N;S,V;M;K;K;E,"198,51,233,114,115",2.97574,3.19949,1.69898,4.89847,-1.9227299999999996
A;M;G;Q;D,M;L;A;M;V,"135,154,165,127,186",2.9745,3.19369,1.78881,4.9825,-2.008
T;T;T;T;Q,L;M;E;V;Y,"72,51,270,198,119",2.97392,4.06726,-4.54044,,
S;D;R;E;N,E;H;A;K;K,"121,186,280,231,114",2.97325,1.88215,-1.33405,0.5481,2.4251500000000004
S;D;R;Q;T,E;H;A;M;E,"121,186,280,127,270",2.97152,1.52251,3.52614,5.04865,-2.0771300000000004
S;T;I;T;L,A;Y;R;E;E,"124,189,168,270,216",2.97028,5.05558,1.31255,6.36813,-3.39785
S;D;T;S;M,E;H;P;F;V,"121,186,116,238,154",2.97007,4.39699,-3.00604,,
S;T;N;D;N,M;V;K;L;I,"238,198,114,220,37",2.96872,4.37095,1.86168,6.2326299999999994,-3.2639099999999996
S;T;I;T;S,A;Y;R;E;P,"124,189,168,270,188",2.96827,5.05558,-0.195825,4.859755,-1.8914849999999999
T;T;N;N;L,L;M;K;K;F,"72,51,233,114,117",2.96818,3.42408,-2.30857,,
S;D;R;S;Q,E;H;A;T;L,"121,186,280,214,127",2.968,1.07516,1.54969,2.62485,0.34315000000000007
T;T;T;S;L,L;M;E;F;F,"72,51,270,238,216",2.9675,4.13032,1.28942,5.41974,-2.45224
S;G;S;M;T,W;A;E;L;V,"58,165,136,262,72",2.96286,2.29813,1.22066,3.51879,-0.55593
S;I;E;S;I,Q;R;K;E;V,"188,168,231,136,200",2.96016,5.68401,1.28856,6.972569999999999,-4.012409999999999
S;T;R;S;T,A;V;A;T;L,"124,198,280,214,72",2.95974,2.1529,1.3538,3.5066999999999995,-0.5469599999999994
T;S;S;T;R,P;N;P;E;P,"116,238,290,270,280",2.95627,5.17498,1.29097,6.465949999999999,-3.5096799999999995
S;D;R;D;K,E;H;A;L;L,"121,186,280,220,252",2.95602,2.15121,1.24366,3.39487,-0.43884999999999996
S;T;R;S;T,A;V;A;T;E,"124,198,280,214,270",2.95504,2.1529,3.52614,5.67904,-2.7239999999999998
T;T;T;T;T,L;M;E;V;Q,"72,51,270,198,88",2.95475,4.06726,1.20927,5.27653,-2.32178
S;D;R;E;S,E;H;A;K;N,"121,186,280,231,124",2.95296,1.88215,4.11541,5.99756,-3.0446
T;T;N;N;M,V;M;K;K;L,"198,51,233,114,154",2.95098,3.19949,1.39475,4.59424,-1.6432600000000002
A;M;R;G;N,M;L;N;A;Y,"135,154,90,165,37",2.94998,2.37909,0.685741,3.0648310000000003,-0.11485100000000026
N;S;T;H;Q,Y;Q;M;M;L,"37,188,29,104,127",2.94862,1.62133,1.54969,3.17102,-0.22239999999999993
T;K;D;S;S,E;L;L;T;Y,"270,252,220,214,269",2.94797,4.53563,-0.731655,3.8039750000000003,-0.8560050000000001
T;T;M;R;D,V;M;L;D;N,"198,51,262,90,186",2.94677,2.75602,0.0141159,2.7701359,0.1766340999999998
S;H;T;S;Q,P;M;M;W;M,"245,104,29,58,127",2.94638,1.79588,0.477397,2.2732769999999998,0.6731030000000002
N;N;N;S;K,I;K;K;V;L,"114,205,233,269,252",2.94572,1.78881,1.24366,3.03247,-0.08674999999999988
T;T;T;T;S,L;M;E;V;H,"72,51,270,198,187",2.9437,4.06726,-0.139832,3.927428,-0.9837279999999997
D;L;N;Q;Q,L;F;K;M;I,"220,117,233,127,182",2.94362,3.80149,-0.75822,3.0432699999999997,-0.09964999999999957
S;D;S;N;D,E;H;Y;K;Q,"121,186,238,114,220",2.94296,2.83208,2.86794,5.70002,-2.7570600000000005
S;D;T;S;R,E;H;P;F;S,"121,186,116,238,90",2.9429,4.39699,-6.17954,,
T;T;M;R;S,V;M;L;D;E,"198,51,262,90,136",2.94263,2.75602,0.298574,3.054594,-0.11196399999999995
S;D;T;S;N,E;H;P;F;I,"121,186,116,238,37",2.94224,4.39699,1.86168,6.2586699999999995,-3.3164299999999995
S;D;T;K;Q,E;H;P;L;T,"121,186,116,252,127",2.94218,4.99838,0.705474,5.703854,-2.7616739999999997
T;T;N;N;R,V;M;K;K;Q,"198,51,233,114,132",2.94176,3.19949,1.65183,4.851319999999999,-1.9095599999999995
S;G;S;M;T,W;A;E;L;E,"58,165,136,262,270",2.9417,2.29813,3.52614,5.82427,-2.8825700000000003
S;D;T;S;R,E;H;P;F;N,"121,186,116,238,132",2.94013,4.39699,1.97104,6.368029999999999,-3.4278999999999993
D;L;N;S;S,L;F;K;Y;P,"220,117,233,269,245",2.93782,2.47846,1.34851,3.82697,-0.8891500000000003
T;T;N;N;A,V;M;K;K;F,"198,51,233,114,65",2.93733,3.19949,1.18512,4.38461,-1.4472800000000001
S;D;T;Q;R,E;H;P;L;P,"121,186,116,182,90",2.93628,4.19138,-15.0143,,
N;S;S;R;M,K;T;W;D;L,"233,214,58,90,262",2.93549,2.40164,-8.82803,,
A;M;G;Q;L,M;L;A;M;W,"135,154,165,127,216",2.93415,3.19369,1.37086,4.5645500000000006,-1.6304000000000007
D;L;N;Q;R,L;F;K;M;N,"220,117,233,127,132",2.93334,3.80149,1.97104,5.77253,-2.83919
S;T;I;T;G,A;Y;R;E;K,"124,189,168,270,243",2.93314,5.05558,3.0581,8.11368,-5.180540000000001
S;D;T;Q;Q,E;H;P;L;E,"121,186,116,182,133",2.93115,4.19138,2.09284,6.2842199999999995,-3.3530699999999993
T;T;T;S;A,L;M;E;F;L,"72,51,270,238,65",2.93069,4.13032,1.28107,5.41139,-2.4807
T;T;T;T;Q,L;M;E;V;E,"72,51,270,198,133",2.92836,4.06726,2.09284,6.1601,-3.23174
T;T;T;T;A,L;M;E;V;F,"72,51,270,198,65",2.92766,4.06726,1.18512,5.2523800000000005,-2.3247200000000006
T;S;S;K;R,P;N;P;L;T,"116,238,290,252,90",2.92612,5.29036,-6.75769,,
T;T;T;T;M,L;M;E;V;L,"72,51,270,198,154",2.92549,4.06726,1.39475,5.46201,-2.5365200000000003
T;T;T;S;T,L;M;E;F;D,"72,51,270,238,88",2.92275,4.13032,1.98481,6.115130000000001,-3.1923800000000004
T;T;M;R;Q,V;M;L;D;Y,"198,51,262,90,119",2.92272,2.75602,-4.54044,,
A;M;G;N;T,M;L;A;K;M,"135,154,165,233,29",2.92031,2.61474,-6.9328,,
N;S;S;R;T,K;T;W;D;V,"233,214,58,90,198",2.91944,2.40164,1.56672,3.9683599999999997,-1.0489199999999999
S;D;T;Q;L,E;H;P;L;W,"121,186,116,182,216",2.9192,4.19138,1.37086,5.562239999999999,-2.643039999999999
S;T;I;N;S,A;Y;R;K;P,"124,189,168,114,188",2.91919,4.66467,-0.195825,4.468845,-1.549655
S;I;E;S;M,Q;R;K;E;V,"188,168,231,136,154",2.91823,5.68401,-3.00604,,
S;T;R;S;S,A;V;A;T;E,"124,198,280,214,121",2.91722,2.1529,-7.13406,,
S;D;T;Q;M,E;H;P;L;V,"121,186,116,182,154",2.91397,4.19138,-3.00604,,
T;T;N;N;A,V;M;K;K;M,"198,51,233,114,135",2.91344,3.19949,1.56282,4.76231,-1.8488700000000002
A;M;G;N;M,M;L;A;K;L,"135,154,165,233,262",2.91277,2.61474,-8.82803,,
A;M;G;Q;S,M;L;A;M;K,"135,154,165,127,124",2.91206,3.19369,2.68892,5.88261,-2.97055
S;T;I;D;S,A;Y;R;L;F,"124,189,168,220,238",2.91106,5.25397,-0.85124,4.40273,-1.49167
T;T;M;R;S,V;M;L;D;T,"198,51,262,90,214",2.911,2.75602,-0.325958,2.430062,0.4809380000000001
S;I;E;S;T,Q;R;K;E;V,"188,168,231,136,198",2.91055,5.68401,1.56672,7.25073,-4.34018
S;I;E;N;S,Q;R;K;K;T,"188,168,231,114,214",2.9064,4.79974,-0.325958,4.473782,-1.5673819999999998
S;I;E;N;S,Q;R;K;K;V,"188,168,231,114,58",2.90626,4.79974,1.64103,6.44077,-3.5345099999999996
D;L;N;Q;S,L;F;K;M;V,"220,117,233,127,58",2.90612,3.80149,1.64103,5.44252,-2.5364
A;M;G;Q;F,M;L;A;M;W,"135,154,165,127,271",2.90581,3.19369,1.88634,5.08003,-2.17422
N;S;S;R;T,K;T;W;D;V,"233,214,58,90,72",2.90549,2.40164,1.22066,3.6223,-0.7168100000000002
T;T;N;N;H,V;M;K;K;L,"198,51,233,114,104",2.90491,3.19949,1.59008,4.789569999999999,-1.8846599999999993
S;I;E;N;S,Q;R;K;K;T,"188,168,231,114,121",2.90472,4.79974,1.3121,6.11184,-3.2071199999999997
T;T;N;N;H,V;M;K;K;T,"198,51,233,114,104",2.90432,3.19949,1.64185,4.84134,-1.93702
S;D;R;S;S,E;H;A;T;A,"121,186,280,214,124",2.90389,1.07516,2.14285,3.21801,-0.31411999999999995
T;T;N;N;D,V;M;K;K;V,"198,51,233,114,186",2.90256,3.19949,1.78881,4.9883,-2.08574
A;M;G;N;S,M;L;A;K;T,"135,154,165,233,214",2.90228,2.61474,-0.325958,2.288782,0.6134980000000003
S;T;I;N;R,A;Y;R;K;P,"124,189,168,114,280",2.90194,4.66467,1.29097,5.95564,-3.0536999999999996
E;Q;Q;D;S,K;L;L;L;D,"231,182,127,220,103",2.89813,7.84419,1.28938,9.13357,-6.2354400000000005
N;N;N;S;E,I;K;K;V;K,"114,205,233,269,231",2.89792,1.78881,1.33235,3.1211599999999997,-0.22323999999999966
A;M;G;Q;A,M;L;A;M;L,"135,154,165,127,65",2.89306,3.19369,1.28107,4.47476,-1.5816999999999997
S;D;R;E;M,E;H;A;K;L,"121,186,280,231,262",2.89305,1.88215,-8.82803,,
A;M;L;N;T,M;L;F;Y;V,"135,154,117,37,198",2.8926,2.34832,1.56672,3.9150400000000003,-1.0224400000000005
T;T;T;T;H,L;M;E;V;T,"72,51,270,198,104",2.89187,4.06726,1.64185,5.70911,-2.81724
T;S;S;T;M,P;N;P;E;H,"116,238,290,270,161",2.89175,5.17498,0.29128,5.46626,-2.57451
S;D;S;N;R,E;H;Y;K;K,"121,186,238,114,53",2.89162,2.83208,1.21629,4.04837,-1.1567500000000002
T;K;D;S;H,E;L;L;T;R,"270,252,220,214,104",2.89135,4.53563,1.19641,5.7320400000000005,-2.8406900000000004
A;M;G;Q;S,M;L;A;M;E,"135,154,165,127,207",2.89087,3.19369,1.39808,4.59177,-1.7009000000000003
A;M;R;G;T,M;L;N;A;E,"135,154,90,165,270",2.88881,2.37909,3.52614,5.9052299999999995,-3.0164199999999997
N;N;N;S;T,I;K;K;V;L,"114,205,233,269,72",2.88601,1.78881,1.3538,3.14261,-0.2565999999999997
T;R;S;S;N,L;K;Y;T;K,"72,53,269,214,233",2.88558,2.10066,0.328192,2.428852,0.456728
T;T;N;N;S,L;M;K;K;Y,"72,51,233,114,269",2.88506,3.42408,-0.731655,2.692425,0.1926350000000001
E;Q;Q;D;G,K;L;L;L;I,"231,182,127,220,243",2.885,7.84419,2.1303,9.97449,-7.08949
S;T;R;S;S,A;V;A;T;P,"124,198,280,214,245",2.88472,2.1529,1.34851,3.50141,-0.6166899999999997
A;M;G;Q;S,M;L;A;M;V,"135,154,165,127,223",2.88414,3.19369,1.13695,4.33064,-1.4465
S;D;T;S;S,E;H;P;F;V,"121,186,116,238,58",2.88359,4.39699,1.64103,6.0380199999999995,-3.1544299999999996
S;T;I;D;G,A;Y;R;L;S,"124,189,168,220,243",2.88244,5.25397,1.55439,6.8083599999999995,-3.9259199999999996
T;T;M;R;S,V;M;L;D;T,"198,51,262,90,121",2.88115,2.75602,1.3121,4.06812,-1.1869700000000005
S;H;T;S;T,P;M;M;W;V,"245,104,29,58,198",2.88111,1.79588,1.56672,3.3625999999999996,-0.48148999999999953
N;S;S;R;E,K;T;W;D;K,"233,214,58,90,231",2.88003,2.40164,1.33235,3.73399,-0.8539599999999998
S;T;I;T;Q,A;Y;R;E;D,"124,189,168,270,127",2.87956,5.05558,1.96342,7.019,-4.1394400000000005
S;D;S;N;H,E;H;Y;K;L,"121,186,238,114,104",2.87874,2.83208,1.59008,4.42216,-1.5434199999999998
A;M;G;Q;A,M;L;A;M;F,"135,154,165,127,65",2.87727,3.19369,1.18512,4.37881,-1.5015399999999994
A;M;G;N;S,M;L;A;K;M,"135,154,165,233,238",2.87411,2.61474,2.2093,4.82404,-1.9499300000000002
Q;K;E;Q;C,L;L;K;L;D,"127,252,231,182,289",2.87377,8.0785,1.83462,9.91312,-7.039349999999999
S;T;N;D;S,M;V;K;L;H,"238,198,114,220,214",2.8729,4.37095,-2.16722,,
A;M;L;N;T,M;L;F;Y;Y,"135,154,117,37,189",2.87193,2.34832,0.153862,2.5021820000000004,0.3697479999999995
A;M;R;G;S,M;L;N;A;K,"135,154,90,165,124",2.87184,2.37909,2.68892,5.06801,-2.19617
A;M;L;N;T,M;L;F;Y;E,"135,154,117,37,270",2.87115,2.34832,3.52614,5.87446,-3.00331
T;T;N;N;R,V;M;K;K;D,"198,51,233,114,90",2.87057,3.19949,-12.5337,,
A;M;G;N;S,M;L;A;K;E,"135,154,165,233,136",2.86642,2.61474,0.298574,2.9133139999999997,-0.04689399999999955
T;T;N;N;F,V;M;K;K;W,"198,51,233,114,271",2.86619,3.19949,1.88634,5.08583,-2.2196399999999996
A;M;G;N;L,M;L;A;K;F,"135,154,165,233,117",2.86402,2.61474,-2.30857,,
A;M;G;Q;R,M;L;A;M;Q,"135,154,165,127,224",2.86291,3.19369,0.801101,3.994791,-1.1318810000000004
T;S;S;T;V,P;N;P;E;C,"116,238,290,270,281",2.86137,5.17498,1.22272,6.3976999999999995,-3.5363299999999995
A;M;G;N;T,M;L;A;K;M,"135,154,165,233,51",2.86002,2.61474,1.3147,3.9294399999999996,-1.0694199999999996
T;T;M;R;N,V;M;L;D;Y,"198,51,262,90,37",2.85965,2.75602,0.685741,3.441761,-0.5821110000000003
S;I;E;Q;Q,Q;R;K;L;T,"188,168,231,182,127",2.85932,5.154,0.705474,5.859474,-3.0001539999999998
S;T;I;D;K,A;Y;R;L;V,"124,189,168,220,253",2.85845,5.25397,-1.77146,3.4825099999999996,-0.6240599999999996
S;H;T;M;N,P;M;M;L;K,"245,104,29,262,114",2.85784,1.96403,-1.33405,0.62998,2.2278599999999997
S;D;R;D;R,E;H;A;L;D,"121,186,280,220,90",2.8569,2.15121,-12.5337,,
D;L;N;Q;A,L;F;K;M;D,"220,117,233,127,226",2.85598,3.80149,-6.56873,,
T;T;T;S;S,L;M;E;F;Q,"72,51,270,238,188",2.85584,4.13032,-1.43683,2.69349,0.16235
T;T;T;S;D,L;M;E;F;V,"72,51,270,238,186",2.85459,4.13032,1.78881,5.91913,-3.06454
S;D;R;E;F,E;H;A;K;M,"121,186,280,231,271",2.85315,1.88215,2.15661,4.03876,-1.18561
T;S;S;T;Q,P;N;P;E;N,"116,238,290,270,127",2.85297,5.17498,2.35273,7.52771,-4.67474
S;T;I;D;T,A;Y;R;L;V,"124,189,168,220,72",2.85242,5.25397,1.22066,6.474629999999999,-3.6222099999999995
S;D;R;D;T,E;H;A;L;V,"121,186,280,220,198",2.85124,2.15121,1.56672,3.71793,-0.8666899999999997
N;S;S;R;T,K;T;W;D;Y,"233,214,58,90,189",2.85055,2.40164,0.153862,2.555502,0.295048
N;S;S;R;T,K;T;W;D;M,"233,214,58,90,29",2.85032,2.40164,-6.9328,,
S;D;S;N;F,E;H;Y;K;M,"121,186,238,114,271",2.84989,2.83208,2.15661,4.98869,-2.1388000000000003
S;D;T;S;L,E;H;P;F;W,"121,186,116,238,216",2.84954,4.39699,1.37086,5.767849999999999,-2.918309999999999
S;D;S;N;A,E;H;Y;K;D,"121,186,238,114,226",2.849,2.83208,-6.56873,,
S;H;T;M;S,P;M;M;L;M,"245,104,29,262,238",2.84519,1.96403,2.2093,4.17333,-1.3281399999999999
S;T;R;S;N,A;V;A;T;Y,"124,198,280,214,37",2.84428,2.1529,0.685741,2.838641,0.00563899999999995
S;I;E;Q;R,Q;R;K;L;L,"188,168,231,182,53",2.84386,5.154,1.57881,6.73281,-3.88895
T;T;N;N;I,L;M;K;K;H,"72,51,233,114,168",2.84226,3.42408,-1.74709,1.67699,1.16527
S;T;I;N;M,A;Y;R;K;L,"124,189,168,114,262",2.84219,4.66467,-8.82803,,
S;D;T;S;N,E;H;P;F;T,"121,186,116,238,190",2.84047,4.39699,1.14081,5.5378,-2.69733
S;D;T;S;Q,E;H;P;F;W,"121,186,116,238,133",2.8395,4.39699,1.99371,6.3907,-3.5511999999999997
S;T;I;T;S,A;Y;R;E;Y,"124,189,168,270,242",2.83906,5.05558,1.18862,6.2442,-3.4051400000000003
S;T;N;D;I,M;V;K;L;L,"238,198,114,220,145",2.83895,4.37095,1.3052,5.67615,-2.8371999999999997
T;T;N;N;T,L;M;K;K;K,"72,51,233,114,88",2.83789,3.42408,1.28517,4.70925,-1.8713600000000001
T;T;N;N;A,L;M;K;K;M,"72,51,233,114,135",2.8378,3.42408,1.56282,4.9869,-2.1491000000000002
T;R;S;S;Q,L;K;Y;T;M,"72,53,269,214,127",2.83363,2.10066,0.477397,2.578057,0.25557300000000005
S;T;N;D;I,M;V;K;L;R,"238,198,114,220,168",2.83335,4.37095,-14.7567,,
S;D;S;N;A,E;H;Y;K;M,"121,186,238,114,135",2.83278,2.83208,1.56282,4.3949,-1.5621199999999997
T;T;M;Q;S,V;M;L;L;E,"198,51,262,182,207",2.83201,3.03477,1.39808,4.43285,-1.6008400000000003
S;D;S;N;S,E;H;Y;K;T,"121,186,238,114,214",2.83044,2.83208,-0.325958,2.506122,0.3243179999999999
T;T;N;N;F,L;M;K;K;M,"72,51,233,114,271",2.8275,3.42408,2.15661,5.580690000000001,-2.7531900000000005
T;K;D;S;R,E;L;L;T;A,"270,252,220,214,90",2.82522,4.53563,-6.05749,,
N;S;S;R;N,K;T;W;D;K,"233,214,58,90,114",2.82417,2.40164,-1.33405,1.06759,1.75658
D;L;N;Q;N,L;F;K;M;I,"220,117,233,127,37",2.82307,3.80149,1.86168,5.66317,-2.8401
N;N;N;S;T,I;K;K;V;Y,"114,205,233,269,189",2.82255,1.78881,0.153862,1.942672,0.8798780000000002
T;T;T;S;A,L;M;E;F;W,"72,51,270,238,65",2.8215,4.13032,1.13227,5.26259,-2.4410900000000004
S;T;R;S;N,A;V;A;T;K,"124,198,280,214,233",2.82071,2.1529,0.328192,2.481092,0.3396180000000002
A;M;R;G;D,M;L;N;A;Q,"135,154,90,165,220",2.81811,2.37909,2.86794,5.2470300000000005,-2.4289200000000006
S;I;E;Q;Q,Q;R;K;L;E,"188,168,231,182,127",2.81755,5.154,1.46399,6.61799,-3.8004399999999996
N;N;N;S;T,I;K;K;V;E,"114,205,233,269,270",2.8173,1.78881,3.52614,5.31495,-2.4976499999999997
T;T;T;T;A,L;M;E;V;D,"72,51,270,198,226",2.81458,4.06726,-6.56873,,
S;D;T;Q;N,E;H;P;L;T,"121,186,116,182,190",2.81453,4.19138,1.14081,5.33219,-2.51766
A;M;R;G;S,M;L;N;A;D,"135,154,90,165,58",2.81353,2.37909,1.87848,4.25757,-1.4440400000000002
D;L;N;Q;S,L;F;K;M;K,"220,117,233,127,58",2.81319,3.80149,1.14527,4.946759999999999,-2.1335699999999993
T;T;T;T;R,L;M;E;V;Q,"72,51,270,198,224",2.81275,4.06726,0.801101,4.868361,-2.0556110000000003
Q;K;E;Q;D,L;L;K;L;K,"127,252,231,182,263",2.80991,8.0785,1.32913,9.40763,-6.597719999999999
T;T;N;N;D,L;M;K;K;N,"72,51,233,114,186",2.80939,3.42408,0.0141159,3.4381959,-0.6288059000000001
T;S;S;T;Q,P;N;P;E;R,"116,238,290,270,127",2.80811,5.17498,2.24575,7.42073,-4.61262
T;T;M;R;H,V;M;L;D;L,"198,51,262,90,104",2.80808,2.75602,1.59008,4.3461,-1.53802
S;G;S;M;T,W;A;E;L;L,"58,165,136,262,72",2.80794,2.29813,1.3538,3.65193,-0.8439900000000002
S;T;N;D;R,M;V;K;L;S,"238,198,114,220,90",2.80721,4.37095,-6.17954,,
S;I;E;S;I,Q;R;K;E;L,"188,168,231,136,111",2.80647,5.68401,1.56098,7.24499,-4.43852
T;T;T;S;N,L;M;E;F;T,"72,51,270,238,190",2.80608,4.13032,1.14081,5.27113,-2.46505
Q;K;E;Q;G,L;L;K;L;I,"127,252,231,182,243",2.80478,8.0785,2.1303,10.2088,-7.40402
T;T;M;R;R,V;M;L;D;K,"198,51,262,90,53",2.80306,2.75602,1.21629,3.9723100000000002,-1.1692500000000003
T;T;N;N;T,V;M;K;K;Q,"198,51,233,114,88",2.80263,3.19949,1.20927,4.40876,-1.6061299999999998
T;T;T;T;D,L;M;E;V;V,"72,51,270,198,186",2.80244,4.06726,1.78881,5.85607,-3.05363
T;S;S;T;K,P;N;P;E;V,"116,238,290,270,253",2.80231,5.17498,-1.77146,3.4035199999999994,-0.6012099999999996
T;T;T;S;S,L;M;E;F;T,"72,51,270,238,121",2.80135,4.13032,1.3121,5.44242,-2.6410700000000005
T;T;M;R;S,V;M;L;D;V,"198,51,262,90,223",2.80073,2.75602,1.13695,3.89297,-1.0922399999999999
S;T;I;T;S,A;Y;R;E;M,"124,189,168,270,238",2.79738,5.05558,2.2093,7.26488,-4.467499999999999
S;G;S;M;T,W;A;E;L;V,"58,165,136,262,198",2.79687,2.29813,1.56672,3.8648499999999997,-1.0679799999999995
A;M;G;Q;L,M;L;A;M;M,"135,154,165,127,216",2.79664,3.19369,1.46945,4.66314,-1.8665000000000003
S;T;N;D;N,M;V;K;L;H,"238,198,114,220,205",2.79659,4.37095,0.934161,5.305111,-2.508521
S;D;T;S;A,E;H;P;F;N,"121,186,116,238,226",2.79567,4.39699,1.44085,5.83784,-3.04217
S;T;R;S;H,A;V;A;T;M,"124,198,280,214,104",2.79505,2.1529,1.29417,3.44707,-0.6520200000000003
D;L;N;Q;R,L;F;K;M;S,"220,117,233,127,90",2.79402,3.80149,-6.17954,,
S;T;N;D;S,M;V;K;L;V,"238,198,114,220,58",2.7911,4.37095,1.64103,6.011979999999999,-3.2208799999999993
T;R;S;S;K,L;K;Y;T;L,"72,53,269,214,252",2.7902,2.10066,1.24366,3.3443199999999997,-0.5541199999999997
S;I;E;S;S,Q;R;K;E;E,"188,168,231,136,115",2.78884,5.68401,1.69898,7.3829899999999995,-4.594149999999999
T;T;T;T;R,L;M;E;V;P,"72,51,270,198,90",2.788,4.06726,-15.0143,,
T;K;D;S;S,E;L;L;T;Y,"270,252,220,214,242",2.78712,4.53563,1.18862,5.7242500000000005,-2.9371300000000007
T;T;M;Q;A,V;M;L;L;M,"198,51,262,182,135",2.78574,3.03477,1.56282,4.59759,-1.8118500000000002
T;S;S;K;K,P;N;P;L;V,"116,238,290,252,253",2.78531,5.29036,-1.77146,3.5188999999999995,-0.7335899999999995
T;T;M;Q;H,V;M;L;L;L,"198,51,262,182,104",2.78396,3.03477,1.59008,4.62485,-1.8408900000000004
S;G;S;M;S,W;A;E;L;F,"58,165,136,262,238",2.78307,2.29813,-0.85124,1.44689,1.33618
A;M;L;N;S,M;L;F;Y;A,"135,154,117,37,124",2.78217,2.34832,2.14285,4.49117,-1.7090000000000005
S;H;T;M;T,P;M;M;L;L,"245,104,29,262,72",2.78082,1.96403,1.3538,3.31783,-0.53701
T;S;S;K;Q,P;N;P;L;N,"116,238,290,252,133",2.77878,5.29036,1.21979,6.510149999999999,-3.7313699999999996
S;I;E;S;T,Q;R;K;E;N,"188,168,231,136,88",2.77855,5.68401,1.16002,6.84403,-4.06548
T;T;N;N;Q,L;M;K;K;K,"72,51,233,114,127",2.77847,3.42408,2.01179,5.4358699999999995,-2.6573999999999995
S;I;E;N;Q,Q;R;K;K;I,"188,168,231,114,127",2.77847,4.79974,2.10731,6.90705,-4.1285799999999995
T;R;S;S;N,L;K;Y;T;K,"72,53,269,214,114",2.77817,2.10066,-1.33405,0.76661,2.01156
T;T;N;N;S,V;M;K;K;E,"198,51,233,114,207",2.77443,3.19949,1.39808,4.59757,-1.82314
T;T;N;N;S,L;M;K;K;V,"72,51,233,114,223",2.77396,3.42408,1.13695,4.56103,-1.7870699999999995
T;T;N;N;A,V;M;K;K;E,"198,51,233,114,152",2.77097,3.19949,1.16636,4.36585,-1.5948799999999999
T;S;S;K;V,P;N;P;L;C,"116,238,290,252,281",2.77007,5.29036,1.22272,6.5130799999999995,-3.7430099999999995
A;M;L;N;S,M;L;F;Y;M,"135,154,117,37,238",2.76937,2.34832,2.2093,4.55762,-1.7882500000000001
T;T;N;N;A,V;M;K;K;M,"198,51,233,114,65",2.7673,3.19949,1.26675,4.46624,-1.69894
A;M;G;N;Q,M;L;A;K;L,"135,154,165,233,182",2.76547,2.61474,-1.69976,0.9149799999999999,1.8504900000000002
S;T;N;D;I,M;V;K;L;H,"238,198,114,220,168",2.7642,4.37095,-1.74709,2.6238599999999996,0.14034000000000058
E;Q;T;Q;P,K;L;L;L;L,"231,182,72,127,38",2.7636,7.66695,1.38115,9.0481,-6.2844999999999995
S;D;T;E;P,E;H;P;K;L,"121,186,116,231,38",2.76208,6.58675,1.38115,7.9679,-5.20582
T;T;T;S;Q,L;M;E;F;I,"72,51,270,238,182",2.76097,4.13032,-0.75822,3.3721,-0.6111300000000002
T;T;N;N;A,L;M;K;K;L,"72,51,233,114,65",2.76095,3.42408,1.28107,4.70515,-1.9442
T;T;M;Q;Q,V;M;L;L;M,"198,51,262,182,127",2.75875,3.03477,0.477397,3.512167,-0.7534169999999998
S;T;N;D;Q,M;V;K;L;I,"238,198,114,220,182",2.75593,4.37095,-0.75822,3.6127299999999996,-0.8567999999999993
A;M;G;N;S,M;L;A;K;P,"135,154,165,233,245",2.75481,2.61474,1.34851,3.96325,-1.20844
T;K;D;S;Q,E;L;L;T;W,"270,252,220,214,133",2.75402,4.53563,1.99371,6.52934,-3.7753200000000002
A;M;R;G;S,M;L;N;A;F,"135,154,90,165,238",2.75296,2.37909,-0.85124,1.5278500000000002,1.2251099999999997
A;M;G;N;S,M;L;A;K;W,"135,154,165,233,58",2.75284,2.61474,1.17243,3.7871699999999997,-1.0343299999999997
S;D;R;E;N,E;H;A;K;I,"121,186,280,231,37",2.7519,1.88215,1.86168,3.74383,-0.99193
T;S;S;T;Q,P;N;P;E;T,"116,238,290,270,91",2.75141,5.17498,1.27643,6.451409999999999,-3.6999999999999993
T;T;T;T;R,L;M;E;V;A,"72,51,270,198,280",2.74979,4.06726,-0.374307,3.692953,-0.9431630000000002
T;T;M;Q;F,V;M;L;L;W,"198,51,262,182,271",2.74879,3.03477,1.88634,4.92111,-2.1723199999999996
T;T;T;T;Q,L;M;E;V;A,"72,51,270,198,127",2.74809,4.06726,0.543456,4.610716,-1.8626260000000001
T;S;S;K;C,P;N;P;L;A,"116,238,290,252,289",2.74772,5.29036,-0.0850688,5.2052912,-2.4575711999999994
S;I;E;S;L,Q;R;K;E;F,"188,168,231,136,216",2.74476,5.68401,1.28942,6.97343,-4.228669999999999
S;I;E;N;R,Q;R;K;K;A,"188,168,231,114,90",2.74361,4.79974,-6.05749,,
T;T;M;R;S,V;M;L;D;E,"198,51,262,90,121",2.74332,2.75602,-7.13406,,
T;S;S;T;S,P;N;P;E;P,"116,238,290,270,125",2.74268,5.17498,1.21417,6.38915,-3.64647
A;M;R;G;T,M;L;N;A;V,"135,154,90,165,72",2.74144,2.37909,1.22066,3.5997500000000002,-0.8583100000000004
S;H;T;S;S,P;M;M;W;A,"245,104,29,58,124",2.74137,1.79588,2.14285,3.93873,-1.1973600000000002
T;K;D;S;A,E;L;L;T;V,"270,252,220,214,65",2.74035,4.53563,2.10232,6.63795,-3.8976
D;L;N;Q;Q,L;F;K;M;E,"220,117,233,127,133",2.74023,3.80149,2.09284,5.89433,-3.1541
S;T;I;D;K,A;Y;R;L;F,"124,189,168,220,253",2.73843,5.25397,-2.7494,,
S;T;I;N;L,A;Y;R;K;E,"124,189,168,114,216",2.7383,4.66467,1.31255,5.97722,-3.23892
S;D;R;E;G,E;H;A;K;A,"121,186,280,231,165",2.73798,1.88215,-4.58782,,
S;D;T;Q;R,E;H;P;L;N,"121,186,116,182,90",2.73768,4.19138,-12.5581,,
T;T;M;R;A,V;M;L;D;M,"198,51,262,90,135",2.73741,2.75602,1.56282,4.31884,-1.5814299999999997
T;K;D;S;L,E;L;L;T;F,"270,252,220,214,216",2.7367,4.53563,1.28942,5.82505,-3.08835
S;D;S;N;T,E;H;Y;K;K,"121,186,238,114,88",2.73428,2.83208,1.28517,4.11725,-1.3829700000000003
A;M;G;N;H,M;L;A;K;M,"135,154,165,233,104",2.73378,2.61474,1.29417,3.9089099999999997,-1.1751299999999998
S;D;T;Q;Q,E;H;P;L;V,"121,186,116,182,127",2.73111,4.19138,1.22374,5.41512,-2.68401
S;T;I;N;S,A;Y;R;K;T,"124,189,168,114,214",2.73081,4.66467,-0.325958,4.338712,-1.6079020000000002
T;T;T;T;L,L;M;E;V;W,"72,51,270,198,216",2.7306,4.06726,1.37086,5.43812,-2.7075199999999997
S;D;T;Q;L,E;H;P;L;Q,"121,186,116,182,216",2.72791,4.19138,1.66917,5.86055,-3.13264
T;K;D;S;R,E;L;L;T;V,"270,252,220,214,34",2.72778,4.53563,3.28169,7.8173200000000005,-5.08954
S;D;T;S;S,E;H;P;F;H,"121,186,116,238,214",2.72518,4.39699,-2.16722,,
S;G;S;M;S,W;A;E;L;T,"58,165,136,262,214",2.72509,2.29813,-0.325958,1.972172,0.7529179999999998
S;T;I;N;D,A;Y;R;K;Q,"124,189,168,114,220",2.72374,4.66467,2.86794,7.53261,-4.808870000000001
T;T;M;R;S,V;M;L;D;D,"198,51,262,90,58",2.7237,2.75602,1.87848,4.6345,-1.9108
A;M;R;G;H,M;L;N;A;M,"135,154,90,165,104",2.72211,2.37909,1.29417,3.67326,-0.9511500000000002
T;T;M;R;A,V;M;L;D;W,"198,51,262,90,65",2.72047,2.75602,1.13227,3.88829,-1.1678199999999999
A;M;G;Q;S,M;L;A;M;E,"135,154,165,127,115",2.71985,3.19369,1.69898,4.89267,-2.1728199999999998
S;D;T;E;A,E;H;P;K;T,"121,186,116,231,180",2.71979,6.58675,1.57849,8.16524,-5.445450000000001
S;D;S;N;R,E;H;Y;K;Q,"121,186,238,114,132",2.71905,2.83208,1.65183,4.48391,-1.7648599999999997
S;D;R;E;H,E;H;A;K;T,"121,186,280,231,104",2.71767,1.88215,1.64185,3.524,-0.80633
S;T;R;S;G,A;V;A;T;A,"124,198,280,214,165",2.71389,2.1529,-4.58782,,
S;G;S;M;N,W;A;E;L;K,"58,165,136,262,233",2.7132,2.29813,0.328192,2.626322,0.08687800000000001
S;T;N;D;T,M;V;K;L;N,"238,198,114,220,88",2.71248,4.37095,1.16002,5.53097,-2.81849
S;I;E;S;Q,Q;R;K;E;E,"188,168,231,136,133",2.7109,5.68401,2.09284,7.77685,-5.065949999999999
T;S;S;T;G,P;N;P;E;L,"116,238,290,270,243",2.71089,5.17498,3.65866,8.833639999999999,-6.122749999999999
T;T;M;R;S,V;M;L;D;N,"198,51,262,90,124",2.70946,2.75602,4.11541,6.87143,-4.16197
S;D;S;N;R,E;H;Y;K;S,"121,186,238,114,90",2.7093,2.83208,-6.17954,,
T;S;S;K;M,P;N;P;L;H,"116,238,290,252,161",2.70905,5.29036,0.29128,5.58164,-2.87259
S;D;S;N;S,E;H;Y;K;V,"121,186,238,114,58",2.70871,2.83208,1.64103,4.47311,-1.7644000000000002
S;I;E;Q;R,Q;R;K;L;P,"188,168,231,182,90",2.70737,5.154,-15.0143,,
S;T;N;D;F,M;V;K;L;M,"238,198,114,220,191",2.70667,4.37095,0.285492,4.656441999999999,-1.9497719999999994
A;M;R;G;S,M;L;N;A;E,"135,154,90,165,121",2.70574,2.37909,-7.13406,,
S;I;E;N;Q,Q;R;K;K;N,"188,168,231,114,133",2.70563,4.79974,1.21979,6.01953,-3.3138999999999994
T;T;N;N;R,L;M;K;K;S,"72,51,233,114,90",2.70533,3.42408,-6.17954,,
T;T;N;N;L,V;M;K;K;M,"198,51,233,114,216",2.70473,3.19949,1.46945,4.66894,-1.96421
N;S;S;S;N,Y;Q;E;P;K,"37,188,136,245,114",2.70437,1.84971,-1.33405,0.51566,2.18871
T;T;N;N;N,V;M;K;K;H,"198,51,233,114,205",2.7042,3.19949,0.934161,4.133651,-1.4294510000000002
S;D;R;T;T,E;H;A;M;V,"121,186,280,51,198",2.70411,1.79222,1.56672,3.3589399999999996,-0.6548299999999996
S;D;T;Q;S,E;H;P;L;K,"121,186,116,182,58",2.70345,4.19138,1.14527,5.33665,-2.6331999999999995
S;T;N;D;Q,M;V;K;L;V,"238,198,114,220,182",2.70109,4.37095,-2.18418,,
T;T;N;N;R,L;M;K;K;P,"72,51,233,114,90",2.70014,3.42408,-15.0143,,
S;D;R;E;S,E;H;A;K;W,"121,186,280,231,58",2.69702,1.88215,1.17243,3.05458,-0.3575599999999999
S;T;R;S;S,A;V;A;T;Q,"124,198,280,214,188",2.69471,2.1529,-1.43683,0.7160699999999998,1.9786400000000004
S;H;T;M;T,P;M;M;L;Y,"245,104,29,262,189",2.69151,1.96403,0.153862,2.117892,0.5736180000000002
N;S;T;H;S,Y;Q;M;M;T,"37,188,29,104,214",2.68932,1.62133,-0.325958,1.295372,1.393948
T;S;S;T;G,P;N;P;E;A,"116,238,290,270,243",2.68578,5.17498,1.45932,6.6343,-3.94852
S;I;E;Q;Q,Q;R;K;L;N,"188,168,231,182,133",2.68534,5.154,1.21979,6.37379,-3.6884499999999996
T;T;M;R;S,V;M;L;D;H,"198,51,262,90,187",2.68492,2.75602,-0.139832,2.6161879999999997,0.06873200000000024
T;T;T;T;S,L;M;E;V;K,"72,51,270,198,58",2.68416,4.06726,1.14527,5.21253,-2.5283700000000002
S;D;T;Q;S,E;H;P;L;Y,"121,186,116,182,269",2.68404,4.19138,-0.731655,3.4597249999999997,-0.7756849999999997
S;G;S;M;R,W;A;E;L;D,"58,165,136,262,90",2.68324,2.29813,-12.5337,,
S;D;T;K;V,E;H;P;L;C,"121,186,116,252,281",2.68175,4.99838,1.22272,6.2211,-3.5393499999999998
S;T;I;T;H,A;Y;R;E;M,"124,189,168,270,104",2.6817,5.05558,1.29417,6.34975,-3.66805
T;T;M;R;S,V;M;L;D;F,"198,51,262,90,238",2.68168,2.75602,-0.85124,1.90478,0.7769000000000001
A;M;G;Q;R,M;L;A;M;N,"135,154,165,127,132",2.68133,3.19369,1.97104,5.1647300000000005,-2.4834000000000005
T;T;N;N;S,V;M;K;K;N,"198,51,233,114,124",2.68086,3.19949,4.11541,7.3149,-4.63404
T;T;M;Q;D,V;M;L;L;N,"198,51,262,182,186",2.68025,3.03477,0.0141159,3.0488859,-0.3686359000000001
S;D;R;E;F,E;H;A;K;M,"121,186,280,231,191",2.68,1.88215,0.285492,2.167642,0.5123580000000003
S;T;N;D;R,M;V;K;L;N,"238,198,114,220,132",2.67777,4.37095,1.97104,6.341989999999999,-3.664219999999999
S;H;T;M;S,P;M;M;L;A,"245,104,29,262,124",2.67438,1.96403,2.14285,4.10688,-1.4325
T;T;M;Q;H,V;M;L;L;T,"198,51,262,182,104",2.6733,3.03477,1.64185,4.67662,-2.00332
S;G;S;M;S,W;A;E;L;E,"58,165,136,262,121",2.67316,2.29813,-7.13406,,
A;M;G;Q;N,M;L;A;M;I,"135,154,165,127,37",2.6704,3.19369,1.86168,5.05537,-2.38497
A;M;R;G;S,M;L;N;A;M,"135,154,90,165,238",2.66969,2.37909,2.2093,4.58839,-1.9187000000000003
A;M;G;Q;H,M;L;A;M;T,"135,154,165,127,104",2.66858,3.19369,1.64185,4.83554,-2.16696
S;T;I;T;S,A;Y;R;E;W,"124,189,168,270,58",2.66707,5.05558,1.17243,6.22801,-3.5609400000000004
N;S;T;H;Q,Y;Q;M;M;M,"37,188,29,104,127",2.66615,1.62133,0.477397,2.098727,0.5674230000000002
S;G;S;M;T,W;A;E;L;M,"58,165,136,262,51",2.66551,2.29813,1.3147,3.6128299999999998,-0.9473199999999999
T;T;T;T;L,L;M;E;V;Q,"72,51,270,198,216",2.66444,4.06726,1.66917,5.73643,-3.0719900000000004
T;T;N;N;S,V;M;K;K;Y,"198,51,233,114,269",2.66427,3.19949,-0.731655,2.467835,0.19643500000000014
D;L;N;Q;I,L;F;K;M;R,"220,117,233,127,168",2.66335,3.80149,-14.7567,,
T;S;S;T;T,P;N;P;E;N,"116,238,290,270,198",2.66325,5.17498,1.15645,6.331429999999999,-3.668179999999999
T;T;M;R;R,V;M;L;D;Q,"198,51,262,90,132",2.6625,2.75602,1.65183,4.40785,-1.7453499999999997
A;M;R;G;S,M;L;N;A;T,"135,154,90,165,214",2.66237,2.37909,-0.325958,2.053132,0.609238
T;T;T;S;A,L;M;E;F;N,"72,51,270,238,226",2.66158,4.13032,1.44085,5.57117,-2.9095900000000006
T;T;T;S;R,L;M;E;F;A,"72,51,270,238,280",2.65662,4.13032,-0.374307,3.7560130000000003,-1.099393
S;D;R;Q;N,E;H;A;M;K,"121,186,280,127,114",2.6537,1.52251,-1.33405,0.18846000000000007,2.46524
T;S;S;T;Q,P;N;P;E;T,"116,238,290,270,127",2.6531,5.17498,0.705474,5.880453999999999,-3.2273539999999996
N;S;T;H;T,Y;Q;M;M;Y,"37,188,29,104,189",2.65206,1.62133,0.153862,1.7751919999999999,0.8768680000000002
T;K;D;S;Q,E;L;L;T;T,"270,252,220,214,91",2.65198,4.53563,1.27643,5.812060000000001,-3.1600800000000007
S;H;T;S;S,P;M;M;W;M,"245,104,29,58,238",2.65097,1.79588,2.2093,4.005179999999999,-1.3542099999999992
A;M;G;Q;S,M;L;A;M;V,"135,154,165,127,58",2.64959,3.19369,1.64103,4.83472,-2.18513
S;D;T;S;I,E;H;P;F;H,"121,186,116,238,168",2.64768,4.39699,-1.74709,2.6498999999999997,-0.0022199999999998887
S;T;I;T;A,A;Y;R;E;T,"124,189,168,270,180",2.64671,5.05558,1.57849,6.6340699999999995,-3.9873599999999993
S;H;T;S;N,P;M;M;W;K,"245,104,29,58,114",2.64652,1.79588,-1.33405,0.46182999999999996,2.1846900000000002
T;T;N;N;Q,V;M;K;K;I,"198,51,233,114,182",2.64626,3.19949,-0.75822,2.44127,0.20499
S;I;E;N;Q,Q;R;K;K;T,"188,168,231,114,127",2.64528,4.79974,0.705474,5.505214,-2.8599339999999995
S;T;I;D;G,A;Y;R;L;A,"124,189,168,220,165",2.64499,5.25397,-4.58782,,
A;M;G;N;R,M;L;A;K;K,"135,154,165,233,53",2.64439,2.61474,1.21629,3.83103,-1.1866400000000001
T;T;N;N;L,V;M;K;K;F,"198,51,233,114,216",2.64219,3.19949,1.28942,4.48891,-1.84672
T;T;M;R;L,V;M;L;D;M,"198,51,262,90,216",2.64091,2.75602,1.46945,4.22547,-1.5845599999999997
S;H;T;M;T,P;M;M;L;V,"245,104,29,262,72",2.64007,1.96403,1.22066,3.18469,-0.5446199999999997
T;T;T;T;M,L;M;E;V;V,"72,51,270,198,154",2.63995,4.06726,-3.00604,,
T;K;D;S;Q,E;L;L;T;T,"270,252,220,214,127",2.63972,4.53563,0.705474,5.241104,-2.601384
S;D;R;E;Q,E;H;A;K;L,"121,186,280,231,182",2.63923,1.88215,-1.69976,0.18239000000000005,2.4568399999999997
A;M;G;Q;S,M;L;A;M;N,"135,154,165,127,124",2.63811,3.19369,4.11541,7.3091,-4.67099
T;T;N;N;N,L;M;K;K;I,"72,51,233,114,37",2.63732,3.42408,1.86168,5.28576,-2.64844
T;T;T;T;L,L;M;E;V;M,"72,51,270,198,216",2.63666,4.06726,1.46945,5.53671,-2.9000500000000002
S;I;E;Q;G,Q;R;K;L;S,"188,168,231,182,243",2.63527,5.154,1.55439,6.70839,-4.073119999999999
S;D;T;Q;R,E;H;P;L;L,"121,186,116,182,53",2.63469,4.19138,1.57881,5.7701899999999995,-3.1354999999999995
T;T;M;Q;S,V;M;L;L;E,"198,51,262,182,115",2.63337,3.03477,1.69898,4.73375,-2.1003799999999995
T;T;N;N;S,V;M;K;K;K,"198,51,233,114,58",2.6333,3.19949,1.14527,4.34476,-1.7114599999999998
T;T;N;N;Q,V;M;K;K;V,"198,51,233,114,127",2.63306,3.19949,1.22374,4.42323,-1.7901700000000003
S;G;S;M;S,W;A;E;L;A,"58,165,136,262,124",2.63279,2.29813,2.14285,4.44098,-1.8081899999999997
N;S;S;S;S,Y;Q;E;P;M,"37,188,136,245,238",2.63229,1.84971,2.2093,4.05901,-1.42672
S;D;T;Q;H,E;H;P;L;T,"121,186,116,182,104",2.63225,4.19138,1.64185,5.8332299999999995,-3.2009799999999995
S;T;I;T;T,A;Y;R;E;L,"124,189,168,270,72",2.63096,5.05558,1.3538,6.40938,-3.7784199999999997
A;M;R;G;S,M;L;N;A;W,"135,154,90,165,58",2.62707,2.37909,1.17243,3.55152,-0.9244500000000002
S;G;S;M;S,W;A;E;L;P,"58,165,136,262,245",2.6264,2.29813,1.34851,3.64664,-1.0202400000000003
S;D;T;Q;A,E;H;P;L;D,"121,186,116,182,226",2.62491,4.19138,-6.56873,,
S;T;R;S;I,A;V;A;T;L,"124,198,280,214,111",2.62413,2.1529,1.56098,3.7138799999999996,-1.0897499999999996
T;T;N;N;L,L;M;K;K;M,"72,51,233,114,216",2.62264,3.42408,1.46945,4.89353,-2.27089
A;M;R;G;S,M;L;N;A;E,"135,154,90,165,136",2.62189,2.37909,0.298574,2.677664,-0.05577399999999999
S;D;R;D;S,E;H;A;L;E,"121,186,280,220,136",2.62115,2.15121,0.298574,2.4497839999999997,0.17136600000000035
A;M;G;N;A,M;L;A;K;W,"135,154,165,233,65",2.62083,2.61474,1.13227,3.74701,-1.1261799999999997
S;D;R;E;I,E;H;A;K;L,"121,186,280,231,145",2.62002,1.88215,1.3052,3.18735,-0.5673300000000001
S;T;N;D;F,M;V;K;L;E,"238,198,114,220,271",2.61816,4.37095,2.659,7.0299499999999995,-4.41179
A;M;G;Q;N,M;L;A;M;H,"135,154,165,127,205",2.61782,3.19369,0.934161,4.127851,-1.5100309999999997
T;K;D;S;N,E;L;L;T;K,"270,252,220,214,138",2.61774,4.53563,1.2829,5.81853,-3.20079
N;S;S;S;E,Y;Q;E;P;K,"37,188,136,245,231",2.61598,1.84971,1.33235,3.18206,-0.5660799999999999
S;D;R;A;Q,E;H;A;E;L,"121,186,280,152,127",2.6155,1.40875,1.54969,2.95844,-0.34294
T;T;M;R;H,V;M;L;D;T,"198,51,262,90,104",2.61487,2.75602,1.64185,4.39787,-1.7830000000000004
S;H;T;S;T,P;M;M;W;L,"245,104,29,58,72",2.61329,1.79588,1.3538,3.14968,-0.5363899999999999
T;R;S;S;L,L;K;Y;T;F,"72,53,269,214,117",2.61246,2.10066,-2.30857,,
S;D;T;S;S,E;H;P;F;Y,"121,186,116,238,269",2.61069,4.39699,-0.731655,3.665335,-1.0546449999999998
S;D;T;S;K,E;H;P;F;F,"121,186,116,238,253",2.6106,4.39699,-2.7494,,
A;M;L;N;T,M;L;F;Y;M,"135,154,117,37,29",2.61028,2.34832,-6.9328,,
S;D;S;N;S,E;H;Y;K;E,"121,186,238,114,115",2.60987,2.83208,1.69898,4.53106,-1.9211900000000002
S;T;I;N;S,A;Y;R;K;F,"124,189,168,114,238",2.60855,4.66467,-0.85124,3.8134300000000003,-1.2048800000000002
A;M;G;N;S,M;L;A;K;T,"135,154,165,233,121",2.60727,2.61474,1.3121,3.92684,-1.3195699999999997
S;T;I;D;S,A;Y;R;L;W,"124,189,168,220,58",2.60708,5.25397,1.17243,6.4264,-3.8193200000000003
S;T;I;D;L,A;Y;R;L;I,"124,189,168,220,216",2.6069,5.25397,1.43258,6.6865499999999995,-4.079649999999999
S;D;S;N;M,E;H;Y;K;L,"121,186,238,114,154",2.6069,2.83208,1.39475,4.22683,-1.6199299999999996
N;N;N;S;M,I;K;K;V;L,"114,205,233,269,262",2.60637,1.78881,-8.82803,,
S;G;S;M;D,W;A;E;L;Q,"58,165,136,262,220",2.60613,2.29813,2.86794,5.1660699999999995,-2.5599399999999997
S;D;S;N;S,E;H;Y;K;P,"121,186,238,114,245",2.60497,2.83208,1.34851,4.1805900000000005,-1.5756200000000007
A;M;R;G;S,M;L;N;A;P,"135,154,90,165,245",2.60439,2.37909,1.34851,3.7276000000000002,-1.1232100000000003
A;M;G;N;S,M;L;A;K;K,"135,154,165,233,124",2.60386,2.61474,2.68892,5.30366,-2.6997999999999998
A;M;L;N;N,M;L;F;Y;K,"135,154,117,37,114",2.6033,2.34832,-1.33405,1.0142700000000002,1.5890299999999997
T;T;M;Q;A,V;M;L;L;F,"198,51,262,182,65",2.60306,3.03477,1.18512,4.2198899999999995,-1.6168299999999993
S;D;T;E;G,E;H;P;K;L,"121,186,116,231,243",2.60192,6.58675,3.65866,10.24541,-7.64349
S;D;S;N;A,E;H;Y;K;F,"121,186,238,114,65",2.60061,2.83208,1.18512,4.0172,-1.4165899999999998
S;T;I;D;G,A;Y;R;L;A,"124,189,168,220,243",2.59883,5.25397,1.45932,6.71329,-4.114459999999999
T;S;S;T;G,P;N;P;E;S,"116,238,290,270,243",2.59859,5.17498,1.55439,6.729369999999999,-4.13078
T;S;S;K;T,P;N;P;L;N,"116,238,290,252,198",2.59749,5.29036,1.15645,6.446809999999999,-3.849319999999999
T;T;M;R;A,V;M;L;D;L,"198,51,262,90,65",2.59728,2.75602,1.28107,4.03709,-1.43981
N;S;S;R;S,K;T;W;D;E,"233,214,58,90,121",2.59577,2.40164,-7.13406,,
S;T;R;S;S,A;V;A;T;M,"124,198,280,214,238",2.59498,2.1529,2.2093,4.3622,-1.7672199999999996
S;I;E;N;A,Q;R;K;K;L,"188,168,231,114,65",2.59363,4.79974,1.28107,6.08081,-3.4871799999999995
S;I;E;N;R,Q;R;K;K;L,"188,168,231,114,53",2.59205,4.79974,1.57881,6.37855,-3.7864999999999998
T;T;M;Q;T,V;M;L;L;E,"198,51,262,182,270",2.59197,3.03477,3.52614,6.56091,-3.96894
D;L;N;S;K,L;F;K;Y;L,"220,117,233,269,252",2.59083,2.47846,1.24366,3.7221200000000003,-1.1312900000000004
S;D;R;E;S,E;H;A;K;P,"121,186,280,231,245",2.59027,1.88215,1.34851,3.2306600000000003,-0.6403900000000005
T;T;T;S;S,L;M;E;F;E,"72,51,270,238,115",2.59023,4.13032,1.69898,5.8293,-3.23907
S;D;T;S;Q,E;H;P;F;T,"121,186,116,238,91",2.58957,4.39699,1.27643,5.67342,-3.08385
T;T;M;R;Q,V;M;L;D;V,"198,51,262,90,182",2.58854,2.75602,-2.18418,,
A;M;R;G;M,M;L;N;A;L,"135,154,90,165,262",2.58845,2.37909,-8.82803,,
S;D;R;Q;T,E;H;A;M;V,"121,186,280,127,198",2.58817,1.52251,1.56672,3.0892299999999997,-0.5010599999999998
S;D;T;K;L,E;H;P;L;F,"121,186,116,252,216",2.58611,4.99838,1.28942,6.2878,-3.7016899999999997
T;T;T;T;Q,L;M;E;V;I,"72,51,270,198,127",2.58467,4.06726,2.10731,6.17457,-3.5899
T;T;M;R;A,V;M;L;D;D,"198,51,262,90,226",2.584,2.75602,-6.56873,,
N;S;S;R;S,K;T;W;D;E,"233,214,58,90,136",2.57965,2.40164,0.298574,2.700214,-0.1205639999999999
S;D;T;E;C,E;H;P;K;L,"121,186,116,231,289",2.57951,6.58675,1.40303,7.9897800000000005,-5.410270000000001
D;L;N;S;T,L;F;K;Y;M,"220,117,233,269,51",2.57944,2.47846,1.3147,3.7931600000000003,-1.2137200000000004
S;D;R;T;N,E;H;A;Y;K,"121,186,280,189,233",2.57889,1.59074,0.328192,1.918932,0.6599579999999998
T;T;T;S;R,L;M;E;F;V,"72,51,270,238,34",2.57696,4.13032,3.28169,7.41201,-4.835050000000001
A;M;R;G;S,M;L;N;A;V,"135,154,90,165,223",2.57619,2.37909,1.13695,3.5160400000000003,-0.9398500000000003
S;H;T;M;G,P;M;M;L;A,"245,104,29,262,165",2.57616,1.96403,-4.58782,,
S;H;T;M;D,P;M;M;L;Q,"245,104,29,262,220",2.57602,1.96403,2.86794,4.83197,-2.25595
N;N;N;S;T,I;K;K;V;V,"114,205,233,269,72",2.57485,1.78881,1.22066,3.0094700000000003,-0.43462000000000023
S;D;T;S;I,E;H;P;F;V,"121,186,116,238,200",2.57403,4.39699,1.28856,5.685549999999999,-3.111519999999999
T;T;M;R;F,V;M;L;D;W,"198,51,262,90,271",2.57149,2.75602,1.88634,4.64236,-2.07087
S;D;T;Q;F,E;H;P;L;M,"121,186,116,182,191",2.57008,4.19138,0.285492,4.476871999999999,-1.9067919999999994
T;T;N;N;S,L;M;K;K;F,"72,51,233,114,238",2.56995,3.42408,-0.85124,2.5728400000000002,-0.0028900000000002812
E;Q;T;Q;G,K;L;L;L;I,"231,182,72,127,243",2.56947,7.66695,2.1303,9.79725,-7.22778
A;M;R;G;T,M;L;N;A;M,"135,154,90,165,29",2.56822,2.37909,-6.9328,,
S;I;E;Q;T,Q;R;K;L;Q,"188,168,231,182,88",2.56757,5.154,1.20927,6.36327,-3.7957
A;M;L;N;N,M;L;F;Y;K,"135,154,117,37,233",2.56731,2.34832,0.328192,2.6765120000000002,-0.10920200000000024
T;T;N;N;R,V;M;K;K;A,"198,51,233,114,280",2.5672,3.19949,-0.374307,2.825183,-0.25798299999999985
T;T;M;R;T,V;M;L;D;K,"198,51,262,90,88",2.56665,2.75602,1.28517,4.04119,-1.4745400000000002
T;S;S;T;L,P;N;P;E;K,"116,238,290,270,249",2.565,5.17498,1.9138,7.08878,-4.52378
A;M;G;Q;A,M;L;A;M;D,"135,154,165,127,226",2.56489,3.19369,-6.56873,,
S;H;T;M;Q,P;M;M;L;L,"245,104,29,262,182",2.56332,1.96403,-1.69976,0.26427,2.2990500000000003
A;M;G;Q;S,M;L;A;M;K,"135,154,165,127,58",2.5625,3.19369,1.14527,4.33896,-1.7764600000000002
T;T;M;Q;A,V;M;L;L;L,"198,51,262,182,65",2.56016,3.03477,1.28107,4.31584,-1.7556799999999995
T;K;D;S;G,E;L;L;T;Q,"270,252,220,214,243",2.56008,4.53563,3.87149,8.40712,-5.847040000000001
A;M;G;Q;Q,M;L;A;M;Y,"135,154,165,127,119",2.5595,3.19369,-4.54044,,
T;K;D;S;L,E;L;L;T;W,"270,252,220,214,216",2.55904,4.53563,1.37086,5.90649,-3.34745
T;T;M;Q;T,V;M;L;L;Y,"198,51,262,182,189",2.55821,3.03477,0.153862,3.188632,-0.6304220000000003
S;H;T;M;T,P;M;M;L;V,"245,104,29,262,198",2.55717,1.96403,1.56672,3.53075,-0.9735799999999997
N;S;S;R;A,K;T;W;D;W,"233,214,58,90,65",2.55623,2.40164,1.13227,3.53391,-0.9776800000000003
S;D;T;K;S,E;H;P;L;Y,"121,186,116,252,269",2.55494,4.99838,-0.731655,4.266725,-1.711785
S;D;T;K;G,E;H;P;L;T,"121,186,116,252,254",2.55353,4.99838,-4.84766,,
S;T;I;D;S,A;Y;R;L;D,"124,189,168,220,58",2.5525,5.25397,1.87848,7.1324499999999995,-4.579949999999999
N;N;N;S;S,I;K;K;V;T,"114,205,233,269,214",2.55172,1.78881,-0.325958,1.462852,1.088868
S;D;T;E;Q,E;H;P;K;F,"121,186,116,231,182",2.55113,6.58675,-2.12573,,
T;K;D;S;K,E;L;L;T;F,"270,252,220,214,253",2.55056,4.53563,-2.7494,,
Q;K;E;Q;W,L;L;K;L;I,"127,252,231,182,159",2.55003,8.0785,1.51695,9.59545,-7.04542
S;H;T;M;S,P;M;M;L;T,"245,104,29,262,214",2.5498,1.96403,-0.325958,1.638072,0.9117279999999999
T;T;T;S;T,L;M;E;F;K,"72,51,270,238,88",2.54865,4.13032,1.28517,5.41549,-2.8668400000000003
T;T;T;S;R,L;M;E;F;D,"72,51,270,238,90",2.54831,4.13032,-12.5337,,
T;T;T;S;Q,L;M;E;F;Y,"72,51,270,238,119",2.54831,4.13032,-4.54044,,
S;H;T;M;S,P;M;M;L;F,"245,104,29,262,238",2.54802,1.96403,-0.85124,1.11279,1.4352300000000002
S;T;I;N;H,A;Y;R;K;L,"124,189,168,114,104",2.54635,4.66467,1.59008,6.25475,-3.7083999999999997
A;M;L;N;D,M;L;F;Y;Q,"135,154,117,37,220",2.54579,2.34832,2.86794,5.21626,-2.67047
S;G;S;M;R,W;A;E;L;Q,"58,165,136,262,132",2.54535,2.29813,1.65183,3.94996,-1.40461
T;T;T;S;R,L;M;E;F;Q,"72,51,270,238,132",2.54496,4.13032,1.65183,5.78215,-3.2371899999999996
S;T;I;T;T,A;Y;R;E;M,"124,189,168,270,51",2.5435,5.05558,1.3147,6.37028,-3.8267800000000003
T;T;T;T;Q,L;M;E;V;K,"72,51,270,198,127",2.54266,4.06726,2.01179,6.0790500000000005,-3.5363900000000004
N;S;S;S;Q,Y;Q;E;P;M,"37,188,136,245,127",2.54145,1.84971,0.477397,2.327107,0.2143430000000004
S;D;S;N;A,E;H;Y;K;M,"121,186,238,114,65",2.54127,2.83208,1.26675,4.0988299999999995,-1.5575599999999996
T;T;N;N;R,V;M;K;K;S,"198,51,233,114,90",2.54121,3.19949,-6.17954,,
S;T;R;S;S,A;V;A;T;W,"124,198,280,214,58",2.54055,2.1529,1.17243,3.32533,-0.78478
S;I;E;S;A,Q;R;K;E;E,"188,168,231,136,152",2.54023,5.68401,1.16636,6.85037,-4.31014
A;M;R;G;R,M;L;N;A;K,"135,154,90,165,53",2.53898,2.37909,1.21629,3.5953800000000005,-1.0564000000000004
A;M;L;N;S,M;L;F;Y;W,"135,154,117,37,58",2.53758,2.34832,1.17243,3.5207500000000005,-0.9831700000000003
T;T;M;Q;S,V;M;L;L;T,"198,51,262,182,214",2.53622,3.03477,-0.325958,2.708812,-0.17259199999999986
S;I;E;S;N,Q;R;K;E;K,"188,168,231,136,138",2.53471,5.68401,1.2829,6.9669099999999995,-4.4322
S;G;S;M;T,W;A;E;L;Y,"58,165,136,262,189",2.53372,2.29813,0.153862,2.451992,0.08172800000000002
S;D;S;N;S,E;H;Y;K;K,"121,186,238,114,58",2.5337,2.83208,1.14527,3.97735,-1.4436499999999999
T;S;S;K;G,P;N;P;L;S,"116,238,290,252,243",2.53311,5.29036,1.55439,6.8447499999999994,-4.311639999999999
T;T;T;S;A,L;M;E;F;M,"72,51,270,238,65",2.53019,4.13032,1.26675,5.39707,-2.86688
A;M;G;N;N,M;L;A;K;Y,"135,154,165,233,37",2.52978,2.61474,0.685741,3.300481,-0.7707009999999999
T;T;M;R;Q,V;M;L;D;I,"198,51,262,90,182",2.52924,2.75602,-0.75822,1.9977999999999998,0.5314400000000004
T;S;S;K;G,P;N;P;L;L,"116,238,290,252,243",2.52833,5.29036,3.65866,8.949019999999999,-6.420689999999999
N;N;N;S;T,I;K;K;V;M,"114,205,233,269,51",2.52777,1.78881,1.3147,3.10351,-0.5757400000000001
D;L;N;S;T,L;F;K;Y;Y,"220,117,233,269,189",2.52768,2.47846,0.153862,2.6323220000000003,-0.10464200000000012
T;T;M;Q;S,V;M;L;L;K,"198,51,262,182,58",2.52732,3.03477,1.14527,4.18004,-1.65272
S;I;E;S;R,Q;R;K;E;Q,"188,168,231,136,224",2.52514,5.68401,0.801101,6.485111,-3.959971
S;G;S;M;H,W;A;E;L;M,"58,165,136,262,104",2.52458,2.29813,1.29417,3.5923,-1.06772
A;M;G;Q;R,M;L;A;M;S,"135,154,165,127,90",2.52373,3.19369,-6.17954,,
S;H;T;S;T,P;M;M;W;Y,"245,104,29,58,189",2.52328,1.79588,0.153862,1.9497419999999999,0.5735380000000003
E;Q;Q;D;C,K;L;L;L;L,"231,182,127,220,289",2.52246,7.84419,1.40303,9.24722,-6.72476
S;I;E;N;T,Q;R;K;K;D,"188,168,231,114,88",2.52225,4.79974,1.98481,6.784549999999999,-4.2623
S;T;R;S;Q,A;V;A;T;Y,"124,198,280,214,119",2.5218,2.1529,-4.54044,,
T;R;S;S;S,L;K;Y;T;A,"72,53,269,214,124",2.5218,2.10066,2.14285,4.243510000000001,-1.7217100000000007
A;M;G;N;H,M;L;A;K;L,"135,154,165,233,104",2.52169,2.61474,1.59008,4.20482,-1.6831299999999998
T;T;M;Q;A,V;M;L;L;W,"198,51,262,182,65",2.52083,3.03477,1.13227,4.16704,-1.64621
S;D;R;D;S,E;H;A;L;K,"121,186,280,220,124",2.51959,2.15121,2.68892,4.84013,-2.3205400000000003
S;D;R;D;S,E;H;A;L;E,"121,186,280,220,207",2.51954,2.15121,1.39808,3.54929,-1.02975
A;M;G;N;D,M;L;A;K;N,"135,154,165,233,186",2.51823,2.61474,0.0141159,2.6288559,-0.11062590000000005
N;N;N;S;S,I;K;K;V;A,"114,205,233,269,124",2.5182,1.78881,2.14285,3.93166,-1.4134599999999997
S;I;E;N;Q,Q;R;K;K;F,"188,168,231,114,182",2.51801,4.79974,-2.12573,,
S;I;E;S;R,Q;R;K;E;K,"188,168,231,136,53",2.51743,5.68401,1.21629,6.9003,-4.38287
A;M;G;Q;Q,M;L;A;M;V,"135,154,165,127,182",2.51707,3.19369,-2.18418,,
Q;K;E;Q;Y,L;L;K;L;T,"127,252,231,182,63",2.51648,8.0785,-0.214622,7.863878,-5.347398
S;D;R;T;T,E;H;A;Y;V,"121,186,280,189,72",2.51614,1.59074,1.22066,2.8114,-0.29525999999999986
T;S;S;K;V,P;N;P;L;D,"116,238,290,252,57",2.515,5.29036,1.23826,6.52862,-4.0136199999999995
S;T;I;D;S,A;Y;R;L;E,"124,189,168,220,136",2.5145,5.25397,0.298574,5.552544,-3.038044
T;K;D;S;Q,E;L;L;T;N,"270,252,220,214,127",2.51329,4.53563,2.35273,6.8883600000000005,-4.375070000000001
T;T;M;Q;L,V;M;L;L;M,"198,51,262,182,216",2.51302,3.03477,1.46945,4.50422,-1.9912
A;M;R;G;A,M;L;N;A;W,"135,154,90,165,65",2.51147,2.37909,1.13227,3.5113600000000003,-0.9998900000000002
S;T;I;D;T,A;Y;R;L;M,"124,189,168,220,29",2.51138,5.25397,-6.9328,,
S;D;R;Q;S,E;H;A;M;H,"121,186,280,127,187",2.51137,1.52251,-0.139832,1.382678,1.1286919999999998
S;G;S;M;S,W;A;E;L;M,"58,165,136,262,238",2.5113,2.29813,2.2093,4.507429999999999,-1.9961299999999995
T;T;N;N;N,V;M;K;K;I,"198,51,233,114,37",2.51106,3.19949,1.86168,5.06117,-2.5501099999999997
A;M;L;N;S,M;L;F;Y;K,"135,154,117,37,124",2.51007,2.34832,2.68892,5.037240000000001,-2.527170000000001
S;D;T;K;L,E;H;P;L;E,"121,186,116,252,216",2.50851,4.99838,1.31255,6.31093,-3.80242
T;T;T;T;I,L;M;E;V;H,"72,51,270,198,168",2.50819,4.06726,-1.74709,2.32017,0.18801999999999985
S;D;T;S;Q,E;H;P;F;V,"121,186,116,238,182",2.50495,4.39699,-2.18418,,
N;N;N;S;S,I;K;K;V;F,"114,205,233,269,238",2.50398,1.78881,-0.85124,0.93757,1.5664099999999999
S;D;T;Q;Q,E;H;P;L;I,"121,186,116,182,127",2.50279,4.19138,2.10731,6.29869,-3.7958999999999996
A;M;G;Q;A,M;L;A;M;P,"135,154,165,127,152",2.50126,3.19369,1.82327,5.01696,-2.5157000000000003
A;M;L;N;T,M;L;F;Y;L,"135,154,117,37,72",2.49903,2.34832,1.3538,3.70212,-1.20309
A;M;G;Q;R,M;L;A;M;A,"135,154,165,127,280",2.49794,3.19369,-0.374307,2.819383,-0.32144300000000037
A;M;G;N;D,M;L;A;K;Q,"135,154,165,233,220",2.49726,2.61474,2.86794,5.48268,-2.9854200000000004
T;T;M;R;D,V;M;L;D;V,"198,51,262,90,186",2.49712,2.75602,1.78881,4.54483,-2.0477100000000004
S;D;R;E;R,E;H;A;K;Q,"121,186,280,231,224",2.49521,1.88215,0.801101,2.683251,-0.18804099999999968
A;M;L;N;T,M;L;F;Y;M,"135,154,117,37,51",2.49511,2.34832,1.3147,3.6630200000000004,-1.1679100000000004
T;T;M;R;A,V;M;L;D;P,"198,51,262,90,152",2.49461,2.75602,1.82327,4.57929,-2.08468
S;D;T;Q;R,E;H;P;L;S,"121,186,116,182,90",2.49428,4.19138,-6.17954,,
N;S;S;R;K,K;T;W;D;L,"233,214,58,90,252",2.49367,2.40164,1.24366,3.6452999999999998,-1.15163
S;D;T;Q;R,E;H;P;L;T,"121,186,116,182,90",2.49228,4.19138,-6.75769,,
S;D;T;S;Q,E;H;P;F;K,"121,186,116,238,127",2.49216,4.39699,2.01179,6.40878,-3.91662
A;M;L;N;S,M;L;F;Y;D,"135,154,117,37,58",2.49097,2.34832,1.87848,4.2268,-1.73583
N;N;N;S;S,I;K;K;V;M,"114,205,233,269,238",2.49028,1.78881,2.2093,3.9981099999999996,-1.5078299999999998
T;R;S;S;S,L;K;Y;T;E,"72,53,269,214,136",2.48938,2.10066,0.298574,2.399234,0.09014600000000028
T;T;M;R;S,V;M;L;D;Y,"198,51,262,90,269",2.48916,2.75602,-0.731655,2.024365,0.46479500000000007
S;I;E;N;H,Q;R;K;K;T,"188,168,231,114,104",2.48906,4.79974,1.64185,6.44159,-3.95253
S;T;R;S;H,A;V;A;T;L,"124,198,280,214,104",2.48906,2.1529,1.59008,3.7429799999999998,-1.25392
A;M;R;G;A,M;L;N;A;F,"135,154,90,165,65",2.48804,2.37909,1.18512,3.56421,-1.0761700000000003
T;T;M;R;M,V;M;L;D;L,"198,51,262,90,154",2.48783,2.75602,1.39475,4.15077,-1.6629399999999994
S;T;R;S;A,A;V;A;T;P,"124,198,280,214,152",2.48476,2.1529,1.82327,3.9761699999999998,-1.4914099999999997
A;M;G;N;I,M;L;A;K;L,"135,154,165,233,111",2.48422,2.61474,1.56098,4.17572,-1.6915
T;K;D;S;G,E;L;L;T;K,"270,252,220,214,243",2.48298,4.53563,3.0581,7.593730000000001,-5.110750000000001
S;I;E;N;A,Q;R;K;K;D,"188,168,231,114,226",2.4811,4.79974,-6.56873,,
N;S;T;H;S,Y;Q;M;M;P,"37,188,29,104,245",2.4796,1.62133,1.34851,2.96984,-0.49024
S;H;T;M;T,P;M;M;L;M,"245,104,29,262,51",2.47842,1.96403,1.3147,3.27873,-0.8003100000000001
S;T;I;T;R,A;Y;R;E;D,"124,189,168,270,90",2.47753,5.05558,-12.5337,,
T;T;N;N;Q,V;M;K;K;V,"198,51,233,114,182",2.47726,3.19949,-2.18418,,
T;T;M;R;Q,V;M;L;D;F,"198,51,262,90,182",2.47571,2.75602,-2.12573,,
S;T;I;T;S,A;Y;R;E;D,"124,189,168,270,58",2.47432,5.05558,1.87848,6.93406,-4.45974
S;I;E;N;N,Q;R;K;K;K,"188,168,231,114,138",2.47407,4.79974,1.2829,6.08264,-3.6085699999999994
Q;K;E;Q;A,L;L;K;L;L,"127,252,231,182,272",2.47382,8.0785,-2.073,,
A;M;G;Q;Q,M;L;A;M;I,"135,154,165,127,182",2.47299,3.19369,-0.75822,2.43547,0.037519999999999776
T;R;S;S;I,L;K;Y;T;L,"72,53,269,214,111",2.47101,2.10066,1.56098,3.6616400000000002,-1.19063
E;Q;T;Q;V,K;L;L;L;D,"231,182,72,127,57",2.47074,7.66695,1.23826,8.90521,-6.43447
S;D;S;N;Q,E;H;Y;K;K,"121,186,238,114,127",2.47054,2.83208,2.01179,4.84387,-2.3733299999999997
S;T;I;N;G,A;Y;R;K;L,"124,189,168,114,243",2.46796,4.66467,3.65866,8.32333,-5.855370000000001
T;T;M;Q;R,V;M;L;L;Q,"198,51,262,182,132",2.46634,3.03477,1.65183,4.6866,-2.22026
S;D;S;N;N,E;H;Y;K;K,"121,186,238,114,233",2.46563,2.83208,0.328192,3.160272,-0.694642
S;D;T;K;C,E;H;P;L;A,"121,186,116,252,289",2.46548,4.99838,-0.0850688,4.9133112,-2.4478312
T;T;M;Q;R,V;M;L;L;K,"198,51,262,182,53",2.46529,3.03477,1.21629,4.25106,-1.7857699999999999
S;D;T;Q;L,E;H;P;L;F,"121,186,116,182,216",2.46469,4.19138,1.28942,5.4807999999999995,-3.0161099999999994
S;D;R;Q;S,E;H;A;M;K,"121,186,280,127,124",2.46454,1.52251,2.68892,4.21143,-1.74689
S;D;R;E;H,E;H;A;K;M,"121,186,280,231,104",2.46364,1.88215,1.29417,3.17632,-0.7126800000000002
S;I;E;S;Q,Q;R;K;E;N,"188,168,231,136,127",2.4628,5.68401,2.35273,8.03674,-5.57394
S;D;S;N;I,E;H;Y;K;L,"121,186,238,114,111",2.4626,2.83208,1.56098,4.39306,-1.93046
S;I;E;S;K,Q;R;K;E;F,"188,168,231,136,253",2.46083,5.68401,-2.7494,,
S;H;T;M;S,P;M;M;L;D,"245,104,29,262,58",2.45999,1.96403,1.87848,3.84251,-1.38252
A;M;G;Q;I,M;L;A;M;H,"135,154,165,127,168",2.45984,3.19369,-1.74709,1.4466,1.0132399999999997
S;I;E;S;S,Q;R;K;E;Y,"188,168,231,136,242",2.45966,5.68401,1.18862,6.87263,-4.41297
A;M;L;N;F,M;L;F;Y;W,"135,154,117,37,271",2.45944,2.34832,1.88634,4.23466,-1.77522
S;T;N;D;S,M;V;K;L;N,"238,198,114,220,124",2.45923,4.37095,4.11541,8.48636,-6.02713
T;T;N;N;A,V;M;K;K;N,"198,51,233,114,226",2.45896,3.19949,1.44085,4.64034,-2.1813800000000003
S;T;R;S;S,A;V;A;T;D,"124,198,280,214,58",2.45879,2.1529,1.87848,4.0313799999999995,-1.5725899999999995
S;D;R;T;S,E;H;A;M;A,"121,186,280,51,124",2.45853,1.79222,2.14285,3.93507,-1.47654
S;I;E;S;Q,Q;R;K;E;V,"188,168,231,136,127",2.45773,5.68401,1.22374,6.90775,-4.45002
T;S;S;T;Q,P;N;P;E;N,"116,238,290,270,133",2.45713,5.17498,1.21979,6.394769999999999,-3.9376399999999996
T;T;M;R;S,V;M;L;D;E,"198,51,262,90,207",2.45494,2.75602,1.39808,4.1541,-1.6991599999999996
S;D;T;S;I,E;H;P;F;R,"121,186,116,238,168",2.45356,4.39699,-14.7567,,
S;H;T;S;T,P;M;M;W;V,"245,104,29,58,72",2.4502,1.79588,1.22066,3.01654,-0.5663399999999998
S;T;I;T;L,A;Y;R;E;F,"124,189,168,270,117",2.44948,5.05558,-2.30857,,
S;G;S;M;A,W;A;E;L;M,"58,165,136,262,135",2.44858,2.29813,1.56282,3.86095,-1.4123699999999997
S;D;T;E;P,E;H;P;K;Q,"121,186,116,231,38",2.44811,6.58675,1.58069,8.167440000000001,-5.719330000000001
T;R;S;S;G,L;K;Y;T;A,"72,53,269,214,165",2.44784,2.10066,-4.58782,,
S;D;R;E;A,E;H;A;K;F,"121,186,280,231,65",2.44749,1.88215,1.18512,3.0672699999999997,-0.6197799999999996
S;I;E;Q;S,Q;R;K;L;Y,"188,168,231,182,269",2.4449,5.154,-0.731655,4.422345,-1.977445
A;M;G;N;Q,M;L;A;K;K,"135,154,165,233,127",2.44443,2.61474,2.01179,4.62653,-2.1820999999999997
T;S;S;K;D,P;N;P;L;K,"116,238,290,252,263",2.44425,5.29036,1.32913,6.61949,-4.1752400000000005
S;D;T;E;V,E;H;P;K;C,"121,186,116,231,281",2.44061,6.58675,1.22272,7.80947,-5.36886
S;I;E;Q;F,Q;R;K;L;M,"188,168,231,182,191",2.44023,5.154,0.285492,5.4394919999999995,-2.9992619999999994
N;S;S;S;T,Y;Q;E;P;V,"37,188,136,245,198",2.43898,1.84971,1.56672,3.41643,-0.9774500000000002
T;T;M;Q;M,V;M;L;L;L,"198,51,262,182,154",2.43843,3.03477,1.39475,4.42952,-1.9910900000000002
S;I;E;Q;G,Q;R;K;L;H,"188,168,231,182,251",2.4384,5.154,1.17609,6.33009,-3.89169
S;D;T;E;P,E;H;P;K;V,"121,186,116,231,184",2.43714,6.58675,0.457537,7.044287000000001,-4.607147000000001
D;L;N;Q;A,L;F;K;M;N,"220,117,233,127,226",2.4363,3.80149,1.44085,5.2423399999999996,-2.8060399999999994
N;S;S;R;N,K;T;W;D;Y,"233,214,58,90,37",2.4362,2.40164,0.685741,3.087381,-0.6511810000000002
S;D;S;N;A,E;H;Y;K;W,"121,186,238,114,65",2.43584,2.83208,1.13227,3.96435,-1.5285100000000003
S;T;R;S;T,A;V;A;T;M,"124,198,280,214,29",2.43558,2.1529,-6.9328,,
A;M;G;N;A,M;L;A;K;L,"135,154,165,233,65",2.43466,2.61474,1.28107,3.89581,-1.46115
N;S;S;S;I,Y;Q;E;P;R,"37,188,136,245,168",2.43406,1.84971,-14.7567,,
S;D;R;E;S,E;H;A;K;Y,"121,186,280,231,269",2.43331,1.88215,-0.731655,1.1504949999999998,1.2828150000000003
Q;K;E;Q;R,L;L;K;L;Y,"127,252,231,182,123",2.43323,8.0785,1.89278,9.97128,-7.53805
S;D;R;E;A,E;H;A;K;M,"121,186,280,231,65",2.43313,1.88215,1.26675,3.1489000000000003,-0.7157700000000005
N;N;N;S;Q,I;K;K;V;V,"114,205,233,269,127",2.43283,1.78881,1.22374,3.01255,-0.57972
S;G;S;M;N,W;A;E;L;Y,"58,165,136,262,37",2.43235,2.29813,0.685741,2.983871,-0.5515210000000002
T;T;N;N;Q,V;M;K;K;I,"198,51,233,114,127",2.43217,3.19949,2.10731,5.3068,-2.87463
T;T;T;S;M,L;M;E;F;V,"72,51,270,238,154",2.43084,4.13032,-3.00604,,
T;T;N;N;A,L;M;K;K;N,"72,51,233,114,226",2.42991,3.42408,1.44085,4.86493,-2.43502
S;T;I;T;Q,A;Y;R;E;W,"124,189,168,270,133",2.42877,5.05558,1.99371,7.04929,-4.62052
S;H;T;S;T,P;M;M;W;M,"245,104,29,58,51",2.42858,1.79588,1.3147,3.1105799999999997,-0.6819999999999995
T;T;M;Q;N,V;M;L;L;H,"198,51,262,182,205",2.42777,3.03477,0.934161,3.968931,-1.5411609999999998
T;T;N;N;Q,L;M;K;K;V,"72,51,233,114,127",2.42728,3.42408,1.22374,4.64782,-2.22054
T;T;T;S;I,L;M;E;F;V,"72,51,270,238,200",2.4262,4.13032,1.28856,5.41888,-2.9926799999999996
T;S;S;K;S,P;N;P;L;T,"116,238,290,252,124",2.42566,5.29036,2.0551,7.345459999999999,-4.919799999999999
T;T;N;N;I,V;M;K;K;H,"198,51,233,114,168",2.4244,3.19949,-1.74709,1.4524,0.972
S;T;I;T;K,A;Y;R;E;V,"124,189,168,270,253",2.42378,5.05558,-1.77146,3.2841199999999997,-0.8603399999999999
T;T;M;Q;A,V;M;L;L;E,"198,51,262,182,152",2.4226,3.03477,1.16636,4.20113,-1.77853
S;D;R;D;S,E;H;A;L;M,"121,186,280,220,238",2.42092,2.15121,2.2093,4.36051,-1.9395899999999995
S;T;I;T;G,A;Y;R;E;S,"124,189,168,270,243",2.42084,5.05558,1.55439,6.60997,-4.18913
N;S;S;S;T,Y;Q;E;P;E,"37,188,136,245,270",2.42082,1.84971,3.52614,5.37585,-2.95503
N;S;S;R;G,K;T;W;D;A,"233,214,58,90,165",2.41998,2.40164,-4.58782,,
S;I;E;S;F,Q;R;K;E;W,"188,168,231,136,271",2.41965,5.68401,1.88634,7.5703499999999995,-5.1507
N;S;S;S;S,Y;Q;E;P;E,"37,188,136,245,121",2.41958,1.84971,-7.13406,,
S;H;T;S;D,P;M;M;W;Q,"245,104,29,58,220",2.41917,1.79588,2.86794,4.663819999999999,-2.2446499999999996
S;D;T;S;M,E;H;P;F;H,"121,186,116,238,161",2.41826,4.39699,0.29128,4.688269999999999,-2.270009999999999
S;G;S;M;T,W;A;E;L;M,"58,165,136,262,29",2.41702,2.29813,-6.9328,,
S;T;I;T;G,A;Y;R;E;A,"124,189,168,270,165",2.41639,5.05558,-4.58782,,
S;T;R;S;D,A;V;A;T;N,"124,198,280,214,186",2.41602,2.1529,0.0141159,2.1670159,0.24900410000000006
T;T;N;N;S,V;M;K;K;V,"198,51,233,114,58",2.41437,3.19949,1.64103,4.84052,-2.42615
A;M;L;N;G,M;L;F;Y;A,"135,154,117,37,165",2.41427,2.34832,-4.58782,,
S;H;T;M;N,P;M;M;L;K,"245,104,29,262,233",2.41385,1.96403,0.328192,2.2922219999999998,0.12162800000000029
A;M;G;N;R,M;L;A;K;D,"135,154,165,233,90",2.41383,2.61474,-12.5337,,
S;T;I;N;R,A;Y;R;K;Q,"124,189,168,114,132",2.41347,4.66467,1.65183,6.3165,-3.9030299999999998
A;M;G;N;S,M;L;A;K;V,"135,154,165,233,223",2.41104,2.61474,1.13695,3.75169,-1.3406500000000001
N;S;T;H;R,Y;Q;M;M;D,"37,188,29,104,90",2.41103,1.62133,-12.5337,,
N;S;S;R;R,K;T;W;D;K,"233,214,58,90,53",2.41089,2.40164,1.21629,3.6179300000000003,-1.2070400000000001
S;D;R;S;T,E;H;A;T;V,"121,186,280,214,72",2.41048,1.07516,1.22066,2.29582,0.1146600000000002
T;T;M;Q;S,V;M;L;L;V,"198,51,262,182,223",2.4088,3.03477,1.13695,4.17172,-1.7629199999999998
A;M;R;G;L,M;L;N;A;F,"135,154,90,165,117",2.40873,2.37909,-2.30857,,
T;K;D;S;A,E;L;L;T;T,"270,252,220,214,180",2.40868,4.53563,1.57849,6.11412,-3.70544
D;L;N;Q;N,L;F;K;M;T,"220,117,233,127,190",2.40861,3.80149,1.14081,4.9422999999999995,-2.5336899999999996
T;T;M;Q;Q,V;M;L;L;V,"198,51,262,182,127",2.40697,3.03477,1.22374,4.25851,-1.8515400000000004
S;D;S;N;Q,E;H;Y;K;A,"121,186,238,114,127",2.40575,2.83208,0.543456,3.375536,-0.969786
T;T;T;S;T,L;M;E;F;N,"72,51,270,238,88",2.40564,4.13032,1.16002,5.2903400000000005,-2.8847000000000005
S;T;I;N;A,A;Y;R;K;F,"124,189,168,114,65",2.40427,4.66467,1.18512,5.8497900000000005,-3.4455200000000006
D;L;N;Q;R,L;F;K;M;L,"220,117,233,127,53",2.40354,3.80149,1.57881,5.3803,-2.97676
T;T;T;S;L,L;M;E;F;M,"72,51,270,238,216",2.40346,4.13032,1.46945,5.59977,-3.1963100000000004
T;R;S;S;H,L;K;Y;T;M,"72,53,269,214,104",2.4026,2.10066,1.29417,3.39483,-0.9922299999999997
S;T;R;S;R,A;V;A;T;Q,"124,198,280,214,224",2.40174,2.1529,0.801101,2.954001,-0.5522609999999997
S;G;S;M;L,W;A;E;L;F,"58,165,136,262,117",2.40092,2.29813,-2.30857,,
S;T;I;T;S,A;Y;R;E;P,"124,189,168,270,245",2.40044,5.05558,1.34851,6.40409,-4.00365
S;T;I;N;T,A;Y;R;K;V,"124,189,168,114,72",2.40022,4.66467,1.22066,5.88533,-3.4851099999999997
T;T;M;Q;D,V;M;L;L;V,"198,51,262,182,186",2.39799,3.03477,1.78881,4.82358,-2.4255899999999997
T;T;M;R;R,V;M;L;D;Q,"198,51,262,90,224",2.39618,2.75602,0.801101,3.557121,-1.1609409999999998
S;I;E;Q;V,Q;R;K;L;D,"188,168,231,182,57",2.39608,5.154,1.23826,6.39226,-3.9961800000000003
S;H;T;M;R,P;M;M;L;D,"245,104,29,262,90",2.39545,1.96403,-12.5337,,
T;T;M;Q;R,V;M;L;L;N,"198,51,262,182,132",2.39513,3.03477,1.97104,5.00581,-2.6106800000000003
T;R;S;S;T,L;K;Y;T;Y,"72,53,269,214,189",2.39511,2.10066,0.153862,2.254522,0.1405879999999997
S;H;T;M;S,P;M;M;L;W,"245,104,29,262,58",2.39442,1.96403,1.17243,3.13646,-0.7420399999999998
S;D;T;S;A,E;H;P;F;D,"121,186,116,238,226",2.39345,4.39699,-6.56873,,
A;M;G;Q;T,M;L;A;M;N,"135,154,165,127,88",2.39303,3.19369,1.16002,4.35371,-1.9606800000000004
S;T;R;S;M,A;V;A;T;L,"124,198,280,214,154",2.39007,2.1529,1.39475,3.54765,-1.1575799999999998
E;Q;Q;D;C,K;L;L;L;D,"231,182,127,220,289",2.38895,7.84419,1.83462,9.67881,-7.289860000000001
S;T;I;T;Q,A;Y;R;E;T,"124,189,168,270,91",2.38858,5.05558,1.27643,6.33201,-3.94343
S;T;N;D;K,M;V;K;L;L,"238,198,114,220,253",2.38806,4.37095,-1.0623,3.3086499999999996,-0.9205899999999998
S;T;I;N;L,A;Y;R;K;K,"124,189,168,114,249",2.38703,4.66467,1.9138,6.57847,-4.19144
D;L;N;S;M,L;F;K;Y;L,"220,117,233,269,262",2.38557,2.47846,-8.82803,,
T;S;S;T;V,P;N;P;E;D,"116,238,290,270,57",2.38429,5.17498,1.23826,6.41324,-4.02895
N;S;T;H;T,Y;Q;M;M;V,"37,188,29,104,198",2.38233,1.62133,1.56672,3.1880499999999996,-0.8057199999999995
S;H;T;M;D,P;M;M;L;N,"245,104,29,262,186",2.38202,1.96403,0.0141159,1.9781459,0.4038740999999999
S;T;N;D;H,M;V;K;L;R,"238,198,114,220,104",2.37905,4.37095,1.19641,5.56736,-3.18831
S;D;T;E;G,E;H;P;K;I,"121,186,116,231,243",2.37869,6.58675,2.1303,8.71705,-6.33836
S;G;S;M;A,W;A;E;L;W,"58,165,136,262,65",2.37831,2.29813,1.13227,3.4304,-1.0520900000000002
S;T;I;N;G,A;Y;R;K;A,"124,189,168,114,165",2.37806,4.66467,-4.58782,,
S;D;S;N;N,E;H;Y;K;I,"121,186,238,114,37",2.37554,2.83208,1.86168,4.69376,-2.31822
T;T;T;T;T,L;M;E;V;D,"72,51,270,198,88",2.37516,4.06726,1.98481,6.0520700000000005,-3.6769100000000003
S;D;R;E;T,E;H;A;K;Y,"121,186,280,231,189",2.37372,1.88215,0.153862,2.036012,0.3377080000000001
A;M;G;N;S,M;L;A;K;D,"135,154,165,233,58",2.37367,2.61474,1.87848,4.49322,-2.11955
S;D;R;Q;K,E;H;A;M;L,"121,186,280,127,252",2.37259,1.52251,1.24366,2.76617,-0.3935799999999996
S;T;N;D;R,M;V;K;L;V,"238,198,114,220,34",2.37218,4.37095,3.28169,7.65264,-5.28046
N;S;S;R;S,K;T;W;D;T,"233,214,58,90,121",2.37196,2.40164,1.3121,3.71374,-1.34178
S;I;E;Q;A,Q;R;K;L;F,"188,168,231,182,65",2.37142,5.154,1.18512,6.339119999999999,-3.9676999999999993
S;T;N;D;S,M;V;K;L;Y,"238,198,114,220,269",2.37014,4.37095,-0.731655,3.6392949999999997,-1.2691549999999996
S;H;T;M;S,P;M;M;L;K,"245,104,29,262,124",2.36985,1.96403,2.68892,4.65295,-2.2830999999999997
A;M;L;N;Q,M;L;F;Y;K,"135,154,117,37,127",2.36898,2.34832,2.01179,4.360110000000001,-1.9911300000000005
S;T;I;D;S,A;Y;R;L;P,"124,189,168,220,125",2.36759,5.25397,1.21417,6.46814,-4.10055
S;D;T;Q;H,E;H;P;L;R,"121,186,116,182,104",2.36657,4.19138,1.19641,5.38779,-3.02122
N;S;S;R;Q,K;T;W;D;L,"233,214,58,90,182",2.36643,2.40164,-1.69976,0.7018800000000001,1.6645499999999998
S;D;T;Q;N,E;H;P;L;K,"121,186,116,182,138",2.36632,4.19138,1.2829,5.474279999999999,-3.1079599999999994
S;I;E;N;D,Q;R;K;K;N,"188,168,231,114,186",2.36606,4.79974,0.0141159,4.8138559,-2.4477959
T;T;N;N;T,L;M;K;K;D,"72,51,233,114,88",2.36582,3.42408,1.98481,5.4088899999999995,-3.0430699999999997
S;D;R;T;S,E;H;A;L;T,"121,186,280,72,214",2.36469,1.88057,-0.325958,1.554612,0.8100779999999999
S;I;E;S;S,Q;R;K;E;Y,"188,168,231,136,269",2.36463,5.68401,-0.731655,4.952355,-2.587725
S;D;R;E;M,E;H;A;K;L,"121,186,280,231,154",2.36454,1.88215,1.39475,3.2769,-0.9123600000000001
S;D;R;Q;T,E;H;A;M;M,"121,186,280,127,29",2.36358,1.52251,-6.9328,,
A;M;L;N;S,M;L;F;Y;T,"135,154,117,37,214",2.36347,2.34832,-0.325958,2.022362,0.34110799999999974
S;D;R;T;S,E;H;A;Y;M,"121,186,280,189,238",2.362,1.59074,2.2093,3.80004,-1.43804
N;S;T;H;N,Y;Q;M;M;K,"37,188,29,104,114",2.36022,1.62133,-1.33405,0.28728,2.07294
T;R;S;S;S,L;K;Y;T;E,"72,53,269,214,121",2.35992,2.10066,-7.13406,,
A;M;L;N;M,M;L;F;Y;L,"135,154,117,37,262",2.35988,2.34832,-8.82803,,
T;T;N;N;R,V;M;K;K;L,"198,51,233,114,53",2.35922,3.19949,1.57881,4.7783,-2.4190799999999997
S;D;T;Q;R,E;H;P;L;A,"121,186,116,182,90",2.35829,4.19138,-6.05749,,
T;R;S;S;T,L;K;Y;T;E,"72,53,269,214,270",2.35829,2.10066,3.52614,5.626799999999999,-3.268509999999999
S;H;T;S;N,P;M;M;W;K,"245,104,29,58,233",2.35713,1.79588,0.328192,2.124072,0.2330580000000002
S;T;I;D;H,A;Y;R;L;R,"124,189,168,220,104",2.35527,5.25397,1.19641,6.45038,-4.09511
S;I;E;S;A,Q;R;K;E;W,"188,168,231,136,65",2.35508,5.68401,1.13227,6.81628,-4.4612
N;S;T;H;T,Y;Q;M;M;V,"37,188,29,104,72",2.35382,1.62133,1.22066,2.84199,-0.4881700000000002
S;I;E;N;Q,Q;R;K;K;T,"188,168,231,114,91",2.35361,4.79974,1.27643,6.076169999999999,-3.722559999999999
S;T;I;N;Q,A;Y;R;K;R,"124,189,168,114,127",2.35081,4.66467,2.24575,6.91042,-4.55961
A;M;L;N;H,M;L;F;Y;M,"135,154,117,37,104",2.34948,2.34832,1.29417,3.6424900000000004,-1.2930100000000007
A;M;L;N;T,M;L;F;Y;V,"135,154,117,37,72",2.34922,2.34832,1.22066,3.5689800000000003,-1.2197600000000004
D;L;N;S;S,L;F;K;Y;T,"220,117,233,269,214",2.3491,2.47846,-0.325958,2.152502,0.19659799999999983
S;G;S;M;I,W;A;E;L;L,"58,165,136,262,111",2.34701,2.29813,1.56098,3.8591100000000003,-1.5121000000000002
S;D;T;Q;L,E;H;P;L;I,"121,186,116,182,216",2.34447,4.19138,1.43258,5.623959999999999,-3.2794899999999996
S;H;T;S;G,P;M;M;W;A,"245,104,29,58,165",2.3435,1.79588,-4.58782,,
T;T;T;T;N,L;M;E;V;H,"72,51,270,198,205",2.34334,4.06726,0.934161,5.001421000000001,-2.6580810000000006
A;M;R;G;D,M;L;N;A;N,"135,154,90,165,186",2.34309,2.37909,0.0141159,2.3932059000000003,-0.05011590000000021
T;K;D;S;K,E;L;L;T;V,"270,252,220,214,253",2.34154,4.53563,-1.77146,2.76417,-0.42262999999999984
S;H;T;S;S,P;M;M;W;K,"245,104,29,58,124",2.3404,1.79588,2.68892,4.4848,-2.1444
N;S;T;H;S,Y;Q;M;M;A,"37,188,29,104,124",2.33872,1.62133,2.14285,3.76418,-1.4254600000000002
N;N;N;S;S,I;K;K;V;D,"114,205,233,269,58",2.33835,1.78881,1.87848,3.66729,-1.3289399999999998
A;M;L;N;S,M;L;F;Y;E,"135,154,117,37,121",2.33813,2.34832,-7.13406,,
S;D;R;D;S,E;H;A;L;F,"121,186,280,220,238",2.33763,2.15121,-0.85124,1.2999699999999998,1.03766
S;D;R;D;T,E;H;A;L;E,"121,186,280,220,270",2.33643,2.15121,3.52614,5.67735,-3.3409199999999997
D;L;N;S;T,L;F;K;Y;L,"220,117,233,269,72",2.33638,2.47846,1.3538,3.8322599999999998,-1.4958799999999997
S;T;I;D;Q,A;Y;R;L;L,"124,189,168,220,182",2.33572,5.25397,-1.69976,3.55421,-1.21849
S;T;N;D;Q,M;V;K;L;T,"238,198,114,220,91",2.3341,4.37095,1.27643,5.64738,-3.3132800000000002
T;T;N;N;M,L;M;K;K;V,"72,51,233,114,154",2.33387,3.42408,-3.00604,,
T;T;M;Q;A,V;M;L;L;M,"198,51,262,182,65",2.33311,3.03477,1.26675,4.30152,-1.96841
S;T;I;N;S,A;Y;R;K;P,"124,189,168,114,245",2.33245,4.66467,1.34851,6.01318,-3.68073
A;M;L;N;S,M;L;F;Y;F,"135,154,117,37,238",2.33096,2.34832,-0.85124,1.4970800000000002,0.83388
S;D;T;K;C,E;H;P;L;S,"121,186,116,252,289",2.33034,4.99838,-1.16436,3.8340199999999998,-1.5036799999999997
T;T;T;T;R,L;M;E;V;N,"72,51,270,198,132",2.32905,4.06726,1.97104,6.0383,-3.7092499999999995
D;L;N;Q;I,L;F;K;M;V,"220,117,233,127,200",2.32904,3.80149,1.28856,5.09005,-2.7610099999999997
T;T;N;N;D,L;M;K;K;V,"72,51,233,114,186",2.32886,3.42408,1.78881,5.21289,-2.8840299999999996
N;S;S;R;T,K;T;W;D;M,"233,214,58,90,51",2.32874,2.40164,1.3147,3.7163399999999998,-1.3876
A;M;G;Q;T,M;L;A;M;D,"135,154,165,127,88",2.32821,3.19369,1.98481,5.1785,-2.8502899999999998
A;M;G;N;S,M;L;A;K;E,"135,154,165,233,121",2.32789,2.61474,-7.13406,,
A;M;G;N;L,M;L;A;K;M,"135,154,165,233,216",2.32786,2.61474,1.46945,4.0841899999999995,-1.7563299999999997
S;T;I;T;R,A;Y;R;E;N,"124,189,168,270,90",2.32718,5.05558,-12.5581,,
S;T;I;N;T,A;Y;R;K;N,"124,189,168,114,198",2.32628,4.66467,1.15645,5.8211200000000005,-3.4948400000000004
S;I;E;N;A,Q;R;K;K;T,"188,168,231,114,180",2.32627,4.79974,1.57849,6.37823,-4.05196
S;T;I;T;N,A;Y;R;E;K,"124,189,168,270,233",2.32538,5.05558,0.328192,5.383772,-3.0583919999999996
T;T;N;N;A,V;M;K;K;D,"198,51,233,114,226",2.32524,3.19949,-6.56873,,
S;T;I;T;D,A;Y;R;E;Q,"124,189,168,270,220",2.32448,5.05558,2.86794,7.92352,-5.5990400000000005
S;T;I;N;V,A;Y;R;K;C,"124,189,168,114,281",2.32437,4.66467,1.22272,5.88739,-3.56302
T;T;T;T;L,L;M;E;V;E,"72,51,270,198,216",2.32354,4.06726,1.31255,5.37981,-3.05627
S;I;E;Q;M,Q;R;K;L;H,"188,168,231,182,161",2.32192,5.154,0.29128,5.44528,-3.1233600000000004
S;D;T;Q;S,E;H;P;L;Y,"121,186,116,182,242",2.32116,4.19138,1.18862,5.38,-3.05884
N;S;S;R;M,K;T;W;D;L,"233,214,58,90,154",2.31982,2.40164,1.39475,3.7963899999999997,-1.4765699999999997
S;D;R;T;Q,E;H;A;Y;M,"121,186,280,189,127",2.31821,1.59074,0.477397,2.068137,0.250073
A;M;G;Q;I,M;L;A;M;R,"135,154,165,127,168",2.3179,3.19369,-14.7567,,
T;T;N;N;Q,L;M;K;K;I,"72,51,233,114,127",2.31771,3.42408,2.10731,5.53139,-3.21368
N;S;S;S;S,Y;Q;E;P;A,"37,188,136,245,124",2.31706,1.84971,2.14285,3.99256,-1.6755
N;N;N;S;S,I;K;K;V;K,"114,205,233,269,124",2.31638,1.78881,2.68892,4.47773,-2.16135
A;M;R;G;S,M;L;N;A;T,"135,154,90,165,121",2.31598,2.37909,1.3121,3.69119,-1.37521
S;D;R;E;Q,E;H;A;K;V,"121,186,280,231,182",2.31368,1.88215,-2.18418,,
T;T;N;N;Q,L;M;K;K;E,"72,51,233,114,133",2.31244,3.42408,2.09284,5.51692,-3.2044799999999998
Q;K;E;Q;Y,L;L;K;L;S,"127,252,231,182,63",2.31224,8.0785,-1.05409,7.02441,-4.7121699999999995
S;D;R;E;Q,E;H;A;K;K,"121,186,280,231,127",2.31219,1.88215,2.01179,3.8939399999999997,-1.5817499999999995
S;D;S;N;A,E;H;Y;K;E,"121,186,238,114,152",2.31206,2.83208,1.16636,3.99844,-1.6863800000000002
S;H;T;M;L,P;M;M;L;F,"245,104,29,262,117",2.31189,1.96403,-2.30857,,
N;S;S;R;H,K;T;W;D;L,"233,214,58,90,104",2.31185,2.40164,1.59008,3.99172,-1.6798699999999998
A;M;R;G;S,M;L;N;A;Q,"135,154,90,165,188",2.31165,2.37909,-1.43683,0.9422600000000001,1.36939
S;T;I;T;Q,A;Y;R;E;K,"124,189,168,270,127",2.31088,5.05558,2.01179,7.06737,-4.75649
S;T;N;D;L,M;V;K;L;M,"238,198,114,220,216",2.30988,4.37095,1.46945,5.8404,-3.5305199999999997
T;T;T;S;A,L;M;E;F;D,"72,51,270,238,226",2.30923,4.13032,-6.56873,,
T;T;M;R;L,V;M;L;D;W,"198,51,262,90,216",2.30879,2.75602,1.37086,4.12688,-1.8180899999999998
S;T;R;S;S,A;V;A;T;E,"124,198,280,214,115",2.30815,2.1529,1.69898,3.8518799999999995,-1.5437299999999996
T;T;N;N;T,V;M;K;K;D,"198,51,233,114,88",2.30718,3.19949,1.98481,5.1843,-2.8771200000000006
S;D;T;S;F,E;H;P;F;E,"121,186,116,238,271",2.30696,4.39699,2.659,7.0559899999999995,-4.749029999999999
S;T;N;D;R,M;V;K;L;A,"238,198,114,220,90",2.30553,4.37095,-6.05749,,
A;M;R;G;A,M;L;N;A;E,"135,154,90,165,152",2.30347,2.37909,1.16636,3.54545,-1.2419800000000003
A;M;G;N;R,M;L;A;K;Q,"135,154,165,233,132",2.30276,2.61474,1.65183,4.26657,-1.9638099999999996
Q;K;E;Q;P,L;L;K;L;Q,"127,252,231,182,38",2.30227,8.0785,1.58069,9.65919,-7.356920000000001
T;T;T;T;F,L;M;E;V;M,"72,51,270,198,191",2.30187,4.06726,0.285492,4.352752,-2.0508819999999996
A;M;L;N;R,M;L;F;Y;N,"135,154,117,37,90",2.30161,2.34832,-12.5581,,
T;S;S;T;P,P;N;P;E;D,"116,238,290,270,197",2.30147,5.17498,1.57327,6.74825,-4.4467799999999995
N;N;N;S;D,I;K;K;V;Q,"114,205,233,269,220",2.30021,1.78881,2.86794,4.65675,-2.35654
S;G;S;M;A,W;A;E;L;E,"58,165,136,262,152",2.29938,2.29813,1.16636,3.46449,-1.1651099999999999
S;T;R;S;T,A;V;A;T;M,"124,198,280,214,51",2.29849,2.1529,1.3147,3.4676,-1.1691099999999999
T;T;T;S;R,L;M;E;F;S,"72,51,270,238,90",2.2983,4.13032,-6.17954,,
S;D;R;D;S,E;H;A;L;A,"121,186,280,220,124",2.29709,2.15121,2.14285,4.29406,-1.9969700000000001
S;T;R;S;N,A;V;A;T;I,"124,198,280,214,37",2.29618,2.1529,1.86168,4.01458,-1.7183999999999995
T;T;M;R;S,V;M;L;D;K,"198,51,262,90,58",2.29557,2.75602,1.14527,3.90129,-1.6057199999999998
S;T;I;N;A,A;Y;R;K;T,"124,189,168,114,180",2.29297,4.66467,1.57849,6.24316,-3.9501899999999996
A;M;G;Q;R,M;L;A;M;P,"135,154,165,127,90",2.29205,3.19369,-15.0143,,
T;T;M;Q;H,V;M;L;L;M,"198,51,262,182,104",2.29161,3.03477,1.29417,4.32894,-2.0373300000000003
A;M;G;N;S,M;L;A;K;H,"135,154,165,233,187",2.29143,2.61474,-0.139832,2.4749079999999997,-0.18347799999999959
S;H;T;M;S,P;M;M;L;E,"245,104,29,262,136",2.2914,1.96403,0.298574,2.262604,0.028795999999999822
T;T;M;Q;A,V;M;L;L;D,"198,51,262,182,226",2.28931,3.03477,-6.56873,,
T;S;S;K;L,P;N;P;L;K,"116,238,290,252,249",2.28781,5.29036,1.9138,7.20416,-4.9163499999999996
S;T;I;T;S,A;Y;R;E;Q,"124,189,168,270,188",2.28764,5.05558,-1.43683,3.61875,-1.3311099999999998
T;T;N;N;T,V;M;K;K;N,"198,51,233,114,88",2.28742,3.19949,1.16002,4.35951,-2.07209
T;R;S;S;A,L;K;Y;T;F,"72,53,269,214,65",2.28627,2.10066,1.18512,3.28578,-0.9995099999999999
N;S;S;R;S,K;T;W;D;V,"233,214,58,90,223",2.2856,2.40164,1.13695,3.53859,-1.25299
S;D;R;T;D,E;H;A;Y;Q,"121,186,280,189,220",2.2852,1.59074,2.86794,4.45868,-2.17348
S;T;N;D;N,M;V;K;L;K,"238,198,114,220,138",2.28327,4.37095,1.2829,5.653849999999999,-3.3705799999999995
S;T;I;N;G,A;Y;R;K;A,"124,189,168,114,243",2.28291,4.66467,1.45932,6.12399,-3.84108
S;G;S;M;R,W;A;E;L;N,"58,165,136,262,90",2.28289,2.29813,-12.5581,,
T;T;T;S;I,L;M;E;F;R,"72,51,270,238,168",2.28182,4.13032,-14.7567,,
S;T;R;S;R,A;V;A;T;N,"124,198,280,214,90",2.28176,2.1529,-12.5581,,
S;T;I;T;C,A;Y;R;E;A,"124,189,168,270,289",2.28139,5.05558,-0.0850688,4.9705112,-2.6891211999999998
T;K;D;S;F,E;L;L;T;E,"270,252,220,214,271",2.28109,4.53563,2.659,7.19463,-4.91354
A;M;G;Q;I,M;L;A;M;L,"135,154,165,127,145",2.28101,3.19369,1.3052,4.49889,-2.21788
A;M;R;G;Q,M;L;N;A;L,"135,154,90,165,182",2.27926,2.37909,-1.69976,0.6793300000000002,1.5999299999999996
S;T;I;T;V,A;Y;R;E;C,"124,189,168,270,281",2.27853,5.05558,1.22272,6.2783,-3.99977
S;D;R;D;T,E;H;A;L;L,"121,186,280,220,72",2.27837,2.15121,1.3538,3.5050099999999995,-1.2266399999999997
A;M;L;N;S,M;L;F;Y;T,"135,154,117,37,121",2.2745,2.34832,1.3121,3.6604200000000002,-1.38592
S;D;T;E;Q,E;H;P;K;D,"121,186,116,231,127",2.27419,6.58675,1.96342,8.55017,-6.27598
T;T;N;N;Q,V;M;K;K;A,"198,51,233,114,127",2.27405,3.19949,0.543456,3.742946,-1.468896
S;G;S;M;R,W;A;E;L;A,"58,165,136,262,280",2.27264,2.29813,-0.374307,1.923823,0.34881699999999993
S;D;R;D;N,E;H;A;L;Y,"121,186,280,220,37",2.27144,2.15121,0.685741,2.836951,-0.5655109999999999
S;I;E;S;D,Q;R;K;E;N,"188,168,231,136,186",2.27135,5.68401,0.0141159,5.6981259,-3.4267759
T;T;N;N;I,L;M;K;K;V,"72,51,233,114,200",2.26996,3.42408,1.28856,4.71264,-2.44268
T;T;M;Q;S,V;M;L;L;M,"198,51,262,182,238",2.26831,3.03477,2.2093,5.24407,-2.9757599999999997
S;I;E;Q;R,Q;R;K;L;Y,"188,168,231,182,123",2.26659,5.154,1.89278,7.04678,-4.78019
S;G;S;M;S,W;A;E;L;V,"58,165,136,262,223",2.26656,2.29813,1.13695,3.43508,-1.16852
S;D;S;N;A,E;H;Y;K;L,"121,186,238,114,65",2.26513,2.83208,1.28107,4.11315,-1.84802
S;G;S;M;A,W;A;E;L;F,"58,165,136,262,65",2.26453,2.29813,1.18512,3.48325,-1.2187199999999998
Q;K;E;Q;W,L;L;K;L;C,"127,252,231,182,257",2.26358,8.0785,2.40869,10.48719,-8.22361
T;R;S;S;S,L;K;Y;T;T,"72,53,269,214,121",2.26334,2.10066,1.3121,3.41276,-1.14942
T;T;N;N;L,L;M;K;K;Q,"72,51,233,114,216",2.26309,3.42408,1.66917,5.09325,-2.8301600000000002
S;T;N;D;M,M;V;K;L;V,"238,198,114,220,154",2.26191,4.37095,-3.00604,,
N;N;N;S;S,I;K;K;V;E,"114,205,233,269,136",2.25965,1.78881,0.298574,2.087384,0.17226600000000003
S;D;R;D;N,E;H;A;L;K,"121,186,280,220,114",2.2576,2.15121,-1.33405,0.8171599999999999,1.4404400000000002
S;D;S;N;R,E;H;Y;K;N,"121,186,238,114,132",2.2573,2.83208,1.97104,4.80312,-2.54582
D;L;N;S;I,L;F;K;Y;L,"220,117,233,269,111",2.25725,2.47846,1.56098,4.03944,-1.78219
S;D;S;N;R,E;H;Y;K;P,"121,186,238,114,90",2.25601,2.83208,-15.0143,,
D;L;N;Q;M,L;F;K;M;V,"220,117,233,127,154",2.25541,3.80149,-3.00604,,
A;M;L;N;S,M;L;F;Y;E,"135,154,117,37,207",2.25527,2.34832,1.39808,3.7464000000000004,-1.4911300000000005
S;H;T;M;S,P;M;M;L;T,"245,104,29,262,121",2.25471,1.96403,1.3121,3.27613,-1.02142
A;M;G;N;S,M;L;A;K;E,"135,154,165,233,207",2.25399,2.61474,1.39808,4.01282,-1.7588299999999997
S;D;S;N;F,E;H;Y;K;W,"121,186,238,114,271",2.25368,2.83208,1.88634,4.71842,-2.46474
S;D;R;T;Q,E;H;A;M;L,"121,186,280,51,127",2.25345,1.79222,1.54969,3.34191,-1.08846
N;N;N;S;T,I;K;K;V;M,"114,205,233,269,29",2.2533,1.78881,-6.9328,,
T;T;N;N;S,L;M;K;K;V,"72,51,233,114,58",2.25245,3.42408,1.64103,5.06511,-2.8126599999999997
S;D;T;E;G,E;H;P;K;A,"121,186,116,231,243",2.25196,6.58675,1.45932,8.04607,-5.79411
S;I;E;Q;A,Q;R;K;L;P,"188,168,231,182,152",2.25162,5.154,1.82327,6.97727,-4.72565
S;D;R;D;Q,E;H;A;L;L,"121,186,280,220,182",2.24899,2.15121,-1.69976,0.4514499999999999,1.7975400000000001
S;D;R;Q;N,E;H;A;M;K,"121,186,280,127,233",2.24845,1.52251,0.328192,1.850702,0.397748
E;Q;Q;D;P,K;L;L;L;Q,"231,182,127,220,38",2.24837,7.84419,1.58069,9.42488,-7.17651
A;M;G;Q;N,M;L;A;M;T,"135,154,165,127,190",2.2483,3.19369,1.14081,4.3345,-2.0862000000000003
T;K;D;S;M,E;L;L;T;H,"270,252,220,214,161",2.24828,4.53563,0.29128,4.82691,-2.57863
D;L;N;Q;R,L;F;K;M;P,"220,117,233,127,90",2.24619,3.80149,-15.0143,,
S;D;S;N;L,E;H;Y;K;M,"121,186,238,114,216",2.24494,2.83208,1.46945,4.30153,-2.0565899999999995
T;T;M;Q;S,V;M;L;L;V,"198,51,262,182,58",2.24454,3.03477,1.64103,4.6758,-2.4312599999999995
T;T;N;N;I,V;M;K;K;L,"198,51,233,114,145",2.2411,3.19949,1.3052,4.50469,-2.26359
S;I;E;N;P,Q;R;K;K;D,"188,168,231,114,197",2.24084,4.79974,1.57327,6.37301,-4.13217
D;L;N;Q;L,L;F;K;M;M,"220,117,233,127,216",2.24007,3.80149,1.46945,5.2709399999999995,-3.0308699999999997
N;N;N;S;Q,I;K;K;V;L,"114,205,233,269,182",2.23985,1.78881,-1.69976,0.08905000000000007,2.1508000000000003
T;T;M;R;Q,V;M;L;D;V,"198,51,262,90,127",2.23961,2.75602,1.22374,3.9797599999999997,-1.7401499999999999
S;H;T;M;S,P;M;M;L;E,"245,104,29,262,121",2.23848,1.96403,-7.13406,,
S;H;T;M;R,P;M;M;L;N,"245,104,29,262,90",2.23698,1.96403,-12.5581,,
N;S;S;R;D,K;T;W;D;N,"233,214,58,90,186",2.23565,2.40164,0.0141159,2.4157559,-0.18010590000000004
S;I;E;S;G,Q;R;K;E;K,"188,168,231,136,243",2.23464,5.68401,3.0581,8.74211,-6.50747
N;S;T;H;T,Y;Q;M;M;E,"37,188,29,104,270",2.2341,1.62133,3.52614,5.14747,-2.91337
S;I;E;S;T,Q;R;K;E;L,"188,168,231,136,72",2.23401,5.68401,1.3538,7.0378099999999995,-4.803799999999999
N;S;S;S;S,Y;Q;E;P;F,"37,188,136,245,238",2.23367,1.84971,-0.85124,0.99847,1.2352
S;D;T;S;G,E;H;P;F;Q,"121,186,116,238,243",2.2327,4.39699,3.87149,8.26848,-6.035780000000001
S;T;I;T;A,A;Y;R;E;P,"124,189,168,270,152",2.23247,5.05558,1.82327,6.87885,-4.64638
S;T;R;S;S,A;V;A;T;V,"124,198,280,214,223",2.23209,2.1529,1.13695,3.2898499999999995,-1.0577599999999996
S;D;S;N;N,E;H;Y;K;T,"121,186,238,114,190",2.23149,2.83208,1.14081,3.97289,-1.7414
T;T;N;N;S,L;M;K;K;E,"72,51,233,114,115",2.23048,3.42408,1.69898,5.12306,-2.8925799999999997
S;D;R;T;S,E;H;A;L;Q,"121,186,280,72,188",2.22959,1.88057,-1.43683,0.44374,1.78585
T;T;T;S;Q,L;M;E;F;A,"72,51,270,238,127",2.22849,4.13032,0.543456,4.673776,-2.4452860000000003
S;T;I;D;M,A;Y;R;L;L,"124,189,168,220,154",2.22786,5.25397,1.39475,6.64872,-4.420859999999999
S;D;T;K;G,E;H;P;L;Q,"121,186,116,252,243",2.22771,4.99838,3.87149,8.86987,-6.6421600000000005
T;T;N;N;T,L;M;K;K;Q,"72,51,233,114,88",2.22679,3.42408,1.20927,4.63335,-2.4065600000000003
S;D;R;T;S,E;H;A;Y;K,"121,186,280,189,124",2.22673,1.59074,2.68892,4.27966,-2.05293
S;T;I;N;L,A;Y;R;K;F,"124,189,168,114,117",2.22617,4.66467,-2.30857,,
S;D;T;E;K,E;H;P;K;Y,"121,186,116,231,253",2.22503,6.58675,-2.49422,,
S;D;R;E;T,E;H;A;K;M,"121,186,280,231,29",2.22337,1.88215,-6.9328,,
S;D;R;E;R,E;H;A;K;S,"121,186,280,231,90",2.22221,1.88215,-6.17954,,
T;K;D;S;C,E;L;L;T;A,"270,252,220,214,289",2.22212,4.53563,-0.0850688,4.4505612,-2.2284412000000002
S;T;R;S;L,A;V;A;T;F,"124,198,280,214,117",2.22113,2.1529,-2.30857,,
A;M;G;N;A,M;L;A;K;D,"135,154,165,233,226",2.2203,2.61474,-6.56873,,
A;M;G;N;F,M;L;A;K;W,"135,154,165,233,271",2.2191,2.61474,1.88634,4.50108,-2.28198
T;T;N;N;R,V;M;K;K;P,"198,51,233,114,90",2.21891,3.19949,-15.0143,,
S;H;T;M;N,P;M;M;L;Y,"245,104,29,262,37",2.21889,1.96403,0.685741,2.649771,-0.43088099999999985
A;M;G;N;F,M;L;A;K;M,"135,154,165,233,271",2.21864,2.61474,2.15661,4.77135,-2.55271
S;D;T;K;G,E;H;P;L;S,"121,186,116,252,243",2.21844,4.99838,1.55439,6.55277,-4.33433
S;D;R;D;S,E;H;A;L;P,"121,186,280,220,245",2.21791,2.15121,1.34851,3.49972,-1.2818100000000001
S;T;R;S;A,A;V;A;T;F,"124,198,280,214,65",2.21778,2.1529,1.18512,3.3380199999999998,-1.12024
T;T;T;T;R,L;M;E;V;A,"72,51,270,198,90",2.21762,4.06726,-6.05749,,
A;M;G;N;S,M;L;A;K;N,"135,154,165,233,124",2.21726,2.61474,4.11541,6.73015,-4.5128900000000005
S;D;T;K;K,E;H;P;L;F,"121,186,116,252,253",2.21714,4.99838,-2.7494,,
S;D;R;E;N,E;H;A;K;K,"121,186,280,231,138",2.21645,1.88215,1.2829,3.16505,-0.9485999999999999
S;D;T;Q;T,E;H;P;L;Q,"121,186,116,182,88",2.21619,4.19138,1.20927,5.40065,-3.1844599999999996
S;I;E;N;S,Q;R;K;K;H,"188,168,231,114,187",2.21583,4.79974,-0.139832,4.659908,-2.4440779999999998
S;D;R;Q;S,E;H;A;M;D,"121,186,280,127,58",2.21478,1.52251,1.87848,3.40099,-1.18621
S;T;R;S;S,A;V;A;T;H,"124,198,280,214,187",2.21145,2.1529,-0.139832,2.0130679999999996,0.1983820000000005
N;S;S;S;Q,Y;Q;E;P;I,"37,188,136,245,182",2.21088,1.84971,-0.75822,1.0914899999999998,1.11939
A;M;L;N;S,M;L;F;Y;E,"135,154,117,37,136",2.20763,2.34832,0.298574,2.646894,-0.4392640000000001
E;Q;T;Q;W,K;L;L;L;I,"231,182,72,127,159",2.20685,7.66695,1.51695,9.1839,-6.977049999999999
A;M;G;Q;T,M;L;A;M;Q,"135,154,165,127,88",2.2055,3.19369,1.20927,4.40296,-2.1974600000000004
A;M;G;N;R,M;L;A;K;Q,"135,154,165,233,224",2.20445,2.61474,0.801101,3.415841,-1.2113909999999999
T;T;T;T;K,L;M;E;V;L,"72,51,270,198,253",2.20436,4.06726,-1.0623,3.00496,-0.8006000000000002
T;T;N;N;N,V;M;K;K;T,"198,51,233,114,190",2.20406,3.19949,1.14081,4.3403,-2.13624
T;T;N;N;Q,L;M;K;K;V,"72,51,233,114,182",2.20254,3.42408,-2.18418,,
S;H;T;S;Q,P;M;M;W;L,"245,104,29,58,182",2.2025,1.79588,-1.69976,0.09611999999999998,2.10638
A;M;R;G;I,M;L;N;A;L,"135,154,90,165,111",2.20151,2.37909,1.56098,3.9400700000000004,-1.7385600000000005
S;I;E;S;N,Q;R;K;E;I,"188,168,231,136,37",2.20103,5.68401,1.86168,7.54569,-5.344659999999999
T;T;M;R;A,V;M;L;D;M,"198,51,262,90,65",2.1998,2.75602,1.26675,4.0227699999999995,-1.8229699999999993
D;L;N;S;S,L;F;K;Y;M,"220,117,233,269,238",2.19723,2.47846,2.2093,4.68776,-2.49053
S;H;T;S;S,P;M;M;W;T,"245,104,29,58,214",2.1965,1.79588,-0.325958,1.469922,0.726578
A;M;G;N;S,M;L;A;K;Q,"135,154,165,233,188",2.19616,2.61474,-1.43683,1.1779099999999998,1.01825
T;K;D;S;V,E;L;L;T;C,"270,252,220,214,281",2.19609,4.53563,1.22272,5.75835,-3.56226
S;D;R;D;M,E;H;A;L;L,"121,186,280,220,262",2.19419,2.15121,-8.82803,,
S;I;E;S;A,Q;R;K;E;V,"188,168,231,136,65",2.19132,5.68401,2.10232,7.7863299999999995,-5.595009999999999
S;D;T;S;G,E;H;P;F;K,"121,186,116,238,243",2.18983,4.39699,3.0581,7.45509,-5.26526
A;M;G;N;Q,M;L;A;K;Y,"135,154,165,233,119",2.18848,2.61474,-4.54044,,
S;D;T;Q;K,E;H;P;L;L,"121,186,116,182,253",2.18826,4.19138,-1.0623,3.1290799999999996,-0.9408199999999995
S;D;R;E;I,E;H;A;K;L,"121,186,280,231,111",2.18761,1.88215,1.56098,3.44313,-1.2555200000000002
S;D;T;Q;Q,E;H;P;L;T,"121,186,116,182,91",2.18731,4.19138,1.27643,5.46781,-3.2805
S;D;T;S;Q,E;H;P;F;E,"121,186,116,238,133",2.18708,4.39699,2.09284,6.4898299999999995,-4.30275
D;L;N;Q;G,L;F;K;M;Q,"220,117,233,127,243",2.18682,3.80149,3.87149,7.67298,-5.48616
S;T;I;N;Q,A;Y;R;K;Y,"124,189,168,114,119",2.18617,4.66467,-4.54044,,
N;S;T;H;R,Y;Q;M;M;K,"37,188,29,104,53",2.18589,1.62133,1.21629,2.8376200000000003,-0.6517300000000001
A;M;G;N;A,M;L;A;K;F,"135,154,165,233,65",2.18579,2.61474,1.18512,3.79986,-1.61407
T;T;T;S;S,L;M;E;F;P,"72,51,270,238,188",2.18509,4.13032,-0.195825,3.934495,-1.7494049999999999
N;S;S;S;T,Y;Q;E;P;L,"37,188,136,245,72",2.18454,1.84971,1.3538,3.2035099999999996,-1.0189699999999995
N;S;S;S;T,Y;Q;E;P;M,"37,188,136,245,29",2.18412,1.84971,-6.9328,,
S;D;R;T;S,E;H;A;L;K,"121,186,280,72,124",2.18144,1.88057,2.68892,4.56949,-2.3880500000000002
T;T;T;S;L,L;M;E;F;Q,"72,51,270,238,216",2.18019,4.13032,1.66917,5.7994900000000005,-3.6193000000000004
D;L;N;Q;K,L;F;K;M;Y,"220,117,233,127,253",2.17919,3.80149,-2.49422,,
T;T;N;N;Q,L;M;K;K;A,"72,51,233,114,127",2.17823,3.42408,0.543456,3.967536,-1.7893059999999998
S;H;T;S;R,P;M;M;W;D,"245,104,29,58,90",2.17747,1.79588,-12.5337,,
S;D;R;T;L,E;H;A;Y;F,"121,186,280,189,117",2.17513,1.59074,-2.30857,,
A;M;R;G;F,M;L;N;A;W,"135,154,90,165,271",2.17399,2.37909,1.88634,4.26543,-2.0914400000000004
S;G;S;M;D,W;A;E;L;N,"58,165,136,262,186",2.17166,2.29813,0.0141159,2.3122459,-0.14058590000000004
T;T;N;N;T,L;M;K;K;N,"72,51,233,114,88",2.17075,3.42408,1.16002,4.5841,-2.4133500000000003
T;R;S;S;H,L;K;Y;T;T,"72,53,269,214,104",2.16982,2.10066,1.64185,3.7425100000000002,-1.5726900000000001
T;T;M;R;R,V;M;L;D;N,"198,51,262,90,132",2.1676,2.75602,1.97104,4.72706,-2.5594599999999996
S;H;T;S;L,P;M;M;W;F,"245,104,29,58,117",2.16742,1.79588,-2.30857,,
S;T;I;N;S,A;Y;R;K;D,"124,189,168,114,58",2.16729,4.66467,1.87848,6.54315,-4.375859999999999
T;T;N;N;R,L;M;K;K;N,"72,51,233,114,132",2.16496,3.42408,1.97104,5.39512,-3.23016
A;M;L;N;R,M;L;F;Y;Q,"135,154,117,37,132",2.1648,2.34832,1.65183,4.00015,-1.8353499999999996
N;N;N;S;Q,I;K;K;V;Y,"114,205,233,269,119",2.1643,1.78881,-4.54044,,
S;D;R;D;M,E;H;A;L;L,"121,186,280,220,154",2.16317,2.15121,1.39475,3.54596,-1.38279
S;D;T;S;A,E;H;P;F;T,"121,186,116,238,180",2.16224,4.39699,1.57849,5.975479999999999,-3.813239999999999
T;T;T;S;R,L;M;E;F;A,"72,51,270,238,90",2.15881,4.13032,-6.05749,,
S;H;T;S;S,P;M;M;W;E,"245,104,29,58,136",2.15865,1.79588,0.298574,2.094454,0.06419600000000036
S;D;T;S;S,E;H;P;F;T,"121,186,116,238,124",2.1565,4.39699,2.0551,6.45209,-4.295590000000001
T;S;S;K;L,P;N;P;L;C,"116,238,290,252,249",2.15601,5.29036,1.14374,6.4341,-4.27809
S;D;R;D;A,E;H;A;L;F,"121,186,280,220,65",2.15499,2.15121,1.18512,3.33633,-1.1813399999999996
S;D;R;E;Q,E;H;A;K;A,"121,186,280,231,127",2.1539,1.88215,0.543456,2.425606,-0.271706
T;T;T;T;N,L;M;E;V;K,"72,51,270,198,138",2.15388,4.06726,1.2829,5.35016,-3.19628
S;I;E;N;Q,Q;R;K;K;V,"188,168,231,114,127",2.1509,4.79974,1.22374,6.02348,-3.87258
E;Q;T;Q;W,K;L;L;L;C,"231,182,72,127,257",2.15017,7.66695,2.40869,10.07564,-7.92547
D;L;N;S;D,L;F;K;Y;N,"220,117,233,269,186",2.15014,2.47846,0.0141159,2.4925759000000003,-0.34243590000000035
A;M;R;G;H,M;L;N;A;L,"135,154,90,165,104",2.14907,2.37909,1.59008,3.96917,-1.8201
N;S;S;R;H,K;T;W;D;T,"233,214,58,90,104",2.14876,2.40164,1.64185,4.04349,-1.8947300000000005
A;M;G;N;A,M;L;A;K;E,"135,154,165,233,152",2.1485,2.61474,1.16636,3.7811,-1.6326
S;D;T;S;L,E;H;P;F;Q,"121,186,116,238,216",2.14666,4.39699,1.66917,6.06616,-3.9195
T;T;N;N;Q,V;M;K;K;E,"198,51,233,114,133",2.14563,3.19949,2.09284,5.29233,-3.1466999999999996
T;T;M;R;Q,V;M;L;D;A,"198,51,262,90,127",2.14515,2.75602,0.543456,3.299476,-1.1543259999999997
N;S;S;S;S,Y;Q;E;P;D,"37,188,136,245,58",2.14472,1.84971,1.87848,3.7281899999999997,-1.5834699999999997
T;K;D;S;Q,E;L;L;T;N,"270,252,220,214,133",2.14416,4.53563,1.21979,5.75542,-3.61126
N;S;S;R;F,K;T;W;D;M,"233,214,58,90,271",2.14297,2.40164,2.15661,4.55825,-2.41528
S;T;I;D;Q,A;Y;R;L;N,"124,189,168,220,133",2.14219,5.25397,1.21979,6.4737599999999995,-4.331569999999999
T;T;M;R;A,V;M;L;D;F,"198,51,262,90,65",2.1405,2.75602,1.18512,3.94114,-1.80064
S;T;I;D;A,A;Y;R;L;E,"124,189,168,220,152",2.14024,5.25397,1.16636,6.42033,-4.2800899999999995
S;T;N;D;G,M;V;K;L;Q,"238,198,114,220,243",2.14006,4.37095,3.87149,8.24244,-6.10238
S;I;E;S;Q,Q;R;K;E;Y,"188,168,231,136,119",2.13997,5.68401,-4.54044,,
S;T;I;T;P,A;Y;R;E;D,"124,189,168,270,197",2.13978,5.05558,1.57327,6.62885,-4.48907
A;M;G;N;S,M;L;A;K;E,"135,154,165,233,115",2.13929,2.61474,1.69898,4.31372,-2.17443
S;D;R;E;A,E;H;A;K;M,"121,186,280,231,135",2.13877,1.88215,1.56282,3.44497,-1.3062
S;T;I;D;Q,A;Y;R;L;V,"124,189,168,220,182",2.13592,5.25397,-2.18418,,
S;H;T;M;S,P;M;M;L;H,"245,104,29,262,187",2.13509,1.96403,-0.139832,1.824198,0.31089199999999995
S;G;S;M;S,W;A;E;L;K,"58,165,136,262,124",2.1345,2.29813,2.68892,4.98705,-2.85255
S;I;E;S;T,Q;R;K;E;K,"188,168,231,136,88",2.13296,5.68401,1.28517,6.96918,-4.836219999999999
S;T;I;D;T,A;Y;R;L;N,"124,189,168,220,198",2.13182,5.25397,1.15645,6.41042,-4.278600000000001
S;D;R;T;T,E;H;A;M;Y,"121,186,280,51,189",2.13104,1.79222,0.153862,1.9460819999999999,0.18495800000000018
S;D;R;Q;G,E;H;A;M;A,"121,186,280,127,165",2.13036,1.52251,-4.58782,,
E;Q;T;Q;P,K;L;L;L;V,"231,182,72,127,184",2.12927,7.66695,0.457537,8.124487,-5.995217
S;H;T;S;A,P;M;M;W;P,"245,104,29,58,152",2.12822,1.79588,1.82327,3.61915,-1.49093
S;D;T;Q;L,E;H;P;L;E,"121,186,116,182,216",2.12743,4.19138,1.31255,5.5039299999999995,-3.3764999999999996
S;D;R;T;S,E;H;A;Y;W,"121,186,280,189,58",2.12698,1.59074,1.17243,2.76317,-0.63619
S;H;T;M;S,P;M;M;L;V,"245,104,29,262,223",2.12692,1.96403,1.13695,3.10098,-0.9740599999999997
S;I;E;Q;C,Q;R;K;L;S,"188,168,231,182,289",2.12652,5.154,-1.16436,3.9896399999999996,-1.8631199999999994
S;I;E;N;A,Q;R;K;K;P,"188,168,231,114,152",2.12433,4.79974,1.82327,6.62301,-4.49868
S;H;T;M;S,P;M;M;L;Q,"245,104,29,262,188",2.12403,1.96403,-1.43683,0.5271999999999999,1.59683
T;T;M;R;T,V;M;L;D;Q,"198,51,262,90,88",2.12297,2.75602,1.20927,3.96529,-1.84232
A;M;L;N;H,M;L;F;Y;L,"135,154,117,37,104",2.12207,2.34832,1.59008,3.9384,-1.8163300000000002
D;L;N;Q;K,L;F;K;M;L,"220,117,233,127,253",2.12207,3.80149,-1.0623,2.73919,-0.6171199999999999
S;T;I;D;R,A;Y;R;L;Q,"124,189,168,220,132",2.12136,5.25397,1.65183,6.905799999999999,-4.784439999999999
S;D;R;Q;S,E;H;A;M;T,"121,186,280,127,214",2.12104,1.52251,-0.325958,1.196552,0.9244879999999998
S;D;R;D;A,E;H;A;L;W,"121,186,280,220,65",2.12056,2.15121,1.13227,3.28348,-1.1629200000000002
S;D;T;E;K,E;H;P;K;V,"121,186,116,231,253",2.12027,6.58675,-1.77146,4.81529,-2.69502
S;D;R;S;D,E;H;A;T;Q,"121,186,280,214,220",2.11993,1.07516,2.86794,3.9431,-1.8231699999999997
S;H;T;M;F,P;M;M;L;M,"245,104,29,262,271",2.1197,1.96403,2.15661,4.12064,-2.00094
D;L;N;S;G,L;F;K;Y;A,"220,117,233,269,165",2.11795,2.47846,-4.58782,,
N;S;S;R;L,K;T;W;D;F,"233,214,58,90,117",2.11715,2.40164,-2.30857,,
T;T;T;S;I,L;M;E;F;H,"72,51,270,238,168",2.11674,4.13032,-1.74709,2.38323,-0.2664900000000001
N;S;S;R;S,K;T;W;D;Q,"233,214,58,90,188",2.11599,2.40164,-1.43683,0.96481,1.15118
S;D;T;Q;Q,E;H;P;L;N,"121,186,116,182,133",2.1155,4.19138,1.21979,5.411169999999999,-3.2956699999999994
S;T;I;D;A,A;Y;R;L;W,"124,189,168,220,65",2.1141,5.25397,1.13227,6.38624,-4.27214
Q;K;E;Q;W,L;L;K;L;K,"127,252,231,182,257",2.11345,8.0785,1.47425,9.55275,-7.439299999999999
S;T;R;S;F,A;V;A;T;M,"124,198,280,214,271",2.11299,2.1529,2.15661,4.3095099999999995,-2.1965199999999996
S;T;R;S;S,A;V;A;T;E,"124,198,280,214,207",2.11241,2.1529,1.39808,3.55098,-1.43857
A;M;R;G;Q,M;L;N;A;V,"135,154,90,165,182",2.1124,2.37909,-2.18418,,
S;D;T;S;T,E;H;P;F;N,"121,186,116,238,88",2.11239,4.39699,1.16002,5.55701,-3.44462
S;D;R;T;Q,E;H;A;Y;L,"121,186,280,189,127",2.11236,1.59074,1.54969,3.1404300000000003,-1.0280700000000005
T;T;M;R;I,V;M;L;D;R,"198,51,262,90,168",2.11199,2.75602,-14.7567,,
S;T;R;S;R,A;V;A;T;K,"124,198,280,214,53",2.11099,2.1529,1.21629,3.3691899999999997,-1.2581999999999995
A;M;R;G;R,M;L;N;A;Q,"135,154,90,165,132",2.10954,2.37909,1.65183,4.03092,-1.92138
T;T;T;T;T,L;M;E;V;N,"72,51,270,198,88",2.10888,4.06726,1.16002,5.22728,-3.1184000000000003
S;D;R;Q;S,E;H;A;M;M,"121,186,280,127,238",2.10863,1.52251,2.2093,3.73181,-1.62318
N;S;S;R;H,K;T;W;D;M,"233,214,58,90,104",2.10837,2.40164,1.29417,3.69581,-1.58744
N;N;N;S;S,I;K;K;V;P,"114,205,233,269,245",2.10613,1.78881,1.34851,3.13732,-1.03119
S;G;S;M;F,W;A;E;L;W,"58,165,136,262,271",2.10598,2.29813,1.88634,4.18447,-2.07849
S;I;E;N;K,Q;R;K;K;L,"188,168,231,114,253",2.10572,4.79974,-1.0623,3.73744,-1.63172
S;D;R;S;S,E;H;A;T;K,"121,186,280,214,124",2.1054,1.07516,2.68892,3.76408,-1.65868
S;T;N;D;R,M;V;K;L;T,"238,198,114,220,90",2.1051,4.37095,-6.75769,,
S;T;I;D;H,A;Y;R;L;L,"124,189,168,220,104",2.10416,5.25397,1.59008,6.844049999999999,-4.739889999999999
T;T;N;N;R,V;M;K;K;N,"198,51,233,114,132",2.10193,3.19949,1.97104,5.170529999999999,-3.0685999999999996
S;T;I;N;V,A;Y;R;K;D,"124,189,168,114,57",2.10074,4.66467,1.23826,5.90293,-3.8021899999999995
S;D;R;T;N,E;H;A;M;K,"121,186,280,51,114",2.10042,1.79222,-1.33405,0.45816999999999997,1.6422500000000002
S;T;I;T;C,A;Y;R;E;S,"124,189,168,270,289",2.09785,5.05558,-1.16436,3.8912199999999997,-1.7933699999999995
N;N;N;S;A,I;K;K;V;M,"114,205,233,269,135",2.09767,1.78881,1.56282,3.35163,-1.2539600000000002
S;I;E;S;K,Q;R;K;E;L,"188,168,231,136,253",2.09644,5.68401,-1.0623,4.62171,-2.5252700000000003
S;D;R;D;H,E;H;A;L;T,"121,186,280,220,104",2.09561,2.15121,1.64185,3.7930599999999997,-1.6974499999999995
A;M;G;Q;R,M;L;A;M;L,"135,154,165,127,53",2.09274,3.19369,1.57881,4.7725,-2.67976
S;T;R;S;S,A;V;A;T;K,"124,198,280,214,58",2.09267,2.1529,1.14527,3.29817,-1.2054999999999998
S;D;T;Q;F,E;H;P;L;E,"121,186,116,182,271",2.09137,4.19138,2.659,6.8503799999999995,-4.75901
T;S;S;T;S,P;N;P;E;H,"116,238,290,270,214",2.09076,5.17498,-2.16722,,
S;D;R;Q;N,E;H;A;M;Y,"121,186,280,127,37",2.08957,1.52251,0.685741,2.208251,-0.11868100000000004
S;H;T;M;A,P;M;M;L;L,"245,104,29,262,65",2.08948,1.96403,1.28107,3.2451,-1.1556199999999999
T;T;T;T;N,L;M;E;V;T,"72,51,270,198,190",2.08915,4.06726,1.14081,5.20807,-3.11892
A;M;L;N;R,M;L;F;Y;D,"135,154,117,37,90",2.08869,2.34832,-12.5337,,
S;D;T;Q;I,E;H;P;L;V,"121,186,116,182,200",2.08865,4.19138,1.28856,5.479939999999999,-3.3912899999999992
S;H;T;M;M,P;M;M;L;L,"245,104,29,262,154",2.08841,1.96403,1.39475,3.35878,-1.2703699999999998
N;S;S;R;R,K;T;W;D;A,"233,214,58,90,280",2.08815,2.40164,-0.374307,2.027333,0.06081700000000012
S;T;N;D;S,M;V;K;L;P,"238,198,114,220,188",2.08648,4.37095,-0.195825,4.1751249999999995,-2.0886449999999996
S;D;T;K;Q,E;H;P;L;N,"121,186,116,252,127",2.08545,4.99838,2.35273,7.35111,-5.2656600000000005
S;D;T;K;A,E;H;P;L;T,"121,186,116,252,180",2.08416,4.99838,1.57849,6.5768699999999995,-4.49271
S;D;T;K;G,E;H;P;L;L,"121,186,116,252,243",2.08399,4.99838,3.65866,8.65704,-6.57305
T;T;M;Q;T,V;M;L;L;K,"198,51,262,182,88",2.08344,3.03477,1.28517,4.31994,-2.2365
S;D;T;K;G,E;H;P;L;A,"121,186,116,252,243",2.08297,4.99838,1.45932,6.4577,-4.37473
S;I;E;S;A,Q;R;K;E;D,"188,168,231,136,226",2.08283,5.68401,-6.56873,,
S;D;R;D;I,E;H;A;L;L,"121,186,280,220,111",2.08147,2.15121,1.56098,3.7121899999999997,-1.6307199999999997
A;M;L;N;D,M;L;F;Y;N,"135,154,117,37,186",2.08074,2.34832,0.0141159,2.3624359000000004,-0.28169590000000033
N;S;S;S;S,Y;Q;E;P;K,"37,188,136,245,124",2.08035,1.84971,2.68892,4.5386299999999995,-2.4582799999999994
S;T;I;T;A,A;Y;R;E;M,"124,189,168,270,135",2.08034,5.05558,1.56282,6.6184,-4.53806
S;T;I;N;Q,A;Y;R;K;L,"124,189,168,114,182",2.07867,4.66467,-1.69976,2.96491,-0.8862400000000004
T;T;N;N;H,L;M;K;K;R,"72,51,233,114,104",2.07829,3.42408,1.19641,4.62049,-2.5422000000000002
S;D;T;S;N,E;H;P;F;K,"121,186,116,238,138",2.07766,4.39699,1.2829,5.679889999999999,-3.6022299999999996
S;G;S;M;T,W;A;E;L;K,"58,165,136,262,88",2.07727,2.29813,1.28517,3.5833,-1.50603
N;N;N;S;R,I;K;K;V;D,"114,205,233,269,90",2.07513,1.78881,-12.5337,,
S;D;T;K;Q,E;H;P;L;R,"121,186,116,252,127",2.07287,4.99838,2.24575,7.24413,-5.17126
S;D;S;N;Q,E;H;Y;K;E,"121,186,238,114,133",2.07234,2.83208,2.09284,4.92492,-2.85258
S;H;T;S;S,P;M;M;W;E,"245,104,29,58,121",2.07232,1.79588,-7.13406,,
N;S;S;R;S,K;T;W;D;P,"233,214,58,90,245",2.07192,2.40164,1.34851,3.75015,-1.67823
N;S;S;S;Q,Y;Q;E;P;L,"37,188,136,245,127",2.07092,1.84971,1.54969,3.3994,-1.3284799999999999
S;I;E;N;N,Q;R;K;K;I,"188,168,231,114,37",2.07065,4.79974,1.86168,6.66142,-4.590769999999999
T;T;N;N;L,L;M;K;K;F,"72,51,233,114,216",2.07028,3.42408,1.28942,4.7135,-2.64322
S;D;R;T;A,E;H;A;L;W,"121,186,280,72,65",2.06639,1.88057,1.13227,3.01284,-0.94645
Q;K;E;Q;L,L;L;K;L;P,"127,252,231,182,216",2.0652,8.0785,1.17536,9.25386,-7.18866
N;S;T;H;T,Y;Q;M;M;L,"37,188,29,104,72",2.0652,1.62133,1.3538,2.97513,-0.9099300000000001
S;T;R;S;S,A;V;A;T;E,"124,198,280,214,136",2.06497,2.1529,0.298574,2.4514739999999997,-0.3865039999999995
S;T;N;D;V,M;V;K;L;C,"238,198,114,220,281",2.06481,4.37095,1.22272,5.5936699999999995,-3.5288599999999994
N;S;S;R;T,K;T;W;D;Q,"233,214,58,90,88",2.06458,2.40164,1.20927,3.61091,-1.5463300000000002
A;M;L;N;S,M;L;F;Y;Q,"135,154,117,37,188",2.0641,2.34832,-1.43683,0.9114900000000001,1.1526099999999997
A;M;L;N;R,M;L;F;Y;K,"135,154,117,37,53",2.06344,2.34832,1.21629,3.56461,-1.5011700000000001
S;G;S;M;Q,W;A;E;L;L,"58,165,136,262,182",2.06277,2.29813,-1.69976,0.5983700000000001,1.4644
N;N;N;S;S,I;K;K;V;W,"114,205,233,269,58",2.06255,1.78881,1.17243,2.96124,-0.8986900000000002
S;H;T;S;S,P;M;M;W;Q,"245,104,29,58,188",2.06243,1.79588,-1.43683,0.35904999999999987,1.7033800000000001
S;T;I;N;A,A;Y;R;K;M,"124,189,168,114,135",2.06187,4.66467,1.56282,6.22749,-4.1656200000000005
S;T;I;T;A,A;Y;R;E;E,"124,189,168,270,152",2.06174,5.05558,1.16636,6.22194,-4.1602
N;S;S;S;T,Y;Q;E;P;V,"37,188,136,245,72",2.06115,1.84971,1.22066,3.07037,-1.00922
N;N;N;S;F,I;K;K;V;M,"114,205,233,269,271",2.06036,1.78881,2.15661,3.9454200000000004,-1.8850600000000002
A;M;G;N;H,M;L;A;K;T,"135,154,165,233,104",2.06019,2.61474,1.64185,4.25659,-2.1964
N;S;S;R;A,K;T;W;D;P,"233,214,58,90,152",2.05986,2.40164,1.82327,4.2249099999999995,-2.1650499999999995
S;D;R;D;T,E;H;A;L;Y,"121,186,280,220,189",2.05821,2.15121,0.153862,2.305072,-0.24686200000000014
S;D;R;T;I,E;H;A;L;H,"121,186,280,72,168",2.05821,1.88057,-1.74709,0.13348000000000004,1.9247299999999998
S;D;R;Q;S,E;H;A;M;V,"121,186,280,127,223",2.05821,1.52251,1.13695,2.65946,-0.6012500000000003
N;S;S;R;S,K;T;W;D;E,"233,214,58,90,207",2.05515,2.40164,1.39808,3.7997199999999998,-1.74457
S;G;S;M;A,W;A;E;L;L,"58,165,136,262,65",2.05399,2.29813,1.28107,3.5792,-1.52521
A;M;L;N;S,M;L;F;Y;P,"135,154,117,37,245",2.05344,2.34832,1.34851,3.6968300000000003,-1.6433900000000001
A;M;R;G;F,M;L;N;A;M,"135,154,90,165,271",2.05303,2.37909,2.15661,4.5357,-2.48267
S;T;R;S;A,A;V;A;T;L,"124,198,280,214,65",2.05184,2.1529,1.28107,3.4339699999999995,-1.3821299999999996
E;Q;Q;D;G,K;L;L;L;H,"231,182,127,220,251",2.05178,7.84419,1.17609,9.02028,-6.9685
S;D;S;N;R,E;H;Y;K;L,"121,186,238,114,53",2.05142,2.83208,1.57881,4.41089,-2.3594700000000004
T;T;M;Q;S,V;M;L;L;E,"198,51,262,182,121",2.05131,3.03477,-7.13406,,
A;M;G;Q;L,M;L;A;M;F,"135,154,165,127,216",2.04823,3.19369,1.28942,4.48311,-2.4348799999999997
T;T;M;Q;L,V;M;L;L;F,"198,51,262,182,216",2.04761,3.03477,1.28942,4.32419,-2.2765799999999996
S;H;T;M;I,P;M;M;L;L,"245,104,29,262,111",2.04729,1.96403,1.56098,3.52501,-1.4777200000000001
S;T;N;D;Q,M;V;K;L;T,"238,198,114,220,127",2.04621,4.37095,0.705474,5.076423999999999,-3.0302139999999995
S;D;R;E;S,E;H;A;K;H,"121,186,280,231,214",2.04376,1.88215,-2.16722,,
S;T;R;S;A,A;V;A;T;D,"124,198,280,214,226",2.0412,2.1529,-6.56873,,
N;N;N;S;S,I;K;K;V;V,"114,205,233,269,223",2.04117,1.78881,1.13695,2.92576,-0.8845899999999998
A;M;L;N;A,M;L;F;Y;W,"135,154,117,37,65",2.04071,2.34832,1.13227,3.4805900000000003,-1.4398800000000005
A;M;G;N;A,M;L;A;K;M,"135,154,165,233,65",2.04041,2.61474,1.26675,3.88149,-1.8410799999999998
A;M;G;N;T,M;L;A;K;K,"135,154,165,233,88",2.03967,2.61474,1.28517,3.8999099999999998,-1.8602399999999997
T;T;M;R;R,V;M;L;D;A,"198,51,262,90,280",2.03885,2.75602,-0.374307,2.381713,-0.3428629999999999
S;I;E;Q;R,Q;R;K;L;S,"188,168,231,182,90",2.03841,5.154,-6.17954,,
S;T;I;D;A,A;Y;R;L;F,"124,189,168,220,65",2.03817,5.25397,1.18512,6.43909,-4.40092
N;S;S;S;L,Y;Q;E;P;F,"37,188,136,245,117",2.038,1.84971,-2.30857,,
S;D;R;T;G,E;H;A;M;A,"121,186,280,51,165",2.03772,1.79222,-4.58782,,
S;D;R;Q;R,E;H;A;M;Q,"121,186,280,127,224",2.03673,1.52251,0.801101,2.323611,-0.28688100000000016
T;S;S;K;G,P;N;P;L;T,"116,238,290,252,251",2.03615,5.29036,1.39182,6.68218,-4.64603
T;T;M;R;L,V;M;L;D;F,"198,51,262,90,216",2.03572,2.75602,1.28942,4.04544,-2.00972
N;N;N;S;H,I;K;K;V;M,"114,205,233,269,104",2.03441,1.78881,1.29417,3.08298,-1.0485700000000002
T;T;T;S;S,L;M;E;F;V,"72,51,270,238,58",2.03432,4.13032,1.64103,5.77135,-3.73703
S;T;I;D;I,A;Y;R;L;L,"124,189,168,220,111",2.03391,5.25397,1.56098,6.81495,-4.781039999999999
S;I;E;Q;P,Q;R;K;L;L,"188,168,231,182,38",2.03282,5.154,1.38115,6.53515,-4.50233
S;D;R;D;G,E;H;A;L;A,"121,186,280,220,165",2.03253,2.15121,-4.58782,,
S;D;R;E;I,E;H;A;K;V,"121,186,280,231,200",2.03183,1.88215,1.28856,3.1707099999999997,-1.13888
S;T;R;S;R,A;V;A;T;Q,"124,198,280,214,132",2.03171,2.1529,1.65183,3.8047299999999997,-1.7730199999999998
S;T;I;N;S,A;Y;R;K;P,"124,189,168,114,125",2.03162,4.66467,1.21417,5.87884,-3.84722
A;M;R;G;A,M;L;N;A;M,"135,154,90,165,65",2.0312,2.37909,1.26675,3.64584,-1.61464
S;I;E;N;R,Q;R;K;K;A,"188,168,231,114,280",2.03082,4.79974,-0.374307,4.425433,-2.394613
S;G;S;M;S,W;A;E;L;T,"58,165,136,262,121",2.03077,2.29813,1.3121,3.61023,-1.57946
T;T;T;T;Q,L;M;E;V;W,"72,51,270,198,133",2.03033,4.06726,1.99371,6.06097,-4.03064
D;L;N;Q;S,L;F;K;M;P,"220,117,233,127,188",2.03015,3.80149,-0.195825,3.6056649999999997,-1.5755149999999998
A;M;R;G;A,M;L;N;A;L,"135,154,90,165,65",2.02904,2.37909,1.28107,3.6601600000000003,-1.6311200000000001
S;D;R;S;N,E;H;A;T;K,"121,186,280,214,233",2.02897,1.07516,0.328192,1.403352,0.6256180000000002
N;N;N;S;N,I;K;K;V;Y,"114,205,233,269,37",2.02858,1.78881,0.685741,2.474551,-0.4459710000000001
T;T;M;Q;S,V;M;L;L;P,"198,51,262,182,245",2.02849,3.03477,1.34851,4.38328,-2.35479
S;T;I;D;C,A;Y;R;L;S,"124,189,168,220,289",2.02671,5.25397,-1.16436,4.0896099999999995,-2.0628999999999995
S;D;T;E;Q,E;H;P;K;E,"121,186,116,231,127",2.02667,6.58675,1.46399,8.050740000000001,-6.024070000000001
S;T;I;T;I,A;Y;R;E;L,"124,189,168,270,111",2.02564,5.05558,1.56098,6.61656,-4.59092
S;D;R;Q;L,E;H;A;M;F,"121,186,280,127,117",2.02541,1.52251,-2.30857,,
S;D;T;Q;S,E;H;P;L;H,"121,186,116,182,214",2.02474,4.19138,-2.16722,,
A;M;L;N;S,M;L;F;Y;H,"135,154,117,37,187",2.02404,2.34832,-0.139832,2.208488,-0.18444800000000017
S;D;T;K;I,E;H;P;L;L,"121,186,116,252,145",2.02161,4.99838,1.3052,6.30358,-4.28197
A;M;R;G;S,M;L;N;A;E,"135,154,90,165,115",2.02013,2.37909,1.69898,4.07807,-2.0579400000000003
S;D;T;Q;R,E;H;P;L;Q,"121,186,116,182,132",2.01745,4.19138,1.65183,5.843209999999999,-3.825759999999999
S;D;R;D;S,E;H;A;L;W,"121,186,280,220,58",2.01676,2.15121,1.17243,3.32364,-1.30688
S;G;S;M;S,W;A;E;L;E,"58,165,136,262,207",2.01673,2.29813,1.39808,3.6962099999999998,-1.6794799999999999
T;K;D;S;P,E;L;L;T;D,"270,252,220,214,197",2.01621,4.53563,1.57327,6.1089,-4.09269
N;N;N;S;H,I;K;K;V;L,"114,205,233,269,104",2.01601,1.78881,1.59008,3.37889,-1.36288
N;N;N;S;R,I;K;K;V;Q,"114,205,233,269,224",2.01303,1.78881,0.801101,2.589911,-0.5768809999999998
S;T;I;T;S,A;Y;R;E;V,"124,189,168,270,223",2.01116,5.05558,1.13695,6.19253,-4.181369999999999
A;M;L;N;I,M;L;F;Y;L,"135,154,117,37,111",2.00901,2.34832,1.56098,3.9093,-1.90029
S;D;T;Q;A,E;H;P;L;V,"121,186,116,182,65",2.00901,4.19138,2.10232,6.293699999999999,-4.284689999999999
S;D;R;D;R,E;H;A;L;Q,"121,186,280,220,132",2.0078,2.15121,1.65183,3.8030399999999998,-1.7952399999999997
S;H;T;S;S,P;M;M;W;V,"245,104,29,58,223",2.00747,1.79588,1.13695,2.93283,-0.92536
S;D;R;Q;Q,E;H;A;M;Y,"121,186,280,127,119",2.00651,1.52251,-4.54044,,
N;S;T;H;A,Y;Q;M;M;E,"37,188,29,104,152",2.00618,1.62133,1.16636,2.78769,-0.7815099999999999
S;I;E;N;D,Q;R;K;K;V,"188,168,231,114,186",2.00585,4.79974,1.78881,6.58855,-4.582699999999999
N;S;S;R;Q,K;T;W;D;V,"233,214,58,90,182",2.00527,2.40164,-2.18418,,
S;T;N;D;L,M;V;K;L;I,"238,198,114,220,216",2.00514,4.37095,1.43258,5.803529999999999,-3.7983899999999995
A;M;G;N;N,M;L;A;K;I,"135,154,165,233,37",2.00306,2.61474,1.86168,4.47642,-2.47336
T;T;M;Q;S,V;M;L;L;H,"198,51,262,182,187",2.00262,3.03477,-0.139832,2.894938,-0.892318
A;M;L;N;A,M;L;F;Y;L,"135,154,117,37,65",2.0026,2.34832,1.28107,3.62939,-1.6267899999999997
T;K;D;S;L,E;L;L;T;K,"270,252,220,214,249",2.00169,4.53563,1.9138,6.44943,-4.4477400000000005
T;S;S;K;R,P;N;P;L;P,"116,238,290,252,280",2.0014,5.29036,1.29097,6.5813299999999995,-4.579929999999999
T;T;T;T;A,L;M;E;V;V,"72,51,270,198,65",2.00019,4.06726,2.10232,6.16958,-4.16939
S;G;S;M;M,W;A;E;L;L,"58,165,136,262,154",1.99988,2.29813,1.39475,3.6928799999999997,-1.6929999999999996
T;K;D;S;K,E;L;L;T;Y,"270,252,220,214,253",1.99897,4.53563,-2.49422,,
A;M;R;G;N,M;L;N;A;I,"135,154,90,165,37",1.99834,2.37909,1.86168,4.24077,-2.2424300000000006
S;D;T;Q;G,E;H;P;L;K,"121,186,116,182,243",1.99762,4.19138,3.0581,7.24948,-5.251860000000001
S;D;R;S;H,E;H;A;T;L,"121,186,280,214,104",1.99647,1.07516,1.59008,2.66524,-0.6687699999999999
A;M;R;G;S,M;L;N;A;E,"135,154,90,165,207",1.99633,2.37909,1.39808,3.77717,-1.78084
S;D;R;S;H,E;H;A;T;M,"121,186,280,214,104",1.99451,1.07516,1.29417,2.3693299999999997,-0.3748199999999997
D;L;N;S;S,L;F;K;Y;E,"220,117,233,269,136",1.99406,2.47846,0.298574,2.777034,-0.7829740000000001
T;S;S;K;Q,P;N;P;L;D,"116,238,290,252,127",1.99312,5.29036,1.96342,7.25378,-5.26066
S;D;T;S;P,E;H;P;F;D,"121,186,116,238,197",1.99243,4.39699,1.57327,5.97026,-3.97783
S;T;I;T;G,A;Y;R;E;L,"124,189,168,270,243",1.99242,5.05558,3.65866,8.71424,-6.72182
S;D;R;E;T,E;H;A;K;Q,"121,186,280,231,88",1.99167,1.88215,1.20927,3.0914200000000003,-1.0997500000000002
Q;K;E;Q;W,L;L;K;L;P,"127,252,231,182,185",1.98923,8.0785,0.00422375,8.08272375,-6.0934937499999995
D;L;N;Q;R,L;F;K;M;V,"220,117,233,127,34",1.9891,3.80149,3.28169,7.0831800000000005,-5.09408
A;M;G;N;Q,M;L;A;K;V,"135,154,165,233,127",1.98844,2.61474,1.22374,3.8384799999999997,-1.8500399999999997
Q;K;E;Q;P,L;L;K;L;K,"127,252,231,182,120",1.98828,8.0785,-0.768642,7.309858,-5.321578000000001
S;T;N;D;A,M;V;K;L;T,"238,198,114,220,180",1.98695,4.37095,1.57849,5.949439999999999,-3.962489999999999
A;M;G;Q;K,M;L;A;M;Y,"135,154,165,127,253",1.98667,3.19369,-2.49422,,
S;I;E;S;G,Q;R;K;E;Q,"188,168,231,136,243",1.98626,5.68401,3.87149,9.5555,-7.569240000000001
S;D;R;E;S,E;H;A;K;K,"121,186,280,231,124",1.98593,1.88215,2.68892,4.57107,-2.58514
N;S;T;H;T,Y;Q;M;M;M,"37,188,29,104,51",1.98456,1.62133,1.3147,2.9360299999999997,-0.9514699999999996
T;T;T;S;F,L;M;E;F;E,"72,51,270,238,271",1.98455,4.13032,2.659,6.78932,-4.8047699999999995
T;T;M;R;N,V;M;L;D;I,"198,51,262,90,37",1.98429,2.75602,1.86168,4.6177,-2.63341
A;M;L;N;A,M;L;F;Y;E,"135,154,117,37,152",1.98387,2.34832,1.16636,3.5146800000000002,-1.5308100000000002
S;D;R;D;A,E;H;A;L;E,"121,186,280,220,152",1.98297,2.15121,1.16636,3.31757,-1.3346
D;L;N;S;T,L;F;K;Y;V,"220,117,233,269,72",1.98225,2.47846,1.22066,3.69912,-1.7168700000000001
D;L;N;Q;F,L;F;K;M;E,"220,117,233,127,271",1.98204,3.80149,2.659,6.46049,-4.4784500000000005
S;D;R;T;S,E;H;A;L;P,"121,186,280,72,245",1.98174,1.88057,1.34851,3.22908,-1.2473400000000001
S;G;S;M;L,W;A;E;L;F,"58,165,136,262,216",1.98139,2.29813,1.28942,3.5875500000000002,-1.6061600000000003
S;D;T;S;Q,E;H;P;F;A,"121,186,116,238,127",1.98024,4.39699,0.543456,4.940446,-2.9602059999999994
N;S;T;H;A,Y;Q;M;M;M,"37,188,29,104,135",1.97979,1.62133,1.56282,3.18415,-1.2043599999999999
N;S;T;H;S,Y;Q;M;M;K,"37,188,29,104,124",1.97874,1.62133,2.68892,4.31025,-2.3315099999999997
S;H;T;M;A,P;M;M;L;M,"245,104,29,262,135",1.97826,1.96403,1.56282,3.52685,-1.5485900000000001
D;L;N;S;S,L;F;K;Y;W,"220,117,233,269,58",1.9763,2.47846,1.17243,3.6508900000000004,-1.6745900000000005
S;I;E;N;S,Q;R;K;K;Y,"188,168,231,114,242",1.97618,4.79974,1.18862,5.98836,-4.01218
T;T;M;R;I,V;M;L;D;H,"198,51,262,90,168",1.97617,2.75602,-1.74709,1.0089299999999999,0.9672400000000001
S;I;E;N;K,Q;R;K;K;V,"188,168,231,114,253",1.97569,4.79974,-1.77146,3.0282799999999996,-1.0525899999999997
T;K;D;S;S,E;L;L;T;T,"270,252,220,214,124",1.9741,4.53563,2.0551,6.590730000000001,-4.616630000000001
A;M;R;G;Q,M;L;N;A;I,"135,154,90,165,182",1.97359,2.37909,-0.75822,1.62087,0.3527199999999999
A;M;R;G;D,M;L;N;A;V,"135,154,90,165,186",1.97163,2.37909,1.78881,4.1679,-2.19627
S;G;S;M;R,W;A;E;L;K,"58,165,136,262,53",1.97121,2.29813,1.21629,3.5144200000000003,-1.5432100000000004
N;S;S;R;Q,K;T;W;D;Y,"233,214,58,90,119",1.96952,2.40164,-4.54044,,
T;R;S;S;S,L;K;Y;T;Q,"72,53,269,214,188",1.966,2.10066,-1.43683,0.6638299999999999,1.30217
A;M;L;N;A,M;L;F;Y;F,"135,154,117,37,65",1.96525,2.34832,1.18512,3.53344,-1.5681900000000002
S;D;R;D;Q,E;H;A;L;V,"121,186,280,220,182",1.96481,2.15121,-2.18418,,
S;D;R;Q;A,E;H;A;M;M,"121,186,280,127,135",1.9644,1.52251,1.56282,3.08533,-1.12093
S;D;R;Q;M,E;H;A;M;L,"121,186,280,127,262",1.96435,1.52251,-8.82803,,
S;I;E;N;A,Q;R;K;K;V,"188,168,231,114,65",1.96434,4.79974,2.10232,6.9020600000000005,-4.9377200000000006
S;I;E;Q;C,Q;R;K;L;A,"188,168,231,182,289",1.96336,5.154,-0.0850688,5.0689312,-3.1055712
S;T;I;T;Q,A;Y;R;E;R,"124,189,168,270,127",1.96318,5.05558,2.24575,7.30133,-5.338150000000001
S;D;R;T;S,E;H;A;M;N,"121,186,280,51,124",1.96306,1.79222,4.11541,5.907629999999999,-3.9445699999999992
T;T;M;Q;I,V;M;L;L;L,"198,51,262,182,111",1.96301,3.03477,1.56098,4.59575,-2.63274
D;L;N;S;S,L;F;K;Y;Q,"220,117,233,269,188",1.96285,2.47846,-1.43683,1.04163,0.9212199999999999
N;S;S;R;D,K;T;W;D;Q,"233,214,58,90,220",1.96257,2.40164,2.86794,5.2695799999999995,-3.3070099999999996
S;T;I;T;T,A;Y;R;E;K,"124,189,168,270,88",1.96127,5.05558,1.28517,6.34075,-4.37948
T;T;M;Q;A,V;M;L;L;P,"198,51,262,182,152",1.96004,3.03477,1.82327,4.85804,-2.8979999999999997
S;T;I;D;S,A;Y;R;L;H,"124,189,168,220,187",1.95982,5.25397,-0.139832,5.114138,-3.154318
S;I;E;S;L,Q;R;K;E;Q,"188,168,231,136,216",1.95911,5.68401,1.66917,7.35318,-5.39407
T;T;N;N;N,L;M;K;K;T,"72,51,233,114,190",1.95759,3.42408,1.14081,4.56489,-2.6073000000000004
S;T;I;D;S,A;Y;R;L;V,"124,189,168,220,223",1.95489,5.25397,1.13695,6.3909199999999995,-4.43603
A;M;R;G;R,M;L;N;A;Q,"135,154,90,165,224",1.95469,2.37909,0.801101,3.180191,-1.2255010000000002
S;T;I;D;R,A;Y;R;L;A,"124,189,168,220,280",1.95358,5.25397,-0.374307,4.879663,-2.9260829999999998
A;M;G;N;Q,M;L;A;K;I,"135,154,165,233,182",1.95356,2.61474,-0.75822,1.8565199999999997,0.09704000000000024
D;L;N;S;T,L;F;K;Y;M,"220,117,233,269,29",1.95224,2.47846,-6.9328,,
S;T;I;N;A,A;Y;R;K;W,"124,189,168,114,65",1.9502,4.66467,1.13227,5.79694,-3.8467400000000005
A;M;G;N;R,M;L;A;K;N,"135,154,165,233,132",1.95005,2.61474,1.97104,4.58578,-2.6357299999999997
S;G;S;M;N,W;A;E;L;I,"58,165,136,262,37",1.94921,2.29813,1.86168,4.15981,-2.2106000000000003
T;T;M;R;R,V;M;L;D;L,"198,51,262,90,53",1.94909,2.75602,1.57881,4.33483,-2.38574
S;G;S;M;S,W;A;E;L;N,"58,165,136,262,124",1.94902,2.29813,4.11541,6.413539999999999,-4.464519999999999
S;T;I;N;Q,A;Y;R;K;V,"124,189,168,114,182",1.94889,4.66467,-2.18418,,
S;D;R;A;T,E;H;A;L;V,"121,186,280,65,198",1.94865,1.50316,1.56672,3.06988,-1.12123
S;I;E;S;Q,Q;R;K;E;T,"188,168,231,136,127",1.94772,5.68401,0.705474,6.3894839999999995,-4.441763999999999
S;T;N;D;G,M;V;K;L;K,"238,198,114,220,243",1.9465,4.37095,3.0581,7.42905,-5.48255
S;D;S;N;R,E;H;Y;K;A,"121,186,238,114,280",1.94634,2.83208,-0.374307,2.457773,-0.511433
T;S;S;T;L,P;N;P;E;C,"116,238,290,270,249",1.94614,5.17498,1.14374,6.31872,-4.37258
S;D;S;N;Q,E;H;Y;K;I,"121,186,238,114,182",1.94576,2.83208,-0.75822,2.07386,-0.12809999999999988
T;T;N;N;L,L;M;K;K;W,"72,51,233,114,216",1.94544,3.42408,1.37086,4.79494,-2.8495000000000004
S;T;I;T;A,A;Y;R;E;D,"124,189,168,270,226",1.94515,5.05558,-6.56873,,
D;L;N;S;Q,L;F;K;Y;V,"220,117,233,269,182",1.94491,2.47846,-2.18418,,
A;M;R;G;Q,M;L;N;A;Y,"135,154,90,165,119",1.94378,2.37909,-4.54044,,
S;I;E;Q;L,Q;R;K;L;Q,"188,168,231,182,216",1.94341,5.154,1.66917,6.82317,-4.87976
N;S;T;H;S,Y;Q;M;M;F,"37,188,29,104,238",1.94281,1.62133,-0.85124,0.7700899999999999,1.17272
S;I;E;Q;S,Q;R;K;L;Y,"188,168,231,182,242",1.94155,5.154,1.18862,6.34262,-4.40107
D;L;N;Q;Q,L;F;K;M;W,"220,117,233,127,133",1.94049,3.80149,1.99371,5.7951999999999995,-3.8547099999999994
T;S;S;T;C,P;N;P;E;A,"116,238,290,270,289",1.94023,5.17498,-0.0850688,5.0899111999999995,-3.1496812
A;M;G;N;R,M;L;A;K;A,"135,154,165,233,280",1.93952,2.61474,-0.374307,2.240433,-0.300913
N;N;N;S;R,I;K;K;V;K,"114,205,233,269,53",1.93926,1.78881,1.21629,3.0051,-1.0658400000000001
N;S;S;R;Q,K;T;W;D;I,"233,214,58,90,182",1.93874,2.40164,-0.75822,1.6434199999999999,0.29532
S;D;R;E;S,E;H;A;K;V,"121,186,280,231,223",1.93748,1.88215,1.13695,3.0191,-1.0816199999999998
S;T;I;N;F,A;Y;R;K;W,"124,189,168,114,271",1.93728,4.66467,1.88634,6.55101,-4.61373
S;D;R;T;S,E;H;A;L;E,"121,186,280,72,136",1.93623,1.88057,0.298574,2.179144,-0.24291400000000007
S;I;E;S;V,Q;R;K;E;C,"188,168,231,136,281",1.93583,5.68401,1.22272,6.90673,-4.970899999999999
T;T;T;T;Q,L;M;E;V;T,"72,51,270,198,127",1.9358,4.06726,0.705474,4.772734,-2.836934
N;S;S;S;A,Y;Q;E;P;M,"37,188,136,245,135",1.93448,1.84971,1.56282,3.4125300000000003,-1.4780500000000003
T;T;M;Q;S,V;M;L;L;Y,"198,51,262,182,269",1.93421,3.03477,-0.731655,2.303115,-0.36890500000000004
T;T;M;R;A,V;M;L;D;N,"198,51,262,90,226",1.93408,2.75602,1.44085,4.19687,-2.26279
S;D;S;N;R,E;H;Y;K;T,"121,186,238,114,90",1.93365,2.83208,-6.75769,,
S;T;I;T;Q,A;Y;R;E;N,"124,189,168,270,133",1.93331,5.05558,1.21979,6.27537,-4.34206
T;T;N;N;I,L;M;K;K;R,"72,51,233,114,168",1.93294,3.42408,-14.7567,,
A;M;R;G;R,M;L;N;A;N,"135,154,90,165,132",1.93247,2.37909,1.97104,4.35013,-2.41766
S;I;E;N;G,Q;R;K;K;K,"188,168,231,114,243",1.93223,4.79974,3.0581,7.8578399999999995,-5.92561
S;D;T;S;Q,E;H;P;F;T,"121,186,116,238,127",1.92806,4.39699,0.705474,5.1024639999999994,-3.174403999999999
S;D;R;T;R,E;H;A;M;N,"121,186,280,51,90",1.92519,1.79222,-12.5581,,
S;D;R;S;S,E;H;A;T;F,"121,186,280,214,238",1.92481,1.07516,-0.85124,0.2239199999999999,1.70089
S;D;R;E;T,E;H;A;K;L,"121,186,280,231,72",1.9248,1.88215,1.3538,3.23595,-1.3111499999999998
T;K;D;S;L,E;L;L;T;E,"270,252,220,214,216",1.92387,4.53563,1.31255,5.84818,-3.92431
D;L;N;Q;S,L;F;K;M;Y,"220,117,233,127,242",1.92361,3.80149,1.18862,4.99011,-3.0664999999999996
S;I;E;N;H,Q;R;K;K;R,"188,168,231,114,104",1.92211,4.79974,1.19641,5.99615,-4.07404
T;T;N;N;F,L;M;K;K;M,"72,51,233,114,191",1.92111,3.42408,0.285492,3.709572,-1.788462
T;T;T;T;I,L;M;E;V;V,"72,51,270,198,200",1.92093,4.06726,1.28856,5.35582,-3.4348899999999993
S;I;E;S;A,Q;R;K;E;T,"188,168,231,136,180",1.92059,5.68401,1.57849,7.262499999999999,-5.3419099999999995
S;T;R;S;T,A;V;A;T;V,"124,198,280,214,72",1.92002,2.1529,1.22066,3.37356,-1.4535399999999998
S;D;S;N;T,E;H;Y;K;N,"121,186,238,114,88",1.91907,2.83208,1.16002,3.9920999999999998,-2.0730299999999997
S;D;T;Q;S,E;H;P;L;T,"121,186,116,182,124",1.91848,4.19138,2.0551,6.24648,-4.328
A;M;L;N;H,M;L;F;Y;T,"135,154,117,37,104",1.91842,2.34832,1.64185,3.99017,-2.0717499999999998
S;D;R;D;S,E;H;A;L;V,"121,186,280,220,223",1.91748,2.15121,1.13695,3.2881599999999995,-1.3706799999999995
S;D;R;D;T,E;H;A;L;V,"121,186,280,220,72",1.91693,2.15121,1.22066,3.37187,-1.45494
A;M;R;G;S,M;L;N;A;N,"135,154,90,165,124",1.91542,2.37909,4.11541,6.4945,-4.57908
S;I;E;N;Q,Q;R;K;K;N,"188,168,231,114,127",1.91472,4.79974,2.35273,7.15247,-5.23775
T;S;S;K;G,P;N;P;L;H,"116,238,290,252,251",1.91435,5.29036,1.17609,6.46645,-4.5521
S;H;T;S;S,P;M;M;W;F,"245,104,29,58,238",1.91418,1.79588,-0.85124,0.9446399999999999,0.9695400000000001
S;G;S;M;S,W;A;E;L;E,"58,165,136,262,115",1.91329,2.29813,1.69898,3.99711,-2.0838200000000002
N;N;N;S;L,I;K;K;V;M,"114,205,233,269,216",1.91303,1.78881,1.46945,3.25826,-1.34523
S;D;R;E;S,E;H;A;K;T,"121,186,280,231,124",1.91236,1.88215,2.0551,3.9372499999999997,-2.0248899999999996
N;S;T;H;S,Y;Q;M;M;E,"37,188,29,104,136",1.91172,1.62133,0.298574,1.9199039999999998,-0.008183999999999747
A;M;R;G;L,M;L;N;A;W,"135,154,90,165,216",1.91003,2.37909,1.37086,3.74995,-1.8399200000000002
A;M;G;N;Q,M;L;A;K;A,"135,154,165,233,127",1.90887,2.61474,0.543456,3.158196,-1.2493259999999997
N;N;N;S;S,I;K;K;V;H,"114,205,233,269,187",1.90847,1.78881,-0.139832,1.648978,0.25949200000000006
A;M;G;N;A,M;L;A;K;P,"135,154,165,233,152",1.90769,2.61474,1.82327,4.43801,-2.53032
A;M;R;G;S,M;L;N;A;H,"135,154,90,165,187",1.90735,2.37909,-0.139832,2.239258,-0.33190799999999987
T;K;D;S;G,E;L;L;T;A,"270,252,220,214,243",1.90629,4.53563,1.45932,5.99495,-4.08866
A;M;G;Q;Q,M;L;A;M;E,"135,154,165,127,133",1.90581,3.19369,2.09284,5.28653,-3.38072
S;T;R;S;R,A;V;A;T;N,"124,198,280,214,132",1.90441,2.1529,1.97104,4.123939999999999,-2.2195299999999993
A;M;L;N;T,M;L;F;Y;K,"135,154,117,37,88",1.90422,2.34832,1.28517,3.63349,-1.72927
S;D;R;T;N,E;H;A;L;K,"121,186,280,72,233",1.90381,1.88057,0.328192,2.208762,-0.3049520000000001
S;H;T;M;S,P;M;M;L;E,"245,104,29,262,207",1.90347,1.96403,1.39808,3.36211,-1.45864
S;H;T;S;I,P;M;M;W;L,"245,104,29,58,111",1.90334,1.79588,1.56098,3.35686,-1.4535200000000001
S;D;R;D;S,E;H;A;L;E,"121,186,280,220,115",1.90296,2.15121,1.69898,3.8501899999999996,-1.9472299999999996
S;H;T;S;N,P;M;M;W;Y,"245,104,29,58,37",1.90067,1.79588,0.685741,2.481621,-0.580951
S;I;E;S;L,Q;R;K;E;K,"188,168,231,136,249",1.90057,5.68401,1.9138,7.59781,-5.69724
S;D;T;K;T,E;H;P;L;N,"121,186,116,252,198",1.89945,4.99838,1.15645,6.1548300000000005,-4.255380000000001
N;S;T;H;S,Y;Q;M;M;W,"37,188,29,104,58",1.89932,1.62133,1.17243,2.79376,-0.8944399999999999
N;S;S;S;I,Y;Q;E;P;L,"37,188,136,245,111",1.89918,1.84971,1.56098,3.4106899999999998,-1.5115099999999997
S;H;T;M;R,P;M;M;L;Q,"245,104,29,262,132",1.89874,1.96403,1.65183,3.6158599999999996,-1.7171199999999995
S;H;T;S;S,P;M;M;W;H,"245,104,29,58,187",1.89744,1.79588,-0.139832,1.656048,0.24139200000000005
S;H;T;M;A,P;M;M;L;W,"245,104,29,262,65",1.89739,1.96403,1.13227,3.0963000000000003,-1.1989100000000004
S;T;I;D;A,A;Y;R;L;D,"124,189,168,220,226",1.89723,5.25397,-6.56873,,
A;M;L;N;Q,M;L;F;Y;I,"135,154,117,37,182",1.89655,2.34832,-0.75822,1.5901,0.3064499999999999
S;H;T;S;F,P;M;M;W;M,"245,104,29,58,271",1.89651,1.79588,2.15661,3.95249,-2.05598
S;G;S;M;H,W;A;E;L;L,"58,165,136,262,104",1.89583,2.29813,1.59008,3.88821,-1.99238
S;H;T;S;M,P;M;M;W;L,"245,104,29,58,154",1.89564,1.79588,1.39475,3.1906299999999996,-1.2949899999999996
T;T;M;Q;S,V;M;L;L;D,"198,51,262,182,58",1.89477,3.03477,1.87848,4.91325,-3.0184799999999994
S;I;E;Q;S,Q;R;K;L;V,"188,168,231,182,223",1.89279,5.154,1.13695,6.29095,-4.39816
S;I;E;S;G,Q;R;K;E;A,"188,168,231,136,243",1.89273,5.68401,1.45932,7.14333,-5.2505999999999995
A;M;R;G;S,M;L;N;A;K,"135,154,90,165,58",1.89222,2.37909,1.14527,3.52436,-1.6321400000000001
S;T;I;N;A,A;Y;R;K;L,"124,189,168,114,65",1.89056,4.66467,1.28107,5.94574,-4.05518
T;T;N;N;G,L;M;K;K;Q,"72,51,233,114,243",1.89005,3.42408,3.87149,7.29557,-5.405519999999999
N;N;N;S;S,I;K;K;V;T,"114,205,233,269,121",1.89001,1.78881,1.3121,3.10091,-1.2108999999999999
A;M;R;G;T,M;L;N;A;K,"135,154,90,165,88",1.88737,2.37909,1.28517,3.66426,-1.77689
S;D;T;S;H,E;H;P;F;R,"121,186,116,238,104",1.88664,4.39699,1.19641,5.5934,-3.70676
S;D;T;K;S,E;H;P;L;H,"121,186,116,252,214",1.88465,4.99838,-2.16722,,
D;L;N;Q;R,L;F;K;M;T,"220,117,233,127,90",1.88452,3.80149,-6.75769,,
N;S;S;S;R,Y;Q;E;P;N,"37,188,136,245,90",1.88406,1.84971,-12.5581,,
S;H;T;M;Q,P;M;M;L;K,"245,104,29,262,127",1.88381,1.96403,2.01179,3.9758199999999997,-2.0920099999999997
S;D;S;N;F,E;H;Y;K;M,"121,186,238,114,191",1.88344,2.83208,0.285492,3.117572,-1.234132
S;D;R;Q;D,E;H;A;M;Q,"121,186,280,127,220",1.88246,1.52251,2.86794,4.3904499999999995,-2.5079899999999995
T;T;M;Q;R,V;M;L;L;P,"198,51,262,182,90",1.88116,3.03477,-15.0143,,
A;M;R;G;L,M;L;N;A;F,"135,154,90,165,216",1.87898,2.37909,1.28942,3.6685100000000004,-1.7895300000000003
S;T;I;T;H,A;Y;R;E;L,"124,189,168,270,104",1.87895,5.05558,1.59008,6.6456599999999995,-4.76671
N;N;N;S;S,I;K;K;V;E,"114,205,233,269,121",1.87851,1.78881,-7.13406,,
A;M;R;G;R,M;L;N;A;A,"135,154,90,165,280",1.87761,2.37909,-0.374307,2.004783,-0.1271730000000002
S;D;R;T;T,E;H;A;Y;E,"121,186,280,189,270",1.87701,1.59074,3.52614,5.11688,-3.23987
A;M;G;N;Q,M;L;A;K;V,"135,154,165,233,182",1.8767,2.61474,-2.18418,,
T;T;M;Q;R,V;M;L;L;L,"198,51,262,182,53",1.87578,3.03477,1.57881,4.61358,-2.7378
A;M;L;N;Q,M;L;F;Y;Y,"135,154,117,37,119",1.87547,2.34832,-4.54044,,
S;D;R;T;T,E;H;A;L;K,"121,186,280,72,88",1.87428,1.88057,1.28517,3.16574,-1.29146
N;S;S;S;T,Y;Q;E;P;Y,"37,188,136,245,189",1.87405,1.84971,0.153862,2.003572,-0.12952200000000014
S;T;N;D;K,M;V;K;L;F,"238,198,114,220,253",1.87395,4.37095,-2.7494,,
S;T;I;N;S,A;Y;R;K;T,"124,189,168,114,121",1.87344,4.66467,1.3121,5.97677,-4.10333
S;H;T;S;A,P;M;M;W;M,"245,104,29,58,135",1.87248,1.79588,1.56282,3.3587,-1.4862199999999999
Q;K;E;Q;S,L;L;K;L;P,"127,252,231,182,125",1.87206,8.0785,1.21417,9.29267,-7.420609999999999
T;T;M;Q;Q,V;M;L;L;Y,"198,51,262,182,119",1.87121,3.03477,-4.54044,,
D;L;N;Q;I,L;F;K;M;L,"220,117,233,127,145",1.87057,3.80149,1.3052,5.1066899999999995,-3.2361199999999997
T;T;M;Q;N,V;M;L;L;I,"198,51,262,182,37",1.86992,3.03477,1.86168,4.89645,-3.0265299999999997
S;T;I;D;Q,A;Y;R;L;K,"124,189,168,220,127",1.86951,5.25397,2.01179,7.26576,-5.39625
S;G;S;M;A,W;A;E;L;M,"58,165,136,262,65",1.86896,2.29813,1.26675,3.56488,-1.69592
T;T;M;R;T,V;M;L;D;N,"198,51,262,90,88",1.86813,2.75602,1.16002,3.9160399999999997,-2.04791
A;M;G;N;D,M;L;A;K;V,"135,154,165,233,186",1.86733,2.61474,1.78881,4.40355,-2.53622
A;M;R;G;S,M;L;N;A;V,"135,154,90,165,58",1.86695,2.37909,1.64103,4.02012,-2.1531700000000003
N;S;S;S;M,Y;Q;E;P;L,"37,188,136,245,262",1.86684,1.84971,-8.82803,,
T;T;T;T;H,L;M;E;V;R,"72,51,270,198,104",1.86645,4.06726,1.19641,5.26367,-3.3972200000000004
N;S;S;R;F,K;T;W;D;W,"233,214,58,90,271",1.86545,2.40164,1.88634,4.28798,-2.42253
S;D;R;E;N,E;H;A;K;K,"121,186,280,231,233",1.86515,1.88215,0.328192,2.210342,-0.3451919999999997
S;H;T;M;R,P;M;M;L;Q,"245,104,29,262,224",1.86508,1.96403,0.801101,2.765131,-0.9000509999999997
N;S;S;S;D,Y;Q;E;P;Q,"37,188,136,245,220",1.86413,1.84971,2.86794,4.71765,-2.8535199999999996
S;I;E;S;Q,Q;R;K;E;K,"188,168,231,136,127",1.86353,5.68401,2.01179,7.6958,-5.83227
T;K;D;S;R,E;L;L;T;P,"270,252,220,214,280",1.86318,4.53563,1.29097,5.8266,-3.96342
T;K;D;S;L,E;L;L;T;I,"270,252,220,214,216",1.86288,4.53563,1.43258,5.96821,-4.10533
S;D;T;K;C,E;H;P;L;L,"121,186,116,252,289",1.8624,4.99838,1.40303,6.40141,-4.53901
N;S;T;H;G,Y;Q;M;M;A,"37,188,29,104,165",1.86074,1.62133,-4.58782,,
T;T;T;S;Q,L;M;E;F;V,"72,51,270,238,182",1.8604,4.13032,-2.18418,,
T;T;N;N;I,V;M;K;K;V,"198,51,233,114,200",1.85983,3.19949,1.28856,4.488049999999999,-2.6282199999999993
T;S;S;K;K,P;N;P;L;A,"116,238,290,252,253",1.85974,5.29036,-2.13229,,
N;N;N;S;R,I;K;K;V;A,"114,205,233,269,280",1.85892,1.78881,-0.374307,1.414503,0.44441699999999984
S;D;R;D;S,E;H;A;L;N,"121,186,280,220,124",1.85881,2.15121,4.11541,6.26662,-4.40781
T;T;T;S;N,L;M;E;F;K,"72,51,270,238,138",1.85832,4.13032,1.2829,5.41322,-3.5549
T;K;D;S;G,E;L;L;T;S,"270,252,220,214,243",1.8573,4.53563,1.55439,6.09002,-4.2327200000000005
S;T;R;S;A,A;V;A;T;M,"124,198,280,214,135",1.85719,2.1529,1.56282,3.71572,-1.8585300000000002
N;S;S;S;T,Y;Q;E;P;M,"37,188,136,245,51",1.85602,1.84971,1.3147,3.16441,-1.3083900000000002
S;D;T;S;R,E;H;P;F;A,"121,186,116,238,90",1.85547,4.39699,-6.05749,,
S;T;I;N;Q,A;Y;R;K;V,"124,189,168,114,127",1.85492,4.66467,1.22374,5.88841,-4.0334900000000005
S;T;I;D;Q,A;Y;R;L;I,"124,189,168,220,127",1.85469,5.25397,2.10731,7.36128,-5.50659
A;M;R;G;Q,M;L;N;A;K,"135,154,90,165,127",1.85457,2.37909,2.01179,4.39088,-2.5363100000000003
S;D;T;E;G,E;H;P;K;T,"121,186,116,231,254",1.85442,6.58675,-4.84766,,
S;D;R;E;R,E;H;A;K;K,"121,186,280,231,53",1.85353,1.88215,1.21629,3.09844,-1.2449100000000002
A;M;G;Q;K,M;L;A;M;L,"135,154,165,127,253",1.85346,3.19369,-1.0623,2.13139,-0.27793
N;S;S;R;S,K;T;W;D;N,"233,214,58,90,124",1.85332,2.40164,4.11541,6.517049999999999,-4.663729999999999
D;L;N;Q;S,L;F;K;M;H,"220,117,233,127,214",1.8527,3.80149,-2.16722,,
S;D;R;T;S,E;H;A;L;W,"121,186,280,72,58",1.85241,1.88057,1.17243,3.053,-1.20059
T;T;M;Q;Q,V;M;L;L;E,"198,51,262,182,133",1.85209,3.03477,2.09284,5.12761,-3.2755199999999998
S;D;R;T;M,E;H;A;L;L,"121,186,280,72,262",1.85201,1.88057,-8.82803,,
S;I;E;S;A,Q;R;K;E;M,"188,168,231,136,65",1.84927,5.68401,1.26675,6.95076,-5.10149
S;G;S;M;N,W;A;E;L;H,"58,165,136,262,205",1.84875,2.29813,0.934161,3.232291,-1.3835410000000001
T;T;N;N;S,L;M;K;K;P,"72,51,233,114,188",1.84713,3.42408,-0.195825,3.228255,-1.381125
S;D;R;E;F,E;H;A;K;W,"121,186,280,231,271",1.84706,1.88215,1.88634,3.76849,-1.92143
S;H;T;S;A,P;M;M;W;E,"245,104,29,58,152",1.84644,1.79588,1.16636,2.96224,-1.1158
E;Q;T;Q;C,K;L;L;L;D,"231,182,72,127,289",1.84587,7.66695,1.83462,9.50157,-7.6556999999999995
S;D;T;S;S,E;H;P;F;P,"121,186,116,238,125",1.8453,4.39699,1.21417,5.61116,-3.76586
N;S;S;S;S,Y;Q;E;P;W,"37,188,136,245,58",1.8443,1.84971,1.17243,3.0221400000000003,-1.1778400000000002
N;N;N;S;T,I;K;K;V;V,"114,205,233,269,198",1.84377,1.78881,1.56672,3.35553,-1.51176
S;D;R;Q;S,E;H;A;M;V,"121,186,280,127,58",1.8426,1.52251,1.64103,3.1635400000000002,-1.3209400000000002
N;N;N;S;A,I;K;K;V;W,"114,205,233,269,65",1.84152,1.78881,1.13227,2.92108,-1.0795599999999999
S;T;R;S;F,A;V;A;T;W,"124,198,280,214,271",1.84057,2.1529,1.88634,4.0392399999999995,-2.1986699999999995
S;T;N;D;S,M;V;K;L;T,"238,198,114,220,124",1.83945,4.37095,2.0551,6.42605,-4.5866
S;T;R;S;N,A;V;A;T;H,"124,198,280,214,205",1.83859,2.1529,0.934161,3.087061,-1.2484709999999999
E;Q;Q;D;Y,K;L;L;L;S,"231,182,127,220,63",1.83851,7.84419,-1.05409,6.790100000000001,-4.95159
T;T;M;Q;R,V;M;L;L;Q,"198,51,262,182,224",1.83728,3.03477,0.801101,3.835871,-1.998591
D;L;N;S;N,L;F;K;Y;Y,"220,117,233,269,37",1.83715,2.47846,0.685741,3.1642010000000003,-1.3270510000000002
S;I;E;S;Q,Q;R;K;E;T,"188,168,231,136,91",1.83682,5.68401,1.27643,6.96044,-5.123620000000001
S;D;T;S;Q,E;H;P;F;N,"121,186,116,238,133",1.83426,4.39699,1.21979,5.616779999999999,-3.7825199999999994
S;D;R;T;S,E;H;A;M;T,"121,186,280,51,214",1.83299,1.79222,-0.325958,1.466262,0.36672799999999994
S;T;I;N;R,A;Y;R;K;A,"124,189,168,114,280",1.83262,4.66467,-0.374307,4.290363,-2.4577430000000002
T;R;S;S;S,L;K;Y;T;P,"72,53,269,214,245",1.83084,2.10066,1.34851,3.44917,-1.61833
T;S;S;T;N,P;N;P;E;L,"116,238,290,270,138",1.8305,5.17498,1.20357,6.37855,-4.54805
S;D;R;Q;A,E;H;A;M;E,"121,186,280,127,152",1.82782,1.52251,1.16636,2.68887,-0.8610500000000001
S;I;E;N;S,Q;R;K;K;H,"188,168,231,114,214",1.82767,4.79974,-2.16722,,
A;M;L;N;Q,M;L;F;Y;L,"135,154,117,37,182",1.8275,2.34832,-1.69976,0.6485600000000002,1.1789399999999997
N;N;N;S;G,I;K;K;V;A,"114,205,233,269,165",1.82714,1.78881,-4.58782,,
S;G;S;M;S,W;A;E;L;Q,"58,165,136,262,188",1.8263,2.29813,-1.43683,0.8613,0.9650000000000001
S;D;R;Q;R,E;H;A;M;D,"121,186,280,127,90",1.82611,1.52251,-12.5337,,
N;S;T;H;L,Y;Q;M;M;F,"37,188,29,104,117",1.82592,1.62133,-2.30857,,
S;D;R;E;H,E;H;A;K;R,"121,186,280,231,104",1.82504,1.88215,1.19641,3.07856,-1.25352
S;D;T;Q;S,E;H;P;L;P,"121,186,116,182,125",1.8221,4.19138,1.21417,5.40555,-3.58345
D;L;N;Q;R,L;F;K;M;P,"220,117,233,127,280",1.82182,3.80149,1.29097,5.09246,-3.27064
S;D;R;T;Q,E;H;A;Y;Y,"121,186,280,189,119",1.82092,1.59074,-4.54044,,
D;L;N;S;S,L;F;K;Y;F,"220,117,233,269,238",1.82049,2.47846,-0.85124,1.62722,0.19326999999999983
T;T;M;R;F,V;M;L;D;M,"198,51,262,90,271",1.81769,2.75602,2.15661,4.91263,-3.0949400000000002
T;T;T;T;K,L;M;E;V;F,"72,51,270,198,253",1.8146,4.06726,-2.7494,,
S;I;E;N;N,Q;R;K;K;L,"188,168,231,114,138",1.81426,4.79974,1.20357,6.00331,-4.18905
S;D;T;S;G,E;H;P;F;L,"121,186,116,238,243",1.81394,4.39699,3.65866,8.05565,-6.241709999999999
N;S;T;H;S,Y;Q;M;M;D,"37,188,29,104,58",1.81318,1.62133,1.87848,3.49981,-1.68663
S;D;R;Q;F,E;H;A;M;W,"121,186,280,127,271",1.81316,1.52251,1.88634,3.40885,-1.59569
T;R;S;S;N,L;K;Y;T;I,"72,53,269,214,37",1.81314,2.10066,1.86168,3.96234,-2.1492000000000004
S;G;S;M;R,W;A;E;L;N,"58,165,136,262,132",1.81305,2.29813,1.97104,4.26917,-2.45612
S;D;S;N;T,E;H;Y;K;D,"121,186,238,114,88",1.81237,2.83208,1.98481,4.81689,-3.00452
S;T;R;S;Q,A;V;A;T;A,"124,198,280,214,127",1.81236,2.1529,0.543456,2.6963559999999998,-0.8839959999999998
S;T;I;T;S,A;Y;R;E;H,"124,189,168,270,214",1.81199,5.05558,-2.16722,,
S;D;T;K;G,E;H;P;L;T,"121,186,116,252,251",1.80921,4.99838,1.39182,6.3902,-4.58099
S;D;R;D;R,E;H;A;L;K,"121,186,280,220,53",1.80872,2.15121,1.21629,3.3674999999999997,-1.5587799999999996
T;T;M;R;A,V;M;L;D;E,"198,51,262,90,152",1.80834,2.75602,1.16636,3.92238,-2.11404
T;T;M;Q;Q,V;M;L;L;A,"198,51,262,182,127",1.80381,3.03477,0.543456,3.578226,-1.774416
E;Q;Q;D;D,K;L;L;L;K,"231,182,127,220,263",1.803,7.84419,1.32913,9.17332,-7.37032
S;D;R;S;R,E;H;A;T;D,"121,186,280,214,90",1.80012,1.07516,-12.5337,,
S;H;T;S;S,P;M;M;W;T,"245,104,29,58,121",1.79996,1.79588,1.3121,3.10798,-1.30802
S;T;R;S;T,A;V;A;T;Q,"124,198,280,214,88",1.79877,2.1529,1.20927,3.36217,-1.5634
S;D;R;D;N,E;H;A;L;H,"121,186,280,220,205",1.79758,2.15121,0.934161,3.085371,-1.287791
T;T;T;S;Q,L;M;E;F;E,"72,51,270,238,133",1.79708,4.13032,2.09284,6.22316,-4.42608
S;D;R;T;S,E;H;A;L;F,"121,186,280,72,238",1.79562,1.88057,-0.85124,1.02933,0.7662899999999999
S;I;E;S;S,Q;R;K;E;T,"188,168,231,136,124",1.79493,5.68401,2.0551,7.73911,-5.94418
S;D;R;T;S,E;H;A;L;H,"121,186,280,72,187",1.79477,1.88057,-0.139832,1.7407380000000001,0.05403199999999986
S;T;N;D;R,M;V;K;L;P,"238,198,114,220,280",1.79343,4.37095,1.29097,5.661919999999999,-3.8684899999999995
S;D;T;K;R,E;H;P;L;V,"121,186,116,252,34",1.79296,4.99838,3.28169,8.28007,-6.48711
S;D;R;D;A,E;H;A;L;P,"121,186,280,220,152",1.79281,2.15121,1.82327,3.97448,-2.1816699999999996
S;D;T;S;L,E;H;P;F;E,"121,186,116,238,216",1.79258,4.39699,1.31255,5.70954,-3.9169599999999996
S;D;R;Q;R,E;H;A;M;N,"121,186,280,127,90",1.7924,1.52251,-12.5581,,
S;T;I;N;R,A;Y;R;K;K,"124,189,168,114,53",1.79238,4.66467,1.21629,5.88096,-4.08858
S;D;R;T;Q,E;H;A;L;Y,"121,186,280,72,119",1.79097,1.88057,-4.54044,,
A;M;R;G;N,M;L;N;A;H,"135,154,90,165,205",1.79089,2.37909,0.934161,3.313251,-1.522361
T;T;M;Q;F,V;M;L;L;M,"198,51,262,182,271",1.79065,3.03477,2.15661,5.1913800000000005,-3.4007300000000003
T;S;S;T;C,P;N;P;E;L,"116,238,290,270,289",1.79045,5.17498,1.40303,6.57801,-4.78756
T;K;D;S;G,E;L;L;T;L,"270,252,220,214,243",1.78989,4.53563,3.65866,8.19429,-6.404400000000001
N;S;S;R;I,K;T;W;D;L,"233,214,58,90,145",1.78965,2.40164,1.3052,3.7068399999999997,-1.9171899999999997
T;T;M;R;S,V;M;L;D;E,"198,51,262,90,115",1.78918,2.75602,1.69898,4.455,-2.66582
T;T;T;S;R,L;M;E;F;T,"72,51,270,238,90",1.78888,4.13032,-6.75769,,
T;T;N;N;R,L;M;K;K;V,"72,51,233,114,34",1.78859,3.42408,3.28169,6.70577,-4.91718
T;S;S;T;Q,P;N;P;E;E,"116,238,290,270,127",1.78837,5.17498,1.46399,6.63897,-4.8506
N;S;T;H;N,Y;Q;M;M;K,"37,188,29,104,233",1.78832,1.62133,0.328192,1.949522,-0.16120200000000007
T;R;S;S;S,L;K;Y;T;V,"72,53,269,214,223",1.78805,2.10066,1.13695,3.23761,-1.4495600000000002
S;H;T;M;T,P;M;M;L;K,"245,104,29,262,88",1.78682,1.96403,1.28517,3.2492,-1.46238
S;T;I;T;N,A;Y;R;E;Y,"124,189,168,270,37",1.78585,5.05558,0.685741,5.741321,-3.955471
S;H;T;M;L,P;M;M;L;M,"245,104,29,262,216",1.78567,1.96403,1.46945,3.43348,-1.6478099999999998
E;Q;Q;D;W,K;L;L;L;P,"231,182,127,220,185",1.78471,7.84419,0.00422375,7.848413750000001,-6.06370375
A;M;L;N;S,M;L;F;Y;V,"135,154,117,37,223",1.78386,2.34832,1.13695,3.48527,-1.7014099999999999
S;H;T;M;S,P;M;M;L;E,"245,104,29,262,115",1.78293,1.96403,1.69898,3.66301,-1.88008
S;T;R;S;S,A;V;A;T;T,"124,198,280,214,121",1.78223,2.1529,1.3121,3.465,-1.6827699999999999
S;T;I;N;T,A;Y;R;K;K,"124,189,168,114,88",1.78197,4.66467,1.28517,5.94984,-4.16787
A;M;R;G;Q,M;L;N;A;V,"135,154,90,165,127",1.78177,2.37909,1.22374,3.60283,-1.82106
A;M;G;Q;R,M;L;A;M;T,"135,154,165,127,90",1.78175,3.19369,-6.75769,,
S;T;I;T;S,A;Y;R;E;T,"124,189,168,270,121",1.77979,5.05558,1.3121,6.36768,-4.58789
S;D;R;Q;T,E;H;A;M;K,"121,186,280,127,88",1.77976,1.52251,1.28517,2.80768,-1.02792
S;D;T;Q;G,E;H;P;L;L,"121,186,116,182,243",1.77949,4.19138,3.65866,7.85004,-6.07055
N;S;T;H;S,Y;Q;M;M;M,"37,188,29,104,238",1.77933,1.62133,2.2093,3.8306299999999998,-2.0512999999999995
S;T;N;D;Q,M;V;K;L;W,"238,198,114,220,133",1.77789,4.37095,1.99371,6.36466,-4.58677
S;H;T;M;R,P;M;M;L;K,"245,104,29,262,53",1.77779,1.96403,1.21629,3.18032,-1.40253
T;T;T;S;Q,L;M;E;F;I,"72,51,270,238,127",1.77698,4.13032,2.10731,6.23763,-4.46065
T;T;M;Q;L,V;M;L;L;F,"198,51,262,182,117",1.77324,3.03477,-2.30857,,
S;G;S;M;R,W;A;E;L;S,"58,165,136,262,90",1.77246,2.29813,-6.17954,,
A;M;G;N;N,M;L;A;K;H,"135,154,165,233,205",1.77238,2.61474,0.934161,3.548901,-1.7765209999999998
T;T;M;Q;T,V;M;L;L;N,"198,51,262,182,88",1.77233,3.03477,1.16002,4.19479,-2.42246
S;I;E;Q;K,Q;R;K;L;F,"188,168,231,182,253",1.77197,5.154,-2.7494,,
D;L;N;Q;L,L;F;K;M;Q,"220,117,233,127,216",1.77098,3.80149,1.66917,5.47066,-3.69968
E;Q;T;Q;G,K;L;L;L;T,"231,182,72,127,251",1.77018,7.66695,1.39182,9.058769999999999,-7.288589999999999
S;G;S;M;H,W;A;E;L;T,"58,165,136,262,104",1.77,2.29813,1.64185,3.9399800000000003,-2.1699800000000002
T;R;S;S;S,L;K;Y;T;N,"72,53,269,214,124",1.76898,2.10066,4.11541,6.21607,-4.44709
T;T;N;N;S,L;M;K;K;Y,"72,51,233,114,242",1.76896,3.42408,1.18862,4.6127,-2.8437400000000004
N;S;S;R;S,K;T;W;D;Y,"233,214,58,90,269",1.7685,2.40164,-0.731655,1.669985,0.09851499999999991
S;D;R;E;S,E;H;A;K;E,"121,186,280,231,136",1.76776,1.88215,0.298574,2.180724,-0.4129640000000001
S;H;T;S;R,P;M;M;W;Q,"245,104,29,58,132",1.76708,1.79588,1.65183,3.44771,-1.6806299999999998
S;D;R;T;M,E;H;A;M;L,"121,186,280,51,154",1.76631,1.79222,1.39475,3.1869699999999996,-1.4206599999999996
S;D;S;N;H,E;H;Y;K;R,"121,186,238,114,104",1.76591,2.83208,1.19641,4.02849,-2.26258
S;I;E;S;S,Q;R;K;E;H,"188,168,231,136,187",1.76541,5.68401,-0.139832,5.544178,-3.7787679999999995
N;S;S;R;Q,K;T;W;D;V,"233,214,58,90,127",1.76444,2.40164,1.22374,3.62538,-1.8609399999999998
S;T;I;N;L,A;Y;R;K;I,"124,189,168,114,216",1.7644,4.66467,1.43258,6.09725,-4.33285
D;L;N;S;D,L;F;K;Y;V,"220,117,233,269,186",1.76406,2.47846,1.78881,4.26727,-2.50321
N;S;S;S;G,Y;Q;E;P;A,"37,188,136,245,165",1.76389,1.84971,-4.58782,,
S;I;E;S;R,Q;R;K;E;T,"188,168,231,136,90",1.76317,5.68401,-6.75769,,
S;H;T;M;A,P;M;M;L;E,"245,104,29,262,152",1.7627,1.96403,1.16636,3.1303900000000002,-1.3676900000000003
N;N;N;S;K,I;K;K;V;F,"114,205,233,269,253",1.76206,1.78881,-2.7494,,
T;R;S;S;Q,L;K;Y;T;L,"72,53,269,214,182",1.76149,2.10066,-1.69976,0.40090000000000003,1.36059
S;D;T;Q;Q,E;H;P;L;N,"121,186,116,182,127",1.7609,4.19138,2.35273,6.54411,-4.78321
T;R;S;S;R,L;K;Y;T;S,"72,53,269,214,90",1.76055,2.10066,-6.17954,,
S;G;S;M;A,W;A;E;L;D,"58,165,136,262,226",1.76013,2.29813,-6.56873,,
S;T;I;D;K,A;Y;R;L;A,"124,189,168,220,253",1.75743,5.25397,-2.13229,,
S;D;R;Q;S,E;H;A;M;E,"121,186,280,127,136",1.75656,1.52251,0.298574,1.821084,-0.06452400000000003
S;I;E;S;Q,Q;R;K;E;W,"188,168,231,136,133",1.75632,5.68401,1.99371,7.67772,-5.9214
S;H;T;S;D,P;M;M;W;N,"245,104,29,58,186",1.7561,1.79588,0.0141159,1.8099958999999999,-0.053895899999999886
D;L;N;S;T,L;F;K;Y;V,"220,117,233,269,198",1.75572,2.47846,1.56672,4.04518,-2.28946
A;M;L;N;F,M;L;F;Y;M,"135,154,117,37,271",1.75506,2.34832,2.15661,4.50493,-2.7498699999999996
A;M;G;Q;S,M;L;A;M;P,"135,154,165,127,188",1.7546,3.19369,-0.195825,2.997865,-1.243265
S;T;N;D;S,M;V;K;L;Y,"238,198,114,220,242",1.75397,4.37095,1.18862,5.55957,-3.8056
S;I;E;S;T,Q;R;K;E;Q,"188,168,231,136,88",1.75291,5.68401,1.20927,6.89328,-5.14037
S;T;I;N;M,A;Y;R;K;L,"124,189,168,114,154",1.75135,4.66467,1.39475,6.05942,-4.308070000000001
S;G;S;M;Q,W;A;E;L;V,"58,165,136,262,182",1.75119,2.29813,-2.18418,,
A;M;G;N;I,M;L;A;K;R,"135,154,165,233,168",1.74859,2.61474,-14.7567,,
S;D;R;T;N,E;H;A;M;K,"121,186,280,51,233",1.74364,1.79222,0.328192,2.120412,-0.3767719999999999
S;D;R;A;Q,E;H;A;E;L,"121,186,280,152,182",1.74362,1.40875,-1.69976,-0.29101,2.03463
A;M;G;N;I,M;L;A;K;H,"135,154,165,233,168",1.74292,2.61474,-1.74709,0.8676499999999998,0.8752700000000002
S;D;R;D;T,E;H;A;L;M,"121,186,280,220,29",1.7423,2.15121,-6.9328,,
S;T;I;T;R,A;Y;R;E;K,"124,189,168,270,53",1.74203,5.05558,1.21629,6.27187,-4.52984
S;D;R;Q;F,E;H;A;M;M,"121,186,280,127,271",1.74155,1.52251,2.15661,3.67912,-1.9375700000000002
S;D;R;T;T,E;H;A;L;M,"121,186,280,72,51",1.74094,1.88057,1.3147,3.19527,-1.45433
T;T;M;R;N,V;M;L;D;T,"198,51,262,90,190",1.74093,2.75602,1.14081,3.89683,-2.1559
S;D;R;Q;S,E;H;A;M;P,"121,186,280,127,245",1.74043,1.52251,1.34851,2.87102,-1.1305900000000002
S;G;S;M;S,W;A;E;L;H,"58,165,136,262,187",1.74035,2.29813,-0.139832,2.158298,-0.41794799999999976
T;R;S;S;N,L;K;Y;T;Y,"72,53,269,214,37",1.73949,2.10066,0.685741,2.786401,-1.0469110000000001
S;D;S;N;N,E;H;Y;K;H,"121,186,238,114,205",1.7387,2.83208,0.934161,3.766241,-2.0275410000000003
S;D;R;D;R,E;H;A;L;P,"121,186,280,220,90",1.73821,2.15121,-15.0143,,
N;N;N;S;R,I;K;K;V;Q,"114,205,233,269,132",1.73814,1.78881,1.65183,3.44064,-1.7025000000000001
S;I;E;Q;K,Q;R;K;L;Y,"188,168,231,182,253",1.7371,5.154,-2.49422,,
A;M;L;N;A,M;L;F;Y;M,"135,154,117,37,65",1.73616,2.34832,1.26675,3.6150700000000002,-1.8789100000000003
S;D;R;Q;T,E;H;A;M;V,"121,186,280,127,72",1.73533,1.52251,1.22066,2.74317,-1.00784
S;T;R;S;Q,A;V;A;T;V,"124,198,280,214,182",1.73502,2.1529,-2.18418,,
S;G;S;M;R,W;A;E;L;Q,"58,165,136,262,224",1.73282,2.29813,0.801101,3.099231,-1.366411
T;T;M;R;N,V;M;L;D;H,"198,51,262,90,205",1.73251,2.75602,0.934161,3.690181,-1.957671
A;M;R;G;L,M;L;N;A;M,"135,154,90,165,216",1.7323,2.37909,1.46945,3.84854,-2.11624
S;T;R;S;A,A;V;A;T;M,"124,198,280,214,65",1.73185,2.1529,1.26675,3.41965,-1.6878
S;H;T;M;F,P;M;M;L;W,"245,104,29,262,271",1.731,1.96403,1.88634,3.85037,-2.11937
T;T;N;N;K,V;M;K;K;L,"198,51,233,114,253",1.73032,3.19949,-1.0623,2.13719,-0.40686999999999984
S;D;R;T;A,E;H;A;L;M,"121,186,280,72,65",1.72961,1.88057,1.26675,3.14732,-1.41771
D;L;N;S;A,L;F;K;Y;P,"220,117,233,269,152",1.72793,2.47846,1.82327,4.30173,-2.5738000000000003
S;D;S;N;S,E;H;Y;K;E,"121,186,238,114,207",1.72788,2.83208,1.39808,4.23016,-2.50228
T;T;N;N;M,V;M;K;K;V,"198,51,233,114,154",1.72632,3.19949,-3.00604,,
S;H;T;M;Q,P;M;M;L;V,"245,104,29,262,127",1.72568,1.96403,1.22374,3.18777,-1.46209
S;D;S;N;L,E;H;Y;K;I,"121,186,238,114,216",1.72441,2.83208,1.43258,4.26466,-2.5402500000000003
S;D;R;D;R,E;H;A;L;N,"121,186,280,220,132",1.72338,2.15121,1.97104,4.122249999999999,-2.3988699999999996
S;H;T;S;S,P;M;M;W;E,"245,104,29,58,207",1.72281,1.79588,1.39808,3.1939599999999997,-1.4711499999999997
S;T;I;T;L,A;Y;R;E;M,"124,189,168,270,216",1.72258,5.05558,1.46945,6.52503,-4.80245
S;H;T;S;R,P;M;M;W;K,"245,104,29,58,53",1.72028,1.79588,1.21629,3.0121700000000002,-1.2918900000000002
S;I;E;N;M,Q;R;K;K;H,"188,168,231,114,161",1.71906,4.79974,0.29128,5.09102,-3.3719600000000005
S;D;R;Q;S,E;H;A;M;W,"121,186,280,127,58",1.71697,1.52251,1.17243,2.69494,-0.9779699999999998
T;T;T;T;R,L;M;E;V;T,"72,51,270,198,90",1.71638,4.06726,-6.75769,,
S;D;R;D;Q,E;H;A;L;Y,"121,186,280,220,119",1.7161,2.15121,-4.54044,,
T;T;M;R;S,V;M;L;D;Q,"198,51,262,90,188",1.71598,2.75602,-1.43683,1.3191899999999999,0.3967900000000002
N;S;S;R;R,K;T;W;D;Q,"233,214,58,90,132",1.71494,2.40164,1.65183,4.05347,-2.33853
A;M;L;N;S,M;L;F;Y;N,"135,154,117,37,124",1.71392,2.34832,4.11541,6.46373,-4.74981
N;N;N;S;T,I;K;K;V;K,"114,205,233,269,88",1.71326,1.78881,1.28517,3.0739799999999997,-1.3607199999999997
N;N;N;S;S,I;K;K;V;E,"114,205,233,269,207",1.71194,1.78881,1.39808,3.18689,-1.47495
S;D;T;Q;S,E;H;P;L;P,"121,186,116,182,188",1.71122,4.19138,-0.195825,3.9955549999999995,-2.2843349999999996
S;D;R;Q;L,E;H;A;M;M,"121,186,280,127,216",1.71104,1.52251,1.46945,2.9919599999999997,-1.2809199999999998
S;T;I;D;D,A;Y;R;L;N,"124,189,168,220,186",1.71066,5.25397,0.0141159,5.2680859,-3.5574259
S;D;T;S;G,E;H;P;F;A,"121,186,116,238,243",1.71051,4.39699,1.45932,5.85631,-4.1457999999999995
S;T;R;S;L,A;V;A;T;M,"124,198,280,214,216",1.71014,2.1529,1.46945,3.62235,-1.91221
N;S;S;R;S,K;T;W;D;F,"233,214,58,90,238",1.70969,2.40164,-0.85124,1.5504,0.15928999999999993
S;D;R;E;S,E;H;A;K;Q,"121,186,280,231,188",1.70889,1.88215,-1.43683,0.44531999999999994,1.26357
D;L;N;Q;F,L;F;K;M;M,"220,117,233,127,191",1.70836,3.80149,0.285492,4.086982,-2.378622
T;T;T;T;S,L;M;E;V;P,"72,51,270,198,188",1.70759,4.06726,-0.195825,3.871435,-2.1638450000000002
S;I;E;S;N,Q;R;K;E;Y,"188,168,231,136,37",1.70693,5.68401,0.685741,6.369751,-4.662821
S;D;R;S;A,E;H;A;T;M,"121,186,280,214,135",1.70593,1.07516,1.56282,2.6379799999999998,-0.9320499999999998
T;T;M;Q;N,V;M;L;L;T,"198,51,262,182,190",1.70506,3.03477,1.14081,4.17558,-2.47052
S;D;R;T;S,E;H;A;Y;V,"121,186,280,189,223",1.70372,1.59074,1.13695,2.72769,-1.02397
A;M;G;N;S,M;L;A;K;V,"135,154,165,233,58",1.70328,2.61474,1.64103,4.25577,-2.55249
S;G;S;M;Q,W;A;E;L;I,"58,165,136,262,182",1.70266,2.29813,-0.75822,1.53991,0.16275000000000017
T;T;N;N;H,V;M;K;K;R,"198,51,233,114,104",1.70172,3.19949,1.19641,4.3959,-2.6941800000000002
S;T;N;D;A,M;V;K;L;V,"238,198,114,220,65",1.70073,4.37095,2.10232,6.473269999999999,-4.772539999999999
N;S;T;H;A,Y;Q;M;M;L,"37,188,29,104,65",1.70018,1.62133,1.28107,2.9024,-1.20222
S;T;R;S;H,A;V;A;T;T,"124,198,280,214,104",1.7001,2.1529,1.64185,3.7947499999999996,-2.0946499999999997
S;D;R;E;R,E;H;A;K;V,"121,186,280,231,34",1.69996,1.88215,3.28169,5.16384,-3.4638800000000005
S;D;R;T;L,E;H;A;L;F,"121,186,280,72,117",1.6986,1.88057,-2.30857,,
S;I;E;N;Q,Q;R;K;K;W,"188,168,231,114,133",1.69782,4.79974,1.99371,6.79345,-5.09563
D;L;N;Q;H,L;F;K;M;R,"220,117,233,127,104",1.69779,3.80149,1.19641,4.9979,-3.3001099999999997
A;M;G;N;R,M;L;A;K;S,"135,154,165,233,90",1.69736,2.61474,-6.17954,,
T;S;S;K;P,P;N;P;L;V,"116,238,290,252,184",1.69685,5.29036,0.457537,5.747897,-4.0510470000000005
S;T;N;D;Q,M;V;K;L;N,"238,198,114,220,133",1.69482,4.37095,1.21979,5.590739999999999,-3.8959199999999994
S;D;R;A;L,E;H;A;E;F,"121,186,280,152,117",1.69452,1.40875,-2.30857,,
S;D;R;T;T,E;H;A;Y;V,"121,186,280,189,198",1.69347,1.59074,1.56672,3.15746,-1.46399
T;T;T;S;S,L;M;E;F;Y,"72,51,270,238,269",1.6926,4.13032,-0.731655,3.3986650000000003,-1.7060650000000002
N;S;S;S;S,Y;Q;E;P;V,"37,188,136,245,223",1.69217,1.84971,1.13695,2.9866599999999996,-1.2944899999999997
D;L;N;S;S,L;F;K;Y;D,"220,117,233,269,58",1.69197,2.47846,1.87848,4.35694,-2.66497
S;D;S;N;R,E;H;Y;K;Q,"121,186,238,114,224",1.69182,2.83208,0.801101,3.633181,-1.941361
A;M;R;G;I,M;L;N;A;H,"135,154,90,165,168",1.69029,2.37909,-1.74709,0.6320000000000001,1.05829
S;D;R;T;R,E;H;A;Y;D,"121,186,280,189,90",1.68816,1.59074,-12.5337,,
S;D;S;N;Q,E;H;Y;K;I,"121,186,238,114,127",1.6878,2.83208,2.10731,4.9393899999999995,-3.2515899999999993
S;D;T;E;W,E;H;P;K;I,"121,186,116,231,159",1.68704,6.58675,1.51695,8.1037,-6.41666
S;D;R;T;A,E;H;A;L;M,"121,186,280,72,135",1.68626,1.88057,1.56282,3.44339,-1.7571299999999999
S;G;S;M;L,W;A;E;L;M,"58,165,136,262,216",1.68331,2.29813,1.46945,3.7675799999999997,-2.0842699999999996
T;T;N;N;L,L;M;K;K;I,"72,51,233,114,216",1.68186,3.42408,1.43258,4.85666,-3.1748
S;D;R;D;S,E;H;A;L;D,"121,186,280,220,58",1.68144,2.15121,1.87848,4.0296899999999996,-2.3482499999999993
S;D;R;S;S,E;H;A;T;P,"121,186,280,214,245",1.68132,1.07516,1.34851,2.42367,-0.7423500000000001
D;L;N;S;H,L;F;K;Y;L,"220,117,233,269,104",1.68117,2.47846,1.59008,4.0685400000000005,-2.3873700000000007
N;N;N;S;S,I;K;K;V;N,"114,205,233,269,124",1.68094,1.78881,4.11541,5.90422,-4.223279999999999
N;N;N;S;A,I;K;K;V;E,"114,205,233,269,152",1.6797,1.78881,1.16636,2.95517,-1.2754699999999999
S;D;R;T;T,E;H;A;Y;M,"121,186,280,189,29",1.6791,1.59074,-6.9328,,
S;H;T;S;A,P;M;M;W;M,"245,104,29,58,65",1.67901,1.79588,1.26675,3.06263,-1.38362
A;M;G;N;R,M;L;A;K;P,"135,154,165,233,90",1.67887,2.61474,-15.0143,,
S;T;I;N;Q,A;Y;R;K;K,"124,189,168,114,127",1.6782,4.66467,2.01179,6.6764600000000005,-4.99826
T;T;M;Q;S,V;M;L;L;T,"198,51,262,182,121",1.67761,3.03477,1.3121,4.34687,-2.66926
S;H;T;S;Q,P;M;M;W;V,"245,104,29,58,182",1.67729,1.79588,-2.18418,,
S;D;R;T;R,E;H;A;M;K,"121,186,280,51,53",1.67684,1.79222,1.21629,3.0085100000000002,-1.3316700000000001
S;T;R;S;Q,A;V;A;T;I,"124,198,280,214,182",1.67679,2.1529,-0.75822,1.3946799999999997,0.2821100000000003
T;T;T;T;L,L;M;E;V;F,"72,51,270,198,216",1.67658,4.06726,1.28942,5.35668,-3.6801
N;S;T;H;D,Y;Q;M;M;Q,"37,188,29,104,220",1.67449,1.62133,2.86794,4.489269999999999,-2.8147799999999994
T;S;S;K;P,P;N;P;L;Q,"116,238,290,252,38",1.67437,5.29036,1.58069,6.871049999999999,-5.19668
N;S;S;S;L,Y;Q;E;P;Q,"37,188,136,245,216",1.67312,1.84971,1.66917,3.5188800000000002,-1.8457600000000003
S;D;R;T;S,E;H;A;Y;E,"121,186,280,189,136",1.67308,1.59074,0.298574,1.8893140000000002,-0.21623400000000026
T;T;T;T;G,L;M;E;V;K,"72,51,270,198,243",1.67262,4.06726,3.0581,7.125360000000001,-5.45274
S;T;I;T;A,A;Y;R;E;F,"124,189,168,270,65",1.67256,5.05558,1.18512,6.2407,-4.5681400000000005
S;H;T;M;A,P;M;M;L;F,"245,104,29,262,65",1.67064,1.96403,1.18512,3.1491499999999997,-1.4785099999999998
N;S;S;R;Q,K;T;W;D;A,"233,214,58,90,127",1.66887,2.40164,0.543456,2.945096,-1.2762259999999999
S;I;E;S;D,Q;R;K;E;V,"188,168,231,136,186",1.66748,5.68401,1.78881,7.47282,-5.805339999999999
S;T;N;D;K,M;V;K;L;V,"238,198,114,220,253",1.66715,4.37095,-1.77146,2.5994899999999994,-0.9323399999999995
S;G;S;M;D,W;A;E;L;V,"58,165,136,262,186",1.66712,2.29813,1.78881,4.08694,-2.4198200000000005
S;T;I;N;S,A;Y;R;K;E,"124,189,168,114,207",1.66625,4.66467,1.39808,6.06275,-4.3965000000000005
D;L;N;S;N,L;F;K;Y;I,"220,117,233,269,37",1.66609,2.47846,1.86168,4.34014,-2.67405
T;T;T;T;K,L;M;E;V;Y,"72,51,270,198,253",1.66557,4.06726,-2.49422,,
T;T;T;T;A,L;M;E;V;T,"72,51,270,198,180",1.66545,4.06726,1.57849,5.64575,-3.9802999999999997
N;S;S;R;A,K;T;W;D;D,"233,214,58,90,226",1.66528,2.40164,-6.56873,,
T;T;N;N;L,V;M;K;K;W,"198,51,233,114,216",1.66271,3.19949,1.37086,4.5703499999999995,-2.90764
S;D;R;S;A,E;H;A;T;W,"121,186,280,214,65",1.66241,1.07516,1.13227,2.20743,-0.5450200000000001
S;I;E;Q;G,Q;R;K;L;K,"188,168,231,182,243",1.66216,5.154,3.0581,8.2121,-6.549939999999999
S;D;R;E;S,E;H;A;K;A,"121,186,280,231,124",1.66163,1.88215,2.14285,4.025,-2.3633700000000006
T;T;T;T;R,L;M;E;V;P,"72,51,270,198,280",1.66125,4.06726,1.29097,5.35823,-3.69698
S;H;T;S;D,P;M;M;W;V,"245,104,29,58,186",1.65888,1.79588,1.78881,3.58469,-1.9258100000000002
S;H;T;S;A,P;M;M;W;W,"245,104,29,58,65",1.65825,1.79588,1.13227,2.92815,-1.2699
S;T;N;D;C,M;V;K;L;A,"238,198,114,220,289",1.65747,4.37095,-0.0850688,4.2858811999999995,-2.6284111999999995
S;D;T;K;K,E;H;P;L;V,"121,186,116,252,253",1.65549,4.99838,-1.77146,3.22692,-1.5714299999999999
T;T;M;R;I,V;M;L;D;L,"198,51,262,90,111",1.65515,2.75602,1.56098,4.317,-2.6618500000000003
N;S;S;S;T,Y;Q;E;P;K,"37,188,136,245,88",1.65479,1.84971,1.28517,3.13488,-1.48009
A;M;L;N;D,M;L;F;Y;V,"135,154,117,37,186",1.65365,2.34832,1.78881,4.13713,-2.48348
D;L;N;Q;G,L;F;K;M;K,"220,117,233,127,243",1.65358,3.80149,3.0581,6.85959,-5.20601
N;S;S;S;Q,Y;Q;E;P;L,"37,188,136,245,182",1.65225,1.84971,-1.69976,0.14995000000000003,1.5023
S;I;E;N;V,Q;R;K;K;C,"188,168,231,114,281",1.65216,4.79974,1.22272,6.02246,-4.370299999999999
T;R;S;S;R,L;K;Y;T;D,"72,53,269,214,90",1.65092,2.10066,-12.5337,,
S;T;I;T;R,A;Y;R;E;T,"124,189,168,270,90",1.65039,5.05558,-6.75769,,
T;K;D;S;Q,E;L;L;T;R,"270,252,220,214,127",1.65026,4.53563,2.24575,6.78138,-5.13112
A;M;L;N;N,M;L;F;Y;H,"135,154,117,37,205",1.64819,2.34832,0.934161,3.282481,-1.6342910000000002
S;G;S;M;F,W;A;E;L;M,"58,165,136,262,271",1.64793,2.29813,2.15661,4.45474,-2.8068100000000005
A;M;L;N;R,M;L;F;Y;N,"135,154,117,37,132",1.64693,2.34832,1.97104,4.31936,-2.6724299999999994
A;M;L;N;Q,M;L;F;Y;A,"135,154,117,37,127",1.64564,2.34832,0.543456,2.891776,-1.2461360000000001
S;T;N;D;L,M;V;K;L;E,"238,198,114,220,216",1.64516,4.37095,1.31255,5.6834999999999996,-4.03834
T;T;N;N;K,L;M;K;K;F,"72,51,233,114,253",1.64485,3.42408,-2.7494,,
S;D;R;A;S,E;H;A;L;A,"121,186,280,65,124",1.6447,1.50316,2.14285,3.6460100000000004,-2.00131
D;L;N;S;R,L;F;K;Y;N,"220,117,233,269,90",1.64469,2.47846,-12.5581,,
D;L;N;S;T,L;F;K;Y;D,"220,117,233,269,88",1.64417,2.47846,1.98481,4.46327,-2.8190999999999997
A;M;R;G;A,M;L;N;A;P,"135,154,90,165,152",1.64311,2.37909,1.82327,4.2023600000000005,-2.5592500000000005
T;T;T;S;Q,L;M;E;F;N,"72,51,270,238,127",1.64253,4.13032,2.35273,6.48305,-4.840520000000001
S;H;T;S;L,P;M;M;W;M,"245,104,29,58,216",1.6397,1.79588,1.46945,3.2653299999999996,-1.6256299999999997
S;D;R;Q;Q,E;H;A;M;L,"121,186,280,127,182",1.63903,1.52251,-1.69976,-0.1772499999999999,1.81628
A;M;G;N;S,M;L;A;K;K,"135,154,165,233,58",1.63903,2.61474,1.14527,3.76001,-2.12098
S;D;T;S;V,E;H;P;F;D,"121,186,116,238,57",1.63902,4.39699,1.23826,5.635249999999999,-3.9962299999999993
S;D;T;S;S,E;H;P;F;Y,"121,186,116,238,242",1.63859,4.39699,1.18862,5.58561,-3.94702
S;D;R;D;H,E;H;A;L;L,"121,186,280,220,104",1.63814,2.15121,1.59008,3.74129,-2.10315
S;D;R;E;G,E;H;A;K;K,"121,186,280,231,243",1.6381,1.88215,3.0581,4.94025,-3.30215
S;I;E;N;Q,Q;R;K;K;D,"188,168,231,114,127",1.63692,4.79974,1.96342,6.76316,-5.12624
S;I;E;Q;C,Q;R;K;L;L,"188,168,231,182,289",1.63608,5.154,1.40303,6.55703,-4.92095
D;L;N;S;T,L;F;K;Y;E,"220,117,233,269,270",1.63553,2.47846,3.52614,6.0046,-4.36907
S;D;T;S;A,E;H;P;F;V,"121,186,116,238,65",1.63528,4.39699,2.10232,6.4993099999999995,-4.86403
S;D;R;D;L,E;H;A;L;F,"121,186,280,220,117",1.63469,2.15121,-2.30857,,
S;D;S;N;T,E;H;Y;K;Q,"121,186,238,114,88",1.63462,2.83208,1.20927,4.0413499999999996,-2.4067299999999996
S;T;I;D;Q,A;Y;R;L;I,"124,189,168,220,182",1.6335,5.25397,-0.75822,4.49575,-2.8622500000000004
S;D;R;S;K,E;H;A;T;L,"121,186,280,214,252",1.63323,1.07516,1.24366,2.3188199999999997,-0.6855899999999997
S;D;R;Q;N,E;H;A;M;T,"121,186,280,127,190",1.63305,1.52251,1.14081,2.66332,-1.0302700000000002
S;D;R;Q;S,E;H;A;M;F,"121,186,280,127,238",1.63243,1.52251,-0.85124,0.67127,0.96116
T;R;S;S;F,L;K;Y;T;M,"72,53,269,214,271",1.63234,2.10066,2.15661,4.25727,-2.62493
S;G;S;M;Q,W;A;E;L;Y,"58,165,136,262,119",1.631,2.29813,-4.54044,,
N;S;T;H;S,Y;Q;M;M;H,"37,188,29,104,187",1.63013,1.62133,-0.139832,1.481498,0.1486320000000001
S;D;R;T;R,E;H;A;Y;K,"121,186,280,189,53",1.63004,1.59074,1.21629,2.80703,-1.1769900000000002
E;Q;Q;D;I,K;L;L;L;R,"231,182,127,220,218",1.62858,7.84419,1.07089,8.91508,-7.2865
A;M;L;N;R,M;L;F;Y;Q,"135,154,117,37,224",1.62827,2.34832,0.801101,3.1494210000000002,-1.5211510000000001
N;N;N;S;S,I;K;K;V;K,"114,205,233,269,58",1.62644,1.78881,1.14527,2.93408,-1.3076399999999997
N;S;T;H;S,Y;Q;M;M;E,"37,188,29,104,121",1.62584,1.62133,-7.13406,,
T;T;T;S;Q,L;M;E;F;N,"72,51,270,238,133",1.62517,4.13032,1.21979,5.35011,-3.72494
T;K;D;S;T,E;L;L;T;N,"270,252,220,214,198",1.62455,4.53563,1.15645,5.692080000000001,-4.0675300000000005
N;S;S;S;A,Y;Q;E;P;F,"37,188,136,245,65",1.6239,1.84971,1.18512,3.03483,-1.41093
E;Q;Q;D;S,K;L;L;L;N,"231,182,127,220,103",1.62388,7.84419,1.48912,9.33331,-7.709430000000001
S;D;R;Q;S,E;H;A;M;E,"121,186,280,127,207",1.62376,1.52251,1.39808,2.92059,-1.2968299999999997
S;D;S;N;Q,E;H;Y;K;V,"121,186,238,114,127",1.62322,2.83208,1.22374,4.05582,-2.4326
N;S;S;R;A,K;T;W;D;M,"233,214,58,90,65",1.6216,2.40164,1.26675,3.66839,-2.04679
T;S;S;T;K,P;N;P;E;A,"116,238,290,270,253",1.62132,5.17498,-2.13229,,
S;D;R;T;R,E;H;A;Y;Q,"121,186,280,189,224",1.61866,1.59074,0.801101,2.391841,-0.7731809999999999
T;R;S;S;S,L;K;Y;T;K,"72,53,269,214,124",1.61821,2.10066,2.68892,4.78958,-3.17137
S;D;R;T;N,E;H;A;L;Y,"121,186,280,72,37",1.61649,1.88057,0.685741,2.5663110000000002,-0.9498210000000002
S;D;R;A;N,E;H;A;E;K,"121,186,280,152,233",1.61649,1.40875,0.328192,1.736942,-0.120452
N;S;T;H;S,Y;Q;M;M;N,"37,188,29,104,124",1.6155,1.62133,4.11541,5.736739999999999,-4.121239999999999
S;H;T;S;A,P;M;M;W;F,"245,104,29,58,65",1.61527,1.79588,1.18512,2.981,-1.3657299999999999
S;D;R;T;A,E;H;A;Y;F,"121,186,280,189,65",1.61518,1.59074,1.18512,2.7758599999999998,-1.1606799999999997
S;D;R;T;Q,E;H;A;M;I,"121,186,280,51,182",1.61488,1.79222,-0.75822,1.0339999999999998,0.5808800000000003
T;R;S;S;D,L;K;Y;T;Q,"72,53,269,214,220",1.61429,2.10066,2.86794,4.9686,-3.3543100000000003
S;D;S;N;Q,E;H;Y;K;L,"121,186,238,114,182",1.614,2.83208,-1.69976,1.13232,0.4816800000000001
S;D;R;T;Q,E;H;A;Y;L,"121,186,280,189,182",1.61382,1.59074,-1.69976,-0.1090199999999999,1.72284
A;M;G;Q;S,M;L;A;M;T,"135,154,165,127,124",1.61365,3.19369,2.0551,5.24879,-3.63514
S;T;I;T;D,A;Y;R;E;N,"124,189,168,270,186",1.6126,5.05558,0.0141159,5.0696959,-3.4570959
A;M;L;N;S,M;L;F;Y;K,"135,154,117,37,58",1.61247,2.34832,1.14527,3.49359,-1.8811200000000001
S;H;T;S;F,P;M;M;W;W,"245,104,29,58,271",1.61128,1.79588,1.88634,3.68222,-2.0709400000000002
S;D;R;D;R,E;H;A;L;L,"121,186,280,220,53",1.60965,2.15121,1.57881,3.7300199999999997,-2.1203699999999994
S;T;R;S;A,A;V;A;T;N,"124,198,280,214,226",1.60892,2.1529,1.44085,3.59375,-1.98483
D;L;N;S;S,L;F;K;Y;A,"220,117,233,269,124",1.60819,2.47846,2.14285,4.62131,-3.0131200000000002
T;T;T;S;K,L;M;E;F;L,"72,51,270,238,253",1.60752,4.13032,-1.0623,3.06802,-1.4605000000000001
S;D;R;S;T,E;H;A;T;E,"121,186,280,214,270",1.60738,1.07516,3.52614,4.6013,-2.99392
S;D;R;T;H,E;H;A;L;M,"121,186,280,72,104",1.60636,1.88057,1.29417,3.17474,-1.5683799999999999
D;L;N;Q;A,L;F;K;M;V,"220,117,233,127,65",1.60542,3.80149,2.10232,5.90381,-4.2983899999999995
S;I;E;Q;P,Q;R;K;L;Q,"188,168,231,182,38",1.60377,5.154,1.58069,6.73469,-5.13092
A;M;G;N;T,M;L;A;K;D,"135,154,165,233,88",1.60311,2.61474,1.98481,4.59955,-2.9964399999999998
S;T;I;D;I,A;Y;R;L;L,"124,189,168,220,145",1.60286,5.25397,1.3052,6.55917,-4.95631
A;M;G;N;Q,M;L;A;K;E,"135,154,165,233,133",1.60197,2.61474,2.09284,4.70758,-3.1056100000000004
A;M;R;G;H,M;L;N;A;T,"135,154,90,165,104",1.60174,2.37909,1.64185,4.02094,-2.4192000000000005
S;I;E;N;F,Q;R;K;K;E,"188,168,231,114,271",1.60151,4.79974,2.659,7.45874,-5.8572299999999995
S;D;T;S;L,E;H;P;F;I,"121,186,116,238,216",1.60085,4.39699,1.43258,5.8295699999999995,-4.228719999999999
D;L;N;S;S,L;F;K;Y;E,"220,117,233,269,121",1.60004,2.47846,-7.13406,,
T;R;S;S;R,L;K;Y;T;Q,"72,53,269,214,132",1.59856,2.10066,1.65183,3.75249,-2.15393
S;D;R;T;T,E;H;A;L;V,"121,186,280,72,198",1.5978,1.88057,1.56672,3.4472899999999997,-1.8494899999999996
S;I;E;Q;Q,Q;R;K;L;D,"188,168,231,182,127",1.5971,5.154,1.96342,7.11742,-5.52032
S;D;T;S;C,E;H;P;F;A,"121,186,116,238,289",1.59671,4.39699,-0.0850688,4.3119212,-2.7152111999999997
T;T;M;Q;K,V;M;L;L;L,"198,51,262,182,253",1.59581,3.03477,-1.0623,1.97247,-0.37666
A;M;L;N;Q,M;L;F;Y;V,"135,154,117,37,127",1.59252,2.34832,1.22374,3.5720600000000005,-1.9795400000000005
N;S;T;H;S,Y;Q;M;M;E,"37,188,29,104,207",1.58955,1.62133,1.39808,3.0194099999999997,-1.4298599999999997
S;T;I;D;N,A;Y;R;L;I,"124,189,168,220,37",1.58653,5.25397,1.86168,7.11565,-5.52912
S;T;I;T;H,A;Y;R;E;T,"124,189,168,270,104",1.58644,5.05558,1.64185,6.69743,-5.110989999999999
E;Q;T;Q;L,K;L;L;L;P,"231,182,72,127,216",1.58581,7.66695,1.17536,8.84231,-7.256499999999999
S;D;R;A;S,E;H;A;L;K,"121,186,280,65,124",1.58389,1.50316,2.68892,4.19208,-2.6081899999999996
S;T;R;S;Q,A;V;A;T;K,"124,198,280,214,127",1.58234,2.1529,2.01179,4.16469,-2.58235
S;D;T;S;T,E;H;P;F;N,"121,186,116,238,198",1.58227,4.39699,1.15645,5.55344,-3.97117
Q;K;E;Q;K,L;L;K;L;A,"127,252,231,182,253",1.5819,8.0785,-2.13229,,
S;D;R;T;H,E;H;A;Y;M,"121,186,280,189,104",1.58155,1.59074,1.29417,2.88491,-1.30336
T;K;D;S;V,E;L;L;T;D,"270,252,220,214,57",1.58034,4.53563,1.23826,5.77389,-4.19355
D;L;N;S;A,L;F;K;Y;W,"220,117,233,269,65",1.5802,2.47846,1.13227,3.61073,-2.03053
S;D;R;Q;R,E;H;A;M;K,"121,186,280,127,53",1.57726,1.52251,1.21629,2.7388000000000003,-1.1615400000000002
S;D;T;E;G,E;H;P;K;T,"121,186,116,231,251",1.57662,6.58675,1.39182,7.97857,-6.40195
N;S;T;H;D,Y;Q;M;M;V,"37,188,29,104,186",1.57635,1.62133,1.78881,3.41014,-1.8337900000000003
N;S;T;H;Q,Y;Q;M;M;V,"37,188,29,104,182",1.57512,1.62133,-2.18418,,
N;N;N;S;M,I;K;K;V;L,"114,205,233,269,154",1.57415,1.78881,1.39475,3.18356,-1.60941
T;T;T;T;S,L;M;E;V;T,"72,51,270,198,124",1.56996,4.06726,2.0551,6.1223600000000005,-4.5524000000000004
S;I;E;S;S,Q;R;K;E;V,"188,168,231,136,58",1.56989,5.68401,1.64103,7.3250399999999996,-5.7551499999999995
S;D;S;N;L,E;H;Y;K;F,"121,186,238,114,216",1.56987,2.83208,1.28942,4.1215,-2.5516300000000003
S;T;N;D;L,M;V;K;L;Q,"238,198,114,220,216",1.56933,4.37095,1.66917,6.04012,-4.47079
S;T;I;D;L,A;Y;R;L;W,"124,189,168,220,216",1.56193,5.25397,1.37086,6.624829999999999,-5.062899999999999
S;D;R;E;G,E;H;A;K;L,"121,186,280,231,243",1.56179,1.88215,3.65866,5.54081,-3.9790199999999993
N;S;S;S;N,Y;Q;E;P;K,"37,188,136,245,233",1.56045,1.84971,0.328192,2.177902,-0.6174520000000001
S;D;R;A;M,E;H;A;L;L,"121,186,280,65,262",1.55937,1.50316,-8.82803,,
T;R;S;S;F,L;K;Y;T;W,"72,53,269,214,271",1.55876,2.10066,1.88634,3.987,-2.42824
S;T;I;N;D,A;Y;R;K;N,"124,189,168,114,186",1.55712,4.66467,0.0141159,4.6787859,-3.1216659
T;R;S;S;S,L;K;Y;T;F,"72,53,269,214,238",1.55606,2.10066,-0.85124,1.24942,0.30664
N;N;N;S;A,I;K;K;V;D,"114,205,233,269,226",1.55588,1.78881,-6.56873,,
T;T;T;T;Q,L;M;E;V;N,"72,51,270,198,133",1.55368,4.06726,1.21979,5.28705,-3.73337
S;D;R;E;Q,E;H;A;K;Y,"121,186,280,231,119",1.55366,1.88215,-4.54044,,
N;S;S;R;S,K;T;W;D;H,"233,214,58,90,187",1.55278,2.40164,-0.139832,2.261808,-0.7090279999999998
S;D;T;Q;I,E;H;P;L;H,"121,186,116,182,168",1.55211,4.19138,-1.74709,2.4442899999999996,-0.8921799999999995
T;T;T;S;Q,L;M;E;F;T,"72,51,270,238,91",1.551,4.13032,1.27643,5.406750000000001,-3.8557500000000005
S;D;R;S;N,E;H;A;T;Y,"121,186,280,214,37",1.55025,1.07516,0.685741,1.760901,-0.21065100000000014
A;M;G;Q;I,M;L;A;M;V,"135,154,165,127,200",1.55007,3.19369,1.28856,4.4822500000000005,-2.9321800000000007
S;H;T;M;Q,P;M;M;L;V,"245,104,29,262,182",1.54915,1.96403,-2.18418,,
S;D;R;T;S,E;H;A;M;F,"121,186,280,51,238",1.54827,1.79222,-0.85124,0.9409799999999999,0.6072900000000001
A;M;G;Q;S,M;L;A;M;H,"135,154,165,127,214",1.54795,3.19369,-2.16722,,
S;T;I;T;Q,A;Y;R;E;V,"124,189,168,270,182",1.54791,5.05558,-2.18418,,
S;H;T;M;Q,P;M;M;L;Y,"245,104,29,262,119",1.54449,1.96403,-4.54044,,
T;R;S;S;Q,L;K;Y;T;A,"72,53,269,214,127",1.54228,2.10066,0.543456,2.644116,-1.1018359999999998
T;T;T;T;S,L;M;E;V;Y,"72,51,270,198,269",1.54124,4.06726,-0.731655,3.335605,-1.7943650000000002
N;S;S;R;R,K;T;W;D;N,"233,214,58,90,132",1.54101,2.40164,1.97104,4.37268,-2.83167
T;T;T;T;R,L;M;E;V;V,"72,51,270,198,34",1.54082,4.06726,3.28169,7.34895,-5.80813
T;T;N;N;R,V;M;K;K;A,"198,51,233,114,90",1.54062,3.19949,-6.05749,,
A;M;L;N;L,M;L;F;Y;M,"135,154,117,37,216",1.54059,2.34832,1.46945,3.8177700000000003,-2.2771800000000004
A;M;L;N;A,M;L;F;Y;P,"135,154,117,37,152",1.54046,2.34832,1.82327,4.17159,-2.63113
S;D;R;D;H,E;H;A;L;M,"121,186,280,220,104",1.53956,2.15121,1.29417,3.44538,-1.90582
A;M;R;G;Q,M;L;N;A;E,"135,154,90,165,133",1.539,2.37909,2.09284,4.47193,-2.9329300000000007
S;D;T;Q;P,E;H;P;L;D,"121,186,116,182,197",1.53773,4.19138,1.57327,5.76465,-4.22692
S;T;I;N;L,A;Y;R;K;M,"124,189,168,114,216",1.53759,4.66467,1.46945,6.13412,-4.5965300000000004
S;D;R;T;T,E;H;A;M;E,"121,186,280,51,270",1.53722,1.79222,3.52614,5.31836,-3.78114
S;D;S;N;R,E;H;Y;K;V,"121,186,238,114,34",1.53715,2.83208,3.28169,6.113770000000001,-4.57662
S;D;T;S;Q,E;H;P;F;N,"121,186,116,238,127",1.53705,4.39699,2.35273,6.74972,-5.21267
T;S;S;K;Q,P;N;P;L;E,"116,238,290,252,127",1.53581,5.29036,1.46399,6.75435,-5.21854
A;M;R;G;T,M;L;N;A;Q,"135,154,90,165,88",1.5357,2.37909,1.20927,3.58836,-2.0526600000000004
S;D;R;E;N,E;H;A;K;T,"121,186,280,231,190",1.53543,1.88215,1.14081,3.0229600000000003,-1.4875300000000002
S;I;E;S;L,Q;R;K;E;D,"188,168,231,136,249",1.53529,5.68401,1.3351,7.0191099999999995,-5.48382
A;M;G;Q;K,M;L;A;M;F,"135,154,165,127,253",1.53524,3.19369,-2.7494,,
N;S;T;H;M,Y;Q;M;M;L,"37,188,29,104,262",1.53442,1.62133,-8.82803,,
D;L;N;S;F,L;F;K;Y;M,"220,117,233,269,271",1.53417,2.47846,2.15661,4.635070000000001,-3.1009000000000007
T;R;S;S;S,L;K;Y;T;M,"72,53,269,214,238",1.53339,2.10066,2.2093,4.30996,-2.7765700000000004
S;I;E;Q;L,Q;R;K;L;W,"188,168,231,182,216",1.53281,5.154,1.37086,6.52486,-4.992050000000001
S;H;T;M;D,P;M;M;L;V,"245,104,29,262,186",1.53176,1.96403,1.78881,3.75284,-2.2210799999999997
S;D;T;E;R,E;H;P;K;P,"121,186,116,231,280",1.53148,6.58675,1.29097,7.87772,-6.34624
S;D;R;A;T,E;H;A;E;E,"121,186,280,152,270",1.53139,1.40875,3.52614,4.934889999999999,-3.4034999999999993
S;D;R;E;S,E;H;A;K;E,"121,186,280,231,115",1.53117,1.88215,1.69898,3.58113,-2.04996
T;T;M;R;M,V;M;L;D;V,"198,51,262,90,154",1.53081,2.75602,-3.00604,,
S;T;I;N;F,A;Y;R;K;M,"124,189,168,114,191",1.53071,4.66467,0.285492,4.950162,-3.4194519999999997
T;R;S;S;A,L;K;Y;T;W,"72,53,269,214,65",1.52903,2.10066,1.13227,3.23293,-1.7039000000000002
A;M;G;Q;A,M;L;A;M;N,"135,154,165,127,226",1.52697,3.19369,1.44085,4.63454,-3.1075700000000004
T;R;S;S;M,L;K;Y;T;L,"72,53,269,214,154",1.52397,2.10066,1.39475,3.4954099999999997,-1.9714399999999996
S;D;T;Q;G,E;H;P;L;S,"121,186,116,182,243",1.52388,4.19138,1.55439,5.745769999999999,-4.221889999999999
S;D;S;N;A,E;H;Y;K;P,"121,186,238,114,152",1.5233,2.83208,1.82327,4.65535,-3.1320500000000004
N;S;S;S;F,Y;Q;E;P;W,"37,188,136,245,271",1.52318,1.84971,1.88634,3.7360499999999996,-2.2128699999999997
D;L;N;S;H,L;F;K;Y;M,"220,117,233,269,104",1.52237,2.47846,1.29417,3.7726300000000004,-2.2502600000000004
S;G;S;M;Q,W;A;E;L;W,"58,165,136,262,133",1.52187,2.29813,1.99371,4.2918400000000005,-2.7699700000000007
T;T;T;T;S,L;M;E;V;Y,"72,51,270,198,242",1.5218,4.06726,1.18862,5.25588,-3.7340800000000005
S;H;T;M;A,P;M;M;L;D,"245,104,29,262,226",1.52102,1.96403,-6.56873,,
S;I;E;S;P,Q;R;K;E;Q,"188,168,231,136,38",1.52035,5.68401,1.58069,7.2646999999999995,-5.744349999999999
N;S;S;R;T,K;T;W;D;D,"233,214,58,90,88",1.51987,2.40164,1.98481,4.38645,-2.86658
S;D;R;T;A,E;H;A;L;L,"121,186,280,72,65",1.5186,1.88057,1.28107,3.1616400000000002,-1.6430400000000003
T;T;M;Q;N,V;M;L;L;Y,"198,51,262,182,37",1.51512,3.03477,0.685741,3.720511,-2.205391
S;D;R;T;Q,E;H;A;Y;K,"121,186,280,189,127",1.51507,1.59074,2.01179,3.60253,-2.08746
D;L;N;S;F,L;F;K;Y;W,"220,117,233,269,271",1.51477,2.47846,1.88634,4.3648,-2.85003
A;M;R;G;I,M;L;N;A;R,"135,154,90,165,168",1.51437,2.37909,-14.7567,,
N;N;N;S;R,I;K;K;V;S,"114,205,233,269,90",1.51261,1.78881,-6.17954,,
T;T;N;N;F,V;M;K;K;E,"198,51,233,114,271",1.51189,3.19949,2.659,5.85849,-4.3466
T;R;S;S;A,L;K;Y;T;E,"72,53,269,214,152",1.51139,2.10066,1.16636,3.26702,-1.75563
S;D;T;Q;A,E;H;P;L;E,"121,186,116,182,152",1.51086,4.19138,1.16636,5.35774,-3.8468799999999996
T;T;M;R;T,V;M;L;D;D,"198,51,262,90,88",1.50959,2.75602,1.98481,4.74083,-3.2312399999999997
T;T;N;N;S,V;M;K;K;P,"198,51,233,114,188",1.50805,3.19949,-0.195825,3.003665,-1.495615
S;I;E;S;N,Q;R;K;E;T,"188,168,231,136,190",1.50624,5.68401,1.14081,6.82482,-5.31858
S;D;R;E;T,E;H;A;K;K,"121,186,280,231,88",1.5062,1.88215,1.28517,3.16732,-1.6611200000000002
S;I;E;S;H,Q;R;K;E;L,"188,168,231,136,104",1.50606,5.68401,1.59008,7.274089999999999,-5.7680299999999995
S;D;R;T;T,E;H;A;L;Y,"121,186,280,72,189",1.50566,1.88057,0.153862,2.0344320000000002,-0.5287720000000002
D;L;N;Q;K,L;F;K;M;F,"220,117,233,127,253",1.50478,3.80149,-2.7494,,
T;T;N;N;L,V;M;K;K;Q,"198,51,233,114,216",1.50339,3.19949,1.66917,4.86866,-3.36527
S;D;R;E;S,E;H;A;K;V,"121,186,280,231,58",1.50073,1.88215,1.64103,3.52318,-2.02245
T;S;S;T;P,P;N;P;E;V,"116,238,290,270,184",1.50026,5.17498,0.457537,5.632517,-4.132257
D;L;N;S;R,L;F;K;Y;S,"220,117,233,269,90",1.50021,2.47846,-6.17954,,
A;M;L;N;T,M;L;F;Y;D,"135,154,117,37,88",1.49996,2.34832,1.98481,4.333130000000001,-2.833170000000001
D;L;N;S;A,L;F;K;Y;E,"220,117,233,269,152",1.49864,2.47846,1.16636,3.64482,-2.14618
S;D;S;N;S,E;H;Y;K;Q,"121,186,238,114,188",1.49705,2.83208,-1.43683,1.3952499999999999,0.10180000000000011
S;D;R;D;T,E;H;A;L;K,"121,186,280,220,88",1.49484,2.15121,1.28517,3.4363799999999998,-1.9415399999999998
A;M;G;N;L,M;L;A;K;F,"135,154,165,233,216",1.49384,2.61474,1.28942,3.90416,-2.41032
D;L;N;Q;L,L;F;K;M;F,"220,117,233,127,216",1.49375,3.80149,1.28942,5.09091,-3.59716
A;M;G;N;L,M;L;A;K;W,"135,154,165,233,216",1.49102,2.61474,1.37086,3.9856,-2.49458
S;T;R;S;N,A;V;A;T;T,"124,198,280,214,190",1.49049,2.1529,1.14081,3.29371,-1.8032199999999998
S;G;S;M;T,W;A;E;L;Q,"58,165,136,262,88",1.48989,2.29813,1.20927,3.5074,-2.01751
T;T;M;R;L,V;M;L;D;Q,"198,51,262,90,216",1.48971,2.75602,1.66917,4.42519,-2.9354799999999996
S;G;S;M;R,W;A;E;L;P,"58,165,136,262,90",1.48932,2.29813,-15.0143,,
N;S;T;H;A,Y;Q;M;M;P,"37,188,29,104,152",1.48915,1.62133,1.82327,3.4446,-1.95545
S;H;T;S;N,P;M;M;W;I,"245,104,29,58,37",1.48891,1.79588,1.86168,3.65756,-2.1686500000000004
D;L;N;Q;L,L;F;K;M;E,"220,117,233,127,216",1.48861,3.80149,1.31255,5.11404,-3.62543
N;S;S;S;F,Y;Q;E;P;M,"37,188,136,245,271",1.48853,1.84971,2.15661,4.0063200000000005,-2.5177900000000006
S;I;E;N;Q,Q;R;K;K;E,"188,168,231,114,133",1.48756,4.79974,2.09284,6.89258,-5.4050199999999995
T;T;M;Q;R,V;M;L;L;T,"198,51,262,182,90",1.48737,3.03477,-6.75769,,
T;T;T;T;C,L;M;E;V;A,"72,51,270,198,289",1.48689,4.06726,-0.0850688,3.9821912,-2.4953012
N;N;N;S;A,I;K;K;V;F,"114,205,233,269,65",1.48682,1.78881,1.18512,2.97393,-1.4871100000000002
S;D;R;D;Q,E;H;A;L;V,"121,186,280,220,127",1.48625,2.15121,1.22374,3.37495,-1.8887
A;M;R;G;N,M;L;N;A;T,"135,154,90,165,190",1.48587,2.37909,1.14081,3.5199000000000003,-2.0340300000000004
S;T;N;D;G,M;V;K;L;A,"238,198,114,220,243",1.48483,4.37095,1.45932,5.83027,-4.34544
S;D;R;E;R,E;H;A;K;N,"121,186,280,231,132",1.48479,1.88215,1.97104,3.8531899999999997,-2.3683999999999994
A;M;G;Q;L,M;L;A;M;Q,"135,154,165,127,216",1.48446,3.19369,1.66917,4.86286,-3.3784000000000005
S;D;R;Q;A,E;H;A;M;L,"121,186,280,127,65",1.48409,1.52251,1.28107,2.80358,-1.3194900000000003
A;M;R;G;R,M;L;N;A;L,"135,154,90,165,53",1.48399,2.37909,1.57881,3.9579000000000004,-2.4739100000000005
S;D;R;A;N,E;H;A;E;Y,"121,186,280,152,37",1.4834,1.40875,0.685741,2.094491,-0.611091
T;T;M;Q;A,V;M;L;L;N,"198,51,262,182,226",1.48275,3.03477,1.44085,4.47562,-2.99287
S;D;R;D;T,E;H;A;L;M,"121,186,280,220,51",1.48224,2.15121,1.3147,3.46591,-1.98367
T;T;T;S;L,L;M;E;F;E,"72,51,270,238,216",1.47992,4.13032,1.31255,5.44287,-3.96295
D;L;N;S;S,L;F;K;Y;K,"220,117,233,269,124",1.4794,2.47846,2.68892,5.16738,-3.6879799999999996
N;S;T;H;F,Y;Q;M;M;W,"37,188,29,104,271",1.4772,1.62133,1.88634,3.50767,-2.03047
S;T;R;S;L,A;V;A;T;F,"124,198,280,214,216",1.47694,2.1529,1.28942,3.4423199999999996,-1.9653799999999997
S;T;I;T;R,A;Y;R;E;Q,"124,189,168,270,224",1.47663,5.05558,0.801101,5.856681,-4.380051
N;S;S;S;D,Y;Q;E;P;V,"37,188,136,245,186",1.4765,1.84971,1.78881,3.6385199999999998,-2.16202
S;D;R;S;A,E;H;A;T;P,"121,186,280,214,152",1.47381,1.07516,1.82327,2.89843,-1.4246199999999998
T;S;S;K;N,P;N;P;L;L,"116,238,290,252,138",1.47292,5.29036,1.20357,6.49393,-5.0210099999999995
N;S;S;S;R,Y;Q;E;P;K,"37,188,136,245,53",1.4719,1.84971,1.21629,3.066,-1.5940999999999999
T;S;S;K;C,P;N;P;L;S,"116,238,290,252,289",1.47186,5.29036,-1.16436,4.1259999999999994,-2.6541399999999995
T;T;M;Q;Q,V;M;L;L;I,"198,51,262,182,127",1.47125,3.03477,2.10731,5.14208,-3.67083
S;G;S;M;Q,W;A;E;L;A,"58,165,136,262,127",1.4711,2.29813,0.543456,2.841586,-1.3704859999999999
N;S;T;H;R,Y;Q;M;M;Q,"37,188,29,104,132",1.47017,1.62133,1.65183,3.27316,-1.8029899999999999
S;G;S;M;R,W;A;E;L;L,"58,165,136,262,53",1.46993,2.29813,1.57881,3.8769400000000003,-2.4070100000000005
S;D;R;D;A,E;H;A;L;D,"121,186,280,220,226",1.46852,2.15121,-6.56873,,
S;D;R;T;G,E;H;A;L;A,"121,186,280,72,165",1.46811,1.88057,-4.58782,,
S;D;S;N;L,E;H;Y;K;W,"121,186,238,114,216",1.46781,2.83208,1.37086,4.20294,-2.73513
T;T;M;Q;S,V;M;L;L;N,"198,51,262,182,124",1.46739,3.03477,4.11541,7.15018,-5.68279
S;T;I;T;L,A;Y;R;E;W,"124,189,168,270,216",1.46678,5.05558,1.37086,6.4264399999999995,-4.9596599999999995
D;L;N;S;R,L;F;K;Y;D,"220,117,233,269,90",1.4663,2.47846,-12.5337,,
A;M;G;N;T,M;L;A;K;N,"135,154,165,233,88",1.4657,2.61474,1.16002,3.7747599999999997,-2.3090599999999997
T;T;M;R;S,V;M;L;D;V,"198,51,262,90,58",1.46535,2.75602,1.64103,4.39705,-2.9317
S;D;T;Q;A,E;H;P;L;T,"121,186,116,182,180",1.46321,4.19138,1.57849,5.769869999999999,-4.306659999999999
T;T;T;T;L,L;M;E;V;I,"72,51,270,198,216",1.46213,4.06726,1.43258,5.49984,-4.03771
S;D;R;T;A,E;H;A;M;E,"121,186,280,51,152",1.46203,1.79222,1.16636,2.95858,-1.49655
S;H;T;S;R,P;M;M;W;Q,"245,104,29,58,224",1.46119,1.79588,0.801101,2.596981,-1.135791
S;T;I;N;N,A;Y;R;K;H,"124,189,168,114,205",1.46063,4.66467,0.934161,5.598831000000001,-4.1382010000000005
S;D;R;T;S,E;H;A;M;K,"121,186,280,51,58",1.45978,1.79222,1.14527,2.93749,-1.4777099999999999
S;T;I;T;Q,A;Y;R;E;L,"124,189,168,270,182",1.458,5.05558,-1.69976,3.35582,-1.89782
D;L;N;S;T,L;F;K;Y;K,"220,117,233,269,88",1.4575,2.47846,1.28517,3.76363,-2.30613
S;H;T;M;Q,P;M;M;L;A,"245,104,29,262,127",1.45719,1.96403,0.543456,2.507486,-1.0502960000000001
T;T;N;N;R,L;M;K;K;T,"72,51,233,114,90",1.45646,3.42408,-6.75769,,
D;L;N;Q;C,L;F;K;M;A,"220,117,233,127,289",1.4562,3.80149,-0.0850688,3.7164211999999996,-2.2602211999999997
S;D;R;Q;A,E;H;A;M;F,"121,186,280,127,65",1.45611,1.52251,1.18512,2.70763,-1.25152
S;I;E;S;G,Q;R;K;E;H,"188,168,231,136,251",1.4558,5.68401,1.17609,6.8601,-5.4043
N;S;T;H;Q,Y;Q;M;M;L,"37,188,29,104,182",1.45416,1.62133,-1.69976,-0.07843,1.53259
A;M;L;N;Q,M;L;F;Y;V,"135,154,117,37,182",1.45383,2.34832,-2.18418,,
S;T;R;S;Q,A;V;A;T;I,"124,198,280,214,127",1.45359,2.1529,2.10731,4.26021,-2.8066199999999997
D;L;N;S;Q,L;F;K;Y;Y,"220,117,233,269,119",1.45352,2.47846,-4.54044,,
S;D;T;S;V,E;H;P;F;C,"121,186,116,238,281",1.45335,4.39699,1.22272,5.6197099999999995,-4.166359999999999
S;D;T;K;P,E;H;P;L;L,"121,186,116,252,38",1.4529,4.99838,1.38115,6.37953,-4.926629999999999
S;H;T;S;A,P;M;M;W;L,"245,104,29,58,65",1.45271,1.79588,1.28107,3.07695,-1.6242400000000001
S;D;R;Q;A,E;H;A;M;W,"121,186,280,127,65",1.4525,1.52251,1.13227,2.65478,-1.2022800000000002
A;M;R;G;T,M;L;N;A;N,"135,154,90,165,88",1.45223,2.37909,1.16002,3.53911,-2.08688
S;D;R;T;S,E;H;A;Y;P,"121,186,280,189,245",1.45204,1.59074,1.34851,2.9392500000000004,-1.4872100000000004
T;T;M;R;I,V;M;L;D;L,"198,51,262,90,145",1.4508,2.75602,1.3052,4.06122,-2.6104199999999995
S;T;I;D;T,A;Y;R;L;D,"124,189,168,220,88",1.45042,5.25397,1.98481,7.23878,-5.78836
T;T;N;N;R,L;M;K;K;P,"72,51,233,114,280",1.44973,3.42408,1.29097,4.71505,-3.26532
S;D;T;Q;G,E;H;P;L;Q,"121,186,116,182,243",1.44972,4.19138,3.87149,8.06287,-6.61315
S;D;R;E;S,E;H;A;K;D,"121,186,280,231,58",1.44853,1.88215,1.87848,3.76063,-2.3121
T;T;T;S;H,L;M;E;F;R,"72,51,270,238,104",1.44818,4.13032,1.19641,5.32673,-3.8785500000000006
E;Q;T;Q;P,K;L;L;L;Q,"231,182,72,127,38",1.44778,7.66695,1.58069,9.24764,-7.799860000000001
S;T;R;S;R,A;V;A;T;S,"124,198,280,214,90",1.44769,2.1529,-6.17954,,
D;L;N;Q;Q,L;F;K;M;T,"220,117,233,127,91",1.44724,3.80149,1.27643,5.07792,-3.63068
S;D;T;E;D,E;H;P;K;K,"121,186,116,231,263",1.44617,6.58675,1.32913,7.9158800000000005,-6.469710000000001
T;T;M;Q;Q,V;M;L;L;K,"198,51,262,182,127",1.44522,3.03477,2.01179,5.0465599999999995,-3.6013399999999995
T;T;N;N;Q,L;M;K;K;T,"72,51,233,114,91",1.44504,3.42408,1.27643,4.7005099999999995,-3.2554699999999994
N;S;T;H;S,Y;Q;M;M;V,"37,188,29,104,223",1.44379,1.62133,1.13695,2.75828,-1.3144900000000002
T;T;N;N;S,L;M;K;K;H,"72,51,233,114,214",1.44375,3.42408,-2.16722,,
T;T;T;T;G,L;M;E;V;Q,"72,51,270,198,243",1.44366,4.06726,3.87149,7.938750000000001,-6.495090000000001
T;T;T;T;Q,L;M;E;V;T,"72,51,270,198,91",1.44363,4.06726,1.27643,5.3436900000000005,-3.9000600000000007
S;D;R;Q;I,E;H;A;M;L,"121,186,280,127,111",1.44346,1.52251,1.56098,3.0834900000000003,-1.6400300000000003
D;L;N;Q;R,L;F;K;M;A,"220,117,233,127,90",1.4427,3.80149,-6.05749,,
N;S;S;R;T,K;T;W;D;N,"233,214,58,90,88",1.44207,2.40164,1.16002,3.56166,-2.1195899999999996
T;T;T;T;F,L;M;E;V;E,"72,51,270,198,271",1.44149,4.06726,2.659,6.72626,-5.28477
S;H;T;M;S,P;M;M;L;N,"245,104,29,262,124",1.4411,1.96403,4.11541,6.07944,-4.6383399999999995
T;T;M;R;K,V;M;L;D;L,"198,51,262,90,253",1.44042,2.75602,-1.0623,1.69372,-0.25329999999999986
S;T;I;D;P,A;Y;R;L;L,"124,189,168,220,38",1.43815,5.25397,1.38115,6.63512,-5.196969999999999
S;D;R;S;R,E;H;A;T;N,"121,186,280,214,90",1.43811,1.07516,-12.5581,,
T;T;T;S;S,L;M;E;F;T,"72,51,270,238,124",1.43794,4.13032,2.0551,6.185420000000001,-4.74748
S;D;R;T;S,E;H;A;Y;T,"121,186,280,189,214",1.43784,1.59074,-0.325958,1.264782,0.17305799999999993
S;D;T;K;Q,E;H;P;L;T,"121,186,116,252,91",1.43778,4.99838,1.27643,6.27481,-4.83703
S;D;R;S;R,E;H;A;T;N,"121,186,280,214,132",1.43721,1.07516,1.97104,3.0462,-1.6089899999999997
S;D;T;Q;G,E;H;P;L;T,"121,186,116,182,254",1.43677,4.19138,-4.84766,,
S;G;S;M;T,W;A;E;L;D,"58,165,136,262,88",1.43649,2.29813,1.98481,4.28294,-2.84645
T;T;N;N;S,V;M;K;K;H,"198,51,233,114,214",1.43648,3.19949,-2.16722,,
S;H;T;M;S,P;M;M;L;K,"245,104,29,262,58",1.43616,1.96403,1.14527,3.1093,-1.67314
S;D;R;S;T,E;H;A;T;V,"121,186,280,214,198",1.43571,1.07516,1.56672,2.6418799999999996,-1.2061699999999995
A;M;G;N;N,M;L;A;K;T,"135,154,165,233,190",1.43541,2.61474,1.14081,3.75555,-2.32014
S;D;R;T;S,E;H;A;M;E,"121,186,280,51,115",1.43443,1.79222,1.69898,3.4912,-2.05677
S;H;T;S;Q,P;M;M;W;I,"245,104,29,58,182",1.43443,1.79588,-0.75822,1.0376599999999998,0.3967700000000003
T;K;D;S;G,E;L;L;T;T,"270,252,220,214,251",1.43313,4.53563,1.39182,5.92745,-4.49432
S;D;R;T;T,E;H;A;M;K,"121,186,280,51,88",1.43269,1.79222,1.28517,3.07739,-1.6446999999999998
S;D;R;D;A,E;H;A;L;M,"121,186,280,220,135",1.43248,2.15121,1.56282,3.71403,-2.28155
D;L;N;Q;M,L;F;K;M;H,"220,117,233,127,161",1.43219,3.80149,0.29128,4.09277,-2.6605799999999995
S;T;I;T;Q,A;Y;R;E;A,"124,189,168,270,127",1.43186,5.05558,0.543456,5.599036,-4.1671759999999995
S;H;T;S;Q,P;M;M;W;Y,"245,104,29,58,119",1.43134,1.79588,-4.54044,,
N;S;S;S;H,Y;Q;E;P;L,"37,188,136,245,104",1.43035,1.84971,1.59008,3.43979,-2.0094399999999997
N;S;T;H;S,Y;Q;M;M;K,"37,188,29,104,58",1.4302,1.62133,1.14527,2.7666,-1.3364
N;S;S;S;S,Y;Q;E;P;T,"37,188,136,245,121",1.42999,1.84971,1.3121,3.16181,-1.73182
T;K;D;S;C,E;L;L;T;S,"270,252,220,214,289",1.42989,4.53563,-1.16436,3.37127,-1.9413799999999999
E;Q;T;Q;Y,K;L;L;L;S,"231,182,72,127,63",1.42918,7.66695,-1.05409,6.6128599999999995,-5.18368
N;S;S;S;A,Y;Q;E;P;L,"37,188,136,245,65",1.42807,1.84971,1.28107,3.1307799999999997,-1.7027099999999997
N;S;T;H;I,Y;Q;M;M;L,"37,188,29,104,111",1.42715,1.62133,1.56098,3.18231,-1.7551600000000003
S;D;T;K;P,E;H;P;L;D,"121,186,116,252,197",1.42713,4.99838,1.57327,6.57165,-5.14452
A;M;G;Q;F,M;L;A;M;E,"135,154,165,127,271",1.42659,3.19369,2.659,5.85269,-4.4261
S;G;S;M;Q,W;A;E;L;E,"58,165,136,262,133",1.42606,2.29813,2.09284,4.390969999999999,-2.9649099999999993
N;S;T;H;R,Y;Q;M;M;A,"37,188,29,104,280",1.4252,1.62133,-0.374307,1.247023,0.17817700000000003
S;T;R;S;M,A;V;A;T;V,"124,198,280,214,154",1.42498,2.1529,-3.00604,,
S;D;R;S;M,E;H;A;T;L,"121,186,280,214,154",1.4245,1.07516,1.39475,2.4699099999999996,-1.0454099999999995
S;D;S;N;A,E;H;Y;K;N,"121,186,238,114,226",1.42436,2.83208,1.44085,4.27293,-2.8485699999999996
S;D;R;Q;A,E;H;A;M;D,"121,186,280,127,226",1.42333,1.52251,-6.56873,,
S;T;I;D;Q,A;Y;R;L;E,"124,189,168,220,133",1.42091,5.25397,2.09284,7.34681,-5.9258999999999995
N;S;T;H;A,Y;Q;M;M;F,"37,188,29,104,65",1.41951,1.62133,1.18512,2.80645,-1.3869399999999998
S;T;R;S;D,A;V;A;T;V,"124,198,280,214,186",1.41911,2.1529,1.78881,3.9417099999999996,-2.5225999999999997
A;M;L;N;I,M;L;F;Y;H,"135,154,117,37,168",1.41626,2.34832,-1.74709,0.6012300000000002,0.8150299999999999
N;N;N;S;S,I;K;K;V;E,"114,205,233,269,115",1.41611,1.78881,1.69898,3.48779,-2.0716799999999997
T;T;N;N;S,L;M;K;K;T,"72,51,233,114,124",1.41601,3.42408,2.0551,5.4791799999999995,-4.0631699999999995
S;D;T;Q;Q,E;H;P;L;E,"121,186,116,182,127",1.41595,4.19138,1.46399,5.65537,-4.239419999999999
S;D;T;K;P,E;H;P;L;V,"121,186,116,252,184",1.41518,4.99838,0.457537,5.455917,-4.040737
A;M;R;G;Q,M;L;N;A;A,"135,154,90,165,127",1.41429,2.37909,0.543456,2.922546,-1.508256
S;D;T;E;K,E;H;P;K;A,"121,186,116,231,253",1.41327,6.58675,-2.13229,,
T;S;S;K;C,P;N;P;L;D,"116,238,290,252,289",1.41285,5.29036,1.83462,7.12498,-5.71213
S;D;R;D;E,E;H;A;L;K,"121,186,280,220,231",1.41179,2.15121,1.33235,3.4835599999999998,-2.07177
S;H;T;S;S,P;M;M;W;E,"245,104,29,58,115",1.4107,1.79588,1.69898,3.49486,-2.08416
S;T;I;N;S,A;Y;R;K;H,"124,189,168,114,187",1.41055,4.66467,-0.139832,4.524838,-3.114288
T;T;T;T;Q,L;M;E;V;R,"72,51,270,198,127",1.40899,4.06726,2.24575,6.31301,-4.90402
S;D;T;K;Q,E;H;P;L;N,"121,186,116,252,133",1.40846,4.99838,1.21979,6.21817,-4.80971
S;D;R;D;S,E;H;A;L;Q,"121,186,280,220,188",1.40714,2.15121,-1.43683,0.7143799999999998,0.6927600000000003
S;T;R;S;T,A;V;A;T;N,"124,198,280,214,88",1.40669,2.1529,1.16002,3.31292,-1.90623
S;T;I;D;T,A;Y;R;L;Q,"124,189,168,220,88",1.40658,5.25397,1.20927,6.46324,-5.05666
S;T;R;S;I,A;V;A;T;H,"124,198,280,214,168",1.40506,2.1529,-1.74709,0.4058099999999998,0.9992500000000002
N;S;S;S;H,Y;Q;E;P;M,"37,188,136,245,104",1.40429,1.84971,1.29417,3.1438800000000002,-1.7395900000000002
T;R;S;S;S,L;K;Y;T;E,"72,53,269,214,207",1.40339,2.10066,1.39808,3.4987399999999997,-2.09535
S;D;R;T;T,E;H;A;L;Q,"121,186,280,72,88",1.40169,1.88057,1.20927,3.08984,-1.68815
S;T;R;S;Q,A;V;A;T;V,"124,198,280,214,127",1.39914,2.1529,1.22374,3.37664,-1.9775
T;T;M;R;F,V;M;L;D;M,"198,51,262,90,191",1.39887,2.75602,0.285492,3.041512,-1.642642
S;D;R;S;S,E;H;A;T;W,"121,186,280,214,58",1.39873,1.07516,1.17243,2.2475899999999998,-0.8488599999999997
S;T;N;D;L,M;V;K;L;F,"238,198,114,220,216",1.39777,4.37095,1.28942,5.6603699999999995,-4.262599999999999
S;I;E;N;C,Q;R;K;K;S,"188,168,231,114,289",1.39624,4.79974,-1.16436,3.6353799999999996,-2.23914
N;S;S;S;Q,Y;Q;E;P;K,"37,188,136,245,127",1.39586,1.84971,2.01179,3.8615,-2.4656399999999996
S;D;R;E;S,E;H;A;K;H,"121,186,280,231,187",1.39512,1.88215,-0.139832,1.742318,-0.3471980000000001
T;S;S;T;Q,P;N;P;E;D,"116,238,290,270,127",1.39493,5.17498,1.96342,7.1384,-5.74347
N;S;S;S;S,Y;Q;E;P;E,"37,188,136,245,207",1.39445,1.84971,1.39808,3.24779,-1.8533400000000002
T;T;N;N;G,L;M;K;K;K,"72,51,233,114,243",1.39382,3.42408,3.0581,6.48218,-5.08836
S;T;I;D;R,A;Y;R;L;L,"124,189,168,220,53",1.39324,5.25397,1.57881,6.83278,-5.439539999999999
S;T;I;N;Q,A;Y;R;K;A,"124,189,168,114,127",1.39152,4.66467,0.543456,5.208126,-3.816606
T;K;D;S;Q,E;L;L;T;E,"270,252,220,214,127",1.3912,4.53563,1.46399,5.99962,-4.608420000000001
D;L;N;Q;N,L;F;K;M;K,"220,117,233,127,138",1.39038,3.80149,1.2829,5.08439,-3.69401
S;D;R;E;A,E;H;A;K;D,"121,186,280,231,226",1.38996,1.88215,-6.56873,,
T;S;S;T;G,P;N;P;E;T,"116,238,290,270,251",1.38846,5.17498,1.39182,6.5668,-5.1783399999999995
A;M;L;N;L,M;L;F;Y;Q,"135,154,117,37,216",1.38812,2.34832,1.66917,4.0174900000000004,-2.6293700000000007
T;T;M;R;S,V;M;L;D;P,"198,51,262,90,188",1.38805,2.75602,-0.195825,2.5601949999999998,-1.1721449999999998
S;H;T;M;N,P;M;M;L;H,"245,104,29,262,205",1.38796,1.96403,0.934161,2.8981909999999997,-1.5102309999999997
A;M;G;N;L,M;L;A;K;Q,"135,154,165,233,216",1.38776,2.61474,1.66917,4.28391,-2.8961499999999996
E;Q;Q;D;W,K;L;L;L;K,"231,182,127,220,257",1.38773,7.84419,1.47425,9.31844,-7.930710000000001
T;T;T;T;K,L;M;E;V;V,"72,51,270,198,253",1.38743,4.06726,-1.77146,2.2958,-0.9083699999999999
S;D;R;T;A,E;H;A;M;M,"121,186,280,51,135",1.38585,1.79222,1.56282,3.35504,-1.9691899999999998
S;T;I;N;S,A;Y;R;K;K,"124,189,168,114,58",1.38397,4.66467,1.14527,5.80994,-4.42597
S;T;I;T;Q,A;Y;R;E;V,"124,189,168,270,127",1.38372,5.05558,1.22374,6.27932,-4.8956
N;S;S;S;D,Y;Q;E;P;N,"37,188,136,245,186",1.38352,1.84971,0.0141159,1.8638259,-0.48030589999999984
D;L;N;S;Q,L;F;K;Y;I,"220,117,233,269,182",1.38291,2.47846,-0.75822,1.72024,-0.3373299999999999
S;H;T;S;Q,P;M;M;W;E,"245,104,29,58,133",1.38245,1.79588,2.09284,3.8887199999999997,-2.5062699999999998
S;I;E;Q;S,Q;R;K;L;P,"188,168,231,182,125",1.38157,5.154,1.21417,6.36817,-4.9866
S;T;R;S;T,A;V;A;T;K,"124,198,280,214,88",1.38088,2.1529,1.28517,3.4380699999999997,-2.0571899999999994
E;Q;Q;D;P,K;L;L;L;K,"231,182,127,220,120",1.38049,7.84419,-0.768642,7.075548,-5.695058
S;H;T;M;N,P;M;M;L;I,"245,104,29,262,37",1.38042,1.96403,1.86168,3.82571,-2.44529
S;D;R;T;T,E;H;A;L;D,"121,186,280,72,88",1.38039,1.88057,1.98481,3.86538,-2.48499
S;H;T;S;T,P;M;M;W;K,"245,104,29,58,88",1.37735,1.79588,1.28517,3.08105,-1.7036999999999998
T;S;S;K;L,P;N;P;L;D,"116,238,290,252,249",1.37729,5.29036,1.3351,6.6254599999999995,-5.24817
S;T;I;T;Q,A;Y;R;E;E,"124,189,168,270,127",1.37701,5.05558,1.46399,6.51957,-5.14256
A;M;L;N;Q,M;L;F;Y;E,"135,154,117,37,133",1.37635,2.34832,2.09284,4.44116,-3.06481
N;S;S;R;L,K;T;W;D;F,"233,214,58,90,216",1.37624,2.40164,1.28942,3.6910600000000002,-2.31482
A;M;G;Q;H,M;L;A;M;R,"135,154,165,127,104",1.37421,3.19369,1.19641,4.3901,-3.0158900000000006
T;T;M;R;Q,V;M;L;D;I,"198,51,262,90,127",1.37403,2.75602,2.10731,4.8633299999999995,-3.489299999999999
S;D;R;S;M,E;H;A;T;L,"121,186,280,214,262",1.3728,1.07516,-8.82803,,
S;D;R;D;S,E;H;A;L;K,"121,186,280,220,58",1.37234,2.15121,1.14527,3.29648,-1.92414
S;D;T;K;D,E;H;P;L;K,"121,186,116,252,263",1.37032,4.99838,1.32913,6.32751,-4.957190000000001
T;T;T;S;Q,L;M;E;F;T,"72,51,270,238,127",1.36829,4.13032,0.705474,4.835794,-3.467504
S;T;I;T;P,A;Y;R;E;V,"124,189,168,270,184",1.36742,5.05558,0.457537,5.513117,-4.145697
N;S;S;R;R,K;T;W;D;L,"233,214,58,90,53",1.3645,2.40164,1.57881,3.9804500000000003,-2.61595
S;D;T;S;R,E;H;P;F;V,"121,186,116,238,34",1.3638,4.39699,3.28169,7.67868,-6.3148800000000005
N;N;N;S;N,I;K;K;V;I,"114,205,233,269,37",1.36084,1.78881,1.86168,3.65049,-2.28965
D;L;N;Q;G,L;F;K;M;L,"220,117,233,127,243",1.36041,3.80149,3.65866,7.46015,-6.09974
N;S;T;H;Q,Y;Q;M;M;V,"37,188,29,104,127",1.3596,1.62133,1.22374,2.8450699999999998,-1.4854699999999998
S;I;E;N;G,Q;R;K;K;Q,"188,168,231,114,243",1.3584,4.79974,3.87149,8.67123,-7.31283
A;M;L;N;S,M;L;F;Y;V,"135,154,117,37,58",1.35778,2.34832,1.64103,3.98935,-2.63157
A;M;G;N;A,M;L;A;K;N,"135,154,165,233,226",1.35747,2.61474,1.44085,4.05559,-2.6981199999999994
S;I;E;N;G,Q;R;K;K;T,"188,168,231,114,251",1.35728,4.79974,1.39182,6.19156,-4.83428
S;D;R;D;T,E;H;A;L;Q,"121,186,280,220,88",1.35697,2.15121,1.20927,3.36048,-2.00351
N;S;S;S;R,Y;Q;E;P;Q,"37,188,136,245,132",1.35469,1.84971,1.65183,3.50154,-2.1468499999999997
T;T;N;N;Q,L;M;K;K;N,"72,51,233,114,133",1.35416,3.42408,1.21979,4.64387,-3.2897099999999995
N;S;S;S;S,Y;Q;E;P;H,"37,188,136,245,187",1.35404,1.84971,-0.139832,1.709878,-0.3558380000000001
A;M;G;Q;G,M;L;A;M;Q,"135,154,165,127,243",1.35348,3.19369,3.87149,7.06518,-5.7116999999999996
S;D;R;D;A,E;H;A;L;L,"121,186,280,220,65",1.35347,2.15121,1.28107,3.4322799999999996,-2.07881
S;T;I;D;P,A;Y;R;L;V,"124,189,168,220,184",1.35281,5.25397,0.457537,5.711507,-4.358697
S;D;T;K;L,E;H;P;L;K,"121,186,116,252,249",1.35273,4.99838,1.9138,6.91218,-5.55945
D;L;N;S;R,L;F;K;Y;N,"220,117,233,269,132",1.35183,2.47846,1.97104,4.4495000000000005,-3.0976700000000004
S;G;S;M;T,W;A;E;L;N,"58,165,136,262,88",1.3517,2.29813,1.16002,3.45815,-2.1064499999999997
S;D;R;E;S,E;H;A;K;E,"121,186,280,231,207",1.35083,1.88215,1.39808,3.28023,-1.9294
S;D;T;S;S,E;H;P;F;P,"121,186,116,238,188",1.35039,4.39699,-0.195825,4.201165,-2.8507749999999996
S;H;T;M;A,P;M;M;L;M,"245,104,29,262,65",1.35035,1.96403,1.26675,3.23078,-1.8804300000000003
S;D;R;T;G,E;H;A;Y;A,"121,186,280,189,165",1.34981,1.59074,-4.58782,,
S;D;R;Q;T,E;H;A;M;N,"121,186,280,127,88",1.3489,1.52251,1.16002,2.68253,-1.3336299999999999
S;D;R;E;R,E;H;A;K;N,"121,186,280,231,90",1.34624,1.88215,-12.5581,,
A;M;R;G;A,M;L;N;A;D,"135,154,90,165,226",1.34508,2.37909,-6.56873,,
A;M;R;G;I,M;L;N;A;L,"135,154,90,165,145",1.34442,2.37909,1.3052,3.68429,-2.33987
A;M;G;Q;R,M;L;A;M;A,"135,154,165,127,90",1.34246,3.19369,-6.05749,,
N;S;S;S;K,Y;Q;E;P;F,"37,188,136,245,253",1.34214,1.84971,-2.7494,,
T;T;N;N;F,V;M;K;K;M,"198,51,233,114,191",1.34136,3.19949,0.285492,3.484982,-2.1436219999999997
S;D;R;L;S,E;H;A;M;K,"121,186,280,216,124",1.34064,0.746184,2.68892,3.435104,-2.094464
A;M;G;Q;S,M;L;A;M;Y,"135,154,165,127,269",1.34037,3.19369,-0.731655,2.462035,-1.1216650000000001
S;H;T;M;S,P;M;M;L;V,"245,104,29,262,58",1.33959,1.96403,1.64103,3.60506,-2.2654699999999997
S;H;T;M;T,P;M;M;L;D,"245,104,29,262,88",1.33735,1.96403,1.98481,3.9488399999999997,-2.61149
S;T;I;N;Q,A;Y;R;K;E,"124,189,168,114,133",1.33717,4.66467,2.09284,6.75751,-5.4203399999999995
S;D;R;T;A,E;H;A;M;F,"121,186,280,51,65",1.3352,1.79222,1.18512,2.97734,-1.64214
N;S;S;S;A,Y;Q;E;P;E,"37,188,136,245,152",1.33354,1.84971,1.16636,3.01607,-1.68253
S;I;E;S;Q,Q;R;K;E;E,"188,168,231,136,127",1.33287,5.68401,1.46399,7.148,-5.81513
S;D;R;E;I,E;H;A;K;H,"121,186,280,231,168",1.33187,1.88215,-1.74709,0.13505999999999996,1.1968100000000002
S;H;T;S;A,P;M;M;W;D,"245,104,29,58,226",1.33178,1.79588,-6.56873,,
S;T;R;S;S,A;V;A;T;Y,"124,198,280,214,269",1.33163,2.1529,-0.731655,1.4212449999999999,-0.08961499999999978
N;N;N;S;D,I;K;K;V;N,"114,205,233,269,186",1.331,1.78881,0.0141159,1.8029259,-0.4719259
T;R;S;S;S,L;K;Y;T;K,"72,53,269,214,58",1.33072,2.10066,1.14527,3.24593,-1.91521
T;T;T;S;F,L;M;E;F;M,"72,51,270,238,191",1.32853,4.13032,0.285492,4.415812,-3.087282
S;D;R;T;R,E;H;A;M;Q,"121,186,280,51,132",1.32762,1.79222,1.65183,3.44405,-2.11643
A;M;G;N;T,M;L;A;K;Q,"135,154,165,233,88",1.32756,2.61474,1.20927,3.82401,-2.49645
D;L;N;Q;V,L;F;K;M;C,"220,117,233,127,281",1.32731,3.80149,1.22272,5.02421,-3.6969000000000003
T;R;S;S;L,L;K;Y;T;F,"72,53,269,214,216",1.32711,2.10066,1.28942,3.39008,-2.06297
S;D;R;A;L,E;H;A;E;M,"121,186,280,152,216",1.32707,1.40875,1.46945,2.8781999999999996,-1.5511299999999997
N;N;N;S;L,I;K;K;V;F,"114,205,233,269,117",1.32638,1.78881,-2.30857,,
S;G;S;M;I,W;A;E;L;H,"58,165,136,262,168",1.3263,2.29813,-1.74709,0.55104,0.7752600000000001
S;D;S;N;S,E;H;Y;K;H,"121,186,238,114,214",1.32623,2.83208,-2.16722,,
A;M;R;G;A,M;L;N;A;N,"135,154,90,165,226",1.32611,2.37909,1.44085,3.81994,-2.49383
N;S;S;S;A,Y;Q;E;P;W,"37,188,136,245,65",1.32541,1.84971,1.13227,2.98198,-1.65657
S;D;R;D;I,E;H;A;L;L,"121,186,280,220,145",1.3246,2.15121,1.3052,3.45641,-2.1318099999999998
N;S;S;S;R,Y;Q;E;P;Q,"37,188,136,245,224",1.32437,1.84971,0.801101,2.650811,-1.326441
S;D;R;S;S,E;H;A;T;M,"121,186,280,214,238",1.32431,1.07516,2.2093,3.2844599999999997,-1.9601499999999996
N;N;N;S;F,I;K;K;V;W,"114,205,233,269,271",1.32167,1.78881,1.88634,3.67515,-2.3534800000000002
A;M;G;N;R,M;L;A;K;T,"135,154,165,233,90",1.32034,2.61474,-6.75769,,
A;M;R;G;T,M;L;N;A;D,"135,154,90,165,88",1.31947,2.37909,1.98481,4.3639,-3.04443
N;S;T;H;R,Y;Q;M;M;Q,"37,188,29,104,224",1.3192,1.62133,0.801101,2.422431,-1.103231
S;D;R;T;A,E;H;A;L;E,"121,186,280,72,152",1.31821,1.88057,1.16636,3.04693,-1.72872
N;S;T;H;A,Y;Q;M;M;W,"37,188,29,104,65",1.3168,1.62133,1.13227,2.7536,-1.4368
S;D;R;E;A,E;H;A;K;N,"121,186,280,231,226",1.31631,1.88215,1.44085,3.323,-2.00669
D;L;N;Q;L,L;F;K;M;I,"220,117,233,127,216",1.31526,3.80149,1.43258,5.23407,-3.9188099999999997
S;D;R;T;S,E;H;A;M;M,"121,186,280,51,238",1.3142,1.79222,2.2093,4.001519999999999,-2.6873199999999993
S;T;I;T;R,A;Y;R;E;N,"124,189,168,270,132",1.31336,5.05558,1.97104,7.026619999999999,-5.713259999999999
S;D;T;E;N,E;H;P;K;L,"121,186,116,231,138",1.31221,6.58675,1.20357,7.79032,-6.47811
S;I;E;Q;L,Q;R;K;L;D,"188,168,231,182,249",1.3121,5.154,1.3351,6.4891,-5.177
N;S;S;S;S,Y;Q;E;P;K,"37,188,136,245,58",1.31114,1.84971,1.14527,2.99498,-1.68384
S;D;R;L;S,E;H;A;M;F,"121,186,280,216,238",1.31033,0.746184,-0.85124,-0.10505600000000004,1.415386
N;N;N;S;A,I;K;K;V;M,"114,205,233,269,65",1.31023,1.78881,1.26675,3.05556,-1.7453299999999998
S;H;T;M;A,P;M;M;L;P,"245,104,29,262,152",1.3089,1.96403,1.82327,3.7873,-2.4784
S;D;R;T;S,E;H;A;Y;Y,"121,186,280,189,269",1.30817,1.59074,-0.731655,0.859085,0.44908500000000007
S;D;R;Q;H,E;H;A;M;M,"121,186,280,127,104",1.3077,1.52251,1.29417,2.81668,-1.5089799999999998
S;D;R;T;H,E;H;A;L;L,"121,186,280,72,104",1.30567,1.88057,1.59008,3.47065,-2.16498
S;T;R;S;A,A;V;A;T;W,"124,198,280,214,65",1.30553,2.1529,1.13227,3.28517,-1.9796399999999998
S;D;R;T;L,E;H;A;L;M,"121,186,280,72,216",1.30475,1.88057,1.46945,3.3500199999999998,-2.0452699999999995
S;G;S;M;A,W;A;E;L;N,"58,165,136,262,226",1.3047,2.29813,1.44085,3.7389799999999997,-2.4342799999999998
N;S;S;S;S,Y;Q;E;P;T,"37,188,136,245,214",1.30402,1.84971,-0.325958,1.523752,-0.21973200000000004
S;T;I;T;I,A;Y;R;E;V,"124,189,168,270,200",1.30327,5.05558,1.28856,6.3441399999999994,-5.04087
S;I;E;Q;Q,Q;R;K;L;R,"188,168,231,182,127",1.30308,5.154,2.24575,7.39975,-6.09667
N;S;S;S;M,Y;Q;E;P;L,"37,188,136,245,154",1.30223,1.84971,1.39475,3.24446,-1.9422300000000001
S;T;N;D;P,M;V;K;L;D,"238,198,114,220,197",1.30044,4.37095,1.57327,5.94422,-4.64378
N;S;S;S;L,Y;Q;E;P;M,"37,188,136,245,216",1.3002,1.84971,1.46945,3.31916,-2.01896
S;T;I;T;T,A;Y;R;E;D,"124,189,168,270,88",1.29948,5.05558,1.98481,7.04039,-5.74091
S;T;I;N;L,A;Y;R;K;D,"124,189,168,114,249",1.2962,4.66467,1.3351,5.99977,-4.70357
N;N;N;S;S,I;K;K;V;Q,"114,205,233,269,188",1.29236,1.78881,-1.43683,0.35197999999999996,0.94038
T;S;S;K;P,P;N;P;L;L,"116,238,290,252,38",1.29161,5.29036,1.38115,6.67151,-5.379899999999999
T;T;N;N;G,V;M;K;K;Q,"198,51,233,114,243",1.29154,3.19949,3.87149,7.0709800000000005,-5.779440000000001
S;T;I;T;T,A;Y;R;E;N,"124,189,168,270,88",1.29096,5.05558,1.16002,6.2156,-4.92464
S;D;T;Q;V,E;H;P;L;D,"121,186,116,182,57",1.29085,4.19138,1.23826,5.429639999999999,-4.138789999999999
D;L;N;Q;G,L;F;K;M;A,"220,117,233,127,243",1.29006,3.80149,1.45932,5.260809999999999,-3.9707499999999993
N;S;S;S;S,Y;Q;E;P;E,"37,188,136,245,115",1.28889,1.84971,1.69898,3.5486899999999997,-2.2597999999999994
S;T;R;S;A,A;V;A;T;E,"124,198,280,214,152",1.28753,2.1529,1.16636,3.31926,-2.0317299999999996
S;D;R;T;H,E;H;A;M;L,"121,186,280,51,104",1.28691,1.79222,1.59008,3.3823,-2.09539
S;D;R;A;Q,E;H;A;E;A,"121,186,280,152,127",1.28497,1.40875,0.543456,1.9522059999999999,-0.6672359999999999
N;N;N;S;Q,I;K;K;V;I,"114,205,233,269,182",1.28452,1.78881,-0.75822,1.0305900000000001,0.25393
S;D;T;S;K,E;H;P;F;A,"121,186,116,238,253",1.28291,4.39699,-2.13229,,
S;D;R;S;N,E;H;A;T;K,"121,186,280,214,114",1.28179,1.07516,-1.33405,-0.25889000000000006,1.54068
S;H;T;M;Q,P;M;M;L;I,"245,104,29,262,182",1.28103,1.96403,-0.75822,1.20581,0.07521999999999984
T;K;D;S;K,E;L;L;T;A,"270,252,220,214,253",1.28097,4.53563,-2.13229,,
S;D;R;D;R,E;H;A;L;Q,"121,186,280,220,224",1.28076,2.15121,0.801101,2.952311,-1.671551
S;G;S;M;A,W;A;E;L;P,"58,165,136,262,152",1.28041,2.29813,1.82327,4.1213999999999995,-2.8409899999999997
S;D;R;T;S,E;H;A;L;V,"121,186,280,72,223",1.27985,1.88057,1.13695,3.01752,-1.7376700000000003
S;H;T;M;I,P;M;M;L;H,"245,104,29,262,168",1.27944,1.96403,-1.74709,0.2169399999999999,1.0625
T;K;D;S;I,E;L;L;T;L,"270,252,220,214,145",1.27938,4.53563,1.3052,5.84083,-4.561450000000001
T;T;N;N;K,L;M;K;K;V,"72,51,233,114,253",1.27923,3.42408,-1.77146,1.65262,-0.3733899999999999
T;T;N;N;S,V;M;K;K;Y,"198,51,233,114,242",1.27847,3.19949,1.18862,4.38811,-3.10964
A;M;L;N;T,M;L;F;Y;Q,"135,154,117,37,88",1.27614,2.34832,1.20927,3.5575900000000003,-2.2814500000000004
N;S;S;R;T,K;T;W;D;K,"233,214,58,90,88",1.27569,2.40164,1.28517,3.68681,-2.41112
T;T;N;N;A,V;M;K;K;V,"198,51,233,114,65",1.27568,3.19949,2.10232,5.30181,-4.02613
S;G;S;M;Q,W;A;E;L;V,"58,165,136,262,127",1.27549,2.29813,1.22374,3.52187,-2.24638
T;T;T;T;G,L;M;E;V;A,"72,51,270,198,243",1.27501,4.06726,1.45932,5.52658,-4.25157
D;L;N;S;S,L;F;K;Y;K,"220,117,233,269,58",1.27448,2.47846,1.14527,3.62373,-2.34925
S;D;T;E;Y,E;H;P;K;S,"121,186,116,231,63",1.27438,6.58675,-1.05409,5.53266,-4.25828
N;N;N;S;D,I;K;K;V;V,"114,205,233,269,186",1.27241,1.78881,1.78881,3.57762,-2.3052099999999998
N;N;N;S;L,I;K;K;V;F,"114,205,233,269,216",1.27169,1.78881,1.28942,3.07823,-1.80654
S;D;R;T;M,E;H;A;M;L,"121,186,280,51,262",1.27028,1.79222,-8.82803,,
N;S;S;R;R,K;T;W;D;Q,"233,214,58,90,224",1.26801,2.40164,0.801101,3.202741,-1.934731
S;H;T;S;R,P;M;M;W;N,"245,104,29,58,132",1.2679,1.79588,1.97104,3.76692,-2.49902
N;S;T;H;R,Y;Q;M;M;N,"37,188,29,104,90",1.26711,1.62133,-12.5581,,
T;T;T;S;G,L;M;E;F;L,"72,51,270,238,243",1.26572,4.13032,3.65866,7.7889800000000005,-6.5232600000000005
S;D;T;Q;K,E;H;P;L;A,"121,186,116,182,253",1.26482,4.19138,-2.13229,,
D;L;N;S;A,L;F;K;Y;M,"220,117,233,269,135",1.26468,2.47846,1.56282,4.04128,-2.7766
A;M;L;N;R,M;L;F;Y;P,"135,154,117,37,90",1.26366,2.34832,-15.0143,,
N;S;S;S;Q,Y;Q;E;P;V,"37,188,136,245,127",1.26337,1.84971,1.22374,3.0734500000000002,-1.8100800000000001
T;T;M;Q;Q,V;M;L;L;T,"198,51,262,182,91",1.26223,3.03477,1.27643,4.3111999999999995,-3.0489699999999997
S;D;R;S;S,E;H;A;T;K,"121,186,280,214,58",1.26198,1.07516,1.14527,2.22043,-0.9584499999999998
N;S;S;S;R,Y;Q;E;P;D,"37,188,136,245,90",1.26192,1.84971,-12.5337,,
S;D;R;S;Q,E;H;A;T;V,"121,186,280,214,127",1.26186,1.07516,1.22374,2.2988999999999997,-1.0370399999999997
T;T;M;Q;R,V;M;L;L;N,"198,51,262,182,90",1.2609,3.03477,-12.5581,,
T;T;M;R;I,V;M;L;D;V,"198,51,262,90,200",1.26061,2.75602,1.28856,4.04458,-2.78397
S;H;T;M;L,P;M;M;L;F,"245,104,29,262,216",1.25974,1.96403,1.28942,3.25345,-1.9937099999999999
N;N;N;S;Q,I;K;K;V;A,"114,205,233,269,127",1.25757,1.78881,0.543456,2.332266,-1.074696
N;N;N;S;T,I;K;K;V;D,"114,205,233,269,88",1.25638,1.78881,1.98481,3.77362,-2.51724
S;G;S;M;L,W;A;E;L;W,"58,165,136,262,216",1.25524,2.29813,1.37086,3.66899,-2.4137500000000003
S;D;R;A;S,E;H;A;E;T,"121,186,280,152,214",1.25466,1.40875,-0.325958,1.082792,0.17186800000000013
S;I;E;N;G,Q;R;K;K;A,"188,168,231,114,243",1.25434,4.79974,1.45932,6.25906,-5.00472
T;R;S;S;A,L;K;Y;T;N,"72,53,269,214,226",1.25283,2.10066,1.44085,3.5415099999999997,-2.2886799999999994
S;D;R;T;N,E;H;A;L;I,"121,186,280,72,37",1.2521,1.88057,1.86168,3.7422500000000003,-2.4901500000000003
S;D;S;N;S,E;H;Y;K;T,"121,186,238,114,124",1.25103,2.83208,2.0551,4.88718,-3.6361499999999998
S;D;S;N;R,E;H;Y;K;A,"121,186,238,114,90",1.25066,2.83208,-6.05749,,
A;M;G;Q;F,M;L;A;M;M,"135,154,165,127,191",1.24973,3.19369,0.285492,3.479182,-2.229452
S;D;R;T;T,E;H;A;L;E,"121,186,280,72,270",1.24932,1.88057,3.52614,5.40671,-4.15739
S;H;T;S;Q,P;M;M;W;V,"245,104,29,58,127",1.24799,1.79588,1.22374,3.0196199999999997,-1.7716299999999998
S;I;E;Q;R,Q;R;K;L;P,"188,168,231,182,280",1.2471,5.154,1.29097,6.44497,-5.19787
S;D;R;E;T,E;H;A;K;E,"121,186,280,231,270",1.2459,1.88215,3.52614,5.40829,-4.16239
S;T;N;D;N,M;V;K;L;L,"238,198,114,220,138",1.24551,4.37095,1.20357,5.57452,-4.32901
S;D;R;T;M,E;H;A;Y;L,"121,186,280,189,262",1.2446,1.59074,-8.82803,,
S;T;R;S;S,A;V;A;T;V,"124,198,280,214,58",1.24451,2.1529,1.64103,3.7939299999999996,-2.5494199999999996
S;D;R;Q;R,E;H;A;M;L,"121,186,280,127,53",1.24284,1.52251,1.57881,3.1013200000000003,-1.8584800000000004
S;D;R;A;M,E;H;A;E;L,"121,186,280,152,262",1.24261,1.40875,-8.82803,,
S;D;R;T;S,E;H;A;M;W,"121,186,280,51,58",1.24218,1.79222,1.17243,2.96465,-1.7224699999999997
S;I;E;N;C,Q;R;K;K;L,"188,168,231,114,289",1.24137,4.79974,1.40303,6.20277,-4.9614
T;T;N;N;F,L;M;K;K;E,"72,51,233,114,271",1.24077,3.42408,2.659,6.08308,-4.8423099999999994
S;G;S;M;Q,W;A;E;L;I,"58,165,136,262,127",1.24039,2.29813,2.10731,4.4054400000000005,-3.1650500000000004
S;H;T;M;T,P;M;M;L;Q,"245,104,29,262,88",1.24037,1.96403,1.20927,3.1733000000000002,-1.9329300000000003
S;D;T;S;R,E;H;P;F;T,"121,186,116,238,90",1.23913,4.39699,-6.75769,,
N;S;S;S;H,Y;Q;E;P;T,"37,188,136,245,104",1.23707,1.84971,1.64185,3.4915599999999998,-2.2544899999999997
T;T;N;N;K,L;M;K;K;L,"72,51,233,114,253",1.23653,3.42408,-1.0623,2.36178,-1.12525
S;T;I;T;A,A;Y;R;E;L,"124,189,168,270,65",1.23595,5.05558,1.28107,6.33665,-5.1007
A;M;L;N;S,M;L;F;Y;E,"135,154,117,37,115",1.23566,2.34832,1.69898,4.0473,-2.8116399999999997
S;T;I;D;L,A;Y;R;L;D,"124,189,168,220,249",1.23532,5.25397,1.3351,6.5890699999999995,-5.35375
S;D;R;T;S,E;H;A;L;N,"121,186,280,72,124",1.23509,1.88057,4.11541,5.995979999999999,-4.76089
S;D;R;T;S,E;H;A;Y;E,"121,186,280,189,207",1.23322,1.59074,1.39808,2.98882,-1.7556
S;D;S;N;S,E;H;Y;K;Y,"121,186,238,114,269",1.23216,2.83208,-0.731655,2.100425,-0.8682650000000001
S;D;R;E;Q,E;H;A;K;I,"121,186,280,231,127",1.23117,1.88215,2.10731,3.9894600000000002,-2.75829
A;M;L;N;R,M;L;F;Y;S,"135,154,117,37,90",1.23035,2.34832,-6.17954,,
S;T;I;N;Q,A;Y;R;K;I,"124,189,168,114,127",1.22954,4.66467,2.10731,6.77198,-5.54244
S;D;R;T;I,E;H;A;M;L,"121,186,280,51,111",1.22938,1.79222,1.56098,3.3532,-2.1238200000000003
S;D;R;T;A,E;H;A;Y;M,"121,186,280,189,135",1.22855,1.59074,1.56282,3.15356,-1.92501
S;D;T;Q;G,E;H;P;L;A,"121,186,116,182,243",1.22794,4.19138,1.45932,5.6507,-4.422759999999999
S;D;R;L;H,E;H;A;M;M,"121,186,280,216,104",1.2269,0.746184,1.29417,2.040354,-0.8134539999999997
S;D;R;T;D,E;H;A;M;Q,"121,186,280,51,220",1.22514,1.79222,2.86794,4.660159999999999,-3.4350199999999997
S;D;R;T;Q,E;H;A;M;Y,"121,186,280,51,119",1.22357,1.79222,-4.54044,,
T;T;T;S;Q,L;M;E;F;W,"72,51,270,238,133",1.22265,4.13032,1.99371,6.12403,-4.9013800000000005
T;T;M;R;N,V;M;L;D;K,"198,51,262,90,138",1.22259,2.75602,1.2829,4.03892,-2.81633
S;D;R;T;A,E;H;A;M;W,"121,186,280,51,65",1.22125,1.79222,1.13227,2.92449,-1.70324
S;H;T;M;L,P;M;M;L;W,"245,104,29,262,216",1.22077,1.96403,1.37086,3.3348899999999997,-2.1141199999999998
S;T;I;N;Q,A;Y;R;K;T,"124,189,168,114,127",1.21924,4.66467,0.705474,5.370144,-4.150904
S;D;R;T;S,E;H;A;Y;N,"121,186,280,189,124",1.21866,1.59074,4.11541,5.70615,-4.48749
A;M;G;Q;L,M;L;A;M;I,"135,154,165,127,216",1.21777,3.19369,1.43258,4.62627,-3.4085
T;T;N;N;Q,V;M;K;K;T,"198,51,233,114,127",1.21668,3.19949,0.705474,3.904964,-2.6882840000000003
N;S;S;S;A,Y;Q;E;P;D,"37,188,136,245,226",1.21666,1.84971,-6.56873,,
N;S;S;R;N,K;T;W;D;H,"233,214,58,90,205",1.21651,2.40164,0.934161,3.335801,-2.119291
N;S;T;H;D,Y;Q;M;M;N,"37,188,29,104,186",1.21522,1.62133,0.0141159,1.6354459,-0.42022589999999993
A;M;R;G;I,M;L;N;A;V,"135,154,90,165,200",1.21461,2.37909,1.28856,3.66765,-2.45304
S;D;R;T;Q,E;H;A;L;L,"121,186,280,72,182",1.21256,1.88057,-1.69976,0.18081000000000014,1.03175
S;D;T;S;R,E;H;P;F;P,"121,186,116,238,280",1.21167,4.39699,1.29097,5.6879599999999995,-4.47629
T;T;N;N;R,V;M;K;K;P,"198,51,233,114,280",1.21076,3.19949,1.29097,4.49046,-3.2796999999999996
S;T;R;S;Q,A;V;A;T;T,"124,198,280,214,91",1.2094,2.1529,1.27643,3.4293299999999998,-2.2199299999999997
S;D;R;E;C,E;H;A;K;A,"121,186,280,231,289",1.20795,1.88215,-0.0850688,1.7970812,-0.5891312
T;T;T;S;K,L;M;E;F;V,"72,51,270,238,253",1.2076,4.13032,-1.77146,2.35886,-1.15126
S;G;S;M;S,W;A;E;L;Y,"58,165,136,262,269",1.20558,2.29813,-0.731655,1.566475,-0.36089499999999997
S;D;R;S;S,E;H;A;T;N,"121,186,280,214,124",1.2048,1.07516,4.11541,5.190569999999999,-3.985769999999999
N;S;S;R;A,K;T;W;D;M,"233,214,58,90,135",1.20437,2.40164,1.56282,3.96446,-2.76009
S;T;I;T;S,A;Y;R;E;N,"124,189,168,270,103",1.20394,5.05558,1.48912,6.5447,-5.3407599999999995
S;D;R;D;N,E;H;A;L;T,"121,186,280,220,190",1.20264,2.15121,1.14081,3.29202,-2.0893800000000002
S;T;I;T;Q,A;Y;R;E;E,"124,189,168,270,133",1.20262,5.05558,2.09284,7.14842,-5.9458
S;D;R;A;S,E;H;A;E;A,"121,186,280,152,124",1.20239,1.40875,2.14285,3.5516,-2.3492100000000002
S;H;T;S;T,P;M;M;W;Q,"245,104,29,58,88",1.20073,1.79588,1.20927,3.00515,-1.80442
A;M;L;N;L,M;L;F;Y;F,"135,154,117,37,216",1.2005,2.34832,1.28942,3.63774,-2.43724
T;R;S;S;T,L;K;Y;T;K,"72,53,269,214,88",1.20001,2.10066,1.28517,3.38583,-2.1858199999999997
S;D;R;T;S,E;H;A;Y;F,"121,186,280,189,238",1.19998,1.59074,-0.85124,0.7395,0.46048
T;T;T;S;K,L;M;E;F;F,"72,51,270,238,253",1.19979,4.13032,-2.7494,,
T;R;S;S;T,L;K;Y;T;Q,"72,53,269,214,88",1.198,2.10066,1.20927,3.30993,-2.11193
S;T;I;T;S,A;Y;R;E;Y,"124,189,168,270,269",1.19784,5.05558,-0.731655,4.323925,-3.126085
S;T;I;N;L,A;Y;R;K;F,"124,189,168,114,216",1.19316,4.66467,1.28942,5.95409,-4.76093
N;S;S;R;I,K;T;W;D;L,"233,214,58,90,111",1.19136,2.40164,1.56098,3.9626200000000003,-2.7712600000000003
S;D;R;L;S,E;H;A;M;E,"121,186,280,216,136",1.19119,0.746184,0.298574,1.0447579999999999,0.14643200000000012
T;K;D;S;S,E;L;L;T;P,"270,252,220,214,125",1.18687,4.53563,1.21417,5.7498000000000005,-4.562930000000001
S;D;S;N;S,E;H;Y;K;Y,"121,186,238,114,242",1.18594,2.83208,1.18862,4.0207,-2.8347599999999997
D;L;N;S;S,L;F;K;Y;T,"220,117,233,269,121",1.18573,2.47846,1.3121,3.79056,-2.60483
N;S;T;H;R,Y;Q;M;M;N,"37,188,29,104,132",1.18529,1.62133,1.97104,3.59237,-2.4070799999999997
S;T;N;D;Q,M;V;K;L;N,"238,198,114,220,127",1.18452,4.37095,2.35273,6.72368,-5.53916
T;K;D;S;L,E;L;L;T;C,"270,252,220,214,249",1.18443,4.53563,1.14374,5.6793700000000005,-4.494940000000001
S;D;R;D;S,E;H;A;L;H,"121,186,280,220,187",1.1844,2.15121,-0.139832,2.0113779999999997,-0.8269779999999998
S;D;R;D;A,E;H;A;L;M,"121,186,280,220,65",1.18357,2.15121,1.26675,3.41796,-2.23439
S;I;E;Q;R,Q;R;K;L;V,"188,168,231,182,34",1.18232,5.154,3.28169,8.435690000000001,-7.253370000000001
S;H;T;S;N,P;M;M;W;H,"245,104,29,58,205",1.18215,1.79588,0.934161,2.730041,-1.547891
S;H;T;M;T,P;M;M;L;N,"245,104,29,262,88",1.18199,1.96403,1.16002,3.12405,-1.94206
T;T;N;N;L,V;M;K;K;I,"198,51,233,114,216",1.18178,3.19949,1.43258,4.63207,-3.45029
S;D;R;E;Q,E;H;A;K;W,"121,186,280,231,133",1.18167,1.88215,1.99371,3.8758600000000003,-2.6941900000000003
A;M;G;Q;N,M;L;A;M;K,"135,154,165,127,138",1.17956,3.19369,1.2829,4.47659,-3.29703
T;T;M;Q;T,V;M;L;L;M,"198,51,262,182,29",1.17892,3.03477,-6.9328,,
S;D;S;N;H,E;H;Y;K;T,"121,186,238,114,104",1.17862,2.83208,1.64185,4.47393,-3.29531
A;M;G;N;Q,M;L;A;K;I,"135,154,165,233,127",1.17763,2.61474,2.10731,4.722049999999999,-3.5444199999999997
N;S;S;S;A,Y;Q;E;P;P,"37,188,136,245,152",1.17698,1.84971,1.82327,3.67298,-2.496
T;T;N;N;N,L;M;K;K;K,"72,51,233,114,138",1.17471,3.42408,1.2829,4.70698,-3.5322699999999996
T;T;M;Q;F,V;M;L;L;E,"198,51,262,182,271",1.17447,3.03477,2.659,5.69377,-4.519299999999999
T;T;M;Q;R,V;M;L;L;S,"198,51,262,182,90",1.17404,3.03477,-6.17954,,
D;L;N;S;S,L;F;K;Y;V,"220,117,233,269,58",1.17096,2.47846,1.64103,4.11949,-2.94853
E;Q;T;Q;A,K;L;L;L;L,"231,182,72,127,272",1.17077,7.66695,-2.073,,
T;T;T;S;L,L;M;E;F;I,"72,51,270,238,216",1.16833,4.13032,1.43258,5.5629,-4.39457
N;S;S;S;R,Y;Q;E;P;N,"37,188,136,245,132",1.16769,1.84971,1.97104,3.82075,-2.65306
N;S;S;R;D,K;T;W;D;V,"233,214,58,90,186",1.16663,2.40164,1.78881,4.19045,-3.02382
S;D;R;Q;N,E;H;A;M;H,"121,186,280,127,205",1.1664,1.52251,0.934161,2.456671,-1.290271
N;N;N;S;I,I;K;K;V;L,"114,205,233,269,111",1.16208,1.78881,1.56098,3.34979,-2.18771
T;T;N;N;A,L;M;K;K;T,"72,51,233,114,180",1.15992,3.42408,1.57849,5.00257,-3.8426500000000003
S;D;R;Q;S,E;H;A;M;Y,"121,186,280,127,269",1.15882,1.52251,-0.731655,0.790855,0.367965
S;G;S;M;N,W;A;E;L;T,"58,165,136,262,190",1.15809,2.29813,1.14081,3.43894,-2.28085
S;D;R;D;Q,E;H;A;L;A,"121,186,280,220,127",1.15544,2.15121,0.543456,2.694666,-1.5392259999999998
T;R;S;S;D,L;K;Y;T;N,"72,53,269,214,186",1.15502,2.10066,0.0141159,2.1147759,-0.9597559000000002
N;S;T;H;T,Y;Q;M;M;Q,"37,188,29,104,88",1.15378,1.62133,1.20927,2.8306,-1.67682
N;S;S;R;N,K;T;W;D;T,"233,214,58,90,190",1.1534,2.40164,1.14081,3.54245,-2.38905
T;T;N;N;N,V;M;K;K;K,"198,51,233,114,138",1.15208,3.19949,1.2829,4.48239,-3.33031
T;T;M;Q;S,V;M;L;L;Y,"198,51,262,182,242",1.15036,3.03477,1.18862,4.22339,-3.07303
N;S;S;S;I,Y;Q;E;P;L,"37,188,136,245,145",1.15006,1.84971,1.3052,3.15491,-2.0048500000000002
S;D;R;S;F,E;H;A;T;W,"121,186,280,214,271",1.14965,1.07516,1.88634,2.9615,-1.81185
T;T;M;R;F,V;M;L;D;E,"198,51,262,90,271",1.14873,2.75602,2.659,5.41502,-4.26629
Q;K;E;Q;G,L;L;K;L;P,"127,252,231,182,243",1.14855,8.0785,1.73112,9.80962,-8.66107
T;R;S;S;M,L;K;Y;T;L,"72,53,269,214,262",1.1478,2.10066,-8.82803,,
S;T;I;N;S,A;Y;R;K;V,"124,189,168,114,58",1.14557,4.66467,1.64103,6.3057,-5.16013
N;S;T;H;L,Y;Q;M;M;M,"37,188,29,104,216",1.14504,1.62133,1.46945,3.0907799999999996,-1.9457399999999996
S;H;T;S;Q,P;M;M;W;A,"245,104,29,58,127",1.14381,1.79588,0.543456,2.339336,-1.1955259999999999
S;T;I;D;L,A;Y;R;L;M,"124,189,168,220,216",1.14368,5.25397,1.46945,6.72342,-5.57974
S;H;T;S;I,P;M;M;W;H,"245,104,29,58,168",1.14143,1.79588,-1.74709,0.04878999999999989,1.09264
T;T;T;T;Q,L;M;E;V;N,"72,51,270,198,127",1.1408,4.06726,2.35273,6.41999,-5.27919
N;S;T;H;M,Y;Q;M;M;L,"37,188,29,104,154",1.13961,1.62133,1.39475,3.0160799999999997,-1.8764699999999996
T;T;M;Q;L,V;M;L;L;I,"198,51,262,182,216",1.13777,3.03477,1.43258,4.46735,-3.32958
S;D;R;A;N,E;H;A;L;K,"121,186,280,65,114",1.13726,1.50316,-1.33405,0.1691100000000001,0.9681499999999998
S;D;R;Q;S,E;H;A;M;Q,"121,186,280,127,188",1.13457,1.52251,-1.43683,0.08567999999999998,1.04889
T;K;D;S;S,E;L;L;T;N,"270,252,220,214,103",1.13444,4.53563,1.48912,6.02475,-4.89031
S;T;R;S;R,A;V;A;T;T,"124,198,280,214,90",1.1344,2.1529,-6.75769,,
S;H;T;M;R,P;M;M;L;P,"245,104,29,262,90",1.13362,1.96403,-15.0143,,
T;T;N;N;Q,L;M;K;K;W,"72,51,233,114,133",1.13351,3.42408,1.99371,5.41779,-4.28428
S;T;R;S;K,A;V;A;T;L,"124,198,280,214,253",1.13346,2.1529,-1.0623,1.0905999999999998,0.04286000000000012
S;D;R;T;T,E;H;A;M;V,"121,186,280,51,72",1.13329,1.79222,1.22066,3.01288,-1.87959
A;M;G;Q;Q,M;L;A;M;T,"135,154,165,127,91",1.13318,3.19369,1.27643,4.47012,-3.3369399999999994
S;D;T;K;V,E;H;P;L;D,"121,186,116,252,57",1.13254,4.99838,1.23826,6.2366399999999995,-5.104099999999999
S;T;I;T;I,A;Y;R;E;L,"124,189,168,270,145",1.13226,5.05558,1.3052,6.36078,-5.22852
S;I;E;N;N,Q;R;K;K;H,"188,168,231,114,205",1.13186,4.79974,0.934161,5.7339009999999995,-4.602041
S;D;R;T;H,E;H;A;Y;L,"121,186,280,189,104",1.13074,1.59074,1.59008,3.1808199999999998,-2.0500799999999995
S;T;R;S;Q,A;V;A;T;E,"124,198,280,214,133",1.12616,2.1529,2.09284,4.24574,-3.1195799999999996
T;T;N;N;G,V;M;K;K;K,"198,51,233,114,243",1.12483,3.19949,3.0581,6.25759,-5.13276
N;S;S;S;L,Y;Q;E;P;F,"37,188,136,245,216",1.1212,1.84971,1.28942,3.1391299999999998,-2.01793
T;T;N;N;L,V;M;K;K;E,"198,51,233,114,216",1.12033,3.19949,1.31255,4.51204,-3.39171
S;D;R;Q;M,E;H;A;M;L,"121,186,280,127,154",1.12025,1.52251,1.39475,2.9172599999999997,-1.7970099999999998
N;S;S;R;F,K;T;W;D;M,"233,214,58,90,191",1.12014,2.40164,0.285492,2.687132,-1.5669920000000002
S;D;T;Q;C,E;H;P;L;S,"121,186,116,182,289",1.12013,4.19138,-1.16436,3.0270199999999994,-1.9068899999999993
T;T;N;N;K,V;M;K;K;F,"198,51,233,114,253",1.11886,3.19949,-2.7494,,
S;I;E;N;L,Q;R;K;K;D,"188,168,231,114,249",1.11827,4.79974,1.3351,6.13484,-5.01657
S;I;E;Q;D,Q;R;K;L;N,"188,168,231,182,186",1.11815,5.154,0.0141159,5.1681159,-4.0499659
S;T;R;S;L,A;V;A;T;Q,"124,198,280,214,216",1.11777,2.1529,1.66917,3.82207,-2.7043
S;D;T;Q;Q,E;H;P;L;W,"121,186,116,182,133",1.11553,4.19138,1.99371,6.18509,-5.06956
S;D;R;T;F,E;H;A;L;M,"121,186,280,72,271",1.11536,1.88057,2.15661,4.03718,-2.9218200000000003
S;D;R;S;L,E;H;A;T;Q,"121,186,280,214,216",1.11498,1.07516,1.66917,2.7443299999999997,-1.6293499999999996
S;D;S;N;I,E;H;Y;K;V,"121,186,238,114,200",1.1137,2.83208,1.28856,4.12064,-3.00694
S;T;I;N;K,A;Y;R;K;F,"124,189,168,114,253",1.11314,4.66467,-2.7494,,
T;T;N;N;Q,V;M;K;K;W,"198,51,233,114,133",1.11232,3.19949,1.99371,5.1932,-4.0808800000000005
S;D;R;T;N,E;H;A;Y;Y,"121,186,280,189,37",1.10906,1.59074,0.685741,2.276481,-1.167421
S;D;R;E;L,E;H;A;K;K,"121,186,280,231,249",1.10836,1.88215,1.9138,3.79595,-2.68759
S;H;T;M;R,P;M;M;L;L,"245,104,29,262,53",1.10774,1.96403,1.57881,3.54284,-2.4351000000000003
S;T;I;T;L,A;Y;R;E;K,"124,189,168,270,249",1.10668,5.05558,1.9138,6.96938,-5.8627
S;T;R;S;L,A;V;A;T;W,"124,198,280,214,216",1.10661,2.1529,1.37086,3.52376,-2.4171499999999995
T;T;M;Q;I,V;M;L;L;V,"198,51,262,182,200",1.1058,3.03477,1.28856,4.32333,-3.2175300000000004
T;R;S;S;A,L;K;Y;T;L,"72,53,269,214,65",1.10523,2.10066,1.28107,3.38173,-2.2765000000000004
N;S;T;H;Q,Y;Q;M;M;I,"37,188,29,104,182",1.10515,1.62133,-0.75822,0.8631099999999999,0.24204000000000014
A;M;G;Q;S,M;L;A;M;Y,"135,154,165,127,242",1.10373,3.19369,1.18862,4.38231,-3.2785800000000003
D;L;N;Q;L,L;F;K;M;K,"220,117,233,127,249",1.09977,3.80149,1.9138,5.7152899999999995,-4.61552
S;D;R;T;R,E;H;A;L;Q,"121,186,280,72,224",1.09895,1.88057,0.801101,2.681671,-1.582721
T;T;T;S;I,L;M;E;F;L,"72,51,270,238,145",1.0971,4.13032,1.3052,5.43552,-4.33842
S;D;R;L;G,E;H;A;M;A,"121,186,280,216,165",1.09689,0.746184,-4.58782,,
T;T;N;N;R,L;M;K;K;A,"72,51,233,114,90",1.09683,3.42408,-6.05749,,
S;D;R;T;N,E;H;A;Y;H,"121,186,280,189,205",1.09679,1.59074,0.934161,2.524901,-1.428111
A;M;L;N;N,M;L;F;Y;T,"135,154,117,37,190",1.09572,2.34832,1.14081,3.4891300000000003,-2.3934100000000003
E;Q;Q;D;L,K;L;L;L;D,"231,182,127,220,249",1.09533,7.84419,1.3351,9.17929,-8.08396
S;T;I;N;S,A;Y;R;K;Y,"124,189,168,114,269",1.09499,4.66467,-0.731655,3.933015,-2.838025
A;M;L;N;S,M;L;F;Y;P,"135,154,117,37,188",1.09461,2.34832,-0.195825,2.152495,-1.057885
T;T;N;N;Q,V;M;K;K;T,"198,51,233,114,91",1.09429,3.19949,1.27643,4.47592,-3.3816300000000004
S;T;I;T;K,A;Y;R;E;F,"124,189,168,270,253",1.09395,5.05558,-2.7494,,
S;D;R;D;F,E;H;A;L;W,"121,186,280,220,271",1.09387,2.15121,1.88634,4.0375499999999995,-2.9436799999999996
T;S;S;T;L,P;N;P;E;D,"116,238,290,270,249",1.09377,5.17498,1.3351,6.510079999999999,-5.416309999999999
S;H;T;S;T,P;M;M;W;N,"245,104,29,58,88",1.09336,1.79588,1.16002,2.9558999999999997,-1.8625399999999996
T;T;T;S;A,L;M;E;F;T,"72,51,270,238,180",1.09068,4.13032,1.57849,5.70881,-4.61813
N;S;S;R;A,K;T;W;D;F,"233,214,58,90,65",1.089,2.40164,1.18512,3.58676,-2.49776
S;D;R;S;I,E;H;A;T;L,"121,186,280,214,111",1.08816,1.07516,1.56098,2.63614,-1.5479800000000001
S;T;I;D;Q,A;Y;R;L;D,"124,189,168,220,127",1.08811,5.25397,1.96342,7.21739,-6.12928
N;S;T;H;T,Y;Q;M;M;K,"37,188,29,104,88",1.08805,1.62133,1.28517,2.9065,-1.81845
N;N;N;S;Q,I;K;K;V;V,"114,205,233,269,182",1.08715,1.78881,-2.18418,,
T;T;M;Q;R,V;M;L;L;V,"198,51,262,182,34",1.08542,3.03477,3.28169,6.31646,-5.23104
A;M;G;N;S,M;L;A;K;Y,"135,154,165,233,269",1.08529,2.61474,-0.731655,1.883085,-0.7977949999999998
Q;K;E;Q;Y,L;L;K;L;G,"127,252,231,182,63",1.08512,8.0785,-1.32041,6.75809,-5.67297
D;L;N;Q;G,L;F;K;M;S,"220,117,233,127,243",1.08324,3.80149,1.55439,5.35588,-4.27264
N;S;S;R;L,K;T;W;D;M,"233,214,58,90,216",1.08312,2.40164,1.46945,3.8710899999999997,-2.7879699999999996
A;M;L;N;R,M;L;F;Y;L,"135,154,117,37,53",1.08278,2.34832,1.57881,3.92713,-2.84435
T;T;N;N;G,V;M;K;K;T,"198,51,233,114,254",1.08221,3.19949,-4.84766,,
T;T;M;R;S,V;M;L;D;T,"198,51,262,90,124",1.08212,2.75602,2.0551,4.81112,-3.729
T;R;S;S;Q,L;K;Y;T;K,"72,53,269,214,127",1.08204,2.10066,2.01179,4.11245,-3.03041
S;I;E;S;R,Q;R;K;E;A,"188,168,231,136,90",1.08112,5.68401,-6.05749,,
S;H;T;M;Q,P;M;M;L;E,"245,104,29,262,133",1.08077,1.96403,2.09284,4.05687,-2.9760999999999997
A;M;G;Q;R,M;L;A;M;V,"135,154,165,127,34",1.08038,3.19369,3.28169,6.47538,-5.3950000000000005
S;H;T;M;I,P;M;M;L;R,"245,104,29,262,168",1.07932,1.96403,-14.7567,,
S;D;R;Q;R,E;H;A;M;P,"121,186,280,127,90",1.07866,1.52251,-15.0143,,
S;T;R;S;Q,A;V;A;T;W,"124,198,280,214,133",1.07705,2.1529,1.99371,4.14661,-3.06956
S;D;R;L;S,E;H;A;M;A,"121,186,280,216,124",1.07635,0.746184,2.14285,2.889034,-1.8126840000000002
S;T;I;T;T,A;Y;R;E;Q,"124,189,168,270,88",1.07593,5.05558,1.20927,6.26485,-5.1889199999999995
S;D;R;L;Q,E;H;A;M;L,"121,186,280,216,182",1.07501,0.746184,-1.69976,-0.953576,2.028586
S;D;R;D;N,E;H;A;L;I,"121,186,280,220,37",1.07438,2.15121,1.86168,4.01289,-2.93851
A;M;L;N;I,M;L;F;Y;R,"135,154,117,37,168",1.07346,2.34832,-14.7567,,
T;T;N;N;R,V;M;K;K;T,"198,51,233,114,90",1.07339,3.19949,-6.75769,,
S;T;I;N;T,A;Y;R;K;D,"124,189,168,114,88",1.07277,4.66467,1.98481,6.6494800000000005,-5.57671
T;T;T;T;S,L;M;E;V;H,"72,51,270,198,214",1.07277,4.06726,-2.16722,,
N;S;S;S;Q,Y;Q;E;P;V,"37,188,136,245,182",1.07103,1.84971,-2.18418,,
A;M;G;Q;A,M;L;A;M;V,"135,154,165,127,65",1.07022,3.19369,2.10232,5.296010000000001,-4.225790000000001
N;S;S;S;I,Y;Q;E;P;H,"37,188,136,245,168",1.06774,1.84971,-1.74709,0.10261999999999993,0.96512
S;D;R;A;S,E;H;A;E;H,"121,186,280,152,187",1.06666,1.40875,-0.139832,1.268918,-0.20225800000000005
S;D;R;T;K,E;H;A;M;L,"121,186,280,51,252",1.06577,1.79222,1.24366,3.0358799999999997,-1.9701099999999996
N;S;S;R;L,K;T;W;D;W,"233,214,58,90,216",1.06486,2.40164,1.37086,3.7725,-2.70764
S;T;I;T;N,A;Y;R;E;T,"124,189,168,270,190",1.0635,5.05558,1.14081,6.19639,-5.13289
D;L;N;Q;S,L;F;K;M;T,"220,117,233,127,124",1.06328,3.80149,2.0551,5.85659,-4.79331
S;H;T;M;K,P;M;M;L;Y,"245,104,29,262,253",1.06293,1.96403,-2.49422,,
S;D;R;L;S,E;H;A;M;N,"121,186,280,216,124",1.06215,0.746184,4.11541,4.861594,-3.7994440000000003
D;L;N;Q;Q,L;F;K;M;N,"220,117,233,127,133",1.0609,3.80149,1.21979,5.02128,-3.96038
S;D;S;N;Q,E;H;Y;K;N,"121,186,238,114,127",1.05914,2.83208,2.35273,5.184810000000001,-4.12567
T;T;M;Q;I,V;M;L;L;H,"198,51,262,182,168",1.0581,3.03477,-1.74709,1.28768,-0.2295799999999999
S;D;T;Q;M,E;H;P;L;H,"121,186,116,182,161",1.05729,4.19138,0.29128,4.482659999999999,-3.425369999999999
E;Q;T;Q;Y,K;L;L;L;G,"231,182,72,127,63",1.05697,7.66695,-1.32041,6.34654,-5.28957
S;T;I;D;R,A;Y;R;L;T,"124,189,168,220,90",1.05595,5.25397,-6.75769,,
N;N;N;S;A,I;K;K;V;N,"114,205,233,269,226",1.05467,1.78881,1.44085,3.22966,-2.17499
N;S;S;S;Q,Y;Q;E;P;A,"37,188,136,245,127",1.05449,1.84971,0.543456,2.393166,-1.338676
S;D;R;S;S,E;H;A;T;H,"121,186,280,214,187",1.05409,1.07516,-0.139832,0.9353279999999999,0.11876200000000003
S;T;I;N;R,A;Y;R;K;P,"124,189,168,114,90",1.05363,4.66467,-15.0143,,
S;H;T;S;A,P;M;M;W;N,"245,104,29,58,226",1.053,1.79588,1.44085,3.2367299999999997,-2.1837299999999997
T;T;T;S;Q,L;M;E;F;K,"72,51,270,238,127",1.05279,4.13032,2.01179,6.142110000000001,-5.089320000000001
S;D;T;Q;Q,E;H;P;L;T,"121,186,116,182,127",1.05126,4.19138,0.705474,4.896853999999999,-3.8455939999999993
S;I;E;S;R,Q;R;K;E;L,"188,168,231,136,53",1.05079,5.68401,1.57881,7.26282,-6.2120299999999995
S;D;R;S;S,E;H;A;T;E,"121,186,280,214,115",1.0489,1.07516,1.69898,2.77414,-1.72524
S;D;R;S;Q,E;H;A;T;V,"121,186,280,214,182",1.04761,1.07516,-2.18418,,
T;T;T;T;V,L;M;E;V;D,"72,51,270,198,57",1.04731,4.06726,1.23826,5.30552,-4.25821
S;D;R;T;N,E;H;A;M;Y,"121,186,280,51,37",1.04586,1.79222,0.685741,2.477961,-1.432101
S;D;R;A;S,E;H;A;E;D,"121,186,280,152,58",1.04546,1.40875,1.87848,3.28723,-2.24177
S;I;E;Q;G,Q;R;K;L;L,"188,168,231,182,243",1.0448,5.154,3.65866,8.81266,-7.767859999999999
N;S;T;H;F,Y;Q;M;M;M,"37,188,29,104,271",1.04422,1.62133,2.15661,3.77794,-2.73372
S;H;T;S;Q,P;M;M;W;I,"245,104,29,58,127",1.04157,1.79588,2.10731,3.90319,-2.86162
S;T;I;T;R,A;Y;R;E;P,"124,189,168,270,90",1.04151,5.05558,-15.0143,,
S;T;R;S;Q,A;V;A;T;N,"124,198,280,214,127",1.04107,2.1529,2.35273,4.50563,-3.46456
N;N;N;S;S,I;K;K;V;V,"114,205,233,269,58",1.04093,1.78881,1.64103,3.42984,-2.38891
N;S;S;S;L,Y;Q;E;P;W,"37,188,136,245,216",1.0398,1.84971,1.37086,3.22057,-2.18077
S;H;T;M;I,P;M;M;L;L,"245,104,29,262,145",1.03897,1.96403,1.3052,3.26923,-2.23026
T;T;N;N;S,V;M;K;K;T,"198,51,233,114,124",1.03861,3.19949,2.0551,5.25459,-4.21598
N;N;N;S;R,I;K;K;V;N,"114,205,233,269,132",1.03629,1.78881,1.97104,3.75985,-2.72356
S;T;R;S;I,A;V;A;T;V,"124,198,280,214,200",1.0344,2.1529,1.28856,3.4414599999999997,-2.4070599999999995
N;S;T;H;R,Y;Q;M;M;S,"37,188,29,104,90",1.03197,1.62133,-6.17954,,
A;M;G;Q;A,M;L;A;M;T,"135,154,165,127,180",1.02971,3.19369,1.57849,4.7721800000000005,-3.742470000000001
S;D;R;D;I,E;H;A;L;H,"121,186,280,220,168",1.02915,2.15121,-1.74709,0.4041199999999998,0.6250300000000002
D;L;N;S;R,L;F;K;Y;Q,"220,117,233,269,224",1.02834,2.47846,0.801101,3.279561,-2.251221
S;T;N;D;V,M;V;K;L;D,"238,198,114,220,57",1.02795,4.37095,1.23826,5.609209999999999,-4.581259999999999
S;D;S;N;I,E;H;Y;K;R,"121,186,238,114,168",1.02632,2.83208,-14.7567,,
T;T;T;S;G,L;M;E;F;K,"72,51,270,238,243",1.02616,4.13032,3.0581,7.188420000000001,-6.162260000000001
T;T;T;S;A,L;M;E;F;V,"72,51,270,238,65",1.02532,4.13032,2.10232,6.23264,-5.20732
S;D;R;T;H,E;H;A;Y;T,"121,186,280,189,104",1.02489,1.59074,1.64185,3.23259,-2.2077
S;D;R;T;T,E;H;A;M;M,"121,186,280,51,29",1.02384,1.79222,-6.9328,,
S;D;R;T;D,E;H;A;L;Q,"121,186,280,72,220",1.02069,1.88057,2.86794,4.74851,-3.7278199999999995
S;D;R;T;T,E;H;A;Y;K,"121,186,280,189,88",1.01982,1.59074,1.28517,2.87591,-1.8560900000000002
T;T;T;S;C,L;M;E;F;A,"72,51,270,238,289",1.01974,4.13032,-0.0850688,4.0452512,-3.0255112
S;D;S;N;A,E;H;Y;K;V,"121,186,238,114,65",1.01938,2.83208,2.10232,4.9344,-3.91502
S;D;R;Q;H,E;H;A;M;L,"121,186,280,127,104",1.01498,1.52251,1.59008,3.11259,-2.09761
S;D;T;Q;I,E;H;P;L;R,"121,186,116,182,168",1.01345,4.19138,-14.7567,,
A;M;R;G;Q,M;L;N;A;I,"135,154,90,165,127",1.01244,2.37909,2.10731,4.4864,-3.47396
S;H;T;M;Q,P;M;M;L;I,"245,104,29,262,127",1.01126,1.96403,2.10731,4.07134,-3.06008
S;D;T;K;P,E;H;P;L;Q,"121,186,116,252,38",1.01021,4.99838,1.58069,6.57907,-5.56886
D;L;N;Q;P,L;F;K;M;D,"220,117,233,127,197",1.00814,3.80149,1.57327,5.37476,-4.36662
S;H;T;M;R,P;M;M;L;N,"245,104,29,262,132",1.00758,1.96403,1.97104,3.9350699999999996,-2.9274899999999997
S;D;R;E;S,E;H;A;K;P,"121,186,280,231,188",1.00751,1.88215,-0.195825,1.686325,-0.6788150000000002
S;H;T;S;R,P;M;M;W;S,"245,104,29,58,90",1.00736,1.79588,-6.17954,,
S;D;R;T;S,E;H;A;M;Y,"121,186,280,51,269",1.00717,1.79222,-0.731655,1.060565,-0.05339500000000008
S;D;R;E;Q,E;H;A;K;I,"121,186,280,231,182",1.00592,1.88215,-0.75822,1.12393,-0.11801000000000017
T;R;S;S;T,L;K;Y;T;D,"72,53,269,214,88",1.00521,2.10066,1.98481,4.08547,-3.08026
S;D;T;Q;R,E;H;P;L;V,"121,186,116,182,34",1.00512,4.19138,3.28169,7.47307,-6.46795
T;K;D;S;N,E;L;L;T;L,"270,252,220,214,138",1.0051,4.53563,1.20357,5.7392,-4.7341
S;D;R;T;S,E;H;A;L;Y,"121,186,280,72,269",1.00489,1.88057,-0.731655,1.1489150000000001,-0.14402500000000007
N;N;N;S;R,I;K;K;V;P,"114,205,233,269,280",1.00193,1.78881,1.29097,3.07978,-2.0778499999999998
T;T;M;Q;L,V;M;L;L;W,"198,51,262,182,216",1.0017,3.03477,1.37086,4.40563,-3.4039300000000003
S;G;S;M;F,W;A;E;L;M,"58,165,136,262,191",1.00083,2.29813,0.285492,2.583622,-1.582792
S;T;R;S;R,A;V;A;T;L,"124,198,280,214,53",1.00035,2.1529,1.57881,3.7317099999999996,-2.7313599999999996
T;T;N;N;Q,L;M;K;K;T,"72,51,233,114,127",0.998208,3.42408,0.705474,4.129554,-3.1313459999999997
S;D;T;K;S,E;H;P;L;N,"121,186,116,252,103",0.997817,4.99838,1.48912,6.4875,-5.489682999999999
S;D;R;Q;S,E;H;A;M;E,"121,186,280,127,115",0.997526,1.52251,1.69898,3.22149,-2.223964
S;D;R;L;R,E;H;A;M;D,"121,186,280,216,90",0.996819,0.746184,-12.5337,,
S;D;R;D;R,E;H;A;L;N,"121,186,280,220,90",0.996736,2.15121,-12.5581,,
T;R;S;S;A,L;K;Y;T;M,"72,53,269,214,135",0.996715,2.10066,1.56282,3.66348,-2.666765
S;D;S;N;Q,E;H;Y;K;V,"121,186,238,114,182",0.996595,2.83208,-2.18418,,
S;D;R;D;Q,E;H;A;L;I,"121,186,280,220,182",0.99611,2.15121,-0.75822,1.3929899999999997,-0.3968799999999997
A;M;L;N;T,M;L;F;Y;N,"135,154,117,37,88",0.99486,2.34832,1.16002,3.5083400000000005,-2.5134800000000004
S;I;E;N;G,Q;R;K;K;S,"188,168,231,114,243",0.993883,4.79974,1.55439,6.35413,-5.360246999999999
T;S;S;T;P,P;N;P;E;L,"116,238,290,270,38",0.992743,5.17498,1.38115,6.55613,-5.563387
S;T;I;T;S,A;Y;R;E;H,"124,189,168,270,187",0.992319,5.05558,-0.139832,4.915748,-3.9234289999999996
S;D;T;S;Q,E;H;P;F;E,"121,186,116,238,127",0.991625,4.39699,1.46399,5.86098,-4.869355
D;L;N;S;M,L;F;K;Y;L,"220,117,233,269,154",0.990844,2.47846,1.39475,3.8732100000000003,-2.882366
S;D;R;S;A,E;H;A;T;F,"121,186,280,214,65",0.990055,1.07516,1.18512,2.26028,-1.270225
N;S;T;H;S,Y;Q;M;M;V,"37,188,29,104,58",0.989553,1.62133,1.64103,3.26236,-2.2728070000000002
E;Q;Q;D;M,K;L;L;L;P,"231,182,127,220,222",0.988633,7.84419,1.39237,9.23656,-8.247927
S;D;R;Q;Q,E;H;A;M;I,"121,186,280,127,182",0.987752,1.52251,-0.75822,0.76429,0.22346199999999994
T;T;T;S;G,L;M;E;F;Q,"72,51,270,238,243",0.987711,4.13032,3.87149,8.00181,-7.014099000000001
S;H;T;S;R,P;M;M;W;N,"245,104,29,58,90",0.987146,1.79588,-12.5581,,
T;T;N;N;R,V;M;K;K;V,"198,51,233,114,34",0.986703,3.19949,3.28169,6.48118,-5.494477
S;D;T;E;C,E;H;P;K;D,"121,186,116,231,289",0.986469,6.58675,1.83462,8.42137,-7.434901
S;D;R;T;R,E;H;A;L;N,"121,186,280,72,90",0.98433,1.88057,-12.5581,,
T;T;T;S;S,L;M;E;F;P,"72,51,270,238,125",0.984172,4.13032,1.21417,5.34449,-4.360318
A;M;G;Q;Q,M;L;A;M;W,"135,154,165,127,133",0.983484,3.19369,1.99371,5.1874,-4.203916
T;K;D;S;C,E;L;L;T;D,"270,252,220,214,289",0.982933,4.53563,1.83462,6.37025,-5.387317
S;D;R;Q;R,E;H;A;M;S,"121,186,280,127,90",0.982887,1.52251,-6.17954,,
S;D;R;T;K,E;H;A;Y;L,"121,186,280,189,252",0.981979,1.59074,1.24366,2.8344,-1.852421
S;D;R;Q;T,E;H;A;M;D,"121,186,280,127,88",0.981295,1.52251,1.98481,3.50732,-2.5260249999999997
S;D;R;T;L,E;H;A;Y;M,"121,186,280,189,216",0.981071,1.59074,1.46945,3.06019,-2.079119
N;S;S;R;Q,K;T;W;D;I,"233,214,58,90,127",0.980741,2.40164,2.10731,4.5089500000000005,-3.5282090000000004
T;K;D;S;P,E;L;L;T;Q,"270,252,220,214,38",0.980105,4.53563,1.58069,6.11632,-5.136215
E;Q;Q;D;L,K;L;L;L;P,"231,182,127,220,216",0.978316,7.84419,1.17536,9.01955,-8.041234000000001
N;S;T;H;R,Y;Q;M;M;T,"37,188,29,104,90",0.977755,1.62133,-6.75769,,
N;S;S;S;N,Y;Q;E;P;H,"37,188,136,245,205",0.975318,1.84971,0.934161,2.783871,-1.8085529999999999
S;I;E;N;V,Q;R;K;K;D,"188,168,231,114,57",0.975222,4.79974,1.23826,6.038,-5.062778
S;D;R;T;R,E;H;A;L;K,"121,186,280,72,53",0.972991,1.88057,1.21629,3.0968600000000004,-2.1238690000000005
T;T;T;S;S,L;M;E;F;H,"72,51,270,238,214",0.9716,4.13032,-2.16722,,
T;T;M;Q;K,V;M;L;L;F,"198,51,262,182,253",0.97059,3.03477,-2.7494,,
A;M;G;N;I,M;L;A;K;V,"135,154,165,233,200",0.970474,2.61474,1.28856,3.9032999999999998,-2.932826
S;D;R;S;R,E;H;A;T;S,"121,186,280,214,90",0.969733,1.07516,-6.17954,,
S;D;R;T;A,E;H;A;M;P,"121,186,280,51,152",0.96932,1.79222,1.82327,3.61549,-2.6461699999999997
S;H;T;S;I,P;M;M;W;R,"245,104,29,58,168",0.966782,1.79588,-14.7567,,
T;T;M;Q;S,V;M;L;L;T,"198,51,262,182,124",0.966697,3.03477,2.0551,5.0898699999999995,-4.1231729999999995
N;N;N;S;T,I;K;K;V;N,"114,205,233,269,88",0.965832,1.78881,1.16002,2.94883,-1.982998
T;R;S;S;L,L;K;Y;T;M,"72,53,269,214,216",0.965559,2.10066,1.46945,3.5701099999999997,-2.604551
S;D;R;Q;H,E;H;A;M;T,"121,186,280,127,104",0.965357,1.52251,1.64185,3.1643600000000003,-2.1990030000000003
T;T;N;N;Q,V;M;K;K;R,"198,51,233,114,127",0.964984,3.19949,2.24575,5.44524,-4.480256
N;S;S;R;I,K;T;W;D;H,"233,214,58,90,168",0.964344,2.40164,-1.74709,0.65455,0.309794
S;I;E;N;R,Q;R;K;K;P,"188,168,231,114,280",0.964001,4.79974,1.29097,6.09071,-5.126709
S;D;T;K;L,E;H;P;L;D,"121,186,116,252,249",0.963796,4.99838,1.3351,6.33348,-5.3696839999999995
T;R;S;S;N,L;K;Y;T;H,"72,53,269,214,205",0.963334,2.10066,0.934161,3.034821,-2.071487
S;D;R;T;A,E;H;A;M;M,"121,186,280,51,65",0.962955,1.79222,1.26675,3.05897,-2.096015
N;S;T;H;S,Y;Q;M;M;E,"37,188,29,104,115",0.961534,1.62133,1.69898,3.32031,-2.358776
T;T;M;R;Q,V;M;L;D;E,"198,51,262,90,133",0.960245,2.75602,2.09284,4.84886,-3.888615
D;L;N;S;A,L;F;K;Y;F,"220,117,233,269,65",0.959894,2.47846,1.18512,3.66358,-2.7036860000000003
T;T;N;N;G,L;M;K;K;A,"72,51,233,114,243",0.959225,3.42408,1.45932,4.8834,-3.924175
D;L;N;S;Q,L;F;K;Y;L,"220,117,233,269,182",0.959176,2.47846,-1.69976,0.7787000000000002,0.18047599999999986
S;H;T;S;R,P;M;M;W;L,"245,104,29,58,53",0.958689,1.79588,1.57881,3.37469,-2.416001
S;D;T;E;W,E;H;P;K;C,"121,186,116,231,257",0.957418,6.58675,2.40869,8.99544,-8.038022
E;Q;T;Q;D,K;L;L;L;K,"231,182,72,127,263",0.957358,7.66695,1.32913,8.99608,-8.038722
S;D;R;A;I,E;H;A;L;L,"121,186,280,65,111",0.957021,1.50316,1.56098,3.06414,-2.107119
N;S;S;R;K,K;T;W;D;L,"233,214,58,90,253",0.956837,2.40164,-1.0623,1.33934,-0.3825029999999999
S;D;R;D;T,E;H;A;L;N,"121,186,280,220,88",0.954992,2.15121,1.16002,3.31123,-2.3562380000000003
N;N;N;S;A,I;K;K;V;P,"114,205,233,269,152",0.954936,1.78881,1.82327,3.6120799999999997,-2.6571439999999997
D;L;N;S;S,L;F;K;Y;E,"220,117,233,269,207",0.952938,2.47846,1.39808,3.8765400000000003,-2.9236020000000003
T;T;M;Q;Q,V;M;L;L;T,"198,51,262,182,127",0.94996,3.03477,0.705474,3.740244,-2.790284
N;S;T;H;L,Y;Q;M;M;F,"37,188,29,104,216",0.949562,1.62133,1.28942,2.91075,-1.9611880000000002
T;T;N;N;T,L;M;K;K;N,"72,51,233,114,198",0.949497,3.42408,1.15645,4.5805299999999995,-3.6310329999999995
S;D;T;E;S,E;H;P;K;N,"121,186,116,231,103",0.948811,6.58675,1.48912,8.07587,-7.127059
T;T;T;T;Q,L;M;E;V;E,"72,51,270,198,127",0.946896,4.06726,1.46399,5.53125,-4.584354
S;I;E;S;R,Q;R;K;E;P,"188,168,231,136,90",0.946333,5.68401,-15.0143,,
S;D;R;A;N,E;H;A;E;K,"121,186,280,152,114",0.946163,1.40875,-1.33405,0.07469999999999999,0.871463
S;D;R;T;S,E;H;A;M;P,"121,186,280,51,188",0.945818,1.79222,-0.195825,1.596395,-0.650577
S;D;R;Q;T,E;H;A;M;Q,"121,186,280,127,88",0.945386,1.52251,1.20927,2.73178,-1.786394
S;D;R;S;S,E;H;A;T;E,"121,186,280,214,136",0.943104,1.07516,0.298574,1.3737339999999998,-0.43062999999999974
S;T;R;S;I,A;V;A;T;R,"124,198,280,214,168",0.942582,2.1529,-14.7567,,
N;S;S;R;S,K;T;W;D;E,"233,214,58,90,115",0.940928,2.40164,1.69898,4.10062,-3.159692
S;G;S;M;I,W;A;E;L;V,"58,165,136,262,200",0.940579,2.29813,1.28856,3.58669,-2.646111
S;D;R;T;A,E;H;A;Y;E,"121,186,280,189,152",0.94007,1.59074,1.16636,2.7571000000000003,-1.8170300000000004
T;T;M;R;A,V;M;L;D;V,"198,51,262,90,65",0.939995,2.75602,2.10232,4.85834,-3.918345
T;T;N;N;Q,V;M;K;K;N,"198,51,233,114,127",0.939526,3.19949,2.35273,5.55222,-4.612694
N;S;S;S;T,Y;Q;E;P;D,"37,188,136,245,88",0.938983,1.84971,1.98481,3.83452,-2.895537
T;R;S;S;Q,L;K;Y;T;Y,"72,53,269,214,119",0.938899,2.10066,-4.54044,,
S;D;R;T;N,E;H;A;L;K,"121,186,280,72,114",0.938438,1.88057,-1.33405,0.5465200000000001,0.3919179999999999
T;R;S;S;T,L;K;Y;T;M,"72,53,269,214,29",0.937089,2.10066,-6.9328,,
S;D;R;A;I,E;H;A;E;R,"121,186,280,152,168",0.937031,1.40875,-14.7567,,
S;D;R;Q;L,E;H;A;M;W,"121,186,280,127,216",0.935597,1.52251,1.37086,2.89337,-1.957773
S;D;R;S;H,E;H;A;T;T,"121,186,280,214,104",0.934607,1.07516,1.64185,2.71701,-1.7824030000000002
S;D;R;A;S,E;H;A;E;M,"121,186,280,152,238",0.932694,1.40875,2.2093,3.6180499999999998,-2.6853559999999996
T;K;D;S;C,E;L;L;T;L,"270,252,220,214,289",0.932583,4.53563,1.40303,5.9386600000000005,-5.006077
T;T;T;T;V,L;M;E;V;C,"72,51,270,198,281",0.932406,4.06726,1.22272,5.28998,-4.357574
S;D;R;T;L,E;H;A;M;F,"121,186,280,51,117",0.932107,1.79222,-2.30857,,
S;I;E;N;G,Q;R;K;K;L,"188,168,231,114,243",0.931544,4.79974,3.65866,8.4584,-7.5268559999999995
N;S;S;S;T,Y;Q;E;P;Q,"37,188,136,245,88",0.931435,1.84971,1.20927,3.05898,-2.127545
S;H;T;S;L,P;M;M;W;W,"245,104,29,58,216",0.93128,1.79588,1.37086,3.16674,-2.23546
A;M;G;N;F,M;L;A;K;M,"135,154,165,233,191",0.930976,2.61474,0.285492,2.900232,-1.969256
S;D;R;S;S,E;H;A;T;V,"121,186,280,214,58",0.929872,1.07516,1.64103,2.71619,-1.786318
T;T;N;N;A,L;M;K;K;V,"72,51,233,114,65",0.928823,3.42408,2.10232,5.526400000000001,-4.597577000000001
S;D;R;Q;S,E;H;A;M;K,"121,186,280,127,58",0.927368,1.52251,1.14527,2.66778,-1.740412
N;S;S;S;T,Y;Q;E;P;N,"37,188,136,245,88",0.925848,1.84971,1.16002,3.0097300000000002,-2.083882
S;D;R;L;N,E;H;A;M;K,"121,186,280,216,233",0.924822,0.746184,0.328192,1.074376,-0.14955399999999996
T;T;M;Q;T,V;M;L;L;Q,"198,51,262,182,88",0.924007,3.03477,1.20927,4.24404,-3.320033
S;D;R;S;T,E;H;A;T;M,"121,186,280,214,29",0.92276,1.07516,-6.9328,,
T;T;M;R;H,V;M;L;D;R,"198,51,262,90,104",0.92192,2.75602,1.19641,3.9524299999999997,-3.0305099999999996
S;D;R;E;K,E;H;A;K;Y,"121,186,280,231,253",0.920456,1.88215,-2.49422,,
T;T;M;Q;F,V;M;L;L;M,"198,51,262,182,191",0.92011,3.03477,0.285492,3.320262,-2.4001520000000003
S;D;R;A;N,E;H;A;L;K,"121,186,280,65,233",0.918751,1.50316,0.328192,1.831352,-0.9126010000000001
T;T;M;Q;S,V;M;L;L;P,"198,51,262,182,188",0.918316,3.03477,-0.195825,2.838945,-1.920629
S;D;R;T;R,E;H;A;L;N,"121,186,280,72,132",0.91778,1.88057,1.97104,3.85161,-2.93383
S;D;R;T;A,E;H;A;L;F,"121,186,280,72,65",0.917248,1.88057,1.18512,3.06569,-2.148442
N;S;T;H;T,Y;Q;M;M;D,"37,188,29,104,88",0.914549,1.62133,1.98481,3.60614,-2.691591
T;T;T;S;G,L;M;E;F;A,"72,51,270,238,243",0.910922,4.13032,1.45932,5.58964,-4.678718
A;M;G;Q;L,M;L;A;M;E,"135,154,165,127,216",0.909958,3.19369,1.31255,4.50624,-3.596282
S;D;R;Q;N,E;H;A;M;I,"121,186,280,127,37",0.909129,1.52251,1.86168,3.3841900000000003,-2.475061
S;T;N;D;G,M;V;K;L;L,"238,198,114,220,243",0.904755,4.37095,3.65866,8.02961,-7.124855
S;D;S;N;Q,E;H;Y;K;T,"121,186,238,114,91",0.904677,2.83208,1.27643,4.10851,-3.203833
T;T;T;T;S,L;M;E;V;P,"72,51,270,198,125",0.904242,4.06726,1.21417,5.28143,-4.377188
S;D;R;T;Q,E;H;A;Y;E,"121,186,280,189,133",0.903421,1.59074,2.09284,3.68358,-2.7801590000000003
N;S;T;H;S,Y;Q;M;M;T,"37,188,29,104,121",0.903212,1.62133,1.3121,2.93343,-2.030218
S;D;R;D;Q,E;H;A;L;E,"121,186,280,220,133",0.901915,2.15121,2.09284,4.24405,-3.342135
T;T;T;S;S,L;M;E;F;Y,"72,51,270,238,242",0.900909,4.13032,1.18862,5.3189400000000004,-4.418031000000001
S;D;R;S;T,E;H;A;T;Q,"121,186,280,214,88",0.899412,1.07516,1.20927,2.28443,-1.385018
S;D;R;T;R,E;H;A;M;Q,"121,186,280,51,224",0.899368,1.79222,0.801101,2.593321,-1.693953
T;R;S;S;T,L;K;Y;T;N,"72,53,269,214,88",0.898863,2.10066,1.16002,3.26068,-2.361817
N;S;S;S;R,Y;Q;E;P;P,"37,188,136,245,90",0.898383,1.84971,-15.0143,,
S;D;R;D;F,E;H;A;L;E,"121,186,280,220,271",0.896515,2.15121,2.659,4.81021,-3.9136949999999997
S;H;T;M;N,P;M;M;L;T,"245,104,29,262,190",0.893997,1.96403,1.14081,3.1048400000000003,-2.210843
S;D;T;K;R,E;H;P;L;Y,"121,186,116,252,123",0.892423,4.99838,1.89278,6.89116,-5.998737
A;M;L;N;Q,M;L;F;Y;N,"135,154,117,37,127",0.891969,2.34832,2.35273,4.70105,-3.8090810000000004
S;I;E;Q;Y,Q;R;K;L;S,"188,168,231,182,63",0.891296,5.154,-1.05409,4.0999099999999995,-3.2086139999999994
S;D;R;E;Q,E;H;A;K;E,"121,186,280,231,133",0.890326,1.88215,2.09284,3.97499,-3.084664
D;L;N;S;N,L;F;K;Y;H,"220,117,233,269,205",0.889801,2.47846,0.934161,3.412621,-2.5228200000000003
S;D;T;K;L,E;H;P;L;C,"121,186,116,252,249",0.886432,4.99838,1.14374,6.14212,-5.255688
T;T;M;R;R,V;M;L;D;V,"198,51,262,90,34",0.886237,2.75602,3.28169,6.037710000000001,-5.151473
A;M;G;Q;Q,M;L;A;M;N,"135,154,165,127,133",0.885996,3.19369,1.21979,4.41348,-3.527484
S;T;I;D;S,A;Y;R;L;N,"124,189,168,220,103",0.884758,5.25397,1.48912,6.74309,-5.858332
S;D;R;D;K,E;H;A;L;F,"121,186,280,220,253",0.88395,2.15121,-2.7494,,
S;D;R;D;A,E;H;A;L;N,"121,186,280,220,226",0.883524,2.15121,1.44085,3.59206,-2.708536
T;T;M;R;Q,V;M;L;D;W,"198,51,262,90,133",0.883376,2.75602,1.99371,4.74973,-3.8663539999999994
S;D;R;Q;S,E;H;A;M;N,"121,186,280,127,124",0.882081,1.52251,4.11541,5.637919999999999,-4.755838999999999
S;D;T;Q;K,E;H;P;L;V,"121,186,116,182,253",0.881716,4.19138,-1.77146,2.4199199999999994,-1.5382039999999995
S;D;R;L;S,E;H;A;M;M,"121,186,280,216,238",0.878653,0.746184,2.2093,2.9554839999999998,-2.076831
S;I;E;S;K,Q;R;K;E;Y,"188,168,231,136,253",0.878468,5.68401,-2.49422,,
S;H;T;S;R,P;M;M;W;A,"245,104,29,58,280",0.878144,1.79588,-0.374307,1.421573,-0.5434289999999999
A;M;L;N;Q,M;L;F;Y;I,"135,154,117,37,127",0.876936,2.34832,2.10731,4.45563,-3.578694
S;D;R;Q;Q,E;H;A;M;E,"121,186,280,127,133",0.875133,1.52251,2.09284,3.61535,-2.740217
T;T;M;Q;N,V;M;L;L;K,"198,51,262,182,138",0.873042,3.03477,1.2829,4.31767,-3.444628
N;S;T;H;A,Y;Q;M;M;M,"37,188,29,104,65",0.872438,1.62133,1.26675,2.88808,-2.0156419999999997
T;T;N;N;V,V;M;K;K;C,"198,51,233,114,281",0.872423,3.19949,1.22272,4.42221,-3.549787
S;D;R;S;R,E;H;A;T;Q,"121,186,280,214,224",0.870004,1.07516,0.801101,1.876261,-1.006257
A;M;G;N;F,M;L;A;K;E,"135,154,165,233,271",0.869592,2.61474,2.659,5.27374,-4.404148
S;G;S;M;L,W;A;E;L;Q,"58,165,136,262,216",0.868147,2.29813,1.66917,3.9673,-3.099153
T;T;T;T;C,L;M;E;V;S,"72,51,270,198,289",0.866459,4.06726,-1.16436,2.9029,-2.036441
N;S;T;H;R,Y;Q;M;M;P,"37,188,29,104,90",0.865019,1.62133,-15.0143,,
D;L;N;Q;A,L;F;K;M;T,"220,117,233,127,180",0.864942,3.80149,1.57849,5.37998,-4.515038
S;D;S;N;K,E;H;Y;K;V,"121,186,238,114,253",0.864333,2.83208,-1.77146,1.06062,-0.19628699999999988
S;D;T;Q;C,E;H;P;L;L,"121,186,116,182,289",0.863708,4.19138,1.40303,5.59441,-4.730702
S;T;N;D;L,M;V;K;L;K,"238,198,114,220,249",0.861636,4.37095,1.9138,6.28475,-5.423114
S;D;R;T;S,E;H;A;Y;A,"121,186,280,189,124",0.861629,1.59074,2.14285,3.7335900000000004,-2.8719610000000007
A;M;R;G;S,M;L;N;A;P,"135,154,90,165,188",0.86117,2.37909,-0.195825,2.183265,-1.322095
N;N;N;S;Q,I;K;K;V;W,"114,205,233,269,133",0.860674,1.78881,1.99371,3.78252,-2.921846
S;D;R;T;R,E;H;A;Y;N,"121,186,280,189,90",0.860036,1.59074,-12.5581,,
T;K;D;S;P,E;L;L;T;V,"270,252,220,214,184",0.859701,4.53563,0.457537,4.993167000000001,-4.133466
A;M;G;Q;P,M;L;A;M;D,"135,154,165,127,197",0.856078,3.19369,1.57327,4.76696,-3.910882
N;N;N;S;R,I;K;K;V;N,"114,205,233,269,90",0.855759,1.78881,-12.5581,,
S;D;R;T;R,E;H;A;Y;N,"121,186,280,189,132",0.855419,1.59074,1.97104,3.5617799999999997,-2.706361
S;T;R;S;R,A;V;A;T;V,"124,198,280,214,34",0.854931,2.1529,3.28169,5.43459,-4.579659
N;N;N;S;N,I;K;K;V;T,"114,205,233,269,190",0.854689,1.78881,1.14081,2.92962,-2.074931
S;T;N;D;C,M;V;K;L;S,"238,198,114,220,289",0.854647,4.37095,-1.16436,3.2065899999999994,-2.3519429999999995
S;D;R;A;T,E;H;A;E;V,"121,186,280,152,198",0.854523,1.40875,1.56672,2.9754699999999996,-2.1209469999999997
S;D;R;A;R,E;H;A;E;N,"121,186,280,152,90",0.852449,1.40875,-12.5581,,
S;D;S;N;S,E;H;Y;K;P,"121,186,238,114,188",0.851126,2.83208,-0.195825,2.636255,-1.7851289999999997
S;D;R;T;S,E;H;A;Y;K,"121,186,280,189,58",0.85067,1.59074,1.14527,2.7360100000000003,-1.8853400000000002
S;D;R;E;L,E;H;A;K;I,"121,186,280,231,216",0.850079,1.88215,1.43258,3.31473,-2.464651
S;D;R;L;T,E;H;A;M;V,"121,186,280,216,72",0.849729,0.746184,1.22066,1.966844,-1.117115
S;D;T;Q;V,E;H;P;L;C,"121,186,116,182,281",0.847208,4.19138,1.22272,5.4140999999999995,-4.566891999999999
S;D;R;Q;H,E;H;A;M;R,"121,186,280,127,104",0.845236,1.52251,1.19641,2.71892,-1.873684
S;D;R;S;S,E;H;A;T;Q,"121,186,280,214,188",0.843657,1.07516,-1.43683,-0.36167000000000016,1.205327
N;N;N;S;I,I;K;K;V;R,"114,205,233,269,168",0.843024,1.78881,-14.7567,,
A;M;G;N;I,M;L;A;K;L,"135,154,165,233,145",0.842903,2.61474,1.3052,3.9199399999999995,-3.077037
A;M;G;N;S,M;L;A;K;H,"135,154,165,233,214",0.840996,2.61474,-2.16722,,
N;S;T;H;T,Y;Q;M;M;N,"37,188,29,104,88",0.83834,1.62133,1.16002,2.7813499999999998,-1.9430099999999997
S;D;R;A;S,E;H;A;E;F,"121,186,280,152,238",0.83826,1.40875,-0.85124,0.55751,0.28075000000000006
S;D;R;T;R,E;H;A;Y;S,"121,186,280,189,90",0.836241,1.59074,-6.17954,,
T;T;N;N;G,V;M;K;K;L,"198,51,233,114,243",0.83568,3.19949,3.65866,6.85815,-6.02247
S;D;R;T;N,E;H;A;Y;T,"121,186,280,189,190",0.835672,1.59074,1.14081,2.7315500000000004,-1.8958780000000004
S;D;R;E;R,E;H;A;K;A,"121,186,280,231,90",0.835521,1.88215,-6.05749,,
S;D;R;A;T,E;H;A;E;M,"121,186,280,152,29",0.833272,1.40875,-6.9328,,
S;D;R;A;F,E;H;A;E;W,"121,186,280,152,271",0.832633,1.40875,1.88634,3.29509,-2.462457
T;T;N;N;V,L;M;K;K;D,"72,51,233,114,57",0.832568,3.42408,1.23826,4.66234,-3.829772
T;T;M;Q;A,V;M;L;L;V,"198,51,262,182,65",0.8306,3.03477,2.10232,5.137090000000001,-4.30649
D;L;N;S;K,L;F;K;Y;L,"220,117,233,269,253",0.828885,2.47846,-1.0623,1.41616,-0.5872750000000001
S;T;I;D;C,A;Y;R;L;A,"124,189,168,220,289",0.828262,5.25397,-0.0850688,5.1689012,-4.3406392
A;M;R;G;F,M;L;N;A;E,"135,154,90,165,271",0.826639,2.37909,2.659,5.03809,-4.211451
S;H;T;S;Q,P;M;M;W;W,"245,104,29,58,133",0.825736,1.79588,1.99371,3.78959,-2.963854
D;L;N;S;A,L;F;K;Y;L,"220,117,233,269,65",0.82571,2.47846,1.28107,3.75953,-2.93382
S;T;I;D;A,A;Y;R;L;N,"124,189,168,220,226",0.825104,5.25397,1.44085,6.69482,-5.869716
S;T;R;S;R,A;V;A;T;P,"124,198,280,214,90",0.823741,2.1529,-15.0143,,
N;S;S;S;Q,Y;Q;E;P;W,"37,188,136,245,133",0.822937,1.84971,1.99371,3.84342,-3.020483
A;M;R;G;F,M;L;N;A;M,"135,154,90,165,191",0.822219,2.37909,0.285492,2.6645820000000002,-1.8423630000000002
S;D;S;N;Q,E;H;Y;K;T,"121,186,238,114,127",0.817346,2.83208,0.705474,3.537554,-2.720208
S;T;I;T;Q,A;Y;R;E;N,"124,189,168,270,127",0.816935,5.05558,2.35273,7.40831,-6.591375
S;T;I;D;I,A;Y;R;L;V,"124,189,168,220,200",0.816015,5.25397,1.28856,6.542529999999999,-5.726514999999999
S;D;T;S;D,E;H;P;F;K,"121,186,116,238,263",0.814267,4.39699,1.32913,5.72612,-4.911853
T;R;S;S;A,L;K;Y;T;M,"72,53,269,214,65",0.8134,2.10066,1.26675,3.36741,-2.55401
N;N;N;S;R,I;K;K;V;P,"114,205,233,269,90",0.813337,1.78881,-15.0143,,
S;D;R;T;L,E;H;A;L;Q,"121,186,280,72,216",0.812991,1.88057,1.66917,3.54974,-2.7367489999999997
S;D;R;A;T,E;H;A;E;V,"121,186,280,152,72",0.812793,1.40875,1.22066,2.62941,-1.816617
S;D;R;E;M,E;H;A;K;V,"121,186,280,231,154",0.812035,1.88215,-3.00604,,
T;K;D;S;G,E;L;L;T;H,"270,252,220,214,251",0.811798,4.53563,1.17609,5.711720000000001,-4.899922
N;S;S;S;R,Y;Q;E;P;L,"37,188,136,245,53",0.811664,1.84971,1.57881,3.42852,-2.616856
T;T;N;N;Q,V;M;K;K;N,"198,51,233,114,133",0.811327,3.19949,1.21979,4.41928,-3.6079529999999997
S;D;R;E;F,E;H;A;K;E,"121,186,280,231,271",0.810936,1.88215,2.659,4.54115,-3.730214
S;D;S;N;F,E;H;Y;K;E,"121,186,238,114,271",0.810825,2.83208,2.659,5.49108,-4.680255
S;H;T;M;K,P;M;M;L;L,"245,104,29,262,253",0.810603,1.96403,-1.0623,0.9017299999999999,-0.09112699999999996
S;T;R;S;I,A;V;A;T;L,"124,198,280,214,145",0.806737,2.1529,1.3052,3.4581,-2.651363
T;R;S;S;S,L;K;Y;T;V,"72,53,269,214,58",0.80601,2.10066,1.64103,3.74169,-2.93568
A;M;L;N;A,M;L;F;Y;D,"135,154,117,37,226",0.805893,2.34832,-6.56873,,
T;T;M;R;S,V;M;L;D;Y,"198,51,262,90,242",0.805143,2.75602,1.18862,3.9446399999999997,-3.1394969999999995
S;D;R;S;Q,E;H;A;T;L,"121,186,280,214,182",0.804847,1.07516,-1.69976,-0.6246,1.4294470000000001
A;M;L;N;K,M;L;F;Y;F,"135,154,117,37,253",0.804096,2.34832,-2.7494,,
S;T;I;D;N,A;Y;R;L;L,"124,189,168,220,138",0.803688,5.25397,1.20357,6.45754,-5.653852
E;Q;T;Q;P,K;L;L;L;K,"231,182,72,127,120",0.803566,7.66695,-0.768642,6.898308,-6.094742
S;T;R;S;T,A;V;A;T;D,"124,198,280,214,88",0.802773,2.1529,1.98481,4.13771,-3.334937
S;T;N;D;G,M;V;K;L;T,"238,198,114,220,254",0.801461,4.37095,-4.84766,,
S;I;E;N;R,Q;R;K;K;V,"188,168,231,114,34",0.801391,4.79974,3.28169,8.081430000000001,-7.280039000000001
D;L;N;S;H,L;F;K;Y;T,"220,117,233,269,104",0.800965,2.47846,1.64185,4.12031,-3.3193449999999998
S;D;T;S;Q,E;H;P;F;R,"121,186,116,238,127",0.799189,4.39699,2.24575,6.64274,-5.843551
S;T;I;D;S,A;Y;R;L;Y,"124,189,168,220,269",0.798983,5.25397,-0.731655,4.522315,-3.723332
S;H;T;S;L,P;M;M;W;Q,"245,104,29,58,216",0.796932,1.79588,1.66917,3.4650499999999997,-2.6681179999999998
N;S;S;S;R,Y;Q;E;P;S,"37,188,136,245,90",0.796272,1.84971,-6.17954,,
N;S;S;R;Q,K;T;W;D;K,"233,214,58,90,127",0.796057,2.40164,2.01179,4.41343,-3.6173729999999997
S;D;R;A;R,E;H;A;E;K,"121,186,280,152,53",0.794128,1.40875,1.21629,2.6250400000000003,-1.8309120000000003
D;L;N;Q;K,L;F;K;M;V,"220,117,233,127,253",0.793547,3.80149,-1.77146,2.03003,-1.236483
N;S;T;H;Q,Y;Q;M;M;E,"37,188,29,104,133",0.791294,1.62133,2.09284,3.7141699999999997,-2.9228759999999996
D;L;N;S;Q,L;F;K;Y;V,"220,117,233,269,127",0.790417,2.47846,1.22374,3.7022000000000004,-2.9117830000000002
D;L;N;S;R,L;F;K;Y;K,"220,117,233,269,53",0.789911,2.47846,1.21629,3.69475,-2.904839
S;H;T;M;L,P;M;M;L;Q,"245,104,29,262,216",0.789793,1.96403,1.66917,3.6332,-2.843407
S;H;T;M;R,P;M;M;L;A,"245,104,29,262,280",0.789745,1.96403,-0.374307,1.589723,-0.799978
E;Q;Q;D;G,K;L;L;L;P,"231,182,127,220,243",0.789543,7.84419,1.73112,9.57531,-8.785767
T;T;T;S;P,L;M;E;F;L,"72,51,270,238,38",0.78864,4.13032,1.38115,5.51147,-4.72283
S;D;R;S;I,E;H;A;T;L,"121,186,280,214,145",0.788598,1.07516,1.3052,2.3803599999999996,-1.5917619999999997
N;S;S;R;A,K;T;W;D;E,"233,214,58,90,152",0.788173,2.40164,1.16636,3.568,-2.779827
S;D;R;A;S,E;H;A;L;M,"121,186,280,65,238",0.788009,1.50316,2.2093,3.71246,-2.9244510000000004
S;D;R;T;R,E;H;A;Y;A,"121,186,280,189,90",0.787956,1.59074,-6.05749,,
S;D;R;S;R,E;H;A;T;L,"121,186,280,214,53",0.787314,1.07516,1.57881,2.65397,-1.8666560000000003
N;N;N;S;H,I;K;K;V;T,"114,205,233,269,104",0.786816,1.78881,1.64185,3.43066,-2.643844
A;M;L;N;R,M;L;F;Y;T,"135,154,117,37,90",0.78681,2.34832,-6.75769,,
N;N;N;S;I,I;K;K;V;L,"114,205,233,269,145",0.784005,1.78881,1.3052,3.09401,-2.310005
S;D;R;T;T,E;H;A;M;N,"121,186,280,51,88",0.783389,1.79222,1.16002,2.9522399999999998,-2.1688509999999996
T;T;T;S;V,L;M;E;F;D,"72,51,270,238,57",0.783388,4.13032,1.23826,5.36858,-4.585191999999999
S;D;R;E;K,E;H;A;K;L,"121,186,280,231,253",0.782588,1.88215,-1.0623,0.81985,-0.03726200000000002
S;D;S;N;G,E;H;Y;K;Q,"121,186,238,114,243",0.781831,2.83208,3.87149,6.70357,-5.921739
T;R;S;S;I,L;K;Y;T;R,"72,53,269,214,168",0.781812,2.10066,-14.7567,,
S;G;S;M;S,W;A;E;L;P,"58,165,136,262,188",0.780916,2.29813,-0.195825,2.102305,-1.321389
S;D;R;A;S,E;H;A;L;W,"121,186,280,65,58",0.779512,1.50316,1.17243,2.67559,-1.8960780000000002
S;D;R;T;R,E;H;A;L;S,"121,186,280,72,90",0.777303,1.88057,-6.17954,,
S;D;R;E;S,E;H;A;K;Y,"121,186,280,231,242",0.77555,1.88215,1.18862,3.07077,-2.29522
S;D;R;S;L,E;H;A;T;M,"121,186,280,214,216",0.772842,1.07516,1.46945,2.5446099999999996,-1.7717679999999996
S;H;T;S;T,P;M;M;W;D,"245,104,29,58,88",0.772147,1.79588,1.98481,3.78069,-3.008543
T;T;M;Q;T,V;M;L;L;D,"198,51,262,182,88",0.771319,3.03477,1.98481,5.0195799999999995,-4.248260999999999
T;S;S;K;S,P;N;P;L;N,"116,238,290,252,103",0.770479,5.29036,1.48912,6.7794799999999995,-6.009001
S;G;S;M;S,W;A;E;L;H,"58,165,136,262,214",0.770448,2.29813,-2.16722,,
S;D;R;T;R,E;H;A;Y;Q,"121,186,280,189,132",0.770095,1.59074,1.65183,3.2425699999999997,-2.4724749999999998
D;L;N;S;S,L;F;K;Y;V,"220,117,233,269,223",0.768637,2.47846,1.13695,3.61541,-2.8467729999999998
S;D;S;N;N,E;H;Y;K;K,"121,186,238,114,138",0.767808,2.83208,1.2829,4.11498,-3.347172
T;S;S;T;C,P;N;P;E;D,"116,238,290,270,289",0.766519,5.17498,1.83462,7.0096,-6.243081
S;D;R;T;Q,E;H;A;M;A,"121,186,280,51,127",0.762668,1.79222,0.543456,2.335676,-1.5730079999999997
S;D;R;E;I,E;H;A;K;R,"121,186,280,231,168",0.761749,1.88215,-14.7567,,
S;D;R;A;M,E;H;A;L;L,"121,186,280,65,154",0.761682,1.50316,1.39475,2.89791,-2.136228
S;D;R;S;L,E;H;A;T;F,"121,186,280,214,216",0.761518,1.07516,1.28942,2.36458,-1.603062
S;D;R;T;H,E;H;A;L;T,"121,186,280,72,104",0.761256,1.88057,1.64185,3.5224200000000003,-2.7611640000000004
A;M;G;Q;V,M;L;A;M;C,"135,154,165,127,281",0.761117,3.19369,1.22272,4.41641,-3.655293
S;D;R;T;S,E;H;A;Y;Q,"121,186,280,189,188",0.760028,1.59074,-1.43683,0.15391,0.606118
S;I;E;Q;G,Q;R;K;L;T,"188,168,231,182,251",0.759845,5.154,1.39182,6.54582,-5.785975
S;D;R;E;G,E;H;A;K;A,"121,186,280,231,243",0.758618,1.88215,1.45932,3.34147,-2.582852
T;T;T;T;G,L;M;E;V;S,"72,51,270,198,243",0.757046,4.06726,1.55439,5.62165,-4.864604
T;T;M;Q;R,V;M;L;L;A,"198,51,262,182,90",0.756876,3.03477,-6.05749,,
S;D;R;T;I,E;H;A;L;V,"121,186,280,72,200",0.756481,1.88057,1.28856,3.16913,-2.412649
T;T;T;T;N,L;M;E;V;L,"72,51,270,198,138",0.756181,4.06726,1.20357,5.27083,-4.514649
S;H;T;M;A,P;M;M;L;N,"245,104,29,262,226",0.754917,1.96403,1.44085,3.40488,-2.649963
S;D;R;A;S,E;H;A;L;F,"121,186,280,65,238",0.754592,1.50316,-0.85124,0.65192,0.10267199999999999
S;D;R;T;T,E;H;A;L;M,"121,186,280,72,29",0.753651,1.88057,-6.9328,,
A;M;G;N;H,M;L;A;K;R,"135,154,165,233,104",0.753235,2.61474,1.19641,3.8111499999999996,-3.0579149999999995
S;D;R;L;R,E;H;A;M;Q,"121,186,280,216,132",0.751143,0.746184,1.65183,2.398014,-1.646871
S;D;R;A;S,E;H;A;E;V,"121,186,280,152,58",0.75007,1.40875,1.64103,3.04978,-2.29971
S;D;R;T;Q,E;H;A;M;I,"121,186,280,51,127",0.748934,1.79222,2.10731,3.89953,-3.150596
S;T;I;T;A,A;Y;R;E;N,"124,189,168,270,226",0.748858,5.05558,1.44085,6.49643,-5.747572
S;I;E;Q;T,Q;R;K;L;N,"188,168,231,182,198",0.747878,5.154,1.15645,6.3104499999999994,-5.562571999999999
S;I;E;N;S,Q;R;K;K;P,"188,168,231,114,125",0.746994,4.79974,1.21417,6.01391,-5.266916
S;D;R;T;S,E;H;A;Y;D,"121,186,280,189,58",0.746032,1.59074,1.87848,3.46922,-2.723188
S;T;I;D;L,A;Y;R;L;Q,"124,189,168,220,216",0.744799,5.25397,1.66917,6.92314,-6.178341
A;M;L;N;A,M;L;F;Y;N,"135,154,117,37,226",0.744379,2.34832,1.44085,3.7891700000000004,-3.0447910000000005
S;I;E;N;L,Q;R;K;K;I,"188,168,231,114,216",0.744245,4.79974,1.43258,6.23232,-5.488074999999999
A;M;G;Q;K,M;L;A;M;V,"135,154,165,127,253",0.742572,3.19369,-1.77146,1.42223,-0.6796580000000001
S;H;T;S;I,P;M;M;W;V,"245,104,29,58,200",0.742457,1.79588,1.28856,3.08444,-2.341983
S;H;T;S;I,P;M;M;W;L,"245,104,29,58,145",0.742275,1.79588,1.3052,3.1010799999999996,-2.3588049999999994
A;M;R;G;K,M;L;N;A;L,"135,154,90,165,253",0.740366,2.37909,-1.0623,1.3167900000000001,-0.5764240000000002
N;N;N;S;L,I;K;K;V;Q,"114,205,233,269,216",0.740188,1.78881,1.66917,3.45798,-2.717792
S;T;I;D;K,A;Y;R;L;Y,"124,189,168,220,253",0.739202,5.25397,-2.49422,,
S;D;T;K;M,E;H;P;L;H,"121,186,116,252,161",0.738857,4.99838,0.29128,5.28966,-4.550802999999999
S;D;R;A;K,E;H;A;L;L,"121,186,280,65,252",0.738852,1.50316,1.24366,2.74682,-2.007968
S;D;R;T;R,E;H;A;L;D,"121,186,280,72,90",0.737815,1.88057,-12.5337,,
A;M;G;N;L,M;L;A;K;I,"135,154,165,233,216",0.737622,2.61474,1.43258,4.04732,-3.309698
T;S;S;T;C,P;N;P;E;S,"116,238,290,270,289",0.736471,5.17498,-1.16436,4.010619999999999,-3.2741489999999995
S;T;N;D;M,M;V;K;L;H,"238,198,114,220,161",0.736381,4.37095,0.29128,4.662229999999999,-3.9258489999999995
S;D;R;S;Q,E;H;A;T;I,"121,186,280,214,127",0.735999,1.07516,2.10731,3.18247,-2.446471
T;S;S;T;D,P;N;P;E;K,"116,238,290,270,263",0.735053,5.17498,1.32913,6.50411,-5.769057
T;R;S;S;S,L;K;Y;T;H,"72,53,269,214,187",0.733904,2.10066,-0.139832,1.960828,-1.226924
T;K;D;S;Q,E;L;L;T;D,"270,252,220,214,127",0.733383,4.53563,1.96342,6.49905,-5.7656670000000005
T;R;S;S;R,L;K;Y;T;A,"72,53,269,214,280",0.733246,2.10066,-0.374307,1.726353,-0.9931070000000001
T;T;M;R;G,V;M;L;D;K,"198,51,262,90,243",0.731703,2.75602,3.0581,5.81412,-5.0824169999999995
D;L;N;S;Q,L;F;K;Y;E,"220,117,233,269,133",0.731598,2.47846,2.09284,4.5713,-3.839702
S;D;R;A;K,E;H;A;E;L,"121,186,280,152,252",0.731344,1.40875,1.24366,2.6524099999999997,-1.9210659999999997
N;S;S;R;Q,K;T;W;D;W,"233,214,58,90,133",0.731293,2.40164,1.99371,4.3953500000000005,-3.6640570000000006
A;M;G;N;K,M;L;A;K;L,"135,154,165,233,253",0.730873,2.61474,-1.0623,1.5524399999999998,-0.8215669999999998
T;T;T;T;L,L;M;E;V;C,"72,51,270,198,249",0.73006,4.06726,1.14374,5.211,-4.48094
N;N;N;S;K,I;K;K;V;Y,"114,205,233,269,253",0.728993,1.78881,-2.49422,,
S;D;R;D;F,E;H;A;L;M,"121,186,280,220,191",0.727837,2.15121,0.285492,2.436702,-1.7088649999999999
S;D;R;E;R,E;H;A;K;T,"121,186,280,231,90",0.723294,1.88215,-6.75769,,
T;T;M;R;L,V;M;L;D;I,"198,51,262,90,216",0.723006,2.75602,1.43258,4.1886,-3.4655940000000003
T;T;M;Q;V,V;M;L;L;C,"198,51,262,182,281",0.722175,3.03477,1.22272,4.25749,-3.5353149999999998
N;S;T;H;R,Y;Q;M;M;L,"37,188,29,104,53",0.72174,1.62133,1.57881,3.20014,-2.4784
S;D;R;D;T,E;H;A;L;D,"121,186,280,220,88",0.721201,2.15121,1.98481,4.13602,-3.4148190000000005
N;S;S;S;Q,Y;Q;E;P;Y,"37,188,136,245,119",0.720407,1.84971,-4.54044,,
S;D;T;K;Q,E;H;P;L;D,"121,186,116,252,127",0.719086,4.99838,1.96342,6.9618,-6.242714
T;T;T;T;P,L;M;E;V;D,"72,51,270,198,197",0.718547,4.06726,1.57327,5.64053,-4.921983
S;D;R;L;L,E;H;A;M;F,"121,186,280,216,117",0.718328,0.746184,-2.30857,,
N;N;N;S;S,I;K;K;V;P,"114,205,233,269,188",0.715954,1.78881,-0.195825,1.592985,-0.8770310000000001
S;D;R;T;T,E;H;A;Y;Q,"121,186,280,189,88",0.714751,1.59074,1.20927,2.8000100000000003,-2.085259
S;D;T;E;Y,E;H;P;K;G,"121,186,116,231,63",0.714546,6.58675,-1.32041,5.2663400000000005,-4.551794
A;M;G;Q;L,M;L;A;M;K,"135,154,165,127,249",0.714518,3.19369,1.9138,5.10749,-4.392972
S;I;E;Q;N,Q;R;K;L;K,"188,168,231,182,138",0.713884,5.154,1.2829,6.4369,-5.723015999999999
S;G;S;M;M,W;A;E;L;V,"58,165,136,262,154",0.713654,2.29813,-3.00604,,
S;D;R;Q;S,E;H;A;M;H,"121,186,280,127,214",0.712588,1.52251,-2.16722,,
T;R;S;S;S,L;K;Y;T;Y,"72,53,269,214,242",0.712168,2.10066,1.18862,3.2892799999999998,-2.5771119999999996
N;N;N;S;L,I;K;K;V;W,"114,205,233,269,216",0.709642,1.78881,1.37086,3.15967,-2.450028
T;T;T;S;R,L;M;E;F;Y,"72,51,270,238,123",0.709456,4.13032,1.89278,6.0231,-5.313644
T;T;T;T;L,L;M;E;V;K,"72,51,270,198,249",0.708681,4.06726,1.9138,5.98106,-5.272379
S;H;T;S;R,P;M;M;W;P,"245,104,29,58,90",0.707773,1.79588,-15.0143,,
S;D;T;K;R,E;H;P;L;P,"121,186,116,252,280",0.707759,4.99838,1.29097,6.28935,-5.5815909999999995
T;T;N;N;C,V;M;K;K;A,"198,51,233,114,289",0.707728,3.19949,-0.0850688,3.1144212,-2.4066932
S;D;T;S;L,E;H;P;F;D,"121,186,116,238,249",0.707324,4.39699,1.3351,5.7320899999999995,-5.024766
S;D;R;T;Q,E;H;A;M;V,"121,186,280,51,127",0.707138,1.79222,1.22374,3.0159599999999998,-2.3088219999999997
A;M;G;N;R,M;L;A;K;L,"135,154,165,233,53",0.702725,2.61474,1.57881,4.19355,-3.490825
A;M;L;N;S,M;L;F;Y;T,"135,154,117,37,124",0.702347,2.34832,2.0551,4.403420000000001,-3.7010730000000005
S;I;E;S;S,Q;R;K;E;N,"188,168,231,136,103",0.700287,5.68401,1.48912,7.17313,-6.472842999999999
E;Q;T;Q;I,K;L;L;L;R,"231,182,72,127,218",0.699979,7.66695,1.07089,8.73784,-8.037861
S;D;R;T;F,E;H;A;L;M,"121,186,280,72,191",0.699703,1.88057,0.285492,2.166062,-1.4663590000000002
S;D;R;S;T,E;H;A;T;D,"121,186,280,214,88",0.697976,1.07516,1.98481,3.05997,-2.3619939999999997
E;Q;T;Q;Y,K;L;L;L;T,"231,182,72,127,63",0.695876,7.66695,-0.214622,7.452328,-6.7564519999999995
A;M;G;N;R,M;L;A;K;A,"135,154,165,233,90",0.695809,2.61474,-6.05749,,
T;R;S;S;M,L;K;Y;T;V,"72,53,269,214,154",0.694255,2.10066,-3.00604,,
S;I;E;S;C,Q;R;K;E;A,"188,168,231,136,289",0.694107,5.68401,-0.0850688,5.5989412,-4.9048342
S;D;R;Q;R,E;H;A;M;Q,"121,186,280,127,132",0.693457,1.52251,1.65183,3.17434,-2.480883
A;M;L;N;S,M;L;F;Y;Y,"135,154,117,37,269",0.693123,2.34832,-0.731655,1.6166650000000002,-0.9235420000000002
N;S;T;H;L,Y;Q;M;M;W,"37,188,29,104,216",0.691465,1.62133,1.37086,2.99219,-2.300725
S;D;R;T;N,E;H;A;M;I,"121,186,280,51,37",0.691011,1.79222,1.86168,3.6539,-2.962889
T;T;M;Q;G,V;M;L;L;Q,"198,51,262,182,243",0.689242,3.03477,3.87149,6.90626,-6.2170179999999995
N;N;N;S;R,I;K;K;V;T,"114,205,233,269,90",0.689072,1.78881,-6.75769,,
T;T;N;N;G,V;M;K;K;S,"198,51,233,114,243",0.68898,3.19949,1.55439,4.75388,-4.0649
S;D;R;L;K,E;H;A;M;L,"121,186,280,216,252",0.688844,0.746184,1.24366,1.989844,-1.301
A;M;G;N;Q,M;L;A;K;N,"135,154,165,233,127",0.688614,2.61474,2.35273,4.9674700000000005,-4.278856
S;D;R;A;T,E;H;A;L;E,"121,186,280,65,270",0.687745,1.50316,3.52614,5.0293,-4.341555
T;T;M;Q;G,V;M;L;L;K,"198,51,262,182,243",0.68758,3.03477,3.0581,6.09287,-5.40529
S;D;R;S;Q,E;H;A;T;I,"121,186,280,214,182",0.687304,1.07516,-0.75822,0.3169399999999999,0.37036400000000014
S;G;S;M;R,W;A;E;L;T,"58,165,136,262,90",0.686539,2.29813,-6.75769,,
S;H;T;S;L,P;M;M;W;F,"245,104,29,58,216",0.685282,1.79588,1.28942,3.0853,-2.400018
S;D;R;T;N,E;H;A;M;H,"121,186,280,51,205",0.683602,1.79222,0.934161,2.726381,-2.042779
T;R;S;S;S,L;K;Y;T;E,"72,53,269,214,115",0.683059,2.10066,1.69898,3.79964,-3.116581
A;M;R;G;L,M;L;N;A;Q,"135,154,90,165,216",0.682886,2.37909,1.66917,4.04826,-3.365374
A;M;R;G;R,M;L;N;A;V,"135,154,90,165,34",0.68265,2.37909,3.28169,5.660780000000001,-4.978130000000001
S;D;T;E;Y,E;H;P;K;T,"121,186,116,231,63",0.681865,6.58675,-0.214622,6.372128,-5.690263
T;R;S;S;K,L;K;Y;T;L,"72,53,269,214,253",0.681055,2.10066,-1.0623,1.03836,-0.357305
T;S;S;T;G,P;N;P;E;T,"116,238,290,270,254",0.680295,5.17498,-4.84766,,
S;D;R;T;Q,E;H;A;M;K,"121,186,280,51,127",0.678741,1.79222,2.01179,3.80401,-3.125269
S;H;T;M;S,P;M;M;L;Y,"245,104,29,262,269",0.677437,1.96403,-0.731655,1.2323749999999998,-0.5549379999999998
A;M;L;N;R,M;L;F;Y;A,"135,154,117,37,280",0.677434,2.34832,-0.374307,1.9740130000000002,-1.2965790000000004
N;N;N;S;Q,I;K;K;V;E,"114,205,233,269,133",0.676937,1.78881,2.09284,3.8816499999999996,-3.2047129999999995
T;T;T;T;G,L;M;E;V;L,"72,51,270,198,243",0.675677,4.06726,3.65866,7.72592,-7.050243
S;D;R;S;A,E;H;A;T;D,"121,186,280,214,226",0.674457,1.07516,-6.56873,,
S;D;S;N;I,E;H;Y;K;H,"121,186,238,114,168",0.674141,2.83208,-1.74709,1.08499,-0.4108489999999999
S;D;R;Q;L,E;H;A;M;F,"121,186,280,127,216",0.673786,1.52251,1.28942,2.8119300000000003,-2.1381440000000005
A;M;G;Q;M,M;L;A;M;H,"135,154,165,127,161",0.673387,3.19369,0.29128,3.48497,-2.811583
N;S;S;R;A,K;T;W;D;L,"233,214,58,90,65",0.672561,2.40164,1.28107,3.68271,-3.010149
A;M;G;N;Q,M;L;A;K;W,"135,154,165,233,133",0.66969,2.61474,1.99371,4.6084499999999995,-3.9387599999999994
S;D;R;T;A,E;H;A;Y;L,"121,186,280,189,65",0.669267,1.59074,1.28107,2.87181,-2.202543
N;S;S;R;I,K;T;W;D;V,"233,214,58,90,200",0.668731,2.40164,1.28856,3.6902,-3.0214689999999997
T;T;N;N;C,L;M;K;K;A,"72,51,233,114,289",0.668609,3.42408,-0.0850688,3.3390112,-2.6704022
S;D;R;T;I,E;H;A;Y;L,"121,186,280,189,111",0.66815,1.59074,1.56098,3.15172,-2.4835700000000003
T;T;N;N;Q,L;M;K;K;N,"72,51,233,114,127",0.667338,3.42408,2.35273,5.77681,-5.109472
T;R;S;S;R,L;K;Y;T;Q,"72,53,269,214,224",0.667122,2.10066,0.801101,2.901761,-2.234639
S;D;R;T;M,E;H;A;M;V,"121,186,280,51,154",0.666689,1.79222,-3.00604,,
S;D;T;S;K,E;H;P;F;V,"121,186,116,238,253",0.666642,4.39699,-1.77146,2.6255299999999995,-1.9588879999999995
S;D;T;Q;C,E;H;P;L;A,"121,186,116,182,289",0.665095,4.19138,-0.0850688,4.1063111999999995,-3.4412161999999995
N;S;S;S;A,Y;Q;E;P;M,"37,188,136,245,65",0.663489,1.84971,1.26675,3.11646,-2.452971
T;T;T;S;G,L;M;E;F;S,"72,51,270,238,243",0.662773,4.13032,1.55439,5.68471,-5.021937
D;L;N;S;Q,L;F;K;Y;W,"220,117,233,269,133",0.661085,2.47846,1.99371,4.47217,-3.8110850000000003
S;D;R;S;S,E;H;A;T;D,"121,186,280,214,58",0.659141,1.07516,1.87848,2.95364,-2.294499
T;T;M;R;Q,V;M;L;D;T,"198,51,262,90,127",0.658867,2.75602,0.705474,3.461494,-2.802627
S;D;R;S;A,E;H;A;T;M,"121,186,280,214,65",0.65727,1.07516,1.26675,2.34191,-1.68464
A;M;G;Q;C,M;L;A;M;A,"135,154,165,127,289",0.65724,3.19369,-0.0850688,3.1086212,-2.4513812
A;M;R;G;S,M;L;N;A;H,"135,154,90,165,214",0.656453,2.37909,-2.16722,,
S;D;T;K;C,E;H;P;L;D,"121,186,116,252,289",0.656336,4.99838,1.83462,6.833,-6.176664000000001
S;T;I;D;L,A;Y;R;L;F,"124,189,168,220,216",0.656165,5.25397,1.28942,6.54339,-5.887225
S;D;R;T;Q,E;H;A;L;K,"121,186,280,72,127",0.654278,1.88057,2.01179,3.89236,-3.238082
D;L;N;Q;V,L;F;K;M;D,"220,117,233,127,57",0.654073,3.80149,1.23826,5.03975,-4.385676999999999
S;D;R;A;Q,E;H;A;E;Y,"121,186,280,152,119",0.652577,1.40875,-4.54044,,
S;D;S;N;Q,E;H;Y;K;N,"121,186,238,114,133",0.652489,2.83208,1.21979,4.05187,-3.399381
S;D;T;Q;P,E;H;P;L;V,"121,186,116,182,184",0.650521,4.19138,0.457537,4.648917,-3.998396
D;L;N;S;T,L;F;K;Y;Q,"220,117,233,269,88",0.650146,2.47846,1.20927,3.68773,-3.0375840000000003
S;D;R;T;L,E;H;A;M;M,"121,186,280,51,216",0.648676,1.79222,1.46945,3.2616699999999996,-2.6129939999999996
A;M;L;N;S,M;L;F;Y;H,"135,154,117,37,214",0.646908,2.34832,-2.16722,,
N;N;N;S;A,I;K;K;V;L,"114,205,233,269,65",0.644786,1.78881,1.28107,3.06988,-2.425094
D;L;N;Q;N,L;F;K;M;L,"220,117,233,127,138",0.642834,3.80149,1.20357,5.00506,-4.362226000000001
A;M;G;N;S,M;L;A;K;P,"135,154,165,233,188",0.642832,2.61474,-0.195825,2.4189149999999997,-1.7760829999999999
S;T;I;N;I,A;Y;R;K;L,"124,189,168,114,145",0.642629,4.66467,1.3052,5.96987,-5.327241
D;L;N;Q;P,L;F;K;M;L,"220,117,233,127,38",0.64261,3.80149,1.38115,5.18264,-4.54003
S;D;R;E;Q,E;H;A;K;R,"121,186,280,231,127",0.642164,1.88215,2.24575,4.1279,-3.485736
S;I;E;S;S,Q;R;K;E;P,"188,168,231,136,125",0.641483,5.68401,1.21417,6.89818,-6.256697
S;T;N;D;L,M;V;K;L;W,"238,198,114,220,216",0.640504,4.37095,1.37086,5.741809999999999,-5.101305999999999
T;T;M;Q;G,V;M;L;L;L,"198,51,262,182,243",0.64019,3.03477,3.65866,6.693429999999999,-6.053239999999999
S;T;N;D;G,M;V;K;L;S,"238,198,114,220,243",0.639468,4.37095,1.55439,5.925339999999999,-5.2858719999999995
S;D;R;T;Q,E;H;A;Y;V,"121,186,280,189,127",0.638866,1.59074,1.22374,2.81448,-2.175614
S;D;R;Q;R,E;H;A;M;T,"121,186,280,127,90",0.63877,1.52251,-6.75769,,
S;D;R;D;R,E;H;A;L;T,"121,186,280,220,90",0.638654,2.15121,-6.75769,,
S;D;R;A;T,E;H;A;L;V,"121,186,280,65,72",0.638571,1.50316,1.22066,2.72382,-2.085249
T;R;S;S;H,L;K;Y;T;L,"72,53,269,214,104",0.638466,2.10066,1.59008,3.69074,-3.0522739999999997
T;K;D;S;L,E;L;L;T;D,"270,252,220,214,249",0.63803,4.53563,1.3351,5.87073,-5.2327
D;L;N;S;R,L;F;K;Y;A,"220,117,233,269,280",0.637712,2.47846,-0.374307,2.104153,-1.466441
S;T;I;N;K,A;Y;R;K;L,"124,189,168,114,253",0.637593,4.66467,-1.0623,3.60237,-2.964777
D;L;N;S;A,L;F;K;Y;D,"220,117,233,269,226",0.635621,2.47846,-6.56873,,
S;G;S;M;R,W;A;E;L;A,"58,165,136,262,90",0.635379,2.29813,-6.05749,,
S;D;R;A;S,E;H;A;E;K,"121,186,280,152,124",0.632862,1.40875,2.68892,4.09767,-3.4648079999999997
T;T;M;R;A,V;M;L;D;T,"198,51,262,90,180",0.632674,2.75602,1.57849,4.33451,-3.701836
S;D;R;S;I,E;H;A;T;R,"121,186,280,214,168",0.631546,1.07516,-14.7567,,
N;S;S;R;Q,K;T;W;D;E,"233,214,58,90,133",0.629257,2.40164,2.09284,4.494479999999999,-3.8652229999999994
A;M;G;N;A,M;L;A;K;V,"135,154,165,233,65",0.620246,2.61474,2.10232,4.71706,-4.096814
S;D;T;Q;Q,E;H;P;L;D,"121,186,116,182,127",0.620159,4.19138,1.96342,6.1548,-5.534641
S;T;I;N;Q,A;Y;R;K;T,"124,189,168,114,91",0.619418,4.66467,1.27643,5.9411000000000005,-5.321682000000001
T;R;S;S;Q,L;K;Y;T;V,"72,53,269,214,182",0.619238,2.10066,-2.18418,,
T;T;T;T;K,L;M;E;V;A,"72,51,270,198,253",0.618944,4.06726,-2.13229,,
S;T;I;N;K,A;Y;R;K;V,"124,189,168,114,253",0.618647,4.66467,-1.77146,2.89321,-2.2745629999999997
S;D;R;T;S,E;H;A;Y;E,"121,186,280,189,115",0.618394,1.59074,1.69898,3.28972,-2.671326
A;M;G;Q;G,M;L;A;M;K,"135,154,165,127,243",0.617976,3.19369,3.0581,6.25179,-5.633814
S;D;R;L;Q,E;H;A;M;Y,"121,186,280,216,119",0.616851,0.746184,-4.54044,,
S;D;T;S;C,E;H;P;F;L,"121,186,116,238,289",0.616845,4.39699,1.40303,5.80002,-5.183175
E;Q;T;Q;G,K;L;L;L;P,"231,182,72,127,243",0.616176,7.66695,1.73112,9.39807,-8.781894000000001
S;D;R;T;A,E;H;A;Y;D,"121,186,280,189,226",0.61615,1.59074,-6.56873,,
T;T;N;N;K,V;M;K;K;V,"198,51,233,114,253",0.61515,3.19949,-1.77146,1.42803,-0.8128799999999999
S;D;R;A;R,E;H;A;E;Q,"121,186,280,152,224",0.613804,1.40875,0.801101,2.209851,-1.596047
S;D;R;L;F,E;H;A;M;W,"121,186,280,216,271",0.613031,0.746184,1.88634,2.632524,-2.019493
S;D;S;N;G,E;H;Y;K;K,"121,186,238,114,243",0.611673,2.83208,3.0581,5.89018,-5.278507
S;D;R;T;A,E;H;A;M;D,"121,186,280,51,226",0.61145,1.79222,-6.56873,,
S;T;I;D;D,A;Y;R;L;V,"124,189,168,220,186",0.610781,5.25397,1.78881,7.04278,-6.431998999999999
T;T;T;S;Q,L;M;E;F;R,"72,51,270,238,127",0.609751,4.13032,2.24575,6.37607,-5.766319
D;L;N;S;N,L;F;K;Y;T,"220,117,233,269,190",0.60941,2.47846,1.14081,3.61927,-3.00986
S;D;S;N;L,E;H;Y;K;Q,"121,186,238,114,216",0.608571,2.83208,1.66917,4.50125,-3.892679
S;D;R;A;Q,E;H;A;E;V,"121,186,280,152,127",0.604664,1.40875,1.22374,2.6324899999999998,-2.0278259999999997
S;D;R;A;G,E;H;A;L;A,"121,186,280,65,165",0.604455,1.50316,-4.58782,,
S;D;R;A;S,E;H;A;E;E,"121,186,280,152,115",0.60412,1.40875,1.69898,3.10773,-2.50361
S;D;R;T;A,E;H;A;Y;P,"121,186,280,189,152",0.603818,1.59074,1.82327,3.41401,-2.8101920000000002
S;H;T;S;R,P;M;M;W;T,"245,104,29,58,90",0.603615,1.79588,-6.75769,,
S;D;T;Q;K,E;H;P;L;Y,"121,186,116,182,253",0.603538,4.19138,-2.49422,,
S;D;R;T;I,E;H;A;L;L,"121,186,280,72,111",0.603172,1.88057,1.56098,3.4415500000000003,-2.8383780000000005
D;L;N;S;I,L;F;K;Y;H,"220,117,233,269,168",0.602762,2.47846,-1.74709,0.7313700000000001,-0.12860800000000006
S;I;E;S;F,Q;R;K;E;E,"188,168,231,136,271",0.600623,5.68401,2.659,8.34301,-7.742387
T;T;M;Q;K,V;M;L;L;V,"198,51,262,182,253",0.598004,3.03477,-1.77146,1.26331,-0.665306
S;T;I;N;P,A;Y;R;K;Q,"124,189,168,114,38",0.596876,4.66467,1.58069,6.24536,-5.648484
D;L;N;S;Q,L;F;K;Y;K,"220,117,233,269,127",0.594792,2.47846,2.01179,4.49025,-3.8954579999999996
S;D;R;L;R,E;H;A;M;N,"121,186,280,216,90",0.594063,0.746184,-12.5581,,
A;M;R;G;N,M;L;N;A;K,"135,154,90,165,138",0.593509,2.37909,1.2829,3.6619900000000003,-3.0684810000000002
S;H;T;S;Q,P;M;M;W;K,"245,104,29,58,127",0.593066,1.79588,2.01179,3.80767,-3.214604
T;T;M;R;K,V;M;L;D;V,"198,51,262,90,253",0.59167,2.75602,-1.77146,0.9845599999999999,-0.39288999999999985
D;L;N;Q;T,L;F;K;M;N,"220,117,233,127,198",0.591453,3.80149,1.15645,4.95794,-4.366486999999999
N;S;T;H;N,Y;Q;M;M;T,"37,188,29,104,190",0.591146,1.62133,1.14081,2.76214,-2.1709940000000003
S;T;I;N;H,A;Y;R;K;R,"124,189,168,114,104",0.589953,4.66467,1.19641,5.86108,-5.271127
S;D;R;S;Q,E;H;A;T;E,"121,186,280,214,133",0.589808,1.07516,2.09284,3.1679999999999997,-2.5781919999999996
N;S;T;H;N,Y;Q;M;M;H,"37,188,29,104,205",0.587157,1.62133,0.934161,2.555491,-1.968334
N;N;N;S;I,I;K;K;V;H,"114,205,233,269,168",0.586868,1.78881,-1.74709,0.04171999999999998,0.545148
S;D;R;A;S,E;H;A;L;E,"121,186,280,65,207",0.586387,1.50316,1.39808,2.90124,-2.3148530000000003
S;T;I;N;Q,A;Y;R;K;W,"124,189,168,114,133",0.586059,4.66467,1.99371,6.65838,-6.0723210000000005
S;H;T;S;N,P;M;M;W;T,"245,104,29,58,190",0.585333,1.79588,1.14081,2.93669,-2.351357
S;D;R;T;S,E;H;A;M;E,"121,186,280,51,136",0.58486,1.79222,0.298574,2.090794,-1.5059339999999999
S;T;I;N;A,A;Y;R;K;N,"124,189,168,114,226",0.58432,4.66467,1.44085,6.10552,-5.5212
S;D;R;T;S,E;H;A;L;D,"121,186,280,72,58",0.582261,1.88057,1.87848,3.7590500000000002,-3.1767890000000003
S;T;I;T;L,A;Y;R;E;Q,"124,189,168,270,216",0.581962,5.05558,1.66917,6.72475,-6.142788
S;T;R;S;A,A;V;A;T;T,"124,198,280,214,180",0.580673,2.1529,1.57849,3.7313899999999998,-3.1507169999999998
S;I;E;N;K,Q;R;K;K;A,"188,168,231,114,253",0.58061,4.79974,-2.13229,,
S;D;R;L;T,E;H;A;M;M,"121,186,280,216,29",0.57839,0.746184,-6.9328,,
S;G;S;M;H,W;A;E;L;R,"58,165,136,262,104",0.576488,2.29813,1.19641,3.4945399999999998,-2.918052
S;G;S;M;R,W;A;E;L;V,"58,165,136,262,34",0.575684,2.29813,3.28169,5.57982,-5.004136
S;D;R;L;H,E;H;A;M;L,"121,186,280,216,104",0.57433,0.746184,1.59008,2.336264,-1.761934
S;D;R;S;R,E;H;A;T;V,"121,186,280,214,34",0.572371,1.07516,3.28169,4.35685,-3.7844789999999997
N;S;T;H;A,Y;Q;M;M;D,"37,188,29,104,226",0.571859,1.62133,-6.56873,,
S;D;R;T;S,E;H;A;L;K,"121,186,280,72,58",0.57105,1.88057,1.14527,3.02584,-2.45479
S;T;I;N;R,A;Y;R;K;T,"124,189,168,114,90",0.571014,4.66467,-6.75769,,
S;D;R;N;R,E;H;Q;K;A,"121,186,224,233,280",0.569848,,-0.374307,,
S;D;R;A;S,E;H;A;E;P,"121,186,280,152,245",0.568647,1.40875,1.34851,2.75726,-2.188613
S;T;I;N;D,A;Y;R;K;V,"124,189,168,114,186",0.568362,4.66467,1.78881,6.45348,-5.885118
S;D;R;A;F,E;H;A;L;M,"121,186,280,65,271",0.567961,1.50316,2.15661,3.65977,-3.091809
S;H;T;M;R,P;M;M;L;T,"245,104,29,262,90",0.567446,1.96403,-6.75769,,
T;T;N;N;L,L;M;K;K;E,"72,51,233,114,216",0.566557,3.42408,1.31255,4.73663,-4.170073
T;T;M;Q;Q,V;M;L;L;N,"198,51,262,182,127",0.565483,3.03477,2.35273,5.3875,-4.822017000000001
S;D;R;T;S,E;H;A;M;V,"121,186,280,51,223",0.564691,1.79222,1.13695,2.92917,-2.364479
S;G;S;M;F,W;A;E;L;E,"58,165,136,262,271",0.56281,2.29813,2.659,4.957129999999999,-4.39432
N;S;S;S;N,Y;Q;E;P;T,"37,188,136,245,190",0.562674,1.84971,1.14081,2.99052,-2.427846
S;D;R;D;S,E;H;A;L;P,"121,186,280,220,188",0.562653,2.15121,-0.195825,1.955385,-1.392732
T;T;N;N;G,V;M;K;K;A,"198,51,233,114,243",0.562003,3.19949,1.45932,4.65881,-4.096807
N;N;N;S;T,I;K;K;V;Q,"114,205,233,269,88",0.56042,1.78881,1.20927,2.99808,-2.4376599999999997
T;T;N;N;P,L;M;K;K;D,"72,51,233,114,197",0.560404,3.42408,1.57327,4.99735,-4.436946
S;H;T;S;Q,P;M;M;W;N,"245,104,29,58,133",0.558482,1.79588,1.21979,3.01567,-2.457188
S;D;T;E;A,E;H;P;K;L,"121,186,116,231,272",0.557716,6.58675,-2.073,,
T;T;M;Q;P,V;M;L;L;D,"198,51,262,182,197",0.556571,3.03477,1.57327,4.60804,-4.051469
T;T;N;N;M,L;M;K;K;H,"72,51,233,114,161",0.556469,3.42408,0.29128,3.71536,-3.158891
A;M;G;Q;G,M;L;A;M;A,"135,154,165,127,243",0.555925,3.19369,1.45932,4.65301,-4.097085
S;H;T;M;M,P;M;M;L;V,"245,104,29,262,154",0.555058,1.96403,-3.00604,,
S;D;R;E;K,E;H;A;K;F,"121,186,280,231,253",0.553671,1.88215,-2.7494,,
N;S;S;S;M,Y;Q;E;P;V,"37,188,136,245,154",0.553485,1.84971,-3.00604,,
S;G;S;M;Q,W;A;E;L;K,"58,165,136,262,127",0.552963,2.29813,2.01179,4.30992,-3.756957
D;L;N;S;A,L;F;K;Y;M,"220,117,233,269,65",0.551856,2.47846,1.26675,3.74521,-3.1933540000000002
S;I;E;N;M,Q;R;K;K;V,"188,168,231,114,154",0.551636,4.79974,-3.00604,,
S;T;R;S;H,A;V;A;T;R,"124,198,280,214,104",0.54867,2.1529,1.19641,3.34931,-2.80064
S;T;I;D;A,A;Y;R;L;V,"124,189,168,220,65",0.544977,5.25397,2.10232,7.3562899999999996,-6.811312999999999
T;R;S;S;R,L;K;Y;T;N,"72,53,269,214,132",0.544685,2.10066,1.97104,4.0717,-3.527015
S;D;R;E;R,E;H;A;K;P,"121,186,280,231,90",0.544107,1.88215,-15.0143,,
S;D;R;A;S,E;H;A;L;T,"121,186,280,65,214",0.543838,1.50316,-0.325958,1.177202,-0.633364
S;D;R;T;T,E;H;A;Y;N,"121,186,280,189,88",0.54361,1.59074,1.16002,2.75076,-2.20715
A;M;L;N;H,M;L;F;Y;R,"135,154,117,37,104",0.542223,2.34832,1.19641,3.5447300000000004,-3.0025070000000005
S;G;S;M;K,W;A;E;L;L,"58,165,136,262,253",0.541221,2.29813,-1.0623,1.23583,-0.694609
S;T;N;D;L,M;V;K;L;C,"238,198,114,220,249",0.540848,4.37095,1.14374,5.51469,-4.973841999999999
T;T;N;N;P,V;M;K;K;D,"198,51,233,114,197",0.54074,3.19949,1.57327,4.77276,-4.23202
A;M;G;N;N,M;L;A;K;K,"135,154,165,233,138",0.539863,2.61474,1.2829,3.89764,-3.357777
S;D;R;A;R,E;H;A;E;D,"121,186,280,152,90",0.537242,1.40875,-12.5337,,
A;M;R;G;K,M;L;N;A;F,"135,154,90,165,253",0.535588,2.37909,-2.7494,,
D;L;N;Q;S,L;F;K;M;N,"220,117,233,127,103",0.53467,3.80149,1.48912,5.29061,-4.75594
A;M;G;Q;G,M;L;A;M;L,"135,154,165,127,243",0.532628,3.19369,3.65866,6.8523499999999995,-6.319722
S;D;T;Q;L,E;H;P;L;K,"121,186,116,182,249",0.531735,4.19138,1.9138,6.10518,-5.5734449999999995
S;H;T;M;R,P;M;M;L;A,"245,104,29,262,90",0.530482,1.96403,-6.05749,,
S;D;R;T;L,E;H;A;Y;W,"121,186,280,189,216",0.529053,1.59074,1.37086,2.9616,-2.4325469999999996
S;D;R;A;S,E;H;A;E;K,"121,186,280,152,58",0.528886,1.40875,1.14527,2.55402,-2.025134
S;D;R;S;Q,E;H;A;T;Y,"121,186,280,214,119",0.528823,1.07516,-4.54044,,
N;N;N;S;K,I;K;K;V;L,"114,205,233,269,253",0.527853,1.78881,-1.0623,0.72651,-0.19865699999999997
N;S;S;S;Q,Y;Q;E;P;I,"37,188,136,245,127",0.525085,1.84971,2.10731,3.95702,-3.431935
S;H;T;M;I,P;M;M;L;V,"245,104,29,262,200",0.524426,1.96403,1.28856,3.2525899999999996,-2.7281639999999996
S;D;R;A;H,E;H;A;E;T,"121,186,280,152,104",0.522187,1.40875,1.64185,3.0506,-2.5284130000000005
S;T;R;S;G,A;V;A;T;K,"124,198,280,214,243",0.521691,2.1529,3.0581,5.211,-4.689309000000001
D;L;N;Q;S,L;F;K;M;N,"220,117,233,127,124",0.52095,3.80149,4.11541,7.9169,-7.39595
S;D;R;T;T,E;H;A;Y;D,"121,186,280,189,88",0.520654,1.59074,1.98481,3.57555,-3.054896
A;M;G;Q;G,M;L;A;M;S,"135,154,165,127,243",0.520645,3.19369,1.55439,4.74808,-4.227435
S;D;R;D;S,E;H;A;L;T,"121,186,280,220,124",0.52057,2.15121,2.0551,4.20631,-3.68574
S;I;E;N;T,Q;R;K;K;N,"188,168,231,114,198",0.520526,4.79974,1.15645,5.956189999999999,-5.435663999999999
N;S;S;R;R,K;T;W;D;V,"233,214,58,90,34",0.519382,2.40164,3.28169,5.68333,-5.1639479999999995
S;T;R;S;L,A;V;A;T;E,"124,198,280,214,216",0.519381,2.1529,1.31255,3.4654499999999997,-2.9460689999999996
A;M;G;N;S,M;L;A;K;T,"135,154,165,233,124",0.519085,2.61474,2.0551,4.66984,-4.150755
T;T;M;R;C,V;M;L;D;A,"198,51,262,90,289",0.518852,2.75602,-0.0850688,2.6709511999999997,-2.1520992
S;D;R;T;F,E;H;A;Y;M,"121,186,280,189,191",0.518815,1.59074,0.285492,1.8762320000000001,-1.357417
S;T;I;N;S,A;Y;R;K;H,"124,189,168,114,214",0.518219,4.66467,-2.16722,,
D;L;N;S;S,L;F;K;Y;E,"220,117,233,269,115",0.516755,2.47846,1.69898,4.17744,-3.660685
S;D;R;T;N,E;H;A;Y;K,"121,186,280,189,114",0.516413,1.59074,-1.33405,0.2566900000000001,0.2597229999999999
S;H;T;M;S,P;M;M;L;P,"245,104,29,262,188",0.514738,1.96403,-0.195825,1.768205,-1.253467
S;T;I;T;K,A;Y;R;E;L,"124,189,168,270,253",0.513532,5.05558,-1.0623,3.99328,-3.479748
S;D;R;T;S,E;H;A;L;V,"121,186,280,72,58",0.512493,1.88057,1.64103,3.5216000000000003,-3.009107
S;D;R;T;I,E;H;A;M;V,"121,186,280,51,200",0.507066,1.79222,1.28856,3.08078,-2.573714
S;D;R;D;Q,E;H;A;L;T,"121,186,280,220,127",0.506205,2.15121,0.705474,2.856684,-2.350479
S;D;S;N;K,E;H;Y;K;F,"121,186,238,114,253",0.505738,2.83208,-2.7494,,
A;M;L;N;L,M;L;F;Y;W,"135,154,117,37,216",0.504358,2.34832,1.37086,3.71918,-3.2148220000000003
S;D;R;L;S,E;H;A;M;W,"121,186,280,216,58",0.502293,0.746184,1.17243,1.918614,-1.416321
S;D;R;D;Q,E;H;A;L;K,"121,186,280,220,127",0.502088,2.15121,2.01179,4.163,-3.660912
S;D;R;A;S,E;H;A;L;P,"121,186,280,65,245",0.502005,1.50316,1.34851,2.8516700000000004,-2.3496650000000003
S;I;E;Q;W,Q;R;K;L;I,"188,168,231,182,159",0.500913,5.154,1.51695,6.6709499999999995,-6.170037
T;K;D;S;R,E;L;L;T;Y,"270,252,220,214,123",0.500718,4.53563,1.89278,6.42841,-5.927692
S;I;E;S;R,Q;R;K;E;V,"188,168,231,136,34",0.499684,5.68401,3.28169,8.9657,-8.466016
A;M;G;Q;G,M;L;A;M;H,"135,154,165,127,251",0.499236,3.19369,1.17609,4.36978,-3.8705440000000007
S;T;I;N;F,A;Y;R;K;E,"124,189,168,114,271",0.498989,4.66467,2.659,7.32367,-6.824681
A;M;L;N;K,M;L;F;Y;L,"135,154,117,37,253",0.498974,2.34832,-1.0623,1.2860200000000002,-0.7870460000000001
S;H;T;S;S,P;M;M;W;Y,"245,104,29,58,269",0.498966,1.79588,-0.731655,1.064225,-0.565259
S;T;R;S;F,A;V;A;T;M,"124,198,280,214,191",0.497567,2.1529,0.285492,2.438392,-1.9408249999999998
T;T;N;N;G,L;M;K;K;L,"72,51,233,114,243",0.497223,3.42408,3.65866,7.082739999999999,-6.585516999999999
N;S;S;S;S,Y;Q;E;P;V,"37,188,136,245,58",0.497192,1.84971,1.64103,3.4907399999999997,-2.9935479999999997
A;M;R;G;L,M;L;N;A;I,"135,154,90,165,216",0.494998,2.37909,1.43258,3.8116700000000003,-3.3166720000000005
S;T;R;S;S,A;V;A;T;Y,"124,198,280,214,242",0.494919,2.1529,1.18862,3.34152,-2.846601
S;T;I;D;S,A;Y;R;L;Y,"124,189,168,220,242",0.494881,5.25397,1.18862,6.44259,-5.947709
D;L;N;Q;C,L;F;K;M;S,"220,117,233,127,289",0.493541,3.80149,-1.16436,2.63713,-2.143589
S;D;R;S;F,E;H;A;T;M,"121,186,280,214,271",0.490543,1.07516,2.15661,3.23177,-2.741227
S;D;R;L;M,E;H;A;M;L,"121,186,280,216,154",0.490319,0.746184,1.39475,2.1409339999999997,-1.6506149999999997
S;D;R;L;S,E;H;A;M;E,"121,186,280,216,207",0.489819,0.746184,1.39808,2.1442639999999997,-1.6544449999999997
S;T;I;N;Q,A;Y;R;K;D,"124,189,168,114,127",0.487138,4.66467,1.96342,6.62809,-6.140952
S;D;R;A;A,E;H;A;E;M,"121,186,280,152,135",0.486212,1.40875,1.56282,2.97157,-2.4853579999999997
A;M;G;N;R,M;L;A;K;P,"135,154,165,233,280",0.485987,2.61474,1.29097,3.90571,-3.419723
S;D;T;Q;T,E;H;P;L;N,"121,186,116,182,198",0.485697,4.19138,1.15645,5.34783,-4.862133
T;T;N;N;S,V;M;K;K;P,"198,51,233,114,125",0.48518,3.19949,1.21417,4.41366,-3.92848
S;D;R;D;R,E;H;A;L;A,"121,186,280,220,90",0.48323,2.15121,-6.05749,,
S;D;R;Q;F,E;H;A;M;M,"121,186,280,127,191",0.483063,1.52251,0.285492,1.808002,-1.324939
S;D;R;A;N,E;H;A;E;H,"121,186,280,152,205",0.482118,1.40875,0.934161,2.342911,-1.860793
S;I;E;S;H,Q;R;K;E;R,"188,168,231,136,104",0.481957,5.68401,1.19641,6.88042,-6.398463
S;T;I;D;R,A;Y;R;L;P,"124,189,168,220,280",0.480648,5.25397,1.29097,6.5449399999999995,-6.064291999999999
N;S;S;R;S,K;T;W;D;P,"233,214,58,90,188",0.479766,2.40164,-0.195825,2.205815,-1.7260489999999997
N;S;T;H;I,Y;Q;M;M;H,"37,188,29,104,168",0.479549,1.62133,-1.74709,-0.1257600000000001,0.6053090000000001
S;D;R;L;Q,E;H;A;M;A,"121,186,280,216,127",0.478938,0.746184,0.543456,1.28964,-0.8107019999999999
S;I;E;Q;S,Q;R;K;L;T,"188,168,231,182,124",0.476933,5.154,2.0551,7.209099999999999,-6.732167
S;G;S;M;S,W;A;E;L;Y,"58,165,136,262,242",0.472504,2.29813,1.18862,3.48675,-3.014246
N;S;S;R;N,K;T;W;D;I,"233,214,58,90,37",0.471368,2.40164,1.86168,4.26332,-3.791952
S;H;T;S;F,P;M;M;W;E,"245,104,29,58,271",0.470425,1.79588,2.659,4.454879999999999,-3.984454999999999
T;S;S;T;L,P;N;P;E;P,"116,238,290,270,216",0.469996,5.17498,1.17536,6.350339999999999,-5.880343999999999
A;M;L;N;F,M;L;F;Y;M,"135,154,117,37,191",0.469952,2.34832,0.285492,2.6338120000000003,-2.16386
A;M;R;G;K,M;L;N;A;Y,"135,154,90,165,253",0.469081,2.37909,-2.49422,,
S;D;R;T;A,E;H;A;Y;W,"121,186,280,189,65",0.468877,1.59074,1.13227,2.7230100000000004,-2.2541330000000004
S;T;I;D;Q,A;Y;R;L;T,"124,189,168,220,127",0.466864,5.25397,0.705474,5.9594439999999995,-5.492579999999999
S;T;R;S;Q,A;V;A;T;T,"124,198,280,214,127",0.464773,2.1529,0.705474,2.858374,-2.393601
S;D;R;S;F,E;H;A;T;M,"121,186,280,214,191",0.464746,1.07516,0.285492,1.360652,-0.895906
S;D;R;T;L,E;H;A;Y;F,"121,186,280,189,216",0.462935,1.59074,1.28942,2.88016,-2.417225
N;S;T;H;Q,Y;Q;M;M;I,"37,188,29,104,127",0.461883,1.62133,2.10731,3.72864,-3.266757
S;T;I;D;R,A;Y;R;L;A,"124,189,168,220,90",0.459622,5.25397,-6.05749,,
S;D;R;T;Q,E;H;A;L;V,"121,186,280,72,182",0.45883,1.88057,-2.18418,,
N;S;T;H;A,Y;Q;M;M;N,"37,188,29,104,226",0.458442,1.62133,1.44085,3.0621799999999997,-2.603738
A;M;L;N;Q,M;L;F;Y;T,"135,154,117,37,91",0.457749,2.34832,1.27643,3.62475,-3.167001
S;D;R;Q;Q,E;H;A;M;V,"121,186,280,127,182",0.457318,1.52251,-2.18418,,
S;G;S;M;I,W;A;E;L;L,"58,165,136,262,145",0.456394,2.29813,1.3052,3.6033299999999997,-3.1469359999999997
S;T;I;T;R,A;Y;R;E;A,"124,189,168,270,90",0.456243,5.05558,-6.05749,,
T;T;M;Q;M,V;M;L;L;V,"198,51,262,182,154",0.455484,3.03477,-3.00604,,
A;M;L;N;I,M;L;F;Y;V,"135,154,117,37,200",0.451414,2.34832,1.28856,3.63688,-3.185466
A;M;R;G;Q,M;L;N;A;W,"135,154,90,165,133",0.451175,2.37909,1.99371,4.3728,-3.9216249999999997
T;S;S;K;A,P;N;P;L;L,"116,238,290,252,272",0.449894,5.29036,-2.073,,
D;L;N;S;R,L;F;K;Y;T,"220,117,233,269,90",0.449762,2.47846,-6.75769,,
S;D;R;D;F,E;H;A;L;M,"121,186,280,220,271",0.4493,2.15121,2.15661,4.3078199999999995,-3.8585199999999995
T;T;T;S;R,L;M;E;F;P,"72,51,270,238,280",0.446685,4.13032,1.29097,5.42129,-4.974605
S;H;T;M;S,P;M;M;L;Y,"245,104,29,262,242",0.446351,1.96403,1.18862,3.15265,-2.706299
S;T;N;D;Q,M;V;K;L;R,"238,198,114,220,127",0.446191,4.37095,2.24575,6.6167,-6.170509
S;D;R;E;L,E;H;A;K;C,"121,186,280,231,249",0.445163,1.88215,1.14374,3.02589,-2.580727
T;R;S;S;D,L;K;Y;T;V,"72,53,269,214,186",0.443543,2.10066,1.78881,3.88947,-3.445927
S;D;R;T;R,E;H;A;L;Q,"121,186,280,72,132",0.44246,1.88057,1.65183,3.5324,-3.08994
A;M;G;N;S,M;L;A;K;Y,"135,154,165,233,242",0.44133,2.61474,1.18862,3.8033599999999996,-3.36203
T;T;M;Q;R,V;M;L;L;A,"198,51,262,182,280",0.440674,3.03477,-0.374307,2.660463,-2.219789
S;D;R;T;S,E;H;A;L;E,"121,186,280,72,207",0.439235,1.88057,1.39808,3.27865,-2.839415
T;R;S;S;N,L;K;Y;T;K,"72,53,269,214,138",0.438615,2.10066,1.2829,3.38356,-2.944945
T;T;N;N;V,L;M;K;K;C,"72,51,233,114,281",0.435571,3.42408,1.22272,4.6468,-4.2112289999999994
N;S;S;S;S,Y;Q;E;P;H,"37,188,136,245,214",0.434405,1.84971,-2.16722,,
T;T;N;N;N,L;M;K;K;L,"72,51,233,114,138",0.433215,3.42408,1.20357,4.62765,-4.194435
S;D;T;Q;G,E;H;P;L;T,"121,186,116,182,251",0.432195,4.19138,1.39182,5.5832,-5.151005
S;D;S;N;Q,E;H;Y;K;W,"121,186,238,114,133",0.43168,2.83208,1.99371,4.82579,-4.3941099999999995
S;D;T;S;G,E;H;P;F;S,"121,186,116,238,243",0.431544,4.39699,1.55439,5.9513799999999994,-5.519836
T;T;M;R;R,V;M;L;D;P,"198,51,262,90,280",0.431035,2.75602,1.29097,4.04699,-3.615955
N;S;S;R;L,K;T;W;D;Q,"233,214,58,90,216",0.430516,2.40164,1.66917,4.07081,-3.640294
S;D;R;L;S,E;H;A;M;Q,"121,186,280,216,188",0.43012,0.746184,-1.43683,-0.6906460000000001,1.1207660000000002
S;T;I;D;Q,A;Y;R;L;E,"124,189,168,220,127",0.430019,5.25397,1.46399,6.71796,-6.287941
T;T;M;R;G,V;M;L;D;Q,"198,51,262,90,243",0.428782,2.75602,3.87149,6.62751,-6.198728
S;H;T;M;N,P;M;M;L;L,"245,104,29,262,138",0.428402,1.96403,1.20357,3.1676,-2.739198
T;R;S;S;A,L;K;Y;T;P,"72,53,269,214,152",0.428072,2.10066,1.82327,3.92393,-3.495858
S;T;N;D;Q,M;V;K;L;E,"238,198,114,220,127",0.426888,4.37095,1.46399,5.83494,-5.408052
D;L;N;Q;S,L;F;K;M;P,"220,117,233,127,125",0.425117,3.80149,1.21417,5.01566,-4.590542999999999
N;S;S;S;K,Y;Q;E;P;L,"37,188,136,245,253",0.424388,1.84971,-1.0623,0.7874099999999999,-0.36302199999999996
S;T;R;S;P,A;V;A;T;L,"124,198,280,214,38",0.422317,2.1529,1.38115,3.5340499999999997,-3.1117329999999996
S;D;R;T;S,E;H;A;M;K,"121,186,280,51,124",0.420185,1.79222,2.68892,4.48114,-4.060955
A;M;G;N;R,M;L;A;K;V,"135,154,165,233,34",0.418454,2.61474,3.28169,5.8964300000000005,-5.477976000000001
S;I;E;N;Q,Q;R;K;K;R,"188,168,231,114,127",0.415396,4.79974,2.24575,7.04549,-6.630094
S;H;T;S;M,P;M;M;W;V,"245,104,29,58,154",0.414992,1.79588,-3.00604,,
S;D;R;E;A,E;H;A;K;V,"121,186,280,231,65",0.41346,1.88215,2.10232,3.98447,-3.57101
S;D;R;L;T,E;H;A;M;K,"121,186,280,216,88",0.412433,0.746184,1.28517,2.031354,-1.6189209999999998
N;S;T;H;K,Y;Q;M;M;L,"37,188,29,104,253",0.412263,1.62133,-1.0623,0.5590299999999999,-0.14676699999999993
N;S;T;H;Q,Y;Q;M;M;Y,"37,188,29,104,119",0.409056,1.62133,-4.54044,,
S;D;R;T;L,E;H;A;Y;Q,"121,186,280,189,216",0.408959,1.59074,1.66917,3.25991,-2.8509510000000002
T;T;T;S;V,L;M;E;F;C,"72,51,270,238,281",0.4084,4.13032,1.22272,5.35304,-4.94464
S;D;R;A;S,E;H;A;L;E,"121,186,280,65,136",0.406381,1.50316,0.298574,1.8017340000000002,-1.395353
S;T;I;T;K,A;Y;R;E;Y,"124,189,168,270,253",0.405129,5.05558,-2.49422,,
S;I;E;N;P,Q;R;K;K;L,"188,168,231,114,38",0.403671,4.79974,1.38115,6.18089,-5.777219
S;T;I;N;G,A;Y;R;K;H,"124,189,168,114,251",0.402856,4.66467,1.17609,5.84076,-5.4379040000000005
S;G;S;M;G,W;A;E;L;Q,"58,165,136,262,243",0.402659,2.29813,3.87149,6.16962,-5.766961
T;T;T;T;Q,L;M;E;V;D,"72,51,270,198,127",0.402568,4.06726,1.96342,6.03068,-5.628112000000001
S;D;R;S;S,E;H;A;T;V,"121,186,280,214,223",0.400725,1.07516,1.13695,2.21211,-1.811385
S;I;E;Q;P,Q;R;K;L;V,"188,168,231,182,184",0.4002,5.154,0.457537,5.611537,-5.211337
S;D;R;Q;F,E;H;A;M;E,"121,186,280,127,271",0.39856,1.52251,2.659,4.181509999999999,-3.7829499999999996
S;D;S;N;M,E;H;Y;K;V,"121,186,238,114,154",0.398499,2.83208,-3.00604,,
T;R;S;S;N,L;K;Y;T;T,"72,53,269,214,190",0.398321,2.10066,1.14081,3.24147,-2.843149
N;S;S;R;G,K;T;W;D;Q,"233,214,58,90,243",0.396639,2.40164,3.87149,6.27313,-5.876491
S;D;T;Q;Q,E;H;P;L;R,"121,186,116,182,127",0.39563,4.19138,2.24575,6.43713,-6.0415
A;M;G;N;Q,M;L;A;K;T,"135,154,165,233,91",0.395153,2.61474,1.27643,3.89117,-3.4960169999999997
T;R;S;S;T,L;K;Y;T;V,"72,53,269,214,198",0.393907,2.10066,1.56672,3.6673799999999996,-3.2734729999999996
S;T;I;T;D,A;Y;R;E;V,"124,189,168,270,186",0.393814,5.05558,1.78881,6.84439,-6.450576
S;D;S;N;P,E;H;Y;K;D,"121,186,238,114,197",0.391914,2.83208,1.57327,4.40535,-4.0134360000000004
S;D;R;T;R,E;H;A;M;S,"121,186,280,51,90",0.3918,1.79222,-6.17954,,
S;T;R;S;Q,A;V;A;T;R,"124,198,280,214,127",0.389698,2.1529,2.24575,4.39865,-4.008952
D;L;N;S;Q,L;F;K;Y;A,"220,117,233,269,127",0.388955,2.47846,0.543456,3.021916,-2.632961
N;S;S;S;S,Y;Q;E;P;Y,"37,188,136,245,242",0.388179,1.84971,1.18862,3.03833,-2.650151
A;M;G;Q;R,M;L;A;M;P,"135,154,165,127,280",0.388108,3.19369,1.29097,4.48466,-4.096552
S;D;R;A;S,E;H;A;L;H,"121,186,280,65,187",0.388062,1.50316,-0.139832,1.363328,-0.9752660000000001
T;T;M;R;K,V;M;L;D;F,"198,51,262,90,253",0.38729,2.75602,-2.7494,,
T;R;S;S;S,L;K;Y;T;D,"72,53,269,214,58",0.387215,2.10066,1.87848,3.97914,-3.5919250000000003
S;D;R;T;T,E;H;A;L;N,"121,186,280,72,88",0.386677,1.88057,1.16002,3.04059,-2.6539129999999997
S;T;I;N;G,A;Y;R;K;K,"124,189,168,114,243",0.386574,4.66467,3.0581,7.722770000000001,-7.336196000000001
S;G;S;M;L,W;A;E;L;I,"58,165,136,262,216",0.386452,2.29813,1.43258,3.73071,-3.344258
S;D;R;S;M,E;H;A;T;V,"121,186,280,214,154",0.386203,1.07516,-3.00604,,
Q;K;E;Q;W,L;L;K;L;P,"127,252,231,182,159",0.385233,8.0785,1.19371,9.27221,-8.886977
S;D;R;T;S,E;H;A;M;V,"121,186,280,51,58",0.383884,1.79222,1.64103,3.43325,-3.049366
T;T;M;R;Q,V;M;L;D;K,"198,51,262,90,127",0.383281,2.75602,2.01179,4.76781,-4.384529
S;D;R;L;F,E;H;A;M;M,"121,186,280,216,271",0.3827,0.746184,2.15661,2.902794,-2.5200940000000003
T;T;T;S;Q,L;M;E;F;D,"72,51,270,238,127",0.382431,4.13032,1.96342,6.09374,-5.711309
S;D;R;L;S,E;H;A;M;V,"121,186,280,216,223",0.380733,0.746184,1.13695,1.8831339999999999,-1.5024009999999999
T;T;N;N;G,L;M;K;K;S,"72,51,233,114,243",0.379239,3.42408,1.55439,4.97847,-4.599231
S;D;R;L;S,E;H;A;M;P,"121,186,280,216,245",0.379091,0.746184,1.34851,2.094694,-1.715603
T;T;T;S;L,L;M;E;F;C,"72,51,270,238,249",0.377158,4.13032,1.14374,5.27406,-4.896902000000001
T;T;M;Q;G,V;M;L;L;A,"198,51,262,182,243",0.377003,3.03477,1.45932,4.49409,-4.117087
N;S;S;S;R,Y;Q;E;P;T,"37,188,136,245,90",0.376975,1.84971,-6.75769,,
S;D;R;D;G,E;H;A;L;Q,"121,186,280,220,243",0.37674,2.15121,3.87149,6.0227,-5.6459600000000005
S;D;R;A;R,E;H;A;L;S,"121,186,280,65,90",0.376297,1.50316,-6.17954,,
T;T;M;R;Q,V;M;L;D;N,"198,51,262,90,127",0.375339,2.75602,2.35273,5.108750000000001,-4.733411
N;S;S;R;Q,K;T;W;D;T,"233,214,58,90,91",0.372716,2.40164,1.27643,3.67807,-3.305354
S;D;R;T;M,E;H;A;Y;L,"121,186,280,189,154",0.368697,1.59074,1.39475,2.98549,-2.616793
S;T;I;T;G,A;Y;R;E;T,"124,189,168,270,251",0.367134,5.05558,1.39182,6.4474,-6.080266
S;T;N;D;L,M;V;K;L;D,"238,198,114,220,249",0.365236,4.37095,1.3351,5.706049999999999,-5.340813999999999
S;I;E;Q;S,Q;R;K;L;D,"188,168,231,182,103",0.364879,5.154,1.28938,6.443379999999999,-6.078500999999999
T;R;S;S;L,L;K;Y;T;W,"72,53,269,214,216",0.363098,2.10066,1.37086,3.47152,-3.108422
S;D;R;T;S,E;H;A;Y;P,"121,186,280,189,188",0.362592,1.59074,-0.195825,1.3949150000000001,-1.032323
A;M;L;N;L,M;L;F;Y;I,"135,154,117,37,216",0.362582,2.34832,1.43258,3.7809,-3.4183179999999997
S;D;R;T;R,E;H;A;Y;L,"121,186,280,189,53",0.362559,1.59074,1.57881,3.16955,-2.806991
S;D;R;E;S,E;H;A;K;P,"121,186,280,231,125",0.362427,1.88215,1.21417,3.09632,-2.733893
S;I;E;S;N,Q;R;K;E;L,"188,168,231,136,138",0.360235,5.68401,1.20357,6.88758,-6.5273449999999995
S;I;E;S;P,Q;R;K;E;L,"188,168,231,136,38",0.358284,5.68401,1.38115,7.06516,-6.706875999999999
N;N;N;S;Q,I;K;K;V;T,"114,205,233,269,91",0.356914,1.78881,1.27643,3.06524,-2.708326
T;R;S;S;Q,L;K;Y;T;I,"72,53,269,214,182",0.356846,2.10066,-0.75822,1.3424399999999999,-0.9855939999999999
S;H;T;M;F,P;M;M;L;E,"245,104,29,262,271",0.35676,1.96403,2.659,4.62303,-4.26627
S;I;E;Q;G,Q;R;K;L;I,"188,168,231,182,243",0.35623,5.154,2.1303,7.2843,-6.92807
D;L;N;S;R,L;F;K;Y;Q,"220,117,233,269,132",0.355538,2.47846,1.65183,4.1302900000000005,-3.7747520000000003
S;D;R;T;Q,E;H;A;Y;A,"121,186,280,189,127",0.354833,1.59074,0.543456,2.134196,-1.7793630000000003
A;M;G;N;G,M;L;A;K;K,"135,154,165,233,243",0.353223,2.61474,3.0581,5.67284,-5.319617
S;G;S;M;S,W;A;E;L;T,"58,165,136,262,124",0.352257,2.29813,2.0551,4.35323,-4.000973
S;I;E;N;S,Q;R;K;K;D,"188,168,231,114,103",0.350475,4.79974,1.28938,6.089119999999999,-5.738644999999999
T;T;T;S;G,L;M;E;F;T,"72,51,270,238,254",0.348731,4.13032,-4.84766,,
D;L;N;S;S,L;F;K;Y;H,"220,117,233,269,187",0.346606,2.47846,-0.139832,2.338628,-1.992022
S;D;R;T;N,E;H;A;M;T,"121,186,280,51,190",0.346043,1.79222,1.14081,2.93303,-2.586987
S;D;R;T;S,E;H;A;M;E,"121,186,280,51,207",0.343664,1.79222,1.39808,3.1902999999999997,-2.8466359999999997
S;I;E;S;P,Q;R;K;E;V,"188,168,231,136,184",0.343561,5.68401,0.457537,6.141547,-5.797986
S;D;R;Q;M,E;H;A;M;V,"121,186,280,127,154",0.342573,1.52251,-3.00604,,
T;T;T;T;P,L;M;E;V;V,"72,51,270,198,184",0.342488,4.06726,0.457537,4.524797,-4.182309
A;M;G;N;G,M;L;A;K;Q,"135,154,165,233,243",0.342435,2.61474,3.87149,6.48623,-6.143795
S;D;T;S;P,E;H;P;F;V,"121,186,116,238,184",0.342332,4.39699,0.457537,4.854527,-4.512195
S;D;R;L;D,E;H;A;M;Q,"121,186,280,216,220",0.342099,0.746184,2.86794,3.614124,-3.2720249999999997
S;D;T;Q;L,E;H;P;L;C,"121,186,116,182,249",0.340514,4.19138,1.14374,5.33512,-4.994606
T;R;S;S;A,L;K;Y;T;V,"72,53,269,214,65",0.338048,2.10066,2.10232,4.20298,-3.864932
A;M;L;N;S,M;L;F;Y;Y,"135,154,117,37,242",0.337035,2.34832,1.18862,3.5369400000000004,-3.199905
S;T;I;N;S,A;Y;R;K;Y,"124,189,168,114,242",0.336817,4.66467,1.18862,5.85329,-5.516473
S;D;S;N;S,E;H;Y;K;P,"121,186,238,114,125",0.336215,2.83208,1.21417,4.04625,-3.7100349999999995
T;T;T;S;K,L;M;E;F;A,"72,51,270,238,253",0.334046,4.13032,-2.13229,,
T;R;S;S;Q,L;K;Y;T;I,"72,53,269,214,127",0.333997,2.10066,2.10731,4.2079699999999995,-3.8739729999999994
E;Q;T;Q;S,K;L;L;L;D,"231,182,72,127,103",0.333723,7.66695,1.28938,8.95633,-8.622606999999999
S;D;R;L;N,E;H;A;M;Y,"121,186,280,216,37",0.333134,0.746184,0.685741,1.4319250000000001,-1.098791
S;G;S;M;N,W;A;E;L;K,"58,165,136,262,138",0.331353,2.29813,1.2829,3.58103,-3.249677
N;N;N;S;R,I;K;K;V;A,"114,205,233,269,90",0.331258,1.78881,-6.05749,,
S;T;R;S;K,A;V;A;T;V,"124,198,280,214,253",0.330909,2.1529,-1.77146,0.3814399999999998,-0.05053099999999977
T;T;T;S;N,L;M;E;F;L,"72,51,270,238,138",0.329329,4.13032,1.20357,5.33389,-5.004561000000001
S;D;R;A;S,E;H;A;L;E,"121,186,280,65,115",0.328235,1.50316,1.69898,3.20214,-2.873905
N;S;S;S;Q,Y;Q;E;P;E,"37,188,136,245,133",0.328149,1.84971,2.09284,3.9425499999999998,-3.614401
S;D;R;T;A,E;H;A;L;P,"121,186,280,72,152",0.32763,1.88057,1.82327,3.70384,-3.37621
S;T;N;D;G,M;V;K;L;T,"238,198,114,220,251",0.32727,4.37095,1.39182,5.76277,-5.435499999999999
D;L;N;S;R,L;F;K;Y;P,"220,117,233,269,90",0.326316,2.47846,-15.0143,,
S;T;I;T;K,A;Y;R;E;A,"124,189,168,270,253",0.324257,5.05558,-2.13229,,
T;R;S;S;Q,L;K;Y;T;W,"72,53,269,214,133",0.323331,2.10066,1.99371,4.09437,-3.7710389999999996
S;D;S;N;L,E;H;Y;K;E,"121,186,238,114,216",0.32189,2.83208,1.31255,4.14463,-3.8227400000000005
S;T;N;D;C,M;V;K;L;L,"238,198,114,220,289",0.321144,4.37095,1.40303,5.77398,-5.452836
S;D;R;T;T,E;H;A;M;D,"121,186,280,51,88",0.32038,1.79222,1.98481,3.77703,-3.45665
S;D;R;D;I,E;H;A;L;R,"121,186,280,220,168",0.319886,2.15121,-14.7567,,
A;M;R;G;Q,M;L;N;A;T,"135,154,90,165,127",0.319578,2.37909,0.705474,3.0845640000000003,-2.7649860000000004
S;D;R;A;T,E;H;A;L;Q,"121,186,280,65,88",0.319564,1.50316,1.20927,2.7124300000000003,-2.392866
N;S;T;H;F,Y;Q;M;M;M,"37,188,29,104,191",0.319119,1.62133,0.285492,1.906822,-1.587703
T;T;M;Q;C,V;M;L;L;A,"198,51,262,182,289",0.317895,3.03477,-0.0850688,2.9497012,-2.6318061999999998
N;N;N;S;M,I;K;K;V;V,"114,205,233,269,154",0.316065,1.78881,-3.00604,,
S;T;R;S;N,A;V;A;T;K,"124,198,280,214,138",0.315727,2.1529,1.2829,3.4357999999999995,-3.1200729999999997
D;L;N;S;T,L;F;K;Y;N,"220,117,233,269,88",0.315711,2.47846,1.16002,3.6384800000000004,-3.3227690000000005
S;D;R;E;A,E;H;A;K;P,"121,186,280,231,152",0.315342,1.88215,1.82327,3.70542,-3.390078
S;D;R;T;M,E;H;A;L;L,"121,186,280,72,154",0.314982,1.88057,1.39475,3.27532,-2.9603379999999997
S;D;R;T;Q,E;H;A;L;V,"121,186,280,72,127",0.313669,1.88057,1.22374,3.10431,-2.790641
S;T;I;D;N,A;Y;R;L;K,"124,189,168,220,138",0.311342,5.25397,1.2829,6.5368699999999995,-6.225528
N;S;T;H;Q,Y;Q;M;M;A,"37,188,29,104,127",0.309693,1.62133,0.543456,2.164786,-1.8550929999999999
N;N;N;S;Q,I;K;K;V;K,"114,205,233,269,127",0.308609,1.78881,2.01179,3.8006,-3.491991
S;D;R;T;Q,E;H;A;L;A,"121,186,280,72,127",0.30722,1.88057,0.543456,2.424026,-2.116806
E;Q;Q;D;W,K;L;L;L;C,"231,182,127,220,257",0.304262,7.84419,2.40869,10.252880000000001,-9.948618000000002
S;D;R;A;G,E;H;A;E;A,"121,186,280,152,165",0.30302,1.40875,-4.58782,,
A;M;R;G;S,M;L;N;A;Y,"135,154,90,165,269",0.30144,2.37909,-0.731655,1.6474350000000002,-1.3459950000000003
A;M;G;N;Q,M;L;A;K;T,"135,154,165,233,127",0.300956,2.61474,0.705474,3.320214,-3.0192579999999998
D;L;N;S;L,L;F;K;Y;Q,"220,117,233,269,216",0.300527,2.47846,1.66917,4.14763,-3.8471030000000006
S;H;T;M;A,P;M;M;L;V,"245,104,29,262,65",0.297125,1.96403,2.10232,4.06635,-3.769225
S;D;T;Q;R,E;H;P;L;P,"121,186,116,182,280",0.296381,4.19138,1.29097,5.482349999999999,-5.185968999999999
S;T;N;D;S,M;V;K;L;P,"238,198,114,220,125",0.293762,4.37095,1.21417,5.58512,-5.291358
S;D;R;T;N,E;H;A;Y;I,"121,186,280,189,37",0.292702,1.59074,1.86168,3.45242,-3.159718
S;T;I;T;G,A;Y;R;E;Q,"124,189,168,270,243",0.292003,5.05558,3.87149,8.92707,-8.635067000000001
S;I;E;N;W,Q;R;K;K;I,"188,168,231,114,159",0.289933,4.79974,1.51695,6.3166899999999995,-6.026757
S;H;T;M;R,P;M;M;L;S,"245,104,29,262,90",0.2896,1.96403,-6.17954,,
S;I;E;N;Q,Q;R;K;K;E,"188,168,231,114,127",0.289223,4.79974,1.46399,6.26373,-5.974507
S;D;R;D;H,E;H;A;L;R,"121,186,280,220,104",0.289013,2.15121,1.19641,3.34762,-3.058607
D;L;N;S;F,L;F;K;Y;E,"220,117,233,269,271",0.286855,2.47846,2.659,5.13746,-4.850605
D;L;N;Q;K,L;F;K;M;A,"220,117,233,127,253",0.286565,3.80149,-2.13229,,
T;T;M;Q;L,V;M;L;L;E,"198,51,262,182,216",0.286079,3.03477,1.31255,4.34732,-4.061241
S;D;R;L;R,E;H;A;M;L,"121,186,280,216,53",0.285383,0.746184,1.57881,2.3249940000000002,-2.0396110000000003
S;H;T;M;Q,P;M;M;L;W,"245,104,29,262,133",0.28532,1.96403,1.99371,3.9577400000000003,-3.6724200000000002
A;M;R;G;Q,M;L;N;A;T,"135,154,90,165,91",0.285267,2.37909,1.27643,3.65552,-3.370253
S;D;R;Q;A,E;H;A;M;P,"121,186,280,127,152",0.282558,1.52251,1.82327,3.34578,-3.063222
T;T;M;Q;L,V;M;L;L;K,"198,51,262,182,249",0.280491,3.03477,1.9138,4.94857,-4.6680790000000005
A;M;G;N;L,M;L;A;K;K,"135,154,165,233,249",0.276164,2.61474,1.9138,4.52854,-4.252376
S;D;R;D;S,E;H;A;L;V,"121,186,280,220,58",0.276066,2.15121,1.64103,3.7922399999999996,-3.5161739999999995
S;D;R;A;F,E;H;A;E;M,"121,186,280,152,271",0.272748,1.40875,2.15661,3.56536,-3.292612
S;H;T;S;S,P;M;M;W;P,"245,104,29,58,188",0.27213,1.79588,-0.195825,1.600055,-1.327925
S;G;S;M;Q,W;A;E;L;N,"58,165,136,262,127",0.272046,2.29813,2.35273,4.65086,-4.378814
S;D;R;S;R,E;H;A;T;Q,"121,186,280,214,132",0.27015,1.07516,1.65183,2.72699,-2.4568399999999997
S;G;S;M;Q,W;A;E;L;T,"58,165,136,262,127",0.268625,2.29813,0.705474,3.003604,-2.734979
N;S;S;S;S,Y;Q;E;P;Y,"37,188,136,245,269",0.268078,1.84971,-0.731655,1.118055,-0.849977
S;D;R;A;S,E;H;A;E;W,"121,186,280,152,58",0.267099,1.40875,1.17243,2.58118,-2.314081
S;I;E;S;V,Q;R;K;E;D,"188,168,231,136,57",0.266844,5.68401,1.23826,6.922269999999999,-6.655425999999999
S;H;T;M;F,P;M;M;L;M,"245,104,29,262,191",0.264183,1.96403,0.285492,2.249522,-1.9853389999999997
S;D;R;S;N,E;H;A;T;I,"121,186,280,214,37",0.263169,1.07516,1.86168,2.93684,-2.673671
S;H;T;S;G,P;M;M;W;Q,"245,104,29,58,243",0.261831,1.79588,3.87149,5.66737,-5.405539
E;Q;Q;D;Y,K;L;L;L;G,"231,182,127,220,63",0.260326,7.84419,-1.32041,6.52378,-6.263454
S;D;R;E;G,E;H;A;K;Q,"121,186,280,231,243",0.257662,1.88215,3.87149,5.75364,-5.495978
S;T;I;T;Q,A;Y;R;E;T,"124,189,168,270,127",0.25762,5.05558,0.705474,5.761054,-5.5034339999999995
S;D;R;T;L,E;H;A;L;F,"121,186,280,72,216",0.256935,1.88057,1.28942,3.1699900000000003,-2.9130550000000004
T;S;S;K;S,P;N;P;L;D,"116,238,290,252,103",0.256422,5.29036,1.28938,6.579739999999999,-6.3233179999999996
A;M;G;Q;C,M;L;A;M;S,"135,154,165,127,289",0.256022,3.19369,-1.16436,2.02933,-1.7733079999999999
A;M;G;N;L,M;L;A;K;E,"135,154,165,233,216",0.255888,2.61474,1.31255,3.92729,-3.671402
S;T;I;N;R,A;Y;R;K;V,"124,189,168,114,34",0.255036,4.66467,3.28169,7.94636,-7.691324000000001
N;N;N;S;C,I;K;K;V;L,"114,205,233,269,289",0.254144,1.78881,1.40303,3.19184,-2.937696
T;T;N;N;N,V;M;K;K;L,"198,51,233,114,138",0.253915,3.19949,1.20357,4.40306,-4.149145
N;N;N;S;G,I;K;K;V;Q,"114,205,233,269,243",0.252874,1.78881,3.87149,5.6603,-5.407426
S;D;R;A;S,E;H;A;E;E,"121,186,280,152,136",0.252051,1.40875,0.298574,1.7073239999999998,-1.4552729999999998
S;D;R;A;R,E;H;A;L;Q,"121,186,280,65,132",0.249943,1.50316,1.65183,3.1549899999999997,-2.9050469999999997
N;S;T;H;I,Y;Q;M;M;R,"37,188,29,104,168",0.248109,1.62133,-14.7567,,
T;T;M;R;G,V;M;L;D;L,"198,51,262,90,243",0.24486,2.75602,3.65866,6.41468,-6.16982
T;T;M;Q;S,V;M;L;L;H,"198,51,262,182,214",0.244818,3.03477,-2.16722,,
T;T;T;S;L,L;M;E;F;K,"72,51,270,238,249",0.244019,4.13032,1.9138,6.04412,-5.800101000000001
S;D;R;S;A,E;H;A;T;N,"121,186,280,214,226",0.242876,1.07516,1.44085,2.5160099999999996,-2.2731339999999998
S;T;N;D;S,M;V;K;L;N,"238,198,114,220,103",0.242352,4.37095,1.48912,5.8600699999999994,-5.617717999999999
A;M;R;G;G,M;L;N;A;Q,"135,154,90,165,243",0.242019,2.37909,3.87149,6.25058,-6.008561
S;D;R;T;Q,E;H;A;Y;T,"121,186,280,189,127",0.240813,1.59074,0.705474,2.296214,-2.055401
S;T;I;N;G,A;Y;R;K;T,"124,189,168,114,251",0.240734,4.66467,1.39182,6.05649,-5.815756
A;M;G;N;G,M;L;A;K;A,"135,154,165,233,243",0.239745,2.61474,1.45932,4.074059999999999,-3.8343149999999993
A;M;G;Q;V,M;L;A;M;D,"135,154,165,127,57",0.238649,3.19369,1.23826,4.4319500000000005,-4.193301000000001
S;D;R;Q;R,E;H;A;M;N,"121,186,280,127,132",0.235966,1.52251,1.97104,3.49355,-3.257584
S;T;N;D;K,M;V;K;L;Y,"238,198,114,220,253",0.235394,4.37095,-2.49422,,
A;M;G;N;A,M;L;A;K;T,"135,154,165,233,180",0.234341,2.61474,1.57849,4.19323,-3.9588889999999997
S;T;I;D;G,A;Y;R;L;Q,"124,189,168,220,243",0.233954,5.25397,3.87149,9.12546,-8.891506
S;D;T;S;G,E;H;P;F;H,"121,186,116,238,251",0.233361,4.39699,1.17609,5.57308,-5.339719
N;S;S;R;L,K;T;W;D;I,"233,214,58,90,216",0.23069,2.40164,1.43258,3.83422,-3.60353
A;M;R;G;S,M;L;N;A;Y,"135,154,90,165,242",0.228115,2.37909,1.18862,3.56771,-3.339595
S;D;S;N;G,E;H;Y;K;S,"121,186,238,114,243",0.227717,2.83208,1.55439,4.38647,-4.158753
S;D;R;T;S,E;H;A;M;D,"121,186,280,51,58",0.22683,1.79222,1.87848,3.6707,-3.44387
S;D;R;A;H,E;H;A;E;L,"121,186,280,152,104",0.225751,1.40875,1.59008,2.99883,-2.773079
S;D;R;T;I,E;H;A;Y;R,"121,186,280,189,168",0.225296,1.59074,-14.7567,,
T;R;S;S;I,L;K;Y;T;V,"72,53,269,214,200",0.222496,2.10066,1.28856,3.38922,-3.166724
N;S;S;S;S,Y;Q;E;P;N,"37,188,136,245,124",0.221955,1.84971,4.11541,5.96512,-5.743164999999999
S;D;R;T;A,E;H;A;Y;N,"121,186,280,189,226",0.216746,1.59074,1.44085,3.03159,-2.814844
N;S;S;R;M,K;T;W;D;V,"233,214,58,90,154",0.216394,2.40164,-3.00604,,
S;D;R;T;S,E;H;A;Y;V,"121,186,280,189,58",0.216334,1.59074,1.64103,3.23177,-3.0154360000000002
A;M;L;N;R,M;L;F;Y;V,"135,154,117,37,34",0.216079,2.34832,3.28169,5.63001,-5.413931000000001
N;S;S;R;Q,K;T;W;D;T,"233,214,58,90,127",0.21601,2.40164,0.705474,3.107114,-2.8911040000000003
S;D;R;T;S,E;H;A;L;H,"121,186,280,72,214",0.213312,1.88057,-2.16722,,
S;D;R;A;Q,E;H;A;L;Y,"121,186,280,65,119",0.212965,1.50316,-4.54044,,
T;S;S;T;S,P;N;P;E;N,"116,238,290,270,103",0.212597,5.17498,1.48912,6.6640999999999995,-6.451503
S;D;R;T;K,E;H;A;M;L,"121,186,280,51,253",0.212499,1.79222,-1.0623,0.7299199999999999,-0.5174209999999999
S;D;R;T;M,E;H;A;L;V,"121,186,280,72,154",0.210848,1.88057,-3.00604,,
A;M;L;N;G,M;L;F;Y;Q,"135,154,117,37,243",0.210363,2.34832,3.87149,6.219810000000001,-6.009447000000001
S;T;I;T;L,A;Y;R;E;I,"124,189,168,270,216",0.209942,5.05558,1.43258,6.48816,-6.278218
S;D;R;S;L,E;H;A;T;F,"121,186,280,214,117",0.208988,1.07516,-2.30857,,
D;L;N;S;A,L;F;K;Y;N,"220,117,233,269,226",0.207752,2.47846,1.44085,3.9193100000000003,-3.711558
S;D;R;T;F,E;H;A;M;M,"121,186,280,51,271",0.206011,1.79222,2.15661,3.94883,-3.742819
T;T;M;R;M,V;M;L;D;H,"198,51,262,90,161",0.203789,2.75602,0.29128,3.0473,-2.843511
T;T;M;R;G,V;M;L;D;S,"198,51,262,90,243",0.202482,2.75602,1.55439,4.31041,-4.107928
S;T;R;S;K,A;V;A;T;F,"124,198,280,214,253",0.201661,2.1529,-2.7494,,
A;M;R;G;A,M;L;N;A;T,"135,154,90,165,180",0.200522,2.37909,1.57849,3.95758,-3.7570580000000002
S;D;R;L;T,E;H;A;M;V,"121,186,280,216,198",0.200385,0.746184,1.56672,2.3129039999999996,-2.112519
S;D;R;E;L,E;H;A;K;Q,"121,186,280,231,216",0.200133,1.88215,1.66917,3.55132,-3.351187
D;L;N;S;L,L;F;K;Y;M,"220,117,233,269,216",0.200056,2.47846,1.46945,3.9479100000000003,-3.7478540000000002
S;D;S;N;G,E;H;Y;K;A,"121,186,238,114,243",0.197946,2.83208,1.45932,4.291399999999999,-4.0934539999999995
S;D;R;D;L,E;H;A;L;Q,"121,186,280,220,216",0.190847,2.15121,1.66917,3.82038,-3.6295330000000003
T;T;N;N;C,L;M;K;K;S,"72,51,233,114,289",0.190505,3.42408,-1.16436,2.2597199999999997,-2.069215
S;T;I;T;R,A;Y;R;E;P,"124,189,168,270,280",0.190455,5.05558,1.29097,6.34655,-6.156095
S;D;R;A;A,E;H;A;E;W,"121,186,280,152,65",0.187241,1.40875,1.13227,2.54102,-2.3537790000000003
T;T;T;S;G,L;M;E;F;H,"72,51,270,238,251",0.186614,4.13032,1.17609,5.3064100000000005,-5.119796000000001
S;I;E;S;F,Q;R;K;E;M,"188,168,231,136,191",0.186253,5.68401,0.285492,5.969501999999999,-5.783249
A;M;L;N;A,M;L;F;Y;V,"135,154,117,37,65",0.186213,2.34832,2.10232,4.45064,-4.2644269999999995
S;D;R;T;L,E;H;A;Y;E,"121,186,280,189,216",0.186095,1.59074,1.31255,2.90329,-2.7171950000000002
N;S;T;H;I,Y;Q;M;M;V,"37,188,29,104,200",0.185447,1.62133,1.28856,2.90989,-2.724443
N;S;S;S;A,Y;Q;E;P;N,"37,188,136,245,226",0.183669,1.84971,1.44085,3.29056,-3.106891
S;D;R;T;R,E;H;A;L;A,"121,186,280,72,90",0.182972,1.88057,-6.05749,,
S;D;R;Q;I,E;H;A;M;H,"121,186,280,127,168",0.181222,1.52251,-1.74709,-0.22458,0.405802
N;N;N;S;L,I;K;K;V;I,"114,205,233,269,216",0.180839,1.78881,1.43258,3.22139,-3.040551
T;S;S;K;W,P;N;P;L;I,"116,238,290,252,159",0.179339,5.29036,1.51695,6.807309999999999,-6.627971
S;D;T;K;Q,E;H;P;L;E,"121,186,116,252,127",0.17596,4.99838,1.46399,6.46237,-6.28641
S;D;R;E;L,E;H;A;K;E,"121,186,280,231,216",0.174655,1.88215,1.31255,3.1947,-3.020045
T;T;N;N;Q,L;M;K;K;R,"72,51,233,114,127",0.17388,3.42408,2.24575,5.66983,-5.495950000000001
S;D;R;A;Q,E;H;A;E;K,"121,186,280,152,127",0.173144,1.40875,2.01179,3.42054,-3.2473959999999997
S;I;E;Q;L,Q;R;K;L;P,"188,168,231,182,216",0.171608,5.154,1.17536,6.329359999999999,-6.1577519999999994
T;T;N;N;V,V;M;K;K;D,"198,51,233,114,57",0.17146,3.19949,1.23826,4.437749999999999,-4.26629
S;D;S;N;T,E;H;Y;K;N,"121,186,238,114,198",0.170997,2.83208,1.15645,3.98853,-3.817533
S;D;R;E;Q,E;H;A;K;N,"121,186,280,231,127",0.169173,1.88215,2.35273,4.23488,-4.065707000000001
S;D;R;Q;I,E;H;A;M;R,"121,186,280,127,168",0.167697,1.52251,-14.7567,,
D;L;N;S;I,L;F;K;Y;V,"220,117,233,269,200",0.167277,2.47846,1.28856,3.76702,-3.599743
S;D;R;D;K,E;H;A;L;Y,"121,186,280,220,253",0.166569,2.15121,-2.49422,,
S;D;R;T;A,E;H;A;M;L,"121,186,280,51,65",0.165574,1.79222,1.28107,3.07329,-2.907716
S;D;R;L;T,E;H;A;M;E,"121,186,280,216,270",0.164785,0.746184,3.52614,4.272323999999999,-4.107538999999999
T;R;S;S;I,L;K;Y;T;H,"72,53,269,214,168",0.16432,2.10066,-1.74709,0.35356999999999994,-0.18924999999999995
N;S;S;R;L,K;T;W;D;E,"233,214,58,90,216",0.161554,2.40164,1.31255,3.7141900000000003,-3.552636
S;T;I;D;W,A;Y;R;L;K,"124,189,168,220,257",0.160636,5.25397,1.47425,6.72822,-6.567584
D;L;N;S;R,L;F;K;Y;L,"220,117,233,269,53",0.157386,2.47846,1.57881,4.05727,-3.899884
N;S;S;R;F,K;T;W;D;E,"233,214,58,90,271",0.156252,2.40164,2.659,5.060639999999999,-4.904387999999999
N;S;T;H;S,Y;Q;M;M;Y,"37,188,29,104,269",0.155638,1.62133,-0.731655,0.8896749999999999,-0.7340369999999998
S;T;I;T;A,A;Y;R;E;V,"124,189,168,270,65",0.155236,5.05558,2.10232,7.1579,-7.002663999999999
T;T;M;Q;S,V;M;L;L;P,"198,51,262,182,125",0.151742,3.03477,1.21417,4.24894,-4.097198000000001
S;D;R;T;S,E;H;A;M;P,"121,186,280,51,245",0.15135,1.79222,1.34851,3.14073,-2.98938
S;T;R;S;A,A;V;A;T;V,"124,198,280,214,65",0.151175,2.1529,2.10232,4.25522,-4.104044999999999
S;T;I;D;Q,A;Y;R;L;R,"124,189,168,220,127",0.150802,5.25397,2.24575,7.49972,-7.348918
T;R;S;S;H,L;K;Y;T;R,"72,53,269,214,104",0.148998,2.10066,1.19641,3.2970699999999997,-3.1480719999999995
S;D;R;T;Q,E;H;A;M;V,"121,186,280,51,182",0.148032,1.79222,-2.18418,,
T;T;M;R;L,V;M;L;D;E,"198,51,262,90,216",0.147413,2.75602,1.31255,4.06857,-3.9211570000000004
N;N;N;S;A,I;K;K;V;V,"114,205,233,269,65",0.145549,1.78881,2.10232,3.8911300000000004,-3.7455810000000005
S;T;I;D;M,A;Y;R;L;H,"124,189,168,220,161",0.143644,5.25397,0.29128,5.545249999999999,-5.401605999999999
S;D;T;Q;P,E;H;P;L;Q,"121,186,116,182,38",0.141311,4.19138,1.58069,5.772069999999999,-5.630758999999999
S;D;T;K;L,E;H;P;L;P,"121,186,116,252,216",0.138028,4.99838,1.17536,6.1737400000000004,-6.035712
S;D;R;E;Q,E;H;A;K;T,"121,186,280,231,91",0.136464,1.88215,1.27643,3.1585799999999997,-3.0221159999999996
S;D;R;A;R,E;H;A;E;Q,"121,186,280,152,132",0.136344,1.40875,1.65183,3.06058,-2.924236
S;D;R;D;Q,E;H;A;L;W,"121,186,280,220,133",0.134601,2.15121,1.99371,4.14492,-4.010319
S;D;R;D;N,E;H;A;L;K,"121,186,280,220,138",0.130186,2.15121,1.2829,3.4341099999999996,-3.3039239999999994
S;D;S;N;K,E;H;Y;K;L,"121,186,238,114,253",0.130027,2.83208,-1.0623,1.76978,-1.6397529999999998
N;S;S;S;I,Y;Q;E;P;V,"37,188,136,245,200",0.129842,1.84971,1.28856,3.13827,-3.008428
S;I;E;Q;Q,Q;R;K;L;N,"188,168,231,182,127",0.128471,5.154,2.35273,7.50673,-7.378259
T;S;S;K;G,P;N;P;L;I,"116,238,290,252,243",0.124578,5.29036,2.1303,7.42066,-7.296082
S;D;R;E;A,E;H;A;K;T,"121,186,280,231,180",0.124055,1.88215,1.57849,3.4606399999999997,-3.336585
S;G;S;M;V,W;A;E;L;D,"58,165,136,262,57",0.123582,2.29813,1.23826,3.53639,-3.412808
T;S;S;T;W,P;N;P;E;I,"116,238,290,270,159",0.122786,5.17498,1.51695,6.691929999999999,-6.569144
D;L;N;Q;L,L;F;K;M;W,"220,117,233,127,216",0.121278,3.80149,1.37086,5.17235,-5.051072
S;G;S;M;A,W;A;E;L;V,"58,165,136,262,65",0.119044,2.29813,2.10232,4.40045,-4.2814060000000005
S;D;R;T;R,E;H;A;L;T,"121,186,280,72,90",0.11593,1.88057,-6.75769,,
S;G;S;M;G,W;A;E;L;K,"58,165,136,262,243",0.114513,2.29813,3.0581,5.35623,-5.241717
N;S;S;R;S,K;T;W;D;Y,"233,214,58,90,242",0.111582,2.40164,1.18862,3.59026,-3.478678
S;D;R;D;L,E;H;A;L;M,"121,186,280,220,216",0.11117,2.15121,1.46945,3.62066,-3.50949
S;D;R;D;L,E;H;A;L;K,"121,186,280,220,249",0.110886,2.15121,1.9138,4.06501,-3.954124
T;S;S;K;Y,P;N;P;L;S,"116,238,290,252,63",0.109215,5.29036,-1.05409,4.236269999999999,-4.1270549999999995
S;G;S;M;V,W;A;E;L;C,"58,165,136,262,281",0.10778,2.29813,1.22272,3.5208500000000003,-3.4130700000000003
S;T;I;N;C,A;Y;R;K;A,"124,189,168,114,289",0.10717,4.66467,-0.0850688,4.5796012,-4.4724312
S;D;R;T;Q,E;H;A;M;L,"121,186,280,51,182",0.104257,1.79222,-1.69976,0.09245999999999999,0.011797000000000016
S;D;R;L;Q,E;H;A;M;L,"121,186,280,216,127",0.104123,0.746184,1.54969,2.295874,-2.191751
S;I;E;Q;K,Q;R;K;L;A,"188,168,231,182,253",0.0995971,5.154,-2.13229,,
S;D;R;A;L,E;H;A;E;W,"121,186,280,152,216",0.0986284,1.40875,1.37086,2.77961,-2.6809816
S;D;R;D;S,E;H;A;L;H,"121,186,280,220,214",0.0984904,2.15121,-2.16722,,
S;T;I;N;G,A;Y;R;K;Q,"124,189,168,114,243",0.0984214,4.66467,3.87149,8.53616,-8.437738600000001
S;D;T;Q;D,E;H;P;L;K,"121,186,116,182,263",0.0977756,4.19138,1.32913,5.52051,-5.4227343999999995
S;G;S;M;L,W;A;E;L;K,"58,165,136,262,249",0.0975853,2.29813,1.9138,4.21193,-4.114344699999999
S;H;T;S;Q,P;M;M;W;T,"245,104,29,58,127",0.0975492,1.79588,0.705474,2.501354,-2.4038048
S;D;R;A;H,E;H;A;L;M,"121,186,280,65,104",0.0973432,1.50316,1.29417,2.79733,-2.6999868
T;T;T;S;T,L;M;E;F;N,"72,51,270,238,198",0.0948958,4.13032,1.15645,5.286770000000001,-5.191874200000001
S;D;R;T;Q,E;H;A;Y;I,"121,186,280,189,182",0.0941993,1.59074,-0.75822,0.83252,-0.7383207
N;S;T;H;Q,Y;Q;M;M;N,"37,188,29,104,127",0.0928466,1.62133,2.35273,3.97406,-3.8812134
S;H;T;S;K,P;M;M;W;L,"245,104,29,58,253",0.0903432,1.79588,-1.0623,0.7335799999999999,-0.6432367999999999
S;H;T;S;R,P;M;M;W;A,"245,104,29,58,90",0.0881867,1.79588,-6.05749,,
S;D;R;A;S,E;H;A;E;V,"121,186,280,152,223",0.0872613,1.40875,1.13695,2.5457,-2.4584387
N;S;T;H;M,Y;Q;M;M;V,"37,188,29,104,154",0.087261,1.62133,-3.00604,,
N;N;N;S;K,I;K;K;V;V,"114,205,233,269,253",0.0866774,1.78881,-1.77146,0.017349999999999977,0.06932740000000003
S;I;E;S;L,Q;R;K;E;W,"188,168,231,136,216",0.0857193,5.68401,1.37086,7.054869999999999,-6.969150699999999
S;D;R;S;S,E;H;A;T;T,"121,186,280,214,124",0.0849047,1.07516,2.0551,3.13026,-3.0453552999999998
A;M;R;G;S,M;L;N;A;T,"135,154,90,165,124",0.0826457,2.37909,2.0551,4.43419,-4.3515443000000005
T;T;N;N;C,V;M;K;K;S,"198,51,233,114,289",0.081228,3.19949,-1.16436,2.0351299999999997,-1.9539019999999996
S;D;R;T;K,E;H;A;L;F,"121,186,280,72,253",0.0805451,1.88057,-2.7494,,
S;T;I;N;Q,A;Y;R;K;F,"124,189,168,114,182",0.0792861,4.66467,-2.12573,,
N;S;S;R;V,K;T;W;D;D,"233,214,58,90,57",0.075894,2.40164,1.23826,3.6399,-3.564006
N;S;T;H;L,Y;Q;M;M;Q,"37,188,29,104,216",0.0731728,1.62133,1.66917,3.2904999999999998,-3.2173271999999997
S;D;R;D;K,E;H;A;L;L,"121,186,280,220,253",0.0726449,2.15121,-1.0623,1.0889099999999998,-1.0162650999999998
S;D;R;S;L,E;H;A;T;W,"121,186,280,214,216",0.0723667,1.07516,1.37086,2.44602,-2.3736533
S;D;R;Q;A,E;H;A;M;M,"121,186,280,127,65",0.0654097,1.52251,1.26675,2.78926,-2.7238503
S;D;R;S;F,E;H;A;T;E,"121,186,280,214,271",0.0650398,1.07516,2.659,3.7341599999999997,-3.6691201999999996
S;D;R;T;Q,E;H;A;L;I,"121,186,280,72,182",0.0637138,1.88057,-0.75822,1.12235,-1.0586362
S;D;R;A;S,E;H;A;E;Q,"121,186,280,152,188",0.0631825,1.40875,-1.43683,-0.028080000000000105,0.09126250000000011
S;D;R;T;R,E;H;A;L;L,"121,186,280,72,53",0.0628385,1.88057,1.57881,3.4593800000000003,-3.3965415000000005
T;T;T;T;R,L;M;E;V;Y,"72,51,270,198,123",0.0617729,4.06726,1.89278,5.96004,-5.8982671
S;D;R;L;T,E;H;A;M;D,"121,186,280,216,88",0.0605109,0.746184,1.98481,2.730994,-2.6704830999999998
T;T;M;Q;H,V;M;L;L;R,"198,51,262,182,104",0.0602632,3.03477,1.19641,4.23118,-4.1709168000000005
S;H;T;M;N,P;M;M;L;K,"245,104,29,262,138",0.0600569,1.96403,1.2829,3.24693,-3.1868730999999997
S;D;R;E;C,E;H;A;K;L,"121,186,280,231,289",0.0598873,1.88215,1.40303,3.28518,-3.2252927
N;S;T;H;L,Y;Q;M;M;I,"37,188,29,104,216",0.0586636,1.62133,1.43258,3.05391,-2.9952464
D;L;N;S;M,L;F;K;Y;V,"220,117,233,269,154",0.058592,2.47846,-3.00604,,
S;D;R;L;T,E;H;A;M;Q,"121,186,280,216,88",0.057922,0.746184,1.20927,1.955454,-1.897532
S;G;S;M;C,W;A;E;L;A,"58,165,136,262,289",0.0563919,2.29813,-0.0850688,2.2130612,-2.1566693
D;L;N;S;A,L;F;K;Y;T,"220,117,233,269,180",0.0529111,2.47846,1.57849,4.0569500000000005,-4.0040389
N;S;S;R;R,K;T;W;D;P,"233,214,58,90,280",0.0514543,2.40164,1.29097,3.69261,-3.6411557
S;D;R;T;H,E;H;A;Y;R,"121,186,280,189,104",0.050895,1.59074,1.19641,2.78715,-2.736255
S;D;T;E;W,E;H;P;K;P,"121,186,116,231,159",0.04771,6.58675,1.19371,7.780460000000001,-7.73275
T;T;N;N;I,L;M;K;K;L,"72,51,233,114,145",0.0469317,3.42408,1.3052,4.72928,-4.6823483
S;I;E;S;R,Q;R;K;E;A,"188,168,231,136,280",0.0460248,5.68401,-0.374307,5.309703,-5.2636782
S;D;R;S;N,E;H;A;T;T,"121,186,280,214,190",0.0453207,1.07516,1.14081,2.21597,-2.1706493
T;R;S;S;R,L;K;Y;T;P,"72,53,269,214,90",0.04423,2.10066,-15.0143,,
N;N;N;S;Q,I;K;K;V;N,"114,205,233,269,133",0.0440565,1.78881,1.21979,3.0086,-2.9645435
S;D;T;K;S,E;H;P;L;D,"121,186,116,252,103",0.0437783,4.99838,1.28938,6.2877600000000005,-6.243981700000001
S;T;R;S;P,A;V;A;T;D,"124,198,280,214,197",0.0437736,2.1529,1.57327,3.7261699999999998,-3.6823963999999996
A;M;G;N;V,M;L;A;K;C,"135,154,165,233,281",0.0423177,2.61474,1.22272,3.83746,-3.7951423
A;M;L;N;Q,M;L;F;Y;W,"135,154,117,37,133",0.0400336,2.34832,1.99371,4.34203,-4.3019964
S;D;R;Q;K,E;H;A;M;L,"121,186,280,127,253",0.0392269,1.52251,-1.0623,0.46021,-0.4209831
N;N;N;S;Q,I;K;K;V;N,"114,205,233,269,127",0.0382224,1.78881,2.35273,4.14154,-4.1033176
S;H;T;M;Q,P;M;M;L;T,"245,104,29,262,91",0.0366515,1.96403,1.27643,3.2404599999999997,-3.2038084999999996
S;H;T;M;L,P;M;M;L;I,"245,104,29,262,216",0.0355713,1.96403,1.43258,3.39661,-3.3610387
S;D;R;A;N,E;H;A;L;Y,"121,186,280,65,37",0.0330167,1.50316,0.685741,2.188901,-2.1558843
S;D;R;T;Q,E;H;A;Y;W,"121,186,280,189,133",0.032429,1.59074,1.99371,3.5844500000000004,-3.5520210000000003
S;D;R;A;R,E;H;A;L;N,"121,186,280,65,90",0.032119,1.50316,-12.5581,,
T;S;S;T;Y,P;N;P;E;S,"116,238,290,270,63",0.0318101,5.17498,-1.05409,4.120889999999999,-4.089079899999999
N;N;N;S;A,I;K;K;V;T,"114,205,233,269,180",0.0314515,1.78881,1.57849,3.3673,-3.3358485
N;S;T;H;S,Y;Q;M;M;H,"37,188,29,104,214",0.0295018,1.62133,-2.16722,,
S;D;R;T;Q,E;H;A;Y;V,"121,186,280,189,182",0.0289143,1.59074,-2.18418,,
S;D;R;A;R,E;H;A;L;L,"121,186,280,65,53",0.0275814,1.50316,1.57881,3.08197,-3.0543886000000002
S;D;R;A;N,E;H;A;L;H,"121,186,280,65,205",0.0240235,1.50316,0.934161,2.437321,-2.4132974999999997
T;T;T;S;C,L;M;E;F;S,"72,51,270,238,289",0.0233585,4.13032,-1.16436,2.96596,-2.9426015
A;M;L;N;N,M;L;F;Y;K,"135,154,117,37,138",0.021649,2.34832,1.2829,3.63122,-3.609571
S;D;R;D;I,E;H;A;L;V,"121,186,280,220,200",0.0212371,2.15121,1.28856,3.4397699999999998,-3.4185328999999998
S;D;R;A;L,E;H;A;L;W,"121,186,280,65,216",0.0211431,1.50316,1.37086,2.87402,-2.8528768999999996
S;D;R;S;K,E;H;A;T;L,"121,186,280,214,253",0.0205898,1.07516,-1.0623,0.012859999999999872,0.007729800000000127
S;D;T;K;N,E;H;P;L;L,"121,186,116,252,138",0.0193783,4.99838,1.20357,6.20195,-6.1825717000000004
A;M;G;N;P,M;L;A;K;D,"135,154,165,233,197",0.0172087,2.61474,1.57327,4.18801,-4.1708013
A;M;G;N;Q,M;L;A;K;N,"135,154,165,233,133",0.0160075,2.61474,1.21979,3.83453,-3.8185225
T;T;N;N;L,L;M;K;K;D,"72,51,233,114,249",0.0149703,3.42408,1.3351,4.75918,-4.7442097
S;I;E;Q;N,Q;R;K;L;L,"188,168,231,182,138",0.0149636,5.154,1.20357,6.35757,-6.3426064
S;T;N;D;K,M;V;K;L;A,"238,198,114,220,253",0.0137952,4.37095,-2.13229,,
S;D;R;L;A,E;H;A;M;D,"121,186,280,216,226",0.0124154,0.746184,-6.56873,,
S;D;R;L;A,E;H;A;M;M,"121,186,280,216,65",0.0124141,0.746184,1.26675,2.012934,-2.0005199
S;G;S;M;K,W;A;E;L;Y,"58,165,136,262,253",0.0120922,2.29813,-2.49422,,
S;D;R;E;K,E;H;A;K;V,"121,186,280,231,253",0.0119384,1.88215,-1.77146,0.11068999999999996,-0.09875159999999995
S;I;E;Q;D,Q;R;K;L;K,"188,168,231,182,263",0.0116083,5.154,1.32913,6.48313,-6.4715217
S;H;T;M;G,P;M;M;L;Q,"245,104,29,262,243",0.010848,1.96403,3.87149,5.83552,-5.824672
S;T;I;N;A,A;Y;R;K;V,"124,189,168,114,65",0.0101663,4.66467,2.10232,6.76699,-6.7568237
S;D;R;D;S,E;H;A;L;Y,"121,186,280,220,242",0.00932306,2.15121,1.18862,3.33983,-3.3305069400000002
A;M;G;Q;S,M;L;A;M;P,"135,154,165,127,125",0.00885725,3.19369,1.21417,4.40786,-4.39900275
T;K;D;S;D,E;L;L;T;K,"270,252,220,214,263",0.00727133,4.53563,1.32913,5.86476,-5.85748867
T;T;M;R;D,V;M;L;D;K,"198,51,262,90,263",0.00546541,2.75602,1.32913,4.08515,-4.079684589999999
S;D;R;T;R,E;H;A;L;V,"121,186,280,72,34",0.00437154,1.88057,3.28169,5.16226,-5.15788846
S;T;I;T;R,A;Y;R;E;Y,"124,189,168,270,123",0.00404739,5.05558,1.89278,6.94836,-6.94431261
S;D;R;L;R,E;H;A;M;K,"121,186,280,216,53",0.00335364,0.746184,1.21629,1.962474,-1.95912036
S;D;R;S;T,E;H;A;T;K,"121,186,280,214,88",0.00296162,1.07516,1.28517,2.36033,-2.3573683799999996
S;H;T;M;G,P;M;M;L;K,"245,104,29,262,243",0.00288565,1.96403,3.0581,5.02213,-5.01924435
S;D;R;A;I,E;H;A;E;L,"121,186,280,152,111",0.00207204,1.40875,1.56098,2.96973,-2.9676579600000004
S;D;T;E;Q,E;H;P;K;P,"121,186,116,231,127",0.00203074,6.58675,1.5029,8.08965,-8.08761926
T;R;S;S;Q,L;K;Y;T;V,"72,53,269,214,127",-0.000823626,2.10066,1.22374,3.3244,-3.3252236259999997
S;G;S;M;R,W;A;E;L;P,"58,165,136,262,280",-0.00136163,2.29813,1.29097,3.5891,-3.59046163
T;T;M;Q;N,V;M;L;L;L,"198,51,262,182,138",-0.00406056,3.03477,1.20357,4.23834,-4.24240056
S;D;R;T;A,E;H;A;L;D,"121,186,280,72,226",-0.00452545,1.88057,-6.56873,,
S;D;R;Q;Q,E;H;A;M;T,"121,186,280,127,91",-0.00486613,1.52251,1.27643,2.79894,-2.80380613
S;D;S;N;L,E;H;Y;K;C,"121,186,238,114,249",-0.00586153,2.83208,1.14374,3.9758199999999997,-3.9816815299999995
S;D;R;A;A,E;H;A;L;M,"121,186,280,65,135",-0.00692229,1.50316,1.56282,3.06598,-3.07290229
T;T;N;N;L,L;M;K;K;K,"72,51,233,114,249",-0.0074297,3.42408,1.9138,5.33788,-5.3453097000000005
S;D;R;D;L,E;H;A;L;F,"121,186,280,220,216",-0.00743441,2.15121,1.28942,3.4406299999999996,-3.4480644099999997
N;S;S;S;Q,Y;Q;E;P;T,"37,188,136,245,127",-0.011036,1.84971,0.705474,2.555184,-2.56622
S;D;R;A;A,E;H;A;L;E,"121,186,280,65,152",-0.0112331,1.50316,1.16636,2.6695200000000003,-2.6807531000000004
N;S;S;R;A,K;T;W;D;V,"233,214,58,90,65",-0.0129706,2.40164,2.10232,4.50396,-4.5169306
S;D;R;T;K,E;H;A;L;L,"121,186,280,72,253",-0.0135972,1.88057,-1.0623,0.81827,-0.8318672
S;D;R;A;S,E;H;A;L;N,"121,186,280,65,124",-0.013715,1.50316,4.11541,5.61857,-5.632285
T;T;N;N;M,V;M;K;K;H,"198,51,233,114,161",-0.0142783,3.19949,0.29128,3.49077,-3.5050483
S;I;E;S;M,Q;R;K;E;H,"188,168,231,136,161",-0.0142951,5.68401,0.29128,5.975289999999999,-5.989585099999999
N;S;S;R;A,K;T;W;D;N,"233,214,58,90,226",-0.0145399,2.40164,1.44085,3.8424899999999997,-3.8570298999999997
N;N;N;S;F,I;K;K;V;M,"114,205,233,269,191",-0.0152109,1.78881,0.285492,2.074302,-2.0895129
S;D;R;A;A,E;H;A;E;M,"121,186,280,152,65",-0.0178453,1.40875,1.26675,2.6755,-2.6933453
S;T;I;T;W,A;Y;R;E;P,"124,189,168,270,159",-0.018209,5.05558,1.19371,6.24929,-6.267499
S;D;R;D;L,E;H;A;L;I,"121,186,280,220,216",-0.0201345,2.15121,1.43258,3.5837899999999996,-3.6039244999999998
S;D;R;A;D,E;H;A;L;Q,"121,186,280,65,220",-0.0204814,1.50316,2.86794,4.3711,-4.391581400000001
S;D;R;T;S,E;H;A;L;Y,"121,186,280,72,242",-0.0207652,1.88057,1.18862,3.06919,-3.0899552
S;D;R;A;Q,E;H;A;L;V,"121,186,280,65,127",-0.0209111,1.50316,1.22374,2.7269,-2.7478111000000003
S;T;I;N;G,A;Y;R;K;T,"124,189,168,114,254",-0.0233115,4.66467,-4.84766,,
S;D;T;E;W,E;H;P;K;P,"121,186,116,231,185",-0.0246517,6.58675,0.00422375,6.590973750000001,-6.6156254500000005
S;D;R;L;I,E;H;A;M;L,"121,186,280,216,111",-0.0255109,0.746184,1.56098,2.307164,-2.3326749
T;T;M;R;V,V;M;L;D;D,"198,51,262,90,57",-0.0305796,2.75602,1.23826,3.99428,-4.0248596
A;M;R;G;M,M;L;N;A;H,"135,154,90,165,161",-0.0336477,2.37909,0.29128,2.67037,-2.7040177
T;T;M;R;P,V;M;L;D;D,"198,51,262,90,197",-0.0340452,2.75602,1.57327,4.32929,-4.3633352
S;D;R;S;R,E;H;A;T;P,"121,186,280,214,90",-0.0356504,1.07516,-15.0143,,
A;M;L;N;F,M;L;F;Y;E,"135,154,117,37,271",-0.0370379,2.34832,2.659,5.00732,-5.0443579
A;M;G;Q;L,M;L;A;M;C,"135,154,165,127,249",-0.0373237,3.19369,1.14374,4.33743,-4.3747537
S;D;R;A;Q,E;H;A;E;E,"121,186,280,152,133",-0.0394228,1.40875,2.09284,3.5015899999999998,-3.5410128
S;D;R;D;Q,E;H;A;L;I,"121,186,280,220,127",-0.0399653,2.15121,2.10731,4.25852,-4.2984853
S;D;R;A;I,E;H;A;L;L,"121,186,280,65,145",-0.0403736,1.50316,1.3052,2.80836,-2.8487336
S;H;T;M;Q,P;M;M;L;N,"245,104,29,262,127",-0.040975,1.96403,2.35273,4.31676,-4.357735000000001
A;M;R;G;R,M;L;N;A;P,"135,154,90,165,280",-0.0411319,2.37909,1.29097,3.6700600000000003,-3.7111919
S;D;R;E;N,E;H;A;K;L,"121,186,280,231,138",-0.042694,1.88215,1.20357,3.0857200000000002,-3.1284140000000003
N;S;T;H;F,Y;Q;M;M;E,"37,188,29,104,271",-0.0429585,1.62133,2.659,4.280329999999999,-4.323288499999999
S;D;R;E;R,E;H;A;K;L,"121,186,280,231,53",-0.0432294,1.88215,1.57881,3.46096,-3.5041894
S;H;T;M;S,P;M;M;L;T,"245,104,29,262,124",-0.043621,1.96403,2.0551,4.01913,-4.062751
S;D;R;T;R,E;H;A;M;A,"121,186,280,51,90",-0.044708,1.79222,-6.05749,,
D;L;N;Q;L,L;F;K;M;C,"220,117,233,127,249",-0.0452868,3.80149,1.14374,4.94523,-4.9905168
S;T;N;D;P,M;V;K;L;L,"238,198,114,220,38",-0.0454981,4.37095,1.38115,5.7520999999999995,-5.797598099999999
S;D;R;T;I,E;H;A;Y;V,"121,186,280,189,200",-0.0460242,1.59074,1.28856,2.8792999999999997,-2.9253242
S;T;I;D;V,A;Y;R;L;C,"124,189,168,220,281",-0.046148,5.25397,1.22272,6.47669,-6.522837999999999
N;S;T;H;N,Y;Q;M;M;K,"37,188,29,104,138",-0.0464811,1.62133,1.2829,2.90423,-2.9507111
S;I;E;S;R,Q;R;K;E;Y,"188,168,231,136,123",-0.0472209,5.68401,1.89278,7.57679,-7.6240109
N;S;S;S;K,Y;Q;E;P;Y,"37,188,136,245,253",-0.0478236,1.84971,-2.49422,,
S;I;E;N;P,Q;R;K;K;Q,"188,168,231,114,38",-0.0497358,4.79974,1.58069,6.38043,-6.430165799999999
S;H;T;S;S,P;M;M;W;Y,"245,104,29,58,242",-0.0498258,1.79588,1.18862,2.9844999999999997,-3.0343257999999995
S;I;E;S;G,Q;R;K;E;L,"188,168,231,136,243",-0.0513407,5.68401,3.65866,9.34267,-9.3940107
A;M;G;N;K,M;L;A;K;V,"135,154,165,233,253",-0.0517631,2.61474,-1.77146,0.8432799999999998,-0.8950430999999998
S;D;T;Q;N,E;H;P;L;L,"121,186,116,182,138",-0.0520199,4.19138,1.20357,5.39495,-5.4469699
S;D;R;T;R,E;H;A;M;P,"121,186,280,51,90",-0.0539309,1.79222,-15.0143,,
S;D;T;S;C,E;H;P;F;S,"121,186,116,238,289",-0.0547653,4.39699,-1.16436,3.2326299999999994,-3.2873952999999996
S;D;T;S;G,E;H;P;F;T,"121,186,116,238,254",-0.0552608,4.39699,-4.84766,,
S;I;E;S;T,Q;R;K;E;N,"188,168,231,136,198",-0.0562145,5.68401,1.15645,6.84046,-6.8966745000000005
S;D;T;Q;R,E;H;P;L;Y,"121,186,116,182,123",-0.0564471,4.19138,1.89278,6.08416,-6.1406070999999995
S;D;R;T;I,E;H;A;Y;L,"121,186,280,189,145",-0.0572534,1.59074,1.3052,2.89594,-2.9531934
T;S;S;T;G,P;N;P;E;I,"116,238,290,270,243",-0.0582922,5.17498,2.1303,7.30528,-7.3635722
T;T;N;N;S,L;M;K;K;N,"72,51,233,114,103",-0.0589072,3.42408,1.48912,4.9132,-4.9721072
A;M;R;G;Q,M;L;N;A;N,"135,154,90,165,127",-0.0593283,2.37909,2.35273,4.731820000000001,-4.791148300000001
T;T;M;R;Q,V;M;L;D;T,"198,51,262,90,91",-0.0596902,2.75602,1.27643,4.03245,-4.0921402
S;T;I;N;P,A;Y;R;K;L,"124,189,168,114,38",-0.0601803,4.66467,1.38115,6.04582,-6.1060003
T;T;N;N;L,V;M;K;K;K,"198,51,233,114,249",-0.060293,3.19949,1.9138,5.11329,-5.173583
A;M;L;N;P,M;L;F;Y;D,"135,154,117,37,197",-0.0604763,2.34832,1.57327,3.92159,-3.9820663
S;D;R;L;S,E;H;A;M;E,"121,186,280,216,115",-0.0605038,0.746184,1.69898,2.445164,-2.5056678000000003
A;M;R;G;P,M;L;N;A;D,"135,154,90,165,197",-0.0609982,2.37909,1.57327,3.95236,-4.0133582
S;I;E;N;Y,Q;R;K;K;S,"188,168,231,114,63",-0.0624404,4.79974,-1.05409,3.74565,-3.8080903999999998
S;G;S;M;Q,W;A;E;L;T,"58,165,136,262,91",-0.0625187,2.29813,1.27643,3.57456,-3.6370787
D;L;N;Q;G,L;F;K;M;T,"220,117,233,127,254",-0.0646629,3.80149,-4.84766,,
A;M;R;G;G,M;L;N;A;K,"135,154,90,165,243",-0.0651654,2.37909,3.0581,5.43719,-5.5023554
T;K;D;S;P,E;L;L;T;L,"270,252,220,214,38",-0.0670871,4.53563,1.38115,5.91678,-5.9838671
A;M;G;Q;T,M;L;A;M;N,"135,154,165,127,198",-0.0709577,3.19369,1.15645,4.35014,-4.4210977
D;L;N;Q;L,L;F;K;M;D,"220,117,233,127,249",-0.0717861,3.80149,1.3351,5.13659,-5.2083761
N;S;S;S;H,Y;Q;E;P;R,"37,188,136,245,104",-0.0720704,1.84971,1.19641,3.04612,-3.1181904
N;S;T;H;K,Y;Q;M;M;F,"37,188,29,104,253",-0.073056,1.62133,-2.7494,,
D;L;N;S;F,L;F;K;Y;M,"220,117,233,269,191",-0.0748488,2.47846,0.285492,2.763952,-2.8388008
N;S;S;R;G,K;T;W;D;K,"233,214,58,90,243",-0.0752771,2.40164,3.0581,5.45974,-5.5350171
N;S;T;H;R,Y;Q;M;M;A,"37,188,29,104,90",-0.0772088,1.62133,-6.05749,,
S;D;T;S;Q,E;H;P;F;D,"121,186,116,238,127",-0.0816706,4.39699,1.96342,6.36041,-6.4420806
S;D;R;T;L,E;H;A;L;W,"121,186,280,72,216",-0.0827775,1.88057,1.37086,3.25143,-3.3342075
S;D;R;D;R,E;H;A;L;V,"121,186,280,220,34",-0.0838929,2.15121,3.28169,5.4329,-5.5167929
S;D;R;A;A,E;H;A;L;D,"121,186,280,65,226",-0.0844898,1.50316,-6.56873,,
S;D;R;D;R,E;H;A;L;S,"121,186,280,220,90",-0.0845904,2.15121,-6.17954,,
S;T;R;S;L,A;V;A;T;I,"124,198,280,214,216",-0.0853617,2.1529,1.43258,3.5854799999999996,-3.6708416999999995
S;D;R;A;R,E;H;A;L;D,"121,186,280,65,90",-0.0855309,1.50316,-12.5337,,
S;T;I;D;L,A;Y;R;L;E,"124,189,168,220,216",-0.0874667,5.25397,1.31255,6.56652,-6.6539867
S;D;R;D;Q,E;H;A;L;N,"121,186,280,220,127",-0.0912418,2.15121,2.35273,4.50394,-4.5951818
S;I;E;S;C,Q;R;K;E;D,"188,168,231,136,289",-0.0914919,5.68401,1.83462,7.51863,-7.6101219
N;N;N;S;R,I;K;K;V;L,"114,205,233,269,53",-0.0922183,1.78881,1.57881,3.36762,-3.4598383
S;H;T;S;N,P;M;M;W;K,"245,104,29,58,138",-0.0934221,1.79588,1.2829,3.07878,-3.1722021000000002
N;S;T;H;L,Y;Q;M;M;E,"37,188,29,104,216",-0.0934524,1.62133,1.31255,2.9338800000000003,-3.0273324
S;D;R;T;R,E;H;A;M;D,"121,186,280,51,90",-0.093709,1.79222,-12.5337,,
S;H;T;M;Q,P;M;M;L;T,"245,104,29,262,127",-0.0937684,1.96403,0.705474,2.669504,-2.7632724
S;T;I;T;F,A;Y;R;E;E,"124,189,168,270,271",-0.0940824,5.05558,2.659,7.71458,-7.808662399999999
S;D;R;T;S,E;H;A;M;Q,"121,186,280,51,188",-0.0946714,1.79222,-1.43683,0.3553899999999999,-0.4500613999999999
S;I;E;Q;L,Q;R;K;L;K,"188,168,231,182,249",-0.0964369,5.154,1.9138,7.0678,-7.1642369
S;D;T;S;W,E;H;P;F;I,"121,186,116,238,159",-0.0966144,4.39699,1.51695,5.91394,-6.0105544
S;D;R;T;I,E;H;A;M;L,"121,186,280,51,145",-0.0975243,1.79222,1.3052,3.0974199999999996,-3.1949442999999995
S;D;R;T;A,E;H;A;L;N,"121,186,280,72,226",-0.09904,1.88057,1.44085,3.32142,-3.42046
S;H;T;M;K,P;M;M;L;F,"245,104,29,262,253",-0.100177,1.96403,-2.7494,,
S;H;T;S;F,P;M;M;W;M,"245,104,29,58,191",-0.10344,1.79588,0.285492,2.081372,-2.184812
N;S;S;S;F,Y;Q;E;P;E,"37,188,136,245,271",-0.103611,1.84971,2.659,4.50871,-4.612321
N;N;N;S;F,I;K;K;V;E,"114,205,233,269,271",-0.104692,1.78881,2.659,4.44781,-4.552502
S;D;R;A;S,E;H;A;L;P,"121,186,280,65,188",-0.104765,1.50316,-0.195825,1.3073350000000001,-1.4121000000000001
A;M;G;N;G,M;L;A;K;S,"135,154,165,233,243",-0.105693,2.61474,1.55439,4.16913,-4.274823
A;M;R;G;G,M;L;N;A;S,"135,154,90,165,243",-0.106643,2.37909,1.55439,3.9334800000000003,-4.040123
N;S;S;R;Q,K;T;W;D;N,"233,214,58,90,133",-0.106823,2.40164,1.21979,3.62143,-3.728253
S;D;R;L;N,E;H;A;M;K,"121,186,280,216,114",-0.110736,0.746184,-1.33405,-0.587866,0.47713
S;D;R;A;S,E;H;A;L;D,"121,186,280,65,58",-0.111181,1.50316,1.87848,3.38164,-3.492821
D;L;N;Q;P,L;F;K;M;V,"220,117,233,127,184",-0.111619,3.80149,0.457537,4.259027,-4.370646
S;I;E;S;L,Q;R;K;E;I,"188,168,231,136,216",-0.113479,5.68401,1.43258,7.1165899999999995,-7.230068999999999
S;T;R;S;M,A;V;A;T;H,"124,198,280,214,161",-0.117547,2.1529,0.29128,2.44418,-2.561727
S;I;E;Q;V,Q;R;K;L;C,"188,168,231,182,281",-0.118431,5.154,1.22272,6.37672,-6.495151
A;M;R;G;V,M;L;N;A;C,"135,154,90,165,281",-0.121464,2.37909,1.22272,3.6018100000000004,-3.7232740000000004
S;D;R;T;R,E;H;A;M;T,"121,186,280,51,90",-0.122414,1.79222,-6.75769,,
S;D;T;Q;S,E;H;P;L;N,"121,186,116,182,103",-0.122634,4.19138,1.48912,5.680499999999999,-5.803133999999999
T;T;M;Q;R,V;M;L;L;P,"198,51,262,182,280",-0.122837,3.03477,1.29097,4.32574,-4.448576999999999
S;T;I;D;P,A;Y;R;L;D,"124,189,168,220,197",-0.1233,5.25397,1.57327,6.82724,-6.95054
T;T;N;N;D,V;M;K;K;K,"198,51,233,114,263",-0.124006,3.19949,1.32913,4.52862,-4.652626
S;T;I;D;G,A;Y;R;L;T,"124,189,168,220,251",-0.124618,5.25397,1.39182,6.64579,-6.770408
S;D;R;T;I,E;H;A;L;L,"121,186,280,72,145",-0.12694,1.88057,1.3052,3.1857699999999998,-3.3127099999999996
S;T;I;D;G,A;Y;R;L;I,"124,189,168,220,243",-0.127788,5.25397,2.1303,7.38427,-7.512058
T;T;M;Q;G,V;M;L;L;S,"198,51,262,182,243",-0.127983,3.03477,1.55439,4.58916,-4.717143
N;S;S;S;L,Y;Q;E;P;I,"37,188,136,245,216",-0.129191,1.84971,1.43258,3.2822899999999997,-3.4114809999999998
T;R;S;S;R,L;K;Y;T;N,"72,53,269,214,90",-0.129259,2.10066,-12.5581,,
S;T;R;S;Q,A;V;A;T;N,"124,198,280,214,133",-0.131302,2.1529,1.21979,3.3726899999999995,-3.5039919999999993
S;H;T;S;A,P;M;M;W;V,"245,104,29,58,65",-0.132137,1.79588,2.10232,3.8982,-4.030337
N;S;S;S;F,Y;Q;E;P;M,"37,188,136,245,191",-0.136345,1.84971,0.285492,2.135202,-2.271547
D;L;N;S;Q,L;F;K;Y;T,"220,117,233,269,91",-0.138432,2.47846,1.27643,3.75489,-3.893322
N;S;T;H;Q,Y;Q;M;M;T,"37,188,29,104,91",-0.139823,1.62133,1.27643,2.89776,-3.0375829999999997
N;S;S;S;A,Y;Q;E;P;V,"37,188,136,245,65",-0.140188,1.84971,2.10232,3.95203,-4.092218
N;N;N;S;S,I;K;K;V;Y,"114,205,233,269,242",-0.14241,1.78881,1.18862,2.97743,-3.11984
S;G;S;M;L,W;A;E;L;E,"58,165,136,262,216",-0.142579,2.29813,1.31255,3.6106800000000003,-3.7532590000000003
S;I;E;S;P,Q;R;K;E;K,"188,168,231,136,120",-0.142697,5.68401,-0.768642,4.915368,-5.058065
N;S;S;S;R,Y;Q;E;P;A,"37,188,136,245,90",-0.142948,1.84971,-6.05749,,
S;H;T;M;A,P;M;M;L;T,"245,104,29,262,180",-0.143776,1.96403,1.57849,3.5425199999999997,-3.6862959999999996
S;H;T;S;S,P;M;M;W;T,"245,104,29,58,124",-0.144234,1.79588,2.0551,3.85098,-3.995214
S;D;R;D;V,E;H;A;L;C,"121,186,280,220,281",-0.148399,2.15121,1.22272,3.3739299999999997,-3.5223289999999996
S;D;R;E;Q,E;H;A;K;N,"121,186,280,231,133",-0.148757,1.88215,1.21979,3.10194,-3.2506969999999997
S;D;T;K;Y,E;H;P;L;S,"121,186,116,252,63",-0.149013,4.99838,-1.05409,3.94429,-4.093303
S;D;R;T;A,E;H;A;L;V,"121,186,280,72,65",-0.14907,1.88057,2.10232,3.9828900000000003,-4.13196
A;M;G;Q;N,M;L;A;M;L,"135,154,165,127,138",-0.150721,3.19369,1.20357,4.39726,-4.547981
S;T;R;S;C,A;V;A;T;A,"124,198,280,214,289",-0.150852,2.1529,-0.0850688,2.0678311999999996,-2.2186831999999996
S;D;R;T;S,E;H;A;Y;H,"121,186,280,189,187",-0.151689,1.59074,-0.139832,1.450908,-1.602597
S;D;R;A;L,E;H;A;L;F,"121,186,280,65,117",-0.152786,1.50316,-2.30857,,
S;T;N;D;D,M;V;K;L;K,"238,198,114,220,263",-0.152789,4.37095,1.32913,5.70008,-5.852869
S;D;R;T;Q,E;H;A;L;W,"121,186,280,72,133",-0.152947,1.88057,1.99371,3.87428,-4.027227
S;D;R;S;N,E;H;A;T;H,"121,186,280,214,205",-0.155956,1.07516,0.934161,2.009321,-2.165277
D;L;N;S;G,L;F;K;Y;K,"220,117,233,269,243",-0.156178,2.47846,3.0581,5.53656,-5.692737999999999
S;T;I;T;S,A;Y;R;E;P,"124,189,168,270,125",-0.156646,5.05558,1.21417,6.26975,-6.426396
S;G;S;M;P,W;A;E;L;D,"58,165,136,262,197",-0.159471,2.29813,1.57327,3.8714,-4.030871
D;L;N;S;G,L;F;K;Y;Q,"220,117,233,269,243",-0.160315,2.47846,3.87149,6.34995,-6.5102649999999995
S;H;T;M;L,P;M;M;L;E,"245,104,29,262,216",-0.161467,1.96403,1.31255,3.27658,-3.438047
S;D;R;T;S,E;H;A;M;Y,"121,186,280,51,242",-0.164839,1.79222,1.18862,2.9808399999999997,-3.145679
N;S;S;R;K,K;T;W;D;V,"233,214,58,90,253",-0.165972,2.40164,-1.77146,0.63018,-0.796152
S;D;R;L;S,E;H;A;M;K,"121,186,280,216,58",-0.167293,0.746184,1.14527,1.891454,-2.058747
S;T;N;D;Q,M;V;K;L;D,"238,198,114,220,127",-0.167384,4.37095,1.96342,6.33437,-6.501754
S;I;E;S;P,Q;R;K;E;D,"188,168,231,136,197",-0.167665,5.68401,1.57327,7.25728,-7.424945
T;T;N;N;K,V;M;K;K;Y,"198,51,233,114,253",-0.169396,3.19949,-2.49422,,
S;T;N;D;P,M;V;K;L;V,"238,198,114,220,184",-0.170446,4.37095,0.457537,4.828487,-4.998933
S;H;T;S;K,P;M;M;W;F,"245,104,29,58,253",-0.170704,1.79588,-2.7494,,
S;D;T;K;G,E;H;P;L;I,"121,186,116,252,243",-0.171366,4.99838,2.1303,7.12868,-7.300046
S;D;R;T;S,E;H;A;L;M,"121,186,280,72,238",-0.17149,1.88057,2.2093,4.0898699999999995,-4.26136
T;R;S;S;R,L;K;Y;T;V,"72,53,269,214,34",-0.173702,2.10066,3.28169,5.382350000000001,-5.556052
S;D;R;T;G,E;H;A;M;Q,"121,186,280,51,243",-0.177914,1.79222,3.87149,5.66371,-5.841624
S;D;T;K;W,E;H;P;L;I,"121,186,116,252,159",-0.179768,4.99838,1.51695,6.5153300000000005,-6.695098000000001
S;D;R;T;F,E;H;A;M;M,"121,186,280,51,191",-0.18065,1.79222,0.285492,2.077712,-2.258362
S;T;I;T;T,A;Y;R;E;N,"124,189,168,270,198",-0.181584,5.05558,1.15645,6.21203,-6.393614
S;D;R;S;R,E;H;A;T;T,"121,186,280,214,90",-0.183627,1.07516,-6.75769,,
S;G;S;M;G,W;A;E;L;S,"58,165,136,262,243",-0.183732,2.29813,1.55439,3.85252,-4.036252
A;M;R;G;L,M;L;N;A;E,"135,154,90,165,216",-0.183754,2.37909,1.31255,3.6916400000000005,-3.8753940000000004
A;M;R;G;K,M;L;N;A;V,"135,154,90,165,253",-0.184236,2.37909,-1.77146,0.6076300000000001,-0.7918660000000002
N;S;S;S;L,Y;Q;E;P;E,"37,188,136,245,216",-0.186565,1.84971,1.31255,3.16226,-3.3488249999999997
S;T;R;S;V,A;V;A;T;C,"124,198,280,214,281",-0.187766,2.1529,1.22272,3.3756199999999996,-3.5633859999999995
S;D;R;T;S,E;H;A;M;H,"121,186,280,51,187",-0.187792,1.79222,-0.139832,1.652388,-1.84018
S;D;T;S;N,E;H;P;F;L,"121,186,116,238,138",-0.188057,4.39699,1.20357,5.60056,-5.7886169999999995
T;T;N;N;S,L;M;K;K;P,"72,51,233,114,125",-0.188863,3.42408,1.21417,4.63825,-4.827113000000001
S;D;R;T;F,E;H;A;Y;W,"121,186,280,189,271",-0.189259,1.59074,1.88634,3.47708,-3.666339
T;T;M;Q;G,V;M;L;L;H,"198,51,262,182,251",-0.18962,3.03477,1.17609,4.21086,-4.40048
S;D;R;A;A,E;H;A;E;N,"121,186,280,152,226",-0.192299,1.40875,1.44085,2.8495999999999997,-3.041899
T;T;T;T;L,L;M;E;V;D,"72,51,270,198,249",-0.197873,4.06726,1.3351,5.40236,-5.600233
S;D;R;A;A,E;H;A;E;D,"121,186,280,152,226",-0.199739,1.40875,-6.56873,,
S;D;R;E;A,E;H;A;K;L,"121,186,280,231,272",-0.201252,1.88215,-2.073,,
A;M;L;N;K,M;L;F;Y;V,"135,154,117,37,253",-0.202275,2.34832,-1.77146,0.5768600000000002,-0.7791350000000001
S;D;R;T;H,E;H;A;M;M,"121,186,280,51,104",-0.203977,1.79222,1.29417,3.0863899999999997,-3.290367
A;M;G;N;Q,M;L;A;K;R,"135,154,165,233,127",-0.204725,2.61474,2.24575,4.86049,-5.065215
S;D;T;K;G,E;H;P;L;H,"121,186,116,252,251",-0.20503,4.99838,1.17609,6.17447,-6.3795
T;T;M;Q;L,V;M;L;L;Q,"198,51,262,182,216",-0.205034,3.03477,1.66917,4.70394,-4.908974000000001
S;T;I;D;G,A;Y;R;L;K,"124,189,168,220,243",-0.206213,5.25397,3.0581,8.31207,-8.518283
S;D;R;D;G,E;H;A;L;K,"121,186,280,220,243",-0.207601,2.15121,3.0581,5.20931,-5.416911000000001
S;D;R;L;N,E;H;A;M;I,"121,186,280,216,37",-0.207996,0.746184,1.86168,2.607864,-2.8158600000000003
S;D;R;T;S,E;H;A;Y;T,"121,186,280,189,124",-0.208349,1.59074,2.0551,3.6458399999999997,-3.854189
T;T;T;S;L,L;M;E;F;D,"72,51,270,238,249",-0.208637,4.13032,1.3351,5.46542,-5.674057
S;H;T;S;V,P;M;M;W;C,"245,104,29,58,281",-0.210297,1.79588,1.22272,3.0186,-3.2288970000000004
T;K;D;S;G,E;L;L;T;T,"270,252,220,214,254",-0.211646,4.53563,-4.84766,,
N;S;S;R;P,K;T;W;D;D,"233,214,58,90,197",-0.212931,2.40164,1.57327,3.97491,-4.187841
A;M;L;N;G,M;L;F;Y;K,"135,154,117,37,243",-0.213223,2.34832,3.0581,5.406420000000001,-5.619643000000001
S;H;T;S;Q,P;M;M;W;N,"245,104,29,58,127",-0.213324,1.79588,2.35273,4.14861,-4.361934
S;D;R;E;V,E;H;A;K;D,"121,186,280,231,57",-0.215189,1.88215,1.23826,3.1204099999999997,-3.3355989999999998
S;D;R;L;A,E;H;A;M;W,"121,186,280,216,65",-0.21707,0.746184,1.13227,1.878454,-2.095524
S;D;S;N;Q,E;H;Y;K;E,"121,186,238,114,127",-0.217075,2.83208,1.46399,4.29607,-4.513145000000001
N;S;S;R;G,K;T;W;D;L,"233,214,58,90,243",-0.218021,2.40164,3.65866,6.0603,-6.278321
S;D;R;Q;R,E;H;A;M;V,"121,186,280,127,34",-0.219257,1.52251,3.28169,4.8042,-5.023457
N;S;S;R;S,K;T;W;D;T,"233,214,58,90,124",-0.21977,2.40164,2.0551,4.45674,-4.6765099999999995
S;D;R;Q;G,E;H;A;M;T,"121,186,280,127,254",-0.220169,1.52251,-4.84766,,
N;S;T;H;A,Y;Q;M;M;V,"37,188,29,104,65",-0.222526,1.62133,2.10232,3.72365,-3.9461760000000004
A;M;G;Q;G,M;L;A;M;T,"135,154,165,127,254",-0.224559,3.19369,-4.84766,,
S;I;E;S;G,Q;R;K;E;S,"188,168,231,136,243",-0.227404,5.68401,1.55439,7.2383999999999995,-7.465803999999999
D;L;N;S;S,L;F;K;Y;H,"220,117,233,269,214",-0.228003,2.47846,-2.16722,,
S;D;R;D;L,E;H;A;L;E,"121,186,280,220,216",-0.228245,2.15121,1.31255,3.4637599999999997,-3.6920049999999995
T;T;N;N;C,L;M;K;K;L,"72,51,233,114,289",-0.228858,3.42408,1.40303,4.82711,-5.055968
S;D;R;L;H,E;H;A;M;T,"121,186,280,216,104",-0.229164,0.746184,1.64185,2.388034,-2.617198
S;T;I;T;G,A;Y;R;E;I,"124,189,168,270,243",-0.232768,5.05558,2.1303,7.18588,-7.418648
S;D;R;A;Q,E;H;A;L;E,"121,186,280,65,133",-0.23335,1.50316,2.09284,3.596,-3.8293500000000003
D;L;N;S;Q,L;F;K;Y;N,"220,117,233,269,127",-0.236229,2.47846,2.35273,4.83119,-5.067419
E;Q;Q;D;W,K;L;L;L;P,"231,182,127,220,159",-0.238433,7.84419,1.19371,9.0379,-9.276333000000001
S;D;R;D;A,E;H;A;L;T,"121,186,280,220,180",-0.238571,2.15121,1.57849,3.7297,-3.9682709999999997
T;T;T;T;C,L;M;E;V;L,"72,51,270,198,289",-0.239897,4.06726,1.40303,5.47029,-5.710187
S;D;R;Q;L,E;H;A;M;E,"121,186,280,127,216",-0.241213,1.52251,1.31255,2.8350600000000004,-3.0762730000000005
S;D;R;S;R,E;H;A;T;K,"121,186,280,214,53",-0.243005,1.07516,1.21629,2.29145,-2.5344550000000003
S;D;R;A;H,E;H;A;L;T,"121,186,280,65,104",-0.244271,1.50316,1.64185,3.14501,-3.389281
S;T;R;S;C,A;V;A;T;S,"124,198,280,214,289",-0.244593,2.1529,-1.16436,0.9885399999999998,-1.2331329999999998
S;D;R;E;L,E;H;A;K;F,"121,186,280,231,216",-0.248317,1.88215,1.28942,3.17157,-3.419887
S;D;R;A;M,E;H;A;E;V,"121,186,280,152,154",-0.251458,1.40875,-3.00604,,
N;N;N;S;L,I;K;K;V;E,"114,205,233,269,216",-0.252209,1.78881,1.31255,3.10136,-3.3535690000000002
S;D;R;T;I,E;H;A;Y;H,"121,186,280,189,168",-0.252495,1.59074,-1.74709,-0.15635,-0.09614500000000004
S;T;I;N;R,A;Y;R;K;A,"124,189,168,114,90",-0.252684,4.66467,-6.05749,,
S;D;R;L;S,E;H;A;M;Y,"121,186,280,216,269",-0.254005,0.746184,-0.731655,0.014528999999999903,-0.2685339999999999
T;T;M;R;C,V;M;L;D;S,"198,51,262,90,289",-0.255106,2.75602,-1.16436,1.5916599999999999,-1.846766
S;G;S;M;Q,W;A;E;L;N,"58,165,136,262,133",-0.256166,2.29813,1.21979,3.51792,-3.774086
N;N;N;S;Q,I;K;K;V;R,"114,205,233,269,127",-0.257961,1.78881,2.24575,4.03456,-4.292521
S;D;R;T;L,E;H;A;M;F,"121,186,280,51,216",-0.259254,1.79222,1.28942,3.08164,-3.340894
S;D;R;L;A,E;H;A;M;M,"121,186,280,216,135",-0.260047,0.746184,1.56282,2.309004,-2.569051
S;D;R;A;S,E;H;A;L;V,"121,186,280,65,223",-0.261949,1.50316,1.13695,2.64011,-2.902059
A;M;L;N;L,M;L;F;Y;E,"135,154,117,37,216",-0.262404,2.34832,1.31255,3.66087,-3.923274
D;L;N;S;Q,L;F;K;Y;I,"220,117,233,269,127",-0.26291,2.47846,2.10731,4.58577,-4.84868
T;T;N;N;A,V;M;K;K;T,"198,51,233,114,180",-0.263435,3.19949,1.57849,4.7779799999999994,-5.041415
S;D;R;A;Q,E;H;A;E;V,"121,186,280,152,182",-0.263451,1.40875,-2.18418,,
S;D;R;T;Q,E;H;A;Y;I,"121,186,280,189,127",-0.265707,1.59074,2.10731,3.6980500000000003,-3.963757
S;D;R;Q;G,E;H;A;M;K,"121,186,280,127,243",-0.267709,1.52251,3.0581,4.58061,-4.848319
S;D;R;L;T,E;H;A;M;N,"121,186,280,216,88",-0.268799,0.746184,1.16002,1.906204,-2.1750030000000002
S;D;R;L;R,E;H;A;M;S,"121,186,280,216,90",-0.269034,0.746184,-6.17954,,
S;I;E;Q;L,Q;R;K;L;C,"188,168,231,182,249",-0.269059,5.154,1.14374,6.29774,-6.5667990000000005
T;T;N;N;L,L;M;K;K;C,"72,51,233,114,249",-0.270773,3.42408,1.14374,4.56782,-4.838593
S;I;E;N;K,Q;R;K;K;Y,"188,168,231,114,253",-0.271783,4.79974,-2.49422,,
N;S;T;H;Q,Y;Q;M;M;R,"37,188,29,104,127",-0.277856,1.62133,2.24575,3.86708,-4.144936
S;H;T;S;L,P;M;M;W;E,"245,104,29,58,216",-0.278216,1.79588,1.31255,3.1084300000000002,-3.3866460000000003
A;M;G;Q;P,M;L;A;M;L,"135,154,165,127,38",-0.278292,3.19369,1.38115,4.57484,-4.8531320000000004
S;D;R;T;Q,E;H;A;L;E,"121,186,280,72,133",-0.278348,1.88057,2.09284,3.97341,-4.251758
S;H;T;S;V,P;M;M;W;D,"245,104,29,58,57",-0.278606,1.79588,1.23826,3.03414,-3.3127459999999997
S;T;I;N;W,A;Y;R;K;C,"124,189,168,114,257",-0.278933,4.66467,2.40869,7.07336,-7.352293
S;D;T;Q;C,E;H;P;L;D,"121,186,116,182,289",-0.280913,4.19138,1.83462,6.026,-6.306913
T;T;M;R;Q,V;M;L;D;N,"198,51,262,90,133",-0.281084,2.75602,1.21979,3.97581,-4.256894
S;D;R;A;H,E;H;A;L;L,"121,186,280,65,104",-0.283011,1.50316,1.59008,3.0932399999999998,-3.376251
T;R;S;S;L,L;K;Y;T;I,"72,53,269,214,216",-0.283183,2.10066,1.43258,3.53324,-3.8164230000000003
S;D;R;A;H,E;H;A;E;M,"121,186,280,152,104",-0.284748,1.40875,1.29417,2.7029199999999998,-2.9876679999999998
S;H;T;S;A,P;M;M;W;T,"245,104,29,58,180",-0.28637,1.79588,1.57849,3.37437,-3.6607399999999997
T;T;T;T;S,L;M;E;V;N,"72,51,270,198,103",-0.2871,4.06726,1.48912,5.55638,-5.84348
T;T;N;N;K,L;M;K;K;A,"72,51,233,114,253",-0.287391,3.42408,-2.13229,,
T;T;N;N;R,L;M;K;K;Y,"72,51,233,114,123",-0.2879,3.42408,1.89278,5.31686,-5.60476
N;S;T;H;G,Y;Q;M;M;Q,"37,188,29,104,243",-0.289885,1.62133,3.87149,5.49282,-5.782705
S;T;I;N;M,A;Y;R;K;H,"124,189,168,114,161",-0.290575,4.66467,0.29128,4.95595,-5.246525
S;D;R;L;Q,E;H;A;M;I,"121,186,280,216,182",-0.29223,0.746184,-0.75822,-0.012036000000000047,-0.28019399999999994
N;S;T;H;Q,Y;Q;M;M;T,"37,188,29,104,127",-0.294791,1.62133,0.705474,2.326804,-2.621595
S;D;R;D;S,E;H;A;L;Y,"121,186,280,220,269",-0.295623,2.15121,-0.731655,1.419555,-1.7151779999999999
A;M;L;N;R,M;L;F;Y;P,"135,154,117,37,280",-0.302652,2.34832,1.29097,3.63929,-3.941942
S;D;R;S;Q,E;H;A;T;A,"121,186,280,214,127",-0.302974,1.07516,0.543456,1.6186159999999998,-1.92159
T;T;N;N;Q,V;M;K;K;E,"198,51,233,114,127",-0.307132,3.19949,1.46399,4.66348,-4.970612
S;H;T;M;R,P;M;M;L;V,"245,104,29,262,34",-0.30729,1.96403,3.28169,5.24572,-5.5530100000000004
S;D;R;A;Q,E;H;A;L;L,"121,186,280,65,182",-0.309771,1.50316,-1.69976,-0.19659999999999989,-0.11317100000000013
N;S;T;H;Q,Y;Q;M;M;K,"37,188,29,104,127",-0.312719,1.62133,2.01179,3.63312,-3.945839
A;M;G;N;M,M;L;A;K;H,"135,154,165,233,161",-0.31338,2.61474,0.29128,2.90602,-3.2194
A;M;G;N;K,M;L;A;K;Y,"135,154,165,233,253",-0.315914,2.61474,-2.49422,,
A;M;G;Q;L,M;L;A;M;D,"135,154,165,127,249",-0.316294,3.19369,1.3351,4.52879,-4.845084
S;T;R;S;S,A;V;A;T;P,"124,198,280,214,125",-0.317291,2.1529,1.21417,3.36707,-3.684361
S;D;R;T;N,E;H;A;Y;K,"121,186,280,189,138",-0.318254,1.59074,1.2829,2.87364,-3.191894
S;D;R;E;C,E;H;A;K;D,"121,186,280,231,289",-0.319717,1.88215,1.83462,3.71677,-4.036487
T;K;D;S;S,E;L;L;T;D,"270,252,220,214,103",-0.320736,4.53563,1.28938,5.825010000000001,-6.145746000000001
S;D;R;L;M,E;H;A;M;L,"121,186,280,216,262",-0.32282,0.746184,-8.82803,,
N;N;N;S;P,I;K;K;V;D,"114,205,233,269,197",-0.324974,1.78881,1.57327,3.3620799999999997,-3.687054
S;H;T;M;K,P;M;M;L;V,"245,104,29,262,253",-0.325611,1.96403,-1.77146,0.1925699999999999,-0.5181809999999999
S;D;R;T;K,E;H;A;Y;L,"121,186,280,189,253",-0.326253,1.59074,-1.0623,0.52844,-0.854693
S;T;N;D;R,M;V;K;L;Y,"238,198,114,220,123",-0.326873,4.37095,1.89278,6.26373,-6.590603
S;D;R;L;S,E;H;A;M;H,"121,186,280,216,187",-0.327866,0.746184,-0.139832,0.606352,-0.934218
N;S;S;S;Q,Y;Q;E;P;N,"37,188,136,245,127",-0.333997,1.84971,2.35273,4.20244,-4.536437
N;S;S;S;A,Y;Q;E;P;T,"37,188,136,245,180",-0.334599,1.84971,1.57849,3.4282,-3.762799
A;M;L;N;S,M;L;F;Y;P,"135,154,117,37,125",-0.335343,2.34832,1.21417,3.5624900000000004,-3.8978330000000003
A;M;L;N;Q,M;L;F;Y;N,"135,154,117,37,133",-0.335508,2.34832,1.21979,3.56811,-3.903618
S;D;R;T;N,E;H;A;M;K,"121,186,280,51,138",-0.336948,1.79222,1.2829,3.07512,-3.412068
S;D;R;L;R,E;H;A;M;N,"121,186,280,216,132",-0.339338,0.746184,1.97104,2.717224,-3.056562
S;D;R;A;R,E;H;A;E;S,"121,186,280,152,90",-0.340951,1.40875,-6.17954,,
A;M;R;G;G,M;L;N;A;A,"135,154,90,165,243",-0.341424,2.37909,1.45932,3.83841,-4.1798340000000005
N;S;S;R;G,K;T;W;D;A,"233,214,58,90,243",-0.342851,2.40164,1.45932,3.86096,-4.203811
S;T;R;S;G,A;V;A;T;A,"124,198,280,214,243",-0.345096,2.1529,1.45932,3.6122199999999998,-3.9573159999999996
S;H;T;S;G,P;M;M;W;K,"245,104,29,58,243",-0.345461,1.79588,3.0581,4.85398,-5.199441
E;Q;T;Q;W,K;L;L;L;P,"231,182,72,127,159",-0.347994,7.66695,1.19371,8.86066,-9.208654
T;T;M;Q;L,V;M;L;L;C,"198,51,262,182,249",-0.349019,3.03477,1.14374,4.17851,-4.527529
A;M;G;N;G,M;L;A;K;L,"135,154,165,233,243",-0.350772,2.61474,3.65866,6.2734,-6.624172
N;S;T;H;S,Y;Q;M;M;Y,"37,188,29,104,242",-0.351587,1.62133,1.18862,2.8099499999999997,-3.1615369999999996
S;D;R;Q;R,E;H;A;M;A,"121,186,280,127,90",-0.352519,1.52251,-6.05749,,
N;N;N;S;S,I;K;K;V;H,"114,205,233,269,214",-0.352824,1.78881,-2.16722,,
S;T;R;S;R,A;V;A;T;A,"124,198,280,214,90",-0.353132,2.1529,-6.05749,,
S;D;R;S;A,E;H;A;T;V,"121,186,280,214,65",-0.354113,1.07516,2.10232,3.17748,-3.531593
N;S;S;R;T,K;T;W;D;N,"233,214,58,90,198",-0.356351,2.40164,1.15645,3.55809,-3.914441
S;D;R;T;G,E;H;A;M;K,"121,186,280,51,243",-0.356544,1.79222,3.0581,4.85032,-5.206864
N;S;T;H;C,Y;Q;M;M;A,"37,188,29,104,289",-0.357581,1.62133,-0.0850688,1.5362612,-1.8938422
A;M;R;G;C,M;L;N;A;A,"135,154,90,165,289",-0.35807,2.37909,-0.0850688,2.2940212,-2.6520912
S;D;T;Q;L,E;H;P;L;D,"121,186,116,182,249",-0.35937,4.19138,1.3351,5.526479999999999,-5.88585
T;S;S;T;W,P;N;P;E;C,"116,238,290,270,257",-0.360957,5.17498,2.40869,7.58367,-7.944627
D;L;N;S;S,L;F;K;Y;Y,"220,117,233,269,242",-0.3625,2.47846,1.18862,3.6670800000000003,-4.02958
D;L;N;S;G,L;F;K;Y;L,"220,117,233,269,243",-0.363218,2.47846,3.65866,6.1371199999999995,-6.500337999999999
S;H;T;S;S,P;M;M;W;N,"245,104,29,58,124",-0.363239,1.79588,4.11541,5.911289999999999,-6.274528999999999
T;T;T;S;P,L;M;E;F;D,"72,51,270,238,197",-0.364162,4.13032,1.57327,5.70359,-6.0677520000000005
S;D;R;T;F,E;H;A;M;W,"121,186,280,51,271",-0.364712,1.79222,1.88634,3.67856,-4.043272
E;Q;T;Q;W,K;L;L;L;K,"231,182,72,127,257",-0.366484,7.66695,1.47425,9.1412,-9.507684
N;S;S;S;Q,Y;Q;E;P;T,"37,188,136,245,91",-0.366518,1.84971,1.27643,3.12614,-3.492658
S;T;I;T;W,A;Y;R;E;C,"124,189,168,270,257",-0.367346,5.05558,2.40869,7.46427,-7.831616
N;N;N;S;N,I;K;K;V;K,"114,205,233,269,138",-0.367673,1.78881,1.2829,3.07171,-3.439383
S;H;T;M;Q,P;M;M;L;N,"245,104,29,262,133",-0.370597,1.96403,1.21979,3.18382,-3.554417
S;D;R;E;Q,E;H;A;K;T,"121,186,280,231,127",-0.370942,1.88215,0.705474,2.587624,-2.958566
A;M;R;G;Q,M;L;N;A;R,"135,154,90,165,127",-0.370987,2.37909,2.24575,4.624840000000001,-4.995827000000001
S;H;T;M;G,P;M;M;L;H,"245,104,29,262,251",-0.373326,1.96403,1.17609,3.14012,-3.513446
S;H;T;S;L,P;M;M;W;I,"245,104,29,58,216",-0.373713,1.79588,1.43258,3.22846,-3.602173
S;D;S;N;L,E;H;Y;K;K,"121,186,238,114,249",-0.374214,2.83208,1.9138,4.74588,-5.120094
A;M;G;N;T,M;L;A;K;N,"135,154,165,233,198",-0.37592,2.61474,1.15645,3.77119,-4.14711
S;D;S;N;Q,E;H;Y;K;D,"121,186,238,114,127",-0.376115,2.83208,1.96342,4.7955,-5.171614999999999
S;D;R;T;F,E;H;A;Y;M,"121,186,280,189,271",-0.376169,1.59074,2.15661,3.74735,-4.123519
T;S;S;T;P,P;N;P;E;Q,"116,238,290,270,38",-0.377533,5.17498,1.58069,6.755669999999999,-7.133202999999999
A;M;L;N;V,M;L;F;Y;D,"135,154,117,37,57",-0.378721,2.34832,1.23826,3.58658,-3.965301
N;S;T;H;Q,Y;Q;M;M;W,"37,188,29,104,133",-0.381178,1.62133,1.99371,3.61504,-3.996218
A;M;L;N;G,M;L;F;Y;L,"135,154,117,37,243",-0.381642,2.34832,3.65866,6.00698,-6.388622000000001
T;T;N;N;K,V;M;K;K;A,"198,51,233,114,253",-0.382164,3.19949,-2.13229,,
S;D;R;T;S,E;H;A;Y;P,"121,186,280,189,125",-0.386557,1.59074,1.21417,2.80491,-3.191467
S;D;R;L;Q,E;H;A;M;K,"121,186,280,216,127",-0.386858,0.746184,2.01179,2.757974,-3.144832
N;N;N;S;R,I;K;K;V;V,"114,205,233,269,34",-0.389171,1.78881,3.28169,5.0705,-5.459671
S;I;E;Q;Q,Q;R;K;L;P,"188,168,231,182,127",-0.389855,5.154,1.5029,6.6569,-7.046755
D;L;N;Q;G,L;F;K;M;T,"220,117,233,127,251",-0.390255,3.80149,1.39182,5.19331,-5.583565
S;D;T;K;K,E;H;P;L;A,"121,186,116,252,253",-0.392562,4.99838,-2.13229,,
S;D;R;T;C,E;H;A;L;A,"121,186,280,72,289",-0.393904,1.88057,-0.0850688,1.7955012000000001,-2.1894052
N;S;S;R;N,K;T;W;D;K,"233,214,58,90,138",-0.394039,2.40164,1.2829,3.68454,-4.078579
N;S;T;H;V,Y;Q;M;M;C,"37,188,29,104,281",-0.394134,1.62133,1.22272,2.84405,-3.2381840000000004
S;T;I;N;Q,A;Y;R;K;N,"124,189,168,114,133",-0.394969,4.66467,1.21979,5.88446,-6.2794289999999995
S;T;I;N;G,A;Y;R;K;S,"124,189,168,114,243",-0.395209,4.66467,1.55439,6.21906,-6.614269
S;D;R;Q;A,E;H;A;M;V,"121,186,280,127,65",-0.395612,1.52251,2.10232,3.62483,-4.020442
T;T;M;Q;V,V;M;L;L;D,"198,51,262,182,57",-0.398076,3.03477,1.23826,4.27303,-4.671106
A;M;G;Q;C,M;L;A;M;L,"135,154,165,127,289",-0.399576,3.19369,1.40303,4.59672,-4.996296
S;D;R;D;Q,E;H;A;L;N,"121,186,280,220,133",-0.400112,2.15121,1.21979,3.3709999999999996,-3.7711119999999996
N;S;T;H;P,Y;Q;M;M;L,"37,188,29,104,38",-0.402292,1.62133,1.38115,3.0024800000000003,-3.4047720000000004
N;N;N;S;I,I;K;K;V;V,"114,205,233,269,200",-0.403585,1.78881,1.28856,3.07737,-3.4809550000000002
T;T;M;R;V,V;M;L;D;C,"198,51,262,90,281",-0.405897,2.75602,1.22272,3.97874,-4.384637000000001
S;D;R;S;L,E;H;A;T;I,"121,186,280,214,216",-0.406485,1.07516,1.43258,2.50774,-2.914225
N;N;N;S;G,I;K;K;V;K,"114,205,233,269,243",-0.407074,1.78881,3.0581,4.84691,-5.253984
S;D;R;T;R,E;H;A;M;V,"121,186,280,51,34",-0.407496,1.79222,3.28169,5.07391,-5.481406
S;H;T;M;P,P;M;M;L;D,"245,104,29,262,197",-0.407727,1.96403,1.57327,3.5373,-3.945027
A;M;R;G;A,M;L;N;A;V,"135,154,90,165,65",-0.408985,2.37909,2.10232,4.48141,-4.890395000000001
T;T;M;R;L,V;M;L;D;K,"198,51,262,90,249",-0.40949,2.75602,1.9138,4.66982,-5.0793099999999995
S;T;I;D;C,A;Y;R;L;L,"124,189,168,220,289",-0.41414,5.25397,1.40303,6.657,-7.07114
A;M;L;N;C,M;L;F;Y;A,"135,154,117,37,289",-0.417643,2.34832,-0.0850688,2.2632512,-2.6808942
S;T;I;D;L,A;Y;R;L;K,"124,189,168,220,249",-0.420301,5.25397,1.9138,7.16777,-7.588071
S;D;R;T;G,E;H;A;L;Q,"121,186,280,72,243",-0.422999,1.88057,3.87149,5.75206,-6.175059
S;T;I;D;G,A;Y;R;L;L,"124,189,168,220,243",-0.423344,5.25397,3.65866,8.91263,-9.335974
S;D;T;Q;G,E;H;P;L;H,"121,186,116,182,251",-0.423953,4.19138,1.17609,5.36747,-5.791423
T;K;D;S;W,E;L;L;T;P,"270,252,220,214,159",-0.424414,4.53563,1.19371,5.7293400000000005,-6.153754
S;D;R;T;F,E;H;A;L;W,"121,186,280,72,271",-0.425114,1.88057,1.88634,3.76691,-4.192024
S;G;S;M;G,W;A;E;L;A,"58,165,136,262,243",-0.4263,2.29813,1.45932,3.75745,-4.18375
S;D;R;L;A,E;H;A;M;F,"121,186,280,216,65",-0.426834,0.746184,1.18512,1.931304,-2.358138
T;K;D;S;A,E;L;L;T;L,"270,252,220,214,272",-0.428163,4.53563,-2.073,,
S;D;R;S;S,E;H;A;T;Y,"121,186,280,214,269",-0.429596,1.07516,-0.731655,0.34350499999999984,-0.7731009999999998
A;M;G;N;C,M;L;A;K;A,"135,154,165,233,289",-0.432285,2.61474,-0.0850688,2.5296711999999997,-2.9619561999999995
A;M;G;N;V,M;L;A;K;D,"135,154,165,233,57",-0.437026,2.61474,1.23826,3.8529999999999998,-4.290026
S;D;R;T;H,E;H;A;M;T,"121,186,280,51,104",-0.437757,1.79222,1.64185,3.43407,-3.871827
S;D;R;T;A,E;H;A;M;V,"121,186,280,51,65",-0.439426,1.79222,2.10232,3.89454,-4.333966
S;H;T;S;G,P;M;M;W;S,"245,104,29,58,243",-0.43974,1.79588,1.55439,3.35027,-3.79001
S;D;R;T;N,E;H;A;L;H,"121,186,280,72,205",-0.440962,1.88057,0.934161,2.814731,-3.255693
S;D;R;E;G,E;H;A;K;S,"121,186,280,231,243",-0.441356,1.88215,1.55439,3.43654,-3.877896
S;D;R;A;L,E;H;A;L;M,"121,186,280,65,216",-0.443933,1.50316,1.46945,2.97261,-3.416543
S;D;T;K;W,E;H;P;L;C,"121,186,116,252,257",-0.444181,4.99838,2.40869,7.40707,-7.851251
S;H;T;S;Q,P;M;M;W;T,"245,104,29,58,91",-0.444306,1.79588,1.27643,3.07231,-3.516616
S;D;R;T;Q,E;H;A;Y;F,"121,186,280,189,182",-0.446867,1.59074,-2.12573,,
D;L;N;S;S,L;F;K;Y;P,"220,117,233,269,188",-0.44934,2.47846,-0.195825,2.282635,-2.731975
S;D;R;A;S,E;H;A;L;Y,"121,186,280,65,269",-0.450343,1.50316,-0.731655,0.771505,-1.221848
A;M;G;N;C,M;L;A;K;S,"135,154,165,233,289",-0.450536,2.61474,-1.16436,1.4503799999999998,-1.9009159999999998
A;M;R;G;L,M;L;N;A;K,"135,154,90,165,249",-0.451076,2.37909,1.9138,4.29289,-4.7439659999999995
S;D;R;T;G,E;H;A;L;A,"121,186,280,72,243",-0.451593,1.88057,1.45932,3.33989,-3.791483
S;D;R;S;T,E;H;A;T;N,"121,186,280,214,88",-0.451655,1.07516,1.16002,2.2351799999999997,-2.686835
T;T;T;T;P,L;M;E;V;Q,"72,51,270,198,38",-0.452697,4.06726,1.58069,5.64795,-6.1006469999999995
S;D;R;A;R,E;H;A;L;T,"121,186,280,65,90",-0.45303,1.50316,-6.75769,,
S;D;T;E;S,E;H;P;K;D,"121,186,116,231,103",-0.453342,6.58675,1.28938,7.87613,-8.329471999999999
S;D;R;L;S,E;H;A;M;V,"121,186,280,216,58",-0.454499,0.746184,1.64103,2.387214,-2.8417130000000004
A;M;G;N;S,M;L;A;K;P,"135,154,165,233,125",-0.455352,2.61474,1.21417,3.8289099999999996,-4.284262
S;D;R;Q;N,E;H;A;M;K,"121,186,280,127,138",-0.456855,1.52251,1.2829,2.80541,-3.262265
A;M;G;Q;P,M;L;A;M;Q,"135,154,165,127,38",-0.456872,3.19369,1.58069,4.77438,-5.231252
A;M;L;N;V,M;L;F;Y;C,"135,154,117,37,281",-0.457258,2.34832,1.22272,3.57104,-4.028298
T;R;S;S;Q,L;K;Y;T;N,"72,53,269,214,127",-0.459523,2.10066,2.35273,4.453390000000001,-4.9129130000000005
T;R;S;S;R,L;K;Y;T;A,"72,53,269,214,90",-0.45968,2.10066,-6.05749,,
D;L;N;S;L,L;F;K;Y;I,"220,117,233,269,216",-0.459768,2.47846,1.43258,3.91104,-4.370808
S;D;R;Q;S,E;H;A;M;P,"121,186,280,127,188",-0.4606,1.52251,-0.195825,1.3266850000000001,-1.7872850000000002
S;D;R;A;Q,E;H;A;L;T,"121,186,280,65,91",-0.4612,1.50316,1.27643,2.77959,-3.2407899999999996
A;M;G;Q;D,M;L;A;M;K,"135,154,165,127,263",-0.461412,3.19369,1.32913,4.52282,-4.984232
S;D;R;T;N,E;H;A;L;T,"121,186,280,72,190",-0.463366,1.88057,1.14081,3.02138,-3.4847460000000003
S;D;R;T;N,E;H;A;L;K,"121,186,280,72,138",-0.464416,1.88057,1.2829,3.1634700000000002,-3.627886
A;M;L;N;Q,M;L;F;Y;D,"135,154,117,37,127",-0.464831,2.34832,1.96342,4.31174,-4.776571000000001
N;S;S;S;G,Y;Q;E;P;K,"37,188,136,245,243",-0.464868,1.84971,3.0581,4.90781,-5.372678
S;T;I;N;K,A;Y;R;K;Y,"124,189,168,114,253",-0.465851,4.66467,-2.49422,,
S;D;R;A;L,E;H;A;E;F,"121,186,280,152,216",-0.466177,1.40875,1.28942,2.69817,-3.1643470000000002
S;D;R;S;I,E;H;A;T;V,"121,186,280,214,200",-0.466365,1.07516,1.28856,2.36372,-2.830085
T;T;N;N;P,L;M;K;K;L,"72,51,233,114,38",-0.466918,3.42408,1.38115,4.80523,-5.272148
S;D;R;A;H,E;H;A;L;R,"121,186,280,65,104",-0.468557,1.50316,1.19641,2.69957,-3.168127
T;T;N;N;R,V;M;K;K;Y,"198,51,233,114,123",-0.468771,3.19949,1.89278,5.09227,-5.561041
S;D;R;T;R,E;H;A;Y;T,"121,186,280,189,90",-0.471621,1.59074,-6.75769,,
S;D;R;T;S,E;H;A;L;E,"121,186,280,72,115",-0.474171,1.88057,1.69898,3.5795500000000002,-4.053721
S;T;R;S;G,A;V;A;T;Q,"124,198,280,214,243",-0.474618,2.1529,3.87149,6.02439,-6.499008
N;S;T;H;G,Y;Q;M;M;K,"37,188,29,104,243",-0.474719,1.62133,3.0581,4.67943,-5.154149
D;L;N;S;L,L;F;K;Y;K,"220,117,233,269,249",-0.474972,2.47846,1.9138,4.39226,-4.8672320000000004
S;T;R;S;G,A;V;A;T;S,"124,198,280,214,243",-0.475907,2.1529,1.55439,3.7072899999999995,-4.183197
S;H;T;M;T,P;M;M;L;N,"245,104,29,262,198",-0.47695,1.96403,1.15645,3.1204799999999997,-3.5974299999999997
S;T;R;S;F,A;V;A;T;E,"124,198,280,214,271",-0.477552,2.1529,2.659,4.8119,-5.289452
S;D;R;A;R,E;H;A;E;T,"121,186,280,152,90",-0.478854,1.40875,-6.75769,,
S;D;T;Q;I,E;H;P;L;L,"121,186,116,182,145",-0.481561,4.19138,1.3052,5.49658,-5.978141
S;D;R;Q;S,E;H;A;M;P,"121,186,280,127,125",-0.486563,1.52251,1.21417,2.73668,-3.2232429999999996
S;D;R;T;L,E;H;A;Y;K,"121,186,280,189,249",-0.487481,1.59074,1.9138,3.50454,-3.992021
T;S;S;K;W,P;N;P;L;C,"116,238,290,252,257",-0.489109,5.29036,2.40869,7.69905,-8.188158999999999
A;M;L;N;G,M;L;F;Y;T,"135,154,117,37,254",-0.489111,2.34832,-4.84766,,
S;H;T;M;C,P;M;M;L;A,"245,104,29,262,289",-0.489797,1.96403,-0.0850688,1.8789612,-2.3687582
A;M;L;N;G,M;L;F;Y;A,"135,154,117,37,243",-0.490024,2.34832,1.45932,3.80764,-4.297664
T;T;M;Q;Q,V;M;L;L;N,"198,51,262,182,133",-0.491592,3.03477,1.21979,4.25456,-4.7461519999999995
T;T;M;R;Q,V;M;L;D;E,"198,51,262,90,127",-0.492173,2.75602,1.46399,4.22001,-4.7121830000000005
S;D;R;S;G,E;H;A;T;S,"121,186,280,214,243",-0.492385,1.07516,1.55439,2.62955,-3.121935
T;T;M;Q;K,V;M;L;L;A,"198,51,262,182,253",-0.492923,3.03477,-2.13229,,
T;T;N;N;D,L;M;K;K;K,"72,51,233,114,263",-0.493664,3.42408,1.32913,4.75321,-5.246874
S;D;R;L;Q,E;H;A;M;V,"121,186,280,216,127",-0.49385,0.746184,1.22374,1.969924,-2.463774
T;R;S;S;G,L;K;Y;T;S,"72,53,269,214,243",-0.495336,2.10066,1.55439,3.65505,-4.150386
T;K;D;S;G,E;L;L;T;I,"270,252,220,214,243",-0.495906,4.53563,2.1303,6.66593,-7.161836
S;D;R;Q;S,E;H;A;M;Y,"121,186,280,127,242",-0.496167,1.52251,1.18862,2.71113,-3.2072969999999996
T;T;M;Q;Q,V;M;L;L;W,"198,51,262,182,133",-0.49681,3.03477,1.99371,5.02848,-5.52529
S;D;R;Q;C,E;H;A;M;A,"121,186,280,127,289",-0.499351,1.52251,-0.0850688,1.4374412,-1.9367922000000002
T;T;M;Q;S,V;M;L;L;N,"198,51,262,182,103",-0.502222,3.03477,1.48912,4.52389,-5.0261119999999995
T;R;S;S;K,L;K;Y;T;V,"72,53,269,214,253",-0.507295,2.10066,-1.77146,0.32919999999999994,-0.836495
S;T;I;N;S,A;Y;R;K;N,"124,189,168,114,103",-0.508853,4.66467,1.48912,6.15379,-6.662643
S;D;R;Q;G,E;H;A;M;Q,"121,186,280,127,243",-0.511599,1.52251,3.87149,5.394,-5.9055990000000005
E;Q;T;Q;M,K;L;L;L;P,"231,182,72,127,222",-0.511945,7.66695,1.39237,9.05932,-9.571265
N;N;N;S;G,I;K;K;V;A,"114,205,233,269,243",-0.512687,1.78881,1.45932,3.2481299999999997,-3.760817
S;I;E;Q;S,Q;R;K;L;N,"188,168,231,182,103",-0.514387,5.154,1.48912,6.64312,-7.157507
S;I;E;N;A,Q;R;K;K;L,"188,168,231,114,272",-0.521157,4.79974,-2.073,,
S;D;R;S;R,E;H;A;T;A,"121,186,280,214,90",-0.522453,1.07516,-6.05749,,
S;D;R;S;Q,E;H;A;T;W,"121,186,280,214,133",-0.523439,1.07516,1.99371,3.06887,-3.592309
T;T;N;N;G,L;M;K;K;T,"72,51,233,114,251",-0.523625,3.42408,1.39182,4.8159,-5.339525
T;T;N;N;Q,L;M;K;K;E,"72,51,233,114,127",-0.527486,3.42408,1.46399,4.88807,-5.415556
S;I;E;N;L,Q;R;K;K;C,"188,168,231,114,249",-0.528947,4.79974,1.14374,5.94348,-6.472427
S;D;R;T;S,E;H;A;M;H,"121,186,280,51,214",-0.529201,1.79222,-2.16722,,
D;L;N;Q;P,L;F;K;M;Q,"220,117,233,127,38",-0.530268,3.80149,1.58069,5.38218,-5.9124479999999995
T;T;M;R;G,V;M;L;D;A,"198,51,262,90,243",-0.53253,2.75602,1.45932,4.215339999999999,-4.747869999999999
S;D;R;A;D,E;H;A;E;Q,"121,186,280,152,220",-0.534358,1.40875,2.86794,4.27669,-4.811048
T;R;S;S;R,L;K;Y;T;P,"72,53,269,214,280",-0.535281,2.10066,1.29097,3.39163,-3.926911
Q;K;E;Q;N,L;L;K;L;P,"127,252,231,182,277",-0.536277,8.0785,1.65895,9.737449999999999,-10.273727
S;H;T;M;M,P;M;M;L;H,"245,104,29,262,161",-0.536333,1.96403,0.29128,2.2553099999999997,-2.7916429999999997
S;D;R;A;R,E;H;A;L;K,"121,186,280,65,53",-0.537312,1.50316,1.21629,2.71945,-3.256762
N;S;S;R;C,K;T;W;D;A,"233,214,58,90,289",-0.537638,2.40164,-0.0850688,2.3165712,-2.8542091999999997
S;D;R;T;R,E;H;A;Y;P,"121,186,280,189,90",-0.537865,1.59074,-15.0143,,
S;H;T;S;P,P;M;M;W;D,"245,104,29,58,197",-0.54164,1.79588,1.57327,3.36915,-3.91079
S;D;R;Q;S,E;H;A;M;T,"121,186,280,127,124",-0.544209,1.52251,2.0551,3.57761,-4.121819
S;I;E;N;I,Q;R;K;K;R,"188,168,231,114,218",-0.544302,4.79974,1.07089,5.87063,-6.414932
S;D;R;A;S,E;H;A;E;Y,"121,186,280,152,269",-0.545214,1.40875,-0.731655,0.6770949999999999,-1.2223089999999999
S;D;R;A;Q,E;H;A;L;I,"121,186,280,65,182",-0.545353,1.50316,-0.75822,0.74494,-1.2902930000000001
T;R;S;S;L,L;K;Y;T;Q,"72,53,269,214,216",-0.545537,2.10066,1.66917,3.76983,-4.315367
S;D;R;D;Q,E;H;A;L;R,"121,186,280,220,127",-0.548955,2.15121,2.24575,4.39696,-4.945915
A;M;R;G;S,M;L;N;A;P,"135,154,90,165,125",-0.550172,2.37909,1.21417,3.59326,-4.143432
S;D;R;L;Q,E;H;A;M;I,"121,186,280,216,127",-0.550881,0.746184,2.10731,2.853494,-3.404375
N;S;S;S;M,Y;Q;E;P;H,"37,188,136,245,161",-0.55091,1.84971,0.29128,2.14099,-2.6919
T;T;M;R;K,V;M;L;D;A,"198,51,262,90,253",-0.552666,2.75602,-2.13229,,
N;S;S;R;L,K;T;W;D;K,"233,214,58,90,249",-0.55385,2.40164,1.9138,4.31544,-4.8692899999999995
S;D;T;S;L,E;H;P;F;P,"121,186,116,238,216",-0.555139,4.39699,1.17536,5.57235,-6.127489000000001
S;G;S;M;K,W;A;E;L;V,"58,165,136,262,253",-0.560302,2.29813,-1.77146,0.52667,-1.0869719999999998
S;T;I;T;G,A;Y;R;E;A,"124,189,168,270,243",-0.562325,5.05558,1.45932,6.5149,-7.077225
E;Q;Q;D;Y,K;L;L;L;T,"231,182,127,220,63",-0.563402,7.84419,-0.214622,7.629568,-8.192969999999999
N;S;S;R;G,K;T;W;D;S,"233,214,58,90,243",-0.565616,2.40164,1.55439,3.95603,-4.5216460000000005
D;L;N;S;N,L;F;K;Y;K,"220,117,233,269,138",-0.566649,2.47846,1.2829,3.76136,-4.328009
D;L;N;S;K,L;F;K;Y;V,"220,117,233,269,253",-0.567389,2.47846,-1.77146,0.7070000000000001,-1.2743890000000002
A;M;R;G;G,M;L;N;A;L,"135,154,90,165,243",-0.568924,2.37909,3.65866,6.03775,-6.606674
S;D;R;S;G,E;H;A;T;A,"121,186,280,214,165",-0.569318,1.07516,-4.58782,,
S;T;I;N;P,A;Y;R;K;D,"124,189,168,114,197",-0.570089,4.66467,1.57327,6.23794,-6.808029
S;D;R;T;L,E;H;A;M;Q,"121,186,280,51,216",-0.571662,1.79222,1.66917,3.4613899999999997,-4.033052
T;T;M;R;L,V;M;L;D;C,"198,51,262,90,249",-0.573053,2.75602,1.14374,3.8997599999999997,-4.4728129999999995
T;S;S;T;Y,P;N;P;E;G,"116,238,290,270,63",-0.574574,5.17498,-1.32041,3.85457,-4.429144
S;D;R;S;K,E;H;A;T;V,"121,186,280,214,253",-0.575812,1.07516,-1.77146,-0.6963000000000001,0.12048800000000015
S;D;R;T;F,E;H;A;Y;E,"121,186,280,189,271",-0.576196,1.59074,2.659,4.24974,-4.8259360000000004
S;H;T;M;L,P;M;M;L;K,"245,104,29,262,249",-0.576704,1.96403,1.9138,3.87783,-4.454534
S;H;T;S;R,P;M;M;W;V,"245,104,29,58,34",-0.576764,1.79588,3.28169,5.07757,-5.6543339999999995
S;T;I;D;Y,A;Y;R;L;T,"124,189,168,220,63",-0.576829,5.25397,-0.214622,5.0393479999999995,-5.6161769999999995
N;S;S;S;P,Y;Q;E;P;D,"37,188,136,245,197",-0.576941,1.84971,1.57327,3.42298,-3.999921
S;H;T;M;V,P;M;M;L;C,"245,104,29,262,281",-0.578538,1.96403,1.22272,3.18675,-3.765288
S;T;I;D;I,A;Y;R;L;R,"124,189,168,220,218",-0.580786,5.25397,1.07089,6.324859999999999,-6.905645999999999
A;M;R;G;V,M;L;N;A;D,"135,154,90,165,57",-0.581593,2.37909,1.23826,3.61735,-4.198943
S;G;S;M;D,W;A;E;L;K,"58,165,136,262,263",-0.583831,2.29813,1.32913,3.6272599999999997,-4.211091
S;H;T;S;M,P;M;M;W;H,"245,104,29,58,161",-0.586074,1.79588,0.29128,2.08716,-2.673234
N;S;S;S;V,Y;Q;E;P;C,"37,188,136,245,281",-0.587016,1.84971,1.22272,3.0724299999999998,-3.659446
S;D;S;N;P,E;H;Y;K;V,"121,186,238,114,184",-0.587418,2.83208,0.457537,3.289617,-3.877035
S;D;R;T;M,E;H;A;Y;V,"121,186,280,189,154",-0.588936,1.59074,-3.00604,,
S;D;R;T;L,E;H;A;M;I,"121,186,280,51,216",-0.592279,1.79222,1.43258,3.2248,-3.817079
S;H;T;M;G,P;M;M;L;L,"245,104,29,262,243",-0.595099,1.96403,3.65866,5.6226899999999995,-6.217789
N;S;S;R;H,K;T;W;D;R,"233,214,58,90,104",-0.596295,2.40164,1.19641,3.5980499999999997,-4.194345
S;G;S;M;G,W;A;E;L;L,"58,165,136,262,243",-0.596558,2.29813,3.65866,5.95679,-6.553348
S;I;E;N;S,Q;R;K;K;T,"188,168,231,114,124",-0.598492,4.79974,2.0551,6.854839999999999,-7.453332
S;T;R;S;D,A;V;A;T;K,"124,198,280,214,263",-0.602102,2.1529,1.32913,3.48203,-4.084132
S;T;I;T;P,A;Y;R;E;L,"124,189,168,270,38",-0.602881,5.05558,1.38115,6.43673,-7.039611
A;M;G;Q;G,M;L;A;M;T,"135,154,165,127,251",-0.604147,3.19369,1.39182,4.58551,-5.189657
T;T;M;R;S,V;M;L;D;N,"198,51,262,90,103",-0.604985,2.75602,1.48912,4.24514,-4.850125
S;T;I;T;C,A;Y;R;E;L,"124,189,168,270,289",-0.605194,5.05558,1.40303,6.45861,-7.063804
S;D;R;T;A,E;H;A;L;T,"121,186,280,72,180",-0.605927,1.88057,1.57849,3.45906,-4.064987
S;D;S;N;V,E;H;Y;K;D,"121,186,238,114,57",-0.605929,2.83208,1.23826,4.07034,-4.676269
S;D;R;L;S,E;H;A;M;D,"121,186,280,216,58",-0.608686,0.746184,1.87848,2.624664,-3.23335
D;L;N;S;C,L;F;K;Y;L,"220,117,233,269,289",-0.611862,2.47846,1.40303,3.8814900000000003,-4.493352000000001
N;S;T;H;I,Y;Q;M;M;L,"37,188,29,104,145",-0.612381,1.62133,1.3052,2.9265299999999996,-3.5389109999999997
S;D;R;D;P,E;H;A;L;D,"121,186,280,220,197",-0.613345,2.15121,1.57327,3.72448,-4.337825
T;T;M;R;G,V;M;L;D;H,"198,51,262,90,251",-0.613678,2.75602,1.17609,3.9321099999999998,-4.545788
S;D;R;A;L,E;H;A;L;Q,"121,186,280,65,216",-0.615575,1.50316,1.66917,3.17233,-3.7879050000000003
N;N;N;S;G,I;K;K;V;S,"114,205,233,269,243",-0.615635,1.78881,1.55439,3.3432,-3.958835
S;D;S;N;D,E;H;Y;K;K,"121,186,238,114,263",-0.617307,2.83208,1.32913,4.16121,-4.778517
T;T;T;S;P,L;M;E;F;V,"72,51,270,238,184",-0.621531,4.13032,0.457537,4.5878570000000005,-5.209388000000001
S;D;R;L;Q,E;H;A;M;V,"121,186,280,216,182",-0.622313,0.746184,-2.18418,,
S;T;I;N;C,A;Y;R;K;S,"124,189,168,114,289",-0.623251,4.66467,-1.16436,3.50031,-4.123561
S;D;R;E;P,E;H;A;K;D,"121,186,280,231,197",-0.625757,1.88215,1.57327,3.45542,-4.081177
A;M;G;N;N,M;L;A;K;L,"135,154,165,233,138",-0.626597,2.61474,1.20357,3.81831,-4.444907
S;D;S;N;R,E;H;Y;K;P,"121,186,238,114,280",-0.626861,2.83208,1.29097,4.12305,-4.749911
S;D;R;E;D,E;H;A;K;K,"121,186,280,231,263",-0.626884,1.88215,1.32913,3.21128,-3.838164
S;D;R;A;I,E;H;A;L;R,"121,186,280,65,168",-0.630129,1.50316,-14.7567,,
A;M;L;N;Q,M;L;F;Y;E,"135,154,117,37,127",-0.630253,2.34832,1.46399,3.81231,-4.442563
N;N;N;S;C,I;K;K;V;S,"114,205,233,269,289",-0.630556,1.78881,-1.16436,0.62445,-1.2550059999999998
S;D;T;S;L,E;H;P;F;K,"121,186,116,238,249",-0.630681,4.39699,1.9138,6.31079,-6.941471
S;D;R;T;R,E;H;A;L;P,"121,186,280,72,90",-0.631326,1.88057,-15.0143,,
D;L;N;S;G,L;F;K;Y;S,"220,117,233,269,243",-0.631541,2.47846,1.55439,4.03285,-4.664391
S;D;R;A;Q,E;H;A;E;T,"121,186,280,152,127",-0.63444,1.40875,0.705474,2.114224,-2.748664
T;T;M;Q;P,V;M;L;L;Q,"198,51,262,182,38",-0.635406,3.03477,1.58069,4.61546,-5.250865999999999
E;Q;Q;D;N,K;L;L;L;Y,"231,182,127,220,244",-0.635751,7.84419,1.65088,9.49507,-10.130821000000001
T;T;M;Q;A,V;M;L;L;T,"198,51,262,182,180",-0.638617,3.03477,1.57849,4.61326,-5.251877
A;M;G;Q;P,M;L;A;M;V,"135,154,165,127,184",-0.6394,3.19369,0.457537,3.651227,-4.290627
S;D;R;E;G,E;H;A;K;H,"121,186,280,231,251",-0.641733,1.88215,1.17609,3.05824,-3.699973
S;D;R;A;T,E;H;A;L;K,"121,186,280,65,88",-0.64308,1.50316,1.28517,2.78833,-3.43141
T;T;M;Q;K,V;M;L;L;Y,"198,51,262,182,253",-0.643709,3.03477,-2.49422,,
N;N;N;S;S,I;K;K;V;N,"114,205,233,269,103",-0.643782,1.78881,1.48912,3.27793,-3.921712
S;D;R;A;F,E;H;A;L;W,"121,186,280,65,271",-0.64445,1.50316,1.88634,3.3895,-4.03395
S;D;R;A;S,E;H;A;L;T,"121,186,280,65,124",-0.644521,1.50316,2.0551,3.5582599999999998,-4.202781
S;D;R;A;Q,E;H;A;E;I,"121,186,280,152,127",-0.646725,1.40875,2.10731,3.51606,-4.1627849999999995
T;T;N;N;Q,L;M;K;K;D,"72,51,233,114,127",-0.647819,3.42408,1.96342,5.3875,-6.035319
S;D;T;S;L,E;H;P;F;C,"121,186,116,238,249",-0.647974,4.39699,1.14374,5.54073,-6.1887039999999995
S;H;T;S;K,P;M;M;W;V,"245,104,29,58,253",-0.64927,1.79588,-1.77146,0.024419999999999886,-0.6736899999999999
S;D;R;A;T,E;H;A;E;K,"121,186,280,152,88",-0.650482,1.40875,1.28517,2.69392,-3.3444019999999997
S;T;I;T;M,A;Y;R;E;H,"124,189,168,270,161",-0.651239,5.05558,0.29128,5.3468599999999995,-5.998099
T;R;S;S;G,L;K;Y;T;Q,"72,53,269,214,243",-0.654193,2.10066,3.87149,5.97215,-6.626343
E;Q;Q;D;N,K;L;L;L;P,"231,182,127,220,277",-0.655313,7.84419,1.65895,9.50314,-10.158453
S;D;R;T;S,E;H;A;Y;H,"121,186,280,189,214",-0.656294,1.59074,-2.16722,,
S;H;T;S;G,P;M;M;W;L,"245,104,29,58,243",-0.656584,1.79588,3.65866,5.45454,-6.111123999999999
N;N;N;S;T,I;K;K;V;N,"114,205,233,269,198",-0.657895,1.78881,1.15645,2.94526,-3.603155
A;M;L;N;R,M;L;F;Y;A,"135,154,117,37,90",-0.659881,2.34832,-6.05749,,
S;D;T;E;G,E;H;P;K;P,"121,186,116,231,243",-0.660888,6.58675,1.73112,8.317870000000001,-8.978758000000001
S;D;R;S;G,E;H;A;T;Q,"121,186,280,214,243",-0.661604,1.07516,3.87149,4.94665,-5.608254
N;S;S;S;S,Y;Q;E;P;T,"37,188,136,245,124",-0.662479,1.84971,2.0551,3.90481,-4.567289
D;L;N;Q;C,L;F;K;M;L,"220,117,233,127,289",-0.66283,3.80149,1.40303,5.20452,-5.86735
T;T;M;Q;P,V;M;L;L;L,"198,51,262,182,38",-0.665403,3.03477,1.38115,4.41592,-5.081322999999999
S;D;R;D;M,E;H;A;L;V,"121,186,280,220,154",-0.665751,2.15121,-3.00604,,
A;M;L;N;T,M;L;F;Y;N,"135,154,117,37,198",-0.667065,2.34832,1.15645,3.50477,-4.171835
S;D;R;T;F,E;H;A;M;E,"121,186,280,51,271",-0.667317,1.79222,2.659,4.451219999999999,-5.118536999999999
S;D;R;A;T,E;H;A;L;N,"121,186,280,65,88",-0.667511,1.50316,1.16002,2.66318,-3.330691
T;T;N;N;Q,V;M;K;K;D,"198,51,233,114,127",-0.668037,3.19949,1.96342,5.16291,-5.830947
T;T;M;Q;C,V;M;L;L;S,"198,51,262,182,289",-0.669417,3.03477,-1.16436,1.87041,-2.539827
S;H;T;M;Q,P;M;M;L;R,"245,104,29,262,127",-0.670949,1.96403,2.24575,4.20978,-4.8807290000000005
D;L;N;S;G,L;F;K;Y;A,"220,117,233,269,243",-0.671977,2.47846,1.45932,3.93778,-4.609757
S;T;R;S;G,A;V;A;T;L,"124,198,280,214,243",-0.673582,2.1529,3.65866,5.81156,-6.485142
S;G;S;M;A,W;A;E;L;T,"58,165,136,262,180",-0.676636,2.29813,1.57849,3.87662,-4.553256
S;I;E;N;G,Q;R;K;K;I,"188,168,231,114,243",-0.680157,4.79974,2.1303,6.93004,-7.610197
S;T;R;S;L,A;V;A;T;K,"124,198,280,214,249",-0.681319,2.1529,1.9138,4.0667,-4.748019
S;D;R;A;N,E;H;A;L;T,"121,186,280,65,190",-0.6822,1.50316,1.14081,2.6439700000000004,-3.3261700000000003
S;D;R;E;V,E;H;A;K;C,"121,186,280,231,281",-0.683524,1.88215,1.22272,3.10487,-3.7883940000000003
S;D;R;A;T,E;H;A;L;M,"121,186,280,65,29",-0.684046,1.50316,-6.9328,,
T;T;T;T;D,L;M;E;V;K,"72,51,270,198,263",-0.687026,4.06726,1.32913,5.39639,-6.083416000000001
S;T;R;S;G,A;V;A;T;T,"124,198,280,214,251",-0.691676,2.1529,1.39182,3.54472,-4.236396
T;T;M;R;N,V;M;L;D;L,"198,51,262,90,138",-0.692491,2.75602,1.20357,3.95959,-4.652081
S;D;R;L;S,E;H;A;M;T,"121,186,280,216,124",-0.694987,0.746184,2.0551,2.801284,-3.496271
S;D;R;T;A,E;H;A;Y;V,"121,186,280,189,65",-0.696782,1.59074,2.10232,3.69306,-4.389842
A;M;G;Q;K,M;L;A;M;A,"135,154,165,127,253",-0.698188,3.19369,-2.13229,,
T;T;N;N;P,L;M;K;K;V,"72,51,233,114,184",-0.698298,3.42408,0.457537,3.881617,-4.579915
D;L;N;S;R,L;F;K;Y;A,"220,117,233,269,90",-0.698434,2.47846,-6.05749,,
N;S;S;S;G,Y;Q;E;P;L,"37,188,136,245,243",-0.702697,1.84971,3.65866,5.508369999999999,-6.211066999999999
S;D;R;T;H,E;H;A;L;R,"121,186,280,72,104",-0.704945,1.88057,1.19641,3.07698,-3.7819249999999998
T;R;S;S;L,L;K;Y;T;E,"72,53,269,214,216",-0.705079,2.10066,1.31255,3.4132100000000003,-4.118289000000001
N;S;S;R;S,K;T;W;D;P,"233,214,58,90,125",-0.71038,2.40164,1.21417,3.6158099999999997,-4.3261899999999995
T;T;M;Q;Q,V;M;L;L;D,"198,51,262,182,127",-0.710847,3.03477,1.96342,4.99819,-5.709037
T;T;N;N;P,V;M;K;K;L,"198,51,233,114,38",-0.711019,3.19949,1.38115,4.58064,-5.291659
S;D;R;T;Q,E;H;A;M;W,"121,186,280,51,133",-0.711419,1.79222,1.99371,3.78593,-4.497349
S;T;N;D;C,M;V;K;L;D,"238,198,114,220,289",-0.712171,4.37095,1.83462,6.20557,-6.9177409999999995
D;L;N;S;Q,L;F;K;Y;T,"220,117,233,269,127",-0.712195,2.47846,0.705474,3.1839340000000003,-3.896129
S;D;R;T;Q,E;H;A;L;N,"121,186,280,72,133",-0.713428,1.88057,1.21979,3.1003600000000002,-3.813788
D;L;N;S;A,L;F;K;Y;V,"220,117,233,269,65",-0.715605,2.47846,2.10232,4.580780000000001,-5.296385000000001
T;R;S;S;Q,L;K;Y;T;T,"72,53,269,214,127",-0.717579,2.10066,0.705474,2.806134,-3.523713
S;D;R;T;I,E;H;A;M;H,"121,186,280,51,168",-0.717843,1.79222,-1.74709,0.04512999999999989,-0.7629729999999999
S;D;S;N;Q,E;H;Y;K;R,"121,186,238,114,127",-0.718352,2.83208,2.24575,5.0778300000000005,-5.796182000000001
S;H;T;M;G,P;M;M;L;A,"245,104,29,262,243",-0.718797,1.96403,1.45932,3.42335,-4.1421470000000005
S;D;R;A;A,E;H;A;E;F,"121,186,280,152,65",-0.719326,1.40875,1.18512,2.59387,-3.313196
A;M;R;G;N,M;L;N;A;L,"135,154,90,165,138",-0.719858,2.37909,1.20357,3.58266,-4.302518
T;T;N;N;C,V;M;K;K;L,"198,51,233,114,289",-0.72334,3.19949,1.40303,4.60252,-5.3258600000000005
T;T;N;N;P,V;M;K;K;V,"198,51,233,114,184",-0.724628,3.19949,0.457537,3.657027,-4.381655
T;T;M;R;G,V;M;L;D;T,"198,51,262,90,254",-0.726986,2.75602,-4.84766,,
N;S;S;R;Q,K;T;W;D;N,"233,214,58,90,127",-0.727779,2.40164,2.35273,4.75437,-5.482149
N;N;N;S;S,I;K;K;V;T,"114,205,233,269,124",-0.728623,1.78881,2.0551,3.84391,-4.572533
S;D;R;L;R,E;H;A;M;Q,"121,186,280,216,224",-0.730228,0.746184,0.801101,1.547285,-2.277513
S;I;E;N;L,Q;R;K;K;P,"188,168,231,114,216",-0.731054,4.79974,1.17536,5.975099999999999,-6.706154
A;M;G;N;Q,M;L;A;K;E,"135,154,165,233,127",-0.733118,2.61474,1.46399,4.07873,-4.811848
T;T;N;N;L,V;M;K;K;D,"198,51,233,114,249",-0.733578,3.19949,1.3351,4.53459,-5.268167999999999
T;T;T;S;D,L;M;E;F;K,"72,51,270,238,263",-0.733924,4.13032,1.32913,5.45945,-6.193374
S;D;T;E;M,E;H;P;K;P,"121,186,116,231,222",-0.734062,6.58675,1.39237,7.97912,-8.713182
A;M;L;N;Q,M;L;F;Y;T,"135,154,117,37,127",-0.734821,2.34832,0.705474,3.0537940000000003,-3.788615
T;R;S;S;A,L;K;Y;T;D,"72,53,269,214,226",-0.735308,2.10066,-6.56873,,
S;I;E;S;G,Q;R;K;E;T,"188,168,231,136,251",-0.736119,5.68401,1.39182,7.07583,-7.811949
A;M;L;N;N,M;L;F;Y;L,"135,154,117,37,138",-0.736523,2.34832,1.20357,3.55189,-4.288413
T;S;S;T;Y,P;N;P;E;T,"116,238,290,270,63",-0.736739,5.17498,-0.214622,4.960357999999999,-5.697096999999999
D;L;N;S;K,L;F;K;Y;Y,"220,117,233,269,253",-0.739609,2.47846,-2.49422,,
Q;K;E;Q;M,L;L;K;L;P,"127,252,231,182,222",-0.741293,8.0785,1.39237,9.47087,-10.212163
T;R;S;S;L,L;K;Y;T;K,"72,53,269,214,249",-0.741988,2.10066,1.9138,4.01446,-4.756448
N;S;S;S;K,Y;Q;E;P;V,"37,188,136,245,253",-0.742986,1.84971,-1.77146,0.07824999999999993,-0.821236
Q;K;E;Q;C,L;L;K;L;L,"127,252,231,182,289",-0.744403,8.0785,1.40303,9.48153,-10.225933
S;H;T;M;G,P;M;M;L;S,"245,104,29,262,243",-0.746175,1.96403,1.55439,3.51842,-4.264595
E;Q;T;Q;N,K;L;L;L;Y,"231,182,72,127,244",-0.746887,7.66695,1.65088,9.31783,-10.064717
S;D;S;N;I,E;H;Y;K;L,"121,186,238,114,145",-0.746937,2.83208,1.3052,4.13728,-4.884217
T;S;S;T;P,P;N;P;E;K,"116,238,290,270,120",-0.747953,5.17498,-0.768642,4.406338,-5.154291
S;T;I;D;V,A;Y;R;L;D,"124,189,168,220,57",-0.751147,5.25397,1.23826,6.492229999999999,-7.243376999999999
S;D;R;Q;Q,E;H;A;M;W,"121,186,280,127,133",-0.751513,1.52251,1.99371,3.51622,-4.267733
S;D;R;T;G,E;H;A;Y;K,"121,186,280,189,243",-0.752186,1.59074,3.0581,4.64884,-5.401026
S;D;R;T;K,E;H;A;L;L,"121,186,280,72,252",-0.752388,1.88057,1.24366,3.12423,-3.8766179999999997
T;K;D;S;Q,E;L;L;T;F,"270,252,220,214,182",-0.752994,4.53563,-2.12573,,
S;D;R;A;Q,E;H;A;L;V,"121,186,280,65,182",-0.754077,1.50316,-2.18418,,
S;H;T;S;R,P;M;M;W;P,"245,104,29,58,280",-0.754595,1.79588,1.29097,3.08685,-3.841445
S;D;R;L;R,E;H;A;M;T,"121,186,280,216,90",-0.755889,0.746184,-6.75769,,
N;S;S;R;N,K;T;W;D;L,"233,214,58,90,138",-0.757642,2.40164,1.20357,3.60521,-4.362852
A;M;L;N;C,M;L;F;Y;S,"135,154,117,37,289",-0.759868,2.34832,-1.16436,1.1839600000000001,-1.9438280000000001
S;G;S;M;G,W;A;E;L;T,"58,165,136,262,251",-0.761884,2.29813,1.39182,3.68995,-4.451834
S;D;T;Q;Y,E;H;P;L;S,"121,186,116,182,63",-0.761959,4.19138,-1.05409,3.1372899999999997,-3.8992489999999997
S;T;N;D;Q,M;V;K;L;F,"238,198,114,220,182",-0.764589,4.37095,-2.12573,,
A;M;G;N;K,M;L;A;K;F,"135,154,165,233,253",-0.765344,2.61474,-2.7494,,
S;D;R;Q;M,E;H;A;M;H,"121,186,280,127,161",-0.769515,1.52251,0.29128,1.81379,-2.583305
S;D;R;D;Q,E;H;A;L;F,"121,186,280,220,182",-0.772413,2.15121,-2.12573,,
T;T;M;R;C,V;M;L;D;L,"198,51,262,90,289",-0.775512,2.75602,1.40303,4.15905,-4.934562
N;S;T;H;R,Y;Q;M;M;V,"37,188,29,104,34",-0.776583,1.62133,3.28169,4.90302,-5.679603
S;D;R;A;R,E;H;A;L;P,"121,186,280,65,90",-0.776669,1.50316,-15.0143,,
S;D;R;Q;K,E;H;A;M;Y,"121,186,280,127,253",-0.778813,1.52251,-2.49422,,
S;D;R;T;V,E;H;A;L;C,"121,186,280,72,281",-0.779665,1.88057,1.22272,3.1032900000000003,-3.8829550000000004
N;S;S;S;G,Y;Q;E;P;A,"37,188,136,245,243",-0.781139,1.84971,1.45932,3.30903,-4.0901689999999995
S;G;S;M;P,W;A;E;L;L,"58,165,136,262,38",-0.782913,2.29813,1.38115,3.6792800000000003,-4.462193
T;R;S;S;S,L;K;Y;T;T,"72,53,269,214,124",-0.787464,2.10066,2.0551,4.15576,-4.943224
A;M;R;G;C,M;L;N;A;L,"135,154,90,165,289",-0.790602,2.37909,1.40303,3.78212,-4.572722
S;D;T;Q;P,E;H;P;L;L,"121,186,116,182,38",-0.790625,4.19138,1.38115,5.5725299999999995,-6.363155
T;T;N;N;G,L;M;K;K;T,"72,51,233,114,254",-0.791154,3.42408,-4.84766,,
S;T;R;S;N,A;V;A;T;L,"124,198,280,214,138",-0.791866,2.1529,1.20357,3.35647,-4.148336
S;G;S;M;T,W;A;E;L;N,"58,165,136,262,198",-0.79262,2.29813,1.15645,3.45458,-4.2472
T;K;D;S;Y,E;L;L;T;S,"270,252,220,214,63",-0.794795,4.53563,-1.05409,3.4815400000000003,-4.276335
S;D;T;E;W,E;H;P;K;K,"121,186,116,231,257",-0.798768,6.58675,1.47425,8.061,-8.859768
A;M;L;N;G,M;L;F;Y;S,"135,154,117,37,243",-0.799846,2.34832,1.55439,3.90271,-4.7025559999999995
S;I;E;S;L,Q;R;K;E;C,"188,168,231,136,249",-0.800933,5.68401,1.14374,6.82775,-7.628683
T;S;S;K;M,P;N;P;L;P,"116,238,290,252,222",-0.80254,5.29036,1.39237,6.682729999999999,-7.48527
S;D;R;A;N,E;H;A;L;I,"121,186,280,65,37",-0.803248,1.50316,1.86168,3.36484,-4.168088
S;H;T;M;S,P;M;M;L;P,"245,104,29,262,125",-0.803311,1.96403,1.21417,3.1782,-3.981511
S;T;R;S;L,A;V;A;T;C,"124,198,280,214,249",-0.806212,2.1529,1.14374,3.29664,-4.102852
T;S;S;K;Y,P;N;P;L;T,"116,238,290,252,63",-0.80819,5.29036,-0.214622,5.075737999999999,-5.883927999999999
N;S;S;S;Q,Y;Q;E;P;R,"37,188,136,245,127",-0.81002,1.84971,2.24575,4.09546,-4.90548
T;T;T;S;S,L;M;E;F;N,"72,51,270,238,103",-0.811113,4.13032,1.48912,5.61944,-6.430553
S;D;R;S;Q,E;H;A;T;E,"121,186,280,214,127",-0.813509,1.07516,1.46399,2.53915,-3.352659
S;I;E;N;R,Q;R;K;K;Y,"188,168,231,114,123",-0.814069,4.79974,1.89278,6.69252,-7.506589
N;S;S;S;G,Y;Q;E;P;Q,"37,188,136,245,243",-0.814803,1.84971,3.87149,5.7212,-6.536003
D;L;N;S;S,L;F;K;Y;P,"220,117,233,269,125",-0.817516,2.47846,1.21417,3.6926300000000003,-4.510146000000001
T;R;S;S;P,L;K;Y;T;L,"72,53,269,214,38",-0.817645,2.10066,1.38115,3.4818100000000003,-4.299455
S;D;R;S;A,E;H;A;T;T,"121,186,280,214,180",-0.817742,1.07516,1.57849,2.65365,-3.471392
S;D;R;T;I,E;H;A;M;R,"121,186,280,51,168",-0.818217,1.79222,-14.7567,,
T;S;S;K;Y,P;N;P;L;G,"116,238,290,252,63",-0.820614,5.29036,-1.32041,3.96995,-4.790564
T;K;D;S;W,E;L;L;T;K,"270,252,220,214,257",-0.825415,4.53563,1.47425,6.009880000000001,-6.835295
S;D;R;A;S,E;H;A;E;E,"121,186,280,152,207",-0.82555,1.40875,1.39808,2.8068299999999997,-3.6323799999999995
D;L;N;S;I,L;F;K;Y;L,"220,117,233,269,145",-0.825773,2.47846,1.3052,3.7836600000000002,-4.609433
S;D;S;N;C,E;H;Y;K;S,"121,186,238,114,289",-0.826933,2.83208,-1.16436,1.6677199999999999,-2.494653
S;T;I;D;D,A;Y;R;L;K,"124,189,168,220,263",-0.831028,5.25397,1.32913,6.5831,-7.414128
S;D;R;Q;K,E;H;A;M;F,"121,186,280,127,253",-0.831845,1.52251,-2.7494,,
N;S;S;S;R,Y;Q;E;P;V,"37,188,136,245,34",-0.832643,1.84971,3.28169,5.1314,-5.964043
S;D;R;D;G,E;H;A;L;T,"121,186,280,220,251",-0.834394,2.15121,1.39182,3.54303,-4.3774239999999995
S;D;R;D;Q,E;H;A;L;T,"121,186,280,220,91",-0.838453,2.15121,1.27643,3.42764,-4.266093
S;H;T;S;T,P;M;M;W;N,"245,104,29,58,198",-0.83867,1.79588,1.15645,2.95233,-3.791
T;K;D;S;W,E;L;L;T;I,"270,252,220,214,159",-0.83893,4.53563,1.51695,6.052580000000001,-6.89151
T;R;S;S;Q,L;K;Y;T;E,"72,53,269,214,133",-0.83923,2.10066,2.09284,4.1935,-5.03273
S;D;R;Q;C,E;H;A;M;S,"121,186,280,127,289",-0.839274,1.52251,-1.16436,0.35814999999999997,-1.1974239999999998
S;I;E;S;G,Q;R;K;E;I,"188,168,231,136,243",-0.839688,5.68401,2.1303,7.81431,-8.653998
S;D;R;A;R,E;H;A;L;N,"121,186,280,65,132",-0.840642,1.50316,1.97104,3.4741999999999997,-4.314842
S;D;R;A;K,E;H;A;E;F,"121,186,280,152,253",-0.840992,1.40875,-2.7494,,
T;T;M;Q;L,V;M;L;L;D,"198,51,262,182,249",-0.841865,3.03477,1.3351,4.36987,-5.211735
S;D;R;T;Q,E;H;A;L;I,"121,186,280,72,127",-0.842042,1.88057,2.10731,3.98788,-4.829922
T;T;M;R;L,V;M;L;D;D,"198,51,262,90,249",-0.842212,2.75602,1.3351,4.09112,-4.933332
S;D;T;K;Q,E;H;P;L;P,"121,186,116,252,127",-0.843044,4.99838,1.5029,6.5012799999999995,-7.344323999999999
S;T;I;N;R,A;Y;R;K;Y,"124,189,168,114,123",-0.844324,4.66467,1.89278,6.55745,-7.4017740000000005
S;T;R;S;S,A;V;A;T;N,"124,198,280,214,103",-0.845,2.1529,1.48912,3.6420199999999996,-4.487019999999999
S;D;R;T;V,E;H;A;Y;D,"121,186,280,189,57",-0.845996,1.59074,1.23826,2.8289999999999997,-3.6749959999999997
S;I;E;Q;C,Q;R;K;L;D,"188,168,231,182,289",-0.846008,5.154,1.83462,6.98862,-7.834628
A;M;G;N;K,M;L;A;K;A,"135,154,165,233,253",-0.84683,2.61474,-2.13229,,
S;D;T;Q;G,E;H;P;L;I,"121,186,116,182,243",-0.847882,4.19138,2.1303,6.32168,-7.169562
T;R;S;S;R,L;K;Y;T;T,"72,53,269,214,90",-0.848358,2.10066,-6.75769,,
S;T;N;D;P,M;V;K;L;Q,"238,198,114,220,38",-0.849166,4.37095,1.58069,5.951639999999999,-6.800806
T;R;S;S;Q,L;K;Y;T;F,"72,53,269,214,182",-0.850506,2.10066,-2.12573,,
T;S;S;K;Q,P;N;P;L;P,"116,238,290,252,127",-0.851036,5.29036,1.5029,6.79326,-7.644296
N;S;S;R;A,K;T;W;D;T,"233,214,58,90,180",-0.852857,2.40164,1.57849,3.98013,-4.832987
S;I;E;N;K,Q;R;K;K;F,"188,168,231,114,253",-0.853664,4.79974,-2.7494,,
S;I;E;S;Q,Q;R;K;E;D,"188,168,231,136,127",-0.855765,5.68401,1.96342,7.64743,-8.503195
T;R;S;S;N,L;K;Y;T;L,"72,53,269,214,138",-0.85673,2.10066,1.20357,3.30423,-4.16096
A;M;R;G;C,M;L;N;A;S,"135,154,90,165,289",-0.85726,2.37909,-1.16436,1.21473,-2.07199
S;D;R;L;R,E;H;A;M;P,"121,186,280,216,90",-0.85787,0.746184,-15.0143,,
A;M;G;N;C,M;L;A;K;L,"135,154,165,233,289",-0.857958,2.61474,1.40303,4.01777,-4.875728
S;D;R;A;S,E;H;A;L;H,"121,186,280,65,214",-0.860109,1.50316,-2.16722,,
S;D;R;L;I,E;H;A;M;H,"121,186,280,216,168",-0.860991,0.746184,-1.74709,-1.000906,0.13991500000000012
N;N;N;S;V,I;K;K;V;D,"114,205,233,269,57",-0.861866,1.78881,1.23826,3.02707,-3.888936
S;T;R;S;S,A;V;A;T;P,"124,198,280,214,188",-0.86345,2.1529,-0.195825,1.957075,-2.820525
S;D;R;A;R,E;H;A;L;A,"121,186,280,65,90",-0.863816,1.50316,-6.05749,,
D;L;N;Q;W,L;F;K;M;I,"220,117,233,127,159",-0.86631,3.80149,1.51695,5.31844,-6.18475
N;S;T;H;G,Y;Q;M;M;H,"37,188,29,104,251",-0.868607,1.62133,1.17609,2.79742,-3.6660269999999997
S;D;R;Q;Q,E;H;A;M;N,"121,186,280,127,133",-0.869166,1.52251,1.21979,2.7423,-3.611466
S;G;S;M;M,W;A;E;L;H,"58,165,136,262,161",-0.869323,2.29813,0.29128,2.58941,-3.458733
S;D;R;A;I,E;H;A;L;V,"121,186,280,65,200",-0.869517,1.50316,1.28856,2.7917199999999998,-3.661237
S;T;R;S;P,A;V;A;T;Q,"124,198,280,214,38",-0.869677,2.1529,1.58069,3.7335899999999995,-4.603267
S;D;R;S;Q,E;H;A;T;R,"121,186,280,214,127",-0.87019,1.07516,2.24575,3.32091,-4.1911000000000005
S;D;R;T;R,E;H;A;M;L,"121,186,280,51,53",-0.870523,1.79222,1.57881,3.37103,-4.241553000000001
T;S;S;K;W,P;N;P;L;K,"116,238,290,252,257",-0.87195,5.29036,1.47425,6.764609999999999,-7.636559999999999
N;S;S;S;R,Y;Q;E;P;A,"37,188,136,245,280",-0.87202,1.84971,-0.374307,1.475403,-2.347423
T;T;N;N;K,L;M;K;K;Y,"72,51,233,114,253",-0.872101,3.42408,-2.49422,,
S;G;S;M;Q,W;A;E;L;D,"58,165,136,262,127",-0.872194,2.29813,1.96342,4.26155,-5.133744
T;S;S;K;W,P;N;P;L;P,"116,238,290,252,159",-0.87262,5.29036,1.19371,6.48407,-7.35669
S;D;R;Q;A,E;H;A;M;N,"121,186,280,127,226",-0.87372,1.52251,1.44085,2.9633599999999998,-3.83708
S;D;R;S;I,E;H;A;T;H,"121,186,280,214,168",-0.874692,1.07516,-1.74709,-0.6719300000000001,-0.2027619999999999
T;S;S;K;P,P;N;P;L;K,"116,238,290,252,120",-0.875339,5.29036,-0.768642,4.521718,-5.397057
T;T;M;Q;I,V;M;L;L;L,"198,51,262,182,145",-0.877316,3.03477,1.3052,4.33997,-5.217286
Q;K;E;Q;N,L;L;K;L;Y,"127,252,231,182,244",-0.877964,8.0785,1.65088,9.729379999999999,-10.607344
S;D;R;A;Q,E;H;A;L;I,"121,186,280,65,127",-0.877984,1.50316,2.10731,3.6104700000000003,-4.488454
N;S;T;H;Q,Y;Q;M;M;N,"37,188,29,104,133",-0.878591,1.62133,1.21979,2.84112,-3.719711
S;D;R;D;C,E;H;A;L;S,"121,186,280,220,289",-0.878694,2.15121,-1.16436,0.9868499999999998,-1.8655439999999999
S;T;R;S;K,A;V;A;T;Y,"124,198,280,214,253",-0.880726,2.1529,-2.49422,,
D;L;N;S;R,L;F;K;Y;V,"220,117,233,269,34",-0.883568,2.47846,3.28169,5.76015,-6.643718000000001
S;D;S;N;A,E;H;Y;K;T,"121,186,238,114,180",-0.884557,2.83208,1.57849,4.41057,-5.295127
N;S;T;H;A,Y;Q;M;M;T,"37,188,29,104,180",-0.885799,1.62133,1.57849,3.19982,-4.0856189999999994
S;I;E;Q;A,Q;R;K;L;L,"188,168,231,182,272",-0.887962,5.154,-2.073,,
N;S;T;H;G,Y;Q;M;M;L,"37,188,29,104,243",-0.888521,1.62133,3.65866,5.27999,-6.168511
T;R;S;S;G,L;K;Y;T;K,"72,53,269,214,243",-0.888725,2.10066,3.0581,5.15876,-6.047485
S;I;E;Q;G,Q;R;K;L;T,"188,168,231,182,254",-0.889265,5.154,-4.84766,,
S;D;S;N;K,E;H;Y;K;A,"121,186,238,114,253",-0.8902,2.83208,-2.13229,,
S;D;R;L;S,E;H;A;M;Y,"121,186,280,216,242",-0.893581,0.746184,1.18862,1.934804,-2.828385
T;R;S;S;Q,L;K;Y;T;T,"72,53,269,214,91",-0.893764,2.10066,1.27643,3.37709,-4.270854
S;D;R;S;Q,E;H;A;T;N,"121,186,280,214,127",-0.894391,1.07516,2.35273,3.42789,-4.322281
S;D;T;Q;W,E;H;P;L;I,"121,186,116,182,159",-0.897288,4.19138,1.51695,5.70833,-6.605618
N;S;S;R;V,K;T;W;D;C,"233,214,58,90,281",-0.897606,2.40164,1.22272,3.6243600000000002,-4.521966
S;D;R;D;G,E;H;A;L;S,"121,186,280,220,243",-0.898861,2.15121,1.55439,3.7055999999999996,-4.604461
N;S;T;H;K,Y;Q;M;M;V,"37,188,29,104,253",-0.904769,1.62133,-1.77146,-0.1501300000000001,-0.754639
S;D;R;A;K,E;H;A;E;Y,"121,186,280,152,253",-0.905851,1.40875,-2.49422,,
S;I;E;S;W,Q;R;K;E;C,"188,168,231,136,257",-0.90904,5.68401,2.40869,8.0927,-9.00174
S;G;S;M;R,W;A;E;L;Y,"58,165,136,262,123",-0.909573,2.29813,1.89278,4.19091,-5.100483
S;D;R;E;P,E;H;A;K;V,"121,186,280,231,184",-0.909659,1.88215,0.457537,2.339687,-3.249346
A;M;R;G;G,M;L;N;A;T,"135,154,90,165,254",-0.9102,2.37909,-4.84766,,
T;T;M;R;Q,V;M;L;D;D,"198,51,262,90,127",-0.910415,2.75602,1.96342,4.71944,-5.629854999999999
T;T;T;T;W,L;M;E;V;I,"72,51,270,198,159",-0.911758,4.06726,1.51695,5.584210000000001,-6.495968
S;D;R;T;R,E;H;A;Y;V,"121,186,280,189,34",-0.91202,1.59074,3.28169,4.8724300000000005,-5.7844500000000005
S;D;R;T;G,E;H;A;L;T,"121,186,280,72,251",-0.915862,1.88057,1.39182,3.27239,-4.188252
S;I;E;Q;I,Q;R;K;L;R,"188,168,231,182,218",-0.916922,5.154,1.07089,6.22489,-7.141812
A;M;R;G;Q,M;L;N;A;N,"135,154,90,165,133",-0.918877,2.37909,1.21979,3.5988800000000003,-4.5177570000000005
S;T;I;D;M,A;Y;R;L;P,"124,189,168,220,222",-0.919367,5.25397,1.39237,6.64634,-7.565707000000001
S;I;E;S;Y,Q;R;K;E;S,"188,168,231,136,63",-0.919508,5.68401,-1.05409,4.62992,-5.549428000000001
N;S;T;H;G,Y;Q;M;M;S,"37,188,29,104,243",-0.925664,1.62133,1.55439,3.17572,-4.101384
S;D;S;N;G,E;H;Y;K;L,"121,186,238,114,243",-0.925866,2.83208,3.65866,6.49074,-7.416606
T;T;N;N;L,V;M;K;K;C,"198,51,233,114,249",-0.928338,3.19949,1.14374,4.34323,-5.271568
T;T;M;R;Q,V;M;L;D;R,"198,51,262,90,127",-0.929882,2.75602,2.24575,5.0017700000000005,-5.931652000000001
S;D;R;L;K,E;H;A;M;L,"121,186,280,216,253",-0.930656,0.746184,-1.0623,-0.31611600000000006,-0.61454
S;H;T;M;V,P;M;M;L;D,"245,104,29,262,57",-0.931295,1.96403,1.23826,3.2022899999999996,-4.133585
S;D;R;L;Q,E;H;A;M;T,"121,186,280,216,91",-0.932263,0.746184,1.27643,2.022614,-2.9548769999999998
S;I;E;N;P,Q;R;K;K;V,"188,168,231,114,184",-0.932377,4.79974,0.457537,5.257277,-6.189654
S;D;R;T;L,E;H;A;L;I,"121,186,280,72,216",-0.933988,1.88057,1.43258,3.3131500000000003,-4.2471380000000005
T;T;M;Q;M,V;M;L;L;H,"198,51,262,182,161",-0.934818,3.03477,0.29128,3.32605,-4.260868
S;D;R;Q;G,E;H;A;M;A,"121,186,280,127,243",-0.935937,1.52251,1.45932,2.98183,-3.917767
T;S;S;T;W,P;N;P;E;K,"116,238,290,270,257",-0.93671,5.17498,1.47425,6.649229999999999,-7.585939999999999
N;S;S;S;R,Y;Q;E;P;P,"37,188,136,245,280",-0.937303,1.84971,1.29097,3.1406799999999997,-4.077983
T;S;S;T;M,P;N;P;E;P,"116,238,290,270,222",-0.940393,5.17498,1.39237,6.567349999999999,-7.507743
S;G;S;M;S,W;A;E;L;P,"58,165,136,262,125",-0.940771,2.29813,1.21417,3.5122999999999998,-4.453071
N;S;S;R;C,K;T;W;D;S,"233,214,58,90,289",-0.941464,2.40164,-1.16436,1.23728,-2.178744
S;D;R;E;G,E;H;A;K;T,"121,186,280,231,251",-0.943959,1.88215,1.39182,3.2739700000000003,-4.217929
S;T;I;T;Y,A;Y;R;E;T,"124,189,168,270,63",-0.944314,5.05558,-0.214622,4.840958,-5.785272
S;D;R;S;L,E;H;A;T;K,"121,186,280,214,249",-0.944797,1.07516,1.9138,2.9889599999999996,-3.9337569999999995
T;T;T;S;Q,L;M;E;F;E,"72,51,270,238,127",-0.945403,4.13032,1.46399,5.59431,-6.539713
N;N;N;S;H,I;K;K;V;R,"114,205,233,269,104",-0.945973,1.78881,1.19641,2.98522,-3.931193
N;S;T;H;G,Y;Q;M;M;A,"37,188,29,104,243",-0.947068,1.62133,1.45932,3.08065,-4.027718
S;D;R;A;R,E;H;A;E;V,"121,186,280,152,34",-0.947396,1.40875,3.28169,4.690440000000001,-5.637836000000001
T;R;S;S;M,L;K;Y;T;H,"72,53,269,214,161",-0.949594,2.10066,0.29128,2.39194,-3.3415340000000002
S;H;T;S;N,P;M;M;W;L,"245,104,29,58,138",-0.951656,1.79588,1.20357,2.99945,-3.951106
S;H;T;S;G,P;M;M;W;A,"245,104,29,58,243",-0.951924,1.79588,1.45932,3.2552,-4.207124
S;H;T;M;L,P;M;M;L;C,"245,104,29,262,249",-0.952063,1.96403,1.14374,3.10777,-4.059833
A;M;L;N;L,M;L;F;Y;C,"135,154,117,37,249",-0.952613,2.34832,1.14374,3.4920600000000004,-4.444673000000001
S;D;R;D;L,E;H;A;L;W,"121,186,280,220,216",-0.95589,2.15121,1.37086,3.52207,-4.4779599999999995
N;S;T;H;M,Y;Q;M;M;H,"37,188,29,104,161",-0.958248,1.62133,0.29128,1.91261,-2.870858
T;R;S;S;C,L;K;Y;T;S,"72,53,269,214,289",-0.96173,2.10066,-1.16436,0.9362999999999999,-1.8980299999999999
T;R;S;S;C,L;K;Y;T;L,"72,53,269,214,289",-0.964359,2.10066,1.40303,3.5036899999999997,-4.468049
T;T;T;T;G,L;M;E;V;I,"72,51,270,198,243",-0.964369,4.06726,2.1303,6.19756,-7.161929000000001
T;T;M;R;K,V;M;L;D;Y,"198,51,262,90,253",-0.965252,2.75602,-2.49422,,
S;T;R;S;C,A;V;A;T;L,"124,198,280,214,289",-0.968036,2.1529,1.40303,3.55593,-4.523966
S;T;I;T;I,A;Y;R;E;R,"124,189,168,270,218",-0.968229,5.05558,1.07089,6.126469999999999,-7.094698999999999
S;D;R;A;T,E;H;A;E;Q,"121,186,280,152,88",-0.972422,1.40875,1.20927,2.61802,-3.590442
S;D;R;S;S,E;H;A;T;E,"121,186,280,214,207",-0.974376,1.07516,1.39808,2.4732399999999997,-3.4476159999999996
N;S;T;H;S,Y;Q;M;M;T,"37,188,29,104,124",-0.974937,1.62133,2.0551,3.67643,-4.651367
T;S;S;T;W,P;N;P;E;P,"116,238,290,270,159",-0.975561,5.17498,1.19371,6.36869,-7.344251
S;G;S;M;N,W;A;E;L;L,"58,165,136,262,138",-0.97589,2.29813,1.20357,3.5017,-4.47759
N;S;S;R;P,K;T;W;D;L,"233,214,58,90,38",-0.977048,2.40164,1.38115,3.7827900000000003,-4.759838
S;D;R;A;S,E;H;A;E;N,"121,186,280,152,124",-0.981461,1.40875,4.11541,5.52416,-6.5056210000000005
N;N;N;S;S,I;K;K;V;P,"114,205,233,269,125",-0.983774,1.78881,1.21417,3.00298,-3.986754
N;N;N;S;Q,I;K;K;V;I,"114,205,233,269,127",-0.984534,1.78881,2.10731,3.89612,-4.880654
S;H;T;S;C,P;M;M;W;A,"245,104,29,58,289",-0.984839,1.79588,-0.0850688,1.7108112,-2.6956502
S;D;S;N;R,E;H;Y;K;Y,"121,186,238,114,123",-0.989605,2.83208,1.89278,4.72486,-5.714465
S;D;R;T;C,E;H;A;Y;S,"121,186,280,189,289",-0.991947,1.59074,-1.16436,0.42638,-1.4183270000000001
S;D;R;A;Q,E;H;A;E;I,"121,186,280,152,182",-0.993704,1.40875,-0.75822,0.6505299999999999,-1.644234
A;M;G;N;G,M;L;A;K;H,"135,154,165,233,251",-0.995834,2.61474,1.17609,3.7908299999999997,-4.786664
T;S;S;T;S,P;N;P;E;D,"116,238,290,270,103",-0.997304,5.17498,1.28938,6.464359999999999,-7.461663999999999
S;D;R;L;F,E;H;A;M;M,"121,186,280,216,191",-0.999873,0.746184,0.285492,1.031676,-2.031549
S;D;R;L;M,E;H;A;M;V,"121,186,280,216,154",-0.999926,0.746184,-3.00604,,
S;D;R;A;A,E;H;A;L;N,"121,186,280,65,226",-1.00403,1.50316,1.44085,2.94401,-3.9480399999999998
T;T;M;R;S,V;M;L;D;P,"198,51,262,90,125",-1.00442,2.75602,1.21417,3.9701899999999997,-4.97461
A;M;G;N;G,M;L;A;K;T,"135,154,165,233,254",-1.0053,2.61474,-4.84766,,
A;M;G;N;L,M;L;A;K;C,"135,154,165,233,249",-1.00881,2.61474,1.14374,3.7584799999999996,-4.767289999999999
S;D;R;Q;L,E;H;A;M;C,"121,186,280,127,249",-1.00998,1.52251,1.14374,2.66625,-3.67623
S;D;R;Q;L,E;H;A;M;Q,"121,186,280,127,216",-1.01005,1.52251,1.66917,3.19168,-4.2017299999999995
S;T;I;N;Q,A;Y;R;K;E,"124,189,168,114,127",-1.01119,4.66467,1.46399,6.12866,-7.13985
S;I;E;S;C,Q;R;K;E;S,"188,168,231,136,289",-1.01457,5.68401,-1.16436,4.5196499999999995,-5.5342199999999995
S;T;R;S;G,A;V;A;T;H,"124,198,280,214,251",-1.01614,2.1529,1.17609,3.32899,-4.34513
T;K;D;S;L,E;L;L;T;P,"270,252,220,214,216",-1.01619,4.53563,1.17536,5.710990000000001,-6.727180000000001
T;T;M;R;S,V;M;L;D;H,"198,51,262,90,214",-1.01772,2.75602,-2.16722,,
S;D;T;S;K,E;H;P;F;Y,"121,186,116,238,253",-1.02017,4.39699,-2.49422,,
S;I;E;Q;W,Q;R;K;L;K,"188,168,231,182,257",-1.02021,5.154,1.47425,6.6282499999999995,-7.64846
S;D;R;A;F,E;H;A;E;E,"121,186,280,152,271",-1.02132,1.40875,2.659,4.06775,-5.08907
S;G;S;M;C,W;A;E;L;S,"58,165,136,262,289",-1.0215,2.29813,-1.16436,1.13377,-2.15527
A;M;L;N;I,M;L;F;Y;L,"135,154,117,37,145",-1.02254,2.34832,1.3052,3.6535200000000003,-4.6760600000000005
S;I;E;S;K,Q;R;K;E;V,"188,168,231,136,253",-1.02748,5.68401,-1.77146,3.9125499999999995,-4.940029999999999
S;D;S;N;G,E;H;Y;K;H,"121,186,238,114,251",-1.02868,2.83208,1.17609,4.00817,-5.036849999999999
N;N;N;S;V,I;K;K;V;C,"114,205,233,269,281",-1.02882,1.78881,1.22272,3.01153,-4.04035
S;G;S;M;L,W;A;E;L;C,"58,165,136,262,249",-1.03093,2.29813,1.14374,3.4418699999999998,-4.472799999999999
S;D;R;T;G,E;H;A;Y;Q,"121,186,280,189,243",-1.03326,1.59074,3.87149,5.46223,-6.49549
T;T;N;N;P,V;M;K;K;Q,"198,51,233,114,38",-1.03779,3.19949,1.58069,4.78018,-5.81797
T;K;D;S;W,E;L;L;T;C,"270,252,220,214,257",-1.03846,4.53563,2.40869,6.94432,-7.98278
N;S;S;S;C,Y;Q;E;P;A,"37,188,136,245,289",-1.03985,1.84971,-0.0850688,1.7646412,-2.8044912
T;R;S;S;K,L;K;Y;T;Y,"72,53,269,214,253",-1.04008,2.10066,-2.49422,,
T;S;S;T;Q,P;N;P;E;P,"116,238,290,270,127",-1.04107,5.17498,1.5029,6.67788,-7.7189499999999995
S;D;R;E;P,E;H;A;K;Q,"121,186,280,231,38",-1.04213,1.88215,1.58069,3.46284,-4.50497
N;S;S;S;N,Y;Q;E;P;K,"37,188,136,245,138",-1.04341,1.84971,1.2829,3.1326099999999997,-4.176019999999999
N;S;S;R;S,K;T;W;D;N,"233,214,58,90,103",-1.04455,2.40164,1.48912,3.89076,-4.93531
S;D;R;A;A,E;H;A;L;P,"121,186,280,65,152",-1.04467,1.50316,1.82327,3.32643,-4.3711
A;M;R;G;T,M;L;N;A;N,"135,154,90,165,198",-1.04578,2.37909,1.15645,3.53554,-4.58132
S;D;R;T;N,E;H;A;L;L,"121,186,280,72,138",-1.04742,1.88057,1.20357,3.08414,-4.13156
T;T;M;Q;Q,V;M;L;L;R,"198,51,262,182,127",-1.05267,3.03477,2.24575,5.28052,-6.33319
A;M;L;N;L,M;L;F;Y;K,"135,154,117,37,249",-1.05431,2.34832,1.9138,4.26212,-5.31643
T;T;T;T;L,L;M;E;V;P,"72,51,270,198,216",-1.05434,4.06726,1.17536,5.2426200000000005,-6.29696
S;D;R;S;G,E;H;A;T;K,"121,186,280,214,243",-1.05436,1.07516,3.0581,4.13326,-5.18762
S;D;R;L;I,E;H;A;M;V,"121,186,280,216,200",-1.05501,0.746184,1.28856,2.034744,-3.089754
S;D;R;T;I,E;H;A;L;R,"121,186,280,72,168",-1.0576,1.88057,-14.7567,,
S;D;R;A;L,E;H;A;E;Q,"121,186,280,152,216",-1.05932,1.40875,1.66917,3.0779199999999998,-4.13724
D;L;N;S;P,L;F;K;Y;D,"220,117,233,269,197",-1.06497,2.47846,1.57327,4.05173,-5.1167
A;M;R;G;K,M;L;N;A;A,"135,154,90,165,253",-1.06535,2.37909,-2.13229,,
S;T;R;S;K,A;V;A;T;A,"124,198,280,214,253",-1.06537,2.1529,-2.13229,,
S;T;R;S;V,A;V;A;T;D,"124,198,280,214,57",-1.06649,2.1529,1.23826,3.3911599999999997,-4.457649999999999
S;D;R;T;M,E;H;A;M;H,"121,186,280,51,161",-1.06726,1.79222,0.29128,2.0835,-3.15076
S;D;R;T;H,E;H;A;M;R,"121,186,280,51,104",-1.06753,1.79222,1.19641,2.9886299999999997,-4.05616
T;T;T;S;G,L;M;E;F;T,"72,51,270,238,251",-1.06885,4.13032,1.39182,5.52214,-6.590990000000001
S;H;T;M;C,P;M;M;L;S,"245,104,29,262,289",-1.07342,1.96403,-1.16436,0.7996699999999999,-1.87309
S;D;T;K;Y,E;H;P;L;G,"121,186,116,252,63",-1.07517,4.99838,-1.32041,3.67797,-4.75314
T;T;M;R;P,V;M;L;D;V,"198,51,262,90,184",-1.07645,2.75602,0.457537,3.2135569999999998,-4.290006999999999
S;D;R;A;S,E;H;A;L;Q,"121,186,280,65,188",-1.07899,1.50316,-1.43683,0.06633,-1.14532
D;L;N;S;K,L;F;K;Y;F,"220,117,233,269,253",-1.07901,2.47846,-2.7494,,
N;S;T;H;P,Y;Q;M;M;D,"37,188,29,104,197",-1.07915,1.62133,1.57327,3.1946,-4.27375
S;D;R;S;Q,E;H;A;T;T,"121,186,280,214,91",-1.08039,1.07516,1.27643,2.35159,-3.43198
N;S;T;H;V,Y;Q;M;M;D,"37,188,29,104,57",-1.08174,1.62133,1.23826,2.85959,-3.94133
S;D;R;A;T,E;H;A;E;D,"121,186,280,152,88",-1.08194,1.40875,1.98481,3.39356,-4.4755
T;T;T;T;M,L;M;E;V;H,"72,51,270,198,161",-1.08218,4.06726,0.29128,4.35854,-5.44072
T;T;M;Q;D,V;M;L;L;K,"198,51,262,182,263",-1.08433,3.03477,1.32913,4.3639,-5.448230000000001
S;D;T;S;A,E;H;P;F;L,"121,186,116,238,272",-1.08529,4.39699,-2.073,,
S;D;T;K;W,E;H;P;L;P,"121,186,116,252,159",-1.09046,4.99838,1.19371,6.19209,-7.2825500000000005
S;D;R;L;I,E;H;A;M;L,"121,186,280,216,145",-1.09096,0.746184,1.3052,2.0513839999999997,-3.1423439999999996
S;D;R;A;M,E;H;A;L;V,"121,186,280,65,154",-1.09273,1.50316,-3.00604,,
S;D;S;N;G,E;H;Y;K;T,"121,186,238,114,254",-1.09706,2.83208,-4.84766,,
S;I;E;S;R,Q;R;K;E;P,"188,168,231,136,280",-1.09834,5.68401,1.29097,6.9749799999999995,-8.073319999999999
S;D;R;T;P,E;H;A;Y;D,"121,186,280,189,197",-1.09863,1.59074,1.57327,3.16401,-4.26264
S;D;R;A;N,E;H;A;E;K,"121,186,280,152,138",-1.10121,1.40875,1.2829,2.69165,-3.79286
T;R;S;S;G,L;K;Y;T;A,"72,53,269,214,243",-1.10192,2.10066,1.45932,3.55998,-4.6619
S;D;R;L;G,E;H;A;M;Q,"121,186,280,216,243",-1.10263,0.746184,3.87149,4.617674,-5.7203040000000005
A;M;R;G;L,M;L;N;A;C,"135,154,90,165,249",-1.10425,2.37909,1.14374,3.52283,-4.627079999999999
S;I;E;N;W,Q;R;K;K;C,"188,168,231,114,257",-1.10544,4.79974,2.40869,7.20843,-8.31387
S;D;R;T;S,E;H;A;Y;Y,"121,186,280,189,242",-1.10752,1.59074,1.18862,2.77936,-3.88688
S;H;T;S;L,P;M;M;W;K,"245,104,29,58,249",-1.10794,1.79588,1.9138,3.7096799999999996,-4.81762
S;T;I;D;R,A;Y;R;L;Y,"124,189,168,220,123",-1.10974,5.25397,1.89278,7.14675,-8.25649
S;D;R;D;C,E;H;A;L;A,"121,186,280,220,289",-1.11208,2.15121,-0.0850688,2.0661411999999997,-3.1782211999999994
S;D;R;Q;A,E;H;A;M;T,"121,186,280,127,180",-1.11244,1.52251,1.57849,3.101,-4.21344
S;D;R;A;N,E;H;A;E;I,"121,186,280,152,37",-1.11653,1.40875,1.86168,3.27043,-4.38696
S;D;R;A;T,E;H;A;L;D,"121,186,280,65,88",-1.1196,1.50316,1.98481,3.48797,-4.60757
S;D;R;T;R,E;H;A;M;N,"121,186,280,51,132",-1.12,1.79222,1.97104,3.76326,-4.88326
S;H;T;M;S,P;M;M;L;H,"245,104,29,262,214",-1.1235,1.96403,-2.16722,,
S;I;E;S;Q,Q;R;K;E;N,"188,168,231,136,133",-1.1252,5.68401,1.21979,6.9037999999999995,-8.029
S;T;I;D;L,A;Y;R;L;C,"124,189,168,220,249",-1.12846,5.25397,1.14374,6.39771,-7.5261700000000005
D;L;N;S;Q,L;F;K;Y;R,"220,117,233,269,127",-1.12921,2.47846,2.24575,4.72421,-5.85342
T;T;M;R;P,V;M;L;D;L,"198,51,262,90,38",-1.13266,2.75602,1.38115,4.13717,-5.269830000000001
S;D;R;A;S,E;H;A;E;P,"121,186,280,152,188",-1.13404,1.40875,-0.195825,1.212925,-2.346965
S;D;R;A;I,E;H;A;L;H,"121,186,280,65,168",-1.13471,1.50316,-1.74709,-0.24392999999999998,-0.8907800000000001
S;T;I;N;Y,A;Y;R;K;G,"124,189,168,114,63",-1.13566,4.66467,-1.32041,3.3442600000000002,-4.47992
S;D;R;T;L,E;H;A;M;W,"121,186,280,51,216",-1.13596,1.79222,1.37086,3.16308,-4.29904
N;S;S;R;K,K;T;W;D;F,"233,214,58,90,253",-1.13995,2.40164,-2.7494,,
N;S;S;S;G,Y;Q;E;P;S,"37,188,136,245,243",-1.14054,1.84971,1.55439,3.4040999999999997,-4.544639999999999
T;R;S;S;G,L;K;Y;T;L,"72,53,269,214,243",-1.14109,2.10066,3.65866,5.75932,-6.90041
N;N;N;S;C,I;K;K;V;D,"114,205,233,269,289",-1.14611,1.78881,1.83462,3.62343,-4.76954
S;D;R;T;T,E;H;A;Y;N,"121,186,280,189,198",-1.14884,1.59074,1.15645,2.74719,-3.8960299999999997
S;D;R;L;N,E;H;A;M;K,"121,186,280,216,138",-1.14978,0.746184,1.2829,2.029084,-3.178864
S;D;R;A;F,E;H;A;L;M,"121,186,280,65,191",-1.15172,1.50316,0.285492,1.7886520000000001,-2.940372
S;D;R;A;S,E;H;A;E;T,"121,186,280,152,124",-1.15419,1.40875,2.0551,3.46385,-4.61804
S;I;E;N;D,Q;R;K;K;K,"188,168,231,114,263",-1.15559,4.79974,1.32913,6.12887,-7.28446
A;M;L;N;S,M;L;F;Y;N,"135,154,117,37,103",-1.15863,2.34832,1.48912,3.83744,-4.99607
S;D;R;T;Q,E;H;A;L;N,"121,186,280,72,127",-1.16112,1.88057,2.35273,4.2333,-5.39442
S;D;R;A;R,E;H;A;L;Q,"121,186,280,65,224",-1.16466,1.50316,0.801101,2.304261,-3.468921
S;H;T;S;P,P;M;M;W;L,"245,104,29,58,38",-1.16506,1.79588,1.38115,3.1770300000000002,-4.342090000000001
S;T;I;T;V,A;Y;R;E;D,"124,189,168,270,57",-1.16599,5.05558,1.23826,6.293839999999999,-7.459829999999999
N;S;S;R;G,K;T;W;D;T,"233,214,58,90,251",-1.16877,2.40164,1.39182,3.79346,-4.96223
S;H;T;S;L,P;M;M;W;C,"245,104,29,58,249",-1.17439,1.79588,1.14374,2.9396199999999997,-4.1140099999999995
S;D;R;Q;K,E;H;A;M;A,"121,186,280,127,253",-1.17817,1.52251,-2.13229,,
S;I;E;Q;W,Q;R;K;L;P,"188,168,231,182,185",-1.17928,5.154,0.00422375,5.15822375,-6.337503750000001
D;L;N;Q;D,L;F;K;M;K,"220,117,233,127,263",-1.17975,3.80149,1.32913,5.1306199999999995,-6.31037
S;D;R;T;Q,E;H;A;L;R,"121,186,280,72,127",-1.18154,1.88057,2.24575,4.12632,-5.30786
A;M;R;G;H,M;L;N;A;R,"135,154,90,165,104",-1.1823,2.37909,1.19641,3.5755,-4.7578
S;D;R;E;Q,E;H;A;K;E,"121,186,280,231,127",-1.18291,1.88215,1.46399,3.34614,-4.52905
S;D;R;A;R,E;H;A;L;V,"121,186,280,65,34",-1.18382,1.50316,3.28169,4.7848500000000005,-5.96867
S;D;R;S;G,E;H;A;T;L,"121,186,280,214,243",-1.18432,1.07516,3.65866,4.73382,-5.918139999999999
T;T;T;T;G,L;M;E;V;T,"72,51,270,198,251",-1.18733,4.06726,1.39182,5.45908,-6.64641
S;D;R;T;Q,E;H;A;Y;T,"121,186,280,189,91",-1.18734,1.59074,1.27643,2.8671699999999998,-4.05451
S;T;N;D;I,M;V;K;L;R,"238,198,114,220,218",-1.18834,4.37095,1.07089,5.441839999999999,-6.630179999999999
N;N;N;S;Q,I;K;K;V;E,"114,205,233,269,127",-1.18873,1.78881,1.46399,3.2527999999999997,-4.44153
S;G;S;M;P,W;A;E;L;V,"58,165,136,262,184",-1.19177,2.29813,0.457537,2.755667,-3.947437
S;D;R;T;G,E;H;A;Y;A,"121,186,280,189,243",-1.19204,1.59074,1.45932,3.05006,-4.242100000000001
N;S;S;R;K,K;T;W;D;A,"233,214,58,90,253",-1.19241,2.40164,-2.13229,,
S;D;R;A;Q,E;H;A;L;K,"121,186,280,65,127",-1.19386,1.50316,2.01179,3.51495,-4.70881
S;D;T;S;R,E;H;P;F;Y,"121,186,116,238,123",-1.19586,4.39699,1.89278,6.28977,-7.48563
S;D;R;T;G,E;H;A;Y;L,"121,186,280,189,243",-1.19663,1.59074,3.65866,5.2494,-6.4460299999999995
S;D;R;T;G,E;H;A;M;A,"121,186,280,51,243",-1.19685,1.79222,1.45932,3.25154,-4.44839
S;I;E;S;K,Q;R;K;E;A,"188,168,231,136,253",-1.19758,5.68401,-2.13229,,
S;D;R;T;K,E;H;A;L;V,"121,186,280,72,253",-1.19918,1.88057,-1.77146,0.10911000000000004,-1.30829
T;T;T;S;M,L;M;E;F;H,"72,51,270,238,161",-1.20056,4.13032,0.29128,4.4216,-5.62216
S;I;E;S;G,Q;R;K;E;T,"188,168,231,136,254",-1.20434,5.68401,-4.84766,,
T;S;S;T;G,P;N;P;E;P,"116,238,290,270,243",-1.20465,5.17498,1.73112,6.9060999999999995,-8.11075
T;S;S;K;G,P;N;P;L;P,"116,238,290,252,243",-1.20525,5.29036,1.73112,7.0214799999999995,-8.22673
S;H;T;S;S,P;M;M;W;H,"245,104,29,58,214",-1.20573,1.79588,-2.16722,,
S;T;I;N;C,A;Y;R;K;D,"124,189,168,114,289",-1.20576,4.66467,1.83462,6.49929,-7.70505
S;D;T;Q;S,E;H;P;L;D,"121,186,116,182,103",-1.20805,4.19138,1.28938,5.48076,-6.68881
S;D;R;Q;I,E;H;A;M;V,"121,186,280,127,200",-1.20815,1.52251,1.28856,2.81107,-4.01922
S;D;R;T;P,E;H;A;L;L,"121,186,280,72,38",-1.21459,1.88057,1.38115,3.2617200000000004,-4.476310000000001
T;R;S;S;Q,L;K;Y;T;N,"72,53,269,214,133",-1.21462,2.10066,1.21979,3.32045,-4.53507
A;M;G;N;R,M;L;A;K;Y,"135,154,165,233,123",-1.21823,2.61474,1.89278,4.5075199999999995,-5.72575
T;T;T;T;P,L;M;E;V;L,"72,51,270,198,38",-1.21884,4.06726,1.38115,5.44841,-6.66725
N;S;T;H;K,Y;Q;M;M;Y,"37,188,29,104,253",-1.21887,1.62133,-2.49422,,
T;R;S;S;P,L;K;Y;T;D,"72,53,269,214,197",-1.22186,2.10066,1.57327,3.67393,-4.89579
A;M;R;G;Q,M;L;N;A;D,"135,154,90,165,127",-1.22238,2.37909,1.96342,4.34251,-5.56489
D;L;N;S;Q,L;F;K;Y;N,"220,117,233,269,133",-1.22283,2.47846,1.21979,3.69825,-4.92108
S;D;R;T;Q,E;H;A;Y;E,"121,186,280,189,127",-1.22437,1.59074,1.46399,3.05473,-4.2791
N;S;S;R;Q,K;T;W;D;D,"233,214,58,90,127",-1.22811,2.40164,1.96342,4.36506,-5.59317
S;D;R;S;Q,E;H;A;T;K,"121,186,280,214,127",-1.22901,1.07516,2.01179,3.08695,-4.31596
D;L;N;S;L,L;F;K;Y;F,"220,117,233,269,216",-1.23153,2.47846,1.28942,3.76788,-4.99941
S;T;I;N;L,A;Y;R;K;C,"124,189,168,114,249",-1.23406,4.66467,1.14374,5.80841,-7.04247
D;L;N;Q;G,L;F;K;M;I,"220,117,233,127,243",-1.23525,3.80149,2.1303,5.9317899999999995,-7.167039999999999
S;G;S;M;K,W;A;E;L;F,"58,165,136,262,253",-1.23605,2.29813,-2.7494,,
D;L;N;S;S,L;F;K;Y;T,"220,117,233,269,124",-1.23843,2.47846,2.0551,4.53356,-5.77199
S;D;R;L;N,E;H;A;M;T,"121,186,280,216,190",-1.23903,0.746184,1.14081,1.886994,-3.126024
S;D;R;T;V,E;H;A;Y;C,"121,186,280,189,281",-1.24079,1.59074,1.22272,2.81346,-4.05425
T;T;N;N;G,L;M;K;K;I,"72,51,233,114,243",-1.24222,3.42408,2.1303,5.55438,-6.7966
S;D;R;T;A,E;H;A;M;N,"121,186,280,51,226",-1.24279,1.79222,1.44085,3.2330699999999997,-4.47586
S;D;R;T;Q,E;H;A;M;N,"121,186,280,51,133",-1.24572,1.79222,1.21979,3.01201,-4.2577300000000005
N;S;T;H;R,Y;Q;M;M;P,"37,188,29,104,280",-1.25042,1.62133,1.29097,2.9123,-4.16272
T;T;M;Q;C,V;M;L;L;L,"198,51,262,182,289",-1.25138,3.03477,1.40303,4.4378,-5.68918
S;D;R;L;G,E;H;A;M;S,"121,186,280,216,243",-1.25238,0.746184,1.55439,2.300574,-3.552954
S;D;R;T;Q,E;H;A;M;E,"121,186,280,51,133",-1.25416,1.79222,2.09284,3.8850599999999997,-5.13922
S;D;R;T;L,E;H;A;Y;I,"121,186,280,189,216",-1.25552,1.59074,1.43258,3.02332,-4.27884
A;M;R;G;P,M;L;N;A;L,"135,154,90,165,38",-1.25716,2.37909,1.38115,3.7602400000000005,-5.0174
N;S;S;R;L,K;T;W;D;D,"233,214,58,90,249",-1.2576,2.40164,1.3351,3.73674,-4.99434
D;L;N;S;V,L;F;K;Y;C,"220,117,233,269,281",-1.25883,2.47846,1.22272,3.70118,-4.96001
S;D;R;A;H,E;H;A;E;R,"121,186,280,152,104",-1.25922,1.40875,1.19641,2.6051599999999997,-3.8643799999999997
A;M;R;G;Q,M;L;N;A;E,"135,154,90,165,127",-1.25973,2.37909,1.46399,3.84308,-5.10281
S;D;S;N;L,E;H;Y;K;D,"121,186,238,114,249",-1.26143,2.83208,1.3351,4.16718,-5.42861
T;S;S;K;W,P;N;P;L;P,"116,238,290,252,185",-1.26287,5.29036,0.00422375,5.29458375,-6.5574537500000005
S;D;R;T;A,E;H;A;Y;M,"121,186,280,189,65",-1.26588,1.59074,1.26675,2.8574900000000003,-4.12337
D;L;N;S;S,L;F;K;Y;N,"220,117,233,269,124",-1.26609,2.47846,4.11541,6.59387,-7.85996
S;D;R;T;P,E;H;A;L;D,"121,186,280,72,197",-1.28116,1.88057,1.57327,3.45384,-4.735
S;D;R;Q;I,E;H;A;M;L,"121,186,280,127,145",-1.28338,1.52251,1.3052,2.8277099999999997,-4.11109
D;L;N;Q;W,L;F;K;M;P,"220,117,233,127,159",-1.28381,3.80149,1.19371,4.9952,-6.2790099999999995
T;R;S;S;S,L;K;Y;T;P,"72,53,269,214,188",-1.28393,2.10066,-0.195825,1.904835,-3.188765
T;K;D;S;Y,E;L;L;T;T,"270,252,220,214,63",-1.28787,4.53563,-0.214622,4.321008,-5.608878
S;D;R;Q;Q,E;H;A;M;F,"121,186,280,127,182",-1.28851,1.52251,-2.12573,,
N;S;S;S;T,Y;Q;E;P;N,"37,188,136,245,198",-1.2889,1.84971,1.15645,3.00616,-4.295059999999999
S;T;N;D;G,M;V;K;L;I,"238,198,114,220,243",-1.29,4.37095,2.1303,6.50125,-7.79125
S;D;R;A;G,E;H;A;L;Q,"121,186,280,65,243",-1.29278,1.50316,3.87149,5.37465,-6.6674299999999995
T;T;M;R;P,V;M;L;D;Q,"198,51,262,90,38",-1.29367,2.75602,1.58069,4.33671,-5.630380000000001
T;T;M;Q;R,V;M;L;L;Y,"198,51,262,182,123",-1.29541,3.03477,1.89278,4.92755,-6.2229600000000005
D;L;N;S;C,L;F;K;Y;A,"220,117,233,269,289",-1.29995,2.47846,-0.0850688,2.3933912,-3.6933412
S;D;T;S;Q,E;H;P;F;P,"121,186,116,238,127",-1.30074,4.39699,1.5029,5.899889999999999,-7.200629999999999
S;D;R;L;S,E;H;A;M;H,"121,186,280,216,214",-1.30494,0.746184,-2.16722,,
S;T;I;N;D,A;Y;R;K;K,"124,189,168,114,263",-1.30661,4.66467,1.32913,5.9938,-7.30041
N;S;T;H;K,Y;Q;M;M;A,"37,188,29,104,253",-1.30841,1.62133,-2.13229,,
S;D;R;S;Q,E;H;A;T;N,"121,186,280,214,133",-1.30923,1.07516,1.21979,2.29495,-3.60418
N;S;T;H;T,Y;Q;M;M;N,"37,188,29,104,198",-1.31014,1.62133,1.15645,2.77778,-4.08792
T;S;S;T;I,P;N;P;E;R,"116,238,290,270,218",-1.31061,5.17498,1.07089,6.24587,-7.5564800000000005
N;S;T;H;N,Y;Q;M;M;L,"37,188,29,104,138",-1.31072,1.62133,1.20357,2.8249,-4.13562
D;L;N;S;V,L;F;K;Y;D,"220,117,233,269,57",-1.31177,2.47846,1.23826,3.71672,-5.02849
S;H;T;S;C,P;M;M;W;S,"245,104,29,58,289",-1.31213,1.79588,-1.16436,0.6315199999999999,-1.9436499999999999
S;D;R;T;S,E;H;A;L;P,"121,186,280,72,125",-1.31493,1.88057,1.21417,3.09474,-4.40967
S;D;R;S;N,E;H;A;T;K,"121,186,280,214,138",-1.31865,1.07516,1.2829,2.35806,-3.67671
S;G;S;M;L,W;A;E;L;D,"58,165,136,262,249",-1.31924,2.29813,1.3351,3.63323,-4.95247
A;M;G;N;G,M;L;A;K;T,"135,154,165,233,251",-1.32041,2.61474,1.39182,4.00656,-5.32697
T;K;D;S;Y,E;L;L;T;G,"270,252,220,214,63",-1.32162,4.53563,-1.32041,3.2152200000000004,-4.536840000000001
S;D;R;Q;L,E;H;A;M;K,"121,186,280,127,249",-1.32556,1.52251,1.9138,3.4363099999999998,-4.76187
S;H;T;S;Q,P;M;M;W;R,"245,104,29,58,127",-1.32617,1.79588,2.24575,4.04163,-5.3678
T;R;S;S;F,L;K;Y;T;E,"72,53,269,214,271",-1.32643,2.10066,2.659,4.75966,-6.08609
N;S;S;S;C,Y;Q;E;P;S,"37,188,136,245,289",-1.32873,1.84971,-1.16436,0.6853499999999999,-2.01408
A;M;G;N;Q,M;L;A;K;D,"135,154,165,233,127",-1.3297,2.61474,1.96342,4.57816,-5.9078599999999994
S;D;S;N;C,E;H;Y;K;A,"121,186,238,114,289",-1.33212,2.83208,-0.0850688,2.7470111999999998,-4.0791312
S;T;N;D;Y,M;V;K;L;S,"238,198,114,220,63",-1.33418,4.37095,-1.05409,3.3168599999999997,-4.65104
T;R;S;S;A,L;K;Y;T;T,"72,53,269,214,180",-1.33618,2.10066,1.57849,3.67915,-5.01533
S;T;I;N;C,A;Y;R;K;L,"124,189,168,114,289",-1.3367,4.66467,1.40303,6.0677,-7.404400000000001
S;D;S;N;M,E;H;Y;K;H,"121,186,238,114,161",-1.34038,2.83208,0.29128,3.12336,-4.46374
S;D;R;L;A,E;H;A;M;P,"121,186,280,216,152",-1.34071,0.746184,1.82327,2.569454,-3.910164
N;N;N;S;D,I;K;K;V;K,"114,205,233,269,263",-1.34169,1.78881,1.32913,3.11794,-4.45963
T;T;N;N;Y,L;M;K;K;S,"72,51,233,114,63",-1.34384,3.42408,-1.05409,2.36999,-3.7138299999999997
S;D;R;Q;L,E;H;A;M;I,"121,186,280,127,216",-1.34573,1.52251,1.43258,2.95509,-4.30082
S;D;R;D;T,E;H;A;L;N,"121,186,280,220,198",-1.34648,2.15121,1.15645,3.30766,-4.65414
N;S;S;R;G,K;T;W;D;T,"233,214,58,90,254",-1.34749,2.40164,-4.84766,,
S;D;T;Q;Y,E;H;P;L;T,"121,186,116,182,63",-1.34766,4.19138,-0.214622,3.976758,-5.324418
N;N;N;S;Q,I;K;K;V;D,"114,205,233,269,127",-1.34826,1.78881,1.96342,3.75223,-5.10049
T;S;S;T;R,P;N;P;E;Y,"116,238,290,270,123",-1.34924,5.17498,1.89278,7.06776,-8.417
T;T;M;R;G,V;M;L;D;T,"198,51,262,90,251",-1.35118,2.75602,1.39182,4.14784,-5.499020000000001
S;D;R;T;G,E;H;A;Y;S,"121,186,280,189,243",-1.35175,1.59074,1.55439,3.14513,-4.49688
S;D;T;S;P,E;H;P;F;Q,"121,186,116,238,38",-1.3525,4.39699,1.58069,5.977679999999999,-7.3301799999999995
N;S;T;H;C,Y;Q;M;M;S,"37,188,29,104,289",-1.35299,1.62133,-1.16436,0.4569699999999999,-1.8099599999999998
S;D;R;L;L,E;H;A;M;K,"121,186,280,216,249",-1.35346,0.746184,1.9138,2.6599839999999997,-4.013444
S;D;R;T;K,E;H;A;Y;F,"121,186,280,189,253",-1.35391,1.59074,-2.7494,,
S;D;R;L;A,E;H;A;M;N,"121,186,280,216,226",-1.35464,0.746184,1.44085,2.1870339999999997,-3.5416739999999995
S;H;T;S;K,P;M;M;W;A,"245,104,29,58,253",-1.35724,1.79588,-2.13229,,
S;D;T;K;G,E;H;P;L;P,"121,186,116,252,243",-1.35753,4.99838,1.73112,6.7295,-8.08703
N;S;T;H;S,Y;Q;M;M;P,"37,188,29,104,125",-1.35781,1.62133,1.21417,2.8354999999999997,-4.193309999999999
S;T;I;T;L,A;Y;R;E;C,"124,189,168,270,249",-1.35943,5.05558,1.14374,6.19932,-7.55875
S;I;E;N;G,Q;R;K;K;T,"188,168,231,114,254",-1.36172,4.79974,-4.84766,,
S;D;R;E;S,E;H;A;K;D,"121,186,280,231,103",-1.36555,1.88215,1.28938,3.1715299999999997,-4.53708
S;D;R;E;G,E;H;A;K;I,"121,186,280,231,243",-1.36947,1.88215,2.1303,4.01245,-5.38192
S;D;R;T;S,E;H;A;M;T,"121,186,280,51,124",-1.36952,1.79222,2.0551,3.84732,-5.2168399999999995
S;D;T;Q;L,E;H;P;L;P,"121,186,116,182,216",-1.36975,4.19138,1.17536,5.36674,-6.73649
S;D;S;N;V,E;H;Y;K;C,"121,186,238,114,281",-1.37185,2.83208,1.22272,4.0548,-5.42665
S;T;I;D;Q,A;Y;R;L;P,"124,189,168,220,127",-1.37382,5.25397,1.5029,6.756869999999999,-8.13069
S;D;R;A;Q,E;H;A;E;R,"121,186,280,152,127",-1.3741,1.40875,2.24575,3.6545,-5.0286
S;D;R;E;I,E;H;A;K;R,"121,186,280,231,218",-1.37413,1.88215,1.07089,2.9530399999999997,-4.32717
S;H;T;S;G,P;M;M;W;H,"245,104,29,58,251",-1.37678,1.79588,1.17609,2.97197,-4.34875
S;I;E;Q;Y,Q;R;K;L;T,"188,168,231,182,63",-1.37754,5.154,-0.214622,4.939378,-6.316917999999999
S;D;T;S;Y,E;H;P;F;G,"121,186,116,238,63",-1.38195,4.39699,-1.32041,3.07658,-4.45853
A;M;G;N;P,M;L;A;K;V,"135,154,165,233,184",-1.38348,2.61474,0.457537,3.0722769999999997,-4.455757
S;I;E;N;C,Q;R;K;K;D,"188,168,231,114,289",-1.38353,4.79974,1.83462,6.63436,-8.01789
S;D;R;T;Q,E;H;A;M;T,"121,186,280,51,127",-1.38372,1.79222,0.705474,2.497694,-3.8814140000000004
S;D;R;E;C,E;H;A;K;S,"121,186,280,231,289",-1.38495,1.88215,-1.16436,0.7177899999999999,-2.10274
E;Q;T;Q;N,K;L;L;L;P,"231,182,72,127,277",-1.38549,7.66695,1.65895,9.3259,-10.711390000000002
A;M;R;G;G,M;L;N;A;T,"135,154,90,165,251",-1.39166,2.37909,1.39182,3.77091,-5.1625700000000005
S;D;R;Q;G,E;H;A;M;L,"121,186,280,127,243",-1.39298,1.52251,3.65866,5.18117,-6.5741499999999995
S;D;R;T;C,E;H;A;Y;A,"121,186,280,189,289",-1.39321,1.59074,-0.0850688,1.5056712,-2.8988812
S;G;S;M;K,W;A;E;L;A,"58,165,136,262,253",-1.39542,2.29813,-2.13229,,
S;D;R;A;R,E;H;A;E;N,"121,186,280,152,132",-1.39746,1.40875,1.97104,3.37979,-4.7772499999999996
S;D;R;L;I,E;H;A;M;R,"121,186,280,216,168",-1.39958,0.746184,-14.7567,,
S;H;T;S;S,P;M;M;W;P,"245,104,29,58,125",-1.40149,1.79588,1.21417,3.0100499999999997,-4.41154
A;M;R;G;P,M;L;N;A;V,"135,154,90,165,184",-1.40217,2.37909,0.457537,2.836627,-4.238797
T;T;T;S;W,L;M;E;F;I,"72,51,270,238,159",-1.40863,4.13032,1.51695,5.647270000000001,-7.055900000000001
S;T;R;S;Q,A;V;A;T;E,"124,198,280,214,127",-1.41199,2.1529,1.46399,3.6168899999999997,-5.02888
S;D;R;T;C,E;H;A;Y;L,"121,186,280,189,289",-1.41308,1.59074,1.40303,2.99377,-4.40685
A;M;G;N;L,M;L;A;K;D,"135,154,165,233,249",-1.41492,2.61474,1.3351,3.94984,-5.36476
T;T;N;N;A,V;M;K;K;L,"198,51,233,114,272",-1.41694,3.19949,-2.073,,
D;L;N;S;H,L;F;K;Y;R,"220,117,233,269,104",-1.41774,2.47846,1.19641,3.6748700000000003,-5.0926100000000005
S;H;T;M;C,P;M;M;L;D,"245,104,29,262,289",-1.41783,1.96403,1.83462,3.79865,-5.21648
S;D;R;L;Q,E;H;A;M;W,"121,186,280,216,133",-1.42291,0.746184,1.99371,2.739894,-4.1628039999999995
S;H;T;M;K,P;M;M;L;A,"245,104,29,262,253",-1.42524,1.96403,-2.13229,,
S;D;R;A;K,E;H;A;L;F,"121,186,280,65,253",-1.42841,1.50316,-2.7494,,
S;D;R;T;N,E;H;A;M;L,"121,186,280,51,138",-1.4286,1.79222,1.20357,2.99579,-4.42439
S;T;I;D;A,A;Y;R;L;T,"124,189,168,220,180",-1.43165,5.25397,1.57849,6.832459999999999,-8.264109999999999
S;T;I;T;N,A;Y;R;E;L,"124,189,168,270,138",-1.4343,5.05558,1.20357,6.25915,-7.69345
T;T;N;N;S,V;M;K;K;N,"198,51,233,114,103",-1.43475,3.19949,1.48912,4.68861,-6.12336
S;D;R;A;S,E;H;A;E;H,"121,186,280,152,214",-1.43671,1.40875,-2.16722,,
S;D;R;D;Q,E;H;A;L;D,"121,186,280,220,127",-1.43796,2.15121,1.96342,4.11463,-5.55259
S;D;R;T;C,E;H;A;L;S,"121,186,280,72,289",-1.4403,1.88057,-1.16436,0.71621,-2.15651
D;L;N;Q;L,L;F;K;M;P,"220,117,233,127,216",-1.44388,3.80149,1.17536,4.97685,-6.42073
D;L;N;S;Q,L;F;K;Y;E,"220,117,233,269,127",-1.44454,2.47846,1.46399,3.94245,-5.38699
S;T;I;N;K,A;Y;R;K;A,"124,189,168,114,253",-1.44456,4.66467,-2.13229,,
S;H;T;M;Q,P;M;M;L;E,"245,104,29,262,127",-1.44483,1.96403,1.46399,3.42802,-4.87285
S;D;R;A;S,E;H;A;L;K,"121,186,280,65,58",-1.44549,1.50316,1.14527,2.6484300000000003,-4.093920000000001
N;S;S;R;M,K;T;W;D;H,"233,214,58,90,161",-1.44591,2.40164,0.29128,2.69292,-4.1388300000000005
S;G;S;M;Q,W;A;E;L;E,"58,165,136,262,127",-1.44742,2.29813,1.46399,3.76212,-5.20954
S;D;R;L;Q,E;H;A;M;N,"121,186,280,216,127",-1.45394,0.746184,2.35273,3.098914,-4.552854
S;D;R;A;T,E;H;A;E;N,"121,186,280,152,198",-1.45435,1.40875,1.15645,2.5652,-4.01955
N;S;S;R;P,K;T;W;D;Q,"233,214,58,90,38",-1.45446,2.40164,1.58069,3.98233,-5.43679
S;I;E;S;C,Q;R;K;E;L,"188,168,231,136,289",-1.45561,5.68401,1.40303,7.08704,-8.54265
T;S;S;K;R,P;N;P;L;Y,"116,238,290,252,123",-1.45793,5.29036,1.89278,7.18314,-8.64107
T;T;N;N;C,L;M;K;K;D,"72,51,233,114,289",-1.46004,3.42408,1.83462,5.2587,-6.71874
D;L;N;Q;C,L;F;K;M;D,"220,117,233,127,289",-1.46194,3.80149,1.83462,5.6361099999999995,-7.09805
S;T;I;N;P,A;Y;R;K;V,"124,189,168,114,184",-1.46271,4.66467,0.457537,5.122207,-6.584917000000001
N;N;N;S;G,I;K;K;V;L,"114,205,233,269,243",-1.46304,1.78881,3.65866,5.44747,-6.91051
T;S;S;K;L,P;N;P;L;P,"116,238,290,252,216",-1.46418,5.29036,1.17536,6.465719999999999,-7.929899999999999
S;I;E;S;Q,Q;R;K;E;R,"188,168,231,136,127",-1.47361,5.68401,2.24575,7.92976,-9.40337
S;I;E;Q;G,Q;R;K;L;P,"188,168,231,182,243",-1.47503,5.154,1.73112,6.88512,-8.360149999999999
S;H;T;M;Q,P;M;M;L;D,"245,104,29,262,127",-1.47832,1.96403,1.96342,3.92745,-5.40577
E;Q;Q;D;A,K;L;L;L;L,"231,182,127,220,272",-1.48189,7.84419,-2.073,,
S;D;R;T;Q,E;H;A;M;T,"121,186,280,51,91",-1.48638,1.79222,1.27643,3.06865,-4.55503
T;S;S;T;W,P;N;P;E;P,"116,238,290,270,185",-1.48768,5.17498,0.00422375,5.17920375,-6.66688375
S;D;R;A;Q,E;H;A;L;A,"121,186,280,65,127",-1.49388,1.50316,0.543456,2.046616,-3.540496
T;T;T;S;K,L;M;E;F;Y,"72,51,270,238,253",-1.49666,4.13032,-2.49422,,
S;D;R;L;K,E;H;A;M;Y,"121,186,280,216,253",-1.49914,0.746184,-2.49422,,
A;M;L;N;K,M;L;F;Y;A,"135,154,117,37,253",-1.49993,2.34832,-2.13229,,
N;S;S;S;V,Y;Q;E;P;D,"37,188,136,245,57",-1.50083,1.84971,1.23826,3.08797,-4.5888
S;D;S;N;G,E;H;Y;K;T,"121,186,238,114,251",-1.50227,2.83208,1.39182,4.2239,-5.726170000000001
A;M;R;G;D,M;L;N;A;K,"135,154,90,165,263",-1.50417,2.37909,1.32913,3.70822,-5.21239
S;T;N;D;L,M;V;K;L;P,"238,198,114,220,216",-1.5052,4.37095,1.17536,5.54631,-7.05151
S;D;R;T;K,E;H;A;Y;Y,"121,186,280,189,253",-1.50822,1.59074,-2.49422,,
S;T;R;S;Q,A;V;A;T;D,"124,198,280,214,127",-1.50861,2.1529,1.96342,4.11632,-5.62493
S;D;R;E;K,E;H;A;K;A,"121,186,280,231,253",-1.51034,1.88215,-2.13229,,
S;T;N;D;Y,M;V;K;L;T,"238,198,114,220,63",-1.51204,4.37095,-0.214622,4.156327999999999,-5.668367999999999
S;D;R;Q;P,E;H;A;M;D,"121,186,280,127,197",-1.51327,1.52251,1.57327,3.09578,-4.60905
S;D;R;L;P,E;H;A;M;D,"121,186,280,216,197",-1.51659,0.746184,1.57327,2.319454,-3.8360440000000002
S;D;R;T;L,E;H;A;L;E,"121,186,280,72,216",-1.5259,1.88057,1.31255,3.1931200000000004,-4.71902
D;L;N;Q;R,L;F;K;M;Y,"220,117,233,127,123",-1.528,3.80149,1.89278,5.6942699999999995,-7.22227
S;T;R;S;C,A;V;A;T;D,"124,198,280,214,289",-1.53268,2.1529,1.83462,3.98752,-5.5202
T;T;T;T;S,L;M;E;V;D,"72,51,270,198,103",-1.53283,4.06726,1.28938,5.3566400000000005,-6.88947
S;D;R;A;L,E;H;A;E;E,"121,186,280,152,216",-1.53689,1.40875,1.31255,2.7213000000000003,-4.258190000000001
S;T;I;N;Q,A;Y;R;K;P,"124,189,168,114,127",-1.53828,4.66467,1.5029,6.1675699999999996,-7.70585
S;I;E;S;Y,Q;R;K;E;G,"188,168,231,136,63",-1.53859,5.68401,-1.32041,4.3636,-5.90219
T;R;S;S;K,L;K;Y;T;F,"72,53,269,214,253",-1.53905,2.10066,-2.7494,,
S;D;R;A;V,E;H;A;E;C,"121,186,280,152,281",-1.53907,1.40875,1.22272,2.63147,-4.17054
S;D;R;L;M,E;H;A;M;H,"121,186,280,216,161",-1.542,0.746184,0.29128,1.037464,-2.5794639999999998
N;S;S;S;Q,Y;Q;E;P;N,"37,188,136,245,133",-1.54243,1.84971,1.21979,3.0694999999999997,-4.611929999999999
S;D;R;A;A,E;H;A;L;T,"121,186,280,65,180",-1.54672,1.50316,1.57849,3.08165,-4.62837
S;D;R;S;S,E;H;A;T;Y,"121,186,280,214,242",-1.55158,1.07516,1.18862,2.2637799999999997,-3.8153599999999996
A;M;L;N;A,M;L;F;Y;T,"135,154,117,37,180",-1.55285,2.34832,1.57849,3.92681,-5.47966
S;D;R;T;P,E;H;A;M;D,"121,186,280,51,197",-1.55331,1.79222,1.57327,3.36549,-4.9188
T;T;T;T;W,L;M;E;V;C,"72,51,270,198,257",-1.55383,4.06726,2.40869,6.47595,-8.02978
S;D;R;S;L,E;H;A;T;E,"121,186,280,214,216",-1.55481,1.07516,1.31255,2.38771,-3.94252
S;D;R;L;R,E;H;A;M;V,"121,186,280,216,34",-1.55818,0.746184,3.28169,4.027874000000001,-5.586054000000001
S;H;T;M;R,P;M;M;L;Y,"245,104,29,262,123",-1.55875,1.96403,1.89278,3.85681,-5.41556
S;D;R;A;P,E;H;A;L;D,"121,186,280,65,197",-1.56019,1.50316,1.57327,3.07643,-4.636620000000001
N;S;S;R;R,K;T;W;D;Y,"233,214,58,90,123",-1.56121,2.40164,1.89278,4.29442,-5.85563
S;D;R;A;S,E;H;A;L;V,"121,186,280,65,58",-1.56435,1.50316,1.64103,3.14419,-4.70854
S;H;T;S;Q,P;M;M;W;E,"245,104,29,58,127",-1.56762,1.79588,1.46399,3.25987,-4.82749
S;T;R;S;P,A;V;A;T;V,"124,198,280,214,184",-1.57305,2.1529,0.457537,2.6104369999999997,-4.1834869999999995
S;D;R;A;N,E;H;A;E;T,"121,186,280,152,190",-1.57395,1.40875,1.14081,2.54956,-4.12351
S;D;R;Q;N,E;H;A;M;L,"121,186,280,127,138",-1.58332,1.52251,1.20357,2.72608,-4.3094
A;M;R;G;S,M;L;N;A;N,"135,154,90,165,103",-1.58628,2.37909,1.48912,3.8682100000000004,-5.45449
S;D;R;D;K,E;H;A;L;V,"121,186,280,220,253",-1.58712,2.15121,-1.77146,0.3797499999999998,-1.96687
S;H;T;S;K,P;M;M;W;Y,"245,104,29,58,253",-1.58717,1.79588,-2.49422,,
S;D;R;A;L,E;H;A;E;I,"121,186,280,152,216",-1.58815,1.40875,1.43258,2.84133,-4.42948
S;D;R;A;R,E;H;A;E;L,"121,186,280,152,53",-1.58819,1.40875,1.57881,2.98756,-4.57575
S;T;I;D;C,A;Y;R;L;D,"124,189,168,220,289",-1.58885,5.25397,1.83462,7.08859,-8.67744
S;D;R;Q;V,E;H;A;M;D,"121,186,280,127,57",-1.5903,1.52251,1.23826,2.76077,-4.35107
S;H;T;M;R,P;M;M;L;P,"245,104,29,262,280",-1.59163,1.96403,1.29097,3.255,-4.84663
S;G;S;M;P,W;A;E;L;Q,"58,165,136,262,38",-1.5922,2.29813,1.58069,3.87882,-5.47102
T;T;N;N;S,V;M;K;K;D,"198,51,233,114,103",-1.59235,3.19949,1.28938,4.48887,-6.08122
S;D;R;A;Q,E;H;A;L;W,"121,186,280,65,133",-1.59279,1.50316,1.99371,3.4968700000000004,-5.08966
S;D;R;T;Q,E;H;A;L;T,"121,186,280,72,127",-1.59433,1.88057,0.705474,2.5860440000000002,-4.1803740000000005
T;T;T;S;P,L;M;E;F;Q,"72,51,270,238,38",-1.59772,4.13032,1.58069,5.71101,-7.30873
T;K;D;S;P,E;L;L;T;K,"270,252,220,214,120",-1.59922,4.53563,-0.768642,3.7669880000000004,-5.366208
S;D;R;A;K,E;H;A;L;L,"121,186,280,65,253",-1.60026,1.50316,-1.0623,0.44086000000000003,-2.0411200000000003
A;M;G;N;D,M;L;A;K;K,"135,154,165,233,263",-1.60188,2.61474,1.32913,3.9438699999999995,-5.54575
S;D;R;T;S,E;H;A;L;N,"121,186,280,72,103",-1.60495,1.88057,1.48912,3.3696900000000003,-4.974640000000001
S;D;R;T;P,E;H;A;M;Q,"121,186,280,51,38",-1.60506,1.79222,1.58069,3.37291,-4.97797
T;R;S;S;C,L;K;Y;T;A,"72,53,269,214,289",-1.60581,2.10066,-0.0850688,2.0155912,-3.6214011999999998
S;D;S;N;P,E;H;Y;K;Q,"121,186,238,114,38",-1.60633,2.83208,1.58069,4.41277,-6.0191
S;D;R;S;G,E;H;A;T;A,"121,186,280,214,243",-1.60887,1.07516,1.45932,2.53448,-4.14335
S;D;R;D;K,E;H;A;L;A,"121,186,280,220,253",-1.61439,2.15121,-2.13229,,
S;T;I;T;Q,A;Y;R;E;H,"124,189,168,270,127",-1.6215,5.05558,1.53114,6.58672,-8.208219999999999
S;D;R;D;A,E;H;A;L;V,"121,186,280,220,65",-1.62211,2.15121,2.10232,4.25353,-5.87564
S;D;R;A;Q,E;H;A;E;W,"121,186,280,152,133",-1.62368,1.40875,1.99371,3.40246,-5.02614
S;D;R;T;K,E;H;A;M;F,"121,186,280,51,253",-1.62382,1.79222,-2.7494,,
S;D;R;A;L,E;H;A;L;E,"121,186,280,65,216",-1.62478,1.50316,1.31255,2.81571,-4.4404900000000005
N;N;N;S;P,I;K;K;V;V,"114,205,233,269,184",-1.62527,1.78881,0.457537,2.246347,-3.871617
S;D;T;E;N,E;H;P;K;P,"121,186,116,231,277",-1.63122,6.58675,1.65895,8.2457,-9.876919999999998
S;D;R;Q;G,E;H;A;M;S,"121,186,280,127,243",-1.63574,1.52251,1.55439,3.0769,-4.71264
S;D;T;Q;W,E;H;P;L;C,"121,186,116,182,257",-1.63641,4.19138,2.40869,6.60007,-8.23648
S;D;R;D;G,E;H;A;L;A,"121,186,280,220,243",-1.63742,2.15121,1.45932,3.61053,-5.2479499999999994
S;D;R;T;Q,E;H;A;L;T,"121,186,280,72,91",-1.64095,1.88057,1.27643,3.157,-4.79795
S;D;R;E;Q,E;H;A;K;D,"121,186,280,231,127",-1.64304,1.88215,1.96342,3.84557,-5.4886099999999995
S;D;R;A;I,E;H;A;E;H,"121,186,280,152,168",-1.64551,1.40875,-1.74709,-0.3383400000000001,-1.30717
D;L;N;S;C,L;F;K;Y;S,"220,117,233,269,289",-1.64623,2.47846,-1.16436,1.3141,-2.96033
A;M;L;N;Q,M;L;F;Y;R,"135,154,117,37,127",-1.64915,2.34832,2.24575,4.59407,-6.24322
S;D;R;S;D,E;H;A;T;K,"121,186,280,214,263",-1.65078,1.07516,1.32913,2.4042899999999996,-4.05507
S;D;R;T;T,E;H;A;M;N,"121,186,280,51,198",-1.65079,1.79222,1.15645,2.94867,-4.59946
S;I;E;S;Q,Q;R;K;E;F,"188,168,231,136,182",-1.65282,5.68401,-2.12573,,
S;D;R;L;S,E;H;A;M;P,"121,186,280,216,188",-1.65902,0.746184,-0.195825,0.5503589999999999,-2.2093789999999998
S;D;T;S;S,E;H;P;F;D,"121,186,116,238,103",-1.6626,4.39699,1.28938,5.68637,-7.3489700000000004
S;T;I;T;L,A;Y;R;E;D,"124,189,168,270,249",-1.663,5.05558,1.3351,6.39068,-8.05368
S;D;R;T;F,E;H;A;L;E,"121,186,280,72,271",-1.66548,1.88057,2.659,4.539569999999999,-6.20505
S;D;R;T;K,E;H;A;Y;V,"121,186,280,189,253",-1.67194,1.59074,-1.77146,-0.18072,-1.49122
T;T;N;N;W,L;M;K;K;I,"72,51,233,114,159",-1.67239,3.42408,1.51695,4.94103,-6.61342
S;D;R;E;T,E;H;A;K;N,"121,186,280,231,198",-1.67271,1.88215,1.15645,3.0385999999999997,-4.711309999999999
T;R;S;S;Q,L;K;Y;T;E,"72,53,269,214,127",-1.67897,2.10066,1.46399,3.56465,-5.24362
S;D;R;S;H,E;H;A;T;R,"121,186,280,214,104",-1.68118,1.07516,1.19641,2.2715699999999996,-3.9527499999999995
T;R;S;S;I,L;K;Y;T;L,"72,53,269,214,145",-1.68276,2.10066,1.3052,3.4058599999999997,-5.08862
S;D;R;D;M,E;H;A;L;H,"121,186,280,220,161",-1.68322,2.15121,0.29128,2.44249,-4.12571
S;D;R;T;K,E;H;A;M;V,"121,186,280,51,253",-1.68511,1.79222,-1.77146,0.02075999999999989,-1.70587
T;S;S;K;Q,P;N;P;L;F,"116,238,290,252,182",-1.68824,5.29036,-2.12573,,
D;L;N;Q;Y,L;F;K;M;S,"220,117,233,127,63",-1.68826,3.80149,-1.05409,2.7474,-4.43566
S;D;R;D;S,E;H;A;L;N,"121,186,280,220,103",-1.68865,2.15121,1.48912,3.6403299999999996,-5.32898
A;M;L;N;L,M;L;F;Y;D,"135,154,117,37,249",-1.6966,2.34832,1.3351,3.68342,-5.38002
S;D;R;A;M,E;H;A;E;L,"121,186,280,152,154",-1.69821,1.40875,1.39475,2.8034999999999997,-4.501709999999999
S;D;R;T;G,E;H;A;M;L,"121,186,280,51,243",-1.70179,1.79222,3.65866,5.45088,-7.15267
S;D;R;L;Q,E;H;A;M;E,"121,186,280,216,133",-1.70246,0.746184,2.09284,2.8390239999999998,-4.541484
S;T;I;N;N,A;Y;R;K;L,"124,189,168,114,138",-1.70386,4.66467,1.20357,5.86824,-7.5721
S;D;R;T;T,E;H;A;L;N,"121,186,280,72,198",-1.7041,1.88057,1.15645,3.03702,-4.7411200000000004
E;Q;T;Q;W,K;L;L;L;P,"231,182,72,127,185",-1.70483,7.66695,0.00422375,7.67117375,-9.37600375
N;N;N;S;K,I;K;K;V;A,"114,205,233,269,253",-1.71001,1.78881,-2.13229,,
A;M;L;N;R,M;L;F;Y;Y,"135,154,117,37,123",-1.71594,2.34832,1.89278,4.2411,-5.95704
T;T;N;N;W,L;M;K;K;K,"72,51,233,114,257",-1.71602,3.42408,1.47425,4.89833,-6.61435
A;M;G;Q;S,M;L;A;M;N,"135,154,165,127,103",-1.71673,3.19369,1.48912,4.68281,-6.39954
S;D;R;D;C,E;H;A;L;L,"121,186,280,220,289",-1.71824,2.15121,1.40303,3.55424,-5.27248
S;D;R;T;G,E;H;A;L;L,"121,186,280,72,243",-1.71966,1.88057,3.65866,5.53923,-7.25889
S;D;R;A;G,E;H;A;L;A,"121,186,280,65,243",-1.7208,1.50316,1.45932,2.9624800000000002,-4.68328
D;L;N;S;T,L;F;K;Y;N,"220,117,233,269,198",-1.72337,2.47846,1.15645,3.63491,-5.358280000000001
S;D;R;A;L,E;H;A;L;I,"121,186,280,65,216",-1.72412,1.50316,1.43258,2.93574,-4.65986
N;S;T;H;L,Y;Q;M;M;K,"37,188,29,104,249",-1.72488,1.62133,1.9138,3.5351299999999997,-5.260009999999999
S;G;S;M;G,W;A;E;L;H,"58,165,136,262,251",-1.72816,2.29813,1.17609,3.47422,-5.20238
S;T;N;D;A,M;V;K;L;L,"238,198,114,220,272",-1.73267,4.37095,-2.073,,
S;D;R;L;Q,E;H;A;M;T,"121,186,280,216,127",-1.7342,0.746184,0.705474,1.4516580000000001,-3.185858
T;T;T;T;G,L;M;E;V;T,"72,51,270,198,254",-1.73512,4.06726,-4.84766,,
S;H;T;M;P,P;M;M;L;V,"245,104,29,262,184",-1.74206,1.96403,0.457537,2.421567,-4.163627
N;S;T;H;Q,Y;Q;M;M;E,"37,188,29,104,127",-1.74474,1.62133,1.46399,3.08532,-4.83006
N;S;S;S;L,Y;Q;E;P;K,"37,188,136,245,249",-1.7453,1.84971,1.9138,3.76351,-5.50881
S;D;R;S;Q,E;H;A;T;F,"121,186,280,214,182",-1.74676,1.07516,-2.12573,,
T;T;T;T;C,L;M;E;V;D,"72,51,270,198,289",-1.74786,4.06726,1.83462,5.90188,-7.64974
S;D;S;N;C,E;H;Y;K;D,"121,186,238,114,289",-1.75554,2.83208,1.83462,4.6667,-6.4222399999999995
S;D;R;T;M,E;H;A;Y;H,"121,186,280,189,161",-1.75678,1.59074,0.29128,1.88202,-3.6388
A;M;L;N;K,M;L;F;Y;Y,"135,154,117,37,253",-1.75704,2.34832,-2.49422,,
S;D;R;T;Q,E;H;A;M;N,"121,186,280,51,127",-1.75731,1.79222,2.35273,4.14495,-5.90226
S;D;R;T;L,E;H;A;Y;D,"121,186,280,189,249",-1.75842,1.59074,1.3351,2.92584,-4.68426
S;D;T;K;W,E;H;P;L;K,"121,186,116,252,257",-1.75879,4.99838,1.47425,6.4726300000000005,-8.23142
S;D;R;D;S,E;H;A;L;P,"121,186,280,220,125",-1.76103,2.15121,1.21417,3.36538,-5.12641
A;M;G;Q;C,M;L;A;M;D,"135,154,165,127,289",-1.76417,3.19369,1.83462,5.02831,-6.79248
T;T;N;N;G,V;M;K;K;I,"198,51,233,114,243",-1.76429,3.19949,2.1303,5.32979,-7.09408
S;D;R;A;I,E;H;A;E;V,"121,186,280,152,200",-1.76437,1.40875,1.28856,2.69731,-4.461679999999999
S;T;R;S;S,A;V;A;T;D,"124,198,280,214,103",-1.76526,2.1529,1.28938,3.44228,-5.20754
S;D;R;Q;D,E;H;A;M;K,"121,186,280,127,263",-1.76579,1.52251,1.32913,2.8516399999999997,-4.61743
A;M;G;Q;G,M;L;A;M;I,"135,154,165,127,243",-1.76941,3.19369,2.1303,5.32399,-7.0934
S;D;R;T;G,E;H;A;L;K,"121,186,280,72,243",-1.76981,1.88057,3.0581,4.93867,-6.70848
D;L;N;S;P,L;F;K;Y;L,"220,117,233,269,38",-1.77174,2.47846,1.38115,3.85961,-5.63135
S;D;R;D;N,E;H;A;L;L,"121,186,280,220,138",-1.77198,2.15121,1.20357,3.35478,-5.12676
S;D;R;Q;T,E;H;A;M;N,"121,186,280,127,198",-1.77398,1.52251,1.15645,2.67896,-4.45294
N;S;S;R;C,K;T;W;D;L,"233,214,58,90,289",-1.77869,2.40164,1.40303,3.8046699999999998,-5.58336
S;D;R;D;P,E;H;A;L;L,"121,186,280,220,38",-1.78083,2.15121,1.38115,3.5323599999999997,-5.31319
S;T;I;T;A,A;Y;R;E;L,"124,189,168,270,272",-1.78198,5.05558,-2.073,,
T;T;T;S;S,L;M;E;F;D,"72,51,270,238,103",-1.78228,4.13032,1.28938,5.419700000000001,-7.201980000000001
S;D;R;S;L,E;H;A;T;C,"121,186,280,214,249",-1.78681,1.07516,1.14374,2.2188999999999997,-4.00571
T;T;N;N;Y,V;M;K;K;S,"198,51,233,114,63",-1.79,3.19949,-1.05409,2.1454,-3.9354
T;R;S;S;V,L;K;Y;T;D,"72,53,269,214,57",-1.79051,2.10066,1.23826,3.33892,-5.12943
S;D;T;K;W,E;H;P;L;P,"121,186,116,252,185",-1.7919,4.99838,0.00422375,5.0026037500000005,-6.7945037500000005
A;M;R;G;L,M;L;N;A;D,"135,154,90,165,249",-1.793,2.37909,1.3351,3.7141900000000003,-5.5071900000000005
D;L;N;S;P,L;F;K;Y;V,"220,117,233,269,184",-1.79567,2.47846,0.457537,2.935997,-4.731667
S;D;T;S;W,E;H;P;F;C,"121,186,116,238,257",-1.79741,4.39699,2.40869,6.80568,-8.60309
S;H;T;M;P,P;M;M;L;Q,"245,104,29,262,38",-1.8023,1.96403,1.58069,3.54472,-5.34702
T;T;N;N;W,V;M;K;K;I,"198,51,233,114,159",-1.80325,3.19949,1.51695,4.71644,-6.519690000000001
S;H;T;M;C,P;M;M;L;L,"245,104,29,262,289",-1.80451,1.96403,1.40303,3.36706,-5.17157
D;L;N;S;L,L;F;K;Y;C,"220,117,233,269,249",-1.80659,2.47846,1.14374,3.6222000000000003,-5.42879
S;T;I;T;C,A;Y;R;E;D,"124,189,168,270,289",-1.80767,5.05558,1.83462,6.8902,-8.69787
S;D;R;L;G,E;H;A;M;A,"121,186,280,216,243",-1.81071,0.746184,1.45932,2.205504,-4.016214
T;T;M;Q;Q,V;M;L;L;E,"198,51,262,182,127",-1.81354,3.03477,1.46399,4.49876,-6.3123
S;D;S;N;C,E;H;Y;K;L,"121,186,238,114,289",-1.82271,2.83208,1.40303,4.23511,-6.0578199999999995
S;D;R;A;L,E;H;A;L;F,"121,186,280,65,216",-1.82474,1.50316,1.28942,2.79258,-4.61732
S;I;E;S;Q,Q;R;K;E;P,"188,168,231,136,127",-1.82551,5.68401,1.5029,7.186909999999999,-9.012419999999999
S;T;I;D;P,A;Y;R;L;Q,"124,189,168,220,38",-1.82682,5.25397,1.58069,6.8346599999999995,-8.66148
T;T;N;N;S,L;M;K;K;D,"72,51,233,114,103",-1.82733,3.42408,1.28938,4.7134599999999995,-6.540789999999999
T;T;M;Q;P,V;M;L;L;V,"198,51,262,182,184",-1.82933,3.03477,0.457537,3.492307,-5.321637
S;D;T;S;C,E;H;P;F;D,"121,186,116,238,289",-1.8327,4.39699,1.83462,6.23161,-8.064309999999999
S;T;I;D;W,A;Y;R;L;P,"124,189,168,220,185",-1.83329,5.25397,0.00422375,5.25819375,-7.09148375
T;T;N;N;G,V;M;K;K;T,"198,51,233,114,251",-1.83347,3.19949,1.39182,4.59131,-6.42478
S;D;R;T;L,E;H;A;M;E,"121,186,280,51,216",-1.83384,1.79222,1.31255,3.1047700000000003,-4.938610000000001
S;D;R;Q;C,E;H;A;M;L,"121,186,280,127,289",-1.83426,1.52251,1.40303,2.92554,-4.7598
S;T;R;S;G,A;V;A;T;T,"124,198,280,214,254",-1.83495,2.1529,-4.84766,,
S;D;R;S;P,E;H;A;T;D,"121,186,280,214,197",-1.83535,1.07516,1.57327,2.64843,-4.483779999999999
A;M;R;G;P,M;L;N;A;Q,"135,154,90,165,38",-1.83544,2.37909,1.58069,3.9597800000000003,-5.7952200000000005
S;D;R;A;A,E;H;A;E;V,"121,186,280,152,65",-1.83961,1.40875,2.10232,3.51107,-5.3506800000000005
T;T;N;N;L,V;M;K;K;P,"198,51,233,114,216",-1.84262,3.19949,1.17536,4.37485,-6.2174700000000005
A;M;L;N;G,M;L;F;Y;T,"135,154,117,37,251",-1.84343,2.34832,1.39182,3.7401400000000002,-5.58357
S;I;E;S;Q,Q;R;K;E;H,"188,168,231,136,127",-1.85051,5.68401,1.53114,7.2151499999999995,-9.06566
S;H;T;S;L,P;M;M;W;D,"245,104,29,58,249",-1.85464,1.79588,1.3351,3.13098,-4.98562
S;D;S;N;S,E;H;Y;K;N,"121,186,238,114,103",-1.85508,2.83208,1.48912,4.3212,-6.17628
S;D;R;T;Q,E;H;A;Y;N,"121,186,280,189,127",-1.85699,1.59074,2.35273,3.9434700000000005,-5.80046
S;D;T;Q;Y,E;H;P;L;G,"121,186,116,182,63",-1.86083,4.19138,-1.32041,2.87097,-4.7318
S;D;R;S;M,E;H;A;T;H,"121,186,280,214,161",-1.86383,1.07516,0.29128,1.3664399999999999,-3.23027
S;T;I;T;G,A;Y;R;E;H,"124,189,168,270,251",-1.86458,5.05558,1.17609,6.23167,-8.09625
T;R;S;S;Q,L;K;Y;T;D,"72,53,269,214,127",-1.86491,2.10066,1.96342,4.06408,-5.92899
T;R;S;S;K,L;K;Y;T;A,"72,53,269,214,253",-1.86795,2.10066,-2.13229,,
S;I;E;Q;Y,Q;R;K;L;G,"188,168,231,182,63",-1.86826,5.154,-1.32041,3.83359,-5.70185
S;D;S;N;P,E;H;Y;K;L,"121,186,238,114,38",-1.86829,2.83208,1.38115,4.21323,-6.08152
N;S;S;S;L,Y;Q;E;P;C,"37,188,136,245,249",-1.87201,1.84971,1.14374,2.99345,-4.865460000000001
S;I;E;S;I,Q;R;K;E;R,"188,168,231,136,218",-1.87206,5.68401,1.07089,6.754899999999999,-8.626959999999999
S;D;R;S;V,E;H;A;T;D,"121,186,280,214,57",-1.87274,1.07516,1.23826,2.31342,-4.18616
S;D;R;A;Q,E;H;A;E;T,"121,186,280,152,91",-1.87289,1.40875,1.27643,2.68518,-4.55807
S;D;R;T;P,E;H;A;Y;Q,"121,186,280,189,38",-1.87297,1.59074,1.58069,3.17143,-5.0443999999999996
S;D;R;D;V,E;H;A;L;D,"121,186,280,220,57",-1.87305,2.15121,1.23826,3.3894699999999998,-5.26252
S;D;R;T;N,E;H;A;Y;L,"121,186,280,189,138",-1.87398,1.59074,1.20357,2.7943100000000003,-4.668290000000001
N;S;S;S;K,Y;Q;E;P;A,"37,188,136,245,253",-1.87529,1.84971,-2.13229,,
S;D;R;A;T,E;H;A;E;N,"121,186,280,152,88",-1.87763,1.40875,1.16002,2.5687699999999998,-4.4464
N;N;N;S;P,I;K;K;V;L,"114,205,233,269,38",-1.88064,1.78881,1.38115,3.16996,-5.0506
S;D;T;S;Y,E;H;P;F;S,"121,186,116,238,63",-1.88139,4.39699,-1.05409,3.3428999999999998,-5.22429
S;D;R;T;Q,E;H;A;M;R,"121,186,280,51,127",-1.88624,1.79222,2.24575,4.03797,-5.9242099999999995
N;N;N;S;M,I;K;K;V;H,"114,205,233,269,161",-1.88815,1.78881,0.29128,2.08009,-3.96824
S;T;R;S;I,A;V;A;T;R,"124,198,280,214,218",-1.89047,2.1529,1.07089,3.2237899999999997,-5.11426
S;D;R;S;C,E;H;A;T;A,"121,186,280,214,289",-1.8915,1.07516,-0.0850688,0.9900912,-2.8815912
S;D;R;A;Q,E;H;A;E;N,"121,186,280,152,133",-1.89526,1.40875,1.21979,2.62854,-4.5238
S;D;S;N;S,E;H;Y;K;D,"121,186,238,114,103",-1.89596,2.83208,1.28938,4.12146,-6.0174199999999995
T;K;D;S;G,E;L;L;T;P,"270,252,220,214,243",-1.89828,4.53563,1.73112,6.26675,-8.16503
S;D;R;A;C,E;H;A;E;A,"121,186,280,152,289",-1.90171,1.40875,-0.0850688,1.3236812,-3.2253912
T;T;M;Q;G,V;M;L;L;T,"198,51,262,182,251",-1.90467,3.03477,1.39182,4.42659,-6.33126
S;D;R;T;M,E;H;A;L;H,"121,186,280,72,161",-1.90499,1.88057,0.29128,2.17185,-4.07684
T;K;D;S;Q,E;L;L;T;P,"270,252,220,214,127",-1.90629,4.53563,1.5029,6.03853,-7.94482
D;L;N;S;L,L;F;K;Y;D,"220,117,233,269,249",-1.90681,2.47846,1.3351,3.81356,-5.72037
S;D;R;L;K,E;H;A;M;V,"121,186,280,216,253",-1.90709,0.746184,-1.77146,-1.025276,-0.8818139999999999
N;S;S;S;S,Y;Q;E;P;P,"37,188,136,245,125",-1.91586,1.84971,1.21417,3.06388,-4.97974
S;D;R;D;P,E;H;A;L;Q,"121,186,280,220,38",-1.91589,2.15121,1.58069,3.7318999999999996,-5.64779
S;D;R;A;P,E;H;A;E;D,"121,186,280,152,197",-1.91601,1.40875,1.57327,2.98202,-4.89803
S;H;T;M;L,P;M;M;L;D,"245,104,29,262,249",-1.91619,1.96403,1.3351,3.29913,-5.21532
S;D;R;T;T,E;H;A;M;Q,"121,186,280,51,88",-1.92301,1.79222,1.20927,3.00149,-4.9245
N;N;N;S;Q,I;K;K;V;T,"114,205,233,269,127",-1.92516,1.78881,0.705474,2.494284,-4.419444
S;D;R;T;A,E;H;A;M;T,"121,186,280,51,180",-1.92632,1.79222,1.57849,3.37071,-5.2970299999999995
N;N;N;S;L,I;K;K;V;K,"114,205,233,269,249",-1.92992,1.78881,1.9138,3.70261,-5.63253
S;T;N;D;G,M;V;K;L;P,"238,198,114,220,243",-1.93656,4.37095,1.73112,6.102069999999999,-8.03863
S;D;R;T;C,E;H;A;M;S,"121,186,280,51,289",-1.94143,1.79222,-1.16436,0.6278599999999999,-2.5692899999999996
S;D;R;E;Y,E;H;A;K;G,"121,186,280,231,63",-1.94156,1.88215,-1.32041,0.5617399999999999,-2.5033
S;D;R;T;C,E;H;A;M;A,"121,186,280,51,289",-1.94361,1.79222,-0.0850688,1.7071512,-3.6507612
S;D;R;A;Q,E;H;A;L;N,"121,186,280,65,133",-1.9442,1.50316,1.21979,2.72295,-4.6671499999999995
D;L;N;Q;W,L;F;K;M;C,"220,117,233,127,257",-1.94536,3.80149,2.40869,6.210179999999999,-8.155539999999998
S;D;R;T;C,E;H;A;M;L,"121,186,280,51,289",-1.94598,1.79222,1.40303,3.1952499999999997,-5.14123
N;S;S;S;Q,Y;Q;E;P;E,"37,188,136,245,127",-1.94702,1.84971,1.46399,3.3137,-5.26072
T;T;N;N;L,L;M;K;K;P,"72,51,233,114,216",-1.94785,3.42408,1.17536,4.5994399999999995,-6.547289999999999
S;D;R;Q;L,E;H;A;M;D,"121,186,280,127,249",-1.95482,1.52251,1.3351,2.85761,-4.81243
S;D;R;A;G,E;H;A;L;S,"121,186,280,65,243",-1.95547,1.50316,1.55439,3.05755,-5.01302
D;L;N;Q;A,L;F;K;M;L,"220,117,233,127,272",-1.95716,3.80149,-2.073,,
T;T;N;N;C,V;M;K;K;D,"198,51,233,114,289",-1.95811,3.19949,1.83462,5.03411,-6.99222
S;D;R;A;S,E;H;A;L;P,"121,186,280,65,125",-1.95978,1.50316,1.21417,2.71733,-4.67711
S;D;R;L;F,E;H;A;M;E,"121,186,280,216,271",-1.96122,0.746184,2.659,3.4051839999999998,-5.366403999999999
S;D;R;Q;G,E;H;A;M;T,"121,186,280,127,251",-1.96243,1.52251,1.39182,2.91433,-4.87676
S;D;R;L;Q,E;H;A;M;N,"121,186,280,216,133",-1.97453,0.746184,1.21979,1.9659739999999999,-3.940504
S;H;T;S;P,P;M;M;W;V,"245,104,29,58,184",-1.97551,1.79588,0.457537,2.253417,-4.228927
S;T;I;D;S,A;Y;R;L;D,"124,189,168,220,103",-1.97696,5.25397,1.28938,6.54335,-8.52031
S;D;R;T;S,E;H;A;M;P,"121,186,280,51,125",-1.97899,1.79222,1.21417,3.0063899999999997,-4.985379999999999
T;T;M;R;S,V;M;L;D;D,"198,51,262,90,103",-1.98083,2.75602,1.28938,4.0454,-6.02623
S;D;R;D;G,E;H;A;L;L,"121,186,280,220,243",-1.98095,2.15121,3.65866,5.80987,-7.79082
S;D;R;L;G,E;H;A;M;K,"121,186,280,216,243",-1.98123,0.746184,3.0581,3.804284,-5.785514
S;D;T;Q;W,E;H;P;L;K,"121,186,116,182,257",-1.9834,4.19138,1.47425,5.66563,-7.64903
S;D;R;D;L,E;H;A;L;C,"121,186,280,220,249",-1.98534,2.15121,1.14374,3.29495,-5.28029
S;D;R;D;G,E;H;A;L;H,"121,186,280,220,251",-1.98578,2.15121,1.17609,3.3273,-5.31308
S;D;R;A;F,E;H;A;L;E,"121,186,280,65,271",-1.98963,1.50316,2.659,4.16216,-6.15179
T;K;D;S;W,E;L;L;T;P,"270,252,220,214,185",-1.99595,4.53563,0.00422375,4.539853750000001,-6.53580375
S;D;T;Q;I,E;H;P;L;R,"121,186,116,182,218",-1.99992,4.19138,1.07089,5.262269999999999,-7.262189999999999
N;S;S;S;Q,Y;Q;E;P;D,"37,188,136,245,127",-2.00333,1.84971,1.96342,3.81313,-5.81646
S;D;R;A;N,E;H;A;E;L,"121,186,280,152,138",-2.00374,1.40875,1.20357,2.61232,-4.61606
S;T;N;D;W,M;V;K;L;C,"238,198,114,220,257",-2.00664,4.37095,2.40869,6.77964,-8.78628
S;T;R;S;W,A;V;A;T;I,"124,198,280,214,159",-2.00768,2.1529,1.51695,3.66985,-5.67753
T;R;S;S;L,L;K;Y;T;C,"72,53,269,214,249",-2.00784,2.10066,1.14374,3.2443999999999997,-5.25224
S;D;R;Q;V,E;H;A;M;C,"121,186,280,127,281",-2.00848,1.52251,1.22272,2.7452300000000003,-4.75371
T;K;D;S;M,E;L;L;T;P,"270,252,220,214,222",-2.01176,4.53563,1.39237,5.928000000000001,-7.9397600000000015
A;M;G;Q;W,M;L;A;M;I,"135,154,165,127,159",-2.01339,3.19369,1.51695,4.71064,-6.724029999999999
S;D;R;T;G,E;H;A;Y;T,"121,186,280,189,251",-2.01579,1.59074,1.39182,2.9825600000000003,-4.99835
S;H;T;M;P,P;M;M;L;L,"245,104,29,262,38",-2.01815,1.96403,1.38115,3.34518,-5.3633299999999995
S;T;R;S;L,A;V;A;T;D,"124,198,280,214,249",-2.02068,2.1529,1.3351,3.4879999999999995,-5.50868
S;D;R;A;Q,E;H;A;L;E,"121,186,280,65,127",-2.02988,1.50316,1.46399,2.96715,-4.9970300000000005
S;T;I;T;S,A;Y;R;E;D,"124,189,168,270,103",-2.03471,5.05558,1.28938,6.34496,-8.37967
S;D;R;A;G,E;H;A;E;K,"121,186,280,152,243",-2.03567,1.40875,3.0581,4.46685,-6.5025200000000005
S;D;R;T;P,E;H;A;M;V,"121,186,280,51,184",-2.03643,1.79222,0.457537,2.249757,-4.286187
S;D;R;A;N,E;H;A;L;K,"121,186,280,65,138",-2.03818,1.50316,1.2829,2.78606,-4.82424
T;T;M;Q;G,V;M;L;L;I,"198,51,262,182,243",-2.04043,3.03477,2.1303,5.16507,-7.205500000000001
N;N;N;S;C,I;K;K;V;A,"114,205,233,269,289",-2.04789,1.78881,-0.0850688,1.7037412,-3.7516312000000003
S;D;S;N;N,E;H;Y;K;L,"121,186,238,114,138",-2.04962,2.83208,1.20357,4.03565,-6.08527
A;M;L;N;P,M;L;F;Y;L,"135,154,117,37,38",-2.05215,2.34832,1.38115,3.72947,-5.78162
S;D;R;A;G,E;H;A;L;K,"121,186,280,65,243",-2.05826,1.50316,3.0581,4.56126,-6.61952
S;I;E;S;L,Q;R;K;E;P,"188,168,231,136,216",-2.06128,5.68401,1.17536,6.85937,-8.92065
S;I;E;Q;N,Q;R;K;L;P,"188,168,231,182,277",-2.06329,5.154,1.65895,6.81295,-8.87624
D;L;N;Q;W,L;F;K;M;K,"220,117,233,127,257",-2.07014,3.80149,1.47425,5.27574,-7.345879999999999
S;T;N;D;Q,M;V;K;L;P,"238,198,114,220,127",-2.07106,4.37095,1.5029,5.873849999999999,-7.944909999999999
N;S;T;H;R,Y;Q;M;M;Y,"37,188,29,104,123",-2.07158,1.62133,1.89278,3.5141099999999996,-5.58569
S;D;R;A;R,E;H;A;E;A,"121,186,280,152,90",-2.07231,1.40875,-6.05749,,
S;D;R;S;T,E;H;A;T;N,"121,186,280,214,198",-2.07296,1.07516,1.15645,2.23161,-4.30457
S;D;S;N;K,E;H;Y;K;Y,"121,186,238,114,253",-2.0734,2.83208,-2.49422,,
S;D;T;E;I,E;H;P;K;R,"121,186,116,231,218",-2.08082,6.58675,1.07089,7.657640000000001,-9.73846
S;T;I;T;W,A;Y;R;E;P,"124,189,168,270,185",-2.08181,5.05558,0.00422375,5.05980375,-7.14161375
T;T;N;N;W,L;M;K;K;C,"72,51,233,114,257",-2.08798,3.42408,2.40869,5.83277,-7.92075
D;L;N;S;N,L;F;K;Y;L,"220,117,233,269,138",-2.10032,2.47846,1.20357,3.68203,-5.78235
S;D;T;K;Q,E;H;P;L;F,"121,186,116,252,182",-2.10495,4.99838,-2.12573,,
S;T;I;D;W,A;Y;R;L;I,"124,189,168,220,159",-2.10783,5.25397,1.51695,6.77092,-8.87875
A;M;L;N;P,M;L;F;Y;V,"135,154,117,37,184",-2.10816,2.34832,0.457537,2.805857,-4.914016999999999
S;D;T;K;P,E;H;P;L;K,"121,186,116,252,120",-2.10861,4.99838,-0.768642,4.229738,-6.338348
N;S;S;S;G,Y;Q;E;P;H,"37,188,136,245,251",-2.10897,1.84971,1.17609,3.0258000000000003,-5.13477
S;D;R;L;N,E;H;A;M;H,"121,186,280,216,205",-2.11103,0.746184,0.934161,1.680345,-3.791375
S;D;R;T;S,E;H;A;L;T,"121,186,280,72,124",-2.11224,1.88057,2.0551,3.93567,-6.04791
N;S;T;H;L,Y;Q;M;M;D,"37,188,29,104,249",-2.11332,1.62133,1.3351,2.95643,-5.06975
S;D;R;S;Q,E;H;A;T;T,"121,186,280,214,127",-2.11439,1.07516,0.705474,1.780634,-3.8950240000000003
S;D;T;Q;G,E;H;P;L;P,"121,186,116,182,243",-2.11719,4.19138,1.73112,5.922499999999999,-8.03969
T;T;T;S;G,L;M;E;F;I,"72,51,270,238,243",-2.11794,4.13032,2.1303,6.26062,-8.37856
S;D;R;S;G,E;H;A;T;H,"121,186,280,214,251",-2.12378,1.07516,1.17609,2.2512499999999998,-4.37503
S;D;R;T;L,E;H;A;M;K,"121,186,280,51,249",-2.12454,1.79222,1.9138,3.7060199999999996,-5.83056
S;D;R;T;L,E;H;A;Y;C,"121,186,280,189,249",-2.12573,1.59074,1.14374,2.73448,-4.86021
S;D;R;T;Q,E;H;A;M;E,"121,186,280,51,127",-2.12857,1.79222,1.46399,3.25621,-5.384779999999999
S;T;N;D;W,M;V;K;L;I,"238,198,114,220,159",-2.12872,4.37095,1.51695,5.8879,-8.01662
S;H;T;S;G,P;M;M;W;T,"245,104,29,58,254",-2.12983,1.79588,-4.84766,,
S;T;N;D;W,M;V;K;L;K,"238,198,114,220,257",-2.13197,4.37095,1.47425,5.8452,-7.97717
S;D;R;S;C,E;H;A;T;S,"121,186,280,214,289",-2.13392,1.07516,-1.16436,-0.08920000000000017,-2.04472
S;D;T;Q;M,E;H;P;L;P,"121,186,116,182,222",-2.13562,4.19138,1.39237,5.58375,-7.71937
S;D;R;T;Q,E;H;A;Y;N,"121,186,280,189,133",-2.13633,1.59074,1.21979,2.81053,-4.94686
S;G;S;M;G,W;A;E;L;T,"58,165,136,262,254",-2.13936,2.29813,-4.84766,,
S;D;R;T;K,E;H;A;M;A,"121,186,280,51,253",-2.14547,1.79222,-2.13229,,
A;M;L;N;M,M;L;F;Y;H,"135,154,117,37,161",-2.14689,2.34832,0.29128,2.6396,-4.786490000000001
S;D;R;A;T,E;H;A;L;N,"121,186,280,65,198",-2.1477,1.50316,1.15645,2.65961,-4.807309999999999
D;L;N;S;L,L;F;K;Y;W,"220,117,233,269,216",-2.14819,2.47846,1.37086,3.84932,-5.99751
T;T;T;S;Y,L;M;E;F;S,"72,51,270,238,63",-2.14823,4.13032,-1.05409,3.0762300000000002,-5.2244600000000005
S;D;T;S;W,E;H;P;F;P,"121,186,116,238,185",-2.14981,4.39699,0.00422375,4.40121375,-6.551023750000001
S;D;R;S;P,E;H;A;T;L,"121,186,280,214,38",-2.15691,1.07516,1.38115,2.45631,-4.61322
N;S;S;R;L,K;T;W;D;P,"233,214,58,90,216",-2.16608,2.40164,1.17536,3.577,-5.74308
S;H;T;S;Q,P;M;M;W;D,"245,104,29,58,127",-2.17285,1.79588,1.96342,3.7592999999999996,-5.93215
S;D;R;E;G,E;H;A;K;T,"121,186,280,231,254",-2.17435,1.88215,-4.84766,,
N;S;T;H;Q,Y;Q;M;M;D,"37,188,29,104,127",-2.17472,1.62133,1.96342,3.5847499999999997,-5.75947
S;D;R;E;L,E;H;A;K;D,"121,186,280,231,249",-2.18106,1.88215,1.3351,3.21725,-5.39831
S;D;R;A;G,E;H;A;L;L,"121,186,280,65,243",-2.18338,1.50316,3.65866,5.16182,-7.3452
S;D;R;A;S,E;H;A;E;Y,"121,186,280,152,242",-2.18569,1.40875,1.18862,2.5973699999999997,-4.78306
A;M;L;N;C,M;L;F;Y;L,"135,154,117,37,289",-2.19152,2.34832,1.40303,3.7513500000000004,-5.942870000000001
S;T;N;D;P,M;V;K;L;K,"238,198,114,220,120",-2.19197,4.37095,-0.768642,3.602308,-5.794278
T;T;T;T;Y,L;M;E;V;G,"72,51,270,198,63",-2.19209,4.06726,-1.32041,2.7468500000000002,-4.9389400000000006
S;D;R;Q;P,E;H;A;M;Q,"121,186,280,127,38",-2.19502,1.52251,1.58069,3.1032,-5.298220000000001
N;S;T;H;P,Y;Q;M;M;V,"37,188,29,104,184",-2.19651,1.62133,0.457537,2.078867,-4.275377
S;D;R;S;N,E;H;A;T;L,"121,186,280,214,138",-2.19874,1.07516,1.20357,2.27873,-4.47747
T;S;S;T;N,P;N;P;E;Y,"116,238,290,270,244",-2.20063,5.17498,1.65088,6.82586,-9.026489999999999
S;D;R;T;Q,E;H;A;L;E,"121,186,280,72,127",-2.20549,1.88057,1.46399,3.34456,-5.550050000000001
S;D;R;T;S,E;H;A;L;P,"121,186,280,72,188",-2.20873,1.88057,-0.195825,1.6847450000000002,-3.8934750000000005
S;T;I;N;M,A;Y;R;K;P,"124,189,168,114,222",-2.20879,4.66467,1.39237,6.057040000000001,-8.265830000000001
T;T;M;R;C,V;M;L;D;D,"198,51,262,90,289",-2.21009,2.75602,1.83462,4.59064,-6.80073
A;M;G;Q;Y,M;L;A;M;S,"135,154,165,127,63",-2.21028,3.19369,-1.05409,2.1396,-4.349880000000001
S;D;T;K;Y,E;H;P;L;T,"121,186,116,252,63",-2.21107,4.99838,-0.214622,4.783758,-6.994828
S;D;R;S;G,E;H;A;T;T,"121,186,280,214,254",-2.21256,1.07516,-4.84766,,
T;R;S;S;Q,L;K;Y;T;R,"72,53,269,214,127",-2.22577,2.10066,2.24575,4.3464100000000006,-6.57218
S;D;R;D;Q,E;H;A;L;E,"121,186,280,220,127",-2.22652,2.15121,1.46399,3.6151999999999997,-5.84172
T;T;M;Q;G,V;M;L;L;T,"198,51,262,182,254",-2.22792,3.03477,-4.84766,,
D;L;N;S;L,L;F;K;Y;E,"220,117,233,269,216",-2.23036,2.47846,1.31255,3.79101,-6.02137
S;D;R;T;G,E;H;A;M;T,"121,186,280,51,251",-2.23351,1.79222,1.39182,3.18404,-5.41755
A;M;G;N;L,M;L;A;K;P,"135,154,165,233,216",-2.24208,2.61474,1.17536,3.7901,-6.03218
A;M;G;Q;W,M;L;A;M;C,"135,154,165,127,257",-2.24248,3.19369,2.40869,5.60238,-7.844860000000001
A;M;G;N;S,M;L;A;K;D,"135,154,165,233,103",-2.24259,2.61474,1.28938,3.90412,-6.14671
S;D;R;S;K,E;H;A;T;F,"121,186,280,214,253",-2.24282,1.07516,-2.7494,,
A;M;L;N;D,M;L;F;Y;K,"135,154,117,37,263",-2.24297,2.34832,1.32913,3.6774500000000003,-5.92042
D;L;N;S;K,L;F;K;Y;A,"220,117,233,269,253",-2.2432,2.47846,-2.13229,,
S;I;E;N;P,Q;R;K;K;K,"188,168,231,114,120",-2.24418,4.79974,-0.768642,4.031098,-6.275278
T;R;S;S;V,L;K;Y;T;C,"72,53,269,214,281",-2.24809,2.10066,1.22272,3.3233800000000002,-5.57147
N;S;S;S;P,Y;Q;E;P;V,"37,188,136,245,184",-2.25119,1.84971,0.457537,2.307247,-4.558437
S;H;T;S;P,P;M;M;W;Q,"245,104,29,58,38",-2.25396,1.79588,1.58069,3.37657,-5.63053
T;T;T;T;Y,L;M;E;V;S,"72,51,270,198,63",-2.25594,4.06726,-1.05409,3.01317,-5.2691099999999995
S;D;R;T;P,E;H;A;M;L,"121,186,280,51,38",-2.25662,1.79222,1.38115,3.1733700000000002,-5.42999
T;R;S;S;G,L;K;Y;T;T,"72,53,269,214,254",-2.25883,2.10066,-4.84766,,
T;T;N;N;P,L;M;K;K;Q,"72,51,233,114,38",-2.26264,3.42408,1.58069,5.00477,-7.26741
S;I;E;Q;M,Q;R;K;L;P,"188,168,231,182,222",-2.26452,5.154,1.39237,6.54637,-8.81089
S;H;T;M;G,P;M;M;L;T,"245,104,29,262,254",-2.26612,1.96403,-4.84766,,
T;T;M;R;L,V;M;L;D;P,"198,51,262,90,216",-2.26655,2.75602,1.17536,3.93138,-6.1979299999999995
T;T;T;S;P,L;M;E;F;K,"72,51,270,238,120",-2.27378,4.13032,-0.768642,3.3616780000000004,-5.635458
T;T;M;Q;C,V;M;L;L;D,"198,51,262,182,289",-2.27403,3.03477,1.83462,4.86939,-7.143420000000001
S;D;R;A;C,E;H;A;L;A,"121,186,280,65,289",-2.27876,1.50316,-0.0850688,1.4180912,-3.6968512000000002
S;T;N;D;W,M;V;K;L;P,"238,198,114,220,159",-2.28144,4.37095,1.19371,5.56466,-7.8461
S;D;R;S;K,E;H;A;T;A,"121,186,280,214,253",-2.28766,1.07516,-2.13229,,
S;D;S;N;L,E;H;Y;K;P,"121,186,238,114,216",-2.28904,2.83208,1.17536,4.00744,-6.29648
S;D;R;E;R,E;H;A;K;Y,"121,186,280,231,123",-2.29126,1.88215,1.89278,3.77493,-6.06619
S;H;T;M;D,P;M;M;L;K,"245,104,29,262,263",-2.29249,1.96403,1.32913,3.29316,-5.585649999999999
S;T;N;D;Q,M;V;K;L;H,"238,198,114,220,127",-2.29763,4.37095,1.53114,5.902089999999999,-8.19972
S;D;R;T;P,E;H;A;L;V,"121,186,280,72,184",-2.30064,1.88057,0.457537,2.338107,-4.638747
S;D;R;S;L,E;H;A;T;D,"121,186,280,214,249",-2.30151,1.07516,1.3351,2.41026,-4.71177
A;M;G;N;P,M;L;A;K;K,"135,154,165,233,120",-2.30226,2.61474,-0.768642,1.8460979999999998,-4.148358
S;D;R;T;R,E;H;A;M;Y,"121,186,280,51,123",-2.30271,1.79222,1.89278,3.6849999999999996,-5.98771
N;S;T;H;L,Y;Q;M;M;C,"37,188,29,104,249",-2.3044,1.62133,1.14374,2.7650699999999997,-5.069469999999999
S;I;E;N;W,Q;R;K;K;P,"188,168,231,114,159",-2.30528,4.79974,1.19371,5.99345,-8.29873
S;T;I;N;S,A;Y;R;K;D,"124,189,168,114,103",-2.30806,4.66467,1.28938,5.9540500000000005,-8.26211
S;D;R;T;L,E;H;A;M;C,"121,186,280,51,249",-2.31182,1.79222,1.14374,2.9359599999999997,-5.24778
T;S;S;K;N,P;N;P;L;P,"116,238,290,252,277",-2.32127,5.29036,1.65895,6.94931,-9.270579999999999
T;R;S;S;T,L;K;Y;T;N,"72,53,269,214,198",-2.32328,2.10066,1.15645,3.25711,-5.5803899999999995
N;S;S;S;R,Y;Q;E;P;Y,"37,188,136,245,123",-2.32463,1.84971,1.89278,3.74249,-6.06712
T;K;D;S;I,E;L;L;T;R,"270,252,220,214,218",-2.32739,4.53563,1.07089,5.60652,-7.933909999999999
D;L;N;Q;P,L;F;K;M;K,"220,117,233,127,120",-2.33557,3.80149,-0.768642,3.0328479999999995,-5.368418
S;D;S;N;Y,E;H;Y;K;S,"121,186,238,114,63",-2.3357,2.83208,-1.05409,1.77799,-4.11369
S;T;I;T;D,A;Y;R;E;K,"124,189,168,270,263",-2.33952,5.05558,1.32913,6.38471,-8.72423
S;D;T;K;A,E;H;P;L;L,"121,186,116,252,272",-2.34097,4.99838,-2.073,,
S;D;R;L;C,E;H;A;M;L,"121,186,280,216,289",-2.34207,0.746184,1.40303,2.1492139999999997,-4.491284
T;T;N;N;W,V;M;K;K;C,"198,51,233,114,257",-2.34288,3.19949,2.40869,5.60818,-7.95106
S;T;I;N;L,A;Y;R;K;P,"124,189,168,114,216",-2.34354,4.66467,1.17536,5.8400300000000005,-8.18357
E;Q;T;Q;A,K;L;L;L;D,"231,182,72,127,130",-2.34485,7.66695,2.46161,10.12856,-12.473410000000001
S;D;T;S;M,E;H;P;F;P,"121,186,116,238,222",-2.35352,4.39699,1.39237,5.78936,-8.14288
S;D;S;N;G,E;H;Y;K;I,"121,186,238,114,243",-2.35514,2.83208,2.1303,4.96238,-7.31752
S;D;R;T;K,E;H;A;L;A,"121,186,280,72,253",-2.35596,1.88057,-2.13229,,
S;D;T;S;W,E;H;P;F;K,"121,186,116,238,257",-2.35858,4.39699,1.47425,5.87124,-8.22982
N;S;S;R;D,K;T;W;D;K,"233,214,58,90,263",-2.36228,2.40164,1.32913,3.7307699999999997,-6.09305
S;H;T;S;G,P;M;M;W;T,"245,104,29,58,251",-2.36686,1.79588,1.39182,3.1877,-5.55456
S;I;E;S;G,Q;R;K;E;P,"188,168,231,136,243",-2.36765,5.68401,1.73112,7.4151299999999996,-9.782779999999999
S;D;T;Q;W,E;H;P;L;P,"121,186,116,182,185",-2.37097,4.19138,0.00422375,4.19560375,-6.56657375
S;T;N;D;Y,M;V;K;L;G,"238,198,114,220,63",-2.37133,4.37095,-1.32041,3.05054,-5.42187
S;T;I;N;W,A;Y;R;K;P,"124,189,168,114,185",-2.37506,4.66467,0.00422375,4.6688937500000005,-7.04395375
N;S;S;R;W,K;T;W;D;I,"233,214,58,90,159",-2.38034,2.40164,1.51695,3.91859,-6.29893
D;L;N;Q;Y,L;F;K;M;G,"220,117,233,127,63",-2.38632,3.80149,-1.32041,2.4810799999999995,-4.8674
D;L;N;S;S,L;F;K;Y;N,"220,117,233,269,103",-2.39507,2.47846,1.48912,3.96758,-6.36265
A;M;G;N;C,M;L;A;K;D,"135,154,165,233,289",-2.40325,2.61474,1.83462,4.4493599999999995,-6.852609999999999
S;D;R;T;Q,E;H;A;Y;D,"121,186,280,189,127",-2.40812,1.59074,1.96342,3.55416,-5.96228
N;S;S;R;Q,K;T;W;D;E,"233,214,58,90,127",-2.41369,2.40164,1.46399,3.86563,-6.27932
S;D;T;S;W,E;H;P;F;P,"121,186,116,238,159",-2.41448,4.39699,1.19371,5.5907,-8.00518
S;T;I;N;W,A;Y;R;K;I,"124,189,168,114,159",-2.41556,4.66467,1.51695,6.181620000000001,-8.597180000000002
T;T;M;R;P,V;M;L;D;K,"198,51,262,90,120",-2.41639,2.75602,-0.768642,1.9873779999999999,-4.4037679999999995
N;S;S;R;P,K;T;W;D;V,"233,214,58,90,184",-2.41758,2.40164,0.457537,2.859177,-5.276757
S;T;I;T;L,A;Y;R;E;P,"124,189,168,270,216",-2.42086,5.05558,1.17536,6.23094,-8.6518
E;Q;Q;D;A,K;L;L;L;D,"231,182,127,220,130",-2.43078,7.84419,2.46161,10.3058,-12.73658
S;D;R;A;C,E;H;A;L;S,"121,186,280,65,289",-2.43131,1.50316,-1.16436,0.3388,-2.77011
T;R;S;S;F,L;K;Y;T;M,"72,53,269,214,191",-2.43194,2.10066,0.285492,2.386152,-4.818092
N;S;S;S;L,Y;Q;E;P;D,"37,188,136,245,249",-2.43724,1.84971,1.3351,3.1848099999999997,-5.62205
S;T;I;T;G,A;Y;R;E;T,"124,189,168,270,254",-2.43838,5.05558,-4.84766,,
N;S;S;R;Q,K;T;W;D;R,"233,214,58,90,127",-2.4386,2.40164,2.24575,4.64739,-7.08599
S;D;R;S;R,E;H;A;T;Y,"121,186,280,214,123",-2.44223,1.07516,1.89278,2.9679399999999996,-5.410169999999999
S;H;T;S;Q,P;M;M;W;F,"245,104,29,58,182",-2.44357,1.79588,-2.12573,,
N;S;S;R;L,K;T;W;D;C,"233,214,58,90,249",-2.44423,2.40164,1.14374,3.5453799999999998,-5.98961
S;D;R;L;R,E;H;A;M;A,"121,186,280,216,90",-2.44803,0.746184,-6.05749,,
T;T;T;S;W,L;M;E;F;K,"72,51,270,238,257",-2.45245,4.13032,1.47425,5.604570000000001,-8.057020000000001
S;D;T;E;Q,E;H;P;K;H,"121,186,116,231,127",-2.45784,6.58675,1.53114,8.117890000000001,-10.57573
S;D;T;S;P,E;H;P;F;L,"121,186,116,238,38",-2.46126,4.39699,1.38115,5.77814,-8.2394
T;T;N;N;W,V;M;K;K;K,"198,51,233,114,257",-2.46322,3.19949,1.47425,4.6737400000000004,-7.13696
D;L;N;S;G,L;F;K;Y;H,"220,117,233,269,251",-2.46736,2.47846,1.17609,3.6545500000000004,-6.121910000000001
T;T;T;T;G,L;M;E;V;P,"72,51,270,198,243",-2.46928,4.06726,1.73112,5.79838,-8.26766
D;L;N;S;I,L;F;K;Y;R,"220,117,233,269,218",-2.47019,2.47846,1.07089,3.54935,-6.01954
S;D;R;T;K,E;H;A;Y;A,"121,186,280,189,253",-2.47032,1.59074,-2.13229,,
A;M;G;N;W,M;L;A;K;I,"135,154,165,233,159",-2.47083,2.61474,1.51695,4.13169,-6.60252
S;D;R;D;L,E;H;A;L;D,"121,186,280,220,249",-2.47356,2.15121,1.3351,3.4863099999999996,-5.95987
S;D;T;S;G,E;H;P;F;P,"121,186,116,238,243",-2.47749,4.39699,1.73112,6.1281099999999995,-8.605599999999999
N;N;N;S;R,I;K;K;V;Y,"114,205,233,269,123",-2.48067,1.78881,1.89278,3.68159,-6.16226
A;M;G;Q;R,M;L;A;M;Y,"135,154,165,127,123",-2.48114,3.19369,1.89278,5.08647,-7.56761
Q;K;E;Q;A,L;L;K;L;D,"127,252,231,182,130",-2.48151,8.0785,2.46161,10.54011,-13.02162
D;L;N;Q;Y,L;F;K;M;T,"220,117,233,127,63",-2.48207,3.80149,-0.214622,3.586868,-6.068938
T;T;T;S;Y,L;M;E;F;T,"72,51,270,238,63",-2.48503,4.13032,-0.214622,3.9156980000000003,-6.400728000000001
S;D;R;A;M,E;H;A;L;H,"121,186,280,65,161",-2.48692,1.50316,0.29128,1.79444,-4.28136
S;D;R;E;P,E;H;A;K;L,"121,186,280,231,38",-2.48749,1.88215,1.38115,3.2633,-5.75079
T;R;S;S;I,L;K;Y;T;R,"72,53,269,214,218",-2.49084,2.10066,1.07089,3.17155,-5.66239
T;T;M;R;Y,V;M;L;D;S,"198,51,262,90,63",-2.49388,2.75602,-1.05409,1.70193,-4.19581
S;D;R;A;Q,E;H;A;L;R,"121,186,280,65,127",-2.49399,1.50316,2.24575,3.7489100000000004,-6.242900000000001
N;N;N;S;L,I;K;K;V;P,"114,205,233,269,216",-2.49538,1.78881,1.17536,2.96417,-5.45955
S;D;R;A;R,E;H;A;E;P,"121,186,280,152,90",-2.49696,1.40875,-15.0143,,
T;T;T;S;Q,L;M;E;F;P,"72,51,270,238,127",-2.49889,4.13032,1.5029,5.63322,-8.132109999999999
N;N;N;S;N,I;K;K;V;L,"114,205,233,269,138",-2.49991,1.78881,1.20357,2.99238,-5.49229
T;T;T;T;M,L;M;E;V;P,"72,51,270,198,222",-2.50165,4.06726,1.39237,5.459630000000001,-7.96128
S;D;R;T;Q,E;H;A;L;D,"121,186,280,72,127",-2.50305,1.88057,1.96342,3.84399,-6.34704
S;G;S;M;C,W;A;E;L;D,"58,165,136,262,289",-2.50797,2.29813,1.83462,4.13275,-6.64072
T;T;T;T;Q,L;M;E;V;P,"72,51,270,198,127",-2.50977,4.06726,1.5029,5.57016,-8.07993
N;N;N;S;G,I;K;K;V;T,"114,205,233,269,251",-2.5108,1.78881,1.39182,3.18063,-5.69143
T;T;N;N;Q,L;M;K;K;F,"72,51,233,114,182",-2.51378,3.42408,-2.12573,,
S;D;R;L;A,E;H;A;M;V,"121,186,280,216,65",-2.51519,0.746184,2.10232,2.848504,-5.363694000000001
S;D;R;A;P,E;H;A;E;Q,"121,186,280,152,38",-2.51614,1.40875,1.58069,2.98944,-5.50558
S;I;E;N;Q,Q;R;K;K;P,"188,168,231,114,127",-2.51957,4.79974,1.5029,6.30264,-8.82221
S;I;E;Q;Q,Q;R;K;L;H,"188,168,231,182,127",-2.52033,5.154,1.53114,6.68514,-9.20547
N;N;N;S;P,I;K;K;V;Q,"114,205,233,269,38",-2.52268,1.78881,1.58069,3.3695,-5.89218
S;D;R;Q;R,E;H;A;M;Y,"121,186,280,127,123",-2.52342,1.52251,1.89278,3.4152899999999997,-5.93871
T;T;M;R;W,V;M;L;D;I,"198,51,262,90,159",-2.52395,2.75602,1.51695,4.27297,-6.79692
S;D;R;A;I,E;H;A;E;L,"121,186,280,152,145",-2.52617,1.40875,1.3052,2.7139499999999996,-5.240119999999999
S;D;R;L;Q,E;H;A;M;F,"121,186,280,216,182",-2.52748,0.746184,-2.12573,,
N;S;S;S;C,Y;Q;E;P;L,"37,188,136,245,289",-2.5277,1.84971,1.40303,3.25274,-5.7804400000000005
D;L;N;S;Q,L;F;K;Y;D,"220,117,233,269,127",-2.52997,2.47846,1.96342,4.44188,-6.97185
S;H;T;S;S,P;M;M;W;N,"245,104,29,58,103",-2.53427,1.79588,1.48912,3.285,-5.8192699999999995
S;T;R;S;L,A;V;A;T;P,"124,198,280,214,216",-2.54228,2.1529,1.17536,3.3282599999999998,-5.87054
S;T;N;D;M,M;V;K;L;P,"238,198,114,220,222",-2.5427,4.37095,1.39237,5.76332,-8.30602
S;D;R;A;F,E;H;A;E;M,"121,186,280,152,191",-2.54496,1.40875,0.285492,1.694242,-4.239202000000001
S;I;E;Q;P,Q;R;K;L;K,"188,168,231,182,120",-2.54955,5.154,-0.768642,4.385358,-6.934908
S;D;R;E;M,E;H;A;K;H,"121,186,280,231,161",-2.54988,1.88215,0.29128,2.1734299999999998,-4.72331
S;D;R;L;H,E;H;A;M;R,"121,186,280,216,104",-2.54996,0.746184,1.19641,1.942594,-4.492554
S;D;R;A;K,E;H;A;E;V,"121,186,280,152,253",-2.5553,1.40875,-1.77146,-0.3627100000000001,-2.19259
T;S;S;T;N,P;N;P;E;P,"116,238,290,270,277",-2.56383,5.17498,1.65895,6.83393,-9.39776
S;D;R;A;G,E;H;A;E;A,"121,186,280,152,243",-2.56524,1.40875,1.45932,2.86807,-5.4333100000000005
D;L;N;Q;G,L;F;K;M;P,"220,117,233,127,243",-2.57207,3.80149,1.73112,5.53261,-8.10468
A;M;R;G;I,M;L;N;A;R,"135,154,90,165,218",-2.57326,2.37909,1.07089,3.44998,-6.0232399999999995
S;D;R;A;K,E;H;A;E;L,"121,186,280,152,253",-2.57575,1.40875,-1.0623,0.3464499999999999,-2.9222
A;M;L;N;C,M;L;F;Y;D,"135,154,117,37,289",-2.58774,2.34832,1.83462,4.18294,-6.7706800000000005
S;D;R;T;K,E;H;A;M;Y,"121,186,280,51,253",-2.58813,1.79222,-2.49422,,
A;M;R;G;W,M;L;N;A;I,"135,154,90,165,159",-2.58868,2.37909,1.51695,3.89604,-6.48472
A;M;G;N;G,M;L;A;K;I,"135,154,165,233,243",-2.58955,2.61474,2.1303,4.7450399999999995,-7.3345899999999995
S;D;R;L;V,E;H;A;M;D,"121,186,280,216,57",-2.59105,0.746184,1.23826,1.9844439999999999,-4.575494
T;T;T;S;L,L;M;E;F;P,"72,51,270,238,216",-2.59163,4.13032,1.17536,5.305680000000001,-7.897310000000001
T;T;N;N;Y,V;M;K;K;T,"198,51,233,114,63",-2.5929,3.19949,-0.214622,2.984868,-5.577768000000001
T;T;N;N;Q,L;M;K;K;P,"72,51,233,114,127",-2.59366,3.42408,1.5029,4.92698,-7.52064
S;D;R;S;S,E;H;A;T;P,"121,186,280,214,188",-2.59677,1.07516,-0.195825,0.8793349999999999,-3.4761049999999996
S;T;R;S;R,A;V;A;T;Y,"124,198,280,214,123",-2.59899,2.1529,1.89278,4.04568,-6.64467
D;L;N;Q;S,L;F;K;M;D,"220,117,233,127,103",-2.60261,3.80149,1.28938,5.09087,-7.693479999999999
S;G;S;M;W,W;A;E;L;I,"58,165,136,262,159",-2.60544,2.29813,1.51695,3.81508,-6.42052
A;M;L;N;L,M;L;F;Y;P,"135,154,117,37,216",-2.60613,2.34832,1.17536,3.52368,-6.12981
A;M;R;G;G,M;L;N;A;I,"135,154,90,165,243",-2.60781,2.37909,2.1303,4.50939,-7.1172
T;T;M;Q;W,V;M;L;L;I,"198,51,262,182,159",-2.61175,3.03477,1.51695,4.5517199999999995,-7.163469999999999
T;T;T;T;Y,L;M;E;V;T,"72,51,270,198,63",-2.61283,4.06726,-0.214622,3.8526380000000002,-6.465468
T;T;T;S;C,L;M;E;F;D,"72,51,270,238,289",-2.61288,4.13032,1.83462,5.96494,-8.577820000000001
S;D;T;S;G,E;H;P;F;I,"121,186,116,238,243",-2.61632,4.39699,2.1303,6.52729,-9.143609999999999
N;S;S;S;S,Y;Q;E;P;N,"37,188,136,245,103",-2.61845,1.84971,1.48912,3.3388299999999997,-5.95728
S;D;T;S;G,E;H;P;F;T,"121,186,116,238,251",-2.6192,4.39699,1.39182,5.78881,-8.40801
S;D;R;T;A,E;H;A;Y;T,"121,186,280,189,180",-2.62036,1.59074,1.57849,3.1692299999999998,-5.78959
S;I;E;S;S,Q;R;K;E;D,"188,168,231,136,103",-2.62156,5.68401,1.28938,6.97339,-9.59495
T;T;T;T;A,L;M;E;V;L,"72,51,270,198,272",-2.62769,4.06726,-2.073,,
S;D;R;S;V,E;H;A;T;C,"121,186,280,214,281",-2.62795,1.07516,1.22272,2.29788,-4.9258299999999995
N;N;N;S;L,I;K;K;V;D,"114,205,233,269,249",-2.62945,1.78881,1.3351,3.12391,-5.75336
S;H;T;M;W,P;M;M;L;I,"245,104,29,262,159",-2.63238,1.96403,1.51695,3.4809799999999997,-6.11336
S;D;R;L;Q,E;H;A;M;D,"121,186,280,216,127",-2.63536,0.746184,1.96342,2.7096039999999997,-5.344963999999999
A;M;R;G;S,M;L;N;A;D,"135,154,90,165,103",-2.63605,2.37909,1.28938,3.66847,-6.30452
S;D;R;T;P,E;H;A;Y;V,"121,186,280,189,184",-2.64769,1.59074,0.457537,2.048277,-4.695967
T;T;M;R;G,V;M;L;D;I,"198,51,262,90,243",-2.65039,2.75602,2.1303,4.8863199999999996,-7.536709999999999
S;D;R;L;T,E;H;A;M;N,"121,186,280,216,198",-2.65853,0.746184,1.15645,1.902634,-4.561164
S;D;R;A;G,E;H;A;L;T,"121,186,280,65,254",-2.65942,1.50316,-4.84766,,
S;D;R;S;S,E;H;A;T;P,"121,186,280,214,125",-2.66281,1.07516,1.21417,2.2893299999999996,-4.95214
S;D;R;L;V,E;H;A;M;C,"121,186,280,216,281",-2.66373,0.746184,1.22272,1.968904,-4.632634
T;T;T;T;P,L;M;E;V;K,"72,51,270,198,120",-2.66487,4.06726,-0.768642,3.2986180000000003,-5.963488
S;H;T;M;S,P;M;M;L;N,"245,104,29,262,103",-2.66818,1.96403,1.48912,3.45315,-6.12133
S;D;R;L;C,E;H;A;M;A,"121,186,280,216,289",-2.68694,0.746184,-0.0850688,0.6611152,-3.3480552
S;G;S;M;G,W;A;E;L;I,"58,165,136,262,243",-2.68815,2.29813,2.1303,4.4284300000000005,-7.116580000000001
T;T;M;R;W,V;M;L;D;C,"198,51,262,90,257",-2.68978,2.75602,2.40869,5.1647099999999995,-7.854489999999999
S;D;R;T;G,E;H;A;L;S,"121,186,280,72,243",-2.69282,1.88057,1.55439,3.4349600000000002,-6.1277800000000004
S;D;T;S;Y,E;H;P;F;T,"121,186,116,238,63",-2.6929,4.39699,-0.214622,4.182367999999999,-6.875267999999999
S;D;R;A;K,E;H;A;L;Y,"121,186,280,65,253",-2.69424,1.50316,-2.49422,,
S;D;R;T;Q,E;H;A;M;D,"121,186,280,51,127",-2.69796,1.79222,1.96342,3.7556399999999996,-6.4536
S;D;R;A;Q,E;H;A;L;N,"121,186,280,65,127",-2.69832,1.50316,2.35273,3.8558900000000005,-6.55421
T;T;M;Q;Y,V;M;L;L;S,"198,51,262,182,63",-2.69908,3.03477,-1.05409,1.98068,-4.67976
S;D;R;A;L,E;H;A;L;K,"121,186,280,65,249",-2.70218,1.50316,1.9138,3.41696,-6.11914
S;T;I;D;N,A;Y;R;L;P,"124,189,168,220,277",-2.70317,5.25397,1.65895,6.91292,-9.61609
S;D;R;L;Q,E;H;A;M;R,"121,186,280,216,127",-2.70318,0.746184,2.24575,2.991934,-5.695114
S;D;R;L;P,E;H;A;M;V,"121,186,280,216,184",-2.7086,0.746184,0.457537,1.203721,-3.9123210000000004
S;D;R;A;L,E;H;A;E;C,"121,186,280,152,249",-2.71055,1.40875,1.14374,2.5524899999999997,-5.26304
T;T;N;N;Q,V;M;K;K;P,"198,51,233,114,127",-2.71175,3.19949,1.5029,4.702389999999999,-7.41414
S;D;R;T;Q,E;H;A;Y;R,"121,186,280,189,127",-2.71637,1.59074,2.24575,3.8364900000000004,-6.552860000000001
S;D;R;D;G,E;H;A;L;I,"121,186,280,220,243",-2.72171,2.15121,2.1303,4.28151,-7.00322
D;L;N;S;R,L;F;K;Y;Y,"220,117,233,269,123",-2.72298,2.47846,1.89278,4.37124,-7.09422
T;T;M;Q;W,V;M;L;L;C,"198,51,262,182,257",-2.73184,3.03477,2.40869,5.44346,-8.1753
S;D;R;T;V,E;H;A;M;C,"121,186,280,51,281",-2.73662,1.79222,1.22272,3.01494,-5.75156
S;D;R;A;G,E;H;A;E;H,"121,186,280,152,251",-2.74064,1.40875,1.17609,2.58484,-5.32548
S;T;N;D;S,M;V;K;L;D,"238,198,114,220,103",-2.74214,4.37095,1.28938,5.66033,-8.402470000000001
T;T;T;S;G,L;M;E;F;P,"72,51,270,238,243",-2.74885,4.13032,1.73112,5.86144,-8.610289999999999
S;D;R;A;V,E;H;A;L;C,"121,186,280,65,281",-2.75093,1.50316,1.22272,2.72588,-5.47681
S;D;R;L;G,E;H;A;M;L,"121,186,280,216,243",-2.75104,0.746184,3.65866,4.404844,-7.155884
T;T;N;N;Y,L;M;K;K;T,"72,51,233,114,63",-2.75252,3.42408,-0.214622,3.209458,-5.961978
A;M;G;N;Y,M;L;A;K;S,"135,154,165,233,63",-2.75544,2.61474,-1.05409,1.5606499999999999,-4.31609
S;D;R;A;K,E;H;A;L;V,"121,186,280,65,253",-2.76145,1.50316,-1.77146,-0.2683,-2.49315
S;D;R;T;W,E;H;A;Y;I,"121,186,280,189,159",-2.76484,1.59074,1.51695,3.10769,-5.872529999999999
S;D;R;S;G,E;H;A;T;T,"121,186,280,214,251",-2.76542,1.07516,1.39182,2.46698,-5.2324
S;D;S;N;Y,E;H;Y;K;G,"121,186,238,114,63",-2.76576,2.83208,-1.32041,1.5116699999999998,-4.27743
T;T;T;S;C,L;M;E;F;L,"72,51,270,238,289",-2.76748,4.13032,1.40303,5.53335,-8.300830000000001
S;I;E;S;W,Q;R;K;E;K,"188,168,231,136,257",-2.76877,5.68401,1.47425,7.15826,-9.92703
A;M;R;G;C,M;L;N;A;D,"135,154,90,165,289",-2.77179,2.37909,1.83462,4.21371,-6.9855
T;T;M;Q;L,V;M;L;L;P,"198,51,262,182,216",-2.77318,3.03477,1.17536,4.2101299999999995,-6.9833099999999995
S;D;R;A;R,E;H;A;E;Y,"121,186,280,152,123",-2.77384,1.40875,1.89278,3.3015299999999996,-6.0753699999999995
A;M;G;Q;Y,M;L;A;M;T,"135,154,165,127,63",-2.77659,3.19369,-0.214622,2.9790680000000003,-5.755658
S;D;R;T;D,E;H;A;L;K,"121,186,280,72,263",-2.78928,1.88057,1.32913,3.2096999999999998,-5.9989799999999995
N;S;T;H;P,Y;Q;M;M;Q,"37,188,29,104,38",-2.78947,1.62133,1.58069,3.20202,-5.991490000000001
N;S;S;S;N,Y;Q;E;P;L,"37,188,136,245,138",-2.79367,1.84971,1.20357,3.05328,-5.84695
S;D;R;A;Q,E;H;A;E;N,"121,186,280,152,127",-2.79595,1.40875,2.35273,3.76148,-6.55743
S;T;I;T;W,A;Y;R;E;I,"124,189,168,270,159",-2.80341,5.05558,1.51695,6.57253,-9.37594
A;M;G;Q;Y,M;L;A;M;G,"135,154,165,127,63",-2.80398,3.19369,-1.32041,1.87328,-4.67726
T;T;N;N;Y,L;M;K;K;G,"72,51,233,114,63",-2.8067,3.42408,-1.32041,2.10367,-4.91037
T;S;S;T;A,P;N;P;E;L,"116,238,290,270,272",-2.81183,5.17498,-2.073,,
T;T;N;N;Y,V;M;K;K;G,"198,51,233,114,63",-2.8225,3.19949,-1.32041,1.8790799999999999,-4.70158
S;D;R;L;K,E;H;A;M;F,"121,186,280,216,253",-2.82928,0.746184,-2.7494,,
D;L;N;S;P,L;F;K;Y;Q,"220,117,233,269,38",-2.83,2.47846,1.58069,4.05915,-6.88915
T;R;S;S;P,L;K;Y;T;K,"72,53,269,214,120",-2.83283,2.10066,-0.768642,1.332018,-4.164848
S;H;T;S;D,P;M;M;W;K,"245,104,29,58,263",-2.83567,1.79588,1.32913,3.1250099999999996,-5.96068
N;S;S;S;D,Y;Q;E;P;K,"37,188,136,245,263",-2.83593,1.84971,1.32913,3.17884,-6.01477
S;D;R;A;S,E;H;A;L;Y,"121,186,280,65,242",-2.8382,1.50316,1.18862,2.69178,-5.52998
S;D;T;K;I,E;H;P;L;R,"121,186,116,252,218",-2.8462,4.99838,1.07089,6.0692699999999995,-8.91547
N;S;S;R;G,K;T;W;D;I,"233,214,58,90,243",-2.84892,2.40164,2.1303,4.5319400000000005,-7.38086
S;D;T;E;A,E;H;P;K;D,"121,186,116,231,130",-2.84919,6.58675,2.46161,9.04836,-11.89755
T;T;M;R;R,V;M;L;D;Y,"198,51,262,90,123",-2.84999,2.75602,1.89278,4.6488,-7.49879
S;G;S;M;L,W;A;E;L;P,"58,165,136,262,216",-2.85041,2.29813,1.17536,3.47349,-6.3239
T;S;S;T;Q,P;N;P;E;H,"116,238,290,270,127",-2.85242,5.17498,1.53114,6.706119999999999,-9.558539999999999
S;D;S;N;Q,E;H;Y;K;P,"121,186,238,114,127",-2.85475,2.83208,1.5029,4.33498,-7.18973
D;L;N;S;W,L;F;K;Y;K,"220,117,233,269,257",-2.8579,2.47846,1.47425,3.95271,-6.8106100000000005
S;D;R;D;L,E;H;A;L;P,"121,186,280,220,216",-2.85901,2.15121,1.17536,3.32657,-6.18558
S;H;T;M;G,P;M;M;L;I,"245,104,29,262,243",-2.85917,1.96403,2.1303,4.09433,-6.9535
S;D;R;Q;P,E;H;A;M;V,"121,186,280,127,184",-2.86414,1.52251,0.457537,1.9800470000000001,-4.844187
S;D;R;L;C,E;H;A;M;S,"121,186,280,216,289",-2.86466,0.746184,-1.16436,-0.4181760000000001,-2.446484
S;I;E;S;D,Q;R;K;E;K,"188,168,231,136,263",-2.87827,5.68401,1.32913,7.01314,-9.89141
N;N;N;S;S,I;K;K;V;D,"114,205,233,269,103",-2.87857,1.78881,1.28938,3.07819,-5.95676
A;M;L;N;W,M;L;F;Y;I,"135,154,117,37,159",-2.87895,2.34832,1.51695,3.86527,-6.74422
S;D;R;A;N,E;H;A;L;L,"121,186,280,65,138",-2.87969,1.50316,1.20357,2.7067300000000003,-5.58642
S;D;R;A;V,E;H;A;L;D,"121,186,280,65,57",-2.8802,1.50316,1.23826,2.7414199999999997,-5.62162
S;T;R;S;Y,A;V;A;T;S,"124,198,280,214,63",-2.88128,2.1529,-1.05409,1.0988099999999998,-3.9800899999999997
N;S;S;S;G,Y;Q;E;P;T,"37,188,136,245,254",-2.88234,1.84971,-4.84766,,
S;T;I;D;Y,A;Y;R;L;S,"124,189,168,220,63",-2.88341,5.25397,-1.05409,4.19988,-7.08329
A;M;G;N;Q,M;L;A;K;F,"135,154,165,233,182",-2.88455,2.61474,-2.12573,,
S;G;S;M;Y,W;A;E;L;S,"58,165,136,262,63",-2.88504,2.29813,-1.05409,1.24404,-4.12908
S;T;I;D;W,A;Y;R;L;C,"124,189,168,220,257",-2.88762,5.25397,2.40869,7.66266,-10.55028
S;D;R;T;C,E;H;A;L;L,"121,186,280,72,289",-2.88881,1.88057,1.40303,3.2836,-6.172409999999999
T;R;S;S;P,L;K;Y;T;V,"72,53,269,214,184",-2.89155,2.10066,0.457537,2.558197,-5.449747
S;D;R;T;D,E;H;A;M;K,"121,186,280,51,263",-2.89162,1.79222,1.32913,3.1213499999999996,-6.012969999999999
T;T;N;N;W,V;M;K;K;P,"198,51,233,114,159",-2.89727,3.19949,1.19371,4.3932,-7.29047
T;T;T;S;M,L;M;E;F;P,"72,51,270,238,222",-2.9006,4.13032,1.39237,5.522690000000001,-8.423290000000001
S;D;R;Q;K,E;H;A;M;V,"121,186,280,127,253",-2.90133,1.52251,-1.77146,-0.24895,-2.65238
S;D;R;D;D,E;H;A;L;K,"121,186,280,220,263",-2.9034,2.15121,1.32913,3.48034,-6.3837399999999995
S;H;T;S;P,P;M;M;W;K,"245,104,29,58,120",-2.90564,1.79588,-0.768642,1.0272379999999999,-3.9328779999999997
S;D;R;S;P,E;H;A;T;V,"121,186,280,214,184",-2.90857,1.07516,0.457537,1.532697,-4.441267
N;N;N;S;G,I;K;K;V;T,"114,205,233,269,254",-2.9133,1.78881,-4.84766,,
S;D;R;L;S,E;H;A;M;P,"121,186,280,216,125",-2.91567,0.746184,1.21417,1.960354,-4.876024
S;I;E;N;W,Q;R;K;K;K,"188,168,231,114,257",-2.92068,4.79974,1.47425,6.2739899999999995,-9.194669999999999
S;I;E;Q;W,Q;R;K;L;C,"188,168,231,182,257",-2.92149,5.154,2.40869,7.56269,-10.48418
T;S;S;T;Q,P;N;P;E;F,"116,238,290,270,182",-2.92711,5.17498,-2.12573,,
T;T;T;T;W,L;M;E;V;P,"72,51,270,198,159",-2.93039,4.06726,1.19371,5.26097,-8.19136
S;D;T;K;N,E;H;P;L;P,"121,186,116,252,277",-2.93397,4.99838,1.65895,6.65733,-9.5913
S;I;E;N;Y,Q;R;K;K;T,"188,168,231,114,63",-2.93695,4.79974,-0.214622,4.585118,-7.522067999999999
S;D;R;T;S,E;H;A;Y;N,"121,186,280,189,103",-2.93883,1.59074,1.48912,3.07986,-6.018689999999999
S;G;S;M;Q,W;A;E;L;R,"58,165,136,262,127",-2.94111,2.29813,2.24575,4.54388,-7.48499
T;T;N;N;M,L;M;K;K;P,"72,51,233,114,222",-2.94548,3.42408,1.39237,4.81645,-7.7619299999999996
S;D;R;E;L,E;H;A;K;P,"121,186,280,231,216",-2.95498,1.88215,1.17536,3.0575099999999997,-6.01249
S;D;R;A;L,E;H;A;L;C,"121,186,280,65,249",-2.95895,1.50316,1.14374,2.6469,-5.60585
S;D;R;A;S,E;H;A;L;N,"121,186,280,65,103",-2.96425,1.50316,1.48912,2.99228,-5.95653
T;T;M;R;A,V;M;L;D;L,"198,51,262,90,272",-2.96496,2.75602,-2.073,,
A;M;L;N;Y,M;L;F;Y;S,"135,154,117,37,63",-2.96819,2.34832,-1.05409,1.2942300000000002,-4.2624200000000005
S;D;R;A;V,E;H;A;E;D,"121,186,280,152,57",-2.96985,1.40875,1.23826,2.64701,-5.61686
T;T;M;Q;Y,V;M;L;L;G,"198,51,262,182,63",-2.97447,3.03477,-1.32041,1.7143599999999999,-4.68883
N;S;S;R;Y,K;T;W;D;S,"233,214,58,90,63",-2.97734,2.40164,-1.05409,1.34755,-4.32489
S;D;S;N;W,E;H;Y;K;K,"121,186,238,114,257",-2.97919,2.83208,1.47425,4.30633,-7.28552
A;M;G;Q;A,M;L;A;M;L,"135,154,165,127,272",-2.98836,3.19369,-2.073,,
D;L;N;Q;I,L;F;K;M;R,"220,117,233,127,218",-2.98915,3.80149,1.07089,4.87238,-7.86153
S;D;R;A;C,E;H;A;E;S,"121,186,280,152,289",-2.99092,1.40875,-1.16436,0.24438999999999989,-3.23531
N;N;N;S;L,I;K;K;V;C,"114,205,233,269,249",-2.99465,1.78881,1.14374,2.93255,-5.9272
A;M;L;N;G,M;L;F;Y;I,"135,154,117,37,243",-2.99512,2.34832,2.1303,4.47862,-7.47374
S;T;I;N;G,A;Y;R;K;I,"124,189,168,114,243",-2.99745,4.66467,2.1303,6.79497,-9.79242
S;G;S;M;P,W;A;E;L;K,"58,165,136,262,120",-3.00166,2.29813,-0.768642,1.529488,-4.531148
S;D;R;A;C,E;H;A;E;D,"121,186,280,152,289",-3.00791,1.40875,1.83462,3.2433699999999996,-6.2512799999999995
S;I;E;N;Y,Q;R;K;K;G,"188,168,231,114,63",-3.00896,4.79974,-1.32041,3.47933,-6.48829
S;D;R;D;P,E;H;A;L;V,"121,186,280,220,184",-3.01085,2.15121,0.457537,2.6087469999999997,-5.619597
S;T;I;T;P,A;Y;R;E;Q,"124,189,168,270,38",-3.0143,5.05558,1.58069,6.63627,-9.65057
S;H;T;S;W,P;M;M;W;I,"245,104,29,58,159",-3.01593,1.79588,1.51695,3.31283,-6.32876
S;G;S;M;W,W;A;E;L;C,"58,165,136,262,257",-3.02305,2.29813,2.40869,4.7068200000000004,-7.72987
S;D;R;L;L,E;H;A;M;C,"121,186,280,216,249",-3.03491,0.746184,1.14374,1.889924,-4.924834
S;D;R;D;R,E;H;A;L;Y,"121,186,280,220,123",-3.03533,2.15121,1.89278,4.04399,-7.07932
S;D;R;E;W,E;H;A;K;I,"121,186,280,231,159",-3.03582,1.88215,1.51695,3.3991,-6.43492
S;D;R;T;R,E;H;A;L;Y,"121,186,280,72,123",-3.03649,1.88057,1.89278,3.7733499999999998,-6.8098399999999994
S;D;R;A;K,E;H;A;E;A,"121,186,280,152,253",-3.03695,1.40875,-2.13229,,
S;T;I;D;L,A;Y;R;L;P,"124,189,168,220,216",-3.03787,5.25397,1.17536,6.42933,-9.4672
S;D;R;L;G,E;H;A;M;T,"121,186,280,216,251",-3.03789,0.746184,1.39182,2.138004,-5.1758939999999996
S;D;R;T;C,E;H;A;L;D,"121,186,280,72,289",-3.04016,1.88057,1.83462,3.7151899999999998,-6.75535
T;T;M;R;Y,V;M;L;D;T,"198,51,262,90,63",-3.04028,2.75602,-0.214622,2.541398,-5.581678
S;T;R;S;G,A;V;A;T;I,"124,198,280,214,243",-3.0434,2.1529,2.1303,4.2832,-7.3266
S;T;R;S;W,A;V;A;T;C,"124,198,280,214,257",-3.04544,2.1529,2.40869,4.56159,-7.60703
S;I;E;S;W,Q;R;K;E;P,"188,168,231,136,159",-3.04857,5.68401,1.19371,6.87772,-9.92629
S;D;R;A;G,E;H;A;E;L,"121,186,280,152,243",-3.05086,1.40875,3.65866,5.06741,-8.118269999999999
S;D;R;A;Q,E;H;A;L;T,"121,186,280,65,127",-3.06389,1.50316,0.705474,2.208634,-5.272524
S;I;E;S;A,Q;R;K;E;L,"188,168,231,136,272",-3.06849,5.68401,-2.073,,
N;S;S;R;K,K;T;W;D;Y,"233,214,58,90,253",-3.07057,2.40164,-2.49422,,
T;T;T;S;Y,L;M;E;F;G,"72,51,270,238,63",-3.07057,4.13032,-1.32041,2.8099100000000004,-5.88048
S;D;R;A;R,E;H;A;L;Y,"121,186,280,65,123",-3.07093,1.50316,1.89278,3.39594,-6.46687
S;D;S;N;Q,E;H;Y;K;F,"121,186,238,114,182",-3.0743,2.83208,-2.12573,,
S;D;R;A;L,E;H;A;E;D,"121,186,280,152,249",-3.0761,1.40875,1.3351,2.74385,-5.81995
T;R;S;S;S,L;K;Y;T;D,"72,53,269,214,103",-3.07722,2.10066,1.28938,3.39004,-6.46726
N;S;S;R;C,K;T;W;D;D,"233,214,58,90,289",-3.08195,2.40164,1.83462,4.23626,-7.31821
A;M;G;N;P,M;L;A;K;Q,"135,154,165,233,38",-3.08684,2.61474,1.58069,4.19543,-7.2822700000000005
N;S;S;S;G,Y;Q;E;P;I,"37,188,136,245,243",-3.09017,1.84971,2.1303,3.98001,-7.070180000000001
S;D;R;D;C,E;H;A;L;D,"121,186,280,220,289",-3.09201,2.15121,1.83462,3.98583,-7.07784
S;T;I;D;P,A;Y;R;L;K,"124,189,168,220,120",-3.09923,5.25397,-0.768642,4.485328,-7.5845579999999995
N;S;T;H;G,Y;Q;M;M;I,"37,188,29,104,243",-3.10185,1.62133,2.1303,3.75163,-6.85348
A;M;G;N;W,M;L;A;K;C,"135,154,165,233,257",-3.1027,2.61474,2.40869,5.023429999999999,-8.12613
S;T;I;N;P,A;Y;R;K;K,"124,189,168,114,120",-3.10693,4.66467,-0.768642,3.8960280000000003,-7.0029580000000005
S;D;R;T;G,E;H;A;L;T,"121,186,280,72,254",-3.11215,1.88057,-4.84766,,
N;S;T;H;D,Y;Q;M;M;K,"37,188,29,104,263",-3.11616,1.62133,1.32913,2.9504599999999996,-6.0666199999999995
D;L;N;S;G,L;F;K;Y;T,"220,117,233,269,251",-3.12197,2.47846,1.39182,3.87028,-6.99225
S;H;T;S;G,P;M;M;W;I,"245,104,29,58,243",-3.12429,1.79588,2.1303,3.92618,-7.05047
S;D;R;A;D,E;H;A;E;K,"121,186,280,152,263",-3.12524,1.40875,1.32913,2.7378799999999996,-5.863119999999999
S;D;R;Q;P,E;H;A;M;L,"121,186,280,127,38",-3.12578,1.52251,1.38115,2.9036600000000004,-6.02944
S;D;R;T;L,E;H;A;M;D,"121,186,280,51,249",-3.13111,1.79222,1.3351,3.12732,-6.258430000000001
N;N;N;S;W,I;K;K;V;I,"114,205,233,269,159",-3.14126,1.78881,1.51695,3.3057600000000003,-6.44702
D;L;N;Q;W,L;F;K;M;P,"220,117,233,127,185",-3.14297,3.80149,0.00422375,3.80571375,-6.94868375
D;L;N;S;C,L;F;K;Y;D,"220,117,233,269,289",-3.14411,2.47846,1.83462,4.31308,-7.457190000000001
T;T;M;Q;Q,V;M;L;L;P,"198,51,262,182,127",-3.14442,3.03477,1.5029,4.53767,-7.6820900000000005
S;D;R;T;G,E;H;A;Y;I,"121,186,280,189,243",-3.15444,1.59074,2.1303,3.7210400000000003,-6.8754800000000005
N;S;S;S;W,Y;Q;E;P;I,"37,188,136,245,159",-3.16661,1.84971,1.51695,3.36666,-6.53327
S;D;R;S;S,E;H;A;T;N,"121,186,280,214,103",-3.17324,1.07516,1.48912,2.56428,-5.73752
S;D;R;T;G,E;H;A;Y;H,"121,186,280,189,251",-3.17506,1.59074,1.17609,2.76683,-5.941890000000001
T;T;M;R;Y,V;M;L;D;G,"198,51,262,90,63",-3.18099,2.75602,-1.32041,1.4356099999999998,-4.6166
S;D;R;Q;W,E;H;A;M;I,"121,186,280,127,159",-3.1814,1.52251,1.51695,3.03946,-6.22086
S;D;R;T;G,E;H;A;M;I,"121,186,280,51,243",-3.18345,1.79222,2.1303,3.92252,-7.10597
T;T;N;N;G,V;M;K;K;P,"198,51,233,114,243",-3.18462,3.19949,1.73112,4.93061,-8.11523
S;H;T;M;Y,P;M;M;L;S,"245,104,29,262,63",-3.19285,1.96403,-1.05409,0.90994,-4.10279
S;T;I;T;Y,A;Y;R;E;S,"124,189,168,270,63",-3.19289,5.05558,-1.05409,4.00149,-7.194380000000001
S;T;R;S;P,A;V;A;T;K,"124,198,280,214,120",-3.19653,2.1529,-0.768642,1.3842579999999998,-4.580788
S;D;R;A;L,E;H;A;E;K,"121,186,280,152,249",-3.19717,1.40875,1.9138,3.3225499999999997,-6.5197199999999995
S;I;E;Q;W,Q;R;K;L;P,"188,168,231,182,159",-3.19894,5.154,1.19371,6.34771,-9.54665
S;H;T;S;C,P;M;M;W;D,"245,104,29,58,289",-3.19917,1.79588,1.83462,3.6304999999999996,-6.82967
N;S;T;H;C,Y;Q;M;M;D,"37,188,29,104,289",-3.20522,1.62133,1.83462,3.4559499999999996,-6.66117
S;D;R;A;Q,E;H;A;E;D,"121,186,280,152,127",-3.20987,1.40875,1.96342,3.3721699999999997,-6.582039999999999
S;T;I;N;Y,A;Y;R;K;S,"124,189,168,114,63",-3.21662,4.66467,-1.05409,3.61058,-6.8271999999999995
A;M;G;Q;G,M;L;A;M;P,"135,154,165,127,243",-3.23265,3.19369,1.73112,4.92481,-8.15746
S;D;R;T;L,E;H;A;M;P,"121,186,280,51,216",-3.23285,1.79222,1.17536,2.96758,-6.20043
S;D;R;T;A,E;H;A;Y;L,"121,186,280,189,272",-3.24075,1.59074,-2.073,,
A;M;R;G;R,M;L;N;A;Y,"135,154,90,165,123",-3.24226,2.37909,1.89278,4.27187,-7.51413
S;D;R;E;Y,E;H;A;K;T,"121,186,280,231,63",-3.2486,1.88215,-0.214622,1.667528,-4.9161280000000005
S;D;R;L;Q,E;H;A;M;E,"121,186,280,216,127",-3.25309,0.746184,1.46399,2.210174,-5.463264
T;R;S;S;D,L;K;Y;T;K,"72,53,269,214,263",-3.25494,2.10066,1.32913,3.4297899999999997,-6.68473
S;D;R;A;P,E;H;A;E;V,"121,186,280,152,184",-3.25762,1.40875,0.457537,1.866287,-5.123907
N;S;S;S;L,Y;Q;E;P;P,"37,188,136,245,216",-3.25996,1.84971,1.17536,3.02507,-6.28503
S;D;R;T;G,E;H;A;M;S,"121,186,280,51,243",-3.26285,1.79222,1.55439,3.34661,-6.60946
N;S;S;R;Y,K;T;W;D;T,"233,214,58,90,63",-3.26335,2.40164,-0.214622,2.187018,-5.450368
N;S;S;S;G,Y;Q;E;P;T,"37,188,136,245,251",-3.26538,1.84971,1.39182,3.24153,-6.5069099999999995
S;D;T;Q;Q,E;H;P;L;P,"121,186,116,182,127",-3.2672,4.19138,1.5029,5.694279999999999,-8.961479999999998
T;T;N;N;P,L;M;K;K;K,"72,51,233,114,120",-3.26736,3.42408,-0.768642,2.655438,-5.922798
N;S;T;H;C,Y;Q;M;M;L,"37,188,29,104,289",-3.26891,1.62133,1.40303,3.0243599999999997,-6.29327
S;D;R;S;W,E;H;A;T;I,"121,186,280,214,159",-3.27179,1.07516,1.51695,2.59211,-5.8639
S;H;T;S;Y,P;M;M;W;S,"245,104,29,58,63",-3.27356,1.79588,-1.05409,0.74179,-4.01535
D;L;N;Q;M,L;F;K;M;P,"220,117,233,127,222",-3.27712,3.80149,1.39237,5.19386,-8.47098
A;M;L;N;W,M;L;F;Y;P,"135,154,117,37,159",-3.285,2.34832,1.19371,3.5420300000000005,-6.827030000000001
S;D;R;A;G,E;H;A;E;T,"121,186,280,152,254",-3.28875,1.40875,-4.84766,,
N;N;N;S;W,I;K;K;V;C,"114,205,233,269,257",-3.2899,1.78881,2.40869,4.1975,-7.487399999999999
S;D;R;A;G,E;H;A;L;H,"121,186,280,65,251",-3.29275,1.50316,1.17609,2.67925,-5.9719999999999995
S;D;R;T;D,E;H;A;Y;K,"121,186,280,189,263",-3.29458,1.59074,1.32913,2.91987,-6.214449999999999
T;T;M;R;W,V;M;L;D;K,"198,51,262,90,257",-3.29677,2.75602,1.47425,4.23027,-7.5270399999999995
D;L;N;S;D,L;F;K;Y;K,"220,117,233,269,263",-3.29954,2.47846,1.32913,3.8075900000000003,-7.10713
T;R;S;S;G,L;K;Y;T;T,"72,53,269,214,251",-3.29973,2.10066,1.39182,3.49248,-6.79221
T;T;N;N;G,L;M;K;K;P,"72,51,233,114,243",-3.30524,3.42408,1.73112,5.1552,-8.46044
N;S;T;H;G,Y;Q;M;M;T,"37,188,29,104,254",-3.30746,1.62133,-4.84766,,
N;S;T;H;W,Y;Q;M;M;I,"37,188,29,104,159",-3.30789,1.62133,1.51695,3.13828,-6.44617
S;D;R;A;K,E;H;A;L;A,"121,186,280,65,253",-3.31389,1.50316,-2.13229,,
S;D;T;K;Q,E;H;P;L;H,"121,186,116,252,127",-3.3158,4.99838,1.53114,6.52952,-9.84532
S;D;T;K;M,E;H;P;L;P,"121,186,116,252,222",-3.317,4.99838,1.39237,6.390750000000001,-9.70775
S;D;R;D;G,E;H;A;L;T,"121,186,280,220,254",-3.32209,2.15121,-4.84766,,
S;T;I;D;W,A;Y;R;L;P,"124,189,168,220,159",-3.32572,5.25397,1.19371,6.44768,-9.7734
S;H;T;S;W,P;M;M;W;P,"245,104,29,58,159",-3.32965,1.79588,1.19371,2.9895899999999997,-6.31924
S;D;R;S;Q,E;H;A;T;D,"121,186,280,214,127",-3.33601,1.07516,1.96342,3.0385799999999996,-6.3745899999999995
S;T;N;D;W,M;V;K;L;P,"238,198,114,220,185",-3.34102,4.37095,0.00422375,4.37517375,-7.71619375
S;T;R;S;Y,A;V;A;T;T,"124,198,280,214,63",-3.34453,2.1529,-0.214622,1.9382779999999997,-5.282807999999999
S;D;R;L;P,E;H;A;M;L,"121,186,280,216,38",-3.34828,0.746184,1.38115,2.1273340000000003,-5.475614
S;D;R;A;S,E;H;A;E;N,"121,186,280,152,103",-3.34947,1.40875,1.48912,2.89787,-6.24734
S;T;R;S;Q,A;V;A;T;F,"124,198,280,214,182",-3.35513,2.1529,-2.12573,,
T;R;S;S;L,L;K;Y;T;D,"72,53,269,214,249",-3.35583,2.10066,1.3351,3.43576,-6.79159
T;S;S;K;I,P;N;P;L;R,"116,238,290,252,218",-3.35856,5.29036,1.07089,6.36125,-9.71981
S;D;R;T;V,E;H;A;L;D,"121,186,280,72,57",-3.3598,1.88057,1.23826,3.11883,-6.47863
T;T;N;N;I,L;M;K;K;R,"72,51,233,114,218",-3.36369,3.42408,1.07089,4.49497,-7.85866
A;M;R;G;W,M;L;N;A;K,"135,154,90,165,257",-3.36632,2.37909,1.47425,3.85334,-7.21966
S;D;R;Q;L,E;H;A;M;P,"121,186,280,127,216",-3.37044,1.52251,1.17536,2.69787,-6.06831
T;T;T;T;W,L;M;E;V;K,"72,51,270,198,257",-3.37284,4.06726,1.47425,5.541510000000001,-8.91435
S;D;S;N;W,E;H;Y;K;C,"121,186,238,114,257",-3.37595,2.83208,2.40869,5.2407699999999995,-8.616719999999999
S;T;I;T;Q,A;Y;R;E;F,"124,189,168,270,182",-3.38361,5.05558,-2.12573,,
T;T;T;S;W,L;M;E;F;P,"72,51,270,238,159",-3.38524,4.13032,1.19371,5.3240300000000005,-8.70927
S;D;R;A;G,E;H;A;E;Q,"121,186,280,152,243",-3.39074,1.40875,3.87149,5.28024,-8.67098
S;H;T;M;W,P;M;M;L;C,"245,104,29,262,257",-3.3926,1.96403,2.40869,4.37272,-7.76532
A;M;R;G;Y,M;L;N;A;T,"135,154,90,165,63",-3.39351,2.37909,-0.214622,2.1644680000000003,-5.557978
A;M;G;Q;I,M;L;A;M;R,"135,154,165,127,218",-3.39657,3.19369,1.07089,4.2645800000000005,-7.661150000000001
S;D;R;A;G,E;H;A;E;S,"121,186,280,152,243",-3.39918,1.40875,1.55439,2.96314,-6.36232
S;D;R;E;G,E;H;A;K;P,"121,186,280,231,243",-3.40263,1.88215,1.73112,3.61327,-7.0159
S;D;T;Q;W,E;H;P;L;P,"121,186,116,182,159",-3.40402,4.19138,1.19371,5.38509,-8.78911
A;M;G;N;Y,M;L;A;K;T,"135,154,165,233,63",-3.40513,2.61474,-0.214622,2.400118,-5.805248000000001
S;D;S;N;Y,E;H;Y;K;T,"121,186,238,114,63",-3.40539,2.83208,-0.214622,2.617458,-6.022848
T;S;S;K;N,P;N;P;L;Y,"116,238,290,252,244",-3.40543,5.29036,1.65088,6.94124,-10.34667
S;D;R;L;G,E;H;A;M;H,"121,186,280,216,251",-3.41215,0.746184,1.17609,1.922274,-5.334424
S;D;R;D;W,E;H;A;L;C,"121,186,280,220,257",-3.4128,2.15121,2.40869,4.5599,-7.9727
A;M;G;Q;W,M;L;A;M;K,"135,154,165,127,257",-3.41347,3.19369,1.47425,4.66794,-8.08141
N;S;S;S;P,Y;Q;E;P;L,"37,188,136,245,38",-3.4172,1.84971,1.38115,3.23086,-6.648059999999999
S;D;S;N;W,E;H;Y;K;I,"121,186,238,114,159",-3.42216,2.83208,1.51695,4.34903,-7.77119
S;H;T;S;C,P;M;M;W;L,"245,104,29,58,289",-3.42924,1.79588,1.40303,3.1989099999999997,-6.62815
S;D;R;E;Y,E;H;A;K;S,"121,186,280,231,63",-3.43229,1.88215,-1.05409,0.82806,-4.26035
S;D;R;T;L,E;H;A;L;K,"121,186,280,72,249",-3.43292,1.88057,1.9138,3.79437,-7.22729
S;D;R;D;Q,E;H;A;L;P,"121,186,280,220,127",-3.43487,2.15121,1.5029,3.6541099999999997,-7.088979999999999
A;M;G;N;Y,M;L;A;K;G,"135,154,165,233,63",-3.438,2.61474,-1.32041,1.2943299999999998,-4.73233
T;T;T;S;W,L;M;E;F;C,"72,51,270,238,257",-3.44109,4.13032,2.40869,6.53901,-9.9801
A;M;R;G;Y,M;L;N;A;S,"135,154,90,165,63",-3.44288,2.37909,-1.05409,1.3250000000000002,-4.76788
S;I;E;N;A,Q;R;K;K;D,"188,168,231,114,130",-3.44703,4.79974,2.46161,7.26135,-10.70838
T;T;N;N;P,V;M;K;K;K,"198,51,233,114,120",-3.45253,3.19949,-0.768642,2.430848,-5.883378
S;D;R;T;S,E;H;A;L;D,"121,186,280,72,103",-3.45359,1.88057,1.28938,3.16995,-6.62354
T;R;S;S;S,L;K;Y;T;N,"72,53,269,214,103",-3.45405,2.10066,1.48912,3.58978,-7.04383
N;N;N;S;G,I;K;K;V;I,"114,205,233,269,243",-3.45498,1.78881,2.1303,3.91911,-7.37409
T;T;M;R;Q,V;M;L;D;P,"198,51,262,90,127",-3.45763,2.75602,1.5029,4.25892,-7.71655
D;L;N;S;A,L;F;K;Y;L,"220,117,233,269,272",-3.45881,2.47846,-2.073,,
S;D;R;A;A,E;H;A;E;T,"121,186,280,152,180",-3.46047,1.40875,1.57849,2.98724,-6.44771
S;D;R;T;G,E;H;A;L;I,"121,186,280,72,243",-3.46356,1.88057,2.1303,4.010870000000001,-7.474430000000001
N;S;S;R;W,K;T;W;D;K,"233,214,58,90,257",-3.46468,2.40164,1.47425,3.87589,-7.34057
S;T;I;D;Y,A;Y;R;L;G,"124,189,168,220,63",-3.4663,5.25397,-1.32041,3.93356,-7.39986
T;T;N;N;W,L;M;K;K;P,"72,51,233,114,159",-3.46855,3.42408,1.19371,4.61779,-8.08634
S;T;I;T;W,A;Y;R;E;K,"124,189,168,270,257",-3.47222,5.05558,1.47425,6.5298300000000005,-10.00205
A;M;R;G;Y,M;L;N;A;G,"135,154,90,165,63",-3.4753,2.37909,-1.32041,1.05868,-4.53398
S;D;R;A;S,E;H;A;E;P,"121,186,280,152,125",-3.48077,1.40875,1.21417,2.6229199999999997,-6.10369
A;M;R;G;Q,M;L;N;A;P,"135,154,90,165,127",-3.48467,2.37909,1.5029,3.88199,-7.3666599999999995
D;L;N;S;R,L;F;K;Y;P,"220,117,233,269,280",-3.48609,2.47846,1.29097,3.76943,-7.25552
S;H;T;M;G,P;M;M;L;T,"245,104,29,262,251",-3.48726,1.96403,1.39182,3.35585,-6.84311
A;M;R;G;A,M;L;N;A;L,"135,154,90,165,272",-3.48754,2.37909,-2.073,,
S;I;E;N;W,Q;R;K;K;P,"188,168,231,114,185",-3.49617,4.79974,0.00422375,4.80396375,-8.30013375
D;L;N;S;W,L;F;K;Y;I,"220,117,233,269,159",-3.49718,2.47846,1.51695,3.99541,-7.49259
N;S;S;R;Q,K;T;W;D;P,"233,214,58,90,127",-3.50651,2.40164,1.5029,3.90454,-7.4110499999999995
S;I;E;S;Y,Q;R;K;E;T,"188,168,231,136,63",-3.50769,5.68401,-0.214622,5.4693879999999995,-8.977077999999999
S;T;I;T;Q,A;Y;R;E;P,"124,189,168,270,127",-3.50928,5.05558,1.5029,6.558479999999999,-10.06776
T;R;S;S;Y,L;K;Y;T;G,"72,53,269,214,63",-3.51023,2.10066,-1.32041,0.7802499999999999,-4.29048
S;D;R;A;P,E;H;A;L;L,"121,186,280,65,38",-3.51745,1.50316,1.38115,2.88431,-6.40176
S;D;T;S;N,E;H;P;F;P,"121,186,116,238,277",-3.5326,4.39699,1.65895,6.05594,-9.58854
S;D;R;T;C,E;H;A;Y;D,"121,186,280,189,289",-3.53364,1.59074,1.83462,3.42536,-6.959
T;T;N;N;M,V;M;K;K;P,"198,51,233,114,222",-3.53742,3.19949,1.39237,4.5918600000000005,-8.129280000000001
A;M;L;N;W,M;L;F;Y;C,"135,154,117,37,257",-3.53825,2.34832,2.40869,4.75701,-8.29526
S;D;R;D;W,E;H;A;L;I,"121,186,280,220,159",-3.54137,2.15121,1.51695,3.66816,-7.20953
S;T;I;N;Y,A;Y;R;K;T,"124,189,168,114,63",-3.5497,4.66467,-0.214622,4.450048,-7.999748
T;R;S;S;R,L;K;Y;T;Y,"72,53,269,214,123",-3.55579,2.10066,1.89278,3.9934399999999997,-7.54923
S;D;R;A;Q,E;H;A;L;D,"121,186,280,65,127",-3.56011,1.50316,1.96342,3.46658,-7.02669
D;L;N;S;S,L;F;K;Y;D,"220,117,233,269,103",-3.56061,2.47846,1.28938,3.76784,-7.32845
T;T;M;R;G,V;M;L;D;P,"198,51,262,90,243",-3.56315,2.75602,1.73112,4.48714,-8.05029
A;M;L;N;S,M;L;F;Y;D,"135,154,117,37,103",-3.56412,2.34832,1.28938,3.6377,-7.20182
N;S;S;S;C,Y;Q;E;P;D,"37,188,136,245,289",-3.5657,1.84971,1.83462,3.68433,-7.250030000000001
S;G;S;M;W,W;A;E;L;K,"58,165,136,262,257",-3.56844,2.29813,1.47425,3.77238,-7.34082
A;M;G;N;P,M;L;A;K;L,"135,154,165,233,38",-3.57265,2.61474,1.38115,3.99589,-7.5685400000000005
S;T;I;N;W,A;Y;R;K;K,"124,189,168,114,257",-3.58522,4.66467,1.47425,6.138920000000001,-9.72414
S;D;R;T;G,E;H;A;Y;T,"121,186,280,189,254",-3.58678,1.59074,-4.84766,,
S;D;R;L;A,E;H;A;M;T,"121,186,280,216,180",-3.58783,0.746184,1.57849,2.324674,-5.912504
S;T;R;S;M,A;V;A;T;P,"124,198,280,214,222",-3.59524,2.1529,1.39237,3.54527,-7.14051
S;D;R;T;C,E;H;A;M;D,"121,186,280,51,289",-3.60198,1.79222,1.83462,3.6268399999999996,-7.22882
S;D;R;L;I,E;H;A;M;R,"121,186,280,216,218",-3.60437,0.746184,1.07089,1.8170739999999999,-5.421443999999999
S;I;E;N;M,Q;R;K;K;P,"188,168,231,114,222",-3.60516,4.79974,1.39237,6.19211,-9.79727
S;D;R;L;K,E;H;A;M;A,"121,186,280,216,253",-3.60633,0.746184,-2.13229,,
T;T;N;N;W,V;M;K;K;P,"198,51,233,114,185",-3.6156,3.19949,0.00422375,3.20371375,-6.81931375
S;D;R;T;S,E;H;A;M;N,"121,186,280,51,103",-3.61676,1.79222,1.48912,3.28134,-6.8981
S;G;S;M;Y,W;A;E;L;T,"58,165,136,262,63",-3.62544,2.29813,-0.214622,2.083508,-5.708948
S;T;I;N;I,A;Y;R;K;R,"124,189,168,114,218",-3.62638,4.66467,1.07089,5.7355599999999995,-9.36194
A;M;R;G;W,M;L;N;A;C,"135,154,90,165,257",-3.62939,2.37909,2.40869,4.78778,-8.417169999999999
T;T;M;Q;G,V;M;L;L;P,"198,51,262,182,243",-3.63122,3.03477,1.73112,4.76589,-8.39711
N;S;S;S;Y,Y;Q;E;P;S,"37,188,136,245,63",-3.63206,1.84971,-1.05409,0.79562,-4.4276800000000005
T;S;S;K;Q,P;N;P;L;H,"116,238,290,252,127",-3.63576,5.29036,1.53114,6.8214999999999995,-10.45726
S;D;R;Q;G,E;H;A;M;H,"121,186,280,127,251",-3.63586,1.52251,1.17609,2.6986,-6.33446
S;D;T;E;G,E;H;P;K;H,"121,186,116,231,251",-3.64138,6.58675,1.17609,7.762840000000001,-11.40422
S;H;T;S;R,P;M;M;W;Y,"245,104,29,58,123",-3.64362,1.79588,1.89278,3.6886599999999996,-7.332279999999999
S;D;R;A;Q,E;H;A;E;E,"121,186,280,152,127",-3.64498,1.40875,1.46399,2.87274,-6.51772
T;T;M;Q;W,V;M;L;L;P,"198,51,262,182,159",-3.64818,3.03477,1.19371,4.22848,-7.87666
S;D;T;Q;N,E;H;P;L;P,"121,186,116,182,277",-3.66452,4.19138,1.65895,5.85033,-9.51485
S;D;R;A;P,E;H;A;L;V,"121,186,280,65,184",-3.66466,1.50316,0.457537,1.9606970000000001,-5.625357
T;R;S;S;C,L;K;Y;T;D,"72,53,269,214,289",-3.66763,2.10066,1.83462,3.9352799999999997,-7.60291
S;H;T;S;Y,P;M;M;W;T,"245,104,29,58,63",-3.66888,1.79588,-0.214622,1.5812579999999998,-5.250138
S;D;R;Q;Y,E;H;A;M;S,"121,186,280,127,63",-3.67168,1.52251,-1.05409,0.46842000000000006,-4.1401
S;D;R;A;G,E;H;A;E;T,"121,186,280,152,251",-3.67536,1.40875,1.39182,2.80057,-6.47593
T;T;M;Q;S,V;M;L;L;D,"198,51,262,182,103",-3.67667,3.03477,1.28938,4.3241499999999995,-8.00082
S;D;R;T;L,E;H;A;L;C,"121,186,280,72,249",-3.68594,1.88057,1.14374,3.02431,-6.71025
S;D;R;A;L,E;H;A;L;D,"121,186,280,65,249",-3.68655,1.50316,1.3351,2.83826,-6.52481
S;D;S;N;W,E;H;Y;K;P,"121,186,238,114,185",-3.68752,2.83208,0.00422375,2.83630375,-6.52382375
T;R;S;S;S,L;K;Y;T;P,"72,53,269,214,125",-3.6881,2.10066,1.21417,3.3148299999999997,-7.002929999999999
S;D;R;S;L,E;H;A;T;P,"121,186,280,214,216",-3.69302,1.07516,1.17536,2.25052,-5.9435400000000005
T;T;M;R;I,V;M;L;D;R,"198,51,262,90,218",-3.69606,2.75602,1.07089,3.82691,-7.52297
S;T;I;T;Y,A;Y;R;E;G,"124,189,168,270,63",-3.7077,5.05558,-1.32041,3.73517,-7.44287
S;D;R;T;A,E;H;A;M;L,"121,186,280,51,272",-3.71561,1.79222,-2.073,,
T;R;S;S;W,L;K;Y;T;I,"72,53,269,214,159",-3.7186,2.10066,1.51695,3.61761,-7.3362099999999995
S;I;E;N;G,Q;R;K;K;P,"188,168,231,114,243",-3.7278,4.79974,1.73112,6.53086,-10.258659999999999
S;D;R;S;G,E;H;A;T;I,"121,186,280,214,243",-3.73197,1.07516,2.1303,3.20546,-6.93743
T;T;M;Q;Y,V;M;L;L;T,"198,51,262,182,63",-3.73386,3.03477,-0.214622,2.820148,-6.554008
S;D;R;A;C,E;H;A;E;L,"121,186,280,152,289",-3.73668,1.40875,1.40303,2.8117799999999997,-6.5484599999999995
S;H;T;M;A,P;M;M;L;L,"245,104,29,262,272",-3.74313,1.96403,-2.073,,
T;T;M;Q;W,V;M;L;L;K,"198,51,262,182,257",-3.74336,3.03477,1.47425,4.50902,-8.252379999999999
T;K;D;S;N,E;L;L;T;P,"270,252,220,214,277",-3.74657,4.53563,1.65895,6.19458,-9.94115
S;D;R;T;R,E;H;A;Y;Y,"121,186,280,189,123",-3.74738,1.59074,1.89278,3.48352,-7.2309
N;S;T;H;Y,Y;Q;M;M;S,"37,188,29,104,63",-3.74795,1.62133,-1.05409,0.56724,-4.315189999999999
S;D;R;Q;C,E;H;A;M;D,"121,186,280,127,289",-3.75256,1.52251,1.83462,3.3571299999999997,-7.10969
Q;K;E;Q;A,L;L;K;L;Y,"127,252,231,182,215",-3.75383,8.0785,1.96209,10.04059,-13.794419999999999
A;M;G;N;I,M;L;A;K;R,"135,154,165,233,218",-3.75643,2.61474,1.07089,3.6856299999999997,-7.44206
S;D;T;K;N,E;H;P;L;Y,"121,186,116,252,244",-3.75872,4.99838,1.65088,6.64926,-10.40798
N;N;N;S;Y,I;K;K;V;S,"114,205,233,269,63",-3.76162,1.78881,-1.05409,0.73472,-4.49634
S;H;T;S;W,P;M;M;W;C,"245,104,29,58,257",-3.76755,1.79588,2.40869,4.20457,-7.97212
A;M;G;N;W,M;L;A;K;K,"135,154,165,233,257",-3.77018,2.61474,1.47425,4.08899,-7.85917
S;H;T;M;Y,P;M;M;L;T,"245,104,29,262,63",-3.79027,1.96403,-0.214622,1.7494079999999999,-5.539678
S;D;R;T;W,E;H;A;M;I,"121,186,280,51,159",-3.79387,1.79222,1.51695,3.30917,-7.10304
S;D;R;T;L,E;H;A;L;D,"121,186,280,72,249",-3.79409,1.88057,1.3351,3.2156700000000003,-7.00976
S;G;S;M;Q,W;A;E;L;F,"58,165,136,262,182",-3.79428,2.29813,-2.12573,,
S;H;T;S;Y,P;M;M;W;G,"245,104,29,58,63",-3.79589,1.79588,-1.32041,0.47546999999999984,-4.27136
A;M;G;N;G,M;L;A;K;P,"135,154,165,233,243",-3.80317,2.61474,1.73112,4.34586,-8.14903
S;T;R;S;Q,A;V;A;T;P,"124,198,280,214,127",-3.80318,2.1529,1.5029,3.6557999999999997,-7.4589799999999995
S;D;R;D;Y,E;H;A;L;S,"121,186,280,220,63",-3.80474,2.15121,-1.05409,1.0971199999999999,-4.901859999999999
T;K;D;S;Q,E;L;L;T;H,"270,252,220,214,127",-3.80511,4.53563,1.53114,6.06677,-9.87188
T;T;N;N;W,L;M;K;K;P,"72,51,233,114,185",-3.80611,3.42408,0.00422375,3.42830375,-7.23441375
S;T;I;N;N,A;Y;R;K;Y,"124,189,168,114,244",-3.80703,4.66467,1.65088,6.31555,-10.12258
S;G;S;M;C,W;A;E;L;L,"58,165,136,262,289",-3.80814,2.29813,1.40303,3.70116,-7.5093
N;S;T;H;Y,Y;Q;M;M;T,"37,188,29,104,63",-3.81076,1.62133,-0.214622,1.4067079999999998,-5.217468
D;L;N;S;Y,L;F;K;Y;S,"220,117,233,269,63",-3.81531,2.47846,-1.05409,1.4243700000000001,-5.23968
S;D;S;N;G,E;H;Y;K;P,"121,186,238,114,243",-3.81804,2.83208,1.73112,4.5632,-8.38124
S;D;R;T;Y,E;H;A;L;G,"121,186,280,72,63",-3.82592,1.88057,-1.32041,0.56016,-4.38608
S;D;R;L;S,E;H;A;M;N,"121,186,280,216,103",-3.82793,0.746184,1.48912,2.235304,-6.063234
T;T;N;N;Q,L;M;K;K;H,"72,51,233,114,127",-3.82843,3.42408,1.53114,4.95522,-8.78365
S;D;R;A;D,E;H;A;L;K,"121,186,280,65,263",-3.83242,1.50316,1.32913,2.83229,-6.6647099999999995
A;M;G;N;Q,M;L;A;K;P,"135,154,165,233,127",-3.8334,2.61474,1.5029,4.11764,-7.95104
S;D;R;D;G,E;H;A;L;P,"121,186,280,220,243",-3.83462,2.15121,1.73112,3.8823299999999996,-7.71695
S;D;R;L;N,E;H;A;M;L,"121,186,280,216,138",-3.83736,0.746184,1.20357,1.949754,-5.787114
N;N;N;S;Y,I;K;K;V;G,"114,205,233,269,63",-3.84334,1.78881,-1.32041,0.4683999999999999,-4.31174
A;M;G;Q;M,M;L;A;M;P,"135,154,165,127,222",-3.84707,3.19369,1.39237,4.58606,-8.43313
S;T;I;N;W,A;Y;R;K;P,"124,189,168,114,159",-3.85119,4.66467,1.19371,5.85838,-9.70957
S;D;R;T;W,E;H;A;M;P,"121,186,280,51,159",-3.85371,1.79222,1.19371,2.9859299999999998,-6.839639999999999
S;H;T;M;P,P;M;M;L;K,"245,104,29,262,120",-3.85436,1.96403,-0.768642,1.195388,-5.049747999999999
S;D;R;T;Y,E;H;A;Y;T,"121,186,280,189,63",-3.85481,1.59074,-0.214622,1.376118,-5.2309280000000005
S;T;I;T;M,A;Y;R;E;P,"124,189,168,270,222",-3.85606,5.05558,1.39237,6.4479500000000005,-10.30401
S;D;R;S;K,E;H;A;T;Y,"121,186,280,214,253",-3.86463,1.07516,-2.49422,,
T;T;T;S;N,L;M;E;F;Y,"72,51,270,238,244",-3.86987,4.13032,1.65088,5.7812,-9.65107
S;D;R;S;Y,E;H;A;T;S,"121,186,280,214,63",-3.87125,1.07516,-1.05409,0.021069999999999922,-3.89232
A;M;L;N;Y,M;L;F;Y;T,"135,154,117,37,63",-3.87172,2.34832,-0.214622,2.1336980000000003,-6.005418000000001
A;M;R;G;G,M;L;N;A;P,"135,154,90,165,243",-3.87227,2.37909,1.73112,4.11021,-7.982480000000001
T;R;S;S;Y,L;K;Y;T;S,"72,53,269,214,63",-3.87533,2.10066,-1.05409,1.04657,-4.9219
N;S;S;S;W,Y;Q;E;P;C,"37,188,136,245,257",-3.87638,1.84971,2.40869,4.2584,-8.13478
A;M;L;N;P,M;L;F;Y;K,"135,154,117,37,120",-3.88612,2.34832,-0.768642,1.5796780000000001,-5.465798
T;R;S;S;Q,L;K;Y;T;P,"72,53,269,214,127",-3.89006,2.10066,1.5029,3.60356,-7.49362
D;L;N;S;M,L;F;K;Y;H,"220,117,233,269,161",-3.8919,2.47846,0.29128,2.76974,-6.66164
S;D;R;S;W,E;H;A;T;K,"121,186,280,214,257",-3.89209,1.07516,1.47425,2.54941,-6.4415
N;N;N;S;G,I;K;K;V;H,"114,205,233,269,251",-3.90344,1.78881,1.17609,2.9649,-6.86834
D;L;N;S;G,L;F;K;Y;I,"220,117,233,269,243",-3.9126,2.47846,2.1303,4.60876,-8.52136
N;S;T;H;S,Y;Q;M;M;D,"37,188,29,104,103",-3.91579,1.62133,1.28938,2.91071,-6.826499999999999
S;D;R;E;W,E;H;A;K;P,"121,186,280,231,185",-3.91627,1.88215,0.00422375,1.88637375,-5.80264375
S;D;R;L;G,E;H;A;M;T,"121,186,280,216,254",-3.91853,0.746184,-4.84766,,
N;S;T;H;I,Y;Q;M;M;R,"37,188,29,104,218",-3.91901,1.62133,1.07089,2.69222,-6.61123
S;D;T;S;I,E;H;P;F;R,"121,186,116,238,218",-3.92426,4.39699,1.07089,5.467879999999999,-9.39214
A;M;L;N;P,M;L;F;Y;Q,"135,154,117,37,38",-3.92711,2.34832,1.58069,3.92901,-7.85612
T;T;M;R;W,V;M;L;D;P,"198,51,262,90,159",-3.93003,2.75602,1.19371,3.9497299999999997,-7.879759999999999
S;G;S;M;Y,W;A;E;L;G,"58,165,136,262,63",-3.93254,2.29813,-1.32041,0.9777199999999999,-4.91026
A;M;G;Q;L,M;L;A;M;P,"135,154,165,127,216",-3.93444,3.19369,1.17536,4.36905,-8.30349
N;N;N;S;Y,I;K;K;V;T,"114,205,233,269,63",-3.93512,1.78881,-0.214622,1.574188,-5.509308
S;D;R;S;Q,E;H;A;T;P,"121,186,280,214,127",-3.94449,1.07516,1.5029,2.57806,-6.52255
S;D;R;T;W,E;H;A;Y;C,"121,186,280,189,257",-3.94919,1.59074,2.40869,3.9994300000000003,-7.94862
S;D;R;A;Y,E;H;A;L;S,"121,186,280,65,63",-3.94941,1.50316,-1.05409,0.4490700000000001,-4.39848
A;M;L;N;Y,M;L;F;Y;G,"135,154,117,37,63",-3.95731,2.34832,-1.32041,1.02791,-4.98522
S;H;T;S;A,P;M;M;W;L,"245,104,29,58,272",-3.95816,1.79588,-2.073,,
S;D;R;A;G,E;H;A;E;I,"121,186,280,152,243",-3.96029,1.40875,2.1303,3.53905,-7.49934
S;D;R;Q;W,E;H;A;M;K,"121,186,280,127,257",-3.9614,1.52251,1.47425,2.99676,-6.9581599999999995
D;L;N;S;W,L;F;K;Y;P,"220,117,233,269,159",-3.96334,2.47846,1.19371,3.6721700000000004,-7.63551
S;T;R;S;Y,A;V;A;T;G,"124,198,280,214,63",-3.96466,2.1529,-1.32041,0.8324899999999997,-4.797149999999999
A;M;G;Q;W,M;L;A;M;P,"135,154,165,127,185",-3.96498,3.19369,0.00422375,3.19791375,-7.16289375
A;M;G;N;W,M;L;A;K;P,"135,154,165,233,185",-3.96736,2.61474,0.00422375,2.61896375,-6.58632375
A;M;G;Q;P,M;L;A;M;K,"135,154,165,127,120",-3.96935,3.19369,-0.768642,2.4250480000000003,-6.394398000000001
S;D;R;T;G,E;H;A;M;H,"121,186,280,51,251",-3.97179,1.79222,1.17609,2.96831,-6.940099999999999
S;T;R;S;W,A;V;A;T;K,"124,198,280,214,257",-3.97552,2.1529,1.47425,3.62715,-7.60267
S;D;R;D;W,E;H;A;L;K,"121,186,280,220,257",-3.979,2.15121,1.47425,3.62546,-7.6044599999999996
S;G;S;M;G,W;A;E;L;P,"58,165,136,262,243",-3.98126,2.29813,1.73112,4.02925,-8.01051
S;D;R;L;C,E;H;A;M;D,"121,186,280,216,289",-3.98537,0.746184,1.83462,2.5808039999999997,-6.566174
T;T;M;Q;I,V;M;L;L;R,"198,51,262,182,218",-3.98904,3.03477,1.07089,4.10566,-8.0947
A;M;L;N;Q,M;L;F;Y;P,"135,154,117,37,127",-3.99003,2.34832,1.5029,3.85122,-7.8412500000000005
S;D;R;L;L,E;H;A;M;D,"121,186,280,216,249",-3.9968,0.746184,1.3351,2.081284,-6.0780840000000005
S;D;T;K;A,E;H;P;L;D,"121,186,116,252,130",-3.99785,4.99838,2.46161,7.4599899999999995,-11.45784
S;T;N;D;N,M;V;K;L;P,"238,198,114,220,277",-3.99982,4.37095,1.65895,6.0299,-10.02972
N;S;S;S;W,Y;Q;E;P;K,"37,188,136,245,257",-4.00482,1.84971,1.47425,3.32396,-7.32878
T;R;S;S;W,L;K;Y;T;K,"72,53,269,214,257",-4.00935,2.10066,1.47425,3.57491,-7.5842600000000004
S;H;T;M;Y,P;M;M;L;G,"245,104,29,262,63",-4.00941,1.96403,-1.32041,0.6436199999999999,-4.653029999999999
S;G;S;M;Q,W;A;E;L;P,"58,165,136,262,127",-4.01029,2.29813,1.5029,3.80103,-7.81132
S;T;I;N;N,A;Y;R;K;P,"124,189,168,114,277",-4.01154,4.66467,1.65895,6.32362,-10.33516
T;R;S;S;G,L;K;Y;T;I,"72,53,269,214,243",-4.01645,2.10066,2.1303,4.23096,-8.247409999999999
T;T;T;T;Q,L;M;E;V;H,"72,51,270,198,127",-4.01873,4.06726,1.53114,5.5984,-9.61713
S;D;R;T;W,E;H;A;Y;K,"121,186,280,189,257",-4.02152,1.59074,1.47425,3.06499,-7.08651
S;T;R;S;G,A;V;A;T;P,"124,198,280,214,243",-4.02294,2.1529,1.73112,3.8840199999999996,-7.90696
S;G;S;M;S,W;A;E;L;D,"58,165,136,262,103",-4.02703,2.29813,1.28938,3.58751,-7.61454
T;T;M;R;W,V;M;L;D;P,"198,51,262,90,185",-4.03347,2.75602,0.00422375,2.76024375,-6.79371375
D;L;N;S;W,L;F;K;Y;C,"220,117,233,269,257",-4.03469,2.47846,2.40869,4.88715,-8.92184
N;N;N;S;P,I;K;K;V;K,"114,205,233,269,120",-4.04228,1.78881,-0.768642,1.020168,-5.062448
N;S;T;H;A,Y;Q;M;M;L,"37,188,29,104,272",-4.04264,1.62133,-2.073,,
N;S;S;R;Y,K;T;W;D;G,"233,214,58,90,63",-4.04992,2.40164,-1.32041,1.08123,-5.13115
A;M;L;N;I,M;L;F;Y;R,"135,154,117,37,218",-4.05114,2.34832,1.07089,3.41921,-7.47035
T;T;T;T;W,L;M;E;V;P,"72,51,270,198,185",-4.05723,4.06726,0.00422375,4.0714837500000005,-8.12871375
S;D;R;T;Y,E;H;A;L;S,"121,186,280,72,63",-4.05991,1.88057,-1.05409,0.8264800000000001,-4.8863900000000005
S;D;R;Q;Y,E;H;A;M;G,"121,186,280,127,63",-4.06265,1.52251,-1.32041,0.20209999999999995,-4.264749999999999
S;D;R;D;S,E;H;A;L;D,"121,186,280,220,103",-4.07046,2.15121,1.28938,3.44059,-7.511049999999999
S;D;R;T;S,E;H;A;M;D,"121,186,280,51,103",-4.07434,1.79222,1.28938,3.0816,-7.15594
S;D;R;A;L,E;H;A;E;P,"121,186,280,152,216",-4.07485,1.40875,1.17536,2.58411,-6.6589599999999995
S;D;R;T;G,E;H;A;L;H,"121,186,280,72,251",-4.08407,1.88057,1.17609,3.05666,-7.14073
S;D;T;Q;Q,E;H;P;L;H,"121,186,116,182,127",-4.0891,4.19138,1.53114,5.722519999999999,-9.81162
S;I;E;S;W,Q;R;K;E;I,"188,168,231,136,159",-4.09329,5.68401,1.51695,7.20096,-11.29425
S;T;I;D;Q,A;Y;R;L;H,"124,189,168,220,127",-4.09455,5.25397,1.53114,6.7851099999999995,-10.87966
S;H;T;M;Q,P;M;M;L;P,"245,104,29,262,127",-4.10694,1.96403,1.5029,3.4669299999999996,-7.573869999999999
N;S;S;S;I,Y;Q;E;P;R,"37,188,136,245,218",-4.12749,1.84971,1.07089,2.9206,-7.04809
S;I;E;S;N,Q;R;K;E;P,"188,168,231,136,277",-4.12819,5.68401,1.65895,7.34296,-11.47115
T;T;M;Q;P,V;M;L;L;K,"198,51,262,182,120",-4.13165,3.03477,-0.768642,2.266128,-6.397778
S;I;E;S;M,Q;R;K;E;P,"188,168,231,136,222",-4.13406,5.68401,1.39237,7.07638,-11.21044
A;M;G;Q;W,M;L;A;M;P,"135,154,165,127,159",-4.13563,3.19369,1.19371,4.3874,-8.52303
N;S;T;H;L,Y;Q;M;M;P,"37,188,29,104,216",-4.14506,1.62133,1.17536,2.79669,-6.94175
S;D;R;A;S,E;H;A;E;D,"121,186,280,152,103",-4.14999,1.40875,1.28938,2.69813,-6.84812
S;D;R;A;M,E;H;A;E;H,"121,186,280,152,161",-4.15579,1.40875,0.29128,1.70003,-5.85582
A;M;G;N;Q,M;L;A;K;H,"135,154,165,233,127",-4.15756,2.61474,1.53114,4.14588,-8.30344
S;D;T;S;S,E;H;P;F;N,"121,186,116,238,103",-4.16086,4.39699,1.48912,5.8861099999999995,-10.046969999999998
S;D;R;L;D,E;H;A;M;K,"121,186,280,216,263",-4.1609,0.746184,1.32913,2.0753139999999997,-6.2362139999999995
S;D;R;T;Y,E;H;A;M;S,"121,186,280,51,63",-4.16285,1.79222,-1.05409,0.73813,-4.90098
S;D;R;S;P,E;H;A;T;Q,"121,186,280,214,38",-4.16337,1.07516,1.58069,2.65585,-6.81922
S;D;R;T;Y,E;H;A;Y;S,"121,186,280,189,63",-4.16456,1.59074,-1.05409,0.5366500000000001,-4.70121
S;T;I;D;G,A;Y;R;L;P,"124,189,168,220,243",-4.17009,5.25397,1.73112,6.98509,-11.15518
S;D;S;N;A,E;H;Y;K;L,"121,186,238,114,272",-4.17091,2.83208,-2.073,,
N;S;S;R;W,K;T;W;D;C,"233,214,58,90,257",-4.1829,2.40164,2.40869,4.81033,-8.99323
T;R;S;S;G,L;K;Y;T;P,"72,53,269,214,243",-4.18589,2.10066,1.73112,3.83178,-8.017669999999999
N;S;S;S;P,Y;Q;E;P;K,"37,188,136,245,120",-4.18762,1.84971,-0.768642,1.081068,-5.268688
T;T;M;Q;W,V;M;L;L;P,"198,51,262,182,185",-4.20027,3.03477,0.00422375,3.03899375,-7.239263749999999
S;D;R;S;W,E;H;A;T;C,"121,186,280,214,257",-4.20508,1.07516,2.40869,3.48385,-7.688929999999999
S;T;R;S;W,A;V;A;T;P,"124,198,280,214,185",-4.20848,2.1529,0.00422375,2.15712375,-6.36560375
S;D;R;T;L,E;H;A;Y;P,"121,186,280,189,216",-4.21673,1.59074,1.17536,2.7661,-6.98283
S;H;T;M;S,P;M;M;L;D,"245,104,29,262,103",-4.22437,1.96403,1.28938,3.2534099999999997,-7.47778
S;T;I;T;G,A;Y;R;E;P,"124,189,168,270,243",-4.22712,5.05558,1.73112,6.7867,-11.013819999999999
S;D;R;A;W,E;H;A;L;I,"121,186,280,65,159",-4.23495,1.50316,1.51695,3.02011,-7.25506
S;H;T;S;Q,P;M;M;W;P,"245,104,29,58,127",-4.2388,1.79588,1.5029,3.29878,-7.53758
S;D;S;N;M,E;H;Y;K;P,"121,186,238,114,222",-4.23906,2.83208,1.39237,4.22445,-8.46351
A;M;G;N;M,M;L;A;K;P,"135,154,165,233,222",-4.24633,2.61474,1.39237,4.00711,-8.253440000000001
S;H;T;S;I,P;M;M;W;R,"245,104,29,58,218",-4.24644,1.79588,1.07089,2.86677,-7.11321
S;D;R;T;W,E;H;A;L;I,"121,186,280,72,159",-4.24748,1.88057,1.51695,3.39752,-7.6450000000000005
N;S;S;R;G,K;T;W;D;P,"233,214,58,90,243",-4.24836,2.40164,1.73112,4.13276,-8.38112
S;D;T;Q;A,E;H;P;L;D,"121,186,116,182,130",-4.25178,4.19138,2.46161,6.652989999999999,-10.90477
T;T;M;Q;M,V;M;L;L;P,"198,51,262,182,222",-4.25656,3.03477,1.39237,4.42714,-8.6837
S;D;T;E;P,E;H;P;K;K,"121,186,116,231,120",-4.2705,6.58675,-0.768642,5.8181080000000005,-10.088608
S;D;R;T;W,E;H;A;L;K,"121,186,280,72,257",-4.27565,1.88057,1.47425,3.35482,-7.63047
S;D;R;T;Y,E;H;A;Y;G,"121,186,280,189,63",-4.27671,1.59074,-1.32041,0.27032999999999996,-4.547039999999999
S;D;R;L;S,E;H;A;M;D,"121,186,280,216,103",-4.27949,0.746184,1.28938,2.035564,-6.315054
S;D;R;E;Q,E;H;A;K;F,"121,186,280,231,182",-4.28434,1.88215,-2.12573,,
S;D;R;Q;S,E;H;A;M;D,"121,186,280,127,103",-4.29449,1.52251,1.28938,2.81189,-7.10638
S;D;R;T;V,E;H;A;M;D,"121,186,280,51,57",-4.29548,1.79222,1.23826,3.03048,-7.32596
S;D;R;L;W,E;H;A;M;I,"121,186,280,216,159",-4.29561,0.746184,1.51695,2.263134,-6.558744
S;D;R;Q;G,E;H;A;M;I,"121,186,280,127,243",-4.29943,1.52251,2.1303,3.65281,-7.95224
N;N;N;S;Q,I;K;K;V;P,"114,205,233,269,127",-4.30069,1.78881,1.5029,3.29171,-7.5924000000000005
S;D;R;T;G,E;H;A;M;T,"121,186,280,51,254",-4.32485,1.79222,-4.84766,,
S;H;T;M;G,P;M;M;L;P,"245,104,29,262,243",-4.32562,1.96403,1.73112,3.69515,-8.020769999999999
A;M;G;Q;Q,M;L;A;M;F,"135,154,165,127,182",-4.34271,3.19369,-2.12573,,
T;K;D;S;N,E;L;L;T;Y,"270,252,220,214,244",-4.34699,4.53563,1.65088,6.18651,-10.5335
S;T;I;T;P,A;Y;R;E;K,"124,189,168,270,120",-4.34851,5.05558,-0.768642,4.286938,-8.635448
S;T;I;D;A,A;Y;R;L;L,"124,189,168,220,272",-4.34921,5.25397,-2.073,,
S;D;R;A;A,E;H;A;E;L,"121,186,280,152,272",-4.3584,1.40875,-2.073,,
S;D;R;L;G,E;H;A;M;I,"121,186,280,216,243",-4.36423,0.746184,2.1303,2.876484,-7.2407140000000005
N;S;S;S;S,Y;Q;E;P;D,"37,188,136,245,103",-4.36444,1.84971,1.28938,3.13909,-7.50353
N;S;S;R;W,K;T;W;D;P,"233,214,58,90,159",-4.36973,2.40164,1.19371,3.59535,-7.9650799999999995
S;T;I;N;G,A;Y;R;K;P,"124,189,168,114,243",-4.37285,4.66467,1.73112,6.39579,-10.76864
N;S;T;H;W,Y;Q;M;M;C,"37,188,29,104,257",-4.37512,1.62133,2.40869,4.03002,-8.40514
A;M;L;N;Q,M;L;F;Y;H,"135,154,117,37,127",-4.37915,2.34832,1.53114,3.87946,-8.258610000000001
S;D;R;L;P,E;H;A;M;Q,"121,186,280,216,38",-4.38761,0.746184,1.58069,2.326874,-6.714484
S;G;S;M;W,W;A;E;L;P,"58,165,136,262,159",-4.38894,2.29813,1.19371,3.49184,-7.88078
N;N;N;S;G,I;K;K;V;P,"114,205,233,269,243",-4.3938,1.78881,1.73112,3.51993,-7.913729999999999
N;S;T;H;G,Y;Q;M;M;P,"37,188,29,104,243",-4.3964,1.62133,1.73112,3.35245,-7.74885
S;D;R;T;W,E;H;A;L;P,"121,186,280,72,159",-4.39664,1.88057,1.19371,3.07428,-7.47092
D;L;N;S;L,L;F;K;Y;P,"220,117,233,269,216",-4.4055,2.47846,1.17536,3.65382,-8.05932
D;L;N;S;Y,L;F;K;Y;T,"220,117,233,269,63",-4.40595,2.47846,-0.214622,2.2638380000000002,-6.6697880000000005
S;D;R;E;A,E;H;A;K;D,"121,186,280,231,130",-4.40846,1.88215,2.46161,4.34376,-8.75222
S;D;R;E;W,E;H;A;K;K,"121,186,280,231,257",-4.41241,1.88215,1.47425,3.3564,-7.76881
S;I;E;N;Q,Q;R;K;K;H,"188,168,231,114,127",-4.42066,4.79974,1.53114,6.33088,-10.751539999999999
N;S;S;R;W,K;T;W;D;P,"233,214,58,90,185",-4.42703,2.40164,0.00422375,2.40586375,-6.83289375
S;G;S;M;W,W;A;E;L;P,"58,165,136,262,185",-4.43268,2.29813,0.00422375,2.30235375,-6.73503375
S;H;T;M;W,P;M;M;L;K,"245,104,29,262,257",-4.43481,1.96403,1.47425,3.43828,-7.8730899999999995
S;D;R;L;Y,E;H;A;M;S,"121,186,280,216,63",-4.45121,0.746184,-1.05409,-0.307906,-4.143304
N;S;T;H;W,Y;Q;M;M;K,"37,188,29,104,257",-4.4569,1.62133,1.47425,3.09558,-7.55248
A;M;L;N;G,M;L;F;Y;P,"135,154,117,37,243",-4.46626,2.34832,1.73112,4.07944,-8.5457
S;D;R;A;C,E;H;A;L;D,"121,186,280,65,289",-4.46763,1.50316,1.83462,3.33778,-7.80541
N;S;S;S;Y,Y;Q;E;P;G,"37,188,136,245,63",-4.46896,1.84971,-1.32041,0.5292999999999999,-4.99826
T;R;S;S;P,L;K;Y;T;Q,"72,53,269,214,38",-4.47222,2.10066,1.58069,3.68135,-8.15357
S;H;T;S;W,P;M;M;W;K,"245,104,29,58,257",-4.47558,1.79588,1.47425,3.27013,-7.74571
S;D;R;Q;M,E;H;A;M;P,"121,186,280,127,222",-4.47665,1.52251,1.39237,2.91488,-7.39153
T;T;T;T;I,L;M;E;V;R,"72,51,270,198,218",-4.48589,4.06726,1.07089,5.1381499999999996,-9.62404
T;R;S;S;W,L;K;Y;T;P,"72,53,269,214,185",-4.4879,2.10066,0.00422375,2.10488375,-6.59278375
T;R;S;S;Y,L;K;Y;T;T,"72,53,269,214,63",-4.50041,2.10066,-0.214622,1.8860379999999999,-6.386448
S;D;R;D;Y,E;H;A;L;G,"121,186,280,220,63",-4.50434,2.15121,-1.32041,0.8307999999999998,-5.33514
N;S;T;H;Q,Y;Q;M;M;H,"37,188,29,104,127",-4.509,1.62133,1.53114,3.15247,-7.6614700000000004
D;L;N;Q;N,L;F;K;M;P,"220,117,233,127,277",-4.5104,3.80149,1.65895,5.46044,-9.970839999999999
S;G;S;M;N,W;A;E;L;Y,"58,165,136,262,244",-4.51419,2.29813,1.65088,3.94901,-8.4632
S;I;E;N;S,Q;R;K;K;N,"188,168,231,114,103",-4.52088,4.79974,1.48912,6.28886,-10.80974
S;H;T;S;S,P;M;M;W;D,"245,104,29,58,103",-4.5346,1.79588,1.28938,3.08526,-7.61986
S;G;S;M;M,W;A;E;L;P,"58,165,136,262,222",-4.53881,2.29813,1.39237,3.6905,-8.22931
A;M;L;N;W,M;L;F;Y;K,"135,154,117,37,257",-4.54156,2.34832,1.47425,3.8225700000000002,-8.36413
N;S;T;H;G,Y;Q;M;M;T,"37,188,29,104,251",-4.54214,1.62133,1.39182,3.01315,-7.555289999999999
T;T;N;N;N,L;M;K;K;P,"72,51,233,114,277",-4.55115,3.42408,1.65895,5.08303,-9.63418
S;D;R;T;K,E;H;A;L;Y,"121,186,280,72,253",-4.55733,1.88057,-2.49422,,
S;D;R;A;P,E;H;A;E;L,"121,186,280,152,38",-4.5683,1.40875,1.38115,2.7899000000000003,-7.3582
S;D;T;Q;P,E;H;P;L;K,"121,186,116,182,120",-4.56991,4.19138,-0.768642,3.422738,-7.992648
N;S;S;S;P,Y;Q;E;P;Q,"37,188,136,245,38",-4.57501,1.84971,1.58069,3.4303999999999997,-8.00541
S;D;R;T;G,E;H;A;M;P,"121,186,280,51,243",-4.58093,1.79222,1.73112,3.52334,-8.10427
S;D;R;T;Q,E;H;A;Y;P,"121,186,280,189,127",-4.58103,1.59074,1.5029,3.0936399999999997,-7.67467
S;D;R;A;Y,E;H;A;L;G,"121,186,280,65,63",-4.5822,1.50316,-1.32041,0.18274999999999997,-4.764950000000001
S;D;R;A;Y,E;H;A;E;S,"121,186,280,152,63",-4.58441,1.40875,-1.05409,0.35466,-4.93907
A;M;R;G;M,M;L;N;A;P,"135,154,90,165,222",-4.58815,2.37909,1.39237,3.7714600000000003,-8.35961
S;D;R;A;W,E;H;A;E;K,"121,186,280,152,257",-4.59338,1.40875,1.47425,2.883,-7.47638
S;D;R;D;Y,E;H;A;L;T,"121,186,280,220,63",-4.60211,2.15121,-0.214622,1.9365879999999998,-6.538697999999999
S;H;T;S;M,P;M;M;W;P,"245,104,29,58,222",-4.61205,1.79588,1.39237,3.18825,-7.8003
T;T;M;R;M,V;M;L;D;P,"198,51,262,90,222",-4.6261,2.75602,1.39237,4.14839,-8.77449
S;D;R;Q;Y,E;H;A;M;T,"121,186,280,127,63",-4.63541,1.52251,-0.214622,1.307888,-5.943298
A;M;G;N;W,M;L;A;K;P,"135,154,165,233,159",-4.63991,2.61474,1.19371,3.8084499999999997,-8.448360000000001
N;S;S;R;M,K;T;W;D;P,"233,214,58,90,222",-4.64868,2.40164,1.39237,3.79401,-8.442689999999999
S;I;E;S;W,Q;R;K;E;P,"188,168,231,136,185",-4.65321,5.68401,0.00422375,5.68823375,-10.34144375
D;L;N;Q;Q,L;F;K;M;F,"220,117,233,127,182",-4.65506,3.80149,-2.12573,,
S;D;R;S;S,E;H;A;T;D,"121,186,280,214,103",-4.65796,1.07516,1.28938,2.36454,-7.0225
S;T;I;N;A,A;Y;R;K;D,"124,189,168,114,130",-4.66253,4.66467,2.46161,7.1262799999999995,-11.78881
S;D;R;E;Q,E;H;A;K;H,"121,186,280,231,127",-4.66403,1.88215,1.53114,3.41329,-8.07732
N;N;N;S;N,I;K;K;V;Y,"114,205,233,269,244",-4.66738,1.78881,1.65088,3.4396899999999997,-8.10707
A;M;R;G;L,M;L;N;A;P,"135,154,90,165,216",-4.66911,2.37909,1.17536,3.55445,-8.223559999999999
T;R;S;S;L,L;K;Y;T;P,"72,53,269,214,216",-4.67595,2.10066,1.17536,3.27602,-7.95197
S;D;R;T;Y,E;H;A;L;T,"121,186,280,72,63",-4.69065,1.88057,-0.214622,1.665948,-6.356598
T;T;N;N;Q,V;M;K;K;F,"198,51,233,114,182",-4.6952,3.19949,-2.12573,,
S;D;R;A;P,E;H;A;L;Q,"121,186,280,65,38",-4.70142,1.50316,1.58069,3.08385,-7.78527
S;D;S;N;P,E;H;Y;K;K,"121,186,238,114,120",-4.70429,2.83208,-0.768642,2.0634379999999997,-6.767728
S;H;T;S;G,P;M;M;W;P,"245,104,29,58,243",-4.70491,1.79588,1.73112,3.527,-8.23191
S;D;R;S;Y,E;H;A;T;T,"121,186,280,214,63",-4.70676,1.07516,-0.214622,0.8605379999999999,-5.567298
S;T;R;S;Q,A;V;A;T;H,"124,198,280,214,127",-4.70772,2.1529,1.53114,3.6840399999999995,-8.39176
S;D;R;A;G,E;H;A;L;I,"121,186,280,65,243",-4.71277,1.50316,2.1303,3.6334600000000004,-8.34623
S;D;T;Q;N,E;H;P;L;Y,"121,186,116,182,244",-4.71781,4.19138,1.65088,5.84226,-10.56007
S;D;T;S;Q,E;H;P;F;H,"121,186,116,238,127",-4.71962,4.39699,1.53114,5.9281299999999995,-10.647749999999998
N;S;T;H;Q,Y;Q;M;M;P,"37,188,29,104,127",-4.72184,1.62133,1.5029,3.12423,-7.84607
S;D;R;S;C,E;H;A;T;L,"121,186,280,214,289",-4.72225,1.07516,1.40303,2.4781899999999997,-7.2004399999999995
S;D;T;S;A,E;H;P;F;D,"121,186,116,238,130",-4.72574,4.39699,2.46161,6.858599999999999,-11.58434
S;D;R;D;M,E;H;A;L;P,"121,186,280,220,222",-4.73284,2.15121,1.39237,3.54358,-8.27642
S;D;R;D;A,E;H;A;L;L,"121,186,280,220,272",-4.74283,2.15121,-2.073,,
N;N;N;S;Q,I;K;K;V;F,"114,205,233,269,182",-4.76317,1.78881,-2.12573,,
A;M;L;N;M,M;L;F;Y;P,"135,154,117,37,222",-4.77156,2.34832,1.39237,3.7406900000000003,-8.51225
N;N;N;S;M,I;K;K;V;P,"114,205,233,269,222",-4.7809,1.78881,1.39237,3.1811800000000003,-7.96208
S;H;T;M;M,P;M;M;L;P,"245,104,29,262,222",-4.79313,1.96403,1.39237,3.3564,-8.149529999999999
S;D;R;S;W,E;H;A;T;P,"121,186,280,214,159",-4.79328,1.07516,1.19371,2.2688699999999997,-7.06215
D;L;N;S;Y,L;F;K;Y;G,"220,117,233,269,63",-4.80275,2.47846,-1.32041,1.15805,-5.9608
N;S;T;H;M,Y;Q;M;M;P,"37,188,29,104,222",-4.80708,1.62133,1.39237,3.0137,-7.82078
T;T;T;T;N,L;M;E;V;P,"72,51,270,198,277",-4.8121,4.06726,1.65895,5.72621,-10.53831
S;D;R;T;L,E;H;A;L;P,"121,186,280,72,216",-4.81272,1.88057,1.17536,3.05593,-7.86865
S;T;N;D;N,M;V;K;L;Y,"238,198,114,220,244",-4.81385,4.37095,1.65088,6.02183,-10.83568
S;H;T;S;L,P;M;M;W;P,"245,104,29,58,216",-4.82683,1.79588,1.17536,2.97124,-7.79807
S;D;R;T;G,E;H;A;L;P,"121,186,280,72,243",-4.82875,1.88057,1.73112,3.6116900000000003,-8.44044
S;D;R;A;S,E;H;A;L;D,"121,186,280,65,103",-4.83081,1.50316,1.28938,2.79254,-7.623349999999999
S;D;R;E;M,E;H;A;K;P,"121,186,280,231,222",-4.83385,1.88215,1.39237,3.27452,-8.10837
T;S;S;K;A,P;N;P;L;D,"116,238,290,252,130",-4.83491,5.29036,2.46161,7.75197,-12.58688
S;D;R;E;P,E;H;A;K;K,"121,186,280,231,120",-4.8397,1.88215,-0.768642,1.113508,-5.953208
S;D;R;S;G,E;H;A;T;P,"121,186,280,214,243",-4.84941,1.07516,1.73112,2.80628,-7.65569
N;S;S;S;Y,Y;Q;E;P;T,"37,188,136,245,63",-4.85583,1.84971,-0.214622,1.6350879999999999,-6.490918
T;T;T;T;N,L;M;E;V;Y,"72,51,270,198,244",-4.85597,4.06726,1.65088,5.71814,-10.574110000000001
T;T;N;N;I,V;M;K;K;R,"198,51,233,114,218",-4.86129,3.19949,1.07089,4.270379999999999,-9.13167
S;D;R;T;Q,E;H;A;M;F,"121,186,280,51,182",-4.86279,1.79222,-2.12573,,
A;M;L;N;W,M;L;F;Y;P,"135,154,117,37,185",-4.86659,2.34832,0.00422375,2.35254375,-7.219133750000001
S;D;T;Q;A,E;H;P;L;L,"121,186,116,182,272",-4.86788,4.19138,-2.073,,
S;D;R;L;A,E;H;A;M;L,"121,186,280,216,272",-4.86843,0.746184,-2.073,,
D;L;N;Q;N,L;F;K;M;Y,"220,117,233,127,244",-4.86935,3.80149,1.65088,5.45237,-10.32172
S;D;R;A;Q,E;H;A;E;H,"121,186,280,152,127",-4.87312,1.40875,1.53114,2.93989,-7.81301
S;T;I;D;N,A;Y;R;L;Y,"124,189,168,220,244",-4.87432,5.25397,1.65088,6.90485,-11.77917
N;N;N;S;W,I;K;K;V;K,"114,205,233,269,257",-4.88058,1.78881,1.47425,3.2630600000000003,-8.143640000000001
S;D;R;T;W,E;H;A;L;P,"121,186,280,72,185",-4.88382,1.88057,0.00422375,1.88479375,-6.76861375
D;L;N;S;Q,L;F;K;Y;P,"220,117,233,269,127",-4.8921,2.47846,1.5029,3.98136,-8.87346
A;M;R;G;P,M;L;N;A;K,"135,154,90,165,120",-4.89333,2.37909,-0.768642,1.610448,-6.503778
T;T;T;T;Q,L;M;E;V;F,"72,51,270,198,182",-4.896,4.06726,-2.12573,,
A;M;G;Q;N,M;L;A;M;P,"135,154,165,127,277",-4.89878,3.19369,1.65895,4.85264,-9.75142
N;N;N;S;A,I;K;K;V;L,"114,205,233,269,272",-4.89942,1.78881,-2.073,,
S;H;T;S;W,P;M;M;W;P,"245,104,29,58,185",-4.91072,1.79588,0.00422375,1.80010375,-6.71082375
N;S;S;S;Q,Y;Q;E;P;F,"37,188,136,245,182",-4.9116,1.84971,-2.12573,,
T;T;T;S;Q,L;M;E;F;H,"72,51,270,238,127",-4.91204,4.13032,1.53114,5.66146,-10.5735
T;T;M;Q;N,V;M;L;L;P,"198,51,262,182,277",-4.91463,3.03477,1.65895,4.69372,-9.60835
S;D;R;T;P,E;H;A;L;Q,"121,186,280,72,38",-4.91566,1.88057,1.58069,3.4612600000000002,-8.37692
S;T;I;N;Q,A;Y;R;K;H,"124,189,168,114,127",-4.91868,4.66467,1.53114,6.19581,-11.11449
S;D;R;S;M,E;H;A;T;P,"121,186,280,214,222",-4.92291,1.07516,1.39237,2.46753,-7.39044
S;D;R;D;W,E;H;A;L;P,"121,186,280,220,185",-4.9234,2.15121,0.00422375,2.15543375,-7.078833749999999
T;T;T;S;W,L;M;E;F;P,"72,51,270,238,185",-4.92544,4.13032,0.00422375,4.134543750000001,-9.05998375
S;D;R;Q;W,E;H;A;M;P,"121,186,280,127,185",-4.92626,1.52251,0.00422375,1.52673375,-6.45299375
N;S;S;S;M,Y;Q;E;P;P,"37,188,136,245,222",-4.9272,1.84971,1.39237,3.24208,-8.16928
S;D;R;T;W,E;H;A;M;P,"121,186,280,51,185",-4.93014,1.79222,0.00422375,1.79644375,-6.72658375
S;D;R;Q;W,E;H;A;M;C,"121,186,280,127,257",-4.93252,1.52251,2.40869,3.9312,-8.86372
N;S;T;H;Y,Y;Q;M;M;G,"37,188,29,104,63",-4.94745,1.62133,-1.32041,0.30091999999999985,-5.2483699999999995
A;M;R;G;N,M;L;N;A;Y,"135,154,90,165,244",-4.95005,2.37909,1.65088,4.0299700000000005,-8.98002
A;M;R;G;Q,M;L;N;A;F,"135,154,90,165,182",-4.96962,2.37909,-2.12573,,
S;D;R;A;L,E;H;A;L;P,"121,186,280,65,216",-4.97135,1.50316,1.17536,2.67852,-7.64987
T;T;N;N;N,V;M;K;K;P,"198,51,233,114,277",-4.99397,3.19949,1.65895,4.85844,-9.852409999999999
S;D;R;E;W,E;H;A;K;C,"121,186,280,231,257",-4.99925,1.88215,2.40869,4.29084,-9.29009
S;H;T;M;W,P;M;M;L;P,"245,104,29,262,185",-5.00139,1.96403,0.00422375,1.96825375,-6.9696437499999995
S;D;R;A;W,E;H;A;E;I,"121,186,280,152,159",-5.00434,1.40875,1.51695,2.9257,-7.93004
S;D;R;S;Y,E;H;A;T;G,"121,186,280,214,63",-5.00982,1.07516,-1.32041,-0.2452500000000002,-4.76457
S;H;T;M;W,P;M;M;L;P,"245,104,29,262,159",-5.01808,1.96403,1.19371,3.15774,-8.17582
S;D;R;A;I,E;H;A;E;R,"121,186,280,152,218",-5.02226,1.40875,1.07089,2.47964,-7.5019
S;D;T;E;N,E;H;P;K;Y,"121,186,116,231,244",-5.02343,6.58675,1.65088,8.23763,-13.26106
T;T;T;S;N,L;M;E;F;P,"72,51,270,238,277",-5.03358,4.13032,1.65895,5.78927,-10.822849999999999
S;D;R;T;Y,E;H;A;M;T,"121,186,280,51,63",-5.0374,1.79222,-0.214622,1.5775979999999998,-6.614998
T;T;T;T;A,L;M;E;V;D,"72,51,270,198,130",-5.03929,4.06726,2.46161,6.5288699999999995,-11.568159999999999
S;D;R;T;Q,E;H;A;L;P,"121,186,280,72,127",-5.04823,1.88057,1.5029,3.38347,-8.4317
S;I;E;N;N,Q;R;K;K;Y,"188,168,231,114,244",-5.06787,4.79974,1.65088,6.45062,-11.51849
S;H;T;M;L,P;M;M;L;P,"245,104,29,262,216",-5.07159,1.96403,1.17536,3.1393899999999997,-8.21098
N;S;S;S;Q,Y;Q;E;P;P,"37,188,136,245,127",-5.07299,1.84971,1.5029,3.35261,-8.4256
A;M;R;G;W,M;L;N;A;P,"135,154,90,165,185",-5.07689,2.37909,0.00422375,2.38331375,-7.46020375
T;T;T;S;I,L;M;E;F;R,"72,51,270,238,218",-5.07711,4.13032,1.07089,5.20121,-10.27832
T;R;S;S;W,L;K;Y;T;P,"72,53,269,214,159",-5.07713,2.10066,1.19371,3.29437,-8.371500000000001
S;D;R;D;W,E;H;A;L;P,"121,186,280,220,159",-5.09328,2.15121,1.19371,3.34492,-8.4382
S;D;R;A;Y,E;H;A;L;T,"121,186,280,65,63",-5.09388,1.50316,-0.214622,1.288538,-6.382418
S;D;R;T;Y,E;H;A;M;G,"121,186,280,51,63",-5.09989,1.79222,-1.32041,0.47180999999999984,-5.5717
S;D;R;T;I,E;H;A;L;R,"121,186,280,72,218",-5.10808,1.88057,1.07089,2.95146,-8.05954
S;D;R;L;W,E;H;A;M;K,"121,186,280,216,257",-5.13033,0.746184,1.47425,2.220434,-7.350764
T;T;N;N;Q,V;M;K;K;H,"198,51,233,114,127",-5.13064,3.19949,1.53114,4.73063,-9.86127
S;T;R;S;A,A;V;A;T;L,"124,198,280,214,272",-5.14358,2.1529,-2.073,,
T;S;S;T;G,P;N;P;E;H,"116,238,290,270,251",-5.15103,5.17498,1.17609,6.35107,-11.5021
N;S;S;S;W,Y;Q;E;P;P,"37,188,136,245,185",-5.15295,1.84971,0.00422375,1.85393375,-7.00688375
S;D;R;S;W,E;H;A;T;P,"121,186,280,214,185",-5.17722,1.07516,0.00422375,1.0793837499999999,-6.25660375
N;S;S;R;N,K;T;W;D;Y,"233,214,58,90,244",-5.18199,2.40164,1.65088,4.0525199999999995,-9.23451
T;S;S;T;A,P;N;P;E;D,"116,238,290,270,130",-5.18737,5.17498,2.46161,7.63659,-12.82396
S;T;I;T;A,A;Y;R;E;D,"124,189,168,270,130",-5.19311,5.05558,2.46161,7.517189999999999,-12.7103
S;D;R;T;W,E;H;A;M;C,"121,186,280,51,257",-5.20161,1.79222,2.40869,4.20091,-9.402519999999999
S;D;S;N;N,E;H;Y;K;P,"121,186,238,114,277",-5.20277,2.83208,1.65895,4.49103,-9.6938
T;T;M;R;N,V;M;L;D;P,"198,51,262,90,277",-5.20387,2.75602,1.65895,4.41497,-9.61884
N;S;T;H;W,Y;Q;M;M;P,"37,188,29,104,185",-5.21829,1.62133,0.00422375,1.62555375,-6.84384375
A;M;R;G;W,M;L;N;A;P,"135,154,90,165,159",-5.22343,2.37909,1.19371,3.5728,-8.79623
S;D;R;S;C,E;H;A;T;D,"121,186,280,214,289",-5.22414,1.07516,1.83462,2.9097799999999996,-8.13392
T;T;M;Q;N,V;M;L;L;Y,"198,51,262,182,244",-5.23164,3.03477,1.65088,4.68565,-9.91729
N;S;T;H;P,Y;Q;M;M;K,"37,188,29,104,120",-5.24937,1.62133,-0.768642,0.8526879999999999,-6.1020579999999995
S;D;R;T;G,E;H;A;Y;P,"121,186,280,189,243",-5.26372,1.59074,1.73112,3.32186,-8.58558
N;S;S;S;G,Y;Q;E;P;P,"37,188,136,245,243",-5.27292,1.84971,1.73112,3.5808299999999997,-8.85375
S;D;R;T;I,E;H;A;M;R,"121,186,280,51,218",-5.30237,1.79222,1.07089,2.86311,-8.165479999999999
S;D;R;T;P,E;H;A;M;K,"121,186,280,51,120",-5.30827,1.79222,-0.768642,1.0235779999999999,-6.331848
S;D;R;A;C,E;H;A;L;L,"121,186,280,65,289",-5.32584,1.50316,1.40303,2.90619,-8.23203
N;S;S;R;N,K;T;W;D;P,"233,214,58,90,277",-5.32697,2.40164,1.65895,4.0605899999999995,-9.38756
S;D;R;L;Y,E;H;A;M;G,"121,186,280,216,63",-5.32884,0.746184,-1.32041,-0.5742260000000001,-4.754613999999999
A;M;R;G;Q,M;L;N;A;H,"135,154,90,165,127",-5.33365,2.37909,1.53114,3.9102300000000003,-9.24388
S;D;R;L;M,E;H;A;M;P,"121,186,280,216,222",-5.33962,0.746184,1.39237,2.138554,-7.478174
T;R;S;S;W,L;K;Y;T;C,"72,53,269,214,257",-5.34147,2.10066,2.40869,4.5093499999999995,-9.850819999999999
S;D;R;A;Y,E;H;A;E;G,"121,186,280,152,63",-5.34496,1.40875,-1.32041,0.08833999999999986,-5.4333
S;T;R;S;W,A;V;A;T;P,"124,198,280,214,159",-5.3536,2.1529,1.19371,3.34661,-8.70021
A;M;G;Q;N,M;L;A;M;Y,"135,154,165,127,244",-5.35705,3.19369,1.65088,4.84457,-10.20162
T;T;N;N;A,L;M;K;K;L,"72,51,233,114,272",-5.36595,3.42408,-2.073,,
N;N;N;S;W,I;K;K;V;P,"114,205,233,269,159",-5.36705,1.78881,1.19371,2.98252,-8.34957
S;D;R;T;P,E;H;A;L;K,"121,186,280,72,120",-5.36992,1.88057,-0.768642,1.111928,-6.481847999999999
S;D;T;S;N,E;H;P;F;Y,"121,186,116,238,244",-5.3721,4.39699,1.65088,6.04787,-11.41997
A;M;G;N;A,M;L;A;K;L,"135,154,165,233,272",-5.37337,2.61474,-2.073,,
N;S;T;H;W,Y;Q;M;M;P,"37,188,29,104,159",-5.37681,1.62133,1.19371,2.8150399999999998,-8.191849999999999
D;L;N;S;G,L;F;K;Y;T,"220,117,233,269,254",-5.38447,2.47846,-4.84766,,
T;T;T;T;G,L;M;E;V;H,"72,51,270,198,251",-5.40183,4.06726,1.17609,5.24335,-10.64518
S;D;R;T;Q,E;H;A;Y;H,"121,186,280,189,127",-5.40643,1.59074,1.53114,3.12188,-8.528310000000001
S;D;R;T;Q,E;H;A;M;P,"121,186,280,51,127",-5.40876,1.79222,1.5029,3.29512,-8.70388
N;N;N;S;A,I;K;K;V;D,"114,205,233,269,130",-5.41291,1.78881,2.46161,4.25042,-9.66333
S;D;R;Q;I,E;H;A;M;R,"121,186,280,127,218",-5.41378,1.52251,1.07089,2.5934,-8.00718
S;T;R;S;N,A;V;A;T;P,"124,198,280,214,277",-5.42172,2.1529,1.65895,3.8118499999999997,-9.23357
S;D;S;N;W,E;H;Y;K;P,"121,186,238,114,159",-5.43984,2.83208,1.19371,4.02579,-9.46563
S;D;R;L;G,E;H;A;M;P,"121,186,280,216,243",-5.45297,0.746184,1.73112,2.477304,-7.930274
T;T;N;N;N,V;M;K;K;Y,"198,51,233,114,244",-5.45979,3.19949,1.65088,4.85037,-10.31016
S;D;R;D;I,E;H;A;L;R,"121,186,280,220,218",-5.46161,2.15121,1.07089,3.2220999999999997,-8.68371
T;R;S;S;M,L;K;Y;T;P,"72,53,269,214,222",-5.46624,2.10066,1.39237,3.49303,-8.95927
S;D;R;A;G,E;H;A;L;T,"121,186,280,65,251",-5.47662,1.50316,1.39182,2.8949800000000003,-8.3716
S;T;I;T;N,A;Y;R;E;P,"124,189,168,270,277",-5.48184,5.05558,1.65895,6.71453,-12.19637
S;I;E;S;A,Q;R;K;E;D,"188,168,231,136,130",-5.48767,5.68401,2.46161,8.14562,-13.633289999999999
S;D;R;T;W,E;H;A;M;K,"121,186,280,51,257",-5.4926,1.79222,1.47425,3.26647,-8.759070000000001
S;D;R;T;Q,E;H;A;M;H,"121,186,280,51,127",-5.50091,1.79222,1.53114,3.32336,-8.82427
S;D;R;L;R,E;H;A;M;Y,"121,186,280,216,123",-5.50264,0.746184,1.89278,2.6389639999999996,-8.141604000000001
A;M;G;N;N,M;L;A;K;P,"135,154,165,233,277",-5.51634,2.61474,1.65895,4.27369,-9.79003
T;T;N;N;N,L;M;K;K;Y,"72,51,233,114,244",-5.52035,3.42408,1.65088,5.07496,-10.59531
S;D;R;L;Y,E;H;A;M;T,"121,186,280,216,63",-5.52967,0.746184,-0.214622,0.531562,-6.061232
S;I;E;N;N,Q;R;K;K;P,"188,168,231,114,277",-5.53728,4.79974,1.65895,6.45869,-11.99597
D;L;N;S;M,L;F;K;Y;P,"220,117,233,269,222",-5.54053,2.47846,1.39237,3.87083,-9.41136
T;T;T;S;Q,L;M;E;F;F,"72,51,270,238,182",-5.5422,4.13032,-2.12573,,
N;N;N;S;I,I;K;K;V;R,"114,205,233,269,218",-5.54297,1.78881,1.07089,2.8597,-8.40267
S;D;R;A;Q,E;H;A;L;P,"121,186,280,65,127",-5.5546,1.50316,1.5029,3.0060599999999997,-8.560659999999999
S;D;R;A;W,E;H;A;L;K,"121,186,280,65,257",-5.55621,1.50316,1.47425,2.97741,-8.533619999999999
S;G;S;M;I,W;A;E;L;R,"58,165,136,262,218",-5.56603,2.29813,1.07089,3.36902,-8.93505
A;M;R;G;N,M;L;N;A;P,"135,154,90,165,277",-5.56775,2.37909,1.65895,4.0380400000000005,-9.60579
S;D;R;A;Y,E;H;A;E;T,"121,186,280,152,63",-5.56777,1.40875,-0.214622,1.1941279999999999,-6.761898
S;D;R;Q;G,E;H;A;M;P,"121,186,280,127,243",-5.58714,1.52251,1.73112,3.2536300000000002,-8.84077
A;M;L;N;A,M;L;F;Y;L,"135,154,117,37,272",-5.58912,2.34832,-2.073,,
S;D;R;L;W,E;H;A;M;C,"121,186,280,216,257",-5.59661,0.746184,2.40869,3.154874,-8.751484
S;D;R;L;Q,E;H;A;M;P,"121,186,280,216,127",-5.60497,0.746184,1.5029,2.249084,-7.854054
S;D;R;A;W,E;H;A;E;P,"121,186,280,152,185",-5.61136,1.40875,0.00422375,1.41297375,-7.02433375
T;T;M;Q;Q,V;M;L;L;H,"198,51,262,182,127",-5.615,3.03477,1.53114,4.56591,-10.18091
S;D;R;A;M,E;H;A;L;P,"121,186,280,65,222",-5.68728,1.50316,1.39237,2.89553,-8.58281
S;D;R;T;W,E;H;A;L;C,"121,186,280,72,257",-5.6951,1.88057,2.40869,4.2892600000000005,-9.98436
S;D;R;S;A,E;H;A;T;L,"121,186,280,214,272",-5.69517,1.07516,-2.073,,
A;M;L;N;N,M;L;F;Y;P,"135,154,117,37,277",-5.70191,2.34832,1.65895,4.00727,-9.70918
S;D;R;T;W,E;H;A;Y;P,"121,186,280,189,185",-5.70218,1.59074,0.00422375,1.59496375,-7.29714375
N;N;N;S;W,I;K;K;V;P,"114,205,233,269,185",-5.71293,1.78881,0.00422375,1.79303375,-7.50596375
S;D;R;E;Q,E;H;A;K;P,"121,186,280,231,127",-5.73033,1.88215,1.5029,3.3850499999999997,-9.11538
S;D;R;T;S,E;H;A;Y;D,"121,186,280,189,103",-5.73196,1.59074,1.28938,2.88012,-8.612079999999999
S;D;R;T;M,E;H;A;M;P,"121,186,280,51,222",-5.74796,1.79222,1.39237,3.18459,-8.932549999999999
S;D;R;L;P,E;H;A;M;K,"121,186,280,216,120",-5.7511,0.746184,-0.768642,-0.02245800000000009,-5.728642
S;D;S;N;Q,E;H;Y;K;H,"121,186,238,114,127",-5.75114,2.83208,1.53114,4.36322,-10.114360000000001
N;S;T;H;S,Y;Q;M;M;N,"37,188,29,104,103",-5.75237,1.62133,1.48912,3.11045,-8.86282
N;S;S;S;W,Y;Q;E;P;P,"37,188,136,245,159",-5.75459,1.84971,1.19371,3.0434200000000002,-8.798010000000001
E;Q;T;Q;A,K;L;L;L;Y,"231,182,72,127,215",-5.76467,7.66695,1.96209,9.62904,-15.393709999999999
S;H;T;M;Q,P;M;M;L;F,"245,104,29,262,182",-5.77329,1.96403,-2.12573,,
N;S;S;R;P,K;T;W;D;K,"233,214,58,90,120",-5.77401,2.40164,-0.768642,1.632998,-7.407007999999999
T;T;T;S;A,L;M;E;F;D,"72,51,270,238,130",-5.77899,4.13032,2.46161,6.59193,-12.37092
A;M;G;N;N,M;L;A;K;Y,"135,154,165,233,244",-5.77983,2.61474,1.65088,4.26562,-10.045449999999999
S;G;S;M;N,W;A;E;L;P,"58,165,136,262,277",-5.78266,2.29813,1.65895,3.95708,-9.73974
S;D;R;Q;A,E;H;A;M;L,"121,186,280,127,272",-5.78593,1.52251,-2.073,,
D;L;N;S;Q,L;F;K;Y;F,"220,117,233,269,182",-5.79346,2.47846,-2.12573,,
T;K;D;S;A,E;L;L;T;D,"270,252,220,214,130",-5.7954,4.53563,2.46161,6.99724,-12.792639999999999
D;L;N;Q;A,L;F;K;M;D,"220,117,233,127,130",-5.79623,3.80149,2.46161,6.2631,-12.05933
T;T;T;S;A,L;M;E;F;L,"72,51,270,238,272",-5.81501,4.13032,-2.073,,
N;S;S;S;Q,Y;Q;E;P;H,"37,188,136,245,127",-5.8204,1.84971,1.53114,3.3808499999999997,-9.20125
T;T;M;R;Q,V;M;L;D;H,"198,51,262,90,127",-5.82363,2.75602,1.53114,4.28716,-10.11079
S;D;T;S;P,E;H;P;F;K,"121,186,116,238,120",-5.86185,4.39699,-0.768642,3.628348,-9.490198
S;D;R;T;M,E;H;A;Y;P,"121,186,280,189,222",-5.88605,1.59074,1.39237,2.98311,-8.86916
S;D;R;Q;W,E;H;A;M;P,"121,186,280,127,159",-5.90731,1.52251,1.19371,2.71622,-8.623529999999999
S;I;E;Q;N,Q;R;K;L;Y,"188,168,231,182,244",-5.90732,5.154,1.65088,6.80488,-12.7122
N;S;S;R;A,K;T;W;D;L,"233,214,58,90,272",-5.91967,2.40164,-2.073,,
S;I;E;S;I,Q;R;K;E;H,"188,168,231,136,145",-5.91982,5.68401,1.30571,6.98972,-12.90954
S;D;R;E;W,E;H;A;K;P,"121,186,280,231,159",-5.92622,1.88215,1.19371,3.07586,-9.00208
S;H;T;M;Q,P;M;M;L;H,"245,104,29,262,127",-5.92625,1.96403,1.53114,3.49517,-9.42142
S;D;R;T;N,E;H;A;M;P,"121,186,280,51,277",-5.98823,1.79222,1.65895,3.45117,-9.4394
S;T;R;S;N,A;V;A;T;Y,"124,198,280,214,244",-6.00629,2.1529,1.65088,3.8037799999999997,-9.81007
S;T;I;D;Q,A;Y;R;L;F,"124,189,168,220,182",-6.01054,5.25397,-2.12573,,
A;M;G;N;A,M;L;A;K;D,"135,154,165,233,130",-6.01139,2.61474,2.46161,5.07635,-11.08774
S;D;S;N;N,E;H;Y;K;Y,"121,186,238,114,244",-6.01251,2.83208,1.65088,4.48296,-10.495470000000001
S;H;T;M;N,P;M;M;L;P,"245,104,29,262,277",-6.03248,1.96403,1.65895,3.62298,-9.65546
N;S;T;H;A,Y;Q;M;M;D,"37,188,29,104,130",-6.04231,1.62133,2.46161,4.08294,-10.12525
N;S;S;S;N,Y;Q;E;P;P,"37,188,136,245,277",-6.04359,1.84971,1.65895,3.50866,-9.55225
S;D;R;D;Q,E;H;A;L;H,"121,186,280,220,127",-6.0496,2.15121,1.53114,3.6823499999999996,-9.73195
S;D;R;A;A,E;H;A;L;L,"121,186,280,65,272",-6.07127,1.50316,-2.073,,
S;D;R;A;Q,E;H;A;E;P,"121,186,280,152,127",-6.10058,1.40875,1.5029,2.91165,-9.012229999999999
T;T;N;N;A,L;M;K;K;D,"72,51,233,114,130",-6.10145,3.42408,2.46161,5.88569,-11.98714
S;D;R;A;G,E;H;A;L;P,"121,186,280,65,243",-6.10842,1.50316,1.73112,3.23428,-9.3427
S;D;S;N;I,E;H;Y;K;R,"121,186,238,114,218",-6.11223,2.83208,1.07089,3.90297,-10.0152
N;S;S;R;I,K;T;W;D;R,"233,214,58,90,218",-6.135,2.40164,1.07089,3.47253,-9.60753
T;T;M;R;A,V;M;L;D;D,"198,51,262,90,130",-6.14607,2.75602,2.46161,5.21763,-11.3637
S;H;T;M;I,P;M;M;L;R,"245,104,29,262,218",-6.15866,1.96403,1.07089,3.0349199999999996,-9.19358
S;D;R;Q;N,E;H;A;M;P,"121,186,280,127,277",-6.16308,1.52251,1.65895,3.18146,-9.34454
T;R;S;S;N,L;K;Y;T;P,"72,53,269,214,277",-6.16386,2.10066,1.65895,3.75961,-9.92347
S;D;R;A;W,E;H;A;L;P,"121,186,280,65,185",-6.18746,1.50316,0.00422375,1.50738375,-7.6948437499999995
S;T;I;D;A,A;Y;R;L;Y,"124,189,168,220,215",-6.19371,5.25397,1.96209,7.21606,-13.40977
S;D;R;T;I,E;H;A;Y;R,"121,186,280,189,218",-6.19676,1.59074,1.07089,2.6616299999999997,-8.85839
S;D;R;L;W,E;H;A;M;P,"121,186,280,216,185",-6.2144,0.746184,0.00422375,0.7504077499999999,-6.96480775
S;D;R;A;W,E;H;A;L;C,"121,186,280,65,257",-6.22147,1.50316,2.40869,3.9118500000000003,-10.133320000000001
S;D;R;D;P,E;H;A;L;K,"121,186,280,220,120",-6.22816,2.15121,-0.768642,1.3825679999999998,-7.610728
T;T;M;R;N,V;M;L;D;Y,"198,51,262,90,244",-6.22989,2.75602,1.65088,4.4069,-10.636790000000001
A;M;G;N;S,M;L;A;K;N,"135,154,165,233,103",-6.23364,2.61474,1.48912,4.10386,-10.3375
S;D;T;S;Q,E;H;P;F;F,"121,186,116,238,182",-6.25636,4.39699,-2.12573,,
S;T;R;S;A,A;V;A;T;D,"124,198,280,214,130",-6.2787,2.1529,2.46161,4.614509999999999,-10.89321
D;L;N;S;N,L;F;K;Y;P,"220,117,233,269,277",-6.30952,2.47846,1.65895,4.13741,-10.44693
N;S;T;H;N,Y;Q;M;M;P,"37,188,29,104,277",-6.30984,1.62133,1.65895,3.28028,-9.59012
S;G;S;M;Q,W;A;E;L;H,"58,165,136,262,127",-6.3138,2.29813,1.53114,3.82927,-10.14307
S;H;T;S;N,P;M;M;W;Y,"245,104,29,58,244",-6.32021,1.79588,1.65088,3.44676,-9.76697
S;H;T;S;Q,P;M;M;W;H,"245,104,29,58,127",-6.32234,1.79588,1.53114,3.32702,-9.64936
D;L;N;S;W,L;F;K;Y;P,"220,117,233,269,185",-6.34326,2.47846,0.00422375,2.48268375,-8.82594375
A;M;L;N;N,M;L;F;Y;Y,"135,154,117,37,244",-6.34382,2.34832,1.65088,3.9992,-10.34302
S;D;R;T;W,E;H;A;Y;P,"121,186,280,189,159",-6.35066,1.59074,1.19371,2.78445,-9.135110000000001
S;D;R;A;W,E;H;A;E;P,"121,186,280,152,159",-6.36248,1.40875,1.19371,2.6024599999999998,-8.964939999999999
S;D;R;T;Q,E;H;A;L;H,"121,186,280,72,127",-6.38804,1.88057,1.53114,3.4117100000000002,-9.79975
S;G;S;M;S,W;A;E;L;N,"58,165,136,262,103",-6.40689,2.29813,1.48912,3.7872500000000002,-10.19414
S;D;R;A;W,E;H;A;E;C,"121,186,280,152,257",-6.41018,1.40875,2.40869,3.81744,-10.22762
A;M;L;N;Q,M;L;F;Y;F,"135,154,117,37,182",-6.41191,2.34832,-2.12573,,
S;D;R;T;A,E;H;A;L;L,"121,186,280,72,272",-6.42759,1.88057,-2.073,,
S;I;E;Q;A,Q;R;K;L;D,"188,168,231,182,130",-6.43743,5.154,2.46161,7.61561,-14.05304
S;D;R;L;W,E;H;A;M;P,"121,186,280,216,159",-6.4457,0.746184,1.19371,1.939894,-8.385594000000001
S;H;T;M;N,P;M;M;L;Y,"245,104,29,262,244",-6.44852,1.96403,1.65088,3.61491,-10.06343
D;L;N;S;N,L;F;K;Y;Y,"220,117,233,269,244",-6.47932,2.47846,1.65088,4.12934,-10.60866
A;M;R;G;A,M;L;N;A;D,"135,154,90,165,130",-6.48303,2.37909,2.46161,4.8407,-11.323730000000001
S;D;R;T;M,E;H;A;L;P,"121,186,280,72,222",-6.48407,1.88057,1.39237,3.27294,-9.757010000000001
S;D;R;A;N,E;H;A;E;P,"121,186,280,152,277",-6.48434,1.40875,1.65895,3.0677,-9.55204
S;H;T;S;N,P;M;M;W;P,"245,104,29,58,277",-6.48619,1.79588,1.65895,3.45483,-9.94102
S;D;R;E;N,E;H;A;K;Y,"121,186,280,231,244",-6.48971,1.88215,1.65088,3.53303,-10.022739999999999
S;D;R;E;N,E;H;A;K;P,"121,186,280,231,277",-6.51663,1.88215,1.65895,3.5411,-10.05773
T;R;S;S;N,L;K;Y;T;Y,"72,53,269,214,244",-6.57104,2.10066,1.65088,3.75154,-10.32258
D;L;N;S;Q,L;F;K;Y;H,"220,117,233,269,127",-6.57437,2.47846,1.53114,4.0096,-10.58397
D;L;N;S;G,L;F;K;Y;P,"220,117,233,269,243",-6.58253,2.47846,1.73112,4.20958,-10.792110000000001
N;N;N;S;N,I;K;K;V;P,"114,205,233,269,277",-6.62184,1.78881,1.65895,3.4477599999999997,-10.0696
T;T;M;Q;A,V;M;L;L;D,"198,51,262,182,130",-6.66234,3.03477,2.46161,5.49638,-12.15872
S;D;R;S;N,E;H;A;T;P,"121,186,280,214,277",-6.67032,1.07516,1.65895,2.73411,-9.40443
S;D;R;E;S,E;H;A;K;N,"121,186,280,231,103",-6.68912,1.88215,1.48912,3.37127,-10.06039
N;S;T;H;N,Y;Q;M;M;Y,"37,188,29,104,244",-6.70018,1.62133,1.65088,3.27221,-9.972389999999999
S;G;S;M;A,W;A;E;L;D,"58,165,136,262,130",-6.7373,2.29813,2.46161,4.75974,-11.49704
S;H;T;S;A,P;M;M;W;D,"245,104,29,58,130",-6.75254,1.79588,2.46161,4.25749,-11.01003
S;T;N;D;A,M;V;K;L;D,"238,198,114,220,130",-6.75578,4.37095,2.46161,6.832559999999999,-13.588339999999999
N;S;T;H;Q,Y;Q;M;M;F,"37,188,29,104,182",-6.79518,1.62133,-2.12573,,
S;T;I;T;N,A;Y;R;E;Y,"124,189,168,270,244",-6.79963,5.05558,1.65088,6.70646,-13.50609
S;D;R;A;W,E;H;A;L;P,"121,186,280,65,159",-6.81281,1.50316,1.19371,2.69687,-9.50968
N;S;S;R;Q,K;T;W;D;H,"233,214,58,90,127",-6.86537,2.40164,1.53114,3.93278,-10.79815
S;D;R;Q;S,E;H;A;M;N,"121,186,280,127,103",-6.87075,1.52251,1.48912,3.0116300000000003,-9.882380000000001
S;D;R;T;N,E;H;A;Y;P,"121,186,280,189,277",-6.87977,1.59074,1.65895,3.24969,-10.12946
S;D;R;T;A,E;H;A;Y;D,"121,186,280,189,130",-6.90094,1.59074,2.46161,4.05235,-10.953289999999999
N;S;S;R;S,K;T;W;D;D,"233,214,58,90,103",-6.90158,2.40164,1.28938,3.69102,-10.592600000000001
S;D;R;D;N,E;H;A;L;Y,"121,186,280,220,244",-6.97203,2.15121,1.65088,3.8020899999999997,-10.77412
S;D;R;T;A,E;H;A;L;D,"121,186,280,72,130",-7.00228,1.88057,2.46161,4.34218,-11.34446
N;N;N;S;Q,I;K;K;V;H,"114,205,233,269,127",-7.00505,1.78881,1.53114,3.31995,-10.325
A;M;G;Q;A,M;L;A;M;D,"135,154,165,127,130",-7.01296,3.19369,2.46161,5.6553,-12.66826
S;T;I;N;A,A;Y;R;K;L,"124,189,168,114,272",-7.04165,4.66467,-2.073,,
S;I;E;Q;A,Q;R;K;L;Y,"188,168,231,182,215",-7.08969,5.154,1.96209,7.11609,-14.20578
S;D;R;A;P,E;H;A;L;K,"121,186,280,65,120",-7.09562,1.50316,-0.768642,0.734518,-7.830138
T;S;S;K;I,P;N;P;L;H,"116,238,290,252,145",-7.11161,5.29036,1.30571,6.596069999999999,-13.70768
S;D;R;A;N,E;H;A;L;P,"121,186,280,65,277",-7.11695,1.50316,1.65895,3.16211,-10.279060000000001
S;D;S;N;A,E;H;Y;K;D,"121,186,238,114,130",-7.12208,2.83208,2.46161,5.29369,-12.41577
S;H;T;M;A,P;M;M;L;D,"245,104,29,262,130",-7.12286,1.96403,2.46161,4.42564,-11.5485
S;D;R;D;A,E;H;A;L;D,"121,186,280,220,130",-7.1267,2.15121,2.46161,4.612819999999999,-11.739519999999999
S;D;R;T;N,E;H;A;L;P,"121,186,280,72,277",-7.19176,1.88057,1.65895,3.53952,-10.73128
S;G;S;M;I,W;A;E;L;H,"58,165,136,262,145",-7.19411,2.29813,1.30571,3.60384,-10.79795
T;R;S;S;Q,L;K;Y;T;H,"72,53,269,214,127",-7.19894,2.10066,1.53114,3.6318,-10.83074
S;D;R;T;P,E;H;A;Y;L,"121,186,280,189,38",-7.20368,1.59074,1.38115,2.97189,-10.17557
S;D;T;E;I,E;H;P;K;H,"121,186,116,231,145",-7.27949,6.58675,1.30571,7.89246,-15.171949999999999
A;M;G;Q;S,M;L;A;M;D,"135,154,165,127,103",-7.28096,3.19369,1.28938,4.48307,-11.76403
T;R;S;S;A,L;K;Y;T;L,"72,53,269,214,272",-7.29766,2.10066,-2.073,,
T;R;S;S;I,L;K;Y;T;H,"72,53,269,214,145",-7.29861,2.10066,1.30571,3.40637,-10.704979999999999
T;T;N;N;A,V;M;K;K;D,"198,51,233,114,130",-7.32016,3.19949,2.46161,5.661099999999999,-12.981259999999999
S;D;R;A;N,E;H;A;E;Y,"121,186,280,152,244",-7.32041,1.40875,1.65088,3.05963,-10.38004
S;G;S;M;A,W;A;E;L;L,"58,165,136,262,272",-7.36623,2.29813,-2.073,,
S;D;R;A;Q,E;H;A;L;H,"121,186,280,65,127",-7.36926,1.50316,1.53114,3.0343,-10.403559999999999
S;I;E;S;N,Q;R;K;E;Y,"188,168,231,136,244",-7.37215,5.68401,1.65088,7.33489,-14.70704
S;D;R;L;Q,E;H;A;M;H,"121,186,280,216,127",-7.39559,0.746184,1.53114,2.277324,-9.672914
S;D;R;S;I,E;H;A;T;R,"121,186,280,214,218",-7.40341,1.07516,1.07089,2.14605,-9.54946
S;D;R;D;N,E;H;A;L;P,"121,186,280,220,277",-7.41052,2.15121,1.65895,3.8101599999999998,-11.22068
S;D;R;S;N,E;H;A;T;Y,"121,186,280,214,244",-7.4372,1.07516,1.65088,2.72604,-10.16324
S;D;R;A;P,E;H;A;E;K,"121,186,280,152,120",-7.45941,1.40875,-0.768642,0.6401079999999999,-8.099518
N;S;S;S;A,Y;Q;E;P;L,"37,188,136,245,272",-7.55312,1.84971,-2.073,,
S;D;R;Q;N,E;H;A;M;Y,"121,186,280,127,244",-7.57579,1.52251,1.65088,3.17339,-10.749179999999999
N;S;S;S;N,Y;Q;E;P;Y,"37,188,136,245,244",-7.58316,1.84971,1.65088,3.50059,-11.08375
T;T;M;Q;A,V;M;L;L;L,"198,51,262,182,272",-7.60494,3.03477,-2.073,,
S;T;I;D;A,A;Y;R;L;D,"124,189,168,220,130",-7.61462,5.25397,2.46161,7.715579999999999,-15.3302
S;D;T;Q;A,E;H;P;L;Y,"121,186,116,182,215",-7.65275,4.19138,1.96209,6.1534699999999996,-13.80622
S;D;R;A;M,E;H;A;E;P,"121,186,280,152,222",-7.65894,1.40875,1.39237,2.80112,-10.46006
S;D;R;A;G,E;H;A;E;P,"121,186,280,152,243",-7.66406,1.40875,1.73112,3.13987,-10.803930000000001
S;T;N;D;G,M;V;K;L;H,"238,198,114,220,251",-7.70022,4.37095,1.17609,5.54704,-13.24726
S;D;R;A;I,E;H;A;L;R,"121,186,280,65,218",-7.70657,1.50316,1.07089,2.5740499999999997,-10.280619999999999
S;D;R;T;Q,E;H;A;L;F,"121,186,280,72,182",-7.74393,1.88057,-2.12573,,
S;D;R;T;A,E;H;A;M;D,"121,186,280,51,130",-7.74648,1.79222,2.46161,4.25383,-12.000309999999999
D;L;N;S;A,L;F;K;Y;D,"220,117,233,269,130",-7.7471,2.47846,2.46161,4.94007,-12.68717
S;I;E;S;A,Q;R;K;E;Y,"188,168,231,136,215",-7.7622,5.68401,1.96209,7.6461,-15.4083
T;T;N;N;A,V;M;K;K;Y,"198,51,233,114,215",-7.7638,3.19949,1.96209,5.16158,-12.92538
S;D;R;S;Q,E;H;A;T;H,"121,186,280,214,127",-7.77625,1.07516,1.53114,2.6063,-10.38255
S;D;R;S;P,E;H;A;T;K,"121,186,280,214,120",-7.81579,1.07516,-0.768642,0.30651799999999985,-8.122308
A;M;R;G;I,M;L;N;A;H,"135,154,90,165,145",-7.86967,2.37909,1.30571,3.6848,-11.55447
S;D;R;T;P,E;H;A;Y;K,"121,186,280,189,120",-7.89342,1.59074,-0.768642,0.822098,-8.715518
N;S;T;H;I,Y;Q;M;M;H,"37,188,29,104,145",-7.91533,1.62133,1.30571,2.92704,-10.842369999999999
S;D;R;A;A,E;H;A;E;D,"121,186,280,152,130",-7.9576,1.40875,2.46161,3.87036,-11.827960000000001
T;T;N;N;G,L;M;K;K;H,"72,51,233,114,251",-7.98703,3.42408,1.17609,4.60017,-12.5872
A;M;R;G;G,M;L;N;A;H,"135,154,90,165,251",-7.98959,2.37909,1.17609,3.55518,-11.54477
N;S;S;R;Q,K;T;W;D;F,"233,214,58,90,182",-8.02818,2.40164,-2.12573,,
N;S;S;R;A,K;T;W;D;D,"233,214,58,90,130",-8.08413,2.40164,2.46161,4.86325,-12.947379999999999
T;T;T;S;I,L;M;E;F;H,"72,51,270,238,145",-8.1037,4.13032,1.30571,5.436030000000001,-13.53973
S;D;R;L;N,E;H;A;M;P,"121,186,280,216,277",-8.13358,0.746184,1.65895,2.405134,-10.538714
E;Q;Q;D;A,K;L;L;L;Y,"231,182,127,220,215",-8.15588,7.84419,1.96209,9.806280000000001,-17.96216
S;D;R;T;N,E;H;A;L;Y,"121,186,280,72,244",-8.17024,1.88057,1.65088,3.53145,-11.70169
S;D;R;S;A,E;H;A;T;D,"121,186,280,214,130",-8.19177,1.07516,2.46161,3.5367699999999997,-11.728539999999999
S;D;R;L;A,E;H;A;M;D,"121,186,280,216,130",-8.21431,0.746184,2.46161,3.207794,-11.422104
T;S;S;T;I,P;N;P;E;H,"116,238,290,270,145",-8.2316,5.17498,1.30571,6.480689999999999,-14.71229
D;L;N;S;P,L;F;K;Y;K,"220,117,233,269,120",-8.25107,2.47846,-0.768642,1.709818,-9.960888
S;I;E;N;G,Q;R;K;K;H,"188,168,231,114,251",-8.2688,4.79974,1.17609,5.97583,-14.24463
S;D;R;T;N,E;H;A;Y;Y,"121,186,280,189,244",-8.28775,1.59074,1.65088,3.24162,-11.52937
A;M;L;N;A,M;L;F;Y;D,"135,154,117,37,130",-8.344,2.34832,2.46161,4.80993,-13.153929999999999
T;K;D;S;I,E;L;L;T;H,"270,252,220,214,145",-8.3546,4.53563,1.30571,5.841340000000001,-14.19594
T;T;N;N;G,V;M;K;K;H,"198,51,233,114,251",-8.40885,3.19949,1.17609,4.37558,-12.78443
T;S;S;K;A,P;N;P;L;Y,"116,238,290,252,215",-8.50251,5.29036,1.96209,7.25245,-15.754959999999999
S;D;S;N;A,E;H;Y;K;Y,"121,186,238,114,215",-8.51229,2.83208,1.96209,4.794169999999999,-13.30646
A;M;R;G;A,M;L;N;A;Y,"135,154,90,165,215",-8.51418,2.37909,1.96209,4.34118,-12.85536
T;R;S;S;A,L;K;Y;T;D,"72,53,269,214,130",-8.52587,2.10066,2.46161,4.56227,-13.08814
S;D;T;K;A,E;H;P;L;Y,"121,186,116,252,215",-8.57906,4.99838,1.96209,6.96047,-15.53953
Q;K;E;Q;I,L;L;K;L;H,"127,252,231,182,145",-8.61836,8.0785,1.30571,9.38421,-18.00257
S;D;R;T;N,E;H;A;M;Y,"121,186,280,51,244",-8.61871,1.79222,1.65088,3.4431,-12.06181
S;D;T;S;I,E;H;P;F;H,"121,186,116,238,145",-8.64893,4.39699,1.30571,5.7027,-14.35163
N;S;S;S;A,Y;Q;E;P;D,"37,188,136,245,130",-8.6639,1.84971,2.46161,4.31132,-12.97522
E;Q;T;Q;I,K;L;L;L;H,"231,182,72,127,145",-8.76988,7.66695,1.30571,8.97266,-17.742539999999998
T;R;S;S;G,L;K;Y;T;H,"72,53,269,214,251",-8.77073,2.10066,1.17609,3.27675,-12.04748
N;S;S;R;G,K;T;W;D;H,"233,214,58,90,251",-8.81851,2.40164,1.17609,3.57773,-12.396239999999999
S;D;T;E;A,E;H;P;K;Y,"121,186,116,231,215",-8.85785,6.58675,1.96209,8.54884,-17.406689999999998
T;T;T;T;I,L;M;E;V;H,"72,51,270,198,145",-8.87828,4.06726,1.30571,5.3729700000000005,-14.25125
S;D;R;A;Q,E;H;A;E;F,"121,186,280,152,182",-8.9193,1.40875,-2.12573,,
S;D;R;A;A,E;H;A;L;D,"121,186,280,65,130",-8.99998,1.50316,2.46161,3.9647699999999997,-12.96475
S;D;T;K;I,E;H;P;L;H,"121,186,116,252,145",-9.0131,4.99838,1.30571,6.30409,-15.31719
E;Q;Q;D;I,K;L;L;L;H,"231,182,127,220,145",-9.1231,7.84419,1.30571,9.1499,-18.273000000000003
S;D;R;D;A,E;H;A;L;Y,"121,186,280,220,215",-9.18838,2.15121,1.96209,4.1133,-13.301680000000001
D;L;N;Q;G,L;F;K;M;H,"220,117,233,127,251",-9.19213,3.80149,1.17609,4.97758,-14.16971
S;D;R;Q;A,E;H;A;M;D,"121,186,280,127,130",-9.23908,1.52251,2.46161,3.98412,-13.223199999999999
S;T;I;N;A,A;Y;R;K;Y,"124,189,168,114,215",-9.27385,4.66467,1.96209,6.62676,-15.90061
S;D;T;Q;I,E;H;P;L;H,"121,186,116,182,145",-9.30471,4.19138,1.30571,5.49709,-14.8018
A;M;G;N;I,M;L;A;K;H,"135,154,165,233,145",-9.31188,2.61474,1.30571,3.9204499999999998,-13.232330000000001
S;T;N;D;I,M;V;K;L;H,"238,198,114,220,145",-9.35003,4.37095,1.30571,5.67666,-15.02669
S;D;R;A;Q,E;H;A;L;F,"121,186,280,65,182",-9.42918,1.50316,-2.12573,,
A;M;G;Q;I,M;L;A;M;H,"135,154,165,127,145",-9.43912,3.19369,1.30571,4.4994,-13.93852
T;T;N;N;I,V;M;K;K;H,"198,51,233,114,145",-9.49809,3.19949,1.30571,4.5052,-14.00329
T;T;N;N;I,L;M;K;K;H,"72,51,233,114,145",-9.53721,3.42408,1.30571,4.7297899999999995,-14.267
D;L;N;Q;I,L;F;K;M;H,"220,117,233,127,145",-9.55986,3.80149,1.30571,5.1072,-14.66706
A;M;L;N;I,M;L;F;Y;H,"135,154,117,37,145",-9.57951,2.34832,1.30571,3.65403,-13.233540000000001
S;D;R;L;N,E;H;A;M;Y,"121,186,280,216,244",-9.60116,0.746184,1.65088,2.397064,-11.998224
A;M;L;N;G,M;L;F;Y;H,"135,154,117,37,251",-9.63704,2.34832,1.17609,3.5244100000000005,-13.161450000000002
S;D;R;E;A,E;H;A;K;Y,"121,186,280,231,215",-9.73273,1.88215,1.96209,3.84424,-13.57697
T;S;S;T;A,P;N;P;E;Y,"116,238,290,270,215",-9.76207,5.17498,1.96209,7.13707,-16.89914
S;T;I;T;A,A;Y;R;E;Y,"124,189,168,270,215",-9.81937,5.05558,1.96209,7.01767,-16.83704
S;D;R;Q;P,E;H;A;M;K,"121,186,280,127,120",-9.95166,1.52251,-0.768642,0.753868,-10.705528000000001
T;T;M;Q;I,V;M;L;L;H,"198,51,262,182,145",-9.98667,3.03477,1.30571,4.3404799999999994,-14.32715
S;D;R;A;N,E;H;A;L;Y,"121,186,280,65,244",-10.134,1.50316,1.65088,3.15404,-13.28804
S;T;N;D;A,M;V;K;L;Y,"238,198,114,220,215",-10.1698,4.37095,1.96209,6.33304,-16.50284
S;T;I;D;I,A;Y;R;L;H,"124,189,168,220,145",-10.1908,5.25397,1.30571,6.55968,-16.75048
S;D;T;S;A,E;H;P;F;Y,"121,186,116,238,215",-10.3029,4.39699,1.96209,6.35908,-16.66198
S;I;E;N;A,Q;R;K;K;Y,"188,168,231,114,215",-10.3368,4.79974,1.96209,6.76183,-17.09863
S;D;S;N;I,E;H;Y;K;H,"121,186,238,114,145",-10.4731,2.83208,1.30571,4.13779,-14.610890000000001
S;I;E;N;I,Q;R;K;K;H,"188,168,231,114,145",-10.5106,4.79974,1.30571,6.105449999999999,-16.61605
S;H;T;S;A,P;M;M;W;Y,"245,104,29,58,215",-10.5161,1.79588,1.96209,3.75797,-14.27407
E;Q;T;Q;G,K;L;L;L;D,"231,182,72,127,163",-10.5612,7.66695,1.26691,8.93386,-19.49506
T;T;T;S;A,L;M;E;F;Y,"72,51,270,238,215",-10.6156,4.13032,1.96209,6.09241,-16.70801
S;T;R;S;I,A;V;A;T;H,"124,198,280,214,145",-10.6397,2.1529,1.30571,3.4586099999999997,-14.09831
N;S;S;S;I,Y;Q;E;P;H,"37,188,136,245,145",-10.6452,1.84971,1.30571,3.15542,-13.80062
E;Q;Q;D;A,K;L;L;L;Y,"231,182,127,220,179",-10.6914,7.84419,1.48487,9.32906,-20.02046
S;T;I;N;I,A;Y;R;K;H,"124,189,168,114,145",-10.7566,4.66467,1.30571,5.9703800000000005,-16.72698
S;T;I;T;I,A;Y;R;E;H,"124,189,168,270,145",-10.7805,5.05558,1.30571,6.36129,-17.14179
S;H;T;M;I,P;M;M;L;H,"245,104,29,262,145",-10.7913,1.96403,1.30571,3.2697399999999996,-14.061039999999998
S;D;R;A;I,E;H;A;E;H,"121,186,280,152,145",-10.7977,1.40875,1.30571,2.71446,-13.512160000000002
N;N;N;S;A,I;K;K;V;Y,"114,205,233,269,215",-10.856,1.78881,1.96209,3.7508999999999997,-14.6069
S;T;I;D;G,A;Y;R;L;H,"124,189,168,220,251",-10.8773,5.25397,1.17609,6.43006,-17.30736
S;D;R;Q;I,E;H;A;M;H,"121,186,280,127,145",-10.9142,1.52251,1.30571,2.82822,-13.74242
D;L;N;Q;A,L;F;K;M;Y,"220,117,233,127,215",-10.9193,3.80149,1.96209,5.763579999999999,-16.682879999999997
S;D;R;E;I,E;H;A;K;H,"121,186,280,231,145",-10.9382,1.88215,1.30571,3.1878599999999997,-14.126059999999999
S;H;T;S;I,P;M;M;W;H,"245,104,29,58,145",-10.9501,1.79588,1.30571,3.10159,-14.05169
T;T;M;R;I,V;M;L;D;H,"198,51,262,90,145",-11.0614,2.75602,1.30571,4.06173,-15.12313
Q;K;E;Q;G,L;L;K;L;Q,"127,252,231,182,164",-11.1396,8.0785,2.6235,10.702,-21.8416
E;Q;T;Q;G,K;L;L;L;Q,"231,182,72,127,164",-11.2675,7.66695,2.6235,10.29045,-21.557949999999998
D;L;N;S;A,L;F;K;Y;Y,"220,117,233,269,215",-11.531,2.47846,1.96209,4.44055,-15.97155
A;M;G;Q;A,M;L;A;M;Y,"135,154,165,127,215",-11.675,3.19369,1.96209,5.15578,-16.83078
N;N;N;S;I,I;K;K;V;H,"114,205,233,269,145",-11.7134,1.78881,1.30571,3.09452,-14.80792
E;Q;Q;D;G,K;L;L;L;D,"231,182,127,220,163",-11.7426,7.84419,1.26691,9.1111,-20.8537
T;K;D;S;A,E;L;L;T;Y,"270,252,220,214,215",-11.7518,4.53563,1.96209,6.49772,-18.24952
E;Q;T;Q;A,K;L;L;L;Y,"231,182,72,127,179",-11.7532,7.66695,1.48487,9.15182,-20.90502
Q;K;E;Q;A,L;L;K;L;Y,"127,252,231,182,179",-11.7866,8.0785,1.48487,9.563369999999999,-21.34997
T;T;M;Q;A,V;M;L;L;Y,"198,51,262,182,215",-11.8186,3.03477,1.96209,4.99686,-16.81546
D;L;N;S;I,L;F;K;Y;H,"220,117,233,269,145",-11.8901,2.47846,1.30571,3.78417,-15.67427
S;D;R;T;I,E;H;A;Y;H,"121,186,280,189,145",-12.0638,1.59074,1.30571,2.8964499999999997,-14.96025
S;D;T;E;G,E;H;P;K;D,"121,186,116,231,163",-12.146,6.58675,1.26691,7.8536600000000005,-19.999660000000002
T;T;N;N;A,L;M;K;K;Y,"72,51,233,114,215",-12.3642,3.42408,1.96209,5.38617,-17.75037
T;T;T;T;A,L;M;E;V;Y,"72,51,270,198,215",-12.407,4.06726,1.96209,6.02935,-18.43635
A;M;L;N;A,M;L;F;Y;Y,"135,154,117,37,215",-12.437,2.34832,1.96209,4.31041,-16.74741
A;M;G;N;A,M;L;A;K;Y,"135,154,165,233,215",-12.4624,2.61474,1.96209,4.576829999999999,-17.03923
S;D;R;T;I,E;H;A;M;H,"121,186,280,51,145",-12.5221,1.79222,1.30571,3.09793,-15.62003
Q;K;E;Q;G,L;L;K;L;D,"127,252,231,182,163",-12.5583,8.0785,1.26691,9.34541,-21.903709999999997
S;T;I;T;G,A;Y;R;E;D,"124,189,168,270,163",-12.6391,5.05558,1.26691,6.32249,-18.96159
E;Q;T;Q;I,K;L;L;L;W,"231,182,72,127,111",-12.7352,7.66695,1.33646,9.00341,-21.73861
N;S;S;R;I,K;T;W;D;H,"233,214,58,90,145",-12.7558,2.40164,1.30571,3.70735,-16.46315
S;H;T;M;A,P;M;M;L;Y,"245,104,29,262,215",-12.7799,1.96403,1.96209,3.92612,-16.70602
T;K;D;S;G,E;L;L;T;Q,"270,252,220,214,164",-12.8342,4.53563,2.6235,7.15913,-19.99333
S;D;R;D;I,E;H;A;L;H,"121,186,280,220,145",-12.836,2.15121,1.30571,3.4569199999999998,-16.29292
N;S;S;R;A,K;T;W;D;Y,"233,214,58,90,215",-12.873,2.40164,1.96209,4.36373,-17.23673
S;D;R;A;I,E;H;A;L;H,"121,186,280,65,145",-12.9131,1.50316,1.30571,2.8088699999999998,-15.721969999999999
N;S;T;H;A,Y;Q;M;M;Y,"37,188,29,104,215",-13.0191,1.62133,1.96209,3.58342,-16.60252
E;Q;Q;D;G,K;L;L;L;Q,"231,182,127,220,164",-13.2713,7.84419,2.6235,10.467690000000001,-23.73899
S;I;E;Q;G,Q;R;K;L;Q,"188,168,231,182,164",-13.3098,5.154,2.6235,7.7775,-21.0873
S;D;R;A;A,E;H;A;L;Y,"121,186,280,65,215",-13.3823,1.50316,1.96209,3.46525,-16.847550000000002
S;D;T;E;I,E;H;P;K;W,"121,186,116,231,111",-13.4544,6.58675,1.33646,7.92321,-21.37761
S;D;R;S;I,E;H;A;T;H,"121,186,280,214,145",-13.4603,1.07516,1.30571,2.38087,-15.84117
S;D;T;K;G,E;H;P;L;D,"121,186,116,252,163",-13.5368,4.99838,1.26691,6.26529,-19.80209
S;D;T;E;A,E;H;P;K;Y,"121,186,116,231,179",-13.5496,6.58675,1.48487,8.07162,-21.62122
S;D;R;T;I,E;H;A;L;H,"121,186,280,72,145",-13.5589,1.88057,1.30571,3.18628,-16.745179999999998
S;I;E;S;G,Q;R;K;E;D,"188,168,231,136,163",-13.5818,5.68401,1.26691,6.95092,-20.532719999999998
S;G;S;M;A,W;A;E;L;Y,"58,165,136,262,215",-13.5968,2.29813,1.96209,4.26022,-17.85702
N;S;S;S;A,Y;Q;E;P;Y,"37,188,136,245,215",-13.7431,1.84971,1.96209,3.8118,-17.5549
T;S;S;T;A,P;N;P;E;Y,"116,238,290,270,179",-13.7717,5.17498,1.48487,6.65985,-20.431549999999998
S;I;E;Q;G,Q;R;K;L;D,"188,168,231,182,163",-13.7924,5.154,1.26691,6.42091,-20.21331
S;I;E;N;G,Q;R;K;K;D,"188,168,231,114,163",-13.8715,4.79974,1.26691,6.06665,-19.93815
S;D;T;E;G,E;H;P;K;Q,"121,186,116,231,164",-13.9496,6.58675,2.6235,9.21025,-23.15985
T;T;T;T;G,L;M;E;V;D,"72,51,270,198,163",-13.9817,4.06726,1.26691,5.33417,-19.31587
S;D;T;S;G,E;H;P;F;Q,"121,186,116,238,164",-14.04,4.39699,2.6235,7.02049,-21.060489999999998
S;D;T;S;G,E;H;P;F;D,"121,186,116,238,163",-14.0624,4.39699,1.26691,5.6639,-19.726300000000002
T;T;T;T;I,L;M;E;V;W,"72,51,270,198,111",-14.0965,4.06726,1.33646,5.40372,-19.50022
S;I;E;Q;I,Q;R;K;L;H,"188,168,231,182,145",-14.1044,5.154,1.30571,6.459709999999999,-20.56411
S;D;T;Q;G,E;H;P;L;D,"121,186,116,182,163",-14.1284,4.19138,1.26691,5.45829,-19.586689999999997
S;T;R;S;A,A;V;A;T;Y,"124,198,280,214,215",-14.1519,2.1529,1.96209,4.11499,-18.26689
S;D;R;T;A,E;H;A;L;Y,"121,186,280,72,215",-14.1962,1.88057,1.96209,3.84266,-18.03886
S;I;E;S;G,Q;R;K;E;Q,"188,168,231,136,164",-14.2015,5.68401,2.6235,8.30751,-22.50901
T;K;D;S;G,E;L;L;T;D,"270,252,220,214,163",-14.2144,4.53563,1.26691,5.8025400000000005,-20.016939999999998
T;S;S;K;G,P;N;P;L;D,"116,238,290,252,163",-14.252,5.29036,1.26691,6.55727,-20.80927
Q;K;E;Q;I,L;L;K;L;W,"127,252,231,182,111",-14.2813,8.0785,1.33646,9.41496,-23.696260000000002
T;S;S;K;G,P;N;P;L;Q,"116,238,290,252,164",-14.2915,5.29036,2.6235,7.91386,-22.20536
T;T;M;Q;I,V;M;L;L;W,"198,51,262,182,111",-14.3415,3.03477,1.33646,4.37123,-18.71273
T;K;D;S;A,E;L;L;T;Y,"270,252,220,214,179",-14.3573,4.53563,1.48487,6.0205,-20.3778
S;T;I;T;G,A;Y;R;E;Q,"124,189,168,270,164",-14.3602,5.05558,2.6235,7.67908,-22.03928
T;R;S;S;A,L;K;Y;T;Y,"72,53,269,214,215",-14.3695,2.10066,1.96209,4.062749999999999,-18.43225
T;S;S;T;G,P;N;P;E;Q,"116,238,290,270,164",-14.3939,5.17498,2.6235,7.79848,-22.19238
E;Q;Q;D;I,K;L;L;L;W,"231,182,127,220,111",-14.4246,7.84419,1.33646,9.18065,-23.605249999999998
T;S;S;T;G,P;N;P;E;D,"116,238,290,270,163",-14.4557,5.17498,1.26691,6.44189,-20.89759
S;D;R;L;I,E;H;A;M;H,"121,186,280,216,145",-14.5848,0.746184,1.30571,2.051894,-16.636694
S;T;N;D;G,M;V;K;L;D,"238,198,114,220,163",-14.5968,4.37095,1.26691,5.63786,-20.234659999999998
S;D;T;Q;G,E;H;P;L;Q,"121,186,116,182,164",-14.647,4.19138,2.6235,6.81488,-21.46188
S;D;R;S;A,E;H;A;T;Y,"121,186,280,214,215",-14.6546,1.07516,1.96209,3.03725,-17.69185
S;D;R;A;A,E;H;A;E;Y,"121,186,280,152,215",-14.7182,1.40875,1.96209,3.37084,-18.08904
S;D;R;T;A,E;H;A;M;Y,"121,186,280,51,215",-14.7852,1.79222,1.96209,3.75431,-18.53951
S;I;E;N;A,Q;R;K;K;Y,"188,168,231,114,179",-14.8464,4.79974,1.48487,6.28461,-21.13101
T;S;S;K;A,P;N;P;L;Y,"116,238,290,252,179",-14.8566,5.29036,1.48487,6.77523,-21.63183
S;T;I;N;I,A;Y;R;K;W,"124,189,168,114,111",-14.8615,4.66467,1.33646,6.00113,-20.86263
S;I;E;Q;I,Q;R;K;L;W,"188,168,231,182,111",-14.973,5.154,1.33646,6.49046,-21.46346
S;T;I;N;G,A;Y;R;K;D,"124,189,168,114,163",-15.0294,4.66467,1.26691,5.93158,-20.96098
T;K;D;S;I,E;L;L;T;W,"270,252,220,214,111",-15.0946,4.53563,1.33646,5.87209,-20.96669
D;L;N;Q;G,L;F;K;M;Q,"220,117,233,127,164",-15.1061,3.80149,2.6235,6.424989999999999,-21.53109
S;D;T;K;G,E;H;P;L;Q,"121,186,116,252,164",-15.3003,4.99838,2.6235,7.62188,-22.92218
S;D;R;L;A,E;H;A;M;Y,"121,186,280,216,215",-15.3442,0.746184,1.96209,2.708274,-18.052474
S;T;N;D;G,M;V;K;L;Q,"238,198,114,220,164",-15.356,4.37095,2.6235,6.99445,-22.35045
S;I;E;N;G,Q;R;K;K;Q,"188,168,231,114,164",-15.4209,4.79974,2.6235,7.42324,-22.84414
T;T;N;N;A,L;M;K;K;Y,"72,51,233,114,179",-15.5108,3.42408,1.48487,4.90895,-20.41975
S;I;E;Q;A,Q;R;K;L;Y,"188,168,231,182,179",-15.5856,5.154,1.48487,6.63887,-22.22447
S;T;N;D;A,M;V;K;L;Y,"238,198,114,220,179",-15.6351,4.37095,1.48487,5.85582,-21.49092
T;T;T;T;G,L;M;E;V;Q,"72,51,270,198,164",-15.6443,4.06726,2.6235,6.69076,-22.33506
D;L;N;Q;G,L;F;K;M;D,"220,117,233,127,163",-15.6995,3.80149,1.26691,5.0684,-20.7679
A;M;G;N;G,M;L;A;K;Q,"135,154,165,233,164",-15.8504,2.61474,2.6235,5.238239999999999,-21.088639999999998
T;T;N;N;G,L;M;K;K;Q,"72,51,233,114,164",-15.8804,3.42408,2.6235,6.04758,-21.927979999999998
S;I;E;S;A,Q;R;K;E;Y,"188,168,231,136,179",-15.9001,5.68401,1.48487,7.16888,-23.06898
S;D;S;N;G,E;H;Y;K;D,"121,186,238,114,163",-15.9051,2.83208,1.26691,4.09899,-20.004089999999998
S;D;R;E;A,E;H;A;K;Y,"121,186,280,231,179",-15.9085,1.88215,1.48487,3.36702,-19.27552
S;T;I;D;G,A;Y;R;L;Q,"124,189,168,220,164",-15.914,5.25397,2.6235,7.87747,-23.79147
T;T;N;N;A,V;M;K;K;Y,"198,51,233,114,179",-15.9142,3.19949,1.48487,4.68436,-20.59856
T;T;N;N;G,V;M;K;K;D,"198,51,233,114,163",-16.0028,3.19949,1.26691,4.4664,-20.4692
A;M;G;Q;A,M;L;A;M;Y,"135,154,165,127,179",-16.0362,3.19369,1.48487,4.67856,-20.714760000000002
S;T;R;S;G,A;V;A;T;D,"124,198,280,214,163",-16.0399,2.1529,1.26691,3.41981,-19.45971
T;T;N;N;G,L;M;K;K;D,"72,51,233,114,163",-16.0471,3.42408,1.26691,4.69099,-20.73809
T;T;M;Q;G,V;M;L;L;D,"198,51,262,182,163",-16.0871,3.03477,1.26691,4.30168,-20.38878
T;T;T;S;G,L;M;E;F;D,"72,51,270,238,163",-16.1178,4.13032,1.26691,5.39723,-21.51503
S;D;R;E;G,E;H;A;K;Q,"121,186,280,231,164",-16.1854,1.88215,2.6235,4.50565,-20.69105
N;S;S;R;G,K;T;W;D;D,"233,214,58,90,163",-16.224,2.40164,1.26691,3.6685499999999998,-19.89255
S;T;I;D;A,A;Y;R;L;Y,"124,189,168,220,179",-16.2414,5.25397,1.48487,6.73884,-22.98024
T;T;M;R;A,V;M;L;D;Y,"198,51,262,90,215",-16.2434,2.75602,1.96209,4.718109999999999,-20.96151
S;D;T;S;A,E;H;P;F;Y,"121,186,116,238,179",-16.3484,4.39699,1.48487,5.88186,-22.23026
S;T;I;N;G,A;Y;R;K;Q,"124,189,168,114,164",-16.3498,4.66467,2.6235,7.28817,-23.63797
A;M;G;Q;G,M;L;A;M;D,"135,154,165,127,163",-16.3757,3.19369,1.26691,4.4606,-20.836299999999998
A;M;G;Q;G,M;L;A;M;Q,"135,154,165,127,164",-16.434,3.19369,2.6235,5.81719,-22.25119
T;T;N;N;I,V;M;K;K;W,"198,51,233,114,111",-16.4617,3.19949,1.33646,4.53595,-20.99765
A;M;R;G;G,M;L;N;A;D,"135,154,90,165,163",-16.4858,2.37909,1.26691,3.646,-20.131800000000002
S;D;R;Q;G,E;H;A;M;D,"121,186,280,127,163",-16.492,1.52251,1.26691,2.78942,-19.28142
S;G;S;M;G,W;A;E;L;D,"58,165,136,262,163",-16.5075,2.29813,1.26691,3.5650399999999998,-20.07254
T;T;T;S;A,L;M;E;F;Y,"72,51,270,238,179",-16.5439,4.13032,1.48487,5.61519,-22.15909
D;L;N;Q;A,L;F;K;M;Y,"220,117,233,127,179",-16.5639,3.80149,1.48487,5.28636,-21.85026
S;D;R;T;I,E;H;A;L;W,"121,186,280,72,111",-16.5765,1.88057,1.33646,3.2170300000000003,-19.79353
A;M;G;N;A,M;L;A;K;Y,"135,154,165,233,179",-16.5952,2.61474,1.48487,4.09961,-20.694809999999997
T;T;N;N;G,V;M;K;K;Q,"198,51,233,114,164",-16.6036,3.19949,2.6235,5.82299,-22.42659
T;T;M;Q;A,V;M;L;L;Y,"198,51,262,182,179",-16.6507,3.03477,1.48487,4.51964,-21.17034
T;S;S;T;I,P;N;P;E;W,"116,238,290,270,111",-16.6917,5.17498,1.33646,6.5114399999999995,-23.20314
A;M;G;N;G,M;L;A;K;D,"135,154,165,233,163",-16.6963,2.61474,1.26691,3.8816499999999996,-20.57795
S;D;R;Q;A,E;H;A;M;Y,"121,186,280,127,179",-16.7323,1.52251,1.48487,3.00738,-19.73968
N;N;N;S;A,I;K;K;V;Y,"114,205,233,269,179",-16.7722,1.78881,1.48487,3.2736799999999997,-20.04588
S;T;I;D;G,A;Y;R;L;D,"124,189,168,220,163",-16.8041,5.25397,1.26691,6.52088,-23.324979999999996
N;N;N;S;G,I;K;K;V;Q,"114,205,233,269,164",-16.8132,1.78881,2.6235,4.41231,-21.22551
T;T;T;S;G,L;M;E;F;Q,"72,51,270,238,164",-16.8234,4.13032,2.6235,6.75382,-23.57722
T;T;M;R;A,V;M;L;D;Y,"198,51,262,90,179",-16.8803,2.75602,1.48487,4.24089,-21.12119
S;T;I;N;A,A;Y;R;K;Y,"124,189,168,114,179",-16.9408,4.66467,1.48487,6.14954,-23.090339999999998
A;M;L;N;G,M;L;F;Y;D,"135,154,117,37,163",-16.9416,2.34832,1.26691,3.6152300000000004,-20.55683
S;T;I;T;A,A;Y;R;E;Y,"124,189,168,270,179",-16.9581,5.05558,1.48487,6.54045,-23.49855
N;S;S;S;A,Y;Q;E;P;Y,"37,188,136,245,179",-16.9883,1.84971,1.48487,3.33458,-20.322879999999998
A;M;L;N;A,M;L;F;Y;Y,"135,154,117,37,179",-17.0055,2.34832,1.48487,3.83319,-20.83869
S;T;R;S;A,A;V;A;T;Y,"124,198,280,214,179",-17.0138,2.1529,1.48487,3.6377699999999997,-20.65157
S;D;R;T;A,E;H;A;Y;Y,"121,186,280,189,215",-17.0787,1.59074,1.96209,3.55283,-20.63153
N;N;N;S;G,I;K;K;V;D,"114,205,233,269,163",-17.0802,1.78881,1.26691,3.05572,-20.135920000000002
S;H;T;M;G,P;M;M;L;D,"245,104,29,262,163",-17.0807,1.96403,1.26691,3.23094,-20.31164
N;S;S;S;G,Y;Q;E;P;Q,"37,188,136,245,164",-17.1128,1.84971,2.6235,4.47321,-21.58601
S;D;R;E;G,E;H;A;K;D,"121,186,280,231,163",-17.1157,1.88215,1.26691,3.14906,-20.26476
S;D;R;T;G,E;H;A;Y;D,"121,186,280,189,163",-17.1268,1.59074,1.26691,2.85765,-19.98445
A;M;L;N;G,M;L;F;Y;Q,"135,154,117,37,164",-17.1297,2.34832,2.6235,4.97182,-22.10152
D;L;N;S;G,L;F;K;Y;D,"220,117,233,269,163",-17.1415,2.47846,1.26691,3.7453700000000003,-20.886870000000002
S;T;N;D;I,M;V;K;L;W,"238,198,114,220,111",-17.1922,4.37095,1.33646,5.707409999999999,-22.89961
S;H;T;S;G,P;M;M;W;D,"245,104,29,58,163",-17.203,1.79588,1.26691,3.0627899999999997,-20.26579
T;T;M;Q;G,V;M;L;L;Q,"198,51,262,182,164",-17.2398,3.03477,2.6235,5.65827,-22.898069999999997
N;S;T;H;A,Y;Q;M;M;Y,"37,188,29,104,179",-17.2593,1.62133,1.48487,3.1062,-20.3655
N;S;S;R;A,K;T;W;D;Y,"233,214,58,90,179",-17.262,2.40164,1.48487,3.88651,-21.14851
T;T;M;R;G,V;M;L;D;D,"198,51,262,90,163",-17.2625,2.75602,1.26691,4.02293,-21.285429999999998
T;R;S;S;G,L;K;Y;T;D,"72,53,269,214,163",-17.3247,2.10066,1.26691,3.3675699999999997,-20.69227
S;G;S;M;A,W;A;E;L;Y,"58,165,136,262,179",-17.3269,2.29813,1.48487,3.783,-21.1099
A;M;R;G;A,M;L;N;A;Y,"135,154,90,165,179",-17.367,2.37909,1.48487,3.86396,-21.23096
S;T;R;S;G,A;V;A;T;Q,"124,198,280,214,164",-17.4335,2.1529,2.6235,4.7764,-22.209899999999998
S;D;R;Q;A,E;H;A;M;Y,"121,186,280,127,215",-17.477,1.52251,1.96209,3.4846,-20.9616
A;M;G;N;I,M;L;A;K;W,"135,154,165,233,111",-17.4809,2.61474,1.33646,3.9512,-21.4321
S;D;R;D;G,E;H;A;L;D,"121,186,280,220,163",-17.4997,2.15121,1.26691,3.41812,-20.91782
D;L;N;S;A,L;F;K;Y;Y,"220,117,233,269,179",-17.5193,2.47846,1.48487,3.96333,-21.48263
S;D;T;Q;A,E;H;P;L;Y,"121,186,116,182,179",-17.5344,4.19138,1.48487,5.67625,-23.21065
N;S;T;H;G,Y;Q;M;M;D,"37,188,29,104,163",-17.5535,1.62133,1.26691,2.8882399999999997,-20.44174
S;H;T;M;G,P;M;M;L;Q,"245,104,29,262,164",-17.5931,1.96403,2.6235,4.58753,-22.18063
S;D;R;D;A,E;H;A;L;Y,"121,186,280,220,179",-17.6094,2.15121,1.48487,3.6360799999999998,-21.24548
S;G;S;M;G,W;A;E;L;Q,"58,165,136,262,164",-17.6234,2.29813,2.6235,4.92163,-22.54503
A;M;R;G;G,M;L;N;A;Q,"135,154,90,165,164",-17.6265,2.37909,2.6235,5.00259,-22.629089999999998
S;D;R;Q;G,E;H;A;M;Q,"121,186,280,127,164",-17.6413,1.52251,2.6235,4.14601,-21.78731
A;M;G;Q;I,M;L;A;M;W,"135,154,165,127,111",-17.6576,3.19369,1.33646,4.53015,-22.187749999999998
S;D;R;T;A,E;H;A;Y;Y,"121,186,280,189,179",-17.726,1.59074,1.48487,3.07561,-20.80161
S;D;R;L;G,E;H;A;M;D,"121,186,280,216,163",-17.7505,0.746184,1.26691,2.0130939999999997,-19.763593999999998
T;T;M;R;G,V;M;L;D;Q,"198,51,262,90,164",-17.7754,2.75602,2.6235,5.379519999999999,-23.15492
T;T;T;T;A,L;M;E;V;Y,"72,51,270,198,179",-17.8538,4.06726,1.48487,5.55213,-23.405929999999998
S;H;T;S;A,P;M;M;W;Y,"245,104,29,58,179",-17.8722,1.79588,1.48487,3.28075,-21.15295
S;D;R;A;G,E;H;A;L;Q,"121,186,280,65,164",-17.8872,1.50316,2.6235,4.12666,-22.01386
S;D;R;S;G,E;H;A;T;Q,"121,186,280,214,164",-17.9147,1.07516,2.6235,3.69866,-21.61336
D;L;N;Q;I,L;F;K;M;W,"220,117,233,127,111",-17.9198,3.80149,1.33646,5.13795,-23.05775
S;H;T;M;A,P;M;M;L;Y,"245,104,29,262,179",-17.9608,1.96403,1.48487,3.4489,-21.4097
S;D;S;N;G,E;H;Y;K;Q,"121,186,238,114,164",-17.9951,2.83208,2.6235,5.455579999999999,-23.45068
S;D;R;S;A,E;H;A;T;Y,"121,186,280,214,179",-18.0121,1.07516,1.48487,2.56003,-20.57213
S;D;R;T;G,E;H;A;M;D,"121,186,280,51,163",-18.0591,1.79222,1.26691,3.0591299999999997,-21.11823
T;R;S;S;A,L;K;Y;T;Y,"72,53,269,214,179",-18.1334,2.10066,1.48487,3.58553,-21.71893
D;L;N;S;G,L;F;K;Y;Q,"220,117,233,269,164",-18.2053,2.47846,2.6235,5.10196,-23.30726
N;S;S;S;G,Y;Q;E;P;D,"37,188,136,245,163",-18.2614,1.84971,1.26691,3.11662,-21.37802
S;I;E;N;I,Q;R;K;K;W,"188,168,231,114,111",-18.3399,4.79974,1.33646,6.1362,-24.4761
S;D;R;T;G,E;H;A;L;D,"121,186,280,72,163",-18.4411,1.88057,1.26691,3.14748,-21.58858
A;M;R;G;I,M;L;N;A;W,"135,154,90,165,111",-18.4479,2.37909,1.33646,3.7155500000000004,-22.16345
S;D;R;D;G,E;H;A;L;Q,"121,186,280,220,164",-18.4622,2.15121,2.6235,4.77471,-23.236909999999998
S;T;I;D;I,A;Y;R;L;W,"124,189,168,220,111",-18.4979,5.25397,1.33646,6.59043,-25.08833
S;D;R;T;G,E;H;A;M;Q,"121,186,280,51,164",-18.5579,1.79222,2.6235,4.41572,-22.97362
T;R;S;S;G,L;K;Y;T;Q,"72,53,269,214,164",-18.5693,2.10066,2.6235,4.7241599999999995,-23.293459999999996
S;D;T;K;I,E;H;P;L;W,"121,186,116,252,111",-18.5784,4.99838,1.33646,6.33484,-24.91324
S;D;R;A;G,E;H;A;E;D,"121,186,280,152,163",-18.5995,1.40875,1.26691,2.6756599999999997,-21.27516
S;D;R;L;G,E;H;A;M;Q,"121,186,280,216,164",-18.6092,0.746184,2.6235,3.369684,-21.978884
S;H;T;S;G,P;M;M;W;Q,"245,104,29,58,164",-18.628,1.79588,2.6235,4.41938,-23.04738
S;D;R;T;A,E;H;A;M;Y,"121,186,280,51,179",-18.6619,1.79222,1.48487,3.27709,-21.93899
S;D;R;E;I,E;H;A;K;W,"121,186,280,231,111",-18.6851,1.88215,1.33646,3.21861,-21.903709999999997
T;T;M;R;I,V;M;L;D;W,"198,51,262,90,111",-18.6859,2.75602,1.33646,4.09248,-22.77838
S;D;T;Q;I,E;H;P;L;W,"121,186,116,182,111",-18.809,4.19138,1.33646,5.527839999999999,-24.336840000000002
N;S;S;R;G,K;T;W;D;Q,"233,214,58,90,164",-18.8191,2.40164,2.6235,5.02514,-23.84424
S;D;R;S;G,E;H;A;T;D,"121,186,280,214,163",-18.8564,1.07516,1.26691,2.3420699999999997,-21.19847
S;D;R;A;G,E;H;A;L;D,"121,186,280,65,163",-18.8615,1.50316,1.26691,2.77007,-21.63157
S;D;R;T;A,E;H;A;L;Y,"121,186,280,72,179",-18.8675,1.88057,1.48487,3.36544,-22.23294
S;G;S;M;I,W;A;E;L;W,"58,165,136,262,111",-18.9147,2.29813,1.33646,3.63459,-22.54929
N;N;N;S;I,I;K;K;V;W,"114,205,233,269,111",-19.078,1.78881,1.33646,3.12527,-22.20327
S;D;R;T;G,E;H;A;L;Q,"121,186,280,72,164",-19.1553,1.88057,2.6235,4.5040700000000005,-23.659370000000003
N;S;T;H;G,Y;Q;M;M;Q,"37,188,29,104,164",-19.2054,1.62133,2.6235,4.24483,-23.45023
S;H;T;S;I,P;M;M;W;W,"245,104,29,58,111",-19.2078,1.79588,1.33646,3.13234,-22.340139999999998
S;D;S;N;I,E;H;Y;K;W,"121,186,238,114,111",-19.2179,2.83208,1.33646,4.16854,-23.38644
A;M;L;N;I,M;L;F;Y;W,"135,154,117,37,111",-19.2321,2.34832,1.33646,3.68478,-22.91688
S;D;R;A;A,E;H;A;E;Y,"121,186,280,152,179",-19.3097,1.40875,1.48487,2.89362,-22.203319999999998
S;I;E;S;I,Q;R;K;E;W,"188,168,231,136,111",-19.5207,5.68401,1.33646,7.0204699999999995,-26.54117
S;D;R;Q;I,E;H;A;M;W,"121,186,280,127,111",-19.601,1.52251,1.33646,2.8589700000000002,-22.45997
S;T;I;T;I,A;Y;R;E;W,"124,189,168,270,111",-19.6477,5.05558,1.33646,6.39204,-26.039740000000002
S;T;R;S;I,A;V;A;T;W,"124,198,280,214,111",-19.7066,2.1529,1.33646,3.4893599999999996,-23.19596
N;S;S;R;I,K;T;W;D;W,"233,214,58,90,111",-19.7147,2.40164,1.33646,3.7381,-23.4528
S;D;R;L;A,E;H;A;M;Y,"121,186,280,216,179",-19.8242,0.746184,1.48487,2.231054,-22.055254
S;D;T;K;A,E;H;P;L;Y,"121,186,116,252,179",-19.8394,4.99838,1.48487,6.48325,-26.322650000000003
S;D;R;T;G,E;H;A;Y;Q,"121,186,280,189,164",-19.8888,1.59074,2.6235,4.21424,-24.10304
T;S;S;K;I,P;N;P;L;W,"116,238,290,252,111",-20.3143,5.29036,1.33646,6.6268199999999995,-26.941119999999998
S;D;R;L;I,E;H;A;M;W,"121,186,280,216,111",-20.4487,0.746184,1.33646,2.082644,-22.531343999999997
S;D;R;D;I,E;H;A;L;W,"121,186,280,220,111",-20.4887,2.15121,1.33646,3.4876699999999996,-23.976370000000003
T;T;N;N;I,L;M;K;K;W,"72,51,233,114,111",-20.6244,3.42408,1.33646,4.76054,-25.38494
T;T;T;S;I,L;M;E;F;W,"72,51,270,238,111",-20.7251,4.13032,1.33646,5.46678,-26.19188
S;D;R;A;G,E;H;A;E;Q,"121,186,280,152,164",-20.8769,1.40875,2.6235,4.0322499999999994,-24.909149999999997
N;S;T;H;I,Y;Q;M;M;W,"37,188,29,104,111",-21.0922,1.62133,1.33646,2.95779,-24.049989999999998
S;D;R;T;I,E;H;A;Y;W,"121,186,280,189,111",-21.2272,1.59074,1.33646,2.9272,-24.1544
S;D;T;S;I,E;H;P;F;W,"121,186,116,238,111",-21.3362,4.39699,1.33646,5.7334499999999995,-27.069650000000003
N;S;S;S;I,Y;Q;E;P;W,"37,188,136,245,111",-21.3773,1.84971,1.33646,3.1861699999999997,-24.563470000000002
S;D;R;A;I,E;H;A;E;W,"121,186,280,152,111",-21.3835,1.40875,1.33646,2.74521,-24.12871
T;R;S;S;I,L;K;Y;T;W,"72,53,269,214,111",-21.6991,2.10066,1.33646,3.43712,-25.13622
S;D;S;N;A,E;H;Y;K;Y,"121,186,238,114,179",-22.2302,2.83208,1.48487,4.31695,-26.547150000000002
S;D;R;S;I,E;H;A;T;W,"121,186,280,214,111",-22.3686,1.07516,1.33646,2.41162,-24.78022
S;H;T;M;I,P;M;M;L;W,"245,104,29,262,111",-22.6138,1.96403,1.33646,3.30049,-25.91429
S;D;R;T;I,E;H;A;M;W,"121,186,280,51,111",-22.7695,1.79222,1.33646,3.12868,-25.89818
S;D;R;A;I,E;H;A;L;W,"121,186,280,65,111",-23.5755,1.50316,1.33646,2.83962,-26.41512
D;L;N;S;I,L;F;K;Y;W,"220,117,233,269,111",-23.9832,2.47846,1.33646,3.81492,-27.79812
S;D;R;A;A,E;H;A;L;Y,"121,186,280,65,179",-24.9712,1.50316,1.48487,2.98803,-27.959229999999998
