wild_type,mutation_type,position_idx,foldx_combo_score,additive_expectation,foldx_epistasis
D;E,L;K,"220,231",4.87949,3.31839,1.5610999999999997
E;N,K;K,"231,114",4.77686,-0.0017000000000000348,4.778560000000001
T;E,E;K,"270,231",4.61645,4.85849,-0.24203999999999937
E;Q,K;L,"231,182",4.46592,-0.36741,4.83333
E;I,K;R,"231,168",4.45377,-13.42435,17.87812
Q;E,L;K,"127,231",4.29233,2.88204,1.4102899999999998
E;T,K;M,"231,29",4.21262,-5.60045,9.81307
E;S,K;T,"231,214",4.17874,1.006392,3.1723480000000004
E;Q,K;M,"231,127",4.03969,1.809747,2.2299430000000005
S;E,A;K,"124,231",4.03158,3.4752,0.5563799999999999
S;E,P;K,"245,231",3.99301,2.68086,1.31215
E;Q,K;I,"231,182",3.98225,0.5741299999999999,3.4081200000000003
S;E,E;K,"207,231",3.69413,2.73043,0.9636999999999998
E;Q,K;V,"231,182",3.65133,-0.8518300000000001,4.50316
S;E,K;K,"124,231",3.64279,4.0212699999999995,-0.37847999999999926
E;T,K;Y,"231,189",3.62491,1.4862119999999999,2.1386979999999998
E;K,K;L,"231,252",3.58063,2.57601,1.00462
S;E,M;K,"238,231",3.47283,3.5416499999999997,-0.06881999999999966
E;T,K;M,"231,51",3.40988,2.64705,0.7628299999999997
T;E,V;K,"198,231",3.38431,2.89907,0.4852400000000001
E;S,K;W,"231,58",3.35572,2.5047800000000002,0.8509399999999996
S;E,D;K,"58,231",3.25833,3.2108299999999996,0.04750000000000032
E;N,K;K,"231,233",3.24483,1.660542,1.584288
E;G,K;A,"231,165",3.2433,-3.25547,6.49877
E;A,K;W,"231,65",3.23507,2.46462,0.7704499999999999
E;S,K;T,"231,121",3.19701,2.64445,0.5525600000000002
E;M,K;L,"231,262",3.15306,-7.49568,10.64874
T;E,L;K,"72,231",3.13753,2.6861499999999996,0.45138000000000034
S;I,K;R,"124,168",3.11823,-12.06778,15.186010000000001
L;E,Q;K,"216,231",3.10093,3.00152,0.09940999999999978
E;S,K;H,"231,187",3.07808,1.192518,1.885562
I;E,L;K,"111,231",3.04427,2.8933299999999997,0.1509400000000003
E;R,K;K,"231,53",3.02039,2.54864,0.4717500000000001
E;S,K;F,"231,238",2.99838,0.4811099999999999,2.51727
E;R,K;D,"231,90",2.99704,-11.20135,14.19839
Q;K,L;L,"127,252",2.94711,2.79335,0.15375999999999967
F;E,W;K,"271,231",2.92761,3.2186899999999996,-0.29107999999999956
S;I,A;R,"124,168",2.90347,-12.61385,15.51732
H;E,L;K,"104,231",2.89631,2.92243,-0.0261199999999997
E;T,K;V,"231,72",2.86464,2.55301,0.3116300000000001
E;L,K;E,"231,216",2.85064,2.6449,0.20574000000000003
D;E,Q;K,"220,231",2.84419,4.20029,-1.3560999999999996
N;E,I;K,"37,231",2.84065,3.1940299999999997,-0.3533799999999996
E;I,K;V,"231,200",2.81579,2.62091,0.19487999999999994
M;E,L;K,"154,231",2.80227,2.7271,0.07516999999999996
D;Q,L;L,"220,127",2.74769,3.53573,-0.7880400000000001
D;Q,L;M,"220,127",2.71671,2.463437,0.2532730000000001
T;Q,E;L,"270,127",2.64615,5.07583,-2.42968
E;S,K;K,"231,58",2.63921,2.47762,0.1615899999999999
E;H,K;M,"231,104",2.61503,2.62652,-0.011490000000000222
D;K,L;L,"220,252",2.60576,3.2297000000000002,-0.6239400000000002
E;T,K;K,"231,88",2.60576,2.61752,-0.01175999999999977
E;S,K;Q,"231,188",2.58471,-0.10448000000000013,2.68919
K;Q,L;M,"252,127",2.54698,1.721057,0.825923
E;S,K;V,"231,223",2.53135,2.4692999999999996,0.062050000000000605
F;E,M;K,"271,231",2.51867,3.48896,-0.9702899999999999
T;K,E;L,"270,252",2.51108,4.7698,-2.25872
E;R,K;S,"231,90",2.50954,-4.84719,7.356730000000001
E;Q,K;A,"231,127",2.5085,1.8758059999999999,0.6326940000000003
E;S,K;E,"231,136",2.48796,1.6309239999999998,0.8570360000000004
R;E,Q;K,"132,231",2.48352,2.98418,-0.5006599999999999
Q;Q,L;L,"127,182",2.4751,-0.15006999999999993,2.62517
Q;T,L;Y,"127,189",2.46647,1.703552,0.7629180000000002
A;E,P;K,"152,231",2.46401,3.15562,-0.6916099999999998
E;R,K;Q,"231,224",2.45873,2.133451,0.3252790000000001
E;Q,K;V,"231,127",2.42299,2.55609,-0.13310000000000022
E;S,K;E,"231,121",2.41911,-5.80171,8.22082
E;N,K;T,"231,190",2.40023,2.47316,-0.07292999999999994
E;A,K;D,"231,226",2.35978,-5.2363800000000005,7.596160000000001
D;E,V;K,"186,231",2.35739,3.1211599999999997,-0.7637699999999996
E;L,K;F,"231,117",2.34018,-0.9762200000000001,3.3164000000000002
T;D,E;L,"270,220",2.31678,5.51218,-3.1954
Q;N,L;K,"127,114",2.31464,0.21564000000000005,2.0989999999999998
F;E,E;K,"271,231",2.30899,3.9913499999999997,-1.6823599999999996
T;Q,E;M,"270,127",2.30587,4.003537,-1.6976669999999996
S;Q,A;L,"124,127",2.30346,3.69254,-1.3890800000000003
T;Q,V;L,"198,127",2.30058,3.11641,-0.81583
E;N,K;Y,"231,37",2.28559,2.018091,0.26749899999999993
S;Q,A;M,"124,127",2.2825,2.620247,-0.3377469999999998
Q;N,M;K,"127,114",2.28152,-0.8566529999999999,3.138173
Q;S,L;F,"127,238",2.27208,0.69845,1.5736299999999999
E;R,K;P,"231,90",2.26913,-13.68195,15.951080000000001
K;N,L;K,"252,114",2.26872,-0.09038999999999997,2.3591100000000003
S;E,V;K,"58,231",2.26352,2.9733799999999997,-0.7098599999999995
T;K,L;L,"72,252",2.26147,2.59746,-0.3359899999999998
Q;T,L;V,"127,72",2.26095,2.77035,-0.5094000000000003
Q;T,L;M,"127,51",2.2595,2.86439,-0.6048900000000001
T;K,M;L,"51,252",2.25916,2.55836,-0.2991999999999999
R;E,N;K,"132,231",2.25657,3.30339,-1.0468199999999999
Q;H,L;M,"127,104",2.24974,2.8438600000000003,-0.5941200000000002
D;N,L;K,"220,114",2.24517,0.6519900000000001,1.5931799999999998
T;E,D;K,"88,231",2.24435,3.31716,-1.07281
E;D,K;N,"231,186",2.24326,1.3464658999999999,0.8967940999999999
E;R,K;N,"231,90",2.23072,-11.22575,13.45647
A;E,M;K,"135,231",2.22679,2.8951700000000002,-0.6683800000000004
S;Q,K;L,"124,127",2.22575,4.2386099999999995,-2.0128599999999994
D;N,L;Y,"220,37",2.21532,2.671781,-0.456461
H;E,T;K,"104,231",2.20695,2.9741999999999997,-0.7672499999999998
D;T,L;L,"220,72",2.20615,3.3398399999999997,-1.1336899999999996
Q;R,L;D,"127,90",2.19184,-10.98401,13.17585
E;T,K;N,"231,88",2.17485,2.49237,-0.31752
T;Q,L;M,"72,127",2.16842,1.831197,0.33722299999999983
E;A,K;L,"231,65",2.16499,2.6134199999999996,-0.44842999999999966
E;A,K;E,"231,152",2.16089,2.49871,-0.3378199999999998
D;T,L;V,"220,198",2.15977,3.55276,-1.3929900000000002
E;N,K;H,"231,205",2.15949,2.266511,-0.10702100000000003
S;Q,K;M,"124,127",2.15877,3.166317,-1.0075469999999997
E;R,K;T,"231,90",2.15465,-5.42534,7.5799900000000004
T;K,V;L,"198,252",2.14805,2.81038,-0.6623299999999999
D;T,L;Y,"220,189",2.14773,2.139902,0.007827999999999946
Q;T,M;Y,"127,189",2.14695,0.631259,1.515691
E;A,K;F,"231,65",2.14557,2.51747,-0.3718999999999997
Q;L,L;F,"127,117",2.13424,-0.75888,2.89312
Q;T,L;L,"127,72",2.1332,2.9034899999999997,-0.7702899999999997
Q;G,L;A,"127,165",2.12896,-3.0381299999999998,5.16709
Q;E,I;K,"127,231",2.12611,3.43966,-1.3135499999999998
S;K,A;L,"124,252",2.10468,3.3865100000000004,-1.2818300000000002
R;E,L;K,"53,231",2.09895,2.9111599999999997,-0.8122099999999999
K;T,L;Y,"252,189",2.09842,1.397522,0.700898
T;T,L;M,"72,51",2.09775,2.6685,-0.5707499999999999
S;D,A;L,"124,220",2.09748,4.12889,-2.03141
Q;N,L;K,"127,233",2.08731,1.877882,0.20942799999999995
K;N,L;Y,"252,37",2.08196,1.929401,0.1525590000000001
E;T,K;Q,"231,88",2.07941,2.54162,-0.4622099999999998
E;L,K;F,"231,216",2.07664,2.6217699999999997,-0.5451299999999999
D;Q,Q;L,"220,127",2.04471,4.41763,-2.37292
K;T,L;V,"252,72",2.03739,2.46432,-0.42693000000000003
D;T,L;M,"220,51",2.02808,3.3007400000000002,-1.2726600000000001
Q;N,L;Y,"127,37",2.02642,2.235431,-0.20901100000000028
Q;E,E;K,"133,231",2.02535,3.4251899999999997,-1.3998399999999998
D;S,L;F,"220,238",2.02466,1.1348,0.8898599999999999
T;Q,M;M,"51,127",2.02273,1.792097,0.2306330000000001
K;M,L;L,"252,262",2.01298,-7.58437,9.59735
Q;S,M;F,"127,238",2.01235,-0.373843,2.386193
K;S,L;F,"252,238",1.9999,0.39242,1.60748
I;S,R;T,"168,214",1.99654,-15.082658,17.079198
D;T,L;V,"220,72",1.99206,3.2067,-1.2146400000000002
D;Q,L;L,"220,182",1.99025,0.2862800000000001,1.70397
A;E,N;K,"226,231",1.98309,2.7732,-0.7901100000000001
S;K,D;L,"58,252",1.96768,3.12214,-1.1544599999999998
D;M,L;L,"220,262",1.96571,-6.84199,8.8077
L;E,W;K,"216,231",1.96534,2.70321,-0.7378699999999998
K;S,L;E,"252,136",1.96351,1.542234,0.421276
K;R,L;D,"252,90",1.95932,-11.29004,13.24936
T;N,E;K,"270,114",1.95895,2.19209,-0.2331399999999999
Q;A,L;E,"127,152",1.95267,2.71605,-0.7633800000000002
Q;M,L;L,"127,262",1.94577,-7.27834,9.22411
T;Q,V;M,"198,127",1.93949,2.044117,-0.10462700000000003
E;I,K;H,"231,168",1.93337,-0.4147400000000001,2.34811
H;K,M;L,"104,252",1.93319,2.53783,-0.6046400000000001
Q;S,L;P,"127,245",1.93201,2.8982,-0.9661900000000001
D;S,L;T,"220,214",1.92294,1.660082,0.26285800000000004
Q;R,L;N,"127,90",1.91971,-11.00841,12.92812
K;S,L;W,"252,58",1.91854,2.41609,-0.49755000000000016
S;Q,D;L,"58,127",1.91707,3.4281699999999997,-1.5110999999999997
Q;S,L;E,"127,121",1.91695,-5.58437,7.50132
Q;E,W;K,"133,231",1.91451,3.32606,-1.41155
T;T,E;L,"270,72",1.91073,4.8799399999999995,-2.9692099999999995
S;Q,W;M,"58,127",1.90899,1.6498270000000002,0.2591629999999998
S;D,K;L,"124,220",1.89913,4.6749600000000004,-2.7758300000000005
D;N,L;K,"220,233",1.89746,2.314232,-0.41677200000000014
Q;R,M;D,"127,90",1.89301,-12.056303,13.949313
D;S,L;W,"220,58",1.88704,3.1584700000000003,-1.2714300000000003
K;Q,L;L,"252,182",1.88692,-0.45609999999999995,2.34302
K;N,L;K,"252,233",1.88559,1.571852,0.3137380000000001
T;S,E;A,"270,124",1.87798,5.66899,-3.79101
T;Q,V;M,"72,127",1.87422,1.6980570000000001,0.17616299999999985
T;Q,E;I,"270,182",1.87316,2.7679199999999997,-0.8947599999999998
T;S,E;M,"270,238",1.87061,5.73544,-3.8648299999999995
T;N,L;K,"72,114",1.87049,0.019749999999999934,1.85074
K;A,L;E,"252,152",1.86826,2.4100200000000003,-0.5417600000000002
S;E,E;K,"115,231",1.84959,3.0313299999999996,-1.1817399999999996
T;I,V;R,"198,168",1.84674,-13.18998,15.03672
S;I,E;R,"136,168",1.83582,-14.458126,16.293946
D;G,L;A,"220,165",1.83415,-2.6017799999999998,4.43593
D;S,L;Q,"220,188",1.82782,0.54921,1.27861
S;T,M;V,"238,198",1.82643,3.77602,-1.94959
K;G,L;A,"252,165",1.82549,-3.3441599999999996,5.16965
D;T,L;M,"220,29",1.82121,-4.94676,6.76797
Q;T,L;M,"127,29",1.81915,-5.38311,7.202260000000001
D;R,L;D,"220,90",1.81535,-10.54766,12.363010000000001
S;N,M;K,"238,114",1.81368,0.8752499999999999,0.9384300000000001
Q;S,L;T,"127,214",1.81009,1.223732,0.5863579999999999
M;Q,L;M,"262,127",1.80946,-8.350633,10.160093
T;N,L;K,"72,233",1.80944,1.681992,0.127448
D;S,L;P,"220,245",1.79833,3.33455,-1.5362200000000001
N;T,K;Y,"114,189",1.79165,-1.180188,2.971838
Q;S,M;T,"127,214",1.78877,0.151439,1.637331
Q;S,L;T,"127,121",1.78725,2.86179,-1.07454
D;H,L;M,"220,104",1.78384,3.2802100000000003,-1.4963700000000002
D;S,L;D,"220,58",1.78232,3.8645199999999997,-2.0822
K;S,L;T,"252,214",1.7792,0.917702,0.8614979999999999
D;S,L;E,"220,121",1.77648,-5.14802,6.9245
S;K,M;L,"238,252",1.77278,3.45296,-1.68018
Q;Q,M;L,"127,182",1.76873,-1.2223629999999999,2.991093
T;N,V;K,"198,114",1.76139,0.23266999999999993,1.52872
S;K,P;L,"245,252",1.75461,2.5921700000000003,-0.8375600000000003
S;Q,D;M,"58,127",1.7527,2.355877,-0.6031770000000001
T;T,M;V,"51,72",1.74931,2.53536,-0.7860499999999999
D;S,L;E,"220,136",1.74378,2.284614,-0.5408339999999998
S;N,A;K,"124,114",1.74142,0.8088000000000002,0.9326199999999998
S;Q,M;M,"238,127",1.73921,2.6866969999999997,-0.9474869999999997
T;T,L;Y,"72,189",1.72549,1.5076619999999998,0.21782800000000013
E;S,K;H,"231,214",1.72198,-0.83487,2.55685
Q;G,M;A,"127,165",1.72167,-4.110423,5.832093
S;Q,P;M,"245,127",1.71048,1.8259070000000002,-0.11542700000000017
S;I,N;R,"124,168",1.7093,-10.641290000000001,12.350590000000002
Q;S,M;E,"127,121",1.70212,-6.656663,8.358783
Q;S,L;W,"127,58",1.70159,2.7221200000000003,-1.0205300000000004
Q;L,M;F,"127,117",1.70064,-1.831173,3.5318129999999996
S;T,M;Y,"238,189",1.69669,2.363162,-0.666472
T;S,E;T,"270,214",1.69086,3.200182,-1.5093219999999998
D;L,L;F,"220,117",1.69007,-0.32253,2.0126
F;Q,M;L,"271,127",1.68758,3.7063,-2.01872
T;R,L;K,"72,53",1.68202,2.57009,-0.8880699999999999
E;S,K;Y,"231,269",1.68103,0.6006949999999999,1.0803350000000003
T;T,V;L,"198,72",1.67214,2.92052,-1.2483799999999998
D;Q,Q;M,"220,127",1.67152,3.345337,-1.6738169999999999
Q;T,L;K,"127,88",1.66681,2.83486,-1.16805
M;N,L;K,"262,114",1.66667,-10.16208,11.82875
E;A,K;M,"231,65",1.65967,2.5991,-0.93943
S;T,A;L,"124,72",1.65945,3.49665,-1.8371999999999997
S;S,M;A,"238,124",1.65896,4.35215,-2.69319
S;N,F;K,"238,114",1.65685,-2.18529,3.84214
Q;D,L;N,"127,186",1.65648,1.5638059,0.09267409999999998
H;K,L;L,"104,252",1.65341,2.8337399999999997,-1.1803299999999997
T;T,E;Y,"270,189",1.65028,3.680002,-2.029722
T;T,V;Y,"198,189",1.64503,1.7205819999999998,-0.07555199999999984
R;Q,Q;L,"132,127",1.64485,3.20152,-1.55667
E;Q,K;Y,"231,119",1.64026,-3.2080900000000003,4.84835
Q;N,M;K,"127,233",1.6393,0.805589,0.833711
T;T,E;V,"270,198",1.6342,5.09286,-3.45866
K;T,L;M,"252,29",1.63121,-5.68914,7.32035
S;T,A;Y,"124,189",1.62408,2.2967120000000003,-0.6726320000000003
H;Q,M;M,"104,127",1.62251,1.7715670000000001,-0.14905700000000022
S;N,W;K,"58,114",1.61851,-0.16161999999999987,1.7801299999999998
K;S,L;E,"252,121",1.61785,-5.8904,7.508249999999999
K;A,L;W,"252,65",1.61188,2.3759300000000003,-0.7640500000000003
S;D,M;L,"238,220",1.61061,4.19534,-2.5847299999999995
T;T,E;M,"270,51",1.60963,4.84084,-3.23121
Q;M,L;L,"127,154",1.60932,2.94444,-1.33512
T;M,E;L,"270,262",1.60679,-5.30189,6.90868
S;M,M;L,"238,262",1.60422,-6.61873,8.22295
Q;S,M;E,"127,136",1.60267,0.775971,0.8266990000000001
T;H,E;M,"270,104",1.59902,4.82031,-3.2212899999999998
T;M,L;L,"72,262",1.59839,-7.47423,9.07262
T;N,V;K,"72,114",1.59392,-0.11338999999999988,1.7073099999999999
T;T,E;V,"270,72",1.59363,4.7468,-3.1531700000000003
K;R,L;N,"252,90",1.59116,-11.31444,12.9056
Q;S,M;Q,"127,188",1.58938,-0.959433,2.548813
S;S,A;T,"124,214",1.58849,1.8168920000000002,-0.22840200000000022
T;S,E;K,"270,124",1.58847,6.215059999999999,-4.626589999999999
A;Q,M;L,"135,127",1.58786,3.1125100000000003,-1.5246500000000003
L;K,M;L,"216,252",1.58493,2.71311,-1.12818
D;R,L;N,"220,90",1.58382,-10.57206,12.15588
D;K,Q;L,"220,252",1.58362,4.1116,-2.5279800000000003
D;S,L;V,"220,223",1.58207,3.1229899999999997,-1.5409199999999996
S;I,W;R,"58,168",1.57996,-13.58427,15.16423
T;N,M;K,"51,114",1.57899,-0.01934999999999998,1.5983399999999999
K;S,L;H,"252,187",1.57599,1.103828,0.47216199999999997
S;R,A;D,"124,90",1.57064,-10.39085,11.961490000000001
S;T,A;V,"124,198",1.5675,3.7095700000000003,-2.1420700000000004
D;D,L;N,"220,186",1.56446,2.0001559,-0.43569590000000025
N;N,K;K,"233,114",1.55985,-1.005858,2.565708
Q;S,L;H,"127,187",1.55926,1.409858,0.14940200000000003
H;Q,T;L,"104,127",1.5579,3.19154,-1.6336399999999998
N;Q,Y;M,"37,127",1.55394,1.163138,0.3908020000000001
Q;R,L;D,"182,90",1.54913,-14.23346,15.782589999999999
T;T,M;Y,"51,189",1.54384,1.468562,0.07527800000000018
S;S,F;T,"238,214",1.5421,-1.177198,2.719298
T;R,E;D,"270,90",1.54092,-9.00756,10.54848
K;L,L;F,"252,117",1.5405,-1.06491,2.60541
T;S,L;W,"72,58",1.53507,2.52623,-0.99116
K;R,L;K,"252,53",1.5271,2.45995,-0.9328500000000002
T;N,E;Y,"270,37",1.52641,4.211881,-2.6854709999999997
I;K,L;L,"111,252",1.51997,2.80464,-1.28467
K;S,L;Q,"252,188",1.51749,-0.19317000000000006,1.71066
S;T,K;Y,"124,189",1.51742,2.842782,-1.3253620000000002
E;R,K;P,"231,280",1.51686,2.6233199999999997,-1.1064599999999996
T;R,E;N,"270,90",1.51407,-9.03196,10.54603
I;S,R;P,"168,188",1.51303,-14.952525,16.465555
G;E,K;K,"243,231",1.51268,4.3904499999999995,-2.8777699999999995
S;M,A;L,"124,262",1.5124,-6.68518,8.19758
T;T,V;Y,"72,189",1.50576,1.374522,0.13123799999999997
D;N,Q;K,"220,114",1.50292,1.53389,-0.030969999999999942
T;T,V;M,"198,51",1.50181,2.88142,-1.3796099999999998
K;S,L;V,"252,223",1.50013,2.38061,-0.8804799999999999
H;Q,L;L,"104,127",1.49746,3.13977,-1.64231
D;S,L;T,"220,121",1.49592,3.29814,-1.8022200000000002
S;T,T;Y,"214,189",1.49086,-0.17209600000000003,1.662956
T;T,V;V,"198,72",1.48871,2.7873799999999997,-1.2986699999999998
T;M,V;L,"198,262",1.4862,-7.26131,8.74751
Q;A,L;F,"127,65",1.48499,2.73481,-1.24982
T;R,L;D,"72,90",1.48421,-11.1799,12.66411
S;N,K;K,"124,114",1.48402,1.35487,0.12914999999999988
T;Q,M;M,"29,127",1.47467,-6.4554030000000004,7.930073
Q;S,L;V,"127,223",1.47284,2.6866399999999997,-1.2137999999999998
S;K,T;L,"121,252",1.46997,2.5557600000000003,-1.0857900000000003
F;Q,W;L,"271,127",1.46965,3.4360299999999997,-1.9663799999999998
S;N,E;K,"121,114",1.46662,-8.46811,9.93473
T;H,L;M,"72,104",1.4633,2.64797,-1.18467
S;N,D;K,"58,114",1.46252,0.54443,0.9180900000000001
M;T,L;Y,"262,189",1.46207,-8.674168,10.136238
S;N,Q;K,"188,114",1.46086,-2.77088,4.23174
Q;A,L;W,"127,65",1.45971,2.68196,-1.22225
G;N,A;K,"165,114",1.45872,-5.92187,7.38059
S;T,A;M,"124,51",1.45787,3.4575500000000003,-1.9996800000000003
S;K,E;L,"207,252",1.45652,2.64174,-1.18522
S;R,K;D,"124,90",1.45268,-9.84478,11.297460000000001
S;S,A;F,"124,238",1.45229,1.2916100000000001,0.16067999999999993
T;D,E;Q,"270,220",1.45078,6.39408,-4.9433
S;E,T;K,"124,231",1.44413,3.38745,-1.94332
S;T,A;V,"124,72",1.44395,3.36351,-1.9195600000000002
S;N,M;K,"238,233",1.44192,2.537492,-1.0955719999999998
S;K,K;L,"124,252",1.43663,3.9325799999999997,-2.4959499999999997
T;S,E;P,"270,245",1.43577,4.87465,-3.43888
R;N,D;K,"90,114",1.43447,-13.86775,15.302219999999998
S;S,K;T,"124,214",1.4328,2.362962,-0.9301619999999999
S;G,M;A,"238,165",1.43118,-2.37852,3.8097
K;D,L;N,"252,186",1.42685,1.2577759,0.1690741
H;N,M;K,"104,114",1.42654,-0.039879999999999916,1.4664199999999998
S;I,D;R,"58,168",1.42525,-12.87822,14.30347
Q;R,L;Q,"127,224",1.42517,2.350791,-0.925621
Q;N,L;K,"182,114",1.42177,-3.03381,4.455579999999999
T;M,V;L,"72,262",1.42171,-7.6073699999999995,9.02908
S;S,M;P,"238,245",1.41935,3.55781,-2.1384600000000002
S;T,M;M,"238,51",1.41914,3.524,-2.10486
I;Q,L;M,"111,127",1.41652,2.038377,-0.6218570000000001
T;Q,E;L,"270,182",1.41301,1.82638,-0.4133699999999998
S;N,P;K,"245,114",1.41169,0.01446000000000014,1.3972299999999997
Q;R,L;K,"127,53",1.41119,2.76598,-1.35479
D;I,L;L,"220,111",1.41094,3.54702,-2.1360799999999998
A;K,M;L,"135,252",1.41001,2.80648,-1.39647
S;T,K;V,"124,198",1.40879,4.25564,-2.84685
R;Q,N;M,"90,127",1.40877,-12.080703,13.489473
S;H,M;M,"238,104",1.40396,3.50347,-2.09951
T;S,E;E,"270,136",1.40375,3.8247139999999997,-2.4209639999999997
S;G,A;A,"124,165",1.4032,-2.4449699999999996,3.8481699999999996
D;T,Q;V,"220,198",1.40081,4.43466,-3.03385
Q;D,M;N,"127,186",1.39775,0.49151290000000003,0.9062371
S;S,K;M,"124,238",1.39639,4.89822,-3.50183
H;Q,R;M,"104,127",1.39569,1.673807,-0.27811699999999995
R;T,D;Y,"90,189",1.39558,-12.379838,13.775418
L;E,M;K,"216,231",1.39352,2.8018,-1.40828
D;H,L;L,"220,104",1.39217,3.57612,-2.1839500000000003
T;S,M;F,"51,238",1.39208,0.46346,0.92862
S;E,N;K,"124,231",1.39163,5.44776,-4.05613
T;L,E;F,"270,117",1.39124,1.2175699999999998,0.1736700000000002
Q;S,L;E,"127,136",1.3904,1.848264,-0.4578639999999998
T;S,V;W,"198,58",1.38616,2.73915,-1.35299
T;R,V;D,"198,90",1.38549,-10.96698,12.35247
D;T,Q;Y,"220,189",1.38501,3.021802,-1.636792
N;T,K;Y,"233,189",1.38482,0.482054,0.902766
D;T,Q;L,"220,72",1.38227,4.22174,-2.8394699999999995
T;G,L;A,"72,165",1.38045,-3.23402,4.61447
M;K,L;L,"154,252",1.37804,2.63841,-1.26037
S;T,W;Y,"58,189",1.37443,1.326292,0.048138000000000014
T;A,E;W,"270,65",1.37327,4.65841,-3.28514
T;S,L;T,"72,214",1.37254,1.027842,0.34469800000000017
T;S,E;D,"270,58",1.37111,5.4046199999999995,-4.03351
I;I,L;R,"111,168",1.37096,-13.19572,14.56668
R;E,V;K,"34,231",1.36972,4.61404,-3.24432
D;A,L;W,"220,65",1.36467,3.11831,-1.75364
S;S,W;F,"58,238",1.36388,0.3211900000000001,1.04269
S;N,E;K,"136,114",1.36143,-1.035476,2.396906
S;T,D;L,"58,72",1.36088,3.23228,-1.8713999999999997
N;N,Y;K,"37,114",1.36006,-0.6483089999999999,2.008369
T;S,E;W,"270,58",1.35939,4.69857,-3.33918
S;H,A;L,"124,104",1.35751,3.73293,-2.37542
T;S,V;F,"72,238",1.35646,0.3694200000000001,0.9870399999999999
S;Q,T;M,"121,127",1.35564,1.7894970000000001,-0.43385700000000016
G;T,A;Y,"165,189",1.35393,-4.433958,5.787888
E;M,K;V,"231,154",1.35367,-1.6736900000000001,3.02736
A;K,L;L,"65,252",1.35006,2.52473,-1.1746699999999999
S;T,D;Y,"58,189",1.3459,2.032342,-0.6864419999999998
S;N,W;K,"58,233",1.34563,1.5006220000000001,-0.15499200000000002
T;N,L;Y,"72,37",1.34498,2.039541,-0.6945609999999998
S;N,A;K,"124,233",1.34267,2.471042,-1.1283720000000002
S;S,K;F,"124,238",1.34247,1.83768,-0.49520999999999993
Q;S,L;E,"127,207",1.34169,2.9477700000000002,-1.6060800000000002
T;T,E;M,"270,29",1.3409,-3.4066600000000005,4.74756
S;S,M;E,"238,136",1.34029,2.5078739999999997,-1.1675839999999997
T;S,L;P,"72,245",1.3377,2.7023099999999998,-1.3646099999999999
S;S,A;W,"124,58",1.33457,3.3152800000000004,-1.9807100000000004
A;Q,P;L,"152,127",1.33079,3.37296,-2.04217
D;M,L;L,"220,154",1.32893,3.38079,-2.0518600000000005
F;D,M;L,"271,220",1.32842,4.14265,-2.81423
A;N,E;K,"152,114",1.32829,-0.1676899999999999,1.4959799999999999
Q;A,L;D,"127,226",1.32756,-5.01904,6.3466000000000005
S;Q,N;M,"124,127",1.32527,4.592807,-3.267537
A;K,P;L,"152,252",1.32298,3.06693,-1.7439500000000001
D;R,L;A,"220,280",1.32129,1.611733,-0.290443
S;N,T;K,"214,114",1.31987,-1.660008,2.9798780000000002
T;N,V;K,"198,233",1.31981,1.894912,-0.575102
T;S,L;E,"72,136",1.31957,1.652374,-0.3328040000000001
M;Q,L;L,"262,182",1.31722,-10.52779,11.84501
D;A,L;L,"220,65",1.31653,3.2671099999999997,-1.9505799999999998
Q;A,L;L,"127,65",1.31509,2.8307599999999997,-1.5156699999999996
D;A,L;M,"220,135",1.31452,3.5488600000000003,-2.2343400000000004
T;L,L;F,"72,117",1.31446,-0.9547700000000001,2.2692300000000003
D;R,L;Q,"220,132",1.31333,3.63787,-2.32454
T;S,V;T,"198,214",1.311,1.240762,0.07023800000000002
R;K,Q;L,"132,252",1.31049,2.8954899999999997,-1.5849999999999997
T;K,K;L,"88,252",1.31036,2.52883,-1.2184700000000002
D;S,L;H,"220,187",1.30638,1.846208,-0.539828
S;T,M;M,"238,29",1.3057,-4.7235000000000005,6.0292
A;Q,M;M,"135,127",1.30467,2.040217,-0.7355470000000002
T;A,L;E,"72,152",1.30199,2.5201599999999997,-1.2181699999999998
S;T,K;M,"124,51",1.30135,4.00362,-2.7022699999999995
T;H,M;M,"51,104",1.29357,2.60887,-1.3153
S;T,P;Y,"245,189",1.29345,1.502372,-0.20892200000000005
Q;A,L;M,"127,65",1.29105,2.81644,-1.52539
T;M,M;L,"51,262",1.29074,-7.51333,8.80407
Q;G,L;A,"182,165",1.28771,-6.28758,7.57529
I;Q,L;L,"111,127",1.287,3.11067,-1.82367
T;G,V;A,"198,165",1.28605,-3.0210999999999997,4.30715
D;A,L;E,"220,152",1.28104,3.1524,-1.8713600000000001
Q;L,L;M,"127,216",1.27967,3.01914,-1.73947
Q;Q,L;V,"127,182",1.27852,-0.63449,1.91301
T;S,M;W,"51,58",1.27809,2.48713,-1.2090400000000001
Q;N,L;H,"127,205",1.27775,2.483851,-1.206101
D;T,Q;M,"220,51",1.2777,4.18264,-2.90494
F;K,W;L,"271,252",1.27488,3.13,-1.8551199999999999
D;S,Q;A,"220,124",1.27288,5.01079,-3.7379100000000003
S;H,A;M,"124,104",1.26956,3.4370200000000004,-2.16746
S;T,D;V,"58,198",1.2693,3.4452,-2.1758999999999995
Q;Q,L;Y,"127,119",1.26861,-2.9907500000000002,4.25936
S;I,A;L,"124,111",1.26659,3.70383,-2.43724
S;S,A;D,"124,58",1.26628,4.02133,-2.7550499999999998
R;S,D;F,"90,238",1.26517,-13.38494,14.65011
L;N,F;K,"117,114",1.26401,-3.64262,4.90663
E;F,K;M,"231,191",1.26275,1.617842,-0.35509199999999996
S;T,M;L,"238,72",1.2623,3.5630999999999995,-2.3007999999999997
D;R,L;Q,"220,224",1.26135,2.787141,-1.5257910000000001
N;T,Y;Y,"37,189",1.25903,0.8396030000000001,0.419427
M;Q,L;M,"154,127",1.25807,1.872147,-0.614077
T;A,E;F,"270,65",1.25426,4.711259999999999,-3.4569999999999994
S;M,W;L,"58,262",1.25298,-7.6556,8.90858
D;S,L;E,"220,207",1.25232,3.3841200000000002,-2.1318
L;I,F;R,"117,168",1.25115,-17.06527,18.31642
H;M,M;L,"104,262",1.25074,-7.53386,8.7846
T;S,M;T,"51,214",1.24968,0.988742,0.2609379999999999
T;A,E;M,"270,135",1.24874,5.08896,-3.8402200000000004
S;S,A;E,"124,121",1.24704,-4.99121,6.23825
Q;R,M;Q,"127,224",1.24233,1.278498,-0.03616799999999998
Q;S,L;Q,"127,188",1.24204,0.11285999999999996,1.12918
A;E,T;K,"180,231",1.24122,2.91084,-1.6696199999999999
S;T,E;Y,"136,189",1.24062,0.452436,0.788184
L;T,F;Y,"117,189",1.2403,-2.154708,3.395008
T;N,V;K,"72,233",1.24009,1.5488520000000001,-0.3087620000000002
D;N,N;K,"186,114",1.23914,-1.3199341,2.5590741
T;S,E;V,"270,223",1.23746,4.6630899999999995,-3.4256299999999995
T;S,V;P,"198,245",1.23743,2.91523,-1.6778000000000002
T;G,M;A,"51,165",1.23139,-3.2731199999999996,4.50451
T;N,M;K,"29,114",1.22799,-8.26685,9.49484
R;Q,Q;M,"132,127",1.22712,2.1292269999999998,-0.9021069999999998
T;N,M;K,"51,233",1.22656,1.642892,-0.4163319999999999
E;M,K;H,"231,161",1.22599,1.62363,-0.39764
S;Q,V;M,"223,127",1.22532,1.614347,-0.389027
T;T,L;M,"72,29",1.22347,-5.579000000000001,6.8024700000000005
H;Q,L;M,"104,127",1.22279,2.067477,-0.8446869999999997
M;N,L;K,"262,233",1.21687,-8.499838,9.716708
D;F,L;W,"220,271",1.215,3.8723799999999997,-2.65738
T;N,E;K,"270,233",1.21498,3.854332,-2.6393519999999997
Q;S,M;H,"127,187",1.2127,0.337565,0.8751349999999999
S;S,A;P,"124,245",1.21168,3.4913600000000002,-2.27968
R;N,N;K,"90,114",1.21129,-13.892149999999999,15.103439999999999
K;R,L;Q,"252,224",1.21085,2.044761,-0.8339109999999998
T;S,V;W,"72,58",1.20887,2.39309,-1.18422
S;S,P;F,"245,238",1.20752,0.4972700000000001,0.7102499999999998
M;S,L;E,"262,121",1.20644,-15.96209,17.16853
S;M,M;L,"238,154",1.20208,3.60405,-2.40197
T;T,M;Y,"29,189",1.20086,-6.778938,7.979798000000001
D;R,L;K,"220,53",1.20048,3.20233,-2.00185
N;S,K;T,"233,214",1.1972,0.0022339999999999582,1.194966
T;S,E;E,"270,121",1.19364,-3.60792,4.80156
T;S,E;T,"270,121",1.19348,4.83824,-3.6447599999999998
E;S,K;Y,"231,242",1.19305,2.52097,-1.3279200000000002
D;T,L;K,"220,88",1.19255,3.27121,-2.07866
T;H,V;M,"198,104",1.18973,2.86089,-1.67116
T;S,V;E,"198,136",1.1892,1.865294,-0.676094
S;S,A;E,"124,136",1.18855,2.441424,-1.252874
S;S,M;D,"238,58",1.18792,4.0877799999999995,-2.8998599999999994
H;T,M;Y,"104,189",1.18694,1.448032,-0.2610919999999999
Q;R,L;S,"127,90",1.18679,-4.62985,5.8166400000000005
T;N,M;K,"29,233",1.18476,-6.604608000000001,7.7893680000000005
S;S,D;F,"58,238",1.18387,1.02724,0.15663000000000005
S;K,E;L,"115,252",1.18178,2.94264,-1.7608599999999999
T;R,V;D,"72,90",1.17455,-11.313039999999999,12.487589999999999
D;S,Q;E,"220,136",1.17342,3.166514,-1.993094
E;R,K;A,"231,90",1.17079,-4.72514,5.89593
M;R,L;D,"262,90",1.17015,-21.36173,22.53188
S;M,D;L,"58,262",1.16771,-6.94955,8.11726
A;M,M;L,"135,154",1.16661,2.95757,-1.79096
M;G,L;A,"262,165",1.16503,-13.415849999999999,14.580879999999999
M;L,L;F,"262,117",1.1624,-11.1366,12.299
T;R,M;D,"51,90",1.16063,-11.219,12.379629999999999
T;I,E;L,"270,111",1.15817,5.08712,-3.9289499999999995
A;Q,F;M,"65,127",1.15796,1.662517,-0.5045569999999999
D;S,L;E,"220,115",1.1569,3.6850199999999997,-2.5281199999999995
T;R,L;N,"72,90",1.15686,-11.2043,12.36116
K;A,L;F,"252,65",1.15642,2.4287799999999997,-1.2723599999999997
N;N,Y;K,"37,233",1.15368,1.013933,0.13974700000000007
R;S,D;T,"90,214",1.15311,-12.859658,14.012768
T;L,V;F,"198,117",1.15268,-0.7418500000000001,1.89453
S;A,M;L,"238,65",1.15069,3.4903699999999995,-2.3396799999999995
T;N,V;Y,"198,37",1.15028,2.252461,-1.1021809999999999
F;K,M;L,"271,252",1.15023,3.40027,-2.25004
T;G,V;A,"72,165",1.14963,-3.3671599999999997,4.516789999999999
S;S,M;Q,"238,188",1.14941,0.7724699999999998,0.3769400000000003
T;S,E;Q,"270,188",1.14865,2.08931,-0.9406599999999998
D;T,Q;V,"220,72",1.14757,4.0886,-2.9410299999999996
R;T,N;Y,"90,189",1.14709,-12.404238,13.551328
T;D,E;N,"270,186",1.14585,3.5402559,-2.3944058999999998
A;Q,L;M,"65,127",1.13865,1.758467,-0.6198170000000001
S;T,P;M,"245,51",1.13807,2.6632100000000003,-1.5251400000000004
D;A,L;F,"220,65",1.13624,3.17116,-2.03492
T;S,L;F,"72,238",1.13623,0.5025599999999999,0.6336700000000002
T;S,V;Q,"72,188",1.13435,-0.21616999999999997,1.35052
S;T,D;V,"58,72",1.13388,3.0991400000000002,-1.9652600000000002
S;N,A;Y,"124,37",1.13334,2.8285910000000003,-1.6952510000000003
S;G,F;A,"238,165",1.13215,-5.43906,6.57121
S;T,D;M,"58,51",1.13183,3.19318,-2.06135
S;F,M;W,"238,271",1.13148,4.0956399999999995,-2.9641599999999997
Q;Q,L;I,"127,182",1.13096,0.79147,0.33948999999999996
S;T,A;M,"124,29",1.12852,-4.78995,5.91847
S;Q,M;L,"238,182",1.12611,0.5095399999999999,0.6165700000000001
S;N,T;K,"121,114",1.12598,-0.021949999999999914,1.14793
F;Q,M;M,"271,127",1.12494,2.634007,-1.509067
T;S,L;E,"72,121",1.1242,-5.78026,6.90446
D;Q,V;M,"186,127",1.124,2.266207,-1.142207
T;S,E;F,"270,238",1.12296,2.6749,-1.55194
H;T,M;V,"104,72",1.12232,2.51483,-1.39251
S;Q,E;M,"207,127",1.12222,1.875477,-0.7532570000000001
H;S,M;F,"104,238",1.11939,0.44293000000000005,0.6764600000000001
Q;Q,M;V,"127,182",1.11738,-1.706783,2.824163
N;G,K;A,"233,165",1.11631,-4.259628,5.375938
S;I,E;R,"207,168",1.11592,-13.35862,14.474540000000001
S;S,K;E,"124,136",1.11415,2.987494,-1.873344
E;S,K;P,"231,188",1.1127,1.136525,-0.023824999999999985
L;Q,M;M,"216,127",1.11235,1.946847,-0.834497
I;N,L;K,"111,114",1.11109,0.22693000000000008,0.8841599999999998
D;S,Q;M,"220,238",1.11098,5.07724,-3.9662599999999997
Q;Q,M;Y,"127,119",1.10894,-4.063043,5.171983000000001
T;T,V;M,"198,29",1.10635,-5.36608,6.47243
H;N,M;K,"104,233",1.10165,1.622362,-0.5207120000000001
K;N,L;H,"252,205",1.10156,2.177821,-1.0762609999999997
S;R,M;D,"238,90",1.10151,-10.3244,11.42591
D;Q,V;L,"186,127",1.0978,3.3385,-2.2406999999999995
Q;E,K;K,"127,231",1.09762,3.34414,-2.24652
S;T,P;V,"245,72",1.09755,2.56917,-1.4716200000000002
S;N,D;K,"58,233",1.09745,2.2066719999999997,-1.1092219999999997
D;Q,L;V,"220,182",1.09686,-0.19813999999999998,1.295
D;R,Q;D,"220,90",1.0947,-9.665759999999999,10.760459999999998
L;E,K;K,"249,231",1.08968,3.24615,-2.15647
T;S,V;E,"198,121",1.08849,-5.56734,6.65583
M;S,L;E,"262,136",1.08779,-8.529456,9.617246
S;Q,N;L,"124,127",1.08733,5.6651,-4.57777
A;K,M;L,"65,252",1.08726,2.5104100000000003,-1.4231500000000004
R;I,A;R,"280,168",1.08719,-15.131007,16.218197
S;N,V;K,"223,114",1.08705,-0.19710000000000005,1.2841500000000001
F;T,M;Y,"271,189",1.0857,2.3104720000000003,-1.2247720000000002
D;H,L;T,"220,104",1.0855,3.62789,-2.54239
T;D,L;N,"72,186",1.08461,1.3679158999999999,-0.2833058999999998
S;T,F;Y,"238,189",1.08325,-0.697378,1.780628
S;G,W;A,"58,165",1.0828,-3.4153899999999995,4.498189999999999
R;Q,K;M,"53,127",1.08128,1.6936870000000002,-0.6124070000000001
T;S,V;E,"72,136",1.08109,1.519234,-0.43814399999999987
T;S,V;F,"198,238",1.08055,0.7154799999999999,0.36507
D;S,Q;K,"220,124",1.08018,5.55686,-4.47668
M;S,L;T,"262,214",1.08015,-9.153988,10.234138
S;S,V;F,"223,238",1.07927,0.2857099999999999,0.79356
D;K,V;L,"186,252",1.07915,3.03247,-1.95332
T;L,V;F,"72,117",1.07903,-1.08791,2.16694
S;L,A;F,"124,117",1.07617,-0.16571999999999987,1.24189
S;Q,V;L,"58,127",1.07582,3.19072,-2.1148999999999996
T;S,E;H,"270,187",1.0693,3.3863079999999997,-2.3170079999999995
Q;A,M;D,"127,226",1.06823,-6.0913330000000006,7.159563
H;S,M;T,"104,214",1.06628,0.9682120000000001,0.09806799999999982
T;S,L;Q,"72,188",1.0607,-0.08303000000000016,1.1437300000000001
R;I,K;R,"53,168",1.06063,-13.54041,14.60104
T;S,M;E,"51,136",1.05997,1.613274,-0.553304
F;Q,W;M,"271,127",1.05888,2.363737,-1.304857
D;D,L;V,"220,186",1.05823,3.77485,-2.71662
T;F,E;W,"270,271",1.05729,5.4124799999999995,-4.3551899999999995
A;N,M;K,"135,114",1.05605,0.22877000000000014,0.8272799999999998
A;Q,W;M,"65,127",1.05531,1.6096670000000002,-0.5543570000000002
T;S,L;T,"72,121",1.05438,2.6658999999999997,-1.6115199999999996
Q;S,L;T,"182,214",1.05373,-2.025718,3.079448
S;S,Q;T,"188,214",1.05367,-1.762788,2.816458
S;M,K;L,"124,262",1.05154,-6.1391100000000005,7.190650000000001
S;Q,E;L,"115,127",1.05089,3.2486699999999997,-2.19778
R;I,Q;R,"132,168",1.04861,-13.10487,14.15348
S;T,W;M,"58,29",1.04743,-5.76037,6.8078
M;N,L;K,"154,114",1.04641,0.060699999999999976,0.9857100000000001
T;R,V;N,"198,90",1.04491,-10.99138,12.03629
S;S,P;W,"245,58",1.04454,2.5209400000000004,-1.4764000000000004
S;S,M;E,"238,121",1.04324,-4.92476,5.968
D;S,Q;F,"220,238",1.04322,2.0167,-0.9734800000000001
T;G,E;A,"270,165",1.04265,-1.06168,2.10433
D;M,Q;L,"220,262",1.04254,-5.96009,7.00263
K;S,L;K,"252,58",1.04232,2.38893,-1.3466100000000003
N;S,K;H,"114,187",1.04217,-1.473882,2.516052
S;T,E;Y,"121,189",1.03986,-6.980198,8.020057999999999
T;N,M;Y,"51,37",1.03851,2.000441,-0.9619309999999999
H;Q,T;M,"104,127",1.0353,2.119247,-1.083947
S;L,M;M,"238,216",1.03386,3.67875,-2.64489
S;G,K;A,"124,165",1.0329,-1.8988999999999998,2.9318
T;S,M;F,"29,238",1.03232,-7.78404,8.81636
T;L,M;F,"51,117",1.03134,-0.99387,2.02521
R;Q,N;L,"90,182",1.0309,-14.257859999999999,15.28876
S;S,D;T,"58,214",1.03004,1.552522,-0.5224819999999999
S;A,M;M,"238,135",1.0294,3.77212,-2.7427200000000003
S;T,T;Y,"121,189",1.02938,1.465962,-0.436582
T;M,E;L,"270,154",1.02799,4.92089,-3.8929
A;Q,E;M,"152,127",1.02797,1.6437570000000001,-0.6157870000000001
E;I,K;L,"231,145",1.02726,2.63755,-1.61029
S;R,A;N,"124,90",1.02435,-10.41525,11.4396
S;S,K;W,"124,58",1.01992,3.86135,-2.84143
S;H,P;M,"245,104",1.01989,2.6426800000000004,-1.6227900000000004
R;S,D;E,"90,136",1.0198,-12.235126,13.254926
K;Q,L;I,"252,182",1.01855,0.48544,0.5331100000000001
T;N,V;Y,"72,37",1.01804,1.9064010000000002,-0.8883610000000002
S;N,E;K,"115,114",1.01087,0.36493,0.64594
S;R,W;D,"58,90",1.01063,-11.36127,12.3719
H;K,T;L,"104,252",1.00997,2.88551,-1.87554
N;S,K;E,"233,136",1.00969,0.6267659999999999,0.38292400000000004
Q;T,L;Y,"182,189",1.00875,-1.545898,2.5546480000000003
S;T,M;V,"238,72",1.00858,3.42996,-2.42138
S;S,W;E,"58,136",1.0082,1.4710040000000002,-0.4628040000000002
Q;T,L;Q,"127,88",1.00812,2.75896,-1.7508400000000002
D;S,Q;D,"220,58",1.0081,4.74642,-3.73832
D;A,L;D,"220,226",1.00803,-4.58269,5.59072
T;T,M;M,"51,29",1.00641,-5.6181,6.62451
D;S,Q;T,"220,214",1.00522,2.541982,-1.536762
N;S,Y;Q,"37,188",1.00363,-0.751089,1.7547190000000001
S;Q,K;M,"58,127",0.997721,1.622667,-0.6249460000000001
Q;T,L;N,"127,88",0.997689,2.7097100000000003,-1.7120210000000002
T;M,M;L,"29,262",0.997601,-15.76083,16.758431
D;G,Q;A,"220,165",0.997489,-1.7198799999999999,2.7173689999999997
R;S,N;F,"90,238",0.997269,-13.40934,14.406609
A;T,M;L,"135,72",0.996162,2.91662,-1.920458
Q;D,L;N,"182,186",0.995908,-1.6856441,2.6815521
S;S,K;D,"124,58",0.99558,4.5674,-3.57182
H;N,L;K,"104,114",0.993741,0.25603,0.737711
S;R,P;D,"245,90",0.992832,-11.185189999999999,12.178021999999999
K;Q,L;V,"252,182",0.992681,-0.94052,1.933201
T;S,M;E,"51,121",0.992444,-5.81936,6.8118039999999995
T;S,V;Q,"198,188",0.99197,0.12988999999999984,0.8620800000000002
T;T,V;M,"72,29",0.991564,-5.71214,6.703704
S;D,A;N,"124,186",0.991437,2.1569659000000003,-1.1655289000000004
M;N,L;Y,"262,37",0.983604,-8.142289,9.125893
H;S,M;E,"104,136",0.983287,1.5927440000000002,-0.6094570000000001
T;Q,K;M,"88,127",0.98128,1.762567,-0.781287
S;R,D;D,"58,90",0.980546,-10.65522,11.635766
T;S,L;V,"72,223",0.979899,2.49075,-1.5108509999999997
S;G,D;A,"58,165",0.977757,-2.70934,3.687097
T;A,E;E,"270,152",0.977512,4.6925,-3.714988
S;S,F;E,"238,121",0.976845,-7.9853,8.962145
E;N,K;K,"231,138",0.975754,2.6152499999999996,-1.6394959999999996
R;Q,N;L,"132,127",0.973006,3.52073,-2.5477239999999997
A;R,E;D,"152,90",0.970523,-11.367339999999999,12.337862999999999
S;T,Q;Y,"188,189",0.970422,-1.282968,2.25339
A;T,M;Y,"135,189",0.968975,1.716682,-0.747707
H;S,M;E,"104,121",0.968789,-5.83989,6.808679
T;R,E;K,"270,53",0.968618,4.74243,-3.7738119999999995
A;T,P;Y,"152,189",0.968337,1.977132,-1.0087949999999999
T;Q,D;L,"88,127",0.967974,3.5345,-2.566526
N;Q,I;L,"37,127",0.966839,3.41137,-2.4445309999999996
Q;S,L;K,"127,58",0.964612,2.69496,-1.730348
Q;S,L;E,"182,121",0.964255,-8.83382,9.798074999999999
T;S,V;T,"72,214",0.961199,0.8947020000000001,0.06649699999999992
N;Q,I;M,"37,127",0.961127,2.339077,-1.3779500000000002
K;Q,L;V,"252,127",0.960658,2.4674,-1.506742
D;S,Q;P,"220,245",0.959359,4.21645,-3.257091
T;R,M;N,"51,90",0.957504,-11.2434,12.200904
T;S,E;E,"270,115",0.957356,5.2251199999999995,-4.267764
S;S,P;T,"245,214",0.957109,1.0225520000000001,-0.06544300000000014
S;N,K;Y,"124,37",0.956262,3.374661,-2.418399
R;G,N;A,"90,165",0.955424,-17.14592,18.101344
T;Q,M;L,"51,182",0.955379,-0.38505999999999996,1.340439
S;N,P;Y,"245,37",0.953327,2.0342510000000003,-1.0809240000000002
D;N,Q;K,"220,233",0.952394,3.196132,-2.243738
Q;Q,I;M,"182,127",0.949542,-0.280823,1.230365
T;H,E;L,"270,104",0.949445,5.11622,-4.166775
T;G,M;A,"29,165",0.946317,-11.520620000000001,12.466937000000001
G;S,A;T,"165,214",0.945331,-4.913778,5.859109
S;G,P;A,"245,165",0.944442,-3.2393099999999997,4.183752
S;S,E;T,"121,214",0.94443,-7.460018,8.404448
H;R,M;D,"104,90",0.943931,-11.23953,12.183461
S;S,N;F,"124,238",0.943266,3.26417,-2.320904
H;T,L;L,"104,72",0.94314,2.94388,-2.00074
T;S,V;T,"198,121",0.94296,2.87882,-1.9358600000000001
S;S,W;T,"58,214",0.941754,0.8464720000000001,0.09528199999999987
D;Q,L;V,"220,127",0.941629,3.2097800000000003,-2.2681510000000005
S;S,A;T,"124,121",0.940643,3.45495,-2.514307
T;R,V;N,"72,90",0.938349,-11.337439999999999,12.275789
S;M,P;L,"245,262",0.937075,-7.47952,8.416595
T;A,V;M,"198,135",0.935166,3.12954,-2.194374
K;I,L;H,"252,168",0.933838,-0.50343,1.437268
T;S,L;H,"72,187",0.933392,1.213968,-0.28057599999999994
S;R,M;Q,"238,132",0.932698,3.8611299999999997,-2.928432
S;S,M;W,"238,58",0.932308,3.38173,-2.449422
S;S,Q;E,"188,121",0.931539,-8.57089,9.502429000000001
I;Q,L;L,"111,182",0.929363,-0.1387799999999999,1.068143
S;N,K;K,"124,233",0.926673,3.017112,-2.090439
T;S,V;E,"72,121",0.926181,-5.913399999999999,6.839580999999999
T;A,L;W,"72,65",0.925348,2.48607,-1.5607219999999997
T;L,E;M,"270,216",0.924437,4.99559,-4.071153
D;T,N;Y,"186,189",0.92386,0.1679779,0.7558821
S;S,P;E,"245,121",0.922571,-5.78555,6.708121
S;S,K;P,"124,245",0.920956,4.0374300000000005,-3.1164740000000006
S;S,D;P,"58,245",0.92093,3.22699,-2.3060599999999996
E;C,K;S,"231,289",0.916606,0.16798999999999986,0.7486160000000002
S;T,V;Y,"223,189",0.914118,1.2908119999999998,-0.37669399999999986
S;T,H;Y,"187,189",0.913971,0.014029999999999987,0.899941
S;I,E;R,"115,168",0.912084,-13.05772,13.969804
L;I,M;R,"216,168",0.910581,-13.28725,14.197831
M;R,L;N,"262,90",0.909542,-21.38613,22.295672
A;M,M;L,"135,262",0.90942,-7.26521,8.17463
D;S,Q;E,"220,121",0.909289,-4.26612,5.175409
S;A,A;M,"124,135",0.908638,3.7056700000000005,-2.7970320000000006
T;N,M;Y,"29,37",0.908123,-6.247059,7.155182
L;S,F;T,"117,214",0.907672,-2.634528,3.5422000000000002
S;Q,T;L,"121,182",0.907622,-0.3876599999999999,1.2952819999999998
D;Q,L;I,"220,182",0.90757,1.22782,-0.3202499999999999
H;T,L;V,"104,198",0.906114,3.1567999999999996,-2.2506859999999995
D;N,L;H,"220,205",0.906057,2.920201,-2.014144
M;T,L;L,"154,72",0.905196,2.74855,-1.8433539999999997
T;A,E;L,"270,65",0.904795,4.8072099999999995,-3.9024149999999995
D;N,L;I,"220,37",0.90398,3.84772,-2.94374
R;N,Q;K,"132,114",0.903475,0.31777999999999995,0.5856950000000001
R;N,K;K,"53,114",0.903123,-0.11775999999999986,1.020883
S;I,T;R,"121,168",0.902948,-13.444600000000001,14.347548000000002
S;G,E;A,"136,165",0.900236,-4.2892459999999994,5.189482
K;A,L;D,"252,226",0.89942,-5.32507,6.22449
I;T,L;V,"111,72",0.899243,2.7816400000000003,-1.8823970000000003
T;S,M;T,"29,214",0.899153,-7.258758,8.157911
K;K,L;Y,"252,253",0.898377,-1.25056,2.148937
S;H,M;L,"238,104",0.896208,3.7993799999999998,-2.9031719999999996
L;N,M;K,"216,114",0.894158,0.13539999999999996,0.758758
H;T,L;Y,"104,189",0.892728,1.7439419999999999,-0.8512139999999999
S;S,E;T,"136,214",0.892343,-0.02738400000000002,0.919727
T;T,E;K,"270,88",0.891661,4.81131,-3.9196489999999997
R;S,D;E,"90,121",0.891317,-19.66776,20.559077000000002
T;R,M;K,"51,53",0.890958,2.53099,-1.6400320000000002
D;L,Q;F,"220,117",0.890402,0.5593699999999999,0.3310320000000001
R;N,Q;K,"224,114",0.888667,-0.532949,1.421616
E;Q,K;T,"231,91",0.888583,2.60878,-1.7201969999999998
H;T,M;M,"104,29",0.887594,-5.63863,6.526224
S;S,P;E,"245,136",0.887505,1.647084,-0.759579
T;I,V;L,"198,111",0.886964,3.1277,-2.240736
A;N,L;K,"65,114",0.885947,-0.05298000000000003,0.9389270000000001
A;N,W;K,"65,233",0.885331,1.4604620000000001,-0.5751310000000002
D;A,Q;E,"220,152",0.885295,4.0343,-3.149005
D;Q,L;A,"220,127",0.884428,2.529496,-1.645068
T;Q,V;L,"72,182",0.882883,-0.47909999999999986,1.361983
T;D,V;N,"198,186",0.881669,1.5808358999999998,-0.6991668999999998
T;A,L;L,"72,65",0.879885,2.63487,-1.7549849999999998
D;S,L;K,"220,58",0.879859,3.13131,-2.2514510000000003
K;T,L;Q,"252,88",0.879446,2.4529300000000003,-1.5734840000000003
A;N,F;K,"65,233",0.876127,1.513312,-0.637185
S;T,M;K,"238,88",0.874535,3.4944699999999997,-2.619935
A;S,M;W,"135,58",0.874406,2.73525,-1.8608440000000002
A;M,E;L,"152,262",0.87297,-7.66167,8.53464
R;T,K;Y,"53,189",0.872093,1.370152,-0.49805900000000003
I;S,L;F,"111,238",0.871194,0.70974,0.161454
S;T,K;M,"124,29",0.870802,-4.243880000000001,5.114682000000001
S;S,A;V,"124,223",0.869342,3.2798,-2.4104579999999998
D;R,L;N,"220,132",0.867875,3.95708,-3.0892049999999998
S;S,F;Q,"238,188",0.866361,-2.2880700000000003,3.154431
N;S,K;E,"233,121",0.864309,-6.805868,7.670177000000001
E;K,K;L,"231,253",0.864048,0.2700499999999999,0.5939980000000001
S;S,T;F,"121,238",0.864038,0.46086000000000005,0.4031779999999999
S;S,M;T,"238,214",0.863445,1.8833419999999998,-1.0198969999999998
S;N,P;K,"245,233",0.863166,1.6767020000000001,-0.8135360000000001
N;K,I;L,"37,252",0.862896,3.10534,-2.242444
T;S,M;T,"51,121",0.861513,2.6268000000000002,-1.7652870000000003
S;A,A;P,"124,152",0.861269,3.96612,-3.104851
T;A,V;W,"198,65",0.860401,2.6989900000000002,-1.8385890000000003
S;H,D;M,"58,104",0.860166,3.17265,-2.312484
D;A,Q;F,"220,65",0.858403,4.05306,-3.1946570000000003
H;L,M;F,"104,117",0.85804,-1.0144,1.87244
S;S,D;E,"58,136",0.857963,2.177054,-1.319091
S;N,N;K,"124,114",0.857383,2.78136,-1.9239769999999998
L;E,I;K,"216,231",0.857015,2.7649299999999997,-1.9079149999999996
T;A,V;W,"72,65",0.856618,2.35293,-1.496312
F;T,W;L,"271,72",0.85637,3.24014,-2.3837699999999997
T;S,V;V,"198,223",0.853336,2.70367,-1.8503339999999997
S;T,N;E,"124,270",0.85218,7.64155,-6.78937
N;G,Y;A,"37,165",0.852005,-3.9020789999999996,4.754084
M;D,L;N,"262,186",0.851377,-8.8139141,9.6652911
K;T,L;N,"252,88",0.85033,2.40368,-1.55335
A;T,W;Y,"65,189",0.84984,1.286132,-0.436292
F;R,M;D,"271,90",0.848815,-10.377089999999999,11.225905
N;S,Y;T,"37,214",0.8478,0.359783,0.488017
R;S,N;T,"90,214",0.84753,-12.884058,13.731588
S;Q,E;M,"115,127",0.846106,2.176377,-1.330271
D;T,Q;M,"220,29",0.843995,-4.06486,4.908855000000001
H;S,M;W,"104,58",0.843541,2.4666,-1.623059
Q;E,N;K,"127,231",0.843401,3.68508,-2.841679
M;T,L;Y,"154,189",0.84319,1.5486119999999999,-0.7054219999999999
T;T,L;K,"72,88",0.842243,2.6389699999999996,-1.7967269999999997
S;Q,A;Y,"124,119",0.842158,-2.39759,3.239748
S;Q,V;I,"223,182",0.841517,0.3787299999999999,0.46278700000000006
S;L,D;F,"58,117",0.841043,-0.4300900000000001,1.271133
R;T,Q;L,"132,72",0.839569,3.00563,-2.166061
S;S,K;Q,"124,188",0.839368,1.25209,-0.4127219999999999
K;Q,L;Y,"252,119",0.837156,-3.29678,4.133936
T;R,V;K,"72,53",0.837056,2.4369500000000004,-1.5998940000000004
A;T,L;Y,"65,189",0.834278,1.4349319999999999,-0.6006539999999999
H;N,M;Y,"104,37",0.833124,1.979911,-1.146787
M;S,L;F,"262,238",0.832986,-9.67927,10.512256
D;A,L;P,"220,152",0.832921,3.80931,-2.976389
A;T,F;Y,"65,189",0.832228,1.338982,-0.5067539999999999
T;S,V;H,"198,187",0.831518,1.426888,-0.59537
S;T,D;M,"58,29",0.831317,-5.054320000000001,5.885637000000001
S;L,P;F,"245,117",0.829803,-0.9600599999999999,1.789863
T;R,V;K,"198,53",0.828333,2.78301,-1.954677
T;Q,V;V,"198,182",0.827767,-0.6174600000000001,1.445227
S;R,A;Q,"124,132",0.826585,3.79468,-2.968095
N;L,K;F,"233,117",0.826482,-1.980378,2.80686
S;Q,D;L,"58,182",0.825324,0.17872,0.646604
S;R,M;Q,"238,224",0.824956,3.010401,-2.1854449999999996
S;Q,A;L,"124,182",0.824925,0.4430900000000002,0.3818349999999998
Q;N,V;K,"182,114",0.824772,-3.51823,4.343002
S;N,A;I,"124,37",0.824704,4.00453,-3.179826
D;S,N;E,"186,121",0.822795,-7.1199441,7.9427391
S;A,A;W,"124,65",0.820285,3.2751200000000003,-2.454835
T;A,V;F,"198,65",0.819796,2.7518399999999996,-1.9320439999999997
D;S,Q;T,"220,121",0.819578,4.18004,-3.360462
R;Q,S;M,"90,127",0.819533,-5.702143,6.521676
F;N,W;K,"271,114",0.818589,0.55229,0.26629900000000006
T;S,M;E,"29,136",0.816937,-6.634226,7.451163
S;M,T;L,"121,262",0.816893,-7.51593,8.332823
S;N,D;Y,"58,37",0.815943,2.564221,-1.748278
S;T,T;V,"121,72",0.814224,2.53276,-1.7185360000000003
T;A,V;L,"198,65",0.814153,2.84779,-2.0336369999999997
S;S,W;E,"58,121",0.813568,-5.9616299999999995,6.775198
S;L,E;F,"136,117",0.813114,-2.009996,2.8231100000000002
A;I,P;R,"152,168",0.812141,-12.933430000000001,13.745571000000002
N;S,K;F,"233,238",0.811831,-0.523048,1.334879
H;G,L;A,"104,165",0.809043,-2.99774,3.806783
F;N,M;K,"271,114",0.808948,0.8225600000000002,-0.01361200000000018
D;Q,L;Y,"220,119",0.807669,-2.5544000000000002,3.362069
K;R,L;S,"252,90",0.806918,-4.93588,5.7427980000000005
S;S,A;H,"124,187",0.806443,2.003018,-1.196575
F;S,M;T,"271,214",0.806047,1.8306520000000002,-1.0246050000000002
H;A,M;E,"104,152",0.805516,2.4605300000000003,-1.6550140000000004
T;S,M;Q,"51,188",0.804778,-0.12213000000000007,0.9269080000000001
R;N,A;K,"280,114",0.803356,-1.708357,2.511713
M;T,L;M,"154,51",0.803168,2.70945,-1.906282
S;N,W;Y,"58,37",0.800358,1.858171,-1.057813
S;T,E;L,"207,72",0.799494,2.75188,-1.9523859999999997
R;G,D;A,"90,165",0.795469,-17.12152,17.916989
T;R,M;D,"29,90",0.795436,-19.4665,20.261936
L;G,F;A,"117,165",0.795355,-6.89639,7.691745
D;S,Q;W,"220,58",0.793571,4.04037,-3.246799
A;Q,M;I,"135,182",0.792862,0.8046000000000001,-0.011738000000000137
D;R,Q;N,"220,90",0.790672,-9.690159999999999,10.480832
N;S,Y;E,"37,136",0.789707,0.984315,-0.194608
A;N,F;K,"65,114",0.789083,-0.14893,0.938013
E;K,K;V,"231,253",0.788211,-0.4391100000000001,1.227321
S;L,W;F,"58,117",0.787841,-1.13614,1.923981
H;Q,M;L,"104,182",0.786898,-0.4055899999999999,1.192488
S;S,M;E,"238,115",0.784962,3.9082799999999995,-3.1233179999999994
S;M,A;L,"124,154",0.784005,3.5376000000000003,-2.7535950000000002
S;S,P;Q,"245,188",0.780716,-0.08831999999999995,0.8690359999999999
T;S,M;V,"51,223",0.780417,2.45165,-1.671233
D;S,Q;V,"220,223",0.780191,4.00489,-3.2246989999999998
R;T,Q;Y,"132,189",0.779864,1.8056919999999999,-1.0258279999999997
F;T,M;M,"271,51",0.779572,3.47131,-2.691738
T;N,K;K,"88,114",0.779298,-0.048880000000000035,0.8281780000000001
D;A,L;M,"220,65",0.778272,3.25279,-2.474518
T;A,V;D,"198,226",0.777807,-5.00201,5.779817
Q;R,L;A,"127,280",0.777016,1.175383,-0.398367
H;S,M;Q,"104,188",0.77576,-0.14266,0.91842
S;R,A;K,"124,53",0.775679,3.35914,-2.583461
A;N,M;K,"135,233",0.772538,1.8910120000000001,-1.1184740000000002
I;T,L;Y,"111,189",0.771533,1.714842,-0.943309
T;T,K;Y,"88,189",0.771118,1.4390319999999999,-0.6679139999999999
S;N,M;Y,"238,37",0.77092,2.895041,-2.1241209999999997
A;N,W;K,"65,114",0.77013,-0.20177999999999985,0.9719099999999998
T;L,V;M,"198,216",0.770121,3.03617,-2.2660489999999998
E;R,K;A,"231,280",0.770106,0.958043,-0.18793700000000002
A;T,M;M,"135,51",0.769609,2.87752,-2.107911
H;G,M;A,"104,165",0.768809,-3.2936499999999995,4.062459
A;I,M;R,"135,168",0.768345,-13.19388,13.962225
A;S,W;F,"65,238",0.768185,0.2810300000000001,0.4871549999999999
S;T,P;M,"245,29",0.767637,-5.58429,6.351927
S;Q,A;V,"124,182",0.767541,-0.04132999999999987,0.8088709999999999
S;N,V;K,"223,233",0.767278,1.465142,-0.6978639999999999
T;A,V;E,"198,152",0.767058,2.73308,-1.9660220000000002
S;L,A;M,"124,216",0.765606,3.6123000000000003,-2.8466940000000003
D;I,Q;L,"220,111",0.765301,4.42892,-3.6636189999999997
R;N,N;K,"90,233",0.763844,-12.229908,12.993752
S;T,E;Y,"207,189",0.763254,1.551942,-0.788688
D;N,V;K,"186,114",0.762056,0.45476000000000005,0.3072959999999999
T;M,V;L,"198,154",0.761774,2.96147,-2.199696
S;A,A;L,"124,65",0.760456,3.42392,-2.663464
D;S,N;T,"186,214",0.759614,-0.3118421,1.0714561
H;N,T;K,"104,114",0.759027,0.3078000000000001,0.45122699999999993
S;S,D;E,"58,121",0.7576,-5.25558,6.01318
S;S,K;E,"124,121",0.756485,-4.44514,5.201625
S;N,E;K,"207,114",0.756064,0.06403000000000003,0.6920339999999999
A;R,W;D,"65,90",0.754959,-11.40143,12.156388999999999
N;D,K;N,"233,186",0.754343,0.3423079,0.4120351
S;Q,E;L,"207,182",0.753627,-0.30167999999999995,1.055307
T;S,V;V,"72,223",0.751279,2.35761,-1.6063310000000002
D;H,Q;L,"220,104",0.750848,4.458019999999999,-3.7071719999999995
T;S,V;E,"198,207",0.748631,2.9648,-2.216169
R;L,D;F,"90,117",0.747941,-14.84227,15.590211
R;T,Q;V,"132,198",0.747764,3.2185499999999996,-2.4707859999999995
S;G,V;A,"223,165",0.747261,-3.45087,4.198131
Q;N,Y;K,"119,114",0.746883,-5.87449,6.621373
R;S,Q;F,"224,238",0.746259,-0.050139000000000045,0.796398
S;R,D;N,"58,90",0.745867,-10.67962,11.425487
N;L,Y;F,"37,117",0.744829,-1.6228289999999999,2.3676579999999996
M;S,L;F,"154,238",0.744499,0.5435099999999999,0.20098900000000008
S;L,Q;F,"188,117",0.743371,-3.7454,4.488771
T;A,M;E,"51,152",0.742267,2.4810600000000003,-1.7387930000000003
K;Q,L;A,"252,127",0.740901,1.7871160000000001,-1.0462150000000001
Q;R,L;P,"127,90",0.738923,-13.46461,14.203533
N;T,I;V,"37,198",0.738257,3.4284,-2.690143
T;D,V;N,"72,186",0.73742,1.2347759,-0.4973559000000001
A;T,E;Y,"152,189",0.736034,1.320222,-0.584188
F;T,W;Y,"271,189",0.735432,2.040202,-1.30477
T;R,L;Q,"72,224",0.735009,2.1549009999999997,-1.4198919999999997
T;Q,L;L,"72,182",0.734496,-0.34596000000000005,1.080456
L;T,M;L,"216,72",0.733186,2.82325,-2.090064
S;D,W;N,"58,186",0.732976,1.1865459,-0.4535699000000001
D;S,L;V,"220,58",0.732818,3.62707,-2.894252
T;S,M;H,"51,187",0.732146,1.174868,-0.44272200000000006
A;S,E;F,"152,238",0.73167,0.31512000000000007,0.41655
T;T,V;K,"198,88",0.731659,2.85189,-2.120231
L;T,M;Y,"216,189",0.731556,1.6233119999999999,-0.8917559999999999
H;T,L;M,"104,51",0.731428,2.9047799999999997,-2.1733519999999995
L;S,M;W,"216,58",0.731264,2.64188,-1.910616
Q;I,L;H,"127,168",0.728815,-0.19740000000000002,0.926215
Q;S,L;F,"182,238",0.7271,-2.551,3.2781000000000002
T;Q,V;Y,"198,119",0.72621,-2.97372,3.69993
H;S,L;W,"104,58",0.725547,2.76251,-2.0369629999999996
T;H,E;T,"270,104",0.725313,5.16799,-4.442677
A;R,M;D,"135,90",0.725171,-10.97088,11.696050999999999
S;S,V;T,"223,214",0.724133,0.8109919999999999,-0.08685899999999991
R;S,N;E,"90,136",0.721784,-12.259526,12.981309999999999
S;S,E;F,"136,238",0.721062,-0.552666,1.273728
T;D,M;N,"29,186",0.7203,-6.9186841,7.6389841
T;D,M;N,"51,186",0.720227,1.3288159,-0.6085889
S;R,P;N,"245,90",0.72017,-11.209589999999999,11.929759999999998
S;A,D;W,"58,65",0.718772,3.01075,-2.291978
S;Q,E;I,"207,182",0.717601,0.63986,0.07774100000000006
R;T,Q;Y,"224,189",0.717483,0.954963,-0.23748000000000002
S;N,K;I,"124,37",0.716111,4.5506,-3.834489
S;T,E;L,"115,72",0.714291,3.05278,-2.338489
N;S,K;Q,"233,188",0.713223,-1.108638,1.8218610000000002
R;S,K;F,"53,238",0.712746,0.3650500000000001,0.3476959999999999
S;R,T;D,"121,90",0.712404,-11.221599999999999,11.934003999999998
T;N,E;I,"270,37",0.712333,5.38782,-4.6754869999999995
S;S,D;Q,"58,188",0.711945,0.4416499999999999,0.2702950000000002
A;Q,P;M,"152,127",0.710111,2.300667,-1.5905559999999999
A;M,P;L,"152,262",0.709292,-7.00476,7.714052000000001
A;R,W;N,"65,90",0.709129,-11.42583,12.134959
N;N,H;K,"205,114",0.708553,-0.39988899999999994,1.108442
R;K,L;L,"53,252",0.706398,2.82247,-2.116072
S;S,E;Q,"136,188",0.705383,-1.1382560000000002,1.843639
T;S,M;E,"29,121",0.704998,-14.06686,14.771858
I;T,L;M,"111,51",0.704659,2.87568,-2.171021
A;S,L;F,"65,238",0.704273,0.42982999999999993,0.2744430000000001
S;T,A;K,"124,88",0.704201,3.42802,-2.723819
S;R,V;D,"223,90",0.703899,-11.396749999999999,12.100648999999999
S;N,T;K,"121,233",0.703824,1.640292,-0.9364680000000001
D;Q,Q;L,"220,182",0.701989,1.16818,-0.466191
R;Q,L;L,"53,127",0.700317,3.1285,-2.4281829999999998
R;L,N;F,"90,117",0.699201,-14.86667,15.565871
R;I,N;R,"132,168",0.698638,-12.78566,13.484298
A;N,M;Y,"135,37",0.697715,2.248561,-1.550846
D;T,L;N,"220,88",0.697397,3.1460600000000003,-2.4486630000000003
F;T,M;V,"271,198",0.694091,3.72333,-3.0292389999999996
S;F,M;M,"238,271",0.693834,4.3659099999999995,-3.6720759999999997
T;R,V;Q,"198,224",0.693603,2.3678209999999997,-1.6742179999999998
R;M,K;L,"53,262",0.693334,-7.61174,8.305074
R;N,K;K,"53,233",0.692538,1.5444820000000001,-0.8519440000000001
S;L,M;F,"238,117",0.691748,-0.09927000000000019,0.7910180000000002
E;Q,K;N,"231,133",0.691329,2.5521399999999996,-1.8608109999999995
T;A,V;F,"72,65",0.690325,2.40578,-1.715455
S;S,A;E,"124,207",0.690263,3.5409300000000004,-2.8506670000000005
G;S,A;E,"165,121",0.690069,-11.721879999999999,12.411948999999998
S;A,A;E,"124,152",0.689847,3.30921,-2.6193630000000003
Q;Q,E;L,"133,127",0.688897,3.64253,-2.953633
D;T,V;L,"186,72",0.686836,3.14261,-2.455774
R;S,D;H,"90,187",0.686471,-12.673532,13.360002999999999
T;Q,E;V,"270,127",0.68626,4.74988,-4.06362
T;A,L;F,"72,65",0.685495,2.53892,-1.853425
M;S,L;H,"262,187",0.684502,-8.967862,9.652364
T;S,V;H,"72,187",0.684079,1.0808280000000001,-0.39674900000000013
S;S,E;E,"136,121",0.683417,-6.8354859999999995,7.518903
F;S,M;E,"271,136",0.683223,2.455184,-1.7719610000000001
A;T,M;V,"135,72",0.681985,2.78348,-2.101495
A;S,M;T,"135,214",0.680143,1.2368620000000001,-0.5567190000000001
D;R,L;S,"220,90",0.679341,-4.1935,4.872841
D;G,N;A,"186,165",0.677641,-4.5737041,5.2513451
F;T,W;V,"271,198",0.676079,3.45306,-2.7769809999999997
T;L,M;F,"29,117",0.676013,-9.24137,9.917383
S;S,A;E,"124,115",0.675787,3.84183,-3.1660429999999997
T;A,E;D,"270,226",0.675765,-3.0425900000000006,3.7183550000000007
D;I,L;H,"220,168",0.675683,0.23895,0.43673300000000004
I;S,L;E,"111,136",0.674652,1.8595540000000002,-1.1849020000000001
N;S,K;H,"233,187",0.674129,0.18835999999999997,0.485769
S;L,F;F,"238,117",0.670476,-3.1598100000000002,3.830286
S;Q,M;L,"238,127",0.669755,3.75899,-3.089235
S;S,T;T,"121,214",0.669716,0.9861420000000001,-0.3164260000000001
D;H,Q;M,"220,104",0.668694,4.16211,-3.4934160000000003
D;T,L;D,"220,88",0.667726,3.97085,-3.303124
R;T,Q;M,"132,51",0.665517,2.9665299999999997,-2.3010129999999998
S;I,M;R,"238,168",0.664918,-12.5474,13.212318
S;M,V;L,"223,262",0.664722,-7.69108,8.355802
I;G,L;A,"111,165",0.663521,-3.02684,3.6903610000000002
D;S,Q;H,"220,187",0.663293,2.7281079999999998,-2.064815
A;T,L;V,"65,72",0.662981,2.5017300000000002,-1.8387490000000002
G;E,Q;K,"243,231",0.662795,5.20384,-4.5410449999999996
A;S,M;E,"135,136",0.661974,1.8613940000000002,-1.1994200000000004
S;K,V;L,"58,252",0.659408,2.88469,-2.225282
T;T,K;V,"88,72",0.659403,2.50583,-1.846427
F;Q,W;L,"271,182",0.659287,0.18657999999999997,0.472707
D;A,Q;M,"220,135",0.658644,4.43076,-3.7721160000000005
T;Q,L;V,"72,182",0.658137,-0.8303800000000001,1.488517
A;Q,M;M,"65,127",0.658103,1.7441470000000001,-1.0860440000000002
R;N,Q;K,"132,233",0.657547,1.980022,-1.3224749999999998
Q;L,L;F,"182,117",0.656427,-4.00833,4.664757
S;G,Q;A,"188,165",0.654799,-6.024649999999999,6.679448999999999
T;K,D;L,"88,252",0.654381,3.2284699999999997,-2.574089
T;S,E;E,"270,207",0.654332,4.92422,-4.269888
A;E,V;K,"65,231",0.654298,3.43467,-2.780372
F;T,W;M,"271,51",0.653857,3.20104,-2.547183
T;Q,L;V,"72,127",0.653534,2.57754,-1.9240059999999999
T;I,L;L,"72,145",0.653481,2.659,-2.0055189999999996
T;Q,V;I,"198,182",0.653277,0.8084999999999999,-0.1552229999999999
S;S,D;T,"58,121",0.653102,3.1905799999999997,-2.5374779999999997
A;N,F;Y,"65,37",0.652232,1.870861,-1.218629
R;N,N;Y,"90,37",0.651299,-11.872359,12.523658
Q;I,M;H,"127,168",0.650937,-1.269693,1.92063
T;T,M;K,"51,88",0.6505,2.59987,-1.94937
S;G,T;A,"121,165",0.65048,-3.2757199999999997,3.9261999999999997
T;R,E;Q,"270,224",0.650084,4.327241,-3.677157
S;F,A;W,"124,271",0.646432,4.02919,-3.382758
S;S,W;V,"58,223",0.646261,2.30938,-1.663119
F;S,M;A,"271,124",0.645529,4.29946,-3.653931
S;S,E;F,"115,238",0.644919,0.8477399999999999,-0.20282099999999992
D;R,L;L,"220,53",0.642563,3.56485,-2.922287
R;Q,K;L,"53,182",0.642344,-0.48346999999999984,1.1258139999999999
H;T,T;L,"104,72",0.641104,2.99565,-2.354546
M;T,L;V,"154,72",0.64054,2.61541,-1.9748699999999997
S;A,W;E,"58,152",0.639342,2.3387900000000004,-1.6994480000000003
S;R,A;Q,"124,224",0.639316,2.943951,-2.304635
S;M,E;L,"207,262",0.635972,-7.42995,8.065922
S;A,A;D,"124,226",0.635385,-4.42588,5.061265000000001
G;E,A;K,"243,231",0.634523,2.79167,-2.157147
A;N,L;K,"65,233",0.634292,1.609262,-0.97497
Q;I,Y;R,"119,168",0.633594,-19.29714,19.930733999999998
D;M,Q;L,"220,154",0.633234,4.26269,-3.6294560000000002
S;N,M;H,"238,205",0.633154,3.143461,-2.510307
R;T,Q;V,"132,72",0.631356,2.87249,-2.2411339999999997
D;N,L;T,"220,190",0.630668,3.12685,-2.496182
A;M,L;L,"65,262",0.630422,-7.54696,8.177382
S;T,N;V,"124,198",0.630109,5.68213,-5.052021
Q;N,K;K,"127,114",0.628633,0.67774,-0.04910700000000001
D;S,Q;Q,"220,188",0.628557,1.4311099999999999,-0.8025529999999998
I;S,L;P,"111,245",0.628237,2.90949,-2.281253
S;S,A;Q,"124,188",0.628116,0.7060200000000001,-0.07790400000000008
T;A,M;L,"51,65",0.628067,2.59577,-1.9677029999999998
S;H,M;T,"238,104",0.6279,3.8511499999999996,-3.2232499999999997
T;M,K;L,"88,262",0.627482,-7.54286,8.170342
S;A,D;M,"58,135",0.626892,3.4413,-2.8144080000000002
L;K,F;L,"216,252",0.625849,2.53308,-1.907231
Q;L,L;F,"127,216",0.625416,2.83911,-2.213694
I;T,L;L,"111,72",0.624492,2.91478,-2.290288
L;K,W;L,"216,252",0.622357,2.6145199999999997,-1.9921629999999997
S;Q,K;V,"124,127",0.621608,3.91266,-3.2910519999999996
R;M,Q;L,"132,262",0.62118,-7.1762,7.7973799999999995
D;R,Q;Q,"220,132",0.619708,4.519769999999999,-3.9000619999999993
S;Q,A;V,"124,127",0.61943,3.3665900000000004,-2.7471600000000005
T;Q,Q;M,"88,127",0.618415,1.6866670000000001,-1.0682520000000002
T;S,E;K,"270,58",0.617325,4.67141,-4.054085
H;Q,L;L,"104,182",0.61718,-0.10968,0.72686
Q;N,I;K,"182,114",0.616078,-2.09227,2.708348
Q;I,L;R,"127,168",0.615557,-13.20701,13.822567000000001
S;H,A;T,"124,104",0.615207,3.7847,-3.169493
S;T,E;M,"207,51",0.614936,2.71278,-2.097844
Q;N,V;K,"127,114",0.614807,-0.11030999999999991,0.7251169999999999
Q;N,M;H,"127,205",0.614571,1.411558,-0.7969870000000001
H;R,M;N,"104,90",0.613682,-11.26393,11.877612000000001
A;G,M;A,"135,165",0.613084,-3.0249999999999995,3.638083999999999
S;S,P;T,"245,121",0.612588,2.66061,-2.048022
S;S,T;H,"214,187",0.612582,-0.46579000000000004,1.0783719999999999
S;D,P;N,"245,186",0.61255,1.3626259,-0.7500759
G;E,L;K,"243,231",0.612372,4.991009999999999,-4.378638
Q;R,I;D,"182,90",0.612105,-13.29192,13.904024999999999
S;R,M;A,"238,280",0.612079,1.8349929999999999,-1.2229139999999998
A;T,P;V,"152,198",0.611955,3.38999,-2.778035
S;N,V;Y,"223,37",0.61156,1.8226909999999998,-1.211131
A;N,D;K,"226,114",0.611527,-7.90278,8.514307
S;S,T;E,"121,136",0.61092,1.610674,-0.9997539999999999
I;M,L;L,"111,262",0.610642,-7.26705,7.877692000000001
S;R,W;N,"58,90",0.609109,-11.38567,11.994779
H;T,L;V,"104,72",0.608509,2.81074,-2.2022310000000003
L;Q,W;M,"216,127",0.608419,1.848257,-1.239838
S;S,K;H,"124,187",0.606877,2.549088,-1.942211
S;T,K;K,"124,88",0.606667,3.97409,-3.367423
T;S,K;F,"88,238",0.604879,0.4339299999999999,0.17094900000000002
T;Q,E;V,"270,182",0.604754,1.3419599999999998,-0.7372059999999998
R;T,A;Y,"280,189",0.60467,-0.220445,0.825115
D;T,L;Q,"220,88",0.603994,3.19531,-2.591316
Q;R,M;A,"127,280",0.603766,0.10309000000000001,0.500676
A;S,M;Q,"135,188",0.603451,0.12599000000000005,0.4774609999999999
T;R,M;N,"29,90",0.602177,-19.4909,20.093077
H;R,L;D,"104,90",0.602122,-10.94362,11.545741999999999
S;R,M;N,"238,90",0.601996,-10.3488,10.950796
M;N,L;K,"154,233",0.596305,1.722942,-1.126637
S;N,K;K,"58,114",0.595888,-0.18877999999999995,0.7846679999999999
F;S,M;P,"271,245",0.595653,3.5051200000000002,-2.9094670000000002
I;N,L;K,"111,233",0.595214,1.889172,-1.293958
R;Q,P;M,"90,127",0.593395,-14.536903,15.130298
S;H,K;M,"124,104",0.59261,3.98309,-3.3904799999999997
S;S,E;F,"207,238",0.590759,0.54684,0.04391900000000004
T;A,V;E,"72,152",0.590532,2.38702,-1.796488
A;S,M;E,"135,121",0.589881,-5.5712399999999995,6.161121
S;S,D;V,"58,223",0.587677,3.01543,-2.427753
S;D,D;N,"58,186",0.585859,1.8925958999999999,-1.3067368999999998
S;L,T;F,"121,117",0.584145,-0.99647,1.5806149999999999
T;N,E;H,"270,205",0.583909,4.460300999999999,-3.876391999999999
S;M,K;L,"124,154",0.583763,4.08367,-3.4999069999999994
S;Q,A;A,"124,127",0.582719,2.686306,-2.103587
R;R,K;D,"53,90",0.581943,-11.317409999999999,11.899353
Q;N,L;T,"127,190",0.581586,2.6905,-2.108914
S;Q,P;L,"245,182",0.581264,-0.35124999999999984,0.9325139999999998
Q;I,M;R,"127,168",0.580549,-14.279303,14.859852
S;Q,K;L,"124,182",0.579197,0.98916,-0.4099630000000001
A;S,W;T,"65,214",0.57798,0.8063120000000001,-0.2283320000000001
F;N,M;K,"271,233",0.577724,2.484802,-1.9070780000000003
H;T,T;Y,"104,189",0.576586,1.795712,-1.219126
S;L,K;F,"124,117",0.57569,0.38034999999999997,0.19534000000000007
N;D,Y;N,"37,186",0.575355,0.6998569,-0.12450190000000005
D;L,N;F,"186,117",0.573982,-2.2944541,2.8684361
N;T,I;V,"37,72",0.57342,3.0823400000000003,-2.5089200000000003
S;A,M;E,"238,152",0.572831,3.37566,-2.802829
S;T,E;V,"207,72",0.571943,2.61874,-2.0467969999999998
S;A,K;L,"124,65",0.571492,3.96999,-3.398498
N;Q,T;M,"190,127",0.57048,1.6182070000000002,-1.047727
S;D,E;N,"136,186",0.569806,0.3126899,0.2571161
H;T,T;V,"104,198",0.569766,3.20857,-2.638804
S;N,T;Y,"121,37",0.569638,1.9978410000000002,-1.4282030000000003
R;T,L;L,"53,72",0.569112,2.93261,-2.363498
S;Q,A;I,"124,182",0.568836,1.38463,-0.815794
A;T,P;V,"152,72",0.568812,3.04393,-2.475118
N;S,Y;E,"37,121",0.568711,-6.448319,7.01703
S;Q,V;L,"223,182",0.568234,-0.56281,1.1310440000000002
S;A,W;W,"58,65",0.567393,2.3047000000000004,-1.7373070000000004
S;I,D;L,"58,111",0.566668,3.43946,-2.872792
R;N,Q;K,"224,233",0.566374,1.1292929999999999,-0.5629189999999998
S;A,M;D,"238,226",0.565197,-4.359430000000001,4.924627000000001
S;H,T;M,"121,104",0.564956,2.6062700000000003,-2.0413140000000003
R;S,N;E,"90,121",0.564726,-19.69216,20.256886
A;N,M;K,"65,114",0.564529,-0.06729999999999992,0.6318289999999999
F;S,W;F,"271,238",0.563692,1.0351,-0.47140799999999994
D;S,V;E,"186,121",0.563162,-5.34525,5.908412
Q;D,E;L,"133,220",0.562892,4.07888,-3.515988
T;Q,L;I,"72,182",0.561948,0.5955799999999999,-0.033631999999999884
D;A,Q;W,"220,65",0.56157,4.00021,-3.43864
M;S,L;P,"154,245",0.560192,2.7432600000000003,-2.1830680000000005
A;R,P;D,"152,90",0.560159,-10.710429999999999,11.270589
M;R,L;D,"154,90",0.559988,-11.13895,11.698938
T;F,E;M,"270,271",0.559021,5.68275,-5.123729000000001
S;D,M;N,"238,186",0.557433,2.2234159,-1.6659829
S;S,M;K,"238,58",0.55451,3.35457,-2.8000599999999998
R;S,K;E,"53,121",0.554508,-5.91777,6.472278
H;S,L;F,"104,238",0.554478,0.7388399999999999,-0.18436199999999991
S;T,N;Y,"124,189",0.554292,4.269272,-3.7149799999999997
A;S,W;E,"65,121",0.553615,-6.00179,6.5554049999999995
S;T,E;Y,"115,189",0.552853,1.8528419999999999,-1.2999889999999998
A;S,P;P,"152,245",0.552363,3.17178,-2.619417
S;R,E;N,"115,90",0.55194,-10.859119999999999,11.411059999999999
D;N,Q;Y,"220,37",0.551343,3.553681,-3.002338
A;L,M;F,"135,117",0.551007,-0.7457499999999999,1.296757
A;S,L;T,"65,214",0.55078,0.955112,-0.4043319999999999
L;M,M;L,"216,262",0.550564,-7.35858,7.9091439999999995
K;R,L;P,"252,90",0.550032,-13.77064,14.320672
Q;L,L;W,"127,216",0.549223,2.92055,-2.371327
F;T,W;V,"271,72",0.549065,3.107,-2.557935
A;S,P;T,"152,214",0.547476,1.497312,-0.949836
A;S,M;P,"135,245",0.547167,2.9113300000000004,-2.3641630000000005
A;S,F;F,"65,238",0.546508,0.33387999999999995,0.21262800000000004
T;S,Q;F,"88,238",0.544838,0.35803000000000007,0.18680799999999997
H;D,M;N,"104,186",0.544159,1.3082859,-0.7641269
I;H,L;M,"111,104",0.544132,2.85515,-2.3110180000000002
A;M,W;L,"65,262",0.543785,-7.69576,8.239545
A;H,M;M,"135,104",0.543656,2.85699,-2.3133340000000002
Q;S,L;E,"182,136",0.543271,-1.401186,1.9444569999999999
Q;T,V;Y,"182,189",0.541452,-2.030318,2.57177
R;D,D;N,"90,186",0.539644,-12.5195841,13.059228099999999
A;Q,P;I,"152,182",0.53841,1.0650499999999998,-0.5266399999999998
H;N,L;K,"104,233",0.538097,1.918272,-1.380175
T;R,V;Q,"72,224",0.537582,2.021761,-1.4841790000000001
I;S,L;W,"111,58",0.536871,2.73341,-2.196539
A;S,L;W,"65,58",0.536452,2.4535,-1.9170479999999999
R;Q,L;M,"53,127",0.536338,2.056207,-1.5198690000000001
S;M,E;L,"115,262",0.534379,-7.12905,7.663429000000001
D;Q,V;L,"186,182",0.533929,0.08905000000000007,0.4448789999999999
L;S,M;T,"216,214",0.533013,1.143492,-0.610479
S;D,A;V,"124,186",0.532928,3.93166,-3.398732
S;N,N;K,"124,233",0.531913,4.443601999999999,-3.9116889999999995
S;A,A;F,"124,65",0.530358,3.32797,-2.797612
S;N,E;K,"115,233",0.53,2.0271719999999998,-1.4971719999999997
A;R,F;D,"65,90",0.529714,-11.34858,11.878294
D;I,L;R,"220,168",0.529668,-12.77066,13.300328
S;S,N;T,"124,214",0.528623,3.789452,-3.2608289999999998
S;L,N;F,"124,117",0.527178,1.8068399999999998,-1.2796619999999996
R;K,N;L,"132,252",0.526498,3.2146999999999997,-2.6882019999999995
A;G,L;A,"65,165",0.526407,-3.30675,3.833157
Q;K,E;L,"133,252",0.524851,3.3365,-2.811649
S;R,K;N,"124,90",0.524362,-9.86918,10.393542
D;R,L;P,"220,90",0.522112,-13.02826,13.550372
I;T,L;M,"111,29",0.521793,-5.3718200000000005,5.893613
D;S,Q;E,"220,207",0.521568,4.26602,-3.744452
S;S,D;H,"58,187",0.52053,1.738648,-1.218118
K;S,L;Y,"252,269",0.519443,0.5120049999999999,0.007438000000000056
S;I,M;H,"238,168",0.51913,0.4622099999999998,0.05692000000000019
A;N,P;K,"152,114",0.518674,0.48922,0.02945399999999998
S;I,M;L,"238,145",0.51857,3.5145,-2.99593
T;Q,M;V,"51,182",0.518507,-0.86948,1.387987
R;Q,D;V,"90,182",0.518192,-14.71788,15.236072
S;T,N;V,"124,72",0.516355,5.336069999999999,-4.8197149999999995
T;R,E;Q,"270,132",0.514952,5.17797,-4.663018
R;Q,N;M,"132,127",0.51457,2.4484369999999998,-1.9338669999999998
H;S,M;H,"104,187",0.514533,1.154338,-0.6398050000000001
Q;D,K;L,"127,220",0.514062,3.99783,-3.483768
S;M,D;L,"58,154",0.513232,3.27323,-2.759998
A;G,W;A,"65,165",0.512809,-3.4555499999999997,3.9683589999999995
F;S,M;W,"271,58",0.512757,3.32904,-2.816283
D;A,Q;L,"220,65",0.510927,4.14901,-3.6380829999999995
K;I,L;R,"252,168",0.508576,-13.51304,14.021616
S;T,T;M,"121,29",0.506708,-5.6207,6.127408
S;L,V;F,"223,117",0.506393,-1.17162,1.678013
R;R,Q;D,"132,90",0.505327,-10.88187,11.387196999999999
R;Q,Q;L,"132,182",0.505196,-0.04793000000000003,0.553126
T;G,K;A,"88,165",0.504891,-3.30265,3.8075409999999996
L;Q,M;L,"216,182",0.503814,-0.23031000000000001,0.734124
T;Q,V;I,"72,182",0.503255,0.4624400000000001,0.040814999999999935
I;R,L;N,"111,90",0.502914,-10.997119999999999,11.500034
T;Q,M;Y,"51,119",0.502571,-3.22574,3.728311
A;Q,M;L,"135,182",0.501805,-0.13693999999999984,0.6387449999999998
T;S,L;K,"72,58",0.501784,2.4990699999999997,-1.9972859999999997
S;S,V;E,"223,136",0.500571,1.435524,-0.934953
L;S,F;E,"117,121",0.500216,-9.44263,9.942846
Q;G,Y;A,"119,165",0.499923,-9.128260000000001,9.628183000000002
Q;S,V;F,"182,238",0.498953,-3.0354200000000002,3.5343730000000004
M;S,L;E,"154,136",0.498762,1.693324,-1.1945620000000001
M;N,L;Y,"154,37",0.498085,2.080491,-1.5824059999999998
D;R,Q;Q,"220,224",0.497063,3.669041,-3.171978
S;R,P;K,"245,53",0.496169,2.5648,-2.068631
T;S,K;T,"88,214",0.4959,0.959212,-0.46331199999999995
Q;K,I;L,"127,252",0.495164,3.3509700000000002,-2.8558060000000003
S;T,V;M,"223,29",0.494277,-5.795850000000001,6.290127000000001
T;N,L;H,"72,205",0.493819,2.287961,-1.7941420000000001
T;Q,D;M,"88,127",0.492806,2.462207,-1.9694009999999997
H;M,L;L,"104,262",0.492487,-7.23795,7.730436999999999
T;A,E;M,"270,65",0.491095,4.79289,-4.301795
T;S,K;W,"88,58",0.490956,2.4576000000000002,-1.9666440000000003
T;R,M;Q,"51,224",0.49042,2.115801,-1.6253809999999997
S;S,P;H,"245,187",0.490176,1.2086780000000001,-0.7185020000000002
R;S,A;T,"280,214",0.487979,-0.700265,1.188244
N;N,I;K,"37,114",0.486305,0.52763,-0.041325000000000056
T;A,M;F,"51,65",0.486196,2.4998199999999997,-2.0136239999999996
I;N,L;Y,"111,37",0.485045,2.246721,-1.761676
N;Q,Y;V,"37,182",0.484896,-1.4984389999999999,1.9833349999999998
H;S,L;T,"104,214",0.484008,1.264122,-0.780114
M;S,L;T,"154,214",0.483642,1.068792,-0.58515
A;T,M;Y,"65,189",0.483242,1.420612,-0.93737
T;Q,V;Y,"72,119",0.483227,-3.31978,3.803007
T;I,E;L,"270,145",0.482198,4.83134,-4.349142
T;S,M;Q,"29,188",0.482193,-8.36963,8.851823000000001
H;S,L;P,"104,245",0.482185,2.93859,-2.456405
M;S,L;W,"154,58",0.481717,2.56718,-2.085463
S;I,M;L,"238,111",0.480726,3.7702799999999996,-3.289554
T;H,V;R,"198,104",0.4806,2.76313,-2.28253
A;T,P;M,"152,29",0.478842,-5.10953,5.588372000000001
A;K,N;L,"226,252",0.47866,2.68451,-2.20585
T;A,E;P,"270,152",0.477399,5.34941,-4.872011
A;L,F;F,"65,117",0.477353,-1.12345,1.600803
T;N,V;H,"198,205",0.476997,2.5008809999999997,-2.023884
S;A,D;F,"58,65",0.476806,3.0636,-2.5867940000000003
R;S,Q;T,"132,214",0.476632,1.325872,-0.84924
T;Q,M;I,"51,182",0.474399,0.55648,-0.08208099999999996
T;Q,N;M,"88,127",0.474077,1.6374170000000001,-1.16334
S;R,D;K,"58,53",0.47301,3.09477,-2.62176
A;S,E;T,"152,214",0.472798,0.8404020000000001,-0.3676040000000001
S;A,K;P,"124,152",0.472074,4.51219,-4.040116
T;Q,E;Y,"270,119",0.472041,-1.0143000000000004,1.4863410000000004
S;S,M;T,"238,121",0.471595,3.5214,-3.049805
A;S,P;F,"152,238",0.470085,0.97203,-0.501945
S;T,E;V,"115,198",0.469506,3.2657,-2.796194
Q;A,L;N,"127,226",0.468444,2.99054,-2.5220960000000003
L;T,M;M,"216,51",0.466138,2.78415,-2.318012
H;A,M;W,"104,65",0.466003,2.4264400000000004,-1.9604370000000004
A;T,M;M,"135,29",0.464205,-5.36998,5.834185
S;Q,V;M,"58,127",0.464103,2.118427,-1.6543240000000001
F;T,M;V,"271,72",0.464015,3.37727,-2.9132550000000004
R;S,K;E,"53,136",0.463773,1.5148640000000002,-1.0510910000000002
S;A,D;L,"58,65",0.463753,3.15955,-2.6957969999999998
S;A,P;W,"245,65",0.463135,2.48078,-2.0176450000000004
Q;N,I;K,"182,233",0.462426,-0.430028,0.8924540000000001
Q;S,M;H,"127,214",0.461412,-1.6898229999999999,2.151235
L;T,M;M,"216,29",0.461254,-5.46335,5.924604
S;H,E;M,"207,104",0.461191,2.69225,-2.231059
T;R,K;D,"88,90",0.460385,-11.248529999999999,11.708915
A;N,E;K,"152,233",0.459927,1.494552,-1.0346250000000001
A;T,P;L,"152,72",0.459871,3.1770699999999996,-2.7171989999999995
A;S,W;E,"65,136",0.459634,1.430844,-0.97121
M;N,L;H,"262,205",0.458602,-7.8938690000000005,8.352471000000001
S;R,M;L,"238,53",0.458116,3.7881099999999996,-3.3299939999999997
R;G,K;A,"53,165",0.458054,-3.37153,3.829584
F;N,W;K,"271,233",0.455629,2.2145319999999997,-1.7589029999999997
T;S,E;V,"270,58",0.454637,5.16717,-4.712533
M;G,L;A,"154,165",0.453793,-3.1930699999999996,3.6468629999999997
F;H,M;M,"271,104",0.452765,3.45078,-2.998015
R;S,Q;T,"224,214",0.452667,0.4751429999999999,-0.02247599999999994
F;S,W;W,"271,58",0.451691,3.05877,-2.607079
S;R,D;Q,"58,132",0.450339,3.53031,-3.079971
N;T,I;L,"37,72",0.450165,3.21548,-2.7653149999999997
S;Q,P;Y,"245,119",0.450052,-3.19193,3.641982
A;M,F;L,"65,262",0.449626,-7.6429100000000005,8.092536
A;S,L;E,"65,121",0.448771,-5.85299,6.301761
A;R,F;N,"65,90",0.447388,-11.37298,11.820368
S;T,K;L,"124,72",0.446974,4.04272,-3.595746
R;T,K;M,"53,29",0.446439,-5.71651,6.162949
F;N,W;Y,"271,37",0.445962,2.572081,-2.1261189999999996
A;S,F;E,"65,136",0.445923,1.4836939999999998,-1.0377709999999998
S;D,K;N,"124,186",0.445186,2.7030359,-2.2578499
S;S,E;T,"207,214",0.444859,1.072122,-0.627263
D;D,Q;N,"220,186",0.443446,2.8820559,-2.4386099000000003
S;T,K;Y,"58,189",0.442969,1.299132,-0.856163
S;R,E;D,"207,90",0.442954,-11.13562,11.578574
H;S,M;V,"104,223",0.44211,2.43112,-1.98901
Q;M,L;V,"127,154",0.442096,-1.45635,1.898446
D;T,V;M,"186,51",0.441781,3.10351,-2.6617290000000002
R;G,Q;A,"132,165",0.441491,-2.93599,3.377481
R;S,K;W,"53,58",0.441008,2.38872,-1.947712
F;R,M;N,"271,90",0.440863,-10.401489999999999,10.842353
L;Q,F;M,"216,127",0.439349,1.766817,-1.327468
R;S,Q;W,"132,58",0.439178,2.8242599999999998,-2.3850819999999997
S;Q,M;I,"238,127",0.438991,4.31661,-3.8776189999999997
S;S,N;D,"124,58",0.438605,5.9938899999999995,-5.555285
D;S,V;Q,"186,188",0.438136,0.35197999999999996,0.08615600000000007
G;S,A;H,"165,187",0.438017,-4.727652,5.165669
D;S,Q;E,"220,115",0.43797,4.56692,-4.12895
T;A,M;W,"51,65",0.437188,2.4469700000000003,-2.0097820000000004
S;R,K;Q,"124,224",0.437166,3.490021,-3.052855
R;G,Q;A,"224,165",0.436636,-3.7867189999999997,4.223355
S;T,D;K,"58,88",0.435947,3.1636499999999996,-2.7277029999999995
M;S,L;Q,"154,188",0.435791,-0.04208000000000012,0.4778710000000001
R;S,Q;Q,"224,188",0.43571,-0.6357290000000001,1.071439
S;H,K;L,"124,104",0.434927,4.279,-3.844073
D;F,Q;W,"220,271",0.434554,4.75428,-4.319725999999999
S;R,K;A,"124,280",0.434171,2.314613,-1.880442
S;A,M;W,"238,65",0.433085,3.34157,-2.9084849999999998
S;G,E;A,"207,165",0.432782,-3.1897399999999996,3.6225219999999996
H;T,M;K,"104,88",0.432495,2.57934,-2.1468450000000003
S;Q,D;Y,"58,119",0.431774,-2.6619600000000005,3.0937340000000004
M;R,L;Q,"262,224",0.431082,-8.026929,8.458011
L;N,M;K,"216,233",0.430129,1.797642,-1.367513
S;A,P;L,"245,65",0.429805,2.62958,-2.199775
Q;T,V;Y,"127,189",0.429625,1.377602,-0.9479770000000001
T;Q,E;A,"270,127",0.429508,4.069596,-3.6400879999999995
S;A,D;E,"58,152",0.429102,3.0448399999999998,-2.615738
L;S,F;H,"117,187",0.428887,-2.448402,2.877289
S;T,E;M,"115,51",0.428706,3.01368,-2.584974
D;S,V;F,"186,238",0.428363,0.93757,-0.509207
S;S,P;V,"245,223",0.428001,2.48546,-2.0574589999999997
H;T,L;M,"104,29",0.4268,-5.34272,5.76952
S;R,T;N,"121,90",0.425638,-11.245999999999999,11.671637999999998
I;A,L;E,"111,152",0.424827,2.72734,-2.302513
D;R,Q;K,"220,53",0.423664,4.08423,-3.6605659999999998
S;T,E;V,"115,72",0.419062,2.9196400000000002,-2.5005780000000004
R;S,Q;E,"132,121",0.418741,-5.4822299999999995,5.900970999999999
Q;Q,E;M,"133,127",0.418535,2.5702369999999997,-2.151702
Q;G,V;A,"182,165",0.417555,-6.772,7.189555
T;S,V;K,"198,58",0.41734,2.71199,-2.2946500000000003
A;S,E;Q,"152,188",0.417195,-0.27047,0.687665
L;T,W;V,"216,72",0.417004,2.59152,-2.174516
F;N,M;Y,"271,37",0.416526,2.8423510000000003,-2.425825
T;S,K;Q,"88,188",0.416462,-0.15166000000000013,0.5681220000000001
S;R,D;Q,"58,224",0.416166,2.6795809999999998,-2.2634149999999997
M;H,L;M,"154,104",0.415743,2.68892,-2.273177
I;S,L;E,"111,121",0.414074,-5.57308,5.987154
N;T,H;Y,"205,189",0.413905,1.088023,-0.674118
A;S,L;E,"65,136",0.41343,1.579644,-1.166214
H;T,T;M,"104,51",0.41327,2.95655,-2.54328
S;S,K;T,"124,121",0.407825,4.0010200000000005,-3.5931950000000006
S;S,K;E,"124,115",0.407343,4.3879,-3.980557
Q;T,A;Y,"127,189",0.40673,0.6973180000000001,-0.2905880000000001
H;R,R;N,"104,90",0.406722,-11.36169,11.768412
T;R,E;S,"270,90",0.405706,-2.6534000000000004,3.0591060000000003
T;A,L;M,"72,65",0.40501,2.6205499999999997,-2.21554
S;Q,W;Y,"58,119",0.404665,-3.36801,3.772675
H;T,T;V,"104,72",0.402853,2.8625100000000003,-2.4596570000000004
S;S,E;H,"136,187",0.40261,0.158742,0.24386800000000003
M;S,L;Q,"262,188",0.40248,-10.26486,10.667340000000001
F;H,W;M,"271,104",0.401831,3.18051,-2.778679
Q;S,Y;T,"119,214",0.401812,-4.866398,5.26821
H;R,M;K,"104,53",0.401564,2.51046,-2.108896
H;S,T;F,"104,238",0.401044,0.79061,-0.389566
T;S,M;H,"29,187",0.400167,-7.0726320000000005,7.472799
A;N,L;Y,"65,37",0.398668,1.9668109999999999,-1.5681429999999998
S;S,T;Q,"121,188",0.39849,-0.12473000000000001,0.52322
T;S,K;E,"88,121",0.397086,-5.84889,6.245976
T;T,E;N,"270,88",0.396999,4.68616,-4.289161
R;S,Q;P,"132,245",0.396906,3.00034,-2.603434
S;A,A;M,"124,65",0.396032,3.4096,-3.0135680000000002
S;S,E;Q,"207,188",0.393548,-0.03875000000000006,0.43229800000000007
R;H,Q;M,"132,104",0.393222,2.9459999999999997,-2.5527779999999995
S;S,V;Q,"223,188",0.392001,-0.29988000000000015,0.6918810000000002
E;Q,K;T,"231,127",0.391908,2.037824,-1.6459160000000002
S;H,D;L,"58,104",0.391566,3.46856,-3.076994
A;G,E;A,"152,165",0.391452,-3.4214599999999997,3.812912
S;S,E;W,"207,58",0.390396,2.57051,-2.180114
A;R,P;N,"152,90",0.389787,-10.734829999999999,11.124616999999999
A;N,P;K,"152,233",0.389353,2.151462,-1.762109
Q;S,L;Q,"182,188",0.387785,-3.13659,3.524375
S;T,P;K,"245,88",0.38765,2.63368,-2.24603
S;R,M;K,"238,53",0.387528,3.4255899999999997,-3.0380619999999996
N;S,Y;H,"37,187",0.387433,0.545909,-0.15847599999999995
Q;T,V;V,"127,72",0.385201,2.4444,-2.059199
Q;E,E;K,"127,231",0.38339,2.79634,-2.41295
L;G,M;A,"216,165",0.382541,-3.1183699999999996,3.5009109999999994
A;A,M;W,"135,65",0.38111,2.6950900000000004,-2.3139800000000004
Q;E,R;K,"127,231",0.380772,3.5781,-3.197328
S;H,K;T,"124,104",0.380572,4.33077,-3.9501980000000003
S;T,M;Q,"238,88",0.380331,3.41857,-3.038239
F;Q,M;L,"271,182",0.380276,0.4568500000000002,-0.0765740000000002
S;R,K;Q,"124,132",0.379978,4.34075,-3.960772
A;L,L;F,"65,117",0.379614,-1.0275,1.407114
Q;T,I;Y,"182,189",0.379531,-0.604358,0.983889
M;A,L;D,"262,226",0.379258,-15.39676,15.776018
S;G,N;A,"124,165",0.377748,-0.47241,0.850158
A;S,E;E,"152,121",0.377568,-5.9677,6.345268
S;A,P;E,"245,152",0.377156,2.51487,-2.1377140000000003
F;G,W;A,"271,165",0.374456,-2.70148,3.075936
M;S,L;E,"154,121",0.374292,-5.73931,6.113601999999999
S;S,E;W,"115,58",0.374206,2.87141,-2.497204
F;S,W;T,"271,214",0.373966,1.560382,-1.186416
A;N,W;Y,"65,37",0.373492,1.8180110000000003,-1.4445190000000003
T;Q,V;V,"72,182",0.373126,-0.9635199999999999,1.336646
S;R,W;Q,"58,224",0.372565,1.973531,-1.600966
S;S,M;E,"238,207",0.372277,3.60738,-3.235103
T;Q,E;E,"270,133",0.371564,5.61898,-5.247415999999999
T;S,M;K,"51,58",0.371234,2.45997,-2.0887360000000004
L;H,Q;M,"216,104",0.370912,2.96334,-2.592428
T;Q,L;Y,"72,119",0.370334,-3.1866400000000006,3.5569740000000007
D;S,V;T,"186,214",0.370122,1.462852,-1.09273
N;T,I;Y,"37,189",0.369527,2.015542,-1.646015
H;S,T;T,"104,214",0.369459,1.315892,-0.9464330000000001
S;S,A;K,"124,58",0.369108,3.28812,-2.9190120000000004
S;Q,K;I,"124,182",0.36828,1.9306999999999999,-1.56242
Q;L,V;F,"182,117",0.367657,-4.49275,4.860407
H;S,L;E,"104,121",0.36673,-5.5439799999999995,5.91071
R;T,N;Y,"132,189",0.366644,2.124902,-1.758258
R;N,N;K,"132,114",0.36622,0.63699,-0.27076999999999996
S;N,K;K,"58,233",0.365614,1.473462,-1.1078480000000002
H;A,M;F,"104,65",0.364722,2.4792899999999998,-2.114568
S;N,E;K,"207,233",0.364318,1.726272,-1.361954
F;R,W;D,"271,90",0.364109,-10.647359999999999,11.011468999999998
A;T,W;M,"65,29",0.364026,-5.80053,6.164556
D;A,L;N,"220,226",0.363733,3.42689,-3.0631570000000004
T;R,L;S,"72,90",0.362272,-4.825740000000001,5.1880120000000005
Q;K,L;L,"127,253",0.361438,0.48739,-0.125952
S;R,K;K,"124,53",0.360652,3.9052100000000003,-3.5445580000000003
S;A,M;P,"238,152",0.35994,4.03257,-3.67263
I;N,L;K,"145,114",0.359857,-0.028850000000000042,0.388707
I;S,L;T,"111,121",0.359828,2.87308,-2.513252
R;R,D;A,"90,280",0.359637,-12.908007,13.267643999999999
Q;I,I;R,"127,168",0.359377,-12.64939,13.008767
Q;G,I;A,"182,165",0.35877,-5.3460399999999995,5.704809999999999
A;Q,N;M,"226,127",0.358615,1.918247,-1.5596320000000001
M;T,L;M,"154,29",0.358439,-5.53805,5.896489
S;S,E;P,"207,245",0.358281,2.7465900000000003,-2.3883090000000005
H;S,L;E,"104,207",0.358269,2.9881599999999997,-2.6298909999999998
S;S,V;E,"223,121",0.358086,-5.99711,6.355196
Q;S,V;T,"182,214",0.356332,-2.510138,2.86647
S;Q,M;A,"238,127",0.355444,2.7527559999999998,-2.397312
R;S,Q;F,"132,238",0.354298,0.8005899999999999,-0.4462919999999999
R;S,K;T,"53,214",0.353921,0.8903320000000001,-0.5364110000000002
E;C,K;A,"231,289",0.353127,1.2472812,-0.8941542
R;N,K;Y,"53,37",0.353118,1.902031,-1.548913
T;A,K;E,"88,152",0.352784,2.45153,-2.0987460000000002
D;T,V;V,"186,198",0.352783,3.35553,-3.002747
R;S,Q;E,"132,136",0.352277,1.9504039999999998,-1.5981269999999999
M;L,L;F,"154,117",0.351339,-0.9138200000000001,1.2651590000000001
I;T,R;Y,"168,189",0.35059,-14.602838,14.953428
A;R,L;N,"65,90",0.350233,-11.27703,11.627263
M;Q,L;I,"262,182",0.349949,-9.58625,9.936199
L;Q,Q;L,"216,127",0.349806,3.2188600000000003,-2.869054
E;N,K;L,"231,138",0.349733,2.53592,-2.186187
I;N,H;K,"168,114",0.348972,-3.08114,3.430112
H;A,M;L,"104,65",0.348714,2.57524,-2.226526
T;A,V;M,"198,65",0.346968,2.83347,-2.486502
S;R,P;Q,"245,224",0.345918,2.149611,-1.8036930000000002
S;S,D;E,"58,207",0.344695,3.27656,-2.931865
H;Q,M;Y,"104,119",0.343745,-3.24627,3.590015
S;R,P;A,"245,280",0.343259,0.9742030000000002,-0.6309440000000002
T;A,L;D,"72,226",0.342742,-5.214930000000001,5.557672000000001
H;S,R;E,"104,136",0.342476,1.494984,-1.152508
S;N,N;Y,"124,37",0.341924,4.801151,-4.459227
S;F,K;W,"124,271",0.341121,4.57526,-4.234139
S;R,V;N,"223,90",0.340641,-11.421149999999999,11.761790999999999
F;S,W;D,"271,58",0.340217,3.76482,-3.424603
T;Q,V;V,"198,127",0.340081,2.79046,-2.450379
A;T,P;M,"152,51",0.339314,3.13797,-2.7986560000000003
S;S,T;W,"121,58",0.33913,2.4845300000000003,-2.1454000000000004
R;R,K;N,"53,90",0.338951,-11.341809999999999,11.680760999999999
Q;T,Y;Y,"119,189",0.33895,-4.386578,4.725528
S;K,N;L,"124,252",0.337421,5.35907,-5.021649
K;N,L;T,"252,190",0.335767,2.3844700000000003,-2.048703
R;D,N;N,"90,186",0.334402,-12.5439841,12.8783861
A;S,F;W,"65,58",0.334156,2.35755,-2.0233939999999997
T;S,K;E,"88,136",0.333505,1.5837439999999998,-1.2502389999999999
H;R,L;N,"104,90",0.333186,-10.96802,11.301205999999999
A;T,L;M,"65,29",0.332819,-5.651730000000001,5.984549
F;Q,M;I,"271,182",0.331852,1.39839,-1.066538
D;Q,Q;I,"220,182",0.331471,2.10972,-1.7782489999999997
S;L,D;M,"58,216",0.330748,3.34793,-3.017182
A;R,M;N,"135,90",0.330355,-10.99528,11.325635
S;A,P;D,"245,226",0.328838,-5.22022,5.5490580000000005
D;D,Q;V,"220,186",0.32743,4.65675,-4.32932
Q;N,A;K,"127,114",0.326608,-0.7905939999999999,1.1172019999999998
A;H,P;M,"152,104",0.326106,3.11744,-2.791334
Q;D,I;L,"127,220",0.32561,4.09335,-3.76774
F;S,W;E,"271,121",0.32434,-5.24772,5.5720600000000005
R;T,N;V,"132,198",0.32324,3.5377599999999996,-3.2145199999999994
T;N,N;K,"88,114",0.322266,-0.1740299999999999,0.4962959999999999
T;A,M;D,"51,226",0.320613,-5.25403,5.574643
R;L,Q;F,"224,117",0.320544,-1.507469,1.8280129999999999
R;Q,D;Y,"90,119",0.319882,-17.07414,17.394022
T;N,K;K,"88,233",0.319849,1.613362,-1.293513
L;N,M;Y,"216,37",0.318675,2.155191,-1.8365159999999998
F;T,M;L,"271,72",0.318617,3.5104100000000003,-3.191793
M;M,L;L,"154,262",0.318602,-7.43328,7.751882
M;Q,L;V,"262,182",0.318238,-11.01221,11.330448
Q;S,I;T,"182,214",0.31806,-1.084178,1.402238
S;D,V;N,"223,186",0.31791,1.1510658999999999,-0.8331558999999998
H;R,T;D,"104,90",0.316459,-10.89185,11.208309
T;L,E;W,"270,216",0.316318,4.897,-4.580682
D;Q,Q;Y,"220,119",0.31613,-1.6725000000000003,1.9886300000000003
S;S,E;T,"115,214",0.315839,1.373022,-1.057183
T;L,K;F,"88,117",0.313834,-1.0234,1.337234
S;S,E;E,"207,136",0.313642,1.696654,-1.3830120000000001
A;S,F;T,"65,214",0.313363,0.859162,-0.5457989999999999
S;S,E;E,"115,121",0.313216,-5.43508,5.748296
Q;M,V;L,"127,262",0.313213,-7.60429,7.917503
F;S,M;D,"271,58",0.313179,4.03509,-3.7219110000000004
T;S,V;K,"72,58",0.3129,2.36593,-2.05303
S;N,F;H,"238,205",0.312583,0.08292100000000002,0.22966199999999998
R;N,Q;Y,"132,37",0.311976,2.337571,-2.025595
T;N,Q;K,"88,114",0.311453,-0.12477999999999989,0.43623299999999987
S;N,V;K,"58,114",0.310671,0.30698000000000003,0.0036909999999999443
Q;T,I;Y,"127,189",0.31036,2.261172,-1.9508120000000002
S;S,K;F,"58,238",0.309447,0.29403,0.015417000000000014
H;S,L;E,"104,136",0.30929,1.8886539999999998,-1.5793639999999998
L;S,M;T,"216,121",0.309152,2.78155,-2.472398
S;R,A;N,"124,132",0.308577,4.11389,-3.8053129999999995
D;S,V;W,"186,58",0.308406,2.96124,-2.652834
R;S,N;H,"90,187",0.308148,-12.697932,13.006079999999999
S;S,M;V,"238,223",0.30812,3.3462499999999995,-3.0381299999999993
R;R,D;Q,"90,224",0.308011,-11.732599,12.040610000000001
A;G,F;A,"65,165",0.307511,-3.4027,3.7102109999999997
D;R,Q;A,"220,280",0.307354,2.493633,-2.186279
T;D,E;V,"270,186",0.307286,5.31495,-5.007663999999999
S;S,W;Q,"58,188",0.306963,-0.26439999999999997,0.571363
Q;S,V;E,"182,136",0.306852,-1.8856060000000001,2.1924580000000002
H;R,M;Q,"104,224",0.306815,2.095271,-1.7884559999999998
K;K,L;L,"252,253",0.306266,0.18135999999999997,0.12490600000000002
M;R,L;N,"154,90",0.305475,-11.16335,11.468824999999999
T;Q,V;A,"198,127",0.304954,2.110176,-1.805222
T;A,V;D,"72,226",0.304777,-5.34807,5.6528469999999995
T;S,D;F,"88,238",0.304268,1.13357,-0.829302
H;N,L;Y,"104,37",0.302935,2.275821,-1.9728860000000001
F;M,W;L,"271,262",0.302488,-6.94169,7.244178000000001
D;F,Q;M,"220,271",0.298972,5.02455,-4.725578
H;G,T;A,"104,165",0.298146,-2.94597,3.244116
T;R,V;A,"198,280",0.298017,1.192413,-0.894396
F;S,M;Q,"271,188",0.297889,0.7197800000000001,-0.42189100000000007
T;Q,V;L,"198,182",0.297856,-0.13304000000000005,0.43089600000000006
S;S,A;Y,"124,269",0.297111,1.4111950000000002,-1.114084
S;Q,A;E,"124,133",0.295461,4.23569,-3.940229
S;S,M;V,"238,58",0.295256,3.8503299999999996,-3.5550739999999994
D;S,V;H,"186,187",0.294926,1.648978,-1.354052
N;R,Y;Q,"37,224",0.294364,1.486842,-1.192478
L;R,M;D,"216,90",0.293908,-11.06425,11.358158
R;N,D;K,"90,233",0.293325,-12.205508,12.498833
F;M,M;L,"271,262",0.292474,-6.6714199999999995,6.963894
A;S,E;E,"152,136",0.291314,1.464934,-1.1736199999999999
T;I,E;H,"270,168",0.291223,1.7790499999999998,-1.4878269999999998
S;Q,E;Y,"136,119",0.29105,-4.241866,4.532916
A;T,M;V,"65,72",0.291022,2.48741,-2.1963880000000002
R;T,Q;M,"132,29",0.290798,-5.28097,5.571768
I;A,L;W,"111,65",0.289879,2.69325,-2.403371
N;T,I;M,"37,29",0.289477,-5.0711200000000005,5.360597
N;S,Y;F,"37,238",0.288891,-0.16549899999999995,0.45438999999999996
I;S,L;T,"111,214",0.287551,1.235022,-0.9474710000000001
S;S,K;E,"124,207",0.287129,4.087,-3.7998709999999996
A;S,F;E,"65,121",0.286257,-5.94894,6.235197
L;H,M;M,"216,104",0.286096,2.76362,-2.477524
T;Q,L;A,"72,127",0.286061,1.897256,-1.611195
F;S,W;E,"271,136",0.284604,2.184914,-1.90031
R;S,Q;E,"224,136",0.284531,1.099675,-0.815144
Q;T,K;L,"127,72",0.28403,3.36559,-3.08156
R;T,S;Y,"90,189",0.282805,-6.025678,6.308483
S;T,A;Q,"124,88",0.282257,3.35212,-3.0698630000000002
D;G,V;A,"186,165",0.282187,-2.79901,3.081197
H;S,T;W,"104,58",0.281403,2.81428,-2.532877
D;T,Q;K,"220,88",0.281327,4.15311,-3.8717829999999998
A;I,M;L,"135,111",0.278562,3.1238,-2.845238
S;N,E;Y,"207,37",0.277186,2.083821,-1.806635
S;T,V;L,"58,72",0.277135,2.99483,-2.717695
A;S,P;T,"152,121",0.275278,3.13537,-2.860092
S;L,A;F,"124,216",0.274506,3.43227,-3.157764
L;T,M;V,"216,72",0.273997,2.69011,-2.4161129999999997
Q;S,I;E,"182,136",0.273685,-0.459646,0.733331
Q;S,K;T,"127,214",0.272403,1.685832,-1.413429
T;N,V;H,"72,205",0.272262,2.154821,-1.882559
H;L,L;F,"104,117",0.272035,-0.7184900000000001,0.9905250000000001
S;D,T;N,"121,186",0.271153,1.3262159,-1.0550629
L;N,W;K,"216,114",0.271,0.03681000000000001,0.23419
F;S,W;P,"271,245",0.270926,3.23485,-2.9639239999999996
I;S,L;V,"111,223",0.270557,2.69793,-2.427373
L;S,M;P,"216,245",0.270029,2.8179600000000002,-2.547931
L;S,M;E,"216,136",0.266503,1.768024,-1.501521
N;T,I;M,"37,51",0.265877,3.17638,-2.910503
S;Q,D;V,"58,127",0.265866,3.10222,-2.836354
S;M,K;L,"58,262",0.265056,-7.68276,7.947816
T;S,V;Y,"198,269",0.264949,0.8350649999999998,-0.5701159999999998
A;M,M;V,"135,154",0.264787,-1.44322,1.7080069999999998
F;A,M;L,"271,65",0.26424,3.4376800000000003,-3.1734400000000003
T;N,K;Y,"88,37",0.263428,1.970911,-1.707483
S;S,M;H,"238,187",0.261297,2.0694679999999996,-1.8081709999999998
L;N,F;K,"216,114",0.259594,-0.04462999999999995,0.30422399999999994
H;M,T;L,"104,262",0.258933,-7.18618,7.445113
Q;Q,V;L,"127,182",0.258149,-0.4760199999999999,0.7341689999999998
S;T,M;D,"238,88",0.257997,4.19411,-3.936113
D;A,Q;D,"220,226",0.257192,-3.7007900000000005,3.9579820000000003
S;T,V;Y,"58,189",0.257152,1.794892,-1.5377399999999999
T;T,K;M,"88,29",0.256665,-5.64763,5.904295
S;Q,W;V,"58,182",0.256363,-1.01175,1.268113
T;Q,E;I,"270,127",0.255682,5.63345,-5.377768
S;S,V;H,"223,187",0.255013,0.997118,-0.742105
R;R,Q;N,"132,90",0.254857,-10.90627,11.161126999999999
T;I,V;H,"198,168",0.25365,-0.18037000000000014,0.43402000000000013
T;R,V;S,"198,90",0.251883,-4.61282,4.864703
G;E,S;K,"243,231",0.251761,2.8867399999999996,-2.6349789999999995
A;A,P;M,"152,135",0.250136,3.3860900000000003,-3.1359540000000004
D;N,Q;I,"220,37",0.250075,4.72962,-4.479545
R;S,Q;V,"132,223",0.249505,2.78878,-2.539275
S;Q,D;I,"58,182",0.247733,1.12026,-0.872527
A;N,E;Y,"152,37",0.247614,1.8521010000000002,-1.6044870000000002
S;D,K;V,"124,186",0.247136,4.47773,-4.230594
T;Q,M;A,"51,127",0.246321,1.8581560000000001,-1.6118350000000001
T;Q,M;Y,"29,119",0.245798,-11.47324,11.719038000000001
A;S,M;T,"135,121",0.245672,2.8749200000000004,-2.6292480000000005
T;R,L;A,"72,280",0.24423,0.979493,-0.735263
Q;S,L;H,"182,187",0.243593,-1.839592,2.083185
A;S,M;F,"65,238",0.243224,0.41551000000000005,-0.17228600000000005
F;S,M;E,"271,121",0.24239,-4.977449999999999,5.21984
A;S,M;F,"135,238",0.242261,0.7115800000000001,-0.4693190000000001
M;Q,L;L,"154,182",0.24163,-0.30501,0.54664
S;T,E;M,"207,29",0.240383,-5.53472,5.775103
D;F,L;M,"220,191",0.240012,2.271532,-2.03152
T;T,E;D,"270,88",0.239481,5.510949999999999,-5.271469
S;R,A;S,"124,90",0.238082,-4.03669,4.2747720000000005
H;S,L;T,"104,121",0.23569,2.90218,-2.66649
S;R,T;K,"121,53",0.235635,2.52839,-2.292755
T;I,L;H,"72,168",0.234715,-0.39329000000000014,0.6280050000000001
S;A,D;P,"58,152",0.234181,3.7017499999999997,-3.4675689999999997
D;N,V;K,"186,233",0.232793,2.117002,-1.8842089999999998
Q;S,L;Y,"127,269",0.232068,0.818035,-0.5859669999999999
A;N,M;K,"65,233",0.231598,1.594942,-1.3633440000000001
Q;S,A;F,"127,238",0.229525,-0.30778399999999995,0.5373089999999999
T;N,M;H,"51,205",0.229354,2.2488609999999998,-2.019507
S;R,W;S,"58,90",0.229014,-5.00711,5.236124
S;A,M;F,"238,65",0.228598,3.3944199999999998,-3.165822
T;R,M;Q,"29,224",0.228467,-6.131699,6.360166
R;T,N;L,"132,72",0.228161,3.32484,-3.096679
S;Q,P;I,"245,182",0.227684,0.5902900000000001,-0.3626060000000001
R;L,K;F,"53,117",0.227523,-1.09228,1.3198029999999998
M;S,L;Y,"262,269",0.226808,-9.559685,9.786493
T;R,K;N,"88,90",0.226511,-11.272929999999999,11.499441
R;D,K;N,"53,186",0.226377,1.2304059,-1.0040289
T;A,V;N,"198,226",0.225341,3.00757,-2.782229
D;S,L;Y,"220,269",0.225289,1.254385,-1.029096
S;Q,V;V,"223,182",0.225188,-1.04723,1.272418
Q;N,V;K,"127,233",0.225041,1.551932,-1.326891
Q;S,V;F,"127,238",0.224998,0.37250000000000005,-0.14750200000000005
T;T,L;N,"72,88",0.224406,2.51382,-2.289414
F;T,M;M,"271,29",0.224041,-4.77619,5.000230999999999
A;T,E;M,"152,29",0.223719,-5.76644,5.990159
S;Q,F;Y,"238,119",0.22276,-5.39168,5.61444
S;D,D;V,"58,186",0.222327,3.66729,-3.444963
S;S,N;P,"124,245",0.221782,5.46392,-5.242138
S;S,D;E,"58,115",0.22164,3.57746,-3.35582
A;R,E;N,"152,90",0.220969,-11.391739999999999,11.612708999999999
S;S,E;E,"115,136",0.220865,1.997554,-1.776689
D;L,L;M,"220,216",0.220218,3.45549,-3.235272
A;L,D;F,"226,117",0.219691,-8.8773,9.096991
N;N,K;H,"233,205",0.21925,1.262353,-1.0431030000000001
D;M,V;L,"186,262",0.218825,-7.03922,7.258045
R;S,K;Q,"53,188",0.21837,-0.22053999999999996,0.43890999999999997
N;M,I;L,"37,262",0.21794,-6.96635,7.18429
S;Q,K;V,"124,182",0.216767,0.50474,-0.287973
A;R,M;D,"65,90",0.215925,-11.26695,11.482875
A;S,M;V,"135,223",0.215691,2.69977,-2.484079
S;A,D;M,"58,65",0.215044,3.1452299999999997,-2.930186
F;T,W;M,"271,29",0.214861,-5.046460000000001,5.261321000000001
I;L,L;F,"111,117",0.214459,-0.74759,0.9620489999999999
F;L,M;F,"271,117",0.214075,-0.15195999999999987,0.3660349999999999
R;N,N;K,"132,233",0.21307,2.299232,-2.086162
T;T,D;L,"88,72",0.211665,3.33861,-3.126945
H;S,T;P,"104,245",0.211382,2.99036,-2.778978
T;T,V;Q,"198,88",0.211243,2.77599,-2.564747
I;M,L;L,"111,154",0.210015,2.95573,-2.745715
Q;S,Y;E,"119,121",0.209883,-11.6745,11.884383
T;Q,M;I,"29,182",0.209222,-7.69102,7.9002419999999995
A;S,M;W,"65,58",0.208788,2.4391800000000003,-2.230392
A;N,D;K,"226,233",0.208198,-6.240538000000001,6.448736000000001
S;Q,M;E,"238,133",0.206993,4.30214,-4.095147
K;R,L;A,"252,280",0.206856,0.869353,-0.662497
A;A,M;E,"135,152",0.206442,2.7291800000000004,-2.5227380000000004
D;Q,Q;V,"220,127",0.205544,4.09168,-3.886136
S;D,M;V,"238,186",0.20527,3.9981099999999996,-3.7928399999999995
S;A,M;M,"238,65",0.204892,3.47605,-3.271158
S;S,K;T,"58,214",0.203875,0.819312,-0.615437
N;N,I;K,"37,233",0.203595,2.189872,-1.9862769999999998
T;T,V;Q,"72,88",0.203585,2.42993,-2.2263450000000002
R;S,Q;E,"224,121",0.203008,-6.332959,6.535966999999999
S;Q,W;F,"58,182",0.202607,-0.9532999999999998,1.1559069999999998
S;S,A;V,"124,58",0.201769,3.78388,-3.582111
Q;N,E;K,"133,114",0.199657,0.7587899999999999,-0.5591329999999999
T;A,M;M,"51,65",0.199157,2.5814500000000002,-2.382293
M;Q,L;Y,"262,119",0.198832,-13.36847,13.567302
F;L,W;F,"271,117",0.198367,-0.4222300000000001,0.6205970000000001
F;A,W;E,"271,152",0.197027,3.0526999999999997,-2.855673
S;R,K;D,"58,90",0.196872,-11.38843,11.585302
S;A,T;W,"121,65",0.194785,2.44437,-2.249585
T;A,E;N,"270,226",0.194444,4.96699,-4.772546
D;S,Q;K,"220,58",0.194212,4.01321,-3.818998
T;Q,M;V,"51,127",0.194164,2.53844,-2.344276
T;R,E;L,"270,53",0.194135,5.10495,-4.9108149999999995
A;S,D;E,"226,121",0.193652,-13.70279,13.896442
S;H,D;T,"58,104",0.193115,3.52033,-3.327215
N;R,I;D,"37,90",0.192917,-10.67202,10.864937
Q;G,V;A,"127,165",0.192498,-3.3640799999999995,3.5565779999999996
T;L,V;F,"198,216",0.19225,2.85614,-2.66389
S;T,V;V,"58,198",0.191947,3.20775,-3.015803
S;T,E;M,"115,29",0.191508,-5.233820000000001,5.425328
T;N,D;K,"88,114",0.191501,0.65076,-0.459259
A;M,M;L,"65,262",0.191344,-7.56128,7.752624
S;E,N;K,"103,231",0.190735,2.8214699999999997,-2.6307349999999996
D;N,Q;H,"220,205",0.190116,3.802101,-3.611985
T;T,N;Y,"88,189",0.189043,1.313882,-1.124839
S;T,P;Q,"245,88",0.188582,2.55778,-2.3691980000000004
H;N,T;K,"104,233",0.188527,1.970042,-1.7815150000000002
S;R,E;N,"207,90",0.188363,-11.16002,11.348383
S;Q,P;V,"245,182",0.186856,-0.8356699999999999,1.0225259999999998
S;I,F;R,"238,168",0.186835,-15.607940000000001,15.794775000000001
A;L,P;F,"152,117",0.186478,-0.48530000000000006,0.6717780000000001
S;A,P;F,"245,65",0.186182,2.53363,-2.347448
T;L,E;F,"270,216",0.186069,4.81556,-4.629491
R;Q,S;L,"90,182",0.184677,-7.879300000000001,8.063977000000001
H;Q,T;L,"104,182",0.184664,-0.057909999999999906,0.2425739999999999
S;S,E;Q,"115,188",0.184607,0.2621499999999999,-0.07754299999999989
H;M,L;L,"104,154",0.184423,2.9848299999999997,-2.800407
Q;G,A;A,"127,165",0.184345,-4.044364,4.228709
S;A,E;W,"115,65",0.184293,2.83125,-2.646957
I;R,L;A,"111,280",0.184287,1.186673,-1.002386
A;D,W;N,"65,186",0.183403,1.1463859,-0.9629829000000001
T;N,L;T,"72,190",0.182856,2.4946099999999998,-2.3117539999999996
S;T,K;N,"124,88",0.182596,3.84894,-3.6663439999999996
M;I,L;R,"262,168",0.181688,-23.58473,23.766418
Q;S,E;W,"133,58",0.179095,3.26527,-3.086175
T;T,V;N,"198,88",0.17784,2.72674,-2.5488999999999997
F;A,W;W,"271,65",0.17725,3.01861,-2.84136
R;R,N;Q,"90,224",0.176054,-11.756999,11.933053000000001
D;M,L;V,"220,154",0.173325,-1.02,1.193325
S;Q,M;Y,"238,119",0.17254,-2.3311400000000004,2.5036800000000006
Q;I,N;R,"127,168",0.169581,-12.403970000000001,12.573551000000002
I;T,H;Y,"168,189",0.168149,-1.593228,1.761377
R;T,N;V,"132,72",0.166793,3.1917,-3.024907
S;A,D;D,"58,226",0.166552,-4.690250000000001,4.856802000000001
R;S,S;F,"90,238",0.166528,-7.03078,7.197308
S;H,E;M,"115,104",0.166087,2.99315,-2.827063
Q;N,I;K,"127,114",0.165349,0.7732600000000001,-0.6079110000000001
R;N,L;K,"53,114",0.164638,0.2447600000000001,-0.08012200000000008
A;S,W;Q,"65,188",0.163916,-0.30455999999999994,0.46847599999999995
D;S,V;P,"186,245",0.16372,3.13732,-2.9736
H;S,T;E,"104,136",0.162638,1.9404240000000001,-1.777786
R;S,Q;Q,"132,188",0.161356,0.21499999999999986,-0.05364399999999986
S;N,A;H,"124,205",0.160104,3.077011,-2.916907
D;S,N;Q,"186,188",0.159685,-1.4227141,1.5823991000000002
S;S,N;W,"124,58",0.159423,5.28784,-5.128417
Q;S,L;P,"127,188",0.159213,1.353865,-1.194652
F;G,M;A,"271,165",0.158912,-2.4312099999999996,2.5901219999999996
A;D,E;N,"152,186",0.158583,1.1804759,-1.0218929
T;T,D;Y,"88,189",0.157791,2.138672,-1.9808810000000001
S;L,E;F,"207,117",0.157612,-0.91049,1.068102
T;S,Q;T,"88,214",0.157287,0.8833120000000001,-0.7260250000000001
R;Q,S;I,"90,182",0.156986,-6.93776,7.094746
S;A,K;D,"124,226",0.156379,-3.8798100000000004,4.036189
N;G,I;A,"37,165",0.15634,-2.72614,2.88248
Q;S,I;E,"182,121",0.156265,-7.8922799999999995,8.048544999999999
S;A,T;L,"121,65",0.154459,2.5931699999999998,-2.4387109999999996
T;T,E;Q,"270,88",0.154138,4.73541,-4.581272
D;A,Q;P,"220,152",0.153372,4.69121,-4.537838
S;S,Q;H,"188,187",0.152464,-1.576662,1.729126
T;T,L;Q,"72,88",0.151989,2.5630699999999997,-2.411081
I;N,L;K,"145,233",0.151018,1.633392,-1.4823739999999999
T;S,Q;W,"88,58",0.150188,2.3817000000000004,-2.2315120000000004
H;S,T;E,"104,121",0.150169,-5.49221,5.642379
R;L,Q;F,"132,117",0.149332,-0.6567400000000001,0.8060720000000001
S;Q,K;K,"124,127",0.148926,4.70071,-4.551784
S;N,D;H,"58,205",0.1471,2.812641,-2.665541
H;L,T;F,"104,117",0.146647,-0.66672,0.813367
N;S,I;W,"37,58",0.144903,3.03411,-2.889207
S;I,E;L,"115,111",0.144728,3.25996,-3.115232
S;R,E;D,"115,90",0.144689,-10.834719999999999,10.979408999999999
R;T,N;M,"132,51",0.143477,3.2857399999999997,-3.142263
Q;I,L;V,"127,200",0.143434,2.83825,-2.694816
A;Q,M;V,"135,182",0.143171,-0.6213599999999999,0.7645309999999998
S;S,E;P,"115,245",0.143076,3.04749,-2.9044139999999996
R;I,Q;L,"132,111",0.142778,3.21281,-3.0700320000000003
P;E,L;K,"38,231",0.142584,2.7135,-2.570916
S;T,A;N,"124,88",0.141831,3.3028700000000004,-3.1610390000000006
Q;R,L;T,"127,90",0.139721,-5.208,5.347721
D;S,V;E,"186,136",0.138931,2.087384,-1.9484530000000002
S;Q,M;V,"238,127",0.138648,3.43304,-3.294392
S;G,E;A,"115,165",0.138007,-2.88884,3.026847
S;S,T;V,"121,223",0.136645,2.4490499999999997,-2.3124049999999996
Q;T,E;L,"133,72",0.13631,3.4466399999999995,-3.3103299999999996
A;D,M;N,"135,186",0.134575,1.5769359,-1.4423609000000002
T;I,L;R,"72,168",0.133904,-13.4029,13.536804
S;M,V;L,"58,262",0.133372,-7.187,7.320372
T;R,M;S,"51,90",0.132651,-4.86484,4.997491
D;S,N;H,"186,187",0.132424,-0.1257161,0.2581401
F;R,W;N,"271,90",0.130865,-10.671759999999999,10.802624999999999
R;A,K;W,"53,65",0.130426,2.34856,-2.218134
S;A,V;W,"223,65",0.130386,2.26922,-2.1388339999999997
H;R,L;K,"104,53",0.130115,2.8063700000000003,-2.6762550000000003
F;A,M;F,"271,65",0.129664,3.34173,-3.212066
A;T,F;M,"65,29",0.129476,-5.747680000000001,5.877156000000001
A;R,M;K,"135,53",0.129181,2.77911,-2.649929
H;D,L;N,"104,186",0.128927,1.6041959,-1.4752688999999999
Q;S,V;Q,"127,188",0.128815,-0.21309,0.341905
S;S,E;E,"207,121",0.128628,-5.73598,5.864608
M;S,L;T,"154,121",0.127879,2.70685,-2.578971
T;R,E;P,"270,90",0.126826,-11.48816,11.614986
I;N,R;K,"168,114",0.125978,-16.09075,16.216728
T;T,D;V,"88,198",0.125261,3.5515299999999996,-3.4262689999999996
S;S,K;E,"58,136",0.123971,1.443844,-1.3198729999999999
A;S,M;H,"135,187",0.12378,1.4229880000000001,-1.2992080000000001
L;T,W;L,"216,72",0.123681,2.72466,-2.600979
A;S,L;Q,"65,188",0.12348,-0.15576000000000012,0.27924000000000015
K;M,L;V,"252,154",0.123373,-1.76238,1.885753
A;Q,E;Y,"152,119",0.122919,-3.37408,3.496999
S;Q,K;A,"124,127",0.122804,3.232376,-3.109572
Q;N,A;K,"127,233",0.122112,0.871648,-0.749536
F;R,M;Q,"271,132",0.12073,3.80844,-3.68771
M;I,L;H,"262,168",0.120207,-10.57512,10.695327
S;Q,D;V,"58,182",0.119473,-0.3057000000000001,0.4251730000000001
T;I,E;R,"270,168",0.118747,-11.23056,11.349307000000001
R;T,L;M,"53,51",0.117783,2.89351,-2.775727
I;T,L;K,"111,88",0.117648,2.8461499999999997,-2.7285019999999998
S;Q,A;I,"124,127",0.117327,4.25016,-4.132833
S;G,K;A,"58,165",0.116426,-3.4425499999999998,3.558976
S;D,N;Q,"124,220",0.116362,6.98335,-6.866988
L;T,F;Y,"216,189",0.115054,1.443282,-1.328228
S;A,K;F,"124,65",0.11296,3.87404,-3.7610799999999998
R;S,K;V,"53,223",0.112656,2.35324,-2.240584
I;S,L;E,"111,207",0.111445,2.95906,-2.8476150000000002
N;S,I;T,"37,214",0.109969,1.535722,-1.425753
Q;I,I;H,"182,168",0.109934,-2.50531,2.615244
L;S,Q;F,"216,238",0.109496,0.81793,-0.708434
S;I,F;H,"238,168",0.108948,-2.59833,2.7072779999999996
D;N,V;Y,"186,37",0.108382,2.474551,-2.3661689999999997
S;N,E;Y,"115,37",0.108136,2.384721,-2.276585
R;M,S;L,"90,262",0.107987,-15.007570000000001,15.115557
H;N,T;Y,"104,37",0.107776,2.327591,-2.219815
T;L,L;F,"72,216",0.107365,2.64322,-2.5358549999999997
R;D,Q;N,"224,186",0.107096,0.8152168999999999,-0.7081208999999999
Q;N,V;K,"182,233",0.106873,-1.855988,1.962861
F;Q,M;V,"271,127",0.106056,3.38035,-3.274294
T;R,V;S,"72,90",0.104,-4.958880000000001,5.062880000000001
T;T,Q;Y,"88,189",0.103851,1.363132,-1.259281
S;T,A;D,"124,88",0.103825,4.1276600000000006,-4.023835000000001
A;L,E;F,"152,117",0.102068,-1.14221,1.244278
T;Q,M;L,"29,182",0.101616,-8.63256,8.734176
S;T,T;K,"121,88",0.0998874,2.59727,-2.4973826
H;Q,M;I,"104,182",0.0996563,0.53595,-0.4362937
T;D,K;N,"88,186",0.0996073,1.2992858999999999,-1.1996786
R;A,Q;W,"132,65",0.0970817,2.7841,-2.6870183
D;A,V;E,"186,152",0.0970215,2.95517,-2.8581485
M;D,L;N,"154,186",0.0964175,1.4088659,-1.3124483999999998
H;A,L;W,"104,65",0.0956659,2.72235,-2.6266841
A;A,M;L,"135,65",0.0953041,2.84389,-2.7485859
A;Q,E;L,"152,182",0.0949183,-0.5333999999999999,0.6283182999999999
R;S,K;H,"53,187",0.0947842,1.0764580000000001,-0.9816738000000002
R;N,D;H,"90,205",0.0947396,-11.599539,11.6942786
S;A,K;W,"124,65",0.0932786,3.82119,-3.7279114
S;R,N;N,"124,90",0.0928382,-8.442689999999999,8.535528199999998
R;H,Q;L,"132,104",0.0925345,3.24191,-3.1493754999999997
Q;S,A;T,"127,214",0.0923643,0.21749800000000002,-0.12513370000000001
S;S,T;H,"121,187",0.0916531,1.172268,-1.0806149
D;T,V;V,"186,72",0.0916027,3.0094700000000003,-2.9178673
S;T,V;V,"58,72",0.0911548,2.8616900000000003,-2.7705352000000003
S;S,W;H,"58,187",0.0909939,1.0325980000000001,-0.9416041000000002
L;R,W;D,"216,90",0.0906363,-11.16284,11.253476299999999
T;M,N;L,"88,262",0.0905136,-7.66801,7.7585236
M;A,L;W,"154,65",0.0901052,2.5270200000000003,-2.4369148000000003
N;R,I;N,"37,90",0.0898248,-10.69642,10.7862448
R;N,P;K,"90,114",0.0893412,-16.34835,16.4376912
I;K,V;L,"200,252",0.0869236,2.5322199999999997,-2.4452963999999997
A;L,W;F,"65,117",0.085419,-1.1763,1.2617189999999998
I;H,L;M,"145,104",0.0853795,2.59937,-2.5139905
S;S,E;T,"207,121",0.0850419,2.7101800000000003,-2.6251381
T;S,K;V,"88,223",0.0846327,2.4221199999999996,-2.3374872999999994
R;S,S;T,"90,214",0.0841047,-6.505498,6.5896027
D;K,L;Y,"220,253",0.0838194,-0.5081799999999999,0.5919993999999998
F;A,M;W,"271,65",0.0828773,3.2888800000000002,-3.2060027000000004
S;A,T;E,"121,152",0.0827807,2.47846,-2.3956793000000003
T;M,Q;L,"88,262",0.0823625,-7.61876,7.7011225
D;Q,Q;V,"220,182",0.0817579,0.6837599999999999,-0.6020021
S;S,K;K,"124,58",0.0808306,3.83419,-3.7533594
I;S,L;E,"145,121",0.0797654,-5.82886,5.9086254
K;Q,Y;M,"253,127",0.0792251,-2.016823,2.0960481
R;Q,V;M,"34,127",0.0789236,3.759087,-3.6801634
T;Q,V;A,"72,127",0.0782081,1.764116,-1.6859079000000001
H;A,M;M,"104,65",0.0780888,2.5609200000000003,-2.4828312
Q;A,V;W,"127,65",0.0779525,2.3560100000000004,-2.2780575000000005
R;S,N;T,"132,214",0.0777039,1.645082,-1.5673781
S;S,E;Y,"136,269",0.0775404,-0.43308100000000005,0.5106214
D;R,L;T,"220,90",0.0773752,-4.77165,4.8490252
S;R,M;N,"238,132",0.0772088,4.180339999999999,-4.103131199999999
T;S,N;F,"88,238",0.0765237,0.30878000000000005,-0.23225630000000005
F;S,M;E,"271,115",0.0758419,3.8555900000000003,-3.7797481000000004
N;S,I;Q,"37,188",0.0751805,0.42484999999999995,-0.34966949999999997
A;D,L;N,"65,186",0.0741672,1.2951859,-1.2210187
T;I,M;R,"51,168",0.073662,-13.442,13.515662
D;H,V;M,"186,104",0.0734697,3.08298,-3.0095103
Q;T,I;L,"127,72",0.0733004,3.4611099999999997,-3.3878095999999998
Q;Q,W;L,"133,127",0.0728261,3.5434,-3.4705739
D;K,L;L,"220,253",0.0727734,0.92374,-0.8509666
L;A,M;F,"216,65",0.0720116,2.6545699999999997,-2.5825583999999995
H;R,M;A,"104,280",0.0718853,0.9198630000000001,-0.8479777000000001
D;L,V;F,"186,117",0.0714993,-0.51976,0.5912593
A;S,W;H,"65,187",0.0707952,0.9924380000000002,-0.9216428000000001
Q;Q,L;F,"127,182",0.0680455,-0.5760399999999999,0.6440854999999999
R;D,Q;N,"132,186",0.0676809,1.6659458999999999,-1.5982649999999998
A;S,M;T,"65,214",0.0669663,0.9407920000000001,-0.8738257
F;S,W;Q,"271,188",0.0667695,0.44950999999999985,-0.3827404999999999
S;N,E;H,"136,205",0.0665806,1.232735,-1.1661544
F;S,M;T,"271,121",0.0661631,3.46871,-3.4025469000000004
Q;T,E;Y,"133,189",0.0653924,2.246702,-2.1813096
L;S,M;Q,"216,188",0.0646152,0.03261999999999987,0.031995200000000126
A;S,E;V,"152,223",0.0645302,2.3033099999999997,-2.2387797999999997
S;N,P;H,"245,205",0.0628021,2.282671,-2.2198689000000003
T;I,M;H,"51,168",0.0619606,-0.43239000000000005,0.49435060000000003
S;R,T;A,"121,280",0.0614956,0.9377930000000001,-0.8762974000000001
D;S,L;H,"220,214",0.0612274,-0.1811799999999999,0.24240739999999988
H;A,L;L,"104,65",0.0606233,2.87115,-2.8105267
K;R,L;T,"252,90",0.0602863,-5.51403,5.5743163
S;S,P;K,"245,58",0.059873,2.49378,-2.433907
M;T,L;K,"154,88",0.0596603,2.67992,-2.6202597
S;Q,Q;Y,"188,119",0.0578554,-5.977270000000001,6.035125400000001
S;R,T;Q,"121,224",0.0566344,2.113201,-2.0565666
R;N,S;K,"90,114",0.0566117,-7.513590000000001,7.570201700000001
S;L,M;F,"238,216",0.0564503,3.4987199999999996,-3.4422696999999998
D;I,L;V,"220,200",0.0561637,3.2746,-3.2184363
H;I,L;L,"104,111",0.0561567,3.15106,-3.0949033000000004
E;H,K;R,"231,104",0.0558889,2.52876,-2.4728711000000003
N;Q,Y;I,"37,182",0.053765,-0.07247899999999996,0.12624399999999997
S;S,K;Q,"58,188",0.0532063,-0.29156000000000004,0.3447663
R;T,L;Y,"53,189",0.0509376,1.732672,-1.6817344
Q;S,V;E,"182,121",0.050179,-9.31824,9.368419
S;N,E;H,"121,205",0.0501185,-6.199899,6.2500175
Q;D,V;N,"182,186",0.0500291,-2.1700641,2.2200932
T;N,E;T,"270,190",0.0495277,4.66695,-4.6174223
Q;S,M;P,"127,188",0.0493668,0.28157200000000004,-0.23220520000000006
R;S,Q;T,"132,121",0.0490914,2.96393,-2.9148386
R;S,Q;H,"132,187",0.0490042,1.511998,-1.4629938
R;S,L;F,"53,238",0.0486923,0.72757,-0.6788777
D;Q,Q;K,"220,127",0.0482303,4.87973,-4.8314997
T;N,N;K,"88,233",0.0477885,1.488212,-1.4404235
Q;T,V;M,"127,29",0.0475503,-5.70906,5.7566103
S;S,E;H,"121,187",0.0474613,-7.273892,7.3213533
F;S,W;T,"271,121",0.046008,3.1984399999999997,-3.1524319999999997
Q;N,V;Y,"127,37",0.0452906,1.909481,-1.8641904
A;G,M;A,"65,165",0.0449469,-3.3210699999999997,3.3660168999999995
S;A,P;M,"245,65",0.04481,2.61526,-2.57045
F;D,M;N,"271,186",0.0442276,2.1707259000000003,-2.1264983
T;A,K;W,"88,65",0.0439152,2.41744,-2.3735248
S;S,M;P,"238,188",0.0435888,2.0134749999999997,-1.9698861999999997
D;K,L;F,"220,253",0.0435664,-0.76336,0.8069264
H;A,L;M,"104,135",0.043531,3.1529,-3.1093689999999996
L;D,M;N,"216,186",0.0426244,1.4835658999999999,-1.4409414999999999
S;Q,K;Y,"124,119",0.0420289,-1.8515200000000003,1.8935489000000003
S;T,V;M,"58,51",0.0405068,2.95573,-2.9152232
R;Q,N;V,"90,182",0.0399042,-14.74228,14.7821842
L;S,M;E,"216,121",0.039222,-5.66461,5.703831999999999
D;T,V;M,"186,29",0.0390713,-5.1439900000000005,5.1830613
S;N,M;T,"238,190",0.0386375,3.35011,-3.3114725
F;A,W;M,"271,135",0.0384571,3.44916,-3.4107029
Q;Q,K;V,"127,182",0.0381812,-0.17239000000000004,0.21057120000000004
M;S,L;V,"154,223",0.0376751,2.5317,-2.4940249
L;Q,F;Y,"117,119",0.0370571,-6.84901,6.8860671
T;R,L;P,"72,90",0.0369665,-13.6605,13.6974665
D;R,V;N,"186,90",0.0368326,-10.76929,10.8061226
M;S,L;H,"154,187",0.0363157,1.254918,-1.2186023
T;T,V;N,"72,88",0.0352327,2.38068,-2.3454473
L;L,M;F,"216,117",0.0332904,-0.8391200000000001,0.8724104000000001
T;I,V;H,"72,168",0.0332571,-0.52643,0.5596871
D;H,Q;T,"220,104",0.0330049,4.50979,-4.4767851
A;S,M;E,"65,121",0.0322302,-5.86731,5.8995402
I;A,L;L,"111,65",0.0299717,2.84205,-2.8120783
N;S,H;T,"205,214",0.0299041,0.608203,-0.5782989000000001
S;I,A;H,"124,168",0.0290044,0.3957600000000001,-0.3667556000000001
S;I,W;H,"58,168",0.0287175,-0.57466,0.6033774999999999
A;S,L;H,"65,187",0.0279103,1.141238,-1.1133277
H;Q,M;V,"104,182",0.0270502,-0.89001,0.9170602
T;Q,K;L,"88,182",0.0267975,-0.41459,0.4413875
A;R,M;N,"65,90",0.0263377,-11.29135,11.317687699999999
D;A,Q;M,"220,65",0.0262628,4.13469,-4.1084272
R;S,N;Q,"90,188",0.0250882,-13.99493,14.0200182
S;D,E;N,"207,186",0.024697,1.4121959,-1.3874989
A;S,M;E,"135,207",0.0246878,2.9609,-2.9362122
S;Q,P;V,"245,127",0.0246078,2.5722500000000004,-2.5476422000000003
A;L,M;F,"65,117",0.0238538,-1.04182,1.0656738
S;Q,W;A,"58,127",0.0227439,1.7158860000000002,-1.6931421000000002
A;G,P;A,"152,165",0.0221137,-2.76455,2.7866636999999996
H;R,T;N,"104,90",0.0220945,-10.91625,10.9383445
S;S,E;T,"115,121",0.0213936,3.0110799999999998,-2.9896863999999996
R;S,N;E,"132,121",0.019746,-5.1630199999999995,5.182765999999999
R;R,N;N,"132,90",0.0191808,-10.58706,10.6062408
A;G,D;A,"226,165",0.0181401,-11.15655,11.1746901
H;T,T;M,"104,29",0.0177778,-5.2909500000000005,5.308727800000001
R;T,P;Y,"90,189",0.0177215,-14.860438,14.8781595
S;Q,W;I,"58,182",0.0171833,0.4142100000000001,-0.39702670000000007
S;I,K;L,"124,145",0.0167706,3.9941199999999997,-3.9773493999999996
R;A,D;D,"90,226",0.0164017,-19.10243,19.118831699999998
F;S,M;V,"271,223",0.0139732,3.2935600000000003,-3.2795868
S;L,K;F,"124,216",0.0127482,3.97834,-3.9655918000000003
Q;S,V;E,"127,136",0.0127066,1.5223140000000002,-1.5096074000000002
R;T,L;V,"53,198",0.0122626,3.14553,-3.1332674
H;A,M;D,"104,226",0.0116126,-5.27456,5.2861726
N;S,I;P,"37,245",0.0111746,3.21019,-3.1990154
R;Q,D;A,"90,127",0.0105816,-11.990243999999999,12.000825599999999
N;Q,K;Y,"233,119",0.0102692,-4.212248000000001,4.2225172
T;T,D;M,"88,51",0.0102381,3.2995099999999997,-3.2892718999999997
S;N,Q;H,"188,205",0.0100068,-0.502669,0.5126758
L;T,W;Y,"216,189",0.00857558,1.524722,-1.5161464199999999
S;R,K;S,"124,90",0.00774107,-3.4906200000000003,3.49836107
N;S,I;E,"37,136",0.00754438,2.160254,-2.15270962
Q;Q,E;L,"133,182",0.00646095,0.3930799999999999,-0.38661904999999985
T;N,M;H,"29,205",0.00621977,-5.998639000000001,6.004858770000001
S;Q,V;L,"58,182",0.00592901,-0.05872999999999995,0.06465900999999995
H;T,L;K,"104,88",0.00529257,2.87525,-2.86995743
Q;S,V;W,"127,58",0.00369783,2.39617,-2.39247217
S;S,E;V,"207,223",0.00248354,2.53503,-2.53254646
A;N,N;K,"226,114",0.00222095,0.1068,-0.10457905
R;S,N;W,"132,58",-0.000920156,3.1434699999999998,-3.1443901559999996
S;S,F;H,"238,187",-0.00385444,-0.991072,0.9872175599999999
S;A,E;F,"115,65",-0.0052195,2.8841,-2.8893195
R;R,Q;K,"132,53",-0.00540706,2.8681200000000002,-2.8735270600000002
A;Q,M;L,"65,182",-0.00542027,-0.4330099999999999,0.4275897299999999
T;A,K;F,"88,65",-0.00565179,2.47029,-2.47594179
R;A,Q;L,"132,65",-0.00573781,2.9329,-2.93863781
S;A,N;W,"124,65",-0.00576515,5.24768,-5.25344515
A;R,L;A,"65,280",-0.00610781,0.906763,-0.91287081
S;R,A;L,"124,53",-0.00631512,3.72166,-3.72797512
H;R,L;Q,"104,224",-0.00763922,2.391181,-2.39882022
T;T,M;N,"51,88",-0.00780339,2.47472,-2.48252339
S;L,K;F,"58,117",-0.00854366,-1.1633,1.15475634
S;T,E;K,"115,88",-0.0103289,2.9841499999999996,-2.9944789
M;Q,L;A,"262,127",-0.0106639,-8.284574,8.273910099999998
S;Q,T;V,"121,182",-0.012911,-0.87208,0.859169
Q;Q,L;A,"182,127",-0.0130376,-1.156304,1.1432664
F;H,M;L,"271,104",-0.0133712,3.74669,-3.7600612
R;S,N;P,"132,245",-0.0136921,3.31955,-3.3332421
T;R,Q;N,"88,90",-0.0147223,-11.34883,11.334107699999999
S;R,M;T,"238,90",-0.015005,-4.54839,4.533385
S;L,P;F,"245,216",-0.0157368,2.63793,-2.6536668
A;R,L;D,"65,90",-0.0164623,-11.25263,11.2361677
N;N,Y;H,"37,205",-0.0164638,1.6199020000000002,-1.6363658
Q;M,K;L,"127,262",-0.0168682,-6.8162400000000005,6.7993718
A;Q,P;L,"152,182",-0.0168818,0.12351000000000001,-0.1403918
A;R,M;Q,"135,224",-0.0182735,2.363921,-2.3821944999999998
T;R,V;P,"198,90",-0.0182796,-13.44758,13.4293004
A;R,L;K,"65,53",-0.0186165,2.49736,-2.5159765
A;S,D;E,"226,136",-0.0186639,-6.270156,6.2514921
A;L,M;M,"135,216",-0.0200156,3.03227,-3.0522856
L;T,F;V,"216,72",-0.0211628,2.5100800000000003,-2.5312428000000002
A;I,P;L,"152,111",-0.0214029,3.3842499999999998,-3.4056528999999998
N;H,I;M,"37,104",-0.022155,3.15585,-3.178005
S;Q,M;I,"238,182",-0.0238166,1.4510799999999997,-1.4748965999999997
S;D,E;N,"115,186",-0.0240591,1.7130959,-1.737155
A;S,L;V,"65,223",-0.0244348,2.41802,-2.4424547999999997
S;R,A;P,"124,90",-0.0257122,-12.87145,12.8457378
T;A,K;L,"88,65",-0.0257241,2.5662399999999996,-2.5919640999999998
S;S,K;V,"124,58",-0.0258726,4.32995,-4.3558226
G;N,A;H,"165,205",-0.0260423,-3.6536589999999998,3.6276167
D;Q,N;Y,"186,119",-0.0260731,-4.5263241,4.5002510000000004
D;S,V;T,"186,121",-0.0270268,3.10091,-3.1279367999999996
S;A,K;W,"58,65",-0.0271184,2.27754,-2.3046584
N;A,Y;D,"37,226",-0.027406,-5.882989,5.855583
Q;T,I;V,"127,198",-0.0274137,3.67403,-3.7014437
T;T,D;V,"88,72",-0.0280881,3.20547,-3.2335581
Q;T,E;V,"133,198",-0.0291006,3.65956,-3.6886606
A;S,D;Q,"226,188",-0.0294508,-8.005560000000001,7.976109200000001
S;R,A;A,"124,280",-0.0308911,1.7685430000000002,-1.7994341000000003
S;T,K;M,"58,29",-0.031712,-5.78753,5.7558180000000005
S;N,K;Y,"58,37",-0.0320395,1.8310110000000002,-1.8630505000000002
T;I,V;R,"72,168",-0.0325386,-13.53604,13.5035014
M;A,L;E,"154,152",-0.0327823,2.56111,-2.5938923000000003
R;R,K;Q,"53,224",-0.0329226,2.017391,-2.0503136
T;T,M;Q,"51,88",-0.034109,2.5239700000000003,-2.558079
A;S,E;H,"152,187",-0.0341802,1.026528,-1.0607082
Q;F,L;M,"127,191",-0.0356944,1.835182,-1.8708764
H;S,T;V,"104,223",-0.0359392,2.7788,-2.8147392
A;D,F;N,"65,186",-0.0360253,1.1992359,-1.2352611999999998
S;T,K;V,"124,72",-0.0362205,3.90958,-3.9458005000000003
H;L,L;M,"104,216",-0.0369273,3.0595299999999996,-3.0964572999999995
R;S,A;H,"280,187",-0.0372305,-0.514139,0.4769085
S;N,K;H,"124,205",-0.037555,3.623081,-3.660636
R;A,N;D,"90,226",-0.037556,-19.126829999999998,19.089274
Q;L,I;F,"182,117",-0.0380415,-3.06679,3.0287485000000003
A;Q,W;V,"65,182",-0.0380516,-1.05191,1.0138584
A;N,P;Y,"152,37",-0.0380748,2.509011,-2.5470858
R;I,D;R,"90,168",-0.038352,-27.290399999999998,27.252048
H;A,L;E,"104,152",-0.0390273,2.75644,-2.7954673
H;S,L;H,"104,187",-0.0391133,1.450248,-1.4893612999999999
T;S,K;H,"88,187",-0.039117,1.145338,-1.184455
N;T,T;Y,"190,189",-0.039145,1.294672,-1.333817
N;S,I;T,"37,121",-0.0395849,3.17378,-3.2133648999999997
S;A,T;D,"121,226",-0.0396472,-5.25663,5.2169828
T;T,Q;M,"88,29",-0.0400271,-5.72353,5.683502900000001
Q;M,M;V,"127,154",-0.0404681,-2.528643,2.4881749
F;D,W;N,"271,186",-0.0428319,1.9004558999999999,-1.9432877999999998
A;S,M;E,"65,136",-0.0437646,1.565324,-1.6090886
R;S,N;E,"132,136",-0.0456388,2.269614,-2.3152527999999997
T;R,E;A,"270,280",-0.0462919,3.151833,-3.1981249
T;N,D;K,"88,233",-0.0463467,2.313002,-2.3593487
Q;D,K;N,"127,186",-0.0464221,2.0259059,-2.072328
M;R,L;A,"154,280",-0.0465846,1.020443,-1.0670276
T;S,D;T,"88,214",-0.0474889,1.658852,-1.7063409
F;S,W;V,"271,223",-0.0478312,3.02329,-3.0711212
S;M,E;L,"115,154",-0.0485042,3.09373,-3.1422342
M;L,L;W,"154,216",-0.0485776,2.7656099999999997,-2.8141875999999995
S;L,K;W,"124,216",-0.0486508,4.05978,-4.1084308
Q;R,K;Q,"127,132",-0.0490111,3.66362,-3.7126311
Q;N,L;K,"127,138",-0.0495871,2.8325899999999997,-2.8821771
S;R,V;D,"58,90",-0.0501252,-10.892669999999999,10.842544799999999
H;Q,M;V,"104,127",-0.0511595,2.51791,-2.5690695
A;T,M;K,"135,88",-0.0518581,2.8479900000000002,-2.8998481000000003
I;S,L;H,"111,187",-0.0518745,1.421148,-1.4730225000000001
S;H,A;R,"124,104",-0.0520021,3.3392600000000003,-3.3912621000000005
I;Q,L;V,"111,127",-0.0533058,2.78472,-2.8380258
S;S,E;H,"207,187",-0.0537189,1.258248,-1.3119669
S;A,T;F,"121,65",-0.0549751,2.49722,-2.5521951
L;R,M;N,"216,90",-0.0550296,-11.08865,11.0336204
L;S,W;F,"216,238",-0.0552862,0.51962,-0.5749061999999999
K;N,Y;K,"253,114",-0.0555585,-3.82827,3.7727114999999998
S;I,T;H,"214,168",-0.0556019,-2.073048,2.0174461
R;G,S;A,"90,165",-0.0556466,-10.76736,10.7117134
M;R,L;K,"154,53",-0.0561493,2.61104,-2.6671893
S;Q,A;W,"124,133",-0.0563922,4.13656,-4.192952200000001
S;A,E;W,"207,65",-0.0564562,2.5303500000000003,-2.5868062000000003
R;H,N;M,"132,104",-0.0569527,3.2652099999999997,-3.3221627
N;N,T;K,"190,114",-0.0570525,-0.19323999999999986,0.13618749999999985
S;L,E;F,"115,117",-0.0587914,-0.6095900000000001,0.5507986
H;S,T;T,"104,121",-0.0601283,2.95395,-3.0140783
Q;A,V;E,"127,152",-0.0604174,2.3901000000000003,-2.4505174000000003
R;M,Q;L,"132,154",-0.0605396,3.0465799999999996,-3.1071195999999994
T;Q,Q;L,"88,182",-0.0615884,-0.49048999999999987,0.4289015999999999
A;Q,W;Y,"65,119",-0.0616762,-3.40817,3.3464938
Q;I,I;R,"182,168",-0.0619268,-15.51492,15.4529932
S;N,V;K,"58,233",-0.0624369,1.969222,-2.0316589
E;V,K;C,"231,281",-0.0629466,2.5550699999999997,-2.6180166
A;S,P;W,"152,58",-0.0637703,2.9957000000000003,-3.0594703
S;N,A;T,"124,190",-0.0646023,3.2836600000000002,-3.3482623
Q;K,K;L,"127,252",-0.0652777,3.2554499999999997,-3.3207277
F;I,E;R,"271,168",-0.0654995,-12.0977,12.0322005
H;A,T;W,"104,65",-0.0663133,2.77412,-2.8404333
S;S,V;T,"58,214",-0.06706,1.315072,-1.382132
S;R,E;A,"136,280",-0.0670715,-0.075733,0.008661499999999989
N;S,I;F,"37,238",-0.0671483,1.01044,-1.0775883
S;M,E;L,"207,154",-0.0675316,2.79283,-2.8603616
L;M,F;L,"216,262",-0.0681051,-7.53861,7.4705049
S;R,D;S,"58,90",-0.0691614,-4.3010600000000005,4.231898600000001
F;A,M;P,"271,152",-0.0691765,3.97988,-4.0490565
F;I,W;L,"271,111",-0.0694321,3.44732,-3.5167520999999997
D;A,V;M,"186,135",-0.0699442,3.35163,-3.4215742000000002
R;S,Q;H,"224,187",-0.0706742,0.6612689999999999,-0.7319431999999999
H;N,M;H,"104,205",-0.0715096,2.228331,-2.2998406
A;R,W;Q,"65,224",-0.0715903,1.9333710000000002,-2.0049613
L;S,F;T,"216,214",-0.0718517,0.963462,-1.0353137000000001
S;Q,E;L,"115,182",-0.0719699,-0.0007800000000000029,-0.0711899
S;Q,M;V,"238,182",-0.0721822,0.02511999999999981,-0.09730219999999981
Q;R,L;A,"127,90",-0.0731282,-4.5078,4.434671799999999
A;Q,P;Y,"152,119",-0.0742046,-2.7171700000000003,2.6429654000000005
S;N,M;I,"238,37",-0.0747466,4.07098,-4.1457266
T;M,D;L,"88,262",-0.0755896,-6.8432200000000005,6.767630400000001
S;I,P;L,"245,145",-0.075862,2.6537100000000002,-2.729572
T;R,K;K,"88,53",-0.0771296,2.50146,-2.5785896
S;N,D;I,"58,37",-0.0772251,3.74016,-3.8173851
D;T,V;Y,"186,189",-0.0773249,1.942672,-2.0199968999999998
F;H,W;L,"271,104",-0.0779971,3.47642,-3.5544171
R;L,N;F,"132,117",-0.0791829,-0.3375300000000001,0.2583471000000001
D;A,Q;N,"220,226",-0.0810947,4.30879,-4.3898847000000005
R;N,N;H,"90,205",-0.0814923,-11.623939,11.5424467
R;G,N;A,"132,165",-0.0828554,-2.61678,2.5339245999999997
S;Q,K;I,"124,127",-0.0845082,4.7962299999999995,-4.8807382
F;S,M;F,"271,238",-0.0854083,1.3053700000000001,-1.3907783000000002
A;S,F;Q,"65,188",-0.0858168,-0.2517100000000001,0.1658932000000001
Q;S,A;E,"127,136",-0.085818,0.8420300000000001,-0.927848
A;A,M;E,"65,152",-0.0861878,2.43311,-2.5192978
S;R,P;S,"245,90",-0.0863212,-4.83103,4.7447088
T;G,Q;A,"88,165",-0.0867729,-3.3785499999999997,3.2917770999999996
D;R,Q;S,"220,90",-0.0869828,-3.3116000000000003,3.2246172000000004
L;S,Q;P,"216,245",-0.0871003,3.0176800000000004,-3.1047803000000003
P;E,D;K,"197,231",-0.088118,2.90562,-2.993738
A;D,P;N,"152,186",-0.0883724,1.8373859,-1.9257582999999998
M;R,L;Q,"154,224",-0.088499,2.1958509999999998,-2.28435
L;Q,M;Y,"216,119",-0.0886111,-3.07099,2.9823789
Q;I,A;R,"127,168",-0.0888674,-14.213244,14.1243766
R;L,A;F,"280,117",-0.0889363,-2.682877,2.5939407
S;T,V;M,"58,29",-0.0890573,-5.2917700000000005,5.2027127
Q;I,L;H,"182,168",-0.0896863,-3.44685,3.3571637
R;Q,K;Y,"53,119",-0.0896933,-3.3241500000000004,3.2344567000000004
R;Q,N;I,"90,182",-0.0899538,-13.31632,13.2263662
R;T,Q;K,"132,88",-0.0911153,2.937,-3.0281152999999996
R;A,K;F,"53,65",-0.0927785,2.4014100000000003,-2.4941885000000004
A;N,M;Y,"65,37",-0.0935936,1.9524910000000002,-2.0460846000000004
H;S,T;Q,"104,188",-0.0939825,0.20501999999999998,-0.29900249999999995
R;S,S;E,"90,136",-0.0941664,-5.880966,5.7867996
T;R,N;D,"88,90",-0.0955921,-11.37368,11.278087900000001
R;G,A;A,"280,165",-0.0956857,-4.962127,4.8664413
R;A,Q;M,"132,135",-0.0966719,3.21465,-3.3113219
T;Q,M;A,"29,127",-0.0967853,-6.389344,6.292558700000001
L;N,F;H,"117,205",-0.097069,-1.374409,1.27734
S;I,K;H,"124,168",-0.097316,0.94183,-1.039146
A;S,F;V,"65,223",-0.0973656,2.32207,-2.4194356
T;R,M;P,"51,90",-0.0982637,-13.6996,13.6013363
L;A,M;L,"216,65",-0.0983562,2.75052,-2.8488762
D;R,Q;N,"220,132",-0.0984081,4.838979999999999,-4.9373881
S;T,D;Q,"58,88",-0.0989489,3.0877499999999998,-3.1866988999999997
S;Q,W;L,"58,182",-0.0991189,-0.5273299999999999,0.42821109999999984
R;R,N;D,"132,90",-0.0991975,-10.56266,10.463462499999999
S;G,V;A,"58,165",-0.0996462,-2.94679,2.8471438
A;A,M;F,"135,65",-0.100263,2.74794,-2.848203
Q;S,L;Y,"127,242",-0.100703,2.7383100000000002,-2.8390130000000005
S;R,K;N,"58,90",-0.100772,-11.41283,11.312058
S;R,W;A,"58,280",-0.100927,0.7981230000000001,-0.8990500000000001
S;S,K;E,"58,121",-0.101043,-5.98879,5.887747
R;A,K;E,"53,152",-0.102367,2.38265,-2.485017
S;A,E;L,"207,65",-0.102906,2.67915,-2.782056
D;I,Q;H,"220,168",-0.103767,1.12085,-1.2246169999999998
S;N,Y;K,"269,114",-0.103967,-2.065705,1.961738
M;A,L;L,"154,65",-0.105508,2.67582,-2.781328
H;S,L;Q,"104,188",-0.105861,0.1532499999999999,-0.25911099999999987
H;S,L;V,"104,223",-0.106794,2.72703,-2.833824
R;N,P;Y,"90,37",-0.107042,-14.328559,14.221517
T;S,N;T,"88,214",-0.107362,0.8340620000000001,-0.941424
S;A,N;P,"124,152",-0.107576,5.93868,-6.046256
Q;T,E;V,"133,72",-0.107904,3.3135,-3.421404
S;A,E;M,"115,135",-0.108011,3.2618,-3.369811
A;R,E;Q,"152,224",-0.109181,1.9674610000000001,-2.076642
D;S,L;P,"220,188",-0.110087,1.7902150000000001,-1.9003020000000002
A;S,P;Q,"152,188",-0.110269,0.3864399999999999,-0.4967089999999999
S;M,A;V,"124,154",-0.110771,-0.8631899999999999,0.752419
R;R,Q;Q,"132,224",-0.111166,2.452931,-2.564097
R;Q,T;M,"90,127",-0.111172,-6.280293,6.1691210000000005
A;R,L;Q,"65,224",-0.112114,2.0821709999999998,-2.194285
S;T,E;K,"207,88",-0.112243,2.68325,-2.795493
A;Q,E;V,"152,182",-0.112357,-1.01782,0.9054629999999999
S;Q,T;I,"121,182",-0.11273,0.55388,-0.66661
L;S,W;E,"216,136",-0.114613,1.6694339999999999,-1.784047
S;S,N;T,"124,121",-0.11505,5.42751,-5.54256
F;S,W;H,"271,187",-0.115904,1.746508,-1.862412
N;I,I;L,"37,111",-0.116007,3.42266,-3.5386670000000002
R;S,Q;E,"132,207",-0.116866,3.0499099999999997,-3.1667759999999996
R;Q,V;L,"34,127",-0.118858,4.83138,-4.950238000000001
D;Q,Q;A,"220,127",-0.119886,3.411396,-3.531282
S;N,V;Y,"58,37",-0.120029,2.326771,-2.4468
S;R,V;Q,"223,224",-0.120437,1.9380509999999997,-2.0584879999999997
L;S,W;T,"216,121",-0.121784,2.68296,-2.804744
R;M,L;L,"53,262",-0.121954,-7.24922,7.1272660000000005
N;R,Y;D,"37,90",-0.12207,-11.847959,11.725888999999999
A;T,N;Y,"226,189",-0.122126,1.594712,-1.7168379999999999
T;Q,K;V,"88,182",-0.122414,-0.8990100000000001,0.7765960000000001
A;S,M;K,"135,58",-0.123049,2.7080900000000003,-2.8311390000000003
S;I,P;R,"245,168",-0.123289,-13.408190000000001,13.284901000000001
T;S,V;Y,"72,269",-0.123649,0.489005,-0.612654
Q;M,E;L,"133,262",-0.124146,-6.73519,6.611044000000001
N;Q,Y;Y,"37,119",-0.126001,-3.854699,3.728698
Q;S,E;F,"133,238",-0.126306,1.2415999999999998,-1.3679059999999998
M;R,L;P,"262,90",-0.128377,-23.84233,23.713953
L;S,W;W,"216,58",-0.129238,2.54329,-2.672528
Q;S,V;T,"127,214",-0.129744,0.8977820000000001,-1.0275260000000002
F;R,W;Q,"271,132",-0.129786,3.53817,-3.667956
H;S,M;K,"104,58",-0.131608,2.4394400000000003,-2.5710480000000002
A;T,M;M,"65,29",-0.131675,-5.66605,5.534375000000001
G;I,A;R,"165,168",-0.134742,-19.34452,19.209778
A;A,L;E,"65,152",-0.136377,2.4474299999999998,-2.5838069999999997
L;M,W;L,"216,262",-0.136393,-7.45717,7.320777
F;I,M;L,"271,111",-0.136626,3.7175900000000004,-3.8542160000000005
S;R,E;K,"115,53",-0.136744,2.91527,-3.0520140000000002
S;Q,D;A,"58,127",-0.13679,2.421936,-2.558726
L;G,F;A,"216,165",-0.138136,-3.2984,3.160264
R;N,L;K,"53,233",-0.138658,1.907002,-2.0456600000000003
S;R,E;K,"207,53",-0.139246,2.61437,-2.753616
T;N,Q;K,"88,233",-0.139347,1.537462,-1.676809
R;Q,N;Y,"90,119",-0.139908,-17.09854,16.958632
D;T,Q;N,"220,88",-0.140492,4.02796,-4.168452
S;A,K;N,"124,226",-0.140845,4.12977,-4.270614999999999
S;Q,N;Y,"124,119",-0.14086,-0.42503000000000046,0.2841700000000005
M;Q,L;V,"154,127",-0.14087,2.61849,-2.75936
S;A,N;E,"124,152",-0.140937,5.28177,-5.422707
H;A,T;M,"104,135",-0.141808,3.20467,-3.3464780000000003
T;A,M;D,"29,226",-0.142395,-13.50153,13.359135
F;R,M;K,"271,53",-0.142504,3.3729000000000005,-3.5154040000000006
R;S,P;F,"90,238",-0.142867,-15.865540000000001,15.722673
S;I,D;H,"58,168",-0.142929,0.1313899999999999,-0.27431899999999987
I;R,L;Q,"111,224",-0.143276,2.362081,-2.505357
S;S,V;E,"58,136",-0.143502,1.939604,-2.083106
L;T,M;K,"216,88",-0.144434,2.75462,-2.899054
T;G,N;A,"88,165",-0.145416,-3.4277999999999995,3.2823839999999995
K;S,L;P,"252,188",-0.145796,1.047835,-1.193631
A;T,D;Y,"226,189",-0.146315,-6.414868,6.268553
L;A,M;W,"216,65",-0.146577,2.6017200000000003,-2.7482970000000004
Q;S,L;Y,"182,269",-0.146582,-2.431415,2.284833
N;I,K;H,"233,168",-0.148329,-1.418898,1.270569
F;A,W;L,"271,65",-0.148453,3.16741,-3.315863
F;M,W;L,"271,154",-0.148456,3.28109,-3.4295459999999998
A;Q,V;L,"65,127",-0.149,3.65201,-3.80101
S;L,K;M,"124,216",-0.149265,4.15837,-4.307634999999999
H;R,M;S,"104,90",-0.149629,-4.88537,4.735741
S;I,P;H,"245,168",-0.150388,-0.39857999999999993,0.24819199999999994
F;T,W;K,"271,88",-0.151024,3.1715099999999996,-3.3225339999999997
Q;S,V;V,"127,223",-0.151716,2.36069,-2.512406
T;Q,N;L,"88,182",-0.152307,-0.5397399999999999,0.3874329999999999
A;Q,L;I,"65,182",-0.152317,0.5228499999999999,-0.675167
N;L,I;F,"37,117",-0.152395,-0.44689,0.294495
S;T,D;N,"58,88",-0.152421,3.0385,-3.190921
Q;N,L;K,"182,233",-0.152848,-1.371568,1.2187199999999998
T;N,D;Y,"88,37",-0.153602,2.670551,-2.824153
T;R,K;Q,"88,224",-0.154346,2.086271,-2.240617
S;S,V;Q,"58,188",-0.154518,0.20419999999999994,-0.3587179999999999
Q;D,V;N,"127,186",-0.156052,1.2378559,-1.3939079
H;I,T;L,"104,111",-0.158513,3.20283,-3.361343
F;Q,E;L,"271,127",-0.158729,4.20869,-4.367419
A;D,M;N,"65,186",-0.158906,1.2808659,-1.4397719
M;A,L;F,"154,65",-0.162005,2.5798699999999997,-2.741875
S;S,V;P,"58,245",-0.162731,2.98954,-3.152271
D;S,V;V,"186,223",-0.162958,2.92576,-3.088718
F;R,M;Q,"271,224",-0.163436,2.957711,-3.121147
S;L,A;W,"124,216",-0.164162,3.51371,-3.6778720000000003
K;R,L;A,"252,90",-0.164556,-4.813829999999999,4.649273999999999
L;S,M;V,"216,223",-0.16535,2.6064,-2.77175
S;N,W;H,"58,205",-0.166075,2.106591,-2.272666
A;S,D;F,"226,238",-0.166453,-7.41997,7.253517
Q;R,V;N,"127,90",-0.16728,-11.33436,11.16708
I;Q,L;I,"111,182",-0.16789,0.80276,-0.97065
S;A,A;N,"124,226",-0.168348,3.5837000000000003,-3.7520480000000003
T;L,M;F,"51,216",-0.168352,2.60412,-2.772472
Q;F,M;M,"127,191",-0.168538,0.762889,-0.931427
T;L,V;W,"198,216",-0.169947,2.9375799999999996,-3.1075269999999997
T;N,V;T,"198,190",-0.171357,2.70753,-2.878887
F;A,M;M,"271,135",-0.171612,3.71943,-3.891042
R;Q,K;V,"53,182",-0.172024,-0.9678899999999999,0.795866
Q;T,E;M,"133,51",-0.172073,3.40754,-3.579613
F;T,M;K,"271,88",-0.173009,3.44178,-3.614789
H;I,M;H,"104,168",-0.173505,-0.45292,0.27941499999999997
H;Q,M;A,"104,127",-0.174743,1.8376260000000002,-2.012369
I;Q,L;V,"145,182",-0.174916,-0.8789800000000001,0.7040640000000001
G;I,A;H,"165,168",-0.175003,-6.33491,6.159907
R;S,L;W,"53,58",-0.17533,2.75124,-2.9265700000000003
D;R,L;A,"220,90",-0.175337,-4.07145,3.8961129999999997
Q;D,I;N,"182,186",-0.177222,-0.7441041,0.5668821
T;S,Q;Q,"88,188",-0.177265,-0.22755999999999998,0.05029499999999998
L;Q,Q;M,"216,127",-0.177279,2.146567,-2.323846
R;A,Q;E,"132,152",-0.177476,2.81819,-2.995666
S;D,N;N,"124,186",-0.179264,4.1295259,-4.3087899
K;F,L;M,"252,191",-0.179304,1.529152,-1.708456
Q;L,V;F,"127,117",-0.179666,-1.08483,0.905164
H;D,T;N,"104,186",-0.17984,1.6559659,-1.8358059
A;S,F;H,"65,187",-0.180136,1.045288,-1.225424
T;Q,M;V,"29,182",-0.180767,-9.11698,8.936213
S;H,V;M,"58,104",-0.181161,2.9352,-3.116361
L;A,M;E,"216,152",-0.182938,2.63581,-2.8187480000000003
A;R,P;Q,"152,132",-0.183466,3.4751,-3.658566
S;S,E;V,"115,223",-0.184392,2.83593,-3.0203219999999997
L;S,M;H,"216,187",-0.184489,1.329618,-1.5141069999999999
A;I,V;R,"65,168",-0.1845,-12.65438,12.46988
R;M,N;L,"132,262",-0.185115,-6.85699,6.671875
Q;T,I;V,"127,72",-0.185741,3.32797,-3.5137110000000003
I;Q,V;M,"200,127",-0.186077,1.765957,-1.952034
S;T,P;N,"245,88",-0.187215,2.5085300000000004,-2.6957450000000005
S;S,T;K,"121,58",-0.188172,2.45737,-2.645542
Q;S,V;H,"182,187",-0.188432,-2.324012,2.13558
D;A,V;W,"186,65",-0.188969,2.92108,-3.110049
D;T,Q;D,"220,88",-0.189186,4.85275,-5.041936000000001
Q;I,K;L,"127,111",-0.189682,3.5727700000000002,-3.762452
L;N,F;K,"216,233",-0.190586,1.617612,-1.808198
Q;S,V;E,"127,121",-0.19102,-5.91032,5.7193
A;T,M;Q,"135,88",-0.1913,2.7720900000000004,-2.9633900000000004
S;A,E;E,"207,152",-0.191377,2.5644400000000003,-2.7558170000000004
S;S,E;H,"115,187",-0.192522,1.559148,-1.75167
R;S,A;E,"280,121",-0.192678,-7.508367,7.315689
T;S,D;Q,"88,188",-0.194829,0.5479799999999999,-0.7428089999999999
F;Q,E;M,"271,127",-0.19572,3.1363969999999997,-3.3321169999999998
H;T,M;N,"104,88",-0.19613,2.45419,-2.6503200000000002
F;S,M;E,"271,207",-0.196896,3.55469,-3.751586
R;T,S;M,"90,29",-0.19744,-13.11234,12.9149
T;L,D;F,"88,117",-0.198804,-0.32376000000000005,0.12495600000000004
S;T,N;M,"124,29",-0.199223,-2.8173900000000005,2.6181670000000006
N;S,T;Q,"190,188",-0.199645,-0.29601999999999995,0.09637499999999996
A;S,P;V,"152,223",-0.199921,2.9602199999999996,-3.1601409999999994
S;R,E;Q,"207,224",-0.20032,2.199181,-2.399501
S;N,T;H,"121,205",-0.200545,2.246261,-2.446806
S;A,N;L,"124,65",-0.200725,5.3964799999999995,-5.597205
L;M,M;L,"216,154",-0.200746,2.8642,-3.064946
T;S,D;D,"88,58",-0.202384,3.86329,-4.0656740000000005
Q;T,K;V,"127,198",-0.202498,3.5785099999999996,-3.7810079999999995
T;H,D;M,"88,104",-0.203764,3.27898,-3.482744
Q;N,E;K,"133,233",-0.203927,2.421032,-2.624959
R;Q,Q;I,"132,182",-0.204768,0.8936099999999999,-1.0983779999999999
R;N,T;K,"90,114",-0.205762,-8.09174,7.885978
Q;S,I;Q,"182,188",-0.206012,-2.19505,1.989038
L;R,F;D,"216,90",-0.206105,-11.24428,11.038174999999999
D;Q,Q;E,"220,133",-0.20659,4.96078,-5.16737
S;S,A;P,"124,188",-0.208026,1.9470250000000002,-2.1550510000000003
T;L,N;F,"88,117",-0.208572,-1.14855,0.939978
R;S,D;Q,"90,188",-0.208816,-13.97053,13.761714
S;I,E;R,"121,168",-0.209405,-21.89076,21.681355
I;T,L;V,"145,72",-0.209532,2.5258599999999998,-2.7353919999999996
A;M,P;L,"152,154",-0.209717,3.21802,-3.427737
T;D,Q;N,"88,186",-0.209922,1.2233859,-1.4333079
F;A,M;E,"271,152",-0.210734,3.32297,-3.533704
Q;Q,I;Y,"182,119",-0.211212,-5.29866,5.087448
T;A,Q;E,"88,152",-0.211219,2.37563,-2.586849
T;S,D;W,"88,58",-0.211454,3.15724,-3.3686939999999996
F;R,W;K,"271,53",-0.211532,3.10263,-3.314162
N;I,Y;H,"37,168",-0.211629,-1.0613489999999999,0.8497199999999998
A;Q,E;A,"152,127",-0.211857,1.709816,-1.921673
F;S,W;E,"271,207",-0.213526,3.28442,-3.4979459999999998
D;Q,L;T,"220,127",-0.213536,2.691514,-2.90505
A;Q,L;L,"65,182",-0.214897,-0.41869,0.203793
T;R,E;T,"270,90",-0.215111,-3.2315500000000004,3.0164390000000005
N;R,Y;A,"37,280",-0.215735,0.31143400000000004,-0.527169
Q;S,I;W,"127,58",-0.216776,3.2797400000000003,-3.496516
F;R,W;Q,"271,224",-0.218082,2.6874409999999997,-2.9055229999999996
Q;R,E;D,"133,90",-0.218152,-10.44086,10.222708
A;L,M;W,"135,216",-0.218186,2.93368,-3.151866
Q;R,K;Q,"127,224",-0.218349,2.812891,-3.03124
A;S,P;E,"152,136",-0.218365,2.121844,-2.3402089999999998
S;Q,T;V,"121,127",-0.218925,2.5358400000000003,-2.7547650000000004
S;Q,A;T,"124,91",-0.219192,3.41928,-3.638472
Q;L,A;F,"127,117",-0.219241,-1.765114,1.545873
A;Q,W;I,"65,182",-0.221204,0.3740500000000001,-0.5952540000000002
I;L,L;M,"111,216",-0.223237,3.03043,-3.253667
S;A,V;E,"58,152",-0.223407,2.80739,-3.0307969999999997
N;S,I;E,"37,121",-0.225276,-5.27238,5.047104
R;Q,P;L,"90,182",-0.2256,-16.71406,16.48846
I;R,L;N,"145,90",-0.225735,-11.2529,11.027165
I;S,L;K,"111,58",-0.225934,2.70625,-2.932184
F;S,W;E,"271,115",-0.2268,3.58532,-3.8121199999999997
I;D,L;N,"111,186",-0.226955,1.5750959,-1.8020509
Q;K,M;L,"127,253",-0.227264,-0.584903,0.35763899999999993
S;S,V;E,"58,121",-0.227863,-5.49303,5.265167
L;K,Q;L,"216,252",-0.228087,2.91283,-3.140917
T;S,D;E,"88,136",-0.228299,2.283384,-2.5116829999999997
F;K,E;L,"271,252",-0.228498,3.90266,-4.131158
S;N,V;H,"223,205",-0.228801,2.071111,-2.299912
S;S,P;Y,"245,269",-0.229087,0.616855,-0.8459420000000001
S;R,E;A,"207,280",-0.229713,1.023773,-1.253486
S;N,K;T,"124,190",-0.23248,3.82973,-4.06221
S;L,H;F,"214,117",-0.233342,-4.47579,4.2424479999999996
H;S,T;H,"104,187",-0.233388,1.502018,-1.735406
T;S,D;P,"88,245",-0.234826,3.33332,-3.568146
T;Q,K;I,"88,182",-0.236357,0.5269499999999999,-0.763307
T;H,D;L,"88,104",-0.236375,3.57489,-3.8112649999999997
Q;R,E;N,"133,90",-0.236937,-10.46526,10.228323000000001
A;D,D;N,"226,186",-0.238919,-6.5546141,6.3156951
Q;L,L;I,"127,216",-0.239201,2.9822699999999998,-3.2214709999999998
S;A,V;D,"223,226",-0.241106,-5.431780000000001,5.1906740000000005
T;M,E;V,"270,154",-0.241211,0.5200999999999998,-0.7613109999999998
A;L,P;M,"152,216",-0.241761,3.29272,-3.534481
A;T,N;V,"226,72",-0.241846,2.66151,-2.9033559999999996
T;S,N;E,"88,136",-0.241968,1.4585940000000002,-1.7005620000000001
Q;G,E;A,"133,165",-0.242044,-2.49498,2.252936
D;A,V;F,"186,65",-0.242097,2.97393,-3.2160270000000004
A;S,M;Q,"65,188",-0.242332,-0.17008,-0.07225199999999998
S;Q,T;Y,"121,119",-0.242336,-3.22834,2.9860040000000003
F;Q,M;Y,"271,119",-0.242396,-2.38383,2.1414340000000003
K;K,L;F,"252,253",-0.24368,-1.50574,1.26206
M;Q,L;I,"154,182",-0.24484,0.6365299999999999,-0.88137
A;I,E;H,"152,168",-0.245531,-0.58073,0.33519899999999997
F;D,E;L,"271,220",-0.246869,4.64504,-4.891909
S;R,N;Q,"124,224",-0.247811,4.916511,-5.164322
H;A,L;F,"104,65",-0.247863,2.7752,-3.023063
D;S,N;F,"186,238",-0.247923,-0.8371241,0.5892011
G;Q,Q;L,"243,127",-0.24895,5.42118,-5.6701299999999994
S;A,E;L,"115,65",-0.24983,2.98005,-3.2298799999999996
K;Q,L;T,"252,127",-0.250134,1.949134,-2.199268
S;Q,P;A,"245,127",-0.250557,1.891966,-2.142523
L;S,F;Y,"117,269",-0.251245,-3.040225,2.78898
R;N,P;K,"90,233",-0.252695,-14.686108,14.433413000000002
T;G,D;A,"88,165",-0.253054,-2.60301,2.3499559999999997
S;S,K;P,"124,188",-0.254327,2.493095,-2.747422
I;S,L;Q,"111,188",-0.255057,0.12414999999999998,-0.37920699999999996
R;A,Q;F,"132,65",-0.255549,2.83695,-3.092499
M;T,L;Q,"154,88",-0.256311,2.6040200000000002,-2.8603310000000004
N;N,T;K,"190,233",-0.256535,1.4690020000000001,-1.725537
S;A,E;F,"207,65",-0.257601,2.5831999999999997,-2.840801
S;S,N;H,"124,187",-0.259467,3.9755779999999996,-4.2350449999999995
N;R,K;A,"233,280",-0.261231,-0.04611500000000002,-0.21511599999999997
A;A,E;W,"152,65",-0.261516,2.29863,-2.560146
R;N,S;K,"90,233",-0.261975,-5.851348000000001,5.589373000000001
A;T,N;M,"226,51",-0.26363,2.75555,-3.01918
L;T,W;M,"216,51",-0.263783,2.6855599999999997,-2.949343
L;S,F;F,"216,238",-0.26386,0.43818,-0.70204
R;G,L;A,"53,165",-0.26424,-3.00901,2.74477
R;I,S;R,"90,168",-0.264836,-20.93624,20.671404000000003
R;L,Q;M,"132,216",-0.264978,3.1212799999999996,-3.3862579999999998
R;T,N;M,"132,29",-0.265159,-4.96176,4.696601
S;L,K;Q,"124,216",-0.265583,4.35809,-4.623673
R;N,N;Y,"132,37",-0.268249,2.656781,-2.92503
S;R,M;S,"238,90",-0.268796,-3.9702400000000004,3.7014440000000004
N;Q,Y;A,"37,127",-0.270052,1.229197,-1.499249
E;V,K;D,"231,57",-0.27188,2.57061,-2.8424899999999997
A;A,P;W,"152,65",-0.273815,2.95554,-3.229355
A;R,F;Q,"65,224",-0.274461,1.986221,-2.260682
D;R,V;D,"186,90",-0.274816,-10.74489,10.470074
A;R,F;A,"65,280",-0.275028,0.810813,-1.085841
T;N,N;Y,"88,37",-0.275069,1.845761,-2.1208299999999998
R;S,S;E,"90,121",-0.275869,-13.313600000000001,13.037731
D;I,Q;R,"220,168",-0.27594,-11.888760000000001,11.612820000000001
N;A,I;M,"37,135",-0.27616,3.4245,-3.70066
D;R,V;Q,"186,132",-0.276167,3.44064,-3.716807
Q;S,A;E,"127,121",-0.277128,-6.590604,6.313476
N;F,K;M,"114,191",-0.277423,-1.0485579999999999,0.7711349999999999
D;S,Q;H,"220,214",-0.277734,0.70072,-0.9784539999999999
R;I,N;R,"90,168",-0.278643,-27.314799999999998,27.036157
H;M,T;L,"104,154",-0.27948,3.0366,-3.31608
F;S,M;Y,"271,269",-0.280578,1.4249550000000002,-1.7055330000000002
S;I,M;V,"238,200",-0.281469,3.4978599999999997,-3.7793289999999997
T;R,V;A,"72,280",-0.281642,0.8463530000000001,-1.127995
S;D,K;N,"58,186",-0.282211,1.1593859,-1.4415969
H;R,T;K,"104,53",-0.282908,2.85814,-3.141048
T;F,Y;M,"189,191",-0.282927,0.439354,-0.722281
A;S,N;F,"226,238",-0.283627,0.58961,-0.873237
D;M,V;L,"186,154",-0.283913,3.18356,-3.467473
S;Q,Y;M,"242,127",-0.284872,1.666017,-1.950889
Q;S,I;E,"127,136",-0.286479,2.405884,-2.692363
T;N,V;T,"72,190",-0.287264,2.36147,-2.648734
I;A,L;M,"111,65",-0.287868,2.82773,-3.115598
T;T,D;M,"88,29",-0.28792,-4.947990000000001,4.660070000000001
L;S,F;E,"216,136",-0.289286,1.5879940000000001,-1.87728
F;S,M;H,"271,187",-0.289795,2.016778,-2.306573
S;M,K;V,"124,154",-0.290428,-0.31712000000000007,0.02669200000000005
Q;A,V;F,"127,65",-0.290845,2.40886,-2.699705
R;G,P;A,"90,165",-0.291455,-19.60212,19.310665
T;S,Q;E,"88,136",-0.292061,1.507844,-1.7999049999999999
Q;S,I;H,"182,187",-0.292338,-0.8980520000000001,0.6057140000000001
F;A,W;P,"271,152",-0.292378,3.7096099999999996,-4.001988
N;S,I;V,"37,223",-0.293705,2.99863,-3.292335
N;H,I;L,"37,104",-0.294315,3.45176,-3.7460750000000003
S;A,V;W,"58,65",-0.294634,2.7733,-3.0679339999999997
F;Q,W;I,"271,182",-0.294989,1.12812,-1.423109
H;A,T;L,"104,65",-0.295542,2.92292,-3.218462
F;D,M;V,"271,186",-0.295631,3.9454200000000004,-4.241051000000001
N;S,H;H,"205,187",-0.295638,0.7943290000000001,-1.0899670000000001
T;A,N;W,"88,65",-0.295647,2.2922900000000004,-2.587937
A;K,V;L,"65,252",-0.29609,3.34598,-3.64207
H;Q,T;Y,"104,119",-0.296178,-2.8985900000000004,2.6024120000000006
A;S,P;H,"152,187",-0.296305,1.683438,-1.979743
F;S,M;K,"271,58",-0.296644,3.30188,-3.5985240000000003
S;I,E;H,"136,168",-0.296675,-1.4485160000000001,1.1518410000000001
S;R,K;P,"124,90",-0.298043,-12.325380000000001,12.027337000000001
I;A,L;L,"145,65",-0.298278,2.58627,-2.8845479999999997
L;K,I;L,"216,252",-0.298401,2.67624,-2.974641
D;R,Q;P,"220,90",-0.300271,-12.146360000000001,11.846089000000001
Q;R,I;D,"127,90",-0.300952,-10.42639,10.125437999999999
I;Q,L;V,"111,182",-0.302832,-0.6232,0.320368
T;R,V;P,"72,90",-0.302918,-13.79364,13.490722
D;N,N;H,"186,205",-0.303074,0.9482769,-1.2513509
R;H,Q;T,"132,104",-0.303695,3.29368,-3.597375
S;Q,E;V,"207,182",-0.303896,-0.7861,0.482204
H;A,L;D,"104,226",-0.30418,-4.97865,4.67447
A;Q,M;A,"135,127",-0.305186,2.1062760000000003,-2.411462
F;L,M;M,"271,216",-0.305533,3.62606,-3.931593
T;T,N;M,"88,29",-0.305563,-5.77278,5.467217
I;R,L;K,"111,53",-0.305675,2.77727,-3.082945
S;M,N;L,"124,154",-0.306351,5.51016,-5.816511
M;A,L;D,"154,226",-0.307066,-5.17398,4.866914
A;A,L;D,"65,226",-0.30732,-5.287660000000001,4.980340000000001
S;A,T;M,"121,65",-0.307979,2.57885,-2.886829
L;L,F;F,"216,117",-0.307996,-1.01915,0.7111540000000001
A;T,N;L,"226,72",-0.308554,2.79465,-3.103204
F;A,W;F,"271,65",-0.309057,3.07146,-3.380517
D;H,V;L,"186,104",-0.309907,3.37889,-3.688797
I;M,L;L,"145,262",-0.310911,-7.52283,7.211919
S;S,Q;Y,"188,269",-0.31229,-2.168485,1.856195
A;N,M;H,"135,205",-0.312301,2.496981,-2.809282
N;I,K;R,"233,168",-0.313152,-14.428508,14.115356
D;R,V;K,"186,53",-0.313234,3.0051,-3.318334
R;D,V;L,"34,220",-0.314375,5.26773,-5.582105
T;R,M;A,"51,280",-0.314615,0.940393,-1.2550080000000001
Q;S,A;Q,"127,188",-0.314773,-0.893374,0.5786009999999999
A;T,P;K,"152,88",-0.315381,3.10844,-3.423821
R;I,N;H,"90,168",-0.316841,-14.30519,13.988349
D;L,Q;M,"220,216",-0.317225,4.33739,-4.654615
D;S,Q;V,"220,58",-0.317594,4.50897,-4.826563999999999
Q;K,T;L,"91,252",-0.320506,2.5200899999999997,-2.8405959999999997
S;R,V;N,"58,90",-0.321637,-10.917069999999999,10.595432999999998
A;Q,F;L,"65,182",-0.322218,-0.51464,0.19242199999999998
F;L,W;M,"271,216",-0.322249,3.35579,-3.678039
Q;S,I;F,"127,238",-0.323658,1.25607,-1.579728
R;H,L;M,"53,104",-0.323665,2.87298,-3.196645
S;Q,E;Y,"207,119",-0.324008,-3.14236,2.818352
A;Q,M;V,"135,127",-0.324392,2.78656,-3.110952
A;Q,M;Y,"135,119",-0.324604,-2.97762,2.653016
S;L,D;W,"58,216",-0.325249,3.24934,-3.574589
Q;N,V;H,"182,205",-0.326028,-1.250019,0.923991
T;R,E;N,"270,132",-0.326099,5.49718,-5.823279
S;S,K;V,"58,223",-0.326102,2.2822199999999997,-2.608322
T;N,M;T,"51,190",-0.326338,2.4555100000000003,-2.781848
Q;R,I;Q,"182,224",-0.327041,0.04288099999999995,-0.369922
T;I,M;H,"29,168",-0.327128,-8.67989,8.352762
N;R,T;D,"190,90",-0.327163,-11.39289,11.065726999999999
Q;F,K;W,"127,271",-0.327287,3.89813,-4.225417
L;S,W;V,"216,223",-0.328034,2.50781,-2.8358440000000003
M;Q,L;Y,"154,119",-0.328219,-3.14569,2.8174710000000003
Q;K,L;F,"127,253",-0.32903,-1.19971,0.8706800000000001
L;I,F;H,"117,168",-0.32918,-4.05566,3.7264799999999996
Q;S,E;E,"133,121",-0.329313,-5.04122,4.711907
D;S,L;Y,"220,242",-0.329845,3.1746600000000003,-3.5045050000000004
R;K,V;L,"34,252",-0.329961,4.52535,-4.855311
H;Q,L;I,"104,182",-0.330069,0.8318599999999999,-1.161929
A;N,W;H,"65,205",-0.330235,2.066431,-2.396666
T;Q,K;Y,"88,119",-0.330317,-3.2552700000000003,2.9249530000000004
K;S,L;Y,"252,242",-0.330322,2.43228,-2.7626020000000002
L;N,Q;K,"216,114",-0.330487,0.3351200000000001,-0.6656070000000001
T;M,L;V,"72,154",-0.330734,-1.6522400000000002,1.3215060000000003
S;Q,K;W,"124,133",-0.331519,4.68263,-5.014149
H;A,T;E,"104,152",-0.332155,2.80821,-3.140365
L;R,M;K,"216,53",-0.332739,2.68574,-3.018479
D;R,Q;L,"220,53",-0.332766,4.44675,-4.779516
L;S,M;E,"216,207",-0.333897,2.86753,-3.201427
R;S,N;V,"132,223",-0.335365,3.10799,-3.443355
Q;S,W;E,"133,136",-0.33564,2.292284,-2.627924
S;L,D;F,"58,216",-0.335989,3.1679,-3.503889
R;S,L;P,"53,245",-0.336868,2.92732,-3.264188
S;A,E;E,"115,152",-0.337163,2.8653399999999998,-3.2025029999999997
R;Q,Q;V,"132,182",-0.338989,-0.5323500000000001,0.19336100000000012
F;A,M;D,"271,226",-0.340279,-4.41212,4.071841
Q;D,A;N,"127,186",-0.3409,0.5575719,-0.8984719
A;N,L;H,"65,205",-0.3413,2.215231,-2.556531
Q;S,E;P,"133,245",-0.341324,3.44135,-3.782674
L;S,F;W,"216,58",-0.341601,2.46185,-2.803451
R;S,L;E,"53,121",-0.342061,-5.55525,5.213189
R;A,N;W,"132,65",-0.342133,3.10331,-3.445443
Q;S,I;F,"182,238",-0.342539,-1.60946,1.266921
T;R,M;P,"29,90",-0.34259,-21.9471,21.604509999999998
T;S,N;E,"88,121",-0.342813,-5.97404,5.631227
Q;L,L;E,"127,216",-0.342827,2.86224,-3.2050669999999997
R;Q,K;I,"53,182",-0.343515,0.4580700000000001,-0.8015850000000001
A;A,M;M,"135,65",-0.343905,2.8295700000000004,-3.1734750000000003
S;R,E;Q,"115,132",-0.344302,3.35081,-3.695112
Q;S,V;H,"127,187",-0.344346,1.083908,-1.4282540000000001
H;S,T;E,"104,207",-0.344711,3.03993,-3.3846410000000002
S;D,V;N,"58,186",-0.345262,1.6551459,-2.0004079
T;L,E;Q,"270,216",-0.346124,5.19531,-5.541434
S;R,E;Q,"115,224",-0.34618,2.5000809999999998,-2.8462609999999997
D;Q,Q;I,"220,127",-0.346241,4.97525,-5.321491
L;S,M;F,"216,238",-0.346344,0.6182099999999999,-0.9645539999999999
R;A,K;D,"53,226",-0.347495,-5.3524400000000005,5.004945
S;R,T;S,"121,90",-0.348081,-4.86744,4.519359000000001
A;S,P;E,"152,121",-0.349706,-5.31079,4.961084
L;R,M;A,"216,280",-0.349813,1.095143,-1.444956
R;S,K;K,"53,58",-0.349845,2.36156,-2.711405
S;S,E;E,"115,207",-0.350768,3.09706,-3.447828
Q;I,K;R,"127,168",-0.351063,-12.74491,12.393847000000001
E;S,K;P,"231,125",-0.35149,2.54652,-2.89801
M;N,L;H,"154,205",-0.351513,2.3289109999999997,-2.680424
N;D,I;N,"37,186",-0.352536,1.8757959,-2.2283319
Q;A,L;D,"182,226",-0.353321,-8.26849,7.915169
L;N,M;H,"216,205",-0.353503,2.4036109999999997,-2.7571139999999996
Q;L,K;F,"127,117",-0.353916,-0.29678000000000004,-0.057135999999999965
I;A,L;W,"145,65",-0.354348,2.4374700000000002,-2.791818
S;L,V;F,"58,117",-0.355174,-0.66754,0.31236600000000003
Q;S,N;A,"127,124",-0.355176,4.49558,-4.8507560000000005
D;S,V;E,"186,207",-0.356158,3.18689,-3.5430479999999998
A;Q,L;V,"65,182",-0.3562,-0.9031100000000001,0.54691
A;N,E;H,"152,205",-0.356764,2.100521,-2.457285
Q;M,I;L,"127,262",-0.356999,-6.72072,6.363721
S;Q,V;A,"223,127",-0.35736,1.680406,-2.037766
T;K,V;Y,"198,253",-0.357488,-0.9275,0.570012
D;R,V;Q,"186,224",-0.357565,2.589911,-2.947476
F;M,M;L,"271,154",-0.357875,3.55136,-3.909235
A;S,M;V,"65,223",-0.358922,2.4036999999999997,-2.762622
S;S,K;H,"58,187",-0.359104,1.005438,-1.3645420000000001
R;S,P;E,"90,121",-0.359233,-22.14836,21.789127
F;N,W;I,"271,37",-0.361277,3.74802,-4.109297
Q;H,I;M,"127,104",-0.362459,3.4014800000000003,-3.763939
D;L,L;Q,"220,216",-0.363689,3.6552100000000003,-4.018899
S;A,N;F,"124,65",-0.363885,5.30053,-5.664415
A;Q,P;V,"152,182",-0.364188,-0.36091000000000006,-0.0032779999999999476
A;S,M;H,"65,187",-0.364252,1.126918,-1.49117
M;T,V;Y,"154,189",-0.364471,-2.852178,2.487707
R;Q,Q;V,"132,127",-0.365061,2.8755699999999997,-3.2406309999999996
T;S,Q;V,"88,223",-0.365143,2.3462199999999998,-2.7113629999999995
D;T,V;K,"186,88",-0.365504,3.0739799999999997,-3.4394839999999998
Q;S,I;D,"127,58",-0.366102,3.9857899999999997,-4.351891999999999
S;I,E;H,"121,168",-0.367451,-8.88115,8.513698999999999
T;S,D;E,"88,121",-0.36752,-5.14925,4.7817300000000005
I;N,V;K,"200,114",-0.368045,-0.04549000000000003,-0.322555
L;R,M;Q,"216,224",-0.36826,2.2705509999999998,-2.6388109999999996
R;Q,N;A,"90,127",-0.369082,-12.014643999999999,11.645561999999998
S;I,K;L,"124,111",-0.369465,4.2499,-4.619365
H;Q,T;V,"104,182",-0.369592,-0.54233,0.172738
S;N,E;H,"207,205",-0.37005,2.332241,-2.7022909999999998
M;N,V;K,"154,114",-0.370587,-4.34009,3.969503
N;T,T;M,"190,29",-0.370853,-5.79199,5.421137
Q;R,V;K,"127,53",-0.371136,2.44003,-2.811166
H;R,M;P,"104,90",-0.371153,-13.720130000000001,13.348977000000001
L;T,Q;L,"216,72",-0.371723,3.02297,-3.394693
T;K,E;L,"270,253",-0.372364,2.46384,-2.836204
L;Q,M;I,"216,182",-0.372543,0.7112299999999999,-1.0837729999999999
A;Q,N;L,"226,182",-0.373793,-0.25891,-0.11488300000000001
H;R,T;Q,"104,224",-0.373811,2.442951,-2.8167619999999998
A;A,F;E,"65,152",-0.37408,2.35148,-2.72556
T;I,L;V,"72,200",-0.374459,2.64236,-3.016819
L;R,W;K,"216,53",-0.375322,2.5871500000000003,-2.9624720000000004
N;S,T;E,"190,136",-0.375341,1.439384,-1.814725
D;H,L;R,"220,104",-0.375346,3.1824500000000002,-3.557796
H;Q,L;V,"104,182",-0.375472,-0.5941000000000001,0.2186280000000001
S;T,Y;Y,"269,189",-0.37601,-0.577793,0.201783
T;N,Q;Y,"88,37",-0.376359,1.8950110000000002,-2.27137
Q;T,I;M,"127,51",-0.376597,3.42201,-3.798607
Q;S,I;T,"127,214",-0.376933,1.781352,-2.1582850000000002
S;R,D;L,"58,53",-0.377892,3.45729,-3.835182
L;Q,F;L,"216,182",-0.378029,-0.4103399999999999,0.03231099999999992
H;A,L;M,"104,65",-0.378371,2.85683,-3.235201
M;S,L;K,"154,58",-0.378884,2.54002,-2.9189040000000004
S;S,W;Y,"58,269",-0.382714,0.44077500000000003,-0.823489
S;R,P;P,"245,90",-0.383726,-13.665790000000001,13.282064000000002
S;S,A;H,"124,214",-0.384561,-0.02436999999999978,-0.3601910000000002
A;Q,W;L,"65,182",-0.384651,-0.5674899999999998,0.1828389999999998
R;S,N;F,"132,238",-0.384696,1.1198,-1.5044959999999998
Q;D,K;V,"127,186",-0.384698,3.8006,-4.185298
R;Q,Q;Y,"132,119",-0.385377,-2.8886100000000003,2.5032330000000003
L;S,W;Q,"216,188",-0.385588,-0.06597000000000008,-0.3196179999999999
A;R,M;K,"65,53",-0.386026,2.48304,-2.869066
A;S,L;K,"65,58",-0.386176,2.4263399999999997,-2.8125159999999996
K;N,L;K,"253,114",-0.386965,-2.39635,2.009385
T;R,N;N,"88,90",-0.38841,-11.39808,11.00967
N;R,I;K,"37,53",-0.390319,3.07797,-3.468289
R;S,A;F,"280,238",-0.390401,-1.225547,0.8351459999999999
N;A,I;W,"37,65",-0.390716,2.99395,-3.3846659999999997
S;T,M;N,"238,88",-0.391688,3.36932,-3.761008
T;N,K;H,"88,205",-0.39206,2.219331,-2.611391
A;A,P;L,"152,65",-0.392094,3.1043399999999997,-3.496434
A;S,D;H,"226,187",-0.392732,-6.708562000000001,6.315830000000001
P;K,L;L,"38,252",-0.393423,2.62481,-3.018233
A;R,F;S,"65,90",-0.393552,-4.99442,4.600868
R;N,K;H,"53,205",-0.394058,2.1504510000000003,-2.5445090000000006
A;Q,L;V,"65,127",-0.394502,2.50481,-2.899312
N;R,I;Q,"37,224",-0.396652,2.662781,-3.059433
H;N,L;H,"104,205",-0.397412,2.524241,-2.921653
H;T,M;Q,"104,88",-0.397496,2.5034400000000003,-2.900936
H;R,L;S,"104,90",-0.398416,-4.589460000000001,4.191044000000001
S;H,E;L,"115,104",-0.399338,3.28906,-3.6883980000000003
L;G,W;A,"216,165",-0.400215,-3.21696,2.816745
A;S,F;K,"65,58",-0.400228,2.33039,-2.7306179999999998
L;N,W;K,"216,233",-0.400802,1.699052,-2.099854
H;L,M;F,"104,216",-0.40225,2.58359,-2.98584
I;R,L;Q,"145,224",-0.402314,2.1063009999999998,-2.508615
T;K,L;L,"72,253",-0.404588,0.29149999999999987,-0.6960879999999998
Q;D,W;L,"133,220",-0.407179,3.97975,-4.386929
S;R,D;P,"58,90",-0.408163,-13.13582,12.727657
L;S,W;P,"216,245",-0.408227,2.71937,-3.127597
I;N,L;H,"111,205",-0.408617,2.4951410000000003,-2.9037580000000003
T;I,E;V,"270,200",-0.408949,4.8147,-5.223649
Q;S,E;D,"133,58",-0.4091,3.9713199999999995,-4.380419999999999
L;T,F;M,"216,29",-0.410382,-5.6433800000000005,5.232998
R;S,N;D,"132,58",-0.411551,3.84952,-4.261071
I;R,L;K,"145,53",-0.411771,2.52149,-2.933261
S;S,M;Y,"238,269",-0.411913,1.4776449999999999,-1.8895579999999998
T;D,N;N,"88,186",-0.413206,1.1741359,-1.5873419
S;H,N;L,"124,104",-0.413515,5.705489999999999,-6.119005
K;T,L;Y,"253,189",-0.41352,-0.9084380000000001,0.4949180000000001
R;N,Q;H,"132,205",-0.415868,2.585991,-3.001859
N;R,I;Q,"37,132",-0.416101,3.51351,-3.929611
S;S,E;K,"207,58",-0.416407,2.54335,-2.959757
R;I,N;L,"132,111",-0.416864,3.53202,-3.948884
T;A,D;E,"88,152",-0.416909,3.15117,-3.568079
T;A,Q;W,"88,65",-0.417307,2.34154,-2.7588470000000003
N;S,K;P,"114,188",-0.417364,-1.5298749999999999,1.1125109999999998
S;Q,T;M,"124,127",-0.418049,2.5324969999999998,-2.9505459999999997
F;D,W;V,"271,186",-0.418521,3.67515,-4.093671
L;T,W;M,"216,29",-0.418691,-5.56194,5.143249
T;S,K;K,"88,58",-0.419004,2.43044,-2.849444
T;R,L;T,"72,90",-0.419438,-5.4038900000000005,4.984452000000001
F;N,M;H,"271,205",-0.419446,3.090771,-3.510217
D;N,L;K,"220,138",-0.419769,3.2689399999999997,-3.688709
A;S,P;E,"152,207",-0.420234,3.22135,-3.641584
R;S,N;Y,"90,269",-0.420521,-13.289755,12.869233999999999
N;M,T;L,"190,262",-0.420674,-7.68722,7.266546
H;T,T;K,"104,88",-0.420958,2.9270199999999997,-3.347978
R;S,L;E,"53,136",-0.421545,1.8773840000000002,-2.2989290000000002
M;R,L;A,"262,280",-0.421578,-9.202337,8.780759
T;I,M;R,"29,168",-0.422423,-21.689500000000002,21.267077000000004
Q;N,E;Y,"133,37",-0.423091,2.778581,-3.201672
F;A,M;M,"271,65",-0.42391,3.42336,-3.84727
D;S,V;E,"186,115",-0.424236,3.48779,-3.912026
S;T,K;Q,"124,88",-0.424492,3.89819,-4.322682
H;A,T;F,"104,65",-0.428033,2.82697,-3.2550030000000003
S;L,M;W,"238,216",-0.428147,3.58016,-4.008306999999999
T;L,Q;F,"88,117",-0.428705,-1.0993,0.6705949999999999
L;Q,I;M,"216,127",-0.428911,1.909977,-2.338888
L;R,W;Q,"216,224",-0.429496,2.171961,-2.601457
S;Q,N;V,"124,127",-0.429705,5.33915,-5.768855
S;R,N;A,"124,280",-0.430098,3.741103,-4.171201
I;S,V;F,"200,238",-0.430382,0.43731999999999993,-0.867702
A;N,P;H,"152,205",-0.430911,2.757431,-3.188342
A;S,D;T,"226,214",-0.430922,-6.894688,6.463766000000001
N;I,Y;R,"37,168",-0.430927,-14.070959,13.640032
D;M,Q;V,"220,154",-0.431632,-0.1381000000000001,-0.2935319999999999
T;S,N;Q,"88,188",-0.431777,-0.27681,-0.15496700000000002
T;A,K;M,"88,65",-0.432088,2.55192,-2.984008
Q;S,M;Y,"127,269",-0.432393,-0.25425800000000004,-0.178135
R;S,N;Q,"132,188",-0.433395,0.5342099999999999,-0.9676049999999998
N;S,I;H,"37,187",-0.43532,1.721848,-2.157168
R;T,L;M,"53,29",-0.436883,-5.3539900000000005,4.917107000000001
H;I,M;R,"104,168",-0.437025,-13.462530000000001,13.025505
R;S,Q;K,"132,58",-0.437139,2.7971,-3.234239
Q;S,A;H,"127,187",-0.437455,0.40362400000000004,-0.841079
A;A,E;D,"152,226",-0.43763,-5.40237,4.96474
M;A,L;M,"154,65",-0.437798,2.6615,-3.099298
A;R,P;K,"152,53",-0.437986,3.03956,-3.477546
T;R,E;A,"270,90",-0.439049,-2.5313499999999998,2.092301
S;T,W;N,"58,88",-0.439545,2.33245,-2.771995
Q;S,V;Q,"182,188",-0.439934,-3.62101,3.181076
S;I,Q;H,"188,168",-0.440211,-3.18392,2.743709
S;S,V;T,"58,121",-0.441088,2.95313,-3.394218
Q;Q,I;L,"127,182",-0.441728,0.4075500000000001,-0.8492780000000001
T;H,E;R,"270,104",-0.441853,4.72255,-5.164403
L;R,F;N,"216,90",-0.442691,-11.26868,10.825989
R;S,N;T,"132,121",-0.443678,3.28314,-3.7268179999999997
T;S,Q;E,"88,121",-0.445111,-5.92479,5.479679
S;R,K;N,"124,132",-0.445464,4.65996,-5.105424
A;H,P;L,"152,104",-0.447946,3.41335,-3.861296
M;S,V;F,"154,238",-0.448454,-3.8572800000000003,3.4088260000000004
H;Q,L;V,"104,127",-0.448718,2.8138199999999998,-3.2625379999999997
T;R,V;T,"198,90",-0.449889,-5.19097,4.741081
L;S,M;K,"216,58",-0.450088,2.61472,-3.064808
A;D,V;L,"65,220",-0.450403,4.08836,-4.538762999999999
R;T,T;Y,"90,189",-0.450657,-6.603828,6.153171
T;L,L;E,"72,216",-0.451304,2.66635,-3.117654
G;K,Q;L,"243,252",-0.451418,5.11515,-5.566568
I;T,L;N,"111,88",-0.45193,2.721,-3.17293
S;N,D;T,"58,190",-0.452075,3.01929,-3.4713649999999996
F;H,M;T,"271,104",-0.452383,3.7984600000000004,-4.250843000000001
R;S,P;E,"90,136",-0.452599,-14.715726,14.263127
Q;S,E;T,"133,214",-0.453924,1.7668819999999998,-2.2208059999999996
S;Q,K;V,"58,182",-0.454631,-1.03891,0.584279
S;F,A;M,"124,191",-0.455166,2.4283420000000002,-2.8835080000000004
F;R,M;N,"271,132",-0.455182,4.12765,-4.582832
T;A,Q;F,"88,65",-0.45637,2.39439,-2.85076
I;T,V;Y,"200,189",-0.456461,1.4424219999999999,-1.8988829999999999
Q;S,K;P,"127,245",-0.456951,3.3603,-3.817251
H;Q,T;I,"104,182",-0.457946,0.88363,-1.341576
I;Q,L;Y,"111,119",-0.458253,-2.9794600000000004,2.5212070000000004
R;S,L;T,"53,214",-0.459635,1.252852,-1.712487
Q;S,I;P,"127,245",-0.460144,3.45582,-3.9159640000000002
A;N,N;Y,"226,37",-0.460271,2.126591,-2.586862
F;H,W;T,"271,104",-0.460719,3.52819,-3.988909
M;L,L;F,"154,216",-0.460929,2.68417,-3.145099
S;S,F;Y,"238,269",-0.461018,-1.5828950000000002,1.1218770000000002
R;S,A;Q,"280,188",-0.461469,-1.811137,1.3496679999999999
Q;N,I;K,"127,233",-0.462212,2.435502,-2.897714
E;D,K;K,"231,263",-0.462648,2.66148,-3.1241280000000002
S;A,D;N,"58,226",-0.463494,3.31933,-3.7828239999999997
T;S,L;Y,"72,269",-0.465541,0.6221449999999998,-1.0876859999999997
S;A,E;M,"207,65",-0.465741,2.6648300000000003,-3.130571
N;S,T;T,"190,214",-0.466155,0.8148520000000001,-1.2810070000000002
S;L,E;M,"115,216",-0.466567,3.16843,-3.634997
S;S,K;H,"124,214",-0.466716,0.5217,-0.9884160000000001
L;H,W;M,"216,104",-0.467061,2.66503,-3.132091
F;Q,M;V,"271,182",-0.467475,-0.027569999999999872,-0.4399050000000001
A;R,D;Q,"226,224",-0.467761,-5.767629,5.299868
S;I,V;H,"223,168",-0.468053,-0.6101400000000001,0.14208700000000013
N;M,I;L,"37,154",-0.468992,3.25643,-3.725422
Q;S,K;W,"127,58",-0.469957,3.18422,-3.654177
S;Q,K;N,"124,127",-0.470114,5.041650000000001,-5.511764
T;K,V;L,"198,253",-0.470162,0.5044199999999999,-0.9745819999999998
S;Q,K;Y,"58,119",-0.471373,-3.3951700000000002,2.9237970000000004
S;R,K;Q,"58,224",-0.471637,1.946371,-2.418008
A;R,M;Q,"65,224",-0.471904,2.067851,-2.539755
T;M,M;V,"51,154",-0.47207,-1.69134,1.21927
A;D,P;V,"152,186",-0.473464,3.6120799999999997,-4.085544
A;A,W;D,"65,226",-0.473719,-5.43646,4.962741
N;S,I;E,"37,115",-0.474068,3.56066,-4.034728
R;S,V;M,"34,238",-0.475014,5.49099,-5.966004
T;R,E;V,"270,34",-0.475315,6.80783,-7.283145
F;I,M;L,"271,145",-0.476002,3.46181,-3.9378119999999996
S;L,E;W,"207,216",-0.476802,2.7689399999999997,-3.245742
N;A,I;L,"37,65",-0.476867,3.14275,-3.619617
H;S,L;K,"104,58",-0.476955,2.73535,-3.2123049999999997
S;Q,T;A,"121,127",-0.477097,1.855556,-2.332653
Q;K,W;L,"133,252",-0.477134,3.2373700000000003,-3.7145040000000003
S;T,T;N,"121,88",-0.47792,2.4721200000000003,-2.9500400000000004
F;N,W;H,"271,205",-0.478127,2.820501,-3.2986280000000003
G;D,Q;L,"243,220",-0.478147,5.857530000000001,-6.3356770000000004
R;A,N;L,"132,65",-0.47859,3.25211,-3.7307
S;I,T;H,"121,168",-0.478756,-0.43499,-0.04376600000000003
L;R,W;N,"216,90",-0.479075,-11.18724,10.708165
T;M,V;V,"72,154",-0.480273,-1.78538,1.305107
S;A,E;D,"207,226",-0.480703,-5.17065,4.689947
L;A,M;D,"216,226",-0.481695,-5.09928,4.617585
Q;H,E;M,"133,104",-0.481784,3.38701,-3.8687940000000003
A;S,E;K,"152,58",-0.482642,2.31163,-2.7942720000000003
Q;L,E;F,"133,117",-0.483119,-0.2157300000000002,-0.2673889999999998
T;S,D;V,"88,223",-0.484165,3.12176,-3.605925
A;Q,M;V,"65,182",-0.484172,-0.91743,0.433258
L;Q,M;A,"216,127",-0.484625,2.012906,-2.497531
T;I,V;V,"198,200",-0.485998,2.8552799999999996,-3.3412779999999995
R;S,T;Q,"90,188",-0.486563,-8.19452,7.707957
A;I,M;H,"135,168",-0.487129,-0.18426999999999993,-0.30285900000000004
I;I,L;H,"111,168",-0.487455,-0.18611,-0.30134500000000003
S;R,M;P,"238,90",-0.490506,-12.805,12.314494
D;Q,L;T,"220,91",-0.490876,3.26247,-3.753346
D;T,Q;Q,"220,88",-0.491328,4.07721,-4.568538
Q;S,Y;H,"119,187",-0.492594,-4.680272,4.187678
F;S,W;K,"271,58",-0.49487,3.0316099999999997,-3.52648
F;A,W;D,"271,226",-0.495527,-4.682390000000001,4.186863000000001
G;Q,K;L,"243,127",-0.495954,4.60779,-5.103744
N;K,K;L,"138,252",-0.497326,2.52656,-3.023886
A;A,P;D,"152,226",-0.497337,-4.7454600000000005,4.2481230000000005
S;A,V;M,"58,135",-0.49772,3.20385,-3.7015700000000002
S;R,V;S,"223,90",-0.497723,-5.042590000000001,4.544867000000001
R;N,Q;H,"224,205",-0.498488,1.735262,-2.23375
L;A,M;M,"216,65",-0.49925,2.7362,-3.23545
S;H,E;T,"115,104",-0.499746,3.34083,-3.840576
R;N,T;K,"90,233",-0.501282,-6.429498000000001,5.928216000000001
A;Q,E;I,"152,182",-0.503231,0.40814000000000006,-0.911371
A;S,P;K,"152,58",-0.50449,2.96854,-3.47303
T;S,D;T,"88,121",-0.5063,3.29691,-3.80321
A;T,M;N,"135,88",-0.507076,2.72284,-3.2299160000000002
L;T,Q;V,"216,72",-0.507256,2.88983,-3.397086
S;S,N;E,"124,121",-0.507713,-3.01865,2.510937
R;R,K;S,"53,90",-0.50883,-4.96325,4.454420000000001
R;N,L;Y,"53,37",-0.508895,2.264551,-2.773446
T;R,M;T,"51,90",-0.508903,-5.44299,4.934087
D;Q,V;I,"186,182",-0.510111,1.0305900000000001,-1.540701
A;A,F;D,"65,226",-0.510504,-5.383610000000001,4.873106000000001
R;N,A;K,"90,114",-0.511347,-7.391539999999999,6.880192999999999
H;N,M;T,"104,190",-0.511363,2.4349800000000004,-2.9463430000000006
N;S,T;F,"190,238",-0.51147,0.2895700000000001,-0.8010400000000001
Q;K,L;V,"127,253",-0.511879,-0.22177000000000002,-0.29010899999999995
M;Q,L;A,"154,127",-0.512046,1.938206,-2.450252
S;I,A;V,"124,200",-0.512147,3.43141,-3.943557
R;T,L;V,"53,72",-0.512727,2.7994700000000003,-3.3121970000000003
Q;N,L;H,"182,205",-0.512806,-0.7655989999999999,0.25279299999999993
N;T,I;K,"37,88",-0.513101,3.1468499999999997,-3.6599509999999995
S;N,W;T,"58,190",-0.514398,2.3132400000000004,-2.8276380000000003
A;I,W;R,"65,168",-0.515393,-13.62443,13.109037
R;R,L;N,"53,90",-0.515436,-10.979289999999999,10.463854
T;Q,K;V,"88,127",-0.516287,2.50891,-3.0251970000000004
Q;T,E;M,"133,29",-0.516534,-4.8399600000000005,4.323426
Q;R,V;Q,"127,224",-0.517023,2.024841,-2.541864
S;L,A;Q,"124,216",-0.517151,3.8120200000000004,-4.3291710000000005
S;F,K;M,"124,271",-0.518884,4.84553,-5.364414
L;A,Q;M,"216,135",-0.519838,3.23199,-3.751828
L;N,W;Y,"216,37",-0.520037,2.056601,-2.576638
S;Q,E;Y,"115,119",-0.520254,-2.8414600000000005,2.3212060000000005
L;Q,W;Y,"216,119",-0.520383,-3.1695800000000003,2.649197
A;M,N;L,"226,262",-0.520619,-7.38718,6.866561
T;S,L;P,"72,188",-0.521278,1.157975,-1.679253
R;H,N;L,"132,104",-0.52161,3.56112,-4.08273
S;L,T;F,"121,216",-0.522542,2.60152,-3.124062
A;Q,F;V,"65,182",-0.523977,-0.9990600000000001,0.47508300000000003
R;S,S;H,"90,187",-0.524329,-6.319372,5.795043000000001
K;H,L;R,"252,104",-0.524649,2.44007,-2.964719
S;Q,E;V,"115,182",-0.525422,-0.4852000000000001,-0.04022199999999987
L;S,W;T,"216,214",-0.525593,1.044902,-1.570495
S;Q,K;R,"124,127",-0.52662,4.934670000000001,-5.461290000000001
S;S,V;F,"58,238",-0.527275,0.78979,-1.317065
M;Q,L;V,"154,182",-0.527325,-0.7894300000000001,0.26210500000000003
S;K,A;L,"124,253",-0.528535,1.0805500000000001,-1.609085
N;A,I;E,"37,152",-0.528922,3.02804,-3.556962
S;Q,K;I,"58,182",-0.529152,0.38705,-0.916202
Q;S,L;H,"127,214",-0.529511,-0.6175299999999999,0.08801899999999996
S;S,E;Y,"121,269",-0.530472,-7.865715,7.335243
A;S,N;P,"226,245",-0.530849,2.7893600000000003,-3.320209
A;S,N;E,"226,121",-0.531365,-5.69321,5.161845
S;H,V;L,"58,104",-0.531747,3.23111,-3.7628570000000003
R;A,Q;M,"132,65",-0.532137,2.91858,-3.450717
H;Q,L;A,"104,127",-0.532634,2.133536,-2.66617
T;S,E;P,"270,188",-0.533025,3.3303149999999997,-3.8633399999999996
L;K,E;L,"216,252",-0.534152,2.55621,-3.090362
I;S,L;E,"145,136",-0.534613,1.603774,-2.138387
T;I,D;L,"88,111",-0.535218,3.54579,-4.081008000000001
Q;R,A;Q,"127,224",-0.535561,1.344557,-1.880118
N;Q,I;V,"37,127",-0.535602,3.08542,-3.621022
Q;S,K;H,"127,187",-0.536181,1.871958,-2.4081390000000003
S;R,N;K,"124,53",-0.536379,5.3317,-5.868079
M;N,V;K,"154,233",-0.536592,-2.677848,2.1412560000000003
F;L,W;W,"271,216",-0.536821,3.2572,-3.794021
D;H,V;T,"186,104",-0.537277,3.43066,-3.967937
S;Q,E;A,"207,127",-0.537777,1.9415360000000002,-2.4793130000000003
L;S,F;E,"216,121",-0.538231,-5.84464,5.306409
A;R,M;S,"135,90",-0.53852,-4.61672,4.0782
Q;Q,V;V,"127,182",-0.538633,-0.96044,0.42180699999999993
T;Q,K;A,"88,127",-0.538828,1.8286259999999999,-2.367454
T;M,V;V,"198,154",-0.540238,-1.4393200000000002,0.8990820000000002
L;T,Q;Y,"216,189",-0.540836,1.823032,-2.363868
S;Q,E;A,"115,127",-0.541737,2.242436,-2.784173
S;T,N;M,"124,51",-0.541827,5.43011,-5.971937
S;S,V;H,"58,187",-0.541843,1.501198,-2.043041
T;F,E;E,"270,271",-0.54193,6.18514,-6.727069999999999
H;Q,L;Y,"104,119",-0.542717,-2.9503600000000003,2.407643
I;A,L;D,"111,226",-0.544023,-5.007750000000001,4.4637270000000004
S;N,P;T,"245,190",-0.544397,2.48932,-3.033717
Q;N,I;Y,"127,37",-0.545402,2.793051,-3.3384530000000003
T;S,E;Y,"270,269",-0.545854,2.794485,-3.3403389999999997
A;Q,L;Y,"65,119",-0.546409,-3.2593700000000005,2.7129610000000004
A;G,N;A,"226,165",-0.546784,-3.1469699999999996,2.6001859999999994
L;D,F;N,"216,186",-0.547213,1.3035359,-1.8507489
L;Q,K;L,"249,127",-0.547513,3.46349,-4.0110030000000005
Q;E,D;K,"127,231",-0.547946,3.29577,-3.843716
S;Q,K;E,"124,133",-0.548271,4.78176,-5.330031
R;R,N;Q,"132,224",-0.548555,2.772141,-3.320696
Q;T,K;K,"127,88",-0.548752,3.29696,-3.845712
A;I,W;H,"65,168",-0.54911,-0.6148199999999999,0.06570999999999994
T;S,N;V,"88,223",-0.549172,2.29697,-2.846142
S;S,Y;T,"269,214",-0.551759,-1.0576130000000001,0.5058540000000001
L;R,Q;K,"216,53",-0.552703,2.88546,-3.4381630000000003
A;R,W;S,"65,90",-0.553792,-5.04727,4.4934780000000005
R;M,V;L,"34,262",-0.554579,-5.54634,4.9917609999999994
A;S,M;K,"65,58",-0.555151,2.41202,-2.967171
N;S,I;E,"37,207",-0.555509,3.25976,-3.815269
L;Q,W;L,"216,182",-0.55557,-0.32889999999999997,-0.22667000000000004
L;A,F;W,"216,65",-0.556773,2.42169,-2.9784629999999996
F;T,W;Q,"271,88",-0.557004,3.0956099999999998,-3.652614
N;S,K;Y,"233,269",-0.55719,-0.40346300000000007,-0.1537269999999999
Q;S,I;Q,"127,188",-0.557265,0.67048,-1.227745
F;Q,W;V,"271,127",-0.558089,3.11008,-3.668169
R;L,P;F,"90,117",-0.558761,-17.32287,16.764109
S;T,T;Q,"121,88",-0.560121,2.52137,-3.081491
S;I,D;L,"58,145",-0.560171,3.18368,-3.743851
A;R,M;A,"65,280",-0.560656,0.8924430000000001,-1.4530990000000001
T;I,M;V,"51,200",-0.562274,2.6032599999999997,-3.1655339999999996
Q;D,I;N,"127,186",-0.562509,2.1214259,-2.6839349
I;S,H;H,"168,187",-0.563086,-1.886922,1.323836
Q;G,K;A,"127,165",-0.564473,-2.57603,2.011557
H;L,T;M,"104,216",-0.565216,3.1113,-3.676516
S;Q,E;V,"207,127",-0.565379,2.62182,-3.187199
Q;Q,L;T,"127,91",-0.56546,2.82612,-3.39158
T;S,V;H,"72,214",-0.566032,-0.9465599999999998,0.38052799999999987
N;Q,I;V,"37,182",-0.569953,-0.3225,-0.24745300000000003
S;A,E;D,"115,226",-0.570278,-4.869750000000001,4.299472000000001
N;Q,K;M,"138,127",-0.570749,1.760297,-2.3310459999999997
I;R,L;S,"111,90",-0.571609,-4.61856,4.046951
Q;S,E;E,"133,136",-0.573311,2.3914139999999997,-2.9647249999999996
R;L,L;F,"53,117",-0.573895,-0.72976,0.15586499999999992
S;I,Q;R,"188,168",-0.575395,-16.19353,15.618134999999999
L;R,Q;N,"216,90",-0.576282,-10.88893,10.312648
Q;T,N;M,"127,29",-0.576625,-4.58007,4.003445
S;A,W;D,"58,226",-0.576737,-5.3963,4.8195630000000005
N;A,I;F,"37,65",-0.577125,3.0468,-3.6239250000000003
T;Q,E;K,"270,127",-0.577142,5.537929999999999,-6.115072
Q;S,I;E,"127,121",-0.577227,-5.02675,4.449523
L;N,F;Y,"216,37",-0.578317,1.975161,-2.553478
H;N,R;K,"104,114",-0.578751,-0.13763999999999998,-0.44111100000000003
G;Q,Q;M,"243,127",-0.580431,4.348887,-4.929318
H;L,T;W,"104,216",-0.580544,3.01271,-3.593254
Q;R,I;N,"127,90",-0.580635,-10.45079,9.870155
Q;Q,W;M,"133,127",-0.582155,2.471107,-3.053262
T;S,V;P,"198,188",-0.582233,1.370895,-1.953128
I;N,L;Y,"145,37",-0.5823,1.9909409999999998,-2.573241
Q;D,E;N,"133,186",-0.582319,2.1069559,-2.6892749
Q;K,N;L,"127,252",-0.582426,3.5963900000000004,-4.178816
L;M,Q;L,"216,262",-0.58246,-7.15886,6.5764
H;T,L;N,"104,88",-0.582542,2.7500999999999998,-3.332642
Q;G,I;A,"127,165",-0.583377,-2.4805099999999998,1.8971329999999997
R;I,K;H,"53,168",-0.583545,-0.5307999999999999,-0.05274500000000004
Q;D,N;L,"127,220",-0.584025,4.33877,-4.922795000000001
S;Q,V;Y,"223,119",-0.585039,-3.4034900000000006,2.8184510000000005
A;S,W;Y,"65,269",-0.585039,0.40061500000000005,-0.985654
I;M,V;L,"200,262",-0.585699,-7.53947,6.953771
R;S,N;E,"132,207",-0.585844,3.3691199999999997,-3.9549639999999995
A;Q,M;Y,"65,119",-0.586109,-3.27369,2.687581
M;M,L;V,"262,154",-0.586145,-11.83407,11.247925
D;S,N;P,"186,188",-0.586513,-0.1817091,-0.40480389999999994
T;A,D;W,"88,65",-0.586584,3.11708,-3.703664
G;K,K;L,"243,252",-0.586601,4.30176,-4.888361
I;S,L;Y,"111,269",-0.586793,0.829325,-1.416118
R;Q,Q;Y,"224,119",-0.58699,-3.739339,3.152349
R;N,V;K,"34,114",-0.587475,1.9476400000000003,-2.5351150000000002
A;T,N;M,"226,29",-0.587493,-5.49195,4.904457
K;S,L;F,"253,238",-0.588234,-1.91354,1.3253059999999999
L;S,W;E,"216,121",-0.588752,-5.763199999999999,5.174447999999999
M;T,L;N,"154,88",-0.588831,2.55477,-3.143601
L;S,F;Q,"216,188",-0.588915,-0.14741000000000004,-0.4415049999999999
F;Q,E;L,"271,182",-0.589446,0.9592399999999999,-1.548686
D;R,Q;T,"220,90",-0.590429,-3.8897500000000003,3.2993210000000004
S;A,V;L,"58,65",-0.590472,2.9221,-3.512572
R;T,K;N,"53,88",-0.591022,2.37631,-2.9673320000000003
F;N,M;I,"271,37",-0.591546,4.01829,-4.6098360000000005
S;Q,V;Y,"58,119",-0.591651,-2.8994100000000005,2.3077590000000003
T;D,D;N,"88,186",-0.591871,1.9989259,-2.5907969
L;I,Q;R,"216,168",-0.592261,-13.087530000000001,12.495269
S;D,N;V,"124,186",-0.592362,5.90422,-6.496582
T;S,N;H,"88,187",-0.594548,1.020188,-1.6147360000000002
K;T,F;Y,"253,189",-0.595837,-2.595538,1.999701
S;R,V;K,"58,53",-0.596754,2.85732,-3.4540740000000003
E;G,K;T,"231,254",-0.597735,-3.5153100000000004,2.9175750000000003
R;S,L;Q,"53,188",-0.597833,0.14198,-0.7398129999999999
A;R,M;A,"135,280",-0.598131,1.1885130000000002,-1.7866440000000001
H;A,T;D,"104,226",-0.598937,-4.926880000000001,4.327943
Q;A,I;D,"182,226",-0.599219,-7.32695,6.727731
R;A,N;F,"132,65",-0.59974,3.15616,-3.7559
Q;Q,L;N,"127,133",-0.600566,2.7694799999999997,-3.370046
Q;S,N;W,"133,58",-0.60134,2.39222,-2.99356
L;T,Q;M,"216,51",-0.602423,2.98387,-3.586293
N;L,T;F,"190,117",-0.602824,-1.16776,0.5649359999999999
T;R,K;S,"88,90",-0.604704,-4.89437,4.289666
F;Q,W;A,"271,127",-0.605459,2.429796,-3.0352550000000003
S;R,A;T,"124,90",-0.605695,-4.61484,4.009145
S;S,V;V,"58,223",-0.605919,2.77798,-3.383899
T;H,M;R,"51,104",-0.607259,2.51111,-3.118369
T;R,L;A,"72,90",-0.609551,-4.70369,4.094139
R;T,N;K,"132,88",-0.60974,3.25621,-3.8659499999999998
A;Q,V;M,"65,127",-0.609987,2.579717,-3.189704
M;K,L;L,"262,253",-0.610477,-9.89033,9.279853000000001
T;K,V;L,"72,253",-0.610935,0.15836000000000006,-0.7692950000000001
R;Q,N;V,"132,182",-0.611743,-0.2131400000000001,-0.39860299999999993
S;F,T;M,"214,191",-0.612268,-0.040466,-0.571802
R;Q,S;V,"90,182",-0.613158,-8.36372,7.750562
R;R,Q;S,"132,90",-0.613922,-4.527710000000001,3.9137880000000007
H;S,T;K,"104,58",-0.615136,2.78712,-3.402256
Q;T,I;M,"127,29",-0.615937,-4.82549,4.2095530000000005
F;A,W;M,"271,65",-0.616605,3.1530899999999997,-3.7696949999999996
L;A,W;W,"216,65",-0.617446,2.50313,-3.1205760000000002
R;S,Q;V,"132,58",-0.617489,3.29286,-3.910349
S;A,M;V,"238,65",-0.618142,4.31162,-4.929761999999999
S;S,E;K,"115,58",-0.618541,2.8442499999999997,-3.4627909999999997
R;S,L;T,"53,121",-0.619237,2.89091,-3.510147
R;R,Q;A,"132,280",-0.619433,1.277523,-1.8969559999999999
L;R,M;S,"216,90",-0.620145,-4.71009,4.089945
Q;Q,V;I,"127,182",-0.620671,0.46552000000000004,-1.086191
Q;S,I;T,"127,121",-0.6208,3.41941,-4.04021
L;Q,F;V,"216,182",-0.620928,-0.89476,0.27383199999999996
A;N,N;K,"226,233",-0.622259,1.769042,-2.391301
S;R,K;T,"124,90",-0.622485,-4.068770000000001,3.4462850000000005
A;S,P;E,"152,115",-0.622812,3.5222499999999997,-4.145061999999999
D;Q,V;V,"186,182",-0.623347,-0.39537,-0.22797699999999999
S;M,V;L,"58,154",-0.623746,3.03578,-3.659526
R;S,Q;Y,"224,269",-0.623842,0.0694459999999999,-0.6932879999999999
L;A,W;F,"216,65",-0.62423,2.55598,-3.1802099999999998
S;T,N;L,"124,72",-0.625583,5.4692099999999995,-6.094792999999999
A;T,P;Q,"152,88",-0.626083,3.03254,-3.658623
Q;S,W;W,"133,58",-0.626917,3.1661400000000004,-3.793057
N;N,T;Y,"190,37",-0.627302,1.8265510000000003,-2.4538530000000005
A;S,F;Y,"65,269",-0.627319,0.4534649999999999,-1.080784
N;R,I;A,"37,280",-0.627452,1.487373,-2.114825
I;T,V;V,"200,72",-0.62814,2.50922,-3.13736
F;Q,W;Y,"271,119",-0.628308,-2.6541000000000006,2.0257920000000005
N;Q,I;L,"37,182",-0.629547,0.16192000000000006,-0.791467
A;R,W;P,"65,90",-0.629561,-13.88203,13.252469
A;Q,P;A,"152,127",-0.629834,2.366726,-2.9965599999999997
S;Q,E;I,"115,182",-0.63051,0.9407599999999999,-1.57127
I;Q,L;M,"145,127",-0.63105,1.782597,-2.413647
S;Q,A;K,"124,127",-0.632752,4.1546400000000006,-4.7873920000000005
L;S,F;V,"216,223",-0.633724,2.42637,-3.060094
S;S,N;K,"124,58",-0.635564,5.26068,-5.896243999999999
S;R,E;S,"207,90",-0.637401,-4.78146,4.144059
K;N,Y;Y,"253,37",-0.637537,-1.8084789999999997,1.1709419999999997
R;D,N;N,"132,186",-0.638057,1.9851558999999999,-2.6232129
R;I,Q;H,"132,168",-0.638397,-0.09526000000000012,-0.5431369999999999
A;Q,W;A,"65,127",-0.639719,1.675726,-2.315445
R;M,N;L,"132,154",-0.640048,3.3657899999999996,-4.005838
P;Q,D;L,"197,127",-0.640094,3.12296,-3.763054
T;R,V;T,"72,90",-0.640248,-5.53703,4.896782
A;T,L;N,"65,88",-0.64083,2.44109,-3.08192
Q;S,L;H,"182,214",-0.641091,-3.86698,3.225889
T;A,E;V,"270,65",-0.642169,5.6284600000000005,-6.2706290000000005
S;I,T;L,"121,145",-0.642758,2.6173,-3.2600580000000003
H;Q,R;I,"104,182",-0.643296,0.43818999999999997,-1.081486
R;I,A;R,"90,168",-0.643674,-20.81419,20.170516
T;R,D;K,"88,53",-0.644588,3.2011000000000003,-3.8456880000000004
F;Q,M;A,"271,127",-0.644613,2.700066,-3.344679
Q;A,E;W,"133,65",-0.644615,3.22511,-3.869725
D;L,Q;F,"220,216",-0.645065,4.15736,-4.8024249999999995
A;A,P;M,"152,65",-0.645344,3.09002,-3.735364
A;R,P;Q,"152,224",-0.645677,2.624371,-3.270048
R;F,N;W,"132,271",-0.645697,3.85738,-4.503077
L;T,Q;V,"216,198",-0.649,3.23589,-3.88489
S;S,D;Y,"58,269",-0.650227,1.1468249999999998,-1.7970519999999999
N;A,I;P,"37,152",-0.650487,3.6849499999999997,-4.335437
R;T,Q;N,"132,88",-0.650851,2.8118499999999997,-3.4627009999999996
R;A,N;P,"132,152",-0.651979,3.79431,-4.446289
M;R,L;S,"154,90",-0.653381,-4.78479,4.131409
T;F,E;M,"270,191",-0.653567,3.811632,-4.465199
R;Q,N;V,"132,127",-0.653811,3.1947799999999997,-3.848591
Q;N,K;Y,"127,37",-0.655352,2.697531,-3.3528830000000003
Q;A,E;M,"133,135",-0.656093,3.65566,-4.311753
F;I,M;H,"271,168",-0.657283,0.4095200000000001,-1.0668030000000002
R;A,Q;D,"132,226",-0.657811,-4.9169,4.259089
F;N,E;K,"271,114",-0.658494,1.3249499999999999,-1.983444
M;I,L;H,"154,168",-0.659247,-0.3523400000000001,-0.30690699999999993
A;Q,L;A,"65,127",-0.659539,1.824526,-2.484065
N;H,I;T,"37,104",-0.659844,3.50353,-4.163374
S;T,V;K,"58,88",-0.660047,2.9261999999999997,-3.5862469999999997
T;Q,E;W,"270,133",-0.660854,5.51985,-6.180704
A;Q,M;V,"65,127",-0.661182,2.4904900000000003,-3.1516720000000005
E;T,K;N,"231,198",-0.662169,2.4888,-3.150969
A;I,L;H,"65,168",-0.662471,-0.4660200000000001,-0.19645099999999993
A;Q,F;I,"65,182",-0.662527,0.42689999999999995,-1.089427
F;T,E;L,"271,72",-0.663014,4.0127999999999995,-4.675813999999999
H;T,L;Q,"104,88",-0.663054,2.79935,-3.4624040000000003
S;Q,K;L,"58,182",-0.663308,-0.5544899999999999,-0.10881800000000008
R;T,A;Y,"90,189",-0.663392,-5.903627999999999,5.2402359999999994
I;T,L;Q,"111,88",-0.663637,2.77025,-3.433887
E;L,K;C,"231,249",-0.663796,2.47609,-3.139886
Q;Q,T;M,"91,127",-0.66427,1.753827,-2.418097
H;R,L;A,"104,280",-0.666438,1.215773,-1.8822109999999999
A;S,N;T,"226,214",-0.666468,1.114892,-1.7813599999999998
T;A,D;M,"88,135",-0.667164,3.54763,-4.2147939999999995
S;N,N;I,"124,37",-0.66783,5.97709,-6.64492
Q;R,V;Q,"182,224",-0.667926,-1.383079,0.7151529999999999
R;I,D;H,"90,168",-0.668477,-14.28079,13.612313
T;Q,L;T,"72,127",-0.669203,2.059274,-2.728477
Q;R,K;A,"127,280",-0.669233,1.637483,-2.3067159999999998
Q;A,V;D,"182,226",-0.66927,-8.75291,8.083639999999999
T;F,L;M,"72,191",-0.669657,1.639292,-2.308949
D;N,V;H,"186,205",-0.670214,2.7229710000000003,-3.3931850000000003
R;A,L;M,"53,135",-0.670493,3.14163,-3.812123
Q;S,E;T,"133,121",-0.67078,3.40494,-4.07572
R;Q,K;A,"53,127",-0.671114,1.7597460000000003,-2.43086
Q;S,I;V,"127,223",-0.671127,3.2442599999999997,-3.915387
T;R,M;A,"29,280",-0.672202,-7.307107,6.634905
N;L,I;M,"37,216",-0.672603,3.33113,-4.0037329999999995
S;Q,E;V,"115,127",-0.673556,2.92272,-3.596276
N;S,T;E,"190,121",-0.673771,-5.99325,5.319478999999999
H;N,T;H,"104,205",-0.673805,2.5760110000000003,-3.249816
A;I,F;H,"65,168",-0.674407,-0.5619700000000001,-0.1124369999999999
T;S,D;H,"88,187",-0.674646,1.844978,-2.519624
N;R,T;N,"190,90",-0.674944,-11.41729,10.742346
R;S,K;Y,"53,269",-0.675074,0.48463500000000004,-1.1597089999999999
R;I,Q;R,"224,168",-0.67512,-13.955599000000001,13.280479000000001
Q;I,V;R,"182,168",-0.675584,-16.94088,16.265296
S;A,E;M,"115,65",-0.676906,2.9657299999999998,-3.6426359999999995
S;R,T;P,"121,90",-0.678459,-13.702200000000001,13.023741000000001
R;D,L;N,"53,186",-0.678582,1.5929259,-2.2715079
T;K,E;F,"270,253",-0.678664,0.7767399999999998,-1.4554039999999997
T;R,D;Q,"88,132",-0.678744,3.63664,-4.315384
N;D,I;V,"37,186",-0.678981,3.65049,-4.329471
F;I,M;R,"271,168",-0.680158,-12.60009,11.919932
M;I,L;L,"154,145",-0.680315,2.69995,-3.3802649999999996
L;A,Q;L,"216,65",-0.680572,2.95024,-3.6308119999999997
I;Q,L;I,"145,182",-0.680597,0.5469799999999999,-1.227577
H;R,L;P,"104,90",-0.682908,-13.42422,12.741312
R;Q,Q;A,"132,127",-0.68308,2.195286,-2.8783659999999998
M;R,L;T,"262,90",-0.683102,-15.58572,14.902618
D;Q,V;V,"186,127",-0.683104,3.01255,-3.695654
H;K,M;L,"104,253",-0.683318,0.23187000000000002,-0.915188
T;S,E;Y,"270,242",-0.683374,4.71476,-5.398134
S;R,V;Q,"58,224",-0.683619,2.442131,-3.12575
F;R,W;S,"271,90",-0.684057,-4.293200000000001,3.6091430000000004
T;I,K;H,"88,168",-0.68558,-0.4619200000000001,-0.22365999999999986
S;R,A;A,"124,90",-0.685826,-3.9146399999999995,3.2288139999999994
R;T,K;Q,"53,88",-0.685924,2.42556,-3.111484
D;N,Q;T,"220,190",-0.686471,4.00875,-4.695221
Q;T,R;V,"127,72",-0.687032,3.46641,-4.153442
S;H,N;M,"124,104",-0.687431,5.40958,-6.097011
S;R,N;N,"124,132",-0.687601,6.086449999999999,-6.774050999999999
Q;H,I;L,"127,104",-0.688231,3.69739,-4.385621
F;R,M;P,"271,90",-0.689753,-12.85769,12.167937
R;I,Q;H,"224,168",-0.690052,-0.9459890000000001,0.2559370000000001
L;G,Q;A,"216,165",-0.690218,-2.9186499999999995,2.2284319999999997
Q;S,K;D,"127,58",-0.690695,3.89027,-4.580965
S;K,K;F,"124,253",-0.690861,-0.06048000000000009,-0.6303809999999999
R;Q,N;L,"132,182",-0.6909,0.27127999999999997,-0.9621799999999999
S;F,M;M,"238,191",-0.691528,2.494792,-3.18632
A;N,D;H,"226,205",-0.693299,-5.634569000000001,4.941270000000001
R;S,L;V,"53,223",-0.694241,2.71576,-3.410001
R;S,N;E,"132,115",-0.69443,3.67002,-4.36445
D;A,V;M,"186,65",-0.694731,3.05556,-3.750291
S;I,V;R,"223,168",-0.694941,-13.61975,12.924809
N;Q,T;L,"190,182",-0.695073,-0.5589499999999998,-0.13612300000000022
S;R,D;T,"58,90",-0.695254,-4.8792100000000005,4.183956
T;A,D;L,"88,65",-0.696211,3.26588,-3.962091
K;S,L;Q,"253,188",-0.697247,-2.49913,1.8018830000000001
L;S,F;H,"216,187",-0.698131,1.149588,-1.8477190000000001
T;M,D;L,"88,154",-0.698753,3.3795599999999997,-4.078313
S;Q,M;T,"238,91",-0.699039,3.4857299999999998,-4.184768999999999
D;I,N;R,"186,168",-0.700083,-14.7425841,14.0425011
L;L,W;F,"216,117",-0.700462,-0.93771,0.23724800000000001
A;I,E;R,"152,168",-0.700672,-13.590340000000001,12.889668
S;S,V;E,"58,207",-0.700704,3.03911,-3.739814
Q;M,L;V,"182,154",-0.701243,-4.7058,4.004557
H;Q,T;V,"104,127",-0.701545,2.86559,-3.567135
T;R,V;A,"198,90",-0.702268,-4.4907699999999995,3.7885019999999994
T;R,K;A,"88,280",-0.702291,0.910863,-1.613154
I;L,L;F,"145,117",-0.702391,-1.00337,0.3009790000000001
T;Q,D;Y,"88,119",-0.703023,-2.5556300000000003,1.8526070000000003
Q;S,E;K,"133,58",-0.703503,3.23811,-3.941613
K;S,L;T,"253,214",-0.703569,-1.388258,0.684689
D;L,L;F,"220,216",-0.703841,3.27546,-3.979301
L;N,Q;K,"216,233",-0.705548,1.997362,-2.70291
H;R,T;A,"104,280",-0.705703,1.267543,-1.973246
I;A,L;M,"145,65",-0.706007,2.57195,-3.2779570000000002
A;T,E;N,"152,88",-0.706382,2.3263800000000003,-3.0327620000000004
G;F,A;M,"165,191",-0.706635,-4.302328,3.5956930000000003
H;I,T;L,"104,145",-0.707401,2.94705,-3.654451
D;S,Q;Y,"220,269",-0.708185,2.136285,-2.84447
R;N,V;K,"34,233",-0.708891,3.6098820000000003,-4.318773
S;F,E;M,"121,191",-0.708982,-6.848568,6.139586
H;L,L;F,"104,216",-0.709014,2.8795,-3.588514
T;S,Q;H,"88,187",-0.710173,1.069438,-1.779611
F;R,W;A,"271,280",-0.710622,1.512033,-2.222655
Q;S,I;E,"127,207",-0.711588,3.5053900000000002,-4.216978
Q;R,L;P,"127,280",-0.711885,2.8406599999999997,-3.552545
M;S,V;T,"154,214",-0.712012,-3.331998,2.619986
Q;S,E;H,"133,187",-0.712026,1.9530079999999999,-2.665034
S;I,E;H,"207,168",-0.712956,-0.34901000000000004,-0.363946
T;R,D;A,"88,280",-0.714027,1.610503,-2.32453
Q;S,V;K,"127,58",-0.714474,2.3690100000000003,-3.0834840000000003
A;N,F;H,"65,205",-0.714647,2.119281,-2.8339280000000002
T;A,D;F,"88,65",-0.714984,3.16993,-3.8849139999999998
T;S,M;Y,"51,269",-0.715338,0.5830449999999999,-1.2983829999999998
S;A,M;N,"238,226",-0.716667,3.65015,-4.366817
M;R,L;P,"154,90",-0.716753,-13.61955,12.902797
R;K,D;L,"90,253",-0.716903,-13.596,12.879097
I;G,V;A,"200,165",-0.716949,-3.29926,2.582311
Q;S,E;V,"133,223",-0.717436,3.2297899999999995,-3.9472259999999997
T;Q,Q;Y,"88,119",-0.717599,-3.33117,2.6135710000000003
K;K,L;V,"252,253",-0.718424,-0.5278,-0.1906239999999999
Q;V,L;C,"127,281",-0.719264,2.77241,-3.4916739999999997
D;R,N;A,"186,280",-0.719466,-0.3601911,-0.35927490000000006
M;R,L;A,"262,90",-0.720568,-14.88552,14.164952
S;L,D;Q,"58,216",-0.722282,3.54765,-4.269932
A;S,N;W,"226,58",-0.722354,2.61328,-3.335634
R;D,P;N,"90,186",-0.7225,-15.0001841,14.2776841
Q;N,Y;H,"119,205",-0.722797,-3.6062790000000002,2.8834820000000003
K;N,L;K,"253,233",-0.723086,-0.734108,0.011021999999999976
S;T,P;Y,"188,189",-0.723558,-0.041963,-0.6815950000000001
T;R,N;Q,"88,224",-0.723881,1.961121,-2.685002
S;T,N;N,"124,88",-0.724276,5.27543,-5.999706
S;N,Y;K,"242,114",-0.724569,-0.14542999999999995,-0.5791390000000001
Q;C,L;A,"127,289",-0.724996,1.4646212,-2.1896172
R;N,S;Y,"90,37",-0.726052,-5.493799,4.767747
Q;M,K;L,"127,154",-0.72622,3.4065399999999997,-4.132759999999999
Q;A,K;L,"127,65",-0.726571,3.29286,-4.019431
S;N,K;H,"58,205",-0.727149,2.079431,-2.8065800000000003
R;S,L;H,"53,187",-0.727545,1.438978,-2.166523
S;R,E;S,"115,90",-0.727786,-4.4805600000000005,3.7527740000000005
Q;T,V;Q,"127,88",-0.727931,2.4330100000000003,-3.1609410000000002
H;S,R;V,"104,223",-0.728272,2.33336,-3.061632
A;D,N;N,"226,186",-0.728285,1.4549659,-2.1832509
Q;Q,A;V,"127,182",-0.728499,-1.640724,0.9122250000000001
T;L,E;I,"270,216",-0.728739,4.95872,-5.687459
Q;N,I;H,"182,205",-0.729405,0.17594100000000001,-0.905346
S;I,N;L,"124,145",-0.729478,5.42061,-6.150088
L;I,M;L,"216,145",-0.729785,2.77465,-3.504435
D;L,Q;W,"220,216",-0.73017,4.2387999999999995,-4.96897
T;S,L;Y,"72,242",-0.730373,2.54242,-3.272793
A;N,M;H,"65,205",-0.730994,2.200911,-2.931905
L;A,W;E,"216,152",-0.731121,2.53722,-3.268341
H;I,L;H,"104,168",-0.731452,-0.1570100000000001,-0.5744419999999999
T;Q,N;Y,"88,119",-0.731781,-3.38042,2.648639
I;S,V;T,"200,214",-0.734151,0.962602,-1.696753
F;S,M;V,"271,58",-0.736128,3.7976400000000003,-4.533768
H;S,T;Y,"104,269",-0.736686,0.910195,-1.646881
Q;R,E;K,"133,53",-0.737804,3.3091299999999997,-4.046933999999999
A;T,L;Q,"65,88",-0.738686,2.4903399999999998,-3.2290259999999997
S;I,Y;R,"242,168",-0.739708,-13.56808,12.828372
S;R,W;T,"58,90",-0.742228,-5.58526,4.843032
Q;R,V;D,"127,90",-0.74254,-11.30996,10.56742
L;R,F;K,"216,53",-0.743232,2.50571,-3.248942
L;T,W;K,"216,88",-0.744118,2.65603,-3.4001479999999997
A;S,T;W,"180,58",-0.744565,2.75092,-3.495485
S;T,E;N,"207,88",-0.745105,2.5581,-3.303205
S;I,N;H,"124,168",-0.746698,2.3683199999999998,-3.1150179999999996
A;T,M;Q,"65,88",-0.747365,2.47602,-3.223385
L;Q,W;A,"216,127",-0.748052,1.914316,-2.662368
A;S,P;V,"152,58",-0.748284,3.4642999999999997,-4.212584
F;S,W;V,"271,58",-0.748403,3.52737,-4.275773
H;A,T;M,"104,65",-0.750661,2.9086,-3.659261
H;I,L;R,"104,168",-0.751183,-13.16662,12.415437
F;R,M;S,"271,90",-0.752049,-4.022930000000001,3.2708810000000006
R;I,A;H,"280,168",-0.75236,-2.121397,1.369037
F;T,W;N,"271,88",-0.752524,3.04636,-3.798884
D;K,L;V,"220,253",-0.753343,0.21458,-0.967923
H;S,M;Y,"104,269",-0.753469,0.562515,-1.315984
D;I,Q;V,"220,200",-0.753779,4.156499999999999,-4.910278999999999
I;N,V;K,"200,233",-0.753907,1.616752,-2.370659
M;G,V;A,"154,165",-0.753921,-7.593859999999999,6.839938999999999
H;S,L;Y,"104,269",-0.753978,0.8584249999999999,-1.612403
R;T,V;L,"34,72",-0.754082,4.63549,-5.389572
A;S,N;E,"226,136",-0.754207,1.739424,-2.493631
I;A,L;F,"145,65",-0.754858,2.4903199999999996,-3.2451779999999997
I;Q,L;A,"111,127",-0.755388,2.104436,-2.859824
R;M,L;L,"53,154",-0.75639,2.97356,-3.72995
T;N,E;K,"270,138",-0.75952,4.8090399999999995,-5.56856
N;N,I;H,"37,205",-0.759526,2.7958410000000002,-3.5553670000000004
R;S,D;Y,"90,269",-0.75998,-13.265355,12.505374999999999
S;Q,V;I,"58,182",-0.760522,0.88281,-1.643332
L;T,W;N,"216,88",-0.760905,2.53088,-3.291785
S;Q,M;W,"238,133",-0.761769,4.20301,-4.964779
G;D,K;L,"243,220",-0.763103,5.0441400000000005,-5.807243000000001
S;L,V;M,"58,216",-0.764378,3.11048,-3.8748579999999997
A;S,P;Y,"152,269",-0.764868,1.091615,-1.8564829999999999
Q;R,V;A,"182,280",-0.765078,-2.558487,1.793409
A;I,L;R,"65,168",-0.767949,-13.47563,12.707681000000001
L;T,Q;K,"216,88",-0.768633,2.95434,-3.722973
Q;Q,L;Y,"182,119",-0.769562,-6.2402,5.470638
S;Q,K;T,"124,127",-0.769686,3.394394,-4.16408
R;A,L;W,"53,65",-0.769754,2.71108,-3.4808339999999998
G;I,Q;R,"243,168",-0.770088,-10.88521,10.115122000000001
S;Q,K;T,"124,91",-0.770949,3.96535,-4.736299
R;T,Q;Q,"132,88",-0.771748,2.8611,-3.632848
T;R,D;Q,"88,224",-0.772181,2.785911,-3.5580920000000003
T;S,D;E,"88,207",-0.772439,3.3828899999999997,-4.155329
S;I,K;V,"124,200",-0.773387,3.97748,-4.7508669999999995
T;K,M;L,"51,253",-0.773788,0.25239999999999996,-1.0261879999999999
T;S,V;P,"72,188",-0.77398,1.0248350000000002,-1.7988150000000003
T;F,M;M,"51,191",-0.774795,1.600192,-2.374987
F;S,E;A,"271,124",-0.775468,4.80185,-5.577318
S;N,T;T,"121,190",-0.776098,2.45291,-3.2290080000000003
A;N,V;K,"65,114",-0.776976,0.7682700000000002,-1.5452460000000001
A;R,P;A,"152,280",-0.777464,1.448963,-2.226427
N;F,K;M,"233,191",-0.777606,0.613684,-1.3912900000000001
R;T,V;Y,"34,189",-0.777718,3.4355520000000004,-4.2132700000000005
A;S,E;Y,"152,269",-0.778091,0.434705,-1.212796
K;G,L;A,"253,165",-0.778121,-5.650119999999999,4.871999
R;A,N;E,"132,152",-0.7785,3.1374,-3.9158999999999997
R;Q,V;L,"34,182",-0.778737,1.5819300000000003,-2.3606670000000003
S;A,K;M,"124,135",-0.779049,4.25174,-5.0307889999999995
M;S,V;E,"154,121",-0.779337,-10.1401,9.360763
A;I,P;H,"152,168",-0.78036,0.07617999999999991,-0.85654
F;I,W;H,"271,168",-0.780386,0.13924999999999987,-0.9196359999999999
S;R,D;A,"58,280",-0.78259,1.504173,-2.286763
R;A,N;D,"132,226",-0.783691,-4.59769,3.813999
E;K,K;F,"231,253",-0.783987,-1.4170500000000001,0.6330630000000002
R;S,P;H,"90,187",-0.78473,-15.154132,14.369402000000001
R;R,N;A,"132,280",-0.785295,1.596733,-2.382028
S;M,P;V,"245,154",-0.785801,-1.65753,0.871729
R;S,T;E,"90,121",-0.785884,-13.89175,13.105866
K;S,L;E,"253,121",-0.786221,-8.19636,7.410139
A;S,N;T,"226,121",-0.787146,2.7529500000000002,-3.540096
G;T,Q;E,"243,270",-0.787651,7.3976299999999995,-8.185281
R;L,Q;F,"132,216",-0.787746,2.94125,-3.728996
A;Q,T;M,"180,127",-0.788236,2.055887,-2.8441229999999997
L;Q,W;V,"216,182",-0.78895,-0.81332,0.024370000000000003
F;Q,M;E,"271,133",-0.789323,4.2494499999999995,-5.038772999999999
E;K,K;A,"231,253",-0.790449,-0.7999399999999999,0.009490999999999916
A;R,W;A,"65,280",-0.79089,0.7579630000000002,-1.5488530000000003
L;A,F;E,"216,152",-0.790928,2.45578,-3.246708
I;S,V;E,"200,136",-0.791669,1.5871339999999998,-2.3788029999999996
Q;M,L;H,"127,161",-0.791918,1.84097,-2.632888
A;Q,M;A,"65,127",-0.792787,1.810206,-2.602993
L;Q,F;Y,"216,119",-0.792931,-3.2510200000000005,2.458089
Q;S,K;F,"127,238",-0.793653,1.16055,-1.9542030000000001
I;S,V;E,"200,121",-0.794547,-5.8454999999999995,5.050953
F;T,E;Y,"271,189",-0.794621,2.812862,-3.607483
R;T,L;K,"53,88",-0.794769,2.8639799999999997,-3.658749
Q;T,K;V,"127,72",-0.794797,3.23245,-4.027247
S;I,D;V,"58,200",-0.79498,3.16704,-3.96202
Q;I,L;L,"127,145",-0.795546,2.85489,-3.650436
N;S,I;K,"37,58",-0.796913,3.00695,-3.8038629999999998
L;S,Q;E,"216,136",-0.797002,1.9677440000000002,-2.764746
A;R,E;A,"152,280",-0.797277,0.7920530000000001,-1.5893300000000001
R;L,N;M,"132,216",-0.797459,3.4404899999999996,-4.2379489999999995
R;R,K;A,"53,280",-0.798109,0.8419830000000001,-1.640092
L;S,Q;T,"216,214",-0.798118,1.343212,-2.14133
A;Q,F;Y,"65,119",-0.798208,-3.3553200000000003,2.557112
R;A,L;L,"53,65",-0.799034,2.85988,-3.658914
T;R,E;P,"270,280",-0.799888,4.81711,-5.616998
Q;I,E;L,"133,111",-0.800564,3.6538199999999996,-4.454383999999999
Q;A,I;M,"127,135",-0.801328,3.6701300000000003,-4.471458
L;T,F;K,"216,88",-0.801588,2.5745899999999997,-3.3761779999999995
T;L,D;M,"88,216",-0.80208,3.4542599999999997,-4.25634
N;T,K;Y,"138,189",-0.803094,1.4367619999999999,-2.2398559999999996
S;T,E;N,"115,88",-0.803568,2.859,-3.662568
H;I,M;V,"104,200",-0.803899,2.5827299999999997,-3.3866289999999997
S;M,W;V,"58,154",-0.805155,-1.83361,1.0284550000000001
T;S,M;P,"51,188",-0.805304,1.118875,-1.924179
R;S,N;H,"132,187",-0.805311,1.831208,-2.636519
S;Q,V;V,"58,182",-0.805685,-0.54315,-0.26253499999999996
N;S,T;V,"190,223",-0.805923,2.27776,-3.0836829999999997
S;T,Y;Y,"242,189",-0.80621,1.342482,-2.148692
A;L,M;F,"135,216",-0.806355,2.85224,-3.658595
Q;S,W;F,"133,238",-0.806975,1.14247,-1.949445
A;A,M;N,"135,226",-0.807409,3.00367,-3.8110790000000003
R;R,N;A,"90,280",-0.807425,-12.932407,12.124982
L;S,Q;W,"216,58",-0.80763,2.8416,-3.64923
F;Q,M;I,"271,127",-0.808906,4.263920000000001,-5.072826000000001
S;S,E;V,"115,58",-0.808995,3.34001,-4.149005
N;Q,I;A,"37,127",-0.809244,2.405136,-3.2143800000000002
F;T,E;V,"271,198",-0.809313,4.22572,-5.035033
Q;G,L;H,"127,251",-0.809452,2.7257800000000003,-3.535232
Q;S,R;A,"127,124",-0.809944,4.3886,-5.198544
S;N,E;H,"115,205",-0.810096,2.633141,-3.4432370000000003
A;H,T;M,"180,104",-0.810112,2.8726599999999998,-3.682772
S;R,W;P,"58,90",-0.810464,-13.84187,13.031406
R;A,N;M,"132,135",-0.810725,3.53386,-4.3445849999999995
R;R,Q;L,"132,53",-0.811203,3.23064,-4.041843
I;N,V;Y,"200,37",-0.811953,1.974301,-2.786254
S;G,H;A,"214,165",-0.81283,-6.755039999999999,5.942209999999999
F;T,M;D,"271,88",-0.81293,4.14142,-4.95435
S;T,E;Q,"207,88",-0.813794,2.6073500000000003,-3.4211440000000004
K;V,L;C,"252,281",-0.814156,2.46638,-3.280536
S;L,E;F,"207,216",-0.814478,2.6875,-3.5019780000000003
D;Q,V;Y,"186,119",-0.814486,-2.7516300000000005,1.9371440000000004
F;R,M;L,"271,53",-0.815078,3.7354200000000004,-4.550498
L;T,M;Q,"216,88",-0.815157,2.67872,-3.4938770000000003
T;F,D;W,"88,271",-0.815356,3.87115,-4.686506
T;R,M;A,"51,90",-0.815783,-4.742789999999999,3.9270069999999992
D;V,L;C,"220,281",-0.815829,3.20876,-4.024589
A;T,F;N,"65,88",-0.816012,2.34514,-3.1611519999999995
S;Q,A;T,"124,127",-0.816575,2.8483240000000003,-3.664899
G;Q,L;L,"243,127",-0.817285,5.208349999999999,-6.025634999999999
I;N,L;T,"111,190",-0.817561,2.70179,-3.519351
Q;L,I;F,"127,117",-0.818297,-0.20126,-0.6170370000000001
Q;D,I;V,"127,186",-0.818407,3.89612,-4.7145269999999995
T;R,Q;Q,"88,224",-0.818455,2.010371,-2.8288260000000003
L;S,W;H,"216,187",-0.818596,1.231028,-2.049624
M;I,L;R,"154,168",-0.819073,-13.36195,12.542877
L;R,F;Q,"216,224",-0.819345,2.090521,-2.909866
R;I,L;L,"53,111",-0.820456,3.13979,-3.960246
L;A,F;L,"216,65",-0.822105,2.57049,-3.392595
F;S,E;F,"271,238",-0.822231,1.8077599999999998,-2.629991
S;R,V;P,"223,90",-0.823608,-13.87735,13.053742
G;Q,S;L,"243,127",-0.823859,3.1040799999999997,-3.927939
Q;A,E;E,"133,152",-0.825441,3.2592,-4.0846409999999995
S;I,P;V,"245,200",-0.827032,2.63707,-3.464102
D;T,V;Q,"186,88",-0.827867,2.99808,-3.8259469999999998
Q;T,W;L,"133,72",-0.828149,3.3475099999999998,-4.175659
Q;H,E;L,"133,104",-0.829896,3.6829199999999997,-4.512816
R;S,A;F,"90,238",-0.830681,-6.908729999999999,6.078048999999999
D;R,V;S,"186,90",-0.831251,-4.3907300000000005,3.5594790000000005
Q;T,E;K,"133,88",-0.831469,3.3780099999999997,-4.209479
S;Q,K;A,"58,127",-0.831545,1.688726,-2.520271
Q;Q,E;V,"133,182",-0.832552,-0.0913400000000002,-0.7412119999999998
F;T,E;M,"271,51",-0.833294,3.9737,-4.8069939999999995
A;H,N;M,"226,104",-0.833358,2.73502,-3.568378
T;S,Q;K,"88,58",-0.833766,2.35454,-3.188306
F;L,W;Q,"271,216",-0.834438,3.55551,-4.389948
S;A,M;T,"238,180",-0.834591,3.7877899999999998,-4.622381
S;R,P;T,"245,90",-0.834814,-5.40918,4.574366
S;K,P;L,"245,253",-0.835598,0.2862100000000001,-1.1218080000000001
R;N,N;H,"132,205",-0.836633,2.905201,-3.741834
R;S,V;T,"34,214",-0.836668,2.9557320000000002,-3.7924
T;A,D;P,"88,152",-0.83728,3.80808,-4.64536
Q;S,E;Q,"133,188",-0.837865,0.6560099999999998,-1.4938749999999996
Q;T,K;M,"127,51",-0.838615,3.3264899999999997,-4.165105
Q;M,I;L,"127,154",-0.83915,3.50206,-4.34121
R;N,A;H,"280,205",-0.840083,0.5598540000000001,-1.399937
A;R,N;N,"226,90",-0.841145,-11.11725,10.276105000000001
R;R,Q;P,"132,90",-0.84163,-13.36247,12.52084
H;Q,T;A,"104,127",-0.841828,2.185306,-3.027134
G;Q,K;M,"243,127",-0.842236,3.535497,-4.377733
S;S,T;P,"214,188",-0.843497,-0.521783,-0.32171400000000006
A;K,T;L,"180,252",-0.84357,2.8221499999999997,-3.66572
I;G,L;A,"145,165",-0.844182,-3.2826199999999996,2.4384379999999997
F;M,E;L,"271,262",-0.845343,-6.16903,5.3236870000000005
L;Q,M;V,"216,182",-0.845949,-0.7147300000000001,-0.13121899999999986
G;S,Q;M,"243,238",-0.846015,6.08079,-6.926805
S;R,V;A,"223,280",-0.847129,0.762643,-1.609772
H;R,M;T,"104,90",-0.847202,-5.46352,4.616318
S;M,D;V,"58,154",-0.848387,-1.1275600000000001,0.2791730000000001
R;D,S;N,"90,186",-0.84906,-6.1654241,5.3163641
Q;N,W;K,"133,114",-0.850852,0.6596600000000001,-1.5105120000000003
D;S,V;V,"186,58",-0.850993,3.42984,-4.280833
A;R,M;P,"135,90",-0.851211,-13.45148,12.600269
R;R,N;K,"132,53",-0.851392,3.18733,-4.038722
Q;S,K;E,"127,136",-0.852025,2.310364,-3.162389
Q;R,E;Q,"133,224",-0.852876,2.893941,-3.746817
F;I,W;L,"271,145",-0.852905,3.19154,-4.044445
R;N,N;I,"132,37",-0.855302,3.83272,-4.688022
R;S,V;A,"34,124",-0.855544,5.42454,-6.280084
T;H,V;R,"72,104",-0.856946,2.41707,-3.2740159999999996
T;S,V;Y,"198,242",-0.857471,2.75534,-3.6128109999999998
G;N,Q;K,"243,114",-0.857475,2.53744,-3.394915
Q;N,V;H,"127,205",-0.858027,2.157901,-3.0159279999999997
Q;A,I;L,"127,65",-0.858637,3.3883799999999997,-4.247017
S;Q,K;D,"124,127",-0.858927,4.65234,-5.511267
I;S,L;K,"145,58",-0.859197,2.45047,-3.309667
H;T,R;Y,"104,189",-0.859917,1.350272,-2.2101889999999997
F;L,W;F,"271,216",-0.859931,3.17576,-4.035691
M;S,V;E,"154,136",-0.860401,-2.707466,1.8470650000000002
A;A,P;F,"152,65",-0.860779,3.00839,-3.869169
S;A,V;M,"58,65",-0.861305,2.90778,-3.7690849999999996
N;M,Y;V,"37,154",-0.862215,-2.320299,1.458084
T;H,D;T,"88,104",-0.862971,3.62666,-4.489631
L;T,I;L,"216,72",-0.863781,2.78638,-3.6501609999999998
R;S,P;Q,"90,188",-0.864053,-16.45113,15.587076999999999
Q;R,T;N,"91,90",-0.864162,-11.28167,10.417508
S;T,N;D,"124,88",-0.864352,6.10022,-6.964572
H;S,T;V,"104,58",-0.864384,3.28288,-4.147264
R;S,V;Q,"34,188",-0.864701,1.8448600000000002,-2.7095610000000003
T;F,V;M,"198,191",-0.86512,1.852212,-2.717332
R;S,T;E,"90,136",-0.866135,-6.459116,5.592981
Q;A,E;L,"133,65",-0.866833,3.3739099999999995,-4.240742999999999
L;Q,E;M,"216,127",-0.867445,1.7899470000000002,-2.657392
T;K,V;F,"198,253",-0.867663,-1.1826800000000002,0.3150170000000002
S;A,V;F,"58,65",-0.867919,2.82615,-3.6940690000000003
T;Q,Q;V,"88,182",-0.867979,-0.9749099999999999,0.106931
N;D,T;N,"190,186",-0.867995,1.1549259,-2.0229209
D;L,L;E,"220,216",-0.868051,3.29859,-4.166641
A;L,N;F,"226,117",-0.869095,-0.86772,-0.001374999999999904
L;I,M;H,"216,168",-0.869367,-0.2776400000000001,-0.5917269999999999
K;S,L;H,"252,214",-0.870059,-0.9235599999999999,0.05350099999999991
H;I,T;R,"104,168",-0.87099,-13.11485,12.24386
T;N,L;L,"72,138",-0.871221,2.5573699999999997,-3.428591
Q;M,E;L,"133,154",-0.871692,3.48759,-4.359282
K;Q,F;M,"253,127",-0.87186,-2.272003,1.4001430000000004
Q;L,E;M,"133,216",-0.87263,3.56229,-4.43492
I;L,L;W,"111,216",-0.873708,2.9318400000000002,-3.8055480000000004
G;T,Q;L,"243,72",-0.873823,5.22529,-6.099113
H;T,T;N,"104,88",-0.874952,2.80187,-3.676822
K;Q,L;N,"252,133",-0.875391,2.46345,-3.338841
A;L,T;F,"180,117",-0.875718,-0.7300800000000001,-0.14563799999999993
Q;N,K;I,"127,37",-0.879274,3.87347,-4.752744
T;R,M;T,"29,90",-0.879401,-13.69049,12.811089
Q;S,I;Y,"127,269",-0.879457,1.375655,-2.255112
D;A,V;L,"186,65",-0.879573,3.06988,-3.949453
K;L,F;F,"253,117",-0.880558,-5.05797,4.177412
L;S,M;Y,"216,269",-0.881357,0.7377949999999999,-1.6191519999999997
K;S,F;T,"253,214",-0.881357,-3.075358,2.194001
T;F,V;M,"72,191",-0.881507,1.5061520000000002,-2.387659
S;K,D;L,"58,253",-0.881702,0.8161799999999999,-1.697882
S;L,M;Q,"238,216",-0.882067,3.87847,-4.760537
T;R,K;P,"88,90",-0.882952,-13.729130000000001,12.846178000000002
L;S,Q;E,"216,121",-0.883246,-5.46489,4.581644
A;R,F;P,"65,90",-0.883922,-13.829180000000001,12.945258
T;R,V;A,"72,90",-0.884179,-4.836829999999999,3.952650999999999
Q;T,W;Y,"133,189",-0.88644,2.1475720000000003,-3.034012
R;N,P;K,"280,233",-0.888078,1.619162,-2.50724
H;M,M;V,"104,154",-0.888128,-1.71187,0.823742
S;S,A;Y,"124,242",-0.888206,3.3314700000000004,-4.219676000000001
Q;A,V;D,"127,226",-0.888799,-5.34499,4.4561910000000005
N;Q,T;I,"190,182",-0.889583,0.3825900000000001,-1.272173
R;R,L;Q,"53,224",-0.890363,2.379911,-3.2702739999999997
R;L,S;F,"90,117",-0.890434,-8.48811,7.597676000000001
H;I,L;L,"104,145",-0.89078,2.8952799999999996,-3.7860599999999995
R;S,D;P,"90,188",-0.890862,-12.729524999999999,11.838662999999999
S;S,K;Y,"124,269",-0.891199,1.957265,-2.848464
R;S,S;Q,"90,188",-0.891453,-7.61637,6.724917
A;N,T;Y,"180,37",-0.891665,2.264231,-3.1558960000000003
R;L,Q;W,"132,216",-0.892243,3.02269,-3.914933
Q;Q,V;Y,"127,119",-0.892609,-3.3167,2.4240909999999998
H;N,L;T,"104,190",-0.89307,2.73089,-3.6239600000000003
Q;S,W;D,"133,58",-0.893969,3.87219,-4.766159
T;Q,D;I,"88,182",-0.894238,1.2265899999999998,-2.120828
T;S,M;Y,"51,242",-0.89535,2.50332,-3.39867
F;T,E;V,"271,72",-0.895959,3.87966,-4.775619
T;I,K;R,"88,168",-0.896725,-13.471530000000001,12.574805000000001
N;A,I;M,"37,65",-0.8971,3.12843,-4.02553
L;S,Q;V,"216,223",-0.897842,2.80612,-3.7039619999999998
P;K,D;L,"197,252",-0.89798,2.81693,-3.71491
S;A,N;D,"124,226",-0.898099,-2.4533200000000006,1.5552210000000006
I;L,V;F,"200,117",-0.898441,-1.02001,0.12156900000000004
D;Q,L;N,"220,133",-0.899477,3.2058299999999997,-4.105307
Q;S,E;E,"133,207",-0.899607,3.49092,-4.3905270000000005
K;S,Y;E,"253,136",-0.900159,-2.195646,1.295487
Q;R,E;Q,"133,132",-0.900182,3.7446699999999997,-4.644852
S;S,Y;H,"269,187",-0.901842,-0.8714870000000001,-0.03035499999999991
Q;Q,V;Y,"182,119",-0.902834,-6.72462,5.8217859999999995
F;T,M;Q,"271,88",-0.903638,3.36588,-4.269518000000001
R;N,T;Y,"90,37",-0.904385,-6.071949,5.1675640000000005
K;S,L;E,"253,136",-0.90441,-0.763726,-0.14068400000000003
Q;T,V;N,"127,88",-0.904659,2.38376,-3.288419
A;Q,F;A,"65,127",-0.905178,1.728576,-2.6337539999999997
A;T,V;L,"65,72",-0.905505,3.4561200000000003,-4.361625
H;R,T;S,"104,90",-0.905803,-4.5376900000000004,3.6318870000000003
S;K,A;V,"124,253",-0.90675,0.3713900000000001,-1.27814
I;T,V;M,"200,29",-0.906815,-5.64424,4.737425
S;Q,K;E,"124,127",-0.907729,4.15291,-5.060639
S;R,E;P,"115,90",-0.909375,-13.31532,12.405945
H;T,R;M,"104,29",-0.910958,-5.73639,4.825432
S;P,A;L,"124,38",-0.911748,3.524,-4.435748
L;T,M;N,"216,88",-0.91293,2.62947,-3.5423999999999998
R;S,V;F,"34,238",-0.913122,2.4304500000000004,-3.3435720000000004
N;S,T;H,"190,187",-0.913787,1.0009780000000001,-1.914765
T;K,L;F,"72,253",-0.91605,-1.3956000000000002,0.47955000000000014
L;T,I;Y,"216,189",-0.91614,1.586442,-2.502582
I;A,L;D,"145,226",-0.916694,-5.26353,4.346836000000001
G;S,A;Y,"165,269",-0.917163,-5.319475,4.402312
K;N,F;K,"253,233",-0.91796,-2.421208,1.5032480000000001
N;K,Y;L,"37,253",-0.9184,-0.376559,-0.541841
R;S,N;K,"132,58",-0.918748,3.11631,-4.035058
M;L,V;F,"154,117",-0.918981,-5.31461,4.395629
S;T,E;Q,"115,88",-0.919885,2.90825,-3.8281349999999996
G;S,K;M,"243,238",-0.920382,5.2674,-6.187782
R;N,K;T,"53,190",-0.921019,2.3571,-3.2781190000000002
R;S,N;H,"90,214",-0.921066,-14.72532,13.804254
S;T,K;D,"124,88",-0.921575,4.67373,-5.595305
R;R,P;Q,"90,224",-0.921621,-14.213199000000001,13.291578000000001
S;S,F;P,"238,188",-0.922171,-1.047065,0.12489399999999995
L;R,Q;D,"216,90",-0.922457,-10.86453,9.942073
A;I,D;H,"226,168",-0.922543,-8.31582,7.393277
K;C,L;A,"252,289",-0.922753,1.1585912,-2.0813442
D;T,V;N,"186,88",-0.923736,2.94883,-3.872566
Q;L,I;M,"127,216",-0.923738,3.57676,-4.500498
A;R,L;P,"65,90",-0.924676,-13.73323,12.808554
Q;I,K;H,"127,168",-0.924996,0.26469999999999994,-1.189696
S;L,A;E,"124,216",-0.925555,3.4554,-4.380955
Q;Q,I;A,"182,127",-0.925702,-0.21476399999999995,-0.7109380000000001
A;R,P;S,"152,90",-0.925857,-4.35627,3.430413
F;I,W;R,"271,168",-0.925883,-12.87036,11.944477
S;I,A;L,"124,145",-0.927371,3.4480500000000003,-4.375421
T;Q,L;T,"72,91",-0.927408,2.63023,-3.557638
N;Q,I;Y,"37,119",-0.927988,-2.6787600000000005,1.7507720000000004
T;M,M;V,"29,154",-0.928323,-9.93884,9.010517
N;I,I;H,"37,168",-0.92872,0.11458999999999997,-1.04331
I;S,V;W,"200,58",-0.929919,2.46099,-3.3909089999999997
D;S,V;P,"186,188",-0.931103,1.592985,-2.524088
D;P,L;D,"220,197",-0.931212,3.55931,-4.490522
R;A,L;E,"53,152",-0.931245,2.74517,-3.676415
G;T,Q;Y,"243,189",-0.931449,4.025352,-4.956801
Q;I,V;H,"182,168",-0.931703,-3.93127,2.999567
S;I,V;L,"58,111",-0.932138,3.20201,-4.134148
Q;R,N;Q,"127,132",-0.93236,4.00456,-4.93692
D;S,V;K,"186,58",-0.932467,2.93408,-3.8665469999999997
P;Q,D;M,"197,127",-0.93286,2.050667,-2.9835269999999996
S;R,E;P,"207,90",-0.93359,-13.61622,12.68263
S;K,W;L,"58,253",-0.934752,0.11013000000000006,-1.044882
T;Q,V;T,"198,127",-0.935175,2.272194,-3.207369
A;I,F;R,"65,168",-0.935516,-13.57158,12.636064000000001
S;R,N;D,"124,90",-0.935943,-8.418289999999999,7.482346999999999
T;D,D;V,"88,186",-0.936455,3.77362,-4.710075
Q;R,K;L,"127,53",-0.938182,3.5906000000000002,-4.5287820000000005
N;A,I;D,"37,226",-0.938314,-4.707050000000001,3.7687360000000005
S;N,V;H,"58,205",-0.939308,2.5751910000000002,-3.5144990000000003
S;S,W;P,"58,188",-0.939424,0.9766050000000001,-1.916029
A;S,N;V,"226,223",-0.940575,2.5778,-3.518375
S;F,K;E,"124,271",-0.941244,5.34792,-6.289164
F;Q,M;F,"271,182",-0.941312,0.03088000000000024,-0.9721920000000003
Q;G,L;A,"127,243",-0.941365,3.00901,-3.950375
A;R,E;P,"152,90",-0.941423,-13.847940000000001,12.906517000000001
D;Q,V;A,"186,127",-0.941704,2.332266,-3.2739700000000003
A;T,V;Y,"65,189",-0.942076,2.2561820000000004,-3.1982580000000005
L;N,Q;Y,"216,37",-0.942237,2.354911,-3.297148
G;T,Q;V,"243,198",-0.942859,5.43821,-6.381069
S;R,V;A,"58,280",-0.944848,1.266723,-2.211571
S;F,K;M,"124,191",-0.945181,2.974412,-3.919593
N;N,K;K,"138,114",-0.945428,-0.05115000000000003,-0.894278
A;A,N;L,"226,65",-0.946483,2.72192,-3.6684029999999996
R;R,K;P,"53,90",-0.946744,-13.79801,12.851265999999999
S;F,N;M,"124,271",-0.946814,6.2720199999999995,-7.218833999999999
Q;R,I;Q,"127,132",-0.946865,3.75914,-4.706005
F;R,W;P,"271,90",-0.947251,-13.12796,12.180709
S;S,T;Y,"121,269",-0.947365,0.580445,-1.5278100000000001
A;H,P;T,"152,104",-0.947402,3.4651199999999998,-4.412522
H;I,T;H,"104,168",-0.947736,-0.10524,-0.842496
R;N,S;H,"90,205",-0.949489,-5.245379,4.29589
Q;T,W;V,"133,198",-0.949754,3.56043,-4.510184000000001
R;T,V;V,"34,198",-0.949858,4.84841,-5.798268
Q;T,T;Y,"127,189",-0.950019,0.8593360000000001,-1.809355
L;T,Q;M,"216,29",-0.95024,-5.26363,4.31339
A;Q,D;Y,"226,119",-0.951077,-11.10917,10.158093000000001
D;K,Q;L,"220,253",-0.951349,1.80564,-2.756989
K;L,L;F,"253,117",-0.952019,-3.37087,2.418851
R;S,L;E,"53,207",-0.952127,2.97689,-3.929017
Q;R,T;S,"91,90",-0.953214,-4.90311,3.949896
R;Q,L;Y,"53,119",-0.95376,-2.9616300000000004,2.0078700000000005
Q;A,A;D,"127,226",-0.955715,-6.0252740000000005,5.069559000000001
R;A,Q;N,"132,226",-0.956096,3.0926799999999997,-4.048775999999999
L;A,F;F,"216,65",-0.956148,2.47454,-3.430688
N;M,K;L,"138,262",-0.957003,-7.54513,6.588127
S;I,K;R,"58,168",-0.958434,-13.61143,12.652996
A;I,D;R,"226,168",-0.960049,-21.32543,20.365381
Q;Q,E;I,"133,182",-0.961008,1.3346199999999997,-2.295628
T;Q,V;F,"72,182",-0.961871,-0.9050699999999998,-0.05680100000000021
A;T,V;V,"65,198",-0.9619,3.66904,-4.63094
D;C,L;A,"220,289",-0.961957,1.9009712,-2.8629282
T;K,V;F,"72,253",-0.962059,-1.52874,0.566681
D;R,L;P,"220,280",-0.962644,3.2770099999999998,-4.239654
A;A,M;D,"135,226",-0.962756,-5.00591,4.043154
D;L,Q;Q,"220,216",-0.963645,4.53711,-5.500755
F;L,M;F,"271,216",-0.964177,3.4460300000000004,-4.410207000000001
R;T,V;V,"34,72",-0.964278,4.50235,-5.466628
T;Q,E;T,"270,91",-0.964482,4.802569999999999,-5.767052
Q;F,E;W,"133,271",-0.965733,3.9791799999999995,-4.944913
T;S,V;Y,"72,242",-0.966743,2.40928,-3.376023
S;R,K;S,"58,90",-0.96689,-5.03427,4.06738
S;L,E;W,"115,216",-0.967538,3.06984,-4.037378
S;S,N;V,"124,58",-0.968571,5.75644,-6.725010999999999
R;L,N;W,"132,216",-0.968689,3.3419,-4.310589
N;Q,T;Y,"190,119",-0.969112,-3.39963,2.430518
R;Q,N;Y,"132,119",-0.969151,-2.5694000000000004,1.6002490000000003
N;A,T;W,"190,65",-0.97028,2.27308,-3.24336
T;N,L;K,"72,138",-0.970954,2.6367,-3.6076539999999997
Q;S,V;Y,"127,269",-0.971075,0.492085,-1.46316
A;N,M;T,"135,190",-0.972013,2.7036300000000004,-3.6756430000000004
N;S,K;P,"233,188",-0.972392,0.13236699999999998,-1.104759
R;Q,L;V,"53,182",-0.97289,-0.60537,-0.36752000000000007
T;A,K;D,"88,226",-0.973147,-5.2835600000000005,4.3104130000000005
S;K,M;V,"238,253",-0.975552,0.4378399999999998,-1.4133919999999998
N;Q,I;I,"37,182",-0.976601,1.10346,-2.080061
S;R,W;A,"58,90",-0.976717,-4.885059999999999,3.9083429999999995
L;S,I;T,"216,214",-0.976998,1.106622,-2.08362
L;I,Q;L,"216,111",-0.977493,3.23015,-4.207643
S;C,M;A,"238,289",-0.97839,2.1242311999999997,-3.1026211999999997
S;K,K;L,"124,253",-0.978564,1.62662,-2.605184
S;K,M;L,"238,253",-0.978742,1.1469999999999998,-2.125742
A;Q,V;L,"65,182",-0.979314,0.40256000000000025,-1.3818740000000003
A;M,W;V,"65,154",-0.979568,-1.87377,0.8942019999999999
S;L,E;F,"115,216",-0.980106,2.9884,-3.968506
H;L,L;W,"104,216",-0.980394,2.96094,-3.941334
S;H,D;R,"58,104",-0.980631,3.07489,-4.055521
D;S,N;Y,"186,269",-0.980677,-0.7175391000000001,-0.2631378999999999
S;R,E;L,"115,53",-0.981516,3.27779,-4.2593060000000005
L;E,D;K,"249,231",-0.981673,2.6674499999999997,-3.6491229999999995
S;T,V;Q,"58,88",-0.982905,2.8503,-3.833205
S;I,E;H,"115,168",-0.982947,-0.0481100000000001,-0.9348369999999999
A;R,M;S,"65,90",-0.98332,-4.91279,3.9294700000000002
S;I,K;H,"58,168",-0.985933,-0.60182,-0.3841129999999999
T;Q,M;T,"51,127",-0.986121,2.020174,-3.0062949999999997
Q;A,E;F,"133,65",-0.986263,3.2779599999999998,-4.264222999999999
Q;Q,N;M,"133,127",-0.986419,1.697187,-2.683606
L;A,W;L,"216,65",-0.986512,2.65193,-3.638442
T;S,M;H,"51,214",-0.986559,-0.85252,-0.13403900000000002
Q;T,T;Y,"91,189",-0.986797,1.430292,-2.417089
A;Q,M;I,"65,182",-0.986966,0.50853,-1.4954960000000002
R;T,V;M,"34,51",-0.987314,4.59639,-5.583704000000001
T;N,V;K,"198,138",-0.987722,2.84962,-3.8373419999999996
S;K,W;Y,"58,253",-0.988177,-1.3217899999999998,0.3336129999999998
S;K,T;L,"121,253",-0.989155,0.24980000000000002,-1.238955
T;N,K;T,"88,190",-0.989355,2.42598,-3.415335
A;R,D;A,"226,280",-0.98938,-6.943037,5.953657000000001
G;S,Q;A,"243,124",-0.989451,6.014340000000001,-7.0037910000000005
T;S,N;K,"88,58",-0.989619,2.3052900000000003,-3.2949090000000005
S;M,Y;L,"242,262",-0.989707,-7.63941,6.649703
D;S,Q;P,"220,188",-0.989877,2.672115,-3.6619919999999997
G;I,A;R,"243,168",-0.990165,-13.29738,12.307215000000001
D;R,Q;A,"220,90",-0.991253,-3.1895499999999997,2.1982969999999997
Q;N,T;K,"91,114",-0.991254,-0.057620000000000005,-0.933634
L;I,E;R,"216,168",-0.99165,-13.44415,12.4525
R;R,N;S,"132,90",-0.992287,-4.208500000000001,3.2162130000000007
S;L,A;I,"124,216",-0.993253,3.57543,-4.568683
D;I,Q;L,"220,145",-0.993369,4.17314,-5.166509
T;Q,E;T,"270,127",-0.994037,4.2316139999999995,-5.225650999999999
Q;A,I;W,"127,65",-0.994237,3.23958,-4.233817
S;R,K;L,"124,53",-0.994747,4.26773,-5.2624770000000005
I;R,V;N,"200,90",-0.994871,-11.26954,10.274669
R;A,N;M,"132,65",-0.99506,3.23779,-4.23285
T;Q,N;I,"88,182",-0.995742,0.40180000000000005,-1.397542
L;N,M;T,"216,190",-0.995771,2.6102600000000002,-3.606031
R;A,L;F,"53,65",-0.995863,2.76393,-3.759793
A;T,N;K,"226,88",-0.996236,2.72602,-3.7222560000000002
L;L,Q;F,"216,117",-0.996474,-0.6394,-0.357074
T;L,E;E,"270,216",-0.996976,4.83869,-5.835666
T;Q,N;V,"88,182",-0.99708,-1.02416,0.027079999999999993
A;S,N;Q,"226,188",-0.99716,0.0040199999999999125,-1.00118
H;T,T;Q,"104,88",-0.997177,2.85112,-3.8482969999999996
P;S,D;F,"197,238",-0.997243,0.72203,-1.7192729999999998
M;F,L;M,"262,191",-0.997443,-8.542538,7.545095000000001
S;A,A;V,"124,65",-0.997733,4.24517,-5.242903
R;S,P;T,"90,214",-0.997862,-15.340258,14.342396
Q;Q,K;I,"127,182",-0.998161,1.2535699999999999,-2.251731
Q;N,T;K,"127,114",-0.998531,-0.6285759999999999,-0.36995500000000003
S;L,N;F,"124,216",-0.998607,5.40483,-6.403436999999999
T;S,M;Y,"29,269",-0.999722,-7.664455,6.664733
S;S,P;H,"245,214",-1.00022,-0.8187099999999998,-0.18151000000000028
R;Q,A;L,"90,182",-1.00023,-7.757249999999999,6.757019999999999
L;D,W;N,"216,186",-1.00026,1.3849759,-2.3852358999999996
T;N,N;H,"88,205",-1.00032,2.094181,-3.094501
G;Q,L;M,"243,127",-1.00057,4.136057,-5.136627
R;S,A;T,"90,214",-1.00075,-6.383448,5.3826979999999995
H;R,M;A,"104,90",-1.00208,-4.763319999999999,3.761239999999999
A;Q,P;V,"152,127",-1.00358,3.04701,-4.05059
A;S,M;Y,"135,269",-1.00391,0.831165,-1.8350750000000002
Q;S,I;H,"127,187",-1.00481,1.967478,-2.972288
H;N,T;T,"104,190",-1.00603,2.78266,-3.78869
R;Q,N;I,"132,182",-1.00607,1.2128199999999998,-2.21889
Q;Q,E;K,"133,127",-1.00614,4.10463,-5.1107700000000005
Q;H,E;T,"133,104",-1.00669,3.7346899999999996,-4.7413799999999995
N;I,I;R,"37,168",-1.00687,-12.89502,11.888150000000001
R;N,Q;T,"132,190",-1.00755,2.79264,-3.8001899999999997
N;S,Y;Y,"37,269",-1.00854,-0.04591400000000001,-0.962626
S;A,A;T,"124,180",-1.00856,3.72134,-4.7299
Q;A,E;M,"133,65",-1.00923,3.35959,-4.3688199999999995
N;T,I;Q,"37,88",-1.01028,3.07095,-4.08123
S;F,W;M,"58,191",-1.01051,1.4579220000000002,-2.468432
T;R,N;A,"88,280",-1.01061,0.7857130000000001,-1.7963230000000001
A;N,L;T,"65,190",-1.01077,2.42188,-3.4326499999999998
S;D,N;L,"124,220",-1.01156,6.10145,-7.11301
H;L,T;F,"104,216",-1.01265,2.93127,-3.9439200000000003
H;R,L;L,"104,53",-1.01382,3.16889,-4.18271
T;R,D;N,"88,90",-1.01504,-10.57329,9.558250000000001
G;K,L;L,"243,252",-1.01606,4.90232,-5.918379999999999
T;G,E;K,"270,243",-1.01617,6.584239999999999,-7.600409999999999
L;N,W;H,"216,205",-1.0167,2.305021,-3.321721
L;Q,F;I,"216,182",-1.01689,0.5312,-1.5480900000000002
F;H,E;M,"271,104",-1.01787,3.95317,-4.97104
T;N,D;H,"88,205",-1.01802,2.918971,-3.936991
F;L,E;F,"271,117",-1.01915,0.3504299999999998,-1.3695799999999998
N;I,H;H,"205,168",-1.01973,-0.812929,-0.206801
A;I,M;H,"65,168",-1.02024,-0.48034,-0.5399
S;F,D;M,"58,191",-1.02162,2.163972,-3.1855919999999998
Q;N,N;K,"127,114",-1.02249,1.0186800000000003,-2.04117
S;L,P;E,"245,216",-1.02517,2.66106,-3.68623
S;L,N;W,"124,216",-1.02655,5.486269999999999,-6.51282
M;N,L;T,"154,190",-1.02664,2.5355600000000003,-3.5622000000000003
S;R,K;A,"124,90",-1.02679,-3.3685699999999996,2.3417799999999995
R;M,N;V,"90,154",-1.02775,-15.56414,14.53639
Q;N,A;H,"127,205",-1.02827,1.477617,-2.505887
F;R,W;L,"271,53",-1.02833,3.46515,-4.49348
S;C,A;A,"124,289",-1.02905,2.0577812,-3.0868311999999998
F;A,W;N,"271,226",-1.02935,3.32719,-4.35654
Q;A,N;E,"127,152",-1.03058,3.5190900000000003,-4.549670000000001
D;H,Q;R,"220,104",-1.03253,4.06435,-5.0968800000000005
Q;N,W;K,"133,233",-1.03337,2.321902,-3.3552720000000003
R;S,A;E,"90,121",-1.0334,-13.19155,12.15815
F;S,E;T,"271,214",-1.03439,2.333042,-3.367432
S;Q,M;T,"238,127",-1.03451,2.914774,-3.949284
S;Q,V;V,"58,127",-1.03475,2.86477,-3.89952
S;Q,T;L,"124,127",-1.03525,3.60479,-4.64004
Q;T,N;Y,"127,189",-1.03566,2.5065920000000004,-3.5422520000000004
S;N,E;T,"207,190",-1.03675,2.5388900000000003,-3.5756400000000004
F;N,E;Y,"271,37",-1.03805,3.344741,-4.382791
G;D,L;L,"243,220",-1.03856,5.6447,-6.683260000000001
T;S,D;K,"88,58",-1.0392,3.13008,-4.16928
H;R,T;L,"104,53",-1.03948,3.22066,-4.26014
M;S,L;Y,"154,269",-1.04129,0.6630949999999999,-1.7043849999999998
S;S,E;H,"207,214",-1.04177,-0.7691399999999999,-0.27263000000000015
S;A,N;M,"124,135",-1.04192,5.67823,-6.72015
R;Q,L;V,"53,127",-1.04193,2.80255,-3.84448
R;S,S;Y,"90,269",-1.04262,-6.911195,5.868575
T;N,Q;H,"88,205",-1.04316,2.143431,-3.186591
Q;T,K;Q,"127,88",-1.04522,3.22106,-4.26628
R;K,P;L,"280,252",-1.04569,2.53463,-3.58032
F;S,E;D,"271,58",-1.04698,4.5374799999999995,-5.58446
A;T,M;N,"65,88",-1.04709,2.4267700000000003,-3.47386
R;I,Q;L,"132,145",-1.04755,2.9570299999999996,-4.00458
H;R,T;P,"104,90",-1.04781,-13.37245,12.32464
Q;R,I;K,"127,53",-1.04808,3.3236,-4.37168
I;A,V;F,"200,65",-1.04861,2.47368,-3.52229
K;S,Y;Q,"253,188",-1.04875,-3.93105,2.8823
S;R,D;A,"58,90",-1.05077,-4.17901,3.12824
A;M,F;V,"65,154",-1.05078,-1.82092,0.77014
R;A,S;D,"90,226",-1.05079,-12.748270000000002,11.697480000000002
L;A,F;D,"216,226",-1.05105,-5.279310000000001,4.228260000000001
R;A,L;D,"53,226",-1.05299,-4.989920000000001,3.9369300000000003
I;T,L;M,"145,29",-1.05337,-5.6276,4.57423
N;R,T;Q,"190,224",-1.0537,1.9419110000000002,-2.9956110000000002
N;S,K;W,"138,58",-1.05383,2.45533,-3.50916
R;N,V;Y,"34,37",-1.05432,3.9674310000000004,-5.021751
A;S,V;F,"65,238",-1.05476,1.2510800000000002,-2.30584
L;Q,W;I,"216,182",-1.05502,0.61264,-1.6676600000000001
L;S,Q;T,"216,121",-1.05548,2.9812700000000003,-4.0367500000000005
C;R,L;D,"289,90",-1.05553,-11.13067,10.075140000000001
Q;Q,T;L,"91,182",-1.05558,-0.42333,-0.63225
L;S,F;P,"117,188",-1.05656,-2.504395,1.4478350000000002
Q;T,W;V,"133,72",-1.0566,3.21437,-4.27097
Q;A,I;F,"127,65",-1.05714,3.29243,-4.34957
F;N,M;T,"271,190",-1.05723,3.2974200000000002,-4.35465
G;T,Q;M,"243,51",-1.05738,5.18619,-6.24357
S;N,A;K,"124,138",-1.05794,3.42575,-4.48369
N;R,K;D,"138,90",-1.0589,-11.2508,10.1919
T;N,D;I,"88,37",-1.05946,3.84649,-4.905950000000001
G;S,A;P,"165,188",-1.05952,-4.783645,3.724125
N;S,K;F,"138,238",-1.0599,0.43165999999999993,-1.49156
R;Q,S;Y,"90,119",-1.06007,-10.71998,9.65991
A;N,V;K,"65,233",-1.06015,2.4305120000000002,-3.4906620000000004
G;T,K;L,"243,72",-1.06044,4.4119,-5.47234
T;I,D;L,"88,145",-1.06095,3.2900099999999997,-4.35096
R;G,A;A,"90,165",-1.06145,-10.645309999999998,9.583859999999998
Q;I,Y;H,"119,168",-1.06265,-6.28753,5.224880000000001
R;S,A;E,"90,136",-1.06353,-5.758915999999999,4.695385999999999
N;S,I;Y,"37,269",-1.06357,1.1300249999999998,-2.1935949999999997
R;S,A;Q,"90,188",-1.06397,-7.49432,6.43035
S;S,N;P,"124,188",-1.06427,3.9195849999999997,-4.983855
G;S,Q;F,"243,238",-1.06429,3.02025,-4.08454
T;Q,Q;I,"88,182",-1.06451,0.45105000000000006,-1.5155600000000002
A;S,D;Y,"226,269",-1.06508,-7.300385,6.235305
T;S,K;Y,"88,269",-1.06533,0.5535149999999999,-1.6188449999999999
S;R,P;A,"245,90",-1.06542,-4.7089799999999995,3.6435599999999995
N;T,I;N,"37,88",-1.06612,3.0217,-4.08782
F;R,E;D,"271,90",-1.0662,-9.8747,8.8085
A;K,F;Y,"65,253",-1.06644,-1.3091,0.24265999999999988
Q;S,W;T,"133,214",-1.06662,1.6677520000000001,-2.734372
Q;S,E;V,"133,58",-1.06715,3.7338699999999996,-4.801019999999999
Q;D,E;V,"133,186",-1.06718,3.8816499999999996,-4.948829999999999
S;L,K;I,"124,216",-1.06725,4.1215,-5.188750000000001
S;S,D;P,"58,188",-1.06734,1.682655,-2.749995
R;N,A;K,"90,233",-1.06837,-5.729298,4.660928
R;L,A;F,"90,117",-1.06856,-8.36606,7.297499999999999
M;S,L;H,"262,214",-1.06872,-10.99525,9.92653
Q;T,N;L,"127,72",-1.06897,3.70653,-4.7755
D;G,L;A,"220,243",-1.06989,3.44536,-4.51525
Q;A,K;E,"127,152",-1.07059,3.17815,-4.24874
F;N,W;T,"271,190",-1.07094,3.02715,-4.09809
D;F,N;M,"186,191",-1.07263,0.29960790000000004,-1.3722379
A;N,F;T,"65,190",-1.0727,2.32593,-3.39863
D;R,V;L,"186,53",-1.07295,3.36762,-4.44057
Q;A,E;P,"133,152",-1.07399,3.9161099999999998,-4.9901
A;T,T;L,"180,72",-1.07409,2.93229,-4.00638
A;M,V;L,"65,262",-1.0748,-6.725709999999999,5.65091
S;M,T;V,"121,154",-1.07495,-1.69394,0.6189899999999999
M;S,V;H,"154,187",-1.07516,-3.1458720000000002,2.0707120000000003
T;A,Q;D,"88,226",-1.07571,-5.35946,4.28375
Q;Q,K;L,"127,182",-1.07596,0.31203000000000003,-1.38799
R;H,K;R,"53,104",-1.07602,2.4127,-3.48872
R;R,Q;A,"224,280",-1.07618,0.42679399999999995,-1.5029739999999998
S;R,V;T,"223,90",-1.07632,-5.6207400000000005,4.544420000000001
S;S,P;P,"245,188",-1.07649,1.1526850000000002,-2.229175
I;K,L;L,"111,253",-1.07655,0.49868,-1.57523
H;N,R;K,"104,233",-1.07746,1.524602,-2.602062
H;S,R;T,"104,214",-1.07784,0.870452,-1.948292
R;K,N;L,"90,253",-1.07785,-13.6204,12.54255
Q;K,L;L,"182,253",-1.07823,-2.76206,1.68383
G;Q,Q;L,"243,182",-1.07905,2.17173,-3.2507800000000002
R;N,P;H,"90,205",-1.08064,-14.080139,12.999499
T;Q,V;T,"198,91",-1.08201,2.8431499999999996,-3.9251599999999995
R;L,L;M,"53,216",-1.08229,3.04826,-4.1305499999999995
D;R,V;P,"186,90",-1.08302,-13.22549,12.142470000000001
H;S,M;P,"104,188",-1.08304,1.0983450000000001,-2.181385
R;I,P;R,"280,168",-1.0831,-13.46573,12.38263
H;F,M;M,"104,191",-1.0834,1.5796620000000001,-2.663062
N;F,Y;M,"37,191",-1.08383,0.971233,-2.055063
A;T,V;M,"65,51",-1.08406,3.41702,-4.50108
A;I,M;R,"65,168",-1.08414,-13.48995,12.40581
S;Q,N;E,"124,133",-1.0844,6.20825,-7.29265
Q;I,V;H,"127,168",-1.08449,-0.52335,-0.56114
L;R,M;P,"216,90",-1.08521,-13.54485,12.45964
T;Q,D;V,"88,182",-1.08613,-0.19937000000000005,-0.88676
N;S,H;Y,"205,269",-1.0862,0.20250599999999996,-1.288706
S;S,Y;T,"242,214",-1.08638,0.862662,-1.949042
T;S,D;E,"88,115",-1.0865,3.68379,-4.77029
I;T,L;N,"145,88",-1.08689,2.46522,-3.55211
L;S,F;Y,"216,269",-1.0882,0.557765,-1.645965
D;S,Q;Y,"220,242",-1.08852,4.05656,-5.14508
S;Q,M;K,"238,127",-1.08879,4.22109,-5.30988
S;N,E;T,"115,190",-1.08885,2.83979,-3.9286399999999997
A;R,N;Q,"226,224",-1.08913,2.241951,-3.3310809999999997
D;L,L;I,"220,216",-1.09017,3.4186199999999998,-4.508789999999999
F;S,E;E,"271,121",-1.09066,-4.47506,3.3844000000000003
S;S,Y;Q,"242,188",-1.09101,-0.24821000000000004,-0.8428
G;K,S;L,"243,252",-1.09208,2.79805,-3.89013
L;N,E;K,"216,114",-1.0926,-0.021499999999999853,-1.0711000000000002
M;K,L;Y,"154,253",-1.09286,-1.09947,0.006610000000000005
A;L,P;F,"152,216",-1.09459,3.1126899999999997,-4.20728
R;D,N;V,"132,186",-1.09489,3.75985,-4.85474
Q;S,E;E,"133,115",-1.09494,3.7918199999999995,-4.88676
Q;N,I;H,"127,205",-1.09535,3.041471,-4.136821
M;Q,L;T,"262,127",-1.09559,-8.122556,7.026966
S;M,N;L,"124,262",-1.09572,-4.71262,3.6169000000000002
F;S,E;P,"271,245",-1.09584,4.00751,-5.10335
S;K,K;V,"124,253",-1.09608,0.9174599999999999,-2.01354
Q;R,I;Q,"127,224",-1.09639,2.908411,-4.0048010000000005
S;N,Y;K,"242,233",-1.09651,1.516812,-2.613322
A;K,P;Y,"152,253",-1.0966,-0.6709499999999999,-0.4256500000000001
Q;T,I;K,"127,88",-1.09698,3.39248,-4.48946
S;Q,N;W,"124,133",-1.097,6.10912,-7.20612
S;F,T;M,"121,191",-1.09701,1.5975920000000001,-2.694602
Q;M,W;L,"133,262",-1.09767,-6.83432,5.73665
L;D,Q;N,"216,186",-1.09782,1.6832859,-2.7811059
F;S,E;E,"271,136",-1.0988,2.9575739999999997,-4.056374
Q;S,L;P,"182,188",-1.09889,-1.8955849999999999,0.7966949999999999
Q;H,I;T,"127,104",-1.09906,3.74916,-4.8482199999999995
N;G,T;A,"190,165",-1.09913,-3.4470099999999997,2.34788
F;T,M;N,"271,88",-1.09918,3.31663,-4.4158100000000005
T;R,L;P,"72,280",-1.1009,2.64477,-3.7456699999999996
T;Q,N;A,"88,127",-1.10141,1.7034760000000002,-2.804886
D;F,Q;E,"220,271",-1.10218,5.52694,-6.6291199999999995
L;N,F;H,"216,205",-1.10252,2.2235810000000003,-3.3261010000000004
A;N,E;T,"152,190",-1.10294,2.30717,-3.4101100000000004
S;R,T;T,"121,90",-1.10319,-5.44559,4.3424000000000005
F;G,E;A,"271,165",-1.10336,-1.92882,0.8254600000000001
F;N,E;K,"271,233",-1.10358,2.987192,-4.090771999999999
A;I,M;V,"135,200",-1.10366,2.85138,-3.95504
Q;Q,N;I,"127,182",-1.10446,1.59451,-2.69897
F;A,M;N,"271,226",-1.10491,3.59746,-4.70237
R;H,N;T,"132,104",-1.10534,3.61289,-4.71823
S;K,A;F,"124,253",-1.10579,-0.6065499999999999,-0.49924000000000013
L;Q,I;L,"216,182",-1.1058,-0.26718,-0.8386199999999999
D;G,L;S,"220,243",-1.10701,3.5404299999999997,-4.64744
L;T,I;V,"216,72",-1.10803,2.6532400000000003,-3.7612700000000006
S;I,T;V,"121,200",-1.10877,2.60066,-3.7094300000000002
R;R,V;D,"34,90",-1.10893,-9.252009999999999,8.143079999999998
A;T,V;V,"65,72",-1.10992,3.3229800000000003,-4.4329
V;Q,C;M,"281,127",-1.10998,1.700117,-2.810097
R;Q,P;Y,"90,119",-1.1132,-19.554740000000002,18.441540000000003
S;M,M;V,"238,154",-1.11406,-0.7967400000000002,-0.3173199999999998
L;T,E;Y,"216,189",-1.1142,1.466412,-2.5806120000000004
R;Q,L;I,"53,182",-1.11448,0.82059,-1.93507
T;K,M;L,"29,253",-1.11614,-7.995100000000001,6.878960000000001
R;Q,A;M,"90,127",-1.11705,-5.580093,4.463043
S;Q,V;A,"58,127",-1.11776,2.184486,-3.3022460000000002
N;T,K;V,"138,72",-1.11802,2.5035600000000002,-3.6215800000000002
T;V,E;C,"270,281",-1.1181,4.74886,-5.86696
T;A,D;M,"88,65",-1.11954,3.25156,-4.3711
L;Q,F;A,"216,127",-1.12031,1.8328760000000002,-2.953186
I;S,V;Q,"200,188",-1.12051,-0.14827000000000012,-0.9722399999999998
S;S,E;H,"136,214",-1.12133,-1.868646,0.7473160000000001
G;I,S;R,"243,168",-1.12152,-13.20231,12.08079
Q;D,R;L,"127,220",-1.12183,4.23179,-5.35362
S;R,V;S,"58,90",-1.12336,-4.5385100000000005,3.4151500000000006
R;S,N;V,"132,58",-1.12395,3.61207,-4.73602
Q;Q,I;V,"127,182",-1.12411,-0.07687,-1.04724
Q;A,I;E,"127,152",-1.12415,3.27367,-4.39782
N;R,Y;A,"37,90",-1.12433,-5.371748999999999,4.247418999999999
T;A,N;D,"88,226",-1.12445,-5.40871,4.28426
S;R,M;A,"238,90",-1.12509,-3.8481899999999998,2.7230999999999996
I;D,V;N,"200,186",-1.1263,1.3026758999999999,-2.4289759
Q;S,N;F,"133,238",-1.12843,0.36854999999999993,-1.49698
R;S,L;K,"53,58",-1.12886,2.72408,-3.85294
I;N,R;H,"168,205",-1.12963,-13.822539,12.692909
S;R,K;P,"58,90",-1.12966,-13.86903,12.739370000000001
G;M,Q;L,"243,262",-1.12972,-4.95654,3.8268200000000006
R;Q,N;A,"132,127",-1.12993,2.514496,-3.644426
T;Q,E;N,"270,127",-1.1307,5.87887,-7.00957
Q;N,E;H,"133,205",-1.13093,3.027001,-4.157931
Q;A,E;D,"133,226",-1.13158,-4.475890000000001,3.3443100000000006
T;Q,D;V,"88,127",-1.13175,3.20855,-4.3403
D;A,Q;V,"220,65",-1.13249,4.97026,-6.1027499999999995
R;G,V;A,"34,165",-1.13264,-1.3061299999999996,0.17348999999999948
A;R,M;T,"135,90",-1.1327,-5.19487,4.06217
S;L,D;E,"58,216",-1.1348,3.19103,-4.32583
R;I,N;H,"132,168",-1.13494,0.22394999999999987,-1.35889
G;T,Q;V,"243,72",-1.13678,5.09215,-6.22893
T;K,M;F,"51,253",-1.13764,-1.4347,0.2970600000000001
S;M,V;V,"223,154",-1.13861,-1.8690900000000001,0.7304800000000002
R;I,S;H,"90,168",-1.13908,-7.92663,6.78755
R;Q,T;V,"90,182",-1.13933,-8.94187,7.80254
N;R,I;S,"37,90",-1.13965,-4.3178600000000005,3.1782100000000004
L;K,K;L,"249,252",-1.14132,3.15746,-4.29878
Q;R,V;A,"127,280",-1.1415,0.8494330000000001,-1.990933
R;M,D;V,"90,154",-1.1422,-15.53974,14.39754
L;S,F;K,"216,58",-1.14247,2.43469,-3.57716
A;R,N;K,"226,53",-1.14251,2.65714,-3.7996499999999997
S;N,T;K,"124,114",-1.14525,0.72105,-1.8663
L;N,I;K,"216,114",-1.14575,0.09853,-1.24428
S;S,H;E,"214,121",-1.14788,-9.30128,8.1534
A;L,P;W,"152,216",-1.14903,3.19413,-4.34316
T;N,M;K,"51,138",-1.1491,2.5976,-3.7466999999999997
R;S,V;V,"34,223",-1.14914,4.41864,-5.56778
S;K,T;L,"124,252",-1.14916,3.2987599999999997,-4.44792
S;F,P;M,"245,191",-1.14991,1.6340020000000002,-2.783912
A;S,M;Y,"65,269",-1.14993,0.535095,-1.685025
F;R,M;A,"271,280",-1.14997,1.7823030000000002,-2.9322730000000004
Q;R,V;P,"127,90",-1.15075,-13.790560000000001,12.63981
R;D,V;Q,"34,220",-1.1509,6.14963,-7.30053
Q;Q,A;Y,"127,119",-1.15128,-3.9969840000000003,2.8457040000000005
M;S,V;Q,"154,188",-1.15253,-4.44287,3.29034
R;S,V;D,"34,58",-1.15281,5.16017,-6.31298
T;R,D;N,"88,132",-1.15292,3.95585,-5.10877
A;F,E;M,"152,191",-1.1537,1.4518520000000001,-2.6055520000000003
A;S,N;H,"226,187",-1.15496,1.301018,-2.455978
G;N,K;K,"243,114",-1.15531,1.72405,-2.87936
S;S,V;H,"223,214",-1.156,-1.03027,-0.1257299999999999
Q;N,T;K,"91,233",-1.15651,1.604622,-2.761132
Q;R,A;A,"127,280",-1.15668,0.16914900000000005,-1.325829
T;Q,M;T,"51,91",-1.15939,2.5911299999999997,-3.75052
L;M,I;L,"216,262",-1.15998,-7.39545,6.23547
H;S,R;F,"104,238",-1.16015,0.34517,-1.50532
H;N,R;Y,"104,37",-1.16101,1.882151,-3.043161
R;Q,P;V,"90,182",-1.16132,-17.19848,16.03716
F;L,M;Q,"271,216",-1.16181,3.82578,-4.98759
Q;T,W;M,"133,51",-1.16223,3.3084100000000003,-4.47064
Q;F,I;W,"127,271",-1.16253,3.9936499999999997,-5.15618
S;Q,N;I,"124,127",-1.16376,6.22272,-7.38648
G;S,Q;K,"243,124",-1.16404,6.56041,-7.72445
Q;T,N;V,"127,198",-1.16451,3.9194500000000003,-5.08396
S;G,Y;A,"242,165",-1.16454,-3.3991999999999996,2.23466
T;P,E;D,"270,197",-1.16477,5.09941,-6.26418
Q;R,W;D,"133,90",-1.16583,-10.53999,9.37416
G;S,Q;W,"243,58",-1.16585,5.04392,-6.20977
G;K,A;L,"243,252",-1.16598,2.70298,-3.8689600000000004
V;N,C;K,"281,114",-1.16684,-0.11132999999999993,-1.0555100000000002
S;L,D;I,"58,216",-1.16722,3.31106,-4.47828
A;R,P;T,"152,90",-1.16737,-4.93442,3.7670500000000002
D;R,V;A,"186,280",-1.16817,1.414503,-2.5826729999999998
A;Q,N;V,"226,182",-1.16855,-0.74333,-0.42521999999999993
L;A,Q;W,"216,65",-1.16884,2.8014400000000004,-3.9702800000000007
R;S,V;W,"34,58",-1.16941,4.4541200000000005,-5.623530000000001
Q;R,K;N,"127,90",-1.16987,-10.54631,9.37644
N;K,Y;V,"37,253",-1.17005,-1.085719,-0.08433099999999993
L;Q,F;V,"216,127",-1.17042,2.51316,-3.68358
Q;T,N;M,"127,51",-1.17046,3.6674300000000004,-4.837890000000001
L;S,Q;Q,"216,188",-1.17195,0.23234,-1.40429
L;G,I;A,"216,165",-1.17245,-3.15524,1.98279
S;I,V;H,"58,168",-1.17258,-0.10606000000000004,-1.06652
R;D,T;N,"90,186",-1.17258,-6.7435741,5.5709941
A;A,N;W,"226,65",-1.1726,2.5731200000000003,-3.7457200000000004
Q;T,N;K,"127,88",-1.17293,3.6379,-4.81083
Q;H,K;L,"127,104",-1.17407,3.60187,-4.77594
Q;S,K;T,"127,121",-1.17414,3.32389,-4.49803
S;Q,A;N,"124,133",-1.17448,3.36264,-4.53712
R;R,Q;T,"132,90",-1.17483,-5.10586,3.93103
L;M,Q;L,"216,154",-1.17507,3.06392,-4.23899
R;Q,T;Y,"90,119",-1.1752,-11.29813,10.12293
N;R,K;N,"138,90",-1.17575,-11.2752,10.09945
L;A,F;M,"216,65",-1.1763,2.55617,-3.7324699999999997
L;Q,Q;L,"216,182",-1.17642,-0.030589999999999895,-1.1458300000000001
N;G,K;A,"138,165",-1.17644,-3.30492,2.12848
R;N,L;H,"53,205",-1.17679,2.5129710000000003,-3.6897610000000003
L;Q,W;V,"216,127",-1.17725,2.5946,-3.7718499999999997
Q;T,T;V,"91,72",-1.17771,2.49709,-3.6748000000000003
F;S,E;Q,"271,188",-1.17773,1.2221699999999998,-2.3998999999999997
H;T,R;N,"104,88",-1.17819,2.35643,-3.5346200000000003
Q;R,K;K,"127,53",-1.17869,3.2280800000000003,-4.40677
Q;N,I;I,"127,37",-1.17923,3.96899,-5.14822
A;N,M;T,"65,190",-1.17947,2.40756,-3.5870300000000004
G;Q,S;M,"243,127",-1.17985,2.031787,-3.211637
S;S,P;Y,"245,242",-1.1802,2.5371300000000003,-3.7173300000000005
A;T,P;N,"152,88",-1.1804,2.98329,-4.16369
N;S,Y;P,"37,188",-1.18142,0.489916,-1.671336
S;K,V;L,"223,253",-1.1819,0.07464999999999988,-1.2565499999999998
A;M,N;L,"226,154",-1.18194,2.8356,-4.01754
S;S,D;Y,"58,242",-1.18205,3.0671,-4.24915
T;K,V;V,"198,253",-1.18215,-0.20474000000000014,-0.9774099999999999
I;M,L;V,"111,154",-1.18264,-1.44506,0.2624200000000001
R;T,L;Q,"53,88",-1.18293,2.78808,-3.9710099999999997
L;H,Q;L,"216,104",-1.18344,3.2592499999999998,-4.44269
S;N,K;T,"58,190",-1.18507,2.28608,-3.47115
F;L,M;W,"271,216",-1.18573,3.52747,-4.7132000000000005
T;R,M;A,"29,90",-1.18598,-12.99029,11.80431
T;L,V;E,"198,216",-1.18627,2.87927,-4.06554
R;T,N;Q,"132,88",-1.18694,3.18031,-4.36725
D;F,Q;M,"220,191",-1.18738,3.153432,-4.340812
R;Q,P;M,"280,127",-1.18886,1.768367,-2.957227
M;R,V;Q,"154,224",-1.18892,-2.204939,1.016019
K;D,L;N,"253,186",-1.189,-1.0481841,-0.1408159
A;F,M;M,"135,191",-1.18947,1.8483120000000002,-3.037782
F;P,M;L,"271,38",-1.19025,3.5377600000000005,-4.72801
R;S,V;P,"34,245",-1.19048,4.6302,-5.82068
T;A,D;D,"88,226",-1.19149,-4.583920000000001,3.392430000000001
G;N,Q;K,"243,233",-1.19191,4.199682,-5.391592
L;S,E;T,"216,214",-1.19221,0.9865920000000001,-2.178802
Q;N,E;I,"133,37",-1.19224,3.9545199999999996,-5.14676
H;A,T;N,"104,226",-1.19239,3.0827,-4.2750900000000005
T;Q,D;L,"88,182",-1.19288,0.28505,-1.47793
H;M,L;V,"104,154",-1.19358,-1.41596,0.22238000000000002
A;N,P;T,"152,190",-1.19361,2.96408,-4.1576900000000006
Q;R,L;Q,"182,224",-1.19603,-0.898659,-0.29737099999999994
N;S,K;T,"138,214",-1.19693,0.956942,-2.153872
Q;T,L;N,"127,198",-1.19695,2.70614,-3.9030899999999997
S;S,M;T,"238,124",-1.19737,4.2644,-5.4617700000000005
Q;I,V;R,"127,168",-1.19767,-13.532960000000001,12.33529
L;R,I;D,"216,90",-1.19929,-11.10112,9.90183
S;S,E;P,"121,188",-1.19941,-7.329885,6.130475
A;M,L;V,"65,154",-1.19949,-1.7249700000000001,0.5254800000000002
S;R,Y;N,"242,90",-1.20022,-11.36948,10.16926
L;K,M;L,"216,253",-1.20024,0.4071499999999999,-1.6073899999999999
S;Q,P;T,"245,127",-1.20291,2.0539840000000003,-3.256894
S;F,E;M,"136,191",-1.20335,0.584066,-1.787416
I;T,L;Q,"145,88",-1.20376,2.51447,-3.71823
S;T,T;Y,"124,189",-1.20412,2.208962,-3.413082
G;H,Q;M,"243,104",-1.20459,5.16566,-6.37025
A;A,M;D,"65,226",-1.20555,-5.30198,4.096430000000001
H;A,L;N,"104,226",-1.20642,3.0309299999999997,-4.237349999999999
Q;S,N;F,"127,238",-1.20645,1.5014900000000002,-2.7079400000000002
I;I,L;V,"111,200",-1.20657,2.84954,-4.05611
I;A,L;N,"111,226",-1.20668,3.00183,-4.20851
T;R,D;D,"88,90",-1.20697,-10.54889,9.34192
K;T,L;N,"252,198",-1.20803,2.4001099999999997,-3.6081399999999997
A;A,T;L,"180,65",-1.2081,2.85956,-4.06766
S;M,E;V,"115,154",-1.2084,-1.30706,0.09866000000000019
A;K,M;L,"135,253",-1.20983,0.5005200000000001,-1.71035
I;D,L;N,"145,186",-1.21052,1.3193158999999999,-2.5298359
I;S,V;V,"200,223",-1.21088,2.42551,-3.63639
Q;S,K;E,"127,121",-1.21133,-5.12227,3.91094
H;G,R;A,"104,165",-1.21148,-3.3914099999999996,2.1799299999999997
Q;A,K;M,"127,135",-1.21187,3.57461,-4.78648
I;A,V;W,"200,65",-1.2134,2.42083,-3.63423
Q;T,I;N,"127,88",-1.21341,3.2673300000000003,-4.480740000000001
F;S,E;W,"271,58",-1.21357,3.83143,-5.045
Q;N,W;Y,"133,37",-1.21392,2.6794510000000002,-3.893371
A;S,V;W,"65,58",-1.21467,3.27475,-4.48942
R;N,P;K,"280,114",-1.21487,-0.04308000000000001,-1.1717899999999999
R;K,N;F,"90,253",-1.21499,-15.3075,14.092509999999999
S;S,E;Y,"115,269",-1.21542,0.9673249999999999,-2.1827449999999997
L;F,M;M,"216,191",-1.21546,1.754942,-2.970402
G;T,K;Y,"243,189",-1.21583,3.211962,-4.427792
R;Q,A;Y,"280,119",-1.21664,-4.914747,3.6981070000000003
S;S,N;E,"124,136",-1.21678,4.413984,-5.630764
N;S,I;V,"37,58",-1.21693,3.50271,-4.71964
L;T,I;M,"216,51",-1.21768,2.74728,-3.96496
Q;M,N;L,"127,262",-1.21826,-6.4753,5.25704
N;Q,T;V,"190,182",-1.21834,-1.04337,-0.17497000000000007
G;Q,K;L,"243,182",-1.22013,1.35834,-2.5784700000000003
T;Q,E;N,"270,133",-1.22179,4.7459299999999995,-5.96772
S;K,P;F,"245,253",-1.22317,-1.40089,0.17771999999999988
T;L,V;I,"198,216",-1.22327,2.9993,-4.22257
S;N,K;K,"124,138",-1.2234,3.97182,-5.19522
Q;R,L;A,"182,280",-1.22387,-2.074067,0.8501969999999999
M;I,L;V,"154,200",-1.22444,2.6833099999999996,-3.9077499999999996
S;L,K;E,"124,216",-1.2252,4.00147,-5.22667
S;T,V;N,"58,88",-1.22599,2.80105,-4.0270399999999995
T;Q,V;T,"72,127",-1.22612,1.9261340000000002,-3.152254
N;L,I;F,"37,216",-1.2273,3.1511,-4.3784
R;S,V;E,"34,136",-1.2277,3.580264,-4.807964
F;Q,W;F,"271,182",-1.22784,-0.23939,-0.98845
R;T,V;M,"34,29",-1.22799,-3.65111,2.42312
T;F,M;M,"29,191",-1.22897,-6.647308000000001,5.418338
Q;R,I;A,"182,280",-1.22921,-1.132527,-0.09668299999999985
G;G,Q;A,"243,165",-1.2293,-0.7163299999999997,-0.5129700000000004
R;K,K;L,"53,253",-1.22958,0.15399000000000007,-1.38357
A;T,T;M,"180,51",-1.2298,2.8931899999999997,-4.12299
D;A,V;N,"186,226",-1.22994,3.22966,-4.4596
Q;C,M;A,"127,289",-1.23002,0.3923282,-1.6223481999999998
S;A,K;V,"124,65",-1.2307,4.79124,-6.02194
R;S,T;T,"90,214",-1.23255,-7.083648,5.851098
N;R,I;P,"37,90",-1.23256,-13.15262,11.920060000000001
L;I,K;R,"249,168",-1.23272,-12.8429,11.61018
S;S,Y;E,"242,136",-1.23281,1.4871940000000001,-2.7200040000000003
G;T,K;V,"243,198",-1.23317,4.62482,-5.85799
G;S,K;A,"243,124",-1.2344,5.200950000000001,-6.435350000000001
Q;S,T;F,"91,238",-1.23468,0.42518999999999996,-1.65987
S;S,T;H,"121,214",-1.23482,-0.8551199999999999,-0.37970000000000015
T;C,E;A,"270,289",-1.23771,3.4410711999999997,-4.6787811999999995
H;S,M;Y,"104,242",-1.23908,2.48279,-3.72187
D;S,L;P,"220,125",-1.23931,3.20021,-4.43952
M;S,L;P,"154,188",-1.24199,1.198925,-2.440915
T;I,N;H,"88,168",-1.24244,-0.58707,-0.65537
A;A,N;E,"226,152",-1.24391,2.6072100000000002,-3.8511200000000003
D;I,V;L,"186,111",-1.24413,3.34979,-4.59392
S;S,V;Y,"223,269",-1.24414,0.40529499999999985,-1.649435
T;L,M;E,"51,216",-1.24441,2.62725,-3.8716600000000003
K;S,L;H,"253,187",-1.24716,-1.202132,-0.04502800000000007
A;T,T;V,"180,72",-1.24768,2.79915,-4.04683
R;S,N;P,"90,188",-1.24786,-12.753924999999999,11.506065
Q;T,N;V,"127,72",-1.24876,3.5733900000000003,-4.822150000000001
Q;S,K;Q,"127,188",-1.25056,0.5749599999999999,-1.8255199999999998
F;S,E;M,"271,238",-1.25106,4.8683,-6.1193599999999995
A;K,L;L,"65,253",-1.25124,0.2187699999999999,-1.4700099999999998
R;H,V;M,"34,104",-1.2514,4.5758600000000005,-5.827260000000001
L;R,Q;Q,"216,224",-1.25192,2.470271,-3.7221909999999996
F;T,E;M,"271,29",-1.25205,-4.2738000000000005,3.0217500000000004
S;R,K;A,"58,280",-1.25287,0.7709630000000001,-2.0238329999999998
Q;S,Y;Y,"119,269",-1.25324,-5.272095,4.018855
G;T,K;M,"243,51",-1.25342,4.3728,-5.62622
A;R,V;D,"65,90",-1.25366,-10.431379999999999,9.177719999999999
T;I,D;H,"88,168",-1.25401,0.23771999999999993,-1.49173
Q;S,T;W,"91,58",-1.25462,2.44886,-3.70348
T;N,Q;T,"88,190",-1.25563,2.35008,-3.60571
T;Q,M;T,"29,127",-1.25646,-6.227326000000001,4.970866000000001
G;D,Q;Q,"243,220",-1.25664,6.7394300000000005,-7.9960700000000005
S;S,N;H,"124,214",-1.25675,1.9481899999999999,-3.2049399999999997
R;K,Q;L,"132,253",-1.2578,0.5895299999999999,-1.84733
L;S,I;W,"216,58",-1.25791,2.60501,-3.86292
M;R,L;T,"154,90",-1.2585,-5.36294,4.10444
N;N,I;T,"37,190",-1.26065,3.00249,-4.26314
T;R,N;S,"88,90",-1.26095,-5.01952,3.7585699999999997
K;S,V;F,"253,238",-1.26198,-2.6227,1.36072
L;I,M;V,"216,200",-1.2621,2.7580099999999996,-4.02011
Q;N,V;T,"127,190",-1.26233,2.3645500000000004,-3.6268800000000003
D;L,Q;I,"220,216",-1.26254,4.30052,-5.56306
R;Q,P;A,"90,127",-1.2636,-14.470844,13.207244
N;L,I;W,"37,216",-1.26433,3.23254,-4.49687
A;M,E;V,"152,154",-1.26475,-1.83968,0.5749299999999999
S;A,Y;E,"242,152",-1.26478,2.3549800000000003,-3.6197600000000003
I;R,V;K,"200,53",-1.26536,2.5048500000000002,-3.7702100000000005
Q;L,T;F,"127,117",-1.26547,-1.6030959999999999,0.33762599999999976
Q;M,V;V,"182,154",-1.26626,-5.19022,3.92396
T;S,M;P,"29,188",-1.26639,-7.128625,5.862235
S;H,K;R,"124,104",-1.26653,3.8853299999999997,-5.151859999999999
R;M,Q;V,"132,154",-1.26713,-1.3542100000000001,0.08708000000000005
H;K,L;L,"104,253",-1.26734,0.5277799999999999,-1.7951199999999998
R;A,L;M,"53,65",-1.26785,2.84556,-4.11341
R;F,V;M,"34,271",-1.26934,5.4383,-6.70764
D;N,Q;K,"220,138",-1.26947,4.15084,-5.42031
Q;Q,E;V,"133,127",-1.26983,3.31658,-4.58641
I;S,V;H,"200,187",-1.27041,1.148728,-2.4191380000000002
Q;D,L;K,"127,263",-1.27045,2.87882,-4.1492700000000005
H;S,M;H,"104,214",-1.27085,-0.8730499999999999,-0.39780000000000015
R;S,T;H,"90,187",-1.27218,-6.897522,5.625342
L;A,Q;E,"216,152",-1.27236,2.8355300000000003,-4.10789
S;S,E;P,"207,188",-1.27255,1.202255,-2.474805
T;R,Q;D,"88,90",-1.27329,-11.32443,10.05114
A;S,V;E,"65,121",-1.27352,-5.031739999999999,3.7582199999999992
Q;G,N;A,"127,165",-1.27461,-2.2350899999999996,0.9604799999999996
T;I,N;R,"88,168",-1.27509,-13.596680000000001,12.32159
Q;V,L;D,"127,57",-1.27556,2.78795,-4.06351
S;N,Y;Y,"242,37",-1.27734,1.874361,-3.151701
F;R,E;N,"271,90",-1.27771,-9.8991,8.621390000000002
N;R,I;L,"37,53",-1.27814,3.44049,-4.71863
N;L,I;Q,"37,216",-1.27922,3.53085,-4.81007
I;Q,V;V,"200,182",-1.27933,-0.8956200000000001,-0.38371
T;V,L;C,"72,281",-1.27956,2.57652,-3.85608
L;S,Q;E,"216,207",-1.2803,3.06725,-4.34755
A;Q,N;Y,"226,119",-1.28102,-3.09959,1.81857
S;A,E;N,"115,226",-1.28175,3.13983,-4.42158
R;Q,L;L,"53,182",-1.28308,-0.12094999999999989,-1.16213
R;R,K;T,"53,90",-1.28341,-5.5414,4.25799
G;N,L;K,"243,114",-1.28366,2.32461,-3.60827
Q;R,K;D,"127,90",-1.28367,-10.52191,9.23824
A;S,N;E,"226,207",-1.28383,2.83893,-4.1227599999999995
S;T,Y;M,"242,29",-1.28418,-5.74418,4.46
R;L,L;W,"53,216",-1.28426,2.9496700000000002,-4.23393
A;T,V;M,"65,29",-1.28606,-4.83048,3.5444199999999997
L;N,I;Y,"216,37",-1.28641,2.118321,-3.404731
S;S,M;Y,"238,242",-1.2872,3.39792,-4.6851199999999995
Q;H,N;M,"127,104",-1.28751,3.6469000000000005,-4.934410000000001
S;H,P;R,"245,104",-1.28753,2.5449200000000003,-3.8324500000000006
T;I,V;L,"198,145",-1.28806,2.87192,-4.15998
S;A,N;N,"124,226",-1.28919,5.55626,-6.84545
K;N,V;K,"253,114",-1.28953,-3.1055099999999998,1.8159799999999997
S;S,V;Y,"58,269",-1.29018,0.9093749999999999,-2.199555
L;T,E;V,"216,72",-1.29064,2.5332100000000004,-3.82385
T;S,D;V,"88,58",-1.29066,3.62584,-4.9165
Q;L,W;F,"133,117",-1.29069,-0.3148599999999999,-0.97583
H;N,M;K,"104,138",-1.29097,2.57707,-3.8680399999999997
T;Q,D;A,"88,127",-1.29179,2.528266,-3.820056
I;A,V;L,"200,65",-1.2926,2.56963,-3.8622300000000003
G;S,Q;T,"243,214",-1.29282,3.545532,-4.838352
A;S,E;H,"152,214",-1.2937,-1.0008599999999999,-0.2928400000000002
S;M,E;V,"207,154",-1.29387,-1.60796,0.31409
T;R,D;S,"88,90",-1.29443,-4.19473,2.9002999999999997
H;S,R;W,"104,58",-1.29456,2.36884,-3.6634
I;L,L;F,"145,216",-1.29498,2.59462,-3.8895999999999997
T;R,K;T,"88,90",-1.29607,-5.47252,4.17645
I;S,L;Q,"145,188",-1.2963,-0.13163000000000014,-1.1646699999999999
L;A,W;M,"216,65",-1.29637,2.63761,-3.93398
A;S,V;D,"65,58",-1.29769,3.9808000000000003,-5.278490000000001
Q;S,W;P,"133,245",-1.29818,3.34222,-4.6404
R;R,L;S,"53,90",-1.29832,-4.60073,3.3024100000000005
A;R,F;T,"65,90",-1.29839,-5.572570000000001,4.274180000000001
L;F,W;M,"216,191",-1.299,1.656352,-2.955352
A;G,V;A,"65,165",-1.29951,-2.4854999999999996,1.1859899999999997
D;A,V;D,"186,226",-1.30013,-4.779920000000001,3.4797900000000004
S;S,K;V,"124,223",-1.30032,3.82587,-5.12619
D;Q,Q;W,"220,133",-1.3004,4.86165,-6.16205
A;S,N;K,"226,58",-1.30124,2.58612,-3.88736
R;R,N;L,"132,53",-1.30144,3.54985,-4.8512900000000005
L;S,Q;K,"216,58",-1.30414,2.8144400000000003,-4.118580000000001
M;K,L;L,"154,253",-1.30557,0.3324499999999999,-1.6380199999999998
S;L,Y;F,"242,117",-1.30735,-1.11995,-0.1874
Q;S,I;E,"127,115",-1.30738,3.8062899999999997,-5.11367
Q;S,T;T,"127,214",-1.30758,0.379516,-1.687096
L;M,M;V,"216,154",-1.30786,-1.5365900000000001,0.2287300000000001
H;Q,R;A,"104,127",-1.30789,1.7398660000000001,-3.047756
Q;I,A;H,"127,168",-1.30831,-1.203634,-0.10467599999999999
A;R,E;S,"152,90",-1.3095,-5.01318,3.7036800000000003
S;Q,W;T,"58,127",-1.30988,1.877904,-3.1877839999999997
S;A,K;D,"58,226",-1.31065,-5.42346,4.1128100000000005
G;Q,A;M,"243,127",-1.31179,1.936717,-3.248507
T;K,M;V,"51,253",-1.31334,-0.45676000000000005,-0.8565799999999999
A;R,L;T,"65,90",-1.31343,-5.4766200000000005,4.16319
K;R,L;Q,"253,224",-1.31496,-0.26119900000000007,-1.0537609999999997
T;S,K;P,"88,188",-1.31519,1.089345,-2.404535
S;S,Y;W,"242,58",-1.31521,2.36105,-3.67626
I;R,V;Q,"200,224",-1.31524,2.089661,-3.4049009999999997
S;I,V;R,"58,168",-1.31569,-13.11567,11.79998
Q;Q,I;I,"127,182",-1.31745,1.34909,-2.66654
R;I,Q;V,"132,200",-1.31747,2.94039,-4.25786
F;P,E;L,"271,38",-1.31779,4.04015,-5.357939999999999
S;I,E;V,"207,200",-1.31785,2.6866399999999997,-4.00449
K;G,F;A,"253,165",-1.32079,-7.33722,6.016430000000001
N;N,K;Y,"138,37",-1.32105,1.9686409999999999,-3.289691
Q;A,I;M,"127,65",-1.32106,3.37406,-4.69512
N;N,K;K,"138,233",-1.32164,1.611092,-2.9327319999999997
I;A,V;E,"200,152",-1.32241,2.45492,-3.77733
S;R,E;T,"207,90",-1.32247,-5.35961,4.03714
R;S,V;K,"34,124",-1.3231,5.970610000000001,-7.293710000000001
L;R,F;S,"216,90",-1.32314,-4.8901200000000005,3.5669800000000005
A;K,W;L,"65,253",-1.32346,0.06997000000000009,-1.3934300000000002
A;Q,N;I,"226,182",-1.32365,0.68263,-2.00628
N;L,K;F,"138,117",-1.32396,-1.02567,-0.29828999999999994
G;R,Q;D,"243,90",-1.3246,-8.66221,7.33761
L;G,E;A,"216,165",-1.32496,-3.27527,1.95031
A;R,W;A,"65,90",-1.32583,-4.9252199999999995,3.5993899999999996
A;F,P;M,"152,191",-1.32595,2.108762,-3.434712
T;M,K;V,"88,154",-1.32785,-1.7208700000000001,0.39302000000000015
N;I,T;H,"190,168",-1.32815,-0.6062799999999999,-0.72187
I;Q,V;I,"200,182",-1.32889,0.5303399999999999,-1.8592299999999997
L;F,F;M,"117,191",-1.32948,-2.023078,0.6935979999999999
L;S,I;P,"216,245",-1.32987,2.78109,-4.11096
Q;S,K;V,"127,58",-1.33003,3.65282,-4.98285
R;S,V;E,"34,121",-1.33117,-3.8523699999999996,2.5211999999999994
G;T,K;V,"243,72",-1.33119,4.27876,-5.60995
G;N,K;K,"243,233",-1.33371,3.386292,-4.720002
T;K,V;V,"72,253",-1.33371,-0.5508,-0.78291
N;R,T;S,"190,90",-1.33381,-5.03873,3.7049200000000004
A;S,T;T,"180,214",-1.33422,1.252532,-2.5867519999999997
Q;S,I;K,"127,58",-1.33439,3.25258,-4.58697
I;T,V;K,"200,88",-1.33577,2.57373,-3.9094999999999995
D;L,V;F,"186,216",-1.33643,3.07823,-4.41466
F;Q,W;V,"271,182",-1.33644,-0.2978400000000001,-1.0386
S;N,P;K,"245,138",-1.33694,2.63141,-3.96835
A;S,V;P,"65,245",-1.33738,3.4508300000000003,-4.78821
T;K,K;L,"88,253",-1.33751,0.2228699999999999,-1.5603799999999999
L;H,I;M,"216,104",-1.3376,2.72675,-4.06435
T;R,Q;A,"88,280",-1.33869,0.8349630000000001,-2.173653
Q;H,W;M,"133,104",-1.33983,3.2878800000000004,-4.62771
G;S,Q;D,"243,58",-1.33993,5.74997,-7.0899
N;A,I;N,"37,226",-1.33995,3.30253,-4.64248
G;S,Q;E,"243,136",-1.34075,4.170064,-5.510814
N;S,K;Q,"138,188",-1.34187,-0.15393000000000012,-1.1879399999999998
G;T,L;E,"243,270",-1.3425,7.184799999999999,-8.527299999999999
G;M,K;L,"243,262",-1.34307,-5.7699300000000004,4.4268600000000005
F;K,W;L,"271,253",-1.34324,0.8240399999999999,-2.16728
Q;G,T;A,"127,165",-1.34358,-3.8823459999999996,2.538766
E;L,K;P,"231,216",-1.34396,2.50771,-3.85167
Q;N,N;K,"133,114",-1.34426,-0.11426000000000003,-1.23
Q;G,T;A,"91,165",-1.34429,-3.31139,1.9670999999999998
D;Q,Q;T,"220,91",-1.34576,4.14437,-5.490130000000001
N;S,K;E,"138,136",-1.3458,1.581474,-2.927274
A;S,V;T,"65,214",-1.34637,1.7763620000000002,-3.122732
A;N,V;Y,"65,37",-1.34649,2.7880610000000003,-4.134551
A;S,N;Y,"226,269",-1.34728,0.7091949999999999,-2.056475
S;C,K;A,"124,289",-1.34856,2.6038512,-3.9524112
L;D,I;N,"216,186",-1.34932,1.4466959,-2.7960159
A;T,T;Y,"180,189",-1.35017,1.732352,-3.082522
Q;Q,N;L,"127,182",-1.35077,0.6529700000000003,-2.0037400000000005
R;S,Q;H,"132,214",-1.35139,-0.51539,-0.8360000000000001
P;N,D;K,"197,114",-1.3514,0.23922,-1.59062
L;S,I;E,"216,136",-1.35147,1.731154,-3.082624
Q;M,L;H,"182,161",-1.35151,-1.40848,0.056969999999999965
M;Q,V;Y,"154,119",-1.35185,-7.546480000000001,6.194630000000001
S;L,V;F,"58,216",-1.3519,2.93045,-4.28235
S;H,T;R,"121,104",-1.35271,2.5085100000000002,-3.8612200000000003
L;A,W;D,"216,226",-1.35288,-5.19787,3.84499
S;F,V;M,"223,191",-1.35292,1.422442,-2.775362
L;Q,M;V,"216,127",-1.35342,2.69319,-4.04661
T;I,Q;R,"88,168",-1.35453,-13.54743,12.1929
G;S,Q;P,"243,245",-1.35464,5.220000000000001,-6.5746400000000005
Q;S,R;P,"127,245",-1.35492,3.5942600000000002,-4.94918
R;S,Q;H,"224,214",-1.35502,-1.3661189999999999,0.01109899999999997
A;N,T;K,"180,114",-1.35543,0.24444,-1.59987
S;N,D;K,"58,138",-1.35732,3.16138,-4.5187
R;R,V;N,"34,90",-1.35753,-9.276409999999998,7.918879999999999
H;Q,M;T,"104,127",-1.3579,1.999644,-3.357544
F;M,W;V,"271,154",-1.35863,-1.1197000000000001,-0.23892999999999986
Q;G,W;A,"133,165",-1.35959,-2.5941099999999997,1.2345199999999996
T;V,V;C,"198,281",-1.35959,2.78944,-4.14903
L;S,Q;H,"216,187",-1.35984,1.529338,-2.8891780000000002
Q;T,E;Q,"133,88",-1.36014,3.30211,-4.66225
Q;S,T;E,"127,121",-1.36061,-6.428586,5.067976
S;K,M;F,"238,253",-1.36062,-0.5401000000000002,-0.8205199999999997
R;M,K;V,"53,154",-1.36136,-1.78975,0.42839000000000005
Q;R,E;N,"133,132",-1.36385,4.063879999999999,-5.4277299999999995
D;K,Q;F,"220,253",-1.36419,0.11853999999999987,-1.4827299999999999
Q;N,K;T,"127,190",-1.36447,3.1526,-4.51707
Q;I,K;L,"127,145",-1.36482,3.3169899999999997,-4.68181
S;R,E;A,"115,280",-1.36533,1.324673,-2.690003
R;I,L;R,"53,168",-1.36637,-13.17789,11.81152
A;F,W;M,"65,191",-1.3672,1.4177620000000002,-2.784962
D;I,N;H,"186,168",-1.36868,-1.7329741,0.3642941000000002
Q;S,T;Q,"91,188",-1.3687,-0.1604000000000001,-1.2083
Q;S,R;F,"127,238",-1.36915,1.3945100000000001,-2.7636600000000002
S;S,V;P,"223,188",-1.36976,0.9411249999999999,-2.310885
L;T,W;Q,"216,88",-1.36998,2.58013,-3.95011
P;T,D;L,"197,72",-1.37103,2.9270699999999996,-4.2981
A;K,E;L,"152,253",-1.37124,0.10406000000000004,-1.4753
L;I,F;H,"216,168",-1.37196,-0.45767,-0.91429
S;F,Q;M,"188,191",-1.37201,-1.151338,-0.22067199999999998
T;G,E;A,"270,243",-1.3723,4.98546,-6.35776
T;I,Q;H,"88,168",-1.37266,-0.53782,-0.83484
A;H,V;M,"65,104",-1.3727,3.39649,-4.76919
G;S,Q;E,"243,121",-1.37274,-3.2625699999999997,1.8898299999999997
N;I,I;L,"37,145",-1.37326,3.16688,-4.54014
R;R,N;P,"132,90",-1.37544,-13.04326,11.66782
R;K,Q;Y,"132,253",-1.37553,-0.84239,-0.53314
A;T,T;V,"180,198",-1.37564,3.1452099999999996,-4.520849999999999
L;R,W;A,"216,280",-1.37572,0.996553,-2.372273
F;I,E;L,"271,111",-1.37577,4.21998,-5.59575
A;S,M;P,"135,188",-1.37581,1.3669950000000002,-2.742805
T;Q,L;N,"72,133",-1.37624,2.57359,-3.9498299999999995
A;S,V;E,"65,136",-1.37771,2.400894,-3.778604
S;K,E;L,"207,253",-1.37824,0.33577999999999997,-1.7140199999999999
Q;R,K;T,"127,90",-1.37851,-4.745900000000001,3.3673900000000008
R;Q,P;L,"280,182",-1.37891,-0.40879,-0.9701200000000001
Q;I,E;R,"133,168",-1.38034,-12.66386,11.28352
R;R,S;Q,"90,224",-1.38131,-5.378439,3.997129
A;I,P;L,"152,145",-1.38243,3.12847,-4.5109
L;S,W;K,"216,58",-1.38255,2.51613,-3.8986799999999997
R;Q,L;A,"53,127",-1.38259,2.122266,-3.504856
Q;S,N;D,"127,58",-1.3826,4.23121,-5.61381
S;S,Y;E,"242,121",-1.3826,-5.94544,4.56284
A;A,N;F,"226,65",-1.38269,2.6259699999999997,-4.00866
N;M,I;V,"37,154",-1.38402,-1.14436,-0.23965999999999998
V;M,C;L,"281,262",-1.38474,-7.60531,6.22057
R;L,N;F,"132,216",-1.38487,3.26046,-4.64533
A;R,P;L,"152,53",-1.38526,3.4020799999999998,-4.7873399999999995
A;I,P;V,"152,200",-1.38573,3.11183,-4.49756
Q;S,K;V,"127,223",-1.38601,3.14874,-4.53475
K;V,L;D,"252,57",-1.38612,2.4819199999999997,-3.8680399999999997
Q;S,T;E,"127,136",-1.38671,1.004048,-2.390758
A;M,P;V,"152,154",-1.38762,-1.18277,-0.20484999999999998
L;N,I;K,"216,233",-1.38771,1.760772,-3.148482
S;R,Y;D,"242,90",-1.38877,-11.34508,9.956309999999998
T;I,D;R,"88,168",-1.38924,-12.77189,11.382650000000002
Q;R,N;S,"127,90",-1.39198,-3.82681,2.43483
M;S,V;Y,"154,269",-1.39249,-3.737695,2.345205
A;I,M;L,"135,145",-1.39311,2.86802,-4.26113
L;T,I;M,"216,29",-1.39315,-5.5002200000000006,4.10707
A;R,E;T,"152,90",-1.39389,-5.59133,4.19744
Q;S,T;E,"91,121",-1.394,-5.85763,4.46363
R;H,Q;R,"132,104",-1.39479,2.8482399999999997,-4.243029999999999
S;S,N;Q,"124,188",-1.39538,2.6785799999999997,-4.07396
A;R,M;A,"135,90",-1.39569,-4.494669999999999,3.098979999999999
Q;R,W;N,"133,90",-1.39651,-10.56439,9.16788
S;S,T;P,"121,188",-1.39655,1.1162750000000001,-2.5128250000000003
T;Q,Q;A,"88,127",-1.39795,1.752726,-3.150676
L;L,E;F,"216,117",-1.39856,-0.9960199999999999,-0.4025400000000001
T;S,E;T,"270,124",-1.40032,5.581239999999999,-6.981559999999999
A;A,N;M,"226,65",-1.40045,2.7076000000000002,-4.10805
D;K,Q;V,"220,253",-1.40069,1.09648,-2.4971699999999997
I;R,L;A,"111,90",-1.40113,-4.49651,3.0953799999999996
T;C,L;A,"72,289",-1.4022,1.2687312,-2.6709312
T;R,D;L,"88,53",-1.40227,3.5636200000000002,-4.96589
R;Q,A;Y,"90,119",-1.40355,-10.59793,9.194379999999999
F;I,W;V,"271,200",-1.40415,3.1749,-4.5790500000000005
R;A,P;D,"90,226",-1.40443,-21.58303,20.1786
I;N,L;T,"145,190",-1.40496,2.4460100000000002,-3.8509700000000002
N;Q,T;A,"190,127",-1.40517,1.684266,-3.089436
R;F,K;M,"53,191",-1.40593,1.5017820000000002,-2.907712
D;Q,Q;T,"220,127",-1.40635,3.573414,-4.979764
Q;S,N;W,"127,58",-1.40671,3.5251600000000005,-4.93187
I;S,L;P,"111,188",-1.40688,1.3651550000000001,-2.772035
R;R,P;A,"90,280",-1.40688,-15.388607,13.981727000000001
F;S,E;T,"271,121",-1.40844,3.9711,-5.3795399999999995
Q;S,K;E,"127,207",-1.40876,3.4098699999999997,-4.81863
D;T,L;N,"220,198",-1.40961,3.14249,-4.5521
S;A,K;E,"124,152",-1.40986,3.85528,-5.26514
S;F,F;M,"238,191",-1.41007,-0.5657479999999999,-0.844322
Q;T,N;Y,"133,189",-1.41068,1.3736519999999999,-2.784332
S;Q,P;T,"245,91",-1.41156,2.62494,-4.0365
Q;T,K;M,"127,29",-1.41175,-4.921010000000001,3.5092600000000007
V;T,C;Y,"281,189",-1.41182,1.376582,-2.788402
F;S,W;Y,"271,269",-1.41284,1.1546849999999997,-2.567525
R;R,S;A,"90,280",-1.41308,-6.553847,5.140767
L;I,W;H,"216,168",-1.41319,-0.37623000000000006,-1.0369599999999999
S;I,E;V,"115,200",-1.41339,2.98754,-4.40093
R;R,L;D,"53,90",-1.41356,-10.954889999999999,9.541329999999999
H;S,L;P,"104,188",-1.41545,1.394255,-2.809705
Q;T,E;N,"133,88",-1.41548,3.25286,-4.668340000000001
L;N,Q;T,"216,190",-1.41669,2.8099800000000004,-4.22667
S;Q,N;V,"124,182",-1.42012,1.9312299999999998,-3.35135
C;T,A;Y,"289,189",-1.4202,0.0687932,-1.4889932
Q;T,W;M,"133,29",-1.42023,-4.93909,3.51886
S;Q,D;T,"58,127",-1.42046,2.583954,-4.004414
R;L,V;F,"34,117",-1.42161,0.9731200000000002,-2.39473
T;G,E;S,"270,243",-1.42322,5.0805299999999995,-6.503749999999999
T;T,E;N,"270,198",-1.42324,4.682589999999999,-6.105829999999999
N;N,T;H,"190,205",-1.4242,2.074971,-3.499171
S;Q,D;T,"58,91",-1.42511,3.15491,-4.58002
S;R,N;S,"124,90",-1.42531,-2.0641300000000005,0.6388200000000004
G;T,Q;M,"243,29",-1.42537,-3.06131,1.6359400000000002
C;N,A;K,"289,114",-1.42546,-1.4191188,-0.006341200000000047
D;L,Q;E,"220,216",-1.42647,4.18049,-5.60696
R;Q,T;I,"90,182",-1.42683,-7.51591,6.08908
L;T,F;N,"216,88",-1.42714,2.44944,-3.87658
A;I,N;L,"226,145",-1.42756,2.74605,-4.17361
I;F,L;M,"111,191",-1.42796,1.8464720000000001,-3.274432
T;R,Q;S,"88,90",-1.42868,-4.97027,3.5415900000000002
S;M,K;H,"124,161",-1.42891,2.9802,-4.40911
R;R,K;A,"53,90",-1.43049,-4.8412,3.41071
S;L,A;K,"124,249",-1.43099,4.05665,-5.487640000000001
S;S,E;Y,"207,269",-1.43102,0.6664249999999999,-2.097445
F;A,E;P,"271,152",-1.43223,4.48227,-5.914499999999999
A;Q,N;V,"226,127",-1.4325,2.66459,-4.09709
L;M,E;L,"216,262",-1.43307,-7.51548,6.08241
S;N,N;H,"124,205",-1.43331,5.049571,-6.482881000000001
A;N,T;K,"180,233",-1.43413,1.906682,-3.3408119999999997
A;R,N;D,"226,90",-1.43418,-11.09285,9.65867
T;Q,V;N,"198,133",-1.43525,2.78651,-4.22176
H;R,R;D,"104,90",-1.43558,-11.33729,9.90171
E;P,K;V,"231,184",-1.43562,1.789887,-3.225507
G;N,Q;Y,"243,37",-1.4357,4.557231,-5.992931
Q;A,K;W,"127,65",-1.4361,3.14406,-4.58016
Q;H,K;M,"127,104",-1.43652,3.30596,-4.74248
Q;R,R;Q,"127,132",-1.43723,3.89758,-5.33481
H;R,L;T,"104,90",-1.4377,-5.16761,3.72991
A;L,P;Q,"152,216",-1.43795,3.49244,-4.93039
S;R,V;P,"58,90",-1.43828,-13.37327,11.934989999999999
S;S,E;P,"115,188",-1.43863,1.503155,-2.9417850000000003
I;Q,L;T,"111,91",-1.43864,2.83741,-4.27605
Q;T,K;N,"127,88",-1.4388,3.17181,-4.610609999999999
L;N,E;Y,"216,37",-1.439,1.998291,-3.437291
T;L,D;F,"88,216",-1.43995,3.27423,-4.714180000000001
T;L,D;W,"88,216",-1.44063,3.35567,-4.7963000000000005
S;R,E;T,"115,90",-1.4416,-5.0587100000000005,3.6171100000000003
S;R,V;L,"58,53",-1.44218,3.21984,-4.66202
R;I,P;H,"90,168",-1.44264,-16.76139,15.318749999999998
H;F,L;M,"104,191",-1.44272,1.875572,-3.318292
F;D,E;N,"271,186",-1.44283,2.6731159,-4.1159459
R;T,P;V,"280,72",-1.44316,2.5116300000000003,-3.95479
L;N,K;Y,"249,37",-1.44353,2.599541,-4.043070999999999
F;M,M;V,"271,154",-1.44428,-0.8494299999999999,-0.5948500000000001
Q;S,T;E,"91,136",-1.446,1.5750039999999998,-3.0210039999999996
S;Q,D;N,"58,133",-1.44685,3.09827,-4.54512
F;Q,M;K,"271,127",-1.44966,4.1684,-5.61806
L;Q,Q;V,"216,182",-1.45006,-0.51501,-0.9350499999999999
Q;Q,E;A,"133,127",-1.45086,2.6362959999999998,-4.087156
S;A,K;M,"124,65",-1.45105,3.95567,-5.40672
S;S,M;H,"238,214",-1.45166,0.042079999999999895,-1.4937399999999998
S;S,T;Y,"121,242",-1.45167,2.5007200000000003,-3.9523900000000003
Q;S,W;E,"133,121",-1.45214,-5.14035,3.6882099999999998
D;R,V;T,"186,90",-1.45217,-4.96888,3.5167100000000007
A;S,W;H,"65,214",-1.45235,-1.0349499999999998,-0.4174000000000002
N;S,K;E,"138,121",-1.45255,-5.85116,4.39861
R;G,T;A,"90,165",-1.45278,-11.34551,9.89273
Q;M,M;H,"127,161",-1.4532,0.768677,-2.221877
T;L,E;K,"270,249",-1.45362,5.43994,-6.89356
L;T,F;Q,"216,88",-1.4542,2.49869,-3.95289
R;S,P;T,"280,214",-1.45466,0.965012,-2.4196720000000003
R;S,Q;Y,"132,269",-1.45529,0.9201749999999999,-2.3754649999999997
P;T,D;V,"197,198",-1.45609,3.13999,-4.596080000000001
Q;T,E;D,"133,88",-1.45613,4.07765,-5.53378
D;V,L;D,"220,57",-1.45749,3.2243,-4.6817899999999995
M;K,L;V,"262,253",-1.45754,-10.59949,9.14195
S;F,H;M,"187,191",-1.45793,0.14566,-1.60359
L;S,I;E,"216,121",-1.45842,-5.70148,4.24306
T;R,N;P,"88,90",-1.45892,-13.854280000000001,12.39536
R;I,V;L,"34,111",-1.45908,4.84267,-6.30175
Q;T,R;Y,"127,189",-1.4595,2.3996120000000003,-3.8591120000000005
F;S,E;V,"271,223",-1.45954,3.7959499999999995,-5.25549
G;S,K;F,"243,238",-1.4608,2.20686,-3.6676599999999997
N;Q,Y;T,"37,127",-1.46168,1.391215,-2.852895
Q;S,E;Y,"133,269",-1.46173,1.3611849999999999,-2.822915
G;N,K;Y,"243,37",-1.46177,3.743841,-5.205611
F;R,W;T,"271,90",-1.46216,-4.8713500000000005,3.4091900000000006
P;E,Q;K,"38,231",-1.46234,2.9130399999999996,-4.37538
K;I,L;R,"253,168",-1.4628,-15.819,14.356200000000001
H;N,L;K,"104,138",-1.4633,2.87298,-4.33628
P;T,D;Y,"197,189",-1.46348,1.727132,-3.190612
Q;A,I;D,"127,226",-1.46415,-4.46142,2.9972700000000003
H;I,L;V,"104,200",-1.46575,2.87864,-4.34439
H;Q,M;T,"104,91",-1.4669,2.5705999999999998,-4.0375
L;R,I;N,"216,90",-1.46754,-11.12552,9.65798
Q;R,E;A,"133,280",-1.46935,1.7185329999999999,-3.187883
D;I,V;V,"186,200",-1.47195,3.07737,-4.54932
S;R,A;P,"124,280",-1.47207,3.43382,-4.905889999999999
R;Q,D;T,"90,127",-1.47215,-11.828225999999999,10.356075999999998
H;R,T;T,"104,90",-1.47341,-5.11584,3.64243
S;L,V;W,"58,216",-1.47358,3.01189,-4.48547
Q;M,T;L,"91,262",-1.47487,-7.5516000000000005,6.07673
K;S,L;P,"252,125",-1.47502,2.45783,-3.93285
I;S,L;Y,"111,242",-1.47529,2.7496,-4.22489
S;Q,M;N,"238,133",-1.47717,3.4290899999999995,-4.90626
S;R,V;A,"223,90",-1.4779,-4.92054,3.44264
N;Q,L;M,"138,127",-1.47827,1.680967,-3.159237
L;R,Q;Q,"216,132",-1.47953,3.3209999999999997,-4.80053
R;T,N;N,"132,88",-1.47999,3.1310599999999997,-4.61105
T;C,V;A,"198,289",-1.48011,1.4816512,-2.9617611999999998
Q;L,E;W,"133,216",-1.48073,3.4637,-4.94443
F;S,M;Y,"271,242",-1.48094,3.34523,-4.826169999999999
Q;N,N;K,"127,233",-1.4813,2.6809220000000002,-4.162222
R;Q,N;T,"90,127",-1.48367,-11.852625999999999,10.368955999999999
S;I,H;H,"214,168",-1.48566,-3.91431,2.42865
M;L,L;E,"154,216",-1.48656,2.7073,-4.19386
G;T,L;L,"243,72",-1.48719,5.01246,-6.49965
R;F,N;M,"90,191",-1.48767,-12.272608,10.784938
R;T,L;N,"53,88",-1.48778,2.73883,-4.22661
R;S,K;P,"53,188",-1.48802,1.0204650000000002,-2.5084850000000003
T;K,K;F,"88,253",-1.48815,-1.4642300000000001,-0.02391999999999994
T;M,Q;V,"88,154",-1.4886,-1.79677,0.30817000000000005
Q;I,W;L,"133,111",-1.48862,3.55469,-5.04331
Q;R,N;D,"127,90",-1.48922,-10.180969999999999,8.691749999999999
R;K,N;F,"132,253",-1.48943,-0.7783600000000002,-0.7110699999999999
S;N,M;K,"238,138",-1.49015,3.4921999999999995,-4.982349999999999
N;K,Y;F,"37,253",-1.49333,-2.063659,0.5703289999999999
R;F,Q;M,"132,191",-1.49416,1.937322,-3.431482
R;S,P;E,"280,121",-1.49476,-5.84309,4.34833
Q;A,W;W,"133,65",-1.49482,3.12598,-4.6208
G;N,S;K,"243,114",-1.49482,0.22033999999999998,-1.71516
A;K,W;Y,"65,253",-1.49578,-1.3619499999999998,-0.13383000000000034
S;P,A;D,"124,197",-1.49587,3.71612,-5.21199
S;V,A;C,"124,281",-1.49596,3.36557,-4.86153
Q;I,E;H,"133,168",-1.49667,0.3457499999999998,-1.8424199999999997
Q;L,I;F,"127,216",-1.497,3.39673,-4.89373
Q;M,V;V,"127,154",-1.49737,-1.7823,0.2849299999999999
G;D,K;Q,"243,220",-1.49763,5.92604,-7.42367
A;K,F;L,"65,253",-1.49777,0.12281999999999993,-1.62059
S;A,K;T,"124,180",-1.49858,4.26741,-5.76599
G;T,K;M,"243,29",-1.5013,-3.8747000000000003,2.3734
A;N,M;K,"135,138",-1.50139,2.84572,-4.34711
Q;D,W;N,"133,186",-1.50252,2.0078259000000003,-3.5103459000000004
T;F,K;M,"88,191",-1.50367,1.570662,-3.074332
Q;A,T;F,"91,65",-1.50394,2.46155,-3.96549
L;A,Q;M,"216,65",-1.50406,2.9359200000000003,-4.43998
I;R,V;D,"200,90",-1.50457,-11.24514,9.74057
L;L,I;F,"216,117",-1.50485,-0.87599,-0.62886
Q;I,I;H,"127,168",-1.50536,0.36022,-1.86558
S;K,E;Y,"115,253",-1.50541,-0.79524,-0.71017
Q;R,I;N,"127,132",-1.50602,4.07835,-5.58437
G;R,K;D,"243,90",-1.50635,-9.4756,7.96925
Q;S,N;P,"127,245",-1.50847,3.7012400000000003,-5.20971
Q;T,T;M,"91,29",-1.50923,-5.656370000000001,4.14714
I;Q,V;L,"200,182",-1.51011,-0.4112,-1.09891
N;D,K;N,"138,186",-1.51079,1.2970158999999999,-2.8078059
N;A,T;D,"190,226",-1.51096,-5.42792,3.9169600000000004
N;T,K;M,"138,29",-1.51128,-5.649900000000001,4.13862
D;L,L;W,"220,216",-1.51264,3.3569,-4.86954
D;M,V;V,"186,154",-1.51343,-1.21723,-0.2962
A;S,L;P,"65,188",-1.51379,1.085245,-2.5990349999999998
S;L,M;I,"238,216",-1.5143,3.6418799999999996,-5.156179999999999
F;A,E;M,"271,135",-1.51433,4.22182,-5.73615
S;Q,N;L,"124,182",-1.51468,2.41565,-3.9303299999999997
A;F,D;M,"226,191",-1.51623,-6.283238000000001,4.767008000000001
L;N,E;K,"216,233",-1.51798,1.6407420000000001,-3.158722
S;G,M;A,"238,243",-1.51801,3.6686199999999998,-5.18663
A;S,F;P,"65,188",-1.51848,0.9892949999999999,-2.507775
H;I,T;V,"104,200",-1.51857,2.93041,-4.448980000000001
I;A,L;F,"111,65",-1.5188,2.7461,-4.2649
Q;S,T;Q,"127,188",-1.52102,-0.731356,-0.789664
G;S,K;T,"243,214",-1.52119,2.732142,-4.253332
A;S,W;P,"65,188",-1.52227,0.9364450000000001,-2.458715
C;E,L;K,"289,231",-1.52246,2.73538,-4.25784
K;N,Y;H,"253,205",-1.52261,-1.5600589999999999,0.037448999999999844
L;G,K;A,"249,165",-1.52266,-2.6740199999999996,1.1513599999999997
G;R,Q;N,"243,90",-1.52353,-8.68661,7.16308
A;Q,W;T,"65,127",-1.52446,1.8377440000000003,-3.362204
R;D,V;N,"34,186",-1.52451,3.2958059000000004,-4.820315900000001
K;R,Y;A,"253,280",-1.52463,-2.868527,1.343897
N;L,I;E,"37,216",-1.52557,3.17423,-4.6998
K;M,L;H,"252,161",-1.52564,1.53494,-3.06058
G;S,K;E,"243,121",-1.52583,-4.07596,2.5501300000000002
Q;S,N;T,"127,214",-1.5268,2.0267720000000002,-3.553572
Q;T,R;M,"127,51",-1.52799,3.5604500000000003,-5.08844
A;S,T;P,"180,245",-1.52915,2.927,-4.45615
S;K,E;L,"115,253",-1.53123,0.6366799999999999,-2.16791
D;K,V;L,"186,253",-1.53204,0.72651,-2.25855
S;L,M;E,"238,216",-1.53241,3.5218499999999997,-5.054259999999999
F;A,E;W,"271,65",-1.53324,3.79127,-5.32451
L;R,E;N,"216,90",-1.53393,-11.24555,9.71162
A;I,N;R,"226,168",-1.53423,-13.315850000000001,11.78162
R;F,Q;M,"224,191",-1.53448,1.086593,-2.621073
H;K,T;L,"104,253",-1.53504,0.57955,-2.1145899999999997
G;L,Q;F,"243,117",-1.53545,1.56292,-3.09837
I;A,V;D,"200,226",-1.53554,-5.28017,3.74463
R;A,T;D,"90,226",-1.53695,-13.32642,11.789470000000001
Q;R,E;L,"133,53",-1.53743,3.6716499999999996,-5.20908
Q;R,I;L,"127,53",-1.53759,3.68612,-5.22371
Q;A,T;W,"91,65",-1.53767,2.4087,-3.94637
Q;S,I;Y,"182,269",-1.53786,-1.489875,-0.047984999999999944
F;S,E;H,"271,187",-1.53856,2.5191679999999996,-4.057727999999999
T;S,Q;Y,"88,269",-1.53914,0.477615,-2.016755
Q;H,K;T,"127,104",-1.54022,3.65364,-5.19386
G;N,A;K,"243,114",-1.54057,0.12527,-1.66584
T;R,K;A,"88,90",-1.54211,-4.77232,3.2302099999999996
H;A,R;W,"104,65",-1.54248,2.3286800000000003,-3.8711600000000006
S;S,Y;F,"242,238",-1.54332,0.33738,-1.8807
F;A,E;L,"271,65",-1.54338,3.9400699999999995,-5.4834499999999995
L;I,W;R,"216,168",-1.54362,-13.38584,11.84222
G;T,L;Y,"243,189",-1.54398,3.812522,-5.356502
P;M,L;L,"38,262",-1.54415,-7.44688,5.90273
S;S,K;Y,"58,269",-1.54489,0.41361499999999995,-1.9585050000000002
F;R,E;Q,"271,132",-1.54532,4.310829999999999,-5.8561499999999995
T;R,D;P,"88,90",-1.54534,-13.029490000000001,11.484150000000001
D;A,L;T,"220,180",-1.54535,3.56453,-5.10988
S;D,Y;N,"242,186",-1.54558,1.2027359,-2.7483158999999997
G;T,L;V,"243,198",-1.54643,5.2253799999999995,-6.771809999999999
R;R,Q;A,"132,90",-1.54649,-4.405659999999999,2.8591699999999993
R;S,A;P,"280,188",-1.54719,-0.570132,-0.9770580000000001
G;T,S;L,"243,72",-1.54813,2.90819,-4.45632
I;T,L;K,"145,88",-1.54833,2.59037,-4.1387
R;N,P;Y,"280,37",-1.55016,1.9767109999999999,-3.526871
R;H,V;L,"34,104",-1.55067,4.87177,-6.42244
L;I,W;L,"216,145",-1.5508,2.6760599999999997,-4.226859999999999
K;C,L;S,"252,289",-1.55149,0.07929999999999993,-1.63079
F;R,M;T,"271,90",-1.55258,-4.60108,3.0484999999999998
G;S,K;P,"243,245",-1.55371,4.406610000000001,-5.96032
S;S,Y;V,"242,223",-1.55433,2.32557,-3.8799
A;R,L;S,"65,90",-1.55482,-4.8984700000000005,3.3436500000000002
Q;R,I;P,"127,90",-1.55535,-12.90699,11.35164
H;M,T;V,"104,154",-1.55606,-1.36419,-0.19186999999999999
S;R,M;P,"238,280",-1.55619,3.5002699999999995,-5.0564599999999995
R;S,Q;P,"132,188",-1.55627,1.456005,-3.012275
K;R,V;D,"253,90",-1.55788,-14.305159999999999,12.74728
G;S,L;M,"243,238",-1.55847,5.86796,-7.42643
A;L,V;F,"65,117",-1.5595,-0.20624999999999982,-1.3532500000000003
Q;I,E;L,"133,145",-1.55982,3.39804,-4.95786
L;N,Q;H,"216,205",-1.55996,2.603331,-4.163291
R;I,L;H,"53,168",-1.56035,-0.16827999999999999,-1.39207
I;L,L;F,"111,216",-1.56102,2.8504,-4.41142
G;S,K;W,"243,58",-1.56127,4.23053,-5.7918
H;K,M;F,"104,253",-1.56143,-1.45523,-0.10620000000000007
A;A,P;N,"152,226",-1.56252,3.26412,-4.82664
G;S,Q;T,"243,121",-1.5626,5.183590000000001,-6.74619
Q;D,T;N,"127,186",-1.56282,0.7195899,-2.2824099
Q;M,I;V,"182,154",-1.56404,-3.76426,2.20022
F;F,M;M,"271,191",-1.56421,2.442102,-4.006312
N;R,T;A,"190,280",-1.56426,0.7665030000000002,-2.330763
F;R,E;K,"271,53",-1.56469,3.8752899999999997,-5.439979999999999
R;I,P;R,"90,168",-1.56527,-29.771,28.205730000000003
L;I,F;R,"216,168",-1.56582,-13.46728,11.90146
H;S,R;Q,"104,188",-1.56674,-0.24042000000000008,-1.32632
T;R,Q;P,"88,90",-1.56687,-13.80503,12.23816
L;A,E;W,"216,65",-1.56758,2.44482,-4.0123999999999995
G;S,K;K,"243,124",-1.56838,5.74702,-7.3154
K;R,F;D,"253,90",-1.56853,-15.2831,13.714569999999998
A;D,V;N,"65,186",-1.56867,2.1164359000000004,-3.6851059000000004
I;S,R;H,"168,187",-1.56872,-14.896532,13.327812000000002
L;D,E;N,"216,186",-1.57111,1.3266659,-2.8977759
P;Q,D;L,"197,182",-1.57141,-0.12649,-1.44492
S;Q,K;N,"124,133",-1.57156,3.90871,-5.48027
N;I,T;R,"190,168",-1.57163,-13.61589,12.04426
R;S,K;Y,"53,242",-1.57182,2.40491,-3.97673
F;F,W;M,"271,191",-1.57421,2.1718319999999998,-3.746042
Q;S,W;Q,"133,188",-1.57482,0.55688,-2.1317000000000004
V;S,D;W,"57,58",-1.57525,2.4106899999999998,-3.98594
Q;S,W;T,"133,121",-1.57574,3.30581,-4.88155
S;S,K;Y,"124,242",-1.57696,3.8775399999999998,-5.4544999999999995
Q;L,T;F,"91,117",-1.57737,-1.03214,-0.5452299999999999
S;I,N;L,"124,111",-1.57814,5.67639,-7.25453
G;G,K;A,"243,165",-1.57947,-1.5297199999999997,-0.04975000000000018
M;S,L;Y,"154,242",-1.58075,2.58337,-4.1641200000000005
A;M,M;V,"65,154",-1.58075,-1.73929,0.1585399999999999
L;S,K;F,"249,238",-1.58208,1.06256,-2.64464
L;S,E;T,"216,121",-1.58295,2.62465,-4.2076
G;N,S;Y,"243,37",-1.58388,2.240131,-3.8240109999999996
Q;A,N;F,"127,65",-1.58433,3.53785,-5.12218
S;K,M;Y,"238,253",-1.58439,-0.28492000000000006,-1.29947
A;S,E;P,"152,188",-1.58451,0.970535,-2.5550450000000002
D;N,V;T,"186,190",-1.58551,2.92962,-4.51513
M;H,L;R,"154,104",-1.58643,2.59116,-4.17759
S;A,V;N,"58,226",-1.58787,3.08188,-4.66975
M;A,V;D,"154,226",-1.58792,-9.574770000000001,7.9868500000000004
S;K,W;V,"58,253",-1.58833,-0.59903,-0.9893000000000001
D;L,V;M,"186,216",-1.58865,3.25826,-4.846909999999999
T;R,M;P,"51,280",-1.58871,2.60567,-4.19438
S;A,Y;W,"242,65",-1.58932,2.3208900000000003,-3.91021
A;R,V;N,"65,90",-1.58933,-10.455779999999999,8.866449999999999
Q;A,W;M,"133,135",-1.58947,3.5565300000000004,-5.146000000000001
Q;S,N;E,"127,136",-1.58955,2.651304,-4.240854000000001
A;R,F;A,"65,90",-1.58985,-4.87237,3.28252
F;M,E;L,"271,154",-1.59078,4.05375,-5.64453
P;T,D;V,"197,72",-1.5912,2.79393,-4.38513
T;N,N;T,"88,190",-1.59155,2.3008300000000004,-3.89238
T;S,M;H,"29,214",-1.59239,-9.10002,7.507630000000001
L;R,F;A,"216,280",-1.59251,0.9151130000000001,-2.507623
T;Q,M;N,"51,133",-1.59264,2.53449,-4.12713
S;N,V;T,"58,190",-1.59272,2.78184,-4.37456
Q;R,E;P,"133,90",-1.59288,-12.92146,11.328579999999999
Q;R,T;A,"127,280",-1.59349,0.33116700000000004,-1.924657
G;S,L;A,"243,124",-1.59382,5.80151,-7.39533
R;R,A;A,"90,280",-1.59512,-6.4317969999999995,4.836677
P;T,L;Y,"38,189",-1.59624,1.535012,-3.131252
L;A,M;N,"216,226",-1.59699,2.9103,-4.507289999999999
S;A,V;D,"58,226",-1.59711,-4.927700000000001,3.330590000000001
A;S,V;Q,"65,188",-1.59712,0.6654900000000001,-2.2626100000000005
G;H,K;M,"243,104",-1.5982,4.35227,-5.95047
K;N,F;K,"253,114",-1.5987,-4.08345,2.48475
A;S,T;E,"180,136",-1.59901,1.8770639999999998,-3.4760739999999997
R;S,V;H,"34,187",-1.59904,3.141858,-4.740898
L;S,E;H,"216,187",-1.59937,1.1727180000000001,-2.772088
M;S,L;P,"262,188",-1.59966,-9.023855,7.424194999999999
L;T,K;Y,"249,189",-1.59997,2.067662,-3.667632
Q;K,V;L,"127,253",-1.60064,0.16144000000000003,-1.76208
A;I,N;H,"226,168",-1.60074,-0.30624000000000007,-1.2945
N;S,K;V,"138,223",-1.60086,2.41985,-4.020709999999999
T;C,M;A,"51,289",-1.6017,1.2296312,-2.8313312
S;R,N;V,"124,34",-1.60182,7.3971,-8.99892
T;Q,V;N,"72,133",-1.60195,2.4404500000000002,-4.042400000000001
F;S,W;P,"271,188",-1.60198,1.690515,-3.2924949999999997
L;S,M;P,"216,188",-1.60307,1.273625,-2.876695
P;N,D;Y,"197,37",-1.60334,2.259011,-3.8623510000000003
V;T,C;V,"281,72",-1.60346,2.4433800000000003,-4.04684
R;N,L;T,"53,190",-1.60356,2.71962,-4.32318
A;S,M;Y,"135,242",-1.60392,2.75144,-4.35536
F;H,E;L,"271,104",-1.60509,4.249079999999999,-5.854169999999999
S;Q,N;I,"124,182",-1.60676,3.3571899999999997,-4.96395
S;R,K;P,"124,280",-1.60979,3.97989,-5.58968
D;L,V;W,"186,216",-1.60984,3.15967,-4.76951
G;T,S;Y,"243,189",-1.61009,1.7082519999999999,-3.318342
L;S,I;T,"216,121",-1.61052,2.74468,-4.3552
L;N,F;T,"216,190",-1.61218,2.43023,-4.04241
A;K,M;F,"135,253",-1.61305,-1.18658,-0.4264700000000001
R;A,V;W,"34,65",-1.61326,4.41396,-6.02722
S;Q,T;T,"121,91",-1.61357,2.58853,-4.2021
G;S,K;D,"243,58",-1.61503,4.93658,-6.55161
D;M,L;H,"220,161",-1.61531,2.27732,-3.89263
T;H,L;R,"72,104",-1.61556,2.55021,-4.16577
R;R,A;Q,"90,224",-1.6157,-5.2563889999999995,3.6406889999999996
Q;S,N;E,"127,121",-1.61583,-4.78133,3.1654999999999998
I;Q,V;V,"200,127",-1.61587,2.5122999999999998,-4.12817
G;T,A;L,"243,72",-1.61598,2.8131199999999996,-4.4291
R;M,V;L,"34,154",-1.61624,4.67644,-6.292680000000001
S;N,T;K,"121,138",-1.61644,2.5949999999999998,-4.21144
Q;Q,I;Y,"127,119",-1.61651,-2.4331300000000002,0.8166200000000003
A;S,V;T,"65,121",-1.617,3.4144200000000002,-5.031420000000001
H;Q,R;L,"104,182",-1.61705,-0.50335,-1.1137000000000001
S;R,E;A,"207,90",-1.61739,-4.659409999999999,3.042019999999999
T;P,E;L,"270,38",-1.61847,4.90729,-6.52576
A;S,M;H,"135,214",-1.61881,-0.6043999999999998,-1.0144100000000003
K;N,L;H,"253,205",-1.61882,-0.128139,-1.490681
F;T,E;K,"271,88",-1.61939,3.9441699999999997,-5.56356
K;S,V;T,"253,214",-1.61991,-2.0974180000000002,0.47750800000000027
I;N,V;H,"200,205",-1.62041,2.222721,-3.8431309999999996
R;T,P;Y,"280,189",-1.62079,1.444832,-3.065622
S;R,K;T,"58,90",-1.62079,-5.61242,3.9916300000000002
Q;R,K;N,"127,132",-1.62106,3.98283,-5.60389
Q;M,N;L,"133,262",-1.62129,-7.60824,5.98695
S;S,Y;H,"242,187",-1.62143,1.048788,-2.670218
S;N,N;T,"124,190",-1.62168,5.25622,-6.8779
M;T,H;Y,"161,189",-1.62252,0.445142,-2.067662
I;R,L;T,"111,90",-1.62329,-5.19671,3.5734200000000005
T;A,D;N,"88,226",-1.62334,3.4256599999999997,-5.0489999999999995
M;N,L;K,"154,138",-1.62424,2.67765,-4.30189
R;M,N;V,"132,154",-1.62441,-1.0350000000000001,-0.5894099999999998
S;F,E;M,"207,191",-1.62441,1.683572,-3.307982
P;T,D;M,"197,51",-1.62458,2.88797,-4.51255
H;K,L;F,"104,253",-1.625,-1.1593200000000001,-0.46567999999999987
S;T,T;L,"124,72",-1.62523,3.4089,-5.03413
I;A,V;M,"200,65",-1.62533,2.55531,-4.18064
I;S,L;Y,"145,269",-1.62538,0.5735449999999999,-2.198925
G;S,K;E,"243,136",-1.62553,3.356674,-4.982203999999999
Q;F,V;M,"182,191",-1.62699,-1.898688,0.271698
V;Q,D;M,"57,127",-1.62716,1.715657,-3.342817
P;M,D;L,"197,262",-1.62759,-7.25476,5.62717
I;R,L;P,"111,90",-1.62822,-13.45332,11.825099999999999
I;N,L;K,"111,138",-1.62831,2.84388,-4.472189999999999
R;S,Q;P,"224,188",-1.6287,0.6052759999999999,-2.233976
Q;I,I;L,"127,111",-1.62971,3.66829,-5.298
Q;R,I;A,"182,90",-1.63041,-6.815709999999999,5.1853
F;R,E;Q,"271,224",-1.63059,3.460101,-5.090691
Q;S,A;Y,"127,269",-1.63128,-0.188199,-1.443081
R;Q,A;V,"90,182",-1.63172,-8.24167,6.6099499999999995
Q;T,K;Y,"127,189",-1.63254,2.165652,-3.7981920000000002
Q;Q,V;F,"127,182",-1.63402,-0.9019899999999998,-0.7320300000000002
Q;S,I;V,"127,58",-1.63599,3.74834,-5.38433
A;N,N;H,"226,205",-1.63611,2.3750109999999998,-4.011120999999999
F;R,W;A,"271,90",-1.63651,-4.17115,2.53464
T;K,M;F,"29,253",-1.63679,-9.6822,8.04541
L;T,K;V,"249,72",-1.637,3.13446,-4.771459999999999
L;S,E;W,"216,58",-1.63784,2.48498,-4.12282
T;V,M;C,"51,281",-1.63813,2.53742,-4.17555
A;S,L;Y,"65,242",-1.64011,2.46969,-4.1098
D;C,L;S,"220,289",-1.64084,0.82168,-2.46252
R;R,T;Q,"90,224",-1.64085,-5.956589,4.315739000000001
K;S,F;H,"253,187",-1.64085,-2.8892320000000002,1.2483820000000003
T;S,K;Y,"88,242",-1.64136,2.47379,-4.11515
Q;S,W;H,"133,187",-1.64143,1.8538780000000001,-3.495308
K;N,V;K,"253,233",-1.64147,-1.443268,-0.198202
G;T,A;Y,"243,189",-1.64234,1.613182,-3.255522
Q;Q,I;E,"127,133",-1.64239,4.20015,-5.84254
K;Q,Y;Y,"253,119",-1.64326,-7.034660000000001,5.391400000000001
I;S,V;K,"200,58",-1.64344,2.43383,-4.07727
A;R,P;P,"152,90",-1.64391,-13.191030000000001,11.547120000000001
A;F,F;M,"65,191",-1.64421,1.470612,-3.114822
T;K,M;V,"29,253",-1.6446,-8.70426,7.059659999999999
I;L,L;E,"111,216",-1.6447,2.87353,-4.51823
C;S,A;F,"289,238",-1.64501,-0.9363087999999999,-0.7087012000000001
N;K,T;Y,"190,253",-1.64534,-1.3534099999999998,-0.29193000000000024
Q;F,Y;M,"119,191",-1.64629,-4.254948000000001,2.6086580000000006
F;S,E;E,"271,207",-1.64638,4.05708,-5.70346
A;R,L;A,"65,90",-1.64683,-4.77642,3.12959
R;R,V;Q,"34,132",-1.6471,4.93352,-6.58062
R;L,L;F,"53,216",-1.64738,2.86823,-4.515610000000001
R;A,N;N,"132,226",-1.64817,3.4118899999999996,-5.06006
S;K,N;L,"124,253",-1.6482,3.0531099999999998,-4.701309999999999
S;T,H;Y,"214,189",-1.64856,-2.0133579999999998,0.36479799999999973
T;S,N;H,"88,214",-1.64877,-1.0071999999999999,-0.6415700000000002
S;K,P;V,"245,253",-1.64896,-0.42294999999999994,-1.22601
L;S,E;E,"216,136",-1.64923,1.6111240000000002,-3.2603540000000004
T;G,V;S,"198,243",-1.64938,3.12111,-4.77049
R;S,T;F,"90,238",-1.65042,-7.60893,5.95851
D;Q,Q;N,"220,127",-1.65065,5.22067,-6.87132
G;D,Q;N,"243,186",-1.65198,3.8856059000000003,-5.5375859
R;S,P;H,"280,187",-1.65236,1.151138,-2.8034980000000003
D;Q,K;M,"263,127",-1.6525,1.806527,-3.459027
T;C,V;A,"72,289",-1.65271,1.1355912000000001,-2.7883012000000003
P;N,D;K,"197,233",-1.65322,1.901462,-3.5546819999999997
N;K,I;L,"37,253",-1.65342,0.79938,-2.4528
Q;I,L;R,"182,168",-1.65399,-16.45646,14.80247
H;S,L;Y,"104,242",-1.65423,2.7786999999999997,-4.43293
S;N,P;K,"125,114",-1.65433,-0.11987999999999999,-1.53445
R;S,Q;Y,"132,242",-1.6549,2.8404499999999997,-4.49535
T;H,K;R,"88,104",-1.65546,2.48158,-4.13704
L;H,E;M,"216,104",-1.65547,2.60672,-4.26219
I;S,L;V,"145,223",-1.65592,2.44215,-4.09807
F;H,W;R,"271,104",-1.65649,3.08275,-4.73924
L;A,Q;F,"216,65",-1.65659,2.8542899999999998,-4.51088
L;R,Q;T,"216,90",-1.6566,-5.08852,3.43192
L;M,I;L,"216,154",-1.65678,2.82733,-4.484109999999999
V;N,C;K,"281,233",-1.65734,1.550912,-3.208252
A;K,W;F,"65,253",-1.6575,-1.61713,-0.04037000000000002
S;Q,V;T,"223,127",-1.65804,1.8424239999999998,-3.500464
T;N,D;T,"88,190",-1.65821,3.12562,-4.78383
Q;F,I;M,"182,191",-1.65983,-0.472728,-1.1871019999999999
H;S,R;H,"104,187",-1.65986,1.056578,-2.716438
Q;R,I;S,"127,90",-1.6603,-4.07223,2.41193
A;A,T;D,"180,226",-1.66059,-4.99024,3.32965
F;Q,M;T,"271,127",-1.6608,2.8620840000000003,-4.522884
Q;S,R;E,"127,136",-1.66093,2.544324,-4.205254
R;R,V;K,"34,53",-1.66098,4.49798,-6.15896
Q;K,E;Y,"133,253",-1.66181,-0.40138000000000007,-1.26043
N;R,K;K,"138,53",-1.66182,2.49919,-4.16101
T;G,V;A,"198,243",-1.6622,3.02604,-4.68824
R;A,V;L,"34,65",-1.66299,4.56276,-6.22575
F;I,M;V,"271,200",-1.66327,3.44517,-5.10844
S;V,D;C,"58,281",-1.66463,3.1012,-4.76583
M;N,V;H,"154,205",-1.66495,-2.071879,0.4069290000000001
A;S,L;H,"65,214",-1.66839,-0.88615,-0.78224
M;S,L;H,"154,214",-1.66878,-0.77247,-0.8963099999999999
I;K,L;L,"145,252",-1.66898,2.54886,-4.21784
S;G,A;S,"124,243",-1.66933,3.69724,-5.366569999999999
H;M,R;L,"104,262",-1.66974,-7.63162,5.96188
S;S,H;P,"187,188",-1.66978,-0.335657,-1.334123
S;K,K;L,"58,253",-1.66992,0.08296999999999999,-1.75289
A;A,V;M,"65,135",-1.67007,3.66514,-5.33521
L;S,I;H,"216,187",-1.67029,1.292748,-2.963038
C;N,A;K,"289,233",-1.67029,0.24312319999999998,-1.9134132
T;T,N;Y,"198,189",-1.67063,1.310312,-2.9809419999999998
H;L,T;E,"104,216",-1.67115,2.9544,-4.6255500000000005
M;C,L;A,"262,289",-1.67117,-8.9130988,7.2419288
G;E,T;K,"251,231",-1.67155,2.72417,-4.39572
F;L,M;E,"271,216",-1.67174,3.4691600000000005,-5.1409
A;Q,M;T,"135,127",-1.67274,2.268294,-3.941034
A;R,P;A,"152,90",-1.67299,-4.23422,2.5612299999999997
C;S,A;T,"289,214",-1.67342,-0.4110268,-1.2623932
I;Q,L;T,"111,127",-1.67373,2.266454,-3.940184
S;S,Q;H,"188,214",-1.67531,-3.60405,1.92874
L;A,I;W,"216,65",-1.67575,2.56485,-4.2406
Q;Q,E;Y,"133,119",-1.67594,-2.4476000000000004,0.7716600000000005
F;T,E;Q,"271,88",-1.67635,3.86827,-5.54462
R;G,P;A,"280,165",-1.6768,-3.29685,1.62005
Q;R,N;D,"133,90",-1.678,-11.31391,9.635909999999999
A;L,N;W,"226,216",-1.67866,2.8117099999999997,-4.4903699999999995
R;Q,Q;T,"132,127",-1.67878,2.357304,-4.036084
I;R,V;A,"200,280",-1.67954,0.914253,-2.593793
Q;N,T;Y,"91,37",-1.68002,1.962171,-3.6421910000000004
G;T,L;M,"243,51",-1.68079,4.97336,-6.65415
Q;N,N;Y,"127,37",-1.68094,3.0384710000000004,-4.719411000000001
G;F,Q;M,"243,271",-1.68173,6.0281,-7.70983
P;Q,L;M,"38,127",-1.6828,1.8585470000000002,-3.541347
R;Q,T;L,"90,182",-1.68283,-8.45745,6.77462
Q;S,L;P,"127,125",-1.6829,2.76386,-4.44676
P;R,D;D,"197,90",-1.68328,-10.960429999999999,9.277149999999999
N;I,I;V,"37,200",-1.68408,3.15024,-4.83432
A;Q,M;T,"135,91",-1.68471,2.83925,-4.52396
I;S,L;H,"145,187",-1.68513,1.165368,-2.850498
K;S,V;E,"253,121",-1.68529,-8.90552,7.220229999999999
G;H,Q;L,"243,104",-1.68678,5.46157,-7.14835
T;Q,K;T,"88,127",-1.6878,1.990644,-3.678444
Q;S,R;T,"127,214",-1.68811,1.9197920000000002,-3.607902
S;S,E;P,"136,188",-1.68846,0.10274900000000001,-1.791209
R;R,P;D,"280,90",-1.68901,-11.24273,9.55372
D;R,Q;P,"220,280",-1.68992,4.15891,-5.8488299999999995
H;A,R;E,"104,152",-1.69063,2.3627700000000003,-4.0534
A;F,L;M,"65,191",-1.6907,1.566562,-3.257262
S;Q,Y;L,"242,182",-1.69101,-0.5111399999999999,-1.17987
N;R,I;T,"37,90",-1.69171,-4.89601,3.2043000000000004
T;M,E;H,"270,161",-1.69308,3.81742,-5.5104999999999995
R;Q,P;I,"90,182",-1.69451,-15.77252,14.07801
A;Q,T;I,"180,182",-1.6958,0.8202699999999999,-2.51607
S;L,N;Q,"124,216",-1.696,5.78458,-7.48058
D;Q,Q;N,"220,133",-1.69699,4.08773,-5.78472
G;M,L;L,"243,262",-1.69962,-5.169370000000001,3.469750000000001
L;Q,Q;I,"216,182",-1.70006,0.91095,-2.61101
R;I,N;L,"132,145",-1.70015,3.2762399999999996,-4.976389999999999
A;T,N;N,"226,88",-1.70171,2.60087,-4.30258
L;Q,Q;Y,"216,119",-1.70268,-2.87127,1.16859
K;G,V;A,"253,165",-1.70285,-6.35928,4.65643
H;V,M;C,"104,281",-1.70288,2.51689,-4.2197700000000005
Q;Q,N;L,"133,182",-1.70303,-0.47997,-1.22306
Q;S,V;P,"127,188",-1.70383,1.0279150000000001,-2.731745
Q;A,I;P,"127,152",-1.70393,3.93058,-5.63451
T;S,E;H,"270,214",-1.70559,1.35892,-3.06451
Q;K,I;F,"182,253",-1.70617,-3.50762,1.8014500000000002
S;V,P;C,"245,281",-1.70692,2.57123,-4.27815
R;T,P;M,"280,29",-1.707,-5.641830000000001,3.9348300000000007
M;R,V;A,"154,280",-1.7072,-3.380347,1.673147
R;S,V;T,"34,121",-1.70728,4.59379,-6.30107
L;R,E;D,"216,90",-1.70797,-11.22115,9.51318
T;Q,N;M,"198,127",-1.70845,1.633847,-3.3422970000000003
S;M,K;V,"58,154",-1.70873,-1.86077,0.15203999999999995
A;S,L;Y,"65,269",-1.70892,0.5494149999999999,-2.2583349999999998
Q;I,R;L,"127,111",-1.71034,3.80673,-5.51707
H;S,L;H,"104,214",-1.71078,-0.57714,-1.13364
L;S,E;V,"216,223",-1.71218,2.4495,-4.1616800000000005
Q;T,I;D,"127,88",-1.71356,4.0921199999999995,-5.80568
R;R,L;P,"53,90",-1.71367,-13.43549,11.72182
L;S,E;F,"216,238",-1.7137,0.4613100000000001,-2.1750100000000003
N;A,K;L,"138,65",-1.71387,2.56397,-4.277839999999999
Q;K,R;L,"127,252",-1.71449,3.4894100000000003,-5.203900000000001
T;N,K;K,"88,138",-1.71473,2.5680699999999996,-4.2828
S;G,A;A,"124,243",-1.71484,3.60217,-5.31701
L;Q,M;T,"216,127",-1.71501,2.174924,-3.889934
F;Q,E;K,"271,127",-1.71537,4.67079,-6.38616
S;S,N;V,"124,223",-1.71573,5.2523599999999995,-6.968089999999999
Q;G,N;A,"133,165",-1.71596,-3.36803,1.6520700000000001
H;F,T;M,"104,191",-1.71641,1.927342,-3.643752
G;S,Q;H,"243,187",-1.71657,3.731658,-5.448228
S;M,P;H,"245,161",-1.71765,1.63979,-3.35744
Q;K,V;L,"182,253",-1.71818,-3.24648,1.5283
A;L,P;I,"152,216",-1.7182,3.2558499999999997,-4.97405
G;T,L;V,"243,72",-1.7185,4.87932,-6.59782
N;A,K;E,"138,152",-1.71868,2.4492599999999998,-4.16794
M;G,L;T,"154,254",-1.71969,-3.45291,1.7332200000000002
M;F,L;M,"154,191",-1.72026,1.680242,-3.400502
Q;T,I;Q,"127,88",-1.72046,3.31658,-5.03704
R;N,T;H,"90,205",-1.72113,-5.823529000000001,4.102399
R;R,V;Q,"34,224",-1.72197,4.082791,-5.804761
S;N,T;K,"124,233",-1.72253,2.383292,-4.105822
D;Q,L;E,"220,127",-1.72274,3.45003,-5.17277
R;S,V;E,"34,207",-1.72314,4.67977,-6.40291
F;K,M;L,"271,253",-1.72327,1.0943100000000001,-2.8175800000000004
H;K,M;V,"104,253",-1.72348,-0.47729,-1.24619
T;K,E;V,"270,253",-1.72349,1.7546799999999998,-3.4781699999999995
P;S,D;T,"197,214",-1.72413,1.247312,-2.9714419999999997
K;S,V;E,"253,136",-1.72497,-1.472886,-0.252084
Q;S,T;H,"127,187",-1.72512,0.565642,-2.290762
V;S,C;Q,"281,188",-1.72539,-0.21411000000000002,-1.51128
R;A,V;E,"34,152",-1.72569,4.44805,-6.1737400000000004
A;Q,L;T,"65,91",-1.72597,2.5575,-4.28347
L;S,Q;V,"216,58",-1.72733,3.3102,-5.03753
Q;L,E;F,"133,216",-1.7276,3.3822599999999996,-5.109859999999999
V;S,C;E,"281,136",-1.7291,1.5212940000000001,-3.250394
N;Q,K;L,"138,182",-1.73013,-0.41686,-1.31327
R;K,N;L,"132,253",-1.73129,0.9087399999999999,-2.64003
H;S,T;P,"104,188",-1.73163,1.4460250000000001,-3.177655
D;L,L;K,"220,249",-1.73238,3.89984,-5.63222
S;Q,H;Y,"214,119",-1.73239,-6.707660000000001,4.97527
R;N,Q;K,"132,138",-1.73597,2.93473,-4.6707
N;S,L;F,"138,238",-1.73625,0.35233000000000003,-2.0885800000000003
R;S,P;E,"280,136",-1.73708,1.589544,-3.326624
G;S,K;Q,"243,188",-1.73758,1.62127,-3.35885
S;F,E;M,"115,191",-1.73884,1.984472,-3.723312
Q;N,K;K,"127,233",-1.73935,2.339982,-4.079332
Q;A,W;L,"133,65",-1.73976,3.27478,-5.01454
I;R,L;D,"111,90",-1.73985,-10.972719999999999,9.232869999999998
L;L,K;F,"249,117",-1.74017,-0.39477000000000007,-1.3454
A;S,V;V,"65,223",-1.74027,3.2392700000000003,-4.97954
Q;S,K;Y,"127,242",-1.74092,3.2004099999999998,-4.94133
S;R,Y;Q,"242,224",-1.74223,1.9897209999999999,-3.7319509999999996
L;S,M;Y,"216,242",-1.74227,2.65807,-4.40034
A;Q,L;T,"65,127",-1.74284,1.9865439999999999,-3.7293839999999996
R;S,P;F,"280,238",-1.74336,0.43972999999999995,-2.18309
G;T,S;M,"243,51",-1.74366,2.86909,-4.61275
S;Q,P;M,"125,127",-1.74398,1.691567,-3.435547
Q;S,W;V,"133,223",-1.745,3.1306599999999998,-4.87566
A;R,V;K,"65,53",-1.74536,3.3186100000000005,-5.06397
R;M,S;V,"90,154",-1.74568,-9.18558,7.4399
K;I,Y;R,"253,168",-1.74571,-17.25092,15.50521
Q;R,W;A,"133,280",-1.74596,1.6194030000000001,-3.3653630000000003
Q;M,W;L,"133,154",-1.7471,3.3884600000000002,-5.13556
S;S,E;Y,"207,242",-1.74792,2.5867,-4.33462
G;S,S;F,"243,238",-1.74808,0.7031499999999999,-2.45123
F;A,E;F,"271,65",-1.74946,3.8441199999999998,-5.593579999999999
G;S,Q;Q,"243,188",-1.7496,2.43466,-4.18426
I;S,L;H,"111,214",-1.75005,-0.6062399999999999,-1.1438100000000002
S;D,T;L,"124,220",-1.75121,4.04114,-5.792350000000001
E;G,K;H,"231,251",-1.75205,2.5084400000000002,-4.260490000000001
G;A,Q;M,"243,135",-1.75253,5.43431,-7.18684
S;S,Y;P,"269,188",-1.75311,-0.9274800000000001,-0.8256299999999999
R;C,D;A,"90,289",-1.75376,-12.6187688,10.8650088
R;K,N;V,"90,253",-1.75421,-14.329559999999999,12.575349999999998
Q;H,L;R,"127,104",-1.75444,2.7461,-4.50054
L;S,I;Q,"216,188",-1.75444,-0.004250000000000087,-1.75019
I;R,L;S,"145,90",-1.7548,-4.87434,3.11954
F;A,E;E,"271,152",-1.75572,3.82536,-5.58108
S;C,A;S,"124,289",-1.75587,0.9784900000000001,-2.73436
I;R,L;T,"145,90",-1.75601,-5.45249,3.69648
Q;Q,W;V,"133,182",-1.7566,-0.19046999999999992,-1.56613
P;G,D;A,"197,165",-1.75749,-3.01455,1.2570599999999998
Q;R,W;K,"133,53",-1.75754,3.21,-4.96754
Q;S,N;M,"127,238",-1.75775,4.56203,-6.31978
T;R,V;P,"198,280",-1.7586,2.85769,-4.616289999999999
T;V,E;D,"270,57",-1.75896,4.7644,-6.52336
A;M,V;L,"65,154",-1.75963,3.49707,-5.2567
S;Q,T;T,"121,127",-1.7598,2.017574,-3.777374
A;I,V;L,"65,111",-1.76005,3.6633000000000004,-5.42335
A;Q,E;T,"152,127",-1.76008,1.8718340000000002,-3.631914
Q;N,N;K,"133,233",-1.76161,1.547982,-3.309592
F;Q,E;V,"271,182",-1.76162,0.4748199999999998,-2.23644
Q;T,W;K,"133,88",-1.76225,3.27888,-5.04113
R;F,V;W,"34,271",-1.76291,5.16803,-6.93094
A;L,M;I,"135,216",-1.76293,2.9954,-4.75833
S;S,K;P,"58,188",-1.76293,0.949445,-2.712375
S;Q,N;K,"124,127",-1.76302,6.1272,-7.89022
L;H,Q;T,"216,104",-1.7635,3.31102,-5.07452
T;S,D;P,"88,188",-1.76392,1.788985,-3.552905
G;N,S;K,"243,233",-1.76438,1.882582,-3.6469620000000003
D;T,K;Y,"263,189",-1.76535,1.4829919999999999,-3.248342
Q;R,N;N,"133,90",-1.76626,-11.33831,9.57205
Q;S,V;Y,"182,269",-1.76673,-2.915835,1.149105
A;H,M;R,"135,104",-1.76781,2.75923,-4.52704
R;R,N;T,"132,90",-1.76843,-4.78665,3.01822
G;A,Q;W,"243,65",-1.76894,5.00376,-6.7726999999999995
S;S,P;F,"125,238",-1.76995,0.36293,-2.13288
H;Q,L;T,"104,91",-1.77023,2.86651,-4.63674
F;K,W;F,"271,253",-1.77033,-0.8630600000000002,-0.9072699999999998
A;R,T;S,"180,90",-1.77124,-4.601050000000001,2.829810000000001
H;G,M;H,"104,251",-1.77127,2.47026,-4.24153
L;R,W;S,"216,90",-1.77132,-4.808680000000001,3.0373600000000005
L;S,I;V,"216,223",-1.77165,2.56953,-4.34118
K;S,Y;F,"253,238",-1.77176,-3.34546,1.5737
L;R,I;K,"216,53",-1.77265,2.64887,-4.42152
G;M,S;L,"243,262",-1.77379,-7.27364,5.49985
C;G,A;A,"289,165",-1.77474,-4.6728888,2.8981488
V;G,C;A,"281,165",-1.775,-3.3651,1.5901
G;T,S;V,"243,72",-1.77578,2.7750500000000002,-4.55083
V;T,C;M,"281,29",-1.77626,-5.7100800000000005,3.9338200000000008
G;R,Q;K,"243,53",-1.77635,5.08778,-6.86413
A;S,T;T,"180,121",-1.77672,2.89059,-4.6673100000000005
G;R,K;N,"243,90",-1.77716,-9.5,7.72284
L;I,Q;L,"216,145",-1.77724,2.97437,-4.7516099999999994
K;A,L;D,"253,226",-1.77731,-7.631030000000001,5.853720000000001
V;N,D;K,"57,114",-1.77757,-0.09579000000000004,-1.68178
Q;A,E;N,"133,226",-1.77787,3.53369,-5.31156
P;T,L;L,"38,72",-1.77879,2.73495,-4.51374
S;S,T;F,"124,238",-1.77886,1.20386,-2.98272
H;Q,M;N,"104,133",-1.77946,2.51396,-4.29342
M;D,V;N,"154,186",-1.78019,-2.9919241,1.2117341
D;V,Q;C,"220,281",-1.78026,4.09066,-5.87092
Q;R,K;S,"127,90",-1.78029,-4.16775,2.38746
T;N,M;L,"51,138",-1.78043,2.5182700000000002,-4.2987
S;Q,E;T,"115,127",-1.78082,2.404454,-4.185274
S;V,M;C,"238,281",-1.78116,3.4320199999999996,-5.2131799999999995
S;I,H;R,"214,168",-1.78141,-16.92392,15.14251
R;A,V;M,"34,135",-1.78165,4.8445100000000005,-6.6261600000000005
I;Q,V;Y,"200,119",-1.78294,-3.2518800000000003,1.4689400000000004
D;R,V;A,"186,90",-1.78308,-4.26868,2.4856
F;S,W;Y,"271,242",-1.78456,3.07496,-4.85952
Q;L,I;W,"127,216",-1.78475,3.47817,-5.26292
R;T,V;K,"34,88",-1.78688,4.56686,-6.35374
P;S,D;W,"197,58",-1.78776,2.7457000000000003,-4.53346
Q;A,K;D,"127,226",-1.78817,-4.556940000000001,2.768770000000001
A;L,N;F,"226,216",-1.78883,2.73027,-4.5191
K;Q,L;Y,"253,119",-1.78916,-5.602740000000001,3.813580000000001
L;T,E;M,"216,29",-1.7905,-5.62025,3.8297500000000007
A;K,P;F,"152,253",-1.79063,-0.9261300000000001,-0.8644999999999998
N;R,T;P,"190,90",-1.79091,-13.87349,12.08258
Q;R,W;Q,"133,132",-1.79149,3.64554,-5.43703
A;S,V;H,"65,187",-1.79349,1.9624880000000002,-3.7559780000000003
K;S,F;E,"253,121",-1.79361,-9.88346,8.08985
Q;G,R;A,"127,165",-1.79454,-2.3420699999999997,0.5475299999999996
T;R,Q;A,"88,90",-1.79468,-4.8482199999999995,3.0535399999999995
Q;R,V;T,"127,90",-1.79487,-5.53395,3.73908
Q;D,T;N,"91,186",-1.79492,1.2905459,-3.0854659
S;R,T;A,"121,90",-1.79497,-4.7453899999999996,2.9504199999999994
K;R,Y;S,"253,90",-1.79538,-8.67376,6.87838
T;S,Q;H,"88,214",-1.79563,-0.9579499999999999,-0.8376800000000002
S;P,K;D,"124,197",-1.79575,4.26219,-6.05794
R;S,N;Y,"132,269",-1.79623,1.239385,-3.035615
M;I,V;H,"154,168",-1.79638,-4.7531300000000005,2.9567500000000004
S;F,N;E,"124,271",-1.79644,6.77441,-8.57085
S;N,E;K,"207,138",-1.79756,2.68098,-4.47854
N;S,L;K,"138,58",-1.79794,2.34884,-4.14678
N;S,K;H,"138,187",-1.79844,1.143068,-2.941508
A;K,P;L,"152,253",-1.79878,0.7609699999999999,-2.55975
S;Q,P;N,"245,133",-1.79899,2.5683,-4.36729
S;R,N;T,"124,90",-1.79935,-2.6422800000000004,0.8429300000000004
Q;S,K;E,"127,115",-1.79951,3.71077,-5.51028
Q;S,T;T,"91,214",-1.79971,0.950472,-2.7501819999999997
R;Q,Q;T,"132,91",-1.80017,2.92826,-4.7284299999999995
S;V,K;C,"124,281",-1.80279,3.9116400000000002,-5.71443
F;Q,W;T,"271,127",-1.80403,2.591814,-4.395844
G;S,Q;V,"243,223",-1.80495,5.00844,-6.81339
G;T,A;M,"243,51",-1.80563,2.77402,-4.57965
F;L,E;M,"271,216",-1.80613,4.12845,-5.93458
P;T,D;M,"197,29",-1.80618,-5.35953,3.5533500000000005
Q;K,I;L,"182,253",-1.80619,-1.8205200000000001,0.014330000000000176
R;S,N;H,"132,214",-1.80678,-0.19618000000000002,-1.6106
S;K,V;F,"223,253",-1.8069,-1.6124500000000002,-0.1944499999999998
S;S,M;P,"238,125",-1.80724,3.42347,-5.23071
Q;L,N;F,"127,117",-1.80758,0.0441600000000002,-1.8517400000000002
T;F,Q;M,"88,191",-1.80776,1.4947620000000001,-3.302522
S;S,N;Y,"124,242",-1.80867,5.30403,-7.1127
H;N,T;K,"104,138",-1.80878,2.92475,-4.73353
Q;A,W;F,"133,65",-1.80982,3.17883,-4.98865
S;R,V;T,"58,90",-1.81027,-5.11666,3.3063900000000004
A;Q,N;A,"226,127",-1.81096,1.9843060000000001,-3.795266
S;A,Y;F,"242,65",-1.81156,2.3737399999999997,-4.1853
D;C,Q;A,"220,289",-1.81161,2.7828711999999998,-4.5944812
A;G,T;A,"180,165",-1.81178,-3.00933,1.19755
Q;A,W;E,"133,152",-1.81211,3.16007,-4.97218
Q;N,K;H,"127,205",-1.81255,2.945951,-4.758501
Q;N,E;T,"133,190",-1.81269,3.23365,-5.04634
G;M,A;L,"243,262",-1.81367,-7.36871,5.55504
I;R,V;S,"200,90",-1.81423,-4.890980000000001,3.0767500000000005
P;L,D;F,"197,117",-1.81439,-0.7353000000000001,-1.0790899999999999
S;L,K;K,"124,249",-1.81655,4.60272,-6.41927
F;N,E;I,"271,37",-1.81731,4.52068,-6.33799
L;Q,Q;V,"216,127",-1.81738,2.89291,-4.7102900000000005
G;S,Q;E,"243,207",-1.81764,5.26957,-7.08721
Q;S,W;K,"133,58",-1.81791,3.13898,-4.95689
S;M,T;L,"124,262",-1.8183,-6.772930000000001,4.954630000000001
F;S,M;P,"271,188",-1.81841,1.9607850000000002,-3.7791950000000005
G;Q,L;L,"243,182",-1.81988,1.9588999999999999,-3.77878
D;S,L;N,"220,103",-1.82023,3.47516,-5.295389999999999
T;S,N;P,"88,188",-1.8204,0.964195,-2.784595
S;S,D;H,"58,214",-1.82085,-0.28874,-1.53211
L;T,Q;Q,"216,88",-1.82131,2.8784400000000003,-4.69975
S;R,E;A,"115,90",-1.82174,-4.35851,2.5367699999999997
Q;L,I;Q,"127,216",-1.82176,3.7764800000000003,-5.5982400000000005
Q;R,V;A,"127,90",-1.82198,-4.833749999999999,3.0117699999999994
Q;R,T;K,"91,53",-1.82328,2.4927200000000003,-4.316000000000001
G;T,A;V,"243,72",-1.82348,2.67998,-4.5034600000000005
N;S,K;H,"233,214",-1.8237,-1.8390279999999999,0.015327999999999786
D;N,L;L,"220,138",-1.82468,3.18961,-5.01429
S;C,P;A,"245,289",-1.82475,1.2634412000000002,-3.0881912000000002
H;L,L;E,"104,216",-1.82499,2.9026300000000003,-4.72762
T;F,D;M,"88,191",-1.82509,2.270302,-4.095392
T;K,L;V,"72,253",-1.82574,-0.41766000000000014,-1.4080799999999998
T;T,L;N,"72,198",-1.82666,2.51025,-4.33691
M;Q,L;T,"154,127",-1.82718,2.100224,-3.927404
A;K,M;L,"65,253",-1.82735,0.20445000000000002,-2.0318
S;P,D;D,"58,197",-1.82755,3.4517499999999997,-5.279299999999999
G;M,Q;L,"243,154",-1.8278,5.26624,-7.09404
A;R,V;Q,"65,132",-1.8278,3.75415,-5.58195
Q;S,W;E,"133,207",-1.82796,3.3917900000000003,-5.21975
Q;R,W;Q,"133,224",-1.8283,2.794811,-4.623111
K;G,L;H,"252,251",-1.82872,2.41975,-4.24847
Q;L,L;C,"127,249",-1.82897,2.69343,-4.5224
N;S,I;P,"37,188",-1.82916,1.665855,-3.495015
T;M,V;H,"198,161",-1.82969,1.8579999999999999,-3.68769
G;A,Q;L,"243,65",-1.82978,5.15256,-6.982340000000001
Q;H,W;L,"133,104",-1.83091,3.58379,-5.4147
R;L,T;F,"90,117",-1.83096,-9.06626,7.2353
P;S,D;E,"197,136",-1.83107,1.8718439999999998,-3.702914
R;R,P;K,"280,53",-1.83165,2.50726,-4.33891
S;C,D;A,"58,289",-1.83168,1.7934112,-3.6250912
Q;F,A;M,"127,191",-1.83181,0.828948,-2.660758
A;T,T;M,"180,29",-1.83192,-5.35431,3.5223899999999997
L;Q,F;F,"216,182",-1.83193,-0.8363099999999999,-0.9956200000000002
S;C,W;A,"58,289",-1.83219,1.0873612000000001,-2.9195512
A;Q,P;T,"152,127",-1.83264,2.528744,-4.361384
V;L,C;F,"281,117",-1.83338,-1.08585,-0.74753
S;T,T;V,"124,72",-1.83376,3.27576,-5.10952
R;N,N;T,"132,190",-1.83463,3.11185,-4.94648
M;Q,L;T,"154,91",-1.83583,2.6711799999999997,-4.507009999999999
P;S,D;P,"197,245",-1.83594,2.92178,-4.75772
I;S,L;P,"145,188",-1.83606,1.109375,-2.945435
F;N,M;K,"271,138",-1.83644,3.4395100000000003,-5.27595
S;S,N;E,"124,115",-1.83844,5.8143899999999995,-7.65283
T;M,L;H,"72,161",-1.83868,1.6450799999999999,-3.48376
E;S,K;D,"231,103",-1.83894,2.62173,-4.46067
F;Q,M;W,"271,133",-1.83905,4.150320000000001,-5.989370000000001
R;Q,V;V,"34,127",-1.83947,4.5054300000000005,-6.344900000000001
A;T,V;K,"65,88",-1.84125,3.38749,-5.22874
Q;K,M;V,"127,253",-1.84146,-1.294063,-0.5473970000000001
I;Q,L;Y,"145,119",-1.84178,-3.23524,1.3934600000000001
N;R,K;Q,"138,224",-1.84195,2.0840009999999998,-3.9259509999999995
G;L,Q;M,"243,216",-1.8423,5.34094,-7.18324
S;L,E;Q,"115,216",-1.84415,3.36815,-5.2123
I;A,L;E,"145,152",-1.84423,2.47156,-4.31579
Q;S,Y;P,"119,188",-1.84481,-4.736265,2.8914550000000006
Q;R,T;Q,"127,224",-1.84503,1.506575,-3.351605
R;L,V;M,"34,216",-1.846,4.75114,-6.5971400000000004
D;L,L;C,"220,249",-1.84671,3.1297800000000002,-4.97649
T;M,N;V,"88,154",-1.84893,-1.84602,-0.002909999999999968
S;P,M;L,"238,38",-1.8491,3.5904499999999997,-5.43955
F;L,W;I,"271,216",-1.84987,3.31892,-5.1687899999999996
R;S,V;E,"34,115",-1.84995,4.98067,-6.83062
Q;Q,W;L,"133,182",-1.85069,0.29395000000000016,-2.14464
R;S,P;Q,"280,188",-1.85096,-0.1458600000000001,-1.7050999999999998
I;S,L;H,"145,214",-1.85113,-0.86202,-0.9891099999999999
L;Q,I;I,"216,182",-1.85131,0.67436,-2.52567
S;S,E;Y,"115,242",-1.85146,2.8876,-4.73906
A;H,V;L,"65,104",-1.85169,3.6924,-5.544090000000001
D;S,V;Y,"186,269",-1.85205,1.0571549999999998,-2.909205
Q;K,L;V,"182,253",-1.85232,-3.4712199999999998,1.6188999999999998
G;S,A;F,"243,238",-1.8524,0.60808,-2.46048
R;Q,K;T,"53,127",-1.85286,1.921764,-3.774624
S;I,V;V,"58,200",-1.85341,2.92959,-4.783
A;R,N;A,"226,280",-1.85358,1.066543,-2.9201230000000002
D;S,Q;T,"220,124",-1.85443,4.92304,-6.77747
R;E,Y;K,"123,231",-1.85598,3.22513,-5.08111
Q;L,N;M,"127,216",-1.85735,3.8221800000000004,-5.679530000000001
A;L,M;E,"135,216",-1.85766,2.87537,-4.73303
Q;Q,K;W,"127,133",-1.85822,4.0055,-5.86372
Q;N,R;K,"127,233",-1.85872,2.573942,-4.4326620000000005
T;C,M;A,"29,289",-1.85883,-7.0178688000000005,5.1590388
Q;S,N;T,"133,214",-1.85892,0.893832,-2.752752
L;R,M;T,"216,90",-1.8592,-5.28824,3.42904
R;N,A;H,"90,205",-1.86159,-5.123329,3.261739
L;R,M;A,"216,90",-1.86197,-4.5880399999999995,2.7260699999999995
T;K,Q;L,"88,253",-1.86253,0.14697000000000005,-2.0095
G;R,A;D,"243,90",-1.86553,-11.07438,9.20885
V;S,C;T,"281,214",-1.8659,0.8967620000000001,-2.7626619999999997
G;N,A;K,"243,233",-1.86637,1.787512,-3.6538820000000003
Q;H,W;T,"133,104",-1.86684,3.63556,-5.5024
R;I,T;H,"90,168",-1.86704,-8.50478,6.63774
R;H,L;R,"53,104",-1.86708,2.77522,-4.6423000000000005
G;T,Q;K,"243,88",-1.86793,5.1566600000000005,-7.024590000000001
R;Q,V;I,"34,182",-1.86933,2.52347,-4.3928
G;R,Q;Q,"243,132",-1.86956,5.52332,-7.39288
I;N,L;H,"145,205",-1.87017,2.2393609999999997,-4.109531
K;L,V;F,"253,117",-1.8706,-4.08003,2.20943
A;C,E;A,"152,289",-1.87133,1.0812912000000001,-2.9526212000000003
V;N,C;Y,"281,37",-1.87182,1.908461,-3.780281
S;K,W;F,"58,253",-1.8719,-1.57697,-0.2949299999999999
N;N,L;K,"138,114",-1.87191,-0.13047999999999993,-1.74143
Q;Q,W;Y,"133,119",-1.87216,-2.54673,0.6745700000000001
L;A,I;L,"216,65",-1.87281,2.71365,-4.58646
Q;F,W;W,"133,271",-1.87461,3.8800499999999998,-5.754659999999999
G;A,Q;E,"243,152",-1.87484,5.037850000000001,-6.9126900000000004
A;R,V;Q,"65,224",-1.87488,2.9034210000000003,-4.778301000000001
S;M,V;V,"58,154",-1.87495,-1.36501,-0.5099399999999998
Q;S,T;F,"127,238",-1.87499,-0.14576599999999995,-1.7292239999999999
A;R,E;A,"152,90",-1.87584,-4.8911299999999995,3.0152899999999994
Q;C,L;S,"127,289",-1.87673,0.38532999999999995,-2.26206
L;T,K;V,"249,198",-1.87731,3.48052,-5.35783
Q;M,A;V,"127,154",-1.87785,-2.462584,0.5847340000000001
G;I,K;L,"243,111",-1.87988,4.61908,-6.49896
M;R,L;A,"154,90",-1.88013,-4.662739999999999,2.782609999999999
G;R,L;D,"243,90",-1.88036,-8.87504,6.994680000000001
T;S,D;H,"88,214",-1.88069,-0.18240999999999996,-1.69828
G;D,K;N,"243,186",-1.88202,3.0722159,-4.9542359000000005
P;A,D;E,"197,152",-1.88211,2.73963,-4.62174
S;R,K;A,"58,90",-1.88247,-4.91222,3.0297499999999995
L;S,F;H,"216,214",-1.88402,-0.8777999999999999,-1.0062200000000001
S;R,T;D,"124,90",-1.88403,-10.4786,8.594570000000001
K;K,L;A,"252,253",-1.88507,-0.8886299999999998,-0.9964400000000002
H;Q,L;T,"104,127",-1.88527,2.295554,-4.180824
V;R,C;N,"281,90",-1.88537,-11.335379999999999,9.450009999999999
Q;A,T;M,"91,65",-1.88553,2.54318,-4.42871
A;S,V;E,"65,207",-1.88626,3.5004,-5.38666
L;H,M;R,"216,104",-1.88707,2.66586,-4.55293
R;A,V;F,"34,65",-1.88712,4.466810000000001,-6.35393
H;S,T;Y,"104,242",-1.88834,2.83047,-4.7188099999999995
Q;T,N;M,"133,29",-1.88896,-5.713010000000001,3.8240500000000006
N;S,H;P,"205,188",-1.88903,0.738336,-2.627366
Q;S,I;P,"182,188",-1.88908,-0.954045,-0.9350350000000001
P;N,L;K,"38,233",-1.88956,1.7093420000000001,-3.598902
I;I,V;H,"200,168",-1.88999,-0.4585300000000001,-1.43146
R;Q,T;A,"90,127",-1.89017,-6.214234,4.324064
R;L,Q;E,"132,216",-1.89024,2.9643800000000002,-4.854620000000001
Q;R,N;K,"127,53",-1.89107,3.56902,-5.46009
L;Q,Q;A,"216,127",-1.8913,2.212626,-4.103926
A;A,V;E,"65,152",-1.89196,3.2686800000000003,-5.160640000000001
T;M,D;V,"88,154",-1.89224,-1.02123,-0.8710099999999998
K;I,L;H,"253,168",-1.8926,-2.80939,0.91679
G;S,L;T,"243,214",-1.89355,3.332702,-5.226252
A;Q,F;T,"65,127",-1.89371,1.890594,-3.784304
F;A,E;D,"271,226",-1.89455,-3.9097300000000006,2.015180000000001
G;S,L;E,"243,121",-1.89542,-3.4754,1.57998
T;S,E;P,"270,125",-1.8966,4.74031,-6.63691
R;H,V;T,"34,104",-1.8971,4.92354,-6.82064
F;S,E;E,"271,115",-1.89719,4.3579799999999995,-6.25517
G;L,K;F,"243,117",-1.89735,0.74953,-2.6468800000000003
G;S,L;D,"243,58",-1.89765,5.53714,-7.43479
F;S,M;H,"271,214",-1.89846,-0.010609999999999786,-1.8878500000000003
T;F,N;M,"88,191",-1.8991,1.4455120000000001,-3.344612
N;F,I;M,"37,191",-1.89912,2.147172,-4.046291999999999
G;I,Q;L,"243,111",-1.89939,5.43247,-7.331860000000001
A;Q,V;I,"65,182",-1.89948,1.3441,-3.24358
G;N,L;K,"243,233",-1.90026,3.986852,-5.887112
C;S,A;E,"289,136",-1.90036,0.2135052,-2.1138652
S;Q,T;Y,"124,119",-1.90088,-2.4853400000000003,0.5844600000000004
L;A,Q;D,"216,226",-1.90155,-4.89956,2.99801
Q;S,R;T,"127,121",-1.90273,3.55785,-5.46058
Q;D,N;N,"127,186",-1.9028,2.3668459000000004,-4.2696459
S;Q,K;T,"58,127",-1.90294,1.8507440000000002,-3.7536840000000002
T;K,N;L,"88,253",-1.90324,0.09772000000000003,-2.00096
Q;A,W;P,"133,152",-1.90348,3.81698,-5.72046
A;F,V;W,"65,271",-1.90487,3.9886600000000003,-5.89353
L;S,W;Y,"216,269",-1.90495,0.6392049999999999,-2.544155
N;Q,K;V,"138,182",-1.90503,-0.9012800000000001,-1.00375
S;F,Y;M,"269,191",-1.90585,-0.44616300000000003,-1.459687
Q;S,T;H,"91,187",-1.90618,1.136598,-3.042778
P;S,L;F,"38,238",-1.90702,0.5299100000000001,-2.4369300000000003
Q;N,N;Y,"133,37",-1.90745,1.9055309999999999,-3.8129809999999997
N;A,K;F,"138,65",-1.9089,2.46802,-4.37692
G;R,S;D,"243,90",-1.90918,-10.97931,9.070129999999999
S;C,M;S,"238,289",-1.90926,1.0449399999999998,-2.9541999999999997
Q;M,N;L,"127,154",-1.90935,3.7474800000000004,-5.65683
M;N,H;K,"161,114",-1.90971,-1.04277,-0.86694
M;I,V;R,"154,168",-1.90998,-17.76274,15.85276
G;G,L;A,"243,165",-1.91205,-0.92916,-0.98289
A;K,M;F,"65,253",-1.9125,-1.48265,-0.42985000000000007
S;M,T;L,"124,154",-1.91274,3.4498499999999996,-5.36259
T;S,D;Y,"88,269",-1.91318,1.253155,-3.166335
A;R,W;T,"65,90",-1.91343,-5.62542,3.71199
A;A,V;P,"65,152",-1.91346,3.92559,-5.83905
F;N,W;K,"271,138",-1.91394,3.16924,-5.08318
P;H,D;M,"197,104",-1.91421,2.86744,-4.78165
A;H,M;R,"65,104",-1.91513,2.4631600000000002,-4.37829
G;T,L;M,"243,29",-1.9155,-3.2741400000000005,1.3586400000000005
Q;A,N;M,"127,135",-1.91556,3.9155500000000005,-5.831110000000001
G;R,Q;Q,"243,224",-1.91621,4.672591,-6.588801
A;Q,M;T,"65,127",-1.91671,1.9722240000000002,-3.888934
F;H,E;T,"271,104",-1.91674,4.30085,-6.2175899999999995
G;F,Q;W,"243,271",-1.91718,5.75783,-7.67501
H;L,L;I,"104,216",-1.91718,3.02266,-4.93984
R;D,V;V,"34,186",-1.91776,5.0705,-6.98826
N;C,Y;A,"37,289",-1.9179,0.6006722,-2.5185722
I;T,V;N,"200,88",-1.91833,2.4485799999999998,-4.36691
R;K,S;L,"90,253",-1.9188,-7.24184,5.32304
G;G,A;A,"243,165",-1.91981,-3.1285,1.2086899999999998
L;R,Q;A,"216,280",-1.91984,1.294863,-3.214703
A;T,N;Q,"226,88",-1.92042,2.6501200000000003,-4.57054
L;R,I;Q,"216,224",-1.92042,2.233681,-4.154101
S;N,H;H,"214,205",-1.9209,-1.233059,-0.6878410000000001
L;N,M;K,"216,138",-1.92105,2.75235,-4.6734
Q;C,M;S,"127,289",-1.9211,-0.686963,-1.234137
Q;R,V;S,"127,90",-1.92276,-4.9558,3.0330399999999997
I;Q,V;A,"200,127",-1.92283,1.8320159999999999,-3.7548459999999997
S;I,E;L,"207,145",-1.92294,2.70328,-4.62622
Q;K,A;L,"127,253",-1.92322,-0.518844,-1.404376
A;Q,V;V,"65,182",-1.92358,-0.08185999999999982,-1.8417200000000002
H;C,M;A,"104,289",-1.92539,1.2091012,-3.1344912000000003
T;V,L;D,"72,57",-1.92638,2.59206,-4.51844
S;H,E;R,"207,104",-1.92728,2.59449,-4.52177
D;K,L;A,"220,253",-1.92737,-0.14624999999999977,-1.7811200000000003
Q;S,N;V,"127,223",-1.92756,3.48968,-5.41724
D;S,V;Y,"186,242",-1.92765,2.97743,-4.90508
I;Q,L;A,"145,127",-1.92787,1.848656,-3.776526
S;Q,E;T,"207,91",-1.92797,2.6745099999999997,-4.60248
Q;S,N;T,"127,121",-1.92869,3.6648300000000003,-5.59352
T;R,N;T,"88,90",-1.92898,-5.59767,3.66869
A;R,M;A,"65,90",-1.92947,-4.7907399999999996,2.8612699999999993
L;S,K;T,"249,121",-1.92961,3.2259,-5.1555100000000005
V;D,C;N,"281,186",-1.92991,1.2368359,-3.1667459
Q;S,N;E,"133,121",-1.93059,-5.91427,3.98368
A;L,V;M,"65,216",-1.93147,3.57177,-5.50324
S;S,E;H,"115,214",-1.93203,-0.46824,-1.46379
S;M,D;H,"58,161",-1.93262,2.16976,-4.10238
L;A,E;L,"216,65",-1.93329,2.59362,-4.52691
G;S,S;T,"243,214",-1.93388,1.228432,-3.162312
S;Q,T;K,"124,127",-1.93493,4.06689,-6.00182
T;M,V;H,"72,161",-1.93683,1.51194,-3.44877
K;T,V;Y,"253,189",-1.93715,-1.617598,-0.31955199999999984
Q;F,N;M,"127,271",-1.93854,4.50934,-6.44788
L;A,I;F,"216,65",-1.93869,2.6177,-4.55639
G;Q,Q;Y,"243,119",-1.93971,-0.6689500000000002,-1.27076
S;Q,E;T,"207,127",-1.94019,2.103554,-4.043744
D;G,Q;A,"220,243",-1.94334,4.32726,-6.2706
S;Q,Y;V,"242,182",-1.94384,-0.99556,-0.94828
R;S,P;W,"280,58",-1.94429,2.4634,-4.4076900000000006
L;T,I;K,"216,88",-1.94513,2.7177499999999997,-4.6628799999999995
S;A,T;L,"124,65",-1.94518,3.33617,-5.28135
S;M,A;H,"124,161",-1.9452,2.43413,-4.37933
H;R,T;P,"104,280",-1.9466,2.93282,-4.87942
D;G,Q;S,"220,243",-1.94687,4.42233,-6.369199999999999
R;S,V;V,"34,58",-1.94727,4.92272,-6.86999
T;N,N;K,"198,114",-1.94785,-0.17759999999999998,-1.77025
A;S,M;P,"65,188",-1.94791,1.0709250000000001,-3.018835
F;Q,E;V,"271,127",-1.94834,3.88274,-5.83108
G;S,S;W,"243,58",-1.94928,2.72682,-4.6761
G;G,S;A,"243,165",-1.94934,-3.03343,1.08409
S;R,N;Q,"124,132",-1.95134,5.767239999999999,-7.718579999999999
H;L,R;F,"104,117",-1.95209,-1.11216,-0.8399300000000001
S;T,A;N,"124,198",-1.9534,3.2993,-5.2527
R;M,L;V,"53,154",-1.95348,-1.42723,-0.5262500000000001
L;I,F;V,"216,200",-1.95348,2.57798,-4.53146
L;Q,I;V,"216,182",-1.95377,-0.7516,-1.20217
G;S,A;T,"243,214",-1.95437,1.133362,-3.087732
G;L,L;F,"243,117",-1.95443,1.3500899999999998,-3.3045199999999997
T;Q,K;T,"88,91",-1.9545,2.5616,-4.5161
F;S,E;K,"271,58",-1.95459,3.80427,-5.75886
Q;A,N;W,"133,65",-1.95551,2.35206,-4.30757
Q;S,N;K,"133,58",-1.95745,2.3650599999999997,-4.322509999999999
L;M,K;L,"249,262",-1.95863,-6.91423,4.9556
L;S,I;E,"216,207",-1.95919,2.83066,-4.7898499999999995
N;R,I;A,"37,90",-1.96244,-4.19581,2.23337
L;S,Q;Y,"216,269",-1.96273,0.937515,-2.900245
L;A,E;E,"216,152",-1.96357,2.47891,-4.44248
A;K,F;F,"65,253",-1.96456,-1.5642800000000001,-0.40027999999999997
S;G,D;S,"58,243",-1.96469,3.43287,-5.39756
T;I,D;V,"88,200",-1.96493,3.27337,-5.2383
L;N,W;T,"216,190",-1.96565,2.51167,-4.47732
T;S,V;P,"198,125",-1.96596,2.78089,-4.74685
S;K,E;F,"115,253",-1.96624,-1.0504200000000001,-0.9158199999999999
K;S,F;Q,"253,188",-1.96629,-4.18623,2.2199400000000002
Q;S,T;V,"91,223",-1.96685,2.41338,-4.38023
G;S,L;E,"243,136",-1.96725,3.9572339999999997,-5.924484
S;R,P;P,"245,280",-1.96762,2.63948,-4.6071
T;N,V;L,"198,138",-1.96815,2.77029,-4.738440000000001
R;C,N;A,"90,289",-1.96849,-12.6431688,10.674678799999999
G;S,K;H,"243,187",-1.96861,2.918268,-4.886877999999999
G;A,L;E,"243,152",-1.96885,4.82502,-6.79387
R;T,V;D,"34,88",-1.96914,5.266500000000001,-7.23564
L;Q,E;L,"216,182",-1.96991,-0.38720999999999983,-1.5827000000000002
A;R,N;S,"226,90",-1.97083,-4.73869,2.7678599999999998
N;S,T;P,"190,188",-1.97135,0.9449850000000001,-2.916335
I;I,L;R,"145,168",-1.97401,-13.451500000000001,11.477490000000001
S;K,V;L,"58,253",-1.97414,0.57873,-2.55287
R;S,V;K,"34,58",-1.97477,4.42696,-6.401730000000001
L;A,K;L,"249,65",-1.97599,3.19487,-5.170859999999999
R;R,N;A,"132,90",-1.97655,-4.086449999999999,2.109899999999999
G;A,K;L,"243,65",-1.97691,4.33917,-6.31608
G;S,L;P,"243,245",-1.97738,5.00717,-6.9845500000000005
A;K,W;V,"65,253",-1.97805,-0.6391899999999999,-1.3388600000000002
Q;K,E;L,"127,252",-1.9792,2.70765,-4.68685
S;P,M;D,"238,197",-1.97958,3.7825699999999998,-5.76215
G;T,K;K,"243,88",-1.97974,4.34327,-6.32301
S;G,T;A,"124,165",-1.98022,-2.53272,0.5524999999999998
F;D,E;V,"271,186",-1.98044,4.44781,-6.428249999999999
G;A,K;P,"243,152",-1.98064,4.88137,-6.862010000000001
N;F,H;M,"205,191",-1.98088,1.219653,-3.200533
I;S,L;T,"145,214",-1.98093,0.979242,-2.960172
T;C,E;S,"270,289",-1.98101,2.3617799999999995,-4.342789999999999
V;S,C;E,"281,121",-1.98134,-5.91134,3.9299999999999997
G;S,S;E,"243,136",-1.98198,1.852964,-3.834944
S;T,P;Y,"125,189",-1.98376,1.368032,-3.3517919999999997
G;A,L;W,"243,65",-1.98474,4.7909299999999995,-6.77567
S;S,W;H,"58,214",-1.98524,-0.9947899999999998,-0.99045
C;S,A;E,"289,121",-1.98525,-7.2191288,5.2338788
L;S,E;Y,"216,269",-1.98543,0.580895,-2.566325
R;A,L;N,"53,226",-1.98734,3.01966,-5.007
G;S,K;T,"243,121",-1.98753,4.3702000000000005,-6.35773
Q;Q,T;V,"91,182",-1.98801,-0.9077500000000001,-1.08026
S;V,T;C,"121,281",-1.98925,2.53482,-4.52407
S;G,K;A,"124,243",-1.98977,4.1482399999999995,-6.1380099999999995
K;L,L;C,"252,249",-1.98995,2.3874,-4.37735
F;Q,W;T,"271,91",-1.99068,3.16277,-5.15345
S;S,T;D,"124,58",-1.99088,3.93358,-5.92446
V;T,D;Y,"57,189",-1.99147,1.3921219999999999,-3.383592
S;R,D;P,"58,280",-1.9915,3.16945,-5.16095
G;H,L;M,"243,104",-1.99254,4.95283,-6.94537
G;S,A;Q,"243,188",-1.99333,0.0224899999999999,-2.0158199999999997
T;S,L;P,"72,125",-1.99354,2.56797,-4.56151
R;N,V;H,"34,205",-1.99362,4.215851000000001,-6.209471000000001
R;K,N;Y,"132,253",-1.99522,-0.52318,-1.47204
A;R,T;N,"180,90",-1.99574,-10.97961,8.98387
R;R,L;T,"53,90",-1.99587,-5.17888,3.1830100000000003
H;R,L;P,"104,280",-1.99599,2.88105,-4.87704
S;S,Y;K,"242,58",-1.99646,2.3338900000000002,-4.33035
T;L,E;C,"270,249",-1.99692,4.66988,-6.6668
P;S,D;E,"197,121",-1.99844,-5.56079,3.56235
T;R,D;T,"88,90",-1.99858,-4.772880000000001,2.7743000000000007
Q;H,N;L,"127,104",-1.99906,3.94281,-5.94187
S;M,F;H,"238,161",-1.9995,-0.55996,-1.43954
I;T,V;Q,"200,88",-1.99968,2.49783,-4.49751
S;L,E;E,"115,216",-1.99983,3.01153,-5.01136
R;A,V;P,"34,152",-1.99989,5.10496,-7.10485
S;S,T;P,"124,245",-2.00012,3.40361,-5.4037299999999995
F;Q,E;A,"271,127",-2.0005,3.2024559999999997,-5.202956
Q;R,I;A,"127,280",-2.00116,1.733003,-3.734163
A;V,M;C,"135,281",-2.00225,2.78554,-4.78779
T;R,Q;T,"88,90",-2.00259,-5.54842,3.54583
Q;K,I;L,"127,253",-2.00309,1.04501,-3.0481
Q;S,W;E,"133,115",-2.00309,3.69269,-5.695779999999999
K;S,V;H,"253,187",-2.00322,-1.911292,-0.09192799999999979
R;S,S;P,"90,188",-2.00327,-6.375365,4.372095
Q;A,N;P,"127,152",-2.00335,4.176,-6.17935
A;T,T;K,"180,88",-2.00381,2.86366,-4.86747
F;Q,M;T,"271,91",-2.00384,3.43304,-5.43688
T;V,V;D,"198,57",-2.00416,2.8049799999999996,-4.809139999999999
A;R,M;P,"135,280",-2.00432,2.85379,-4.85811
Q;N,W;H,"133,205",-2.00452,2.927871,-4.932391
G;S,L;W,"243,58",-2.00453,4.83109,-6.83562
L;A,I;D,"216,226",-2.00506,-5.136150000000001,3.131090000000001
R;A,V;M,"34,65",-2.00594,4.54844,-6.55438
Q;M,R;L,"127,154",-2.0072,3.6405000000000003,-5.6477
A;R,N;P,"226,90",-2.00792,-13.573450000000001,11.56553
Q;K,M;A,"127,253",-2.00942,-1.6548929999999997,-0.35452700000000026
G;D,Q;V,"243,186",-2.01021,5.6603,-7.67051
T;S,V;P,"72,125",-2.01026,2.43483,-4.44509
L;S,K;E,"249,136",-2.0105,2.212374,-4.222874
A;K,E;F,"152,253",-2.01056,-1.58304,-0.4275199999999999
G;A,K;M,"243,135",-2.01069,4.62092,-6.63161
Q;D,W;V,"133,186",-2.01094,3.78252,-5.79346
P;R,D;N,"197,90",-2.01097,-10.984829999999999,8.973859999999998
R;S,D;H,"90,214",-2.01106,-14.70092,12.68986
R;L,N;Q,"132,216",-2.01111,3.6402099999999997,-5.65132
H;R,R;S,"104,90",-2.01137,-4.98313,2.97176
S;K,T;V,"121,253",-2.0122,-0.45936,-1.55284
H;K,L;V,"104,253",-2.01224,-0.1813800000000001,-1.8308599999999997
G;H,S;M,"243,104",-2.01271,2.84856,-4.86127
N;A,K;W,"138,65",-2.01381,2.41517,-4.428979999999999
A;S,P;P,"152,188",-2.01441,1.627445,-3.6418549999999996
Q;I,N;L,"127,111",-2.0145,3.91371,-5.92821
L;R,Q;S,"216,90",-2.01495,-4.51037,2.49542
G;N,L;Y,"243,37",-2.01558,4.3444009999999995,-6.359980999999999
Q;G,L;T,"127,251",-2.01629,2.94151,-4.957800000000001
G;A,K;W,"243,65",-2.01707,4.19037,-6.20744
P;K,Q;L,"38,252",-2.01772,2.82435,-4.84207
L;R,F;P,"216,90",-2.01802,-13.72488,11.70686
I;V,L;C,"111,281",-2.01804,2.7837,-4.801740000000001
S;M,E;H,"136,161",-2.01828,0.589854,-2.6081339999999997
S;S,T;E,"124,207",-2.01851,3.4531799999999997,-5.47169
Q;L,L;D,"127,249",-2.01866,2.8847899999999997,-4.903449999999999
D;N,V;K,"186,138",-2.01875,3.07171,-5.09046
G;S,A;E,"243,121",-2.01901,-5.67474,3.6557299999999997
V;S,C;W,"281,58",-2.01935,2.39515,-4.4145
S;Q,Y;I,"242,182",-2.01963,0.4304,-2.45003
Q;F,V;M,"127,191",-2.02007,1.5092320000000001,-3.5293020000000004
R;N,V;I,"34,37",-2.02025,5.14337,-7.16362
T;C,L;S,"72,289",-2.02051,0.18943999999999983,-2.2099499999999996
K;S,V;Q,"253,188",-2.02056,-3.20829,1.1877299999999997
G;H,Q;T,"243,104",-2.02058,5.51334,-7.53392
S;M,M;H,"238,161",-2.02143,2.50058,-4.52201
G;S,A;W,"243,58",-2.02153,2.6317500000000003,-4.6532800000000005
N;T,K;Q,"138,88",-2.02196,2.4921699999999998,-4.51413
L;S,K;T,"249,214",-2.02339,1.587842,-3.611232
H;S,R;E,"104,121",-2.0234,-5.93765,3.9142499999999996
Q;A,K;F,"127,65",-2.02484,3.19691,-5.22175
A;S,M;Y,"65,242",-2.02502,2.4553700000000003,-4.48039
Q;A,N;L,"127,65",-2.02626,3.6338,-5.66006
G;S,S;P,"243,245",-2.02639,2.9029,-4.92929
S;L,E;I,"115,216",-2.02657,3.13156,-5.15813
T;S,L;H,"72,214",-2.02665,-0.81342,-1.21323
N;M,L;L,"138,262",-2.02747,-7.62446,5.59699
A;Q,V;K,"65,127",-2.02819,4.11411,-6.1423000000000005
A;L,V;W,"65,216",-2.02881,3.47318,-5.50199
G;Q,Q;I,"243,182",-2.02918,3.11327,-5.14245
T;K,D;L,"88,253",-2.02957,0.9225099999999999,-2.95208
Q;C,I;A,"182,289",-2.02984,-0.8432888000000001,-1.1865512
S;S,T;H,"124,187",-2.03155,1.915268,-3.9468180000000004
Q;S,E;F,"127,238",-2.03168,0.6127499999999999,-2.64443
D;P,Q;D,"220,197",-2.03245,4.44121,-6.47366
S;A,N;M,"124,65",-2.03335,5.38216,-7.415509999999999
Q;R,T;D,"91,90",-2.03481,-11.25727,9.22246
G;R,K;Q,"243,132",-2.03522,4.70993,-6.74515
L;R,F;T,"216,90",-2.03523,-5.46827,3.4330400000000005
F;L,W;E,"271,216",-2.03527,3.19889,-5.23416
L;S,E;E,"216,121",-2.0361,-5.82151,3.78541
N;K,T;L,"190,253",-2.03647,0.07851000000000008,-2.11498
Q;K,E;L,"133,253",-2.03702,1.0305399999999998,-3.06756
L;I,W;V,"216,200",-2.03769,2.65942,-4.69711
S;V,A;D,"124,57",-2.03794,3.38111,-5.41905
A;D,V;V,"65,186",-2.03799,3.8911300000000004,-5.929120000000001
S;N,Y;H,"242,205",-2.03839,2.122781,-4.1611709999999995
T;M,M;H,"51,161",-2.03866,1.60598,-3.64464
A;N,N;T,"226,190",-2.03922,2.5816600000000003,-4.62088
Q;L,N;F,"133,117",-2.03936,-1.08878,-0.9505799999999998
R;I,L;L,"53,145",-2.0396,2.88401,-4.92361
R;I,T;R,"90,168",-2.03979,-21.51439,19.4746
G;A,Q;F,"243,65",-2.04065,5.05661,-7.09726
Q;N,I;T,"127,190",-2.04071,3.24812,-5.28883
S;K,V;Y,"58,253",-2.04127,-0.8531899999999999,-1.18808
S;N,E;K,"115,138",-2.0416,2.98188,-5.023479999999999
S;F,K;M,"58,191",-2.04189,1.430762,-3.472652
G;L,S;F,"243,117",-2.04195,-0.7541800000000001,-1.2877699999999999
L;Q,E;V,"216,182",-2.0435,-0.8716299999999999,-1.17187
L;R,M;P,"216,280",-2.04383,2.76042,-4.80425
F;A,M;V,"271,65",-2.0448,4.25893,-6.30373
Q;R,E;T,"133,90",-2.04494,-4.66485,2.6199100000000004
S;R,E;P,"115,280",-2.04593,2.98995,-5.03588
S;A,T;E,"124,152",-2.04605,3.22146,-5.26751
Q;A,N;W,"127,65",-2.04628,3.4850000000000003,-5.531280000000001
N;S,I;Y,"37,242",-2.04687,3.0503,-5.09717
L;M,F;V,"216,154",-2.04698,-1.71662,-0.33036
L;Q,K;M,"249,127",-2.04721,2.391197,-4.438407
S;I,E;L,"115,145",-2.0474,3.00418,-5.0515799999999995
I;L,L;I,"111,216",-2.04761,2.99356,-5.04117
S;A,Y;D,"242,226",-2.04795,-5.38011,3.33216
C;E,D;K,"289,231",-2.04801,3.16697,-5.214980000000001
S;K,V;V,"223,253",-2.04838,-0.6345100000000001,-1.4138699999999997
R;Q,V;V,"34,182",-2.04951,1.0975100000000002,-3.1470200000000004
D;Q,L;D,"220,127",-2.0496,3.94946,-5.99906
G;S,A;E,"243,136",-2.05075,1.7578939999999998,-3.8086439999999997
L;Q,C;M,"249,127",-2.05082,1.621137,-3.671957
A;I,V;L,"65,145",-2.05255,3.40752,-5.46007
S;G,K;S,"124,243",-2.05265,4.24331,-6.29596
Q;A,W;D,"133,226",-2.05342,-4.57502,2.5216000000000003
L;R,W;T,"216,90",-2.05358,-5.38683,3.3332499999999996
R;S,L;Y,"53,269",-2.05444,0.847155,-2.901595
Q;S,E;H,"133,214",-2.05458,-0.07438000000000011,-1.9802
D;S,Q;P,"220,125",-2.05467,4.08211,-6.13678
A;R,M;P,"65,90",-2.05473,-13.74755,11.692820000000001
Q;R,T;Q,"91,224",-2.05587,2.077531,-4.133401
R;I,L;V,"53,200",-2.05611,2.86737,-4.92348
A;S,V;E,"65,115",-2.05617,3.8013000000000003,-5.85747
V;R,C;D,"281,90",-2.05728,-11.310979999999999,9.253699999999998
R;R,L;A,"53,280",-2.05856,1.204503,-3.263063
R;D,A;N,"90,186",-2.05857,-6.043374099999999,3.9848040999999994
S;G,D;A,"58,243",-2.05891,3.3377999999999997,-5.39671
H;Q,T;T,"104,91",-2.05901,2.91828,-4.97729
Q;S,N;H,"127,187",-2.05912,2.212898,-4.272018
A;H,V;T,"65,104",-2.06041,3.7441700000000004,-5.8045800000000005
A;A,T;W,"180,65",-2.06114,2.71076,-4.7719000000000005
T;M,N;L,"198,262",-2.0614,-7.6715800000000005,5.610180000000001
C;L,A;F,"289,117",-2.06251,-2.3936388,0.3311288000000001
G;R,K;K,"243,53",-2.06302,4.27439,-6.33741
F;A,E;M,"271,65",-2.0633,3.92575,-5.98905
Q;A,W;M,"133,65",-2.06357,3.26046,-5.3240300000000005
L;S,I;K,"216,58",-2.0642,2.5778499999999998,-4.642049999999999
Q;I,E;V,"133,200",-2.06458,3.3813999999999997,-5.44598
L;R,E;S,"216,90",-2.06482,-4.86699,2.8021700000000003
P;S,D;T,"197,121",-2.06503,2.88537,-4.9504
S;Q,A;E,"124,127",-2.06533,3.60684,-5.6721699999999995
G;S,L;K,"243,124",-2.06609,6.34758,-8.41367
L;T,K;L,"249,72",-2.06654,3.2676,-5.33414
Q;S,K;K,"127,58",-2.06656,3.15706,-5.22362
D;P,Q;L,"220,38",-2.06657,4.24909,-6.315659999999999
Q;R,N;Q,"127,224",-2.0674,3.1538310000000003,-5.221231
A;S,D;P,"226,188",-2.06806,-6.7645550000000005,4.6964950000000005
S;K,K;Y,"58,253",-2.06813,-1.3489499999999999,-0.7191800000000002
R;K,P;F,"90,253",-2.06912,-17.7637,15.69458
N;S,K;K,"138,58",-2.06913,2.4281699999999997,-4.497299999999999
I;I,V;R,"200,168",-2.07106,-13.46814,11.397079999999999
R;K,Y;L,"123,252",-2.07211,3.13644,-5.20855
H;L,T;I,"104,216",-2.07298,3.07443,-5.14741
G;S,Q;E,"243,115",-2.0732,5.57047,-7.64367
L;A,I;E,"216,152",-2.07348,2.59894,-4.67242
P;T,L;M,"38,29",-2.0741,-5.55165,3.4775500000000004
R;A,V;D,"34,226",-2.07423,-3.28704,1.2128100000000002
L;H,K;M,"249,104",-2.07426,3.20797,-5.28223
A;F,M;M,"65,191",-2.07441,1.5522420000000001,-3.626652
R;K,L;L,"53,253",-2.07458,0.51651,-2.5910900000000003
A;A,T;M,"180,135",-2.07547,3.14131,-5.21678
N;R,T;T,"190,90",-2.07582,-5.61688,3.54106
V;R,C;K,"281,53",-2.07646,2.43901,-4.5154700000000005
F;Q,E;I,"271,182",-2.07719,1.9007799999999997,-3.9779699999999996
P;D,D;N,"197,186",-2.07879,1.5873859,-3.6661759
V;A,C;W,"281,65",-2.07924,2.35499,-4.4342299999999994
F;R,E;A,"271,280",-2.08095,2.284693,-4.365643
T;H,D;R,"88,104",-2.08184,3.1812199999999997,-5.263059999999999
Q;S,V;Y,"127,242",-2.08328,2.41236,-4.49564
Q;R,N;P,"127,90",-2.08331,-12.661570000000001,10.57826
Q;Q,W;I,"133,182",-2.0838,1.23549,-3.31929
G;H,A;M,"243,104",-2.08456,2.75349,-4.838050000000001
W;E,I;K,"159,231",-2.08463,2.8493,-4.93393
F;L,M;I,"271,216",-2.0848,3.5891900000000003,-5.67399
G;M,K;L,"243,154",-2.08495,4.45285,-6.5378
Q;A,K;P,"127,152",-2.08602,3.83506,-5.92108
R;A,P;M,"280,65",-2.08605,2.5577199999999998,-4.64377
T;C,E;L,"270,289",-2.08707,4.92917,-7.01624
A;M,T;L,"180,262",-2.08713,-7.24954,5.1624099999999995
S;L,P;F,"125,117",-2.08787,-1.0944,-0.9934700000000001
Q;R,E;S,"133,90",-2.08796,-4.0867,1.9987400000000006
L;I,Q;H,"216,168",-2.08822,-0.07791999999999999,-2.0103
G;S,A;P,"243,245",-2.08822,2.80783,-4.896050000000001
S;G,M;S,"238,243",-2.08847,3.7636899999999995,-5.85216
G;D,L;Q,"243,220",-2.0889,6.5266,-8.6155
G;R,L;N,"243,90",-2.089,-8.89944,6.81044
Q;I,I;V,"127,200",-2.08904,3.39587,-5.484909999999999
Q;Q,W;V,"133,127",-2.08969,3.2174500000000004,-5.30714
L;R,I;A,"216,280",-2.0899,1.058273,-3.148173
V;S,D;F,"57,238",-2.09042,0.3870199999999999,-2.4774399999999996
Q;Q,N;V,"127,182",-2.09076,0.1685500000000002,-2.25931
G;R,K;Q,"243,224",-2.09144,3.859201,-5.950641
L;S,K;V,"249,223",-2.09208,3.05075,-5.14283
G;L,A;F,"243,117",-2.09235,-0.8492500000000001,-1.2431
R;Q,V;A,"34,127",-2.09306,3.825146,-5.918206
I;R,V;P,"200,90",-2.09313,-13.72574,11.63261
L;T,Q;N,"216,88",-2.09355,2.82919,-4.92274
H;Q,R;Y,"104,119",-2.09391,-3.34403,1.25012
F;Q,E;Y,"271,119",-2.09488,-1.8814400000000004,-0.2134399999999994
Q;L,W;M,"133,216",-2.09508,3.4631600000000002,-5.55824
R;F,D;M,"90,191",-2.09517,-12.248208,10.153038
S;H,E;R,"115,104",-2.0954,2.89539,-4.9907900000000005
A;N,T;T,"180,190",-2.09636,2.7193,-4.815659999999999
F;N,E;H,"271,205",-2.09762,3.593161,-5.690780999999999
G;Q,Q;V,"243,182",-2.09855,1.68731,-3.78586
Q;R,F;A,"182,280",-2.0991,-2.500037,0.4009369999999999
Q;T,R;V,"127,198",-2.10047,3.8124700000000002,-5.912940000000001
R;K,P;L,"90,253",-2.10076,-16.0766,13.975839999999998
F;A,W;T,"271,180",-2.10114,3.46483,-5.56597
Q;A,T;E,"91,152",-2.10182,2.44279,-4.5446100000000005
R;L,P;F,"280,117",-2.10184,-1.0176,-1.08424
A;M,T;L,"180,154",-2.10207,2.9732399999999997,-5.07531
Q;A,T;D,"127,226",-2.10227,-5.863256000000001,3.760986000000001
L;S,I;Y,"216,269",-2.10277,0.7009249999999999,-2.803695
R;I,N;V,"132,200",-2.10448,3.2596,-5.3640799999999995
H;Q,T;T,"104,127",-2.10506,2.347324,-4.452384
H;A,T;T,"104,180",-2.10536,3.22034,-5.3257
M;K,L;V,"154,253",-2.10632,-0.3767100000000001,-1.72961
Q;T,R;K,"127,88",-2.10647,3.53092,-5.63739
R;K,K;V,"53,253",-2.10705,-0.5551699999999999,-1.5518800000000001
K;Q,V;V,"253,182",-2.10735,-3.95564,1.84829
S;I,Y;H,"269,168",-2.10807,-2.478745,0.37067499999999987
N;N,K;H,"138,205",-2.1083,2.217061,-4.325361
S;F,V;M,"58,191",-2.10841,1.926522,-4.034932
Q;T,W;Q,"133,88",-2.10863,3.20298,-5.31161
Q;S,N;E,"127,207",-2.10999,3.7508100000000004,-5.8608
T;S,Q;P,"88,188",-2.11096,1.0134450000000002,-3.1244050000000003
Q;R,I;T,"127,90",-2.11285,-4.65038,2.5375300000000003
N;S,Y;H,"37,214",-2.11356,-1.4814789999999998,-0.6320810000000003
Q;S,W;V,"133,58",-2.11372,3.63474,-5.74846
S;L,M;C,"238,249",-2.11412,3.35304,-5.46716
F;S,E;V,"271,58",-2.1143,4.30003,-6.41433
R;Q,A;A,"90,127",-2.1147,-5.514034,3.3993339999999996
G;H,K;L,"243,104",-2.11488,4.64818,-6.763059999999999
S;L,E;E,"207,216",-2.11491,2.71063,-4.82554
Q;S,N;E,"127,115",-2.11537,4.05171,-6.16708
V;T,D;V,"57,72",-2.11541,2.45892,-4.57433
T;V,M;D,"51,57",-2.11743,2.5529599999999997,-4.670389999999999
S;S,T;E,"124,136",-2.11849,2.353674,-4.472163999999999
D;L,V;Q,"186,216",-2.11886,3.45798,-5.576840000000001
T;S,N;Y,"88,269",-2.11911,0.428365,-2.547475
H;D,R;N,"104,186",-2.11929,1.2105259,-3.3298159
G;A,K;E,"243,152",-2.12059,4.2244600000000005,-6.3450500000000005
R;L,Q;I,"132,216",-2.1211,3.08441,-5.20551
I;F,H;M,"168,191",-2.12157,-1.461598,-0.6599720000000002
A;K,F;V,"65,253",-2.12218,-0.5863400000000001,-1.53584
Q;S,N;E,"133,136",-2.12219,1.518364,-3.640554
Q;M,I;V,"127,154",-2.12378,-0.89873,-1.22505
S;K,D;F,"58,253",-2.12383,-0.8709200000000001,-1.2529099999999997
L;T,E;K,"216,88",-2.12489,2.59772,-4.7226099999999995
G;T,S;M,"243,29",-2.12596,-5.378410000000001,3.2524500000000005
L;A,K;M,"249,135",-2.12641,3.47662,-5.60303
S;I,T;L,"124,111",-2.12686,3.61608,-5.742940000000001
G;S,L;Q,"243,188",-2.12752,2.2218299999999997,-4.349349999999999
G;Q,Q;V,"243,127",-2.12843,5.09523,-7.22366
Q;N,W;I,"133,37",-2.12893,3.85539,-5.98432
A;Q,T;L,"180,127",-2.12964,3.12818,-5.257820000000001
T;S,N;F,"198,238",-2.13047,0.30521,-2.4356799999999996
D;L,V;E,"186,216",-2.13106,3.10136,-5.23242
R;F,A;M,"280,191",-2.13259,-0.08881499999999998,-2.043775
P;A,D;W,"197,65",-2.13306,2.70554,-4.8386
L;K,F;L,"216,253",-2.1331,0.22712,-2.36022
S;Q,Y;Y,"242,119",-2.13472,-3.35182,1.2170999999999998
C;T,S;Y,"289,189",-2.13528,-1.0104980000000001,-1.1247819999999997
S;H,T;M,"124,104",-2.13575,3.3492699999999997,-5.48502
S;S,V;P,"58,188",-2.1359,1.445205,-3.581105
S;Q,A;D,"124,127",-2.13654,4.10627,-6.24281
S;Q,V;N,"58,133",-2.13668,2.86082,-4.9975000000000005
L;A,Q;N,"216,226",-2.13676,3.11002,-5.24678
F;R,E;S,"271,90",-2.13718,-3.5205400000000004,1.3833600000000006
L;R,E;K,"216,53",-2.13729,2.52884,-4.666130000000001
R;F,S;M,"90,191",-2.13747,-5.894048000000001,3.7565780000000006
S;S,P;Q,"125,188",-2.1384,-0.22266000000000008,-1.9157399999999998
Q;S,T;Y,"91,269",-2.13857,0.5447749999999999,-2.683345
R;Q,V;Y,"34,119",-2.13892,-1.25875,-0.8801700000000001
G;N,Q;H,"243,205",-2.13963,4.805651,-6.945281
G;S,K;V,"243,223",-2.13981,4.19505,-6.334860000000001
Q;D,N;N,"133,186",-2.1403,1.2339058999999999,-3.3742058999999998
R;I,V;L,"34,145",-2.14072,4.58689,-6.72761
G;N,A;Y,"243,37",-2.14171,2.145061,-4.286771
R;K,Q;V,"132,253",-2.14309,-0.11963000000000013,-2.02346
W;Q,I;I,"159,182",-2.14404,0.75873,-2.90277
L;Q,I;V,"216,127",-2.14514,2.65632,-4.8014600000000005
G;A,K;F,"243,65",-2.14565,4.24322,-6.38887
R;Q,S;A,"90,127",-2.14598,-5.636084,3.490104
R;S,P;H,"90,214",-2.14633,-17.18152,15.03519
R;R,V;N,"34,132",-2.14641,5.25273,-7.399139999999999
L;H,K;L,"249,104",-2.14679,3.5038799999999997,-5.65067
T;Q,E;E,"270,127",-2.14703,4.99013,-7.13716
G;T,A;M,"243,29",-2.14744,-5.47348,3.3260400000000003
Q;L,K;M,"127,216",-2.14784,3.4812399999999997,-5.62908
G;Q,K;Y,"243,119",-2.1485,-1.4823400000000002,-0.6661599999999996
L;A,I;M,"216,65",-2.14979,2.69933,-4.849119999999999
A;S,V;K,"65,58",-2.15049,3.24759,-5.39808
Q;L,E;Q,"133,216",-2.15111,3.76201,-5.91312
V;M,D;L,"57,262",-2.15196,-7.58977,5.43781
S;A,N;V,"124,65",-2.15201,6.2177299999999995,-8.36974
K;N,L;L,"252,138",-2.15316,2.4472300000000002,-4.600390000000001
R;L,N;I,"132,216",-2.15383,3.40362,-5.55745
Q;N,R;K,"127,114",-2.15389,0.9117000000000002,-3.0655900000000003
A;N,P;K,"152,138",-2.15391,3.1061699999999997,-5.26008
H;G,L;H,"104,251",-2.15443,2.76617,-4.9206
S;Q,T;V,"124,127",-2.15501,3.2788399999999998,-5.43385
S;Q,E;T,"115,91",-2.15535,2.97541,-5.13076
S;C,T;A,"121,289",-2.15541,1.2270312,-3.3824411999999997
A;S,P;Y,"152,242",-2.15576,3.01189,-5.16765
G;S,K;E,"243,207",-2.15596,4.45618,-6.61214
K;Q,F;V,"253,182",-2.15613,-4.93358,2.77745
S;G,P;A,"125,165",-2.15701,-3.3736499999999996,1.2166399999999995
L;M,Q;V,"216,154",-2.15784,-1.33687,-0.8209700000000002
Q;A,I;N,"127,226",-2.15797,3.54816,-5.70613
T;L,D;Q,"88,216",-2.15801,3.65398,-5.81199
D;S,N;H,"186,214",-2.15808,-2.1531040999999997,-0.004975900000000255
G;F,K;M,"243,271",-2.15878,5.21471,-7.37349
C;D,A;N,"289,186",-2.1593,-0.0709529,-2.0883471
T;T,V;N,"72,198",-2.16024,2.37711,-4.53735
I;S,R;Y,"168,269",-2.16101,-15.488355,13.327345000000001
S;M,P;L,"125,262",-2.16254,-7.61386,5.45132
T;C,V;S,"198,289",-2.16255,0.40235999999999983,-2.56491
L;N,I;H,"216,205",-2.16292,2.366741,-4.529661000000001
A;C,M;A,"135,289",-2.16346,1.4777512000000002,-3.6412112000000003
Q;S,N;V,"133,223",-2.16364,2.35674,-4.520379999999999
V;S,C;V,"281,223",-2.16377,2.35967,-4.52344
A;K,L;F,"65,253",-2.1638,-1.4683300000000001,-0.69547
I;M,L;V,"145,154",-2.16508,-1.7008400000000001,-0.46424
L;R,E;Q,"216,224",-2.16536,2.113651,-4.279011000000001
C;S,A;Q,"289,188",-2.16637,-1.5218988,-0.6444712000000001
G;R,S;N,"243,90",-2.16656,-11.00371,8.83715
A;M,N;V,"226,154",-2.16665,-1.56519,-0.6014600000000001
N;S,T;Y,"190,269",-2.16784,0.40915500000000005,-2.576995
T;K,K;V,"88,253",-2.168,-0.4862900000000001,-1.68171
I;F,R;M,"168,191",-2.16852,-14.471208,12.302688
G;S,S;E,"243,121",-2.16865,-5.57967,3.41102
S;A,T;F,"124,65",-2.1694,3.24022,-5.40962
S;G,A;T,"124,251",-2.17009,3.53467,-5.70476
P;I,D;L,"197,111",-2.17039,3.1342499999999998,-5.304639999999999
N;M,K;H,"233,161",-2.17069,0.619472,-2.790162
R;R,V;S,"34,90",-2.17073,-2.89785,0.7271200000000002
Q;T,E;L,"127,72",-2.17074,2.8177899999999996,-4.988529999999999
T;L,V;C,"198,249",-2.17136,2.71046,-4.881819999999999
H;V,L;C,"104,281",-2.17157,2.8128,-4.98437
L;A,E;F,"216,65",-2.17319,2.4976700000000003,-4.67086
A;F,N;M,"226,191",-2.17443,1.726342,-3.900772
D;F,V;M,"186,191",-2.17539,2.074302,-4.249692
C;N,S;K,"289,114",-2.17554,-2.49841,0.32287
T;T,M;N,"51,198",-2.17575,2.4711499999999997,-4.6469
L;S,W;H,"216,214",-2.17617,-0.79636,-1.37981
R;F,N;M,"132,191",-2.17639,2.256532,-4.432922
S;C,V;A,"223,289",-2.17644,1.0518812,-3.2283212
I;N,V;T,"200,190",-2.17751,2.42937,-4.60688
A;K,N;L,"226,253",-2.17759,0.37854999999999994,-2.55614
G;S,Q;K,"243,58",-2.18075,5.01676,-7.197509999999999
T;R,N;A,"88,90",-2.18111,-4.897469999999999,2.7163599999999994
N;A,K;M,"138,65",-2.18207,2.5496499999999997,-4.731719999999999
S;Q,N;M,"103,127",-2.18223,1.966517,-4.148747
T;L,L;C,"72,249",-2.18283,2.49754,-4.68037
Q;S,V;P,"182,188",-2.18298,-2.380005,0.197025
L;N,K;K,"249,114",-2.18307,0.57975,-2.7628199999999996
L;Q,I;A,"216,127",-2.18356,1.9760360000000001,-4.1595960000000005
Q;R,T;T,"91,90",-2.18406,-5.481260000000001,3.2972000000000006
S;L,A;C,"124,249",-2.18425,3.2865900000000003,-5.470840000000001
A;S,P;H,"152,214",-2.18442,-0.34395,-1.8404699999999998
H;P,L;D,"104,197",-2.18528,3.16335,-5.34863
Q;N,T;H,"127,205",-2.18623,1.6396350000000002,-3.8258650000000003
Q;N,E;K,"127,114",-2.18794,0.12993999999999994,-2.31788
A;R,M;T,"65,90",-2.18798,-5.49094,3.30296
A;Q,T;V,"180,127",-2.19019,2.8022299999999998,-4.992419999999999
P;A,D;M,"197,135",-2.19044,3.1360900000000003,-5.32653
Q;K,D;L,"127,252",-2.19137,3.20708,-5.39845
G;Q,K;I,"243,182",-2.19213,2.29988,-4.4920100000000005
L;K,W;L,"216,253",-2.19491,0.30855999999999995,-2.50347
D;H,V;R,"186,104",-2.19507,2.98522,-5.180289999999999
R;R,P;N,"280,90",-2.1957,-11.26713,9.07143
V;S,C;F,"281,238",-2.19765,0.37148000000000003,-2.56913
Q;S,N;Q,"127,188",-2.19783,0.9159000000000002,-3.1137300000000003
H;S,R;K,"104,58",-2.1983,2.34168,-4.53998
G;S,T;F,"254,238",-2.19857,-5.6989,3.50033
F;I,E;H,"271,168",-2.19918,0.9119099999999998,-3.11109
Q;S,N;H,"133,187",-2.2006,1.079958,-3.280558
R;Q,P;V,"280,127",-2.20072,2.51471,-4.71543
A;K,L;V,"65,253",-2.20083,-0.4903900000000001,-1.7104399999999997
G;N,Q;I,"243,37",-2.20087,5.73317,-7.93404
S;N,V;K,"58,138",-2.20114,2.92393,-5.12507
G;A,Q;M,"243,65",-2.20165,5.13824,-7.33989
S;S,A;P,"124,125",-2.20183,3.3570200000000003,-5.5588500000000005
S;S,V;Y,"58,242",-2.20193,2.82965,-5.03158
A;N,V;I,"65,37",-2.20229,3.9640000000000004,-6.16629
P;S,D;V,"197,223",-2.20254,2.7102199999999996,-4.91276
Q;L,W;W,"133,216",-2.20261,3.36457,-5.5671800000000005
Q;A,K;M,"127,65",-2.20278,3.27854,-5.48132
S;L,T;F,"124,117",-2.20413,-0.2534700000000001,-1.95066
G;S,L;T,"243,121",-2.20426,4.97076,-7.17502
Q;R,W;N,"133,132",-2.20453,3.96475,-6.1692800000000005
S;S,T;E,"124,121",-2.20563,-5.07896,2.87333
L;R,K;D,"249,90",-2.20576,-10.6199,8.41414
N;A,K;D,"138,226",-2.20619,-5.285830000000001,3.079640000000001
D;I,V;H,"186,168",-2.20734,0.04171999999999998,-2.24906
T;K,E;A,"270,253",-2.20765,1.39385,-3.6015
S;R,P;D,"125,90",-2.20776,-11.31953,9.11177
N;Q,K;I,"138,182",-2.20792,0.5246799999999999,-2.7326
G;D,S;N,"243,186",-2.2081,1.5685059,-3.7766059
Q;S,N;Q,"133,188",-2.20851,-0.21704000000000012,-1.9914699999999999
N;S,L;W,"138,58",-2.20959,2.3760000000000003,-4.58559
A;Q,V;V,"65,127",-2.2096,3.32606,-5.53566
F;A,M;T,"271,180",-2.20963,3.7351,-5.94473
G;S,L;F,"243,238",-2.21054,2.8074199999999996,-5.0179599999999995
L;S,F;P,"216,188",-2.21178,1.093595,-3.305375
S;N,H;K,"214,114",-2.21295,-3.50127,1.2883199999999997
S;K,M;A,"238,253",-2.21419,0.07701000000000002,-2.2912
R;M,P;V,"90,154",-2.21446,-18.02034,15.805880000000002
S;R,Y;A,"242,280",-2.21457,0.8143130000000001,-3.0288830000000004
Q;S,V;H,"182,214",-2.2155,-4.3514,2.1359
S;N,T;Y,"124,37",-2.21719,2.740841,-4.958031
G;H,K;T,"243,104",-2.21741,4.69995,-6.91736
R;K,S;F,"90,253",-2.21746,-8.92894,6.711480000000001
S;Q,T;N,"121,133",-2.21777,2.5318899999999998,-4.7496599999999995
F;K,M;F,"271,253",-2.22003,-0.5927899999999999,-1.62724
G;R,A;N,"243,90",-2.22007,-11.09878,8.87871
I;Q,L;N,"111,133",-2.22011,2.78077,-5.00088
R;M,N;H,"90,161",-2.22064,-12.26682,10.04618
S;Q,P;L,"125,182",-2.22127,-0.48558999999999997,-1.7356800000000001
V;S,C;H,"281,187",-2.2219,1.082888,-3.3047880000000003
Q;R,N;K,"133,53",-2.22313,2.43608,-4.65921
K;D,F;N,"253,186",-2.22403,-2.7352841,0.5112540999999999
T;R,N;D,"198,90",-2.22474,-11.37725,9.15251
Q;P,L;L,"127,38",-2.22562,2.93084,-5.15646
A;K,E;V,"152,253",-2.22565,-0.6051,-1.62055
D;T,Q;N,"220,198",-2.22572,4.02439,-6.25011
Q;F,N;W,"127,271",-2.22615,4.23907,-6.46522
A;A,V;D,"65,226",-2.22622,-4.46641,2.2401899999999997
G;F,K;W,"243,271",-2.22665,4.94444,-7.1710899999999995
L;Q,M;T,"216,91",-2.22807,2.7458799999999997,-4.97395
Q;L,R;M,"127,216",-2.22814,3.7152000000000003,-5.94334
T;N,N;K,"198,233",-2.22882,1.484642,-3.713462
Q;K,E;F,"133,253",-2.22891,-0.6565600000000003,-1.5723499999999997
R;I,V;H,"34,168",-2.22954,1.5346000000000002,-3.7641400000000003
G;L,K;M,"243,216",-2.23051,4.52755,-6.75806
T;V,K;C,"88,281",-2.23129,2.5078899999999997,-4.739179999999999
L;Q,E;I,"216,182",-2.23154,0.5543300000000001,-2.78587
Q;S,T;K,"91,58",-2.2319,2.4217,-4.6536
F;L,E;W,"271,216",-2.23256,4.029859999999999,-6.262419999999999
G;Q,Q;A,"243,127",-2.23264,4.4149460000000005,-6.647586
I;N,L;K,"145,138",-2.23292,2.5881,-4.82102
A;I,N;V,"226,200",-2.23325,2.7294099999999997,-4.96266
S;H,M;R,"238,104",-2.23357,3.40571,-5.639279999999999
L;Q,Q;F,"216,182",-2.23546,-0.45655999999999985,-1.7789
R;A,A;D,"90,226",-2.23575,-12.62622,10.39047
S;M,N;H,"124,161",-2.23583,4.406689999999999,-6.642519999999999
N;Q,I;T,"37,91",-2.23588,3.13811,-5.37399
G;Q,T;M,"254,127",-2.23679,-4.3702630000000005,2.1334730000000004
A;N,V;H,"65,205",-2.23738,3.036481,-5.273861
D;L,Q;K,"220,249",-2.23771,4.78174,-7.01945
V;Q,C;Y,"281,119",-2.23786,-3.3177200000000004,1.0798600000000005
G;M,A;H,"165,161",-2.23835,-4.29654,2.05819
R;R,V;P,"34,90",-2.23843,-11.732610000000001,9.49418
G;A,Q;P,"243,152",-2.23852,5.6947600000000005,-7.93328
S;T,T;V,"124,198",-2.23856,3.6218199999999996,-5.860379999999999
H;R,R;Q,"104,224",-2.23969,1.9975109999999998,-4.237201
K;S,Y;Y,"253,269",-2.23976,-3.225875,0.9861149999999999
T;I,M;L,"51,145",-2.24066,2.6199,-4.8605599999999995
N;D,L;N,"138,186",-2.24242,1.2176859,-3.4601059000000003
S;R,T;P,"121,280",-2.24256,2.6030699999999998,-4.84563
H;C,L;A,"104,289",-2.2429,1.5050112,-3.7479112
Q;N,T;H,"91,205",-2.24358,2.210591,-4.4541710000000005
R;P,Q;D,"132,197",-2.24379,3.2251,-5.46889
D;G,L;T,"220,251",-2.24392,3.37786,-5.62178
S;G,M;T,"238,254",-2.2447,-2.6383600000000005,0.39366000000000057
M;M,L;H,"262,161",-2.2453,-8.53675,6.291449999999999
L;N,C;K,"249,114",-2.24555,-0.19030999999999998,-2.0552400000000004
H;R,M;P,"104,280",-2.24563,2.58514,-4.830769999999999
A;R,V;N,"65,132",-2.24748,4.07336,-6.3208400000000005
Q;Q,T;V,"91,127",-2.24783,2.50017,-4.747999999999999
Q;I,I;L,"127,145",-2.24791,3.41251,-5.66042
S;C,K;S,"124,289",-2.24895,1.52456,-3.77351
S;T,M;N,"238,198",-2.24908,3.36575,-5.6148299999999995
N;Q,K;V,"138,127",-2.24926,2.50664,-4.7559000000000005
K;N,A;K,"253,114",-2.25089,-3.4663399999999998,1.2154499999999997
A;Q,L;N,"65,133",-2.25141,2.50086,-4.752269999999999
P;S,D;Q,"197,188",-2.25199,0.1364399999999999,-2.38843
L;M,W;V,"216,154",-2.25325,-1.63518,-0.6180699999999999
L;R,Q;L,"216,53",-2.25392,3.24798,-5.5019
M;Q,L;N,"154,133",-2.25415,2.61454,-4.86869
R;I,V;R,"34,168",-2.25462,-11.475010000000001,9.220390000000002
M;C,L;A,"154,289",-2.25496,1.3096812,-3.5646412
N;Q,K;Y,"138,119",-2.25883,-3.2575400000000005,0.9987100000000004
R;V,Q;C,"132,281",-2.25929,2.87455,-5.13384
R;T,V;N,"34,88",-2.2597,4.4417100000000005,-6.701410000000001
S;Q,Y;A,"242,127",-2.26055,1.7320760000000002,-3.992626
G;D,A;N,"243,186",-2.26069,1.4734359,-3.7341258999999996
S;V,K;D,"124,57",-2.26325,3.92718,-6.19043
S;T,D;N,"58,198",-2.26365,3.03493,-5.29858
S;I,Y;H,"242,168",-2.26403,-0.55847,-1.70556
C;A,L;E,"289,152",-2.26406,2.5693900000000003,-4.833450000000001
P;M,D;L,"197,154",-2.26454,2.96802,-5.23256
L;R,K;Q,"249,224",-2.26473,2.714901,-4.9796309999999995
N;R,L;D,"138,90",-2.26518,-11.33013,9.06495
V;A,C;E,"281,152",-2.26572,2.38908,-4.6548
A;Q,V;Y,"65,119",-2.26614,-2.43812,0.17198000000000002
Q;C,L;A,"182,289",-2.26615,-1.7848287999999999,-0.4813212000000002
R;S,N;Y,"132,242",-2.26694,3.1596599999999997,-5.4266
F;T,E;N,"271,88",-2.26711,3.81902,-6.086130000000001
F;V,W;C,"271,281",-2.26779,3.10906,-5.37685
S;R,Y;S,"242,90",-2.26908,-4.99092,2.72184
L;S,K;H,"249,187",-2.26968,1.773968,-4.043648
G;D,L;N,"243,186",-2.26994,3.6727759,-5.9427159
R;Q,V;K,"34,127",-2.26999,5.293480000000001,-7.563470000000001
R;Q,Q;N,"132,133",-2.27026,2.87162,-5.1418800000000005
Q;P,L;V,"127,184",-2.27077,2.007227,-4.277997
L;T,C;Y,"249,189",-2.27077,1.297602,-3.568372
Q;L,N;Q,"127,216",-2.27092,4.0219000000000005,-6.292820000000001
R;R,T;A,"90,280",-2.27103,-7.131997,4.8609670000000005
L;F,F;M,"216,191",-2.27134,1.574912,-3.846252
S;T,N;L,"103,72",-2.27145,2.84292,-5.11437
A;V,L;C,"65,281",-2.27258,2.50379,-4.77637
M;V,L;C,"154,281",-2.27394,2.61747,-4.8914100000000005
P;S,D;H,"197,187",-2.27408,1.433438,-3.7075180000000003
S;S,T;Q,"124,188",-2.27474,0.6182699999999999,-2.89301
L;Q,I;Y,"216,119",-2.27533,-3.1078600000000005,0.8325300000000007
T;S,K;H,"88,214",-2.27565,-0.88205,-1.3936000000000002
A;Q,M;N,"135,133",-2.27567,2.78261,-5.05828
Q;S,I;P,"127,188",-2.27582,1.911485,-4.187305
S;T,T;M,"124,51",-2.2766,3.3697999999999997,-5.6464
T;A,E;T,"270,180",-2.27672,5.10463,-7.38135
A;C,W;A,"65,289",-2.27688,1.0472012000000002,-3.3240812
G;S,S;T,"243,121",-2.27712,2.8664899999999998,-5.14361
S;S,T;P,"121,125",-2.27774,2.5262700000000002,-4.80401
R;R,Q;P,"132,280",-2.27788,2.9428,-5.22068
D;L,V;I,"186,216",-2.27798,3.22139,-5.49937
E;Y,K;S,"231,63",-2.27854,0.27825999999999995,-2.5568
D;L,L;D,"220,249",-2.27881,3.3211399999999998,-5.59995
T;K,Q;Y,"88,253",-2.27905,-1.2849499999999998,-0.9941
F;L,E;F,"271,216",-2.27998,3.9484199999999996,-6.2284
R;Q,N;T,"132,91",-2.28045,3.24747,-5.52792
R;C,K;A,"53,289",-2.28052,1.1312212000000001,-3.4117412000000003
D;I,L;L,"220,145",-2.28075,3.29124,-5.5719899999999996
S;Q,N;A,"124,127",-2.28092,4.658866,-6.939786
V;A,D;W,"57,65",-2.2812,2.37053,-4.651730000000001
S;T,Y;N,"242,88",-2.28129,2.34864,-4.62993
Q;D,N;V,"127,186",-2.28146,4.14154,-6.423
H;M,M;H,"104,161",-2.28398,1.58545,-3.8694300000000004
L;S,E;Q,"216,188",-2.28474,-0.12427999999999995,-2.1604600000000005
R;Q,P;I,"280,182",-2.28495,0.53275,-2.8177
H;I,R;R,"104,168",-2.28524,-13.56029,11.27505
Q;R,W;S,"133,90",-2.28629,-4.18583,1.89954
V;S,D;K,"57,58",-2.28643,2.38353,-4.66996
S;K,E;V,"207,253",-2.28677,-0.37338000000000005,-1.9133900000000001
L;R,F;A,"216,90",-2.28737,-4.76807,2.4806999999999997
L;Q,M;N,"216,133",-2.28745,2.68924,-4.97669
G;H,L;L,"243,104",-2.2884,5.24874,-7.53714
C;S,A;H,"289,187",-2.28873,-0.2249008,-2.0638292000000003
F;T,E;D,"271,88",-2.28877,4.64381,-6.93258
L;R,K;K,"249,53",-2.28946,3.13009,-5.41955
R;S,L;P,"53,188",-2.29034,1.3829850000000001,-3.673325
L;C,M;A,"216,289",-2.29067,1.3843812,-3.6750512
R;N,N;K,"132,138",-2.29168,3.25394,-5.5456199999999995
F;R,E;L,"271,53",-2.29237,4.23781,-6.53018
G;S,L;V,"243,223",-2.29251,4.79561,-7.08812
V;Q,C;I,"281,182",-2.29377,0.4645,-2.75827
D;I,V;R,"186,168",-2.29427,-12.96789,10.67362
P;R,D;K,"197,53",-2.29435,2.78956,-5.0839099999999995
G;S,K;E,"243,115",-2.29472,4.75708,-7.0518
R;C,Q;A,"132,289",-2.29515,1.5667612,-3.8619111999999998
Q;S,R;M,"127,238",-2.29545,4.45505,-6.750500000000001
R;H,N;R,"132,104",-2.29666,3.1674499999999997,-5.46411
N;N,I;K,"37,138",-2.2969,3.14458,-5.44148
S;T,T;M,"124,29",-2.29697,-4.877700000000001,2.580730000000001
S;K,D;V,"58,253",-2.29931,0.10701999999999989,-2.40633
V;N,D;K,"57,233",-2.29934,1.566452,-3.865792
S;P,D;L,"58,38",-2.29999,3.25963,-5.559620000000001
S;L,V;I,"58,216",-2.30063,3.07361,-5.37424
T;S,N;E,"198,136",-2.30104,1.4550239999999999,-3.756064
Q;H,N;T,"127,104",-2.3014,3.99458,-6.29598
R;R,V;A,"34,280",-2.30149,2.9073830000000003,-5.2088730000000005
H;S,R;Y,"104,269",-2.30213,0.4647549999999999,-2.766885
R;R,L;A,"53,90",-2.30246,-4.47868,2.17622
I;G,L;S,"111,243",-2.3029,3.11537,-5.41827
C;S,S;T,"289,214",-2.30304,-1.490318,-0.8127220000000002
S;D,T;N,"124,186",-2.30328,2.0692159,-4.3724959000000005
Q;A,N;E,"133,152",-2.3036,2.3861499999999998,-4.68975
Q;S,I;H,"127,214",-2.30416,-0.05990999999999991,-2.24425
K;S,V;Y,"253,269",-2.30442,-2.503115,0.1986950000000003
L;R,Q;P,"216,90",-2.30445,-13.345130000000001,11.040680000000002
S;S,H;Y,"214,269",-2.3059,-2.898875,0.592975
G;R,L;K,"243,53",-2.30623,4.87495,-7.1811799999999995
P;A,D;L,"197,65",-2.30774,2.8543399999999997,-5.16208
T;L,D;I,"88,216",-2.30789,3.41739,-5.72528
V;G,D;A,"57,165",-2.30856,-3.34956,1.041
N;K,I;F,"37,253",-2.3086,-0.8877200000000001,-1.4208800000000001
G;A,L;M,"243,135",-2.30899,5.22148,-7.530469999999999
G;S,Q;V,"243,58",-2.30954,5.51252,-7.8220600000000005
I;G,L;A,"111,243",-2.31046,3.0202999999999998,-5.33076
G;T,Q;Q,"243,88",-2.31066,5.08076,-7.39142
F;C,M;L,"271,289",-2.31134,3.55964,-5.870979999999999
Q;R,N;Q,"133,224",-2.3115,2.0208909999999998,-4.332390999999999
L;S,E;K,"216,58",-2.31195,2.45782,-4.769769999999999
T;N,N;Y,"198,37",-2.31278,1.8421910000000001,-4.154971
Q;Q,T;I,"91,182",-2.31349,0.51821,-2.8316999999999997
T;S,D;Y,"88,242",-2.31502,3.1734299999999998,-5.48845
S;K,E;Y,"207,253",-2.31592,-1.09614,-1.2197800000000003
K;G,L;T,"252,254",-2.31623,-3.604,1.28777
C;S,S;F,"289,238",-2.31683,-2.0156,-0.3012299999999999
Q;R,E;A,"133,90",-2.3171,-3.96465,1.6475499999999998
H;Q,L;N,"104,133",-2.3178,2.80987,-5.12767
R;Q,P;Y,"280,119",-2.31848,-3.2494700000000005,0.9309900000000004
T;G,N;A,"198,165",-2.31872,-3.43137,1.11265
S;Q,E;N,"207,133",-2.32,2.61787,-4.93787
G;A,S;F,"243,65",-2.3206,2.73951,-5.06011
S;T,T;N,"121,198",-2.32237,2.46855,-4.79092
H;N,L;L,"104,138",-2.3236,2.79365,-5.11725
T;C,V;S,"72,289",-2.32422,0.05630000000000002,-2.3805199999999997
S;A,T;M,"124,135",-2.32478,3.61792,-5.9427
P;L,D;M,"197,216",-2.32517,3.04272,-5.36789
S;K,K;V,"58,253",-2.32522,-0.62619,-1.6990299999999998
V;R,D;N,"57,90",-2.32558,-11.31984,8.994259999999999
Q;Q,L;T,"182,127",-2.32574,-0.9942859999999999,-1.3314540000000004
N;S,L;E,"138,136",-2.32648,1.502144,-3.828624
S;N,P;L,"245,138",-2.32724,2.55208,-4.87932
Q;F,L;M,"182,191",-2.32794,-1.4142679999999999,-0.913672
S;P,N;D,"124,197",-2.32797,5.68868,-8.01665
Q;R,T;A,"91,280",-2.32848,0.902123,-3.230603
L;T,E;N,"216,88",-2.32928,2.47257,-4.80185
G;S,A;T,"243,121",-2.32969,2.77142,-5.10111
L;K,M;F,"216,253",-2.32972,-1.2799500000000001,-1.0497699999999999
S;V,E;C,"115,281",-2.3304,2.9217,-5.2521
G;S,A;V,"243,223",-2.33047,2.5962699999999996,-4.92674
F;C,M;A,"271,289",-2.33133,2.0715412,-4.4028712
L;R,I;S,"216,90",-2.33209,-4.7469600000000005,2.4148700000000005
T;L,E;D,"270,249",-2.33215,4.86124,-7.193389999999999
K;T,Y;Y,"253,189",-2.33216,-2.3403579999999997,0.008197999999999706
D;Q,V;T,"186,91",-2.33301,3.06524,-5.39825
Q;P,M;V,"127,184",-2.3384,0.934934,-3.273334
R;S,N;P,"132,188",-2.33892,1.775215,-4.114135
S;R,T;Q,"124,132",-2.33908,3.70693,-6.04601
K;R,L;A,"253,280",-2.33971,-1.436607,-0.9031030000000002
G;M,L;L,"243,154",-2.33989,5.0534099999999995,-7.3933
Q;Q,I;T,"182,127",-2.34035,-0.05274599999999996,-2.287604
A;C,L;A,"65,289",-2.34073,1.1960012,-3.5367312
D;V,Q;D,"220,57",-2.34086,4.106199999999999,-6.44706
A;H,P;R,"152,104",-2.341,3.01968,-5.36068
R;D,P;N,"280,186",-2.3436,1.3050859,-3.6486859
F;Q,E;I,"271,127",-2.34361,4.76631,-7.10992
L;V,M;C,"216,281",-2.3444,2.69217,-5.036569999999999
G;R,Q;S,"243,90",-2.34476,-2.30805,-0.0367099999999998
G;S,L;H,"243,187",-2.34634,3.5188279999999996,-5.865168
A;R,V;A,"65,280",-2.34701,1.7280130000000002,-4.075023
G;S,S;V,"243,223",-2.34739,2.69134,-5.038729999999999
H;N,M;L,"104,138",-2.34827,2.4977400000000003,-4.84601
S;F,N;W,"124,271",-2.34833,6.0017499999999995,-8.350079999999998
S;S,T;V,"124,223",-2.34846,3.19205,-5.54051
S;H,T;T,"124,104",-2.35157,3.69695,-6.04852
I;K,L;V,"145,253",-2.35268,-0.4662600000000001,-1.8864199999999998
S;V,E;C,"207,281",-2.35272,2.6208,-4.973520000000001
P;R,D;Q,"197,224",-2.35466,2.374371,-4.729031
H;R,R;A,"104,280",-2.35475,0.822103,-3.1768530000000004
S;S,P;W,"125,58",-2.35559,2.3866,-4.74219
S;C,E;A,"207,289",-2.35599,1.3130112,-3.6690012
S;V,P;D,"245,57",-2.35621,2.58677,-4.94298
Q;N,D;K,"127,114",-2.3564,0.62937,-2.9857699999999996
R;F,L;M,"53,191",-2.35667,1.8643020000000001,-4.220972
S;L,N;E,"124,216",-2.35769,5.42796,-7.7856499999999995
F;Q,W;N,"271,133",-2.35769,3.10613,-5.46382
S;T,W;N,"58,198",-2.35777,2.32888,-4.68665
L;S,D;W,"249,58",-2.35826,2.50753,-4.8657900000000005
Q;T,W;N,"133,88",-2.35868,3.1537300000000004,-5.512410000000001
R;Q,Y;L,"123,127",-2.35934,3.44247,-5.80181
A;K,M;V,"65,253",-2.35948,-0.50471,-1.85477
T;C,K;A,"88,289",-2.35984,1.2001012,-3.5599412
Q;S,N;K,"127,58",-2.36082,3.498,-5.85882
C;K,L;L,"289,252",-2.36154,2.64669,-5.00823
T;K,L;A,"72,253",-2.3616,-0.7784899999999999,-1.5831100000000002
N;I,K;R,"138,168",-2.36166,-13.4738,11.11214
L;R,Q;A,"216,90",-2.36358,-4.388319999999999,2.0247399999999995
N;R,K;S,"138,90",-2.36517,-4.8966400000000005,2.5314700000000006
G;N,T;Y,"251,37",-2.3652,2.077561,-4.442761000000001
S;S,N;M,"124,238",-2.36556,6.32471,-8.69027
G;R,L;Q,"243,132",-2.36636,5.31049,-7.67685
A;S,V;V,"65,58",-2.36689,3.7433500000000004,-6.110240000000001
T;S,M;P,"51,125",-2.36747,2.52887,-4.89634
D;A,Q;T,"220,180",-2.3676,4.446429999999999,-6.814029999999999
L;S,W;Y,"216,242",-2.3677,2.5594799999999998,-4.92718
Q;A,N;D,"127,226",-2.36807,-4.216,1.8479300000000003
V;R,C;Q,"281,224",-2.36851,2.023821,-4.392331
F;S,E;Y,"271,269",-2.36898,1.9273449999999999,-4.2963249999999995
F;R,M;P,"271,280",-2.36905,3.4475800000000003,-5.81663
Q;T,E;Y,"127,189",-2.36932,1.6178519999999998,-3.987172
P;Q,D;V,"197,182",-2.36969,-0.6109100000000001,-1.7587799999999998
G;A,S;E,"243,152",-2.36975,2.72075,-5.0905
R;K,K;F,"53,253",-2.37018,-1.53311,-0.83707
A;G,M;S,"135,243",-2.37038,3.11721,-5.48759
V;S,D;T,"57,214",-2.37111,0.912302,-3.2834119999999998
F;R,E;N,"271,132",-2.37165,4.630039999999999,-7.001689999999999
R;A,P;W,"280,65",-2.37174,2.42324,-4.79498
I;Q,L;V,"145,127",-2.37202,2.52894,-4.9009599999999995
C;R,A;Q,"289,224",-2.37378,0.7160321999999999,-3.0898122
N;T,K;N,"138,88",-2.3738,2.44292,-4.81672
L;A,K;D,"249,226",-2.37387,-4.65493,2.28106
K;R,F;Q,"253,224",-2.37533,-1.948299,-0.42703099999999994
H;I,R;H,"104,168",-2.37557,-0.5506800000000001,-1.8248900000000001
L;H,Q;R,"216,104",-2.37605,2.86558,-5.241630000000001
L;I,I;H,"216,168",-2.37647,-0.31451000000000007,-2.06196
K;P,L;V,"252,184",-2.37707,1.701197,-4.078267
Q;Q,K;Y,"127,119",-2.37772,-2.5286500000000003,0.15093000000000023
L;F,Q;M,"216,191",-2.3778,1.9546620000000001,-4.3324620000000005
R;T,P;K,"280,88",-2.37807,2.5761399999999997,-4.95421
Q;I,W;L,"133,145",-2.37811,3.2989100000000002,-5.677020000000001
L;K,Q;L,"216,253",-2.37821,0.60687,-2.98508
Q;R,N;N,"127,90",-2.37875,-10.205369999999998,7.826619999999998
T;L,N;F,"198,117",-2.37889,-1.15212,-1.2267700000000001
F;P,W;D,"271,197",-2.3792,3.4596099999999996,-5.83881
R;S,P;Y,"90,269",-2.37929,-15.745955,13.366665000000001
S;T,P;N,"245,198",-2.38027,2.50496,-4.88523
G;Q,K;A,"243,127",-2.38065,3.601556,-5.982206
P;S,D;E,"197,207",-2.38076,2.97135,-5.35211
Q;F,E;M,"133,191",-2.38101,2.378332,-4.759342
N;Q,Y;L,"37,182",-2.38131,-1.0140189999999998,-1.3672910000000003
K;Q,F;Y,"253,119",-2.38142,-7.28984,4.90842
D;A,V;T,"186,180",-2.38193,3.3673,-5.749230000000001
L;T,I;N,"216,88",-2.38443,2.5926,-4.97703
S;K,V;F,"58,253",-2.38445,-1.10837,-1.27608
K;R,F;A,"253,280",-2.38467,-3.123707,0.7390370000000002
Q;I,W;H,"133,168",-2.38507,0.24662000000000006,-2.63169
H;R,T;A,"104,90",-2.38619,-4.41564,2.0294499999999998
R;L,V;F,"34,216",-2.38634,4.57111,-6.95745
H;V,M;D,"104,57",-2.38665,2.5324299999999997,-4.919079999999999
T;S,Q;Y,"88,242",-2.38685,2.3978900000000003,-4.78474
F;K,M;V,"271,253",-2.38861,0.3851500000000001,-2.7737600000000002
T;T,N;M,"198,29",-2.39039,-5.776350000000001,3.3859600000000007
S;T,P;M,"125,29",-2.39144,-5.71863,3.3271900000000003
T;C,M;S,"51,289",-2.39199,0.15033999999999992,-2.5423299999999998
L;Q,E;A,"216,127",-2.39302,1.8560060000000003,-4.249026000000001
Q;N,N;I,"127,37",-2.39314,4.21441,-6.60755
G;A,L;L,"243,65",-2.39345,4.93973,-7.3331800000000005
A;G,P;S,"152,243",-2.39364,3.3776599999999997,-5.7713
F;Q,M;N,"271,133",-2.39391,3.3764000000000003,-5.77031
P;T,D;K,"197,88",-2.39408,2.85844,-5.2525200000000005
A;P,P;D,"152,197",-2.39474,3.39654,-5.79128
G;T,Q;N,"243,88",-2.39555,5.03151,-7.42706
R;L,V;W,"34,216",-2.39565,4.65255,-7.0482
G;Q,K;V,"243,127",-2.3959,4.28184,-6.67774
S;M,N;V,"124,154",-2.39635,1.1093699999999997,-3.5057199999999997
H;V,T;C,"104,281",-2.39694,2.86457,-5.2615099999999995
T;M,M;H,"29,161",-2.39734,-6.64152,4.24418
V;A,C;F,"281,65",-2.39806,2.40784,-4.8059
D;V,V;C,"186,281",-2.39894,3.01153,-5.41047
Q;Q,W;A,"133,127",-2.39923,2.537166,-4.936396
N;K,T;F,"190,253",-2.40141,-1.60859,-0.7928199999999999
H;K,T;V,"104,253",-2.40173,-0.12961,-2.27212
Q;T,W;D,"133,88",-2.40181,3.97852,-6.38033
Q;S,K;Y,"127,269",-2.40244,1.280135,-3.682575
F;K,W;V,"271,253",-2.40244,0.11487999999999987,-2.51732
T;Q,Q;T,"88,127",-2.40259,1.9147440000000002,-4.317334000000001
T;S,K;P,"88,125",-2.4026,2.49934,-4.90194
F;R,E;P,"271,90",-2.4028,-12.3553,9.9525
N;Q,K;A,"138,127",-2.40298,1.826356,-4.229336
N;I,K;H,"138,168",-2.40322,-0.4641900000000001,-1.93903
S;S,P;P,"245,125",-2.40324,2.5626800000000003,-4.965920000000001
V;Q,C;L,"281,182",-2.40396,-0.4770399999999999,-1.9269200000000002
Q;A,R;P,"127,152",-2.40446,4.06902,-6.47348
T;S,N;E,"198,121",-2.40531,-5.97761,3.5723000000000003
R;F,T;M,"90,191",-2.40554,-6.472198000000001,4.066658
A;G,M;A,"135,243",-2.40676,3.0221400000000003,-5.4289000000000005
R;S,L;Y,"53,242",-2.40725,2.76743,-5.17468
L;M,F;H,"117,161",-2.40749,-2.01729,-0.3902000000000001
L;N,W;K,"216,138",-2.40779,2.65376,-5.06155
R;L,N;E,"132,216",-2.4078,3.2835900000000002,-5.69139
R;A,P;E,"280,152",-2.40861,2.45733,-4.86594
A;K,P;V,"152,253",-2.40991,0.05180999999999991,-2.4617199999999997
L;R,W;A,"216,90",-2.41104,-4.686629999999999,2.2755899999999993
G;A,S;W,"243,65",-2.41109,2.68666,-5.09775
N;M,Y;H,"37,161",-2.41119,0.977021,-3.388211
V;S,D;Q,"57,188",-2.4114,-0.19857000000000014,-2.21283
F;Q,E;E,"271,133",-2.41157,4.75184,-7.16341
F;C,W;A,"271,289",-2.41168,1.8012712,-4.2129512
T;S,N;T,"198,214",-2.41188,0.830492,-3.242372
Q;Q,T;Y,"91,119",-2.41348,-3.2640100000000003,0.8505300000000005
R;F,P;M,"90,191",-2.4149,-14.728808,12.313908000000001
L;I,I;R,"216,168",-2.41565,-13.32412,10.908470000000001
Q;S,A;P,"127,188",-2.41609,0.347631,-2.7637210000000003
H;K,T;F,"104,253",-2.41635,-1.10755,-1.3088
Q;S,E;Y,"133,242",-2.41728,3.28146,-5.69874
I;Q,L;L,"145,182",-2.41769,-0.39456,-2.02313
Q;K,K;L,"127,253",-2.41783,0.94949,-3.36732
Q;Q,I;T,"127,91",-2.41793,3.38374,-5.80167
G;I,Q;H,"243,168",-2.41854,2.1244,-4.54294
L;T,E;Q,"216,88",-2.4196,2.52182,-4.94142
T;M,K;H,"88,161",-2.41966,1.57645,-3.99611
Q;R,N;N,"127,132",-2.42041,4.32377,-6.74418
Q;S,R;Q,"127,188",-2.4209,0.8089200000000001,-3.22982
G;R,Q;A,"243,280",-2.42095,3.497183,-5.918133
S;R,N;P,"124,90",-2.42186,-10.898890000000002,8.477030000000001
G;S,S;H,"243,187",-2.42188,1.414558,-3.836438
R;C,D;S,"90,289",-2.42278,-13.69806,11.27528
T;Q,E;D,"270,127",-2.42412,5.48956,-7.913679999999999
D;P,L;V,"220,184",-2.42491,2.443577,-4.868487
S;M,T;H,"214,161",-2.42518,-0.03467800000000004,-2.390502
L;R,E;A,"216,280",-2.42759,0.9382430000000002,-3.3658330000000003
Q;F,I;M,"127,191",-2.42852,2.392802,-4.821322
N;L,I;I,"37,216",-2.42903,3.29426,-5.72329
L;R,K;N,"249,90",-2.43013,-10.6443,8.21417
S;S,Y;Y,"242,269",-2.43013,0.45696499999999995,-2.887095
S;S,T;W,"124,58",-2.43036,3.22753,-5.65789
L;Q,D;M,"249,127",-2.43044,1.812497,-4.2429369999999995
R;K,T;L,"90,253",-2.43131,-7.819990000000001,5.388680000000001
L;D,K;N,"249,186",-2.43132,1.9279159,-4.3592359
D;C,Q;L,"220,289",-2.43216,4.27097,-6.70313
S;C,A;L,"124,289",-2.43252,3.5458800000000004,-5.978400000000001
A;T,V;N,"65,88",-2.43376,3.26234,-5.6960999999999995
V;L,D;F,"57,117",-2.43401,-1.07031,-1.3636999999999997
A;T,V;Q,"65,88",-2.43425,3.3115900000000003,-5.74584
S;G,N;L,"124,243",-2.43428,7.77407,-10.20835
H;K,M;Y,"104,253",-2.43563,-1.2000499999999998,-1.2355800000000003
G;A,K;M,"243,65",-2.43719,4.32485,-6.76204
G;Q,K;V,"243,182",-2.43754,0.87392,-3.31146
F;V,M;C,"271,281",-2.43924,3.3793300000000004,-5.81857
S;V,M;D,"238,57",-2.43929,3.4475599999999997,-5.88685
K;T,A;Y,"253,189",-2.43938,-1.9784279999999999,-0.46095200000000003
R;Q,V;E,"34,133",-2.44004,5.37453,-7.81457
L;M,C;L,"249,262",-2.44005,-7.68429,5.24424
Q;Q,T;Y,"127,119",-2.44015,-3.834966,1.394816
S;G,N;A,"103,165",-2.44098,-3.0987,0.6577199999999999
Q;Q,K;N,"127,133",-2.44126,3.23158,-5.672840000000001
Q;K,V;F,"127,253",-2.44189,-1.52566,-0.9162299999999999
S;D,P;N,"125,186",-2.44206,1.2282859,-3.6703459
N;N,L;Y,"138,37",-2.44211,1.8893110000000002,-4.331421000000001
L;T,K;M,"249,51",-2.44223,3.2285,-5.67073
S;G,N;K,"124,243",-2.44236,7.17351,-9.615870000000001
L;N,E;H,"216,205",-2.44263,2.2467110000000003,-4.689341000000001
G;T,L;K,"243,88",-2.44264,4.94383,-7.38647
L;S,F;Y,"216,242",-2.44273,2.47804,-4.92077
G;R,L;Q,"243,224",-2.44339,4.459760999999999,-6.903150999999999
F;G,M;A,"271,243",-2.44398,3.61593,-6.05991
R;M,P;L,"280,262",-2.44511,-7.53706,5.091950000000001
N;G,L;A,"138,165",-2.44557,-3.3842499999999998,0.9386799999999997
G;T,Q;D,"243,88",-2.44631,5.8563,-8.30261
Q;S,N;V,"127,58",-2.44649,3.99376,-6.44025
I;F,V;M,"200,191",-2.44724,1.574052,-4.021292
G;A,L;F,"243,65",-2.44781,4.84378,-7.291589999999999
S;T,T;K,"124,88",-2.44878,3.34027,-5.78905
P;Q,D;I,"197,182",-2.44883,0.8150499999999999,-3.26388
H;R,L;A,"104,90",-2.44912,-4.467409999999999,2.018289999999999
A;Q,V;A,"65,127",-2.44981,2.645776,-5.095586
S;N,P;Y,"125,37",-2.44994,1.899911,-4.349850999999999
L;S,C;F,"249,238",-2.45089,0.2925,-2.7433899999999998
G;A,A;W,"243,65",-2.45202,2.59159,-5.04361
N;F,T;M,"190,191",-2.45218,1.4263020000000002,-3.878482
M;K,L;F,"154,253",-2.45244,-1.3546500000000001,-1.09779
T;Q,N;T,"88,127",-2.45295,1.865494,-4.3184439999999995
G;S,L;E,"243,207",-2.45315,5.05674,-7.5098899999999995
N;S,L;T,"138,214",-2.45415,0.8776120000000001,-3.331762
I;R,L;D,"145,90",-2.45464,-11.2285,8.77386
L;S,K;W,"249,58",-2.45495,3.08623,-5.541180000000001
G;S,A;H,"243,187",-2.45542,1.319488,-3.774908
Q;C,V;A,"182,289",-2.45604,-2.2692488,-0.1867911999999996
P;A,D;F,"197,65",-2.45734,2.75839,-5.21573
S;L,V;E,"58,216",-2.45809,2.95358,-5.41167
S;M,E;H,"121,161",-2.45869,-6.842779999999999,4.38409
A;L,P;E,"152,216",-2.45907,3.13582,-5.5948899999999995
Q;R,K;P,"127,90",-2.45915,-13.002510000000001,10.54336
T;Q,K;N,"88,133",-2.45918,2.5049599999999996,-4.9641399999999996
G;T,S;K,"243,88",-2.45961,2.8395599999999996,-5.29917
M;C,L;S,"262,289",-2.45967,-9.99239,7.53272
V;T,D;M,"57,29",-2.4597,-5.69454,3.2348399999999997
N;S,K;Y,"138,269",-2.46034,0.5512449999999999,-3.0115849999999997
K;S,L;Y,"253,269",-2.46073,-1.793955,-0.6667749999999999
I;M,V;V,"200,154",-2.46116,-1.7174800000000001,-0.7436799999999999
G;A,S;L,"243,65",-2.46151,2.83546,-5.29697
S;N,P;K,"125,233",-2.4616,1.542362,-4.003962
G;Q,S;V,"243,182",-2.46161,-0.6297900000000001,-1.8318199999999998
G;N,K;I,"243,37",-2.46189,4.91978,-7.38167
Q;A,N;F,"133,65",-2.46194,2.40491,-4.8668499999999995
T;Q,V;E,"198,127",-2.46208,3.03071,-5.492789999999999
S;R,N;D,"103,90",-2.46223,-11.04458,8.58235
A;A,T;M,"180,65",-2.4623,2.84524,-5.3075399999999995
R;Q,S;T,"90,127",-2.46311,-5.4740660000000005,3.0109560000000006
S;R,V;A,"58,90",-2.46449,-4.41646,1.9519699999999998
Q;M,N;V,"127,154",-2.46504,-0.6533099999999998,-1.8117300000000003
Q;R,T;P,"91,90",-2.46573,-13.737870000000001,11.27214
G;Q,T;M,"251,127",-2.4667,1.8692170000000001,-4.335917
T;Q,D;T,"88,91",-2.46694,3.26124,-5.72818
A;Q,P;T,"152,91",-2.46858,3.0997,-5.56828
A;R,N;T,"226,90",-2.46873,-5.31684,2.84811
K;N,F;H,"253,205",-2.46882,-1.815239,-0.653581
Q;Q,N;I,"133,182",-2.46892,0.4615699999999999,-2.93049
G;N,K;H,"243,205",-2.46897,3.992261,-6.461231
M;S,L;P,"154,125",-2.4693,2.60892,-5.07822
A;T,V;D,"65,88",-2.46934,4.08713,-6.55647
C;Q,L;V,"289,182",-2.46943,-0.78115,-1.68828
T;D,V;K,"198,263",-2.46981,2.89585,-5.36566
L;A,E;M,"216,65",-2.46993,2.5793,-5.04923
A;A,P;T,"152,180",-2.4713,3.40176,-5.87306
L;Q,E;V,"216,127",-2.47191,2.53629,-5.0082
Q;N,N;H,"127,205",-2.47206,3.2868910000000002,-5.758951
A;S,T;Q,"180,188",-2.47285,0.1416599999999999,-2.61451
T;S,N;H,"198,187",-2.47459,1.016618,-3.4912080000000003
R;T,V;Q,"34,88",-2.47507,4.49096,-6.96603
Q;R,R;S,"127,90",-2.4759,-3.93379,1.45789
S;A,T;W,"124,65",-2.47637,3.18737,-5.663740000000001
C;G,S;A,"289,165",-2.47766,-5.75218,3.27452
L;N,D;K,"249,114",-2.47775,0.0010499999999999954,-2.4787999999999997
S;H,T;L,"124,104",-2.47865,3.64518,-6.12383
G;L,Q;F,"243,216",-2.47906,5.16091,-7.63997
Q;S,E;P,"133,188",-2.47932,1.897015,-4.376335
Q;M,K;V,"127,154",-2.47945,-0.9942500000000001,-1.4851999999999999
T;K,V;A,"198,253",-2.47991,-0.5655699999999999,-1.91434
G;R,A;K,"243,53",-2.48008,2.67561,-5.15569
R;S,A;H,"90,187",-2.48123,-6.197322,3.7160919999999997
L;S,I;F,"216,238",-2.48162,0.58134,-3.06296
Q;Q,N;V,"133,182",-2.48168,-0.9643900000000001,-1.5172899999999998
H;T,M;N,"104,198",-2.48417,2.45062,-4.93479
T;L,V;C,"72,249",-2.48438,2.3644,-4.84878
F;T,M;N,"271,198",-2.48479,3.31306,-5.79785
Q;T,E;M,"127,51",-2.4848,2.77869,-5.26349
S;K,A;A,"124,253",-2.48498,0.010560000000000347,-2.4955400000000005
R;R,N;P,"132,280",-2.48565,3.26201,-5.74766
Q;K,V;Y,"127,253",-2.48577,-1.2704799999999998,-1.2152900000000002
S;Q,E;N,"115,133",-2.48604,2.91877,-5.4048099999999994
L;R,K;Q,"249,132",-2.48849,3.5656299999999996,-6.054119999999999
Q;N,L;L,"127,138",-2.48865,2.75326,-5.24191
D;M,N;H,"186,161",-2.48955,0.3053959,-2.7949459
V;S,D;E,"57,136",-2.4897,1.5368339999999998,-4.026534
V;N,D;Y,"57,37",-2.48987,1.924001,-4.413871
G;M,S;L,"243,154",-2.49065,2.94914,-5.43979
Q;A,N;M,"127,65",-2.49079,3.6194800000000003,-6.11027
S;S,H;H,"214,187",-2.49124,-2.307052,-0.1841879999999998
L;N,K;I,"249,37",-2.49371,3.77548,-6.26919
G;F,L;W,"243,271",-2.49423,5.545,-8.03923
C;Q,L;L,"289,182",-2.49427,-0.29672999999999994,-2.19754
S;S,D;N,"58,103",-2.49511,3.3676,-5.86271
R;R,V;L,"34,53",-2.49553,4.8605,-7.3560300000000005
R;G,Q;S,"132,243",-2.4957,3.20622,-5.701919999999999
S;Q,V;T,"58,127",-2.49585,2.346504,-4.842354
S;S,T;T,"124,214",-2.49591,1.729142,-4.225052
F;R,W;P,"271,280",-2.49623,3.17731,-5.67354
A;R,T;Q,"180,224",-2.4975,2.379591,-4.877091
S;Q,V;T,"58,91",-2.49792,2.91746,-5.415380000000001
G;Q,A;V,"243,182",-2.49809,-0.7248600000000001,-1.7732299999999999
G;R,S;K,"243,53",-2.49928,2.77068,-5.26996
Q;T,N;Q,"133,88",-2.49945,2.4290599999999998,-4.928509999999999
G;S,T;T,"251,121",-2.50055,2.70392,-5.204470000000001
F;N,M;L,"271,138",-2.50101,3.36018,-5.861190000000001
L;S,C;T,"249,214",-2.50116,0.817782,-3.318942
H;S,L;P,"104,125",-2.50153,2.8042499999999997,-5.3057799999999995
D;Q,V;N,"186,133",-2.5018,3.0086,-5.5104
V;Q,D;L,"57,182",-2.50286,-0.4615,-2.04136
G;S,K;K,"243,58",-2.50299,4.20337,-6.70636
N;H,I;R,"37,104",-2.50336,3.05809,-5.56145
S;R,Y;P,"242,90",-2.50345,-13.82568,11.322230000000001
L;N,I;T,"216,190",-2.50424,2.57339,-5.077629999999999
L;I,E;H,"216,168",-2.50474,-0.4345399999999999,-2.0702
R;P,Q;L,"132,38",-2.50621,3.0329800000000002,-5.53919
A;Q,T;Y,"180,119",-2.50627,-2.9619500000000003,0.4556800000000001
A;Q,E;F,"152,182",-2.50666,-0.9593699999999998,-1.5472900000000003
Q;V,V;C,"127,281",-2.50668,2.44646,-4.953139999999999
Q;I,T;H,"91,168",-2.50727,-0.4706600000000001,-2.03661
G;A,A;L,"243,65",-2.5073,2.7403899999999997,-5.2476899999999995
F;A,E;N,"271,226",-2.50764,4.09985,-6.60749
I;K,V;Y,"200,253",-2.50841,-1.20566,-1.30275
Q;S,R;W,"127,58",-2.50869,3.4181800000000004,-5.926870000000001
C;N,S;K,"289,233",-2.50991,-0.836168,-1.673742
L;Q,Q;T,"216,91",-2.51,2.9455999999999998,-5.4556
A;T,E;N,"152,198",-2.51061,2.32281,-4.83342
P;L,D;W,"197,216",-2.51143,2.94413,-5.45556
G;M,A;L,"243,154",-2.51243,2.85407,-5.3665
H;S,M;P,"104,125",-2.51353,2.50834,-5.02187
Q;S,E;T,"127,214",-2.5147,1.138032,-3.652732
V;N,C;H,"281,205",-2.515,2.1568810000000003,-4.671881000000001
T;Q,L;F,"72,182",-2.51547,-0.77193,-1.74354
P;S,L;W,"38,58",-2.51552,2.55358,-5.069100000000001
R;S,A;H,"280,214",-2.51554,-2.541527,0.02598699999999976
R;R,P;P,"280,90",-2.51601,-13.72333,11.207320000000001
G;T,A;K,"243,88",-2.51608,2.74449,-5.2605699999999995
Q;R,W;L,"133,53",-2.51617,3.57252,-6.08869
A;I,V;H,"65,168",-2.51753,0.35523000000000016,-2.87276
Q;T,T;N,"91,88",-2.51753,2.43645,-4.95398
C;L,S;F,"289,117",-2.51807,-3.47293,0.95486
R;S,A;Y,"280,269",-2.51828,-1.1059620000000001,-1.4123179999999997
A;S,N;P,"226,188",-2.52016,1.245025,-3.7651850000000002
I;R,V;T,"200,90",-2.52079,-5.46913,2.94834
R;M,T;V,"90,154",-2.52095,-9.76373,7.242780000000001
H;P,T;D,"104,197",-2.52249,3.2151199999999998,-5.73761
Q;I,T;R,"127,168",-2.52295,-14.051226,11.528276
R;L,L;E,"53,216",-2.5241,2.89136,-5.4154599999999995
Q;R,I;A,"127,90",-2.52417,-3.9501799999999996,1.4260099999999998
V;S,D;E,"57,121",-2.52504,-5.8957999999999995,3.3707599999999993
K;M,L;V,"253,154",-2.52522,-4.06834,1.54312
A;L,V;F,"65,216",-2.52577,3.3917400000000004,-5.91751
L;K,D;L,"249,252",-2.52695,2.57876,-5.10571
L;T,I;Q,"216,88",-2.52751,2.64185,-5.169359999999999
Q;M,R;L,"127,262",-2.52901,-6.58228,4.0532699999999995
Q;L,K;E,"127,216",-2.52928,3.3243400000000003,-5.85362
C;R,L;Q,"289,224",-2.52959,2.204131,-4.733720999999999
N;Q,T;T,"190,127",-2.53072,1.8462840000000003,-4.377004
G;L,L;M,"243,216",-2.53088,5.1281099999999995,-7.658989999999999
V;Q,C;V,"281,182",-2.53102,-0.96146,-1.5695599999999998
S;S,F;H,"238,214",-2.53108,-3.01846,0.4873799999999999
R;G,Q;A,"132,243",-2.53252,3.11115,-5.64367
S;R,T;N,"124,132",-2.53258,4.02614,-6.558719999999999
G;Q,Q;E,"243,133",-2.53442,5.96433,-8.498750000000001
Q;T,D;Y,"127,189",-2.53484,2.117282,-4.652122
G;S,S;E,"243,207",-2.53487,2.95247,-5.48734
S;H,N;M,"103,104",-2.53519,2.78329,-5.31848
S;Q,N;N,"124,127",-2.53627,6.46814,-9.00441
Q;H,E;R,"133,104",-2.53642,3.28925,-5.825670000000001
Q;Q,T;A,"91,127",-2.53646,1.819886,-4.356346
L;K,F;F,"216,253",-2.53654,-1.45998,-1.07656
N;N,K;T,"138,190",-2.53766,2.42371,-4.96137
S;P,E;D,"115,197",-2.53848,3.2722499999999997,-5.8107299999999995
A;S,T;H,"180,214",-2.54056,-0.58873,-1.9518300000000002
Q;L,E;I,"133,216",-2.54064,3.5254199999999996,-6.066059999999999
R;A,V;N,"34,226",-2.54065,4.72254,-7.26319
L;S,M;H,"216,214",-2.54127,-0.69777,-1.8435
A;V,P;C,"152,281",-2.54185,3.0459899999999998,-5.58784
S;C,P;S,"245,289",-2.5426,0.18415000000000004,-2.72675
F;N,E;T,"271,190",-2.54476,3.79981,-6.34457
A;C,F;A,"65,289",-2.54486,1.1000512,-3.6449112
S;R,E;P,"207,280",-2.54502,2.68905,-5.23407
G;R,S;Q,"243,224",-2.54631,2.355491,-4.901801
T;R,N;N,"198,90",-2.54656,-11.40165,8.85509
T;Q,N;L,"198,182",-2.54666,-0.54331,-2.00335
S;R,T;Q,"124,224",-2.54701,2.856201,-5.403211000000001
Q;T,N;N,"127,88",-2.54714,3.5127500000000005,-6.059890000000001
R;A,Y;W,"123,65",-2.54734,3.0250500000000002,-5.57239
G;Q,H;V,"251,182",-2.54742,-1.00809,-1.5393299999999999
S;K,E;F,"207,253",-2.54794,-1.35132,-1.19662
Q;I,T;H,"127,168",-2.54841,-1.0416159999999999,-1.5067940000000002
I;K,V;L,"200,253",-2.5487,0.2262599999999999,-2.77496
S;S,D;P,"58,125",-2.54971,3.09265,-5.64236
S;S,P;H,"125,187",-2.54973,1.074338,-3.624068
T;P,L;V,"72,184",-2.54989,1.811337,-4.3612269999999995
L;N,F;K,"216,138",-2.55089,2.57232,-5.12321
L;T,K;M,"249,29",-2.5514,-5.019,2.4676
D;L,Q;C,"220,249",-2.55194,4.01168,-6.56362
A;G,F;H,"65,251",-2.55311,2.36121,-4.91432
Q;I,W;R,"133,168",-2.55332,-12.76299,10.209670000000001
S;S,P;T,"125,214",-2.55379,0.888212,-3.4420019999999996
G;R,Q;P,"243,90",-2.5538,-11.14281,8.589010000000002
G;T,K;Q,"243,88",-2.5539,4.26737,-6.82127
S;T,K;N,"124,198",-2.55391,3.84537,-6.39928
Q;M,E;L,"127,262",-2.55417,-7.36404,4.80987
S;D,D;K,"58,263",-2.55477,3.20761,-5.76238
H;M,L;H,"104,161",-2.55498,1.88136,-4.4363399999999995
S;Q,N;L,"103,182",-2.55517,-0.21063999999999994,-2.34453
L;F,K;W,"249,271",-2.55565,3.80014,-6.35579
K;D,V;N,"253,186",-2.55575,-1.7573441,-0.7984059000000001
T;Q,D;T,"88,127",-2.55583,2.690284,-5.246114
Q;R,W;P,"133,90",-2.55612,-13.02059,10.46447
Q;L,I;I,"127,216",-2.55616,3.5398899999999998,-6.09605
D;P,V;D,"186,197",-2.55642,3.3620799999999997,-5.9185
H;C,T;A,"104,289",-2.5568,1.5567812,-4.1135812000000005
Q;T,D;V,"127,198",-2.55711,3.53014,-6.08725
N;S,I;H,"37,214",-2.55755,-0.3055399999999999,-2.2520100000000003
H;G,L;S,"104,243",-2.55787,3.14447,-5.7023399999999995
P;I,D;L,"197,145",-2.5581,2.87847,-5.43657
Q;S,N;T,"127,124",-2.5585,4.407830000000001,-6.966330000000001
M;S,H;H,"161,187",-2.55993,0.15144799999999997,-2.711378
S;Q,M;E,"238,127",-2.56072,3.6732899999999997,-6.23401
Q;S,W;Y,"133,269",-2.56132,1.2620550000000001,-3.823375
A;Q,V;E,"65,133",-2.56227,4.19516,-6.757429999999999
S;F,T;W,"124,271",-2.56314,3.94144,-6.504580000000001
F;G,W;S,"271,243",-2.56451,3.44073,-6.00524
A;R,V;L,"65,53",-2.56577,3.6811300000000005,-6.2469
R;M,Q;H,"224,161",-2.56578,1.092381,-3.658161
R;K,S;V,"90,253",-2.56671,-7.9510000000000005,5.38429
R;A,P;D,"280,226",-2.56683,-5.277760000000001,2.7109300000000007
Q;S,E;W,"127,58",-2.56695,2.63642,-5.20337
N;M,T;V,"190,154",-2.56794,-1.86523,-0.7027100000000002
R;Q,P;V,"280,182",-2.56822,-0.8932100000000001,-1.67501
Q;A,R;M,"127,135",-2.56826,3.8085700000000005,-6.37683
D;P,L;Q,"220,38",-2.5686,3.5667299999999997,-6.13533
Q;L,W;F,"133,216",-2.56881,3.28313,-5.85194
R;N,V;T,"34,190",-2.57002,4.4225,-6.992520000000001
S;L,P;C,"245,249",-2.57025,2.4922500000000003,-5.0625
L;T,D;V,"249,72",-2.571,2.5557600000000003,-5.126760000000001
H;R,R;P,"104,90",-2.57231,-13.81789,11.24558
H;C,M;S,"104,289",-2.57242,0.12980999999999998,-2.70223
L;N,C;K,"249,233",-2.5738,1.471932,-4.045732
C;T,L;K,"289,88",-2.57685,2.6882,-5.2650500000000005
K;Q,V;A,"253,127",-2.57738,-1.2280039999999999,-1.349376
R;N,L;K,"53,138",-2.57858,2.86171,-5.44029
L;S,K;E,"249,121",-2.57865,-5.22026,2.6416099999999996
D;A,L;L,"220,272",-2.57961,-0.08695999999999993,-2.4926500000000003
S;N,Y;T,"242,190",-2.57967,2.3294300000000003,-4.9091000000000005
S;S,N;Y,"124,269",-2.57971,3.383755,-5.963464999999999
Q;S,I;T,"127,124",-2.57971,4.1624099999999995,-6.74212
R;Q,N;T,"132,127",-2.58165,2.676514,-5.258164
G;A,A;E,"243,152",-2.58201,2.62568,-5.2076899999999995
S;S,P;E,"125,136",-2.58466,1.512744,-4.097404
D;N,Q;L,"220,138",-2.58518,4.07151,-6.656689999999999
Q;T,K;D,"127,88",-2.58595,3.9966,-6.5825499999999995
I;N,L;L,"111,138",-2.58609,2.76455,-5.35064
Q;S,V;H,"127,214",-2.58614,-0.9434799999999999,-1.64266
S;H,V;R,"58,104",-2.58615,2.83744,-5.42359
D;S,K;W,"263,58",-2.58617,2.50156,-5.0877300000000005
S;C,W;S,"58,289",-2.58743,0.008070000000000022,-2.5955
L;Q,E;Y,"216,119",-2.58798,-3.2278900000000004,0.6399100000000004
Q;K,V;V,"127,253",-2.58837,-0.54772,-2.04065
H;G,T;H,"104,251",-2.59142,2.81794,-5.4093599999999995
T;K,M;A,"51,253",-2.5924,-0.8175899999999998,-1.7748100000000002
S;C,D;S,"58,289",-2.59254,0.7141199999999999,-3.30666
G;R,Q;N,"243,132",-2.5929,5.84253,-8.43543
Q;S,E;E,"127,136",-2.59389,1.7625639999999998,-4.356453999999999
G;S,K;V,"243,58",-2.5948,4.69913,-7.2939300000000005
I;S,V;Y,"200,269",-2.59523,0.5569049999999999,-3.152135
D;K,Q;A,"220,253",-2.59538,0.7356500000000001,-3.33103
S;T,N;M,"103,29",-2.59611,-5.4436800000000005,2.8475700000000006
S;I,T;H,"124,168",-2.59665,0.3080099999999999,-2.90466
S;C,E;A,"115,289",-2.59681,1.6139112,-4.2107212
G;R,Q;L,"243,53",-2.59721,5.4503,-8.04751
S;G,A;T,"124,254",-2.59776,-2.70481,0.10705000000000009
G;R,A;Q,"243,224",-2.59837,2.260421,-4.858791
G;S,A;E,"243,207",-2.59948,2.8574,-5.45688
G;A,K;D,"243,226",-2.60069,-3.5106300000000004,0.9099400000000002
L;I,D;R,"249,168",-2.60081,-13.4216,10.820789999999999
C;L,L;W,"289,216",-2.60103,2.7738899999999997,-5.3749199999999995
G;R,K;S,"243,90",-2.60109,-3.12144,0.5203500000000001
Q;Q,E;T,"133,91",-2.60294,3.3692699999999998,-5.97221
Q;S,R;E,"127,115",-2.60329,3.94473,-6.548019999999999
L;S,K;E,"249,115",-2.6034,3.61278,-6.21618
C;S,S;E,"289,136",-2.6034,-0.8657860000000001,-1.7376140000000002
R;S,L;H,"53,214",-2.60377,-0.5884099999999999,-2.0153600000000003
Q;H,R;R,"127,104",-2.60612,3.4421600000000003,-6.04828
L;I,E;L,"216,145",-2.60724,2.61775,-5.22499
T;C,V;L,"198,289",-2.6082,2.96975,-5.5779499999999995
R;S,T;Y,"90,269",-2.60851,-7.489345,4.880835
T;R,N;Q,"198,224",-2.60868,1.957551,-4.566231
K;N,V;H,"253,205",-2.60878,-0.837299,-1.7714809999999999
S;L,K;C,"124,249",-2.60937,3.8326599999999997,-6.44203
Q;S,K;P,"127,188",-2.61022,1.815965,-4.426185
Q;Q,N;Y,"127,119",-2.6113,-2.18771,-0.4235899999999999
S;I,T;R,"124,168",-2.61211,-12.701600000000001,10.089490000000001
F;G,W;A,"271,243",-2.61284,3.3456599999999996,-5.958499999999999
A;R,V;P,"65,90",-2.61382,-12.91198,10.29816
S;R,P;Q,"125,224",-2.61459,2.015271,-4.629861
Q;T,N;Q,"127,88",-2.61628,3.5620000000000003,-6.178280000000001
S;Q,D;E,"58,127",-2.61789,3.3424699999999996,-5.96036
F;H,M;R,"271,104",-2.61817,3.35302,-5.97119
Q;S,E;E,"127,121",-2.61879,-5.67007,3.0512799999999998
L;Q,F;T,"216,127",-2.61892,1.994894,-4.613814
Q;S,I;Y,"127,242",-2.61893,3.2959300000000002,-5.914860000000001
I;Q,L;T,"145,91",-2.61921,2.5816299999999996,-5.2008399999999995
L;R,C;D,"249,90",-2.61989,-11.38996,8.77007
S;V,T;D,"121,57",-2.62051,2.55036,-5.17087
H;G,L;T,"104,251",-2.62109,2.9819,-5.60299
G;D,L;V,"243,186",-2.62223,5.44747,-8.069700000000001
T;S,N;Q,"198,188",-2.62256,-0.2803800000000001,-2.34218
G;I,K;H,"243,168",-2.6227,1.31101,-3.93371
H;N,R;T,"104,190",-2.6229,2.3372200000000003,-4.96012
A;R,P;P,"152,280",-2.62323,3.1142399999999997,-5.73747
T;K,V;A,"72,253",-2.62395,-0.9116299999999997,-1.71232
M;R,L;P,"154,280",-2.62473,2.68572,-5.3104499999999994
A;C,P;A,"152,289",-2.62576,1.7382012,-4.3639612
N;C,Y;S,"37,289",-2.626,-0.478619,-2.1473809999999998
V;R,D;D,"57,90",-2.62645,-11.29544,8.668989999999999
L;H,E;R,"216,104",-2.62664,2.50896,-5.1356
L;R,I;P,"216,90",-2.62722,-13.58172,10.954500000000001
R;S,A;Y,"90,269",-2.6277,-6.7891449999999995,4.161445
K;S,F;F,"253,238",-2.62896,-3.6006400000000003,0.9716800000000001
G;Q,L;I,"243,182",-2.62932,2.9004399999999997,-5.52976
H;P,T;L,"104,38",-2.62984,3.023,-5.65284
H;K,R;F,"104,253",-2.63027,-1.55299,-1.0772799999999998
A;H,N;R,"226,104",-2.63046,2.63726,-5.26772
G;F,L;M,"243,271",-2.63052,5.81527,-8.44579
T;L,D;E,"88,216",-2.63133,3.2973600000000003,-5.9286900000000005
D;C,L;L,"220,289",-2.63152,3.3890700000000002,-6.02059
S;S,T;E,"124,115",-2.63269,3.75408,-6.38677
I;G,L;H,"111,251",-2.63534,2.73707,-5.37241
G;H,L;T,"243,104",-2.63544,5.30051,-7.93595
H;L,M;C,"104,249",-2.6356,2.43791,-5.073510000000001
A;R,T;D,"180,90",-2.63643,-10.95521,8.31878
Q;A,I;V,"127,65",-2.63684,4.209630000000001,-6.84647
S;G,E;S,"115,243",-2.63745,3.25337,-5.89082
P;A,D;M,"197,65",-2.63774,2.84002,-5.47776
T;C,M;S,"29,289",-2.64033,-8.09716,5.45683
S;N,T;L,"121,138",-2.64132,2.51567,-5.15699
S;L,D;C,"58,249",-2.64139,3.02222,-5.66361
M;K,L;A,"262,253",-2.64184,-10.96032,8.31848
Q;L,E;E,"133,216",-2.64231,3.4053899999999997,-6.0477
L;A,E;D,"216,226",-2.6444,-5.2561800000000005,2.6117800000000004
Q;A,N;D,"133,226",-2.6445,-5.348940000000001,2.704440000000001
N;R,K;P,"138,90",-2.64489,-13.7314,11.08651
R;A,P;F,"280,65",-2.64503,2.47609,-5.12112
D;S,V;H,"186,214",-2.64518,-0.3784099999999999,-2.26677
Q;N,N;H,"133,205",-2.64611,2.153951,-4.800061
S;R,T;K,"124,53",-2.64666,3.2713900000000002,-5.91805
K;A,V;D,"253,226",-2.64704,-8.34019,5.693149999999999
G;I,K;R,"243,168",-2.64706,-11.6986,9.051540000000001
V;D,D;N,"57,186",-2.648,1.2523758999999999,-3.9003759000000002
Q;R,N;A,"127,280",-2.64802,1.9784230000000003,-4.626443
G;Q,T;I,"254,182",-2.64819,-5.60588,2.95769
T;D,N;N,"198,186",-2.64827,1.1705659,-3.8188359
K;S,Y;P,"253,188",-2.64861,-2.690045,0.04143499999999989
Q;Q,E;L,"127,182",-2.64963,-0.23577000000000004,-2.41386
A;A,T;E,"180,152",-2.65026,2.74485,-5.39511
S;C,K;A,"58,289",-2.65056,1.0602012,-3.7107612000000003
V;S,C;K,"281,58",-2.65058,2.36799,-5.01857
Q;A,R;E,"127,152",-2.65101,3.41211,-6.06312
A;T,M;N,"135,198",-2.65136,2.71927,-5.37063
T;C,E;D,"270,289",-2.65208,5.36076,-8.01284
Q;S,L;N,"127,103",-2.65236,3.03881,-5.69117
R;L,L;I,"53,216",-2.6525,3.01139,-5.66389
R;R,P;Q,"280,224",-2.65413,2.092071,-4.746200999999999
A;G,P;A,"152,243",-2.65417,3.28259,-5.93676
K;Q,V;Y,"253,119",-2.65438,-6.3119000000000005,3.6575200000000003
Q;T,T;Q,"91,88",-2.65479,2.4857,-5.14049
P;N,D;H,"197,205",-2.65484,2.507431,-5.1622710000000005
Q;N,E;K,"127,233",-2.65503,1.792182,-4.447212
S;V,D;D,"58,57",-2.65526,3.11674,-5.772
Q;R,N;L,"127,53",-2.6559,3.93154,-6.58744
Q;I,T;R,"91,168",-2.65701,-13.48027,10.823260000000001
Q;I,R;H,"127,168",-2.65707,0.4986600000000001,-3.15573
A;V,M;D,"135,57",-2.65804,2.80108,-5.45912
T;S,N;V,"198,223",-2.65897,2.2934,-4.95237
T;P,E;V,"270,184",-2.65925,3.9836769999999997,-6.642927
S;S,E;P,"115,125",-2.66001,2.91315,-5.57316
D;S,K;F,"263,238",-2.66049,0.4778899999999999,-3.1383799999999997
M;S,V;P,"154,188",-2.66078,-3.201865,0.5410850000000003
R;Q,L;T,"53,91",-2.66133,2.8552400000000002,-5.51657
G;Q,L;V,"243,182",-2.66269,1.4744799999999998,-4.137169999999999
P;I,Q;R,"38,168",-2.66376,-13.17601,10.51225
H;Q,T;N,"104,133",-2.6653,2.86164,-5.52694
C;T,L;M,"289,51",-2.66534,2.71773,-5.38307
G;S,L;E,"243,115",-2.66688,5.35764,-8.024519999999999
V;I,C;R,"281,168",-2.66714,-13.53398,10.86684
R;T,P;Q,"280,88",-2.66969,2.50024,-5.16993
Q;R,E;D,"127,90",-2.67049,-11.06971,8.39922
G;E,I;K,"243,231",-2.67093,3.46265,-6.13358
N;V,I;C,"37,281",-2.67105,3.0844,-5.75545
F;G,M;S,"271,243",-2.67211,3.7110000000000003,-6.38311
S;V,V;D,"58,57",-2.67223,2.87929,-5.55152
S;R,T;N,"124,90",-2.67255,-10.503,7.83045
S;M,V;H,"223,161",-2.6732,1.4282299999999999,-4.10143
P;S,D;K,"197,58",-2.67468,2.71854,-5.3932199999999995
F;S,M;N,"271,103",-2.67519,3.6457300000000004,-6.320920000000001
S;K,N;L,"103,252",-2.67549,2.73278,-5.40827
T;L,M;C,"51,249",-2.67572,2.45844,-5.13416
L;A,K;W,"249,65",-2.67579,3.0460700000000003,-5.72186
H;G,T;S,"104,243",-2.6762,3.19624,-5.87244
G;L,Q;W,"243,216",-2.67658,5.24235,-7.91893
V;R,C;S,"281,90",-2.67684,-4.9568200000000004,2.2799800000000006
L;K,Q;F,"216,253",-2.67796,-1.08023,-1.59773
A;I,T;L,"180,145",-2.67833,2.8836899999999996,-5.5620199999999995
G;R,T;D,"251,90",-2.67903,-11.14188,8.46285
H;G,L;A,"104,243",-2.67999,3.0494,-5.72939
F;L,M;K,"271,249",-2.68205,4.07041,-6.752459999999999
L;S,C;E,"249,136",-2.6829,1.442314,-4.125214
M;F,V;M,"154,191",-2.68348,-2.720548,0.0370680000000001
S;L,T;M,"124,216",-2.68397,3.5245499999999996,-6.20852
L;Q,F;T,"216,91",-2.68531,2.56585,-5.2511600000000005
A;Q,M;N,"65,133",-2.68572,2.4865399999999998,-5.17226
R;Q,V;I,"34,127",-2.68604,5.389,-8.075040000000001
S;K,V;V,"58,253",-2.68628,-0.13043000000000005,-2.55585
G;T,H;Y,"251,189",-2.68784,1.329952,-4.017792
F;M,M;H,"271,161",-2.68853,2.44789,-5.13642
Q;Q,N;A,"133,127",-2.68882,1.763246,-4.452066
G;T,K;N,"243,88",-2.69011,4.21812,-6.90823
Q;H,R;T,"127,104",-2.69099,3.8876,-6.57859
S;R,T;A,"124,280",-2.691,1.680793,-4.371793
K;R,Y;D,"253,90",-2.69209,-15.02792,12.33583
A;K,M;V,"135,253",-2.69259,-0.20863999999999994,-2.48395
L;R,E;P,"216,90",-2.69342,-13.70175,11.00833
S;D,T;V,"124,186",-2.69343,3.84391,-6.53734
G;Q,T;V,"254,182",-2.69374,-7.031840000000001,4.338100000000001
S;T,N;M,"103,51",-2.69402,2.80382,-5.49784
Q;H,E;M,"127,104",-2.69426,2.75816,-5.45242
P;Q,L;Y,"38,119",-2.69426,-3.1592900000000004,0.4650300000000005
S;G,N;A,"124,243",-2.69608,5.57473,-8.270809999999999
C;A,D;E,"289,152",-2.69631,3.00098,-5.697290000000001
Q;N,W;T,"133,190",-2.69663,3.13452,-5.83115
A;A,V;N,"65,226",-2.69698,3.54317,-6.24015
G;L,S;M,"243,216",-2.69704,3.02384,-5.720879999999999
Q;Q,V;N,"127,133",-2.69725,2.44353,-5.1407799999999995
A;M,M;H,"65,161",-2.69887,1.55803,-4.2569
Q;K,I;F,"127,253",-2.69897,-0.64209,-2.05688
T;S,V;H,"198,214",-2.69908,-0.6005,-2.09858
Q;A,W;N,"133,226",-2.69912,3.4345600000000003,-6.13368
I;S,L;P,"111,125",-2.69943,2.77515,-5.47458
Q;R,R;P,"127,90",-2.69951,-12.768550000000001,10.069040000000001
N;R,L;N,"138,90",-2.69954,-11.35453,8.654990000000002
F;M,E;V,"271,154",-2.69957,-0.34704000000000024,-2.35253
C;R,A;A,"289,280",-2.69973,-0.4593758,-2.2403542
R;Q,N;N,"132,133",-2.7001,3.19083,-5.89093
Q;T,R;M,"127,29",-2.70011,-4.68705,1.9869400000000002
Q;L,N;F,"127,216",-2.70064,3.64215,-6.34279
D;S,K;H,"263,187",-2.70088,1.189298,-3.890178
L;N,E;T,"216,190",-2.70089,2.45336,-5.154249999999999
T;N,E;L,"270,138",-2.70103,4.72971,-7.43074
S;L,M;K,"238,249",-2.70134,4.1231,-6.82444
L;S,W;P,"216,188",-2.70268,1.175035,-3.8777150000000002
D;C,Q;S,"220,289",-2.70302,1.7035799999999999,-4.4066
L;N,K;K,"249,233",-2.70379,2.2419919999999998,-4.9457819999999995
G;S,S;Q,"243,188",-2.70381,0.11755999999999989,-2.82137
M;K,L;F,"262,253",-2.70402,-11.57743,8.87341
T;K,D;V,"88,253",-2.70435,0.21334999999999993,-2.9177
C;S,L;V,"289,223",-2.70485,2.53998,-5.24483
A;R,N;A,"226,90",-2.70491,-4.616639999999999,1.9117299999999995
T;N,D;K,"88,138",-2.70515,3.26771,-5.972860000000001
Q;L,K;W,"127,216",-2.70575,3.38265,-6.0884
R;N,K;L,"53,138",-2.70697,2.41986,-5.12683
N;S,L;Q,"138,188",-2.70697,-0.23326000000000002,-2.47371
L;K,I;L,"216,253",-2.70832,0.37027999999999994,-3.0786
Q;I,N;L,"127,145",-2.70907,3.6579300000000003,-6.367000000000001
G;A,L;P,"243,152",-2.70931,5.48193,-8.19124
R;Q,L;T,"53,127",-2.71067,2.284284,-4.994954
Q;T,D;V,"127,72",-2.71082,3.18408,-5.8949
W;E,C;K,"257,231",-2.71118,3.74104,-6.4522200000000005
K;Q,F;L,"253,182",-2.71127,-4.44916,1.7378900000000002
Q;Q,N;E,"127,133",-2.71132,4.44557,-7.156890000000001
N;S,L;H,"138,187",-2.71165,1.063738,-3.7753880000000004
K;R,A;D,"253,90",-2.71193,-14.665989999999999,11.954059999999998
R;M,A;V,"90,154",-2.71216,-9.06353,6.35137
S;R,Y;T,"242,90",-2.71218,-5.56907,2.85689
R;S,Q;P,"132,125",-2.71221,2.8659999999999997,-5.5782099999999994
N;G,I;S,"37,243",-2.71223,3.41607,-6.128299999999999
I;S,V;P,"200,188",-2.7127,1.092735,-3.805435
L;V,M;D,"216,57",-2.7128,2.7077099999999996,-5.42051
G;A,S;D,"243,226",-2.71293,-5.014340000000001,2.3014100000000006
Q;N,E;K,"133,138",-2.71324,3.3757399999999995,-6.088979999999999
F;P,M;D,"271,197",-2.71337,3.72988,-6.44325
N;C,I;A,"37,289",-2.71451,1.7766112,-4.4911212
R;A,P;L,"280,65",-2.71522,2.57204,-5.28726
K;N,A;K,"253,233",-2.71548,-1.8040979999999998,-0.9113820000000001
S;R,N;N,"103,90",-2.71573,-11.06898,8.35325
Q;T,D;L,"127,72",-2.71634,3.31722,-6.03356
G;Q,A;V,"243,127",-2.7176,2.6830600000000002,-5.40066
Q;N,T;K,"127,233",-2.71932,1.033666,-3.752986
V;Q,C;A,"281,127",-2.71962,1.7661760000000002,-4.485796000000001
I;R,L;A,"145,280",-2.71978,0.930893,-3.6506730000000003
A;Q,N;T,"226,127",-2.71998,2.146324,-4.8663039999999995
S;G,E;A,"115,243",-2.72061,3.1582999999999997,-5.878909999999999
Q;I,K;V,"127,200",-2.72151,3.30035,-6.02186
S;A,P;E,"125,152",-2.7223,2.3805300000000003,-5.102830000000001
V;S,D;V,"57,223",-2.72274,2.37521,-5.09795
G;T,T;V,"251,72",-2.72335,2.61248,-5.33583
G;A,A;F,"243,65",-2.72354,2.64444,-5.367979999999999
A;V,L;D,"65,57",-2.72366,2.51933,-5.242990000000001
S;S,V;H,"58,214",-2.72377,-0.5261899999999999,-2.1975800000000003
Q;T,E;V,"127,72",-2.7249,2.68465,-5.409549999999999
A;R,T;P,"180,90",-2.72577,-13.43581,10.71004
R;C,N;S,"90,289",-2.7263,-13.72246,10.99616
L;M,M;H,"216,161",-2.72639,1.76073,-4.48712
R;P,N;D,"132,197",-2.72685,3.54431,-6.27116
N;P,K;V,"114,184",-2.72811,-0.8765129999999999,-1.8515970000000002
Q;K,I;Y,"127,253",-2.7282,-0.38690999999999987,-2.3412900000000003
T;L,L;D,"72,249",-2.72924,2.6889,-5.418139999999999
A;C,M;A,"65,289",-2.73074,1.1816812,-3.9124212
S;N,T;I,"124,37",-2.73085,3.91678,-6.64763
S;P,K;L,"124,38",-2.73093,4.07007,-6.801
Q;R,N;A,"133,280",-2.73114,0.845483,-3.5766229999999997
Q;H,R;M,"127,104",-2.73155,3.5399200000000004,-6.271470000000001
S;V,V;C,"58,281",-2.73157,2.86375,-5.59532
L;A,Q;T,"216,180",-2.73241,3.2476599999999998,-5.9800699999999996
C;Q,L;I,"289,182",-2.73258,0.64481,-3.37739
P;S,D;Y,"197,269",-2.73264,0.8416149999999999,-3.574255
C;S,S;E,"289,121",-2.73276,-8.29842,5.56566
G;Q,S;L,"243,182",-2.73299,-0.14537,-2.5876200000000003
N;R,K;T,"138,90",-2.73426,-5.4747900000000005,2.7405300000000006
S;S,T;T,"124,121",-2.73469,3.3672,-6.10189
Q;K,I;V,"182,253",-2.73479,-2.52968,-0.2051099999999999
A;Q,T;V,"180,182",-2.73484,-0.6056900000000001,-2.12915
Q;I,N;H,"127,168",-2.73535,0.6056400000000002,-3.34099
K;S,A;T,"253,214",-2.73535,-2.4582479999999998,-0.2771020000000002
N;Q,I;N,"37,133",-2.73542,3.08147,-5.81689
L;I,Q;V,"216,200",-2.73587,2.9577299999999997,-5.6936
A;S,P;P,"152,125",-2.73613,3.03744,-5.77357
V;R,D;K,"57,53",-2.73662,2.4545500000000002,-5.19117
P;Q,D;A,"197,127",-2.73689,2.116726,-4.853616
L;G,M;A,"216,243",-2.73694,2.92877,-5.665710000000001
H;G,T;T,"104,251",-2.73736,3.03367,-5.77103
P;Q,D;V,"197,127",-2.74012,2.79701,-5.53713
T;L,V;D,"198,249",-2.74553,2.90182,-5.647349999999999
R;T,Q;N,"132,198",-2.74571,2.80828,-5.55399
D;Q,Q;E,"220,127",-2.74616,4.33193,-7.0780899999999995
A;L,N;I,"226,216",-2.74665,2.87343,-5.62008
G;S,L;K,"243,58",-2.74811,4.803929999999999,-7.55204
S;R,T;P,"124,90",-2.74824,-12.959200000000001,10.21096
L;Q,W;T,"216,91",-2.74917,2.64729,-5.396459999999999
S;S,N;Q,"103,188",-2.74979,0.05228999999999995,-2.80208
F;R,M;A,"271,90",-2.75036,-3.9008799999999995,1.1505199999999993
R;M,Y;L,"123,262",-2.75139,-6.93525,4.18386
L;Q,K;V,"249,182",-2.75299,-0.27038000000000006,-2.48261
S;Q,T;V,"124,182",-2.75349,-0.12908000000000008,-2.62441
R;T,P;N,"280,88",-2.75438,2.45099,-5.20537
F;H,E;R,"271,104",-2.75467,3.85541,-6.61008
L;Q,K;L,"249,182",-2.75469,0.21404,-2.96873
D;S,V;P,"186,125",-2.75547,3.00298,-5.75845
R;I,P;H,"280,168",-2.75621,-0.4561200000000001,-2.30009
R;N,P;T,"280,190",-2.75628,2.43178,-5.18806
G;N,T;K,"254,233",-2.75677,-4.519468000000001,1.7626980000000008
A;V,M;C,"65,281",-2.75786,2.48947,-5.24733
M;V,L;D,"154,57",-2.75912,2.6330099999999996,-5.39213
R;I,A;H,"90,168",-2.75952,-7.80458,5.045059999999999
K;S,A;Q,"253,188",-2.75978,-3.56912,0.8093399999999997
Q;Q,F;Y,"182,119",-2.7598,-6.66617,3.9063700000000003
P;T,V;Y,"184,189",-2.76008,0.611399,-3.371479
G;A,Q;D,"243,226",-2.76039,-2.6972400000000003,-0.06314999999999982
Q;A,K;T,"127,180",-2.76071,3.59028,-6.3509899999999995
I;V,L;D,"111,57",-2.76092,2.79924,-5.56016
G;N,L;H,"243,205",-2.76142,4.592821,-7.354241
S;S,T;K,"124,58",-2.76144,3.20037,-5.96181
A;N,V;T,"65,190",-2.76147,3.2431300000000003,-6.0046
H;G,T;A,"104,243",-2.76344,3.1011699999999998,-5.86461
K;G,A;A,"253,165",-2.76351,-6.72011,3.9566
K;M,Y;V,"253,154",-2.76471,-5.50026,2.73555
D;M,V;H,"186,161",-2.76532,2.08009,-4.84541
A;S,V;Y,"65,269",-2.76549,1.3706650000000002,-4.1361550000000005
G;N,Q;T,"243,190",-2.76592,5.0123,-7.778219999999999
S;S,N;P,"103,245",-2.76764,2.83763,-5.60527
Q;R,E;P,"133,280",-2.76839,3.3838099999999995,-6.1522
A;R,T;A,"180,280",-2.76916,1.204183,-3.973343
V;S,C;Y,"281,269",-2.77002,0.491065,-3.261085
Q;Q,N;Y,"133,119",-2.77129,-3.3206500000000005,0.5493600000000005
Q;N,R;Y,"127,37",-2.77137,2.9314910000000003,-5.702861
Q;L,N;W,"127,216",-2.77145,3.72359,-6.49504
C;Q,L;M,"289,127",-2.7718,1.880427,-4.652227
F;I,E;V,"271,200",-2.77234,3.9475599999999997,-6.719899999999999
S;V,E;D,"115,57",-2.77336,2.93724,-5.7105999999999995
G;Q,Q;I,"243,127",-2.77349,5.9788,-8.752289999999999
P;Q,D;Y,"197,119",-2.77414,-2.9671700000000003,0.19303000000000026
I;V,L;C,"145,281",-2.77429,2.52792,-5.3022100000000005
V;S,D;H,"57,187",-2.77535,1.098428,-3.8737779999999997
Q;C,A;A,"127,289",-2.77577,0.45838720000000005,-3.2341572000000003
G;T,T;Y,"251,189",-2.7762,1.545682,-4.321882
S;S,N;H,"103,187",-2.77641,1.349288,-4.125698
T;A,N;W,"198,65",-2.77643,2.28872,-5.06515
R;V,N;C,"132,281",-2.77732,3.19376,-5.971080000000001
G;T,T;M,"251,51",-2.77739,2.7065200000000003,-5.48391
L;R,W;P,"216,90",-2.77845,-13.64344,10.86499
P;S,L;Q,"38,188",-2.77918,-0.05567999999999995,-2.7235000000000005
G;N,L;I,"243,37",-2.78145,5.52034,-8.30179
S;K,D;A,"58,253",-2.78161,-0.25380999999999987,-2.5278
S;R,P;N,"125,90",-2.7818,-11.34393,8.56213
L;L,K;M,"249,216",-2.78237,3.38325,-6.16562
G;Q,L;V,"243,127",-2.784,4.8824,-7.666399999999999
Q;T,N;D,"127,88",-2.78416,4.337540000000001,-7.121700000000001
Q;G,D;A,"127,165",-2.78491,-2.6243999999999996,-0.16051000000000037
G;T,K;D,"243,88",-2.78608,5.04291,-7.82899
N;R,K;A,"138,280",-2.78674,0.908593,-3.6953329999999998
A;N,T;H,"180,205",-2.78781,2.512651,-5.300461
N;S,L;V,"138,223",-2.78813,2.3405199999999997,-5.12865
L;T,D;Y,"249,189",-2.78831,1.488962,-4.277272
G;A,L;M,"243,65",-2.78872,4.925409999999999,-7.714129999999999
D;S,K;E,"263,121",-2.78944,-5.80493,3.01549
G;M,T;L,"251,262",-2.79017,-7.43621,4.64604
Q;R,N;S,"133,90",-2.79194,-4.9597500000000005,2.1678100000000007
Q;S,A;H,"127,214",-2.79217,-1.623764,-1.168406
G;Q,S;I,"243,182",-2.79318,0.7961699999999999,-3.58935
F;S,M;T,"271,124",-2.79379,4.21171,-7.0055
Q;A,T;D,"91,226",-2.79518,-5.292300000000001,2.4971200000000007
A;S,M;H,"65,214",-2.79574,-0.9004699999999999,-1.89527
S;M,W;H,"58,161",-2.79578,1.46371,-4.25949
K;F,L;M,"253,191",-2.79603,-0.7768079999999999,-2.019222
L;S,C;E,"249,121",-2.7966,-5.99032,3.1937199999999994
R;C,S;A,"90,289",-2.79689,-6.2646088,3.4677188000000005
I;R,V;A,"200,90",-2.79753,-4.768929999999999,1.9713999999999992
Q;M,E;V,"133,154",-2.79774,-0.9132000000000002,-1.8845399999999999
Q;G,E;A,"127,165",-2.79836,-3.12383,0.3254699999999997
L;S,K;D,"249,58",-2.79899,3.79228,-6.59127
Q;R,D;D,"127,90",-2.79905,-10.57028,7.771230000000001
L;S,Q;Y,"216,242",-2.80009,2.85779,-5.6578800000000005
S;P,A;V,"124,184",-2.8006,2.600387,-5.400987000000001
G;Q,S;V,"243,127",-2.80115,2.77813,-5.57928
G;S,H;V,"251,223",-2.80135,2.31304,-5.11439
G;S,S;K,"243,58",-2.80141,2.6996599999999997,-5.50107
P;T,Q;Y,"38,189",-2.80271,1.7345519999999999,-4.537262
C;S,S;Q,"289,188",-2.8033,-2.60119,-0.20211000000000023
S;L,W;C,"58,249",-2.80354,2.31617,-5.1197099999999995
F;Q,M;E,"271,127",-2.80453,3.6206,-6.42513
K;I,V;H,"253,168",-2.80604,-3.5185500000000003,0.7125100000000004
H;K,T;Y,"104,253",-2.80696,-0.8523699999999999,-1.9545900000000003
A;M,W;H,"65,161",-2.807,1.42355,-4.23055
Q;M,K;H,"127,161",-2.80737,2.30307,-5.1104400000000005
R;K,V;Y,"34,253",-2.80837,0.7874700000000003,-3.5958400000000004
G;N,S;H,"243,205",-2.8084,2.488551,-5.296951
N;T,L;Y,"138,189",-2.80854,1.357432,-4.165972
L;N,C;Y,"249,37",-2.80976,1.829481,-4.639241
Q;M,W;V,"133,154",-2.81139,-1.01233,-1.7990599999999999
G;G,T;A,"251,165",-2.81151,-3.1959999999999997,0.38448999999999955
P;N,L;Y,"38,37",-2.81176,2.066891,-4.878651
Q;K,L;A,"127,253",-2.81195,-0.5825999999999998,-2.22935
F;F,E;M,"271,191",-2.81197,2.944492,-5.756462
A;L,N;E,"226,216",-2.81569,2.7534,-5.56909
S;C,T;S,"121,289",-2.81785,0.14773999999999998,-2.9655899999999997
T;N,K;L,"88,138",-2.81786,2.48874,-5.3065999999999995
S;P,M;V,"238,184",-2.81796,2.6668369999999997,-5.4847969999999995
H;V,L;D,"104,57",-2.8181,2.82834,-5.64644
C;N,A;H,"289,205",-2.81975,0.8490922000000001,-3.6688422000000003
T;V,D;C,"88,281",-2.82005,3.20753,-6.02758
G;Q,L;A,"243,127",-2.82055,4.202116,-7.022666
G;I,L;L,"243,111",-2.82075,5.21964,-8.04039
A;P,M;L,"135,38",-2.82088,2.94397,-5.76485
G;L,K;F,"243,216",-2.82105,4.34752,-7.168570000000001
S;N,T;H,"124,205",-2.82127,2.989261,-5.810531
T;K,Q;V,"88,253",-2.8218,-0.56219,-2.2596100000000003
K;S,A;E,"253,136",-2.82299,-1.833716,-0.989274
A;T,L;N,"65,198",-2.82304,2.43752,-5.26056
T;P,V;V,"198,184",-2.82419,2.024257,-4.848447
Q;Q,I;W,"127,133",-2.82424,4.10102,-6.92526
Q;T,D;M,"127,51",-2.82425,3.27812,-6.1023700000000005
L;K,M;V,"216,253",-2.82435,-0.3020100000000001,-2.52234
A;N,N;K,"226,138",-2.82501,2.72375,-5.54876
Q;S,E;Q,"127,188",-2.82619,0.02715999999999985,-2.85335
Q;N,I;K,"127,138",-2.8262,3.3902099999999997,-6.21641
Q;L,K;Q,"127,216",-2.82631,3.68096,-6.50727
R;K,V;L,"34,253",-2.82693,2.21939,-5.04632
I;K,V;F,"200,253",-2.82763,-1.4608400000000001,-1.36679
Q;S,N;H,"127,214",-2.82824,0.18551000000000029,-3.0137500000000004
R;R,P;S,"280,90",-2.8291,-4.8885700000000005,2.0594700000000006
N;M,K;V,"138,154",-2.8294,-1.7231400000000001,-1.10626
Q;D,R;N,"127,186",-2.82949,2.2598659000000003,-5.0893559
L;I,K;L,"249,145",-2.83133,3.219,-6.05033
P;Q,L;L,"38,182",-2.83208,-0.31860999999999984,-2.51347
P;R,D;S,"197,90",-2.8322,-4.60627,1.7740700000000005
I;T,L;N,"111,198",-2.83249,2.7174300000000002,-5.54992
L;T,C;M,"249,29",-2.83341,-5.78906,2.95565
L;Q,W;T,"216,127",-2.83487,2.076334,-4.911204
Q;I,N;H,"133,168",-2.83517,-0.5273000000000001,-2.3078700000000003
G;R,L;A,"243,280",-2.83579,3.284353,-6.120143
Q;M,D;L,"127,262",-2.83591,-6.86461,4.0287
G;Q,S;Y,"243,119",-2.83593,-2.9860500000000005,0.1501200000000007
L;H,K;T,"249,104",-2.83645,3.55565,-6.3921
V;A,D;E,"57,152",-2.837,2.40462,-5.24162
G;S,T;F,"251,238",-2.83705,0.5405800000000001,-3.37763
Q;L,E;F,"127,117",-2.83715,-0.8445800000000001,-1.9925699999999997
G;R,L;N,"243,132",-2.8376,5.6297,-8.4673
Q;L,R;F,"127,216",-2.838,3.53517,-6.37317
S;K,P;A,"245,253",-2.838,-0.7837799999999997,-2.0542200000000004
H;K,M;A,"104,253",-2.83846,-0.8381199999999998,-2.0003400000000005
R;S,K;P,"53,125",-2.83864,2.43046,-5.2691
R;K,A;L,"90,253",-2.83879,-7.11979,4.281000000000001
V;A,C;D,"281,226",-2.8391,-5.346010000000001,2.5069100000000004
N;R,L;Q,"138,224",-2.83962,2.004671,-4.844291
V;A,D;F,"57,65",-2.83963,2.42338,-5.2630099999999995
S;T,E;N,"207,198",-2.83964,2.5545299999999997,-5.39417
P;N,L;K,"38,114",-2.83965,0.04710000000000014,-2.88675
G;Q,K;E,"243,133",-2.84057,5.15094,-7.99151
G;R,K;P,"243,90",-2.84071,-11.9562,9.115490000000001
A;S,N;Y,"226,242",-2.84194,2.62947,-5.4714100000000006
G;A,A;D,"243,226",-2.84237,-5.1094100000000005,2.2670400000000006
A;K,N;F,"226,253",-2.84311,-1.30855,-1.5345599999999997
C;Q,A;Y,"289,119",-2.84471,-4.6255088,1.7807988000000003
D;K,V;F,"186,253",-2.84473,-0.96059,-1.8841400000000001
G;S,A;K,"243,58",-2.84544,2.60459,-5.45003
R;S,P;P,"90,188",-2.84604,-15.210125,12.364085
S;R,V;P,"58,280",-2.84843,2.932,-5.78043
S;I,P;H,"125,168",-2.84874,-0.5329200000000001,-2.3158199999999995
G;R,K;N,"243,132",-2.84928,5.02914,-7.87842
R;V,Q;D,"132,57",-2.85111,2.89009,-5.741199999999999
K;I,V;R,"253,168",-2.85199,-16.52816,13.676169999999999
T;T,K;N,"88,198",-2.85221,2.44162,-5.29383
D;R,L;Y,"220,123",-2.8528,3.87882,-6.7316199999999995
T;G,V;T,"198,251",-2.85414,2.95854,-5.81268
L;G,C;A,"249,165",-2.85807,-3.4440799999999996,0.5860099999999995
R;G,Q;H,"132,251",-2.85851,2.8279199999999998,-5.68643
F;M,W;H,"271,161",-2.85854,2.17762,-5.036160000000001
Q;S,V;P,"127,125",-2.85918,2.43791,-5.29709
C;I,A;R,"289,168",-2.85944,-14.8417688,11.982328800000001
A;R,V;S,"65,90",-2.85948,-4.0772200000000005,1.2177400000000005
S;S,P;V,"125,223",-2.85961,2.35112,-5.21073
P;T,D;Q,"197,88",-2.86105,2.78254,-5.64359
Q;S,D;T,"127,214",-2.86165,1.637462,-4.499112
L;R,K;A,"249,280",-2.86242,1.539493,-4.401913
K;F,Y;M,"253,191",-2.86353,-2.208728,-0.6548020000000001
Q;N,E;Y,"127,37",-2.86385,2.149731,-5.013581
Q;H,V;R,"127,104",-2.86413,2.42015,-5.28428
S;T,E;N,"115,198",-2.86707,2.85543,-5.7225
D;L,Q;D,"220,249",-2.86719,4.20304,-7.07023
M;T,L;N,"154,198",-2.86844,2.5511999999999997,-5.419639999999999
S;P,V;D,"58,197",-2.86852,3.2142999999999997,-6.08282
T;V,K;D,"88,57",-2.86877,2.52343,-5.3922
L;Q,C;L,"249,182",-2.86912,-0.55602,-2.3131000000000004
Q;T,N;N,"133,88",-2.87009,2.37981,-5.2499
R;K,L;V,"53,253",-2.87029,-0.19265,-2.67764
S;C,V;S,"223,289",-2.87118,-0.027410000000000156,-2.8437699999999997
H;A,R;D,"104,226",-2.8721,-5.37232,2.50022
S;Q,P;Y,"125,119",-2.87223,-3.32627,0.45404
G;R,K;L,"243,53",-2.87305,4.63691,-7.50996
Q;Q,R;L,"127,182",-2.87328,0.5459900000000002,-3.41927
N;A,I;T,"37,180",-2.87347,3.44017,-6.31364
K;S,L;P,"253,188",-2.87353,-1.258125,-1.6154050000000002
R;R,V;T,"34,90",-2.87364,-3.476,0.60236
V;R,C;A,"281,280",-2.87403,0.8484130000000001,-3.722443
L;F,I;M,"216,191",-2.87464,1.718072,-4.592712
D;S,Q;N,"220,103",-2.87514,4.35706,-7.2322
F;R,E;T,"271,90",-2.87525,-4.09869,1.2234400000000005
S;L,A;D,"124,249",-2.87542,3.47795,-6.35337
H;S,T;P,"104,125",-2.87542,2.85602,-5.73144
F;G,W;T,"271,251",-2.8763,3.2781599999999997,-6.15446
D;G,V;A,"186,243",-2.87652,3.2481299999999997,-6.12465
R;M,V;V,"34,154",-2.87696,0.2756500000000002,-3.15261
F;L,E;Q,"271,216",-2.87822,4.32817,-7.20639
L;M,K;L,"249,154",-2.8788,3.30855,-6.18735
F;N,W;L,"271,138",-2.87891,3.0899099999999997,-5.968819999999999
L;V,W;D,"216,57",-2.87955,2.60912,-5.48867
T;R,D;P,"88,280",-2.88027,3.27578,-6.1560500000000005
F;K,E;L,"271,253",-2.8803,1.5966999999999998,-4.477
S;V,E;D,"207,57",-2.88096,2.6363399999999997,-5.5173
H;M,T;H,"104,161",-2.88154,1.93313,-4.8146700000000004
L;S,I;P,"216,188",-2.88157,1.236755,-4.1183250000000005
Q;L,R;F,"127,117",-2.88165,-0.06281999999999988,-2.81883
A;I,T;R,"180,168",-2.88225,-13.17821,10.295960000000001
R;K,P;V,"90,253",-2.88451,-16.78576,13.90125
G;N,A;H,"243,205",-2.88495,2.393481,-5.278430999999999
C;D,S;N,"289,186",-2.88612,-1.1502441,-1.7358759
S;S,P;E,"125,121",-2.88788,-5.91989,3.0320099999999996
R;R,L;P,"53,280",-2.88913,2.86978,-5.75891
P;I,D;H,"197,168",-2.88971,-0.17382000000000009,-2.71589
L;L,C;F,"249,117",-2.88981,-1.16483,-1.7249800000000002
Q;A,D;W,"127,65",-2.89029,3.0956900000000003,-5.98598
K;Q,Y;I,"253,182",-2.89244,-3.25244,0.3599999999999999
S;S,E;P,"207,125",-2.89257,2.61225,-5.5048200000000005
S;P,A;Q,"124,38",-2.89305,3.72354,-6.61659
L;S,K;Q,"249,188",-2.89426,0.4769699999999999,-3.3712299999999997
Q;S,D;D,"127,58",-2.89436,3.8419,-6.73626
L;N,K;H,"249,205",-2.89455,2.8479609999999997,-5.742511
R;S,T;H,"90,214",-2.89572,-8.92491,6.029190000000001
K;Q,F;A,"253,127",-2.89607,-2.205944,-0.6901259999999998
Q;L,K;F,"127,216",-2.89621,3.30121,-6.19742
Q;W,L;I,"127,159",-2.89633,3.06664,-5.96297
T;A,N;D,"198,226",-2.89683,-5.412280000000001,2.515450000000001
R;N,P;H,"280,205",-2.89726,2.225131,-5.122391
P;R,D;A,"197,280",-2.89828,1.198963,-4.097243000000001
S;K,Y;L,"242,253",-2.89881,0.12632,-3.02513
D;Q,Q;D,"220,127",-2.89884,4.83136,-7.7302
D;Q,V;T,"186,127",-2.89897,2.494284,-5.393254
R;K,L;F,"53,253",-2.89944,-1.17059,-1.7288499999999998
R;T,K;N,"53,198",-2.90003,2.3727400000000003,-5.27277
P;I,L;L,"38,145",-2.90012,2.68635,-5.58647
Q;N,N;T,"127,190",-2.90087,3.4935400000000003,-6.394410000000001
T;K,M;A,"29,253",-2.9009,-9.06509,6.16419
T;K,D;F,"88,253",-2.90125,-0.7645900000000001,-2.13666
K;R,V;Q,"253,224",-2.90173,-0.9703590000000001,-1.931371
M;C,L;S,"154,289",-2.90244,0.23038999999999987,-3.13283
V;T,C;N,"281,88",-2.90341,2.38274,-5.28615
F;S,W;H,"271,214",-2.90448,-0.28088,-2.6235999999999997
T;D,E;K,"270,263",-2.90488,4.85527,-7.760149999999999
H;T,L;N,"104,198",-2.90626,2.74653,-5.6527899999999995
A;M,L;H,"65,161",-2.90723,1.57235,-4.47958
G;Q,L;Y,"243,119",-2.90739,-0.8817800000000005,-2.0256099999999995
V;I,C;H,"281,168",-2.9079,-0.52437,-2.3835300000000004
G;I,L;R,"243,168",-2.90798,-11.098040000000001,8.19006
R;L,V;Q,"34,216",-2.90885,4.9508600000000005,-7.859710000000001
L;I,E;V,"216,200",-2.91011,2.6011100000000003,-5.51122
I;R,L;A,"145,90",-2.91017,-4.7522899999999995,1.8421199999999995
H;M,R;V,"104,154",-2.91028,-1.80963,-1.1006500000000001
A;N,M;L,"135,138",-2.91081,2.7663900000000003,-5.677200000000001
C;I,A;H,"289,168",-2.91107,-1.8321588,-1.0789112
Q;V,E;C,"133,281",-2.91119,3.3155599999999996,-6.226749999999999
Q;Q,V;T,"182,127",-2.91131,-1.4787059999999999,-1.432604
Q;N,T;T,"91,190",-2.91169,2.41724,-5.32893
I;M,L;H,"145,161",-2.91246,1.59648,-4.50894
L;M,D;L,"249,262",-2.91251,-7.49293,4.58042
Q;C,I;A,"127,289",-2.91266,2.0222412,-4.9349012
Q;R,E;N,"127,90",-2.91439,-11.09411,8.17972
C;N,D;K,"289,233",-2.9149,2.1628119999999997,-5.077712
T;C,N;A,"88,289",-2.91617,1.0749512,-3.9911212000000003
I;C,L;A,"111,289",-2.91657,1.4759112,-4.392481200000001
Q;K,E;V,"133,253",-2.91667,0.3213799999999998,-3.2380499999999994
R;S,P;V,"280,223",-2.91667,2.42792,-5.34459
S;K,K;A,"124,253",-2.91702,0.5566300000000002,-3.47365
H;C,L;S,"104,289",-2.91707,0.4257199999999999,-3.34279
Q;S,D;P,"127,245",-2.91765,3.3119300000000003,-6.22958
A;S,L;P,"65,125",-2.91785,2.49524,-5.41309
Q;T,E;M,"127,29",-2.91787,-5.46881,2.55094
T;I,M;R,"51,218",-2.9183,2.3855899999999997,-5.303889999999999
N;K,Y;A,"37,253",-2.91839,-1.4465489999999996,-1.4718410000000004
F;T,W;N,"271,198",-2.91869,3.04279,-5.96148
P;Q,Q;M,"38,127",-2.91874,2.058087,-4.976827
T;H,Q;R,"88,104",-2.91889,2.4056800000000003,-5.3245700000000005
L;K,W;V,"216,253",-2.91902,-0.40060000000000007,-2.51842
I;H,V;R,"200,104",-2.91912,2.4849699999999997,-5.40409
Q;A,R;F,"127,65",-2.92027,3.43087,-6.35114
I;S,V;Y,"200,242",-2.92033,2.4771799999999997,-5.39751
S;P,K;V,"124,184",-2.9206,3.146457,-6.067057
R;N,Y;K,"123,233",-2.92104,2.2209719999999997,-5.142011999999999
Q;R,R;K,"127,53",-2.92187,3.46204,-6.38391
D;K,V;V,"186,253",-2.92427,0.017349999999999977,-2.94162
P;I,D;R,"197,168",-2.92512,-13.183430000000001,10.258310000000002
N;G,I;A,"37,243",-2.92579,3.3209999999999997,-6.24679
N;P,I;D,"37,197",-2.92589,3.4349499999999997,-6.36084
L;M,W;H,"216,161",-2.92638,1.66214,-4.58852
Q;A,N;N,"127,226",-2.92738,3.7935800000000004,-6.72096
L;S,K;P,"249,245",-2.92822,3.2623100000000003,-6.190530000000001
Q;L,I;E,"127,216",-2.9285,3.41986,-6.34836
L;I,I;L,"216,145",-2.92887,2.73778,-5.66665
R;N,Y;Y,"123,37",-2.92923,2.578521,-5.507751
K;G,Y;A,"253,165",-2.92936,-7.082039999999999,4.152679999999999
V;R,D;Q,"57,224",-2.93017,2.039361,-4.969531
G;R,A;A,"243,280",-2.93054,1.085013,-4.015553000000001
Q;N,V;L,"127,138",-2.93059,2.4273100000000003,-5.357900000000001
G;A,A;M,"243,65",-2.93084,2.72607,-5.65691
K;S,A;E,"253,121",-2.93106,-9.26635,6.335289999999999
S;C,V;A,"58,289",-2.93266,1.5559612,-4.4886212
A;S,T;H,"180,187",-2.93282,1.438658,-4.371478
R;T,Y;V,"123,198",-2.93365,3.4595,-6.39315
Q;K,T;F,"91,253",-2.93536,-1.4729700000000001,-1.46239
L;K,F;V,"216,253",-2.93537,-0.48204,-2.45333
R;K,N;V,"132,253",-2.93691,0.19957999999999987,-3.1364900000000002
H;N,R;H,"104,205",-2.93699,2.1305709999999998,-5.0675609999999995
Q;Q,R;I,"127,182",-2.93711,1.48753,-4.42464
T;K,M;Y,"51,253",-2.93716,-1.17952,-1.75764
T;Q,D;N,"88,133",-2.93737,3.2046,-6.141970000000001
S;N,D;L,"58,138",-2.93818,3.0820499999999997,-6.02023
G;K,T;L,"251,252",-2.93952,2.6354800000000003,-5.575
G;R,L;S,"243,90",-2.94127,-2.5208800000000005,-0.4203899999999994
P;T,D;N,"197,88",-2.94129,2.73329,-5.674580000000001
A;S,F;H,"65,214",-2.94141,-0.9821,-1.9593099999999999
F;V,M;D,"271,57",-2.94199,3.39487,-6.33686
T;M,Q;H,"88,161",-2.94206,1.50055,-4.44261
S;N,E;L,"207,138",-2.94234,2.6016500000000002,-5.543990000000001
T;K,Q;F,"88,253",-2.94265,-1.54013,-1.40252
N;S,L;E,"138,121",-2.94386,-5.93049,2.98663
G;N,K;T,"243,190",-2.94427,4.19891,-7.143179999999999
G;L,K;W,"243,216",-2.94458,4.42896,-7.37354
L;S,M;P,"216,125",-2.94471,2.68362,-5.62833
Q;N,D;K,"127,233",-2.94681,2.2916119999999998,-5.238422
R;T,Y;M,"123,51",-2.94685,3.20748,-6.15433
D;S,K;E,"263,136",-2.9484,1.627704,-4.576104
Q;A,I;T,"127,180",-2.94911,3.6858,-6.63491
G;S,L;V,"243,58",-2.95046,5.29969,-8.25015
A;M,V;V,"65,154",-2.95064,-0.9037199999999999,-2.04692
S;Q,M;D,"238,127",-2.95153,4.17272,-7.12425
L;N,M;L,"216,138",-2.95186,2.67302,-5.62488
S;K,N;V,"124,253",-2.9524,2.3439499999999995,-5.2963499999999994
T;C,D;A,"88,289",-2.95372,1.8997412,-4.8534612
P;R,L;D,"38,90",-2.95372,-11.15255,8.19883
A;C,M;S,"135,289",-2.95393,0.39846000000000004,-3.35239
R;S,V;Y,"34,269",-2.95474,2.5500350000000003,-5.504775
F;V,W;D,"271,57",-2.95509,3.1246,-6.07969
E;Y,K;G,"231,63",-2.95569,0.01193999999999984,-2.9676299999999998
A;T,T;Q,"180,88",-2.95692,2.78776,-5.744680000000001
L;K,Q;V,"216,253",-2.95826,-0.10228999999999999,-2.85597
I;D,L;K,"111,263",-2.95847,2.89011,-5.84858
L;R,C;N,"249,90",-2.95939,-11.41436,8.45497
G;T,T;K,"251,88",-2.96016,2.67699,-5.63715
F;S,W;P,"271,125",-2.96171,3.10051,-6.06222
G;A,S;M,"243,65",-2.96271,2.8211399999999998,-5.783849999999999
Q;I,N;R,"133,168",-2.96271,-13.53691,10.574200000000001
S;A,D;T,"58,180",-2.96291,3.45697,-6.41988
D;G,V;S,"186,243",-2.96404,3.3432,-6.30724
D;G,L;T,"220,254",-2.96473,-2.8616200000000003,-0.10310999999999959
S;G,D;T,"58,251",-2.96512,3.2702999999999998,-6.2354199999999995
P;T,Q;M,"38,51",-2.96675,2.89539,-5.86214
T;P,D;D,"88,197",-2.96822,3.55808,-6.5263
K;T,Y;M,"253,29",-2.97048,-9.42702,6.45654
Q;H,D;M,"127,104",-2.97131,3.25759,-6.228899999999999
A;M,F;H,"65,161",-2.97143,1.4764,-4.44783
R;C,K;S,"53,289",-2.97187,0.05193000000000003,-3.0238
V;N,C;T,"281,190",-2.97277,2.36353,-5.3363
A;L,T;M,"180,216",-2.97347,3.0479399999999996,-6.0214099999999995
P;N,Q;K,"38,233",-2.97574,1.908882,-4.884622
R;G,N;A,"132,243",-2.97576,3.43036,-6.40612
S;K,K;F,"58,253",-2.9761,-1.60413,-1.3719700000000001
R;I,V;V,"34,200",-2.97748,4.57025,-7.54773
A;Q,V;T,"65,91",-2.97749,3.37875,-6.35624
K;A,F;D,"253,226",-2.97755,-9.31813,6.34058
I;Q,L;T,"145,127",-2.9777,2.010674,-4.988374
C;S,S;H,"289,187",-2.97945,-1.304192,-1.675258
Q;F,K;M,"127,191",-2.98001,2.297282,-5.277292
G;R,K;A,"243,280",-2.9802,2.683793,-5.663993
S;A,T;M,"124,65",-2.98086,3.32185,-6.302709999999999
L;C,F;A,"216,289",-2.98091,1.2043512,-4.1852612
R;A,V;T,"34,180",-2.98104,4.86018,-7.84122
G;R,Q;T,"243,90",-2.9827,-2.8862,-0.09649999999999981
E;Y,K;T,"231,63",-2.98309,1.1177279999999998,-4.100817999999999
G;N,T;K,"251,233",-2.98327,1.720012,-4.703282
T;A,V;L,"198,272",-2.98381,-0.5062800000000001,-2.47753
R;S,A;P,"90,188",-2.98623,-6.253315,3.267085
A;T,P;N,"152,198",-2.98663,2.97972,-5.96635
Q;S,T;H,"127,214",-2.9872,-1.4617459999999998,-1.5254540000000003
V;Q,D;V,"57,182",-2.98739,-0.9459200000000001,-2.04147
K;S,A;F,"253,238",-2.98816,-2.98353,-0.004630000000000134
G;M,Q;V,"243,154",-2.98863,0.86545,-3.85408
Q;N,D;Y,"127,37",-2.9889,2.649161,-5.638061
K;R,V;A,"253,280",-2.98959,-2.145767,-0.843823
A;S,M;P,"135,125",-2.99105,2.77699,-5.76804
A;C,W;S,"65,289",-2.99107,-0.03208999999999995,-2.9589800000000004
L;K,M;Y,"216,253",-2.99194,-1.02477,-1.96717
T;L,D;K,"88,249",-2.99241,3.8986099999999997,-6.891019999999999
V;T,C;Q,"281,88",-2.9929,2.43199,-5.4248899999999995
L;G,D;A,"249,165",-2.99408,-3.25272,0.2586400000000002
A;S,V;H,"65,214",-2.99482,-0.06489999999999974,-2.92992
L;L,K;W,"249,216",-2.99516,3.2846599999999997,-6.279819999999999
A;L,T;F,"180,216",-2.99538,2.86791,-5.86329
D;D,L;K,"220,263",-2.99587,3.31517,-6.31104
G;Q,A;A,"243,127",-2.99687,2.002776,-4.999646
S;L,T;C,"121,249",-2.99866,2.4558400000000002,-5.4545
Q;D,E;N,"127,186",-2.99926,1.4781058999999999,-4.4773659
N;K,K;L,"138,253",-2.99974,0.2205999999999999,-3.22034
S;L,D;D,"58,249",-3.00128,3.21358,-6.21486
S;A,T;P,"124,152",-3.00141,3.87837,-6.87978
S;A,V;T,"58,180",-3.00144,3.21952,-6.22096
R;K,N;A,"90,253",-3.00277,-14.690389999999999,11.687619999999999
K;I,F;R,"253,168",-3.00369,-17.5061,14.50241
L;T,M;N,"216,198",-3.00396,2.6258999999999997,-5.62986
Q;S,D;E,"127,136",-3.00438,2.261994,-5.266374
Q;I,W;V,"133,200",-3.00465,3.28227,-6.28692
C;S,L;Q,"289,188",-3.0056,-0.03380000000000005,-2.9718
L;Q,D;L,"249,182",-3.00564,-0.36466,-2.64098
I;K,L;V,"111,253",-3.00742,-0.21048,-2.79694
T;S,D;P,"88,125",-3.00895,3.1989799999999997,-6.207929999999999
G;I,L;H,"243,168",-3.009,1.9115699999999998,-4.92057
P;S,L;E,"38,136",-3.01103,1.6797240000000002,-4.690754
D;A,K;D,"263,226",-3.01143,-5.2396,2.2281700000000004
F;S,W;N,"271,103",-3.01179,3.37546,-6.38725
G;Q,K;I,"243,127",-3.012,5.16541,-8.17741
L;V,F;C,"216,281",-3.01203,2.51214,-5.52417
L;H,I;R,"216,104",-3.01224,2.62899,-5.64123
S;K,T;F,"121,253",-3.0128,-1.4373,-1.5755
F;R,E;A,"271,90",-3.01324,-3.39849,0.38524999999999965
A;C,L;S,"65,289",-3.01381,0.11670999999999987,-3.1305199999999997
D;C,V;A,"186,289",-3.01489,1.7037412,-4.7186312
H;K,R;L,"104,253",-3.01499,0.13410999999999995,-3.1491
H;Q,R;V,"104,182",-3.01604,-0.98777,-2.02827
D;T,V;N,"186,198",-3.01781,2.94526,-5.96307
A;Q,P;N,"152,133",-3.01847,3.0430599999999997,-6.061529999999999
Q;A,E;W,"127,65",-3.01979,2.59626,-5.6160499999999995
G;Q,A;L,"243,182",-3.02095,-0.24044,-2.78051
T;C,K;S,"88,289",-3.02108,0.12080999999999986,-3.14189
G;R,S;A,"243,280",-3.02268,1.180083,-4.202763
S;G,V;S,"58,243",-3.02302,3.19542,-6.218439999999999
G;T,L;N,"243,88",-3.02326,4.81868,-7.841939999999999
A;I,V;V,"65,200",-3.0236,3.39088,-6.41448
N;K,T;V,"190,253",-3.02365,-0.6306499999999999,-2.393
S;M,Q;H,"188,161",-3.02369,-1.14555,-1.8781400000000001
M;M,L;H,"154,161",-3.02448,1.68603,-4.71051
L;S,Q;P,"216,188",-3.02469,1.4733450000000001,-4.498035
L;D,K;V,"249,186",-3.0248,3.70261,-6.72741
L;N,Q;K,"216,138",-3.02512,2.95207,-5.97719
R;S,P;K,"280,58",-3.0259,2.4362399999999997,-5.46214
A;C,E;S,"152,289",-3.02608,0.0020000000000000018,-3.02808
T;R,E;Y,"270,123",-3.02664,5.41892,-8.44556
A;A,T;F,"180,65",-3.02672,2.76361,-5.79033
A;T,F;N,"65,198",-3.02682,2.34157,-5.36839
W;Q,I;V,"159,182",-3.02747,-0.66723,-2.36024
G;A,Q;N,"243,226",-3.02762,5.31234,-8.33996
N;Q,L;A,"138,127",-3.02834,1.747026,-4.775366
L;V,W;C,"216,281",-3.02929,2.59358,-5.622870000000001
R;H,V;R,"34,104",-3.02996,4.4781,-7.50806
Q;K,W;L,"133,253",-3.03039,0.9314100000000001,-3.9618
G;T,L;D,"243,88",-3.03052,5.64347,-8.67399
L;I,I;V,"216,200",-3.03134,2.72114,-5.75248
S;R,A;Y,"124,123",-3.03162,4.03563,-7.0672500000000005
S;Q,N;T,"124,127",-3.03223,4.8208839999999995,-7.853114
K;L,A;F,"253,117",-3.03241,-4.44086,1.4084499999999998
G;Q,A;I,"243,182",-3.03247,0.7011,-3.73357
G;Q,Q;K,"243,127",-3.03361,5.88328,-8.91689
Q;L,E;K,"133,249",-3.03477,4.00664,-7.04141
L;Q,Q;T,"216,127",-3.03491,2.374644,-5.409554
T;P,M;V,"51,184",-3.03576,1.772237,-4.807997
R;R,Y;A,"123,280",-3.03612,1.518473,-4.554593
T;P,V;V,"72,184",-3.03678,1.6781970000000002,-4.714977
A;D,P;K,"152,263",-3.0371,3.1524,-6.189500000000001
G;G,T;A,"254,165",-3.03711,-9.43548,6.39837
G;I,Q;V,"243,200",-3.03795,5.16005,-8.198
G;Q,A;Y,"243,119",-3.03851,-3.0811200000000003,0.04261000000000026
S;S,T;V,"124,58",-3.04008,3.69613,-6.73621
R;Q,Y;L,"123,182",-3.04013,0.19301999999999997,-3.23315
I;S,L;W,"145,58",-3.04071,2.47763,-5.51834
K;Q,L;T,"253,127",-3.04137,-0.356826,-2.6845440000000003
Q;I,D;L,"127,111",-3.04264,3.5244,-6.56704
R;V,L;C,"53,281",-3.04279,2.80153,-5.84432
H;L,L;C,"104,249",-3.04368,2.7338199999999997,-5.7775
Q;F,R;M,"127,271",-3.04409,4.40236,-7.4464500000000005
A;V,P;D,"152,57",-3.04514,3.06153,-6.106669999999999
G;Q,S;A,"243,127",-3.04604,2.097846,-5.143886
P;L,D;F,"197,216",-3.0474,2.8626899999999997,-5.91009
F;S,M;P,"271,125",-3.04789,3.37078,-6.4186700000000005
R;G,Y;A,"123,165",-3.04795,-2.6950399999999997,-0.3529100000000005
Q;N,K;K,"127,138",-3.04852,3.29469,-6.34321
T;D,L;K,"72,263",-3.04905,2.68293,-5.73198
L;Q,K;A,"249,127",-3.04975,2.457256,-5.5070060000000005
S;A,P;F,"125,65",-3.04998,2.3992899999999997,-5.44927
Q;R,K;P,"127,280",-3.05028,3.30276,-6.35304
Q;F,R;M,"127,191",-3.05082,2.531242,-5.5820620000000005
G;K,Q;L,"243,253",-3.05101,2.80919,-5.860200000000001
S;S,T;Y,"124,269",-3.0528,1.323445,-4.376245
Q;S,L;D,"127,103",-3.05317,2.83907,-5.89224
S;T,P;N,"125,88",-3.05415,2.37419,-5.42834
H;S,R;P,"104,188",-3.05476,1.000585,-4.055345
L;H,W;R,"216,104",-3.05575,2.5672699999999997,-5.62302
A;K,V;L,"65,253",-3.05602,1.0400200000000002,-4.09604
L;H,D;M,"249,104",-3.05682,2.62927,-5.68609
I;T,L;Y,"145,189",-3.0579,1.4590619999999999,-4.5169619999999995
R;S,Y;D,"123,58",-3.05812,3.77126,-6.8293800000000005
S;K,K;Y,"124,253",-3.05829,0.1947000000000001,-3.25299
A;Q,T;T,"180,127",-3.05842,2.283964,-5.342384
V;Q,D;V,"57,127",-3.05959,2.4619999999999997,-5.52159
L;A,K;M,"249,65",-3.05991,3.18055,-6.240460000000001
H;V,T;D,"104,57",-3.06016,2.88011,-5.94027
Q;T,V;N,"127,198",-3.06069,2.38019,-5.44088
C;S,D;Q,"289,188",-3.06126,0.39778999999999987,-3.4590499999999995
Q;P,E;D,"133,197",-3.06127,3.6661099999999998,-6.72738
S;C,D;L,"58,289",-3.06128,3.28151,-6.34279
A;R,V;T,"65,90",-3.06189,-4.65537,1.5934799999999996
S;N,E;L,"115,138",-3.06212,2.9025499999999997,-5.96467
A;Q,N;T,"226,91",-3.0623,2.7172799999999997,-5.779579999999999
R;A,L;T,"53,180",-3.06279,3.1573,-6.220090000000001
H;T,T;N,"104,198",-3.06282,2.7983000000000002,-5.86112
C;S,L;F,"289,238",-3.06316,0.55179,-3.61495
G;T,S;N,"243,88",-3.0641,2.71441,-5.77851
T;C,Q;A,"88,289",-3.06419,1.1242012000000001,-4.1883912
L;T,D;M,"249,51",-3.06607,2.6498,-5.71587
N;P,K;V,"233,184",-3.06618,0.785729,-3.851909
Q;T,E;K,"127,88",-3.06623,2.74916,-5.81539
I;Q,V;T,"200,127",-3.06681,1.994034,-5.0608439999999995
N;K,K;Y,"138,253",-3.06697,-1.21132,-1.85565
S;S,M;N,"238,103",-3.06773,3.6984199999999996,-6.76615
Q;C,V;A,"127,289",-3.06868,1.1386712,-4.2073512
L;C,W;A,"216,289",-3.06914,1.2857912,-4.3549312
G;D,K;V,"243,186",-3.06922,4.84691,-7.916130000000001
Q;S,D;E,"127,121",-3.07023,-5.17064,2.1004099999999997
G;K,S;Y,"243,253",-3.07052,-0.9398299999999999,-2.1306900000000004
S;K,W;A,"58,253",-3.07061,-0.9598599999999997,-2.1107500000000003
I;L,L;C,"111,249",-3.07119,2.70472,-5.77591
S;T,P;Q,"125,88",-3.07151,2.4234400000000003,-5.49495
G;I,A;H,"243,168",-3.07156,-0.2877700000000001,-2.7837899999999998
L;R,W;P,"216,280",-3.07193,2.66183,-5.73376
I;Q,L;E,"111,127",-3.07325,3.0249699999999997,-6.0982199999999995
A;H,L;R,"65,104",-3.07475,2.47748,-5.55223
R;C,Q;S,"132,289",-3.07508,0.48746999999999985,-3.56255
R;R,P;T,"280,90",-3.07601,-5.4667200000000005,2.3907100000000003
S;T,T;N,"124,88",-3.07602,3.2151199999999998,-6.29114
S;T,T;D,"124,88",-3.07626,4.03991,-7.11617
K;S,F;E,"253,136",-3.0775,-2.450826,-0.626674
Q;M,V;H,"127,161",-3.07783,1.51502,-4.59285
S;C,E;S,"207,289",-3.07804,0.23371999999999993,-3.31176
Q;M,V;H,"182,161",-3.07856,-1.8929,-1.18566
V;R,C;P,"281,90",-3.07915,-13.79158,10.71243
Q;M,T;V,"91,154",-3.08094,-1.72961,-1.35133
R;Q,L;N,"53,133",-3.08125,2.7986,-5.879849999999999
G;I,S;H,"243,168",-3.08148,-0.1927000000000001,-2.8887799999999997
A;M,D;H,"226,161",-3.08213,-6.27745,3.19532
S;Q,P;I,"125,182",-3.08242,0.45594999999999997,-3.53837
D;V,V;D,"186,57",-3.08247,3.02707,-6.10954
A;Q,T;L,"180,182",-3.08271,-0.12126999999999999,-2.96144
N;Q,L;I,"138,182",-3.0835,0.44535,-3.52885
C;M,L;L,"289,262",-3.0841,-7.425,4.3408999999999995
T;L,K;C,"88,249",-3.08414,2.42891,-5.51305
K;I,F;H,"253,168",-3.08552,-4.49649,1.4109699999999998
A;Q,M;E,"135,127",-3.0868,3.0268100000000002,-6.11361
D;K,Q;Y,"220,253",-3.08685,0.37372000000000005,-3.46057
Q;R,R;N,"127,90",-3.08787,-10.312349999999999,7.224479999999998
F;C,M;S,"271,289",-3.08913,0.9922500000000001,-4.08138
Q;S,R;H,"127,187",-3.08921,2.105918,-5.195128
R;M,Q;H,"132,161",-3.09024,1.94311,-5.03335
G;T,L;Q,"243,88",-3.09038,4.867929999999999,-7.958309999999999
S;D,P;K,"245,263",-3.09052,2.6776400000000002,-5.76816
P;R,L;Q,"38,224",-3.09103,2.182251,-5.273281
N;Q,L;V,"138,182",-3.09195,-0.98061,-2.11134
L;D,C;N,"249,186",-3.09225,1.1578559,-4.250105899999999
N;Q,I;T,"37,127",-3.09287,2.567154,-5.660024
R;S,K;H,"53,214",-3.09379,-0.9509299999999998,-2.1428599999999998
F;L,M;C,"271,249",-3.09539,3.30035,-6.39574
A;V,M;D,"65,57",-3.09655,2.50501,-5.60156
R;A,N;T,"132,180",-3.09657,3.54953,-6.6461
L;N,K;T,"249,190",-3.09725,3.0546100000000003,-6.15186
Q;R,T;A,"91,90",-3.09736,-4.78106,1.6837
I;K,L;A,"111,253",-3.09739,-0.5713099999999998,-2.5260800000000003
S;I,P;R,"125,168",-3.09781,-13.542530000000001,10.44472
S;P,E;V,"121,184",-3.09811,-6.6765229999999995,3.5784129999999994
Q;S,E;V,"127,223",-3.09871,2.6009399999999996,-5.69965
S;K,T;A,"121,253",-3.09878,-0.8201899999999998,-2.2785900000000003
S;G,V;A,"58,243",-3.09989,3.1003499999999997,-6.200239999999999
Q;T,D;M,"127,29",-3.10016,-4.96938,1.8692200000000003
M;L,L;C,"154,249",-3.10036,2.53849,-5.63885
F;S,E;P,"271,188",-3.10037,2.4631749999999997,-5.5635449999999995
S;A,N;T,"124,180",-3.10055,5.693899999999999,-8.79445
Q;R,W;T,"133,90",-3.10059,-4.76398,1.6633900000000001
R;S,Y;F,"123,238",-3.10074,1.04154,-4.1422799999999995
P;Q,L;I,"38,182",-3.10094,0.6229300000000001,-3.7238700000000002
L;R,I;T,"216,90",-3.10197,-5.3251100000000005,2.2231400000000003
T;K,N;V,"88,253",-3.10198,-0.61144,-2.49054
Q;C,L;S,"182,289",-3.1032,-2.8641199999999998,-0.2390800000000004
P;R,D;P,"197,90",-3.10457,-13.441030000000001,10.336460000000002
C;R,L;A,"289,280",-3.10475,1.028723,-4.133473
S;Q,N;V,"103,182",-3.10603,-0.69506,-2.41097
L;S,K;V,"249,58",-3.10764,3.55483,-6.66247
N;N,L;H,"138,205",-3.10885,2.137731,-5.246581
A;K,E;Y,"152,253",-3.10898,-1.3278599999999998,-1.78112
N;M,I;H,"37,161",-3.11064,2.15296,-5.2636
Q;S,E;T,"127,121",-3.11116,2.77609,-5.88725
R;C,L;A,"53,289",-3.11118,1.4937412,-4.6049212
H;P,M;V,"104,184",-3.11143,1.7517070000000001,-4.863137
R;P,L;D,"53,197",-3.11209,3.1520799999999998,-6.26417
L;Q,K;Y,"249,119",-3.11247,-2.62664,-0.48583
T;G,D;S,"88,243",-3.11381,3.5392,-6.65301
A;R,N;P,"226,280",-3.11395,2.73182,-5.84577
Q;V,I;C,"127,281",-3.11423,3.33003,-6.44426
R;F,V;M,"34,191",-3.11466,3.5671820000000003,-6.6818420000000005
S;G,K;T,"124,251",-3.11533,4.0807400000000005,-7.196070000000001
R;L,V;I,"34,216",-3.11579,4.71427,-7.83006
Q;K,N;Y,"127,253",-3.11587,-0.14148999999999967,-2.9743800000000005
S;S,N;E,"103,136",-3.11606,1.7876940000000001,-4.903754
T;T,N;N,"88,198",-3.11623,2.31647,-5.4327
C;R,S;Q,"289,224",-3.11722,-0.3632590000000001,-2.753961
F;C,W;S,"271,289",-3.11938,0.7219799999999998,-3.84136
A;S,T;F,"180,238",-3.12016,0.72725,-3.84741
S;P,M;Q,"238,38",-3.12097,3.7899899999999995,-6.910959999999999
L;Q,Q;N,"216,133",-3.12117,2.88896,-6.01013
S;N,N;Y,"103,37",-3.12192,2.174861,-5.296780999999999
L;S,C;V,"249,223",-3.12205,2.28069,-5.40274
L;T,W;N,"216,198",-3.12226,2.52731,-5.64957
Q;G,L;T,"127,254",-3.12341,-3.2979700000000003,0.1745600000000005
I;G,L;T,"111,254",-3.12468,-3.2866800000000005,0.16200000000000037
R;M,K;H,"53,161",-3.12483,1.50757,-4.6324000000000005
Q;T,R;N,"127,88",-3.12529,3.4057700000000004,-6.53106
R;T,Y;L,"123,72",-3.12598,3.24658,-6.37256
Q;F,T;M,"127,191",-3.12627,0.990966,-4.117236
R;A,V;V,"34,65",-3.1263,5.38401,-8.51031
A;L,M;C,"135,249",-3.12714,2.70656,-5.8337
G;T,A;N,"243,88",-3.12758,2.6193400000000002,-5.74692
L;F,E;M,"216,191",-3.12773,1.5980420000000002,-4.725772
G;S,T;P,"251,245",-3.12818,2.74033,-5.868510000000001
S;T,T;Q,"124,88",-3.12857,3.26437,-6.392939999999999
Q;S,D;W,"127,58",-3.12917,3.13585,-6.26502
L;S,C;H,"249,187",-3.12969,1.003908,-4.133598
I;Q,V;T,"200,91",-3.13016,2.56499,-5.69515
S;F,P;M,"188,191",-3.13162,0.08966700000000002,-3.221287
Q;S,I;P,"127,125",-3.13163,3.32148,-6.453110000000001
D;A,K;F,"263,65",-3.13164,2.5142499999999997,-5.64589
A;K,M;A,"135,253",-3.13292,-0.5694699999999997,-2.5634500000000005
G;H,K;R,"243,104",-3.13423,4.25451,-7.38874
R;S,V;H,"34,214",-3.13453,1.1144700000000003,-4.2490000000000006
Q;S,E;P,"127,245",-3.13514,2.8125,-5.94764
I;N,V;K,"200,138",-3.13561,2.57146,-5.70707
S;L,T;W,"124,216",-3.13648,3.42596,-6.5624400000000005
Q;Q,E;T,"133,127",-3.13673,2.798314,-5.9350439999999995
W;E,K;K,"257,231",-3.13689,2.8066,-5.943490000000001
A;K,P;A,"152,253",-3.13824,-0.30901999999999985,-2.8292200000000003
D;M,Q;H,"220,161",-3.13973,3.15922,-6.29895
S;T,N;N,"124,198",-3.14166,5.27186,-8.41352
Q;S,E;T,"133,124",-3.14241,4.14794,-7.29035
G;Q,L;E,"243,133",-3.14323,5.7515,-8.89473
R;M,N;H,"132,161",-3.14373,2.26232,-5.4060500000000005
S;K,V;A,"223,253",-3.14547,-0.9953399999999999,-2.15013
Q;I,R;R,"127,168",-3.14593,-12.510950000000001,9.365020000000001
P;H,L;M,"38,104",-3.14704,2.67532,-5.82236
Q;A,D;M,"127,135",-3.14705,3.52624,-6.67329
S;A,T;D,"124,226",-3.1471,-4.513630000000001,1.366530000000001
L;T,K;Q,"249,88",-3.14994,3.1230700000000002,-6.27301
L;S,C;Q,"249,188",-3.1501,-0.2930900000000001,-2.85701
A;M,M;H,"135,161",-3.15078,1.8541,-5.00488
Q;R,E;Q,"127,224",-3.151,2.265091,-5.416091
S;K,E;V,"115,253",-3.15116,-0.0724800000000001,-3.07868
D;K,K;L,"263,252",-3.1514,2.57279,-5.72419
G;Q,H;L,"251,182",-3.15197,-0.5236699999999999,-2.6283000000000003
A;S,M;P,"65,125",-3.15295,2.4809200000000002,-5.63387
R;S,A;H,"90,214",-3.1533,-8.22471,5.07141
G;T,S;Q,"243,88",-3.15418,2.76366,-5.91784
C;K,D;L,"289,252",-3.15462,3.07828,-6.2329
G;R,L;L,"243,53",-3.15474,5.23747,-8.39221
K;Q,F;T,"253,127",-3.15477,-2.043926,-1.1108440000000002
N;R,I;P,"37,280",-3.15505,3.15265,-6.3077000000000005
L;S,K;E,"249,207",-3.15609,3.31188,-6.467969999999999
L;S,Q;H,"216,214",-3.15709,-0.4980499999999999,-2.65904
S;Q,T;A,"124,127",-3.15755,2.598556,-5.756106
S;R,Y;A,"242,90",-3.15857,-4.868869999999999,1.7102999999999993
Q;S,R;V,"127,223",-3.15921,3.3827,-6.54191
S;S,N;Y,"103,269",-3.16114,0.7574649999999999,-3.918605
P;T,L;Q,"38,88",-3.16144,2.59042,-5.75186
L;Q,W;N,"216,133",-3.16287,2.59065,-5.75352
L;S,D;Q,"249,188",-3.16368,-0.1017300000000001,-3.0619499999999995
N;S,I;P,"37,125",-3.16384,3.07585,-6.2396899999999995
S;P,D;V,"58,184",-3.16593,2.336017,-5.5019469999999995
Q;H,I;R,"127,104",-3.16609,3.30372,-6.469810000000001
Q;D,R;V,"127,186",-3.16661,4.03456,-7.201169999999999
C;T,L;L,"289,72",-3.16708,2.75683,-5.923909999999999
R;L,P;F,"280,216",-3.16748,2.58039,-5.74787
T;R,D;A,"88,90",-3.16757,-4.07268,0.9051100000000001
G;N,L;T,"243,190",-3.16871,4.7994699999999995,-7.968179999999999
R;C,N;A,"132,289",-3.16956,1.8859712,-5.0555312
R;C,P;A,"90,289",-3.16997,-15.0993688,11.929398800000001
Q;S,R;E,"127,207",-3.17031,3.6438300000000003,-6.81414
H;A,R;F,"104,65",-3.17056,2.3815299999999997,-5.55209
Q;S,N;Y,"127,269",-3.17078,1.6210750000000003,-4.791855
N;A,L;W,"138,65",-3.17118,2.33584,-5.507020000000001
P;T,Q;V,"38,198",-3.17172,3.14741,-6.3191299999999995
L;Q,F;N,"216,133",-3.17298,2.50921,-5.68219
C;T,D;L,"289,72",-3.17499,3.18842,-6.36341
K;D,A;N,"253,186",-3.17665,-2.1181740999999996,-1.0584759000000004
Q;M,D;L,"127,154",-3.17872,3.35817,-6.53689
D;R,K;K,"263,53",-3.17903,2.54542,-5.72445
Q;A,E;E,"127,152",-3.18012,2.63035,-5.8104700000000005
L;A,K;P,"249,152",-3.18138,3.73707,-6.91845
G;S,Q;P,"243,188",-3.18143,3.675665,-6.857095
T;G,D;A,"88,243",-3.18147,3.44413,-6.6256
Q;C,E;A,"133,289",-3.18174,2.0077711999999996,-5.1895112
R;S,Y;T,"123,214",-3.18215,1.566822,-4.748972
V;N,D;H,"57,205",-3.18291,2.172421,-5.355331
S;P,T;V,"214,184",-3.18331,0.131579,-3.314889
Q;R,D;N,"127,90",-3.18356,-10.59468,7.41112
I;V,L;D,"145,57",-3.18403,2.5434599999999996,-5.7274899999999995
N;V,I;D,"37,57",-3.18448,3.09994,-6.284420000000001
G;L,L;F,"243,216",-3.18697,4.94808,-8.13505
Q;V,K;C,"127,281",-3.18754,3.23451,-6.4220500000000005
T;I,N;H,"198,168",-3.18859,-0.59064,-2.59795
A;F,T;M,"180,191",-3.18861,1.863982,-5.052592000000001
Q;R,K;A,"127,90",-3.18899,-4.0457,0.8567100000000001
C;S,L;W,"289,58",-3.18915,2.57546,-5.76461
L;K,W;F,"216,253",-3.18945,-1.37854,-1.8109099999999998
G;T,T;L,"251,72",-3.19176,2.7456199999999997,-5.937379999999999
S;F,N;M,"124,191",-3.19737,4.400901999999999,-7.598272
A;V,N;C,"226,281",-3.19772,2.66357,-5.86129
S;A,P;W,"125,65",-3.19798,2.3464400000000003,-5.544420000000001
C;Q,S;Y,"289,119",-3.19811,-5.7048000000000005,2.5066900000000008
C;A,L;L,"289,65",-3.19842,2.6841,-5.8825199999999995
D;N,K;K,"263,233",-3.19857,1.657322,-4.855892
N;T,I;N,"37,198",-3.19895,3.01813,-6.21708
R;K,K;A,"53,253",-3.19923,-0.9159999999999997,-2.2832300000000005
S;K,T;L,"124,253",-3.19977,0.9927999999999999,-4.19257
R;Q,P;A,"280,127",-3.19995,1.8344260000000001,-5.034376
N;S,K;Y,"138,242",-3.20027,2.47152,-5.67179
Q;R,E;K,"127,53",-3.2007,2.6802799999999998,-5.880979999999999
G;R,L;P,"243,90",-3.20086,-11.355640000000001,8.15478
L;M,E;V,"216,154",-3.20209,-1.69349,-1.5086000000000002
A;T,M;N,"65,198",-3.20257,2.4232,-5.62577
L;S,D;T,"249,214",-3.20263,1.009142,-4.211772
A;S,T;E,"180,121",-3.20302,-5.5555699999999995,2.3525499999999995
L;R,C;Q,"249,224",-3.20324,1.9448409999999998,-5.1480809999999995
G;A,L;D,"243,226",-3.20361,-2.9100700000000006,-0.29353999999999925
S;K,N;F,"124,253",-3.20458,1.3660099999999997,-4.570589999999999
Q;D,D;N,"127,186",-3.20544,1.9775359,-5.1829759
R;L,K;C,"53,249",-3.20587,2.36003,-5.5659
H;S,T;H,"104,214",-3.20707,-0.5253699999999999,-2.6817
S;I,T;L,"124,145",-3.20717,3.3602999999999996,-6.56747
R;I,P;V,"280,200",-3.20767,2.57953,-5.7872
T;S,N;K,"198,58",-3.20802,2.30172,-5.50974
V;Q,D;I,"57,182",-3.20832,0.4800399999999999,-3.68836
A;K,W;A,"65,253",-3.20847,-1.0000199999999997,-2.2084500000000005
M;P,L;V,"262,184",-3.20851,-8.370493,5.161982999999999
R;N,N;L,"132,138",-3.20883,3.17461,-6.38344
Q;L,W;Q,"133,216",-3.21005,3.6628800000000004,-6.87293
Q;Q,R;V,"127,182",-3.2111,0.061570000000000125,-3.27267
S;G,K;H,"124,251",-3.21112,3.86501,-7.07613
M;Q,V;T,"154,127",-3.21241,-2.300566,-0.9118440000000003
T;Q,N;Y,"198,119",-3.21269,-3.3839900000000003,0.17130000000000045
I;I,L;H,"145,168",-3.21298,-0.4418900000000001,-2.77109
L;S,D;E,"249,136",-3.21402,1.633674,-4.847694000000001
N;K,I;V,"37,253",-3.21457,0.09021999999999997,-3.30479
Q;P,I;D,"127,197",-3.21462,3.68058,-6.8952
R;S,V;P,"34,188",-3.21527,3.085865,-6.301135
K;M,F;V,"253,154",-3.21633,-5.75544,2.53911
L;S,K;Y,"249,269",-3.21646,1.1821449999999998,-4.398605
G;R,T;D,"254,90",-3.21664,-17.38136,14.16472
Q;S,D;F,"127,238",-3.21693,1.11218,-4.32911
C;Q,D;L,"289,127",-3.21803,3.38431,-6.60234
P;N,Q;K,"38,114",-3.21937,0.24663999999999997,-3.46601
P;N,D;T,"197,190",-3.21961,2.71408,-5.93369
G;T,A;Q,"243,88",-3.22062,2.66859,-5.88921
Q;M,I;H,"182,161",-3.22073,-0.46694,-2.75379
Q;R,W;A,"133,90",-3.22079,-4.0637799999999995,0.8429899999999995
Q;K,T;L,"91,253",-3.22098,0.21412999999999993,-3.43511
Q;S,E;H,"127,187",-3.22122,1.324158,-4.545378
R;G,L;S,"53,243",-3.22136,3.1332,-6.354559999999999
H;C,T;S,"104,289",-3.22143,0.47748999999999997,-3.6989199999999998
L;A,C;W,"249,65",-3.22202,2.2760100000000003,-5.49803
A;L,L;C,"65,249",-3.2233,2.42481,-5.64811
S;I,A;R,"124,218",-3.22396,3.21374,-6.4376999999999995
I;T,L;N,"145,198",-3.22476,2.4616499999999997,-5.6864099999999995
R;L,Q;C,"132,249",-3.22507,2.7955699999999997,-6.02064
P;S,L;E,"38,121",-3.22615,-5.75291,2.52676
K;S,Y;E,"253,121",-3.22644,-9.62828,6.40184
Q;S,R;D,"127,58",-3.22733,4.12423,-7.351559999999999
R;N,V;K,"34,138",-3.22777,4.56459,-7.79236
G;A,K;N,"243,226",-3.22809,4.49895,-7.72704
S;Q,T;I,"124,182",-3.22869,1.2968799999999998,-4.52557
Q;A,E;L,"127,65",-3.23207,2.7450599999999996,-5.97713
A;C,F;S,"65,289",-3.23218,0.02075999999999989,-3.2529399999999997
A;R,T;T,"180,90",-3.23256,-5.1792,1.94664
S;F,Y;M,"242,191",-3.23285,1.474112,-4.706962
L;Q,C;I,"249,182",-3.23574,0.38552,-3.62126
S;V,N;D,"124,57",-3.23598,5.353669999999999,-8.589649999999999
F;S,E;Y,"271,242",-3.23711,3.84762,-7.08473
R;F,V;E,"34,271",-3.23848,5.94069,-9.17917
F;Q,E;W,"271,133",-3.23858,4.65271,-7.89129
S;P,W;V,"58,184",-3.24165,1.6299670000000002,-4.8716170000000005
N;C,T;A,"190,289",-3.24191,1.0557412000000002,-4.2976512
Q;K,R;L,"127,253",-3.24241,1.1834500000000001,-4.42586
K;S,A;H,"253,187",-3.24364,-2.272122,-0.9715180000000001
Q;A,E;F,"127,65",-3.24447,2.64911,-5.89358
K;C,Y;A,"253,289",-3.24468,-2.5792888,-0.6653911999999997
Q;V,W;D,"133,57",-3.24493,3.23197,-6.4769000000000005
T;I,N;R,"198,168",-3.24775,-13.60025,10.352500000000001
Q;S,D;T,"127,121",-3.24833,3.27552,-6.52385
I;S,H;P,"168,188",-3.25051,-1.942915,-1.3075949999999998
K;S,F;Y,"253,269",-3.2522,-3.481055,0.2288549999999998
S;L,E;C,"207,249",-3.2535,2.54182,-5.79532
A;C,P;S,"152,289",-3.25379,0.6589099999999999,-3.9127
C;S,L;E,"289,136",-3.25473,1.7016040000000001,-4.956334
T;Q,N;I,"198,182",-3.25526,0.39823,-3.6534899999999997
A;C,N;A,"226,289",-3.25541,1.3557812,-4.6111912
G;L,Q;Q,"243,216",-3.25561,5.54066,-8.79627
G;L,L;W,"243,216",-3.25594,5.02952,-8.28546
N;R,K;A,"138,90",-3.25673,-4.77459,1.5178599999999998
G;L,A;F,"243,216",-3.25764,2.7487399999999997,-6.00638
S;S,Y;H,"242,214",-3.25777,-0.9785999999999999,-2.2791699999999997
S;L,P;D,"245,249",-3.25801,2.68361,-5.94162
A;N,P;L,"152,138",-3.25806,3.02684,-6.2849
S;M,E;H,"207,161",-3.25856,1.68936,-4.94792
Q;S,E;E,"127,207",-3.25881,2.86207,-6.12088
D;P,Q;V,"220,184",-3.25903,3.325477,-6.584507
T;G,K;T,"88,254",-3.25936,-3.5624900000000004,0.30313000000000034
Q;Q,K;T,"127,91",-3.25945,3.28822,-6.54767
W;K,I;L,"159,252",-3.26052,2.76061,-6.021129999999999
C;T,L;N,"289,88",-3.26094,2.56305,-5.82399
G;R,S;P,"243,90",-3.2612,-13.45991,10.19871
S;R,K;Y,"124,123",-3.26209,4.5817,-7.84379
H;L,T;C,"104,249",-3.26311,2.78559,-6.0487
Q;K,I;V,"127,253",-3.26411,0.33585,-3.5999600000000003
G;R,H;N,"251,90",-3.2643,-11.38201,8.117709999999999
Q;S,T;H,"91,214",-3.26469,-0.89079,-2.3739
Q;S,W;P,"133,188",-3.26523,1.7978850000000002,-5.063115
A;S,V;P,"65,188",-3.2656,1.9064950000000003,-5.1720950000000006
Q;P,K;D,"127,197",-3.2659,3.58506,-6.85096
A;L,V;Q,"65,216",-3.26632,3.77149,-7.03781
E;K,K;Y,"231,253",-3.26644,-1.16187,-2.10457
L;R,E;A,"216,90",-3.26769,-4.74494,1.4772499999999997
G;H,Q;R,"243,104",-3.26835,5.0679,-8.33625
D;I,K;R,"263,168",-3.26866,-13.427570000000001,10.15891
L;T,K;K,"249,88",-3.26874,3.19897,-6.46771
I;S,L;Y,"145,242",-3.26886,2.49382,-5.76268
C;S,L;P,"289,245",-3.26944,2.7515400000000003,-6.02098
I;S,L;P,"145,125",-3.26954,2.51937,-5.78891
S;N,M;L,"238,138",-3.27077,3.41287,-6.6836400000000005
M;S,V;H,"154,214",-3.27376,-5.17326,1.8995000000000002
S;L,N;M,"103,216",-3.27411,2.95857,-6.23268
E;W,K;P,"231,185",-3.27427,1.33657375,-4.61084375
T;Q,N;A,"198,127",-3.27497,1.699906,-4.974876
L;R,E;T,"216,90",-3.27513,-5.44514,2.1700100000000004
Q;H,N;R,"127,104",-3.27545,3.5491400000000004,-6.824590000000001
G;L,S;F,"243,216",-3.27659,2.84381,-6.1204
G;R,K;T,"243,90",-3.27665,-3.69959,0.4229400000000001
S;N,V;L,"58,138",-3.27672,2.8446,-6.12132
H;Q,R;T,"104,127",-3.27674,1.901884,-5.178624
L;K,M;A,"216,253",-3.2769,-0.6628399999999999,-2.6140600000000003
S;Q,N;T,"124,91",-3.27828,5.39184,-8.67012
D;S,K;T,"263,214",-3.27931,1.003172,-4.282482
Q;S,I;H,"182,214",-3.27971,-2.92544,-0.3542700000000001
S;M,E;H,"115,161",-3.27976,1.99026,-5.27002
A;K,L;A,"65,253",-3.2806,-0.8512199999999999,-2.42938
R;G,L;A,"53,243",-3.2807,3.0381299999999998,-6.31883
G;S,K;Y,"243,269",-3.28071,2.326445,-5.6071550000000006
S;L,N;M,"124,216",-3.28073,5.58486,-8.865590000000001
R;G,N;S,"132,243",-3.28098,3.52543,-6.80641
R;S,N;P,"132,125",-3.28111,3.1852099999999997,-6.46632
Q;G,E;A,"133,243",-3.28137,3.5521599999999998,-6.83353
F;Q,E;T,"271,127",-3.28207,3.364474,-6.6465440000000005
W;Q,I;M,"159,127",-3.28327,1.994347,-5.277617
Q;L,L;P,"127,216",-3.28339,2.72505,-6.00844
Q;F,N;M,"127,191",-3.28569,2.6382220000000003,-5.9239120000000005
T;R,N;S,"198,90",-3.28598,-5.02309,1.73711
D;Q,V;E,"186,127",-3.28617,3.2527999999999997,-6.538969999999999
R;S,V;Y,"34,242",-3.28677,4.4703100000000004,-7.75708
S;L,M;D,"238,249",-3.28804,3.5443999999999996,-6.83244
S;R,P;S,"125,90",-3.2887,-4.96537,1.67667
Q;P,N;D,"127,197",-3.28889,3.926,-7.2148900000000005
S;P,E;V,"136,184",-3.28917,0.756111,-4.045281
N;P,Y;V,"37,184",-3.29009,1.143278,-4.433368
Q;K,K;F,"127,253",-3.29054,-0.7376100000000001,-2.55293
Q;K,N;L,"127,253",-3.29112,1.2904300000000002,-4.58155
S;Q,N;R,"124,127",-3.29248,6.36116,-9.65364
L;R,I;A,"216,90",-3.29252,-4.62491,1.3323899999999997
Q;R,R;N,"127,132",-3.29312,4.21679,-7.50991
H;G,L;T,"104,254",-3.29492,-3.2575800000000004,-0.037339999999999485
A;M,P;H,"152,161",-3.29556,2.11455,-5.4101099999999995
R;R,V;A,"34,90",-3.29557,-2.7757999999999994,-0.5197700000000007
A;I,T;L,"180,111",-3.29605,3.13947,-6.43552
S;R,T;L,"124,53",-3.29665,3.63391,-6.93056
G;L,A;W,"243,216",-3.29678,2.83018,-6.12696
M;K,L;A,"154,253",-3.2977,-0.7375399999999999,-2.5601599999999998
G;Q,T;A,"254,127",-3.29835,-4.304204,1.0058540000000002
Q;M,E;L,"127,154",-3.29882,2.85874,-6.15756
G;A,L;N,"243,226",-3.29941,5.0995099999999995,-8.39892
R;Q,A;T,"90,127",-3.29998,-5.352016,2.0520359999999997
N;Q,L;L,"138,182",-3.30124,-0.4961899999999999,-2.80505
Q;S,D;Q,"127,188",-3.30178,0.5265899999999999,-3.8283699999999996
A;L,E;C,"152,249",-3.30186,2.3101000000000003,-5.61196
L;V,F;D,"216,57",-3.3022,2.52768,-5.82988
S;L,N;K,"124,249",-3.30263,6.02921,-9.33184
S;C,E;S,"115,289",-3.30415,0.5346199999999999,-3.83877
S;N,P;H,"125,205",-3.30424,2.1483309999999998,-5.452571
R;K,T;V,"90,253",-3.30425,-8.52915,5.2249
G;R,A;P,"243,90",-3.30489,-13.55498,10.25009
A;R,V;A,"65,90",-3.30524,-3.9551699999999994,0.6499299999999995
G;I,K;V,"243,200",-3.3058,4.34666,-7.65246
F;L,W;C,"271,249",-3.3073,3.03008,-6.33738
Q;G,E;S,"133,243",-3.30838,3.6472299999999995,-6.95561
L;L,D;F,"249,117",-3.30902,-0.9734700000000001,-2.3355499999999996
A;K,E;A,"152,253",-3.30988,-0.9659299999999997,-2.3439500000000004
A;K,N;V,"226,253",-3.30995,-0.33061000000000007,-2.97934
T;K,N;F,"88,253",-3.31022,-1.58938,-1.7208400000000001
T;N,N;H,"198,205",-3.31025,2.090611,-5.400861
L;K,E;L,"216,253",-3.31283,0.2502500000000001,-3.5630800000000002
L;R,Q;P,"216,280",-3.31395,2.96014,-6.27409
Q;L,D;F,"127,117",-3.31699,-0.34515000000000007,-2.9718400000000003
G;F,Q;M,"243,191",-3.31719,4.156982,-7.474172
S;T,V;N,"58,198",-3.31741,2.79748,-6.114890000000001
R;K,Q;A,"132,253",-3.31742,-0.4804599999999999,-2.83696
Q;F,W;M,"133,191",-3.31758,2.279202,-5.596782
S;K,V;Y,"223,253",-3.31821,-1.35727,-1.9609400000000001
A;F,V;M,"65,191",-3.31925,2.3878120000000003,-5.7070620000000005
D;H,K;M,"263,104",-3.31989,2.6233,-5.9431899999999995
G;F,Q;E,"243,271",-3.32032,6.53049,-9.850810000000001
S;S,Y;P,"242,188",-3.32048,0.992795,-4.313275
R;M,D;H,"90,161",-3.32158,-12.24242,8.920839999999998
N;S,K;P,"138,188",-3.32166,1.087075,-4.408735
Q;T,R;D,"127,88",-3.32256,4.2305600000000005,-7.553120000000001
F;A,E;V,"271,65",-3.32407,4.7613199999999996,-8.08539
S;A,T;N,"124,226",-3.32462,3.4959499999999997,-6.82057
D;C,L;D,"220,289",-3.32537,3.82066,-7.14603
Q;N,N;T,"133,190",-3.32612,2.3606,-5.686719999999999
C;S,L;E,"289,207",-3.32701,2.80111,-6.12812
G;R,Q;A,"243,90",-3.32843,-2.1859999999999995,-1.1424300000000005
G;S,Q;Y,"243,269",-3.32854,3.139835,-6.468375
T;W,V;I,"198,159",-3.32891,3.0836699999999997,-6.41258
L;S,E;H,"216,214",-3.33388,-0.8546699999999998,-2.47921
L;S,I;Y,"216,242",-3.33728,2.6212,-5.95848
Q;K,N;L,"133,253",-3.33738,0.1574899999999999,-3.4948699999999997
L;R,D;A,"249,280",-3.33743,0.960793,-4.298223
Q;S,N;P,"127,188",-3.3381,2.156905,-5.495005
Q;H,W;R,"133,104",-3.33878,3.1901200000000003,-6.5289
S;N,N;K,"103,114",-3.33945,0.15507000000000004,-3.4945199999999996
H;K,L;A,"104,253",-3.33951,-0.5422099999999999,-2.7973000000000003
C;N,S;H,"289,205",-3.33964,-0.23019900000000004,-3.1094410000000003
H;Q,L;E,"104,127",-3.33995,3.05407,-6.394019999999999
G;L,K;Q,"243,216",-3.33998,4.72727,-8.06725
V;Q,D;A,"57,127",-3.34042,1.7817159999999999,-5.122135999999999
G;F,T;M,"254,191",-3.34044,-4.562168000000001,1.2217280000000006
M;G,L;T,"262,254",-3.34053,-13.67569,10.335159999999998
V;I,D;R,"57,168",-3.34063,-13.51844,10.177810000000001
R;Q,Q;E,"132,127",-3.34135,3.11582,-6.45717
R;Q,V;W,"34,133",-3.34175,5.2754,-8.61715
S;R,P;A,"125,280",-3.3419,0.839863,-4.181763
S;N,N;L,"124,138",-3.34196,5.31898,-8.66094
L;L,M;C,"216,249",-3.34284,2.61319,-5.95603
G;S,H;W,"251,58",-3.3454,2.34852,-5.69392
R;V,N;D,"132,57",-3.34781,3.2093,-6.55711
G;P,A;V,"165,184",-3.34781,-4.1302829999999995,0.7824729999999995
C;H,D;L,"289,104",-3.34862,3.4246999999999996,-6.77332
L;R,K;P,"249,90",-3.3487,-13.1005,9.7518
L;C,M;S,"216,289",-3.34881,0.30508999999999986,-3.6538999999999997
L;S,D;E,"249,121",-3.34992,-5.79896,2.44904
Q;R,N;T,"127,90",-3.35063,-4.40496,1.0543299999999998
G;L,S;W,"243,216",-3.35126,2.92525,-6.27651
D;P,N;V,"186,184",-3.35243,0.47165290000000004,-3.8240829
G;Q,L;I,"243,127",-3.35245,5.765969999999999,-9.11842
Q;C,I;S,"182,289",-3.35691,-1.92258,-1.43433
Q;S,E;P,"133,125",-3.35724,3.30701,-6.66425
A;S,M;N,"135,103",-3.35743,3.05194,-6.40937
L;Q,C;V,"249,182",-3.35827,-1.04044,-2.31783
T;T,D;N,"88,198",-3.35908,3.14126,-6.50034
L;A,K;N,"249,226",-3.35928,3.35465,-6.7139299999999995
D;S,K;Q,"263,188",-3.35961,-0.10770000000000013,-3.2519099999999996
R;T,Y;V,"123,72",-3.35978,3.1134399999999998,-6.4732199999999995
F;L,E;K,"271,249",-3.35981,4.5728,-7.93261
S;C,M;L,"238,289",-3.35985,3.61233,-6.97218
V;Q,D;Y,"57,119",-3.35996,-3.3021800000000003,-0.05777999999999972
D;Q,K;V,"263,182",-3.36002,-0.8550500000000001,-2.50497
K;L,Y;F,"253,117",-3.36118,-4.80279,1.4416099999999998
D;L,V;C,"186,249",-3.36165,2.93255,-6.2942
L;N,D;Y,"249,37",-3.36169,2.020841,-5.382531
R;K,V;F,"34,253",-3.36345,0.5322900000000002,-3.89574
S;C,K;S,"58,289",-3.36359,-0.01909000000000005,-3.3445
L;N,Q;L,"216,138",-3.36385,2.8727400000000003,-6.23659
L;A,K;E,"249,152",-3.36495,3.0801600000000002,-6.44511
Q;A,E;T,"133,180",-3.36506,3.6713299999999998,-7.03639
F;N,E;K,"271,138",-3.36544,3.9418999999999995,-7.30734
Q;F,T;M,"91,191",-3.36552,1.561922,-4.927442
A;S,T;V,"180,223",-3.36709,2.71544,-6.08253
Q;A,D;P,"127,152",-3.36731,3.78669,-7.154
R;L,Q;D,"132,249",-3.36804,2.98693,-6.35497
Q;S,T;P,"127,188",-3.3684,0.509649,-3.878049
D;A,K;W,"263,65",-3.36942,2.4614000000000003,-5.83082
I;H,L;R,"111,104",-3.37158,2.75739,-6.12897
T;K,K;A,"88,253",-3.37303,-0.8471199999999999,-2.52591
L;V,Q;C,"216,281",-3.37374,2.89189,-6.26563
P;S,Q;T,"38,214",-3.37479,1.254732,-4.629522
A;I,T;H,"180,168",-3.37482,-0.16860000000000008,-3.20622
S;K,E;A,"207,253",-3.37539,-0.7342099999999998,-2.6411800000000003
R;N,Q;L,"132,138",-3.37671,2.8554,-6.2321100000000005
R;G,V;K,"34,243",-3.377,6.339790000000001,-9.71679
S;K,T;Y,"121,253",-3.3771,-1.1821199999999998,-2.19498
K;R,A;Q,"253,224",-3.37952,-1.3311889999999997,-2.048331
Q;S,D;V,"127,223",-3.37956,3.10037,-6.4799299999999995
V;M,C;V,"281,154",-3.38002,-1.78332,-1.5967
Q;H,D;L,"127,104",-3.38019,3.5534999999999997,-6.9336899999999995
A;L,F;C,"65,249",-3.38117,2.3288599999999997,-5.71003
Q;S,W;Y,"133,242",-3.38147,3.1823300000000003,-6.5638000000000005
Q;A,R;D,"127,226",-3.38149,-4.32298,0.9414900000000004
Q;C,V;S,"127,289",-3.3834,0.05937999999999999,-3.44278
D;R,K;Q,"263,224",-3.38373,2.1302309999999998,-5.513961
D;W,L;I,"220,159",-3.38376,3.50299,-6.88675
H;S,R;Y,"104,242",-3.38411,2.38503,-5.76914
F;K,W;A,"271,253",-3.38491,-0.2459499999999999,-3.13896
P;S,Q;V,"38,223",-3.38607,2.71764,-6.1037099999999995
A;L,T;W,"180,216",-3.38609,2.94935,-6.33544
D;G,Q;T,"220,251",-3.3862,4.25976,-7.6459600000000005
S;S,P;K,"125,58",-3.38668,2.35944,-5.74612
S;P,Q;V,"188,184",-3.38683,-0.979293,-2.4075369999999996
G;A,S;N,"243,226",-3.38757,2.99524,-6.38281
R;K,A;F,"90,253",-3.38785,-8.80689,5.419039999999999
Q;I,N;V,"127,200",-3.38797,3.64129,-7.029260000000001
N;R,T;A,"190,90",-3.38815,-4.9166799999999995,1.5285299999999995
P;M,Q;L,"38,262",-3.38895,-7.24734,3.8583900000000004
A;S,D;H,"226,214",-3.38904,-8.73595,5.346910000000001
P;S,Q;P,"38,245",-3.38927,2.9292,-6.31847
A;I,T;V,"180,200",-3.38935,2.86705,-6.256399999999999
N;S,K;H,"138,214",-3.38937,-0.88432,-2.5050499999999998
Q;R,N;A,"127,90",-3.38959,-3.7047599999999994,0.3151699999999993
F;D,W;K,"271,263",-3.38992,3.21547,-6.60539
G;S,T;W,"251,58",-3.39032,2.5642500000000004,-5.95457
T;R,N;P,"198,90",-3.39152,-13.857850000000001,10.466330000000001
F;Q,E;T,"271,91",-3.39157,3.9354299999999998,-7.327
L;P,F;V,"117,184",-3.39181,-1.851033,-1.540777
V;I,D;H,"57,168",-3.39288,-0.5088300000000001,-2.88405
L;R,K;L,"249,53",-3.39319,3.49261,-6.8858
Q;S,R;K,"127,58",-3.39385,3.39102,-6.78487
F;Q,W;E,"271,127",-3.3946,3.3503299999999996,-6.74493
L;T,D;M,"249,29",-3.39461,-5.597700000000001,2.2030900000000004
Q;M,N;V,"133,154",-3.39473,-1.7862500000000001,-1.60848
T;G,E;T,"270,251",-3.39502,4.91796,-8.31298
G;N,S;T,"243,190",-3.3955,2.6952,-6.0907
C;A,D;W,"289,65",-3.39582,2.9668900000000002,-6.36271
D;C,Q;D,"220,289",-3.39688,4.70256,-8.09944
S;L,E;C,"115,249",-3.39709,2.84272,-6.23981
L;Q,P;M,"216,127",-3.3982,1.652757,-5.050957
H;P,L;L,"104,38",-3.39912,2.9712300000000003,-6.37035
G;Q,I;L,"243,127",-3.39928,3.67999,-7.07927
C;S,L;T,"289,121",-3.39975,2.7151300000000003,-6.11488
S;Q,N;V,"103,127",-3.39997,2.71286,-6.112830000000001
G;S,Q;H,"243,214",-3.4006,1.7042700000000002,-5.10487
Q;C,V;S,"182,289",-3.40068,-3.34854,-0.052140000000000075
N;F,K;M,"138,191",-3.40104,1.568392,-4.969432
N;M,H;H,"205,161",-3.40138,1.225441,-4.626821
D;N,K;Y,"263,37",-3.40165,2.014871,-5.4165209999999995
N;I,L;H,"138,168",-3.4022,-0.54352,-2.85868
R;N,P;K,"280,138",-3.40265,2.57387,-5.97652
P;Q,Q;L,"38,182",-3.4038,-0.11907000000000001,-3.2847299999999997
T;G,V;T,"198,254",-3.40432,-3.28094,-0.1233799999999996
R;S,Y;P,"123,245",-3.40453,3.2412900000000002,-6.6458200000000005
P;S,L;V,"38,223",-3.40474,2.5181,-5.92284
A;G,M;T,"135,251",-3.40547,2.9546400000000004,-6.360110000000001
S;G,W;T,"58,254",-3.40573,-3.67523,0.26949999999999985
L;Q,M;E,"216,127",-3.4065,2.93344,-6.33994
P;S,Q;E,"38,136",-3.40925,1.879264,-5.288514
K;S,F;P,"253,188",-3.41076,-2.945225,-0.4655349999999996
T;G,E;T,"270,254",-3.41222,-1.3215200000000005,-2.0906999999999996
L;Q,E;T,"216,91",-3.41398,2.5889800000000003,-6.00296
Q;A,D;L,"127,65",-3.41465,3.24449,-6.65914
Q;H,R;L,"127,104",-3.41481,3.83583,-7.250640000000001
C;A,D;P,"289,152",-3.41765,3.65789,-7.07554
R;K,K;Y,"53,253",-3.4185,-1.2779299999999998,-2.1405700000000003
L;M,F;H,"216,161",-3.4191,1.5807,-4.9998
T;S,E;N,"270,103",-3.41942,5.01526,-8.43468
I;C,L;S,"111,289",-3.42022,0.39662,-3.81684
T;P,M;V,"29,184",-3.42081,-6.475263,3.054453
F;G,M;T,"271,251",-3.42133,3.54843,-6.969760000000001
S;S,N;E,"124,207",-3.42237,5.51349,-8.93586
K;Q,Y;T,"253,127",-3.42241,-1.7887459999999997,-1.6336640000000004
G;K,K;L,"243,253",-3.42245,1.9958,-5.4182500000000005
Q;S,T;P,"91,188",-3.42293,1.080605,-4.503535
T;K,D;Y,"88,253",-3.42364,-0.5094099999999999,-2.91423
V;R,C;T,"281,90",-3.42418,-5.53497,2.1107900000000006
W;L,I;W,"159,216",-3.42597,2.88781,-6.3137799999999995
L;L,W;C,"216,249",-3.42612,2.5145999999999997,-5.94072
N;M,T;H,"190,161",-3.42664,1.43209,-4.8587299999999995
A;Q,T;A,"180,127",-3.4267,2.121946,-5.548646
V;T,D;N,"57,88",-3.42741,2.3982799999999997,-5.82569
R;A,Y;L,"123,65",-3.42837,3.17385,-6.60222
Q;K,I;A,"182,253",-3.42879,-2.89051,-0.5382799999999999
Q;Q,I;N,"127,133",-3.42946,3.3270999999999997,-6.75656
A;C,D;A,"226,289",-3.43243,-6.653798800000001,3.2213688000000005
L;S,E;P,"216,188",-3.43411,1.1167250000000002,-4.550835
G;N,A;T,"243,190",-3.43418,2.60013,-6.03431
Q;C,L;L,"127,289",-3.43428,2.9527200000000002,-6.3870000000000005
S;P,P;V,"245,184",-3.43482,1.8060470000000002,-5.240867000000001
N;N,I;L,"37,138",-3.43556,3.06525,-6.5008099999999995
Q;Q,E;V,"127,182",-3.43617,-0.7201900000000001,-2.71598
Q;Q,E;I,"127,182",-3.43766,0.7057699999999999,-4.14343
N;C,I;S,"37,289",-3.43798,0.6973199999999999,-4.1353
L;K,I;F,"216,253",-3.43969,-1.31682,-2.12287
Q;T,D;K,"127,88",-3.44035,3.24859,-6.6889400000000006
G;R,Q;V,"243,34",-3.44077,7.153180000000001,-10.593950000000001
A;P,T;D,"180,197",-3.44264,3.15176,-6.5944
Q;K,K;V,"127,253",-3.44301,0.24032999999999993,-3.6833400000000003
S;R,N;K,"103,53",-3.4437,2.70541,-6.14911
S;C,A;D,"124,289",-3.44464,3.9774700000000003,-7.42211
A;S,V;Y,"65,242",-3.44529,3.29094,-6.73623
S;L,K;D,"124,249",-3.44551,4.02402,-7.469530000000001
R;Q,Y;V,"123,182",-3.44573,-0.2914000000000001,-3.15433
C;T,L;M,"289,29",-3.44627,-5.52977,2.0835
S;N,T;T,"124,190",-3.44679,3.19591,-6.6427
G;A,H;D,"251,226",-3.44818,-5.39264,1.9444600000000003
N;R,L;S,"138,90",-3.4487,-4.97597,1.5272700000000001
Q;R,N;T,"133,90",-3.44961,-5.5379000000000005,2.0882900000000006
N;I,L;R,"138,168",-3.45026,-13.55313,10.10287
Q;C,A;S,"127,289",-3.45051,-0.620904,-2.829606
R;C,T;A,"90,289",-3.45127,-6.8427588,3.3914888000000003
Q;S,N;Y,"133,269",-3.4518,0.4881349999999999,-3.9399349999999997
D;I,L;R,"220,218",-3.45239,3.05693,-6.50932
C;N,L;K,"289,114",-3.4542,0.06898000000000004,-3.52318
P;G,L;A,"38,165",-3.45472,-3.20667,-0.2480500000000001
C;N,D;K,"289,138",-3.45635,3.11752,-6.573869999999999
L;S,K;K,"249,58",-3.45746,3.05907,-6.51653
Q;G,I;S,"127,243",-3.4579,3.6616999999999997,-7.1196
Q;R,D;Q,"127,224",-3.45869,2.764521,-6.223210999999999
T;T,Q;N,"88,198",-3.45894,2.36572,-5.82466
A;Q,N;N,"226,133",-3.45961,2.66064,-6.12025
C;Q,D;M,"289,127",-3.46109,2.312017,-5.7731069999999995
S;L,N;C,"124,249",-3.46184,5.25915,-8.72099
I;G,V;H,"200,251",-3.46225,2.46465,-5.9269
R;S,Y;E,"123,121",-3.46304,-5.24128,1.7782399999999998
T;V,D;D,"88,57",-3.46321,3.22307,-6.68628
G;R,K;A,"243,90",-3.46452,-2.9993899999999996,-0.46513000000000027
L;P,M;L,"216,38",-3.46509,2.8506,-6.31569
Q;F,D;W,"127,271",-3.46578,3.84976,-7.31554
T;M,D;H,"88,161",-3.46771,2.27609,-5.7438
F;L,E;E,"271,216",-3.46932,3.9715499999999997,-7.44087
Q;N,W;K,"133,138",-3.46933,3.27661,-6.745939999999999
C;M,L;L,"289,154",-3.46957,2.79778,-6.26735
A;P,P;L,"152,38",-3.4706,3.20442,-6.67502
R;H,Y;M,"123,104",-3.47134,3.18695,-6.65829
S;T,N;Y,"103,189",-3.47193,1.642982,-5.114912
S;A,E;T,"115,180",-3.47195,3.27747,-6.749420000000001
Q;S,D;H,"127,187",-3.47209,1.823588,-5.2956780000000006
V;K,C;L,"281,253",-3.47218,0.16042,-3.6326
P;A,L;W,"38,65",-3.4729,2.51342,-5.98632
R;S,L;P,"53,125",-3.47309,2.79298,-6.26607
G;K,K;Y,"243,253",-3.47402,0.5638800000000002,-4.0379000000000005
D;R,Q;Y,"220,123",-3.47571,4.76072,-8.23643
R;S,N;N,"132,103",-3.4758,3.46016,-6.93596
P;S,Q;E,"38,121",-3.47604,-5.55337,2.0773300000000003
G;A,T;L,"251,65",-3.47745,2.6728899999999998,-6.15034
S;S,V;P,"58,125",-3.47919,2.8552,-6.33439
G;D,I;L,"243,220",-3.47954,4.11634,-7.59588
L;P,Q;D,"216,197",-3.47992,3.24244,-6.72236
A;S,N;P,"226,125",-3.48026,2.65502,-6.13528
S;M,Y;V,"242,154",-3.48168,-1.81742,-1.6642599999999999
R;Q,V;N,"34,127",-3.48176,5.63442,-9.11618
D;R,K;N,"263,90",-3.48249,-11.22897,7.74648
Q;H,T;R,"91,104",-3.48277,2.4728399999999997,-5.95561
S;P,T;V,"121,184",-3.48344,1.7696370000000001,-5.253077
I;H,L;R,"145,104",-3.485,2.50161,-5.98661
Q;S,D;E,"127,207",-3.48544,3.3615,-6.84694
D;S,L;D,"220,103",-3.48576,3.27542,-6.7611799999999995
S;L,T;F,"124,216",-3.48802,3.34452,-6.83254
Q;Q,W;T,"133,127",-3.48828,2.6991840000000002,-6.187464
L;A,K;F,"249,65",-3.48921,3.0989199999999997,-6.58813
R;K,Q;F,"132,253",-3.48995,-1.0975700000000002,-2.3923799999999997
S;K,E;A,"115,253",-3.49013,-0.43330999999999986,-3.05682
M;C,V;A,"154,289",-3.49054,-3.0911088,-0.3994312
A;C,M;S,"65,289",-3.49272,0.10238999999999998,-3.59511
F;A,E;T,"271,180",-3.49365,4.237489999999999,-7.73114
F;I,M;R,"271,218",-3.49452,3.2275,-6.7220200000000006
N;L,I;C,"37,249",-3.49458,3.00542,-6.5
V;F,C;M,"281,191",-3.49555,1.508212,-5.003762
A;L,M;D,"135,249",-3.49629,2.89792,-6.39421
P;M,D;V,"197,154",-3.49698,-1.43277,-2.06421
A;Q,P;E,"152,127",-3.49833,3.28726,-6.78559
T;S,V;N,"198,103",-3.49848,3.05584,-6.55432
Q;S,R;V,"127,58",-3.49855,3.88678,-7.38533
M;N,L;L,"154,138",-3.49882,2.59832,-6.09714
S;S,K;H,"58,214",-3.50238,-1.02195,-2.48043
Q;T,R;L,"127,72",-3.50243,3.59955,-7.101979999999999
L;D,D;N,"249,186",-3.50249,1.3492159,-4.8517059
E;W,K;P,"231,159",-3.50341,2.52606,-6.02947
A;Q,V;W,"65,133",-3.50342,4.096030000000001,-7.599450000000001
M;P,L;L,"154,38",-3.50364,2.7759,-6.27954
Q;P,V;V,"182,184",-3.50372,-1.726643,-1.777077
Q;N,E;L,"133,138",-3.5048,3.29641,-6.801209999999999
K;Q,A;V,"253,182",-3.50657,-4.31647,0.8098999999999998
Q;L,W;I,"133,216",-3.50717,3.42629,-6.93346
C;A,S;D,"289,226",-3.50745,-7.733090000000001,4.22564
N;K,I;A,"37,253",-3.50806,-0.2706099999999998,-3.23745
T;Q,E;R,"270,127",-3.50833,5.77189,-9.28022
A;L,V;I,"65,216",-3.50868,3.5349000000000004,-7.04358
V;K,C;Y,"281,253",-3.50952,-1.2714999999999999,-2.2380200000000006
G;Q,Q;W,"243,133",-3.50954,5.8652,-9.37474
L;Q,C;A,"249,127",-3.50962,1.6871960000000001,-5.196816
Q;A,K;N,"127,226",-3.50997,3.4526399999999997,-6.96261
G;T,T;M,"251,29",-3.51057,-5.54098,2.0304100000000003
S;N,A;L,"124,138",-3.5114,3.34642,-6.85782
V;K,C;F,"281,253",-3.51147,-1.52668,-1.98479
S;G,M;T,"238,251",-3.51304,3.60112,-7.11416
Q;S,R;E,"127,121",-3.51338,-4.88831,1.3749299999999995
A;L,M;C,"65,249",-3.51349,2.4104900000000002,-5.92398
F;K,W;Y,"271,253",-3.5141,-0.60788,-2.9062200000000002
S;A,N;F,"103,65",-3.51428,2.67424,-6.1885200000000005
H;K,T;A,"104,253",-3.51442,-0.49043999999999977,-3.02398
A;N,T;K,"180,138",-3.51675,2.86139,-6.37814
V;T,D;Q,"57,88",-3.51675,2.44753,-5.9642800000000005
I;Q,V;N,"200,133",-3.51723,2.50835,-6.02558
L;H,F;R,"216,104",-3.51826,2.48583,-6.00409
Q;R,D;K,"127,53",-3.51926,3.17971,-6.69897
R;Q,V;T,"34,91",-3.52097,4.558120000000001,-8.07909
G;K,Q;Y,"243,253",-3.52119,1.3772700000000002,-4.89846
D;N,V;L,"186,138",-3.52343,2.99238,-6.51581
T;G,M;T,"51,254",-3.52465,-3.53296,0.008310000000000262
N;A,L;E,"138,152",-3.525,2.36993,-5.8949300000000004
K;F,F;M,"253,191",-3.52527,-2.463908,-1.061362
K;Y,L;S,"252,63",-3.52553,0.18957000000000002,-3.7150999999999996
H;P,L;Q,"104,38",-3.52691,3.17077,-6.69768
A;N,L;L,"65,138",-3.52708,2.4846399999999997,-6.01172
G;S,S;Y,"243,269",-3.52778,0.8227349999999999,-4.350515
T;P,V;L,"198,38",-3.52858,2.94787,-6.47645
G;S,T;T,"251,214",-3.52994,1.065862,-4.595802
P;I,D;V,"197,200",-3.53029,2.86183,-6.39212
A;S,T;E,"180,207",-3.53078,2.9765699999999997,-6.50735
P;K,D;L,"197,253",-3.53081,0.5109699999999999,-4.041779999999999
D;R,V;P,"186,280",-3.53125,3.07978,-6.6110299999999995
N;N,L;K,"138,233",-3.53126,1.531762,-5.063022
Q;L,R;Q,"127,216",-3.53127,3.9149200000000004,-7.4461900000000005
G;A,Q;V,"243,65",-3.53194,5.97381,-9.50575
V;S,D;Y,"57,269",-3.53195,0.5066049999999999,-4.038555
I;C,V;A,"200,289",-3.53286,1.2034912,-4.7363512
A;K,F;A,"65,253",-3.53306,-0.9471699999999998,-2.58589
P;A,Q;E,"38,152",-3.53371,2.7470499999999998,-6.28076
R;N,L;L,"53,138",-3.53435,2.78238,-6.31673
G;K,I;L,"243,252",-3.53437,3.3739600000000003,-6.90833
Q;H,N;R,"133,104",-3.5345,2.4162,-5.950699999999999
F;G,W;H,"271,251",-3.53464,3.06243,-6.59707
R;P,N;V,"90,184",-3.53512,-12.100563,8.565442999999998
G;L,Q;I,"243,216",-3.53539,5.30407,-8.83946
G;R,A;S,"243,90",-3.53755,-4.72022,1.1826700000000003
R;K,T;F,"90,253",-3.53912,-9.50709,5.967969999999999
I;K,L;Y,"111,253",-3.53917,-0.9332399999999998,-2.60593
Q;T,E;N,"133,198",-3.53966,3.24929,-6.78895
I;V,V;C,"200,281",-3.54023,2.51128,-6.05151
S;N,K;L,"124,138",-3.54031,3.89249,-7.4328
R;L,V;E,"34,216",-3.54068,4.59424,-8.134920000000001
P;R,D;T,"197,90",-3.54123,-5.18442,1.6431900000000002
D;K,V;A,"186,253",-3.54208,-0.3434799999999998,-3.1986
L;T,F;N,"216,198",-3.54226,2.44587,-5.98813
P;S,V;H,"184,187",-3.54243,0.317705,-3.860135
C;M,L;V,"289,154",-3.5426,-1.60301,-1.9395900000000001
Q;C,K;A,"127,289",-3.54268,1.9267212,-5.4694012
Q;N,E;H,"127,205",-3.54324,2.398151,-5.941390999999999
I;Q,L;N,"145,133",-3.54615,2.52499,-6.07114
L;S,D;T,"249,121",-3.54635,2.6471999999999998,-6.19355
K;C,L;A,"253,289",-3.54722,-1.1473688,-2.3998511999999996
R;L,N;K,"132,249",-3.54982,3.8848399999999996,-7.434659999999999
K;F,V;M,"253,191",-3.55003,-1.485968,-2.064062
H;Q,T;E,"104,127",-3.55075,3.1058399999999997,-6.65659
D;N,K;K,"263,114",-3.55113,-0.0049200000000000355,-3.5462100000000003
K;M,Y;L,"253,262",-3.55164,-11.32225,7.7706100000000005
S;W,A;I,"124,159",-3.55327,3.6598,-7.21307
Q;K,W;F,"133,253",-3.55332,-0.75569,-2.79763
D;S,K;T,"263,121",-3.55563,2.64123,-6.19686
S;D,N;N,"103,186",-3.55659,1.5032359,-5.0598259
N;S,L;Y,"138,269",-3.55727,0.471915,-4.029185
G;E,P;K,"243,231",-3.55823,3.0634699999999997,-6.6217
P;V,L;C,"38,281",-3.55936,2.60387,-6.16323
A;K,L;Y,"65,253",-3.56082,-1.21315,-2.34767
P;S,L;T,"38,214",-3.56211,1.0551920000000001,-4.6173020000000005
S;S,A;D,"124,103",-3.56424,3.43223,-6.99647
W;Q,I;L,"159,182",-3.56593,-0.18280999999999992,-3.38312
I;K,L;F,"111,253",-3.5714,-1.18842,-2.38298
T;R,N;A,"198,280",-3.57319,0.782143,-4.355333
N;Q,K;T,"138,91",-3.57466,2.55933,-6.133990000000001
A;N,M;L,"65,138",-3.57507,2.47032,-6.04539
R;A,Q;T,"132,180",-3.57614,3.23032,-6.8064599999999995
Q;D,D;V,"127,186",-3.57625,3.75223,-7.32848
L;Q,I;T,"216,127",-3.57829,2.138054,-5.716343999999999
K;R,Y;Q,"253,224",-3.57855,-1.6931189999999998,-1.885431
Q;S,E;K,"127,58",-3.57875,2.60926,-6.18801
K;R,Y;N,"253,90",-3.57932,-15.05232,11.472999999999999
S;K,A;Y,"124,253",-3.57996,-0.35136999999999974,-3.22859
Q;G,I;A,"127,243",-3.58001,3.56663,-7.14664
A;T,T;N,"180,88",-3.58013,2.7385099999999998,-6.31864
R;V,L;D,"53,57",-3.58053,2.81707,-6.397600000000001
A;L,P;D,"152,249",-3.58089,3.1583699999999997,-6.73926
Q;Q,D;Y,"127,119",-3.58118,-2.57702,-1.0041599999999997
P;G,Q;A,"38,165",-3.58118,-3.00713,-0.5740499999999997
V;S,C;P,"281,188",-3.58178,1.0268950000000001,-4.608675
T;N,V;L,"72,138",-3.58296,2.42423,-6.00719
R;T,N;N,"132,198",-3.58309,3.12749,-6.71058
I;P,L;V,"111,184",-3.58436,2.018517,-5.602877
H;F,R;M,"104,191",-3.58461,1.481902,-5.066512
A;K,V;F,"65,253",-3.58573,-0.6470799999999999,-2.93865
G;L,Q;E,"243,216",-3.58606,5.18404,-8.7701
S;Q,E;E,"115,127",-3.58658,3.1629699999999996,-6.749549999999999
Q;N,I;L,"127,138",-3.58848,3.31088,-6.89936
R;Q,V;T,"34,127",-3.58894,3.9871640000000004,-7.576104000000001
S;S,K;P,"124,125",-3.58902,3.9030899999999997,-7.49211
A;A,T;N,"180,226",-3.58928,3.0193399999999997,-6.60862
L;R,D;K,"249,53",-3.59018,2.55139,-6.14157
F;Q,M;D,"271,127",-3.5916,4.12003,-7.7116299999999995
G;I,A;L,"243,145",-3.59202,2.76452,-6.356540000000001
G;Q,Q;T,"243,127",-3.59224,4.576964,-8.169204
S;C,V;S,"58,289",-3.5923,0.4766699999999999,-4.06897
H;A,L;T,"104,180",-3.59268,3.16857,-6.76125
R;T,L;N,"53,198",-3.59306,2.7352600000000002,-6.32832
W;S,I;F,"159,238",-3.59388,0.66571,-4.25959
P;S,L;T,"38,121",-3.59413,2.69325,-6.28738
Q;A,D;E,"127,152",-3.59484,3.1297800000000002,-6.72462
R;A,Y;E,"123,152",-3.59537,3.05914,-6.65451
S;L,K;C,"58,249",-3.59606,2.28901,-5.885070000000001
C;S,A;Y,"289,269",-3.59652,-0.8167238000000001,-2.7797962
L;A,D;E,"249,152",-3.59751,2.50146,-6.09897
K;N,Y;K,"253,233",-3.59752,-2.166028,-1.431492
L;Q,I;T,"216,91",-3.59808,2.70901,-6.3070900000000005
H;P,L;V,"104,184",-3.59913,2.047617,-5.6467469999999995
L;R,K;P,"249,280",-3.59962,3.20477,-6.80439
A;Q,V;T,"65,127",-3.59983,2.8077940000000003,-6.407624
A;P,N;L,"226,38",-3.59992,2.822,-6.42192
Q;L,W;E,"133,216",-3.60041,3.30626,-6.90667
Q;A,D;F,"127,65",-3.60215,3.1485399999999997,-6.75069
L;R,C;A,"249,280",-3.60309,0.769433,-4.372523
L;N,E;K,"216,138",-3.60456,2.59545,-6.200010000000001
Q;S,T;Y,"91,242",-3.60509,2.4650499999999997,-6.07014
M;L,L;D,"154,249",-3.60667,2.72985,-6.33652
S;S,N;F,"103,238",-3.60704,0.63788,-4.2449200000000005
L;S,D;V,"249,223",-3.6102,2.47205,-6.08225
S;I,T;V,"124,200",-3.61036,3.34366,-6.95402
L;K,K;L,"249,253",-3.61169,0.8514999999999999,-4.46319
Q;L,D;M,"127,216",-3.61174,3.43287,-7.0446100000000005
S;I,N;H,"103,168",-3.61313,-0.25797000000000003,-3.3551599999999997
L;I,K;L,"249,111",-3.61411,3.47478,-7.08889
D;R,K;A,"263,280",-3.61531,0.954823,-4.570133
L;S,W;P,"216,125",-3.61537,2.5850299999999997,-6.2004
S;Q,N;N,"124,133",-3.61562,5.3351999999999995,-8.95082
Q;S,N;Y,"127,242",-3.61622,3.5413500000000004,-7.157570000000001
R;S,Y;H,"123,187",-3.61636,1.752948,-5.369308
S;R,N;P,"124,280",-3.61675,5.4063799999999995,-9.02313
T;L,E;P,"270,216",-3.61781,4.701499999999999,-8.31931
L;L,M;D,"216,249",-3.61789,2.80455,-6.42244
Q;K,V;A,"127,253",-3.6187,-0.9085499999999997,-2.7101500000000005
S;G,E;H,"207,251",-3.61902,2.57417,-6.1931899999999995
Q;H,D;T,"127,104",-3.61938,3.60527,-7.2246500000000005
R;F,A;M,"90,191",-3.62275,-5.771998,2.149248
S;P,E;L,"207,38",-3.62337,2.77923,-6.4026
A;P,M;V,"135,184",-3.624,2.020357,-5.644357
C;L,L;F,"289,216",-3.62537,2.69245,-6.31782
S;K,T;V,"124,253",-3.62564,0.2836399999999999,-3.90928
H;L,L;D,"104,249",-3.6264,2.92518,-6.5515799999999995
G;F,K;E,"243,271",-3.62682,5.7171,-9.34392
F;Q,E;N,"271,127",-3.62742,5.01173,-8.63915
A;K,M;Y,"135,253",-3.62883,-0.9313999999999998,-2.6974299999999998
K;N,A;H,"253,205",-3.62908,-1.1981289999999998,-2.4309510000000003
S;G,N;S,"124,243",-3.62916,5.6697999999999995,-9.29896
Q;S,D;E,"127,115",-3.62978,3.6624,-7.29218
V;R,D;P,"57,90",-3.63022,-13.77604,10.14582
G;R,L;T,"243,90",-3.63052,-3.0990300000000004,-0.5314899999999998
L;Q,K;V,"249,127",-3.63066,3.13754,-6.7682
S;R,P;P,"125,90",-3.63428,-13.800130000000001,10.16585
Q;Q,E;Y,"127,119",-3.63637,-3.0764500000000004,-0.5599199999999995
S;Q,Y;T,"242,127",-3.63901,1.894094,-5.533104
G;K,L;L,"243,253",-3.63926,2.59636,-6.23562
L;N,C;H,"249,205",-3.63958,2.0779009999999998,-5.717480999999999
R;S,Q;N,"132,103",-3.64017,3.14095,-6.78112
G;Q,Q;N,"243,127",-3.64054,6.224220000000001,-9.86476
G;Q,T;I,"251,182",-3.64069,0.6336,-4.274290000000001
P;R,L;K,"38,53",-3.64094,2.59744,-6.23838
Q;Q,N;W,"127,133",-3.6417,4.34644,-7.9881400000000005
Q;Q,T;T,"91,127",-3.64198,1.981904,-5.623884
A;K,M;A,"65,253",-3.64347,-0.8655399999999998,-2.7779300000000005
R;C,Q;L,"132,289",-3.64529,3.0548599999999997,-6.70015
Q;L,V;C,"127,249",-3.64734,2.36748,-6.01482
R;P,D;V,"90,184",-3.64843,-12.076163,8.427733
C;A,D;L,"289,65",-3.64877,3.11569,-6.76446
L;S,D;H,"249,187",-3.6493,1.195268,-4.844568000000001
R;F,P;M,"280,191",-3.64949,1.576462,-5.225952
S;K,K;A,"58,253",-3.64959,-0.9870199999999998,-2.66257
Q;R,I;P,"127,280",-3.64962,3.3982799999999997,-7.0479
S;A,N;L,"103,65",-3.64964,2.77019,-6.41983
T;C,N;S,"88,289",-3.65002,-0.0043400000000000105,-3.64568
Q;G,K;A,"127,243",-3.65035,3.47111,-7.12146
S;L,T;I,"124,216",-3.65416,3.48768,-7.14184
L;A,D;L,"249,65",-3.65513,2.61617,-6.2713
S;L,K;P,"124,216",-3.65575,3.86428,-7.52003
P;H,Q;M,"38,104",-3.65705,2.87486,-6.53191
G;I,L;V,"243,200",-3.65707,4.94722,-8.604289999999999
G;N,Q;K,"243,138",-3.65728,5.15439,-8.81167
S;C,E;L,"115,289",-3.65754,3.10201,-6.75955
T;N,N;T,"198,190",-3.65863,2.29726,-5.95589
P;S,D;P,"197,188",-3.65897,1.377445,-5.036415
R;T,Y;K,"123,88",-3.65978,3.17795,-6.8377300000000005
A;Q,T;T,"180,91",-3.66092,2.85492,-6.51584
N;C,T;S,"190,289",-3.66099,-0.02354999999999996,-3.63744
A;P,W;V,"65,184",-3.6632,1.5898070000000002,-5.253007
G;Q,T;V,"251,127",-3.66391,2.6155600000000003,-6.27947
S;L,N;I,"124,216",-3.66448,5.5479899999999995,-9.21247
K;M,V;V,"253,154",-3.66499,-4.7775,1.1125099999999999
L;G,Q;A,"216,243",-3.66536,3.12849,-6.793850000000001
R;C,S;S,"90,289",-3.66633,-7.3439000000000005,3.6775700000000007
S;H,N;T,"124,104",-3.66647,5.75726,-9.423729999999999
D;C,V;S,"186,289",-3.66686,0.62445,-4.291309999999999
G;L,L;Q,"243,216",-3.66723,5.32783,-8.995059999999999
R;C,L;L,"53,289",-3.66772,2.98184,-6.64956
S;Q,P;A,"125,127",-3.66874,1.7576260000000001,-5.426366
G;S,A;Y,"243,269",-3.67125,0.7276649999999999,-4.398915
Q;L,R;W,"127,216",-3.67181,3.61661,-7.28842
F;K,M;A,"271,253",-3.67207,0.02432000000000034,-3.6963900000000005
C;I,S;R,"289,168",-3.67231,-15.92106,12.248750000000001
P;S,Q;T,"38,121",-3.67271,2.8927899999999998,-6.5655
G;M,L;V,"243,154",-3.67338,0.6526199999999998,-4.326
L;K,I;V,"216,253",-3.67418,-0.33888000000000007,-3.3352999999999997
R;S,S;H,"90,214",-3.67441,-8.34676,4.67235
S;D,A;K,"124,263",-3.67566,3.4719800000000003,-7.147640000000001
Q;G,K;H,"127,251",-3.67591,3.18788,-6.86379
Q;T,I;N,"127,198",-3.67617,3.26376,-6.93993
G;M,S;V,"243,154",-3.67625,-1.45165,-2.2245999999999997
A;S,P;N,"152,103",-3.67701,3.3123899999999997,-6.9894
G;M,A;V,"243,154",-3.6778,-1.54672,-2.13108
L;A,D;F,"249,65",-3.67843,2.52022,-6.198650000000001
S;P,V;V,"223,184",-3.67871,1.594487,-5.273197
G;I,H;R,"251,168",-3.67982,-13.58061,9.90079
T;C,D;S,"88,289",-3.68003,0.8204499999999999,-4.50048
L;R,K;T,"249,90",-3.68054,-4.84389,1.1633499999999999
Q;C,I;S,"127,289",-3.68131,0.94295,-4.62426
A;N,V;K,"65,138",-3.68132,3.3852200000000003,-7.06654
G;S,Q;Y,"243,242",-3.68152,5.06011,-8.74163
Q;R,E;S,"127,90",-3.68228,-4.71555,1.0332700000000004
L;Q,K;I,"249,182",-3.68359,1.15558,-4.83917
Q;R,R;A,"127,280",-3.68368,1.8714430000000002,-5.555123
P;A,L;F,"38,65",-3.68395,2.5662700000000003,-6.2502200000000006
G;A,A;N,"243,226",-3.68413,2.90017,-6.584300000000001
Y;Q,S;M,"63,127",-3.68464,-0.5766929999999999,-3.1079470000000002
G;Q,Q;T,"243,91",-3.68474,5.14792,-8.83266
A;P,L;V,"65,184",-3.68565,1.738607,-5.424257
N;R,L;P,"138,90",-3.6861,-13.81073,10.12463
G;Q,I;M,"243,127",-3.68673,2.607697,-6.294427
Q;I,D;R,"127,168",-3.68708,-12.793280000000001,9.106200000000001
Q;S,N;P,"133,188",-3.68734,1.023965,-4.711304999999999
N;Q,I;E,"37,127",-3.6886,3.3256699999999997,-7.01427
L;S,D;F,"249,238",-3.68922,0.48385999999999996,-4.173080000000001
Q;G,K;S,"127,243",-3.69,3.56618,-7.2561800000000005
G;S,H;K,"251,58",-3.69011,2.3213600000000003,-6.01147
L;D,M;K,"216,263",-3.69038,2.79858,-6.4889600000000005
T;K,K;Y,"88,253",-3.69287,-1.20905,-2.48382
R;D,N;K,"132,263",-3.69358,3.3001699999999996,-6.9937499999999995
R;R,Y;Q,"123,224",-3.69363,2.6938809999999997,-6.387511
H;C,T;L,"104,289",-3.69496,3.04488,-6.73984
L;S,E;Y,"216,242",-3.6952,2.50117,-6.19637
G;S,T;H,"254,187",-3.6957,-4.9874920000000005,1.2917920000000005
A;G,E;T,"152,254",-3.69666,-3.6813000000000002,-0.015359999999999818
L;R,D;N,"249,90",-3.6969,-11.222999999999999,7.5261
T;W,E;I,"270,159",-3.69878,5.043089999999999,-8.741869999999999
Q;S,T;Y,"127,269",-3.69963,-0.02618100000000001,-3.6734489999999997
G;R,S;T,"243,90",-3.69979,-5.2033000000000005,1.5035100000000003
Q;Q,W;T,"133,91",-3.70023,3.27014,-6.97037
R;S,L;N,"53,103",-3.70112,3.06793,-6.76905
G;K,T;L,"254,253",-3.70178,-5.90996,2.20818
L;T,K;N,"249,88",-3.70222,3.07382,-6.77604
S;P,N;V,"124,184",-3.70319,4.572947,-8.276137
E;P,K;K,"231,120",-3.70388,0.5637079999999999,-4.267588
A;S,T;Y,"180,242",-3.70698,2.7671099999999997,-6.47409
C;T,L;Y,"289,189",-3.707,1.556892,-5.263892
G;I,S;V,"243,200",-3.70844,2.84295,-6.55139
Q;Q,D;I,"127,182",-3.70867,1.2052,-4.91387
R;P,Q;V,"224,184",-3.70916,1.258638,-4.967798
L;P,M;V,"216,184",-3.70945,1.926987,-5.636437
L;C,Q;A,"216,289",-3.70994,1.5841012,-5.294041200000001
S;S,N;V,"103,223",-3.71002,2.62607,-6.33609
S;S,N;T,"103,214",-3.71022,1.163162,-4.873382
C;N,L;K,"289,233",-3.71116,1.731222,-5.442382
G;S,T;Q,"251,188",-3.71123,-0.045009999999999994,-3.66622
G;I,S;L,"243,145",-3.71194,2.85959,-6.571529999999999
T;C,Q;S,"88,289",-3.71253,0.044910000000000005,-3.75744
A;R,T;K,"180,53",-3.71424,2.7947800000000003,-6.5090200000000005
V;S,C;H,"281,214",-3.71481,-0.9444999999999999,-2.7703100000000003
Q;I,R;V,"127,200",-3.71484,3.53431,-7.24915
I;S,L;N,"111,103",-3.71575,3.0501,-6.76585
G;S,K;P,"243,188",-3.71733,2.862275,-6.579605
A;R,V;P,"65,280",-3.71773,3.3932900000000004,-7.11102
F;K,E;V,"271,253",-3.71855,0.8875399999999998,-4.60609
Q;L,K;D,"127,249",-3.71896,3.34689,-7.06585
T;G,V;H,"198,251",-3.72011,2.74281,-6.46292
G;Q,K;T,"243,91",-3.721,4.33453,-8.055530000000001
Q;G,K;T,"127,251",-3.72118,3.40361,-7.12479
G;K,S;L,"243,253",-3.72122,0.4920899999999999,-4.21331
Q;G,E;T,"133,251",-3.72182,3.48466,-7.20648
L;Q,C;Y,"249,119",-3.72188,-3.3967,-0.32518
D;T,K;V,"263,72",-3.7221,2.54979,-6.27189
S;N,D;Y,"103,37",-3.72291,1.9751210000000001,-5.698031
T;L,D;C,"88,249",-3.72444,3.1285499999999997,-6.85299
W;N,I;K,"159,114",-3.72544,0.18290000000000006,-3.90834
D;Y,L;S,"220,63",-3.72598,0.9319500000000001,-4.65793
R;P,V;L,"34,38",-3.72648,4.66284,-8.38932
H;K,L;Y,"104,253",-3.72672,-0.9041399999999999,-2.82258
S;L,T;E,"124,216",-3.72729,3.3676500000000003,-7.09494
C;I,S;H,"289,168",-3.7274,-2.9114500000000003,-0.8159499999999995
K;Q,A;A,"253,127",-3.72797,-1.5888339999999999,-2.139136
S;P,F;V,"238,184",-3.72868,-0.39370299999999997,-3.3349770000000003
S;I,N;V,"124,200",-3.72879,5.403969999999999,-9.13276
R;P,K;V,"53,184",-3.72939,1.6738270000000002,-5.403217
Q;L,N;E,"127,216",-3.73053,3.66528,-7.39581
M;D,L;K,"154,263",-3.73074,2.72388,-6.45462
S;S,N;W,"103,58",-3.7313,2.66155,-6.39285
R;H,Y;L,"123,104",-3.73256,3.4828599999999996,-7.21542
R;Q,T;T,"90,127",-3.73278,-6.0522160000000005,2.3194360000000005
L;C,F;S,"216,289",-3.73346,0.12505999999999995,-3.85852
Q;F,N;M,"133,191",-3.73468,1.505282,-5.239962
R;N,Y;K,"123,114",-3.73547,0.55873,-4.2942
F;Q,E;N,"271,133",-3.73602,3.8787899999999995,-7.614809999999999
C;S,L;E,"289,121",-3.7366,-5.73103,1.9944299999999995
Q;C,R;L,"127,289",-3.73723,3.6487800000000004,-7.386010000000001
W;K,C;L,"257,252",-3.73869,3.65235,-7.39104
S;M,T;H,"121,161",-3.73932,1.60338,-5.342700000000001
G;K,A;L,"243,253",-3.73998,0.39701999999999993,-4.1370000000000005
N;L,L;F,"138,117",-3.7405,-1.105,-2.6355
Q;V,I;D,"127,57",-3.74085,3.34557,-7.08642
L;A,C;D,"249,226",-3.7414,-5.42499,1.6835900000000001
S;N,N;T,"103,190",-3.74169,2.62993,-6.37162
R;S,P;Y,"280,242",-3.74305,2.47959,-6.22264
R;C,A;A,"90,289",-3.74359,-6.1425588,2.3989687999999996
S;H,T;R,"124,104",-3.74477,3.2515099999999997,-6.99628
N;A,L;F,"138,65",-3.74506,2.38869,-6.13375
L;R,D;Q,"249,224",-3.74536,2.136201,-5.881561
T;P,K;V,"88,184",-3.74548,1.742707,-5.488187
Q;N,K;L,"127,138",-3.74629,3.21536,-6.961650000000001
G;R,T;N,"251,90",-3.74661,-11.16628,7.41967
S;T,N;Q,"124,88",-3.74726,5.32468,-9.07194
L;L,F;C,"216,249",-3.74775,2.43316,-6.18091
Q;S,D;K,"127,58",-3.74892,3.10869,-6.85761
S;R,N;A,"103,280",-3.75011,1.114813,-4.864923
H;L,R;C,"104,249",-3.7508,2.34015,-6.090949999999999
Q;I,E;H,"127,168",-3.75095,-0.28310000000000013,-3.46785
Q;R,E;A,"127,280",-3.75116,1.089683,-4.840843
R;S,T;P,"90,188",-3.75175,-6.953515,3.2017650000000004
S;C,K;D,"124,289",-3.75238,4.52354,-8.27592
D;D,Q;K,"220,263",-3.75427,4.19707,-7.95134
P;T,Q;V,"38,72",-3.75738,2.8013500000000002,-6.558730000000001
G;R,A;T,"243,90",-3.75751,-5.29837,1.5408600000000003
V;N,D;T,"57,190",-3.75788,2.37907,-6.136950000000001
G;A,Q;T,"243,180",-3.75794,5.44998,-9.20792
S;G,V;T,"58,251",-3.75861,3.03285,-6.79146
S;P,E;V,"207,184",-3.75873,1.855617,-5.614347
S;S,T;H,"124,214",-3.75919,-0.11212,-3.64707
Q;E,H;K,"127,231",-3.75946,2.8634899999999996,-6.6229499999999994
L;K,K;F,"249,253",-3.76093,-0.8356000000000001,-2.9253299999999998
C;T,D;V,"289,198",-3.76095,3.40134,-7.16229
R;P,Q;V,"132,184",-3.761,2.1093669999999998,-5.870367
G;Q,K;W,"243,133",-3.7614,5.05181,-8.81321
G;S,L;Y,"243,242",-3.76194,4.84728,-8.60922
L;S,F;P,"216,125",-3.76313,2.50359,-6.266719999999999
N;Q,K;T,"138,127",-3.76504,1.9883739999999999,-5.753413999999999
R;S,P;P,"280,188",-3.76566,1.095145,-4.860805
Q;N,N;K,"127,138",-3.76653,3.63563,-7.40216
C;Q,D;I,"289,182",-3.76673,1.0764,-4.84313
L;Q,K;T,"249,91",-3.76835,3.1902299999999997,-6.9585799999999995
R;C,L;S,"53,289",-3.76839,0.41445,-4.182840000000001
K;D,Y;N,"253,186",-3.76881,-2.4801040999999997,-1.2887059000000005
S;L,E;D,"207,249",-3.77039,2.73318,-6.50357
G;I,A;V,"243,200",-3.77136,2.74788,-6.51924
R;R,P;A,"280,90",-3.77163,-4.76652,0.9948899999999998
V;S,C;Y,"281,242",-3.77287,2.41134,-6.18421
S;Q,V;E,"58,127",-3.77317,3.1050199999999997,-6.87819
R;S,V;T,"34,124",-3.77396,5.336790000000001,-9.110750000000001
S;F,H;M,"214,191",-3.77623,-1.8817279999999998,-1.8945020000000001
K;A,A;D,"253,226",-3.77659,-8.70102,4.924429999999999
L;R,C;S,"249,90",-3.77668,-5.0358,1.2591200000000002
A;T,N;N,"226,198",-3.77716,2.5972999999999997,-6.374459999999999
F;L,M;D,"271,249",-3.77814,3.4917100000000003,-7.26985
T;S,M;D,"51,103",-3.77823,2.6040799999999997,-6.38231
P;D,Q;N,"38,186",-3.78046,1.5948058999999999,-5.3752659000000005
Q;V,K;D,"127,57",-3.78081,3.25005,-7.03086
G;S,K;Y,"243,242",-3.78192,4.24672,-8.02864
S;L,T;Q,"124,216",-3.78194,3.7242699999999997,-7.506209999999999
G;S,H;E,"251,121",-3.78207,-5.9579699999999995,2.1758999999999995
R;D,Y;V,"123,186",-3.78277,3.68159,-7.46436
G;A,T;E,"251,152",-3.7834,2.55818,-6.34158
I;M,L;H,"111,161",-3.78417,1.85226,-5.63643
T;S,E;D,"270,103",-3.78519,4.815519999999999,-8.60071
L;D,Q;K,"216,263",-3.78558,2.9983,-6.78388
F;P,M;V,"271,184",-3.78638,2.614147,-6.400527
G;Q,K;K,"243,127",-3.78688,5.06989,-8.856770000000001
F;G,W;T,"271,254",-3.78766,-2.9613200000000006,-0.8263399999999992
I;G,L;T,"111,251",-3.78895,2.9528,-6.74175
L;A,D;W,"249,65",-3.78936,2.46737,-6.256729999999999
Q;T,R;Q,"127,88",-3.78956,3.45502,-7.24458
G;Q,T;A,"251,127",-3.78977,1.935276,-5.725046
C;S,A;P,"289,188",-3.79123,-0.28089379999999997,-3.5103362000000002
P;R,D;A,"197,90",-3.79133,-4.48422,0.6928899999999998
Q;S,K;H,"127,214",-3.79148,-0.15542999999999996,-3.63605
V;Q,D;N,"57,133",-3.79151,2.45805,-6.249560000000001
R;M,P;V,"280,154",-3.79191,-1.71507,-2.07684
L;D,W;K,"216,263",-3.79202,2.6999899999999997,-6.49201
S;S,M;D,"238,103",-3.79223,3.49868,-7.29091
Q;R,D;Q,"127,132",-3.79242,3.6152499999999996,-7.4076699999999995
S;G,T;T,"121,254",-3.79442,-3.5355600000000003,-0.25885999999999987
Q;L,R;I,"127,216",-3.79497,3.67833,-7.4733
S;A,N;E,"103,152",-3.79565,2.65548,-6.45113
G;S,T;K,"251,58",-3.79707,2.53709,-6.334160000000001
Q;R,N;A,"133,90",-3.79915,-4.8377,1.0385499999999999
R;L,L;C,"53,249",-3.79976,2.72255,-6.52231
C;T,D;Y,"289,189",-3.8011,1.9884819999999999,-5.789581999999999
S;L,V;C,"58,249",-3.80212,2.78477,-6.58689
S;R,N;A,"124,90",-3.80246,-1.9420799999999998,-1.8603800000000001
L;T,D;K,"249,88",-3.80398,2.6202699999999997,-6.42425
I;T,V;N,"200,198",-3.80538,2.44501,-6.2503899999999994
R;K,N;A,"132,253",-3.80547,-0.1612499999999999,-3.6442200000000002
G;A,K;V,"243,65",-3.80555,5.16042,-8.96597
F;P,E;D,"271,197",-3.80872,4.23227,-8.04099
G;K,Q;V,"243,253",-3.80926,2.1000300000000003,-5.90929
F;L,W;D,"271,249",-3.80939,3.22144,-7.03083
F;C,E;A,"271,289",-3.81157,2.5739311999999996,-6.3855012
G;S,L;P,"243,188",-3.8153,3.4628349999999997,-7.278135
P;F,D;M,"197,191",-3.81575,1.858762,-5.674512
C;N,D;K,"289,114",-3.81657,0.50057,-4.31714
G;S,T;Q,"254,188",-3.817,-6.28449,2.4674899999999997
Q;G,E;T,"133,254",-3.81922,-2.7548200000000005,-1.0643999999999996
Q;Q,N;T,"127,91",-3.81965,3.62916,-7.44881
G;I,K;L,"243,145",-3.81979,4.3633,-8.18309
P;D,L;N,"38,186",-3.81988,1.3952659,-5.2151459
S;R,T;P,"124,280",-3.82107,3.34607,-7.16714
R;C,P;S,"90,289",-3.82291,-16.17866,12.35575
K;Q,A;Y,"253,119",-3.82358,-6.67273,2.8491499999999994
Q;W,L;K,"127,257",-3.82378,3.02394,-6.847720000000001
G;Q,T;L,"251,182",-3.82394,-0.3079399999999999,-3.516
R;D,Y;N,"123,186",-3.82414,1.9068958999999999,-5.7310359
C;R,L;N,"289,90",-3.82415,-11.15507,7.330920000000001
Q;L,E;F,"127,216",-3.82424,2.7534099999999997,-6.57765
S;P,K;Q,"124,38",-3.82476,4.26961,-8.09437
A;P,E;V,"152,184",-3.8278,1.6238970000000001,-5.451697
S;S,N;E,"103,207",-3.82905,2.8872,-6.7162500000000005
A;L,V;E,"65,216",-3.82953,3.4148700000000005,-7.244400000000001
D;T,K;M,"263,51",-3.83071,2.64383,-6.474539999999999
R;K,S;A,"90,253",-3.83078,-8.31183,4.481050000000001
S;M,T;V,"124,154",-3.83089,-0.9509400000000001,-2.87995
Q;S,R;P,"127,188",-3.83173,2.049925,-5.881655
I;I,L;L,"111,145",-3.83356,2.86618,-6.69974
H;N,T;L,"104,138",-3.83405,2.84542,-6.67947
F;R,M;Y,"271,123",-3.83509,4.04939,-7.88448
Q;N,D;H,"127,205",-3.8353,2.8975809999999997,-6.732881
Q;N,D;I,"127,37",-3.83807,3.8251,-7.66317
Q;C,E;S,"133,289",-3.83899,0.9284799999999997,-4.767469999999999
L;R,I;P,"216,280",-3.83953,2.72355,-6.563079999999999
G;N,I;K,"243,114",-3.84093,0.7962500000000001,-4.637180000000001
G;Q,T;L,"254,182",-3.84095,-6.547420000000001,2.706470000000001
R;Q,Y;V,"123,127",-3.84524,3.11652,-6.96176
Q;A,D;D,"127,226",-3.8464,-4.60531,0.7589100000000002
S;K,Y;V,"242,253",-3.84688,-0.58284,-3.26404
S;L,E;D,"115,249",-3.84711,3.03408,-6.88119
Q;K,L;A,"182,253",-3.84723,-3.8320499999999997,-0.015180000000000415
S;T,N;K,"124,88",-3.85003,5.40058,-9.25061
L;R,C;P,"249,90",-3.85024,-13.870560000000001,10.020320000000002
Q;A,E;D,"127,226",-3.85039,-5.1047400000000005,1.2543500000000005
K;I,A;R,"253,168",-3.85123,-16.88899,13.037759999999999
Q;K,W;V,"133,253",-3.85203,0.22225000000000006,-4.07428
Q;A,N;V,"127,65",-3.85217,4.45505,-8.307220000000001
V;A,D;D,"57,226",-3.85222,-5.33047,1.47825
R;Q,V;R,"34,127",-3.85295,5.52744,-9.38039
S;R,N;S,"103,90",-3.85362,-4.6904200000000005,0.8368000000000007
A;P,F;V,"65,184",-3.85362,1.642657,-5.496277
Q;R,W;P,"133,280",-3.85445,3.28468,-7.13913
L;I,K;H,"249,168",-3.85589,0.1667099999999999,-4.0226
R;K,P;L,"280,253",-3.85628,0.22866999999999993,-4.08495
S;T,D;Y,"103,189",-3.85631,1.443242,-5.299552
S;R,T;T,"124,90",-3.85707,-4.702590000000001,0.8455200000000005
D;P,L;L,"220,38",-3.85798,3.36719,-7.22517
A;G,P;H,"152,251",-3.85836,2.9993600000000002,-6.8577200000000005
Q;S,F;Y,"182,269",-3.85854,-2.857385,-1.0011550000000002
R;T,Y;M,"123,29",-3.86032,-5.04002,1.1797
Q;Q,R;E,"127,133",-3.86097,4.33859,-8.19956
S;K,V;A,"58,253",-3.86121,-0.4912599999999998,-3.3699500000000002
M;E,P;K,"222,231",-3.86126,2.72472,-6.58598
L;R,K;S,"249,90",-3.86146,-4.26574,0.40428
Q;H,K;R,"127,104",-3.8615,3.2081999999999997,-7.069699999999999
N;V,K;C,"138,281",-3.86158,2.50562,-6.3672
M;P,L;V,"154,184",-3.86183,1.852287,-5.714117
R;G,N;T,"132,254",-3.86681,-2.8766200000000004,-0.9901899999999997
G;N,K;K,"243,138",-3.86825,4.341,-8.20925
Q;L,N;I,"127,216",-3.86829,3.78531,-7.6536
G;R,S;S,"243,90",-3.86883,-4.6251500000000005,0.7563200000000005
H;C,R;A,"104,289",-3.86938,1.1113412,-4.9807212
S;S,N;E,"103,121",-3.87037,-5.64494,1.7745700000000002
R;Q,N;E,"132,127",-3.8706,3.43503,-7.30563
S;R,T;S,"124,90",-3.87104,-4.12444,0.25340000000000007
G;L,K;I,"243,216",-3.87119,4.49068,-8.36187
S;C,T;A,"124,289",-3.87225,1.9700312,-5.8422812
T;G,E;I,"270,243",-3.87291,5.65644,-9.52935
S;L,M;P,"238,216",-3.87349,3.38466,-7.25815
R;F,Y;W,"123,271",-3.87361,3.77912,-7.65273
Q;R,R;D,"127,90",-3.8755,-10.287949999999999,6.412449999999998
V;R,D;A,"57,280",-3.87592,0.863953,-4.739872999999999
L;K,D;F,"249,253",-3.87681,-1.4143000000000001,-2.46251
S;M,V;H,"58,161",-3.87872,1.93231,-5.81103
L;G,Q;S,"216,243",-3.87902,3.22356,-7.10258
L;K,E;F,"216,253",-3.88196,-1.43685,-2.4451099999999997
S;M,N;L,"103,262",-3.88308,-7.33891,3.45583
G;F,L;E,"243,271",-3.88378,6.31766,-10.20144
A;G,F;T,"65,254",-3.88457,-3.6625400000000004,-0.22202999999999973
A;M,T;V,"180,154",-3.88516,-1.42755,-2.45761
L;Q,D;I,"249,182",-3.88519,0.57688,-4.46207
Q;T,E;N,"127,88",-3.88527,2.62401,-6.50928
L;M,I;V,"216,154",-3.88651,-1.57346,-2.3130499999999996
F;K,E;F,"271,253",-3.88685,-0.09040000000000026,-3.7964499999999997
F;V,E;C,"271,281",-3.88839,3.8817199999999996,-7.770109999999999
S;D,M;K,"238,263",-3.89027,3.53843,-7.4287
K;S,Y;T,"253,214",-3.89028,-2.820178,-1.0701020000000003
D;T,K;M,"263,29",-3.89125,-5.60367,1.7124200000000003
G;S,A;P,"243,188",-3.89291,1.263495,-5.156405
G;S,S;P,"243,188",-3.89312,1.358565,-5.251685
Q;S,N;Y,"133,242",-3.89317,2.40841,-6.3015799999999995
Q;R,R;T,"127,90",-3.89351,-4.51194,0.61843
L;K,C;F,"249,253",-3.89594,-1.60566,-2.29028
S;A,N;W,"103,65",-3.89623,2.62139,-6.51762
K;I,A;H,"253,168",-3.89769,-3.87938,-0.01831000000000005
S;V,N;C,"124,281",-3.89817,5.33813,-9.2363
G;R,L;A,"243,90",-3.89827,-2.39883,-1.4994400000000003
M;G,L;H,"154,251",-3.89902,2.57084,-6.469860000000001
F;K,M;Y,"271,253",-3.89938,-0.33760999999999974,-3.56177
R;L,Y;Q,"123,216",-3.90017,3.56195,-7.4621200000000005
W;T,I;M,"159,29",-3.90038,-5.415850000000001,1.5154700000000005
G;Q,H;A,"251,127",-3.90113,1.7195460000000002,-5.6206760000000004
Q;R,K;Y,"127,123",-3.90188,3.9045699999999997,-7.80645
A;H,T;R,"180,104",-3.90258,2.7748999999999997,-6.677479999999999
T;L,V;P,"198,216",-3.90313,2.7420799999999996,-6.64521
Q;K,R;F,"127,253",-3.90389,-0.5036499999999999,-3.40024
G;F,S;M,"243,191",-3.9042,1.839882,-5.744082
P;T,L;V,"38,72",-3.90422,2.6018100000000004,-6.506030000000001
S;C,Y;A,"242,289",-3.90482,1.1035512,-5.0083712
R;V,V;C,"34,281",-3.90523,4.50441,-8.40964
Y;N,S;K,"63,114",-3.90673,-2.38814,-1.51859
T;K,N;A,"88,253",-3.90711,-0.9722699999999997,-2.9348400000000003
T;Q,D;E,"88,127",-3.90766,3.4488,-7.35646
F;C,W;L,"271,289",-3.90786,3.28937,-7.197229999999999
P;T,Q;K,"38,88",-3.90878,2.8658599999999996,-6.77464
G;H,A;R,"243,104",-3.90967,2.65573,-6.5654
D;S,K;Y,"263,269",-3.90967,0.5974749999999999,-4.507145
S;Q,N;E,"124,127",-3.90993,5.5794,-9.489329999999999
N;T,L;M,"138,29",-3.9105,-5.72923,1.8187300000000004
I;M,V;H,"200,161",-3.91114,1.57984,-5.49098
A;K,T;L,"180,253",-3.91129,0.5161899999999999,-4.42748
G;S,T;E,"254,121",-3.91253,-11.98172,8.069189999999999
S;A,P;D,"125,226",-3.91264,-5.35456,1.44192
Q;M,R;V,"127,154",-3.91328,-0.7602899999999999,-3.15299
D;W,L;K,"220,257",-3.91329,3.46029,-7.3735800000000005
L;I,C;H,"249,168",-3.91347,-0.60335,-3.3101199999999995
G;F,K;M,"243,191",-3.91385,3.343592,-7.257442
S;S,D;F,"103,238",-3.91398,0.43814,-4.35212
P;A,L;L,"38,65",-3.91492,2.66222,-6.57714
G;Q,K;T,"243,127",-3.916,3.763574,-7.679574000000001
S;Q,P;V,"125,182",-3.91604,-0.97001,-2.9460300000000004
S;C,M;D,"238,289",-3.91642,4.04392,-7.96034
A;L,P;C,"152,249",-3.91697,2.96701,-6.88398
T;L,Q;C,"88,249",-3.91706,2.3530100000000003,-6.2700700000000005
T;S,D;N,"88,103",-3.91855,3.47393,-7.392480000000001
S;A,N;N,"103,226",-3.91857,2.92997,-6.84854
R;H,Y;T,"123,104",-3.91935,3.53463,-7.45398
L;V,I;C,"216,281",-3.92015,2.6553,-6.57545
D;M,K;L,"263,262",-3.9202,-7.4989,3.5787
Q;R,D;A,"127,280",-3.92101,1.589113,-5.510123
A;S,T;K,"180,58",-3.92156,2.72376,-6.64532
D;I,V;L,"186,145",-3.92301,3.09401,-7.0170200000000005
R;S,V;P,"34,125",-3.92319,4.49586,-8.41905
P;L,L;F,"38,117",-3.92354,-0.9274199999999999,-2.9961200000000003
P;S,Q;H,"38,187",-3.92385,1.440858,-5.364708
W;Q,C;L,"257,127",-3.92471,3.95838,-7.88309
A;A,V;T,"65,180",-3.9251,3.68081,-7.60591
H;D,T;K,"104,263",-3.92561,2.97098,-6.89659
L;T,P;Y,"216,189",-3.92572,1.329222,-5.254942
R;P,N;L,"132,38",-3.92604,3.3521900000000002,-7.278230000000001
D;C,V;L,"186,289",-3.92806,3.19184,-7.1198999999999995
Q;S,K;P,"127,125",-3.92843,3.2259599999999997,-7.154389999999999
H;L,T;D,"104,249",-3.92945,2.97695,-6.9064
G;H,L;R,"243,104",-3.93065,4.8550699999999996,-8.78572
Q;M,A;H,"127,161",-3.93084,0.834736,-4.765576
D;G,K;A,"263,165",-3.93188,-3.2586899999999996,-0.6731900000000004
D;Q,Q;R,"220,127",-3.93328,5.11369,-9.04697
G;L,T;F,"254,117",-3.93329,-7.156230000000001,3.222940000000001
Q;I,E;R,"127,168",-3.93417,-13.29271,9.35854
G;T,I;L,"243,72",-3.93503,3.4840999999999998,-7.419129999999999
T;L,N;C,"88,249",-3.93505,2.30376,-6.23881
D;W,Q;I,"220,159",-3.93597,4.38489,-8.32086
Q;Q,R;Y,"127,119",-3.93606,-2.29469,-1.6413699999999998
R;S,Y;W,"123,58",-3.93616,3.06521,-7.00137
Q;M,E;H,"133,161",-3.93764,2.38412,-6.321759999999999
C;N,L;Y,"289,37",-3.93864,2.088771,-6.027411
R;M,A;H,"90,161",-3.93927,-5.766209999999999,1.8269399999999991
G;I,L;L,"243,145",-3.9395,4.9638599999999995,-8.90336
R;P,V;D,"34,197",-3.93967,4.85496,-8.79463
G;M,K;V,"243,154",-3.94009,0.052059999999999995,-3.99215
R;M,L;H,"53,161",-3.94108,1.87009,-5.81117
C;L,L;F,"289,117",-3.94136,-0.90554,-3.03582
G;K,K;F,"243,253",-3.94252,0.3087,-4.25122
W;S,I;T,"159,214",-3.94254,1.190992,-5.133532000000001
H;R,R;A,"104,90",-3.94267,-4.861079999999999,0.9184099999999993
P;S,D;Y,"197,242",-3.94337,2.76189,-6.70526
R;R,Y;Q,"123,132",-3.94369,3.5446099999999996,-7.4883
G;Q,K;N,"243,127",-3.94374,5.410830000000001,-9.35457
S;N,N;K,"124,138",-3.94379,5.3983099999999995,-9.342099999999999
C;F,A;M,"289,191",-3.94512,0.20042320000000002,-4.1455432000000005
T;S,N;Y,"198,269",-3.94634,0.4247949999999999,-4.371135
P;N,D;K,"197,138",-3.94644,2.8561699999999997,-6.80261
L;R,D;D,"249,90",-3.94644,-11.198599999999999,7.252159999999999
Q;L,E;C,"133,249",-3.94657,3.23658,-7.1831499999999995
N;M,L;V,"138,154",-3.94659,-1.80247,-2.14412
C;S,D;W,"289,58",-3.94698,3.00705,-6.9540299999999995
R;S,Y;T,"123,121",-3.94851,3.20488,-7.15339
W;T,I;M,"159,51",-3.95024,2.83165,-6.78189
S;N,P;T,"125,190",-3.95081,2.3549800000000003,-6.30579
S;R,M;Y,"238,123",-3.95393,4.10208,-8.05601
R;R,Y;S,"123,90",-3.95399,-4.28676,0.33277
I;P,L;L,"111,38",-3.95429,2.94213,-6.89642
F;G,E;S,"271,243",-3.95447,4.2133899999999995,-8.16786
R;Q,V;N,"34,133",-3.95481,4.50148,-8.45629
K;C,F;A,"253,289",-3.95523,-2.8344688000000002,-1.1207611999999996
L;C,W;S,"216,289",-3.9555,0.2064999999999999,-4.162
T;L,L;P,"72,216",-3.95586,2.52916,-6.4850200000000005
G;F,L;M,"243,191",-3.95767,3.944152,-7.901821999999999
S;A,N;D,"103,226",-3.95895,-5.079610000000001,1.1206600000000004
Q;A,D;M,"127,65",-3.95927,3.23017,-7.18944
T;G,V;T,"72,254",-3.95996,-3.6270000000000002,-0.3329599999999999
S;D,K;K,"124,263",-3.96063,4.01805,-7.97868
N;K,K;F,"138,253",-3.96088,-1.4665000000000001,-2.4943799999999996
A;G,L;H,"65,251",-3.96214,2.45716,-6.4193
F;P,W;V,"271,184",-3.96227,2.343877,-6.306147
Q;K,I;A,"127,253",-3.96316,-0.02497999999999978,-3.93818
C;R,S;A,"289,280",-3.96461,-1.538667,-2.425943
P;T,Q;L,"38,72",-3.96526,2.93449,-6.899749999999999
T;K,D;A,"88,253",-3.96537,-0.14747999999999983,-3.8178900000000002
R;R,Y;K,"123,53",-3.96564,3.10907,-7.07471
H;P,T;V,"104,184",-3.96594,2.099387,-6.065327
Q;P,V;V,"127,184",-3.96735,1.6812770000000001,-5.648627
A;G,L;T,"65,254",-3.96742,-3.5665900000000006,-0.4008299999999996
S;Q,N;D,"124,127",-3.96817,6.07883,-10.047
L;I,C;R,"249,168",-3.96834,-13.612960000000001,9.644620000000002
C;R,D;K,"289,53",-3.96866,3.05091,-7.01957
P;R,L;A,"38,280",-3.9701,1.0068430000000002,-4.976943
P;H,D;R,"197,104",-3.97118,2.76968,-6.74086
P;F,L;M,"38,191",-3.97232,1.6666420000000002,-5.638962
S;S,E;N,"115,103",-3.97404,3.1881,-7.16214
V;R,D;S,"57,90",-3.9755,-4.941280000000001,0.965780000000001
N;Q,K;N,"138,133",-3.97627,2.50269,-6.47896
H;R,R;T,"104,90",-3.9764,-5.56128,1.58488
R;C,N;S,"132,289",-3.97725,0.8066799999999998,-4.78393
D;L,L;P,"220,216",-3.97788,3.1614,-7.139279999999999
C;S,D;E,"289,207",-3.97963,3.2327,-7.21233
R;L,Y;F,"123,216",-3.98042,3.1822,-7.16262
K;I,Y;H,"253,168",-3.98158,-4.24131,0.25973000000000024
R;S,P;Y,"280,269",-3.98197,0.5593149999999999,-4.541285
Q;P,I;L,"127,38",-3.98237,3.48846,-7.470829999999999
G;T,I;Y,"243,189",-3.98726,2.2841620000000002,-6.271422
N;L,I;D,"37,249",-3.98765,3.19678,-7.18443
K;R,Y;A,"253,90",-3.98767,-8.55171,4.56404
L;M,K;V,"249,154",-3.98768,-1.09224,-2.89544
R;C,N;L,"132,289",-3.98774,3.3740699999999997,-7.36181
V;M,D;V,"57,154",-3.98785,-1.7677800000000001,-2.2200699999999998
Q;K,T;V,"91,253",-3.98835,-0.4950300000000001,-3.4933199999999998
W;S,I;E,"159,136",-3.98877,1.815524,-5.8042940000000005
P;H,L;R,"38,104",-3.98914,2.57756,-6.5667
S;R,P;T,"125,90",-3.98972,-5.54352,1.5537999999999998
T;N,Q;L,"88,138",-3.98987,2.41284,-6.40271
R;C,V;A,"34,289",-3.99019,3.1966212,-7.1868112
T;Y,E;S,"270,63",-3.99083,2.47205,-6.46288
Q;V,W;C,"133,281",-3.99221,3.21643,-7.20864
Q;R,R;L,"127,53",-3.99266,3.82456,-7.81722
A;S,N;H,"226,214",-3.99378,-0.72637,-3.26741
Q;Q,T;N,"91,133",-3.9941,2.49622,-6.4903200000000005
G;T,T;Q,"251,88",-3.99412,2.60109,-6.59521
R;R,Y;D,"123,90",-3.99445,-10.64092,6.646469999999999
Q;P,W;D,"133,197",-3.99694,3.56698,-7.5639199999999995
S;S,T;P,"124,188",-3.99702,1.859275,-5.856295
S;P,K;V,"58,184",-3.99719,1.602807,-5.599997
T;G,N;T,"88,254",-3.99825,-3.68764,-0.31061000000000005
C;A,L;M,"289,65",-3.9983,2.6697800000000003,-6.66808
S;I,N;L,"103,145",-3.99892,2.79432,-6.79324
Q;S,R;Y,"127,269",-3.99984,1.5140950000000002,-5.513935
P;Q,L;V,"38,127",-4.0009,2.60489,-6.60579
Q;P,I;V,"182,184",-4.00137,-0.300683,-3.700687
L;S,K;P,"249,188",-4.0034,1.717975,-5.721375
T;K,N;L,"198,253",-4.00447,0.09414999999999996,-4.09862
G;R,T;K,"251,53",-4.00534,2.60811,-6.61345
S;M,P;V,"125,154",-4.00678,-1.79187,-2.2149099999999997
N;S,L;H,"138,214",-4.00678,-0.9636499999999999,-3.04313
P;A,Q;L,"38,65",-4.00772,2.86176,-6.869479999999999
W;M,I;L,"159,262",-4.00832,-7.3110800000000005,3.30276
G;R,L;V,"243,34",-4.00842,6.9403500000000005,-10.94877
T;K,Q;A,"88,253",-4.00851,-0.9230199999999997,-3.0854900000000005
Q;Q,R;W,"127,133",-4.00895,4.23946,-8.24841
T;M,N;H,"88,161",-4.01159,1.4513,-5.46289
S;P,V;L,"58,38",-4.01257,3.02218,-7.034750000000001
Q;T,E;Q,"127,88",-4.01268,2.67326,-6.6859399999999996
G;T,T;Y,"254,189",-4.01286,-4.693798,0.6809380000000003
R;A,Y;M,"123,65",-4.01287,3.15953,-7.1724000000000006
L;Q,I;N,"216,133",-4.01341,2.65237,-6.66578
W;T,I;L,"159,72",-4.01584,2.87075,-6.88659
S;R,T;A,"124,90",-4.0169,-4.00239,-0.014509999999999579
C;R,L;P,"289,90",-4.0185,-13.611270000000001,9.592770000000002
N;G,I;T,"37,251",-4.01862,3.2535,-7.27212
A;K,T;F,"180,253",-4.01905,-1.1709100000000001,-2.84814
P;N,K;K,"120,114",-4.02048,-2.1026920000000002,-1.9177879999999998
N;A,L;D,"138,226",-4.02083,-5.36516,1.3443300000000002
G;R,A;A,"243,90",-4.02173,-4.59817,0.5764399999999998
S;R,N;Q,"103,224",-4.02277,2.290221,-6.312991
S;W,K;I,"124,159",-4.02404,4.20587,-8.22991
K;P,L;K,"252,120",-4.02509,0.47501799999999994,-4.500107999999999
G;Q,Q;N,"243,133",-4.02809,5.09128,-9.11937
Q;L,I;C,"127,249",-4.02895,3.25105,-7.28
C;H,L;M,"289,104",-4.02913,2.6972,-6.726330000000001
C;S,D;F,"289,238",-4.03121,0.9833799999999999,-5.01459
S;K,P;L,"125,253",-4.03164,0.15186999999999995,-4.18351
A;V,N;D,"226,57",-4.03368,2.6791099999999997,-6.71279
S;P,E;V,"115,184",-4.03447,2.156517,-6.190987
C;S,L;H,"289,187",-4.03515,1.263198,-5.298348
S;G,A;I,"124,243",-4.03538,4.27315,-8.308530000000001
T;K,V;Y,"72,253",-4.03557,-1.2735599999999998,-2.76201
S;S,D;T,"103,214",-4.03562,0.963422,-4.999041999999999
L;N,D;K,"249,233",-4.03571,1.663292,-5.699002
Q;Q,N;T,"133,127",-4.03603,1.9252639999999999,-5.9612940000000005
L;A,D;M,"249,65",-4.03662,2.6018499999999998,-6.63847
Q;R,E;P,"127,90",-4.03706,-13.55031,9.51325
S;K,P;Y,"245,253",-4.03792,-1.1457099999999998,-2.89221
G;R,S;A,"243,90",-4.03979,-4.5031,0.4633099999999999
S;S,T;Y,"124,242",-4.04088,3.2437199999999997,-7.284599999999999
N;C,K;A,"138,289",-4.04106,1.1978312,-5.238891199999999
I;S,V;P,"200,125",-4.0416,2.5027299999999997,-6.5443299999999995
P;R,L;S,"38,90",-4.04175,-4.79839,0.75664
L;S,D;K,"249,58",-4.04223,2.4803699999999997,-6.5226
G;T,I;V,"243,198",-4.04254,3.69702,-7.73956
A;I,W;R,"65,218",-4.04265,2.20316,-6.2458100000000005
V;R,D;T,"57,90",-4.04336,-5.51943,1.47607
Q;K,E;A,"133,253",-4.0437,-0.039449999999999985,-4.004250000000001
G;C,Q;L,"243,289",-4.04386,5.27452,-9.31838
R;L,N;C,"132,249",-4.04425,3.1147799999999997,-7.15903
C;I,D;H,"289,168",-4.0445,0.08752999999999989,-4.13203
S;S,K;N,"124,103",-4.04489,4.17804,-8.22293
A;C,V;A,"65,289",-4.04742,2.0172512,-6.064671199999999
S;L,V;D,"58,249",-4.04884,2.97613,-7.02497
S;W,D;I,"58,159",-4.04886,3.39543,-7.4442900000000005
G;N,L;K,"243,138",-4.05025,4.94156,-8.991810000000001
D;D,K;N,"263,186",-4.05048,1.3432458999999999,-5.3937259
A;V,V;C,"65,281",-4.05213,3.3250400000000004,-7.3771700000000004
Q;C,W;A,"133,289",-4.05372,1.9086412000000001,-5.9623612
N;H,K;R,"138,104",-4.05647,2.47931,-6.53578
Q;S,E;Y,"127,269",-4.05655,0.7323349999999998,-4.788885
G;A,T;F,"251,65",-4.05668,2.57694,-6.6336200000000005
Q;N,R;I,"127,37",-4.05696,4.10743,-8.164390000000001
Q;Q,E;E,"133,127",-4.05892,3.5568299999999997,-7.615749999999999
N;P,H;V,"205,184",-4.05894,1.391698,-5.450638
A;Q,M;F,"65,182",-4.05949,-0.8589799999999999,-3.2005100000000004
S;P,E;L,"115,38",-4.0602,3.08013,-7.1403300000000005
F;S,E;H,"271,214",-4.0605,0.4917799999999999,-4.55228
G;S,S;Y,"243,242",-4.06088,2.74301,-6.80389
T;R,N;T,"198,90",-4.06116,-5.601240000000001,1.5400800000000006
G;V,Q;C,"243,281",-4.0615,5.09421,-9.15571
A;C,M;L,"135,289",-4.06151,2.96585,-7.02736
A;P,V;D,"65,197",-4.06255,3.67559,-7.73814
L;R,D;S,"249,90",-4.06279,-4.8444400000000005,0.7816500000000008
P;M,Q;L,"38,154",-4.06282,2.97544,-7.03826
L;Q,D;A,"249,127",-4.06335,1.8785560000000001,-5.9419059999999995
G;S,A;Y,"243,242",-4.06373,2.64794,-6.71167
L;A,D;D,"249,226",-4.06408,-5.233630000000001,1.169550000000001
C;S,D;T,"289,214",-4.06449,1.508662,-5.573152
G;F,A;M,"243,191",-4.06515,1.744812,-5.8099620000000005
Q;S,D;V,"127,58",-4.06569,3.60445,-7.67014
S;G,E;T,"115,251",-4.06571,3.0907999999999998,-7.15651
P;R,Q;L,"38,53",-4.06599,3.1595,-7.225490000000001
G;L,K;E,"243,216",-4.06744,4.37065,-8.43809
D;R,K;D,"263,90",-4.06778,-11.20457,7.13679
P;L,D;I,"197,216",-4.06895,3.0058499999999997,-7.0748
P;Q,L;V,"38,182",-4.06995,-0.8030299999999999,-3.2669200000000007
Q;L,E;W,"127,216",-4.07029,2.83485,-6.905139999999999
C;S,D;E,"289,115",-4.07087,3.5336,-7.60447
V;Q,C;T,"281,127",-4.0715,1.928194,-5.999694
S;M,D;L,"103,262",-4.07296,-7.5386500000000005,3.4656900000000004
Q;R,R;Q,"127,224",-4.07371,3.046851,-7.120561
Q;Y,L;T,"127,63",-4.07392,1.335068,-5.408988
T;Q,D;D,"88,127",-4.07394,3.9482299999999997,-8.02217
Q;Y,L;S,"127,63",-4.07572,0.49560000000000004,-4.57132
L;Q,D;Y,"249,119",-4.07633,-3.2053400000000005,-0.870989999999999
R;G,V;S,"34,243",-4.07641,4.83608,-8.91249
P;M,L;V,"38,154",-4.07803,-1.62489,-2.4531400000000003
S;C,V;L,"58,289",-4.07966,3.04406,-7.12372
D;G,Q;T,"220,254",-4.08001,-1.9797200000000004,-2.1002899999999993
I;K,V;V,"200,253",-4.08049,-0.4829000000000001,-3.5975900000000003
T;C,D;D,"88,289",-4.08083,3.8194299999999997,-7.900259999999999
L;P,W;V,"216,184",-4.083,1.828397,-5.911397
G;C,Q;A,"243,289",-4.08397,3.7864212,-7.8703912
Q;I,D;L,"127,145",-4.08526,3.26862,-7.35388
D;L,K;F,"263,117",-4.08551,-0.9794400000000001,-3.10607
Q;G,V;T,"127,254",-4.0865,-3.62392,-0.46258
D;Q,K;V,"263,127",-4.08816,2.55287,-6.641030000000001
G;K,A;F,"243,253",-4.08856,-1.2900800000000001,-2.79848
S;S,D;E,"103,121",-4.08985,-5.84468,1.7548300000000001
F;G,E;A,"271,243",-4.09044,4.11832,-8.20876
C;R,D;D,"289,90",-4.09078,-10.69908,6.608300000000001
L;K,F;A,"216,253",-4.09156,-0.8428699999999998,-3.2486900000000007
D;L,V;D,"186,249",-4.09299,3.12391,-7.216900000000001
G;R,Q;P,"243,280",-4.09649,5.16246,-9.25895
R;K,P;A,"90,253",-4.0975,-17.14659,13.04909
G;L,T;F,"251,117",-4.09755,-0.91675,-3.1808
I;V,V;D,"200,57",-4.0977,2.52682,-6.6245199999999995
Q;L,D;W,"127,216",-4.09775,3.3342799999999997,-7.432029999999999
P;Q,D;T,"197,91",-4.09965,2.8497,-6.949349999999999
W;T,I;Y,"159,189",-4.09989,1.670812,-5.770702
Q;T,D;Q,"127,88",-4.10006,3.1726900000000002,-7.27275
H;D,L;K,"104,263",-4.10061,2.9192099999999996,-7.019819999999999
A;D,M;K,"135,263",-4.10087,2.89195,-6.99282
L;L,K;I,"249,216",-4.10184,3.34638,-7.44822
S;F,T;M,"124,191",-4.10364,2.340592,-6.444232
P;Q,D;T,"197,127",-4.10364,2.278744,-6.382384
D;L,Q;P,"220,216",-4.10559,4.0433,-8.148890000000002
S;R,D;D,"103,90",-4.10575,-11.24432,7.1385700000000005
G;Q,L;R,"243,127",-4.1059,5.90441,-10.01031
H;G,M;T,"104,254",-4.10649,-3.55349,-0.5529999999999999
T;Q,N;V,"198,182",-4.10682,-1.02773,-3.07909
Q;Q,D;V,"127,182",-4.10955,-0.22076000000000007,-3.8887899999999993
T;M,N;V,"198,154",-4.1098,-1.84959,-2.26021
G;H,T;M,"251,104",-4.11051,2.6859900000000003,-6.7965
L;Q,Q;E,"216,127",-4.113,3.13316,-7.246160000000001
L;K,D;L,"249,253",-4.11552,0.27279999999999993,-4.38832
L;M,P;L,"216,262",-4.11714,-7.6526700000000005,3.5355300000000005
G;L,L;I,"243,216",-4.11875,5.09124,-9.209990000000001
P;S,L;Y,"38,269",-4.11964,0.649495,-4.769135
Q;R,D;S,"127,90",-4.11998,-4.21612,0.09614000000000011
Q;K,R;Y,"127,253",-4.12113,-0.24846999999999975,-3.87266
L;N,P;K,"216,114",-4.12172,-0.15869,-3.96303
W;Q,K;M,"257,127",-4.12212,1.9516470000000001,-6.073767
G;Q,L;W,"243,133",-4.12335,5.6523699999999995,-9.77572
D;Q,K;L,"263,182",-4.12346,-0.37063,-3.7528299999999994
R;M,T;H,"90,161",-4.12354,-6.46641,2.3428699999999996
A;M,E;H,"152,161",-4.12383,1.45764,-5.5814699999999995
L;N,P;K,"216,233",-4.12455,1.503552,-5.628102
V;K,D;L,"57,253",-4.12482,0.1759599999999999,-4.30078
T;L,V;P,"72,216",-4.12571,2.39602,-6.52173
L;K,W;A,"216,253",-4.12621,-0.7614299999999998,-3.3647800000000005
C;L,D;W,"289,216",-4.12809,3.2054799999999997,-7.33357
A;P,M;V,"65,184",-4.12839,1.7242870000000001,-5.852677
D;P,V;L,"186,38",-4.12934,3.16996,-7.299300000000001
W;D,C;L,"257,220",-4.13126,4.39473,-8.52599
G;S,K;H,"243,214",-4.13166,0.8908800000000001,-5.02254
T;G,M;T,"29,254",-4.13211,-11.780460000000001,7.6483500000000015
L;Q,D;V,"249,127",-4.13245,2.55884,-6.69129
R;Q,N;D,"132,127",-4.13271,3.9344599999999996,-8.06717
C;H,D;M,"289,104",-4.13281,3.12879,-7.2616
R;K,L;A,"53,253",-4.13429,-0.5534799999999997,-3.5808100000000005
Q;C,T;A,"91,289",-4.13521,1.1913612,-5.3265712
Q;F,R;W,"127,271",-4.13578,4.13209,-8.267869999999998
A;Q,V;N,"65,133",-4.13592,3.3221100000000003,-7.45803
A;L,T;E,"180,216",-4.13656,2.8910400000000003,-7.0276000000000005
S;S,D;E,"103,136",-4.13681,1.5879539999999999,-5.7247639999999995
Q;M,E;V,"127,154",-4.13722,-1.5420500000000001,-2.59517
L;L,W;D,"216,249",-4.13898,2.70596,-6.84494
Q;C,N;A,"127,289",-4.13982,2.2676612,-6.4074812
Q;A,E;N,"127,226",-4.14043,2.90484,-7.04527
R;Q,L;E,"53,127",-4.14234,3.0427999999999997,-7.18514
L;P,I;L,"216,38",-4.14301,2.81373,-6.95674
K;S,V;H,"253,214",-4.14347,-3.9386799999999997,-0.20479000000000003
H;K,R;Y,"104,253",-4.14466,-1.29781,-2.84685
G;K,L;F,"243,253",-4.145,0.9092599999999997,-5.054259999999999
K;Q,V;T,"253,127",-4.145,-1.065986,-3.0790139999999995
S;Q,N;A,"103,127",-4.1456,2.032576,-6.178176000000001
G;P,Q;D,"243,197",-4.14629,5.4447600000000005,-9.59105
G;T,I;V,"243,72",-4.14639,3.35096,-7.497350000000001
L;N,K;K,"249,138",-4.1473,3.1967,-7.344
Q;V,T;C,"91,281",-4.14768,2.49915,-6.6468300000000005
G;S,I;F,"243,238",-4.15185,1.27906,-5.43091
G;H,S;R,"243,104",-4.15255,2.7508,-6.90335
P;L,D;E,"197,216",-4.15431,2.88582,-7.0401299999999996
Q;V,N;C,"127,281",-4.15445,3.57545,-7.7299
P;S,L;P,"38,245",-4.15468,2.72966,-6.88434
P;S,Q;K,"38,58",-4.15611,2.7259599999999997,-6.88207
T;I,K;R,"88,218",-4.15658,2.35606,-6.512639999999999
G;N,T;Y,"254,37",-4.15669,-4.161919,0.005228999999999928
G;T,I;M,"243,51",-4.15731,3.4450000000000003,-7.60231
G;A,L;V,"243,65",-4.15732,5.76098,-9.9183
A;G,W;T,"65,254",-4.15966,-3.71539,-0.4442699999999995
P;A,Q;W,"38,65",-4.16144,2.71296,-6.8744
R;K,P;F,"280,253",-4.16166,-1.4584300000000001,-2.7032300000000005
A;S,T;Y,"180,269",-4.16235,0.8468349999999999,-5.0091849999999996
P;Q,Q;V,"38,182",-4.16274,-0.6034900000000001,-3.5592500000000005
L;Q,P;I,"216,182",-4.16281,0.41713999999999996,-4.57995
G;G,H;A,"251,165",-4.16366,-3.4117299999999995,-0.7519300000000007
S;K,T;Y,"124,253",-4.16375,-0.43911999999999995,-3.7246300000000003
A;D,T;N,"180,186",-4.16431,1.5926059,-5.7569159
Q;I,D;H,"127,168",-4.16497,0.2163299999999999,-4.3813
Q;A,E;M,"127,65",-4.16554,2.73074,-6.89628
G;K,S;F,"243,253",-4.1659,-1.1950100000000001,-2.97089
R;Q,P;T,"280,91",-4.16767,2.5674,-6.73507
A;K,M;Y,"65,253",-4.16823,-1.2274699999999998,-2.9407600000000005
L;Q,D;V,"249,182",-4.16829,-0.8490800000000001,-3.31921
S;R,N;Y,"124,123",-4.16939,6.00819,-10.177579999999999
M;G,L;T,"154,251",-4.16995,2.78657,-6.95652
Q;Q,D;L,"127,182",-4.17015,0.26366,-4.433809999999999
G;N,T;H,"251,205",-4.17079,2.325981,-6.496771000000001
Q;C,T;A,"127,289",-4.17144,0.6204052,-4.791845199999999
T;G,V;H,"72,251",-4.17171,2.39675,-6.56846
S;Q,T;W,"124,133",-4.17172,4.04881,-8.22053
R;G,V;A,"34,243",-4.17211,4.74101,-8.91312
N;K,K;V,"138,253",-4.17327,-0.4885600000000001,-3.6847099999999995
S;G,K;I,"124,243",-4.17366,4.81922,-8.99288
L;L,K;Q,"249,216",-4.17388,3.58297,-7.75685
F;L,E;I,"271,216",-4.17389,4.0915799999999996,-8.26547
L;T,Q;N,"216,198",-4.17432,2.82562,-6.99994
A;L,N;C,"226,249",-4.17574,2.58459,-6.76033
S;P,E;Q,"115,38",-4.17701,3.27967,-7.45668
A;M,V;H,"65,161",-4.17828,2.3936,-6.57188
Q;G,W;S,"133,243",-4.17838,3.5481,-7.72648
P;S,L;H,"38,187",-4.17874,1.2413180000000001,-5.420058000000001
T;Y,L;S,"72,63",-4.17932,0.2997099999999999,-4.47903
F;S,E;T,"271,124",-4.18078,4.7141,-8.89488
W;T,I;V,"159,72",-4.18079,2.73761,-6.9184
T;W,E;K,"270,257",-4.18127,5.0003899999999994,-9.181659999999999
G;S,T;E,"251,136",-4.18213,1.690394,-5.872524
A;V,T;C,"180,281",-4.1833,2.80121,-6.98451
S;I,N;V,"103,200",-4.18336,2.77768,-6.961040000000001
G;M,I;L,"243,262",-4.18354,-6.69773,2.51419
W;G,I;A,"159,165",-4.18501,-3.0708699999999998,-1.1141400000000004
A;S,V;T,"65,124",-4.18754,4.15742,-8.34496
L;Q,E;N,"216,133",-4.18766,2.53234,-6.720000000000001
L;K,W;Y,"216,253",-4.18817,-1.12336,-3.0648100000000005
S;K,T;F,"124,253",-4.18823,-0.6943000000000001,-3.4939299999999998
D;G,Q;I,"220,243",-4.18953,4.99824,-9.18777
C;S,L;T,"289,214",-4.19117,1.077072,-5.268242
R;Q,P;T,"90,127",-4.19147,-14.308826,10.117356000000001
L;T,D;N,"249,88",-4.19223,2.49512,-6.68735
C;T,D;V,"289,72",-4.19359,3.0552799999999998,-7.24887
L;R,P;D,"216,90",-4.19481,-11.35834,7.16353
L;S,C;Y,"249,269",-4.19493,0.4120849999999999,-4.6070150000000005
G;V,K;C,"243,281",-4.1952,4.28082,-8.47602
S;G,N;T,"124,254",-4.19535,-0.7322500000000005,-3.4631
P;S,Q;E,"38,207",-4.19646,2.97877,-7.17523
P;R,L;P,"38,280",-4.19738,2.67212,-6.8695
S;S,P;D,"245,103",-4.19738,2.63789,-6.8352699999999995
K;Q,Y;L,"253,182",-4.1976,-4.19398,-0.0036200000000006227
L;C,I;A,"216,289",-4.19855,1.3475112,-5.5460612000000005
L;G,F;T,"216,254",-4.19904,-3.5582400000000005,-0.6407999999999996
H;P,T;Q,"104,38",-4.20198,3.22254,-7.424519999999999
T;L,D;D,"88,249",-4.20309,3.31991,-7.523000000000001
L;N,D;H,"249,205",-4.2034,2.269261,-6.472661
C;R,L;S,"289,90",-4.20424,-4.77651,0.5722699999999996
G;S,T;T,"254,214",-4.20534,-5.173618,0.9682780000000006
S;F,P;M,"125,191",-4.2076,1.499662,-5.707262
G;A,T;D,"254,226",-4.20962,-11.41639,7.20677
I;F,L;M,"145,191",-4.20967,1.590692,-5.800362
G;S,Q;T,"243,124",-4.21078,5.92659,-10.13737
Q;R,N;P,"133,90",-4.21112,-13.79451,9.583390000000001
K;Q,Y;A,"253,127",-4.21182,-1.950764,-2.2610560000000004
R;V,P;C,"280,281",-4.21194,2.51369,-6.725630000000001
N;Q,L;Y,"138,119",-4.2125,-3.3368700000000002,-0.8756300000000001
I;M,R;H,"168,161",-4.21375,-14.46542,10.25167
C;A,D;M,"289,65",-4.21434,3.10137,-7.31571
S;I,V;L,"58,145",-4.2145,2.94623,-7.16073
A;K,N;A,"226,253",-4.21633,-0.6914399999999998,-3.52489
S;S,H;P,"214,188",-4.21645,-2.363045,-1.853405
S;G,E;T,"115,254",-4.21873,-3.1486800000000006,-1.0700499999999993
Q;G,W;A,"133,243",-4.2188,3.45303,-7.67183
S;G,E;H,"115,251",-4.21986,2.87507,-7.09493
G;K,T;F,"254,253",-4.22069,-7.597060000000001,3.3763700000000005
W;N,I;K,"159,233",-4.22116,1.845142,-6.066302
A;G,V;S,"65,243",-4.22222,3.6567100000000003,-7.87893
R;A,Y;M,"123,135",-4.22301,3.4556,-7.678610000000001
K;M,L;H,"253,161",-4.22378,-0.77102,-3.4527599999999996
G;K,Q;F,"243,253",-4.22461,1.12209,-5.3467
K;C,L;S,"253,289",-4.22518,-2.22666,-1.99852
S;S,V;N,"58,103",-4.23072,3.13015,-7.36087
G;L,S;I,"243,216",-4.23079,2.98697,-7.21776
W;Q,C;M,"257,127",-4.23163,2.886087,-7.117717
Y;T,S;Y,"63,189",-4.23261,-0.900228,-3.332382
G;N,S;K,"243,138",-4.23294,2.83729,-7.0702300000000005
W;L,I;F,"159,117",-4.23332,-0.79162,-3.4417
Q;P,Y;V,"119,184",-4.23396,-4.082903,-0.15105699999999977
Q;P,A;V,"127,184",-4.23409,1.000993,-5.235083
S;N,T;K,"124,138",-4.23435,3.338,-7.57235
L;L,K;E,"249,216",-4.23513,3.22635,-7.46148
L;M,C;V,"249,154",-4.23529,-1.8623,-2.3729899999999997
A;C,T;A,"180,289",-4.2362,1.4934212,-5.7296212
S;Q,T;L,"124,182",-4.23644,0.35534,-4.59178
C;T,D;M,"289,51",-4.23733,3.14932,-7.3866499999999995
R;A,Y;F,"123,65",-4.23796,3.0778999999999996,-7.31586
D;P,V;V,"186,184",-4.23805,2.246347,-6.484397
A;K,N;Y,"226,253",-4.23849,-1.05337,-3.1851199999999995
R;L,N;D,"132,249",-4.23874,3.30614,-7.54488
Q;S,W;P,"133,125",-4.23966,3.2078800000000003,-7.44754
R;C,T;S,"90,289",-4.24006,-7.9220500000000005,3.6819900000000008
G;Q,S;T,"243,127",-4.24041,2.259864,-6.500273999999999
C;A,L;D,"289,226",-4.24093,-5.1657,0.9247700000000005
G;Q,I;L,"243,182",-4.24147,0.43054000000000014,-4.67201
L;C,E;A,"216,289",-4.24424,1.2274812000000002,-5.471721199999999
Q;A,R;W,"127,65",-4.24506,3.3780200000000002,-7.62308
G;Q,S;T,"243,91",-4.24558,2.83082,-7.0764000000000005
T;Y,V;S,"198,63",-4.24582,0.5126299999999999,-4.75845
G;Q,K;N,"243,133",-4.24679,4.27789,-8.52468
G;S,T;H,"251,187",-4.24685,1.251988,-5.498838
G;I,Q;L,"243,145",-4.24713,5.17669,-9.42382
G;R,K;P,"243,280",-4.24745,4.34907,-8.59652
C;L,D;F,"289,117",-4.24924,-0.4739500000000001,-3.77529
L;N,C;T,"249,190",-4.25241,2.2845500000000003,-6.5369600000000005
C;I,L;H,"289,168",-4.25356,-0.34406000000000003,-3.9095000000000004
T;P,N;V,"88,184",-4.25375,1.6175570000000001,-5.871307
R;M,A;H,"280,161",-4.25459,-0.08302700000000002,-4.171563
H;S,M;D,"104,103",-4.25482,2.58355,-6.838369999999999
S;T,N;Q,"103,88",-4.25487,2.69839,-6.95326
P;I,L;R,"38,168",-4.25488,-13.37555,9.12067
G;Q,L;T,"243,91",-4.25654,4.93509,-9.19163
S;C,D;D,"58,289",-4.25661,3.7131,-7.96971
G;R,I;D,"243,90",-4.25989,-10.4034,6.143509999999999
I;C,V;S,"200,289",-4.25992,0.12419999999999987,-4.38412
C;M,S;V,"289,154",-4.26017,-4.1704,-0.08976999999999968
S;G,V;T,"58,254",-4.26069,-3.2066300000000005,-1.0540599999999998
N;K,T;A,"190,253",-4.26096,-0.9914799999999997,-3.26948
Q;T,D;N,"127,88",-4.26195,3.12344,-7.385389999999999
Q;K,K;Y,"127,253",-4.26302,-0.4824299999999999,-3.78059
A;G,M;T,"65,254",-4.26314,-3.5809100000000003,-0.6822299999999997
F;P,W;Q,"271,38",-4.26398,3.46703,-7.7310099999999995
T;F,N;M,"198,191",-4.26435,1.441942,-5.706292
S;Y,W;S,"58,63",-4.26514,0.11834000000000011,-4.38348
C;S,D;E,"289,121",-4.26628,-5.29944,1.0331599999999996
A;P,P;V,"152,184",-4.26743,2.280807,-6.548237
Q;K,N;V,"133,253",-4.26748,-0.5516700000000001,-3.71581
Q;S,N;H,"133,214",-4.26775,-0.94743,-3.3203200000000006
A;C,P;L,"152,289",-4.26949,3.2263,-7.49579
L;L,K;F,"249,216",-4.27105,3.20322,-7.47427
Q;R,D;L,"127,53",-4.27201,3.54223,-7.81424
R;Q,Y;A,"123,127",-4.27466,2.436236,-6.710896
A;G,V;A,"65,243",-4.27521,3.56164,-7.83685
G;L,S;E,"243,216",-4.27604,2.86694,-7.14298
L;S,P;F,"216,238",-4.27626,0.32411999999999996,-4.6003799999999995
S;L,D;F,"103,117",-4.27655,-1.01919,-3.2573600000000003
K;S,L;H,"253,214",-4.27694,-3.22952,-1.0474199999999998
L;L,D;F,"249,216",-4.27711,2.62452,-6.901630000000001
Q;S,E;P,"127,188",-4.27796,1.268165,-5.546125
Q;H,D;R,"127,104",-4.28187,3.15983,-7.441699999999999
T;P,D;Q,"88,38",-4.2824,3.5655,-7.8479
G;H,I;M,"243,104",-4.28254,3.4244700000000003,-7.70701
P;A,D;N,"197,226",-4.28349,3.01412,-7.29761
A;P,D;V,"226,184",-4.28488,-6.111193,1.8263129999999999
K;W,L;P,"252,159",-4.28531,2.43737,-6.72268
W;H,I;M,"159,104",-4.28534,2.81112,-7.0964599999999995
M;I,H;H,"161,168",-4.28543,-1.45581,-2.82962
N;S,L;P,"138,188",-4.28612,1.0077450000000001,-5.293865
P;L,Q;F,"38,117",-4.28631,-0.7278800000000001,-3.5584300000000004
R;R,V;P,"34,280",-4.28736,4.57266,-8.860019999999999
R;K,A;V,"90,253",-4.28747,-7.82895,3.54148
C;G,D;A,"289,165",-4.28815,-2.7531999999999996,-1.5349500000000003
R;N,Y;I,"123,37",-4.28887,3.75446,-8.043330000000001
T;I,L;R,"72,218",-4.28931,2.42469,-6.714
G;Q,T;Y,"254,119",-4.2897,-9.388100000000001,5.098400000000002
F;P,M;Q,"271,38",-4.28977,3.7373000000000003,-8.02707
L;S,E;P,"216,125",-4.29206,2.52672,-6.81878
L;V,E;C,"216,281",-4.29233,2.53527,-6.8276
N;P,I;V,"37,184",-4.29259,2.319217,-6.611807
G;Q,L;T,"243,127",-4.29332,4.364134,-8.657454
G;K,K;V,"243,253",-4.29368,1.28664,-5.58032
R;S,Y;V,"123,58",-4.29445,3.53381,-7.82826
L;K,D;Y,"249,253",-4.2947,-1.15912,-3.13558
L;T,P;M,"216,29",-4.29539,-5.757440000000001,1.4620500000000005
W;S,I;W,"159,58",-4.29547,2.68938,-6.98485
L;N,P;Y,"216,37",-4.29554,1.8611010000000001,-6.1566410000000005
L;S,Q;P,"216,125",-4.29555,2.88334,-7.178890000000001
R;P,D;K,"90,120",-4.2963,-13.302342,9.006042
C;M,D;L,"289,262",-4.29756,-6.99341,2.69585
I;C,L;L,"111,289",-4.30014,2.96401,-7.26415
S;R,P;A,"125,90",-4.30024,-4.843319999999999,0.5430799999999998
S;G,M;I,"238,243",-4.30285,4.3396,-8.64245
R;P,L;L,"53,38",-4.30384,2.95996,-7.2638
G;L,T;F,"251,216",-4.30525,2.68124,-6.98649
I;K,L;F,"145,253",-4.30601,-1.4442000000000002,-2.8618099999999993
Q;S,D;Y,"127,269",-4.30607,1.2317649999999998,-5.537834999999999
S;L,D;P,"58,216",-4.30634,3.05384,-7.36018
T;K,N;F,"198,253",-4.30657,-1.59295,-2.7136199999999997
N;F,L;M,"138,191",-4.30732,1.489062,-5.7963819999999995
S;P,V;V,"58,184",-4.30822,2.098567,-6.4067870000000005
N;R,L;A,"138,280",-4.30828,0.8292630000000001,-5.137543
L;K,C;Y,"249,253",-4.30879,-1.35048,-2.95831
L;S,P;T,"216,214",-4.31189,0.849402,-5.1612919999999995
L;L,Q;C,"216,249",-4.31317,2.81291,-7.12608
P;N,Q;H,"38,205",-4.31373,2.514851,-6.828581
L;N,I;K,"216,138",-4.31403,2.71548,-7.02951
G;Q,A;T,"243,91",-4.3146,2.73575,-7.05035
C;S,D;E,"289,136",-4.31474,2.133194,-6.447934
L;G,P;A,"216,165",-4.31523,-3.41246,-0.9027699999999999
G;N,A;K,"243,138",-4.31591,2.7422199999999997,-7.058129999999999
L;V,Q;D,"216,57",-4.31614,2.9074299999999997,-7.22357
R;H,P;R,"280,104",-4.31654,2.48738,-6.80392
F;T,E;N,"271,198",-4.31688,3.81545,-8.13233
V;R,C;A,"281,90",-4.31699,-4.83477,0.5177800000000001
S;L,N;W,"103,216",-4.31837,2.85998,-7.17835
S;Y,A;S,"124,63",-4.31899,1.0887600000000002,-5.40775
G;L,A;I,"243,216",-4.319,2.8918999999999997,-7.2109
R;Q,Y;M,"123,127",-4.31925,2.370177,-6.689427
A;M,N;H,"226,161",-4.31997,1.73213,-6.052099999999999
A;C,N;S,"226,289",-4.31998,0.2764899999999999,-4.59647
L;T,I;N,"216,198",-4.32104,2.58903,-6.91007
V;S,D;P,"57,188",-4.32113,1.042435,-5.363565
L;T,E;N,"216,198",-4.32216,2.4690000000000003,-6.7911600000000005
Q;Q,N;N,"127,133",-4.32231,3.57252,-7.89483
A;W,M;I,"135,159",-4.32362,3.07977,-7.40339
R;S,Y;V,"123,223",-4.32401,3.02973,-7.35374
S;K,D;Y,"58,253",-4.32457,-0.61574,-3.70883
R;M,S;H,"90,161",-4.32551,-5.888260000000001,1.5627500000000003
T;P,D;V,"88,184",-4.32573,2.442347,-6.768077
G;S,I;T,"243,214",-4.3267,1.8043420000000001,-6.131042
S;I,N;R,"103,168",-4.32784,-13.26758,8.93974
Q;L,K;I,"127,216",-4.32816,3.44437,-7.77253
G;S,I;D,"243,58",-4.3282,4.00878,-8.33698
Q;R,D;P,"127,90",-4.32985,-13.050880000000001,8.72103
N;N,L;T,"138,190",-4.33009,2.34438,-6.67447
T;S,N;P,"198,188",-4.3301,0.960625,-5.290725
L;K,C;L,"249,253",-4.33218,0.08143999999999996,-4.41362
L;I,K;V,"249,200",-4.33326,3.2023599999999997,-7.53562
W;S,I;P,"159,245",-4.33371,2.86546,-7.1991700000000005
R;K,P;Y,"280,253",-4.3344,-1.20325,-3.13115
S;H,N;R,"124,104",-4.33642,5.31182,-9.648240000000001
W;N,K;K,"257,114",-4.33652,0.1402000000000001,-4.47672
V;R,D;A,"57,90",-4.33664,-4.819229999999999,0.4825899999999992
R;P,A;V,"280,184",-4.33924,0.08323000000000003,-4.422470000000001
G;L,Q;K,"243,249",-4.33997,5.78529,-10.12526
S;C,K;L,"124,289",-4.34128,4.09195,-8.43323
S;M,N;V,"103,154",-4.34281,-1.51692,-2.8258900000000002
Y;S,S;F,"63,238",-4.34397,-1.90533,-2.4386399999999995
R;G,S;T,"90,254",-4.34517,-11.0272,6.68203
P;Q,Q;A,"38,127",-4.34547,2.124146,-6.469616
K;Y,L;G,"252,63",-4.34893,-0.0767500000000001,-4.2721800000000005
R;R,Y;N,"123,90",-4.34961,-10.66532,6.315709999999999
G;S,H;Y,"251,269",-4.35109,0.444435,-4.7955250000000005
Q;S,W;H,"133,214",-4.35217,-0.17350999999999983,-4.178660000000001
W;A,I;D,"159,226",-4.35221,-5.051780000000001,0.6995700000000005
Q;L,E;D,"133,249",-4.3528,3.4279399999999995,-7.78074
F;R,E;P,"271,280",-4.35291,3.9499699999999995,-8.302879999999998
S;M,K;H,"58,161",-4.3535,1.43655,-5.790050000000001
R;I,Y;R,"123,168",-4.3538,-12.86392,8.51012
Q;P,L;V,"182,184",-4.35385,-1.2422229999999999,-3.1116270000000004
G;S,I;P,"243,245",-4.35556,3.47881,-7.83437
Q;K,E;L,"127,253",-4.35557,0.4016899999999999,-4.7572600000000005
H;A,M;L,"104,272",-4.35618,-0.7788299999999999,-3.57735
S;W,K;C,"124,257",-4.3563,5.0976099999999995,-9.45391
I;S,V;H,"200,214",-4.3573,-0.87866,-3.4786400000000004
L;P,F;V,"216,184",-4.35873,1.746957,-6.1056870000000005
Q;A,R;L,"127,65",-4.35999,3.52682,-7.88681
L;R,C;T,"249,90",-4.36092,-5.61395,1.2530299999999999
Q;G,N;A,"127,243",-4.36132,3.81205,-8.17337
Q;S,E;N,"133,103",-4.36145,3.5819599999999996,-7.943409999999999
Q;N,F;H,"182,205",-4.36209,-1.1915689999999999,-3.1705210000000004
V;F,D;M,"57,191",-4.36282,1.523752,-5.886572
S;R,N;L,"124,53",-4.36329,5.69422,-10.05751
F;G,M;T,"271,254",-4.36341,-2.69105,-1.6723599999999998
M;F,H;M,"161,191",-4.36409,0.5767720000000001,-4.940862
A;K,T;V,"180,253",-4.36462,-0.19297000000000009,-4.1716500000000005
Q;Q,E;D,"133,127",-4.36561,4.05626,-8.42187
G;P,K;D,"243,197",-4.36729,4.63137,-8.998660000000001
G;S,I;E,"243,136",-4.36817,2.428874,-6.797044
P;T,Q;M,"38,29",-4.36984,-5.352110000000001,0.9822700000000006
D;F,K;M,"263,191",-4.37082,1.614622,-5.985442
T;Y,M;S,"51,63",-4.37153,0.26061,-4.63214
C;D,L;N,"289,186",-4.37186,1.4171459,-5.789005899999999
V;K,C;V,"281,253",-4.37317,-0.54874,-3.82443
K;S,F;H,"253,214",-4.37326,-4.91662,0.5433599999999998
Q;T,N;N,"127,198",-4.37402,3.50918,-7.8832
L;M,Q;H,"216,161",-4.37415,1.96045,-6.3346
L;G,M;T,"216,251",-4.37632,2.86127,-7.23759
R;T,V;N,"34,198",-4.37666,4.438140000000001,-8.814800000000002
D;Y,L;T,"220,63",-4.37771,1.771418,-6.149128
D;S,K;V,"263,223",-4.38121,2.46608,-6.84729
I;P,H;V,"168,184",-4.38213,-1.289553,-3.0925770000000004
H;W,L;I,"104,159",-4.38366,3.10703,-7.49069
Q;Y,M;G,"127,63",-4.38414,-0.843013,-3.5411270000000004
G;N,I;K,"243,233",-4.38415,2.458492,-6.842642
R;P,Q;K,"132,120",-4.38546,0.8831879999999999,-5.268648
Q;A,D;N,"127,226",-4.38716,3.40427,-7.79143
L;P,Q;V,"216,184",-4.38743,2.126707,-6.514137
T;Q,N;T,"198,127",-4.38747,1.8619240000000001,-6.249394000000001
Q;A,R;V,"127,65",-4.38872,4.34807,-8.73679
T;Y,V;S,"72,63",-4.394,0.1665700000000001,-4.56057
L;V,K;C,"249,281",-4.39485,3.13652,-7.53137
C;S,D;P,"289,245",-4.39526,3.1831300000000002,-7.578390000000001
Q;K,E;Y,"127,253",-4.39532,-1.03023,-3.36509
G;Q,L;N,"243,127",-4.39572,6.0113900000000005,-10.40711
L;I,D;L,"249,145",-4.39578,2.6403,-7.03608
Q;P,R;D,"127,197",-4.39736,3.81902,-8.216380000000001
H;T,R;N,"104,198",-4.39828,2.3528599999999997,-6.7511399999999995
G;S,L;Y,"243,269",-4.39991,2.927005,-7.326915
W;T,K;L,"257,72",-4.40046,2.82805,-7.22851
F;V,E;D,"271,57",-4.40237,3.8972599999999997,-8.29963
R;N,V;L,"34,138",-4.40276,4.48526,-8.888020000000001
F;P,E;Q,"271,38",-4.40528,4.2396899999999995,-8.64497
A;G,M;T,"135,254",-4.40586,-3.28484,-1.1210199999999997
K;M,Y;H,"253,161",-4.40744,-2.20294,-2.2045000000000003
P;I,L;H,"38,168",-4.40765,-0.36593999999999993,-4.04171
Q;I,V;R,"182,218",-4.40894,-1.1132900000000001,-3.29565
L;C,Q;S,"216,289",-4.40895,0.50481,-4.91376
P;K,D;F,"197,253",-4.40967,-1.1761300000000001,-3.23354
L;N,D;T,"249,190",-4.41116,2.47591,-6.88707
M;S,H;P,"161,188",-4.41272,0.09545499999999998,-4.5081750000000005
G;Q,L;K,"243,127",-4.41359,5.67045,-10.08404
G;Q,A;T,"243,127",-4.41369,2.164794,-6.5784839999999996
G;G,I;A,"243,165",-4.41384,-2.4575199999999997,-1.9563200000000007
Q;L,D;F,"127,216",-4.41459,3.25284,-7.6674299999999995
Y;N,S;K,"63,233",-4.41645,-0.7258979999999999,-3.6905520000000003
G;N,T;T,"251,190",-4.41665,2.53263,-6.94928
L;T,D;Q,"249,88",-4.41726,2.54437,-6.9616299999999995
I;L,L;D,"111,249",-4.41845,2.89608,-7.3145299999999995
S;S,D;Y,"103,269",-4.41923,0.5577249999999999,-4.976954999999999
S;T,Y;N,"242,198",-4.41946,2.3450699999999998,-6.76453
G;S,H;H,"251,187",-4.42096,1.0362580000000001,-5.457218
G;S,I;W,"243,58",-4.42301,3.3027300000000004,-7.72574
R;T,Y;Q,"123,88",-4.42467,3.10205,-7.52672
G;L,I;F,"243,117",-4.42481,-0.17826999999999993,-4.2465399999999995
G;K,S;V,"243,253",-4.42569,-0.2170700000000001,-4.20862
Q;L,D;Q,"127,216",-4.42659,3.63259,-8.05918
R;K,V;V,"34,253",-4.42674,1.5102300000000002,-5.93697
W;S,C;A,"257,124",-4.42753,4.55154,-8.97907
L;S,D;Y,"249,269",-4.4277,0.6034449999999999,-5.0311449999999995
P;R,Q;A,"38,280",-4.42821,1.206383,-5.634593
R;T,Y;Y,"123,189",-4.42889,2.046642,-6.475531999999999
F;L,M;P,"271,216",-4.4298,3.33197,-7.76177
S;G,T;A,"124,243",-4.43023,3.51442,-7.944649999999999
N;V,K;D,"138,57",-4.43042,2.52116,-6.95158
S;I,K;R,"124,218",-4.43066,3.75981,-8.19047
D;Y,L;G,"220,63",-4.43073,0.6656299999999999,-5.09636
R;K,L;Y,"53,253",-4.43076,-0.9154099999999998,-3.5153500000000006
K;Y,L;T,"252,63",-4.43142,1.029038,-5.460458
H;K,R;V,"104,253",-4.43286,-0.5750500000000001,-3.8578099999999997
T;G,Q;H,"88,251",-4.43288,2.3853600000000004,-6.81824
L;S,P;Q,"216,188",-4.43314,-0.2614700000000001,-4.17167
Q;P,E;V,"133,184",-4.43359,2.5503769999999997,-6.983967
R;V,V;D,"34,57",-4.43486,4.51995,-8.954809999999998
V;S,D;Y,"57,242",-4.43533,2.4268799999999997,-6.86221
R;M,P;H,"90,161",-4.43626,-14.72302,10.286760000000001
L;K,I;Y,"216,253",-4.43826,-1.06164,-3.37662
L;S,P;E,"216,136",-4.43905,1.4739339999999999,-5.912984
T;P,Q;V,"88,184",-4.43923,1.6668070000000001,-6.106037000000001
P;V,D;C,"197,281",-4.43979,2.7959899999999998,-7.23578
G;L,L;E,"243,216",-4.44036,4.97121,-9.411570000000001
A;G,L;A,"272,165",-4.44063,-6.660819999999999,2.2201899999999997
P;L,L;F,"38,216",-4.44138,2.67057,-7.11195
T;P,E;Q,"270,38",-4.44247,5.1068299999999995,-9.549299999999999
Q;G,I;T,"127,251",-4.44413,3.49913,-7.94326
G;N,H;K,"251,233",-4.44485,1.5042820000000001,-5.949132
G;N,I;Y,"243,37",-4.44567,2.8160410000000002,-7.261711
Q;S,T;P,"91,125",-4.44829,2.4905999999999997,-6.93889
S;G,K;T,"124,254",-4.44835,-2.1587400000000003,-2.2896099999999993
K;M,A;V,"253,154",-4.45056,-5.13833,0.6877699999999995
R;P,N;K,"90,120",-4.45169,-13.326742,8.875052
Q;C,K;S,"127,289",-4.45301,0.8474299999999999,-5.30044
M;Y,L;S,"262,63",-4.45404,-9.88212,5.4280800000000005
G;N,Q;L,"243,138",-4.45636,5.075060000000001,-9.53142
I;C,L;S,"145,289",-4.45735,0.14083999999999985,-4.59819
K;C,V;A,"253,289",-4.45744,-1.8565288,-2.6009112
R;D,Q;K,"132,263",-4.45844,2.9809599999999996,-7.4394
S;F,N;M,"103,191",-4.46218,1.774612,-6.236792
Q;T,W;N,"133,198",-4.46406,3.15016,-7.6142199999999995
R;S,Y;E,"123,115",-4.46464,3.59176,-8.0564
C;T,L;V,"289,72",-4.46525,2.62369,-7.08894
S;Q,T;T,"124,127",-4.46578,2.760574,-7.226354
P;Q,Q;L,"38,127",-4.4659,3.1303799999999997,-7.59628
C;S,S;Y,"289,269",-4.46647,-1.8960150000000002,-2.570455
Q;K,P;L,"127,252",-4.46667,2.7465599999999997,-7.213229999999999
L;F,C;M,"249,191",-4.46715,1.429232,-5.896382
G;T,T;N,"251,88",-4.47213,2.5518400000000003,-7.02397
H;S,R;H,"104,214",-4.47228,-0.97081,-3.5014699999999994
S;T,N;K,"103,88",-4.47299,2.7742899999999997,-7.24728
S;M,Y;H,"269,161",-4.47389,-0.44037500000000007,-4.0335149999999995
G;S,Q;P,"243,125",-4.47474,5.08566,-9.5604
G;T,I;M,"243,29",-4.47605,-4.8025,0.32645000000000035
N;S,T;H,"190,214",-4.4766,-1.0264099999999998,-3.4501900000000005
L;P,K;D,"249,197",-4.47742,3.48707,-7.9644900000000005
I;P,R;V,"168,184",-4.47934,-14.299163,9.819823
P;L,Q;F,"38,216",-4.47973,2.87011,-7.34984
L;K,D;V,"249,253",-4.48103,-0.4363600000000001,-4.04467
R;T,Y;N,"123,88",-4.48154,3.0528,-7.53434
S;S,N;P,"124,125",-4.48208,5.32958,-9.81166
S;G,Y;H,"242,251",-4.48312,2.36471,-6.84783
R;W,Q;I,"132,159",-4.48322,3.16878,-7.652
G;A,I;W,"243,65",-4.48395,3.26257,-7.74652
Q;I,E;V,"127,200",-4.48528,2.75255,-7.237830000000001
S;L,T;P,"121,216",-4.48569,2.48746,-6.97315
W;N,I;Y,"159,37",-4.48626,2.202691,-6.688950999999999
R;L,L;D,"53,249",-4.48676,2.91391,-7.40067
R;P,Q;Q,"132,38",-4.48684,3.23252,-7.71936
F;N,E;L,"271,138",-4.48899,3.86257,-8.35156
S;M,Y;H,"242,161",-4.48952,1.4799,-5.9694199999999995
L;C,M;L,"216,289",-4.49239,2.87248,-7.36487
Q;Y,M;T,"127,63",-4.49416,0.262775,-4.756935
Q;L,I;D,"127,249",-4.49429,3.4424099999999997,-7.9367
C;Q,D;Y,"289,119",-4.4945,-2.70582,-1.7886800000000003
L;V,I;D,"216,57",-4.49544,2.67084,-7.16628
L;Q,K;T,"249,127",-4.49577,2.619274,-7.115044
W;N,C;K,"257,114",-4.4964,1.07464,-5.57104
G;K,A;V,"243,253",-4.49691,-0.3121400000000001,-4.184769999999999
L;I,M;R,"216,218",-4.49723,2.5403399999999996,-7.03757
F;C,E;S,"271,289",-4.49886,1.4946399999999997,-5.993499999999999
R;C,A;S,"90,289",-4.49909,-7.22185,2.72276
S;D,E;K,"207,263",-4.49929,2.72721,-7.2265
F;M,E;H,"271,161",-4.49935,2.95028,-7.449629999999999
C;S,D;T,"289,121",-4.50174,3.14672,-7.64846
S;S,D;Q,"103,188",-4.5022,-0.14745000000000008,-4.35475
G;T,Q;N,"243,198",-4.50334,5.02794,-9.531279999999999
Q;C,N;A,"133,289",-4.50335,1.1347212,-5.638071200000001
S;S,E;D,"207,103",-4.50362,2.6874599999999997,-7.1910799999999995
W;S,C;M,"257,238",-4.50537,4.61799,-9.12336
L;K,Q;A,"216,253",-4.50626,-0.46311999999999975,-4.04314
D;T,K;N,"263,88",-4.50776,2.48915,-6.99691
D;A,K;L,"263,65",-4.50811,2.6102,-7.11831
N;S,K;P,"138,125",-4.50823,2.49707,-7.0053
G;L,T;W,"251,216",-4.50902,2.76268,-7.271699999999999
R;L,Y;M,"123,216",-4.51031,3.36223,-7.872539999999999
G;C,K;A,"243,289",-4.5116,2.9730312,-7.484631199999999
Q;Q,M;F,"127,182",-4.51163,-1.6483329999999998,-2.863297
V;Q,C;N,"281,133",-4.51336,2.44251,-6.955869999999999
Q;N,W;L,"133,138",-4.5145,3.19728,-7.71178
P;Q,D;N,"197,133",-4.51485,2.7930599999999997,-7.30791
Q;C,K;L,"127,289",-4.5153,3.4148199999999997,-7.93012
A;H,V;R,"65,104",-4.5162,3.29873,-7.81493
K;R,A;A,"253,280",-4.51739,-2.5065969999999997,-2.010793
L;R,P;N,"216,90",-4.5188,-11.38274,6.86394
Q;N,E;T,"127,190",-4.5199,2.6048,-7.1247
Q;Q,R;T,"127,91",-4.5213,3.52218,-8.04348
R;R,Y;L,"123,53",-4.5216,3.47159,-7.99319
G;R,I;N,"243,90",-4.52202,-10.4278,5.905779999999999
N;G,I;H,"37,251",-4.52363,3.03777,-7.5614
Q;I,R;L,"127,145",-4.52381,3.5509500000000003,-8.074760000000001
G;P,S;L,"243,38",-4.52452,2.93554,-7.46006
Q;R,E;T,"127,90",-4.52549,-5.2937,0.7682100000000007
Q;G,N;S,"127,243",-4.52556,3.90712,-8.43268
C;N,D;Y,"289,37",-4.52571,2.520361,-7.0460709999999995
D;S,K;K,"263,58",-4.52588,2.4744,-7.00028
P;T,L;K,"38,88",-4.52642,2.66632,-7.19274
S;Y,M;S,"238,63",-4.52741,1.1552099999999998,-5.68262
Q;L,K;C,"127,249",-4.52744,3.1555299999999997,-7.68297
W;R,I;K,"159,53",-4.52888,2.7332400000000003,-7.26212
L;R,D;P,"249,90",-4.52945,-13.6792,9.149750000000001
C;Q,L;T,"289,91",-4.52948,2.6794599999999997,-7.20894
I;I,L;V,"145,200",-4.52978,2.5937599999999996,-7.123539999999999
K;R,Y;T,"253,90",-4.5308,-9.25191,4.72111
L;N,I;L,"216,138",-4.53321,2.6361499999999998,-7.16936
P;Q,Q;Y,"38,119",-4.53657,-2.9597500000000005,-1.5768199999999997
A;N,V;L,"65,138",-4.53727,3.30589,-7.843160000000001
R;P,N;V,"132,184",-4.53905,2.4285769999999998,-6.967626999999999
R;Q,P;N,"280,133",-4.53912,2.51076,-7.04988
A;R,L;Q,"272,224",-4.53993,-1.271899,-3.268031
S;Q,N;I,"103,182",-4.54034,0.7309,-5.27124
G;S,I;E,"243,121",-4.54108,-5.00376,0.46267999999999976
L;M,I;H,"216,161",-4.54126,1.72386,-6.2651200000000005
G;A,T;D,"251,226",-4.54142,-5.17691,0.6354900000000008
S;R,D;K,"103,53",-4.54159,2.5056700000000003,-7.0472600000000005
M;S,L;D,"154,103",-4.54177,2.6841299999999997,-7.225899999999999
P;C,D;A,"197,289",-4.54187,1.4882012,-6.0300712
N;T,K;N,"138,198",-4.54211,2.43935,-6.98146
C;T,D;M,"289,29",-4.54249,-5.09818,0.5556900000000002
I;L,L;P,"111,216",-4.54284,2.73634,-7.27918
Q;L,D;E,"127,216",-4.54386,3.27597,-7.81983
V;C,C;A,"281,289",-4.545,1.1376512,-5.6826512000000005
C;Q,L;A,"289,127",-4.54554,1.9464860000000002,-6.492026
W;T,C;L,"257,72",-4.54635,3.7624899999999997,-8.30884
F;Q,E;E,"271,127",-4.54638,4.12299,-8.66937
Q;A,N;T,"127,180",-4.54839,3.93122,-8.479610000000001
N;P,I;L,"37,38",-4.5491,3.24283,-7.791930000000001
L;L,I;C,"216,249",-4.55036,2.57632,-7.12668
A;T,V;N,"65,198",-4.55037,3.25877,-7.80914
W;S,I;E,"159,121",-4.55134,-5.61711,1.0657700000000006
I;K,V;A,"200,253",-4.55164,-0.8437299999999999,-3.70791
A;V,V;D,"65,57",-4.55178,3.34058,-7.89236
Q;S,N;P,"127,125",-4.55329,3.5669000000000004,-8.120190000000001
N;A,I;L,"37,272",-4.5538,-0.21131999999999995,-4.34248
I;N,L;L,"145,138",-4.5539,2.50877,-7.06267
F;P,W;L,"271,38",-4.55457,3.26749,-7.8220600000000005
S;A,N;L,"124,272",-4.5548,2.04241,-6.5972100000000005
R;G,V;T,"34,251",-4.55532,4.67351,-9.22883
W;T,K;Y,"257,189",-4.55546,1.628112,-6.183572
S;Q,T;N,"124,133",-4.55687,3.27489,-7.83176
G;I,T;R,"254,168",-4.5573,-19.60436,15.04706
T;I,V;R,"72,218",-4.55767,2.29155,-6.84922
R;L,Y;W,"123,216",-4.55796,3.2636399999999997,-7.821599999999999
L;K,K;Y,"249,253",-4.55926,-0.5804199999999999,-3.97884
S;Y,K;S,"124,63",-4.55999,1.63483,-6.19482
T;R,D;Y,"88,123",-4.56011,3.8775899999999996,-8.4377
L;M,E;H,"216,161",-4.56065,1.60383,-6.16448
V;Q,D;T,"57,127",-4.56082,1.943734,-6.504554
S;S,P;P,"125,188",-4.56238,1.018345,-5.580725
P;K,Q;L,"38,253",-4.56313,0.5183899999999999,-5.08152
G;Q,Q;R,"243,127",-4.56407,6.117240000000001,-10.68131
S;Y,D;S,"58,63",-4.56559,0.82439,-5.38998
Q;K,D;F,"127,253",-4.5679,-0.7859800000000001,-3.7819199999999995
T;W,E;C,"270,257",-4.56836,5.93483,-10.50319
L;I,D;H,"249,168",-4.56911,-0.4119900000000001,-4.15712
Q;M,D;V,"127,154",-4.57356,-1.04262,-3.5309399999999993
G;V,Q;D,"243,57",-4.57497,5.10975,-9.68472
Y;G,S;A,"63,165",-4.57516,-5.641909999999999,1.066749999999999
W;A,I;W,"159,65",-4.57654,2.64922,-7.225759999999999
I;L,L;C,"145,249",-4.5782,2.44894,-7.027139999999999
A;Q,M;F,"135,182",-4.5785,-0.5629099999999998,-4.01559
F;D,M;K,"271,263",-4.5797,3.48574,-8.065439999999999
N;P,T;V,"190,184",-4.5804,1.5983470000000002,-6.178747
S;P,F;K,"238,120",-4.58107,-1.619882,-2.9611880000000004
C;R,L;K,"289,53",-4.58123,2.61932,-7.20055
Q;S,K;N,"127,103",-4.58344,3.50091,-8.08435
A;L,N;D,"226,249",-4.5836,2.77595,-7.35955
Q;P,M;K,"127,120",-4.58434,-0.29124500000000003,-4.293095
G;R,T;Q,"254,224",-4.586,-4.046559,-0.5394410000000001
S;A,D;L,"103,65",-4.58642,2.57045,-7.1568700000000005
Y;S,S;E,"63,121",-4.58762,-8.18815,3.60053
G;Q,P;L,"243,127",-4.58795,3.28081,-7.86876
P;S,Q;Q,"38,188",-4.59027,0.14385999999999988,-4.73413
W;R,I;N,"159,90",-4.59049,-11.04115,6.45066
D;T,K;Q,"263,88",-4.5922,2.5384,-7.1306
W;S,I;T,"159,121",-4.59323,2.82905,-7.422280000000001
S;Q,T;T,"124,91",-4.59434,3.33153,-7.92587
A;K,V;V,"65,253",-4.59563,0.33086000000000015,-4.92649
R;M,P;H,"280,161",-4.59717,1.58225,-6.17942
A;D,N;K,"226,263",-4.59828,2.76998,-7.368259999999999
F;S,E;P,"271,125",-4.59907,3.87317,-8.47224
T;R,N;A,"198,90",-4.59989,-4.90104,0.3011499999999998
Q;P,K;L,"127,38",-4.59995,3.3929400000000003,-7.99289
D;A,K;E,"263,152",-4.60075,2.49549,-7.09624
E;A,K;L,"231,272",-4.60255,-0.74065,-3.8619
Q;L,I;K,"127,249",-4.60354,4.02111,-8.624649999999999
Q;N,D;T,"127,190",-4.60605,3.1042300000000003,-7.71028
R;Q,V;E,"34,127",-4.61,4.74568,-9.35568
A;C,T;S,"180,289",-4.61087,0.4141299999999999,-5.025
G;S,K;T,"243,124",-4.61114,5.1132,-9.72434
C;R,D;N,"289,90",-4.61133,-10.72348,6.112150000000001
L;S,P;E,"216,121",-4.6116,-5.9587,1.3471000000000002
C;F,S;M,"289,191",-4.61244,-0.878868,-3.7335720000000006
Q;S,E;H,"127,214",-4.61245,-0.70323,-3.90922
G;Q,L;N,"243,133",-4.61359,4.87845,-9.49204
Q;R,N;P,"127,280",-4.61401,3.6437,-8.25771
W;T,C;Y,"257,189",-4.61435,2.562552,-7.176902
S;V,T;C,"124,281",-4.61684,3.27782,-7.89466
Q;N,R;L,"127,138",-4.61775,3.44932,-8.067070000000001
C;A,L;W,"289,65",-4.61868,2.5353000000000003,-7.153980000000001
D;Y,Q;S,"220,63",-4.61936,1.81385,-6.433210000000001
I;L,V;C,"200,249",-4.62006,2.4322999999999997,-7.052359999999999
G;A,T;M,"251,65",-4.62032,2.65857,-7.2788900000000005
L;V,E;D,"216,57",-4.62095,2.5508100000000002,-7.17176
S;Y,P;S,"245,63",-4.62099,0.2944200000000001,-4.91541
K;R,Y;P,"253,90",-4.62112,-17.50852,12.8874
P;S,L;K,"38,58",-4.62266,2.52642,-7.14908
D;P,L;K,"220,120",-4.62489,1.217398,-5.842288
K;I,L;R,"252,218",-4.6262,2.3145499999999997,-6.9407499999999995
T;K,L;Y,"72,253",-4.62811,-1.14042,-3.4876900000000006
H;S,L;N,"104,103",-4.62836,3.0792,-7.70756
Q;I,D;V,"127,200",-4.6293,3.2519799999999996,-7.881279999999999
R;R,N;Y,"132,123",-4.6298,3.8638199999999996,-8.49362
S;S,P;Y,"125,242",-4.63057,2.40279,-7.03336
Y;S,S;E,"63,136",-4.631,-0.755516,-3.875484
R;C,V;S,"34,289",-4.63209,2.11733,-6.74942
L;F,K;M,"249,191",-4.63303,2.199292,-6.832322
D;W,V;I,"186,159",-4.63337,3.3057600000000003,-7.9391300000000005
R;R,Y;A,"123,90",-4.63343,-4.1647099999999995,-0.46872000000000025
R;S,P;H,"280,214",-4.63344,-0.87625,-3.7571900000000005
L;G,M;H,"216,251",-4.6337,2.64554,-7.27924
K;S,A;Y,"253,269",-4.63459,-2.8639449999999997,-1.7706450000000005
Q;G,K;T,"127,254",-4.63538,-2.8358700000000003,-1.7995099999999993
D;R,K;P,"263,90",-4.63651,-13.685170000000001,9.048660000000002
S;C,Y;S,"242,289",-4.63688,0.02425999999999995,-4.66114
R;N,Y;H,"123,205",-4.63708,2.8269409999999997,-7.464021
L;C,I;S,"216,289",-4.63771,0.2682199999999999,-4.90593
N;Q,L;T,"138,127",-4.63843,1.9090440000000002,-6.547473999999999
F;W,M;I,"271,159",-4.63862,3.67356,-8.312180000000001
A;L,T;D,"180,249",-4.63863,2.91359,-7.55222
G;S,I;T,"243,121",-4.63898,3.4424,-8.08138
R;A,N;L,"132,272",-4.6392,-0.10196000000000005,-4.53724
L;P,Q;L,"216,38",-4.64144,3.05032,-7.69176
V;H,C;R,"281,104",-4.64235,2.41913,-7.06148
G;V,L;C,"243,281",-4.64237,4.88138,-9.52375
V;M,C;H,"281,161",-4.64327,1.514,-6.1572700000000005
D;S,V;N,"186,103",-4.64501,3.27793,-7.9229400000000005
C;S,S;P,"289,188",-4.64508,-1.360185,-3.284895
G;A,T;W,"251,65",-4.64529,2.52409,-7.16938
S;L,T;K,"124,249",-4.64603,3.9688999999999997,-8.61493
Q;R,R;A,"127,90",-4.64673,-3.8117399999999995,-0.8349900000000003
S;A,N;M,"103,65",-4.6483,2.75587,-7.40417
L;S,P;V,"216,223",-4.65077,2.31231,-6.96308
C;K,L;L,"289,253",-4.65097,0.34073,-4.9917
K;S,Y;H,"253,187",-4.65119,-2.634052,-2.0171379999999997
P;L,Q;W,"38,216",-4.65131,2.95155,-7.60286
G;P,L;D,"243,197",-4.65205,5.23193,-9.883980000000001
A;L,V;K,"65,249",-4.65208,4.01612,-8.668199999999999
L;N,W;L,"216,138",-4.65264,2.57443,-7.227069999999999
S;N,N;K,"103,138",-4.65345,2.77202,-7.425470000000001
S;S,P;Y,"125,269",-4.65554,0.4825149999999999,-5.1380550000000005
P;K,Q;F,"38,253",-4.65731,-1.1687100000000001,-3.4886
S;D,V;K,"58,263",-4.6575,2.97016,-7.62766
C;Q,S;T,"289,127",-4.65829,-0.458886,-4.199404
G;D,I;N,"243,186",-4.65843,2.1444159000000003,-6.8028459
R;P,L;V,"53,184",-4.65966,2.036347,-6.696007
Y;N,T;K,"63,114",-4.66239,-1.548672,-3.1137180000000004
S;C,T;S,"124,289",-4.66302,0.8907399999999999,-5.5537600000000005
W;R,K;D,"257,90",-4.6641,-11.05945,6.39535
C;A,D;M,"289,135",-4.66492,3.39744,-8.06236
A;N,N;L,"226,138",-4.66512,2.64442,-7.30954
Q;L,R;K,"127,249",-4.66815,4.15955,-8.8277
G;K,L;V,"243,253",-4.66906,1.8871999999999998,-6.55626
I;W,L;I,"111,159",-4.67018,3.0779300000000003,-7.7481100000000005
Q;I,I;R,"182,218",-4.67169,0.3126699999999999,-4.98436
A;V,T;D,"180,57",-4.67185,2.81675,-7.4886
L;C,Q;L,"216,289",-4.67211,3.0722,-7.7443100000000005
G;S,I;Q,"243,188",-4.67287,0.69347,-5.366339999999999
W;T,C;V,"257,198",-4.67325,3.97541,-8.64866
P;Q,L;A,"38,127",-4.67334,1.9246060000000003,-6.597946
T;Y,E;G,"270,63",-4.67406,2.20573,-6.87979
S;P,D;Q,"58,38",-4.67527,3.45917,-8.13444
W;D,I;N,"159,186",-4.6753,1.5310659,-6.2063659
W;S,K;T,"257,214",-4.67549,1.148292,-5.823782
T;Y,E;T,"270,63",-4.67713,3.311518,-7.9886479999999995
L;D,P;N,"216,186",-4.67728,1.1894759,-5.866755899999999
C;Q,D;L,"289,182",-4.67827,0.13485999999999998,-4.81313
H;Y,M;S,"104,63",-4.67853,0.24008000000000007,-4.91861
S;S,D;H,"103,187",-4.68067,1.149548,-5.830218
Q;K,N;V,"127,253",-4.68168,0.5812700000000002,-5.26295
H;C,R;S,"104,289",-4.68195,0.03204999999999991,-4.7139999999999995
Q;I,E;L,"127,145",-4.68366,2.76919,-7.45285
L;Q,P;L,"216,182",-4.68469,-0.5244,-4.16029
C;T,D;N,"289,88",-4.6847,2.99464,-7.67934
Q;V,T;D,"91,57",-4.68528,2.51469,-7.1999699999999995
C;S,D;H,"289,187",-4.68619,1.694788,-6.380978
L;N,E;L,"216,138",-4.68653,2.51612,-7.20265
I;Y,L;S,"111,63",-4.68663,0.5068900000000001,-5.19352
G;C,L;A,"243,289",-4.6873,3.5735911999999996,-8.2608912
G;Q,S;N,"243,133",-4.68824,2.77418,-7.46242
Q;Q,R;N,"127,133",-4.68836,3.46554,-8.1539
W;M,C;L,"257,262",-4.69099,-6.41934,1.7283499999999998
Q;M,N;H,"133,161",-4.69143,1.51107,-6.202500000000001
G;S,T;E,"254,136",-4.69347,-4.549086,-0.14438399999999962
R;S,Q;D,"132,103",-4.69386,2.94121,-7.63507
Q;S,R;Y,"127,242",-4.69387,3.4343700000000004,-8.128240000000002
R;M,V;H,"34,161",-4.69392,3.57297,-8.26689
L;H,K;R,"249,104",-4.69534,3.11021,-7.80555
S;P,P;K,"245,120",-4.69577,0.579868,-5.275638000000001
Q;T,T;N,"91,198",-4.69632,2.43288,-7.1292
R;D,V;K,"34,263",-4.697,4.61082,-9.30782
Q;M,T;H,"91,161",-4.697,1.56771,-6.26471
W;T,C;M,"257,51",-4.6981,3.72339,-8.42149
W;M,I;L,"159,154",-4.69857,2.9116999999999997,-7.61027
L;I,D;V,"249,200",-4.69871,2.62366,-7.32237
S;I,V;R,"223,218",-4.69886,2.20784,-6.9067
G;R,T;P,"251,90",-4.7005,-13.62248,8.92198
W;T,K;V,"257,72",-4.70139,2.69491,-7.3963
S;I,E;R,"207,218",-4.70145,2.4689699999999997,-7.17042
P;R,Q;P,"38,90",-4.70175,-13.43361,8.731860000000001
G;L,Q;C,"243,249",-4.70231,5.01523,-9.71754
C;D,D;N,"289,186",-4.70373,1.8487358999999999,-6.5524659
W;S,I;V,"159,223",-4.70557,2.6539,-7.35947
D;W,Q;C,"220,257",-4.70616,5.27663,-9.98279
W;S,I;Q,"159,188",-4.7064,0.08011999999999997,-4.78652
N;Y,Y;S,"37,63",-4.70716,-0.3683489999999999,-4.338811
G;V,S;C,"243,281",-4.71077,2.77711,-7.4878800000000005
N;D,I;K,"37,263",-4.71144,3.19081,-7.9022499999999996
S;K,D;L,"103,252",-4.71145,2.5330399999999997,-7.24449
D;R,K;P,"263,280",-4.71221,2.6201,-7.33231
Q;G,V;H,"127,251",-4.71226,2.39983,-7.11209
Q;C,W;S,"133,289",-4.71313,0.82935,-5.542479999999999
C;S,D;V,"289,223",-4.71357,2.97157,-7.68514
P;R,L;T,"38,90",-4.71402,-5.37654,0.6625200000000007
G;I,T;H,"251,168",-4.7153,-0.35527,-4.36003
A;W,L;P,"65,159",-4.71644,2.47478,-7.19122
S;K,N;L,"103,253",-4.71799,0.42682,-5.1448100000000005
W;S,I;H,"159,187",-4.72037,1.377118,-6.097488
G;R,H;Q,"251,224",-4.72179,1.977191,-6.698981
R;V,P;D,"280,57",-4.7227,2.52923,-7.25193
Y;S,S;T,"63,214",-4.72356,-1.380048,-3.343512
W;T,C;V,"257,72",-4.72368,3.62935,-8.35303
L;M,K;H,"249,161",-4.7238,2.2050799999999997,-6.9288799999999995
G;H,I;L,"243,104",-4.7258,3.72038,-8.44618
S;K,N;A,"124,253",-4.7265,1.98312,-6.709619999999999
L;R,C;A,"249,90",-4.72678,-4.913749999999999,0.18696999999999964
Q;N,R;H,"127,205",-4.72706,3.179911,-7.906971
Q;N,R;K,"127,138",-4.72734,3.52865,-8.25599
A;C,V;S,"65,289",-4.72763,0.9379600000000001,-5.665590000000001
D;Q,K;I,"263,182",-4.72769,0.5709099999999999,-5.2985999999999995
T;Y,M;S,"29,63",-4.72785,-7.986890000000001,3.2590400000000006
C;T,D;K,"289,88",-4.72795,3.11979,-7.84774
G;R,L;P,"243,280",-4.72927,4.94963,-9.678899999999999
K;F,A;M,"253,191",-4.72927,-1.8467979999999997,-2.882472
D;T,K;K,"263,88",-4.72976,2.6143,-7.34406
N;P,K;K,"233,120",-4.73059,-0.44045000000000006,-4.29014
N;L,K;C,"138,249",-4.73081,2.42664,-7.15745
Q;R,D;T,"127,90",-4.731,-4.79427,0.06327000000000016
R;L,K;P,"53,216",-4.73112,2.3916500000000003,-7.12277
L;Q,E;T,"216,127",-4.73124,2.018024,-6.749264
A;P,N;V,"226,184",-4.73226,1.898387,-6.630647
L;Q,K;N,"249,133",-4.73341,3.13359,-7.867
R;C,P;A,"280,289",-4.73384,1.2059012,-5.9397412
S;N,N;H,"103,205",-4.73483,2.4232810000000002,-7.158111
T;K,E;Y,"270,253",-4.73639,1.03192,-5.76831
M;P,V;V,"154,184",-4.7368,-2.548503,-2.1882969999999995
L;S,C;P,"249,188",-4.7385,0.947915,-5.686415
S;P,A;K,"124,120",-4.7395,1.374208,-6.113708
N;S,I;N,"37,103",-4.74064,3.3508,-8.09144
G;R,A;P,"243,280",-4.74197,2.7502899999999997,-7.49226
G;S,S;H,"243,214",-4.74335,-0.61283,-4.130520000000001
V;H,D;R,"57,104",-4.74479,2.4346699999999997,-7.17946
L;K,E;V,"216,253",-4.74518,-0.45890999999999993,-4.28627
D;A,K;M,"263,65",-4.74525,2.59588,-7.341130000000001
F;L,E;C,"271,249",-4.74569,3.80274,-8.54843
D;G,V;T,"186,251",-4.74659,3.18063,-7.92722
L;A,P;W,"216,65",-4.74717,2.30763,-7.0548
Q;L,W;K,"133,249",-4.74783,3.9075100000000003,-8.65534
P;G,D;S,"197,243",-4.74796,3.1276599999999997,-7.87562
R;G,L;T,"53,254",-4.74858,-3.2688500000000005,-1.479729999999999
Q;L,E;I,"127,216",-4.75047,2.8965699999999996,-7.64704
S;P,T;D,"124,197",-4.75113,3.62837,-8.3795
Q;F,E;M,"127,191",-4.75232,1.749482,-6.501802
Y;S,S;Q,"63,188",-4.75286,-2.49092,-2.26194
R;A,S;L,"90,272",-4.75468,-8.25254,3.49786
L;S,P;H,"216,187",-4.75516,1.035528,-5.790688
G;R,T;A,"254,280",-4.75549,-5.221967,0.46647700000000025
G;Q,A;N,"243,133",-4.75685,2.6791099999999997,-7.43596
L;R,E;P,"216,280",-4.757,2.60352,-7.360519999999999
Q;C,K;D,"127,289",-4.75701,3.8464099999999997,-8.60342
G;S,L;T,"243,124",-4.75736,5.71376,-10.471119999999999
R;S,Y;H,"123,214",-4.75876,-0.27444,-4.484319999999999
I;R,L;P,"111,280",-4.75924,2.85195,-7.611190000000001
C;S,L;Y,"289,242",-4.76045,2.59165,-7.3521
S;Q,D;M,"103,127",-4.76048,1.766777,-6.5272570000000005
K;P,L;V,"253,184",-4.7609,-0.6047629999999999,-4.156137
P;K,L;L,"38,253",-4.76336,0.3188500000000001,-5.08221
G;S,I;V,"243,223",-4.76576,3.2672499999999998,-8.03301
L;A,M;L,"216,272",-4.76585,-0.60355,-4.1623
G;V,A;C,"243,281",-4.76595,2.6820399999999998,-7.44799
G;C,A;A,"243,289",-4.76613,1.3742512,-6.1403812
G;A,I;M,"243,135",-4.76786,3.6931200000000004,-8.46098
G;C,A;L,"243,289",-4.76868,2.86235,-7.63103
S;L,N;E,"103,216",-4.7691,2.80167,-7.5707699999999996
W;N,C;K,"257,233",-4.77058,2.736882,-7.507462
G;C,S;A,"243,289",-4.77095,1.4693212,-6.2402712000000005
S;W,K;K,"124,257",-4.77232,4.16317,-8.93549
G;L,A;E,"243,216",-4.77323,2.77187,-7.5451
N;C,K;S,"138,289",-4.77353,0.11853999999999987,-4.89207
Q;M,N;H,"127,161",-4.77415,2.64401,-7.41816
G;D,K;K,"243,263",-4.77421,4.38723,-9.161439999999999
W;S,K;W,"257,58",-4.77468,2.64668,-7.42136
S;D,E;K,"115,263",-4.77511,3.02811,-7.80322
W;T,K;M,"257,29",-4.77613,-5.458550000000001,0.6824200000000005
Q;P,I;V,"127,184",-4.77663,2.564847,-7.341476999999999
G;S,I;H,"243,187",-4.77695,1.9904680000000001,-6.767418
H;C,L;L,"104,289",-4.77833,2.9931099999999997,-7.77144
F;K,E;A,"271,253",-4.77851,0.52671,-5.30522
Q;R,E;A,"127,90",-4.77968,-4.5935,-0.18618000000000023
R;K,A;A,"90,253",-4.78002,-8.189779999999999,3.4097599999999986
Y;N,G;K,"63,114",-4.7809,-2.6544600000000003,-2.1264399999999997
G;M,K;H,"243,161",-4.78217,3.34938,-8.13155
G;V,K;D,"243,57",-4.78242,4.29636,-9.07878
H;L,L;P,"104,216",-4.78251,2.76544,-7.54795
W;L,I;M,"159,216",-4.78267,2.9863999999999997,-7.76907
D;I,K;L,"263,145",-4.78293,2.63433,-7.417260000000001
P;G,D;A,"197,243",-4.78455,3.03259,-7.81714
Q;F,D;M,"127,191",-4.78538,2.248912,-7.034292
R;G,K;T,"53,254",-4.78602,-3.6313700000000004,-1.1546499999999993
S;W,D;P,"58,159",-4.78625,3.07219,-7.85844
G;T,K;N,"243,198",-4.7885,4.21455,-9.00305
L;R,D;T,"249,90",-4.78976,-5.4225900000000005,0.6328300000000002
H;S,T;N,"104,103",-4.78986,3.13097,-7.9208300000000005
P;Q,L;F,"38,182",-4.79025,-0.7445799999999998,-4.04567
T;Y,L;T,"72,63",-4.79046,1.1391779999999998,-5.929638000000001
C;A,L;F,"289,65",-4.7907,2.5881499999999997,-7.37885
D;G,V;T,"186,254",-4.79215,-3.0588500000000005,-1.7332999999999998
D;D,V;K,"186,263",-4.79564,3.11794,-7.91358
F;S,W;D,"271,103",-4.79601,3.17572,-7.97173
Q;N,E;K,"127,138",-4.79791,2.7468899999999996,-7.5447999999999995
D;P,Q;Q,"220,38",-4.79873,4.44863,-9.24736
A;Y,W;S,"65,63",-4.80317,0.07818000000000014,-4.881349999999999
G;I,T;H,"254,168",-4.80415,-6.59475,1.7906000000000004
L;G,I;T,"216,251",-4.8046,2.8244,-7.629
S;W,M;I,"238,159",-4.80487,3.72625,-8.53112
A;G,T;A,"180,243",-4.80487,3.03781,-7.84268
W;S,C;F,"257,238",-4.805,1.55745,-6.36245
G;C,Q;S,"243,289",-4.80512,2.7071300000000003,-7.51225
A;Y,E;S,"152,63",-4.80726,0.11227000000000009,-4.91953
Q;P,L;K,"127,120",-4.80728,0.781048,-5.588328000000001
I;G,V;T,"200,254",-4.81011,-3.5591000000000004,-1.2510099999999995
W;A,I;L,"159,65",-4.81022,2.79802,-7.60824
W;S,K;P,"257,245",-4.81042,2.82276,-7.633179999999999
P;S,L;H,"38,214",-4.81124,-0.7860699999999998,-4.02517
P;R,D;P,"197,280",-4.812,2.8642399999999997,-7.67624
S;G,K;T,"58,254",-4.81265,-3.7023900000000003,-1.1102599999999994
T;P,M;K,"51,120",-4.81335,0.5460579999999999,-5.359408
S;G,V;H,"58,251",-4.81348,2.81712,-7.6306
P;N,Q;T,"38,190",-4.81351,2.7215,-7.53501
W;S,K;F,"257,238",-4.81473,0.6230100000000001,-5.43774
N;M,K;H,"138,161",-4.81475,1.57418,-6.38893
R;I,Y;H,"123,168",-4.8152,0.14568999999999988,-4.96089
H;G,T;T,"104,254",-4.81528,-3.2058100000000005,-1.609469999999999
C;R,D;A,"289,90",-4.81667,-4.2228699999999995,-0.5938000000000008
Q;D,K;K,"127,263",-4.81669,3.3409199999999997,-8.15761
R;Q,P;F,"280,182",-4.8167,-0.83476,-3.98194
S;Y,M;G,"238,63",-4.81929,0.8888899999999997,-5.70818
C;K,D;Y,"289,253",-4.81931,-0.6596,-4.15971
W;K,K;L,"257,252",-4.81985,2.71791,-7.53776
G;N,K;L,"243,138",-4.82102,4.2616700000000005,-9.08269
Q;V,N;D,"127,57",-4.82159,3.59099,-8.41258
Q;K,D;Y,"127,253",-4.82303,-0.5307999999999999,-4.29223
C;A,D;F,"289,65",-4.82373,3.0197399999999996,-7.84347
L;M,D;V,"249,154",-4.82429,-1.67094,-3.1533500000000005
G;S,Q;N,"243,103",-4.82516,5.36061,-10.185770000000002
F;C,W;D,"271,289",-4.8264,3.72096,-8.54736
Q;K,D;L,"127,253",-4.8268,0.9011199999999999,-5.72792
A;S,V;P,"65,125",-4.82792,3.31649,-8.14441
G;A,I;L,"243,65",-4.82869,3.41137,-8.24006
L;R,K;A,"249,90",-4.82934,-4.143689999999999,-0.6856500000000008
W;N,K;K,"257,233",-4.82959,1.802442,-6.632032
S;W,A;K,"124,257",-4.83001,3.6171,-8.44711
S;W,D;K,"58,257",-4.83212,3.35273,-8.18485
Q;L,T;C,"91,249",-4.8322,2.4201699999999997,-7.25237
L;S,I;H,"216,214",-4.83295,-0.73464,-4.098310000000001
L;R,P;A,"216,280",-4.83321,0.801053,-5.634263000000001
Q;C,T;S,"91,289",-4.83428,0.11206999999999989,-4.94635
M;I,L;R,"262,218",-4.83435,-7.75714,2.92279
G;S,K;P,"243,125",-4.83438,4.27227,-9.10665
S;A,D;E,"103,152",-4.8344,2.45574,-7.290139999999999
S;H,P;R,"125,104",-4.83778,2.41058,-7.24836
L;H,D;R,"249,104",-4.83789,2.53151,-7.3694
Q;R,D;A,"127,90",-4.84001,-4.094069999999999,-0.7459400000000009
W;R,C;D,"257,90",-4.84091,-10.12501,5.2841
G;R,T;S,"251,90",-4.84152,-4.78772,-0.05379999999999985
C;M,D;L,"289,154",-4.84241,3.22937,-8.07178
G;R,I;K,"243,53",-4.84263,3.34659,-8.189219999999999
C;Q,D;V,"289,182",-4.84584,-0.3495600000000001,-4.49628
Y;T,T;Y,"63,189",-4.84585,-0.06076000000000001,-4.78509
S;L,Y;C,"242,249",-4.84675,2.33236,-7.17911
S;P,T;K,"121,120",-4.84686,0.543458,-5.390318000000001
L;S,C;H,"249,214",-4.84729,-1.02348,-3.82381
K;M,V;H,"253,161",-4.84854,-1.48018,-3.36836
N;H,L;R,"138,104",-4.84971,2.3999800000000002,-7.24969
K;S,A;P,"253,188",-4.85064,-2.328115,-2.5225250000000004
Q;S,D;P,"127,188",-4.85097,1.767595,-6.618565
R;Q,Y;Y,"123,119",-4.85143,-2.64766,-2.2037699999999996
A;L,L;P,"65,216",-4.85162,2.45643,-7.30805
Y;L,S;F,"63,117",-4.85197,-3.36266,-1.4893099999999997
I;G,L;T,"145,254",-4.8523,-3.54246,-1.3098399999999994
A;Q,L;V,"272,182",-4.85434,-4.25718,-0.5971599999999997
G;T,I;K,"243,88",-4.85562,3.41547,-8.271090000000001
G;M,I;L,"243,154",-4.85589,3.5250500000000002,-8.380939999999999
W;N,I;H,"159,205",-4.85623,2.451111,-7.307341
Q;Y,L;G,"127,63",-4.85635,0.22927999999999993,-5.08563
R;S,Y;K,"123,58",-4.8574,3.03805,-7.89545
G;A,I;E,"243,152",-4.85904,3.29666,-8.1557
W;S,I;E,"159,207",-4.86006,2.91503,-7.77509
W;T,I;K,"159,88",-4.86008,2.80212,-7.6622
R;K,T;A,"90,253",-4.86033,-8.88998,4.029649999999999
C;I,L;R,"289,168",-4.86164,-13.353670000000001,8.49203
C;I,L;V,"289,200",-4.86294,2.6915899999999997,-7.55453
R;G,Q;T,"132,254",-4.8632,-3.1958300000000004,-1.6673699999999996
Q;A,R;M,"127,65",-4.86365,3.5125,-8.376149999999999
S;C,N;S,"124,289",-4.86457,2.9510499999999995,-7.815619999999999
L;C,K;L,"249,289",-4.86465,3.31683,-8.18148
W;R,P;D,"159,90",-4.86479,-11.33999,6.4752
N;C,I;L,"37,289",-4.86511,3.26471,-8.129819999999999
G;R,T;Q,"251,224",-4.86863,2.192921,-7.061551
F;G,M;I,"271,243",-4.87007,4.286910000000001,-9.15698
C;R,D;Q,"289,224",-4.87013,2.6357209999999998,-7.505851
D;W,Q;K,"220,257",-4.87094,4.34219,-9.21313
F;Y,M;S,"271,63",-4.87177,1.1025200000000002,-5.97429
S;Q,N;Y,"103,119",-4.87211,-3.0513200000000005,-1.8207899999999997
G;R,I;Q,"243,132",-4.87309,3.78213,-8.65522
Q;S,E;Y,"127,242",-4.87337,2.65261,-7.525980000000001
R;P,S;V,"90,184",-4.87343,-5.722003,0.848573
A;G,T;S,"180,243",-4.87384,3.13288,-8.006720000000001
S;L,E;P,"115,216",-4.87405,2.87434,-7.7483900000000006
S;G,N;I,"124,243",-4.87412,6.24571,-11.11983
P;C,L;A,"38,289",-4.87422,1.2960812000000002,-6.170301200000001
A;Y,L;S,"65,63",-4.8747,0.22697999999999996,-5.10168
L;G,K;S,"249,243",-4.87672,3.46819,-8.344909999999999
G;M,A;H,"243,161",-4.87692,1.7506,-6.6275200000000005
G;I,T;V,"251,200",-4.8773,2.68038,-7.5576799999999995
K;I,L;R,"253,218",-4.87908,0.008589999999999876,-4.88767
W;A,I;E,"159,152",-4.88237,2.68331,-7.56568
L;S,K;H,"249,214",-4.88295,-0.25342,-4.62953
S;G,T;S,"124,243",-4.88429,3.60949,-8.493780000000001
A;L,P;P,"152,216",-4.88498,2.99863,-7.883609999999999
L;P,I;V,"216,184",-4.88538,1.890117,-6.775497
Q;D,I;K,"127,263",-4.88769,3.43644,-8.32413
T;L,K;P,"88,216",-4.88957,2.46053,-7.350099999999999
L;N,F;L,"216,138",-4.88963,2.49299,-7.38262
L;L,Q;D,"216,249",-4.88968,3.00427,-7.89395
S;Y,T;S,"121,63",-4.89003,0.2580100000000001,-5.14804
W;H,K;M,"257,104",-4.89124,2.76842,-7.65966
R;S,Y;E,"123,136",-4.89148,2.191354,-7.082834
C;S,L;K,"289,58",-4.89271,2.5483000000000002,-7.44101
T;Y,L;G,"72,63",-4.89618,0.03338999999999981,-4.92957
G;Q,Q;E,"243,127",-4.89621,5.3354800000000004,-10.23169
D;G,L;P,"220,243",-4.8966,3.71716,-8.61376
S;P,D;K,"58,120",-4.89665,1.1098379999999999,-6.006488
R;I,Q;R,"224,218",-4.89722,1.871991,-6.769211
F;K,E;Y,"271,253",-4.90012,0.16477999999999993,-5.0649
Q;C,W;L,"133,289",-4.90165,3.3967400000000003,-8.298390000000001
G;K,P;L,"243,252",-4.90191,2.97478,-7.87669
D;N,K;H,"263,205",-4.90372,2.2632909999999997,-7.167011
R;K,V;A,"34,253",-4.90463,1.1494000000000004,-6.054030000000001
C;R,D;Q,"289,132",-4.90505,3.4864499999999996,-8.3915
L;C,K;A,"249,289",-4.90543,1.8287312,-6.7341612
K;S,A;H,"253,214",-4.90837,-4.29951,-0.60886
R;I,Y;L,"123,111",-4.90913,3.45376,-8.36289
Q;T,K;N,"127,198",-4.90933,3.16824,-8.07757
S;K,Y;A,"242,253",-4.90986,-0.9436699999999998,-3.96619
P;S,D;H,"197,214",-4.91042,-0.59395,-4.316470000000001
G;S,I;E,"243,207",-4.91139,3.5283800000000003,-8.43977
P;K,L;Y,"38,253",-4.91143,-1.1130699999999998,-3.7983600000000006
S;L,E;P,"207,216",-4.91178,2.5734399999999997,-7.48522
I;P,V;V,"200,184",-4.91377,1.746097,-6.659867
R;K,P;V,"280,253",-4.91571,-0.4804900000000001,-4.435219999999999
I;N,R;K,"218,114",-4.91635,-0.26316000000000006,-4.65319
C;R,L;A,"289,90",-4.91715,-4.654459999999999,-0.262690000000001
G;R,I;Q,"243,224",-4.91877,2.931401,-7.8501710000000005
Q;P,K;V,"127,184",-4.92014,2.469327,-7.389467
M;K,P;L,"222,252",-4.92145,2.63603,-7.55748
S;Y,A;T,"124,63",-4.92172,1.928228,-6.8499479999999995
P;G,L;H,"38,251",-4.92276,2.55724,-7.48
C;G,L;A,"289,165",-4.92304,-3.1847899999999996,-1.7382500000000007
A;W,P;I,"152,159",-4.92335,3.34022,-8.26357
T;G,D;T,"88,251",-4.92457,3.37663,-8.3012
P;A,Q;N,"38,226",-4.92566,3.02154,-7.9472
A;Y,M;S,"135,63",-4.93165,0.5087300000000001,-5.44038
P;I,L;V,"38,200",-4.9324,2.6697100000000002,-7.602110000000001
Q;L,W;C,"133,249",-4.93263,3.1374500000000003,-8.07008
A;G,V;T,"65,251",-4.93384,3.4941400000000002,-8.42798
G;R,S;P,"243,280",-4.93444,2.84536,-7.7798
G;I,T;L,"251,145",-4.94027,2.69702,-7.63729
R;K,Y;L,"123,253",-4.94122,0.8304799999999999,-5.7717
W;G,C;A,"257,165",-4.94171,-2.17913,-2.76258
G;F,I;W,"243,271",-4.94197,4.01664,-8.95861
T;Y,V;T,"198,63",-4.94312,1.3520979999999998,-6.295218
N;I,H;R,"205,218",-4.94418,2.005051,-6.949231
S;Q,D;I,"103,182",-4.94426,0.53116,-5.47542
C;H,D;T,"289,104",-4.94459,3.47647,-8.42106
Y;T,G;Y,"63,189",-4.94481,-1.1665480000000001,-3.7782620000000002
L;A,P;E,"216,152",-4.94615,2.34172,-7.28787
V;V,D;C,"57,281",-4.94771,2.46098,-7.40869
Q;W,L;P,"127,185",-4.94787,1.55391375,-6.5017837499999995
S;G,E;T,"207,251",-4.94865,2.7899000000000003,-7.73855
W;S,C;D,"257,58",-4.94918,4.28717,-9.23635
S;G,P;T,"245,254",-4.94942,-3.49915,-1.4502699999999997
S;T,N;N,"103,88",-4.95029,2.64914,-7.59943
N;S,L;Y,"138,242",-4.95033,2.3921900000000003,-7.34252
P;K,L;F,"38,253",-4.95206,-1.36825,-3.5838100000000006
T;P,E;K,"270,120",-4.95232,2.757498,-7.709818
W;S,C;E,"257,121",-4.95263,-4.72537,-0.22726000000000024
L;R,P;Q,"216,224",-4.95283,1.976461,-6.929290999999999
G;G,L;H,"243,251",-4.95426,4.83475,-9.78901
K;A,Y;D,"253,226",-4.95632,-9.06295,4.106630000000001
G;M,Q;H,"243,161",-4.95829,4.16277,-9.12106
M;L,L;P,"154,216",-4.95842,2.5701099999999997,-7.52853
A;L,V;C,"65,249",-4.95849,3.24606,-8.204550000000001
G;T,H;N,"251,88",-4.96077,2.33611,-7.29688
S;W,M;K,"238,257",-4.96134,3.68355,-8.64489
W;S,P;H,"159,187",-4.96175,1.053878,-6.015628
W;T,P;Y,"159,189",-4.96222,1.347572,-6.309792
L;L,E;C,"216,249",-4.96359,2.45629,-7.41988
Q;L,N;K,"127,249",-4.96364,4.26653,-9.230170000000001
N;T,L;N,"138,88",-4.96435,2.3635900000000003,-7.32794
R;A,Y;D,"123,226",-4.96449,-4.67595,-0.28853999999999935
W;A,I;M,"159,65",-4.96469,2.7837,-7.7483900000000006
Y;S,G;F,"63,238",-4.9671,-2.17165,-2.79545
Q;K,N;F,"133,253",-4.96824,-1.5296100000000001,-3.43863
G;Q,K;R,"243,127",-4.96924,5.303850000000001,-10.27309
L;Q,P;V,"216,182",-4.96948,-1.00882,-3.96066
Y;S,T;F,"63,238",-4.97247,-1.065862,-3.9066080000000003
I;K,L;L,"145,253",-4.9728,0.2428999999999999,-5.2157
S;S,N;P,"103,188",-4.97471,1.293295,-6.2680050000000005
Q;Q,W;E,"133,127",-4.97575,3.4577,-8.43345
T;W,D;I,"88,159",-4.98079,3.50176,-8.48255
V;S,D;P,"57,125",-4.98122,2.4524299999999997,-7.43365
S;K,Y;F,"242,253",-4.98286,-1.56078,-3.4220799999999993
W;A,I;F,"159,65",-4.98363,2.70207,-7.6857
S;A,D;F,"103,65",-4.98439,2.4745,-7.45889
W;T,I;Q,"159,88",-4.98521,2.72622,-7.71143
Q;M,Y;H,"119,161",-4.98558,-4.24916,-0.7364199999999999
R;A,Y;P,"123,152",-4.98697,3.71605,-8.70302
W;H,C;M,"257,104",-4.98803,3.7028600000000003,-8.69089
T;A,D;T,"88,180",-4.98917,3.5633,-8.55247
T;N,D;L,"88,138",-4.99067,3.18838,-8.17905
Q;W,K;I,"127,159",-4.99348,3.52874,-8.52222
L;S,D;P,"249,188",-4.99416,1.139275,-6.133435
Q;K,W;A,"133,253",-4.99698,-0.1385799999999997,-4.8584
G;Q,I;Y,"243,119",-4.99756,-2.41014,-2.58742
R;G,L;T,"53,251",-4.99775,2.97063,-7.96838
D;I,K;H,"263,168",-4.99797,-0.4179600000000001,-4.58001
F;G,E;T,"271,254",-5.00043,-2.1886600000000005,-2.811769999999999
Q;Q,E;T,"127,91",-5.00054,2.74042,-7.740959999999999
V;T,C;N,"281,198",-5.00054,2.3791700000000002,-7.37971
S;N,D;H,"103,205",-5.00225,2.223541,-7.225791
P;L,Q;M,"38,216",-5.00235,3.05014,-8.052489999999999
A;Q,V;E,"65,127",-5.00255,3.56631,-8.56886
Y;D,S;N,"63,186",-5.00335,-1.0399741,-3.9633759
P;F,V;M,"184,191",-5.00392,0.743029,-5.746949
C;K,L;F,"289,253",-5.00481,-1.34637,-3.6584399999999997
F;W,W;I,"271,159",-5.00609,3.40329,-8.40938
T;Y,V;G,"198,63",-5.00711,0.2463099999999998,-5.25342
W;G,K;A,"257,165",-5.00758,-3.1135699999999997,-1.8940100000000002
C;K,L;Y,"289,253",-5.00866,-1.0911899999999999,-3.91747
W;S,K;E,"257,121",-5.00931,-5.65981,0.6505000000000001
H;S,T;D,"104,103",-5.00989,2.9312300000000002,-7.941120000000001
G;G,S;T,"243,254",-5.01109,-3.2932700000000006,-1.7178199999999997
Q;N,H;K,"127,114",-5.01161,0.19709,-5.2087
T;C,N;A,"198,289",-5.01462,1.0713812,-6.0860012
Q;I,M;R,"127,218",-5.01543,1.548287,-6.5637170000000005
S;I,E;R,"121,218",-5.01665,-6.0631699999999995,1.0465199999999992
C;S,D;K,"289,58",-5.0188,2.97989,-7.99869
G;S,K;N,"243,103",-5.01898,4.54722,-9.5662
R;Y,K;S,"53,63",-5.01999,0.16220000000000012,-5.18219
G;Q,P;M,"243,127",-5.02029,2.208517,-7.228807
A;G,T;H,"180,251",-5.02079,2.75458,-7.77537
G;G,T;T,"251,254",-5.02085,-3.4558400000000002,-1.56501
G;C,S;L,"243,289",-5.02108,2.95742,-7.9785
W;S,C;P,"257,245",-5.02177,3.7572,-8.778970000000001
Q;G,W;T,"133,254",-5.02207,-2.85395,-2.16812
P;S,L;Y,"38,242",-5.0236,2.56977,-7.59337
W;S,C;T,"257,214",-5.02534,2.082732,-7.108072
W;L,K;F,"257,117",-5.02547,-0.83432,-4.19115
W;R,I;Q,"159,224",-5.02587,2.318051,-7.343921
S;Y,A;G,"124,63",-5.02617,0.8224400000000001,-5.84861
T;W,L;P,"72,159",-5.02671,2.54751,-7.5742199999999995
K;Q,A;T,"253,127",-5.02698,-1.4268159999999996,-3.6001640000000004
S;W,E;I,"115,159",-5.02703,3.21593,-8.24296
T;P,D;L,"88,38",-5.02803,3.3659600000000003,-8.39399
G;A,I;F,"243,65",-5.02919,3.31542,-8.34461
T;Y,V;T,"72,63",-5.02923,1.006038,-6.035268
S;S,E;D,"115,103",-5.02962,2.98836,-8.017980000000001
D;R,K;S,"263,90",-5.02962,-4.85041,-0.1792100000000003
W;S,I;K,"159,58",-5.03132,2.66222,-7.6935400000000005
G;K,Q;A,"243,253",-5.03429,1.7392000000000003,-6.773490000000001
W;N,K;Y,"257,37",-5.03454,2.159991,-7.194531
L;S,K;Y,"249,242",-5.03507,3.10242,-8.13749
G;A,I;P,"243,152",-5.03604,3.95357,-8.989609999999999
P;S,Q;Y,"38,242",-5.0369,2.76931,-7.80621
L;Q,C;T,"249,127",-5.03766,1.849214,-6.886874
D;K,V;Y,"186,253",-5.03895,-0.7054099999999999,-4.33354
M;M,V;H,"154,161",-5.03934,-2.71476,-2.32458
C;S,A;H,"289,214",-5.03949,-2.2522888,-2.7872011999999997
G;N,I;I,"243,37",-5.04053,3.99198,-9.03251
D;Q,K;Y,"263,119",-5.04319,-3.21131,-1.83188
S;P,H;V,"214,184",-5.04428,-1.7096829999999998,-3.3345969999999996
C;M,A;H,"289,161",-5.04654,0.20621119999999998,-5.2527512000000005
G;N,T;K,"251,138",-5.04728,2.6747199999999998,-7.7219999999999995
V;L,C;C,"281,249",-5.04886,2.36646,-7.41532
R;T,P;N,"280,198",-5.04896,2.44742,-7.49638
P;I,Q;L,"38,111",-5.04995,3.14167,-8.19162
R;N,Y;T,"123,190",-5.05371,3.0335900000000002,-8.087299999999999
P;T,D;N,"197,198",-5.0541,2.72972,-7.78382
Q;Q,D;T,"127,91",-5.05443,3.2398499999999997,-8.29428
T;P,V;K,"198,120",-5.0558,0.7980779999999998,-5.853878
I;I,R;R,"168,218",-5.05644,-13.68581,8.62937
G;G,Q;T,"243,251",-5.05725,5.263310000000001,-10.32056
R;L,V;K,"34,249",-5.05765,5.19549,-10.25314
L;C,E;S,"216,289",-5.05786,0.14819000000000004,-5.206049999999999
D;Q,K;A,"263,127",-5.05819,1.872586,-6.930776
A;K,V;A,"65,253",-5.05833,-0.029969999999999608,-5.02836
Q;A,R;N,"127,226",-5.05835,3.6866000000000003,-8.74495
Y;S,S;H,"63,187",-5.05843,-1.193922,-3.8645080000000007
K;Q,Y;V,"253,182",-5.05929,-4.6784,-0.38088999999999995
C;R,D;S,"289,90",-5.06305,-4.34492,-0.7181299999999995
G;D,I;V,"243,186",-5.06315,3.91911,-8.98226
V;C,D;A,"57,289",-5.06343,1.1531912,-6.2166212000000005
G;H,I;T,"243,104",-5.06377,3.77215,-8.83592
I;S,L;D,"111,103",-5.06464,2.8503600000000002,-7.915
L;A,P;D,"216,226",-5.06501,-5.393370000000001,0.3283600000000009
A;C,L;A,"272,289",-5.06517,-2.1580688,-2.9071012
L;K,C;V,"249,253",-5.06558,-0.6277200000000001,-4.43786
G;T,H;N,"251,198",-5.06736,2.33254,-7.3999
H;L,T;P,"104,216",-5.06746,2.81721,-7.88467
G;I,I;L,"243,111",-5.069,3.69128,-8.76028
T;C,D;L,"88,289",-5.07067,3.3878399999999997,-8.45851
N;K,K;A,"138,253",-5.07117,-0.8493899999999999,-4.221780000000001
P;R,Q;S,"38,90",-5.07358,-4.5988500000000005,-0.4747299999999992
W;T,K;M,"257,51",-5.0752,2.78895,-7.8641499999999995
G;Q,T;Y,"251,119",-5.07698,-3.14862,-1.9283599999999996
P;I,Q;H,"38,168",-5.07708,-0.1664000000000001,-4.910679999999999
S;Y,V;S,"223,63",-5.07729,0.08285999999999993,-5.16015
R;Y,Q;S,"132,63",-5.07769,0.5977399999999999,-5.6754299999999995
A;R,T;A,"180,90",-5.07842,-4.478999999999999,-0.5994200000000012
T;I,E;R,"270,218",-5.07922,4.59703,-9.67625
Q;C,N;S,"127,289",-5.07933,1.1883700000000001,-6.2677
M;P,L;K,"262,120",-5.07967,-9.596672,4.517002
G;M,L;H,"243,161",-5.08058,3.94994,-9.03052
W;L,K;M,"257,216",-5.08307,2.9436999999999998,-8.026769999999999
G;C,K;S,"243,289",-5.08364,1.89374,-6.97738
V;K,D;F,"57,253",-5.08386,-1.5111400000000001,-3.5727199999999995
P;K,D;V,"197,253",-5.08525,-0.1981900000000001,-4.88706
A;S,T;P,"180,125",-5.08614,2.7926599999999997,-7.8788
R;P,T;V,"90,184",-5.08638,-6.300153,1.2137729999999998
M;Y,L;S,"154,63",-5.08659,0.34065999999999996,-5.42725
M;Y,L;T,"262,63",-5.08678,-9.042652,3.9558720000000003
P;C,L;S,"38,289",-5.08691,0.21679000000000004,-5.303699999999999
S;N,D;K,"103,114",-5.08713,-0.04466999999999999,-5.04246
L;R,D;A,"249,90",-5.08732,-4.72239,-0.3649300000000002
V;S,C;P,"281,125",-5.08782,2.43689,-7.52471
Q;M,L;P,"127,222",-5.0882,2.94206,-8.03026
T;Q,M;F,"51,182",-5.08976,-0.8110299999999999,-4.27873
Q;S,N;P,"133,125",-5.0916,2.43396,-7.52556
T;Y,M;G,"51,63",-5.09349,-0.005710000000000104,-5.08778
Q;L,N;C,"127,249",-5.09418,3.4964700000000004,-8.59065
G;S,L;P,"243,125",-5.0943,4.8728299999999996,-9.96713
T;S,L;D,"72,103",-5.09602,2.64318,-7.7392
N;Y,I;S,"37,63",-5.0969,0.80759,-5.90449
Q;T,N;N,"133,198",-5.09747,2.37624,-7.4737100000000005
L;K,I;A,"216,253",-5.09854,-0.6997099999999998,-4.39883
N;K,I;Y,"37,253",-5.09958,-0.6325399999999999,-4.46704
D;L,K;F,"263,216",-5.09995,2.61855,-7.7185
Q;M,I;H,"127,161",-5.10031,2.39859,-7.498900000000001
S;Q,D;A,"103,127",-5.10111,1.832836,-6.933946000000001
T;W,V;K,"198,257",-5.10161,3.0409699999999997,-8.142579999999999
T;Y,K;S,"88,63",-5.10165,0.23107999999999995,-5.33273
S;Q,D;Y,"103,119",-5.10211,-3.2510600000000003,-1.8510499999999994
P;R,Q;N,"38,90",-5.10225,-10.977409999999999,5.875159999999999
T;Y,M;T,"51,63",-5.10413,1.100078,-6.2042079999999995
T;Y,V;G,"72,63",-5.1042,-0.09975,-5.004449999999999
C;Q,D;V,"289,127",-5.10462,3.05836,-8.16298
Y;R,S;A,"63,280",-5.10498,-1.428397,-3.6765830000000004
R;P,N;Q,"132,38",-5.10509,3.55173,-8.65682
L;K,F;Y,"216,253",-5.10515,-1.2047999999999999,-3.9003500000000004
P;S,Q;W,"38,58",-5.10603,2.75312,-7.85915
G;S,I;E,"243,115",-5.10642,3.82928,-8.9357
L;G,W;T,"216,254",-5.10771,-3.4768000000000003,-1.6309099999999996
D;R,K;T,"263,90",-5.10817,-5.42856,0.32038999999999973
D;P,V;Q,"186,38",-5.11035,3.3695,-8.47985
S;G,M;P,"238,243",-5.11165,3.9404199999999996,-9.05207
R;S,Y;P,"123,188",-5.11397,1.696955,-6.810925
K;C,V;S,"253,289",-5.11471,-2.93582,-2.1788899999999995
Q;S,D;Y,"127,242",-5.11508,3.15204,-8.26712
T;G,Q;T,"88,254",-5.11511,-3.6383900000000002,-1.4767199999999994
C;S,L;Y,"289,269",-5.11634,0.6713749999999999,-5.787715
G;Q,T;V,"251,182",-5.11651,-0.79236,-4.3241499999999995
R;L,V;C,"34,249",-5.11778,4.42543,-9.54321
H;W,T;I,"104,159",-5.11804,3.1588000000000003,-8.27684
G;S,A;H,"243,214",-5.12199,-0.7079,-4.41409
W;N,C;Y,"257,37",-5.12273,3.094431,-8.217161
Q;L,V;P,"127,216",-5.12309,2.3991,-7.52219
G;T,L;N,"243,198",-5.12707,4.81511,-9.94218
W;S,C;E,"257,136",-5.12753,2.707264,-7.8347940000000005
W;Q,K;I,"257,182",-5.12796,0.71603,-5.84399
D;N,K;T,"263,190",-5.12812,2.4699400000000002,-7.59806
S;A,D;M,"103,65",-5.12886,2.55613,-7.684990000000001
G;L,I;M,"243,216",-5.12913,3.5997500000000002,-8.72888
P;V,D;D,"197,57",-5.12922,2.81153,-7.9407499999999995
C;T,L;Q,"289,88",-5.1315,2.6123000000000003,-7.7438
S;R,N;P,"103,90",-5.13224,-13.52518,8.39294
Y;Q,S;Y,"63,119",-5.13241,-5.594530000000001,0.46212000000000053
Y;S,T;T,"63,214",-5.13303,-0.5405800000000001,-4.5924499999999995
W;S,K;T,"257,121",-5.13446,2.78635,-7.9208099999999995
S;Y,W;T,"58,63",-5.13492,0.9578080000000001,-6.092728
W;S,K;Q,"257,188",-5.13518,0.03742000000000001,-5.1726
S;Q,A;P,"124,127",-5.13659,3.64575,-8.78234
R;S,Y;Q,"123,188",-5.13661,0.45594999999999986,-5.59256
S;Q,N;N,"103,133",-5.13682,2.70891,-7.84573
E;I,K;R,"231,218",-5.13685,2.40324,-7.540089999999999
S;Y,E;S,"207,63",-5.1387,0.34399,-5.48269
F;Q,E;D,"271,127",-5.13917,4.62242,-9.76159
W;T,C;M,"257,29",-5.13993,-4.52411,-0.6158199999999994
G;N,I;H,"243,205",-5.14114,3.064461,-8.205601
Q;K,N;A,"127,253",-5.14175,0.2204400000000004,-5.36219
S;S,V;D,"58,103",-5.1422,2.93041,-8.072610000000001
A;L,M;P,"65,216",-5.14317,2.44211,-7.585279999999999
N;Y,Y;T,"37,63",-5.1442,0.47111900000000007,-5.6153189999999995
Y;R,S;Q,"63,224",-5.14549,-0.252989,-4.892500999999999
L;F,D;M,"249,191",-5.14834,1.620592,-6.768932
R;G,N;T,"90,254",-5.14869,-17.40576,12.25707
G;Q,I;I,"243,182",-5.14905,1.37208,-6.521129999999999
Y;S,G;T,"63,214",-5.14931,-1.646368,-3.502942
K;C,F;S,"253,289",-5.14999,-3.91376,-1.23623
A;Y,M;S,"65,63",-5.15023,0.21266000000000007,-5.36289
G;Q,I;V,"243,127",-5.15039,3.3540400000000004,-8.50443
R;Q,V;D,"34,127",-5.15045,5.24511,-10.39556
C;Q,D;A,"289,127",-5.15057,2.378076,-7.528646
A;Q,T;E,"180,127",-5.15257,3.04248,-8.19505
A;Y,F;S,"65,63",-5.15355,0.13102999999999998,-5.28458
R;A,Y;N,"123,226",-5.15482,3.33363,-8.48845
N;C,I;D,"37,289",-5.15551,3.6963,-8.85181
R;Q,Y;I,"123,182",-5.15842,1.13456,-6.29298
P;S,D;P,"197,125",-5.16119,2.78744,-7.9486300000000005
H;I,L;R,"104,218",-5.16166,2.66097,-7.82263
R;M,Y;L,"123,154",-5.16202,3.28753,-8.44955
W;S,K;E,"257,136",-5.16237,1.772824,-6.935194
D;Y,Q;T,"220,63",-5.16246,2.653318,-7.815778
C;V,L;C,"289,281",-5.16246,2.62575,-7.78821
F;L,E;D,"271,249",-5.1627,3.9940999999999995,-9.1568
W;I,I;H,"159,168",-5.16353,-0.23014,-4.933389999999999
R;C,N;D,"132,289",-5.16592,3.8056599999999996,-8.97158
Q;Y,L;T,"182,63",-5.16771,-1.914382,-3.2533279999999998
L;S,Q;N,"216,103",-5.16869,3.15829,-8.326979999999999
S;W,N;I,"124,159",-5.16931,5.63236,-10.801670000000001
T;G,D;T,"88,254",-5.17067,-2.8628500000000003,-2.30782
A;R,V;Y,"65,123",-5.17132,3.9951,-9.166419999999999
A;Q,V;D,"65,127",-5.17235,4.06574,-9.23809
I;N,V;L,"200,138",-5.17249,2.49213,-7.664619999999999
S;I,T;R,"214,218",-5.17257,0.7449319999999999,-5.917502000000001
A;G,N;T,"226,254",-5.17311,-3.40681,-1.7663000000000002
L;S,D;Y,"249,242",-5.17414,2.52372,-7.69786
G;Q,T;N,"251,133",-5.17442,2.6116099999999998,-7.786029999999999
G;V,L;D,"243,57",-5.17491,4.89692,-10.071829999999999
K;M,F;H,"253,161",-5.17645,-2.45812,-2.71833
M;Y,L;G,"262,63",-5.17657,-10.14844,4.971870000000001
S;P,K;K,"124,120",-5.17759,1.920278,-7.097868
Y;N,G;K,"63,233",-5.17837,-0.992218,-4.186152
R;Y,N;T,"90,63",-5.18024,-12.772722,7.5924819999999995
N;W,I;I,"37,159",-5.18029,3.3786300000000002,-8.55892
Q;A,W;T,"133,180",-5.18078,3.5722,-8.75298
Q;L,D;I,"127,216",-5.18103,3.396,-8.57703
P;N,L;T,"38,190",-5.18139,2.52196,-7.70335
Q;K,T;A,"91,253",-5.18217,-0.8558599999999998,-4.32631
P;M,D;H,"197,161",-5.18319,1.86455,-7.047739999999999
H;W,T;P,"104,159",-5.1838,2.83556,-8.019359999999999
S;K,N;F,"103,253",-5.18446,-1.26028,-3.92418
G;S,A;P,"243,125",-5.18547,2.67349,-7.85896
Q;Q,W;D,"133,127",-5.1877,3.9571300000000003,-9.14483
Q;Y,L;G,"182,63",-5.18816,-3.0201700000000002,-2.1679899999999996
G;Q,K;E,"243,127",-5.1889,4.52209,-9.71099
Q;A,R;T,"127,180",-5.18925,3.82424,-9.013490000000001
Q;R,I;Y,"127,123",-5.18932,4.00009,-9.18941
P;S,V;P,"184,188",-5.18948,0.26171200000000006,-5.451192
G;K,T;V,"251,253",-5.18957,-0.37964,-4.80993
F;Y,W;S,"271,63",-5.19095,0.8322499999999999,-6.0232
F;C,M;D,"271,289",-5.19099,3.99123,-9.182220000000001
G;N,T;K,"251,114",-5.1914,0.0577700000000001,-5.2491699999999994
P;R,Q;T,"38,90",-5.19191,-5.1770000000000005,-0.014909999999999535
Q;L,R;C,"127,249",-5.19308,3.3894900000000003,-8.58257
W;R,I;D,"159,90",-5.19494,-11.01675,5.82181
R;L,V;D,"34,249",-5.19807,4.61679,-9.81486
C;N,L;H,"289,205",-5.19824,2.337191,-7.535431
G;S,I;K,"243,58",-5.19999,3.27557,-8.47556
S;N,T;L,"124,138",-5.20118,3.25867,-8.45985
I;W,R;P,"168,185",-5.20249,-14.75247625,9.54998625
R;Q,P;T,"280,127",-5.20443,1.9964439999999999,-7.200874000000001
R;P,A;V,"90,184",-5.20808,-5.599952999999999,0.39187299999999947
I;R,L;P,"145,90",-5.20955,-13.709100000000001,8.499550000000001
C;P,D;D,"289,197",-5.21017,3.40789,-8.61806
Q;D,E;K,"133,263",-5.21136,3.42197,-8.63333
A;W,M;K,"135,257",-5.21337,3.03707,-8.250440000000001
R;C,P;S,"280,289",-5.21337,0.1266099999999999,-5.339980000000001
R;Y,D;G,"90,63",-5.21471,-13.85411,8.6394
W;Q,I;Y,"159,119",-5.21515,-3.0234900000000002,-2.19166
S;G,N;Q,"124,243",-5.21662,7.9869,-13.203520000000001
H;A,L;L,"104,272",-5.21707,-0.48292,-4.73415
G;R,I;A,"243,280",-5.21731,1.7559930000000001,-6.9733030000000005
L;S,P;K,"216,58",-5.21746,2.32063,-7.53809
W;D,K;N,"257,186",-5.21779,1.4883659,-6.7061559
W;R,C;N,"257,90",-5.21895,-10.14941,4.930459999999999
F;G,E;H,"271,251",-5.21944,3.83509,-9.05453
P;A,Q;M,"38,65",-5.22095,2.8474399999999997,-8.06839
C;N,D;H,"289,205",-5.22129,2.7687809999999997,-7.9900709999999995
G;V,S;D,"243,57",-5.22205,2.79265,-8.014700000000001
G;L,Q;D,"243,249",-5.22549,5.20659,-10.43208
K;Q,L;F,"252,182",-5.22594,-0.8820699999999999,-4.34387
G;N,P;K,"243,114",-5.22664,0.39707000000000003,-5.62371
W;T,P;N,"159,88",-5.22685,2.35373,-7.580579999999999
R;L,N;P,"132,216",-5.22708,3.1464,-8.37348
R;W,N;I,"132,159",-5.22837,3.48799,-8.71636
S;G,E;T,"207,254",-5.22853,-3.44958,-1.77895
S;W,V;I,"58,159",-5.23051,3.1579800000000002,-8.388490000000001
A;S,P;D,"152,103",-5.23098,3.11265,-8.34363
G;N,A;L,"243,138",-5.23172,2.66289,-7.89461
C;Q,L;V,"289,127",-5.23388,2.62677,-7.86065
L;K,E;A,"216,253",-5.23402,-0.8197399999999997,-4.414280000000001
W;R,K;K,"257,53",-5.23504,2.6905400000000004,-7.92558
C;V,L;D,"289,57",-5.23523,2.6412899999999997,-7.876519999999999
T;D,D;K,"88,263",-5.23571,3.3139399999999997,-8.54965
G;T,A;N,"243,198",-5.23576,2.61577,-7.85153
T;S,V;D,"198,103",-5.23641,2.8560999999999996,-8.09251
Q;V,R;C,"127,281",-5.23643,3.46847,-8.7049
I;Y,L;G,"111,63",-5.23734,0.24056999999999995,-5.47791
C;S,D;P,"289,188",-5.23847,1.638795,-6.877265
Q;T,P;L,"127,72",-5.23872,2.8567,-8.09542
T;G,E;P,"270,243",-5.24271,5.25726,-10.49997
Q;K,E;F,"127,253",-5.24299,-1.2854100000000002,-3.9575799999999997
W;R,K;N,"257,90",-5.24303,-11.08385,5.84082
R;I,N;R,"90,218",-5.24325,-11.48721,6.2439599999999995
L;C,I;L,"216,289",-5.24356,2.83561,-8.079170000000001
S;Y,N;S,"124,63",-5.24433,3.06132,-8.30565
Y;N,T;K,"63,233",-5.24508,0.11356999999999998,-5.35865
Y;S,T;E,"63,136",-5.24576,0.083952,-5.329712
R;Y,D;T,"90,63",-5.24727,-12.748322,7.501052
R;G,V;T,"34,254",-5.24791,-1.56597,-3.68194
W;S,C;T,"257,121",-5.24797,3.72079,-8.96876
R;F,Y;M,"123,191",-5.2482,2.1782719999999998,-7.4264719999999995
S;Q,M;P,"238,127",-5.2485,3.7121999999999997,-8.9607
Q;E,P;K,"127,231",-5.24914,2.83525,-8.084389999999999
C;R,D;A,"289,280",-5.25132,1.460313,-6.711633
L;Y,M;S,"216,63",-5.25163,0.41535999999999995,-5.666989999999999
A;G,P;T,"152,251",-5.25165,3.21509,-8.46674
Q;C,N;S,"133,289",-5.25252,0.05542999999999987,-5.30795
A;S,V;N,"65,103",-5.25348,3.5914400000000004,-8.84492
N;P,Y;K,"37,120",-5.25428,-0.082901,-5.171379
G;G,A;H,"243,251",-5.25505,2.6354100000000003,-7.89046
Q;L,K;K,"127,249",-5.25516,3.9255899999999997,-9.18075
S;Y,P;T,"245,63",-5.25583,1.133888,-6.389717999999999
T;Q,E;P,"270,127",-5.25652,5.02904,-10.28556
G;Q,I;V,"243,182",-5.25686,-0.05387999999999993,-5.20298
W;S,I;Y,"159,269",-5.25739,0.785295,-6.042685
S;Y,D;T,"58,63",-5.25885,1.6638579999999998,-6.922708
M;Q,P;M,"222,127",-5.2594,1.8697670000000002,-7.129167000000001
G;T,S;N,"243,198",-5.25974,2.71084,-7.97058
L;Q,P;Y,"216,119",-5.2637,-3.3650800000000003,-1.8986199999999998
Q;V,E;D,"133,57",-5.26553,3.3310999999999997,-8.59663
Q;Y,I;S,"182,63",-5.26716,-1.81231,-3.4548499999999995
G;N,S;L,"243,138",-5.2673,2.7579599999999997,-8.02526
S;M,H;H,"214,161",-5.2682,-1.87594,-3.3922600000000003
R;P,P;V,"90,184",-5.26857,-14.556763,9.288193
N;I,I;R,"37,218",-5.26879,2.93257,-8.201360000000001
W;Q,I;V,"159,127",-5.27002,2.74069,-8.01071
G;L,K;C,"243,249",-5.27006,4.20184,-9.4719
G;I,I;L,"243,145",-5.27074,3.4355,-8.706240000000001
C;F,L;M,"289,191",-5.27138,1.688522,-6.959902
R;S,N;D,"132,103",-5.27296,3.26042,-8.533380000000001
V;C,C;S,"281,289",-5.274,0.05835999999999997,-5.3323599999999995
C;L,D;M,"289,216",-5.27566,3.30407,-8.57973
D;Q,K;T,"263,91",-5.27583,2.6055599999999997,-7.88139
Q;N,R;T,"127,190",-5.27628,3.3865600000000002,-8.66284
Q;S,F;H,"182,187",-5.27653,-2.265562,-3.010968
S;Y,E;S,"115,63",-5.27892,0.64489,-5.9238100000000005
C;T,D;Q,"289,88",-5.28067,3.04389,-8.32456
Q;N,D;K,"127,138",-5.28087,3.24632,-8.527190000000001
H;Y,L;S,"104,63",-5.2813,0.53599,-5.81729
Q;L,W;D,"133,249",-5.28156,3.32881,-8.61037
R;D,L;K,"53,263",-5.28318,2.90794,-8.19112
S;C,N;A,"124,289",-5.2839,4.0303412,-9.3142412
L;M,C;H,"249,161",-5.28412,1.43502,-6.7191399999999994
M;I,P;R,"222,168",-5.28462,-13.36433,8.07971
Q;P,W;L,"133,38",-5.28633,3.37486,-8.661190000000001
W;L,C;F,"257,117",-5.28856,0.10011999999999999,-5.388680000000001
W;S,K;V,"257,223",-5.28919,2.6112,-7.90039
G;Q,Q;D,"243,127",-5.29027,5.83491,-11.12518
W;I,P;R,"159,168",-5.2909,-13.562990000000001,8.272090000000002
Q;H,E;R,"127,104",-5.29328,2.6604,-7.95368
Q;G,R;S,"127,243",-5.29341,3.80014,-9.09355
Y;G,G;A,"63,165",-5.29373,-5.90823,0.6144999999999996
S;T,T;N,"124,198",-5.29606,3.21155,-8.50761
R;H,Y;R,"123,104",-5.29619,3.08919,-8.38538
S;T,D;Q,"103,88",-5.29816,2.49865,-7.796810000000001
G;V,A;D,"243,57",-5.29851,2.69758,-7.996090000000001
S;N,P;L,"125,138",-5.29877,2.4177400000000002,-7.71651
G;A,I;M,"243,65",-5.29967,3.39705,-8.69672
S;Y,K;G,"124,63",-5.30121,1.36851,-6.66972
P;H,Q;R,"38,104",-5.30269,2.7771,-8.07979
S;C,P;A,"125,289",-5.30286,1.1291012,-6.4319612
V;T,D;N,"57,198",-5.30406,2.39471,-7.69877
S;V,T;D,"124,57",-5.30522,3.29336,-8.59858
Q;K,R;V,"127,253",-5.30525,0.4742900000000001,-5.77954
Q;L,E;E,"127,216",-5.30866,2.77654,-8.0852
S;P,W;K,"58,120",-5.31027,0.40378800000000004,-5.714058
Q;P,E;Q,"133,38",-5.31081,3.6735299999999995,-8.98434
D;M,L;P,"220,222",-5.31094,3.37841,-8.689350000000001
H;Y,T;S,"104,63",-5.31104,0.5877600000000001,-5.8988000000000005
D;A,Q;L,"220,272",-5.31112,0.79494,-6.106059999999999
Y;L,T;F,"63,117",-5.31228,-2.523192,-2.7890880000000005
S;N,D;K,"103,233",-5.31409,1.617572,-6.931662
W;R,I;A,"159,280",-5.31428,1.142643,-6.456923
P;L,L;E,"38,216",-5.31673,2.6937,-8.01043
K;S,V;P,"253,188",-5.31707,-1.967285,-3.3497850000000002
R;L,Y;F,"123,117",-5.31737,-0.4157900000000001,-4.90158
A;G,P;T,"152,254",-5.31797,-3.0243900000000004,-2.2935799999999995
Q;T,R;N,"127,198",-5.3182,3.4022,-8.7204
G;G,K;T,"243,251",-5.31863,4.4499200000000005,-9.768550000000001
Q;S,R;H,"127,214",-5.31961,0.07853000000000021,-5.39814
Q;C,R;A,"127,289",-5.32011,2.1606812,-7.4807912
Q;K,W;Y,"133,253",-5.32179,-0.5005099999999998,-4.82128
A;L,T;C,"180,249",-5.32247,2.7222299999999997,-8.044699999999999
S;Y,D;G,"58,63",-5.32385,0.5580699999999998,-5.88192
P;A,D;D,"197,226",-5.32666,-4.9954600000000005,-0.33119999999999994
F;I,E;L,"271,145",-5.32748,3.9642,-9.29168
A;P,W;K,"65,120",-5.3276,0.36362800000000006,-5.691228000000001
Y;Q,S;V,"63,182",-5.32942,-3.23827,-2.09115
S;Y,P;G,"245,63",-5.33282,0.028100000000000014,-5.36092
G;S,S;P,"243,125",-5.33298,2.76856,-8.10154
D;Q,L;P,"220,127",-5.33319,3.48894,-8.82213
I;S,L;F,"145,238",-5.3337,0.4539599999999999,-5.787660000000001
L;Q,P;A,"216,127",-5.33429,1.718816,-7.053106
L;G,Q;T,"216,251",-5.33641,3.0609900000000003,-8.397400000000001
S;N,D;T,"103,190",-5.33732,2.43019,-7.76751
Q;L,N;D,"127,249",-5.33896,3.68783,-9.02679
Q;P,N;L,"127,38",-5.33904,3.73388,-9.07292
D;Y,V;S,"186,63",-5.33922,0.73472,-6.07394
T;K,N;V,"198,253",-5.33993,-0.6150100000000001,-4.72492
P;N,Q;Y,"38,37",-5.34022,2.266431,-7.606651
R;W,L;I,"53,159",-5.34028,3.0957600000000003,-8.43604
V;S,D;H,"57,214",-5.34115,-0.92896,-4.41219
Q;I,T;R,"127,218",-5.34172,1.776364,-7.118084
G;R,I;S,"243,90",-5.34297,-4.04924,-1.29373
P;K,L;V,"38,253",-5.34366,-0.39030999999999993,-4.95335
R;C,V;L,"34,289",-5.34374,4.68472,-10.02846
W;T,K;K,"257,88",-5.34415,2.75942,-8.10357
L;R,D;P,"249,280",-5.34473,2.62607,-7.9708000000000006
S;S,N;D,"124,103",-5.34511,5.40479,-10.7499
G;K,K;A,"243,253",-5.34511,0.9258100000000002,-6.27092
G;T,P;L,"243,72",-5.34554,3.08492,-8.43046
W;S,C;W,"257,58",-5.34626,3.5811200000000003,-8.92738
L;P,F;K,"117,120",-5.34765,-3.0772120000000003,-2.2704379999999995
Q;K,N;F,"127,253",-5.34805,-0.39666999999999986,-4.95138
L;G,F;H,"216,251",-5.34892,2.46551,-7.81443
S;K,N;V,"103,253",-5.35365,-0.28234000000000004,-5.07131
L;S,D;H,"249,214",-5.35396,-0.83212,-4.52184
P;R,Q;K,"38,53",-5.35463,2.79698,-8.15161
Q;T,H;Y,"127,189",-5.35601,1.6850019999999999,-7.041012
P;A,L;E,"38,152",-5.35604,2.54751,-7.90355
W;I,I;L,"159,145",-5.35895,2.8221499999999997,-8.1811
Q;R,D;P,"127,280",-5.35952,3.25439,-8.61391
T;Y,M;T,"29,63",-5.35984,-7.147422000000001,1.7875820000000004
W;S,K;H,"257,187",-5.36052,1.334418,-6.6949380000000005
S;M,T;H,"124,161",-5.36131,2.34638,-7.7076899999999995
R;W,Q;K,"132,257",-5.36224,3.12608,-8.48832
N;G,T;T,"190,254",-5.36396,-3.70685,-1.6571099999999994
G;C,L;S,"243,289",-5.36727,2.4943,-7.86157
K;W,L;P,"252,185",-5.3689,1.24788375,-6.61678375
Y;S,G;E,"63,136",-5.36955,-1.021836,-4.347714
Q;S,P;F,"127,238",-5.36963,0.6516599999999999,-6.02129
Y;S,T;E,"63,121",-5.36989,-7.348682,1.9787920000000003
S;P,Y;V,"242,184",-5.3706,1.646157,-7.016757
L;Q,D;T,"249,91",-5.371,2.61153,-7.982530000000001
M;N,P;K,"222,233",-5.37131,1.7205620000000001,-7.091872
W;H,C;L,"257,104",-5.37178,3.99877,-9.37055
P;S,Q;P,"38,188",-5.37274,1.384865,-6.757605
Q;L,R;E,"127,216",-5.37393,3.5583,-8.93223
L;W,Q;I,"216,159",-5.37448,3.18612,-8.5606
A;D,T;K,"180,263",-5.37462,2.9076199999999996,-8.28224
P;S,L;P,"38,188",-5.37665,1.1853250000000002,-6.561975
W;D,C;N,"257,186",-5.37844,2.4228059,-7.8012459000000005
C;N,L;T,"289,190",-5.38047,2.5438400000000003,-7.92431
S;G,Y;T,"242,254",-5.38495,-3.65904,-1.7259099999999998
S;T,D;V,"103,72",-5.38627,2.51004,-7.89631
G;T,I;Q,"243,88",-5.38892,3.33957,-8.72849
Q;K,T;Y,"91,253",-5.39033,-1.21779,-4.17254
W;A,C;W,"257,65",-5.39099,3.54096,-8.93195
L;I,P;H,"216,168",-5.39108,-0.5717300000000001,-4.81935
S;R,D;P,"103,90",-5.39126,-13.724920000000001,8.333660000000002
G;A,I;D,"243,226",-5.39146,-4.43843,-0.95303
F;C,E;D,"271,289",-5.39174,4.49362,-9.88536
Q;A,D;T,"127,180",-5.3918,3.5419099999999997,-8.93371
W;A,K;W,"257,65",-5.39182,2.60652,-7.998340000000001
W;I,C;L,"257,111",-5.39212,3.96967,-9.36179
S;Y,W;G,"58,63",-5.39286,-0.14798,-5.24488
H;Y,M;G,"104,63",-5.39427,-0.02624000000000004,-5.368029999999999
Q;M,P;L,"127,262",-5.39521,-7.32513,1.92992
W;N,I;T,"159,190",-5.39551,2.65776,-8.05327
C;S,D;V,"289,58",-5.39559,3.47565,-8.87124
Q;V,E;C,"127,281",-5.3968,2.6867099999999997,-8.08351
G;S,I;V,"243,58",-5.39709,3.77133,-9.168420000000001
G;T,P;Y,"243,189",-5.39825,1.884982,-7.283232
S;K,N;Y,"124,253",-5.39936,1.62119,-7.02055
Q;G,I;T,"127,254",-5.39968,-2.7403500000000003,-2.6593299999999997
L;T,P;N,"216,88",-5.40053,2.33538,-7.73591
G;I,T;R,"251,168",-5.40055,-13.36488,7.9643299999999995
P;C,D;S,"197,289",-5.40178,0.4089099999999999,-5.810689999999999
L;S,K;P,"249,125",-5.40427,3.12797,-8.53224
T;S,D;D,"88,103",-5.40617,3.27419,-8.68036
P;Q,Q;V,"38,127",-5.40631,2.80443,-8.210740000000001
C;M,L;H,"289,161",-5.40873,1.69431,-7.10304
Q;T,P;Y,"127,189",-5.40877,1.6567619999999998,-7.065531999999999
D;W,L;P,"220,185",-5.40893,1.99026375,-7.39919375
Q;M,R;H,"127,161",-5.40896,2.53703,-7.94599
S;Y,M;T,"238,63",-5.41065,1.9946779999999997,-7.405328
Q;Q,E;N,"127,133",-5.4117,2.6837799999999996,-8.095479999999998
G;I,I;H,"243,168",-5.41181,0.38321000000000005,-5.79502
R;A,L;L,"53,272",-5.41191,-0.4941899999999999,-4.91772
S;Q,P;T,"125,127",-5.41272,1.919644,-7.332364
G;S,L;H,"243,214",-5.41504,1.4914399999999999,-6.90648
S;Y,K;S,"58,63",-5.41745,0.09118000000000004,-5.50863
F;P,E;V,"271,184",-5.41809,3.1165369999999997,-8.534627
T;Q,V;H,"198,127",-5.41811,3.09786,-8.51597
R;I,Y;V,"123,200",-5.41828,3.1813399999999996,-8.59962
W;M,C;L,"257,154",-5.41852,3.80344,-9.22196
R;M,Y;V,"123,154",-5.41928,-1.1132600000000001,-4.306019999999999
P;A,Q;M,"38,135",-5.42027,3.14351,-8.563780000000001
Q;G,R;T,"127,254",-5.42216,-2.60191,-2.8202499999999997
Y;N,S;H,"63,205",-5.42246,-0.11992899999999995,-5.302531
S;G,N;T,"124,251",-5.42301,5.50723,-10.93024
G;L,L;K,"243,249",-5.42422,5.5724599999999995,-10.99668
G;T,P;V,"243,198",-5.42763,3.29784,-8.72547
W;Q,I;A,"159,127",-5.42859,2.060406,-7.488996
A;W,P;K,"152,257",-5.43141,3.29752,-8.72893
S;S,T;P,"124,125",-5.43251,3.2692699999999997,-8.70178
R;P,V;Q,"34,38",-5.43695,4.86238,-10.299330000000001
W;A,C;M,"257,135",-5.43765,3.9715100000000003,-9.40916
G;Q,I;A,"243,127",-5.43782,2.673756,-8.111576
S;S,K;D,"124,103",-5.43796,3.9783,-9.416260000000001
G;T,I;N,"243,88",-5.43886,3.2903200000000004,-8.72918
W;S,P;W,"159,58",-5.44037,2.36614,-7.806509999999999
G;S,L;N,"243,103",-5.44045,5.14778,-10.58823
H;Y,M;T,"104,63",-5.4412,1.079548,-6.520748
K;L,L;P,"252,216",-5.44163,2.4190199999999997,-7.86065
Q;S,E;D,"133,103",-5.44185,3.38222,-8.824069999999999
L;V,D;C,"249,281",-5.44225,2.55782,-8.00007
N;K,L;L,"138,253",-5.443,0.14127,-5.58427
Q;Y,V;S,"127,63",-5.44371,0.16965000000000008,-5.61336
F;C,E;L,"271,289",-5.44374,4.06203,-9.50577
L;C,C;A,"249,289",-5.44384,1.0586712,-6.5025112
H;M,R;H,"104,161",-5.44478,1.48769,-6.9324699999999995
D;P,V;K,"186,120",-5.4451,1.020168,-6.465268
W;S,K;E,"257,207",-5.44627,2.87233,-8.3186
R;P,V;V,"34,184",-5.44751,3.739227,-9.186737
S;D,T;K,"124,263",-5.44778,3.3842299999999996,-8.83201
K;S,Y;H,"253,214",-5.44788,-4.66144,-0.7864399999999998
Y;S,T;Q,"63,188",-5.4484,-1.6514520000000001,-3.7969480000000004
T;Y,M;G,"29,63",-5.44853,-8.253210000000001,2.804680000000001
R;Y,N;G,"90,63",-5.44859,-13.87851,8.42992
S;Y,V;T,"223,63",-5.44995,0.9223279999999999,-6.3722780000000006
W;R,C;Q,"257,132",-5.45031,4.06052,-9.51083
Q;C,I;D,"127,289",-5.45045,3.94193,-9.39238
N;Y,Y;G,"37,63",-5.45045,-0.634669,-4.815781
A;G,V;H,"65,251",-5.45465,3.27841,-8.73306
S;G,A;P,"124,243",-5.45487,3.87397,-9.32884
S;Q,K;P,"124,127",-5.45537,4.19182,-9.64719
A;L,V;D,"65,249",-5.45612,3.4374200000000004,-8.893540000000002
S;G,K;P,"124,243",-5.45657,4.42004,-9.87661
C;I,D;R,"289,168",-5.45902,-12.922080000000001,7.463060000000001
N;W,I;K,"37,257",-5.45932,3.3359300000000003,-8.79525
F;Q,E;R,"271,127",-5.46045,4.90475,-10.3652
G;R,T;A,"251,280",-5.46197,1.0175130000000001,-6.479483
G;L,S;C,"243,249",-5.46298,2.69813,-8.16111
Q;T,P;M,"127,51",-5.463,2.8175999999999997,-8.2806
A;W,T;I,"180,159",-5.46561,3.09544,-8.56105
W;Q,C;L,"257,182",-5.46594,0.7089300000000001,-6.17487
C;K,L;V,"289,253",-5.46717,-0.36843000000000004,-5.09874
S;Q,K;H,"124,127",-5.46799,4.22006,-9.68805
W;A,K;L,"257,65",-5.46855,2.75532,-8.22387
S;C,N;L,"124,289",-5.47017,5.51844,-10.988610000000001
T;M,E;P,"270,222",-5.47175,4.9185099999999995,-10.39026
L;S,F;D,"216,103",-5.47181,2.5788,-8.050609999999999
Q;L,N;C,"133,249",-5.47375,2.36353,-7.83728
G;C,S;S,"243,289",-5.47389,0.3900299999999999,-5.86392
Y;S,G;E,"63,121",-5.47782,-8.45447,2.9766500000000002
A;Y,W;T,"65,63",-5.47825,0.9176480000000001,-6.395898
P;L,D;C,"197,249",-5.4785,2.71701,-8.19551
Q;R,P;D,"127,90",-5.48149,-11.0308,5.549309999999999
C;R,D;L,"289,53",-5.48158,3.41343,-8.89501
S;Q,D;P,"58,127",-5.48441,3.38138,-8.86579
L;Q,D;T,"249,127",-5.48462,2.040574,-7.525193999999999
E;Q,K;F,"231,182",-5.48624,-0.79338,-4.69286
P;R,L;P,"38,90",-5.48659,-13.63315,8.146560000000001
G;K,L;Y,"243,253",-5.48846,1.16444,-6.6529
A;Y,W;G,"65,63",-5.48895,-0.18813999999999997,-5.30081
P;T,K;Y,"120,189",-5.48909,-0.6147800000000001,-4.8743099999999995
G;R,H;A,"251,90",-5.48954,-4.881399999999999,-0.6081400000000006
G;S,T;P,"251,188",-5.49068,1.1959950000000001,-6.686675
W;A,K;E,"257,152",-5.49153,2.64061,-8.13214
Q;N,N;L,"127,138",-5.49272,3.5563000000000002,-9.04902
W;A,C;E,"257,152",-5.49291,3.57505,-9.06796
S;K,Y;Y,"242,253",-5.49681,-1.3055999999999999,-4.19121
G;P,K;L,"243,38",-5.49697,4.43925,-9.93622
L;P,K;Q,"249,38",-5.49699,3.49449,-8.99148
Q;W,L;P,"127,159",-5.49716,2.7434000000000003,-8.24056
W;S,C;H,"257,187",-5.49799,2.268858,-7.7668479999999995
Y;R,S;D,"63,90",-5.49799,-13.58779,8.0898
W;I,I;R,"159,168",-5.49884,-13.23975,7.74091
T;Q,V;P,"198,127",-5.49968,3.0696199999999996,-8.569299999999998
Q;N,P;K,"127,114",-5.50002,0.16884999999999994,-5.66887
S;M,P;H,"125,161",-5.50087,1.50545,-7.00632
W;R,C;Q,"257,224",-5.50104,3.209791,-8.710830999999999
A;P,T;L,"180,38",-5.50291,2.9596400000000003,-8.46255
G;T,I;D,"243,88",-5.50373,4.11511,-9.618839999999999
A;Y,L;T,"65,63",-5.5046,1.0664479999999998,-6.571047999999999
G;F,T;M,"251,191",-5.50473,1.6773120000000001,-7.182042000000001
G;L,L;C,"243,249",-5.50536,4.8024,-10.307759999999998
D;Y,Q;G,"220,63",-5.50681,1.5475299999999999,-7.05434
A;Q,L;M,"272,127",-5.50802,-1.5956029999999999,-3.9124170000000005
Y;Q,S;L,"63,182",-5.50819,-2.75385,-2.75434
C;Q,L;Y,"289,119",-5.50904,-3.13741,-2.3716299999999997
Q;G,N;T,"127,254",-5.50978,-2.49493,-3.01485
S;R,N;T,"103,90",-5.5099,-5.26857,-0.2413299999999996
L;P,Q;Q,"216,38",-5.51162,3.24986,-8.761479999999999
G;P,Q;Q,"243,38",-5.51226,5.45218,-10.96444
G;D,T;N,"254,186",-5.51312,-4.8335441,-0.6795758999999997
S;G,D;A,"103,165",-5.51326,-3.29844,-2.21482
R;S,L;D,"53,103",-5.51346,2.8681900000000002,-8.38165
Q;S,P;Q,"127,188",-5.51567,0.06606999999999985,-5.58174
Q;K,N;A,"133,253",-5.51667,-0.9124999999999999,-4.604170000000001
W;A,K;F,"257,65",-5.51716,2.65937,-8.17653
S;S,D;W,"103,58",-5.51761,2.46181,-7.97942
W;Q,C;Y,"257,119",-5.51812,-2.1317500000000003,-3.3863699999999994
S;L,V;P,"58,216",-5.519,2.81639,-8.33539
V;G,C;H,"281,251",-5.52263,2.39881,-7.9214400000000005
L;S,I;P,"216,125",-5.52276,2.64675,-8.169509999999999
R;Y,N;S,"132,63",-5.52287,0.9169499999999999,-6.43982
P;R,Q;D,"38,90",-5.52323,-10.953009999999999,5.429779999999999
G;L,I;W,"243,216",-5.52344,3.50116,-9.0246
L;N,D;K,"249,138",-5.5244,2.618,-8.1424
G;C,A;S,"243,289",-5.52536,0.2949599999999999,-5.82032
C;H,D;R,"289,104",-5.52559,3.03103,-8.55662
Y;G,T;A,"63,165",-5.52606,-4.802442,-0.7236180000000001
P;I,Q;V,"38,200",-5.52731,2.86925,-8.396560000000001
W;A,C;L,"257,65",-5.52775,3.6897599999999997,-9.21751
C;L,D;F,"289,216",-5.52942,3.12404,-8.653459999999999
G;K,T;V,"254,253",-5.53074,-6.619120000000001,1.0883800000000008
V;K,C;A,"281,253",-5.53201,-0.9095699999999998,-4.62244
C;R,D;T,"289,90",-5.53343,-4.92307,-0.61036
G;Q,L;E,"243,127",-5.53368,5.12265,-10.65633
W;T,C;K,"257,88",-5.53446,3.69386,-9.22832
L;A,K;T,"249,180",-5.53458,3.4922899999999997,-9.026869999999999
G;L,K;K,"243,249",-5.53648,4.9719,-10.508379999999999
Y;S,G;Q,"63,188",-5.53837,-2.7572400000000004,-2.781129999999999
P;Q,D;E,"197,127",-5.53886,3.03726,-8.57612
P;S,Q;F,"38,238",-5.53945,0.7294499999999999,-6.2689
R;G,K;H,"53,251",-5.54028,2.39238,-7.93266
P;R,L;N,"38,90",-5.54113,-11.17695,5.63582
G;Q,T;T,"251,127",-5.54171,2.097294,-7.639004
A;Q,T;N,"180,133",-5.54537,2.79828,-8.34365
D;S,Q;D,"220,103",-5.54539,4.15732,-9.70271
V;N,D;L,"57,138",-5.54583,2.44183,-7.98766
A;P,P;Q,"152,38",-5.54605,3.4039599999999997,-8.950009999999999
H;P,T;K,"104,120",-5.54919,0.873208,-6.422398
T;M,N;H,"198,161",-5.55002,1.44773,-6.99775
Y;A,S;D,"63,226",-5.55004,-7.622820000000001,2.0727800000000007
Q;P,W;V,"133,184",-5.5502,2.451247,-8.001447
C;N,D;T,"289,190",-5.55023,2.9754300000000002,-8.52566
S;S,A;N,"124,103",-5.55213,3.63197,-9.1841
N;I,Y;R,"37,218",-5.55236,1.756631,-7.308991000000001
Q;G,E;H,"133,251",-5.55248,3.26893,-8.82141
L;K,Q;Y,"216,253",-5.55338,-0.8250499999999998,-4.72833
I;Y,L;T,"111,63",-5.55466,1.346358,-6.9010180000000005
G;P,Q;V,"243,184",-5.55523,4.329027,-9.884257
Q;P,T;V,"127,184",-5.55539,1.163011,-6.718401
W;F,C;W,"257,271",-5.55587,4.29503,-9.8509
G;T,P;V,"243,72",-5.55663,2.9517800000000003,-8.508410000000001
S;Y,T;T,"121,63",-5.55879,1.097478,-6.656268
D;W,L;P,"220,159",-5.55908,3.1797500000000003,-8.73883
W;Q,P;M,"159,127",-5.55981,1.6711070000000001,-7.230917
Q;G,T;T,"91,254",-5.56022,-3.5712300000000003,-1.9889899999999998
C;K,D;V,"289,253",-5.56079,0.06315999999999988,-5.62395
A;I,P;R,"152,218",-5.56122,2.89416,-8.45538
F;G,E;T,"271,251",-5.56467,4.05082,-9.61549
Y;L,G;F,"63,117",-5.56488,-3.6289800000000003,-1.9358999999999993
S;I,H;R,"214,218",-5.56548,-1.09633,-4.46915
P;K,D;A,"197,253",-5.56767,-0.5590199999999999,-5.008649999999999
C;L,L;E,"289,216",-5.57106,2.71558,-8.28664
S;I,T;R,"121,218",-5.57132,2.38299,-7.9543099999999995
G;Q,I;E,"243,133",-5.57168,4.22314,-9.79482
G;I,I;R,"243,168",-5.57185,-12.6264,7.05455
S;Q,V;F,"58,182",-5.57294,-0.4846999999999999,-5.08824
W;S,C;V,"257,223",-5.57357,3.5456399999999997,-9.119209999999999
W;R,C;K,"257,53",-5.57834,3.62498,-9.20332
A;P,V;Q,"65,38",-5.57872,3.6830100000000003,-9.26173
T;M,V;P,"198,222",-5.58074,2.9590899999999998,-8.539829999999998
V;K,D;V,"57,253",-5.58134,-0.5332000000000001,-5.04814
R;S,P;P,"280,125",-5.58173,2.50514,-8.086870000000001
D;L,V;P,"186,216",-5.58465,2.96417,-8.54882
G;L,K;D,"243,249",-5.58851,4.3932,-9.98171
N;R,L;A,"138,90",-5.58931,-4.85392,-0.7353900000000007
Q;K,L;Y,"127,253",-5.59068,-0.9445299999999999,-4.6461500000000004
W;A,C;P,"257,152",-5.59161,4.23196,-9.82357
W;A,C;F,"257,65",-5.59254,3.59381,-9.18635
A;P,V;V,"65,184",-5.59355,2.559857,-8.153407
N;P,K;V,"138,184",-5.59361,1.740437,-7.334047
H;A,T;L,"104,272",-5.59552,-0.4311499999999999,-5.16437
R;Y,S;S,"90,63",-5.59729,-7.23363,1.6363399999999997
C;R,L;T,"289,90",-5.60003,-5.35466,-0.2453700000000003
P;R,Q;Q,"38,224",-5.60094,2.3817909999999998,-7.982730999999999
H;Y,L;T,"104,63",-5.60107,1.3754579999999998,-6.976528
V;M,D;H,"57,161",-5.60278,1.52954,-7.13232
G;S,P;F,"243,238",-5.60536,0.87988,-6.48524
A;S,T;P,"180,188",-5.60607,1.382665,-6.988735
S;P,N;K,"124,120",-5.60663,3.346768,-8.953398
Q;K,D;V,"127,253",-5.60699,0.1919599999999999,-5.79895
S;K,P;V,"125,253",-5.60726,-0.5572900000000001,-5.04997
W;R,K;Q,"257,224",-5.60735,2.275351,-7.882701000000001
G;M,P;L,"243,262",-5.60801,-7.09691,1.4889000000000001
W;S,C;Q,"257,188",-5.6091,0.97186,-6.580959999999999
Q;W,M;P,"127,185",-5.60917,0.48162075000000004,-6.09079075
S;L,N;I,"103,216",-5.60928,2.9217,-8.53098
W;S,C;E,"257,207",-5.61012,3.80677,-9.41689
Q;G,P;A,"127,165",-5.61021,-3.08492,-2.5252900000000005
C;K,D;L,"289,253",-5.61029,0.7723199999999999,-6.38261
W;T,I;N,"159,88",-5.61092,2.67697,-8.28789
S;Y,T;G,"121,63",-5.61095,-0.00831000000000004,-5.60264
R;N,P;L,"280,138",-5.61289,2.4945399999999998,-8.10743
Q;M,W;H,"133,161",-5.61414,2.28499,-7.8991299999999995
I;W,L;K,"111,257",-5.61526,3.0352300000000003,-8.650490000000001
Y;I,S;R,"63,168",-5.61556,-15.81079,10.19523
I;I,L;R,"145,218",-5.61724,2.3760899999999996,-7.993329999999999
K;C,A;A,"253,289",-5.61799,-2.2173588,-3.4006312
A;Y,M;T,"135,63",-5.61831,1.348198,-6.966508
T;G,L;T,"72,254",-5.61886,-3.4938600000000006,-2.124999999999999
N;R,L;T,"138,90",-5.61922,-5.55412,-0.06510000000000016
L;N,K;L,"249,138",-5.61959,3.11737,-8.73696
Y;D,T;N,"63,186",-5.62082,-0.20050610000000002,-5.4203139
G;Q,K;D,"243,127",-5.62321,5.02152,-10.64473
L;R,P;P,"216,90",-5.62328,-13.838940000000001,8.21566
Q;I,T;R,"91,218",-5.62394,2.34732,-7.97126
L;V,K;D,"249,57",-5.62577,3.1520599999999996,-8.77783
Q;C,D;A,"127,289",-5.62683,1.8783512,-7.5051812
A;G,N;T,"226,251",-5.62823,2.8326700000000002,-8.4609
G;S,P;W,"243,58",-5.62994,2.90355,-8.53349
G;T,P;M,"243,51",-5.63005,3.04582,-8.67587
Q;L,E;P,"133,216",-5.63006,3.2681999999999998,-8.89826
W;Q,K;Y,"257,119",-5.63022,-3.06619,-2.5640299999999994
S;Y,V;S,"58,63",-5.63243,0.58694,-6.2193700000000005
A;Y,M;G,"135,63",-5.63307,0.24241000000000001,-5.87548
G;R,I;P,"243,90",-5.63314,-12.884,7.25086
L;C,K;S,"249,289",-5.63369,0.7494399999999999,-6.3831299999999995
C;R,D;P,"289,90",-5.63385,-13.179680000000001,7.545830000000001
G;R,L;Y,"243,123",-5.63431,5.5514399999999995,-11.185749999999999
R;G,Y;A,"123,243",-5.63448,3.3521,-8.98658
A;P,V;L,"65,38",-5.63791,3.4834700000000005,-9.12138
L;G,E;H,"216,251",-5.63792,2.48864,-8.126560000000001
W;Q,K;L,"257,182",-5.6388,-0.22550999999999988,-5.41329
Q;W,E;I,"133,159",-5.63907,3.60979,-9.24886
N;K,L;V,"138,253",-5.64098,-0.56789,-5.07309
Q;H,P;M,"127,104",-5.64237,2.7970699999999997,-8.43944
L;P,E;V,"216,184",-5.64243,1.7700870000000002,-7.412517
A;K,T;Y,"180,253",-5.6446,-0.9157299999999999,-4.72887
W;R,I;P,"159,90",-5.64821,-13.49735,7.849140000000001
W;Q,K;V,"257,127",-5.64866,2.69799,-8.34665
Q;G,E;A,"127,243",-5.64919,2.92331,-8.5725
S;V,N;C,"103,281",-5.6492,2.71184,-8.361040000000001
W;L,I;F,"159,216",-5.64938,2.8063700000000003,-8.45575
W;M,K;L,"257,262",-5.65037,-7.35378,1.7034100000000008
G;S,T;P,"254,188",-5.65047,-5.043485,-0.6069849999999999
Y;I,S;H,"63,168",-5.65201,-2.80118,-2.8508299999999998
A;P,T;V,"180,184",-5.65356,2.036027,-7.6895869999999995
G;K,L;A,"243,253",-5.65515,1.52637,-7.18152
G;Q,I;I,"243,127",-5.65664,4.23761,-9.89425
Y;D,G;N,"63,186",-5.65674,-1.3062941000000001,-4.3504459
W;S,P;Y,"159,269",-5.65791,0.462055,-6.1199650000000005
P;A,Q;D,"38,226",-5.65884,-4.988040000000001,-0.670799999999999
P;K,L;A,"38,253",-5.65888,-0.7511399999999997,-4.90774
L;Y,W;G,"216,63",-5.65912,0.050449999999999884,-5.709569999999999
Q;P,T;V,"91,184",-5.65912,1.733967,-7.3930869999999995
G;R,I;N,"243,132",-5.65942,4.10134,-9.760760000000001
P;M,Q;V,"38,154",-5.66015,-1.4253500000000001,-4.2348
N;G,K;H,"138,251",-5.66091,2.45899,-8.119900000000001
Q;S,H;E,"127,136",-5.66145,1.829714,-7.491164
I;K,L;A,"145,253",-5.66155,-0.8270899999999999,-4.83446
Y;S,T;H,"63,187",-5.66228,-0.35445400000000005,-5.307826
W;I,I;V,"159,200",-5.66259,2.80551,-8.4681
G;R,P;D,"243,90",-5.66521,-10.802579999999999,5.137369999999999
D;Q,Q;P,"220,127",-5.6659,4.370839999999999,-10.036739999999998
W;H,C;T,"257,104",-5.66634,4.05054,-9.71688
G;P,K;V,"243,184",-5.66701,3.515637,-9.182647
A;Y,F;T,"65,63",-5.66949,0.970498,-6.639988
R;V,Y;C,"123,281",-5.67162,3.1155,-8.78712
A;Y,L;G,"65,63",-5.67167,-0.03934000000000015,-5.63233
Q;T,E;N,"127,198",-5.67253,2.62044,-8.29297
L;K,E;Y,"216,253",-5.67299,-1.1816699999999998,-4.491320000000001
D;L,K;E,"263,216",-5.67373,2.64168,-8.31541
A;D,V;K,"65,263",-5.67455,3.43145,-9.106
S;W,M;P,"238,185",-5.67543,2.21352375,-7.888953750000001
G;R,I;L,"243,53",-5.67668,3.70911,-9.38579
A;K,T;A,"180,253",-5.67968,-0.5537999999999998,-5.12588
S;S,P;H,"125,214",-5.68005,-0.95305,-4.726999999999999
Q;P,N;V,"127,184",-5.68026,2.810267,-8.490527
Q;T,P;V,"127,72",-5.68146,2.72356,-8.40502
M;T,P;L,"222,72",-5.68308,2.74617,-8.42925
Q;K,K;A,"127,253",-5.68311,-0.12049999999999983,-5.56261
G;R,T;T,"251,90",-5.6837,-5.36587,-0.31782999999999983
A;C,N;L,"226,289",-5.68384,2.84388,-8.52772
S;Y,V;G,"223,63",-5.68385,-0.18346000000000018,-5.5003899999999994
F;W,W;P,"271,159",-5.68458,3.08005,-8.76463
W;S,K;K,"257,58",-5.68588,2.61952,-8.3054
Q;W,N;I,"127,159",-5.68644,3.8696800000000002,-9.55612
R;L,P;C,"280,249",-5.68647,2.43471,-8.121179999999999
Q;C,E;A,"127,289",-5.68665,1.3789212,-7.0655712
W;S,C;E,"257,115",-5.6883,4.10767,-9.79597
R;G,V;H,"34,251",-5.68947,4.4577800000000005,-10.14725
T;W,E;P,"270,185",-5.69119,3.53036375,-9.22155375
D;M,K;V,"263,154",-5.69291,-1.6769100000000001,-4.016
S;W,N;C,"124,257",-5.69292,6.5241,-12.21702
A;S,L;Q,"272,188",-5.69324,-3.50983,-2.1834100000000003
T;Y,N;S,"88,63",-5.69367,0.10593000000000008,-5.7996
Q;M,T;H,"127,161",-5.69439,0.996754,-6.691144
M;N,P;K,"222,114",-5.69489,0.05832000000000015,-5.75321
D;W,V;K,"186,257",-5.69537,3.2630600000000003,-8.95843
Q;L,I;P,"127,216",-5.69695,3.28267,-8.97962
W;L,K;W,"257,216",-5.69742,2.84511,-8.54253
G;Q,P;L,"243,182",-5.69964,0.031360000000000054,-5.731
P;L,D;D,"197,249",-5.70041,2.9083699999999997,-8.60878
A;E,D;K,"130,231",-5.70082,3.7939599999999998,-9.49478
S;W,H;P,"214,185",-5.70111,-2.16299625,-3.53811375
A;Q,L;A,"272,127",-5.70294,-1.529544,-4.173396
A;Y,P;S,"152,63",-5.70361,0.76918,-6.47279
S;S,N;H,"103,214",-5.70394,-0.6780999999999999,-5.0258400000000005
G;A,K;T,"243,180",-5.70648,4.63659,-10.34307
W;L,C;M,"257,216",-5.70652,3.87814,-9.58466
S;P,N;Q,"124,38",-5.70818,5.6960999999999995,-11.40428
N;C,L;A,"138,289",-5.70865,1.1185012,-6.827151199999999
G;L,I;F,"243,216",-5.70942,3.41972,-9.12914
N;L,L;C,"138,249",-5.71258,2.3473100000000002,-8.05989
P;I,Q;L,"38,145",-5.71376,2.88589,-8.59965
D;M,Q;P,"220,222",-5.71415,4.2603100000000005,-9.97446
Q;V,D;C,"127,281",-5.71516,3.18614,-8.901299999999999
Q;R,N;Y,"127,123",-5.71785,4.24551,-9.963360000000002
T;I,V;R,"198,218",-5.71806,2.6376099999999996,-8.35567
Q;N,T;L,"91,138",-5.71906,2.48,-8.19906
L;S,W;D,"216,103",-5.72007,2.66024,-8.38031
G;P,Q;L,"243,38",-5.72031,5.25264,-10.97295
Q;Q,P;L,"127,182",-5.72044,-0.19686000000000003,-5.52358
D;N,K;K,"263,138",-5.7211,2.61203,-8.33313
G;K,S;A,"243,253",-5.72365,-0.5778999999999999,-5.1457500000000005
P;S,Q;H,"38,214",-5.7244,-0.58653,-5.13787
Q;P,W;Q,"133,38",-5.72453,3.5744,-9.298929999999999
G;G,P;A,"243,165",-5.72523,-2.8567,-2.86853
L;I,P;R,"216,168",-5.72628,-13.58134,7.855060000000001
M;Y,L;T,"154,63",-5.72774,1.1801279999999998,-6.907868
P;R,Q;A,"38,90",-5.72995,-4.4768,-1.2531499999999998
R;P,P;V,"280,184",-5.73025,1.748507,-7.478757
W;F,C;M,"257,271",-5.73108,4.565300000000001,-10.296380000000001
S;L,A;P,"124,216",-5.7318,3.31821,-9.05001
G;N,P;K,"243,233",-5.73276,2.059312,-7.792071999999999
C;S,D;Y,"289,269",-5.73311,1.1029649999999998,-6.836074999999999
R;Y,K;G,"53,63",-5.7336,-0.10411999999999999,-5.62948
T;Y,K;T,"88,63",-5.73441,1.0705479999999998,-6.804957999999999
Q;G,W;H,"133,251",-5.73509,3.1698000000000004,-8.90489
S;W,N;K,"124,257",-5.73637,5.58966,-11.32603
R;Y,K;T,"53,63",-5.7368,1.001668,-6.738467999999999
G;S,P;T,"243,214",-5.73773,1.405162,-7.142892
S;T,D;M,"103,29",-5.73999,-5.643420000000001,-0.09656999999999893
S;G,D;P,"58,243",-5.74029,3.6096,-9.34989
N;M,L;H,"138,161",-5.7403,1.49485,-7.235150000000001
S;P,Q;K,"188,120",-5.74161,-2.2054720000000003,-3.5361379999999993
T;Y,D;S,"88,63",-5.74596,0.93072,-6.67668
A;Y,E;T,"152,63",-5.74671,0.9517380000000001,-6.698448
K;P,V;V,"253,184",-5.74725,-1.313923,-4.433327
Q;G,N;T,"133,254",-5.74853,-3.6278700000000006,-2.120659999999999
P;P,D;L,"197,38",-5.75023,2.95442,-8.70465
D;I,K;V,"263,200",-5.751,2.6176899999999996,-8.36869
W;D,C;V,"257,186",-5.75147,4.1975,-9.94897
Y;Q,S;A,"63,127",-5.75266,-0.5106339999999999,-5.242026
P;T,Q;Q,"38,88",-5.7534,2.7899599999999998,-8.54336
T;S,N;H,"198,214",-5.75358,-1.01077,-4.74281
T;C,N;S,"198,289",-5.75414,-0.007910000000000084,-5.74623
Q;G,T;H,"91,251",-5.7547,2.45252,-8.20722
Y;S,G;H,"63,187",-5.75523,-1.460242,-4.294988
Q;P,V;K,"182,120",-5.75644,-2.9528220000000003,-2.8036179999999993
W;N,K;H,"257,205",-5.75673,2.408411,-8.165141
Q;A,F;D,"182,226",-5.75737,-8.69446,2.9370899999999995
L;Y,W;S,"216,63",-5.75852,0.31677,-6.07529
W;Q,K;A,"257,127",-5.75939,2.017706,-7.777096
M;P,L;K,"154,120",-5.7605,0.6261079999999999,-6.386608000000001
G;K,A;A,"243,253",-5.76236,-0.6729699999999998,-5.08939
G;A,I;N,"243,226",-5.7636,3.5711500000000003,-9.33475
R;L,L;P,"53,216",-5.7651,2.7541700000000002,-8.51927
Q;K,N;Y,"133,253",-5.76685,-1.27443,-4.49242
S;C,P;S,"125,289",-5.76706,0.04980999999999991,-5.81687
R;Y,Q;G,"132,63",-5.76723,0.3314199999999998,-6.098649999999999
T;W,L;P,"72,185",-5.7673,1.3580237499999999,-7.12532375
C;Q,L;T,"289,127",-5.76735,2.108504,-7.875854
L;Y,M;T,"216,63",-5.76795,1.2548279999999998,-7.022778
G;S,P;P,"243,245",-5.76918,3.07963,-8.84881
R;K,Y;F,"123,253",-5.76954,-0.8566200000000002,-4.91292
P;T,L;N,"38,198",-5.77023,2.5376000000000003,-8.30783
A;R,T;P,"180,280",-5.77144,2.86946,-8.6409
H;K,R;A,"104,253",-5.77208,-0.9358799999999998,-4.8362
G;R,T;P,"254,90",-5.7723,-19.86196,14.089659999999999
I;I,L;R,"111,218",-5.77256,2.63187,-8.404430000000001
N;Y,T;S,"190,63",-5.77256,0.08672000000000013,-5.85928
I;A,L;L,"111,272",-5.77317,-0.5120199999999999,-5.261150000000001
S;Y,E;T,"207,63",-5.77368,1.183458,-6.957138
Q;C,N;L,"127,289",-5.77422,3.7557600000000004,-9.52998
S;Y,K;T,"124,63",-5.77634,2.474298,-8.250638
Y;R,T;Q,"63,224",-5.77834,0.586479,-6.364819
Q;W,I;I,"127,159",-5.78101,3.62426,-9.40527
A;G,V;T,"65,254",-5.78168,-2.74534,-3.0363399999999996
S;L,T;C,"124,249",-5.78296,3.1988399999999997,-8.9818
T;Y,Q;S,"88,63",-5.78341,0.1551800000000001,-5.93859
G;N,I;T,"243,190",-5.78675,3.27111,-9.05786
A;S,L;F,"272,238",-5.7869,-2.92424,-2.86266
G;S,P;E,"243,136",-5.78699,2.029694,-7.816684
W;Q,P;A,"159,127",-5.78731,1.7371660000000002,-7.524476
Q;V,E;D,"127,57",-5.78786,2.70225,-8.49011
Q;L,P;F,"127,117",-5.78918,-0.8056700000000001,-4.98351
R;Y,Q;T,"132,63",-5.78991,1.4372079999999998,-7.227118
G;R,Q;Y,"243,123",-5.79084,5.76427,-11.555109999999999
L;W,F;P,"216,159",-5.79097,2.48313,-8.2741
F;Y,M;G,"271,63",-5.79123,0.8362,-6.6274299999999995
L;P,K;L,"249,38",-5.79123,3.29495,-9.086179999999999
Q;T,P;M,"127,29",-5.79129,-5.4299,-0.3613900000000001
H;Q,T;F,"104,182",-5.7917,-0.48387999999999987,-5.3078199999999995
M;Y,L;G,"154,63",-5.79238,0.07433999999999985,-5.866719999999999
I;P,L;K,"111,120",-5.79247,0.792338,-6.584808
P;K,D;Y,"197,253",-5.79384,-0.9209499999999999,-4.87289
A;Y,M;T,"65,63",-5.79391,1.052128,-6.846038
S;M,A;P,"124,222",-5.79417,3.5352200000000003,-9.32939
S;T,P;N,"125,198",-5.79419,2.3706199999999997,-8.16481
L;Y,F;S,"216,63",-5.79524,0.23533000000000004,-6.03057
G;L,A;C,"243,249",-5.79605,2.60306,-8.39911
H;P,M;K,"104,120",-5.7965,0.525528,-6.3220279999999995
R;R,V;Y,"34,123",-5.79736,5.17447,-10.97183
P;Q,Q;T,"38,91",-5.79897,2.85712,-8.656089999999999
G;S,I;Y,"243,242",-5.80066,3.3189200000000003,-9.11958
V;C,D;S,"57,289",-5.80238,0.07389999999999985,-5.87628
S;Q,T;D,"124,127",-5.80375,4.01852,-9.82227
S;R,D;N,"103,90",-5.80476,-11.26872,5.46396
S;P,T;K,"214,120",-5.80516,-1.0946,-4.71056
R;W,K;P,"53,159",-5.80628,2.41,-8.216280000000001
R;K,P;A,"280,253",-5.80717,-0.8413199999999998,-4.9658500000000005
A;P,L;K,"65,120",-5.80867,0.5124279999999999,-6.321098
G;A,L;T,"243,180",-5.8093,5.23715,-11.04645
R;Q,Y;T,"123,127",-5.80956,2.598254,-8.407814
Q;P,D;D,"127,197",-5.81047,3.53669,-9.347159999999999
S;M,M;P,"238,222",-5.81081,3.60167,-9.41248
W;I,K;H,"257,168",-5.81116,-0.27283999999999997,-5.538320000000001
T;Y,K;G,"88,63",-5.81371,-0.03524000000000016,-5.77847
Q;G,D;S,"127,243",-5.81401,3.51781,-9.33182
Q;S,D;H,"127,214",-5.81413,-0.20379999999999998,-5.610329999999999
C;R,L;P,"289,280",-5.81435,2.694,-8.50835
R;W,N;K,"132,257",-5.81475,3.44529,-9.26004
Q;N,P;K,"127,233",-5.81477,1.831092,-7.645862
M;T,P;Y,"222,189",-5.81536,1.546232,-7.361592
R;N,Y;K,"123,138",-5.81538,3.17568,-8.991060000000001
Q;Q,D;N,"127,133",-5.81584,3.18321,-8.99905
Q;R,P;N,"127,90",-5.81685,-11.0552,5.23835
Y;Q,T;V,"63,182",-5.81688,-2.398802,-3.4180780000000004
G;L,P;F,"243,117",-5.8181,-0.57745,-5.2406500000000005
N;Q,Y;M,"244,127",-5.81918,2.1282769999999998,-7.947457
C;S,L;H,"289,214",-5.81957,-0.7641899999999999,-5.0553799999999995
G;H,P;M,"243,104",-5.82036,3.02529,-8.84565
H;Y,L;G,"104,63",-5.82084,0.26966999999999985,-6.090509999999999
D;P,N;K,"186,120",-5.82168,-0.7545261000000001,-5.067153899999999
P;S,D;N,"197,103",-5.82271,3.0623899999999997,-8.8851
P;N,L;K,"38,138",-5.82412,2.66405,-8.48817
Q;S,H;T,"127,121",-5.825,2.8432399999999998,-8.66824
W;A,K;M,"257,65",-5.82529,2.741,-8.56629
L;I,F;R,"117,218",-5.82592,-1.2376800000000001,-4.58824
G;S,P;Q,"243,188",-5.82692,0.29428999999999994,-6.1212100000000005
N;I,T;R,"190,218",-5.82986,2.2117,-8.04156
S;I,E;R,"115,218",-5.83032,2.76987,-8.600190000000001
R;S,V;N,"34,103",-5.83113,4.77081,-10.601939999999999
Q;S,P;E,"127,121",-5.83116,-5.6311599999999995,-0.20000000000000018
Q;P,I;Q,"127,38",-5.83138,3.6879999999999997,-9.51938
S;M,D;P,"58,222",-5.83139,3.2708500000000003,-9.10224
G;Q,S;E,"243,127",-5.83255,3.0183799999999996,-8.85093
P;N,D;L,"197,138",-5.83418,2.77684,-8.61102
C;N,L;K,"289,138",-5.83639,2.68593,-8.52232
G;K,T;L,"251,253",-5.83783,0.32952000000000004,-6.167350000000001
Q;P,L;K,"182,120",-5.83915,-2.468402,-3.370748
F;A,M;L,"271,272",-5.84057,0.08361000000000018,-5.92418
Q;Y,I;T,"182,63",-5.84185,-0.972842,-4.869008
W;R,I;S,"159,90",-5.84188,-4.66259,-1.17929
R;Y,N;S,"90,63",-5.84508,-13.61219,7.76711
S;Y,E;G,"207,63",-5.8453,0.0776699999999999,-5.922969999999999
F;R,E;Y,"271,123",-5.84536,4.55178,-10.39714
R;Y,L;S,"53,63",-5.84541,0.5247200000000001,-6.3701300000000005
S;W,V;K,"58,257",-5.84579,3.1152800000000003,-8.96107
F;S,E;N,"271,103",-5.84649,4.14812,-9.99461
P;T,Q;N,"38,88",-5.8469,2.74071,-8.58761
F;Y,W;T,"271,63",-5.84946,1.6717179999999998,-7.521177999999999
D;Q,Q;F,"220,182",-5.85209,0.74221,-6.5943
W;Q,C;I,"257,182",-5.85536,1.6504699999999999,-7.50583
C;A,D;N,"289,226",-5.85855,3.27547,-9.13402
L;G,M;T,"216,254",-5.85896,-3.37821,-2.4807499999999996
G;D,A;K,"243,263",-5.85917,2.78845,-8.64762
D;S,K;Y,"263,242",-5.86021,2.51775,-8.37796
S;P,E;K,"207,120",-5.86057,0.6294379999999999,-6.4900079999999996
S;P,M;K,"238,120",-5.86154,1.4406579999999998,-7.302198
S;I,N;R,"124,218",-5.86226,5.186299999999999,-11.048559999999998
G;N,P;Y,"243,37",-5.8643,2.416861,-8.281161
Y;R,G;Q,"63,224",-5.86743,-0.5193090000000001,-5.348121
S;K,P;A,"125,253",-5.86747,-0.9181199999999998,-4.94935
Q;M,D;H,"127,161",-5.86803,2.2546999999999997,-8.12273
S;P,T;L,"124,38",-5.86982,3.4362500000000002,-9.30607
G;Q,L;D,"243,127",-5.86984,5.6220799999999995,-11.49192
Y;Q,G;Y,"63,119",-5.87212,-5.86085,-0.01126999999999967
T;A,K;L,"88,272",-5.87247,-0.78783,-5.08464
S;Q,T;E,"124,127",-5.87275,3.51909,-9.39184
F;D,E;K,"271,263",-5.87405,3.98813,-9.86218
L;L,D;E,"249,216",-5.8747,2.64765,-8.52235
I;C,L;A,"145,289",-5.87655,1.2201312,-7.0966812
Q;N,P;Y,"127,37",-5.87656,2.188641,-8.065201
D;C,K;A,"263,289",-5.87741,1.2440612,-7.1214712
I;K,L;Y,"145,253",-5.87772,-1.18902,-4.6887
A;Y,E;G,"152,63",-5.87923,-0.15405000000000002,-5.72518
A;I,L;H,"272,168",-5.88119,-3.82009,-2.0611
M;I,L;R,"154,218",-5.88574,2.4656399999999996,-8.351379999999999
W;Q,C;V,"257,182",-5.88679,0.22451,-6.1113
D;H,K;R,"263,104",-5.88696,2.52554,-8.4125
S;G,T;T,"124,254",-5.88749,-2.7925600000000004,-3.0949299999999993
R;W,Q;P,"132,159",-5.88989,2.8455399999999997,-8.735430000000001
S;C,N;D,"124,289",-5.8904,5.95003,-11.84043
W;T,K;N,"257,88",-5.89208,2.63427,-8.52635
C;A,D;T,"289,180",-5.89258,3.4131099999999996,-9.305689999999998
P;L,L;D,"38,249",-5.89486,2.71625,-8.61111
V;N,C;L,"281,138",-5.89684,2.42629,-8.323129999999999
W;L,K;F,"257,216",-5.89821,2.7636700000000003,-8.66188
S;S,T;D,"121,103",-5.89873,2.60148,-8.50021
T;P,N;K,"88,120",-5.89898,0.391378,-6.2903579999999994
S;I,D;V,"103,200",-5.90013,2.57794,-8.478069999999999
Q;S,P;P,"127,245",-5.90152,2.85141,-8.75293
N;W,I;P,"37,159",-5.90264,3.05539,-8.95803
T;P,V;K,"72,120",-5.90295,0.45201800000000003,-6.3549679999999995
T;W,E;P,"270,159",-5.90326,4.71985,-10.62311
G;S,I;Y,"243,269",-5.90389,1.3986450000000001,-7.302535
C;P,A;V,"289,184",-5.90447,0.3724682,-6.2769382
T;W,D;K,"88,257",-5.90541,3.45906,-9.36447
Q;K,E;V,"127,253",-5.90617,-0.30747000000000013,-5.5987
F;P,M;K,"271,120",-5.9073,1.387968,-7.295268
R;Y,P;S,"90,63",-5.91052,-16.06839,10.15787
Q;Q,P;Y,"127,119",-5.91231,-3.0375400000000004,-2.8747699999999994
M;S,P;W,"222,58",-5.9136,2.5648,-8.4784
S;G,N;A,"103,243",-5.915,2.9484399999999997,-8.86344
A;S,M;D,"135,103",-5.91503,2.8522,-8.76723
G;Q,T;T,"254,127",-5.91643,-4.142186000000001,-1.7742439999999995
W;A,C;D,"257,226",-5.91699,-4.16004,-1.7569499999999998
G;G,K;H,"243,251",-5.91746,4.23419,-10.15165
M;T,P;M,"222,51",-5.91801,2.70707,-8.62508
F;Y,W;G,"271,63",-5.91845,0.5659299999999998,-6.48438
W;S,C;K,"257,58",-5.91917,3.55396,-9.473130000000001
G;M,S;H,"243,161",-5.91936,1.84567,-7.76503
L;G,Q;T,"216,254",-5.91966,-3.17849,-2.7411700000000003
K;P,F;V,"253,184",-5.91991,-2.291863,-3.6280469999999996
R;W,D;P,"90,185",-5.92088,-12.52947625,6.60859625
Q;Y,V;T,"127,63",-5.92189,1.009118,-6.931008
G;M,I;V,"243,154",-5.92414,-0.87574,-5.048400000000001
Q;S,P;E,"127,136",-5.92466,1.8014739999999998,-7.726134
S;F,D;M,"103,191",-5.92499,1.574872,-7.499862
W;A,C;M,"257,65",-5.92531,3.67544,-9.60075
Q;S,R;T,"127,124",-5.92549,4.3008500000000005,-10.22634
N;Q,Y;F,"37,182",-5.92551,-1.4399889999999997,-4.485521
N;E,P;K,"277,231",-5.92564,2.9913,-8.91694
G;M,T;V,"254,154",-5.92639,-7.8537,1.9273100000000003
N;K,L;F,"138,253",-5.93329,-1.54583,-4.387460000000001
G;T,P;M,"243,29",-5.9339,-5.2016800000000005,-0.7322199999999999
T;G,N;T,"198,254",-5.93409,-3.6912100000000003,-2.24288
P;K,Q;Y,"38,253",-5.9342,-0.91353,-5.02067
W;T,P;Y,"185,189",-5.93485,0.15808575,-6.09293575
Q;Q,K;F,"127,182",-5.9349,-0.11393999999999993,-5.8209599999999995
G;R,P;N,"243,90",-5.93498,-10.826979999999999,4.891999999999999
W;K,P;L,"159,253",-5.93637,0.13141000000000003,-6.06778
W;N,C;H,"257,205",-5.93671,3.342851,-9.279561
N;W,K;P,"114,185",-5.93845,-1.32982625,-4.60862375
Q;D,W;K,"133,263",-5.93887,3.3228400000000002,-9.26171
D;G,Q;P,"220,243",-5.93963,4.59906,-10.538689999999999
C;D,D;V,"289,186",-5.93963,3.62343,-9.56306
H;W,L;P,"104,159",-5.94052,2.7837899999999998,-8.72431
W;R,C;S,"257,90",-5.94083,-3.7708500000000003,-2.16998
G;S,P;E,"243,121",-5.94387,-5.40294,-0.5409300000000004
G;N,T;K,"254,114",-5.94439,-6.181710000000001,0.23732000000000042
H;P,R;V,"104,184",-5.9453,1.653947,-7.599247
G;G,Q;H,"243,251",-5.94692,5.04758,-10.9945
Q;Y,W;S,"133,63",-5.94766,0.9396200000000001,-6.8872800000000005
W;Q,C;A,"257,127",-5.95071,2.952146,-8.902856
S;D,D;N,"103,186",-5.95126,1.3034959,-7.2547559
D;Y,V;T,"186,63",-5.95209,1.574188,-7.526278
S;S,N;Y,"103,242",-5.95211,2.67774,-8.629850000000001
Q;S,D;P,"127,125",-5.95316,3.17759,-9.130749999999999
F;Y,M;T,"271,63",-5.957,1.941988,-7.898988
R;S,Y;E,"123,207",-5.95914,3.29086,-9.25
Q;R,E;P,"127,280",-5.95919,2.7549599999999996,-8.71415
Q;R,R;P,"127,280",-5.95954,3.53672,-9.49626
Q;S,P;W,"127,58",-5.96179,2.6753299999999998,-8.63712
K;M,A;H,"253,161",-5.96292,-1.8410099999999998,-4.121910000000001
L;G,K;A,"249,243",-5.96299,3.37312,-9.33611
W;I,C;H,"257,168",-5.96411,0.6616,-6.62571
T;W,V;P,"198,185",-5.96442,1.5709437499999999,-7.535363749999999
Q;G,D;A,"127,243",-5.96445,3.42274,-9.38719
G;S,T;H,"254,214",-5.96477,-7.01488,1.05011
S;K,T;A,"124,253",-5.96578,-0.07718999999999987,-5.88859
Q;R,W;Y,"133,123",-5.96593,3.8864900000000002,-9.85242
S;P,V;K,"223,120",-5.96678,0.36830799999999986,-6.335088
S;R,D;T,"103,90",-5.96712,-5.468310000000001,-0.49880999999999975
W;I,K;L,"257,145",-5.9678,2.7794499999999998,-8.747250000000001
H;Y,T;T,"104,63",-5.96789,1.427228,-7.395118
R;S,Y;Y,"123,242",-5.96837,3.0814,-9.04977
C;I,D;V,"289,200",-5.96943,3.1231799999999996,-9.09261
V;P,C;V,"281,184",-5.97033,1.6802570000000001,-7.650587
R;P,Q;K,"224,120",-5.97078,0.032458999999999905,-6.003239000000001
M;M,P;L,"222,262",-5.97102,-7.43566,1.4646400000000002
Q;C,E;D,"133,289",-5.97242,3.92746,-9.89988
A;S,N;D,"226,103",-5.97246,2.7302299999999997,-8.70269
S;A,D;W,"103,65",-5.97569,2.42165,-8.39734
G;R,K;Y,"243,123",-5.97615,4.95088,-10.927029999999998
Q;P,N;V,"133,184",-5.97863,1.677327,-7.655957
Q;Y,V;G,"182,63",-5.98017,-3.5045900000000003,-2.47558
M;T,P;V,"222,72",-5.98135,2.61303,-8.594380000000001
Q;S,P;T,"127,121",-5.98187,2.815,-8.79687
I;L,V;P,"200,216",-5.9821,2.46392,-8.44602
S;Q,N;E,"103,127",-5.98249,2.9531099999999997,-8.9356
A;W,M;P,"65,159",-5.98504,2.4604600000000003,-8.4455
R;G,N;T,"132,251",-5.98599,3.36286,-9.34885
S;G,T;T,"124,251",-5.9868,3.44692,-9.43372
S;W,A;P,"124,185",-5.98752,2.14707375,-8.13459375
M;P,H;V,"161,184",-5.98802,0.7488170000000001,-6.7368369999999995
V;L,D;C,"57,249",-5.98811,2.3819999999999997,-8.37011
A;S,T;N,"180,103",-5.99097,3.06761,-9.05858
W;A,I;N,"159,226",-5.99171,2.9577999999999998,-8.94951
P;N,L;H,"38,205",-5.99246,2.3153110000000003,-8.307771
G;G,S;T,"243,251",-5.9928,2.9462099999999998,-8.93901
H;L,M;P,"104,216",-5.99293,2.46953,-8.46246
G;R,T;A,"251,90",-5.99429,-4.6656699999999995,-1.3286200000000008
M;H,P;M,"222,104",-5.99558,2.68654,-8.682120000000001
F;W,E;I,"271,159",-5.99561,4.17595,-10.17156
S;W,T;P,"214,185",-5.99683,-0.32173425,-5.6750957500000005
C;I,D;L,"289,111",-5.99825,3.3956,-9.39385
I;Q,L;P,"111,127",-5.99891,3.06388,-9.06279
G;P,A;L,"243,38",-6.00127,2.84047,-8.84174
S;Y,N;T,"124,63",-6.00175,3.900788,-9.902538
W;S,C;V,"257,58",-6.00219,4.04972,-10.05191
L;Y,M;G,"216,63",-6.0025,0.14903999999999984,-6.151540000000001
S;H,D;R,"103,104",-6.00481,2.4857899999999997,-8.4906
Q;C,I;L,"127,289",-6.00495,3.5103400000000002,-9.51529
H;Y,T;G,"104,63",-6.00579,0.32143999999999995,-6.32723
R;G,P;H,"280,251",-6.00587,2.46706,-8.47293
G;G,A;T,"243,254",-6.00604,-3.3883400000000004,-2.6176999999999992
Q;S,P;T,"127,214",-6.00911,1.176942,-7.186052
A;T,T;N,"180,198",-6.0095,2.73494,-8.74444
M;Q,P;L,"222,182",-6.01227,-0.30738999999999983,-5.70488
A;Y,F;G,"65,63",-6.0123,-0.13529000000000013,-5.877009999999999
K;C,A;S,"253,289",-6.01376,-3.2966499999999996,-2.717110000000001
S;W,W;P,"58,185",-6.01378,1.17665375,-7.1904337499999995
A;Y,N;S,"226,63",-6.01562,0.38676,-6.40238
A;Y,P;G,"152,63",-6.0172,0.5028599999999999,-6.52006
G;R,I;T,"243,90",-6.01927,-4.62739,-1.3918799999999996
F;P,E;K,"271,120",-6.01967,1.8903579999999998,-7.910028
W;N,C;I,"257,37",-6.01984,4.27037,-10.29021
Q;Y,I;S,"127,63",-6.02147,1.05322,-7.07469
D;Y,V;G,"186,63",-6.02179,0.4683999999999999,-6.49019
T;L,N;C,"198,249",-6.02259,2.3001899999999997,-8.32278
W;Q,K;V,"257,182",-6.02426,-0.70993,-5.31433
G;A,Q;L,"243,272",-6.02631,1.7984900000000001,-7.8248
Q;S,P;V,"127,223",-6.02703,2.63985,-8.666879999999999
G;C,H;S,"251,289",-6.02707,0.011730000000000018,-6.0388
S;Y,E;T,"115,63",-6.03062,1.4843579999999998,-7.514977999999999
A;Y,M;G,"65,63",-6.03139,-0.05366000000000004,-5.97773
S;L,P;C,"125,249",-6.03477,2.35791,-8.39268
G;S,I;H,"243,214",-6.03586,-0.03691999999999984,-5.998939999999999
L;M,P;V,"216,154",-6.03727,-1.83068,-4.20659
W;C,C;L,"257,289",-6.0376,3.81172,-9.84932
Q;H,P;R,"127,104",-6.03795,2.6993099999999997,-8.73726
G;I,I;V,"243,200",-6.04151,3.41886,-9.46037
S;L,T;D,"124,249",-6.04187,3.3902,-9.43207
M;S,P;Q,"222,188",-6.04203,-0.044459999999999944,-5.99757
M;W,L;P,"154,159",-6.04255,2.58846,-8.63101
Q;W,I;K,"127,257",-6.04297,3.58156,-9.62453
Q;G,N;T,"127,251",-6.04789,3.7445500000000003,-9.79244
S;W,F;P,"238,185",-6.0481,-0.84701625,-5.20108375
P;Q,L;T,"38,91",-6.04825,2.6575800000000003,-8.70583
Q;M,H;L,"127,154",-6.04827,2.92589,-8.97416
D;N,K;L,"263,138",-6.05082,2.5327,-8.58352
G;P,S;V,"243,184",-6.05112,2.011927,-8.063047000000001
C;M,S;H,"289,161",-6.05138,-0.8730800000000001,-5.1783
Q;C,D;L,"127,289",-6.05594,3.36645,-9.42239
Q;R,P;K,"127,53",-6.05618,2.71919,-8.77537
G;S,P;T,"243,121",-6.05637,3.04322,-9.09959
Q;S,P;E,"127,207",-6.05681,2.9009799999999997,-8.95779
T;L,M;P,"51,216",-6.05705,2.4900599999999997,-8.54711
P;V,L;D,"38,57",-6.05773,2.6194100000000002,-8.677140000000001
S;Y,E;G,"115,63",-6.05826,0.37856999999999985,-6.43683
C;A,D;D,"289,226",-6.05901,-4.73411,-1.3248999999999995
P;R,L;A,"38,90",-6.05964,-4.67634,-1.3833000000000002
L;Q,K;E,"249,127",-6.06027,3.37779,-9.43806
H;Q,L;P,"104,127",-6.06135,3.09298,-9.15433
Q;K,R;A,"127,253",-6.06591,0.11346000000000034,-6.1793700000000005
S;S,D;P,"103,188",-6.06654,1.093555,-7.160095
I;P,L;V,"145,184",-6.06668,1.762737,-7.829416999999999
Q;S,W;N,"133,103",-6.06748,3.48283,-9.55031
Q;W,K;P,"127,159",-6.06798,3.2055,-9.27348
K;A,L;L,"252,272",-6.06906,-0.82934,-5.23972
A;G,T;T,"180,254",-6.07199,-3.2691700000000004,-2.80282
S;Y,K;G,"58,63",-6.07249,-0.17514000000000007,-5.89735
L;C,C;S,"249,289",-6.07278,-0.020620000000000083,-6.05216
Q;Y,V;G,"127,63",-6.07294,-0.09667000000000003,-5.9762699999999995
D;R,K;A,"263,90",-6.07354,-4.7283599999999995,-1.345180000000001
V;K,D;A,"57,253",-6.07569,-0.8940299999999999,-5.18166
W;T,K;Q,"257,88",-6.07674,2.68352,-8.76026
A;L,T;I,"180,216",-6.07736,3.01107,-9.088429999999999
L;R,P;T,"216,90",-6.07816,-5.582330000000001,-0.4958299999999989
I;Y,L;G,"145,63",-6.08007,-0.015210000000000168,-6.0648599999999995
W;M,I;V,"159,154",-6.08232,-1.48909,-4.59323
T;W,V;P,"72,185",-6.08237,1.22488375,-7.30725375
Q;W,E;K,"133,257",-6.08238,3.56709,-9.649469999999999
Q;M,E;H,"127,161",-6.08249,1.7552699999999999,-7.837759999999999
W;I,K;R,"257,168",-6.08312,-13.28245,7.199330000000001
Q;N,N;L,"133,138",-6.08319,2.4233599999999997,-8.50655
N;P,I;Q,"37,38",-6.08325,3.44237,-9.52562
H;Q,L;H,"104,127",-6.08483,3.12122,-9.206050000000001
M;G,P;A,"222,165",-6.08518,-3.1954499999999997,-2.8897300000000006
G;G,A;T,"243,251",-6.08689,2.85114,-8.938030000000001
N;P,I;K,"37,120",-6.08692,1.093038,-7.179958
S;P,V;Q,"58,38",-6.08885,3.22172,-9.31057
S;S,D;V,"103,223",-6.08888,2.42633,-8.51521
A;L,L;F,"272,117",-6.08912,-4.38157,-1.7075500000000003
W;K,I;F,"159,253",-6.08984,-1.23245,-4.85739
G;K,I;L,"243,253",-6.09045,1.068,-7.15845
S;W,K;P,"124,185",-6.0906,2.69314375,-8.78374375
M;S,P;F,"222,238",-6.0911,0.5411300000000001,-6.63223
Q;S,H;H,"127,187",-6.09115,1.391308,-7.482457999999999
R;Q,Y;N,"123,133",-6.09294,3.11257,-9.20551
S;K,D;L,"103,253",-6.09345,0.22707999999999995,-6.32053
S;P,N;L,"103,38",-6.09416,2.87027,-8.96443
M;S,P;T,"222,214",-6.09505,1.0664120000000001,-7.161462
Y;R,G;A,"63,280",-6.09511,-1.694717,-4.400393
A;P,M;K,"135,120",-6.09687,0.794178,-6.891048
L;T,D;N,"249,198",-6.09779,2.49155,-8.58934
G;L,L;D,"243,249",-6.09876,4.99376,-11.09252
R;P,N;K,"132,120",-6.09949,1.2023979999999999,-7.301888
M;W,L;P,"262,185",-6.10098,-8.82380625,2.7228262500000007
C;T,D;N,"289,198",-6.1017,2.9910699999999997,-9.09277
S;R,N;P,"103,280",-6.10441,2.78009,-8.8845
Q;S,E;P,"127,125",-6.10773,2.67816,-8.78589
W;K,I;L,"159,253",-6.1086,0.45465,-6.56325
P;F,Q;M,"38,191",-6.10876,1.866182,-7.974942
Q;D,H;N,"127,186",-6.11044,1.5452559,-7.6556958999999996
M;S,P;E,"222,121",-6.11207,-5.74169,-0.37037999999999993
S;P,E;K,"121,120",-6.11227,-7.902702,1.790432
R;W,L;K,"53,257",-6.1134,3.0530600000000003,-9.16646
A;A,P;L,"152,272",-6.11406,-0.24973,-5.864330000000001
N;W,K;P,"233,185",-6.11514,0.33241575,-6.44755575
S;Y,K;T,"58,63",-6.11731,0.930648,-7.0479579999999995
Y;N,T;H,"63,205",-6.1182,0.719539,-6.837739
T;K,N;A,"198,253",-6.11871,-0.9758399999999998,-5.14287
Q;Y,I;G,"182,63",-6.12033,-2.07863,-4.0417000000000005
A;S,L;E,"272,136",-6.12117,-1.774426,-4.346744
S;G,D;T,"58,254",-6.1229,-2.9691800000000006,-3.153719999999999
C;I,L;L,"289,145",-6.12384,2.70823,-8.83207
Q;R,E;Y,"133,123",-6.12475,3.98562,-10.11037
Q;Y,K;G,"127,63",-6.12523,0.6913799999999999,-6.81661
L;L,I;D,"216,249",-6.12532,2.76768,-8.893
Q;I,V;R,"127,218",-6.12682,2.2946299999999997,-8.42145
S;V,N;D,"103,57",-6.12725,2.72738,-8.85463
N;A,T;L,"190,272",-6.12986,-0.9321899999999999,-5.1976700000000005
M;S,P;P,"222,245",-6.13061,2.74088,-8.87149
M;R,P;D,"222,90",-6.13092,-11.14133,5.01041
L;K,P;L,"216,253",-6.13204,0.11305999999999994,-6.2451
W;T,C;D,"257,88",-6.13378,4.3934999999999995,-10.52728
S;M,K;P,"124,222",-6.13427,4.08129,-10.21556
W;A,K;N,"257,226",-6.13446,2.9151,-9.04956
W;R,P;P,"159,90",-6.13491,-13.820590000000001,7.685680000000001
G;A,P;M,"243,135",-6.13716,3.29394,-9.4311
W;Q,C;V,"257,127",-6.13724,3.6324300000000003,-9.769670000000001
R;Q,Q;H,"132,127",-6.13773,3.18297,-9.3207
T;W,M;P,"51,185",-6.13779,1.31892375,-7.45671375
R;W,V;I,"34,159",-6.14003,4.798640000000001,-10.938670000000002
N;Y,I;T,"37,63",-6.1403,1.647058,-7.787357999999999
P;S,Q;Y,"38,269",-6.14084,0.8490349999999999,-6.989875
S;P,T;V,"124,184",-6.14109,2.512637,-8.653727
G;D,P;N,"243,186",-6.14181,1.7452359,-7.8870459
G;L,I;Q,"243,216",-6.1427,3.7994700000000003,-9.94217
S;T,D;K,"103,88",-6.14298,2.57455,-8.71753
V;G,C;T,"281,254",-6.14407,-3.6249400000000005,-2.5191299999999996
Y;S,S;Y,"63,269",-6.14424,-1.785745,-4.358495
G;R,P;K,"243,53",-6.14628,2.94741,-9.09369
T;P,L;K,"72,120",-6.14649,0.5851579999999998,-6.731648
S;R,D;Q,"103,224",-6.14797,2.090481,-8.238451
H;M,L;P,"104,222",-6.14828,2.98245,-9.13073
Q;L,K;P,"127,216",-6.15102,3.18715,-9.33817
Q;M,P;L,"127,154",-6.15297,2.8976499999999996,-9.050619999999999
G;S,T;E,"251,121",-6.15305,-5.74224,-0.41081000000000056
G;L,S;D,"243,249",-6.15309,2.88949,-9.04258
W;H,I;R,"159,104",-6.15357,2.7133599999999998,-8.86693
R;S,Y;P,"123,125",-6.15471,3.10695,-9.26166
G;K,A;Y,"243,253",-6.15584,-1.0349,-5.120940000000001
G;A,P;W,"243,65",-6.15682,2.86339,-9.020209999999999
T;Q,V;F,"198,182",-6.15713,-0.55901,-5.598120000000001
N;T,Y;L,"244,72",-6.15851,3.0046799999999996,-9.16319
G;W,A;P,"165,185",-6.15917,-4.583596249999999,-1.5755737500000002
L;S,P;P,"216,188",-6.16189,0.9795349999999999,-7.141425
Q;Y,A;T,"127,63",-6.16202,0.32883400000000007,-6.490854000000001
S;P,P;V,"125,184",-6.16203,1.671707,-7.833736999999999
G;H,P;L,"243,104",-6.16528,3.3212,-9.48648
L;W,W;P,"216,159",-6.16815,2.56457,-8.73272
S;W,D;P,"58,185",-6.16901,1.88270375,-8.05171375
W;A,K;D,"257,226",-6.17073,-5.094480000000001,-1.076249999999999
R;R,Y;P,"123,90",-6.17178,-13.12152,6.94974
D;K,K;Y,"263,253",-6.17204,-1.16509,-5.00695
L;K,C;A,"249,253",-6.17206,-0.9885499999999998,-5.18351
W;T,C;N,"257,88",-6.17231,3.5687100000000003,-9.74102
W;R,K;P,"257,90",-6.17254,-13.54005,7.367510000000001
G;P,A;K,"165,120",-6.17455,-5.356462,-0.8180880000000004
R;Y,N;T,"132,63",-6.17479,1.7564179999999998,-7.931208
Q;A,P;F,"127,65",-6.17509,2.68802,-8.863109999999999
Y;N,G;H,"63,205",-6.17547,-0.38624900000000006,-5.7892209999999995
Q;N,D;L,"127,138",-6.17644,3.16699,-9.343430000000001
Q;S,P;H,"127,187",-6.17746,1.363068,-7.540528
D;I,Q;R,"220,218",-6.17881,3.93883,-10.11764
Q;T,P;K,"127,88",-6.17993,2.78807,-8.968
L;G,I;T,"216,254",-6.18263,-3.4150800000000006,-2.767549999999999
M;L,P;F,"222,117",-6.18506,-0.9161999999999999,-5.26886
D;S,K;P,"263,188",-6.18563,1.133305,-7.318935
G;S,P;H,"243,187",-6.18929,1.591288,-7.780578
L;N,D;L,"249,138",-6.18965,2.5386699999999998,-8.72832
W;F,I;M,"159,191",-6.19083,1.802442,-7.993272
R;P,K;K,"53,120",-6.19253,0.44764800000000005,-6.640178
I;R,L;P,"145,280",-6.19333,2.59617,-8.7895
N;I,K;R,"233,218",-6.19388,1.399082,-7.592962
S;W,E;K,"115,257",-6.1957,3.17323,-9.36893
G;P,L;Q,"243,38",-6.19809,5.23935,-11.437439999999999
Q;G,I;H,"127,251",-6.19867,3.2834000000000003,-9.48207
N;Y,I;G,"37,63",-6.19909,0.5412699999999999,-6.74036
M;A,P;E,"222,152",-6.19969,2.55873,-8.758420000000001
Q;D,P;N,"127,186",-6.19986,1.5170158999999999,-7.7168759
W;R,I;A,"159,90",-6.20022,-4.54054,-1.6596799999999998
T;W,M;P,"51,159",-6.20127,2.50841,-8.70968
A;I,M;R,"65,218",-6.20384,2.33764,-8.54148
M;T,P;M,"222,29",-6.20598,-5.540430000000001,-0.6655499999999996
S;C,T;D,"124,289",-6.20619,3.8897199999999996,-10.09591
G;S,T;Y,"254,269",-6.20721,-5.579315,-0.6278949999999996
G;L,A;D,"243,249",-6.20759,2.7944199999999997,-9.002009999999999
W;I,C;R,"257,168",-6.20847,-12.34801,6.13954
A;P,F;K,"65,120",-6.20925,0.4164779999999999,-6.625728
S;W,A;P,"124,159",-6.20973,3.3365600000000004,-9.54629
P;Q,Q;N,"38,133",-6.21349,2.80048,-9.01397
W;R,I;T,"159,90",-6.21354,-5.240740000000001,-0.9727999999999994
G;I,P;L,"243,111",-6.21377,3.2921,-9.50587
W;S,I;P,"159,188",-6.214,1.321125,-7.535125000000001
C;L,D;Q,"289,216",-6.21489,3.50379,-9.718679999999999
H;Q,T;P,"104,127",-6.21683,3.14475,-9.36158
T;Q,E;F,"270,182",-6.21807,1.40041,-7.61848
G;R,P;Q,"243,132",-6.21892,3.38295,-9.60187
T;Y,Q;T,"88,63",-6.22119,0.9946480000000001,-7.215838
L;D,I;K,"216,263",-6.22121,2.76171,-8.98292
Y;F,S;M,"63,191",-6.22314,-0.7685979999999999,-5.454542
L;W,F;P,"117,185",-6.22706,-2.30434625,-3.9227137499999998
W;L,C;Q,"257,216",-6.22763,4.07786,-10.30549
D;Q,K;T,"263,127",-6.22817,2.034604,-8.262774
G;M,P;L,"243,154",-6.23056,3.12587,-9.35643
Y;M,S;V,"63,154",-6.23085,-4.06013,-2.17072
G;P,L;L,"243,38",-6.23334,5.03981,-11.273150000000001
G;S,P;V,"243,223",-6.23481,2.86807,-9.10288
Q;A,P;W,"127,65",-6.23573,2.63517,-8.8709
G;A,P;L,"243,65",-6.236,3.01219,-9.24819
G;S,T;Y,"251,242",-6.23632,2.5804400000000003,-8.81676
W;L,C;W,"257,216",-6.23766,3.77955,-10.01721
W;T,C;Q,"257,88",-6.23827,3.61796,-9.85623
S;Q,N;T,"103,91",-6.24054,2.76555,-9.00609
L;C,D;A,"249,289",-6.24314,1.2500312,-7.493171200000001
L;G,K;T,"249,254",-6.24322,-2.93386,-3.30936
G;T,P;K,"243,88",-6.24393,3.0162899999999997,-9.26022
T;Y,Q;G,"88,63",-6.24448,-0.11114000000000002,-6.1333400000000005
A;Q,L;T,"272,127",-6.24457,-1.3675259999999998,-4.877044000000001
C;K,L;A,"289,253",-6.24645,-0.7292599999999998,-5.51719
Q;A,H;E,"127,152",-6.24686,2.6975,-8.94436
T;W,V;P,"198,159",-6.2472,2.76043,-9.00763
C;F,D;M,"289,191",-6.24728,2.1201119999999998,-8.367391999999999
Q;Q,P;I,"127,182",-6.24817,0.7446799999999999,-6.99285
C;L,D;E,"289,216",-6.24903,3.14717,-9.3962
G;P,A;V,"243,184",-6.25097,1.916857,-8.167826999999999
F;I,W;R,"271,218",-6.2531,2.95723,-9.210329999999999
A;P,P;K,"152,120",-6.25372,1.054628,-7.3083480000000005
W;R,C;L,"257,53",-6.25397,3.9875,-10.24147
D;K,K;L,"263,253",-6.25427,0.2668299999999999,-6.5211
M;S,P;E,"222,136",-6.25629,1.690944,-7.947234
G;K,T;F,"251,253",-6.25757,-1.35758,-4.899990000000001
L;W,Q;K,"216,257",-6.25996,3.14342,-9.40338
S;D,N;K,"124,263",-6.26085,5.44454,-11.70539
L;A,Q;L,"216,272",-6.26188,-0.4038299999999999,-5.8580499999999995
T;K,N;Y,"198,253",-6.26254,-1.33777,-4.9247700000000005
D;K,K;V,"263,253",-6.26299,-0.4423300000000001,-5.82066
S;Y,V;T,"58,63",-6.26683,1.426408,-7.693237999999999
Q;W,L;P,"182,185",-6.26976,-1.69553625,-4.57422375
W;Q,I;T,"159,127",-6.27006,2.222424,-8.492484000000001
G;K,I;F,"243,253",-6.27289,-0.6191,-5.653790000000001
G;Q,T;T,"251,91",-6.2745,2.66825,-8.94275
L;T,K;N,"249,198",-6.27482,3.0702499999999997,-9.34507
L;Q,D;N,"249,133",-6.27575,2.55489,-8.83064
T;P,N;V,"198,184",-6.27586,1.613987,-7.889847
Q;L,R;D,"127,249",-6.27613,3.58085,-9.85698
A;Q,P;P,"152,127",-6.27775,3.32617,-9.60392
Y;Q,T;Y,"63,119",-6.27975,-4.755062000000001,-1.5246879999999994
D;N,L;P,"220,277",-6.28185,3.64499,-9.92684
C;H,L;R,"289,104",-6.28254,2.59944,-8.88198
W;S,P;T,"159,214",-6.28546,0.8677520000000001,-7.153212
R;C,Y;A,"123,289",-6.28565,1.8077112,-8.0933612
Q;T,P;Q,"127,88",-6.28569,2.71217,-8.99786
F;S,E;D,"271,103",-6.28604,3.94838,-10.23442
G;S,I;P,"243,188",-6.28714,1.9344750000000002,-8.221615
W;L,C;F,"257,216",-6.28772,3.69811,-9.98583
R;G,Y;T,"123,254",-6.28934,-2.95488,-3.33446
Q;P,I;K,"182,120",-6.28977,-1.526862,-4.7629079999999995
H;P,L;K,"104,120",-6.29084,0.8214379999999999,-7.112278
R;S,V;D,"34,103",-6.29161,4.571070000000001,-10.862680000000001
M;R,P;N,"222,90",-6.29204,-11.16573,4.87369
W;R,C;N,"257,132",-6.29424,4.37973,-10.67397
F;W,W;K,"271,257",-6.29492,3.36059,-9.65551
W;A,C;N,"257,226",-6.29529,3.84954,-10.144829999999999
S;W,K;P,"124,159",-6.29537,3.88263,-10.178
Q;D,R;K,"127,263",-6.29608,3.5748800000000003,-9.87096
W;N,P;K,"159,114",-6.29624,-0.1403399999999999,-6.1559
R;Y,N;G,"132,63",-6.29629,0.6506299999999998,-6.9469199999999995
M;N,P;Y,"222,37",-6.29643,2.0781110000000003,-8.374541
Q;Y,F;G,"182,63",-6.29875,-3.4461399999999998,-2.8526100000000003
G;P,L;V,"243,184",-6.2998,4.116197,-10.415997
Q;N,E;L,"127,138",-6.30188,2.66756,-8.969439999999999
L;M,D;H,"249,161",-6.30246,1.62638,-7.92884
T;W,V;P,"72,159",-6.30323,2.41437,-8.717600000000001
L;V,D;D,"249,57",-6.30414,2.57336,-8.877500000000001
C;K,D;F,"289,253",-6.30425,-0.9147800000000001,-5.389469999999999
G;S,P;E,"243,207",-6.30509,3.1292,-9.43429
Q;T,F;Y,"182,189",-6.30537,-1.971868,-4.333502
P;P,L;V,"38,184",-6.30795,1.8386870000000002,-8.146637
F;S,M;D,"271,103",-6.30993,3.44599,-9.75592
G;A,P;E,"243,152",-6.31016,2.89748,-9.20764
T;P,Q;K,"88,120",-6.31065,0.440628,-6.751278
S;S,D;K,"103,58",-6.3111,2.43465,-8.74575
Q;R,P;Q,"127,224",-6.31129,2.304001,-8.615291
Q;K,E;A,"127,253",-6.31436,-0.6682999999999999,-5.64606
D;N,Q;Y,"220,244",-6.31467,4.51882,-10.83349
A;Q,M;P,"135,127",-6.31824,3.06572,-9.38396
Q;M,F;V,"182,154",-6.31838,-5.1317699999999995,-1.1866100000000008
W;M,K;L,"257,154",-6.31939,2.8689999999999998,-9.18839
Q;I,L;R,"182,218",-6.32021,-0.62887,-5.69134
F;L,E;P,"271,216",-6.32108,3.8343599999999998,-10.15544
Q;W,W;I,"133,159",-6.32165,3.51066,-9.83231
D;Q,L;H,"220,127",-6.32199,3.5171799999999998,-9.83917
G;R,P;Q,"243,224",-6.32276,2.532221,-8.854980999999999
G;C,T;A,"251,289",-6.3233,1.3067512000000001,-7.6300512
Q;S,N;N,"127,103",-6.32364,3.84185,-10.16549
A;Y,P;T,"152,63",-6.32496,1.6086479999999999,-7.9336079999999995
A;R,L;A,"272,280",-6.32523,-2.447307,-3.8779230000000005
M;R,P;Q,"222,224",-6.32563,2.193471,-8.519101000000001
S;Q,E;P,"115,127",-6.32956,3.20188,-9.53144
P;C,Q;A,"38,289",-6.33059,1.4956212,-7.8262111999999995
L;S,P;W,"216,58",-6.33109,2.34779,-8.67888
L;Y,Q;S,"216,63",-6.33283,0.6150800000000001,-6.94791
W;Q,C;E,"257,133",-6.33345,4.50153,-10.83498
C;G,D;A,"289,243",-6.33385,3.29394,-9.627790000000001
H;I,M;R,"104,218",-6.33428,2.3650599999999997,-8.69934
S;W,E;P,"121,185",-6.33475,-7.129836249999999,0.7950862499999998
S;A,D;D,"103,226",-6.33551,-5.279350000000001,-1.0561599999999993
Y;K,S;L,"63,253",-6.33663,-2.11639,-4.22024
R;Y,T;S,"90,63",-6.33681,-7.811780000000001,1.4749700000000008
D;S,V;D,"186,103",-6.33693,3.07819,-9.41512
S;W,P;P,"245,185",-6.34005,1.35273375,-7.69278375
I;Y,V;S,"200,63",-6.34078,0.23446999999999996,-6.57525
G;R,I;A,"243,90",-6.34165,-3.9271899999999995,-2.41446
T;W,M;P,"29,185",-6.3442,-6.92857625,0.58437625
P;S,K;H,"120,187",-6.34445,-0.908474,-5.435976
F;G,W;P,"271,243",-6.34521,3.61746,-9.96267
Y;I,T;H,"63,168",-6.34555,-1.9617120000000001,-4.383838
G;K,I;Y,"243,253",-6.34615,-0.3639199999999998,-5.9822299999999995
G;D,Q;K,"243,263",-6.34635,5.20062,-11.54697
T;P,M;K,"29,120",-6.35052,-7.701442,1.3509219999999997
C;G,L;T,"289,254",-6.3535,-3.44463,-2.9088700000000003
W;N,K;T,"257,190",-6.35462,2.61506,-8.96968
N;S,I;D,"37,103",-6.35467,3.15106,-9.50573
S;P,Y;V,"269,184",-6.35489,-0.27411800000000003,-6.0807720000000005
Q;Q,E;F,"133,182",-6.35498,-0.032890000000000086,-6.32209
D;W,Q;P,"220,185",-6.35516,2.87216375,-9.22732375
W;R,C;A,"257,280",-6.35577,2.034383,-8.390153
S;W,V;P,"58,159",-6.35741,2.83474,-9.19215
R;R,Y;T,"123,90",-6.35782,-4.86491,-1.4929100000000002
Q;S,P;K,"127,58",-6.35839,2.64817,-9.00656
F;G,M;P,"271,243",-6.35868,3.8877300000000004,-10.246410000000001
S;Y,V;G,"58,63",-6.35963,0.3206199999999999,-6.68025
Q;Q,P;V,"127,182",-6.36475,-0.6812800000000001,-5.68347
S;N,A;Y,"124,244",-6.36588,3.79373,-10.15961
G;Q,I;K,"243,127",-6.36611,4.14209,-10.508199999999999
A;G,T;T,"180,251",-6.36799,2.97031,-9.3383
H;I,T;R,"104,218",-6.36885,2.71274,-9.08159
W;N,C;T,"257,190",-6.36991,3.5495,-9.91941
S;W,E;P,"136,185",-6.37276,0.30279775000000003,-6.67555775
A;N,T;L,"180,138",-6.37299,2.78206,-9.15505
Y;I,G;H,"63,168",-6.37352,-3.0675,-3.30602
Q;S,H;E,"127,121",-6.37453,-5.60292,-0.7716099999999999
Q;T,D;N,"127,198",-6.37481,3.1198699999999997,-9.494679999999999
P;P,D;V,"197,184",-6.3769,2.030807,-8.407707
P;Q,Q;I,"38,182",-6.37695,0.8224699999999999,-7.19942
G;H,I;R,"243,104",-6.3813,3.3267100000000003,-9.708010000000002
G;L,P;M,"243,216",-6.38261,3.20057,-9.583179999999999
Q;V,D;D,"127,57",-6.38271,3.2016799999999996,-9.584389999999999
Y;I,T;R,"63,168",-6.3833,-14.971322,8.588022
F;G,E;I,"271,243",-6.38346,4.7893,-11.17276
H;W,L;K,"104,257",-6.38372,3.06433,-9.44805
L;R,K;Y,"249,123",-6.38433,3.80658,-10.19091
A;Q,L;I,"272,182",-6.38557,-2.83122,-3.5543500000000003
Q;A,P;E,"127,152",-6.38604,2.66926,-9.0553
M;M,L;P,"154,222",-6.38749,2.78712,-9.17461
G;F,I;M,"243,191",-6.3886,2.415792,-8.804392
S;K,P;F,"125,253",-6.39265,-1.53523,-4.857419999999999
D;I,V;R,"186,218",-6.39487,2.8597,-9.254570000000001
Q;L,T;P,"91,216",-6.39537,2.45179,-8.847159999999999
Q;Y,A;G,"127,63",-6.39979,-0.776954,-5.622836
M;D,P;N,"222,186",-6.40082,1.4064859,-7.8073059
C;S,D;Y,"289,242",-6.40171,3.02324,-9.424949999999999
L;S,I;D,"216,103",-6.4025,2.72196,-9.12446
T;Y,N;T,"88,63",-6.40254,0.9453980000000001,-7.347938
D;W,Q;P,"220,159",-6.40257,4.06165,-10.464220000000001
L;G,C;T,"249,254",-6.40275,-3.70392,-2.69883
L;G,E;T,"216,254",-6.40287,-3.5351100000000004,-2.8677599999999996
R;Q,Y;F,"123,182",-6.40499,-0.23295,-6.17204
A;A,L;L,"65,272",-6.40693,-0.79193,-5.615
Q;L,D;C,"127,249",-6.407,3.10716,-9.51416
H;W,M;P,"104,159",-6.40954,2.48788,-8.89742
L;P,K;V,"249,184",-6.40969,2.371337,-8.781027
L;Y,F;T,"216,63",-6.4104,1.074798,-7.4851980000000005
T;Y,N;G,"88,63",-6.41362,-0.16039000000000003,-6.25323
L;L,P;F,"216,117",-6.41383,-1.13321,-5.28062
R;C,V;D,"34,289",-6.41441,5.11631,-11.53072
H;W,M;P,"104,185",-6.41552,1.29839375,-7.71391375
T;Y,D;T,"88,63",-6.41584,1.7701879999999999,-8.186028
G;A,P;F,"243,65",-6.41651,2.91624,-9.33275
N;W,Y;P,"37,185",-6.41918,0.68996475,-7.10914475
G;N,L;L,"243,138",-6.42033,4.86223,-11.28256
F;W,E;P,"271,159",-6.4204,3.85271,-10.273109999999999
Q;S,W;D,"133,103",-6.42247,3.28309,-9.70556
P;G,Q;S,"38,243",-6.42397,3.13508,-9.55905
Q;L,E;C,"127,249",-6.42426,2.60773,-9.03199
G;Q,I;T,"243,127",-6.42436,2.8357740000000002,-9.260134
S;N,D;Y,"58,244",-6.42541,3.5293599999999996,-9.95477
R;G,Y;S,"123,243",-6.43011,3.44717,-9.877279999999999
W;Q,C;I,"257,127",-6.43055,4.516,-10.94655
Q;A,P;L,"127,65",-6.43159,2.78397,-9.21556
G;S,P;E,"243,115",-6.43313,3.4301,-9.86323
S;L,P;P,"245,216",-6.43455,2.52387,-8.95842
R;Q,N;P,"132,127",-6.43561,3.47394,-9.90955
S;W,T;P,"121,185",-6.43756,1.31632375,-7.75388375
S;A,T;T,"124,180",-6.43807,3.63359,-10.07166
A;L,M;P,"135,216",-6.43889,2.73818,-9.17707
W;G,P;A,"159,165",-6.44183,-3.3941099999999995,-3.047720000000001
Y;S,S;H,"63,214",-6.4444,-3.22131,-3.22309
R;G,V;I,"34,243",-6.44758,5.41199,-11.859570000000001
S;W,P;P,"245,159",-6.44779,2.5422200000000004,-8.990010000000002
R;Q,Q;P,"132,127",-6.45282,3.15473,-9.60755
S;L,Y;P,"242,216",-6.45347,2.3639799999999997,-8.817450000000001
Q;K,H;L,"127,252",-6.45373,2.7748,-9.22853
T;Y,D;G,"88,63",-6.45403,0.6643999999999999,-7.11843
A;P,M;K,"65,120",-6.45539,0.498108,-6.953498000000001
R;Q,Y;T,"123,91",-6.45557,3.1692099999999996,-9.62478
Q;L,P;M,"127,216",-6.45781,2.9723499999999996,-9.43016
Q;Y,I;G,"127,63",-6.45861,0.7868999999999999,-7.24551
A;S,D;A,"130,124",-6.45924,4.6044599999999996,-11.0637
N;Y,T;G,"190,63",-6.46019,-0.17959999999999998,-6.28059
S;Q,V;P,"58,127",-6.46098,3.14393,-9.60491
W;R,P;N,"159,90",-6.46179,-11.36439,4.9026000000000005
L;Y,W;T,"216,63",-6.46317,1.1562379999999999,-7.619408
C;R,D;P,"289,280",-6.46334,3.12559,-9.58893
Q;R,P;S,"127,90",-6.46347,-4.676640000000001,-1.7868299999999993
L;S,M;D,"216,103",-6.46449,2.7588299999999997,-9.22332
W;R,K;A,"257,280",-6.46858,1.0999430000000001,-7.568523000000001
D;I,N;R,"186,218",-6.47075,1.0850058999999999,-7.555755899999999
W;Q,I;T,"159,91",-6.47138,2.79338,-9.264759999999999
G;K,T;A,"251,253",-6.47162,-0.7404699999999997,-5.7311499999999995
G;H,P;T,"243,104",-6.47361,3.37297,-9.84658
S;Q,N;P,"124,127",-6.47535,5.618309999999999,-12.09366
P;A,Q;F,"38,65",-6.47763,2.76581,-9.24344
W;S,P;H,"185,187",-6.47806,-0.13560825,-6.34245175
M;S,P;T,"222,121",-6.47907,2.70447,-9.18354
G;T,T;N,"251,198",-6.48018,2.54827,-9.02845
Q;Y,E;S,"133,63",-6.48131,1.0387499999999998,-7.520059999999999
G;S,Q;D,"243,103",-6.4814,5.16087,-11.64227
S;P,V;K,"58,120",-6.48261,0.8723879999999999,-7.354998
W;I,C;L,"257,145",-6.48413,3.71389,-10.19802
Y;R,T;A,"63,280",-6.48508,-0.588929,-5.896151
C;Q,D;T,"289,127",-6.48561,2.540094,-9.025704000000001
R;L,P;P,"280,216",-6.48578,2.46633,-8.952110000000001
S;S,T;N,"124,103",-6.48586,3.54422,-10.03008
P;G,D;T,"197,254",-6.48832,-3.2743900000000004,-3.2139299999999995
A;C,V;D,"65,289",-6.48942,3.93694,-10.426359999999999
Y;S,S;P,"63,188",-6.49121,-1.2499149999999999,-5.241295
R;V,Y;D,"123,57",-6.49269,3.1310399999999996,-9.623729999999998
C;M,D;V,"289,154",-6.49281,-1.1714200000000001,-5.32139
W;N,P;Y,"159,37",-6.49312,1.879451,-8.372571
A;K,V;Y,"65,253",-6.49498,-0.3918999999999997,-6.10308
Y;S,T;Y,"63,269",-6.4959,-0.946277,-5.5496229999999995
I;W,L;P,"111,159",-6.50031,2.75469,-9.254999999999999
W;N,I;K,"159,138",-6.50078,2.79985,-9.30063
G;D,T;N,"251,186",-6.50194,1.4059359,-7.9078759000000005
W;S,I;Y,"159,242",-6.50239,2.70557,-9.20796
D;G,V;P,"186,243",-6.50321,3.51993,-10.02314
R;W,N;P,"90,185",-6.50488,-12.55387625,6.04899625
Q;P,V;K,"127,120",-6.50549,0.455098,-6.9605879999999996
W;T,P;M,"159,29",-6.50635,-5.73909,-0.7672600000000003
G;N,H;T,"251,190",-6.50827,2.3169000000000004,-8.82517
A;G,P;P,"152,243",-6.50883,3.5543899999999997,-10.06322
P;S,L;P,"38,125",-6.51247,2.59532,-9.107790000000001
W;L,I;I,"159,216",-6.51386,2.94953,-9.46339
Q;D,N;K,"127,263",-6.51451,3.6818600000000004,-10.19637
M;S,P;V,"222,223",-6.51667,2.5293200000000002,-9.04599
F;Q,W;P,"271,127",-6.51763,3.38924,-9.90687
L;K,K;A,"249,253",-6.51924,-0.21848999999999985,-6.30075
F;M,M;P,"271,222",-6.51926,3.5489800000000002,-10.06824
P;K,Q;A,"38,253",-6.51939,-0.5515999999999999,-5.96779
Q;R,D;Y,"127,123",-6.52098,3.8562,-10.37718
R;N,Y;L,"123,138",-6.5222,3.09635,-9.618549999999999
A;Q,T;F,"180,182",-6.5238,-0.54724,-5.976559999999999
K;Y,F;S,"253,63",-6.52671,-3.80349,-2.7232199999999995
G;W,Q;I,"243,159",-6.52804,5.38844,-11.91648
L;S,E;D,"216,103",-6.52871,2.6019300000000003,-9.13064
P;L,Q;I,"38,216",-6.53281,3.01327,-9.54608
L;M,M;P,"216,222",-6.53531,2.86182,-9.39713
D;Q,V;P,"186,127",-6.53618,3.29171,-9.82789
R;G,T;T,"90,254",-6.53691,-11.605350000000001,5.068440000000002
A;S,T;D,"180,103",-6.53815,2.86787,-9.40602
Q;L,D;D,"127,249",-6.53819,3.29852,-9.83671
G;Q,I;W,"243,133",-6.53944,4.12401,-10.663450000000001
A;S,V;D,"65,103",-6.54066,3.3917,-9.93236
A;M,M;P,"135,222",-6.54066,2.95519,-9.49585
G;L,I;I,"243,216",-6.54185,3.56288,-10.10473
R;Y,L;G,"53,63",-6.54245,0.25839999999999996,-6.80085
S;G,V;T,"223,254",-6.54838,-3.7107100000000006,-2.8376699999999992
Q;C,W;D,"133,289",-6.54947,3.8283300000000002,-10.3778
Y;I,G;R,"63,168",-6.55015,-16.07711,9.52696
L;P,F;K,"216,120",-6.55025,0.520778,-7.071028
W;R,K;T,"257,90",-6.55063,-5.283440000000001,-1.2671899999999994
P;L,D;P,"197,216",-6.55086,2.74863,-9.29949
G;C,L;L,"243,289",-6.55088,5.06169,-11.61257
F;Q,M;P,"271,127",-6.55183,3.65951,-10.21134
L;R,P;A,"216,90",-6.55244,-4.88213,-1.6703099999999997
C;Q,D;T,"289,91",-6.55264,3.1110499999999996,-9.663689999999999
R;L,Y;I,"123,216",-6.55285,3.32536,-9.87821
A;W,W;P,"65,185",-6.55323,1.13649375,-7.689723750000001
G;N,I;K,"243,138",-6.55333,3.4132,-9.966529999999999
M;S,P;H,"222,187",-6.55536,1.2525380000000002,-7.807898000000001
A;W,M;P,"135,159",-6.55556,2.75653,-9.31209
F;Y,E;S,"271,63",-6.55684,1.6049099999999998,-8.16175
R;A,Y;T,"123,180",-6.55873,3.4712699999999996,-10.03
W;F,K;M,"257,191",-6.55963,1.7597420000000001,-8.319372000000001
Q;L,W;P,"133,216",-6.55973,3.16907,-9.7288
M;A,P;L,"222,65",-6.56038,2.6734400000000003,-9.233820000000001
G;P,K;Q,"243,38",-6.5636,4.63879,-11.202390000000001
G;G,L;T,"243,251",-6.56471,5.05048,-11.61519
W;M,C;V,"257,154",-6.56522,-0.59735,-5.96787
S;P,H;K,"214,120",-6.56681,-2.935862,-3.630948
W;R,K;S,"257,90",-6.56686,-4.70529,-1.8615700000000004
L;A,K;L,"249,272",-6.56912,-0.1592,-6.40992
M;R,P;K,"222,53",-6.57123,2.6086600000000004,-9.17989
G;S,T;V,"251,223",-6.57156,2.5287699999999997,-9.10033
M;T,P;K,"222,88",-6.57202,2.67754,-9.24956
Q;S,H;K,"127,58",-6.57329,2.6764099999999997,-9.2497
D;K,K;F,"263,253",-6.57337,-1.4202700000000001,-5.153099999999999
Q;C,D;S,"127,289",-6.57425,0.7990599999999999,-7.37331
M;A,P;W,"222,65",-6.57453,2.52464,-9.09917
F;W,M;K,"271,257",-6.57666,3.63086,-10.20752
G;S,P;K,"243,58",-6.5767,2.87639,-9.45309
T;P,K;K,"88,120",-6.57778,0.5165279999999999,-7.094308
V;P,D;V,"57,184",-6.57848,1.695797,-8.274277
N;G,I;P,"37,243",-6.57849,3.5928,-10.17129
R;Y,A;S,"90,63",-6.58109,-7.11158,0.5304900000000004
G;Q,P;I,"243,182",-6.58206,0.9729,-7.55496
A;L,V;P,"65,216",-6.58252,3.27768,-9.860199999999999
A;W,V;I,"65,159",-6.58555,3.61927,-10.20482
Q;S,N;D,"127,103",-6.58562,3.64211,-10.22773
W;S,P;F,"159,238",-6.58589,0.34247000000000005,-6.92836
W;S,C;Y,"257,269",-6.58616,1.677035,-8.263195
S;Q,P;F,"245,182",-6.5873,-0.7772199999999998,-5.81008
Q;I,F;R,"182,168",-6.58843,-16.88243,10.294
L;K,K;V,"249,253",-6.59043,0.1423399999999999,-6.7327699999999995
G;L,T;D,"251,249",-6.59061,2.72692,-9.31753
W;N,P;K,"159,233",-6.59133,1.521902,-8.113232
W;S,P;E,"159,121",-6.59426,-5.94035,-0.6539100000000007
G;A,I;V,"243,65",-6.59441,4.232620000000001,-10.82703
S;C,N;A,"103,289",-6.59488,1.4040512,-7.9989311999999995
G;Q,P;V,"243,127",-6.5949,2.95486,-9.54976
A;W,M;P,"135,185",-6.59654,1.56704375,-8.16358375
W;L,I;E,"159,216",-6.59899,2.8295000000000003,-9.42849
R;Y,P;T,"90,63",-6.60046,-15.228922,8.628462
Q;A,N;L,"127,272",-6.60427,0.27973000000000026,-6.884
D;K,K;A,"263,253",-6.60477,-0.8031599999999999,-5.80161
K;C,Y;S,"253,289",-6.6061,-3.6585799999999997,-2.94752
P;M,Q;H,"38,161",-6.60808,1.87197,-8.48005
L;C,D;S,"249,289",-6.60962,0.1707399999999999,-6.78036
W;C,K;L,"257,289",-6.61143,2.87728,-9.488710000000001
H;S,L;D,"104,103",-6.6123,2.87946,-9.49176
S;R,D;S,"103,90",-6.61272,-4.89016,-1.7225600000000005
W;D,P;N,"159,186",-6.61312,1.2078259,-7.8209459
Q;I,Y;R,"119,218",-6.61456,-3.4695500000000004,-3.1450099999999996
R;Y,P;G,"90,63",-6.61553,-16.33471,9.719180000000001
C;P,S;V,"289,184",-6.61566,-0.706823,-5.908837
W;S,P;Y,"159,242",-6.61615,2.38233,-8.99848
S;M,E;P,"207,222",-6.61644,2.79045,-9.40689
H;W,L;P,"104,185",-6.61695,1.59430375,-8.211253750000001
L;Y,F;G,"216,63",-6.61783,-0.030990000000000073,-6.58684
I;Y,L;T,"145,63",-6.62039,1.0905779999999998,-7.710968
W;S,P;E,"159,136",-6.62243,1.4922840000000002,-8.114714
R;M,Q;P,"132,222",-6.62244,3.0442,-9.666640000000001
G;S,T;H,"251,214",-6.62353,-0.7753999999999999,-5.848129999999999
A;Y,V;S,"65,63",-6.62527,1.0482300000000002,-7.673500000000001
G;Q,I;T,"243,91",-6.62656,3.40673,-10.03329
A;Q,D;L,"130,127",-6.62676,4.0113,-10.63806
G;N,P;H,"243,205",-6.62707,2.6652810000000002,-9.292351
L;S,D;P,"249,125",-6.62885,2.54927,-9.17812
W;R,P;T,"159,90",-6.63055,-5.56398,-1.0665700000000005
C;S,S;H,"289,214",-6.63154,-3.3315799999999998,-3.2999600000000004
W;V,I;C,"159,281",-6.63278,2.7396700000000003,-9.37245
S;L,N;D,"124,249",-6.63459,5.4505099999999995,-12.0851
Q;W,Y;P,"119,185",-6.63586,-4.53621625,-2.0996437500000003
A;L,T;P,"180,216",-6.63664,2.75385,-9.39049
F;M,W;P,"271,222",-6.63677,3.2787100000000002,-9.91548
G;C,Q;D,"243,289",-6.6384,5.70611,-12.34451
S;R,N;A,"103,90",-6.6389,-4.56837,-2.0705299999999998
C;A,L;L,"289,272",-6.63891,-0.66997,-5.96894
Q;P,E;K,"133,120",-6.63969,1.3241979999999998,-7.963888
R;Y,S;T,"90,63",-6.64258,-6.394162000000001,-0.24841799999999914
A;W,L;P,"65,185",-6.6427,1.28529375,-7.92799375
Q;Q,H;Y,"127,119",-6.64689,-3.0093000000000005,-3.6375899999999994
T;I,N;R,"88,218",-6.64709,2.2309099999999997,-8.878
N;G,K;T,"138,254",-6.64914,-3.5647600000000006,-3.0843799999999995
P;R,Q;P,"38,280",-6.64915,2.87166,-9.520809999999999
R;A,V;L,"34,272",-6.6502,1.2086900000000003,-7.858890000000001
A;Y,N;T,"226,63",-6.6509,1.2262279999999999,-7.877128
N;Q,I;P,"37,127",-6.6512,3.36458,-10.01578
H;W,T;K,"104,257",-6.65399,3.1161000000000003,-9.77009
S;N,A;P,"124,277",-6.65431,3.8018,-10.456109999999999
Q;T,P;N,"127,88",-6.65472,2.6629199999999997,-9.31764
Q;Y,W;G,"133,63",-6.65969,0.6733,-7.332990000000001
G;S,K;D,"243,103",-6.66407,4.34748,-11.01155
R;Y,L;T,"53,63",-6.66506,1.364188,-8.029248
Q;K,D;A,"127,253",-6.66579,-0.16886999999999985,-6.49692
P;D,Q;K,"38,263",-6.66611,2.90982,-9.57593
S;Q,V;H,"58,127",-6.66937,3.17217,-9.84154
G;Q,P;A,"243,127",-6.67169,2.274576,-8.946266
R;S,P;D,"280,103",-6.67241,2.58035,-9.25276
T;A,N;L,"88,272",-6.67283,-0.9129799999999999,-5.75985
L;W,Q;P,"216,185",-6.67443,1.67339375,-8.34782375
T;Q,D;P,"88,127",-6.67568,3.48771,-10.16339
N;Q,P;M,"277,127",-6.67867,2.1363469999999998,-8.815017000000001
Q;C,N;D,"127,289",-6.68243,4.18735,-10.86978
P;Q,L;T,"38,127",-6.68305,2.086624,-8.769674
C;L,D;I,"289,216",-6.68455,3.2672,-9.95175
S;M,E;P,"115,222",-6.68467,3.0913500000000003,-9.776019999999999
R;G,P;T,"280,254",-6.68603,-3.5566900000000006,-3.129339999999999
A;Q,L;L,"272,182",-6.68645,-3.77276,-2.91369
W;Q,C;K,"257,127",-6.68667,4.4204799999999995,-11.10715
C;W,D;K,"289,257",-6.68814,3.3088699999999998,-9.99701
A;C,T;L,"180,289",-6.68829,2.9815199999999997,-9.66981
M;Q,P;I,"222,182",-6.68943,0.6341500000000001,-7.32358
S;T,D;N,"103,88",-6.68971,2.4494,-9.139109999999999
R;G,N;P,"132,243",-6.69003,3.70216,-10.39219
R;Y,V;S,"34,63",-6.69012,2.2276000000000002,-8.917720000000001
Y;A,T;D,"63,226",-6.69113,-6.783352000000001,0.09222200000000047
T;W,K;P,"88,185",-6.692,1.28939375,-7.9813937500000005
Q;Y,W;T,"133,63",-6.69221,1.779088,-8.471298
A;S,L;H,"272,187",-6.6941,-2.212832,-4.481268
F;W,M;P,"271,159",-6.69767,3.35032,-10.047989999999999
G;T,P;Q,"243,88",-6.6979,2.94039,-9.63829
A;P,E;K,"152,120",-6.69793,0.397718,-7.095648000000001
S;I,K;R,"58,218",-6.69833,2.21616,-8.91449
Q;T,H;V,"127,72",-6.70064,2.7518000000000002,-9.45244
W;Q,P;L,"159,182",-6.70119,-0.5060499999999999,-6.19514
W;M,P;L,"159,262",-6.70178,-7.63432,0.9325399999999995
S;Y,Y;S,"242,63",-6.70251,0.13453000000000004,-6.83704
P;V,Q;D,"38,57",-6.70266,2.81895,-9.521609999999999
I;M,L;P,"111,222",-6.70286,2.9533500000000004,-9.656210000000002
A;I,F;R,"65,218",-6.70545,2.25601,-8.961459999999999
P;L,L;C,"38,249",-6.70552,2.52489,-9.23041
Q;L,N;P,"127,216",-6.70556,3.52809,-10.23365
Q;G,E;H,"127,251",-6.70566,2.64008,-9.34574
D;Q,K;N,"263,133",-6.70779,2.54892,-9.25671
G;W,K;I,"243,159",-6.70834,4.57505,-11.28339
G;Q,P;Y,"243,119",-6.70835,-2.8093200000000005,-3.8990299999999998
W;L,P;F,"159,117",-6.71145,-1.11486,-5.59659
N;Y,K;S,"138,63",-6.71208,0.22880999999999996,-6.9408900000000004
N;E,Y;K,"244,231",-6.71283,2.98323,-9.69606
N;Q,P;L,"277,127",-6.71361,3.20864,-9.92225
W;K,C;L,"257,253",-6.71366,1.34639,-8.06005
S;W,V;P,"223,185",-6.71529,1.1411737499999999,-7.8564637500000005
F;Q,E;F,"271,182",-6.71559,0.5332699999999999,-7.24886
I;W,L;P,"111,185",-6.7181,1.56520375,-8.28330375
S;Y,N;G,"124,63",-6.71817,2.795,-9.513169999999999
W;I,C;V,"257,200",-6.71902,3.69725,-10.41627
R;Q,A;F,"90,182",-6.72013,-8.183219999999999,1.4630899999999984
N;Y,T;T,"190,63",-6.72122,0.9261880000000001,-7.6474079999999995
I;L,L;P,"145,216",-6.7225,2.4805599999999997,-9.20306
Q;L,R;P,"127,216",-6.72414,3.42111,-10.14525
P;Q,Q;F,"38,182",-6.72425,-0.54504,-6.179209999999999
S;A,E;L,"207,272",-6.72496,-0.67492,-6.05004
Q;C,E;L,"133,289",-6.72672,3.49587,-10.22259
I;T,R;Y,"218,189",-6.72829,1.2247519999999998,-7.953042
W;K,K;Y,"257,253",-6.73007,-1.0199699999999998,-5.710100000000001
L;Q,P;T,"216,127",-6.73521,1.8808340000000001,-8.616044
S;W,E;P,"207,185",-6.73694,1.40230375,-8.13924375
Q;R,P;P,"127,90",-6.7371,-13.5114,6.7743
C;S,D;H,"289,214",-6.73943,-0.3326,-6.406829999999999
Q;I,H;H,"127,168",-6.73963,-0.2159500000000001,-6.52368
D;V,K;C,"263,281",-6.74078,2.55185,-9.292629999999999
Q;G,R;A,"127,243",-6.7409,3.70507,-10.445969999999999
L;K,D;A,"249,253",-6.74227,-0.7971899999999998,-5.945080000000001
P;W,D;I,"197,159",-6.74301,3.09022,-9.83323
S;Q,D;L,"103,182",-6.74344,-0.41037999999999997,-6.33306
S;I,F;R,"238,218",-6.7469,0.2196499999999999,-6.96655
G;A,P;M,"243,65",-6.74704,2.99787,-9.74491
M;Q,P;V,"222,182",-6.74907,-0.7918099999999999,-5.95726
Q;Y,I;T,"127,63",-6.74911,1.892688,-8.641798
W;S,K;H,"257,214",-6.75104,-0.6929699999999999,-6.05807
G;L,T;C,"251,249",-6.75205,2.5355600000000003,-9.28761
R;W,Q;P,"224,185",-6.75236,0.8053247499999999,-7.55768475
L;A,W;L,"216,272",-6.75523,-0.70214,-6.05309
P;P,Q;D,"38,197",-6.75527,3.1539599999999997,-9.90923
R;W,Q;P,"132,185",-6.75731,1.6560537499999999,-8.41336375
Q;L,D;K,"127,249",-6.75793,3.87722,-10.63515
Q;G,N;I,"127,243",-6.75822,4.48303,-11.24125
Q;P,R;V,"127,184",-6.75908,2.703287,-9.462367
G;Q,P;V,"243,182",-6.7596,-0.45306,-6.30654
I;Y,L;S,"145,63",-6.76001,0.25110999999999994,-7.01112
S;M,N;P,"124,222",-6.76034,5.50778,-12.26812
Y;Q,S;T,"63,127",-6.76053,-0.3486159999999999,-6.411914
Q;W,W;P,"133,159",-6.7632,3.1874200000000004,-9.95062
L;D,D;K,"249,263",-6.76508,2.66423,-9.429310000000001
S;K,D;V,"103,253",-6.76508,-0.48208000000000006,-6.283
S;I,T;R,"124,218",-6.76728,3.12599,-9.893270000000001
M;W,L;P,"154,185",-6.76968,1.39897375,-8.16865375
S;R,T;Y,"124,123",-6.77072,3.9478799999999996,-10.718599999999999
L;P,M;K,"216,120",-6.77299,0.7008079999999999,-7.473798
L;Y,Q;T,"216,63",-6.77364,1.454548,-8.228188
P;D,D;K,"197,263",-6.77416,2.9024,-9.67656
G;G,L;T,"243,254",-6.77525,-1.1890000000000005,-5.58625
Q;C,R;S,"127,289",-6.77552,1.08139,-7.85691
R;P,T;K,"90,120",-6.77604,-7.526332,0.750292
A;W,F;P,"65,185",-6.77638,1.18934375,-7.9657237499999995
G;R,T;P,"251,280",-6.77793,2.68279,-9.460719999999998
S;W,T;P,"121,159",-6.77798,2.5058100000000003,-9.28379
P;M,L;H,"38,161",-6.77947,1.67243,-8.4519
S;P,N;V,"103,184",-6.77999,1.946657,-8.726647
S;S,D;H,"103,214",-6.7807,-0.87784,-5.90286
A;W,E;P,"152,185",-6.78134,1.17058375,-7.951923750000001
S;Q,M;F,"238,182",-6.7818,0.08356999999999992,-6.8653699999999995
Q;L,P;W,"127,216",-6.78218,2.87376,-9.655940000000001
R;W,L;P,"53,159",-6.78464,2.77252,-9.55716
Q;P,E;V,"127,184",-6.78521,1.921527,-8.706737
S;N,M;P,"238,277",-6.78827,3.8682499999999997,-10.65652
T;P,D;K,"88,120",-6.79166,1.216168,-8.007828
Q;Y,K;S,"127,63",-6.79278,0.9577,-7.75048
W;S,K;Y,"257,269",-6.79462,0.742595,-7.537215
S;Q,T;F,"121,182",-6.79499,-0.8136299999999999,-5.9813600000000005
S;A,K;L,"124,272",-6.79518,0.61592,-7.4111
G;L,I;E,"243,216",-6.79619,3.44285,-10.23904
Q;M,K;P,"127,222",-6.79696,3.40416,-10.20112
G;R,P;A,"243,280",-6.79752,1.356813,-8.154333
L;A,I;L,"216,272",-6.79959,-0.64042,-6.1591700000000005
Q;C,E;S,"127,289",-6.80133,0.29962999999999984,-7.10096
Q;L,E;D,"127,249",-6.80224,2.7990899999999996,-9.60133
T;K,N;Y,"88,253",-6.80378,-1.3341999999999998,-5.46958
R;P,L;K,"53,120",-6.8058,0.810168,-7.615968
R;W,K;P,"53,185",-6.80762,1.22051375,-8.02813375
A;M,P;P,"152,222",-6.80865,3.21564,-10.02429
Q;V,R;D,"127,57",-6.81012,3.48401,-10.294130000000001
G;S,P;V,"243,58",-6.81096,3.37215,-10.18311
N;K,P;L,"277,252",-6.81471,2.90261,-9.71732
D;Q,L;F,"220,182",-6.81644,-0.13968999999999987,-6.67675
Q;W,V;P,"182,185",-6.81656,-2.17995625,-4.63660375
W;R,P;A,"159,280",-6.81692,0.8194030000000001,-7.636323
C;I,A;R,"289,218",-6.81732,0.9858212,-7.8031412
A;I,M;R,"135,218",-6.81981,2.6337099999999998,-9.453520000000001
G;I,P;H,"243,168",-6.81987,-0.01597000000000004,-6.8039
G;L,L;P,"243,216",-6.82188,4.83402,-11.655899999999999
F;W,W;P,"271,185",-6.82208,1.8905637499999999,-8.71264375
Q;Y,N;S,"133,63",-6.82644,0.16569999999999996,-6.99214
Y;A,G;D,"63,226",-6.82657,-7.88914,1.06257
S;V,D;C,"103,281",-6.8274,2.5121,-9.339500000000001
R;L,Q;P,"132,216",-6.82801,2.82719,-9.6552
Q;R,P;A,"127,280",-6.82875,1.128593,-7.957343
M;I,V;R,"154,218",-6.8294,-1.9351500000000001,-4.8942499999999995
D;M,V;P,"186,222",-6.83187,3.1811800000000003,-10.01305
G;Y,Q;S,"243,63",-6.83255,2.8174,-9.64995
G;K,I;V,"243,253",-6.83264,0.35884000000000005,-7.191479999999999
L;K,P;V,"216,253",-6.8342,-0.5961000000000001,-6.2381
L;Y,E;S,"216,63",-6.83745,0.25846000000000013,-7.09591
W;F,C;M,"257,191",-6.83886,2.694182,-9.533042
S;I,D;R,"103,168",-6.83887,-13.46732,6.628450000000001
Q;N,P;H,"127,205",-6.8399,2.437061,-9.276961
N;H,Y;M,"244,104",-6.84022,2.94505,-9.78527
A;N,L;K,"272,114",-6.8416,-3.40705,-3.4345499999999998
S;L,N;C,"103,249",-6.84551,2.63286,-9.47837
S;A,V;L,"58,272",-6.84722,-0.43196999999999997,-6.41525
M;A,P;F,"222,65",-6.84891,2.57749,-9.426400000000001
R;T,Y;N,"123,198",-6.8516,3.0492299999999997,-9.90083
G;K,T;A,"254,253",-6.85193,-6.9799500000000005,0.12802000000000024
C;Q,L;N,"289,133",-6.85575,2.62282,-9.47857
T;N,E;P,"270,277",-6.85709,5.18509,-12.04218
G;T,P;N,"243,88",-6.85905,2.89114,-9.75019
S;P,E;K,"136,120",-6.86069,-0.47006800000000004,-6.390622
Q;I,P;H,"127,168",-6.86218,-0.24419000000000013,-6.617990000000001
Y;S,G;Y,"63,269",-6.8634,-2.0520650000000002,-4.811335
Q;W,K;P,"127,185",-6.86422,2.01601375,-8.88023375
Q;G,D;T,"127,254",-6.86539,-2.88424,-3.9811499999999995
H;M,T;P,"104,222",-6.86539,3.0342200000000004,-9.89961
P;C,Q;L,"38,289",-6.86581,2.98372,-9.84953
L;S,K;D,"249,103",-6.8753,3.2031799999999997,-10.078479999999999
H;W,T;P,"104,185",-6.87593,1.64607375,-8.52200375
N;M,I;P,"37,222",-6.87716,3.2540500000000003,-10.13121
T;A,L;L,"72,272",-6.88259,-0.7192000000000001,-6.163390000000001
F;W,M;P,"271,185",-6.8865,2.16083375,-9.04733375
N;T,P;V,"277,198",-6.88746,3.22567,-10.11313
W;R,C;P,"257,90",-6.88802,-12.60561,5.71759
L;G,D;T,"249,254",-6.89199,-3.5125600000000006,-3.3794299999999993
L;I,F;R,"216,218",-6.89268,2.36031,-9.25299
S;K,N;A,"103,253",-6.89296,-0.6431699999999998,-6.249790000000001
I;P,R;K,"168,120",-6.89356,-15.525342,8.631782000000001
L;A,F;L,"216,272",-6.89383,-0.7835799999999999,-6.110250000000001
M;N,P;H,"222,205",-6.89396,2.326531,-9.220490999999999
T;G,D;P,"88,243",-6.89859,3.71593,-10.61452
S;Q,M;H,"238,127",-6.89988,3.7404399999999995,-10.64032
P;T,Q;N,"38,198",-6.90006,2.73714,-9.6372
N;T,P;Y,"277,189",-6.90016,1.8128119999999999,-8.712971999999999
W;R,C;T,"257,90",-6.90111,-4.349,-2.55211
R;Y,T;T,"90,63",-6.90219,-6.9723120000000005,0.07012200000000046
G;C,K;D,"243,289",-6.90572,4.89272,-11.79844
R;I,K;R,"53,218",-6.90855,2.28718,-9.195730000000001
V;G,D;H,"57,251",-6.90871,2.4143499999999998,-9.32306
S;L,N;D,"103,249",-6.91296,2.82422,-9.73718
R;I,Y;L,"123,145",-6.91305,3.19798,-10.11103
F;L,W;P,"271,216",-6.91434,3.0617,-9.976040000000001
K;Q,V;F,"253,182",-6.91458,-3.89719,-3.01739
D;N,L;Y,"220,244",-6.91471,3.63692,-10.55163
N;T,P;L,"277,72",-6.91701,3.0127499999999996,-9.92976
H;Q,M;F,"104,182",-6.91702,-0.8315599999999999,-6.08546
S;G,N;P,"124,243",-6.91783,5.84653,-12.76436
W;R,P;Q,"159,224",-6.91869,1.994811,-8.913501
W;S,C;P,"257,188",-6.91944,2.212865,-9.132304999999999
A;K,L;F,"272,253",-6.9218,-4.8224,-2.0994
A;W,D;P,"226,185",-6.92324,-6.56450625,-0.35873374999999985
A;L,F;P,"65,216",-6.92507,2.36048,-9.28555
K;Y,Y;T,"253,63",-6.92527,-2.7088419999999998,-4.2164280000000005
S;W,Q;P,"188,185",-6.9284,-1.43260625,-5.49579375
L;Y,I;S,"216,63",-6.9286,0.37849,-7.3070900000000005
M;S,P;K,"222,58",-6.92885,2.53764,-9.46649
S;Q,A;H,"124,127",-6.93086,3.67399,-10.604849999999999
D;S,K;P,"263,125",-6.93389,2.5433,-9.47719
N;G,I;T,"37,254",-6.93418,-2.9859800000000005,-3.948199999999999
I;S,R;H,"218,187",-6.93543,0.9310579999999999,-7.866488
Q;W,W;K,"133,257",-6.93654,3.46796,-10.4045
A;I,D;L,"130,111",-6.93694,4.02259,-10.95953
A;M,T;H,"180,161",-6.93707,1.86977,-8.806840000000001
W;L,K;E,"257,216",-6.93842,2.7868000000000004,-9.72522
S;I,E;R,"136,218",-6.93925,1.3694639999999998,-8.308714
K;P,A;V,"253,184",-6.94592,-1.6747529999999997,-5.271167
M;Q,P;V,"222,127",-6.9463,2.61611,-9.56241
L;G,K;T,"249,251",-6.9476,3.3056200000000002,-10.25322
N;N,P;K,"277,114",-6.94765,0.32489999999999997,-7.272550000000001
C;T,L;N,"289,198",-6.95083,2.5594799999999998,-9.51031
S;K,D;F,"103,253",-6.95109,-1.46002,-5.49107
C;V,D;C,"289,281",-6.95308,3.05734,-10.01042
G;L,P;F,"243,216",-6.95665,3.02054,-9.97719
R;P,P;K,"90,120",-6.95718,-15.782942,8.825762000000001
A;Y,N;G,"226,63",-6.95735,0.12043999999999988,-7.07779
P;N,Q;K,"38,138",-6.95811,2.86359,-9.8217
Q;A,P;M,"127,65",-6.95991,2.76965,-9.72956
G;V,I;C,"243,281",-6.96085,3.35302,-10.31387
R;D,Y;K,"123,263",-6.96198,3.22191,-10.18389
T;Q,E;H,"270,127",-6.96228,5.0572799999999996,-12.019559999999998
S;P,N;L,"124,38",-6.96579,5.49656,-12.46235
S;Y,T;S,"124,63",-6.96625,1.00101,-7.96726
L;P,C;V,"249,184",-6.96652,1.601277,-8.567797
Y;K,T;L,"63,253",-6.97115,-1.2769220000000001,-5.694228
Q;Y,K;T,"127,63",-6.97258,1.7971679999999999,-8.769748
R;S,Y;Y,"123,269",-6.97298,1.1611249999999997,-8.134105
Q;G,D;T,"127,251",-6.97305,3.3552400000000002,-10.328289999999999
G;D,L;K,"243,263",-6.97334,4.9877899999999995,-11.96113
Q;A,H;N,"127,226",-6.97378,2.97199,-9.94577
S;A,K;D,"124,130",-6.97411,5.15053,-12.12464
G;I,P;R,"243,168",-6.97521,-13.02558,6.05037
Q;T,H;L,"127,72",-6.97732,2.88494,-9.86226
A;I,D;R,"226,218",-6.98002,-5.49784,-1.4821799999999996
M;A,L;L,"262,272",-6.98133,-10.90103,3.9197000000000006
R;Y,T;G,"90,63",-6.9814,-8.078100000000001,1.0967000000000011
T;W,K;P,"88,159",-6.98192,2.47888,-9.460799999999999
D;T,K;N,"263,198",-6.98229,2.4855799999999997,-9.46787
W;S,K;Y,"257,242",-6.98489,2.66287,-9.64776
W;K,P;V,"159,253",-6.98528,-0.57775,-6.40753
L;Y,Q;G,"216,63",-6.99015,0.34875999999999996,-7.33891
W;R,C;A,"257,90",-6.99237,-3.6487999999999996,-3.3435700000000006
L;S,P;Y,"216,269",-6.99255,0.4437049999999999,-7.436254999999999
P;T,L;M,"38,51",-6.99413,2.69585,-9.68998
L;W,M;P,"216,185",-6.99437,1.47367375,-8.46804375
R;M,N;P,"132,222",-6.99616,3.36341,-10.35957
M;T,P;Q,"222,88",-6.99624,2.60164,-9.59788
D;W,N;P,"186,185",-6.99744,0.01833965,-7.01577965
W;H,C;R,"257,104",-6.99776,3.6051,-10.60286
S;C,D;A,"103,289",-7.00055,1.2043112,-8.2048612
M;Q,P;Y,"222,119",-7.00117,-3.14807,-3.8531
G;S,L;D,"243,103",-7.00251,4.94804,-11.95055
G;A,I;T,"243,180",-7.00581,3.70879,-10.7146
P;V,Q;C,"38,281",-7.00861,2.80341,-9.81202
Q;G,E;P,"133,243",-7.00928,3.8239599999999996,-10.83324
M;I,P;L,"222,145",-7.00954,2.69757,-9.70711
Y;F,G;M,"63,191",-7.01036,-1.034918,-5.975442
I;Q,L;F,"111,182",-7.01082,-0.5647499999999999,-6.44607
T;A,V;L,"72,272",-7.01157,-0.8523399999999999,-6.15923
S;W,E;P,"115,185",-7.01228,1.70320375,-8.715483749999999
G;D,S;K,"243,263",-7.01446,2.88352,-9.89798
N;K,L;Y,"138,253",-7.01674,-1.2906499999999999,-5.726090000000001
C;Q,D;N,"289,133",-7.01866,3.05441,-10.07307
M;A,P;M,"222,65",-7.021,2.65912,-9.68012
I;Y,V;T,"200,63",-7.02198,1.0739379999999998,-8.095918
R;P,S;K,"90,120",-7.02421,-6.948182,-0.07602799999999998
P;P,Q;V,"38,184",-7.02651,2.038227,-9.064737000000001
Q;S,H;F,"127,238",-7.02746,0.6799,-7.7073599999999995
W;Q,I;N,"159,133",-7.02902,2.73674,-9.76576
Y;S,G;H,"63,214",-7.02903,-3.4876300000000002,-3.5413999999999994
Q;G,I;P,"127,243",-7.02941,3.83843,-10.867840000000001
N;P,K;K,"138,120",-7.02954,0.5142579999999999,-7.543798
Q;P,R;L,"127,38",-7.03236,3.6269,-10.65926
A;W,P;P,"152,185",-7.03351,1.82749375,-8.86100375
Q;S,H;W,"127,58",-7.03591,2.70357,-9.73948
N;S,P;F,"277,238",-7.03801,0.8077099999999999,-7.84572
F;W,E;C,"271,257",-7.03886,5.06769,-12.106549999999999
S;I,Q;R,"188,218",-7.03957,-0.36594000000000015,-6.67363
Q;N,P;T,"127,190",-7.03988,2.64371,-9.68359
P;G,L;T,"38,254",-7.04047,-3.4665100000000004,-3.5739599999999996
K;Y,L;G,"253,63",-7.04047,-2.3827100000000003,-4.65776
I;Y,V;G,"200,63",-7.04243,-0.031850000000000156,-7.01058
Q;Y,T;S,"91,63",-7.04335,0.22233999999999998,-7.26569
G;R,P;P,"243,90",-7.04632,-13.28318,6.23686
N;N,P;K,"277,233",-7.04829,1.987142,-9.035432
S;W,T;I,"124,159",-7.05055,3.57205,-10.6226
G;Q,I;N,"243,133",-7.05093,3.35009,-10.401019999999999
S;P,Y;K,"242,120",-7.05289,0.41997799999999996,-7.472868
K;G,Y;T,"253,254",-7.05325,-7.34188,0.2886299999999995
Q;L,N;P,"133,216",-7.05347,2.39515,-9.44862
A;A,W;L,"65,272",-7.05425,-0.9407299999999998,-6.113519999999999
D;P,Q;K,"220,120",-7.05537,2.099298,-9.154668000000001
H;Y,R;S,"104,63",-7.0561,0.14232,-7.19842
Q;I,P;R,"127,168",-7.05621,-13.2538,6.19759
M;A,P;D,"222,226",-7.06114,-5.176360000000001,-1.8847799999999992
Q;Y,E;T,"133,63",-7.06161,1.8782179999999997,-8.939828
W;S,P;V,"159,223",-7.06594,2.33066,-9.3966
Q;M,P;V,"127,154",-7.06628,-1.5031400000000001,-5.56314
D;S,K;H,"263,214",-7.06687,-0.83809,-6.2287799999999995
Q;Q,E;H,"133,127",-7.06744,3.6239799999999995,-10.69142
Q;S,F;T,"182,214",-7.06845,-2.451688,-4.6167620000000005
Q;R,H;P,"127,90",-7.06885,-13.48316,6.4143099999999995
Q;S,P;Y,"127,269",-7.07172,0.7712449999999998,-7.8429649999999995
G;N,T;H,"254,205",-7.07193,-3.9134990000000003,-3.1584309999999998
W;S,C;Y,"257,242",-7.07248,3.5973100000000002,-10.669789999999999
F;A,E;L,"271,272",-7.07265,0.5859999999999999,-7.65865
Q;Q,E;P,"133,127",-7.07473,3.5957399999999997,-10.67047
W;Q,K;T,"257,91",-7.07845,2.75068,-9.82913
T;W,N;P,"88,185",-7.0793,1.16424375,-8.24354375
Q;I,H;R,"127,168",-7.08028,-13.22556,6.14528
M;I,P;H,"222,168",-7.08036,-0.3547199999999999,-6.72564
Q;S,I;D,"127,103",-7.08071,3.39669,-10.4774
G;Y,K;S,"243,63",-7.08438,2.00401,-9.08839
L;N,P;H,"216,205",-7.08455,2.109521,-9.194071000000001
Q;W,V;P,"127,185",-7.08528,1.22796375,-8.31324375
W;C,I;A,"159,289",-7.08696,1.4318812,-8.5188412
W;N,P;T,"159,190",-7.08744,2.3345200000000004,-9.42196
Q;G,E;T,"127,254",-7.08824,-3.3836700000000004,-3.7045699999999995
G;R,T;A,"254,90",-7.08888,-10.905149999999999,3.8162699999999994
Y;M,G;V,"63,154",-7.09053,-4.32645,-2.76408
L;M,I;P,"216,222",-7.09073,2.8249500000000003,-9.91568
G;R,P;L,"243,53",-7.09189,3.30993,-10.40182
T;I,M;R,"29,218",-7.09285,-5.86191,-1.2309400000000004
Q;S,F;F,"182,238",-7.09804,-2.9769699999999997,-4.1210700000000005
M;Q,P;A,"222,127",-7.1014,1.935826,-9.037226
G;L,P;W,"243,216",-7.10166,3.10198,-10.20364
N;P,L;V,"138,184",-7.10198,1.6611070000000001,-8.763087
W;A,P;E,"159,152",-7.10364,2.3600700000000003,-9.46371
W;N,K;K,"257,138",-7.10456,2.75715,-9.86171
K;Y,F;G,"253,63",-7.10491,-4.06981,-3.0351
G;P,I;D,"243,197",-7.10582,3.70357,-10.80939
W;S,C;T,"257,124",-7.10586,4.4637899999999995,-11.56965
Q;N,H;K,"127,233",-7.10752,1.859332,-8.966852
Q;P,R;Q,"127,38",-7.11464,3.82644,-10.94108
P;L,Q;C,"38,249",-7.11557,2.72443,-9.84
A;K,L;V,"272,253",-7.11576,-3.8444599999999998,-3.2713
G;C,I;A,"243,289",-7.11608,2.0452312,-9.1613112
Q;Q,F;A,"182,127",-7.12262,-1.582274,-5.540346
A;S,L;H,"272,214",-7.12358,-4.24022,-2.8833599999999997
Q;W,I;P,"182,185",-7.12435,-0.75399625,-6.37035375
S;Q,A;F,"124,182",-7.12629,0.017120000000000246,-7.14341
Q;P,N;Q,"127,38",-7.12681,3.93342,-11.06023
L;D,K;K,"249,263",-7.12687,3.24293,-10.3698
R;W,V;C,"34,257",-7.12848,5.69038,-12.81886
W;L,C;E,"257,216",-7.13511,3.72124,-10.856349999999999
Q;G,R;I,"127,243",-7.13765,4.37605,-11.5137
Q;S,R;P,"127,125",-7.14052,3.4599200000000003,-10.60044
Q;Y,N;S,"127,63",-7.14343,1.2986400000000002,-8.442070000000001
W;L,C;I,"257,216",-7.14466,3.8412699999999997,-10.98593
R;I,D;R,"90,218",-7.14688,-11.46281,4.315929999999999
N;L,I;P,"37,216",-7.14959,3.03704,-10.186630000000001
Q;G,E;T,"127,251",-7.14979,2.85581,-10.005600000000001
W;S,P;Q,"159,188",-7.15042,-0.24312,-6.9073
T;N,E;Y,"270,244",-7.15587,5.17702,-12.332889999999999
W;A,C;V,"257,65",-7.15743,4.511010000000001,-11.66844
Q;W,N;P,"127,159",-7.16008,3.5464400000000005,-10.706520000000001
N;K,Y;L,"244,252",-7.16292,2.89454,-10.057459999999999
G;S,S;D,"243,103",-7.16321,2.84377,-10.00698
W;M,K;V,"257,154",-7.16333,-1.53179,-5.63154
G;S,A;D,"243,103",-7.16431,2.7487,-9.91301
S;W,E;P,"207,159",-7.16437,2.59179,-9.75616
M;T,P;N,"222,88",-7.16505,2.55239,-9.71744
C;P,D;L,"289,38",-7.16658,3.21577,-10.382349999999999
Q;T,H;M,"127,51",-7.1667,2.84584,-10.01254
A;N,L;K,"272,233",-7.16749,-1.744808,-5.422682
Q;Y,R;S,"127,63",-7.16883,1.1916600000000002,-8.36049
K;W,Y;P,"253,185",-7.16887,-2.48999625,-4.67887375
Y;F,T;M,"63,191",-7.16903,0.07087000000000002,-7.2399000000000004
Q;L,P;F,"127,216",-7.16982,2.79232,-9.96214
Q;I,F;H,"182,168",-7.16988,-3.87282,-3.29706
W;Q,C;W,"257,133",-7.17011,4.4024,-11.572510000000001
C;L,L;C,"289,249",-7.17059,2.54677,-9.71736
G;W,L;I,"243,159",-7.17204,5.17561,-12.34765
R;L,Y;C,"123,249",-7.17211,3.03652,-10.20863
P;G,D;T,"197,251",-7.17618,2.96509,-10.141269999999999
W;R,K;A,"257,90",-7.17704,-4.58324,-2.5938
Y;S,T;P,"63,188",-7.1775,-0.410447,-6.767053000000001
Y;K,S;V,"63,253",-7.17793,-2.82555,-4.35238
S;M,V;P,"58,222",-7.17883,3.0334000000000003,-10.21223
W;L,K;I,"257,216",-7.17909,2.9068300000000002,-10.085920000000002
S;W,K;P,"58,185",-7.18089,1.14949375,-8.33038375
D;V,K;D,"263,57",-7.18252,2.5673899999999996,-9.74991
G;G,Q;T,"243,254",-7.18592,-0.9761700000000002,-6.20975
R;Y,A;T,"90,63",-7.18803,-6.272112,-0.9159180000000005
R;I,A;R,"90,218",-7.18874,-4.986599999999999,-2.202140000000001
Q;Q,F;T,"182,127",-7.18894,-1.4202559999999997,-5.768684
S;L,N;F,"103,216",-7.18972,2.77854,-9.96826
Y;S,G;P,"63,188",-7.19039,-1.516235,-5.674155
N;T,P;V,"277,72",-7.19472,2.87961,-10.07433
F;P,W;K,"271,120",-7.19497,1.1176979999999999,-8.312667999999999
N;M,P;L,"277,262",-7.19653,-7.16908,-0.027449999999999974
G;L,A;P,"243,216",-7.19704,2.63468,-9.83172
N;T,P;M,"277,51",-7.19742,2.97365,-10.17107
S;N,K;P,"124,277",-7.19905,4.34787,-11.54692
G;C,L;D,"243,289",-7.20042,5.4932799999999995,-12.6937
N;K,L;A,"138,253",-7.20047,-0.9287199999999998,-6.271750000000001
Q;Y,E;G,"133,63",-7.20128,0.7724299999999997,-7.97371
W;N,C;K,"257,138",-7.20313,3.6915899999999997,-10.89472
W;Q,K;T,"257,127",-7.20321,2.179724,-9.382934
V;Y,C;S,"281,63",-7.20358,0.16863000000000006,-7.37221
N;P,T;K,"190,120",-7.20585,0.37216800000000005,-7.578018
S;P,K;K,"58,120",-7.20602,0.37662799999999996,-7.582648
G;L,S;P,"243,216",-7.20845,2.72975,-9.9382
Q;W,R;I,"127,159",-7.20878,3.7627,-10.97148
G;N,P;T,"243,190",-7.20916,2.87193,-10.08109
N;Q,Y;L,"244,127",-7.21108,3.20057,-10.41165
F;Y,E;T,"271,63",-7.21245,2.444378,-9.656827999999999
Q;W,A;P,"127,185",-7.21343,0.54767975,-7.76110975
S;S,N;N,"124,103",-7.21396,5.60453,-12.81849
R;P,A;K,"90,120",-7.21417,-6.826131999999999,-0.38803800000000077
S;W,N;P,"124,185",-7.21553,4.11963375,-11.33516375
C;G,D;S,"289,243",-7.21615,3.38901,-10.60516
L;P,W;K,"216,120",-7.21674,0.6022179999999999,-7.818957999999999
P;A,L;M,"38,65",-7.21987,2.6479,-9.86777
A;W,V;K,"65,257",-7.22028,3.5765700000000002,-10.79685
W;K,I;V,"159,253",-7.22197,-0.25451,-6.96746
R;Y,V;T,"34,63",-7.22201,3.0670680000000003,-10.289078
W;S,P;K,"159,58",-7.22326,2.3389800000000003,-9.56224
Q;G,R;T,"127,251",-7.22501,3.63757,-10.862580000000001
G;C,T;S,"251,289",-7.2268,0.22746,-7.45426
Q;P,D;V,"127,184",-7.22689,2.420957,-9.647847
T;M,D;P,"88,222",-7.22751,3.37718,-10.60469
A;W,P;P,"152,159",-7.22931,3.01698,-10.24629
P;C,Q;S,"38,289",-7.22986,0.41632999999999987,-7.646190000000001
G;W,Q;K,"243,257",-7.23022,5.34574,-12.57596
A;N,D;K,"130,114",-7.2343,1.12756,-8.36186
Q;N,F;K,"182,233",-7.23729,-1.7975379999999999,-5.439752
Q;W,I;P,"127,185",-7.23801,2.11153375,-9.34954375
I;W,L;P,"145,185",-7.23913,1.3094237499999999,-8.54855375
W;K,K;F,"257,253",-7.24004,-1.27515,-5.96489
R;P,Y;D,"123,197",-7.24052,3.46605,-10.70657
G;P,T;V,"254,184",-7.24085,-4.390123,-2.850727
G;A,P;N,"243,226",-7.24262,3.17197,-10.41459
N;Y,L;G,"138,63",-7.24417,-0.11684000000000005,-7.127330000000001
A;Y,V;T,"65,63",-7.24465,1.887698,-9.132348
N;T,L;N,"138,198",-7.24662,2.36002,-9.60664
N;G,L;T,"138,254",-7.2494,-3.6440900000000003,-3.6053099999999993
S;I,D;R,"58,218",-7.25001,2.94937,-10.19938
S;K,N;Y,"103,253",-7.25241,-1.0050999999999999,-6.247310000000001
S;M,D;V,"103,154",-7.25534,-1.71666,-5.53868
W;A,P;F,"159,65",-7.25639,2.37883,-9.63522
N;R,Y;Q,"244,224",-7.2569,2.451981,-9.708881
N;S,P;W,"277,58",-7.26065,2.8313800000000002,-10.092030000000001
R;G,Q;T,"132,251",-7.26065,3.04365,-10.3043
R;Y,S;G,"90,63",-7.26184,-7.49995,0.23810999999999982
W;R,I;P,"159,280",-7.26643,2.80792,-10.074349999999999
N;S,P;T,"277,214",-7.26651,1.332992,-8.599502000000001
T;W,Q;P,"88,185",-7.26661,1.21349375,-8.48010375
W;K,C;V,"257,253",-7.26713,0.63723,-7.90436
G;L,T;E,"251,216",-7.26977,2.70437,-9.97414
N;S,Y;V,"244,58",-7.26994,3.2919099999999997,-10.56185
R;I,N;R,"132,218",-7.27097,3.04193,-10.312899999999999
N;Q,Y;L,"244,182",-7.27143,-0.048880000000000035,-7.22255
M;L,P;W,"222,216",-7.27394,2.76323,-10.03717
A;W,M;P,"65,185",-7.2746,1.27097375,-8.54557375
W;A,P;W,"159,65",-7.27779,2.3259800000000004,-9.60377
D;N,Q;P,"220,277",-7.27982,4.52689,-11.806709999999999
R;W,S;P,"90,185",-7.28106,-6.17531625,-1.1057437500000002
R;Y,A;G,"90,63",-7.28197,-7.3778999999999995,0.09592999999999918
L;W,W;P,"216,185",-7.28592,1.37508375,-8.661003749999999
W;Q,P;T,"159,127",-7.2864,1.899184,-9.185584
L;W,M;P,"216,159",-7.28776,2.66316,-9.95092
F;Y,E;G,"271,63",-7.28891,1.3385899999999997,-8.6275
N;W,I;P,"37,185",-7.28893,1.86590375,-9.15483375
N;Q,P;L,"277,182",-7.29014,-0.04081000000000001,-7.2493300000000005
S;Y,Y;T,"242,63",-7.29481,0.973998,-8.268808
P;Y,D;S,"197,63",-7.29483,0.51918,-7.81401
R;P,A;K,"280,120",-7.30135,-1.142949,-6.1584010000000005
M;R,P;S,"222,90",-7.30187,-4.78717,-2.5147000000000004
G;L,I;K,"243,249",-7.30333,4.0441,-11.34743
G;A,P;D,"243,226",-7.3058,-4.837610000000001,-2.468189999999999
N;N,Y;K,"244,114",-7.30601,0.31682999999999995,-7.62284
G;P,T;V,"251,184",-7.30644,1.8493570000000001,-9.155797
W;G,I;A,"159,243",-7.30734,2.97627,-10.28361
C;L,L;D,"289,249",-7.30757,2.73813,-10.0457
R;M,L;P,"53,222",-7.31212,2.9711800000000004,-10.2833
G;W,K;P,"243,159",-7.31289,4.25181,-11.5647
C;I,D;L,"289,145",-7.31538,3.13982,-10.4552
N;N,Y;K,"244,233",-7.31685,1.979072,-9.295922
S;A,Y;L,"242,272",-7.3179,-0.8843799999999999,-6.43352
N;R,P;D,"277,90",-7.31796,-10.874749999999999,3.5567899999999986
S;K,P;Y,"125,253",-7.31807,-1.28005,-6.0380199999999995
P;S,Q;N,"38,103",-7.31981,3.06981,-10.38962
C;L,D;D,"289,249",-7.3215,3.16972,-10.49122
Q;P,K;Q,"127,38",-7.32596,3.59248,-10.91844
Q;Q,H;V,"127,182",-7.32627,-0.6530400000000001,-6.67323
L;W,I;P,"216,159",-7.32997,2.62629,-9.95626
N;G,P;A,"277,165",-7.3318,-2.92887,-4.4029300000000005
V;W,C;P,"281,159",-7.33512,2.41643,-9.75155
D;W,V;P,"186,159",-7.33704,2.98252,-10.31956
Q;R,P;T,"127,90",-7.33758,-5.25479,-2.08279
W;S,I;H,"159,214",-7.33775,-0.6502699999999999,-6.68748
Y;C,S;A,"63,289",-7.33852,-1.1391588,-6.1993612
S;I,V;R,"58,218",-7.34257,2.71192,-10.054490000000001
T;L,Q;P,"88,216",-7.3446,2.38463,-9.72923
S;I,Y;R,"242,218",-7.34642,2.2595099999999997,-9.60593
Q;K,P;F,"127,253",-7.35188,-1.2465000000000002,-6.10538
S;W,V;P,"58,185",-7.35222,1.64525375,-8.99747375
K;I,V;R,"253,218",-7.35234,-0.7005700000000001,-6.65177
Q;I,A;R,"127,218",-7.35238,1.6143459999999998,-8.966726
Q;P,N;K,"133,120",-7.35311,0.4511479999999999,-7.804258
N;Y,K;T,"138,63",-7.35449,1.0682779999999998,-8.422768
A;K,L;L,"272,253",-7.35495,-3.1353,-4.21965
W;Q,C;T,"257,91",-7.35575,3.68512,-11.04087
T;G,K;H,"88,251",-7.35775,2.4612600000000002,-9.81901
Q;M,H;V,"127,154",-7.35821,-1.4749,-5.88331
N;W,H;P,"205,185",-7.35845,0.93838475,-8.29683475
Q;Y,F;T,"182,63",-7.3594,-2.3403519999999998,-5.019048
P;A,Q;T,"38,180",-7.35967,3.15918,-10.51885
Q;A,P;D,"127,226",-7.36108,-5.06583,-2.2952500000000002
S;C,T;L,"124,289",-7.3617,3.4581299999999997,-10.81983
Q;H,H;M,"127,104",-7.36237,2.82531,-10.18768
R;Y,P;S,"280,63",-7.36259,0.23687999999999998,-7.59947
T;W,Q;P,"88,159",-7.36383,2.4029800000000003,-9.76681
G;W,Q;C,"243,257",-7.36709,6.28018,-13.647269999999999
I;P,V;K,"200,120",-7.36806,0.5199179999999999,-7.8879779999999995
C;S,L;P,"289,188",-7.36902,1.207205,-8.576225
T;W,D;P,"88,185",-7.36999,1.98903375,-9.359023749999999
A;Q,M;H,"135,127",-7.37032,3.09396,-10.46428
G;S,I;T,"243,124",-7.37141,4.1854,-11.556809999999999
S;L,T;P,"124,216",-7.37197,3.23046,-10.60243
L;C,K;D,"249,289",-7.37317,3.74842,-11.12159
C;Q,D;E,"289,127",-7.37424,3.29861,-10.67285
S;N,D;P,"58,277",-7.37787,3.5374299999999996,-10.915299999999998
S;V,D;D,"103,57",-7.37979,2.52764,-9.90743
K;P,Y;K,"253,120",-7.38065,-3.262862,-4.117788
Q;M,E;P,"133,222",-7.3817,3.48521,-10.86691
D;Q,Q;H,"220,127",-7.38261,4.39908,-11.78169
Y;M,S;H,"63,161",-7.38486,-0.76281,-6.62205
T;A,E;D,"270,130",-7.38525,5.98775,-13.373000000000001
L;N,P;T,"216,190",-7.38564,2.31617,-9.70181
S;C,N;S,"103,289",-7.38638,0.32475999999999994,-7.71114
G;M,P;V,"243,154",-7.3883,-1.27492,-6.11338
G;W,K;K,"243,257",-7.39019,4.53235,-11.92254
A;C,L;S,"272,289",-7.39075,-3.23736,-4.15339
G;S,I;P,"243,125",-7.3913,3.3444700000000003,-10.73577
S;Y,Y;G,"242,63",-7.39394,-0.13179000000000007,-7.26215
A;Y,V;G,"65,63",-7.39612,0.7819100000000001,-8.17803
D;W,V;P,"186,185",-7.39766,1.79303375,-9.19069375
M;R,P;P,"222,90",-7.39947,-13.62193,6.222460000000001
R;Y,V;G,"34,63",-7.40136,1.9612800000000001,-9.36264
Q;S,D;N,"127,103",-7.40223,3.45254,-10.85477
R;K,Y;A,"123,253",-7.40324,-0.2395099999999999,-7.16373
N;S,P;P,"277,245",-7.40744,3.00746,-10.4149
S;I,M;R,"238,218",-7.40841,3.2801899999999997,-10.6886
L;Q,Q;H,"216,127",-7.41113,3.20031,-10.61144
L;M,P;H,"216,161",-7.41203,1.46664,-8.87867
G;P,T;L,"251,38",-7.41361,2.77297,-10.18658
G;I,A;R,"165,218",-7.41593,-3.51693,-3.8990000000000005
N;H,P;M,"277,104",-7.41606,2.95312,-10.36918
L;P,Q;K,"216,120",-7.41735,0.900528,-8.317878
P;S,K;P,"120,188",-7.41853,-0.9644670000000001,-6.454063
Q;G,H;A,"127,165",-7.41927,-3.05668,-4.36259
G;M,T;H,"254,161",-7.42225,-4.556380000000001,-2.8658699999999993
W;Q,C;N,"257,127",-7.42442,4.76142,-12.185839999999999
G;W,S;I,"243,159",-7.42538,3.07134,-10.49672
G;R,P;S,"243,90",-7.42586,-4.4484200000000005,-2.9774399999999996
C;P,L;V,"289,184",-7.42651,1.860567,-9.287077
P;Q,L;N,"38,133",-7.42887,2.60094,-10.02981
Q;P,T;K,"91,120",-7.43021,0.5077879999999999,-7.937997999999999
H;G,R;T,"104,254",-7.43065,-3.65125,-3.7794
W;C,P;A,"159,289",-7.43223,1.1086412,-8.5408712
Q;C,E;L,"127,289",-7.43369,2.86702,-10.30071
A;T,D;L,"130,72",-7.43482,3.81541,-11.25023
G;S,P;Y,"243,269",-7.43497,0.9994649999999999,-8.434435
Q;S,H;P,"127,245",-7.43926,2.87965,-10.318909999999999
F;Q,E;P,"271,127",-7.44101,4.161899999999999,-11.60291
M;R,P;A,"222,280",-7.44169,1.0180630000000002,-8.459753000000001
Q;W,N;K,"127,257",-7.443,3.8269800000000003,-11.26998
W;K,K;V,"257,253",-7.4456,-0.29721,-7.14839
G;Y,L;S,"243,63",-7.44688,2.60457,-10.051449999999999
N;C,L;S,"138,289",-7.44704,0.03920999999999997,-7.48625
V;Y,D;S,"57,63",-7.45456,0.18416999999999994,-7.63873
I;W,H;P,"168,185",-7.45488,-1.74286625,-5.712013750000001
W;V,I;D,"159,57",-7.45766,2.75521,-10.212869999999999
L;W,F;P,"216,185",-7.46114,1.29364375,-8.75478375
Q;I,E;R,"133,218",-7.46127,3.1637299999999997,-10.625
N;N,P;Y,"277,37",-7.46551,2.344691,-9.810201
N;S,P;E,"277,136",-7.46661,1.9575239999999998,-9.424134
R;Q,S;F,"90,182",-7.46802,-8.30527,0.83725
C;P,L;L,"289,38",-7.46804,2.78418,-10.252220000000001
I;Q,L;H,"111,127",-7.46892,3.09212,-10.56104
P;Q,Q;T,"38,127",-7.46944,2.286164,-9.755604
S;Q,D;H,"58,127",-7.47049,3.40962,-10.88011
M;L,P;F,"222,216",-7.4757,2.6817900000000003,-10.15749
Q;M,H;L,"127,262",-7.47636,-7.29689,-0.17946999999999935
Q;A,P;N,"127,226",-7.47758,2.9437499999999996,-10.42133
G;Y,Q;T,"243,63",-7.47817,3.6568680000000002,-11.135038000000002
K;P,Y;V,"253,184",-7.48197,-2.036683,-5.4452869999999995
L;P,D;V,"249,184",-7.48343,1.792637,-9.276067000000001
Q;Q,H;L,"127,182",-7.48475,-0.16862,-7.31613
Q;S,H;Y,"127,269",-7.48548,0.7994849999999999,-8.284965
R;Q,L;P,"53,127",-7.48796,3.08171,-10.56967
S;W,N;P,"124,159",-7.48885,5.30912,-12.79797
G;K,P;L,"243,253",-7.49054,0.66882,-8.15936
W;I,K;V,"257,200",-7.49444,2.76281,-10.257249999999999
R;I,P;R,"90,218",-7.49591,-13.94341,6.4475
L;S,P;H,"216,214",-7.49767,-0.99186,-6.50581
S;Q,K;F,"58,182",-7.49948,-0.9804599999999999,-6.51902
S;G,N;T,"103,251",-7.5006,2.88094,-10.381540000000001
G;R,P;T,"243,90",-7.50072,-5.02657,-2.47415
A;C,V;L,"65,289",-7.50171,3.50535,-11.00706
C;V,D;D,"289,57",-7.50218,3.0728799999999996,-10.57506
G;Y,S;S,"243,63",-7.50284,0.5003,-8.00314
L;Y,I;T,"216,63",-7.50308,1.2179579999999999,-8.721038
G;I,P;V,"243,200",-7.50365,3.01968,-10.523330000000001
R;Q,Y;E,"123,127",-7.50492,3.35677,-10.86169
L;Y,I;G,"216,63",-7.50614,0.11216999999999988,-7.61831
W;A,C;L,"257,272",-7.50627,0.33569000000000004,-7.84196
T;L,D;P,"88,216",-7.50795,3.16017,-10.66812
N;L,P;F,"277,117",-7.50802,-0.6496200000000001,-6.8584
D;C,K;S,"263,289",-7.5098,0.16476999999999986,-7.67457
R;W,N;P,"132,185",-7.50985,1.9752637499999999,-9.48511375
W;Q,P;Y,"159,119",-7.51219,-3.34673,-4.16546
N;S,P;E,"277,121",-7.51259,-5.47511,-2.0374800000000004
Y;Q,G;T,"63,127",-7.51548,-0.614936,-6.900544
W;L,C;K,"257,249",-7.51816,4.32249,-11.84065
G;C,T;S,"254,289",-7.51869,-6.012020000000001,-1.5066699999999997
G;M,I;H,"243,161",-7.51915,2.42158,-9.94073
P;L,L;P,"38,216",-7.52012,2.5565100000000003,-10.076630000000002
Q;S,F;Q,"182,188",-7.52261,-3.56256,-3.9600500000000003
N;Y,K;G,"138,63",-7.52501,-0.037510000000000154,-7.4875
A;M,N;P,"226,222",-7.52924,2.83322,-10.362459999999999
L;Q,Q;P,"216,127",-7.53116,3.1720699999999997,-10.70323
M;Q,L;F,"262,182",-7.53213,-10.953759999999999,3.4216299999999986
A;F,L;M,"272,191",-7.53227,-1.7875079999999999,-5.744762
S;T,D;N,"103,198",-7.53262,2.44583,-9.978449999999999
V;L,D;P,"57,216",-7.53267,2.41362,-9.946290000000001
A;N,L;H,"272,205",-7.53538,-1.138839,-6.396541
P;C,D;L,"197,289",-7.53553,2.9763,-10.51183
R;W,L;P,"53,185",-7.54205,1.58303375,-9.12508375
F;Q,W;H,"271,127",-7.54409,3.41748,-10.96157
K;P,L;K,"253,120",-7.54447,-1.830942,-5.713527999999999
G;Y,Q;G,"243,63",-7.54554,2.55108,-10.09662
S;K,D;Y,"103,253",-7.54593,-1.20484,-6.34109
W;N,P;H,"159,205",-7.54617,2.127871,-9.674040999999999
R;M,Y;H,"123,161",-7.55176,2.1840599999999997,-9.73582
R;W,P;P,"90,185",-7.55281,-15.010076250000001,7.457266250000001
W;Q,C;T,"257,127",-7.55314,3.114164,-10.667304
G;T,I;N,"243,198",-7.5569,3.28675,-10.84365
R;W,A;P,"280,185",-7.55753,-0.37008325,-7.187446749999999
Q;Y,N;T,"133,63",-7.55822,1.0051679999999998,-8.563388
G;P,A;K,"243,120",-7.55835,0.6906779999999999,-8.249028
Q;S,H;T,"127,214",-7.55992,1.205182,-8.765102
L;S,Q;D,"216,103",-7.56103,2.95855,-10.51958
Y;Q,T;T,"63,127",-7.56256,0.49085200000000007,-8.053412
Q;M,I;P,"127,222",-7.5629,3.49968,-11.06258
N;R,Y;D,"244,90",-7.56452,-10.882819999999999,3.318299999999999
G;S,T;Y,"251,269",-7.56545,0.660165,-8.225615
N;D,P;N,"277,186",-7.56593,1.6730658999999999,-9.238995899999999
G;Y,A;S,"243,63",-7.56652,0.40523,-7.97175
M;N,P;T,"222,190",-7.56835,2.53318,-10.10153
L;Y,E;T,"216,63",-7.56962,1.097928,-8.667548
T;I,Q;R,"88,218",-7.5697,2.28016,-9.84986
L;K,P;Y,"216,253",-7.56976,-1.31886,-6.2509
W;V,K;C,"257,281",-7.57086,2.6969700000000003,-10.26783
A;P,N;K,"226,120",-7.57304,0.6722079999999999,-8.245248
L;Q,M;F,"216,182",-7.57308,-0.65628,-6.9168
A;S,D;M,"130,238",-7.57393,4.670909999999999,-12.24484
W;C,I;S,"159,289",-7.57592,0.35258999999999996,-7.92851
W;K,K;L,"257,253",-7.57615,0.41195000000000004,-7.9881
W;C,C;A,"257,289",-7.57702,2.3236212,-9.900641199999999
M;S,P;Y,"222,269",-7.57975,0.660715,-8.240465
A;K,D;L,"130,252",-7.57987,3.7052699999999996,-11.285139999999998
L;S,K;N,"249,103",-7.57997,3.40292,-10.982890000000001
L;T,P;N,"216,198",-7.58232,2.33181,-9.91413
W;L,I;C,"159,249",-7.58322,2.6606899999999998,-10.24391
K;Y,F;T,"253,63",-7.58439,-2.964022,-4.620368
A;Q,L;Y,"272,119",-7.58512,-6.613440000000001,-0.9716799999999992
G;L,P;Q,"243,216",-7.58564,3.40029,-10.98593
R;W,V;K,"34,257",-7.58634,4.755940000000001,-12.34228
N;T,P;M,"277,29",-7.58928,-5.27385,-2.315429999999999
Q;T,H;M,"127,29",-7.59034,-5.401660000000001,-2.1886799999999997
S;W,E;P,"115,159",-7.59261,2.89269,-10.485299999999999
Q;W,V;P,"127,159",-7.59528,2.41745,-10.01273
L;Y,K;S,"249,63",-7.59551,0.85971,-8.45522
Y;M,T;V,"63,154",-7.59786,-3.220662,-4.377198
L;G,D;H,"249,251",-7.60139,2.51119,-10.112580000000001
A;R,L;D,"272,90",-7.60312,-14.6067,7.00358
A;S,L;T,"272,214",-7.60976,-2.398958,-5.210801999999999
M;K,P;L,"222,253",-7.61161,0.3300700000000001,-7.94168
Q;W,E;P,"133,185",-7.61284,2.09706375,-9.70990375
W;S,I;P,"159,125",-7.61392,2.7311199999999998,-10.345040000000001
H;Q,L;F,"104,182",-7.61461,-0.53565,-7.07896
I;W,L;P,"145,159",-7.61492,2.49891,-10.11383
G;V,I;D,"243,57",-7.61515,3.36856,-10.98371
G;W,K;C,"243,257",-7.61648,5.46679,-13.083269999999999
S;N,N;L,"103,138",-7.6169,2.69269,-10.30959
W;Q,K;N,"257,133",-7.61873,2.69404,-10.31277
W;T,I;N,"159,198",-7.61958,2.6734,-10.29298
Q;Y,T;T,"91,63",-7.61975,1.0618079999999999,-8.681557999999999
N;R,P;N,"277,90",-7.62096,-10.899149999999999,3.2781899999999986
P;F,K;M,"120,191",-7.62286,-0.48315,-7.13971
R;K,Y;Y,"123,253",-7.623,-0.60144,-7.02156
S;W,M;P,"238,159",-7.62512,3.40301,-11.02813
R;K,Y;V,"123,253",-7.62836,0.12131999999999987,-7.74968
Q;R,R;Y,"127,123",-7.62877,4.13853,-11.7673
V;G,D;T,"57,254",-7.6297,-3.6094000000000004,-4.020299999999999
S;D,N;K,"103,263",-7.63032,2.81825,-10.44857
A;R,L;T,"272,90",-7.63597,-8.83069,1.1947200000000002
A;I,V;R,"65,218",-7.63676,3.17321,-10.80997
N;L,L;P,"138,216",-7.63771,2.37893,-10.01664
W;S,K;P,"257,188",-7.63876,1.2784250000000001,-8.917185
T;Q,Q;F,"88,182",-7.64516,-0.9164599999999998,-6.7287
Q;A,V;L,"127,272",-7.64738,-0.8492599999999999,-6.79812
A;T,L;Y,"272,189",-7.6508,-1.919138,-5.731662
P;G,Q;A,"38,243",-7.65346,3.0400099999999997,-10.69347
Q;S,P;Y,"127,242",-7.65463,2.6915199999999997,-10.34615
V;K,D;Y,"57,253",-7.6547,-1.25596,-6.39874
W;H,K;R,"257,104",-7.65488,2.67066,-10.32554
Q;I,L;R,"127,218",-7.66523,2.62058,-10.28581
W;Q,C;N,"257,133",-7.66626,3.6284799999999997,-11.294740000000001
Q;Y,N;T,"127,63",-7.6721,2.1381080000000003,-9.810208000000001
R;Q,K;F,"53,182",-7.67411,-0.9094399999999998,-6.76467
Q;A,H;W,"127,65",-7.67749,2.66341,-10.3409
A;L,N;P,"226,216",-7.67766,2.6162099999999997,-10.29387
W;Q,P;I,"159,182",-7.67895,0.43549000000000004,-8.11444
Q;R,H;N,"127,90",-7.67977,-11.026959999999999,3.3471899999999986
Q;R,P;A,"127,90",-7.68118,-4.554589999999999,-3.126590000000001
S;Y,P;S,"125,63",-7.68904,0.16008,-7.84912
W;S,P;P,"185,188",-7.69252,-0.19160125,-7.50091875
T;A,M;L,"29,272",-7.69467,-9.0058,1.3111300000000004
G;W,L;K,"243,257",-7.69482,5.13291,-12.827729999999999
S;A,W;L,"58,272",-7.69889,-0.9005699999999999,-6.7983199999999995
R;Y,P;G,"280,63",-7.70176,-0.029440000000000133,-7.67232
N;T,Y;V,"244,72",-7.70227,2.87154,-10.57381
L;R,P;S,"216,90",-7.70368,-5.00418,-2.6995000000000005
Q;P,D;L,"127,38",-7.7056,3.34457,-11.05017
R;S,Y;N,"123,103",-7.70574,3.3819,-11.08764
S;A,A;L,"124,272",-7.70811,0.06985000000000019,-7.77796
N;T,Y;M,"244,51",-7.70914,2.96558,-10.67472
Q;F,P;M,"127,191",-7.71034,1.788392,-9.498732
A;D,L;N,"272,186",-7.71067,-2.0588840999999998,-5.6517859
S;S,D;Y,"103,242",-7.71068,2.4779999999999998,-10.18868
S;Y,T;G,"124,63",-7.71812,0.7346899999999998,-8.45281
G;F,P;M,"243,191",-7.71838,2.016612,-9.734992
Q;G,K;P,"127,243",-7.71946,3.74291,-11.46237
P;K,Q;V,"38,253",-7.72139,-0.1907700000000001,-7.530620000000001
N;W,T;P,"190,185",-7.72241,1.14503375,-8.86744375
N;S,P;H,"277,187",-7.72313,1.519118,-9.242248
N;T,P;K,"277,88",-7.72425,2.94412,-10.66837
N;S,Y;W,"244,58",-7.72882,2.82331,-10.55213
M;I,P;V,"222,200",-7.73152,2.68093,-10.41245
T;Q,K;F,"88,182",-7.73195,-0.84056,-6.89139
Q;Y,N;G,"133,63",-7.73331,-0.10062000000000015,-7.63269
N;S,P;T,"277,121",-7.73609,2.97105,-10.707139999999999
Q;S,P;P,"127,188",-7.73753,1.307075,-9.044604999999999
D;L,K;C,"263,249",-7.7393,2.47287,-10.21217
N;Q,I;F,"37,182",-7.74009,-0.2640499999999999,-7.47604
C;N,L;L,"289,138",-7.74098,2.6066000000000003,-10.34758
G;R,P;A,"243,90",-7.74203,-4.32637,-3.41566
W;T,K;N,"257,198",-7.74542,2.6307,-10.37612
Q;N,H;Y,"127,37",-7.74566,2.216881,-9.962541
Q;I,P;V,"127,200",-7.74625,2.79146,-10.53771
S;T,N;V,"103,72",-7.74692,2.7097800000000003,-10.456700000000001
T;I,D;R,"88,218",-7.7488,3.0557,-10.8045
G;S,P;H,"243,214",-7.74985,-0.43609999999999993,-7.313750000000001
F;G,E;P,"271,243",-7.75074,4.39012,-12.14086
Q;Y,T;G,"91,63",-7.75331,-0.04398000000000013,-7.70933
G;S,P;P,"243,188",-7.75424,1.535295,-9.289535
R;Q,T;F,"90,182",-7.75497,-8.883420000000001,1.1284500000000008
H;Y,R;T,"104,63",-7.75761,0.981788,-8.739398
C;S,D;P,"289,125",-7.75848,3.04879,-10.807269999999999
C;N,D;L,"289,138",-7.7591,3.03819,-10.79729
P;N,L;L,"38,138",-7.75962,2.58472,-10.344339999999999
N;H,P;L,"277,104",-7.7636,3.24903,-11.01263
S;N,N;K,"103,233",-7.76437,1.817312,-9.581682
A;I,N;R,"226,218",-7.76546,2.5117399999999996,-10.2772
L;Y,E;G,"216,63",-7.76644,-0.007859999999999978,-7.75858
R;A,K;L,"53,272",-7.76728,-0.8567099999999999,-6.910570000000001
N;I,P;L,"277,111",-7.76977,3.2199299999999997,-10.9897
S;W,T;K,"124,257",-7.77138,3.52935,-11.30073
L;C,P;S,"216,289",-7.77222,0.010999999999999899,-7.78322
T;W,D;P,"88,159",-7.77227,3.17852,-10.95079
N;M,P;L,"277,154",-7.77237,3.0537,-10.82607
M;F,P;M,"222,191",-7.77394,1.6778620000000002,-9.451802
D;S,K;D,"263,103",-7.77486,2.6185099999999997,-10.39337
K;Q,F;F,"253,182",-7.77593,-4.87513,-2.9007999999999994
S;N,M;Y,"238,244",-7.78105,3.8601799999999997,-11.64123
N;M,Y;L,"244,262",-7.78147,-7.17715,-0.6043199999999995
L;Y,K;G,"249,63",-7.78211,0.5933899999999999,-8.3755
R;M,V;P,"34,222",-7.78253,4.674060000000001,-12.456590000000002
Q;D,D;K,"127,263",-7.78347,3.29255,-11.07602
M;S,P;H,"222,214",-7.79108,-0.7748499999999998,-7.01623
G;A,L;L,"243,272",-7.79214,1.5856599999999998,-9.3778
Q;W,K;K,"127,257",-7.79397,3.48604,-11.28001
Q;L,H;F,"127,117",-7.79502,-0.7774300000000001,-7.01759
F;N,M;P,"271,277",-7.79509,3.81556,-11.61065
Q;C,R;D,"127,289",-7.79538,4.08037,-11.87575
A;T,D;V,"130,72",-7.79549,3.68227,-11.47776
A;I,E;R,"152,218",-7.7978,2.23725,-10.03505
N;A,P;M,"277,135",-7.80044,3.2217700000000002,-11.022210000000001
C;D,L;K,"289,263",-7.80068,2.73216,-10.53284
L;Q,W;F,"216,182",-7.80113,-0.7548699999999999,-7.04626
W;K,I;A,"159,253",-7.80187,-0.6153399999999998,-7.18653
S;P,Y;K,"269,120",-7.80236,-1.5002970000000002,-6.302063
N;S,Y;P,"244,245",-7.80269,2.99939,-10.80208
N;R,P;K,"277,53",-7.80382,2.87524,-10.67906
R;L,Y;E,"123,216",-7.80444,3.20533,-11.00977
Q;P,N;K,"127,120",-7.80604,1.5840880000000002,-9.390128
Q;S,H;Q,"127,188",-7.80688,0.0943099999999999,-7.90119
S;N,D;K,"103,138",-7.80749,2.57228,-10.37977
Q;A,N;L,"133,272",-7.80771,-0.85321,-6.9545
N;L,Y;F,"244,117",-7.80847,-0.6576900000000001,-7.150779999999999
L;M,Q;P,"216,222",-7.8086,3.06154,-10.87014
A;N,L;Y,"272,37",-7.81003,-1.3872589999999998,-6.422771000000001
Q;K,P;L,"127,253",-7.81283,0.4405999999999999,-8.25343
G;W,L;C,"243,257",-7.81311,6.067349999999999,-13.88046
W;V,C;C,"257,281",-7.81349,3.63141,-11.4449
G;Y,K;G,"243,63",-7.81472,1.73769,-9.55241
A;M,D;L,"130,262",-7.81529,-6.36642,-1.4488700000000003
N;K,Y;L,"244,253",-7.81743,0.5885799999999999,-8.40601
S;A,V;L,"223,272",-7.82178,-0.93605,-6.885730000000001
G;K,P;F,"243,253",-7.82439,-1.01828,-6.80611
R;W,N;P,"132,159",-7.82618,3.1647499999999997,-10.990929999999999
S;C,N;L,"103,289",-7.83,2.89215,-10.72215
L;I,I;R,"216,218",-7.83059,2.50347,-10.334060000000001
P;I,L;R,"38,218",-7.83297,2.45204,-10.28501
N;A,P;W,"277,65",-7.83494,2.79122,-10.626159999999999
W;R,C;P,"257,280",-7.83545,3.6996599999999997,-11.53511
S;K,D;A,"103,253",-7.83664,-0.8429099999999998,-6.99373
T;Q,M;F,"29,182",-7.83667,-9.058530000000001,1.2218600000000013
N;A,P;L,"277,65",-7.83879,2.9400199999999996,-10.77881
S;N,N;P,"124,277",-7.83971,5.77436,-13.61407
S;A,P;L,"245,272",-7.83992,-0.7244899999999999,-7.11543
A;P,D;K,"226,120",-7.8408,-7.337372,-0.5034279999999995
N;S,P;V,"277,223",-7.8424,2.7958999999999996,-10.6383
S;Q,D;T,"103,127",-7.8425,1.9948540000000001,-9.837354000000001
N;G,Y;A,"244,165",-7.84289,-2.93694,-4.90595
G;C,I;S,"243,289",-7.84292,0.96594,-8.808860000000001
G;Q,Q;F,"243,182",-7.84547,1.7457600000000002,-9.59123
W;G,C;H,"257,251",-7.84715,3.5847800000000003,-11.431930000000001
H;W,R;P,"104,185",-7.85072,1.20063375,-9.05135375
K;Y,V;G,"253,63",-7.85109,-3.09187,-4.75922
M;M,P;V,"222,154",-7.85449,-1.61367,-6.24082
W;I,P;H,"159,168",-7.85473,-0.55338,-7.30135
Q;I,I;R,"127,218",-7.85702,3.1782,-11.03522
Q;R,H;D,"127,90",-7.85842,-11.002559999999999,3.1441399999999993
W;G,K;A,"257,243",-7.85863,2.93357,-10.7922
Q;A,H;L,"127,65",-7.86004,2.81221,-10.67225
S;I,W;R,"58,218",-7.8606,2.2433199999999998,-10.103919999999999
R;G,V;P,"34,243",-7.86092,5.01281,-12.87373
R;I,T;R,"90,218",-7.86547,-5.6868,-2.1786700000000003
S;W,P;P,"125,159",-7.86576,2.40788,-10.27364
H;P,R;K,"104,120",-7.86788,0.4277679999999999,-8.295648
F;W,E;K,"271,257",-7.86841,4.13325,-12.001660000000001
G;Y,K;T,"243,63",-7.87111,2.843478,-10.714588
Q;G,D;H,"127,251",-7.87259,3.13951,-11.0121
A;Q,L;F,"65,182",-7.87299,-0.84466,-7.0283299999999995
S;L,D;C,"103,249",-7.87306,2.4331199999999997,-10.30618
W;G,C;S,"257,243",-7.8736,3.9630799999999997,-11.83668
Q;Y,N;G,"127,63",-7.87579,1.0323200000000001,-8.90811
A;T,D;V,"130,198",-7.87651,4.0283299999999995,-11.90484
Q;D,E;K,"127,263",-7.87684,2.79312,-10.66996
W;G,C;A,"257,243",-7.87743,3.86801,-11.74544
G;G,K;T,"243,254",-7.87794,-1.7895600000000003,-6.088379999999999
S;P,T;K,"124,120",-7.87881,1.2864579999999999,-9.165268
N;T,Y;M,"244,29",-7.88031,-5.28192,-2.5983899999999993
T;A,M;L,"51,272",-7.88205,-0.7583,-7.123749999999999
Q;M,P;H,"127,161",-7.8826,1.7941799999999999,-9.67678
T;Y,N;S,"198,63",-7.88383,0.10236,-7.98619
S;A,D;L,"58,272",-7.88592,-0.19452000000000003,-7.6914
W;K,I;Y,"159,253",-7.88815,-0.9772699999999999,-6.910880000000001
N;R,P;Q,"277,132",-7.8903,3.31078,-11.20108
K;Y,V;T,"253,63",-7.89111,-1.9860820000000001,-5.905028
W;M,I;H,"159,161",-7.89231,1.80823,-9.70054
S;N,E;P,"115,277",-7.89405,3.3579299999999996,-11.25198
S;N,K;Y,"124,244",-7.89625,4.3398,-12.23605
N;Q,P;Y,"277,119",-7.89785,-2.8814900000000003,-5.01636
Q;S,H;V,"127,223",-7.89826,2.66809,-10.56635
Q;W,D;I,"127,159",-7.8984,3.4803699999999997,-11.37877
L;W,K;K,"249,257",-7.89882,3.38805,-11.28687
G;M,T;V,"251,154",-7.90323,-1.61422,-6.289009999999999
G;Q,K;F,"243,182",-7.90417,0.9323700000000001,-8.83654
A;Q,F;F,"65,182",-7.91262,-0.94061,-6.972010000000001
G;Q,I;E,"243,127",-7.91471,3.59429,-11.509
W;S,K;P,"257,125",-7.92004,2.68842,-10.608460000000001
S;L,N;P,"103,216",-7.92056,2.66448,-10.58504
L;I,Q;R,"216,218",-7.92099,2.7400599999999997,-10.66105
A;Y,T;S,"180,63",-7.9223,0.5244,-8.4467
G;P,H;V,"251,184",-7.92247,1.6336270000000002,-9.556097
A;S,D;D,"130,58",-7.92428,4.34009,-12.26437
K;W,L;P,"253,185",-7.92583,-1.05807625,-6.86775375
R;Q,N;H,"132,127",-7.92667,3.50218,-11.42885
S;L,N;P,"124,216",-7.92942,5.29077,-13.22019
Q;S,R;D,"127,103",-7.92947,3.53513,-11.4646
A;Q,V;P,"65,127",-7.93052,3.60522,-11.53574
N;A,P;E,"277,152",-7.93861,2.82531,-10.763919999999999
W;C,K;S,"257,289",-7.9423,0.30989,-8.25219
S;I,P;R,"245,218",-7.94335,2.4194,-10.36275
P;A,L;D,"38,226",-7.9461,-5.1875800000000005,-2.75852
A;Q,V;H,"65,127",-7.94622,3.6334600000000004,-11.57968
M;S,P;Y,"222,242",-7.9466,2.58099,-10.52759
R;W,V;P,"34,159",-7.94887,4.4754000000000005,-12.42427
P;Y,D;T,"197,63",-7.95015,1.3586479999999999,-9.308798
G;I,Q;R,"243,218",-7.95496,4.94238,-12.89734
M;W,V;P,"154,185",-7.95615,-3.00181625,-4.95433375
A;Y,T;T,"180,63",-7.95642,1.3638679999999999,-9.320288
Q;R,H;Q,"127,224",-7.95743,2.332241,-10.289670999999998
P;M,K;H,"120,161",-7.96122,-0.47736200000000006,-7.483858
D;A,Q;D,"220,130",-7.96149,5.329549999999999,-13.291039999999999
I;W,V;P,"200,185",-7.96278,1.29278375,-9.25556375
W;G,I;T,"159,251",-7.96302,2.90877,-10.87179
N;R,P;Q,"277,224",-7.96716,2.460051,-10.427211
R;W,T;P,"90,185",-7.96843,-6.75346625,-1.21496375
Q;T,H;K,"127,88",-7.96872,2.8163099999999996,-10.785029999999999
P;W,D;K,"197,257",-7.96908,3.04752,-11.0166
L;W,E;P,"216,159",-7.97376,2.50626,-10.48002
V;Y,D;T,"57,63",-7.97416,1.0236379999999998,-8.997798
N;L,P;M,"277,216",-7.9747,3.1284,-11.103100000000001
Q;S,P;H,"127,214",-7.97621,-0.66432,-7.31189
D;M,K;H,"263,161",-7.97694,1.62041,-9.59735
Q;P,D;Q,"127,38",-7.97707,3.54411,-11.521180000000001
S;L,N;F,"103,117",-7.97773,-0.81945,-7.15828
Q;L,E;P,"127,216",-7.97802,2.63935,-10.61737
Q;G,W;P,"133,243",-7.98049,3.72483,-11.70532
C;L,D;C,"289,249",-7.98054,2.97836,-10.9589
P;I,K;H,"120,168",-7.98233,-2.515732,-5.466598
M;H,P;R,"222,104",-7.98247,2.58878,-10.57125
F;N,W;P,"271,277",-7.98748,3.5452899999999996,-11.53277
N;S,P;E,"277,207",-7.99126,3.05703,-11.04829
Q;P,Y;K,"119,120",-7.99165,-5.309082,-2.682568
V;Y,C;T,"281,63",-7.99185,1.008098,-8.999948
N;S,Y;E,"244,136",-7.99425,1.9494539999999998,-9.943704
G;Q,P;T,"243,127",-7.99459,2.436594,-10.431184
W;N,K;L,"257,138",-7.99607,2.67782,-10.67389
A;A,M;L,"135,272",-7.99782,-0.5101799999999999,-7.48764
Q;G,W;T,"133,251",-8.00252,3.38553,-11.38805
P;Y,D;G,"197,63",-8.00259,0.25285999999999986,-8.25545
Q;R,F;D,"182,90",-8.00388,-14.65943,6.65555
Q;A,H;M,"127,65",-8.00761,2.7978899999999998,-10.805499999999999
V;W,D;P,"57,159",-8.00787,2.4319699999999997,-10.43984
N;A,P;F,"277,65",-8.00798,2.84407,-10.85205
N;H,Y;L,"244,104",-8.01365,3.24096,-11.25461
G;H,P;R,"243,104",-8.01405,2.92753,-10.941579999999998
P;D,L;K,"38,263",-8.01418,2.71028,-10.72446
G;L,I;C,"243,249",-8.01551,3.2740400000000003,-11.289550000000002
Q;P,T;K,"127,120",-8.01588,-0.063168,-7.952711999999999
M;S,P;P,"222,188",-8.01629,1.1965450000000002,-9.212835
N;S,Y;T,"244,121",-8.02092,2.96298,-10.9839
Y;C,T;A,"63,289",-8.02134,-0.29969080000000003,-7.7216492
R;I,Q;R,"132,218",-8.02153,2.72272,-10.744250000000001
G;L,P;E,"243,216",-8.02599,3.04367,-11.06966
M;A,L;L,"154,272",-8.02623,-0.67825,-7.34798
N;T,Y;V,"244,198",-8.02821,3.2176,-11.245809999999999
Q;L,P;I,"127,216",-8.02906,2.93548,-10.96454
L;Q,C;F,"249,182",-8.03429,-0.9819899999999999,-7.052300000000001
G;N,P;K,"243,138",-8.0344,3.01402,-11.04842
A;T,D;M,"130,29",-8.03697,-4.47119,-3.56578
W;Q,P;V,"159,182",-8.03699,-0.99047,-7.046519999999999
Q;Q,W;P,"133,127",-8.03942,3.49661,-11.53603
W;P,I;L,"159,38",-8.04045,2.8981000000000003,-10.93855
A;G,V;P,"65,243",-8.04071,3.8334400000000004,-11.87415
R;Q,V;P,"34,127",-8.04187,4.78459,-12.826459999999999
Q;W,E;P,"133,159",-8.04322,3.28655,-11.32977
A;S,D;W,"130,58",-8.0436,3.6340399999999997,-11.67764
W;T,P;N,"159,198",-8.04487,2.35016,-10.395029999999998
N;S,Y;F,"244,238",-8.04544,0.7996399999999999,-8.84508
V;Y,C;G,"281,63",-8.04548,-0.09769000000000005,-7.9477899999999995
S;Q,D;T,"103,91",-8.04586,2.56581,-10.61167
N;S,Y;H,"244,187",-8.04685,1.511048,-9.557898
G;C,K;L,"243,289",-8.04784,4.46113,-12.508970000000001
R;L,V;P,"34,216",-8.04946,4.457050000000001,-12.50651
G;Q,T;F,"251,182",-8.05142,-0.7339099999999998,-7.31751
P;S,Q;P,"38,125",-8.06234,2.79486,-10.8572
N;Q,P;I,"277,182",-8.06306,0.9007299999999999,-8.96379
A;W,N;P,"226,159",-8.06615,2.63456,-10.70071
F;Q,M;H,"271,127",-8.06625,3.6877500000000003,-11.754000000000001
D;N,V;P,"186,277",-8.06692,3.4477599999999997,-11.514679999999998
P;L,Q;E,"38,216",-8.06703,2.89324,-10.960270000000001
H;A,R;L,"104,272",-8.06736,-0.87659,-7.1907700000000006
Q;A,L;L,"127,272",-8.06857,-0.5233099999999999,-7.545259999999999
C;D,D;K,"289,263",-8.06923,3.16375,-11.23298
L;P,E;K,"216,120",-8.07313,0.5439080000000001,-8.617038
S;W,Y;P,"269,185",-8.0736,-0.7274312500000001,-7.34616875
G;Q,P;T,"243,91",-8.07376,3.00755,-11.08131
Q;R,H;K,"127,53",-8.07522,2.74743,-10.82265
Q;P,R;K,"127,120",-8.07559,1.477108,-9.552698
G;L,P;I,"243,216",-8.0759,3.1637,-11.239600000000001
Y;C,G;A,"63,289",-8.07594,-1.4054788,-6.670461199999999
W;R,K;P,"257,280",-8.07688,2.7652200000000002,-10.842099999999999
W;Q,I;E,"159,127",-8.08045,2.98094,-11.061390000000001
S;Y,T;T,"124,63",-8.08085,1.8404779999999998,-9.921327999999999
G;K,I;A,"243,253",-8.08292,-0.0019899999999997142,-8.08093
A;A,M;L,"65,272",-8.08452,-0.8062499999999999,-7.278269999999999
S;Q,N;F,"124,182",-8.08515,1.98968,-10.07483
W;Q,C;R,"257,127",-8.08541,4.65444,-12.73985
Q;N,P;K,"127,138",-8.08814,2.7858,-10.87394
L;A,E;L,"216,272",-8.08828,-0.7604499999999998,-7.32783
M;R,P;A,"222,90",-8.08926,-4.66512,-3.4241399999999995
P;Q,Q;E,"38,127",-8.0901,3.0446799999999996,-11.13478
N;S,Y;V,"244,223",-8.09138,2.7878299999999996,-10.879209999999999
Q;S,D;D,"127,103",-8.0928,3.2527999999999997,-11.345600000000001
G;D,T;K,"251,263",-8.09595,2.72095,-10.8169
G;W,S;K,"243,257",-8.09708,3.02864,-11.125720000000001
Q;L,H;M,"127,216",-8.09839,3.00059,-11.098980000000001
W;C,K;A,"257,289",-8.09864,1.3891812000000001,-9.487821199999999
W;K,C;F,"257,253",-8.1006,-0.34071000000000007,-7.75989
L;Y,C;S,"249,63",-8.10398,0.08965000000000001,-8.19363
G;Y,L;T,"243,63",-8.10411,3.444038,-11.548148000000001
W;C,C;S,"257,289",-8.10887,1.24433,-9.3532
K;I,F;R,"253,218",-8.11145,-1.6785100000000002,-6.432939999999999
N;M,Y;L,"244,154",-8.11529,3.04563,-11.16092
P;L,Q;D,"38,249",-8.11597,2.91579,-11.03176
W;T,C;N,"257,198",-8.11893,3.56514,-11.68407
N;H,P;T,"277,104",-8.12166,3.3007999999999997,-11.422460000000001
A;Q,D;M,"130,127",-8.12806,2.9390069999999997,-11.067067
G;P,K;K,"243,120",-8.1281,2.2894579999999998,-10.417558
N;P,H;K,"205,120",-8.12838,0.16551899999999997,-8.293899
Y;C,S;S,"63,289",-8.13013,-2.21845,-5.91168
L;W,E;P,"216,185",-8.14167,1.31677375,-9.458443749999999
Q;C,D;D,"127,289",-8.14557,3.79804,-11.94361
G;R,P;P,"243,280",-8.14567,3.02209,-11.167760000000001
Y;M,G;H,"63,161",-8.14629,-1.02913,-7.11716
C;K,D;A,"289,253",-8.14752,-0.2976699999999999,-7.84985
S;G,T;P,"124,243",-8.14813,3.78622,-11.93435
G;Y,L;G,"243,63",-8.14822,2.3382499999999995,-10.48647
R;P,Y;V,"123,184",-8.1496,2.350317,-10.499917
G;S,I;N,"243,103",-8.15061,3.61942,-11.77003
A;Q,V;F,"65,182",-8.1541,-0.02340999999999971,-8.13069
G;Y,S;T,"243,63",-8.15423,1.3397679999999998,-9.493998
A;W,N;P,"226,185",-8.15835,1.44507375,-9.603423750000001
W;F,P;M,"185,191",-8.16021,0.28971575000000005,-8.449925749999998
Q;G,N;P,"127,243",-8.16223,4.08385,-12.24608
A;H,D;M,"130,104",-8.1639,3.7557799999999997,-11.91968
W;S,P;H,"159,214",-8.16485,-0.9735099999999999,-7.191339999999999
Q;A,H;F,"127,65",-8.16517,2.71626,-10.88143
N;S,P;Q,"277,188",-8.16883,0.22211999999999987,-8.39095
Q;K,P;Y,"127,253",-8.16912,-0.99132,-7.1777999999999995
G;N,I;L,"243,138",-8.1705,3.33387,-11.504370000000002
Y;M,T;H,"63,161",-8.17592,0.07665799999999998,-8.252578
S;Q,T;P,"124,127",-8.17765,3.558,-11.73565
N;D,Y;N,"244,186",-8.17853,1.6649958999999999,-9.8435259
Q;N,I;Y,"127,244",-8.17949,3.75819,-11.93768
L;F,P;M,"216,191",-8.18201,1.460852,-9.642862000000001
R;R,Y;P,"123,280",-8.18255,3.18375,-11.3663
W;L,I;D,"159,249",-8.18372,2.85205,-11.03577
W;C,I;L,"159,289",-8.18403,2.91998,-11.104009999999999
Q;W,E;P,"127,159",-8.18493,2.6577,-10.84263
N;A,Y;L,"244,65",-8.18754,2.9319499999999996,-11.119489999999999
W;A,P;D,"159,226",-8.19182,-5.37502,-2.8167999999999997
G;Q,I;D,"243,127",-8.19231,4.09372,-12.28603
S;Q,E;H,"115,127",-8.19234,3.23012,-11.42246
G;Q,Q;P,"243,127",-8.19908,5.37439,-13.57347
W;N,I;L,"159,138",-8.20269,2.72052,-10.923210000000001
D;G,Q;H,"220,251",-8.20477,4.04403,-12.2488
G;Y,S;G,"243,63",-8.20594,0.23397999999999985,-8.43992
Q;Q,H;T,"127,91",-8.20684,2.80757,-11.01441
G;L,T;P,"251,216",-8.20694,2.56718,-10.77412
V;I,D;R,"57,218",-8.20703,2.30915,-10.516179999999999
W;M,C;H,"257,161",-8.20729,2.69997,-10.90726
I;Y,W;G,"111,63",-8.20952,0.016049999999999898,-8.22557
F;M,E;P,"271,222",-8.21035,4.05137,-12.26172
A;R,D;D,"130,90",-8.21087,-10.07209,1.8612199999999994
R;C,Y;D,"123,289",-8.21091,3.7274,-11.93831
D;Q,V;H,"186,127",-8.21152,3.31995,-11.53147
A;N,P;P,"152,277",-8.21183,3.48222,-11.69405
L;P,I;K,"216,120",-8.21266,0.6639379999999999,-8.876598
R;Q,Q;F,"132,182",-8.21408,-0.4739,-7.740179999999999
G;K,P;V,"243,253",-8.21521,-0.04034000000000004,-8.17487
W;V,K;D,"257,57",-8.22035,2.71251,-10.93286
G;Y,A;T,"243,63",-8.22051,1.2446979999999999,-9.465208
N;R,Y;N,"244,90",-8.22198,-10.907219999999999,2.6852399999999985
N;N,P;H,"277,205",-8.22557,2.593111,-10.818681
Q;Q,I;F,"127,182",-8.22574,-0.01841999999999988,-8.20732
W;R,P;S,"159,90",-8.22978,-4.98583,-3.24395
Q;W,I;P,"127,159",-8.23202,3.3010200000000003,-11.53304
W;P,I;V,"159,184",-8.23486,1.974487,-10.209347
N;Q,I;H,"37,127",-8.24529,3.39282,-11.638110000000001
P;W,D;P,"197,159",-8.24571,2.76698,-11.012690000000001
L;W,I;P,"216,185",-8.2492,1.43680375,-9.68600375
A;N,D;Y,"130,37",-8.25573,3.147351,-11.403081
S;Q,T;F,"124,182",-8.25651,-0.07062999999999997,-8.185880000000001
G;Y,A;G,"243,63",-8.25724,0.13890999999999987,-8.396149999999999
M;N,P;K,"222,138",-8.26028,2.6752700000000003,-10.93555
R;A,Q;L,"132,272",-8.26297,-0.42117000000000004,-7.841799999999999
Q;P,A;K,"127,120",-8.26532,-0.225186,-8.040133999999998
N;S,P;K,"277,58",-8.26966,2.80422,-11.073879999999999
N;A,P;M,"277,65",-8.27361,2.9257,-11.19931
A;S,D;Q,"130,188",-8.27799,1.0247799999999998,-9.30277
W;P,C;D,"257,197",-8.27812,3.98196,-12.260079999999999
N;S,Y;E,"244,121",-8.28851,-5.48318,-2.8053300000000005
D;P,K;V,"263,184",-8.28862,1.786667,-10.075287
Q;W,T;P,"127,185",-8.29095,0.70969775,-9.00064775
I;Q,V;F,"200,182",-8.2924,-0.83717,-7.45523
M;R,P;T,"222,90",-8.29245,-5.3653200000000005,-2.92713
R;W,A;P,"90,185",-8.29597,-6.053266249999999,-2.2427037500000013
A;D,D;N,"130,186",-8.29643,2.4757259,-10.772155900000001
G;R,I;P,"243,280",-8.29874,3.42127,-11.72001
A;P,T;K,"180,120",-8.29875,0.8098479999999999,-9.108598
T;A,Q;L,"88,272",-8.30416,-0.8637299999999999,-7.440429999999999
N;W,K;P,"138,185",-8.30519,1.28712375,-9.592313749999999
N;T,Y;K,"244,88",-8.30743,2.93605,-11.24348
N;R,Y;K,"244,53",-8.30759,2.8671699999999998,-11.17476
R;Q,N;F,"132,182",-8.30783,-0.15469,-8.153139999999999
C;P,D;V,"289,184",-8.31046,2.292157,-10.602617
A;I,L;R,"65,218",-8.31128,2.35196,-10.66324
W;V,C;D,"257,57",-8.31416,3.64695,-11.96111
N;Q,P;V,"277,127",-8.3147,2.88269,-11.19739
P;S,D;D,"197,103",-8.31634,2.86265,-11.17899
Q;M,W;P,"133,222",-8.31807,3.38608,-11.70415
N;L,Y;M,"244,216",-8.32411,3.12033,-11.44444
Q;K,F;L,"182,253",-8.32421,-3.18803,-5.136180000000001
S;S,N;T,"103,121",-8.32527,2.80122,-11.12649
N;Y,L;S,"138,63",-8.33068,0.14948000000000006,-8.48016
C;M,D;H,"289,161",-8.33149,2.1258999999999997,-10.45739
M;Q,P;T,"222,127",-8.33437,2.0978440000000003,-10.432214
N;N,I;P,"37,277",-8.33637,3.5206299999999997,-11.857
A;Q,D;K,"130,127",-8.33933,4.4734,-12.81273
N;A,Y;E,"244,152",-8.34076,2.81724,-11.158
H;Q,R;F,"104,182",-8.34233,-0.9293199999999999,-7.413010000000001
S;Q,D;N,"103,133",-8.34249,2.50917,-10.851659999999999
N;Q,P;A,"277,127",-8.34984,2.202406,-10.552246
Y;K,S;A,"63,253",-8.35178,-3.1863799999999998,-5.1654
S;W,Y;P,"242,185",-8.35286,1.19284375,-9.54570375
N;L,Y;F,"244,216",-8.35456,2.9402999999999997,-11.29486
M;W,H;P,"161,185",-8.35856,0.29550375,-8.65406375
L;Y,K;T,"249,63",-8.36023,1.6991779999999999,-10.059408
F;W,E;P,"271,185",-8.36046,2.66322375,-11.02368375
A;M,V;P,"65,222",-8.36257,3.4946900000000003,-11.85726
I;W,V;P,"200,159",-8.36333,2.4822699999999998,-10.8456
N;A,P;D,"277,226",-8.36573,-4.9097800000000005,-3.4559499999999987
N;S,Y;T,"244,214",-8.36737,1.324922,-9.692291999999998
N;Q,P;V,"277,182",-8.37174,-0.5252300000000001,-7.84651
Q;L,H;F,"127,216",-8.37246,2.82056,-11.19302
L;I,E;R,"216,218",-8.37311,2.3834400000000002,-10.75655
Q;Y,E;S,"127,63",-8.37539,0.40989999999999993,-8.78529
V;Y,D;G,"57,63",-8.37667,-0.08215000000000017,-8.29452
G;I,P;L,"243,145",-8.37862,3.03632,-11.41494
G;M,Q;P,"243,222",-8.38016,5.26386,-13.644020000000001
G;L,I;D,"243,249",-8.38111,3.4654,-11.846509999999999
Q;Q,H;I,"127,182",-8.38533,0.7729199999999999,-9.158249999999999
R;P,Y;L,"123,38",-8.38863,3.27393,-11.66256
N;S,P;V,"277,58",-8.39014,3.2999799999999997,-11.69012
N;A,Y;M,"244,135",-8.39021,3.2137000000000002,-11.603909999999999
L;W,Q;P,"216,159",-8.39274,2.86288,-11.25562
S;G,D;T,"103,254",-8.39334,-3.5582800000000003,-4.83506
G;V,T;C,"251,281",-8.39577,2.61454,-11.01031
Q;Q,P;T,"127,91",-8.39593,2.77933,-11.17526
C;P,A;K,"289,120",-8.39747,-0.8537108,-7.5437592
G;R,I;Y,"243,123",-8.39767,4.02308,-12.42075
I;F,R;M,"218,191",-8.39896,1.356382,-9.755342
R;I,L;R,"53,218",-8.39925,2.6497,-11.048950000000001
L;S,D;D,"249,103",-8.40071,2.62448,-11.02519
N;S,Y;Q,"244,188",-8.4041,0.21404999999999985,-8.61815
R;W,V;P,"34,185",-8.40485,3.28591375,-11.69076375
Q;S,F;E,"182,121",-8.40682,-9.259789999999999,0.8529699999999991
G;H,T;R,"251,104",-8.40751,2.5882300000000003,-10.995740000000001
D;G,K;T,"263,254",-8.40828,-3.51853,-4.889749999999999
L;Q,D;F,"249,182",-8.40877,-0.7906299999999999,-7.61814
A;N,D;T,"130,190",-8.42238,3.60242,-12.0248
K;P,A;K,"253,120",-8.4226,-2.900932,-5.521667999999999
R;P,V;K,"34,120",-8.42374,2.5130480000000004,-10.936788
A;M,D;L,"130,154",-8.42458,3.8563599999999996,-12.280940000000001
Q;Q,P;N,"127,133",-8.4258,2.72269,-11.14849
T;Y,N;T,"198,63",-8.4289,0.941828,-9.370728
G;S,H;T,"251,214",-8.43039,0.8501320000000001,-9.280522
G;W,Q;P,"243,159",-8.43671,5.0652,-13.501909999999999
S;P,T;Q,"124,38",-8.43735,3.63579,-12.07314
S;H,N;R,"103,104",-8.43992,2.68553,-11.12545
A;Q,T;P,"180,127",-8.4401,3.08139,-11.52149
A;R,L;N,"272,90",-8.44177,-14.6311,6.18933
A;T,D;M,"130,51",-8.44204,3.7763099999999996,-12.218350000000001
G;W,Q;P,"243,185",-8.44424,3.87571375,-12.31995375
F;N,W;Y,"271,244",-8.44644,3.5372199999999996,-11.98366
N;R,P;P,"277,90",-8.44704,-13.355350000000001,4.908310000000002
L;W,K;I,"249,159",-8.4474,3.4307499999999997,-11.87815
A;P,V;K,"65,120",-8.45198,1.3336780000000001,-9.785658000000002
L;Q,K;F,"249,182",-8.45394,-0.21192999999999995,-8.242009999999999
Q;V,P;C,"127,281",-8.45616,2.72562,-11.18178
P;Q,D;P,"197,127",-8.45895,3.07617,-11.53512
N;R,Y;A,"244,280",-8.46296,1.276573,-9.739533000000002
N;Q,Y;V,"244,182",-8.46453,-0.5333000000000001,-7.931229999999999
N;R,P;S,"277,90",-8.46454,-4.52059,-3.943949999999999
Q;G,R;H,"127,251",-8.46513,3.4218400000000004,-11.886970000000002
M;T,P;N,"222,198",-8.46736,2.54882,-11.016179999999999
P;L,L;W,"38,216",-8.46829,2.7520100000000003,-11.2203
A;A,F;L,"65,272",-8.46939,-0.88788,-7.581510000000001
A;W,V;P,"65,185",-8.46973,2.10654375,-10.57627375
Q;W,W;P,"133,185",-8.47236,1.99793375,-10.47029375
G;Q,P;N,"243,133",-8.47457,2.95091,-11.42548
S;Y,P;G,"125,63",-8.47764,-0.10624000000000011,-8.3714
G;P,L;K,"243,120",-8.47843,2.8900179999999995,-11.368447999999999
P;G,Q;T,"38,254",-8.47843,-3.2669700000000006,-5.211459999999999
G;Q,S;P,"243,127",-8.48021,3.05729,-11.5375
Q;N,F;K,"182,114",-8.48613,-3.45978,-5.026349999999999
R;N,Q;Y,"132,244",-8.48631,3.30271,-11.789019999999999
R;C,Y;L,"123,289",-8.48951,3.29581,-11.785319999999999
A;N,P;Y,"152,244",-8.49179,3.47415,-11.96594
R;N,N;P,"132,277",-8.49293,3.62999,-12.122919999999999
S;P,E;K,"115,120",-8.49458,0.9303379999999999,-9.424917999999998
G;V,P;C,"243,281",-8.49489,2.95384,-11.44873
H;G,R;H,"104,251",-8.49491,2.3725,-10.867410000000001
G;G,I;T,"243,254",-8.49516,-2.71736,-5.7778
G;G,I;H,"243,251",-8.49609,3.3063900000000004,-11.802480000000001
C;I,L;R,"289,218",-8.49661,2.4739199999999997,-10.97053
L;I,W;R,"216,218",-8.49743,2.44175,-10.93918
Q;M,N;P,"127,222",-8.50247,3.7451000000000003,-12.247570000000001
I;I,R;H,"218,168",-8.505,-0.6762000000000001,-7.828800000000001
N;L,P;F,"277,216",-8.50591,2.9483699999999997,-11.45428
G;Q,K;P,"243,127",-8.50603,4.561,-13.06703
T;Y,N;G,"198,63",-8.50656,-0.1639600000000001,-8.342600000000001
W;S,P;P,"159,188",-8.51111,0.997885,-9.508995
G;P,I;V,"243,184",-8.51188,2.587837,-11.099717
Q;Y,D;S,"127,63",-8.51217,0.90933,-9.4215
N;I,P;H,"277,168",-8.51276,-0.08814000000000011,-8.42462
L;P,P;V,"216,184",-8.51694,1.632897,-10.149837
M;K,P;F,"222,253",-8.52062,-1.35703,-7.163589999999999
W;M,K;H,"257,161",-8.52623,1.76553,-10.29176
N;T,P;Q,"277,88",-8.52641,2.86822,-11.39463
G;P,P;D,"243,197",-8.52643,3.3043899999999997,-11.83082
R;S,Y;D,"123,103",-8.52921,3.1821599999999997,-11.71137
Q;T,H;N,"127,88",-8.52934,2.69116,-11.2205
M;Q,P;T,"222,91",-8.52977,2.6688,-11.19857
W;Q,C;E,"257,127",-8.53072,3.87268,-12.403400000000001
N;H,Y;T,"244,104",-8.53083,3.2927299999999997,-11.82356
P;P,D;K,"197,120",-8.53917,0.8046279999999999,-9.343798
A;Q,N;F,"226,182",-8.53921,-0.6848799999999999,-7.854330000000001
A;S,D;V,"130,223",-8.53984,3.59856,-12.1384
R;I,A;R,"280,218",-8.5412,0.696583,-9.237783
Q;L,P;E,"127,216",-8.54237,2.8154500000000002,-11.35782
G;L,Q;P,"243,216",-8.54367,5.04685,-13.590520000000001
M;L,P;E,"222,216",-8.54505,2.7049200000000004,-11.249970000000001
I;I,V;R,"200,218",-8.54747,2.35945,-10.90692
G;Q,H;M,"251,127",-8.54861,1.6534870000000002,-10.202097
Q;P,W;K,"133,120",-8.5487,1.225068,-9.773768
W;D,K;K,"257,263",-8.54935,2.8033799999999998,-11.352730000000001
H;Y,R;G,"104,63",-8.54935,-0.12400000000000011,-8.42535
W;S,C;P,"257,125",-8.55272,3.62286,-12.17558
Q;W,R;K,"127,257",-8.55339,3.72,-12.273390000000001
G;C,P;A,"243,289",-8.55541,1.6460512,-10.2014612
H;W,R;P,"104,159",-8.55629,2.39012,-10.94641
K;W,F;P,"253,185",-8.55662,-2.74517625,-5.8114437500000005
W;D,C;K,"257,263",-8.5595,3.73782,-12.29732
A;F,D;W,"130,271",-8.56048,4.34795,-12.90843
Q;R,H;S,"127,90",-8.56189,-4.6484000000000005,-3.9134899999999995
N;T,P;N,"277,88",-8.56508,2.81897,-11.38405
R;P,P;K,"280,120",-8.56577,0.5223279999999999,-9.088098
Q;S,F;P,"182,188",-8.56675,-2.321555,-6.245195000000001
W;Q,I;F,"159,182",-8.56806,-0.6087799999999999,-7.95928
Q;S,H;E,"127,207",-8.57418,2.92922,-11.5034
Q;N,I;P,"127,277",-8.57911,3.76626,-12.345369999999999
A;R,D;N,"130,90",-8.57992,-10.09649,1.5165699999999998
S;W,N;K,"103,257",-8.58005,2.9633700000000003,-11.543420000000001
L;Y,D;S,"249,63",-8.58372,0.28101,-8.86473
A;A,D;L,"130,65",-8.58461,3.74268,-12.32729
N;I,P;R,"277,168",-8.58554,-13.097750000000001,4.512210000000001
S;Y,P;T,"125,63",-8.58606,0.999548,-9.585608
T;N,D;P,"88,277",-8.58633,3.64376,-12.23009
W;M,P;V,"159,154",-8.58889,-1.81233,-6.776559999999999
Q;W,T;P,"91,185",-8.58999,1.28065375,-9.87064375
A;S,D;E,"130,136",-8.59055,2.7601839999999997,-11.350734
I;M,R;H,"218,161",-8.59179,1.3621699999999999,-9.953959999999999
S;A,M;L,"238,272",-8.59683,0.13629999999999987,-8.733130000000001
N;Y,L;T,"138,63",-8.59751,0.988948,-9.586458
G;P,S;K,"243,120",-8.60081,0.7857479999999999,-9.386557999999999
H;Q,T;H,"104,127",-8.60105,3.17299,-11.774040000000001
R;I,P;R,"280,218",-8.60796,2.36186,-10.96982
N;A,Y;F,"244,65",-8.60843,2.836,-11.44443
A;N,D;I,"130,37",-8.6089,4.32329,-12.93219
A;D,D;V,"130,186",-8.61008,4.25042,-12.8605
Q;N,E;P,"133,277",-8.61061,3.7517899999999997,-12.3624
N;L,P;W,"277,216",-8.61343,3.02981,-11.643239999999999
Q;A,I;L,"127,272",-8.62394,0.03431000000000006,-8.658249999999999
A;A,E;L,"152,272",-8.62795,-0.9066399999999999,-7.721310000000001
S;G,P;T,"125,254",-8.63086,-3.63349,-4.99737
N;R,P;L,"277,53",-8.63219,3.2377599999999997,-11.86995
N;N,Y;H,"244,205",-8.63739,2.585041,-11.222431
G;S,S;N,"243,103",-8.63785,3.04351,-11.68136
G;N,H;K,"251,114",-8.63977,-0.15795999999999988,-8.481810000000001
W;S,C;H,"257,214",-8.64114,0.24147000000000007,-8.88261
N;L,K;P,"138,216",-8.64187,2.45826,-11.10013
L;L,D;P,"249,216",-8.64586,2.51046,-11.156320000000001
G;M,K;P,"243,222",-8.64717,4.45047,-13.097639999999998
A;A,N;L,"226,272",-8.65033,-0.63215,-8.018180000000001
S;A,K;L,"58,272",-8.65337,-0.9277299999999999,-7.72564
Q;I,P;L,"127,145",-8.65444,2.8080999999999996,-11.462539999999999
A;A,D;F,"130,65",-8.66449,3.64673,-12.31122
G;A,K;L,"243,272",-8.66467,0.9851000000000001,-9.64977
M;K,P;V,"222,253",-8.66621,-0.3790899999999999,-8.28712
N;A,P;N,"277,226",-8.67514,3.0998,-11.77494
Y;C,T;S,"63,289",-8.67596,-1.3789820000000002,-7.296977999999999
Q;G,R;P,"127,243",-8.67733,3.97687,-12.6542
L;Q,K;P,"249,127",-8.67742,3.4166999999999996,-12.09412
Y;P,S;V,"63,184",-8.68172,-0.5965529999999999,-8.085167
Q;T,H;Q,"127,88",-8.68715,2.74041,-11.42756
W;L,K;C,"257,249",-8.69194,2.61799,-11.309930000000001
M;R,P;P,"222,280",-8.69374,2.6833400000000003,-11.37708
Q;Y,R;T,"127,63",-8.69794,2.0311280000000003,-10.729068
H;L,R;P,"104,216",-8.70064,2.3717699999999997,-11.07241
S;Q,N;H,"124,127",-8.70318,5.6465499999999995,-14.34973
N;Q,Y;A,"244,127",-8.70392,2.194336,-10.898256
A;D,D;L,"130,220",-8.70395,4.447649999999999,-13.1516
W;L,C;C,"257,249",-8.70411,3.55243,-12.256540000000001
I;S,H;E,"145,136",-8.70787,1.6042839999999998,-10.312154
Y;S,T;H,"63,214",-8.71556,-2.381842,-6.333718
A;A,D;D,"130,226",-8.71575,-4.10712,-4.60863
A;N,D;K,"130,233",-8.72017,2.789802,-11.509972
A;S,D;E,"130,207",-8.7202,3.8596899999999996,-12.579889999999999
N;I,Y;H,"244,168",-8.72342,-0.09621000000000013,-8.627210000000002
T;P,N;K,"198,120",-8.72505,0.38780799999999993,-9.112858
R;I,Y;R,"123,218",-8.72539,2.9636699999999996,-11.689060000000001
G;W,K;P,"243,185",-8.72815,3.06232375,-11.79047375
G;A,A;L,"243,272",-8.73228,-0.61368,-8.118599999999999
S;I,Y;R,"269,218",-8.73774,0.33923499999999984,-9.076975000000001
R;Q,P;F,"90,182",-8.74332,-17.14003,8.396709999999999
W;G,I;H,"159,251",-8.74446,2.69304,-11.4375
D;Y,K;G,"263,63",-8.74471,0.008719999999999839,-8.75343
R;I,S;R,"90,218",-8.74481,-5.108650000000001,-3.6361599999999985
G;P,I;Q,"243,38",-8.74729,3.71099,-12.458279999999998
A;W,T;K,"180,257",-8.74858,3.05274,-11.80132
C;Y,S;G,"289,63",-8.74948,-2.48477,-6.26471
W;K,C;A,"257,253",-8.76386,0.2764000000000002,-9.04026
Q;W,N;P,"127,185",-8.76416,2.35695375,-11.121113750000001
L;K,P;F,"216,253",-8.76444,-1.57404,-7.1904
W;F,P;M,"159,191",-8.76502,1.4792020000000001,-10.244222
Q;A,H;D,"127,226",-8.76705,-5.037590000000001,-3.7294599999999987
R;Q,L;H,"53,127",-8.76838,3.10995,-11.87833
K;A,Y;L,"253,272",-8.76893,-4.56722,-4.201709999999999
N;Q,Y;I,"244,182",-8.76957,0.8926599999999999,-9.66223
F;N,M;Y,"271,244",-8.77205,3.80749,-12.57954
Q;N,K;P,"127,277",-8.77349,3.67074,-12.444230000000001
G;L,K;P,"243,216",-8.77748,4.23346,-13.010940000000002
Q;W,D;K,"127,257",-8.78575,3.43767,-12.22342
T;Q,D;H,"88,127",-8.78771,3.51595,-12.30366
M;Q,P;N,"222,133",-8.78861,2.6121600000000003,-11.400770000000001
P;G,Q;T,"38,251",-8.79069,2.9725099999999998,-11.7632
A;N,D;H,"130,205",-8.79267,3.395771,-12.188441
R;W,Y;I,"123,159",-8.79441,3.4097299999999997,-12.204139999999999
F;I,E;R,"271,218",-8.79546,3.7298899999999997,-12.52535
N;Q,Y;Y,"244,119",-8.79733,-2.8895600000000004,-5.90777
N;W,K;P,"138,159",-8.79948,2.47661,-11.27609
Q;L,H;W,"127,216",-8.79991,2.902,-11.701910000000002
L;A,D;L,"249,272",-8.80152,-0.7379,-8.06362
M;V,P;C,"222,281",-8.80415,2.6150900000000004,-11.41924
S;N,E;Y,"115,244",-8.80802,3.3498599999999996,-12.15788
N;T,Y;N,"244,88",-8.80802,2.8109,-11.618920000000001
A;Q,D;A,"130,127",-8.8097,3.005066,-11.814765999999999
N;R,P;A,"277,280",-8.81389,1.284643,-10.098533
S;S,N;K,"103,58",-8.81432,2.63439,-11.44871
L;P,K;K,"249,120",-8.8155,1.145158,-9.960658
G;N,T;L,"251,138",-8.81574,2.59539,-11.41113
N;R,Y;S,"244,90",-8.81579,-4.52866,-4.287129999999999
L;M,K;P,"249,222",-8.82455,3.30617,-12.13072
G;G,I;T,"243,251",-8.82983,3.52212,-12.351949999999999
W;Q,C;D,"257,127",-8.83175,4.37211,-13.203859999999999
W;Q,K;E,"257,127",-8.8342,2.93824,-11.77244
G;P,P;L,"243,38",-8.8366,3.11227,-11.948870000000001
D;G,L;H,"220,251",-8.84013,3.1621300000000003,-12.00226
G;Q,H;F,"251,182",-8.84161,-0.9496399999999998,-7.89197
G;W,T;P,"251,159",-8.84397,2.5855300000000003,-11.4295
W;C,C;D,"257,289",-8.84785,4.24331,-13.091159999999999
Q;F,H;M,"127,191",-8.84877,1.816632,-10.665402
G;P,Q;K,"243,120",-8.85061,3.102848,-11.953458
Q;N,H;K,"127,138",-8.85142,2.81404,-11.66546
P;M,D;P,"197,222",-8.85186,2.96564,-11.8175
A;S,L;E,"272,121",-8.85211,-9.20706,0.35495000000000054
A;A,D;E,"130,152",-8.85391,3.62797,-12.48188
N;N,P;T,"277,190",-8.85593,2.79976,-11.65569
W;P,K;V,"257,184",-8.85668,1.9317870000000001,-10.788467
V;I,C;R,"281,218",-8.85698,2.29361,-11.150590000000001
N;T,Y;Q,"244,88",-8.86411,2.86015,-11.724260000000001
Q;V,P;D,"127,57",-8.87027,2.74116,-11.611429999999999
C;S,L;P,"289,125",-8.87204,2.6172,-11.48924
W;R,P;A,"159,90",-8.87524,-4.863779999999999,-4.0114600000000005
A;S,D;T,"130,121",-8.87563,3.77371,-12.649339999999999
Q;S,P;P,"127,125",-8.87568,2.7170699999999997,-11.592749999999999
T;N,D;Y,"88,244",-8.87881,3.63569,-12.5145
M;C,P;A,"222,289",-8.88047,1.3073012000000002,-10.1877712
G;M,L;P,"243,222",-8.88089,5.05103,-13.931920000000002
S;S,D;P,"103,125",-8.88225,2.5035499999999997,-11.3858
A;L,D;M,"130,216",-8.88383,3.9310599999999996,-12.814889999999998
G;L,H;F,"251,117",-8.88384,-1.13248,-7.751359999999999
Q;A,K;L,"127,272",-8.88611,-0.06120999999999999,-8.8249
A;I,T;R,"180,218",-8.88809,2.64938,-11.537469999999999
N;S,Y;K,"244,58",-8.88821,2.79615,-11.684360000000002
R;W,P;P,"280,185",-8.88902,1.29519375,-10.18421375
I;S,L;D,"145,103",-8.88917,2.5945799999999997,-11.48375
A;T,D;D,"130,88",-8.89207,4.44642,-13.33849
L;Y,C;T,"249,63",-8.89367,0.929118,-9.822788000000001
Q;G,F;A,"182,165",-8.90571,-6.71355,-2.1921599999999994
G;M,P;H,"243,161",-8.90582,2.0224,-10.92822
A;A,D;W,"130,65",-8.90637,3.59388,-12.500250000000001
Q;W,N;P,"133,185",-8.90949,1.22401375,-10.13350375
W;G,I;T,"159,254",-8.91036,-3.3307100000000003,-5.579650000000001
Q;T,P;N,"127,198",-8.91154,2.65935,-11.57089
R;L,Y;D,"123,249",-8.91456,3.22788,-12.14244
Q;Y,E;T,"127,63",-8.91545,1.2493679999999998,-10.164818
G;Q,L;P,"243,127",-8.91612,5.16156,-14.077679999999999
P;I,D;R,"197,218",-8.91754,2.64416,-11.5617
W;D,I;K,"159,263",-8.91924,2.8460799999999997,-11.76532
A;G,M;H,"135,251",-8.9223,2.73891,-11.66121
C;G,D;T,"289,254",-8.93176,-3.01304,-5.91872
T;G,L;H,"72,251",-8.93247,2.52989,-11.46236
R;G,Y;H,"123,251",-8.93591,3.06887,-12.00478
Q;N,H;T,"127,190",-8.93606,2.67195,-11.60801
Q;P,K;K,"127,120",-8.93645,1.243148,-10.179598
W;I,I;R,"159,218",-8.93762,2.58784,-11.52546
Q;I,N;R,"127,218",-8.94815,3.42362,-12.37177
M;P,V;K,"154,120",-8.95127,-3.7746820000000003,-5.176587999999999
L;Y,C;G,"249,63",-8.96336,-0.1766700000000001,-8.78669
Q;W,R;P,"127,159",-8.96537,3.4394600000000004,-12.40483
C;W,A;P,"289,185",-8.96562,-0.08084505,-8.884774949999999
G;T,P;N,"243,198",-8.96566,2.88757,-11.85323
S;N,D;L,"103,138",-8.96834,2.49295,-11.46129
R;Y,Y;S,"123,63",-8.97336,0.8386899999999999,-9.81205
W;L,K;D,"257,249",-8.97402,2.8093500000000002,-11.78337
S;M,N;H,"103,161",-8.9772,1.7804,-10.7576
A;Q,D;Y,"130,119",-8.9804,-2.0788300000000004,-6.9015699999999995
C;P,S;K,"289,120",-8.98092,-1.933002,-7.047917999999999
A;I,D;L,"130,145",-8.98483,3.7668099999999995,-12.75164
Q;W,T;P,"91,159",-8.98674,2.47014,-11.456879999999998
W;S,I;N,"159,103",-8.98727,3.0060700000000002,-11.99334
A;I,D;H,"130,168",-8.98849,0.7145199999999998,-9.70301
C;M,L;P,"289,222",-8.99096,2.7954,-11.786359999999998
A;S,D;T,"130,214",-8.9936,2.135652,-11.129252000000001
C;W,D;I,"289,159",-8.99875,3.3515699999999997,-12.35032
L;Q,E;F,"216,182",-8.99992,-0.8131799999999998,-8.18674
W;L,C;D,"257,249",-9.00174,3.7437899999999997,-12.745529999999999
C;G,L;T,"289,251",-9.00198,2.7948500000000003,-11.79683
P;W,D;P,"197,185",-9.00699,1.57749375,-10.58448375
Q;Q,T;F,"91,182",-9.01239,-0.8492999999999999,-8.16309
V;P,C;K,"281,120",-9.01477,0.454078,-9.468848000000001
N;R,P;T,"277,90",-9.01582,-5.09874,-3.9170799999999995
G;D,I;K,"243,263",-9.01642,3.4594300000000002,-12.475850000000001
K;W,V;P,"253,185",-9.01658,-1.76723625,-7.2493437499999995
G;M,S;P,"243,222",-9.01726,2.9467600000000003,-11.964020000000001
G;M,A;P,"243,222",-9.01871,2.85169,-11.8704
N;I,Y;R,"244,168",-9.02293,-13.105820000000001,4.082890000000001
S;M,N;L,"103,154",-9.0243,2.88387,-11.90817
R;I,V;R,"34,218",-9.02668,4.35258,-13.37926
K;Y,A;T,"253,63",-9.02671,-2.3469119999999997,-6.679798
A;R,D;N,"130,132",-9.02827,4.43265,-13.460919999999998
C;G,D;T,"289,251",-9.02869,3.22644,-12.25513
N;A,Y;M,"244,65",-9.02928,2.91763,-11.946909999999999
Q;Y,E;G,"127,63",-9.03025,0.14357999999999982,-9.17383
L;P,D;K,"249,120",-9.03239,0.5664579999999999,-9.598848
L;I,C;R,"249,218",-9.03684,2.2146299999999997,-11.25147
N;N,Y;T,"244,190",-9.04147,2.79169,-11.83316
N;L,Y;W,"244,216",-9.0449,3.02174,-12.06664
V;L,C;P,"281,216",-9.04494,2.39808,-11.44302
G;V,P;D,"243,57",-9.04591,2.96938,-12.01529
A;A,D;M,"130,65",-9.04597,3.72836,-12.77433
N;M,P;V,"277,154",-9.04866,-1.3470900000000001,-7.70157
Q;N,H;H,"127,205",-9.04997,2.465301,-11.515271
Q;P,E;L,"133,38",-9.05149,3.4739899999999997,-12.525479999999998
N;R,Y;P,"244,90",-9.05182,-13.363420000000001,4.311600000000002
G;V,T;D,"251,57",-9.05258,2.63008,-11.68266
Q;K,P;V,"127,253",-9.05603,-0.26856000000000013,-8.787469999999999
K;Y,A;G,"253,63",-9.05713,-3.4527,-5.604430000000001
A;W,T;P,"180,159",-9.06214,2.7721999999999998,-11.83434
Q;G,P;A,"127,243",-9.06522,2.96222,-12.02744
W;A,C;T,"257,180",-9.0672,3.98718,-13.05438
C;S,D;N,"289,103",-9.07118,3.32374,-12.394919999999999
S;C,D;S,"103,289",-9.07222,0.1250199999999999,-9.197239999999999
A;W,V;P,"65,159",-9.07356,3.29603,-12.36959
Q;Q,R;F,"127,182",-9.07413,0.12002000000000024,-9.19415
Q;I,H;V,"127,200",-9.07472,2.8197,-11.89442
L;N,Q;P,"216,277",-9.07476,3.32812,-12.40288
M;S,P;P,"222,125",-9.08546,2.60654,-11.692
M;K,P;Y,"222,253",-9.08654,-1.1018499999999998,-7.98469
A;R,D;P,"130,90",-9.09207,-12.55269,3.4606200000000005
N;K,P;L,"277,253",-9.094,0.5966499999999999,-9.69065
Q;R,F;Q,"182,224",-9.09535,-1.3246289999999998,-7.770721
W;L,I;P,"159,216",-9.09694,2.69231,-11.78925
A;T,D;N,"130,88",-9.09718,3.6216299999999997,-12.71881
R;W,Y;K,"123,257",-9.09756,3.3670299999999997,-12.46459
S;M,T;P,"124,222",-9.10152,3.44747,-12.54899
L;G,P;T,"216,254",-9.10173,-3.6723000000000003,-5.42943
C;S,L;D,"289,103",-9.10266,2.6924099999999997,-11.795069999999999
N;S,P;Y,"277,269",-9.1065,0.9272949999999999,-10.033795
S;W,P;P,"125,185",-9.10666,1.21839375,-10.32505375
G;W,L;P,"243,185",-9.11163,3.6628837499999998,-12.77451375
G;S,P;P,"243,125",-9.11212,2.94529,-12.05741
N;F,P;M,"277,191",-9.11417,1.944442,-11.058612
G;S,P;N,"243,103",-9.12044,3.22024,-12.34068
Q;G,P;H,"127,251",-9.12106,2.6789899999999998,-11.800049999999999
Q;C,P;S,"127,289",-9.12245,0.33853999999999984,-9.46099
Q;A,E;L,"133,272",-9.12261,0.019839999999999858,-9.14245
V;W,C;P,"281,185",-9.12398,1.22694375,-10.35092375
Q;S,H;H,"127,214",-9.12869,-0.63608,-8.49261
L;A,P;L,"216,272",-9.13241,-0.89764,-8.234770000000001
W;N,C;L,"257,138",-9.13647,3.61226,-12.748729999999998
G;S,H;E,"251,136",-9.13818,1.4746640000000002,-10.612844
G;N,P;L,"243,138",-9.13877,2.93469,-12.073459999999999
Q;N,E;Y,"133,244",-9.1412,3.7437199999999997,-12.88492
D;A,V;L,"186,272",-9.143,-0.28418999999999994,-8.85881
Q;K,H;L,"127,253",-9.14759,0.4688399999999999,-9.61643
Q;S,F;E,"182,136",-9.15304,-1.827156,-7.325884
W;P,C;L,"257,38",-9.15337,3.78984,-12.94321
T;A,N;L,"198,272",-9.15454,-0.91655,-8.23799
N;R,Y;L,"244,53",-9.15608,3.2296899999999997,-12.385769999999999
S;G,P;H,"245,251",-9.15812,2.5246000000000004,-11.68272
W;P,C;V,"257,184",-9.16035,2.866227,-12.026577
S;G,T;H,"121,251",-9.16221,2.4881900000000003,-11.650400000000001
A;I,L;R,"272,168",-9.16541,-16.8297,7.664289999999999
R;Q,V;F,"34,182",-9.16565,1.1559600000000003,-10.32161
V;A,C;L,"281,272",-9.16582,-0.8502799999999999,-8.31554
N;S,Y;Y,"244,269",-9.16683,0.9192249999999998,-10.086054999999998
N;Q,T;F,"190,182",-9.16695,-0.9849199999999998,-8.182030000000001
L;Y,D;T,"249,63",-9.16861,1.1204779999999999,-10.289088
L;L,K;P,"249,216",-9.17291,3.0891599999999997,-12.26207
N;I,K;R,"138,218",-9.17728,2.35379,-11.53107
I;P,L;K,"145,120",-9.17956,0.5365579999999999,-9.716118
N;I,P;V,"277,200",-9.18351,2.94751,-12.13102
W;G,K;T,"257,251",-9.18479,2.86607,-12.05086
A;S,D;H,"130,187",-9.18864,2.3217779999999997,-11.510418
Q;P,I;K,"127,120",-9.19083,1.338668,-10.529498
P;Y,L;T,"38,63",-9.19086,1.166528,-10.357388
S;Q,D;F,"58,182",-9.19089,-0.24724999999999997,-8.94364
T;A,D;L,"88,272",-9.19126,-0.08818999999999999,-9.103069999999999
N;A,Y;D,"244,226",-9.19591,-4.9178500000000005,-4.278059999999999
S;W,T;P,"124,185",-9.19822,2.05932375,-11.25754375
K;I,A;R,"253,218",-9.20175,-1.0614,-8.140350000000002
A;G,D;A,"130,165",-9.2156,-2.12621,-7.08939
G;I,S;R,"243,218",-9.21627,2.62528,-11.84155
Q;D,F;N,"182,186",-9.21956,-2.1116140999999997,-7.1079459
Q;Y,D;T,"127,63",-9.22415,1.7487979999999999,-10.972947999999999
R;C,Y;S,"123,289",-9.22535,0.7284199999999998,-9.95377
G;W,S;P,"243,185",-9.22564,1.55861375,-10.78425375
V;A,D;L,"57,272",-9.22984,-0.83474,-8.3951
G;M,T;H,"251,161",-9.22998,1.6831,-10.913079999999999
G;S,P;Y,"243,242",-9.23799,2.91974,-12.15773
A;S,D;V,"130,58",-9.24388,4.10264,-13.346520000000002
W;G,C;T,"257,254",-9.24695,-2.4389700000000003,-6.80798
G;Y,T;S,"254,63",-9.25646,-5.90175,-3.3547100000000007
C;Y,L;S,"289,63",-9.257,0.34894000000000003,-9.60594
G;W,L;P,"243,159",-9.2595,4.85237,-14.11187
L;C,P;A,"216,289",-9.26323,1.0902912,-10.3535212
G;Y,T;G,"254,63",-9.27578,-6.16807,-3.107709999999999
Q;Y,D;G,"127,63",-9.27686,0.6430099999999999,-9.91987
N;N,Y;Y,"244,37",-9.28501,2.336621,-11.621631
N;I,Y;L,"244,111",-9.28939,3.2118599999999997,-12.501249999999999
Q;L,P;C,"127,249",-9.28957,2.6466399999999997,-11.936209999999999
G;W,A;P,"243,185",-9.28986,1.46354375,-10.753403749999999
I;R,H;K,"145,53",-9.2901,2.5220000000000002,-11.812100000000001
G;N,H;Y,"251,37",-9.29324,1.861831,-11.155071000000001
G;C,I;D,"243,289",-9.29351,3.96492,-13.25843
Q;R,H;A,"127,280",-9.29596,1.156833,-10.452793
D;Y,K;S,"263,63",-9.30107,0.27503999999999995,-9.57611
G;Q,H;I,"251,182",-9.30293,0.4178700000000001,-9.7208
G;P,I;L,"243,38",-9.30559,3.51145,-12.81704
I;S,R;P,"218,188",-9.30688,0.8750649999999999,-10.181944999999999
N;S,P;P,"277,188",-9.30806,1.463125,-10.771185
Q;Q,D;F,"127,182",-9.31348,-0.16230999999999995,-9.15117
Q;S,E;D,"127,103",-9.31504,2.75337,-12.06841
G;I,L;R,"243,218",-9.31645,4.72955,-14.046
N;R,P;A,"277,90",-9.32143,-4.39854,-4.92289
N;A,Y;N,"244,226",-9.32649,3.09173,-12.41822
A;R,L;P,"272,90",-9.32742,-17.0873,7.759879999999999
Q;R,H;A,"127,90",-9.32812,-4.52635,-4.80177
G;C,I;L,"243,289",-9.33466,3.5333300000000003,-12.867989999999999
L;W,K;P,"249,159",-9.33876,3.10751,-12.44627
L;Y,D;G,"249,63",-9.34004,0.01468999999999987,-9.35473
P;Y,L;S,"38,63",-9.3449,0.32706000000000013,-9.67196
Q;I,D;R,"127,218",-9.34573,3.0343099999999996,-12.38004
A;R,L;A,"272,90",-9.34616,-8.13049,-1.2156699999999994
L;N,Q;Y,"216,244",-9.35275,3.32005,-12.6728
Y;P,G;V,"63,184",-9.3562,-0.862873,-8.493326999999999
R;Y,Y;T,"123,63",-9.35743,1.6781579999999998,-11.035588
N;K,Y;F,"244,253",-9.36098,-1.0985200000000002,-8.262459999999999
A;L,D;F,"130,117",-9.36326,0.15303999999999984,-9.516300000000001
Q;P,E;K,"127,120",-9.36683,0.6953479999999999,-10.062178
Y;P,T;V,"63,184",-9.36955,0.24291500000000002,-9.612465
D;I,K;R,"263,218",-9.37336,2.4000199999999996,-11.77338
S;G,D;H,"58,251",-9.37714,3.05457,-12.43171
R;Q,V;H,"34,127",-9.37763,4.81283,-14.19046
R;Y,Y;G,"123,63",-9.38038,0.5723699999999998,-9.95275
Q;S,F;H,"182,214",-9.38453,-4.292949999999999,-5.09158
L;I,K;R,"249,218",-9.38623,2.9846899999999996,-12.370919999999998
R;Q,Y;P,"123,127",-9.39217,3.3956799999999996,-12.787849999999999
F;N,E;P,"271,277",-9.39524,4.31795,-13.713189999999999
S;Y,N;S,"103,63",-9.39846,0.43503000000000003,-9.83349
N;S,P;H,"277,214",-9.40111,-0.50827,-8.89284
A;S,L;Y,"272,269",-9.40482,-2.804655,-6.6001650000000005
N;K,P;F,"277,253",-9.40515,-1.0904500000000001,-8.3147
P;W,Q;K,"38,257",-9.40651,3.05494,-12.461450000000001
G;W,A;P,"243,159",-9.40877,2.65303,-12.061800000000002
A;Y,D;S,"130,63",-9.41417,1.4075199999999999,-10.82169
N;S,P;Y,"277,242",-9.41549,2.84757,-12.26306
M;V,P;D,"222,57",-9.41559,2.63063,-12.04622
D;A,Q;Y,"220,215",-9.41601,4.83003,-14.24604
G;L,P;C,"243,249",-9.42346,2.87486,-12.29832
A;Q,D;V,"130,127",-9.42546,3.6853499999999997,-13.110809999999999
N;G,Y;S,"244,243",-9.42699,3.2052699999999996,-12.632259999999999
G;Q,P;E,"243,127",-9.42855,3.1951099999999997,-12.62366
A;R,D;T,"130,90",-9.43052,-4.29608,-5.13444
N;Q,Y;N,"244,133",-9.43262,2.8706699999999996,-12.30329
Q;G,P;T,"127,251",-9.4335,2.89472,-12.32822
W;S,I;D,"159,103",-9.43841,2.80633,-12.24474
S;Q,V;F,"223,182",-9.44526,-0.98878,-8.456479999999999
A;A,L;D,"272,226",-9.45421,-8.64173,-0.812479999999999
C;L,D;P,"289,216",-9.45869,3.0099799999999997,-12.46867
A;F,D;M,"130,271",-9.46602,4.61822,-14.084240000000001
A;S,D;E,"130,115",-9.46651,4.16059,-13.627099999999999
G;R,H;D,"251,90",-9.47069,-11.35761,1.88692
G;Q,H;Y,"251,119",-9.47131,-3.36435,-6.106960000000001
K;P,F;K,"253,120",-9.47571,-3.5180420000000003,-5.957667999999999
G;C,P;S,"243,289",-9.4813,0.5667599999999999,-10.04806
V;W,D;P,"57,185",-9.48202,1.2424837499999999,-10.72450375
Q;W,R;P,"127,185",-9.48395,2.24997375,-11.73392375
S;W,T;P,"124,159",-9.48636,3.2488099999999998,-12.73517
L;W,K;P,"249,185",-9.48811,1.91802375,-11.40613375
R;N,V;P,"34,277",-9.48947,4.94064,-14.43011
Q;C,P;A,"127,289",-9.49055,1.4178312,-10.9083812
G;K,P;A,"243,253",-9.49278,-0.4011699999999998,-9.09161
Q;G,D;P,"127,243",-9.51505,3.69454,-13.20959
R;Y,P;T,"280,63",-9.51834,1.0763479999999999,-10.594688
N;Q,Y;T,"244,127",-9.52076,2.356354,-11.877113999999999
Q;L,F;F,"182,117",-9.52216,-4.4343,-5.087859999999999
Q;N,P;L,"127,138",-9.53113,2.70647,-12.237599999999999
M;D,P;K,"222,263",-9.53149,2.7215,-12.25299
Q;N,N;Y,"127,244",-9.53264,4.00361,-13.53625
Q;N,W;P,"133,277",-9.54149,3.65266,-13.19415
M;L,P;C,"222,249",-9.55131,2.53611,-12.087420000000002
F;A,W;L,"271,272",-9.55841,-0.18666000000000005,-9.37175
T;W,N;P,"198,185",-9.56149,1.16067375,-10.72216375
N;I,Y;V,"244,200",-9.56195,2.93944,-12.501389999999999
Q;A,R;L,"127,272",-9.56197,0.17275000000000018,-9.734720000000001
C;S,D;D,"289,103",-9.56378,3.1239999999999997,-12.68778
S;G,M;H,"238,251",-9.56616,3.38539,-12.951550000000001
D;Y,K;T,"263,63",-9.56672,1.1145079999999998,-10.681228
Q;W,N;P,"133,159",-9.56763,2.4135,-11.98113
P;W,Q;I,"38,159",-9.56895,3.09764,-12.66659
A;Q,W;F,"65,182",-9.57061,-0.9934599999999998,-8.57715
N;L,P;I,"277,216",-9.5727,3.0915299999999997,-12.66423
Q;G,N;H,"127,251",-9.57503,3.5288200000000005,-13.103850000000001
Q;S,H;Y,"127,242",-9.57557,2.71976,-12.29533
L;G,K;P,"249,243",-9.57904,3.64492,-13.223960000000002
G;W,I;I,"243,159",-9.58308,3.64725,-13.23033
M;C,P;S,"222,289",-9.59061,0.22801000000000005,-9.81862
A;Q,D;I,"130,127",-9.59089,4.56892,-14.15981
N;Q,P;T,"277,127",-9.5939,2.364424,-11.958324
A;S,D;H,"130,214",-9.59465,0.29438999999999993,-9.88904
R;Q,N;F,"90,182",-9.59513,-14.68383,5.088700000000001
D;Q,V;F,"186,182",-9.59788,-0.3369199999999999,-9.26096
K;Y,Y;G,"253,63",-9.59884,-3.81463,-5.784209999999999
R;G,Y;T,"123,251",-9.60415,3.2846,-12.888750000000002
S;N,N;Y,"124,244",-9.60583,5.76629,-15.372119999999999
A;H,D;T,"130,104",-9.60631,4.10346,-13.70977
S;S,D;D,"58,103",-9.60804,3.16786,-12.7759
T;A,E;L,"270,272",-9.61289,1.4531399999999999,-11.06603
P;S,L;D,"38,103",-9.61331,2.6705300000000003,-12.283840000000001
G;I,K;R,"243,218",-9.61522,4.12899,-13.74421
N;H,P;R,"277,104",-9.61522,2.85536,-12.470580000000002
Q;R,H;T,"127,90",-9.61533,-5.2265500000000005,-4.38878
G;P,T;K,"251,120",-9.61569,0.623178,-10.238868
G;A,H;E,"251,152",-9.61596,2.3424500000000004,-11.95841
W;Q,K;F,"257,182",-9.61779,-0.6514799999999998,-8.96631
N;T,Y;Y,"244,189",-9.61808,1.8047419999999998,-11.422822
N;K,P;Y,"277,253",-9.62439,-0.83527,-8.78912
Q;Q,W;H,"133,127",-9.62834,3.52485,-13.153189999999999
A;N,V;P,"65,277",-9.6325,3.76127,-13.39377
A;S,D;F,"130,238",-9.63311,1.6103699999999999,-11.24348
W;Y,I;S,"159,63",-9.63801,0.46286000000000005,-10.10087
K;Y,Y;S,"253,63",-9.6403,-3.54831,-6.09199
N;N,P;K,"277,138",-9.6425,2.9418499999999996,-12.58435
G;L,P;D,"243,249",-9.64631,3.06622,-12.71253
S;A,T;L,"121,272",-9.65995,-0.7608999999999999,-8.89905
C;W,S;P,"289,185",-9.66016,-1.16013625,-8.500023749999999
W;P,C;Q,"257,38",-9.66101,3.9893799999999997,-13.650389999999998
W;K,K;A,"257,253",-9.66184,-0.6580399999999997,-9.0038
Q;Q,H;N,"127,133",-9.66321,2.75093,-12.41414
A;L,D;F,"130,216",-9.6655,3.75103,-13.41653
G;W,S;P,"243,159",-9.6657,2.7481,-12.413799999999998
Q;K,P;A,"127,253",-9.66858,-0.6293899999999999,-9.039190000000001
S;M,D;H,"103,161",-9.67095,1.58066,-11.25161
G;D,P;K,"243,263",-9.6733,3.06025,-12.73355
G;N,Q;P,"243,277",-9.67333,5.5304400000000005,-15.20377
P;Y,Q;S,"38,63",-9.67504,0.5266,-10.20164
N;G,Y;T,"244,251",-9.67913,3.0427,-12.72183
G;Y,H;S,"251,63",-9.67956,0.12200000000000011,-9.80156
L;P,C;K,"249,120",-9.68021,0.37509799999999993,-10.055308
A;Y,T;G,"180,63",-9.69057,0.25807999999999987,-9.948649999999999
A;F,D;M,"130,191",-9.69208,2.747102,-12.439182
F;G,M;H,"271,251",-9.69254,3.3327,-13.02524
C;L,L;P,"289,216",-9.69254,2.5783899999999997,-12.27093
G;L,I;P,"243,216",-9.69374,3.30566,-12.9994
L;Y,P;S,"216,63",-9.69794,0.12126999999999999,-9.819209999999998
G;Q,Q;H,"243,127",-9.70264,5.40263,-15.10527
N;F,Y;M,"244,191",-9.70547,1.936372,-11.641842
G;A,P;T,"243,180",-9.709,3.30961,-13.018609999999999
A;T,D;K,"130,88",-9.70903,3.7467799999999998,-13.45581
P;T,L;N,"38,88",-9.71231,2.54117,-12.25348
G;C,T;A,"254,289",-9.71459,-4.9327288000000005,-4.781861199999999
W;K,P;F,"159,253",-9.7176,-1.55569,-8.161909999999999
M;K,P;A,"222,253",-9.72988,-0.7399199999999997,-8.98996
N;Q,Y;V,"244,127",-9.73299,2.87462,-12.60761
I;P,R;V,"218,184",-9.73419,1.528427,-11.262617
V;Q,D;F,"57,182",-9.75146,-0.88747,-8.86399
S;Q,D;V,"103,127",-9.75341,2.51312,-12.26653
Q;I,K;R,"127,218",-9.75666,3.08268,-12.83934
S;I,D;H,"58,145",-9.75686,3.18419,-12.94105
N;L,P;E,"277,216",-9.75724,2.9715,-12.728739999999998
A;Q,P;H,"152,127",-9.75929,3.3544099999999997,-13.1137
Q;F,F;M,"182,191",-9.77292,-1.8402379999999998,-7.932682
P;P,K;V,"120,184",-9.77334,-0.311105,-9.462235
A;Q,D;L,"130,182",-9.77825,0.7618499999999999,-10.540099999999999
Q;M,R;P,"127,222",-9.77913,3.6381200000000002,-13.417250000000001
I;A,V;L,"200,272",-9.79079,-0.78444,-9.00635
N;Q,P;T,"277,91",-9.79387,2.93538,-12.72925
F;Q,E;H,"271,127",-9.79495,4.1901399999999995,-13.98509
P;Q,D;F,"197,182",-9.79764,-0.55246,-9.24518
Q;N,N;P,"127,277",-9.79767,4.01168,-13.80935
Q;V,H;D,"127,57",-9.80028,2.7694,-12.569680000000002
C;Y,D;S,"289,63",-9.80785,0.78053,-10.58838
G;S,H;P,"251,188",-9.81145,0.980265,-10.791715
Q;M,E;P,"127,222",-9.81635,2.85636,-12.67271
G;S,T;D,"251,103",-9.81678,2.6812,-12.49798
R;G,Y;P,"123,243",-9.82221,3.6239,-13.446110000000001
S;G,D;H,"103,251",-9.82313,2.46547,-12.2886
S;Q,D;V,"103,182",-9.84577,-0.8948,-8.95097
A;R,D;Q,"130,224",-9.84609,3.262711,-13.108801
A;T,D;Y,"130,189",-9.85885,2.615472,-12.474322
L;L,P;C,"216,249",-9.85957,2.3190999999999997,-12.17867
A;S,D;P,"130,245",-9.86335,3.81012,-13.67347
D;A,L;Y,"220,215",-9.8701,3.94813,-13.81823
T;Q,N;F,"198,182",-9.8718,-0.9692799999999999,-8.90252
S;L,P;P,"125,216",-9.87188,2.3895299999999997,-12.261410000000001
R;W,P;P,"280,159",-9.87207,2.48468,-12.356750000000002
G;Y,I;S,"243,63",-9.8727,1.07621,-10.94891
N;A,Y;T,"244,180",-9.87609,3.22937,-13.105459999999999
N;I,P;L,"277,145",-9.88401,2.96415,-12.84816
A;A,T;L,"180,272",-9.8971,-0.49451,-9.40259
W;R,C;Y,"257,123",-9.89885,4.30147,-14.20032
W;W,I;K,"159,257",-9.90019,2.9912,-12.891390000000001
Q;G,P;T,"127,254",-9.9039,-3.3447600000000004,-6.559139999999999
G;P,P;V,"243,184",-9.91923,2.188657,-12.107887000000002
S;W,N;P,"103,185",-9.92143,1.49334375,-11.41477375
G;Y,T;T,"251,63",-9.92375,1.177198,-11.100948
G;N,K;P,"243,277",-9.92547,4.71705,-14.642520000000001
Q;W,E;P,"127,185",-9.92922,1.4682137499999999,-11.397433750000001
A;H,D;L,"130,104",-9.93422,4.05169,-13.98591
V;P,D;K,"57,120",-9.93489,0.46961799999999987,-10.404508
C;P,L;K,"289,120",-9.94104,0.634388,-10.575427999999999
S;G,N;T,"103,254",-9.94443,-3.3585400000000005,-6.58589
N;Q,Y;T,"244,91",-9.9457,2.92731,-12.87301
A;M,T;P,"180,222",-9.94705,2.97086,-12.917910000000001
N;A,Y;W,"244,65",-9.94706,2.78315,-12.73021
W;C,P;S,"159,289",-9.95439,0.029349999999999987,-9.983740000000001
S;I,A;H,"124,145",-9.95537,3.44856,-13.40393
N;N,I;Y,"37,244",-9.9556,3.5125599999999997,-13.468160000000001
A;S,D;E,"130,121",-9.95572,-4.6724499999999995,-5.28327
R;M,Y;P,"123,222",-9.96036,3.28515,-13.24551
L;K,P;A,"216,253",-9.97215,-0.9569299999999998,-9.01522
K;W,A;P,"253,185",-9.97257,-2.12806625,-7.844503749999999
A;R,D;A,"130,280",-9.97609,2.087303,-12.063393
W;P,K;L,"257,38",-9.97784,2.8554000000000004,-12.83324
A;S,D;Y,"130,242",-9.97839,3.6502299999999996,-13.628619999999998
Q;V,H;C,"127,281",-9.979,2.75386,-12.732859999999999
A;T,D;Q,"130,88",-9.97949,3.67088,-13.65037
L;W,C;P,"249,185",-9.98141,1.14796375,-11.129373750000001
A;Q,D;E,"130,133",-9.98254,4.554449999999999,-14.53699
G;N,K;Y,"243,244",-9.99469,4.70898,-14.70367
N;S,Y;Y,"244,242",-9.99529,2.8395,-12.834790000000002
G;I,A;R,"243,218",-10.0067,2.53021,-12.53691
G;N,Q;Y,"243,244",-10.0109,5.5223700000000004,-15.53327
T;I,N;R,"198,218",-10.0114,2.22734,-12.23874
Q;P,P;V,"127,184",-10.0117,1.960437,-11.972137
S;Y,D;S,"103,63",-10.0121,0.23529,-10.24739
W;M,P;H,"159,161",-10.0157,1.48499,-11.50069
G;W,T;P,"251,185",-10.0194,1.39604375,-11.41544375
Q;C,F;A,"182,289",-10.0242,-2.2107988,-7.8134012
Q;M,D;P,"127,222",-10.0255,3.35579,-13.38129
M;N,P;L,"222,138",-10.0267,2.59594,-12.62264
S;P,P;K,"125,120",-10.028,0.4455279999999999,-10.473528
Q;L,H;I,"127,216",-10.0285,2.96372,-12.99222
N;V,P;C,"277,281",-10.0305,2.8816699999999997,-12.91217
N;L,Y;I,"244,216",-10.0307,3.0834599999999996,-13.114159999999998
G;Q,K;H,"243,127",-10.035,4.58924,-14.62424
F;N,E;Y,"271,244",-10.0351,4.30988,-14.34498
R;P,Y;Q,"123,38",-10.0365,3.47347,-13.50997
A;A,D;M,"130,135",-10.042,4.02443,-14.06643
N;S,Y;P,"244,125",-10.0446,2.86505,-12.909650000000001
C;W,D;P,"289,159",-10.0464,3.02833,-13.07473
R;N,V;Y,"34,244",-10.05,4.93257,-14.98257
G;I,H;H,"251,168",-10.0532,-0.571,-9.4822
Q;L,H;E,"127,216",-10.0545,2.84369,-12.898190000000001
A;R,D;P,"130,280",-10.0558,3.75258,-13.80838
Q;S,I;N,"127,103",-10.0709,3.59643,-13.66733
R;L,Y;P,"123,216",-10.0758,3.0681399999999996,-13.143939999999999
Q;P,D;K,"127,120",-10.0779,1.194778,-11.272677999999999
W;G,P;H,"159,251",-10.0803,2.3698,-12.450099999999999
Q;I,R;R,"127,218",-10.0835,3.31664,-13.40014
W;W,C;I,"257,159",-10.0867,3.92564,-14.01234
N;K,P;V,"277,253",-10.0907,-0.11251000000000011,-9.97819
N;Q,P;N,"277,133",-10.0921,2.8787399999999996,-12.970839999999999
G;W,I;K,"243,257",-10.0934,3.60455,-13.69795
Q;P,H;V,"127,184",-10.0992,1.988677,-12.087876999999999
G;D,H;N,"251,186",-10.1007,1.1902059,-11.2909059
C;P,D;Q,"289,38",-10.106,3.41531,-13.52131
L;Q,K;H,"249,127",-10.1068,3.44494,-13.551739999999999
P;W,L;P,"38,159",-10.1163,2.57486,-12.69116
S;M,N;P,"103,222",-10.1181,2.8814900000000003,-12.999590000000001
C;Y,L;T,"289,63",-10.1264,1.188408,-11.314808
M;P,P;L,"222,38",-10.1281,2.7735200000000004,-12.901620000000001
M;L,P;D,"222,249",-10.1303,2.7274700000000003,-12.85777
N;L,Y;E,"244,216",-10.1359,2.96343,-13.099329999999998
N;G,P;S,"277,243",-10.1375,3.2133399999999996,-13.350839999999998
N;S,Y;E,"244,207",-10.1425,3.04896,-13.19146
N;H,Y;R,"244,104",-10.1468,2.84729,-12.99409
R;Q,L;F,"53,182",-10.1479,-0.5469199999999999,-9.60098
S;P,D;V,"103,184",-10.1551,1.746917,-11.902016999999999
N;P,P;D,"277,197",-10.1572,3.23222,-13.38942
A;Y,D;G,"130,63",-10.1573,1.1411999999999998,-11.298499999999999
A;L,D;Q,"130,216",-10.1618,4.13078,-14.29258
A;G,M;H,"65,251",-10.1619,2.4428400000000003,-12.60474
G;P,P;Q,"243,38",-10.1645,3.31181,-13.47631
P;Q,D;H,"197,127",-10.1653,3.1044099999999997,-13.26971
G;A,S;L,"243,272",-10.1657,-0.51861,-9.647089999999999
A;N,V;Y,"65,244",-10.1714,3.7532,-13.9246
N;R,Y;T,"244,90",-10.1717,-5.10681,-5.064889999999999
P;N,Q;L,"38,138",-10.1726,2.7842599999999997,-12.956859999999999
W;S,C;D,"257,103",-10.1781,3.69807,-13.87617
A;R,D;A,"130,90",-10.1823,-3.5958799999999997,-6.58642
H;I,R;R,"104,218",-10.1869,2.2672999999999996,-12.4542
W;L,P;C,"159,249",-10.1883,2.33745,-12.52575
A;R,D;S,"130,90",-10.1889,-3.7179300000000004,-6.4709699999999994
Q;S,H;P,"127,125",-10.1889,2.74531,-12.93421
N;Q,K;F,"138,182",-10.1892,-0.84283,-9.34637
P;S,Q;D,"38,103",-10.1895,2.87007,-13.05957
A;E,Y;K,"215,231",-10.1954,3.29444,-13.48984
Q;Q,H;F,"127,182",-10.1974,-0.59459,-9.60281
Q;L,D;P,"127,216",-10.1981,3.1387799999999997,-13.33688
W;L,C;P,"257,216",-10.2049,3.58405,-13.78895
R;N,N;Y,"132,244",-10.2095,3.62192,-13.83142
G;Q,T;F,"254,182",-10.2121,-6.97339,-3.2387099999999993
G;C,P;L,"243,289",-10.2128,3.13415,-13.34695
A;R,D;K,"130,53",-10.2147,3.6779,-13.892600000000002
R;A,V;D,"34,130",-10.2155,5.7433,-15.9588
Q;G,H;A,"127,243",-10.2177,2.9904599999999997,-13.20816
M;P,P;V,"222,184",-10.2179,1.8499070000000002,-12.067807
G;G,P;T,"243,254",-10.2228,-3.1165400000000005,-7.106259999999999
P;Y,Q;T,"38,63",-10.2308,1.3660679999999998,-11.596868
E;I,K;H,"231,145",-10.2401,2.63806,-12.87816
Q;Y,R;G,"127,63",-10.2495,0.92534,-11.17484
W;S,K;D,"257,103",-10.2505,2.76363,-13.014130000000002
N;G,P;A,"277,243",-10.2591,3.11827,-13.377369999999999
N;N,Y;K,"244,138",-10.2616,2.9337799999999996,-13.19538
N;A,P;T,"277,180",-10.2634,3.23744,-13.50084
M;G,P;T,"222,254",-10.267,-3.45529,-6.81171
W;G,C;I,"257,243",-10.2734,4.53899,-14.81239
S;Q,N;T,"103,127",-10.2843,2.194594,-12.478894
W;A,I;L,"159,272",-10.2895,-0.5560499999999999,-9.733450000000001
G;Q,L;H,"243,127",-10.2901,5.1898,-15.4799
W;K,P;A,"159,253",-10.2931,-0.9385799999999997,-9.35452
Q;W,D;P,"127,185",-10.2937,1.96764375,-12.26134375
N;R,Y;P,"244,280",-10.2954,2.9418499999999996,-13.23725
L;W,D;P,"249,185",-10.3073,1.33932375,-11.64662375
G;N,L;P,"243,277",-10.3099,5.31761,-15.627510000000001
N;K,Y;V,"244,253",-10.3103,-0.12058000000000013,-10.18972
N;P,L;K,"138,120",-10.317,0.434928,-10.751928
A;N,Y;K,"215,114",-10.3202,0.6280399999999999,-10.94824
G;Q,S;H,"243,127",-10.3247,3.08553,-13.41023
A;M,L;V,"272,154",-10.328,-5.07904,-5.248959999999999
G;Q,L;F,"243,182",-10.3341,1.53293,-11.86703
W;L,K;P,"257,216",-10.3346,2.64961,-12.984210000000001
C;P,D;K,"289,120",-10.3367,1.0659779999999999,-11.402678
P;W,K;P,"120,185",-10.3391,-0.7644182500000001,-9.57468175
W;Y,K;S,"257,63",-10.3417,0.4201600000000001,-10.761859999999999
A;Q,D;I,"130,182",-10.3456,1.7033899999999997,-12.04899
N;R,Y;A,"244,90",-10.351,-4.40661,-5.944390000000001
S;N,T;P,"124,277",-10.3539,3.71405,-14.06795
S;R,D;A,"103,280",-10.3572,0.915073,-11.272273
M;M,P;H,"222,161",-10.3596,1.68365,-12.04325
W;K,C;Y,"257,253",-10.372,-0.08552999999999988,-10.28647
N;R,P;P,"277,280",-10.3744,2.9499199999999997,-13.32432
R;I,N;H,"132,145",-10.3896,3.27675,-13.66635
P;P,L;K,"38,120",-10.3952,0.612508,-11.007708000000001
N;S,Y;H,"244,214",-10.3973,-0.51634,-9.88096
W;G,C;T,"257,251",-10.4131,3.80051,-14.21361
D;N,V;Y,"186,244",-10.4167,3.4396899999999997,-13.856390000000001
N;C,P;A,"277,289",-10.426,1.5738812,-11.9998812
N;V,P;D,"277,57",-10.4273,2.89721,-13.32451
N;T,P;N,"277,198",-10.431,2.8154,-13.2464
Q;C,F;S,"182,289",-10.4342,-3.29009,-7.14411
S;Y,D;T,"103,63",-10.4345,1.0747579999999999,-11.509257999999999
S;I,D;H,"103,168",-10.4419,-0.45771000000000006,-9.98419
G;A,Q;D,"243,130",-10.4432,6.3331,-16.7763
C;Y,D;G,"289,63",-10.4485,0.5142099999999998,-10.96271
Q;A,D;L,"127,272",-10.4524,-0.10958000000000001,-10.342820000000001
G;W,T;P,"254,185",-10.4524,-4.84343625,-5.608963750000001
A;Q,D;N,"130,127",-10.4583,4.81434,-15.272639999999999
P;L,Q;P,"38,216",-10.4594,2.75605,-13.21545
N;V,Y;C,"244,281",-10.4596,2.8735999999999997,-13.3332
A;L,D;I,"130,216",-10.4655,3.89419,-14.35969
W;Y,C;S,"257,63",-10.4664,1.3546,-11.821
S;Q,T;H,"124,127",-10.471,3.58624,-14.05724
Q;I,W;R,"133,218",-10.4728,3.0646,-13.5374
Q;N,R;P,"127,277",-10.4762,3.9047,-14.3809
W;W,K;P,"257,159",-10.4792,2.66796,-13.14716
C;Y,D;T,"289,63",-10.4836,1.6199979999999998,-12.103597999999998
S;A,N;D,"124,130",-10.4885,6.577019999999999,-17.06552
N;A,L;L,"138,272",-10.4891,-0.8694299999999999,-9.619670000000001
L;Y,P;T,"216,63",-10.491,0.960738,-11.451737999999999
N;G,Y;T,"244,254",-10.4938,-3.1967800000000004,-7.29702
T;Q,N;F,"88,182",-10.5045,-0.9657099999999998,-9.53879
N;C,P;L,"277,289",-10.5088,3.06198,-13.570780000000001
W;P,P;V,"159,184",-10.5124,1.6512470000000001,-12.163647
W;Y,I;T,"159,63",-10.5144,1.302328,-11.816728
A;W,T;P,"180,185",-10.5197,1.58271375,-12.10241375
W;Y,I;G,"159,63",-10.5229,0.19653999999999994,-10.71944
A;K,L;A,"272,253",-10.5231,-4.20529,-6.31781
S;A,T;L,"124,272",-10.5261,-0.017900000000000027,-10.508199999999999
A;Q,D;T,"130,91",-10.53,3.73804,-14.26804
R;W,Y;P,"123,185",-10.5336,1.8970037499999999,-12.43060375
Q;W,D;P,"127,159",-10.5359,3.15713,-13.69303
N;S,P;P,"277,125",-10.5407,2.87312,-13.41382
Q;I,E;R,"127,218",-10.5433,2.53488,-13.07818
A;Q,D;V,"130,182",-10.5513,0.27742999999999984,-10.82873
S;Y,D;G,"103,63",-10.5546,-0.031030000000000113,-10.523570000000001
G;Y,T;T,"254,63",-10.5547,-5.062282000000001,-5.492418
Q;Q,N;F,"133,182",-10.5556,-0.90594,-9.64966
W;K,P;Y,"159,253",-10.5621,-1.3005099999999998,-9.26159
Q;N,K;Y,"127,244",-10.5667,3.66267,-14.229370000000001
L;Y,P;G,"216,63",-10.5668,-0.14505000000000012,-10.421750000000001
N;P,Y;D,"244,197",-10.5725,3.22415,-13.79665
C;I,D;R,"289,218",-10.5731,2.9055099999999996,-13.47861
G;Y,I;G,"243,63",-10.5783,0.80989,-11.38819
A;S,D;K,"130,58",-10.5784,3.60688,-14.18528
G;R,H;S,"251,90",-10.5823,-5.00345,-5.57885
P;W,V;P,"184,185",-10.5862,0.46176075000000005,-11.04796075
Q;D,P;K,"127,263",-10.5881,2.8320299999999996,-13.42013
A;Q,P;F,"152,182",-10.596,-0.30245999999999995,-10.29354
G;Y,I;T,"243,63",-10.598,1.915678,-12.513678
A;S,Y;Q,"215,188",-10.5983,0.5252599999999998,-11.12356
N;W,L;P,"138,185",-10.6004,1.20779375,-11.808193750000001
W;G,K;T,"257,254",-10.6015,-3.3734100000000002,-7.22809
L;G,W;H,"216,251",-10.6056,2.54695,-13.152550000000002
P;P,Q;K,"38,120",-10.6058,0.8120479999999999,-11.417848
I;Q,H;M,"145,127",-10.6118,1.783107,-12.394907
A;Q,D;T,"130,127",-10.6151,3.167084,-13.782184
A;C,D;A,"130,289",-10.6219,2.3765411999999997,-12.9984412
N;C,Y;A,"244,289",-10.6251,1.5658112,-12.1909112
N;N,P;L,"277,138",-10.6355,2.86252,-13.49802
T;Q,D;F,"88,182",-10.6362,-0.14091999999999993,-10.495280000000001
Q;L,P;D,"127,249",-10.639,2.838,-13.477
P;Y,Q;G,"38,63",-10.645,0.26027999999999984,-10.90528
A;N,D;K,"130,138",-10.6451,3.74451,-14.38961
Q;I,N;R,"133,218",-10.6525,2.29068,-12.94318
A;Q,D;W,"130,133",-10.6567,4.45532,-15.112020000000001
P;W,Q;P,"38,159",-10.6608,2.7744,-13.4352
Q;N,H;L,"127,138",-10.6621,2.7347099999999998,-13.39681
Q;I,H;L,"127,145",-10.666,2.83634,-13.50234
N;G,Y;A,"244,243",-10.6697,3.1102,-13.779900000000001
K;P,V;K,"253,120",-10.6708,-2.540102,-8.130697999999999
C;W,L;P,"289,159",-10.69,2.59674,-13.28674
N;M,Y;V,"244,154",-10.6911,-1.3551600000000001,-9.33594
G;F,H;M,"251,191",-10.6949,1.4615820000000002,-12.156482
N;G,P;T,"277,251",-10.701,3.05077,-13.75177
A;S,D;P,"130,188",-10.7012,2.2657849999999997,-12.966985
N;I,L;R,"138,218",-10.7054,2.27446,-12.979859999999999
W;Y,P;T,"159,63",-10.7122,0.9790880000000001,-11.691288
S;N,T;Y,"124,244",-10.7244,3.70598,-14.43038
P;W,L;P,"38,185",-10.7442,1.38537375,-12.129573749999999
Q;L,H;C,"127,249",-10.7577,2.67488,-13.43258
S;A,P;L,"125,272",-10.7757,-0.85883,-9.916870000000001
Q;T,H;N,"127,198",-10.7771,2.68759,-13.464690000000001
Q;K,H;V,"127,253",-10.7794,-0.2403200000000001,-10.53908
L;P,P;K,"216,120",-10.7821,0.4067179999999999,-11.188818
A;R,D;L,"130,53",-10.7931,4.04042,-14.83352
C;Y,L;G,"289,63",-10.7961,0.08261999999999992,-10.87872
W;Q,C;F,"257,182",-10.8054,0.2829600000000001,-11.088360000000002
N;A,K;L,"138,272",-10.8059,-0.7901,-10.015799999999999
G;N,L;Y,"243,244",-10.8083,5.30954,-16.11784
W;Q,I;P,"159,127",-10.8119,3.01985,-13.83175
N;S,P;N,"277,103",-10.8178,3.1480699999999997,-13.965869999999999
N;Q,P;E,"277,127",-10.8402,3.12294,-13.96314
K;Q,Y;F,"253,182",-10.8458,-4.619949999999999,-6.225850000000001
W;P,K;K,"257,120",-10.847,0.705608,-11.552608
A;K,D;V,"130,253",-10.8525,0.6901499999999998,-11.542649999999998
Q;A,W;L,"133,272",-10.8532,-0.07928999999999986,-10.773909999999999
G;T,H;M,"251,29",-10.8534,-5.75671,-5.096690000000001
Q;A,E;L,"127,272",-10.8591,-0.60901,-10.25009
Q;Q,W;F,"133,182",-10.8603,-0.1320199999999998,-10.728280000000002
G;S,I;D,"243,103",-10.8712,3.41968,-14.29088
C;M,D;P,"289,222",-10.8785,3.22699,-14.10549
L;W,D;P,"249,159",-10.8909,2.52881,-13.41971
G;Y,T;G,"251,63",-10.8938,0.07140999999999997,-10.96521
A;G,D;S,"130,243",-10.8997,4.016,-14.9157
N;C,P;S,"277,289",-10.9037,0.49458999999999986,-11.398290000000001
G;Q,S;F,"243,182",-10.9164,-0.57134,-10.34506
S;G,N;H,"103,251",-10.9176,2.66521,-13.58281
A;G,D;A,"130,243",-10.9184,3.92093,-14.83933
Q;G,H;T,"127,254",-10.9247,-3.3165200000000006,-7.608179999999999
N;Q,Y;E,"244,127",-10.9261,3.11487,-14.04097
A;M,L;H,"272,161",-10.9268,-1.78172,-9.14508
A;K,D;F,"130,253",-10.9343,-0.2877900000000002,-10.64651
Q;S,K;D,"127,103",-10.951,3.30117,-14.25217
N;P,Y;L,"244,38",-10.9531,3.03203,-13.985129999999998
R;A,Y;L,"123,272",-10.966,-0.18022000000000005,-10.785779999999999
R;W,Y;P,"123,159",-10.9681,3.08649,-14.05459
M;Q,L;F,"154,182",-10.9702,-0.73098,-10.23922
P;A,D;L,"197,272",-10.9727,-0.49973,-10.47297
A;I,D;R,"130,168",-10.9743,-12.29509,1.3207900000000006
G;K,T;Y,"251,253",-10.9777,-1.1023999999999998,-9.875300000000001
S;Q,E;F,"207,182",-10.9804,-0.7276499999999999,-10.252749999999999
L;G,K;H,"249,251",-10.984,3.08989,-14.07389
Q;H,H;R,"127,104",-10.9856,2.72755,-13.713149999999999
Q;N,R;Y,"127,244",-10.9884,3.89663,-14.88503
A;I,L;R,"272,218",-10.9922,-1.00211,-9.99009
G;G,H;T,"251,254",-11.001,-3.67157,-7.3294299999999994
G;G,P;T,"243,251",-11.0032,3.12294,-14.12614
I;Q,L;F,"145,182",-11.0043,-0.82053,-10.18377
I;S,H;W,"145,58",-11.006,2.47814,-13.48414
A;T,Y;Y,"215,189",-11.0075,2.115952,-13.123452
Q;G,N;H,"133,251",-11.0175,2.39588,-13.41338
G;K,P;Y,"243,253",-11.0226,-0.7630999999999999,-10.259500000000001
S;R,D;A,"103,90",-11.0239,-4.76811,-6.255789999999999
A;G,N;H,"226,251",-11.0296,2.61694,-13.64654
Q;P,F;V,"182,184",-11.0303,-1.6681929999999998,-9.362107
C;G,D;P,"289,243",-11.0316,3.56574,-14.597339999999999
N;T,Y;N,"244,198",-11.038,2.80733,-13.84533
Q;C,H;A,"127,289",-11.0415,1.4460712,-12.4875712
W;I,C;R,"257,218",-11.0483,3.47958,-14.52788
N;K,P;A,"277,253",-11.0602,-0.47333999999999987,-10.58686
L;N,K;Y,"249,244",-11.0636,3.56468,-14.62828
Q;Y,P;S,"127,63",-11.0637,0.44880999999999993,-11.51251
G;Y,T;S,"251,63",-11.0709,0.3377300000000001,-11.40863
N;P,P;Q,"277,38",-11.0805,3.2396399999999996,-14.32014
S;Q,E;F,"115,182",-11.0808,-0.42674999999999996,-10.65405
N;I,Y;L,"244,145",-11.0907,2.95608,-14.04678
W;Y,K;T,"257,63",-11.091,1.259628,-12.350627999999999
Q;A,T;L,"91,272",-11.0996,-0.79657,-10.30303
A;P,D;D,"130,197",-11.1021,4.034879999999999,-15.13698
D;W,K;P,"263,159",-11.1115,2.52284,-13.63434
S;T,N;N,"103,198",-11.1138,2.64557,-13.75937
L;I,D;R,"249,218",-11.1184,2.40599,-13.52439
G;W,P;I,"243,159",-11.1227,3.2480700000000002,-14.37077
D;W,K;P,"263,185",-11.1403,1.33335375,-12.47365375
W;Y,K;G,"257,63",-11.1543,0.15383999999999998,-11.30814
P;Q,Q;P,"38,127",-11.1611,3.08359,-14.244689999999999
S;Q,Y;F,"242,182",-11.1679,-0.9371099999999999,-10.230789999999999
G;I,I;R,"243,218",-11.1699,3.20119,-14.37109
A;S,D;T,"130,124",-11.1829,4.51671,-15.69961
W;Y,C;G,"257,63",-11.1829,1.08828,-12.27118
I;A,H;M,"145,65",-11.1873,2.57246,-13.75976
D;P,K;K,"263,120",-11.1894,0.5604879999999999,-11.749887999999999
N;V,Y;D,"244,57",-11.1904,2.88914,-14.07954
S;L,D;P,"103,216",-11.1931,2.46474,-13.65784
A;A,D;T,"130,180",-11.1982,4.0401,-15.238299999999999
C;W,L;P,"289,185",-11.1987,1.40725375,-12.605953750000001
A;A,D;N,"130,226",-11.2038,3.9024599999999996,-15.106259999999999
M;I,P;R,"222,218",-11.2151,2.46326,-13.67836
W;G,P;T,"159,254",-11.2151,-3.65395,-7.56115
A;S,L;P,"272,188",-11.2206,-2.268825,-8.951775
R;N,Y;Y,"123,244",-11.2209,3.54366,-14.76456
K;I,Y;R,"253,218",-11.2328,-1.42333,-9.80947
P;W,Q;P,"38,185",-11.2356,1.58491375,-12.82051375
M;G,P;T,"222,251",-11.2404,2.78419,-14.02459
Q;S,R;N,"127,103",-11.2472,3.73487,-14.98207
A;I,D;V,"130,200",-11.2487,3.75017,-14.99887
W;Y,C;T,"257,63",-11.264,2.194068,-13.458067999999999
L;N,K;P,"249,277",-11.2667,3.57275,-14.83945
A;Y,D;T,"130,63",-11.2703,2.246988,-13.517288
R;G,N;H,"132,251",-11.2783,3.1471299999999998,-14.425429999999999
N;Q,L;F,"138,182",-11.2858,-0.9221599999999999,-10.36364
A;A,V;L,"65,272",-11.2893,0.029320000000000235,-11.318620000000001
N;W,L;P,"138,159",-11.2923,2.3972800000000003,-13.68958
N;L,Y;C,"244,249",-11.2983,2.79462,-14.09292
G;Y,P;S,"243,63",-11.3002,0.67703,-11.97723
G;P,I;K,"243,120",-11.3005,1.361658,-12.662158
M;S,P;D,"222,103",-11.3049,2.68175,-13.986650000000001
G;K,H;L,"251,253",-11.3059,0.11379000000000006,-11.41969
Q;I,K;H,"127,145",-11.3095,3.3175,-14.626999999999999
S;W,D;P,"103,185",-11.3107,1.29360375,-12.60430375
G;R,H;P,"251,90",-11.3127,-13.83821,2.5255100000000006
F;A,E;D,"271,130",-11.3152,5.120609999999999,-16.43581
N;C,Y;S,"244,289",-11.3236,0.48651999999999984,-11.810120000000001
T;G,D;H,"88,251",-11.3321,3.1609,-14.493
A;H,Y;M,"215,104",-11.3361,3.25626,-14.59236
W;P,I;K,"159,120",-11.3386,0.748308,-12.086908
A;D,Y;N,"215,186",-11.3467,1.9762058999999998,-13.3229059
Q;K,H;A,"127,253",-11.3523,-0.6011499999999999,-10.751149999999999
Q;M,H;H,"127,161",-11.3666,1.82242,-13.18902
Q;R,P;P,"127,280",-11.3681,2.79387,-14.16197
G;A,H;L,"251,272",-11.3692,-0.8969099999999999,-10.47229
A;K,D;L,"130,253",-11.3806,1.3993099999999998,-12.77991
M;L,P;P,"222,216",-11.3912,2.56773,-13.958929999999999
Q;N,D;P,"127,277",-11.3925,3.62237,-15.01487
G;S,H;Q,"251,188",-11.3997,-0.26073999999999997,-11.138959999999999
A;L,D;W,"130,216",-11.4005,3.83247,-15.232969999999998
L;W,P;P,"216,185",-11.4014,1.17958375,-12.580983750000001
D;L,K;P,"263,216",-11.4066,2.5044899999999997,-13.911089999999998
A;M,D;V,"130,154",-11.4144,-0.5444300000000002,-10.86997
W;M,I;P,"159,222",-11.4147,2.90932,-14.32402
C;Q,L;F,"289,182",-11.4177,-0.7226999999999999,-10.695
Q;I,P;R,"127,218",-11.4179,2.57379,-13.991689999999998
Y;P,S;K,"63,120",-11.4184,-1.822732,-9.595668
Q;Q,N;F,"127,182",-11.4187,0.2270000000000003,-11.6457
Q;W,P;P,"127,159",-11.4194,2.6966099999999997,-14.11601
G;M,H;V,"251,154",-11.4212,-1.82995,-9.59125
A;T,D;N,"130,198",-11.4321,3.61806,-15.05016
N;L,P;C,"277,249",-11.4334,2.80269,-14.23609
G;Q,I;P,"243,127",-11.4453,3.6332,-15.0785
N;M,P;H,"277,161",-11.4462,1.95023,-13.396429999999999
G;M,I;P,"243,222",-11.4488,3.52267,-14.97147
Q;Y,P;G,"127,63",-11.452,0.18248999999999982,-11.63449
N;K,Y;A,"244,253",-11.457,-0.4814099999999999,-10.97559
G;Q,P;F,"243,182",-11.4739,-0.3946099999999999,-11.07929
N;L,P;D,"277,249",-11.4956,2.9940499999999997,-14.48965
Q;K,H;F,"127,253",-11.5031,-1.2182600000000001,-10.284839999999999
A;H,D;R,"130,104",-11.5038,3.6580199999999996,-15.161819999999999
D;I,L;H,"220,145",-11.528,3.29175,-14.81975
G;W,P;K,"243,257",-11.5332,3.2053700000000003,-14.738570000000001
A;S,D;N,"130,103",-11.5335,3.95073,-15.48423
Q;C,H;S,"127,289",-11.5375,0.3667799999999999,-11.90428
V;Q,C;F,"281,182",-11.5415,-0.9030099999999999,-10.63849
I;A,L;L,"145,272",-11.5434,-0.7678,-10.7756
W;W,I;P,"159,185",-11.5467,1.52117375,-13.06787375
R;P,Y;K,"123,120",-11.5487,1.1241379999999999,-12.672838
C;W,D;P,"289,185",-11.5519,1.8388437499999999,-13.39074375
N;P,P;V,"277,184",-11.5532,2.116487,-13.669687
I;A,H;E,"145,152",-11.5558,2.47207,-14.02787
Q;W,H;K,"127,257",-11.5585,3.0053900000000002,-14.56389
A;Q,D;R,"130,127",-11.5627,4.7073599999999995,-16.27006
S;G,A;H,"124,251",-11.5658,3.3189400000000004,-14.88474
C;Q,D;F,"289,182",-11.5701,-0.29111,-11.27899
G;W,I;P,"243,185",-11.5847,2.13452375,-13.71922375
W;G,C;P,"257,243",-11.5868,4.13981,-15.72661
P;A,L;L,"38,272",-11.5949,-0.6918499999999999,-10.90305
L;Q,P;F,"216,182",-11.596,-0.9503699999999999,-10.64563
G;K,H;F,"251,253",-11.5977,-1.57331,-10.02439
Q;L,H;D,"127,249",-11.5999,2.86624,-14.46614
A;A,D;V,"130,65",-11.6017,4.56393,-16.16563
A;L,Y;W,"215,216",-11.6035,3.33295,-14.93645
G;A,K;D,"243,130",-11.6037,5.51971,-17.12341
G;K,H;V,"251,253",-11.6124,-0.59537,-11.017029999999998
C;A,D;L,"289,272",-11.6146,-0.23838000000000004,-11.37622
I;T,H;Y,"145,189",-11.6171,1.4595719999999999,-13.076672
N;S,Y;P,"244,188",-11.6181,1.455055,-13.073155
G;A,T;L,"251,272",-11.6251,-0.6811799999999999,-10.94392
Q;I,L;H,"127,145",-11.6256,2.8554,-14.481
W;I,K;R,"257,218",-11.6321,2.54514,-14.17724
C;N,D;Y,"289,244",-11.633,3.4855,-15.1185
T;A,D;Y,"88,215",-11.6461,3.9469,-15.593
W;P,C;K,"257,120",-11.6498,1.640048,-13.289848000000001
R;N,Y;P,"123,277",-11.6519,3.55173,-15.20363
G;K,H;Y,"251,253",-11.6632,-1.3181299999999998,-10.34507
A;I,D;R,"130,218",-11.6664,3.5324999999999998,-15.198899999999998
A;K,D;Y,"130,253",-11.6864,-0.03261000000000003,-11.65379
I;A,H;F,"145,65",-11.6921,2.49083,-14.182929999999999
A;Q,Y;M,"215,127",-11.6931,2.4394869999999997,-14.132587
A;R,D;Q,"130,132",-11.7023,4.11344,-15.815739999999998
W;Q,C;P,"257,127",-11.7362,3.91159,-15.64779
M;Y,P;S,"222,63",-11.7395,0.33828000000000014,-12.07778
S;W,D;P,"103,159",-11.7401,2.48309,-14.223189999999999
N;P,P;L,"277,38",-11.7461,3.0401,-14.786200000000001
D;Q,K;F,"263,182",-11.7466,-0.7966,-10.950000000000001
A;C,D;D,"130,289",-11.7595,4.2962299999999995,-16.055729999999997
Y;P,T;K,"63,120",-11.7642,-0.983264,-10.780936
N;P,Y;V,"244,184",-11.7645,2.1084169999999998,-13.872917
T;I,E;H,"270,145",-11.7694,4.831849999999999,-16.60125
Y;W,S;P,"63,185",-11.7721,-1.04986625,-10.722233750000001
C;Q,D;P,"289,127",-11.7764,3.3375199999999996,-15.11392
I;K,H;L,"145,252",-11.7877,2.5493699999999997,-14.337069999999999
N;K,Y;Y,"244,253",-11.7926,-0.84334,-10.94926
G;S,H;F,"251,238",-11.7929,0.3248500000000001,-12.11775
W;M,C;P,"257,222",-11.7962,3.80106,-15.59726
N;N,Y;L,"244,138",-11.8104,2.85445,-14.66485
A;L,D;E,"130,216",-11.8139,3.77416,-15.58806
G;W,I;P,"243,159",-11.8214,3.3240100000000004,-15.145410000000002
C;I,S;R,"289,218",-11.8292,-0.09347000000000016,-11.73573
G;P,T;K,"254,120",-11.8296,-5.616302,-6.213297999999999
A;G,D;T,"130,254",-11.8329,-2.3860500000000004,-9.44685
G;R,H;A,"251,280",-11.8356,0.8017830000000001,-12.637383
I;M,H;L,"145,262",-11.841,-7.522320000000001,-4.318679999999999
I;N,H;K,"145,138",-11.8492,2.58861,-14.437809999999999
K;Q,A;F,"253,182",-11.8684,-4.25802,-7.610379999999999
S;I,T;H,"124,145",-11.8722,3.36081,-15.23301
N;P,Y;Q,"244,38",-11.8767,3.2315699999999996,-15.10827
Q;Q,E;F,"127,182",-11.88,-0.66174,-11.21826
S;Q,K;F,"124,182",-11.8834,0.5631900000000001,-12.44659
L;G,Q;H,"216,251",-11.8834,2.84526,-14.72866
R;Q,Y;H,"123,127",-11.8892,3.42392,-15.313120000000001
T;I,V;H,"198,145",-11.8893,2.8724299999999996,-14.76173
Q;A,K;Y,"127,215",-11.9023,3.97388,-15.87618
Q;W,P;K,"127,257",-11.9037,2.97715,-14.88085
A;P,L;V,"272,184",-11.9074,-1.6154629999999999,-10.291937
P;G,D;H,"197,251",-11.9128,2.7493600000000002,-14.66216
P;M,Q;P,"38,222",-11.9169,2.9730600000000003,-14.88996
G;Y,P;T,"243,63",-11.9219,1.516498,-13.438398000000001
N;D,P;K,"277,263",-11.9238,2.98808,-14.91188
Q;P,P;K,"127,120",-11.9467,0.7342579999999999,-12.680958
M;W,P;P,"222,159",-11.9612,2.58608,-14.54728
N;S,Y;N,"244,103",-11.9614,3.1399999999999997,-15.101399999999998
G;I,T;R,"254,218",-11.9687,-3.7767700000000004,-8.19193
Y;Q,S;F,"63,182",-11.9744,-3.17982,-8.79458
W;W,K;P,"257,185",-11.9764,1.47847375,-13.45487375
S;S,N;P,"103,125",-11.9767,2.70329,-14.67999
Q;Y,P;T,"127,63",-11.9882,1.2882779999999998,-13.276478000000001
G;Y,P;G,"243,63",-11.9884,0.4107099999999999,-12.39911
A;G,L;T,"272,254",-11.991,-6.92066,-5.07034
I;P,R;K,"218,120",-12.001,0.30224799999999985,-12.303248
S;A,N;L,"103,272",-12.0048,-0.58388,-11.420919999999999
L;A,C;L,"249,272",-12.0066,-0.92926,-11.077340000000001
I;T,H;V,"145,72",-12.0081,2.52637,-14.53447
N;L,Y;D,"244,249",-12.038,2.9859799999999996,-15.02398
A;C,D;S,"130,289",-12.0391,1.2972499999999998,-13.33635
A;S,Y;H,"215,187",-12.0633,1.822258,-13.885558
Q;I,F;R,"182,218",-12.0636,-1.05484,-11.008759999999999
G;Q,H;T,"251,127",-12.0684,1.881564,-13.949964000000001
A;L,Y;Q,"215,216",-12.074,3.63126,-15.705259999999999
Q;S,H;P,"127,188",-12.0769,1.335315,-13.412215
S;I,K;H,"124,145",-12.0817,3.99463,-16.07633
S;W,N;P,"103,159",-12.0945,2.68283,-14.77733
R;A,P;L,"280,272",-12.0952,-0.78203,-11.31317
G;I,T;R,"251,218",-12.1105,2.46271,-14.57321
Q;D,H;K,"127,263",-12.1122,2.86027,-14.97247
S;I,M;H,"238,145",-12.1205,3.5150099999999997,-15.63551
N;G,P;T,"277,254",-12.1219,-3.1887100000000004,-8.93319
S;Q,N;F,"103,182",-12.1233,-0.6366099999999999,-11.486690000000001
Y;I,S;R,"63,218",-12.1259,0.016799999999999926,-12.1427
I;N,H;Y,"145,37",-12.1298,1.991451,-14.121250999999999
I;H,H;M,"145,104",-12.1318,2.5998799999999997,-14.73168
P;I,Q;R,"38,218",-12.1357,2.65158,-14.787279999999999
A;L,D;D,"130,249",-12.1427,3.79671,-15.939409999999999
A;Q,T;H,"180,127",-12.1445,3.10963,-15.25413
A;I,Y;V,"215,200",-12.1501,3.25065,-15.40075
W;W,C;P,"257,185",-12.1578,2.41291375,-14.57071375
M;Q,P;F,"222,182",-12.1727,-0.7333599999999998,-11.439340000000001
M;Y,P;G,"222,63",-12.183,0.07196000000000002,-12.25496
D;A,K;L,"263,272",-12.1897,-0.74387,-11.44583
S;I,N;R,"103,218",-12.1972,2.56001,-14.75721
L;Q,I;F,"216,182",-12.2091,-0.6931499999999999,-11.51595
G;G,S;H,"243,251",-12.2117,2.73048,-14.94218
G;S,H;H,"251,214",-12.2188,-0.9911299999999998,-11.22767
I;N,H;K,"145,233",-12.2224,1.633902,-13.856302
A;L,D;K,"130,249",-12.2268,4.37541,-16.60221
I;A,H;L,"145,65",-12.2333,2.58678,-14.82008
I;S,H;E,"145,121",-12.2359,-5.82835,-6.4075500000000005
G;P,P;K,"243,120",-12.2372,0.962478,-13.199677999999999
Q;K,H;Y,"127,253",-12.2392,-0.9630799999999999,-11.27612
Q;S,H;D,"127,103",-12.2394,2.82052,-15.05992
G;G,P;H,"243,251",-12.2408,2.90721,-15.14801
P;A,Q;L,"38,272",-12.2491,-0.49231,-11.75679
M;Y,P;T,"222,63",-12.2513,1.177748,-13.429048
S;Q,D;F,"103,182",-12.2548,-0.8363499999999999,-11.41845
S;I,P;H,"245,145",-12.2586,2.65422,-14.91282
A;I,M;H,"135,145",-12.2592,2.86853,-15.12773
G;Q,A;F,"243,182",-12.2617,-0.66641,-11.595289999999999
Q;P,E;L,"127,38",-12.268,2.84514,-15.113140000000001
G;S,P;D,"243,103",-12.2812,3.0205,-15.3017
A;Q,D;E,"130,127",-12.2895,3.9255999999999998,-16.2151
I;Q,H;L,"145,182",-12.2924,-0.39405,-11.89835
S;P,D;K,"103,120",-12.2926,0.5207379999999999,-12.813338
C;N,D;P,"289,277",-12.2945,3.49357,-15.78807
W;Y,P;S,"159,63",-12.296,0.13962000000000008,-12.43562
A;S,D;D,"130,103",-12.3006,3.75099,-16.051589999999997
N;D,Y;K,"244,263",-12.3038,2.98001,-15.28381
Q;P,F;K,"182,120",-12.3208,-2.8943719999999997,-9.426428000000001
G;Q,P;P,"243,127",-12.3226,3.23402,-15.556619999999999
S;Q,P;F,"125,182",-12.3284,-0.9115599999999999,-11.41684
N;M,Y;H,"244,161",-12.3363,1.9421599999999999,-14.278459999999999
Q;C,P;L,"127,289",-12.3371,2.9059299999999997,-15.24303
W;A,P;L,"159,272",-12.3681,-0.8792899999999999,-11.48881
Q;S,P;D,"127,103",-12.3689,2.79228,-15.16118
G;N,H;H,"251,205",-12.3853,2.110251,-14.495551
G;M,H;L,"251,262",-12.3894,-7.65194,-4.7374600000000004
A;G,D;T,"130,251",-12.3918,3.85343,-16.24523
A;T,Y;Q,"215,88",-12.3974,3.17136,-15.56876
Y;W,T;P,"63,185",-12.4106,-0.21039825,-12.20020175
W;A,K;L,"257,272",-12.4153,-0.5987499999999999,-11.81655
S;S,T;D,"124,103",-12.4294,3.34448,-15.773879999999998
Q;R,H;P,"127,280",-12.4351,2.82211,-15.25721
I;G,H;A,"145,165",-12.4502,-3.28211,-9.168090000000001
H;I,L;H,"104,145",-12.4671,2.89579,-15.36289
T;I,M;H,"51,145",-12.4714,2.6204099999999997,-15.091809999999999
A;Q,D;N,"130,133",-12.4855,3.6814,-16.1669
I;L,H;F,"145,117",-12.49,-1.00286,-11.48714
G;A,L;D,"243,130",-12.5027,6.12027,-18.622970000000002
A;V,D;D,"130,57",-12.503,3.6998699999999998,-16.20287
W;L,P;P,"159,216",-12.5111,2.36907,-14.88017
A;V,D;C,"130,281",-12.5138,3.68433,-16.19813
Q;N,W;Y,"133,244",-12.5173,3.64459,-16.16189
A;A,D;P,"130,152",-12.5603,4.284879999999999,-16.84518
Q;M,F;H,"182,161",-12.5739,-1.83445,-10.73945
Y;W,G;P,"63,185",-12.5789,-1.3161862500000001,-11.262713750000001
W;P,P;K,"159,120",-12.616,0.425068,-13.041068
S;I,T;H,"121,145",-12.6172,2.61781,-15.23501
W;W,C;P,"257,159",-12.6247,3.6024000000000003,-16.2271
R;I,Q;H,"132,145",-12.6476,2.95754,-15.60514
I;I,L;H,"111,145",-12.6484,2.86669,-15.51509
M;I,L;H,"154,145",-12.6542,2.7004599999999996,-15.354659999999999
Q;N,D;Y,"127,244",-12.6712,3.6143,-16.2855
I;N,H;K,"145,114",-12.6761,-0.028340000000000032,-12.64776
Q;W,P;P,"127,185",-12.6886,1.5071237499999999,-14.195723749999999
S;I,P;R,"125,218",-12.6913,2.2850599999999996,-14.97636
Q;W,H;I,"127,159",-12.7092,3.04809,-15.75729
N;W,P;I,"277,159",-12.7094,3.1759,-15.8853
I;S,H;H,"145,187",-12.7125,1.165878,-13.878378
D;I,Q;H,"220,145",-12.715,4.17365,-16.88865
M;P,P;K,"222,120",-12.7165,0.6237280000000001,-13.340228
G;N,I;P,"243,277",-12.7265,3.78925,-16.51575
I;A,H;W,"145,65",-12.7392,2.43798,-15.17718
S;A,K;Y,"124,215",-12.7397,4.651009999999999,-17.39071
A;S,D;P,"130,125",-12.7462,3.6757799999999996,-16.421979999999998
A;G,D;I,"130,243",-12.7499,4.59191,-17.341810000000002
P;G,Q;H,"38,251",-12.7623,2.75678,-15.519079999999999
Y;P,G;K,"63,120",-12.7844,-2.089052,-10.695348
Q;M,P;P,"127,222",-12.7966,2.89527,-15.69187
I;Q,H;V,"145,182",-12.7995,-0.8784700000000001,-11.92103
I;D,H;N,"145,186",-12.8,1.3198258999999999,-14.1198259
G;M,P;P,"243,222",-12.8077,3.1234900000000003,-15.93119
A;K,Y;L,"215,252",-12.8151,3.20575,-16.02085
N;C,Y;L,"244,289",-12.8197,3.05391,-15.87361
S;A,E;L,"115,272",-12.8553,-0.37402,-12.48128
T;G,M;H,"51,251",-12.8741,2.49079,-15.36489
W;Y,P;G,"159,63",-12.8742,-0.12670000000000003,-12.7475
W;M,K;P,"257,222",-12.8791,2.86662,-15.745719999999999
Q;Y,H;S,"127,63",-12.8832,0.47705,-13.36025
T;G,E;H,"270,251",-12.893,4.70223,-17.59523
I;R,H;Q,"145,224",-12.894,2.106811,-15.000811
L;I,P;R,"216,218",-12.9149,2.24625,-15.16115
A;P,Y;D,"215,197",-12.9319,3.53536,-16.46726
I;W,R;P,"218,185",-12.9342,1.0751137499999999,-14.00931375
Q;I,H;R,"127,218",-12.9511,2.60203,-15.55313
D;G,K;H,"263,251",-12.9557,2.50522,-15.46092
G;W,P;P,"243,185",-12.9612,1.73534375,-14.69654375
N;Y,P;S,"277,63",-12.9725,0.60486,-13.57736
I;R,H;N,"145,90",-12.9725,-11.25239,-1.72011
F;I,M;H,"271,145",-12.979,3.46232,-16.441319999999997
N;I,I;H,"37,145",-12.9909,3.16739,-16.15829
Q;Y,H;T,"127,63",-12.9936,1.3165179999999999,-14.310118000000001
F;I,W;H,"271,145",-13.0064,3.19205,-16.19845
G;Y,H;G,"251,63",-13.0186,-0.14432,-12.874279999999999
G;L,P;P,"243,216",-13.0248,2.90648,-15.931280000000001
T;I,L;H,"72,145",-13.0361,2.65951,-15.695609999999999
I;S,H;T,"145,214",-13.0452,0.979752,-14.024951999999999
I;R,H;D,"145,90",-13.0871,-11.22799,-1.8591099999999994
Q;Y,H;G,"127,63",-13.0923,0.21072999999999986,-13.30303
S;A,N;Y,"124,215",-13.0926,6.0775,-19.170099999999998
A;A,Y;M,"215,135",-13.1017,3.52491,-16.62661
A;C,D;L,"130,289",-13.1272,3.8646399999999996,-16.99184
A;M,D;H,"130,161",-13.1274,2.75289,-15.880289999999999
I;S,H;Q,"145,188",-13.1436,-0.13112000000000013,-13.01248
I;S,H;F,"145,238",-13.1469,0.45446999999999993,-13.601370000000001
I;S,H;K,"145,58",-13.1543,2.45098,-15.605279999999999
S;I,N;H,"124,145",-13.1561,5.42112,-18.57722
G;Q,I;H,"243,127",-13.1584,3.66144,-16.81984
W;Q,P;F,"159,182",-13.1672,-0.9320199999999998,-12.23518
Q;I,E;H,"133,145",-13.174,3.3985499999999997,-16.57255
W;W,P;P,"159,185",-13.1751,1.19793375,-14.373033750000001
N;W,P;K,"277,257",-13.1833,3.1332,-16.316499999999998
N;A,Y;L,"244,272",-13.1874,-0.42212000000000005,-12.76528
I;R,H;A,"145,280",-13.19,0.931403,-14.121402999999999
I;Q,H;T,"145,91",-13.1933,2.58214,-15.77544
L;I,M;H,"216,145",-13.2,2.7751599999999996,-15.975159999999999
N;W,Y;I,"244,159",-13.2097,3.16783,-16.37753
I;I,H;H,"145,168",-13.23,-0.4413800000000001,-12.78862
M;W,P;P,"222,185",-13.2312,1.39659375,-14.627793749999999
R;G,L;H,"53,251",-13.2369,2.7549,-15.991800000000001
H;I,T;H,"104,145",-13.2545,2.94756,-16.20206
A;S,D;Y,"130,269",-13.2557,1.729955,-14.985655
Q;L,P;P,"127,216",-13.3171,2.67826,-15.99536
A;T,Y;M,"215,51",-13.3452,3.27679,-16.62199
A;K,D;A,"130,253",-13.3453,0.32932000000000006,-13.67462
G;R,H;T,"251,90",-13.3615,-5.5816,-7.7799
A;L,D;C,"130,249",-13.365,3.6053499999999996,-16.97035
L;G,I;H,"216,251",-13.3849,2.60867,-15.99357
Y;I,T;R,"63,218",-13.3864,0.8562679999999999,-14.242668
W;N,C;P,"257,277",-13.3925,4.06764,-17.46014
I;S,H;Y,"145,269",-13.3969,0.5740549999999999,-13.970955
I;T,H;N,"145,88",-13.4082,2.4657299999999998,-15.873930000000001
G;I,P;R,"243,218",-13.4179,2.80201,-16.21991
A;G,Y;A,"215,165",-13.4221,-2.62573,-10.79637
S;I,E;H,"115,145",-13.4278,3.00469,-16.43249
A;P,L;K,"272,120",-13.4624,-2.8416420000000002,-10.620758
G;N,I;Y,"243,244",-13.4772,3.78118,-17.25838
T;I,D;H,"88,145",-13.4791,3.29052,-16.76962
I;Q,H;V,"145,127",-13.4833,2.5294499999999998,-16.01275
I;N,H;H,"145,205",-13.4883,2.239871,-15.728171
C;Q,D;H,"289,127",-13.4885,3.36576,-16.85426
N;W,Y;K,"244,257",-13.4917,3.12513,-16.61683
A;W,D;K,"130,257",-13.4932,3.93586,-17.42906
C;G,L;H,"289,251",-13.5072,2.57912,-16.08632
S;P,N;K,"103,120",-13.5189,0.720478,-14.239378
S;A,A;Y,"124,215",-13.5262,4.10494,-17.63114
A;S,Y;K,"215,58",-13.5368,3.10736,-16.64416
G;A,H;W,"251,65",-13.5379,2.3083600000000004,-15.846260000000001
G;W,P;P,"243,159",-13.546,2.92483,-16.47083
G;K,H;A,"251,253",-13.5536,-0.9561999999999997,-12.5974
N;Y,P;T,"277,63",-13.5603,1.4443279999999998,-15.004628
N;Y,Y;S,"244,63",-13.5616,0.5967899999999999,-14.15839
W;Q,C;H,"257,127",-13.5635,3.9398299999999997,-17.50333
N;Y,P;G,"277,63",-13.564,0.33853999999999984,-13.90254
A;S,Y;F,"215,238",-13.583,1.11085,-14.69385
I;N,H;L,"145,138",-13.5831,2.50928,-16.09238
A;R,Y;D,"215,90",-13.6114,-10.57161,-3.03979
A;T,Y;V,"215,198",-13.6331,3.52881,-17.16191
G;M,H;H,"251,161",-13.6386,1.46737,-15.105970000000001
A;T,Y;L,"215,72",-13.639,3.3158899999999996,-16.95489
A;S,Y;W,"215,58",-13.6647,3.13452,-16.79922
C;G,D;H,"289,251",-13.6806,3.01071,-16.69131
I;Q,H;Y,"145,119",-13.7103,-3.2347300000000003,-10.47557
A;R,Y;A,"215,280",-13.7135,1.587783,-15.301283
N;S,P;D,"277,103",-13.7318,2.94833,-16.68013
W;I,P;R,"159,218",-13.7438,2.2645999999999997,-16.0084
Q;A,P;L,"127,272",-13.7459,-0.5701,-13.1758
I;S,H;H,"145,214",-13.7612,-0.86151,-12.89969
N;I,P;R,"277,218",-13.7675,2.72984,-16.49734
I;T,H;K,"145,88",-13.776,2.59088,-16.36688
S;I,E;H,"207,145",-13.7767,2.7037899999999997,-16.48049
N;P,P;K,"277,120",-13.7844,0.8903079999999999,-14.674707999999999
W;S,C;N,"257,103",-13.8083,3.8978099999999998,-17.70611
I;Q,H;A,"145,127",-13.8083,1.8491659999999999,-15.657466
Y;I,G;R,"63,218",-13.813,-0.24952000000000019,-13.56348
G;L,H;C,"251,249",-13.8186,2.31983,-16.13843
I;S,H;V,"145,223",-13.8266,2.44266,-16.26926
A;N,D;L,"130,138",-13.8668,3.66518,-17.53198
I;M,H;V,"145,154",-13.9102,-1.7003300000000001,-12.209869999999999
A;Y,L;T,"272,63",-13.9132,-2.287622,-11.625578
Q;P,H;K,"127,120",-13.9233,0.7624979999999999,-14.685797999999998
N;Y,Y;G,"244,63",-13.9448,0.3304699999999998,-14.27527
N;Y,Y;T,"244,63",-13.9454,1.4362579999999998,-15.381658
S;A,D;L,"103,272",-13.9697,-0.78362,-13.18608
L;I,W;H,"216,145",-13.9706,2.67657,-16.64717
L;I,Q;H,"216,145",-14.0568,2.9748799999999997,-17.03168
A;Y,L;S,"272,63",-14.0661,-3.12709,-10.93901
N;Q,P;P,"277,127",-14.0764,3.16185,-17.23825
I;T,H;Q,"145,88",-14.0809,2.51498,-16.59588
N;G,L;H,"138,251",-14.0848,2.3796600000000003,-16.46446
G;Q,P;H,"243,127",-14.107,3.26226,-17.36926
A;I,N;H,"226,145",-14.1138,2.7465599999999997,-16.86036
P;Y,L;G,"38,63",-14.1139,0.060740000000000016,-14.17464
I;Y,W;S,"111,63",-14.1238,0.28237,-14.40617
G;N,P;P,"243,277",-14.1257,3.3900699999999997,-17.51577
A;Q,Y;A,"215,127",-14.1261,2.505546,-16.631646
A;R,Y;N,"215,90",-14.1385,-10.59601,-3.542490000000001
I;N,H;T,"145,190",-14.1571,2.44652,-16.60362
A;F,Y;W,"215,271",-14.1941,3.8484299999999996,-18.04253
S;I,V;H,"58,145",-14.2113,2.94674,-17.15804
N;G,Y;H,"244,251",-14.2216,2.82697,-17.04857
S;G,T;H,"124,251",-14.2262,3.23119,-17.45739
A;Q,D;D,"130,127",-14.2272,4.42503,-18.65223
G;A,P;L,"243,272",-14.2367,-0.34187999999999996,-13.894820000000001
I;T,H;M,"145,29",-14.242,-5.627090000000001,-8.61491
Q;Q,P;F,"127,182",-14.2624,-0.62283,-13.639569999999999
I;Q,H;T,"145,127",-14.2802,2.011184,-16.291384
G;I,Q;H,"243,145",-14.282,5.1772,-19.4592
I;I,H;V,"145,200",-14.2823,2.59427,-16.87657
I;K,H;L,"145,253",-14.2845,0.2434099999999999,-14.527909999999999
G;A,L;Y,"243,215",-14.314,5.620749999999999,-19.93475
Q;I,I;H,"127,145",-14.3294,3.41302,-17.74242
D;I,V;H,"186,145",-14.3324,3.09452,-17.42692
G;A,I;L,"243,272",-14.3499,0.05730000000000013,-14.4072
A;K,Y;F,"215,253",-14.3504,-0.7873100000000002,-13.56309
E;G,K;D,"231,163",-14.3547,2.59926,-16.95396
A;P,D;V,"130,184",-14.3604,2.9191469999999997,-17.279547
I;Q,H;I,"145,182",-14.3705,0.5474899999999999,-14.91799
Q;I,W;H,"133,145",-14.3987,3.29942,-17.69812
A;R,D;Y,"130,123",-14.408,4.3543899999999995,-18.76239
A;T,Y;M,"215,29",-14.4183,-4.97071,-9.44759
I;A,H;D,"145,226",-14.4252,-5.263020000000001,-9.16218
A;P,D;K,"130,120",-14.4329,1.6929679999999998,-16.125868
N;S,Y;D,"244,103",-14.4444,2.94026,-17.38466
I;R,H;S,"145,90",-14.4446,-4.87383,-9.57077
A;Q,Y;V,"215,182",-14.4459,-0.22209000000000012,-14.22381
Q;C,H;L,"127,289",-14.4465,2.93417,-17.380670000000002
R;I,L;H,"53,145",-14.4512,2.88452,-17.335720000000002
N;L,P;P,"277,216",-14.4579,2.83431,-17.29221
N;A,P;L,"277,272",-14.4644,-0.41405000000000003,-14.05035
Q;I,D;H,"127,145",-14.4867,3.2691299999999996,-17.75583
A;S,Y;T,"215,121",-14.4901,3.27419,-17.76429
G;N,P;Y,"243,244",-14.4995,3.3819999999999997,-17.8815
A;Y,L;G,"272,63",-14.5172,-3.3934100000000003,-11.12379
N;P,Y;K,"244,120",-14.5212,0.8822379999999999,-15.403438
N;M,P;P,"277,222",-14.5236,3.05132,-17.57492
R;I,V;H,"34,145",-14.5309,4.587400000000001,-19.1183
I;R,H;A,"145,90",-14.5362,-4.75178,-9.784419999999999
Q;M,H;P,"127,222",-14.5378,2.9235100000000003,-17.46131
N;W,P;P,"277,185",-14.5594,1.66317375,-16.22257375
I;H,H;R,"145,104",-14.5662,2.5021199999999997,-17.06832
A;W,D;C,"130,257",-14.5786,4.8703,-19.448900000000002
I;Y,W;T,"111,63",-14.5872,1.121838,-15.709038
A;N,Y;Y,"215,37",-14.5961,2.647831,-17.243931
Q;L,H;P,"127,216",-14.6058,2.7065,-17.3123
F;A,M;Y,"271,215",-14.6399,4.1187000000000005,-18.7586
Q;W,H;P,"127,159",-14.6521,2.72485,-17.37695
A;D,D;K,"130,263",-14.6993,3.7907399999999996,-18.49004
A;G,Y;A,"215,243",-14.708,3.42141,-18.12941
Q;W,H;P,"127,185",-14.7082,1.53536375,-16.24356375
A;N,Y;I,"215,37",-14.726,3.8237699999999997,-18.549770000000002
A;S,Y;P,"215,188",-14.7385,1.766265,-16.504765
A;W,L;P,"272,185",-14.7459,-2.06877625,-12.67712375
N;W,P;P,"277,159",-14.762,2.85266,-17.61466
A;I,V;H,"65,145",-14.7951,3.40803,-18.20313
I;S,H;Y,"145,242",-14.8091,2.4943299999999997,-17.30343
A;S,Y;E,"215,136",-14.8185,2.260664,-17.079164
S;Y,N;G,"103,63",-14.8408,0.16870999999999992,-15.009509999999999
I;F,H;M,"145,191",-14.8469,1.591202,-16.438102
S;Y,N;T,"103,63",-14.8508,1.274498,-16.125298
N;Q,P;F,"277,182",-14.8682,-0.46678,-14.40142
Q;I,N;H,"127,145",-14.8867,3.65844,-18.54514
Q;W,F;P,"182,185",-14.8922,-2.12150625,-12.770693750000001
A;A,Y;L,"215,65",-14.8953,3.2431599999999996,-18.138460000000002
M;A,P;L,"222,272",-14.905,-0.6806299999999998,-14.22437
N;W,Y;P,"244,185",-14.9252,1.6551037499999999,-16.58030375
N;I,Y;R,"244,218",-14.9284,2.72177,-17.65017
G;A,Q;Y,"243,215",-14.9546,5.8335799999999995,-20.788179999999997
A;T,Y;N,"215,88",-14.9649,3.12211,-18.08701
I;L,H;F,"145,216",-14.9734,2.59513,-17.56853
A;W,D;I,"130,159",-14.9751,3.97856,-18.95366
G;I,K;H,"243,145",-15.001,4.36381,-19.36481
A;R,Y;P,"215,90",-15.0138,-13.05221,-1.9615899999999993
I;R,H;T,"145,90",-15.0193,-5.451980000000001,-9.567319999999999
A;R,Y;S,"215,90",-15.0286,-4.21745,-10.811150000000001
N;M,Y;P,"244,222",-15.0325,3.04325,-18.07575
A;P,D;Q,"130,38",-15.049,4.0423,-19.0913
N;N,P;Y,"277,244",-15.0808,3.30983,-18.39063
W;G,K;H,"257,251",-15.0808,2.65034,-17.73114
I;I,H;R,"145,168",-15.1358,-13.450990000000001,-1.6848099999999988
I;R,H;P,"145,90",-15.1538,-13.708590000000001,-1.4452099999999994
N;Q,Y;P,"244,127",-15.1735,3.15378,-18.327280000000002
G;P,H;K,"251,120",-15.1823,0.40744800000000003,-15.589748
I;S,H;D,"145,103",-15.1951,2.59509,-17.79019
P;I,D;H,"197,145",-15.2177,2.87898,-18.09668
G;Y,H;T,"251,63",-15.2332,0.9614680000000001,-16.194668
Q;P,P;L,"127,38",-15.2403,2.8840500000000002,-18.12435
A;M,Y;V,"215,154",-15.25,-1.0439500000000002,-14.20605
N;W,Y;P,"244,159",-15.2557,2.84459,-18.10029
A;N,Y;K,"215,233",-15.2748,2.290282,-17.565082
G;I,L;H,"243,145",-15.2757,4.96437,-20.24007
I;V,H;C,"145,281",-15.3046,2.52843,-17.83303
N;Q,P;H,"277,127",-15.3104,3.1900899999999996,-18.50049
A;Q,Y;L,"215,127",-15.3577,3.51178,-18.86948
I;Y,H;T,"145,63",-15.3653,1.0910879999999998,-16.456388
L;I,I;H,"216,145",-15.3702,2.73829,-18.10849
A;I,P;H,"152,145",-15.3789,3.12898,-18.50788
A;H,Y;T,"215,104",-15.3809,3.6039399999999997,-18.98484
F;A,E;Y,"271,215",-15.3826,4.62109,-20.00369
L;I,K;H,"249,145",-15.4119,3.2195099999999996,-18.63141
S;I,D;R,"103,218",-15.4145,2.36027,-17.77477
L;I,E;H,"216,145",-15.4288,2.6182600000000003,-18.047060000000002
I;S,H;P,"145,125",-15.464,2.5198799999999997,-17.98388
A;A,Y;E,"215,152",-15.4642,3.12845,-18.59265
A;I,Y;L,"215,111",-15.4715,3.5230699999999997,-18.99457
Q;A,E;Y,"133,215",-15.4745,4.05493,-19.52943
A;Q,L;F,"272,182",-15.485,-4.198729999999999,-11.28627
Q;S,P;N,"127,103",-15.5069,2.99202,-18.49892
F;I,E;H,"271,145",-15.5614,3.9647099999999997,-19.52611
G;Q,I;F,"243,182",-15.5644,0.004570000000000185,-15.56897
I;V,H;D,"145,57",-15.5673,2.54397,-18.111269999999998
A;W,D;P,"130,159",-15.5876,3.6553199999999997,-19.242919999999998
A;S,Y;T,"215,214",-15.6037,1.636132,-17.239832
A;I,Y;L,"215,145",-15.623,3.26729,-18.89029
S;I,A;W,"124,111",-15.6267,3.47931,-19.106009999999998
Q;A,D;Y,"127,215",-15.6496,3.92551,-19.57511
A;L,Y;F,"215,117",-15.6671,-0.3464800000000001,-15.32062
I;K,H;V,"145,253",-15.6903,-0.4657500000000001,-15.22455
I;Q,H;N,"145,133",-15.6912,2.5255,-18.2167
S;G,N;H,"124,251",-15.7087,5.2915,-21.0002
A;L,Y;I,"215,216",-15.714,3.3946699999999996,-19.10867
Q;P,H;L,"127,38",-15.7179,2.91229,-18.63019
A;I,T;H,"180,145",-15.7353,2.8842,-18.619500000000002
A;A,Y;F,"215,65",-15.7631,3.14721,-18.91031
P;Q,Q;H,"38,127",-15.7678,3.11183,-18.87963
A;G,D;P,"130,243",-15.7882,4.19273,-19.98093
A;T,Y;V,"215,72",-15.8337,3.18275,-19.01645
A;A,Y;P,"215,152",-15.846,3.78536,-19.63136
A;Q,D;F,"130,182",-15.8512,0.33587999999999996,-16.18708
A;N,Y;H,"215,205",-15.852,2.896251,-18.748251
I;C,H;A,"145,289",-15.8842,1.2206412,-17.1048412
I;P,H;V,"145,184",-15.902,1.763247,-17.665247
A;C,Y;S,"215,289",-15.9309,0.7977299999999998,-16.72863
A;R,Y;A,"215,90",-15.9522,-4.0954,-11.8568
I;G,L;H,"145,251",-15.9576,2.48129,-18.43889
A;Q,D;H,"130,127",-16.0054,3.99275,-19.998150000000003
I;T,H;N,"145,198",-16.0055,2.46216,-18.467660000000002
A;W,D;P,"130,185",-16.0184,2.46583375,-18.48423375
G;I,A;H,"243,145",-16.0388,2.76503,-18.803829999999998
A;N,Y;K,"215,138",-16.0634,3.2449899999999996,-19.308390000000003
W;N,C;Y,"257,244",-16.0656,4.05957,-20.12517
S;A,M;Y,"238,215",-16.138,4.17139,-20.30939
A;R,Y;T,"215,90",-16.1446,-4.7956,-11.349
A;L,Y;M,"215,216",-16.2135,3.43154,-19.64504
G;S,T;P,"251,125",-16.2201,2.6059900000000003,-18.82609
A;Q,Y;I,"215,182",-16.2756,1.2038699999999998,-17.47947
A;S,Y;E,"215,115",-16.2767,3.6610699999999996,-19.93777
A;A,Y;L,"215,272",-16.2878,-0.11091000000000006,-16.17689
A;Q,D;P,"130,127",-16.2892,3.9645099999999998,-20.25371
N;Q,Y;F,"244,182",-16.3029,-0.47485,-15.828050000000001
A;N,D;P,"130,277",-16.3322,4.120559999999999,-20.452759999999998
A;D,Y;V,"215,186",-16.3358,3.7508999999999997,-20.0867
Q;I,E;H,"127,145",-16.3621,2.7697,-19.131800000000002
Q;I,R;H,"127,145",-16.3627,3.55146,-19.91416
G;C,H;A,"251,289",-16.3774,1.0910212000000001,-17.4684212
A;H,Y;L,"215,104",-16.3866,3.55217,-19.93877
I;R,H;P,"145,280",-16.3929,2.59668,-18.98958
G;I,S;H,"243,145",-16.4044,2.8601,-19.264499999999998
N;L,Y;P,"244,216",-16.4242,2.82624,-19.250439999999998
A;S,Y;E,"215,121",-16.4394,-5.17197,-11.26743
A;M,Y;L,"215,262",-16.4523,-6.86594,-9.58636
A;T,Y;K,"215,88",-16.4794,3.24726,-19.72666
Q;A,R;Y,"127,215",-16.488,4.20784,-20.69584
A;Q,Y;V,"179,127",-16.5063,2.70861,-19.21491
A;Q,Y;T,"215,127",-16.5436,2.667564,-19.211164
Q;S,H;N,"127,103",-16.5659,3.02026,-19.58616
A;A,Y;T,"215,180",-16.5769,3.54058,-20.117479999999997
A;S,Y;Y,"215,242",-16.5999,3.15071,-19.75061
I;K,H;A,"145,253",-16.6171,-0.8265799999999999,-15.79052
I;K,H;F,"145,253",-16.6197,-1.4436900000000001,-15.176010000000002
G;L,H;P,"251,216",-16.6212,2.35145,-18.97265
A;Q,Y;A,"179,127",-16.634,2.028326,-18.662326
Q;A,N;Y,"127,215",-16.6888,4.31482,-21.00362
I;L,H;P,"145,216",-16.6932,2.48107,-19.17427
Q;A,L;Y,"127,179",-16.694,3.03456,-19.728559999999998
A;W,Y;K,"215,257",-16.6992,3.43634,-20.135540000000002
G;S,Q;M,"164,238",-16.7245,4.8328,-21.557299999999998
A;I,Y;R,"215,168",-16.7399,-12.79461,-3.945289999999998
A;I,Y;H,"215,168",-16.7767,0.21499999999999986,-16.9917
A;Q,Y;Y,"215,119",-16.7862,-2.5783500000000004,-14.20785
G;W,H;P,"251,185",-16.7942,1.18031375,-17.97451375
M;G,P;H,"222,251",-16.8303,2.56846,-19.398760000000003
S;I,N;H,"103,145",-16.837,2.79483,-19.63183
A;R,Y;P,"215,280",-16.8382,3.2530599999999996,-20.09126
L;I,M;W,"216,111",-16.8539,2.80591,-19.65981
A;P,D;L,"130,38",-16.879,3.84276,-20.721760000000003
A;W,Y;P,"215,159",-16.8833,3.1558,-20.039099999999998
A;M,D;P,"130,222",-16.8972,3.85398,-20.75118
I;L,H;C,"145,249",-16.9383,2.4494499999999997,-19.38775
G;K,Q;L,"164,252",-16.9519,3.86716,-20.81906
A;A,Y;N,"215,226",-16.9559,3.40294,-20.35884
A;G,Y;S,"215,243",-16.9573,3.5164799999999996,-20.473779999999998
G;Q,D;L,"163,182",-16.964,-0.43284999999999996,-16.53115
A;S,Y;V,"215,58",-16.9738,3.6031199999999997,-20.57692
A;A,Y;M,"215,65",-16.9761,3.22884,-20.20494
A;L,Y;F,"215,216",-16.9859,3.2515099999999997,-20.23741
T;A,E;Y,"270,215",-17.0079,5.48823,-22.49613
D;I,K;H,"263,145",-17.0259,2.6348399999999996,-19.66074
S;G,K;Q,"124,164",-17.0356,5.3124199999999995,-22.348019999999998
L;I,D;H,"249,145",-17.0494,2.64081,-19.69021
A;S,Y;E,"215,207",-17.1336,3.36017,-20.49377
Q;A,W;Y,"133,215",-17.1343,3.9558,-21.0901
Q;A,I;Y,"127,179",-17.1658,3.59218,-20.75798
I;G,H;T,"145,254",-17.1856,-3.5419500000000004,-13.643650000000001
Q;A,I;Y,"127,215",-17.2142,4.0694,-21.2836
A;Q,Y;M,"179,127",-17.2142,1.962267,-19.176467000000002
A;L,D;P,"130,216",-17.2163,3.63697,-20.853270000000002
D;I,V;W,"186,111",-17.2383,3.12527,-20.36357
G;I,I;H,"243,145",-17.2467,3.43601,-20.68271
A;Q,Y;P,"215,127",-17.2483,3.46499,-20.71329
A;S,Y;H,"215,214",-17.2654,-0.20513000000000003,-17.06027
A;Q,Y;L,"215,182",-17.2666,0.26232999999999995,-17.52893
A;R,Y;K,"215,53",-17.2828,3.1783799999999998,-20.461180000000002
G;R,D;N,"163,90",-17.2909,-11.29119,-5.99971
G;S,D;T,"163,214",-17.2928,0.940952,-18.233752
A;L,Y;E,"215,216",-17.3038,3.2746399999999998,-20.57844
Q;A,N;Y,"127,179",-17.317,3.8376,-21.154600000000002
A;E,Y;K,"179,231",-17.3859,2.81722,-20.20312
I;S,H;P,"145,188",-17.3885,1.109885,-18.498385
G;Q,Q;M,"164,127",-17.3968,3.100897,-20.497697
A;K,Y;L,"179,252",-17.397,2.72853,-20.125529999999998
A;A,Y;D,"215,226",-17.4064,-4.6066400000000005,-12.799760000000001
G;S,Q;H,"164,187",-17.4085,2.4836679999999998,-19.892167999999998
I;M,W;L,"111,262",-17.4357,-7.49157,-9.944130000000001
A;Q,Y;T,"179,127",-17.4659,2.190344,-19.656244
G;D,Q;L,"164,220",-17.4767,4.60954,-22.08624
G;S,Q;T,"164,214",-17.4957,2.297542,-19.793242
G;I,Q;R,"164,168",-17.5127,-12.1332,-5.379499999999998
A;K,Y;L,"215,253",-17.5289,0.8997899999999999,-18.42869
T;A,E;Y,"270,179",-17.5506,5.01101,-22.561609999999998
S;G,K;D,"124,163",-17.557,3.9558299999999997,-21.512829999999997
A;M,Y;L,"215,154",-17.5804,3.35684,-20.937240000000003
Q;G,L;D,"127,163",-17.6005,2.8166,-20.4171
D;G,L;D,"220,163",-17.6055,3.2529500000000002,-20.858449999999998
A;S,Y;V,"215,223",-17.6204,3.0990399999999996,-20.71944
G;E,Q;K,"164,231",-17.6701,3.95585,-21.625950000000003
I;Y,H;S,"145,63",-17.7294,0.25161999999999995,-17.981019999999997
A;Q,Y;E,"215,127",-17.7628,3.42608,-21.188879999999997
G;S,D;F,"163,238",-17.8175,0.41567,-18.233169999999998
W;I,I;H,"159,145",-17.818,2.82266,-20.64066
A;W,Y;I,"215,159",-17.83,3.47904,-21.30904
G;S,Q;A,"164,124",-17.8372,4.76635,-22.60355
T;G,E;D,"270,163",-17.8396,4.79305,-22.63265
A;T,Y;Y,"179,189",-17.8501,1.6387319999999999,-19.488832000000002
S;A,K;Y,"124,179",-17.8741,4.17379,-22.04789
A;R,Y;Q,"215,132",-17.8855,3.61392,-21.49942
G;S,Q;E,"164,136",-17.8961,2.922074,-20.818174
G;Q,D;M,"163,127",-17.9016,1.744307,-19.645906999999998
I;C,H;S,"145,289",-17.903,0.14134999999999986,-18.044349999999998
A;S,Y;P,"215,245",-17.9355,3.3106,-21.246100000000002
S;G,A;D,"124,163",-17.9409,3.4097600000000003,-21.350659999999998
A;S,Y;D,"215,58",-17.9459,3.8405699999999996,-21.78647
I;S,W;W,"111,58",-17.9599,2.50889,-20.468790000000002
S;A,A;Y,"124,179",-17.9754,3.62772,-21.60312
N;G,P;H,"277,251",-17.9846,2.8350400000000002,-20.81964
A;R,Y;Y,"215,123",-18.0206,3.85487,-21.87547
A;N,Y;T,"215,190",-18.0225,3.1029,-21.1254
I;M,H;H,"145,161",-18.0254,1.59699,-19.622390000000003
W;I,K;H,"257,145",-18.0275,2.77996,-20.80746
G;S,Q;W,"164,58",-18.0376,3.7959300000000002,-21.833530000000003
I;K,H;Y,"145,253",-18.0376,-1.18851,-16.84909
G;A,Q;P,"164,152",-18.0419,4.44677,-22.48867
G;G,Q;A,"164,165",-18.0649,-1.9643199999999998,-16.10058
G;R,D;A,"163,280",-18.0679,0.892603,-18.960503000000003
G;N,Q;I,"164,37",-18.0743,4.48518,-22.55948
N;Q,Y;H,"244,127",-18.0993,3.1820199999999996,-21.28132
G;T,D;Y,"163,189",-18.108,1.420772,-19.528772
W;I,C;H,"257,145",-18.1109,3.7144,-21.825300000000002
A;K,Y;A,"215,253",-18.117,-0.1701999999999999,-17.9468
F;G,M;D,"271,163",-18.1205,3.42352,-21.54402
A;Q,Y;V,"215,127",-18.1216,3.18583,-21.30743
S;A,T;Y,"124,215",-18.1373,4.017189999999999,-22.15449
A;T,Y;M,"179,51",-18.1385,2.79957,-20.93807
G;I,T;H,"251,145",-18.141,2.69753,-20.83853
T;G,L;D,"72,163",-18.1431,2.62071,-20.76381
G;T,D;V,"163,72",-18.1469,2.48757,-20.63447
S;A,M;Y,"238,179",-18.1767,3.6941699999999997,-21.87087
G;Q,Q;L,"164,182",-18.1822,0.92374,-19.10594
A;N,Y;L,"215,138",-18.225,3.16566,-21.39066
A;N,Y;Y,"179,37",-18.2559,2.170611,-20.426511
A;L,Y;F,"179,117",-18.256,-0.8237000000000001,-17.4323
S;A,D;Y,"58,179",-18.2586,3.3633499999999996,-21.621950000000002
A;Q,Y;L,"179,182",-18.2595,-0.21489000000000003,-18.04461
L;G,M;D,"216,163",-18.2785,2.73636,-21.014860000000002
T;G,V;D,"198,163",-18.2912,2.83363,-21.12483
I;Y,H;G,"145,63",-18.2916,-0.014700000000000157,-18.276899999999998
G;I,H;R,"251,218",-18.3099,2.2469799999999998,-20.55688
A;M,Y;H,"215,161",-18.3138,2.25337,-20.56717
G;K,D;L,"163,252",-18.3232,2.51057,-20.83377
I;R,W;K,"111,53",-18.3391,2.55275,-20.891849999999998
G;G,D;A,"163,165",-18.3778,-3.3209099999999996,-15.056890000000001
C;I,L;H,"289,145",-18.3804,2.7087399999999997,-21.08914
S;G,D;D,"58,163",-18.4057,3.14539,-21.55109
G;Q,Q;L,"164,127",-18.4266,4.17319,-22.59979
D;G,Q;D,"220,163",-18.4389,4.13485,-22.57375
G;S,D;Q,"163,188",-18.455,-0.16992000000000007,-18.285079999999997
C;I,D;H,"289,145",-18.4632,3.1403299999999996,-21.60353
G;T,Q;K,"164,88",-18.4837,3.90867,-22.39237
A;N,D;Y,"130,244",-18.4908,4.112489999999999,-22.60329
S;A,N;Y,"124,179",-18.5111,5.60028,-24.111379999999997
G;T,Q;V,"164,198",-18.5264,4.19022,-22.71662
G;R,D;D,"163,90",-18.5419,-11.26679,-7.275109999999998
A;R,Y;D,"179,90",-18.5444,-11.048829999999999,-7.495570000000001
T;G,M;D,"51,163",-18.5539,2.58161,-21.13551
A;A,Y;W,"215,65",-18.5845,3.09436,-21.67886
D;A,Q;Y,"220,179",-18.6003,4.35281,-22.953110000000002
A;D,Y;K,"215,263",-18.6151,3.29122,-21.90632
S;G,T;D,"121,163",-18.6193,2.5790100000000002,-21.19831
G;N,D;Y,"163,37",-18.6201,1.952651,-20.572751
A;Q,Y;F,"215,182",-18.6296,-0.16364,-18.46596
A;S,Y;E,"179,136",-18.634,1.7834439999999998,-20.417444
G;M,Q;L,"164,154",-18.6407,4.01825,-22.658949999999997
A;D,Y;N,"179,186",-18.6478,1.4989858999999999,-20.1467859
G;R,Q;D,"164,90",-18.6492,-9.9102,-8.739
S;G,P;D,"245,163",-18.65,2.6154200000000003,-21.26542
A;R,Y;N,"179,90",-18.6662,-11.073229999999999,-7.592970000000001
A;F,Y;M,"215,191",-18.669,2.247582,-20.916582000000002
A;S,Y;V,"179,223",-18.6799,2.6218199999999996,-21.30172
G;A,D;W,"163,65",-18.6838,2.3991800000000003,-21.082980000000003
G;N,Q;H,"164,205",-18.6938,3.557661,-22.251461
G;M,D;L,"163,262",-18.7033,-7.56112,-11.14218
G;N,Q;K,"164,114",-18.7206,1.28945,-20.01005
M;G,L;D,"154,163",-18.7298,2.66166,-21.391460000000002
G;L,D;F,"163,117",-18.7328,-1.04166,-17.69114
G;T,Q;M,"164,51",-18.7433,3.9382,-22.6815
I;Q,W;T,"111,91",-18.7558,2.61289,-21.36869
G;S,Q;T,"164,121",-18.7617,3.9356,-22.697300000000002
I;P,H;K,"145,120",-18.7636,0.5370679999999999,-19.300668
G;N,Q;K,"164,233",-18.7656,2.951692,-21.717292
G;R,Q;N,"164,90",-18.7676,-9.9346,-8.833000000000002
D;G,V;H,"186,251",-18.774,2.9649,-21.7389
G;T,Q;V,"164,72",-18.7769,3.84416,-22.62106
G;Q,D;V,"163,182",-18.7873,-0.91727,-17.87003
G;S,D;E,"163,136",-18.7948,1.565484,-20.360284
A;G,Y;A,"179,165",-18.7966,-3.10295,-15.693650000000002
G;T,D;M,"163,29",-18.8375,-5.66589,-13.171609999999998
A;Q,Y;N,"215,133",-18.8451,3.1818799999999996,-22.02698
G;S,D;W,"163,58",-18.8647,2.43934,-21.30404
G;R,Q;K,"164,53",-18.8691,3.83979,-22.70889
A;T,Y;K,"179,88",-18.8725,2.77004,-21.642539999999997
A;S,Y;H,"179,187",-18.874,1.345038,-20.219037999999998
G;R,D;K,"163,53",-18.8867,2.4832,-21.3699
A;S,Y;P,"179,245",-18.9043,2.83338,-21.737679999999997
G;S,D;P,"163,188",-18.9048,1.071085,-19.975885
A;M,Y;L,"179,262",-18.9186,-7.34316,-11.57544
A;V,Y;C,"215,281",-18.9257,3.1848099999999997,-22.110509999999998
R;G,Q;D,"132,163",-18.9299,2.9187399999999997,-21.84864
G;F,Q;M,"164,191",-18.936,2.908992,-21.844992
G;T,Q;Y,"164,189",-18.953,2.777362,-21.730362
Q;A,E;Y,"133,179",-18.9623,3.5777099999999997,-22.54001
A;N,Y;H,"179,205",-18.9635,2.419031,-21.382531
G;S,Q;F,"164,238",-18.9689,1.77226,-20.74116
H;G,M;D,"104,163",-18.971,2.56108,-21.53208
A;P,Y;V,"215,184",-18.9733,2.4196269999999998,-21.392926999999997
G;M,Q;L,"164,262",-18.9735,-6.20453,-12.768970000000001
G;D,D;N,"163,186",-18.9989,1.2810259,-20.2799259
A;R,Y;Q,"179,224",-18.9998,2.285971,-21.285771
A;S,Y;T,"179,121",-19.0016,2.79697,-21.798569999999998
G;S,D;V,"163,223",-19.0041,2.40386,-21.407960000000003
G;A,D;E,"163,152",-19.0104,2.4332700000000003,-21.44367
G;S,D;E,"163,121",-19.0176,-5.86715,-13.150450000000003
Q;G,K;D,"127,163",-19.0248,3.2786999999999997,-22.3035
A;A,V;Y,"65,215",-19.046,4.0644100000000005,-23.11041
S;G,E;D,"207,163",-19.0475,2.66499,-21.71249
D;G,Q;Q,"220,164",-19.0501,5.49144,-24.54154
A;L,Y;D,"215,249",-19.0628,3.2971899999999996,-22.35999
G;R,D;Q,"163,224",-19.0828,2.068011,-21.150810999999997
I;W,H;P,"145,159",-19.0896,2.4994199999999998,-21.58902
G;N,D;H,"163,205",-19.1047,2.2010709999999998,-21.305771
A;T,Y;M,"179,29",-19.1193,-5.44793,-13.67137
A;A,M;Y,"135,179",-19.1252,3.0476900000000002,-22.17289
G;A,D;F,"163,65",-19.1268,2.4520299999999997,-21.57883
I;A,L;Y,"111,179",-19.1361,3.0458499999999997,-22.18195
R;I,Y;H,"123,145",-19.1431,3.1984899999999996,-22.34159
H;A,L;Y,"104,179",-19.1493,3.07495,-22.22425
I;T,W;Q,"111,88",-19.1629,2.54573,-21.70863
G;Q,D;I,"163,182",-19.1671,0.50869,-19.675790000000003
G;Q,Q;N,"164,127",-19.1906,4.97623,-24.16683
A;A,Y;F,"179,65",-19.1909,2.66999,-21.860889999999998
R;G,P;D,"280,163",-19.1965,2.55788,-21.75438
A;G,Y;T,"215,251",-19.2067,3.35391,-22.56061
A;A,Y;M,"179,65",-19.2072,2.75162,-21.95882
Q;I,P;H,"127,145",-19.2183,2.80861,-22.02691
T;A,V;Y,"198,179",-19.2226,3.05159,-22.27419
G;N,D;K,"163,114",-19.2235,-0.06713999999999998,-19.156360000000003
A;T,Y;L,"179,72",-19.2259,2.8386699999999996,-22.06457
G;Q,Q;I,"164,182",-19.2359,1.8652799999999998,-21.10118
N;A,I;Y,"37,179",-19.2399,3.3465499999999997,-22.58645
P;I,L;H,"38,145",-19.2473,2.6868600000000002,-21.93416
G;S,D;H,"163,187",-19.2511,1.127078,-20.378178000000002
A;G,L;D,"65,163",-19.2606,2.54798,-21.80858
G;A,K;Y,"243,215",-19.2837,5.0201899999999995,-24.30389
N;G,I;D,"37,163",-19.2936,3.12859,-22.42219
F;G,W;D,"271,163",-19.3006,3.15325,-22.45385
S;G,M;D,"238,163",-19.305,3.47621,-22.78121
A;L,Y;M,"179,216",-19.3101,2.95432,-22.264419999999998
M;I,P;H,"222,145",-19.3104,2.69808,-22.008480000000002
A;S,Y;E,"179,207",-19.3134,2.88295,-22.196350000000002
A;A,Y;D,"179,226",-19.3172,-5.0838600000000005,-14.233339999999998
T;G,K;D,"88,163",-19.3246,2.55208,-21.87668
L;G,I;D,"216,163",-19.3281,2.69949,-22.02759
G;R,Q;Q,"164,224",-19.3316,3.424601,-22.756201
G;Q,Q;Y,"164,119",-19.3371,-1.9169400000000003,-17.42016
A;N,Y;K,"179,114",-19.3454,0.15081999999999995,-19.49622
G;L,Q;F,"164,117",-19.3627,0.31492999999999993,-19.67763
A;G,P;D,"152,163",-19.3712,3.09018,-22.461380000000002
S;A,E;Y,"115,179",-19.372,3.1838499999999996,-22.55585
G;Q,D;V,"163,127",-19.3825,2.49065,-21.87315
G;H,Q;M,"164,104",-19.3887,3.91767,-23.30637
G;R,D;S,"163,90",-19.3887,-4.91263,-14.47607
A;S,Y;T,"179,214",-19.3908,1.158912,-20.549712
A;S,Y;D,"215,103",-19.4014,3.25147,-22.65287
A;R,Y;L,"215,53",-19.4016,3.5408999999999997,-22.9425
A;R,Y;Q,"215,224",-19.4023,2.763191,-22.165491
G;A,Q;W,"164,65",-19.4029,3.75577,-23.15867
G;L,Q;Q,"164,216",-19.4034,4.29267,-23.696070000000002
G;L,Q;M,"164,216",-19.4041,4.09295,-23.49705
A;G,D;H,"130,251",-19.4105,3.6376999999999997,-23.048199999999998
G;S,Q;V,"164,58",-19.4248,4.26453,-23.68933
G;R,Q;A,"164,90",-19.4278,-3.4339899999999997,-15.993810000000002
G;I,Q;H,"164,168",-19.4324,0.8764099999999999,-20.30881
S;A,V;Y,"58,179",-19.4325,3.1258999999999997,-22.5584
G;N,D;K,"163,233",-19.4332,1.595102,-21.028302
G;T,D;N,"163,88",-19.4339,2.42693,-21.86083
A;I,Y;R,"179,168",-19.4358,-13.271830000000001,-6.163969999999999
G;T,Q;L,"164,72",-19.4405,3.9772999999999996,-23.4178
G;A,Q;E,"164,152",-19.4514,3.78986,-23.24126
R;A,Q;Y,"132,179",-19.4641,3.1367,-22.6008
A;S,Y;W,"179,58",-19.4657,2.6573,-22.122999999999998
A;S,Y;E,"179,121",-19.4823,-5.64919,-13.833109999999998
G;S,D;K,"163,58",-19.4859,2.41218,-21.89808
G;S,D;Y,"163,269",-19.4896,0.5352549999999999,-20.024855
D;A,V;Y,"186,179",-19.5006,3.2736799999999997,-22.774279999999997
H;G,L;D,"104,163",-19.5037,2.8569899999999997,-22.360689999999998
G;T,D;Q,"163,88",-19.5145,2.4761800000000003,-21.99068
L;A,Q;Y,"216,179",-19.5174,3.15404,-22.671439999999997
A;L,Y;K,"215,249",-19.5312,3.87589,-23.407089999999997
L;G,W;D,"216,163",-19.5388,2.6377699999999997,-22.176569999999998
G;A,D;M,"163,65",-19.55,2.5336600000000002,-22.083660000000002
G;F,Q;W,"164,271",-19.5524,4.50984,-24.06224
G;A,Q;M,"164,135",-19.5572,4.18632,-23.743520000000004
R;A,V;Y,"34,215",-19.5574,5.24378,-24.801180000000002
A;T,Y;N,"179,88",-19.5593,2.64489,-22.20419
G;S,Q;E,"164,115",-19.5599,4.32248,-23.882379999999998
D;G,V;D,"186,163",-19.5604,3.05572,-22.616120000000002
G;I,P;H,"243,145",-19.5608,3.03683,-22.597630000000002
G;I,Q;V,"164,200",-19.5612,3.91206,-23.47326
Q;A,D;Y,"127,179",-19.5676,3.44829,-23.01589
D;I,L;W,"220,111",-19.5713,3.3225,-22.8938
G;R,Q;A,"164,280",-19.5826,2.249193,-21.831792999999998
A;M,Y;L,"179,154",-19.5851,2.87962,-22.46472
T;G,E;Q,"270,164",-19.5903,6.14964,-25.739939999999997
G;Q,Q;A,"164,127",-19.5952,3.166956,-22.762155999999997
I;N,W;K,"111,114",-19.6139,0.0024100000000000232,-19.616310000000002
G;T,Q;M,"164,29",-19.6255,-4.3093,-15.316199999999998
A;M,Y;P,"215,222",-19.6272,3.35446,-22.981659999999998
F;A,M;Y,"271,179",-19.6352,3.64148,-23.276680000000002
G;S,Q;E,"164,121",-19.6514,-4.51056,-15.140839999999999
S;G,E;D,"115,163",-19.6517,2.96589,-22.61759
G;S,Q;E,"164,207",-19.6619,4.02158,-23.68348
A;Q,Y;I,"179,182",-19.6632,0.7266499999999999,-20.38985
T;I,L;W,"72,111",-19.6645,2.69026,-22.35476
A;S,Y;K,"179,58",-19.6674,2.63014,-22.29754
R;A,N;Y,"132,215",-19.6681,3.93313,-23.601229999999997
Q;A,K;Y,"127,179",-19.6705,3.49666,-23.16716
R;G,N;D,"132,163",-19.6706,3.2379499999999997,-22.908549999999998
G;H,Q;T,"164,104",-19.6813,4.26535,-23.946649999999998
G;I,D;R,"163,168",-19.6831,-13.489790000000001,-6.1933099999999985
G;T,Q;D,"164,88",-19.6852,4.6083099999999995,-24.293509999999998
G;I,Q;L,"164,111",-19.6927,4.18448,-23.87718
A;T,Y;V,"179,72",-19.6929,2.70553,-22.39843
G;N,D;T,"163,190",-19.7051,2.4077200000000003,-22.112820000000003
I;K,W;L,"111,253",-19.706,0.27415999999999996,-19.980159999999998
F;A,W;Y,"271,179",-19.7075,3.3712099999999996,-23.07871
G;Q,D;A,"163,127",-19.7105,1.8103660000000001,-21.520865999999998
Q;G,E;D,"133,163",-19.7165,3.35975,-23.07625
A;C,Y;L,"215,289",-19.7474,3.36512,-23.11252
G;R,D;P,"163,90",-19.7825,-13.747390000000001,-6.035109999999998
T;G,D;D,"88,163",-19.7879,3.2517199999999997,-23.03962
A;N,Y;T,"179,190",-19.7929,2.62568,-22.41858
A;I,Y;R,"215,218",-19.8007,3.03298,-22.833679999999998
A;R,Y;T,"179,90",-19.8039,-5.27282,-14.53108
A;A,Y;E,"179,152",-19.8083,2.65123,-22.45953
A;L,Y;W,"179,216",-19.8093,2.85573,-22.66503
G;L,Q;F,"164,216",-19.8131,3.9129199999999997,-23.72602
L;G,F;D,"216,163",-19.8217,2.55633,-22.37803
R;A,N;Y,"132,179",-19.8224,3.45591,-23.278309999999998
A;Q,Y;E,"179,127",-19.8246,2.94886,-22.77346
S;G,P;H,"125,251",-19.8261,2.39026,-22.21636
A;A,Y;W,"179,65",-19.8412,2.61714,-22.45834
S;G,T;D,"124,163",-19.8464,3.3220099999999997,-23.168409999999998
A;A,D;L,"130,272",-19.8467,0.3886099999999999,-20.23531
A;H,Y;R,"215,104",-19.8602,3.1585,-23.0187
I;I,W;H,"111,168",-19.8684,-0.41063000000000005,-19.45777
G;Q,Q;V,"164,127",-19.8729,3.84724,-23.72014
G;R,Q;S,"164,90",-19.8816,-3.5560400000000003,-16.32556
R;G,L;D,"53,163",-19.8897,2.84572,-22.73542
I;G,L;D,"111,163",-19.8919,2.82789,-22.71979
G;I,D;H,"163,168",-19.9013,-0.48018000000000005,-19.42112
S;G,N;Q,"124,164",-19.9051,6.73891,-26.64401
G;K,Q;F,"164,253",-19.9131,-0.12590000000000012,-19.7872
G;R,Q;Q,"164,132",-19.9171,4.27533,-24.19243
A;S,Y;N,"215,103",-19.9384,3.4512099999999997,-23.38961
Q;G,N;D,"127,163",-19.9386,3.6196400000000004,-23.55824
A;G,M;D,"135,163",-19.9658,2.82973,-22.795530000000003
R;I,L;W,"53,111",-19.9706,2.91527,-22.88587
P;I,Q;H,"38,145",-19.983,2.8864,-22.8694
G;T,Q;Q,"164,88",-19.9873,3.83277,-23.82007
A;R,Y;S,"179,90",-19.9933,-4.69467,-15.298630000000001
G;Q,D;T,"163,127",-20.0112,1.972384,-21.983584
Q;G,R;D,"127,163",-20.0183,3.5126600000000003,-23.53096
G;F,Q;M,"164,271",-20.031,4.7801100000000005,-24.81111
G;S,Q;D,"164,58",-20.0432,4.50198,-24.54518
A;H,Y;M,"179,104",-20.0491,2.77904,-22.828139999999998
I;G,V;D,"200,163",-20.0548,2.5554699999999997,-22.61027
G;H,Q;L,"164,104",-20.0589,4.21358,-24.27248
A;L,Y;C,"215,249",-20.0678,3.10583,-23.17363
G;A,Q;D,"164,226",-20.0764,-3.9452300000000005,-16.131169999999997
G;Q,Q;V,"164,182",-20.0794,0.43931999999999993,-20.51872
G;S,Q;P,"164,188",-20.0882,2.427675,-22.515875
A;G,Y;P,"215,243",-20.0887,3.6932099999999997,-23.78191
A;V,Y;D,"215,57",-20.1111,3.20035,-23.31145
G;S,Q;K,"164,58",-20.1143,3.76877,-23.88307
G;R,Q;T,"164,90",-20.1387,-4.13419,-16.00451
A;K,Y;L,"179,253",-20.1412,0.4225699999999999,-20.56377
A;L,Y;F,"179,216",-20.1429,2.7742899999999997,-22.91719
G;Q,D;Y,"163,119",-20.1433,-3.27353,-16.86977
A;G,N;D,"226,163",-20.1498,2.70776,-22.85756
L;G,Q;D,"216,163",-20.1531,2.93608,-23.08918
G;S,Q;V,"164,223",-20.159,3.7604499999999996,-23.919449999999998
A;R,Y;K,"179,53",-20.1635,2.70116,-22.86466
A;K,Y;V,"215,253",-20.1682,0.19062999999999986,-20.358829999999998
G;K,D;L,"163,253",-20.1703,0.20460999999999996,-20.37491
G;K,Q;A,"164,253",-20.1807,0.49121000000000015,-20.67191
A;I,Y;V,"179,200",-20.1822,2.77343,-22.955630000000003
A;A,Y;N,"179,226",-20.1881,2.92572,-23.113819999999997
G;S,Q;P,"164,245",-20.2024,3.97201,-24.17441
G;M,Q;H,"164,161",-20.2365,2.91478,-23.15128
A;L,Y;P,"215,216",-20.2513,3.13745,-23.38875
A;S,Y;Y,"215,269",-20.2663,1.230435,-21.496735
H;A,T;Y,"104,179",-20.2805,3.1267199999999997,-23.40722
A;F,Y;M,"179,191",-20.2863,1.770362,-22.056662
G;R,Q;P,"164,90",-20.2916,-12.3908,-7.9007999999999985
G;S,Q;Q,"164,188",-20.3008,1.18667,-21.48747
G;T,Q;N,"164,88",-20.3041,3.78352,-24.087619999999998
S;G,V;D,"58,163",-20.3386,2.90794,-23.24654
R;A,V;Y,"34,179",-20.3412,4.76656,-25.10776
A;R,Y;A,"179,90",-20.3507,-4.57262,-15.77808
A;I,Y;H,"179,168",-20.3543,-0.2622200000000001,-20.09208
G;N,Q;T,"164,190",-20.3565,3.76431,-24.12081
G;I,Q;L,"164,145",-20.3573,3.9287,-24.285999999999998
G;Q,Q;K,"164,127",-20.3646,4.6352899999999995,-24.99989
G;R,Q;L,"164,53",-20.3731,4.20231,-24.57541
A;S,Y;F,"179,238",-20.3768,0.6336299999999999,-21.01043
G;D,Q;V,"164,186",-20.3982,4.41231,-24.81051
I;Q,W;M,"111,127",-20.4021,1.813857,-22.215957
H;G,T;D,"104,163",-20.4215,2.90876,-23.330260000000003
Q;G,I;D,"127,163",-20.4327,3.37422,-23.80692
I;T,W;V,"111,72",-20.4435,2.5571200000000003,-23.00062
G;S,D;Y,"163,242",-20.4573,2.45553,-22.91283
G;K,Q;Y,"164,253",-20.4585,0.12928000000000006,-20.587780000000002
G;A,Q;F,"164,65",-20.4762,3.80862,-24.28482
I;W,H;P,"145,185",-20.4838,1.30993375,-21.793733749999998
G;K,D;Y,"163,253",-20.4872,-1.22731,-19.259890000000002
N;G,K;D,"138,163",-20.4968,2.54981,-23.04661
R;A,L;Y,"53,179",-20.502,3.0636799999999997,-23.56568
I;Q,W;N,"111,133",-20.5044,2.55625,-23.06065
G;R,Q;Y,"164,123",-20.5054,4.51628,-25.021680000000003
S;G,N;D,"124,163",-20.5109,5.38232,-25.89322
G;R,D;A,"163,90",-20.5115,-4.790579999999999,-15.720920000000003
G;A,Q;M,"164,65",-20.5144,3.89025,-24.404649999999997
G;F,D;M,"163,191",-20.5177,1.552402,-22.070102000000002
T;A,D;Y,"88,179",-20.5305,3.46968,-24.00018
G;A,Q;L,"164,65",-20.531,3.9045699999999997,-24.43557
G;A,D;D,"163,226",-20.5395,-5.30182,-15.237680000000001
G;K,D;F,"163,253",-20.5467,-1.48249,-19.064210000000003
A;R,Y;P,"179,90",-20.5526,-13.529430000000001,-7.02317
G;A,Q;N,"164,226",-20.5644,4.06435,-24.62875
G;N,Q;Y,"164,37",-20.5709,3.309241,-23.880141000000002
G;K,Q;L,"164,253",-20.5715,1.5612,-22.1327
I;T,W;M,"111,51",-20.5811,2.65116,-23.23226
F;G,E;D,"271,163",-20.5856,3.92591,-24.51151
G;C,Q;A,"164,289",-20.604,2.5384311999999998,-23.142431199999997
R;G,V;D,"34,163",-20.6351,4.5486,-25.1837
I;G,L;D,"145,163",-20.6563,2.57211,-23.22841
G;D,Q;N,"164,186",-20.6627,2.6376159,-23.3003159
Q;G,W;D,"133,163",-20.6657,3.2606200000000003,-23.92632
G;R,Q;N,"164,132",-20.6851,4.59454,-25.27964
A;S,Y;Q,"179,188",-20.6972,0.04803999999999986,-20.74524
Q;A,R;Y,"127,179",-20.7297,3.73062,-24.460320000000003
G;Q,Q;W,"164,133",-20.7458,4.61721,-25.36301
G;A,Q;Y,"243,179",-20.7538,5.3563600000000005,-26.11016
A;A,V;Y,"65,179",-20.7666,3.58719,-24.35379
A;K,Y;F,"179,253",-20.7695,-1.2645300000000002,-19.50497
G;G,Q;D,"243,163",-20.7849,5.1384,-25.9233
F;A,E;Y,"271,179",-20.7864,4.14387,-24.93027
G;G,Q;A,"164,243",-20.7864,4.08282,-24.86922
S;I,E;W,"115,111",-20.8025,3.03544,-23.83794
A;G,T;D,"180,163",-20.8108,2.8453999999999997,-23.6562
I;R,W;N,"111,90",-20.8246,-11.221639999999999,-9.602960000000001
A;G,Y;T,"179,254",-20.8251,-3.3627900000000004,-17.46231
L;G,E;D,"216,163",-20.8504,2.57946,-23.42986
G;L,Q;D,"164,249",-20.8533,3.9585999999999997,-24.8119
L;I,K;W,"249,111",-20.8542,3.25026,-24.10446
A;T,Y;Q,"179,88",-20.882,2.69414,-23.576140000000002
A;G,V;D,"65,163",-20.9126,3.36923,-24.28183
N;I,P;H,"277,145",-20.9424,2.96466,-23.907059999999998
A;S,Y;H,"179,214",-20.9661,-0.68235,-20.28375
Q;A,W;Y,"133,179",-20.9786,3.47858,-24.45718
A;I,M;W,"135,111",-20.9946,2.89928,-23.89388
G;S,Q;P,"164,125",-21.0104,3.83767,-24.84807
G;V,Q;C,"164,281",-21.0114,3.8462199999999998,-24.857619999999997
G;A,K;Y,"243,179",-21.0166,4.54297,-25.55957
G;K,D;A,"163,253",-21.0182,-0.8653799999999998,-20.152820000000002
G;V,D;C,"163,281",-21.0274,2.48963,-23.51703
P;A,D;Y,"197,179",-21.0302,3.05814,-24.088340000000002
Q;I,H;H,"127,145",-21.0364,2.83685,-23.87325
I;S,W;E,"111,136",-21.0386,1.635034,-22.673634
I;D,W;N,"111,186",-21.0418,1.3505759,-22.392375899999998
I;L,W;C,"111,249",-21.0559,2.4802,-23.5361
A;T,Y;N,"215,198",-21.0568,3.11854,-24.17534
I;E,W;K,"111,231",-21.067,2.6688099999999997,-23.73581
A;W,Y;P,"215,185",-21.0702,1.9663137499999999,-23.03651375
G;G,K;D,"243,163",-21.1019,4.32501,-25.42691
H;I,L;W,"104,111",-21.1311,2.92654,-24.05764
I;G,W;A,"111,165",-21.134,-3.25136,-17.882640000000002
A;K,Y;Y,"215,253",-21.1372,-0.53213,-20.60507
G;L,Q;W,"164,216",-21.1419,3.99436,-25.13626
G;C,D;A,"163,289",-21.1542,1.1818412,-22.3360412
G;S,D;H,"163,214",-21.1552,-0.9003099999999999,-20.25489
G;G,K;Q,"243,164",-21.172,5.6815999999999995,-26.8536
S;I,D;W,"58,111",-21.1939,3.21494,-24.408839999999998
A;S,Y;Y,"179,269",-21.2094,0.7532149999999999,-21.962615
G;N,Q;K,"164,138",-21.2207,3.9063999999999997,-25.1271
G;Q,D;N,"163,133",-21.2281,2.4867,-23.7148
A;N,Y;K,"179,138",-21.2385,2.7677699999999996,-24.006269999999997
I;S,W;P,"111,188",-21.241,1.140635,-22.381635
G;A,S;Y,"243,179",-21.2516,3.0392599999999996,-24.29086
G;R,D;T,"163,90",-21.2567,-5.49078,-15.765919999999998
G;M,D;V,"163,154",-21.2622,-1.73913,-19.52307
S;I,V;W,"58,111",-21.2749,2.97749,-24.25239
A;I,N;W,"226,111",-21.2799,2.77731,-24.05721
W;A,C;Y,"257,215",-21.2809,4.37078,-25.65168
I;I,H;R,"145,218",-21.281,2.3766,-23.6576
G;G,L;Q,"243,164",-21.2947,6.282159999999999,-27.576859999999996
L;G,K;D,"249,163",-21.2975,3.18071,-24.47821
A;R,Y;P,"179,280",-21.3147,2.7758399999999996,-24.090539999999997
I;S,W;T,"111,121",-21.3623,2.64856,-24.01086
A;L,Y;I,"179,216",-21.3727,2.9174499999999997,-24.290149999999997
G;L,Q;I,"164,216",-21.388,4.05608,-25.44408
A;V,Y;C,"179,281",-21.4068,2.7075899999999997,-24.11439
G;Q,Q;I,"164,127",-21.4083,4.73081,-26.139110000000002
G;L,Q;C,"164,249",-21.4135,3.76724,-25.18074
I;L,W;F,"111,117",-21.4256,-0.97211,-20.45349
G;Q,Q;R,"164,127",-21.4399,4.86925,-26.309150000000002
A;C,Y;A,"179,289",-21.4475,1.3998012,-22.8473012
I;A,W;F,"111,65",-21.4728,2.52158,-23.99438
F;G,E;Q,"271,164",-21.4823,5.2825,-26.764799999999997
I;A,W;W,"111,65",-21.4914,2.46873,-23.96013
I;A,W;E,"111,152",-21.496,2.50282,-23.99882
P;G,D;D,"197,163",-21.5086,2.84018,-24.34878
I;T,W;Y,"111,189",-21.5088,1.490322,-22.999122
G;H,Q;R,"164,104",-21.5396,3.81991,-25.35951
I;Q,H;F,"145,182",-21.5479,-0.82002,-20.72788
G;G,S;D,"243,163",-21.5567,2.8213,-24.378
G;M,Q;V,"164,154",-21.6016,-0.3825400000000001,-21.219060000000002
G;S,D;P,"163,125",-21.6056,2.48108,-24.086679999999998
G;Q,Q;T,"164,127",-21.6101,3.328974,-24.939073999999998
G;K,D;V,"163,253",-21.6416,-0.50455,-21.137050000000002
G;V,D;D,"163,57",-21.6529,2.5051699999999997,-24.15807
Q;G,T;D,"91,163",-21.6741,2.5433399999999997,-24.21744
G;T,D;N,"163,198",-21.678,2.4233599999999997,-24.10136
G;Q,Q;D,"164,127",-21.6984,4.58692,-26.28532
I;I,W;R,"111,168",-21.72,-13.42024,-8.29976
T;I,V;W,"198,111",-21.7254,2.90318,-24.62858
G;G,L;D,"243,163",-21.7305,4.92557,-26.65607
A;K,Y;V,"179,253",-21.7412,-0.2865900000000001,-21.45461
A;R,Y;A,"179,280",-21.7416,1.110563,-22.852162999999997
G;G,Q;Q,"243,164",-21.7631,6.49499,-28.258090000000003
A;N,Y;Y,"215,244",-21.7662,3.61297,-25.379170000000002
F;I,M;W,"271,111",-21.7767,3.4930700000000003,-25.26977
A;T,Y;N,"179,198",-21.7806,2.64132,-24.42192
G;R,Q;P,"164,280",-21.8055,3.9144699999999997,-25.719969999999996
G;G,A;D,"243,163",-21.8434,2.72623,-24.56963
A;S,Y;P,"215,125",-21.847,3.17626,-25.02326
G;S,Q;Y,"164,242",-21.8526,3.81212,-25.66472
A;Y,Y;G,"215,63",-21.8526,0.6416799999999998,-22.49428
G;Q,Q;E,"164,127",-21.8531,4.08749,-25.94059
I;S,W;E,"111,121",-21.8532,-5.7976,-16.055600000000002
G;C,Q;L,"164,289",-21.8688,4.02653,-25.89533
A;H,Y;R,"179,104",-21.8951,2.68128,-24.57638
N;I,Y;H,"244,145",-21.9125,2.95659,-24.86909
D;I,Q;W,"220,111",-21.9189,4.2044,-26.1233
G;N,D;L,"163,138",-21.9248,2.4704800000000002,-24.39528
A;Y,Y;T,"215,63",-21.9263,1.7474679999999998,-23.673768000000003
Q;A,H;L,"127,272",-21.941,-0.54186,-21.39914
Q;I,L;W,"127,111",-21.9473,2.8861499999999998,-24.83345
R;I,N;W,"132,111",-21.9536,3.3075,-25.261100000000003
Q;I,E;W,"133,111",-21.9615,3.4292999999999996,-25.3908
A;L,Y;E,"179,216",-21.9669,2.79742,-24.764319999999998
G;S,Q;T,"164,124",-21.9751,4.678599999999999,-26.6537
I;Q,W;I,"111,182",-21.987,0.57824,-22.56524
I;H,W;M,"111,104",-22.0059,2.63063,-24.63653
Q;I,E;W,"127,111",-22.0197,2.8004499999999997,-24.820149999999998
Q;I,W;W,"133,111",-22.0275,3.33017,-25.35767
Q;I,N;W,"127,111",-22.0429,3.68919,-25.73209
I;M,W;V,"111,154",-22.1066,-1.66958,-20.43702
A;D,Y;K,"179,263",-22.1115,2.814,-24.9255
A;Q,Y;T,"179,91",-22.1147,2.7613,-24.875999999999998
A;A,T;Y,"180,179",-22.1194,3.06336,-25.18276
S;A,T;Y,"124,179",-22.1244,3.53997,-25.66437
S;I,N;W,"124,111",-22.1404,5.4518699999999995,-27.59227
A;M,Y;V,"179,154",-22.1973,-1.5211700000000001,-20.676129999999997
D;A,L;Y,"220,179",-22.2217,3.47091,-25.69261
Q;G,E;D,"127,163",-22.2259,2.7309,-24.9568
G;T,Q;N,"164,198",-22.2466,3.77995,-26.02655
Q;A,P;Y,"127,179",-22.2587,2.98777,-25.246470000000002
G;L,Q;E,"164,216",-22.2609,3.93605,-26.19695
G;Q,Q;E,"164,133",-22.3075,4.71634,-27.02384
A;N,Y;L,"179,138",-22.3164,2.68844,-25.00484
G;K,Q;V,"164,253",-22.335,0.8520399999999999,-23.18704
S;A,N;Y,"103,179",-22.3422,2.9739899999999997,-25.31619
A;Q,Y;F,"179,182",-22.3575,-0.64086,-21.71664
A;G,Y;A,"179,243",-22.3798,2.94419,-25.32399
G;Q,Q;T,"164,91",-22.3817,3.89993,-26.28163
A;S,Y;P,"179,188",-22.384,1.289045,-23.673045000000002
G;G,Q;H,"164,251",-22.3896,3.7995900000000002,-26.189190000000004
G;S,Q;Y,"164,269",-22.4001,1.891845,-24.291945
A;G,Y;T,"179,251",-22.4048,2.87669,-25.28149
G;H,D;R,"163,104",-22.4072,2.46332,-24.87052
G;G,D;T,"163,254",-22.4176,-3.58075,-18.83685
I;I,W;V,"111,200",-22.4207,2.62502,-25.04572
A;L,Y;C,"179,249",-22.4465,2.62861,-25.075110000000002
A;Q,Y;T,"215,91",-22.4469,3.23852,-25.68542
G;L,Q;K,"164,249",-22.4517,4.5373,-26.988999999999997
G;L,D;C,"163,249",-22.4622,2.41065,-24.87285
S;I,K;W,"124,111",-22.4875,4.02538,-26.512880000000003
G;P,D;V,"163,184",-22.4903,1.724447,-24.214747000000003
A;K,Y;Y,"179,253",-22.5263,-1.00935,-21.516949999999998
G;A,Q;V,"164,65",-22.5299,4.725820000000001,-27.255720000000004
G;G,T;D,"251,163",-22.5343,2.6587300000000003,-25.19303
L;G,D;D,"249,163",-22.5375,2.60201,-25.13951
A;G,Y;T,"215,254",-22.5882,-2.8855700000000004,-19.70263
R;I,Q;W,"132,111",-22.5899,2.98829,-25.57819
A;C,Y;A,"215,289",-22.6494,1.8770212,-24.5264212
A;I,D;H,"130,145",-22.6831,3.76732,-26.45042
A;L,Y;D,"179,249",-22.6984,2.8199699999999996,-25.518369999999997
I;N,W;T,"111,190",-22.7148,2.47727,-25.19207
I;A,W;M,"111,65",-22.7314,2.60321,-25.33461
Q;G,D;D,"127,163",-22.7426,3.23033,-25.972929999999998
L;A,K;Y,"249,179",-22.743,3.39867,-26.141669999999998
G;S,Q;H,"164,214",-22.7491,0.45628,-23.205379999999998
R;G,V;Q,"34,164",-22.7626,5.90519,-28.66779
I;N,W;K,"111,138",-22.768,2.61936,-25.38736
A;C,Y;D,"215,289",-22.7757,3.79671,-26.57241
I;V,W;D,"111,57",-22.8104,2.57472,-25.38512
G;P,Q;D,"164,197",-22.8157,4.19677,-27.01247
A;P,Y;V,"179,184",-22.8228,1.942407,-24.765207
W;G,I;D,"159,163",-22.8349,2.78386,-25.61876
I;K,W;L,"111,252",-22.8714,2.58012,-25.451520000000002
P;G,L;D,"38,163",-22.8766,2.64806,-25.52466
I;R,W;A,"111,280",-22.8781,0.962153,-23.840253
I;L,W;E,"111,216",-22.9281,2.64901,-25.57711
G;S,Q;N,"164,103",-22.972,4.11262,-27.08462
I;Q,W;V,"111,127",-23.0087,2.5602,-25.5689
C;G,L;D,"289,163",-23.0114,2.66994,-25.68134
I;R,W;S,"111,90",-23.0292,-4.8430800000000005,-18.18612
G;M,D;H,"163,161",-23.0389,1.55819,-24.59709
G;G,Q;T,"164,251",-23.0507,4.01532,-27.066019999999998
D;G,K;D,"263,163",-23.0607,2.59604,-25.65674
G;C,Q;S,"164,289",-23.0782,1.4591399999999999,-24.53734
A;V,Y;D,"179,57",-23.1118,2.72313,-25.83493
G;G,Q;S,"164,243",-23.1386,4.17789,-27.31649
G;A,I;Y,"243,215",-23.1478,4.09239,-27.24019
I;Q,W;Y,"111,119",-23.1857,-3.2039800000000005,-19.98172
I;S,W;Q,"111,188",-23.1943,-0.10037000000000007,-23.093929999999997
I;S,W;V,"111,223",-23.1984,2.47341,-25.67181
G;C,D;S,"163,289",-23.2288,0.10254999999999992,-23.33135
I;K,W;Y,"111,253",-23.2329,-1.15776,-22.07514
I;N,W;Y,"111,37",-23.2541,2.022201,-25.276301
I;H,W;R,"111,104",-23.277,2.53287,-25.80987
A;Q,Y;N,"179,133",-23.3058,2.7046599999999996,-26.010460000000002
S;I,E;W,"207,111",-23.3134,2.73454,-26.04794
Q;I,K;W,"127,111",-23.3213,3.34825,-26.66955
Q;G,P;D,"127,163",-23.3335,2.7698099999999997,-26.10331
G;W,Q;I,"164,159",-23.3423,4.1404499999999995,-27.482750000000003
G;S,Q;D,"164,103",-23.3548,3.91288,-27.267680000000002
G;V,Q;D,"164,57",-23.3591,3.86176,-27.220860000000002
G;Q,Q;N,"164,133",-23.3607,3.8432899999999997,-27.20399
A;M,Y;H,"179,161",-23.3869,1.77615,-25.163050000000002
R;G,Y;D,"123,163",-23.3875,3.15969,-26.54719
I;Q,W;A,"111,127",-23.4068,1.8799160000000001,-25.286716000000002
R;I,V;W,"34,111",-23.4208,4.61815,-28.03895
G;G,D;H,"163,251",-23.4409,2.443,-25.8839
A;K,Y;A,"179,253",-23.4985,-0.6474199999999999,-22.85108
C;G,D;D,"289,163",-23.5458,3.10153,-26.64733
P;G,Q;D,"38,163",-23.548,2.8476,-26.395599999999998
A;N,Y;P,"215,277",-23.5526,3.62104,-27.173640000000002
A;P,Y;K,"215,120",-23.5931,1.1934479999999998,-24.786548
I;I,W;L,"111,145",-23.6033,2.64166,-26.24496
I;S,W;H,"111,187",-23.606,1.196628,-24.802628000000002
G;C,Q;D,"164,289",-23.6384,4.45812,-28.09652
A;I,V;W,"65,111",-23.6509,3.4387800000000004,-27.08968
R;A,Y;Y,"123,179",-23.6634,3.37765,-27.04105
A;P,Y;Q,"215,38",-23.6724,3.5427799999999996,-27.21518
G;L,D;P,"163,216",-23.7038,2.4422699999999997,-26.14607
G;G,Q;I,"164,243",-23.7069,4.7538,-28.460700000000003
F;I,W;W,"271,111",-23.7375,3.2228,-26.9603
G;A,D;L,"163,272",-23.7709,-0.80609,-22.96481
I;N,W;H,"111,205",-23.7806,2.2706210000000002,-26.051220999999998
A;L,Y;P,"179,216",-23.7819,2.66023,-26.44213
T;I,E;W,"270,111",-23.804,4.8626,-28.6666
G;D,Q;K,"164,263",-23.8277,3.95263,-27.78033
G;G,I;D,"243,163",-23.8326,3.3972100000000003,-27.22981
G;Y,Q;G,"164,63",-23.8743,1.3030899999999999,-25.177390000000003
G;P,D;K,"163,120",-23.8763,0.49826799999999993,-24.374568
A;Y,Y;S,"179,63",-23.9158,0.43077999999999994,-24.34658
I;Q,W;V,"111,182",-24.0081,-0.84772,-23.16038
G;Y,D;S,"163,63",-24.0225,0.21282,-24.23532
C;A,D;Y,"289,179",-24.0251,3.31949,-27.344589999999997
A;Q,Y;V,"179,182",-24.0277,-0.6993100000000001,-23.32839
A;A,Y;L,"179,65",-24.0421,2.7659399999999996,-26.808040000000002
G;P,Q;V,"164,184",-24.0574,3.081037,-27.138437
L;I,W;W,"216,111",-24.0886,2.70732,-26.79592
M;G,P;D,"222,163",-24.1311,2.65928,-26.79038
G;A,Q;T,"164,180",-24.1402,4.20199,-28.342190000000002
A;A,P;Y,"152,179",-24.1517,3.30814,-27.45984
Q;I,I;W,"127,111",-24.1527,3.4437699999999998,-27.59647
W;A,I;Y,"159,179",-24.173,3.00182,-27.174819999999997
I;S,W;Y,"111,269",-24.1764,0.6048049999999999,-24.781205
W;G,K;D,"257,163",-24.1837,2.74116,-26.924860000000002
A;N,Y;K,"179,233",-24.1981,1.813062,-26.011162
G;G,P;D,"243,163",-24.2179,2.99803,-27.21593
I;N,W;L,"111,138",-24.2716,2.54003,-26.81163
I;N,W;K,"111,233",-24.2846,1.664652,-25.949252
G;Q,Q;F,"164,182",-24.3327,0.49777000000000005,-24.83047
G;N,Q;L,"164,138",-24.3329,3.82707,-28.159969999999998
G;I,L;W,"243,111",-24.3445,4.99512,-29.33962
I;R,W;T,"111,90",-24.3499,-5.42123,-18.92867
G;I,A;W,"243,111",-24.3563,2.7957799999999997,-27.15208
A;Q,Y;Y,"179,119",-24.3744,-3.0555700000000003,-21.318830000000002
G;A,I;Y,"243,179",-24.4836,3.61517,-28.09877
W;G,C;D,"257,163",-24.491,3.6756,-28.1666
H;I,T;W,"104,111",-24.5071,2.97831,-27.48541
I;T,W;N,"111,198",-24.5343,2.49291,-27.027210000000004
I;S,W;Y,"111,242",-24.5508,2.52508,-27.075879999999998
G;W,Q;P,"164,185",-24.6198,2.62772375,-27.247523750000003
A;C,Y;L,"179,289",-24.6204,2.8879,-27.5083
G;W,Q;P,"164,159",-24.6463,3.81721,-28.46351
G;P,Q;Q,"164,38",-24.6787,4.20419,-28.88289
A;G,Y;H,"215,251",-24.6935,3.13818,-27.83168
G;Y,Q;S,"164,63",-24.699,1.56941,-26.268410000000003
S;G,N;D,"103,163",-24.7514,2.75603,-27.50743
A;S,Y;D,"179,103",-24.7518,2.77425,-27.526049999999998
I;T,W;K,"111,88",-24.7648,2.6216299999999997,-27.38643
I;S,W;F,"111,238",-24.7772,0.48522,-25.26242
A;P,Y;L,"215,38",-24.8177,3.3432399999999998,-28.160939999999997
I;A,W;L,"111,65",-24.8312,2.61753,-27.448729999999998
L;I,Q;W,"216,111",-24.8387,3.00563,-27.84433
I;S,W;K,"111,58",-24.8735,2.4817299999999998,-27.35523
S;I,P;W,"245,111",-24.8783,2.68497,-27.56327
G;Y,Q;T,"164,63",-24.8814,2.408878,-27.290278
A;I,Y;L,"179,145",-24.9081,2.79007,-27.69817
G;P,Q;K,"164,120",-24.9227,1.854858,-26.777558
G;Q,D;F,"163,182",-24.9267,-0.8588199999999999,-24.06788
A;W,Y;K,"179,257",-24.9629,2.95912,-27.92202
A;A,Y;L,"179,272",-24.9877,-0.58813,-24.39957
G;L,Q;P,"164,216",-25.029,3.79886,-28.82786
P;I,D;W,"197,111",-25.0446,2.9097299999999997,-27.95433
S;I,M;W,"238,111",-25.0486,3.5457599999999996,-28.59436
G;I,Q;W,"243,111",-25.0659,5.20795,-30.27385
G;Y,D;G,"163,63",-25.11,-0.0535000000000001,-25.0565
I;R,W;P,"111,90",-25.128,-13.67784,-11.45016
G;W,D;P,"163,159",-25.1535,2.46062,-27.61412
G;A,P;Y,"243,179",-25.1699,3.2159899999999997,-28.385889999999996
A;M,Y;P,"179,222",-25.1735,2.87724,-28.05074
I;R,W;Q,"111,224",-25.1909,2.137561,-27.328460999999997
A;I,Y;R,"179,218",-25.2242,2.55576,-27.77996
G;W,Q;C,"164,257",-25.2353,5.03219,-30.26749
G;Y,D;T,"163,63",-25.2497,1.052288,-26.301988
S;G,D;D,"103,163",-25.2805,2.5562899999999997,-27.83679
A;Y,Y;T,"179,63",-25.291,1.2702479999999998,-26.561248
I;Q,W;T,"111,127",-25.3435,2.041934,-27.385434
A;I,P;W,"152,111",-25.3616,3.1597299999999997,-28.52133
A;A,D;Y,"130,215",-25.3646,4.4237,-29.7883
A;Y,Y;G,"179,63",-25.3722,0.16445999999999983,-25.536659999999998
I;S,W;T,"111,214",-25.3764,1.010502,-26.386902
G;I,T;W,"251,111",-25.3838,2.72828,-28.11208
I;F,W;M,"111,191",-25.4135,1.621952,-27.035452
I;S,W;P,"111,125",-25.4548,2.55063,-28.005429999999997
G;I,Q;R,"164,218",-25.4615,3.69439,-29.15589
G;P,Q;L,"164,38",-25.4734,4.00465,-29.478050000000003
W;A,C;Y,"257,179",-25.5033,3.89356,-29.39686
T;I,D;W,"88,111",-25.505,3.32127,-28.82627
M;I,L;W,"154,111",-25.5229,2.73121,-28.25411
I;A,W;D,"111,226",-25.5366,-5.232270000000001,-20.30433
I;R,W;A,"111,90",-25.5702,-4.72103,-20.84917
G;M,Q;P,"164,222",-25.6181,4.01587,-29.633969999999998
A;S,Y;Y,"179,242",-25.6227,2.67349,-28.29619
I;T,W;M,"111,29",-25.6228,-5.5963400000000005,-20.02646
L;I,I;W,"216,111",-25.6304,2.76904,-28.399440000000002
A;W,Y;P,"179,185",-25.6473,1.4890937499999999,-27.13639375
G;W,Q;K,"164,257",-25.7209,4.09775,-29.818649999999998
A;Y,Y;S,"215,63",-25.7279,0.9079999999999999,-26.635900000000003
G;W,D;P,"163,185",-25.7337,1.27113375,-27.00483375
I;Q,W;L,"111,182",-25.759,-0.36329999999999996,-25.3957
G;I,D;R,"163,218",-25.7744,2.3377999999999997,-28.1122
P;I,L;W,"38,111",-25.8493,2.71761,-28.56691
I;S,W;H,"111,214",-25.8829,-0.8307599999999999,-25.052139999999998
G;Q,Q;P,"164,127",-25.9264,4.1264,-30.0528
I;L,W;F,"111,216",-25.9541,2.62588,-28.57998
G;Q,Q;H,"164,127",-26.0136,4.15464,-30.16824
G;G,Q;P,"164,243",-26.0416,4.35462,-30.39622
N;I,I;W,"37,111",-26.1153,3.19814,-29.31344
I;G,W;T,"111,254",-26.116,-3.5112000000000005,-22.604799999999997
I;T,W;N,"111,88",-26.1414,2.49648,-28.637880000000003
I;M,W;H,"111,161",-26.1845,1.62774,-27.81224
Q;I,D;W,"127,111",-26.2512,3.29988,-29.55108
I;G,W;H,"111,251",-26.2589,2.51255,-28.77145
I;R,W;D,"111,90",-26.2971,-11.197239999999999,-15.099860000000001
A;Q,Y;H,"215,127",-26.3205,3.4932299999999996,-29.81373
G;I,S;W,"243,111",-26.3637,2.89085,-29.254550000000002
I;K,W;A,"111,253",-26.447,-0.7958299999999998,-25.65117
A;W,Y;P,"179,159",-26.4555,2.67858,-29.13408
Q;G,H;D,"127,163",-26.4694,2.79805,-29.26745
G;I,I;W,"243,111",-26.5107,3.46676,-29.97746
I;K,W;V,"111,253",-26.5638,-0.43500000000000005,-26.128800000000002
I;V,W;C,"111,281",-26.6154,2.55918,-29.174580000000002
A;I,Y;H,"215,145",-26.6601,3.2678,-29.9279
G;A,L;Y,"243,179",-26.6948,5.14353,-31.83833
N;G,Y;D,"244,163",-26.7168,2.91779,-29.63459
I;W,W;P,"111,159",-26.7856,2.53017,-29.31577
C;I,D;W,"289,111",-26.7986,3.17108,-29.96968
I;W,W;P,"111,185",-26.8637,1.34068375,-28.20438375
A;C,Y;S,"179,289",-26.9313,0.32050999999999985,-27.25181
Q;G,H;T,"127,251",-26.9647,2.92296,-29.88766
I;A,H;L,"145,272",-27.0006,-0.76729,-26.23331
A;S,Y;P,"179,125",-27.1783,2.69904,-29.87734
A;G,D;D,"130,163",-27.2014,3.7285199999999996,-30.92992
I;R,W;P,"111,280",-27.2208,2.62743,-29.84823
G;N,Q;Y,"164,244",-27.3191,4.27438,-31.59348
P;I,Q;W,"38,111",-27.3493,2.91715,-30.26645
Q;I,R;W,"127,111",-27.3658,3.58221,-30.94801
G;G,Q;T,"164,254",-27.421,-2.2241600000000004,-25.196839999999998
F;I,E;W,"271,111",-27.4831,3.9954599999999996,-31.47856
A;I,T;W,"180,111",-27.5174,2.91495,-30.43235
I;P,W;V,"111,184",-27.5238,1.793997,-29.317797000000002
C;I,L;W,"289,111",-27.7682,2.73949,-30.50769
Q;I,H;W,"127,111",-27.7749,2.8676,-30.6425
G;I,K;W,"243,111",-27.8574,4.39456,-32.25196
I;P,W;K,"111,120",-27.8855,0.5678179999999999,-28.453318
N;G,P;D,"277,163",-28.0498,2.92586,-30.97566
I;C,W;A,"111,289",-28.3464,1.2513912,-29.5977912
I;C,W;S,"111,289",-28.3917,0.17209999999999992,-28.5638
G;A,Q;D,"164,130",-28.4098,5.08511,-33.494910000000004
I;I,W;R,"111,218",-28.4539,2.40735,-30.861250000000002
I;K,W;F,"111,253",-28.4646,-1.41294,-27.051660000000002
R;I,Y;W,"123,111",-28.4821,3.22924,-31.71134
I;L,W;D,"111,249",-28.4838,2.67156,-31.155359999999998
G;A,Q;Y,"164,215",-28.5456,4.58559,-33.131190000000004
I;A,W;L,"111,272",-28.5882,-0.73654,-27.85166
S;I,T;W,"124,111",-28.6611,3.39156,-32.05266
A;A,D;Y,"130,179",-28.6709,3.9464799999999998,-32.61738
A;G,Y;H,"179,251",-28.6916,2.66096,-31.35256
G;A,Q;L,"164,272",-28.746,0.5505,-29.296499999999998
A;P,Y;L,"179,38",-28.8307,2.86602,-31.69672
M;I,P;W,"222,111",-28.9103,2.7288300000000003,-31.63913
I;D,W;K,"111,263",-29.0177,2.66559,-31.68329
G;N,Q;P,"164,277",-29.1096,4.28245,-33.39205
I;S,W;D,"111,103",-29.1667,2.62584,-31.79254
A;P,Y;K,"179,120",-29.2752,0.7162279999999999,-29.991428000000003
Q;I,P;W,"127,111",-29.5441,2.83936,-32.38346
N;A,Y;Y,"244,179",-29.6109,3.13575,-32.74665
G;I,P;W,"243,111",-29.8501,3.06758,-32.917680000000004
A;A,Y;Y,"215,179",-29.9437,3.44696,-33.39066
P;A,Q;Y,"38,179",-30.0565,3.0655599999999996,-33.12206
W;I,I;W,"159,111",-30.3425,2.8534100000000002,-33.19591
N;I,P;W,"277,111",-30.493,2.9954099999999997,-33.48841
I;L,W;P,"111,216",-30.5427,2.51182,-33.05452
S;I,N;W,"103,111",-30.5596,2.82558,-33.38518
Q;A,H;Y,"127,179",-30.6194,3.0160099999999996,-33.63541
I;Q,W;F,"111,182",-30.788,-0.7892699999999999,-29.998730000000002
W;I,K;W,"257,111",-30.9371,2.8107100000000003,-33.74781
W;I,C;W,"257,111",-31.2852,3.7451499999999998,-35.03035
I;G,H;H,"145,251",-31.5704,2.4818,-34.0522
N;A,P;Y,"277,179",-31.6026,3.14382,-34.74642
I;G,H;D,"145,163",-32.7632,2.5726199999999997,-35.33582
N;I,Y;W,"244,111",-33.2811,2.9873399999999997,-36.26844
A;G,Y;D,"215,163",-34.6673,3.229,-37.8963
G;I,Q;H,"164,145",-35.4701,3.92921,-39.39931
A;I,D;W,"130,111",-35.6423,3.79807,-39.44037
A;I,Y;W,"215,111",-36.7043,3.2985499999999996,-40.00285
A;I,Y;H,"179,145",-37.2072,2.79058,-39.99778
I;I,W;H,"111,145",-37.2846,2.64217,-39.92677
G;A,Q;Y,"164,179",-37.6329,4.10837,-41.74127
A;G,Y;D,"179,163",-38.0352,2.75178,-40.78698
G;G,Q;D,"164,163",-38.404,3.89041,-42.294410000000006
A;I,Y;W,"179,111",-40.6768,2.8213299999999997,-43.49813
G;I,Q;W,"164,111",-41.5841,3.9599599999999997,-45.54406
I;G,W;D,"111,163",-46.0657,2.60337,-48.66907
Q;G,H;H,"127,251",-48.8618,2.70723,-51.569030000000005
