wild_type,mutation_type,position_idx,foldx_ddg_raw,foldx_score_flipped,bfactor,is_flexible_region,esm_score
S,N,124,-4.11541,4.11541,5.309090909090909,False,-3.1494178771972656
G,Q,243,-3.87149,3.87149,7.711428571428572,False,-2.131366729736328
G,L,243,-3.65866,3.65866,7.711428571428572,False,-2.5416135787963867
T,E,270,-3.52614,3.52614,11.829285714285714,True,-0.8824834823608398
R,V,34,-3.28169,3.28169,8.38,False,-0.776848316192627
G,K,243,-3.0581,3.0581,7.711428571428572,False,-3.2449331283569336
D,Q,220,-2.86794,2.86794,10.959166666666667,True,1.0442099571228027
S,K,124,-2.68892,2.68892,5.309090909090909,False,-4.746400356292725
F,E,271,-2.659,2.659,8.346,False,-6.197064399719238
G,Q,164,-2.6235,2.6235,6.017142857142857,False,-7.259941101074219
A,D,130,-2.46161,2.46161,5.438999999999999,False,-3.337710380554199
W,C,257,-2.40869,2.40869,5.465,False,-10.343463897705078
Q,N,127,-2.35273,2.35273,4.808823529411765,False,0.4018993377685547
Q,R,127,-2.24575,2.24575,4.808823529411765,False,-4.217949867248535
S,M,238,-2.2093,2.2093,7.649090909090908,False,-1.559459924697876
F,M,271,-2.15661,2.15661,8.346,False,-4.011089324951172
S,A,124,-2.14285,2.14285,5.309090909090909,False,2.854175567626953
G,I,243,-2.1303,2.1303,7.711428571428572,False,-2.846644878387451
Q,I,127,-2.10731,2.10731,4.808823529411765,False,5.385690212249756
A,V,65,-2.10232,2.10232,6.192,False,-1.632925033569336
Q,E,133,-2.09284,2.09284,7.07,False,-0.9377427101135254
S,T,124,-2.0551,2.0551,5.309090909090909,False,-1.2350993156433105
Q,K,127,-2.01179,2.01179,4.808823529411765,False,-4.667906761169434
Q,W,133,-1.99371,1.99371,7.07,False,0.5662000179290771
D,L,220,-1.98604,1.98604,10.959166666666667,True,-1.9913878440856934
T,D,88,-1.98481,1.98481,7.037142857142858,False,-3.682703733444214
R,N,132,-1.97104,1.97104,7.2491666666666665,False,1.7506040334701538
Q,D,127,-1.96342,1.96342,4.808823529411765,False,0.7409100532531738
A,Y,215,-1.96209,1.96209,7.140000000000001,False,-2.5292088985443115
L,K,249,-1.9138,1.9138,9.856315789473685,True,-1.850341558456421
R,Y,123,-1.89278,1.89278,5.540833333333334,False,-8.681647300720215
F,W,271,-1.88634,1.88634,8.346,False,-2.234421491622925
S,D,58,-1.87848,1.87848,11.760000000000002,True,-0.6719814538955688
N,I,37,-1.86168,1.86168,11.206428571428573,True,-2.0416455268859863
C,D,289,-1.83462,1.83462,9.798,True,2.1601450443267822
A,P,152,-1.82327,1.82327,8.272,False,-5.4916791915893555
D,V,186,-1.78881,1.78881,10.890833333333333,True,0.28640294075012207
G,P,243,-1.73112,1.73112,7.711428571428572,False,-0.7628427743911743
S,E,115,-1.69898,1.69898,8.682727272727272,False,-4.429971694946289
L,Q,216,-1.66917,1.66917,10.890526315789474,True,1.2492399215698242
N,P,277,-1.65895,1.65895,10.964285714285714,True,-1.0382118225097656
R,Q,132,-1.65183,1.65183,7.2491666666666665,False,0.6830120086669922
N,Y,244,-1.65088,1.65088,6.618571428571428,False,-1.2324180603027344
H,T,104,-1.64185,1.64185,5.963125,False,-4.943988800048828
S,V,58,-1.64103,1.64103,11.760000000000002,True,-4.0817036628723145
H,L,104,-1.59008,1.59008,5.963125,False,-4.337338447570801
P,Q,38,-1.58069,1.58069,8.874285714285714,False,-2.6163201332092285
R,L,53,-1.57881,1.57881,14.145833333333334,True,-3.85213041305542
A,T,180,-1.57849,1.57849,4.927999999999999,False,-1.9993062019348145
P,D,197,-1.57327,1.57327,6.272857142857142,False,-7.954427242279053
T,V,198,-1.56672,1.56672,5.759285714285715,False,-2.820619583129883
A,M,135,-1.56282,1.56282,10.228,True,-2.669661283493042
I,L,111,-1.56098,1.56098,5.936315789473684,False,-2.7919058799743652
G,S,243,-1.55439,1.55439,7.711428571428572,False,0.13564777374267578
Q,L,127,-1.54969,1.54969,4.808823529411765,False,4.856257915496826
Q,H,127,-1.53114,1.53114,4.808823529411765,False,-1.6416864395141602
W,I,159,-1.51695,1.51695,5.376666666666668,False,-3.7993340492248535
Q,P,127,-1.5029,1.5029,4.808823529411765,False,-0.867530345916748
S,N,103,-1.48912,1.48912,6.042727272727274,False,-6.876400947570801
A,Y,179,-1.48487,1.48487,5.26,False,-5.04465389251709
W,K,257,-1.47425,1.47425,5.465,False,-12.066147804260254
L,M,216,-1.46945,1.46945,10.890526315789474,True,-0.6888518333435059
Q,E,127,-1.46399,1.46399,4.808823529411765,False,0.10341310501098633
G,A,243,-1.45932,1.45932,7.711428571428572,False,-0.6822923421859741
A,N,226,-1.44085,1.44085,7.148000000000001,False,0.5374281406402588
L,I,216,-1.43258,1.43258,10.890526315789474,True,-0.42803096771240234
C,L,289,-1.40303,1.40303,9.798,True,2.8620195388793945
S,E,207,-1.39808,1.39808,10.32,True,-2.010709047317505
M,L,154,-1.39475,1.39475,5.995882352941176,False,1.211487054824829
M,P,222,-1.39237,1.39237,8.58529411764706,False,-4.744149684906006
G,T,251,-1.39182,1.39182,5.614285714285714,False,-1.706589698791504
P,L,38,-1.38115,1.38115,8.874285714285714,False,0.047712087631225586
L,W,216,-1.37086,1.37086,10.890526315789474,True,-1.5355253219604492
T,L,72,-1.3538,1.3538,9.525,False,-2.5632829666137695
S,P,245,-1.34851,1.34851,8.448181818181817,False,-0.09811532497406006
I,W,111,-1.33646,1.33646,5.936315789473684,False,-6.791067123413086
L,D,249,-1.3351,1.3351,9.856315789473685,True,0.3296182155609131
E,K,231,-1.33235,1.33235,7.0,False,-3.7484166622161865
D,K,263,-1.32913,1.32913,5.789166666666667,False,-2.620272159576416
T,M,51,-1.3147,1.3147,10.149285714285714,True,-5.493077278137207
L,E,216,-1.31255,1.31255,10.890526315789474,True,-1.6790657043457031
S,T,121,-1.3121,1.3121,8.833636363636364,False,-0.6509362459182739
I,H,145,-1.30571,1.30571,8.843684210526314,False,-3.636225700378418
I,L,145,-1.3052,1.3052,8.843684210526314,False,0.5408916473388672
H,M,104,-1.29417,1.29417,5.963125,False,-4.59713888168335
R,P,280,-1.29097,1.29097,20.504583333333333,True,0.6819140911102295
L,F,216,-1.28942,1.28942,10.890526315789474,True,-1.9923181533813477
S,D,103,-1.28938,1.28938,6.042727272727274,False,-7.357100486755371
I,V,200,-1.28856,1.28856,6.983157894736842,False,-0.6579837799072266
T,K,88,-1.28517,1.28517,7.037142857142858,False,-4.0506086349487305
N,K,138,-1.2829,1.2829,9.64642857142857,False,-5.088683128356934
A,L,65,-1.28107,1.28107,6.192,False,-2.75046968460083
Q,T,91,-1.27643,1.27643,5.954705882352941,False,-2.293132781982422
G,D,163,-1.26691,1.26691,5.241428571428571,False,-12.420730590820312
A,M,65,-1.26675,1.26675,6.192,False,-3.981846809387207
K,L,252,-1.24366,1.24366,7.618636363636363,False,-0.7969112396240234
V,D,57,-1.23826,1.23826,8.19875,False,-1.813157081604004
Q,V,127,-1.22374,1.22374,4.808823529411765,False,5.689981937408447
V,C,281,-1.22272,1.22272,8.016250000000001,False,-1.6187732219696045
T,V,72,-1.22066,1.22066,9.525,False,-2.1935582160949707
Q,N,133,-1.21979,1.21979,7.07,False,-1.480595588684082
R,K,53,-1.21629,1.21629,14.145833333333334,True,-0.7841479778289795
S,P,125,-1.21417,1.21417,6.784545454545454,False,-2.057142734527588
T,Q,88,-1.20927,1.20927,7.037142857142858,False,-2.9498579502105713
N,L,138,-1.20357,1.20357,9.64642857142857,False,-7.723797798156738
H,R,104,-1.19641,1.19641,5.963125,False,-3.2475266456604004
W,P,159,-1.19371,1.19371,5.376666666666668,False,-9.605731964111328
S,Y,242,-1.18862,1.18862,6.135454545454547,False,-0.19298982620239258
A,F,65,-1.18512,1.18512,6.192,False,-2.7888197898864746
G,H,251,-1.17609,1.17609,5.614285714285714,False,-3.8290822505950928
L,P,216,-1.17536,1.17536,10.890526315789474,True,-2.6062870025634766
S,W,58,-1.17243,1.17243,11.760000000000002,True,-6.479270935058594
A,E,152,-1.16636,1.16636,8.272,False,-1.2584893703460693
T,N,88,-1.16002,1.16002,7.037142857142858,False,-1.6956429481506348
T,N,198,-1.15645,1.15645,5.759285714285715,False,-5.035455703735352
S,K,58,-1.14527,1.14527,11.760000000000002,True,-3.284595489501953
L,C,249,-1.14374,1.14374,9.856315789473685,True,-2.5497071743011475
N,T,190,-1.14081,1.14081,12.629285714285714,True,-0.48502016067504883
S,V,223,-1.13695,1.13695,10.24909090909091,True,-3.9870409965515137
A,W,65,-1.13227,1.13227,6.192,False,-3.460310935974121
L,Q,249,-1.12473,1.12473,9.856315789473685,True,-0.5197274684906006
I,L,200,-1.11769,1.11769,6.983157894736842,False,-0.023404598236083984
L,H,216,-1.11145,1.11145,10.890526315789474,True,-1.163489818572998
Q,R,126,-1.10915,1.10915,5.671176470588235,False,-4.879884243011475
L,A,216,-1.10284,1.10284,10.890526315789474,True,-0.4481501579284668
W,T,257,-1.09836,1.09836,5.465,False,-8.865565299987793
T,I,88,-1.09543,1.09543,7.037142857142858,False,-3.2862260341644287
T,E,198,-1.09152,1.09152,5.759285714285715,False,-4.969336032867432
N,K,277,-1.08688,1.08688,10.964285714285714,True,-1.759413242340088
V,N,57,-1.07844,1.07844,8.19875,False,-2.053982734680176
T,I,270,-1.07733,1.07733,11.829285714285714,True,-3.4142398834228516
Q,Y,126,-1.07491,1.07491,5.671176470588235,False,-5.215437889099121
S,P,223,-1.07448,1.07448,10.24909090909091,True,0.6610081195831299
T,W,88,-1.07392,1.07392,7.037142857142858,False,-4.428919792175293
G,V,147,-1.07276,1.07276,10.142857142857142,True,-7.320122718811035
I,R,218,-1.07089,1.07089,8.567894736842103,False,-1.8345139026641846
I,V,111,-1.06955,1.06955,5.936315789473684,False,-1.067561149597168
T,P,88,-1.0691,1.0691,7.037142857142858,False,-4.504509925842285
R,V,132,-1.06638,1.06638,7.2491666666666665,False,-3.7018351554870605
G,E,147,-1.06599,1.06599,10.142857142857142,True,-4.73478889465332
T,Q,198,-1.05697,1.05697,5.759285714285715,False,-5.047389507293701
A,C,180,-1.05663,1.05663,4.927999999999999,False,-2.6537108421325684
I,E,111,-1.05532,1.05532,5.936315789473684,False,-8.64360523223877
Y,T,219,-1.05322,1.05322,8.032380952380953,False,-7.493953704833984
G,L,79,-1.05006,1.05006,5.412857142857143,False,-7.635890007019043
G,R,62,-1.04847,1.04847,7.877142857142856,False,-2.631937265396118
L,W,230,-1.04786,1.04786,7.260526315789474,False,-2.533236026763916
G,R,164,-1.04209,1.04209,6.017142857142857,False,-8.231963157653809
T,E,72,-1.0356,1.0356,9.525,False,-2.1548824310302734
P,Q,217,-1.0353,1.0353,10.007142857142856,True,-3.128891944885254
T,H,88,-1.02588,1.02588,7.037142857142858,False,-4.074769020080566
S,V,125,-1.02563,1.02563,6.784545454545454,False,-1.3084216117858887
I,H,200,-1.0252,1.0252,6.983157894736842,False,-4.0574445724487305
S,K,207,-1.01741,1.01741,10.32,True,-3.3277487754821777
S,I,125,-1.01365,1.01365,6.784545454545454,False,-2.2530837059020996
M,S,154,-1.01131,1.01131,5.995882352941176,False,-2.0482606887817383
N,D,277,-1.00602,1.00602,10.964285714285714,True,0.7612792253494263
G,P,163,-1.00098,1.00098,5.241428571428571,False,-11.900676727294922
T,W,198,-0.996338,0.996338,5.759285714285715,False,-4.68875789642334
A,R,152,-0.993395,0.993395,8.272,False,-1.2847564220428467
E,I,292,-0.990207,0.990207,47.50133333333334,True,0.5046045780181885
G,K,147,-0.985245,0.985245,10.142857142857142,True,-4.0279035568237305
F,Q,106,-0.981898,0.981898,6.09,False,-9.866943359375
G,W,147,-0.979078,0.979078,10.142857142857142,True,-9.10473346710205
F,C,201,-0.977036,0.977036,6.65,False,-4.654036521911621
L,W,249,-0.976681,0.976681,9.856315789473685,True,-2.063987970352173
L,E,230,-0.974098,0.974098,7.260526315789474,False,-4.446536064147949
G,C,62,-0.968133,0.968133,7.877142857142856,False,-6.514400482177734
R,E,53,-0.963117,0.963117,14.145833333333334,True,-0.45687007904052734
V,D,281,-0.96037,0.96037,8.016250000000001,False,-0.6160385608673096
A,R,65,-0.959476,0.959476,6.192,False,-0.3794827461242676
N,C,37,-0.958799,0.958799,11.206428571428573,True,-4.403101921081543
D,K,220,-0.957775,0.957775,10.959166666666667,True,0.6053676605224609
G,M,243,-0.957543,0.957543,7.711428571428572,False,-4.119424819946289
T,W,72,-0.955479,0.955479,9.525,False,-5.577180862426758
T,L,198,-0.954767,0.954767,5.759285714285715,False,-4.217855930328369
S,K,125,-0.951124,0.951124,6.784545454545454,False,-2.1055941581726074
G,E,62,-0.948842,0.948842,7.877142857142856,False,-2.7275638580322266
S,N,207,-0.94681,0.94681,10.32,True,-0.6138577461242676
G,T,243,-0.946326,0.946326,7.711428571428572,False,-0.4273592233657837
G,P,35,-0.945843,0.945843,8.667142857142858,False,-8.251760482788086
S,A,236,-0.943413,0.943413,8.869090909090911,False,-0.6835436820983887
Y,W,87,-0.937432,0.937432,7.022380952380951,False,-2.9679160118103027
G,M,147,-0.935963,0.935963,10.142857142857142,True,-8.66855239868164
N,H,205,-0.934161,0.934161,11.137857142857143,True,-3.0453717708587646
Y,G,146,-0.934065,0.934065,10.533809523809522,True,-0.6690821647644043
C,W,289,-0.931616,0.931616,9.798,True,1.7074875831604004
G,R,147,-0.931185,0.931185,10.142857142857142,True,-3.8594086170196533
E,L,231,-0.924213,0.924213,7.0,False,-2.346391201019287
G,I,35,-0.919804,0.919804,8.667142857142858,False,-9.139942169189453
N,E,277,-0.913049,0.913049,10.964285714285714,True,-0.6521062850952148
N,C,277,-0.9118,0.9118,10.964285714285714,True,-3.346590042114258
I,H,83,-0.908114,0.908114,4.863684210526316,False,-5.954073429107666
S,H,207,-0.907791,0.907791,10.32,True,-3.925992488861084
R,M,90,-0.906506,0.906506,13.28625,True,0.8016653060913086
R,H,280,-0.905642,0.905642,20.504583333333333,True,-1.3337666988372803
A,W,33,-0.897278,0.897278,8.857999999999999,False,-5.847375869750977
I,E,200,-0.896091,0.896091,6.983157894736842,False,-6.911672115325928
G,R,163,-0.893759,0.893759,5.241428571428571,False,-14.085466384887695
A,E,130,-0.891925,0.891925,5.438999999999999,False,-6.515007019042969
S,N,58,-0.889533,0.889533,11.760000000000002,True,-0.6209708452224731
H,E,104,-0.887169,0.887169,5.963125,False,-1.38797926902771
V,L,281,-0.886254,0.886254,8.016250000000001,False,-0.12862420082092285
S,I,223,-0.88063,0.88063,10.24909090909091,True,-4.920303821563721
S,N,290,-0.875406,0.875406,21.185454545454544,True,-0.8330216407775879
I,L,83,-0.875266,0.875266,4.863684210526316,False,-0.6815276741981506
T,P,72,-0.869677,0.869677,9.525,False,-1.6137107610702515
A,D,256,-0.869142,0.869142,5.840999999999999,False,-2.4931750297546387
F,L,271,-0.866794,0.866794,8.346,False,-1.818998098373413
M,K,154,-0.8664,0.8664,5.995882352941176,False,-4.3689141273498535
T,V,140,-0.860096,0.860096,13.3,True,-2.7315385341644287
W,V,257,-0.857409,0.857409,5.465,False,-8.064584732055664
T,I,72,-0.856707,0.856707,9.525,False,-3.1902222633361816
S,H,125,-0.8562,0.8562,6.784545454545454,False,-3.8662023544311523
G,L,147,-0.851919,0.851919,10.142857142857142,True,-7.845293998718262
S,I,58,-0.850646,0.850646,11.760000000000002,True,-5.063858985900879
S,F,245,-0.847713,0.847713,8.448181818181817,False,-1.869287133216858
G,D,62,-0.847239,0.847239,7.877142857142856,False,-2.5516724586486816
S,N,125,-0.842566,0.842566,6.784545454545454,False,-0.7876105308532715
W,E,257,-0.840555,0.840555,5.465,False,-10.033036231994629
S,G,58,-0.837472,0.837472,11.760000000000002,True,-1.1755472421646118
D,L,263,-0.837401,0.837401,5.789166666666667,False,-2.2510151863098145
L,R,216,-0.835495,0.835495,10.890526315789474,True,2.4912056922912598
T,C,72,-0.834826,0.834826,9.525,False,-6.786810398101807
A,K,135,-0.831367,0.831367,10.228,True,-2.6555373668670654
S,I,207,-0.831084,0.831084,10.32,True,-2.0861716270446777
H,D,104,-0.827103,0.827103,5.963125,False,-4.430367946624756
T,L,88,-0.826787,0.826787,7.037142857142858,False,-2.525608777999878
P,K,210,-0.826498,0.826498,9.91,True,-3.4681265354156494
P,T,210,-0.825235,0.825235,9.91,True,-1.170135498046875
I,W,200,-0.821926,0.821926,6.983157894736842,False,-1.8912668228149414
G,K,62,-0.818482,0.818482,7.877142857142856,False,-3.6724472045898438
T,D,72,-0.816473,0.816473,9.525,False,-2.0102005004882812
G,I,147,-0.813461,0.813461,10.142857142857142,True,-9.46410083770752
T,V,67,-0.812834,0.812834,6.3342857142857145,False,-2.3087830543518066
S,Q,207,-0.809911,0.809911,10.32,True,-0.9178462028503418
G,L,62,-0.802507,0.802507,7.877142857142856,False,-2.901116371154785
Q,R,133,-0.802377,0.802377,7.07,False,-2.2725343704223633
R,Q,224,-0.801101,0.801101,11.577916666666667,True,-0.6792268753051758
A,N,256,-0.796653,0.796653,5.840999999999999,False,-3.562525749206543
H,Q,104,-0.795818,0.795818,5.963125,False,-1.862569808959961
T,K,72,-0.79557,0.79557,9.525,False,-1.9569615125656128
Q,K,133,-0.793573,0.793573,7.07,False,-1.4095640182495117
G,W,62,-0.790482,0.790482,7.877142857142856,False,-4.641532897949219
Q,M,126,-0.7869,0.7869,5.671176470588235,False,-2.7403931617736816
A,H,65,-0.785587,0.785587,6.192,False,-2.242036819458008
H,K,104,-0.784421,0.784421,5.963125,False,-4.49956750869751
H,C,104,-0.781808,0.781808,5.963125,False,-6.3034820556640625
V,Y,134,-0.771753,0.771753,7.569375,False,-7.593169212341309
N,R,277,-0.76883,0.76883,10.964285714285714,True,-1.4962825775146484
G,Q,48,-0.76541,0.76541,7.865714285714286,False,-6.794109344482422
R,M,280,-0.763426,0.763426,20.504583333333333,True,-1.2454864978790283
N,I,244,-0.760299,0.760299,6.618571428571428,False,-1.6745600700378418
L,R,249,-0.749894,0.749894,9.856315789473685,True,-1.4276540279388428
C,N,289,-0.749859,0.749859,9.798,True,2.2347302436828613
H,G,104,-0.744218,0.744218,5.963125,False,-4.3351850509643555
G,I,79,-0.739646,0.739646,5.412857142857143,False,-9.075109481811523
S,Q,245,-0.738197,0.738197,8.448181818181817,False,-1.4800337553024292
G,Q,147,-0.738095,0.738095,10.142857142857142,True,-3.9077651500701904
T,E,279,-0.737964,0.737964,14.200000000000001,True,-1.3045179843902588
C,F,289,-0.735136,0.735136,9.798,True,1.997596025466919
S,R,236,-0.730102,0.730102,8.869090909090911,False,-2.571281909942627
R,T,34,-0.72974,0.72974,8.38,False,0.16596698760986328
N,Q,277,-0.727549,0.727549,10.964285714285714,True,-1.109490156173706
L,Y,176,-0.727372,0.727372,5.845263157894737,False,-3.619668960571289
V,N,281,-0.72607,0.72607,8.016250000000001,False,-0.5072646141052246
G,W,35,-0.725974,0.725974,8.667142857142858,False,-10.562957763671875
Q,I,133,-0.725305,0.725305,7.07,False,-3.0389018058776855
M,C,128,-0.722944,0.722944,5.524705882352941,False,-5.051537990570068
Q,G,127,-0.721208,0.721208,4.808823529411765,False,0.13863849639892578
G,Y,64,-0.721062,0.721062,6.558571428571428,False,-2.723738431930542
L,V,216,-0.718225,0.718225,10.890526315789474,True,-0.5686383247375488
W,K,159,-0.716979,0.716979,5.376666666666668,False,-9.609066009521484
I,E,218,-0.714451,0.714451,8.567894736842103,False,-4.067761421203613
S,K,103,-0.712789,0.712789,6.042727272727274,False,-7.480588912963867
P,M,85,-0.710991,0.710991,6.042857142857143,False,-9.283736228942871
V,P,57,-0.710886,0.710886,8.19875,False,-2.073378086090088
Q,T,127,-0.705474,0.705474,4.808823529411765,False,3.0675368309020996
S,W,125,-0.70431,0.70431,6.784545454545454,False,-5.305746078491211
S,Y,124,-0.702996,0.702996,5.309090909090909,False,-4.204876899719238
P,F,99,-0.701789,0.701789,7.9942857142857155,False,-7.755435943603516
P,H,36,-0.700731,0.700731,13.622857142857145,True,-5.996932029724121
G,Q,163,-0.700659,0.700659,5.241428571428571,False,-13.17310905456543
A,K,65,-0.699761,0.699761,6.192,False,-1.9663581848144531
G,L,164,-0.695156,0.695156,6.017142857142857,False,-7.2598090171813965
G,N,35,-0.692982,0.692982,8.667142857142858,False,-6.728349685668945
S,L,207,-0.692522,0.692522,10.32,True,-2.2556748390197754
G,Q,62,-0.691382,0.691382,7.877142857142856,False,-2.8138229846954346
T,H,72,-0.690457,0.690457,9.525,False,-4.113829135894775
A,D,40,-0.690143,0.690143,10.168000000000001,True,-2.3206050395965576
T,S,88,-0.689508,0.689508,7.037142857142858,False,-0.8671109676361084
I,W,218,-0.686031,0.686031,8.567894736842103,False,-0.8618900775909424
N,Y,37,-0.685741,0.685741,11.206428571428573,True,4.077347755432129
S,C,238,-0.685039,0.685039,7.649090909090908,False,2.3276379108428955
A,V,256,-0.684236,0.684236,5.840999999999999,False,-2.5500454902648926
E,C,231,-0.683669,0.683669,7.0,False,-5.744368076324463
S,E,125,-0.67918,0.67918,6.784545454545454,False,-0.6231498718261719
C,L,273,-0.678424,0.678424,7.561,False,-6.51220703125
L,M,249,-0.678078,0.678078,9.856315789473685,True,-1.5646679401397705
I,R,200,-0.676667,0.676667,6.983157894736842,False,-7.590672016143799
G,P,164,-0.672958,0.672958,6.017142857142857,False,-7.814599514007568
L,N,249,-0.671444,0.671444,9.856315789473685,True,-0.30417370796203613
R,I,224,-0.669471,0.669471,11.577916666666667,True,-1.4604759216308594
I,T,83,-0.669424,0.669424,4.863684210526316,False,-4.985167980194092
S,I,245,-0.668442,0.668442,8.448181818181817,False,-1.8094691038131714
L,I,249,-0.666428,0.666428,9.856315789473685,True,-0.2855722904205322
R,Q,100,-0.666248,0.666248,7.314583333333334,False,-0.9428207874298096
G,M,48,-0.666074,0.666074,7.865714285714286,False,-9.308424949645996
G,P,234,-0.66491,0.66491,9.731428571428571,True,-3.9563329219818115
N,S,277,-0.664125,0.664125,10.964285714285714,True,0.6038711071014404
A,D,152,-0.660074,0.660074,8.272,False,-0.5841608047485352
D,F,186,-0.659922,0.659922,10.890833333333333,True,0.7910819053649902
T,M,72,-0.65679,0.65679,9.525,False,-4.581969261169434
K,C,259,-0.653541,0.653541,7.248636363636361,False,-7.380891799926758
S,P,103,-0.651827,0.651827,6.042727272727274,False,-9.301204681396484
G,R,234,-0.650838,0.650838,9.731428571428571,True,-4.353297710418701
Q,P,126,-0.647473,0.647473,5.671176470588235,False,-7.506306171417236
S,D,207,-0.644294,0.644294,10.32,True,-1.1033778190612793
S,H,58,-0.643399,0.643399,11.760000000000002,True,-4.8839921951293945
E,S,44,-0.63859,0.63859,7.870666666666668,False,1.6671829223632812
S,I,103,-0.63789,0.63789,6.042727272727274,False,-10.50497055053711
G,M,62,-0.637054,0.637054,7.877142857142856,False,-4.608138084411621
S,P,58,-0.630854,0.630854,11.760000000000002,True,-0.2774810791015625
S,R,58,-0.628234,0.628234,11.760000000000002,True,-3.615994453430176
G,M,164,-0.626422,0.626422,6.017142857142857,False,-7.081275939941406
I,E,83,-0.622726,0.622726,4.863684210526316,False,-6.916790962219238
S,L,125,-0.62194,0.62194,6.784545454545454,False,-1.3171501159667969
V,K,281,-0.618002,0.618002,8.016250000000001,False,-1.9562318325042725
W,H,159,-0.61786,0.61786,5.376666666666668,False,-0.7689914703369141
L,G,249,-0.615222,0.615222,9.856315789473685,True,-0.5814719200134277
T,I,286,-0.614264,0.614264,7.402142857142857,False,-1.2412359714508057
D,M,186,-0.611179,0.611179,10.890833333333333,True,-0.16743159294128418
H,S,104,-0.605958,0.605958,5.963125,False,-2.5054121017456055
N,L,277,-0.605764,0.605764,10.964285714285714,True,-1.1484873294830322
L,C,101,-0.603667,0.603667,6.257894736842106,False,-8.274435043334961
W,P,257,-0.601694,0.601694,5.465,False,-11.222814559936523
T,A,56,-0.599693,0.599693,9.68857142857143,False,-1.3292434215545654
T,E,286,-0.598746,0.598746,7.402142857142857,False,-1.1408696174621582
S,W,115,-0.597989,0.597989,8.682727272727272,False,-6.739826202392578
L,A,249,-0.595716,0.595716,9.856315789473685,True,0.475780725479126
S,D,193,-0.594431,0.594431,14.020000000000003,True,-1.3256068229675293
L,E,249,-0.593979,0.593979,9.856315789473685,True,0.5669753551483154
T,E,88,-0.591293,0.591293,7.037142857142858,False,-4.51108455657959
T,N,67,-0.590627,0.590627,6.3342857142857145,False,-1.8752764463424683
S,L,245,-0.588578,0.588578,8.448181818181817,False,-1.4378401041030884
Q,I,126,-0.587994,0.587994,5.671176470588235,False,-4.054620265960693
T,G,286,-0.586109,0.586109,7.402142857142857,False,0.6479854583740234
N,S,225,-0.584924,0.584924,7.584285714285714,False,1.197087049484253
T,K,198,-0.584533,0.584533,5.759285714285715,False,-5.535674095153809
T,Q,72,-0.583919,0.583919,9.525,False,-1.6137698888778687
V,H,281,-0.582506,0.582506,8.016250000000001,False,-1.4718382358551025
E,L,44,-0.580834,0.580834,7.870666666666668,False,0.8655881881713867
R,W,132,-0.580131,0.580131,7.2491666666666665,False,-6.232455730438232
N,I,277,-0.578707,0.578707,10.964285714285714,True,-1.942770004272461
C,N,203,-0.578462,0.578462,6.119,False,-4.454514503479004
G,N,62,-0.576173,0.576173,7.877142857142856,False,-2.377462863922119
Q,E,126,-0.575852,0.575852,5.671176470588235,False,-0.6903881430625916
I,W,83,-0.575102,0.575102,4.863684210526316,False,-5.7285380363464355
S,M,124,-0.575064,0.575064,5.309090909090909,False,-4.334525108337402
P,R,99,-0.574807,0.574807,7.9942857142857155,False,-5.032848358154297
A,Q,152,-0.572638,0.572638,8.272,False,-1.2056081295013428
I,V,218,-0.567645,0.567645,8.567894736842103,False,-0.7119698524475098
S,Q,125,-0.565926,0.565926,6.784545454545454,False,-0.37220239639282227
L,S,199,-0.565057,0.565057,5.682631578947368,False,-4.012875080108643
T,K,67,-0.565018,0.565018,6.3342857142857145,False,-3.7543954849243164
C,E,203,-0.563153,0.563153,6.119,False,-8.312459945678711
S,H,124,-0.562606,0.562606,5.309090909090909,False,-5.296827793121338
S,T,125,-0.56229,0.56229,6.784545454545454,False,-0.03453826904296875
D,I,118,-0.556648,0.556648,6.635833333333334,False,-6.770430564880371
R,C,53,-0.556391,0.556391,14.145833333333334,True,-7.517665386199951
T,H,67,-0.55455,0.55455,6.3342857142857145,False,-4.850534915924072
R,Y,153,-0.552435,0.552435,6.40125,False,-6.253418922424316
T,Q,67,-0.551605,0.551605,6.3342857142857145,False,-3.8183631896972656
S,Q,103,-0.55127,0.55127,6.042727272727274,False,-6.0492777824401855
R,K,132,-0.55112,0.55112,7.2491666666666665,False,0.16637706756591797
S,H,103,-0.550149,0.550149,6.042727272727274,False,-8.646073341369629
Q,V,133,-0.549127,0.549127,7.07,False,-2.0962977409362793
I,K,200,-0.546027,0.546027,6.983157894736842,False,-8.363142013549805
L,D,216,-0.544853,0.544853,10.890526315789474,True,-2.8749823570251465
I,K,218,-0.543713,0.543713,8.567894736842103,False,-2.8187296390533447
Q,A,127,-0.543456,0.543456,4.808823529411765,False,3.2443151473999023
F,K,55,-0.54136,0.54136,9.129500000000002,False,-3.485002040863037
S,I,290,-0.540311,0.540311,21.185454545454544,True,-1.6004278659820557
D,P,186,-0.540128,0.540128,10.890833333333333,True,-1.198580265045166
R,P,132,-0.53973,0.53973,7.2491666666666665,False,-4.871239185333252
G,K,163,-0.538072,0.538072,5.241428571428571,False,-15.090544700622559
Y,N,69,-0.537939,0.537939,6.4990476190476185,False,-5.834357261657715
G,Y,235,-0.532225,0.532225,8.142857142857142,False,-4.049126625061035
E,I,231,-0.53015,0.53015,7.0,False,-2.607870101928711
S,P,207,-0.52435,0.52435,10.32,True,-1.0531141757965088
S,A,245,-0.522714,0.522714,8.448181818181817,False,-0.22970473766326904
D,W,186,-0.517371,0.517371,10.890833333333333,True,-1.5457134246826172
A,P,130,-0.516154,0.516154,5.438999999999999,False,-8.09609317779541
A,R,256,-0.515915,0.515915,5.840999999999999,False,-4.324808120727539
A,K,152,-0.513798,0.513798,8.272,False,-1.424475908279419
S,Q,58,-0.512589,0.512589,11.760000000000002,True,-2.0899829864501953
A,E,65,-0.512397,0.512397,6.192,False,-1.6030383110046387
G,E,48,-0.511483,0.511483,7.865714285714286,False,-6.711104869842529
N,P,37,-0.507199,0.507199,11.206428571428573,True,-4.4323320388793945
G,I,234,-0.505392,0.505392,9.731428571428571,True,-6.455568790435791
M,C,154,-0.50492,0.50492,5.995882352941176,False,-4.740868091583252
S,Y,175,-0.504416,0.504416,8.31,False,-0.5390901565551758
T,I,198,-0.503325,0.503325,5.759285714285715,False,-4.593389511108398
S,E,103,-0.500987,0.500987,6.042727272727274,False,-5.737773895263672
T,G,72,-0.499555,0.499555,9.525,False,-1.9739168882369995
S,D,125,-0.496713,0.496713,6.784545454545454,False,-0.17666053771972656
G,H,164,-0.495676,0.495676,6.017142857142857,False,-9.010759353637695
W,D,257,-0.494773,0.494773,5.465,False,-10.654617309570312
I,A,83,-0.490214,0.490214,4.863684210526316,False,-3.9303224086761475
S,W,207,-0.48814,0.48814,10.32,True,-3.568030834197998
R,S,280,-0.488031,0.488031,20.504583333333333,True,1.4150049686431885
T,K,270,-0.48775,0.48775,11.829285714285714,True,-0.9129812717437744
E,P,231,-0.487414,0.487414,7.0,False,-5.897754669189453
S,L,58,-0.487356,0.487356,11.760000000000002,True,-4.472134113311768
Y,C,69,-0.485458,0.485458,6.4990476190476185,False,-9.7445650100708
I,T,200,-0.485227,0.485227,6.983157894736842,False,-4.66725492477417
S,A,58,-0.48373,0.48373,11.760000000000002,True,-1.4400039911270142
T,C,51,-0.482741,0.482741,10.149285714285714,True,-8.477073669433594
T,K,286,-0.482662,0.482662,7.402142857142857,False,-1.3002629280090332
A,M,40,-0.482375,0.482375,10.168000000000001,True,-1.3663685321807861
G,C,234,-0.482099,0.482099,9.731428571428571,True,-5.02996826171875
A,E,256,-0.481282,0.481282,5.840999999999999,False,-2.2143402099609375
A,Y,102,-0.481131,0.481131,5.936,False,-11.000049591064453
K,N,259,-0.480805,0.480805,7.248636363636361,False,-3.8446998596191406
G,S,164,-0.48036,0.48036,6.017142857142857,False,-4.073330879211426
Q,M,127,-0.477397,0.477397,4.808823529411765,False,3.8087997436523438
I,A,200,-0.472993,0.472993,6.983157894736842,False,-2.9739747047424316
E,Q,231,-0.472752,0.472752,7.0,False,-1.5258736610412598
Y,T,69,-0.471611,0.471611,6.4990476190476185,False,-5.478580951690674
R,D,280,-0.469329,0.469329,20.504583333333333,True,0.502918004989624
A,N,130,-0.467532,0.467532,5.438999999999999,False,-4.475409507751465
S,K,223,-0.466508,0.466508,10.24909090909091,True,-2.7531490325927734
H,A,104,-0.466405,0.466405,5.963125,False,-1.1359193325042725
Q,P,133,-0.465405,0.465405,7.07,False,-6.619801998138428
R,H,224,-0.464451,0.464451,11.577916666666667,True,-1.0758347511291504
S,W,103,-0.462755,0.462755,6.042727272727274,False,-11.134847640991211
S,Q,290,-0.459754,0.459754,21.185454545454544,True,-1.1630167961120605
I,D,83,-0.45915,0.45915,4.863684210526316,False,-6.762520790100098
S,Y,103,-0.458418,0.458418,6.042727272727274,False,-9.095932006835938
P,W,197,-0.458186,0.458186,6.272857142857142,False,-12.287798881530762
P,V,184,-0.457537,0.457537,7.236428571428571,False,-3.8784403800964355
T,C,88,-0.456867,0.456867,7.037142857142858,False,-5.32357120513916
T,Y,151,-0.45682,0.45682,9.882857142857144,True,-4.368539810180664
I,M,200,-0.456691,0.456691,6.983157894736842,False,-1.2554781436920166
M,N,154,-0.45576,0.45576,5.995882352941176,False,-3.802783489227295
T,I,140,-0.455191,0.455191,13.3,True,-3.4989278316497803
P,S,197,-0.452204,0.452204,6.272857142857142,False,-5.26768684387207
H,N,104,-0.451324,0.451324,5.963125,False,-0.20920944213867188
S,V,103,-0.449369,0.449369,6.042727272727274,False,-8.618387222290039
R,D,132,-0.447505,0.447505,7.2491666666666665,False,1.4150134325027466
V,C,57,-0.445972,0.445972,8.19875,False,-5.593540191650391
R,K,280,-0.445881,0.445881,20.504583333333333,True,-0.2866251468658447
A,W,80,-0.445119,0.445119,5.226000000000001,False,-10.773120880126953
A,D,65,-0.44441,0.44441,6.192,False,-0.7409415245056152
A,P,256,-0.444376,0.444376,5.840999999999999,False,-2.065047264099121
T,E,67,-0.444375,0.444375,6.3342857142857145,False,-2.988750457763672
A,F,256,-0.442062,0.442062,5.840999999999999,False,-4.669734954833984
V,Q,281,-0.44033,0.44033,8.016250000000001,False,-1.0217618942260742
K,A,259,-0.439955,0.439955,7.248636363636361,False,-4.296921253204346
V,Y,57,-0.437292,0.437292,8.19875,False,0.272743821144104
R,P,34,-0.435866,0.435866,8.38,False,-1.5299687385559082
C,M,289,-0.435049,0.435049,9.798,True,0.9885778427124023
R,C,285,-0.433118,0.433118,10.415000000000001,True,-1.9529576301574707
V,C,84,-0.42836,0.42836,5.859375,False,-3.1765379905700684
S,D,290,-0.428282,0.428282,21.185454545454544,True,-0.8263821601867676
V,L,57,-0.428177,0.428177,8.19875,False,-0.27394771575927734
R,E,132,-0.42645,0.42645,7.2491666666666665,False,0.2692880630493164
I,Y,250,-0.424257,0.424257,6.0668421052631585,False,-1.5026975870132446
G,A,76,-0.423128,0.423128,10.078571428571427,True,-0.8748383522033691
S,E,290,-0.422334,0.422334,21.185454545454544,True,-1.2503385543823242
M,L,258,-0.42233,0.42233,5.782352941176471,False,1.694361686706543
S,K,115,-0.421105,0.421105,8.682727272727272,False,-4.812186241149902
A,E,40,-0.419895,0.419895,10.168000000000001,True,-1.3864481449127197
N,F,277,-0.418856,0.418856,10.964285714285714,True,-1.6317458152770996
L,K,216,-0.416859,0.416859,10.890526315789474,True,1.8796664476394653
T,L,67,-0.416489,0.416489,6.3342857142857145,False,-3.528535842895508
Q,W,127,-0.415849,0.415849,4.808823529411765,False,-2.0335311889648438
N,V,277,-0.41412,0.41412,10.964285714285714,True,-0.8879561424255371
V,I,196,-0.413063,0.413063,6.464375,False,-1.3729230165481567
M,E,128,-0.41305,0.41305,5.524705882352941,False,0.2730097770690918
A,N,33,-0.412833,0.412833,8.857999999999999,False,-1.7409963607788086
M,W,128,-0.412318,0.412318,5.524705882352941,False,-3.052394390106201
N,G,277,-0.410796,0.410796,10.964285714285714,True,0.41350460052490234
G,I,163,-0.409309,0.409309,5.241428571428571,False,-12.977636337280273
E,S,231,-0.409232,0.409232,7.0,False,-1.8953726291656494
S,K,290,-0.408191,0.408191,21.185454545454544,True,-1.396904468536377
S,V,136,-0.406218,0.406218,10.832727272727274,True,-2.3194079399108887
D,Q,150,-0.405925,0.405925,7.190000000000001,False,-5.635959625244141
G,D,147,-0.404281,0.404281,10.142857142857142,True,-3.655310869216919
L,P,249,-0.398303,0.398303,9.856315789473685,True,-1.3478724956512451
G,M,163,-0.396819,0.396819,5.241428571428571,False,-12.51013469696045
M,H,222,-0.395819,0.395819,8.58529411764706,False,-4.0896172523498535
V,H,78,-0.394478,0.394478,6.54375,False,-0.6789076328277588
S,Y,61,-0.392952,0.392952,8.43909090909091,False,-2.209109306335449
T,P,67,-0.391831,0.391831,6.3342857142857145,False,-9.196464538574219
R,A,224,-0.391431,0.391431,11.577916666666667,True,1.3192145824432373
R,I,100,-0.390219,0.390219,7.314583333333334,False,-1.2940630912780762
S,M,207,-0.389314,0.389314,10.32,True,-3.2560901641845703
S,W,282,-0.389258,0.389258,7.555454545454546,False,-1.916793942451477
S,V,207,-0.388908,0.388908,10.32,True,-1.661003589630127
T,K,279,-0.388643,0.388643,14.200000000000001,True,-1.613741397857666
Q,V,126,-0.388504,0.388504,5.671176470588235,False,-4.236459255218506
A,Q,65,-0.388237,0.388237,6.192,False,-0.5992894172668457
T,G,270,-0.388228,0.388228,11.829285714285714,True,-0.6710376739501953
S,T,207,-0.387411,0.387411,10.32,True,0.901543140411377
T,A,51,-0.386581,0.386581,10.149285714285714,True,-1.800766944885254
A,P,248,-0.385409,0.385409,7.4799999999999995,False,-0.6083431243896484
P,Y,276,-0.383869,0.383869,11.277142857142858,True,-1.5342795848846436
G,M,79,-0.381929,0.381929,5.412857142857143,False,-8.667234420776367
Y,N,219,-0.379814,0.379814,8.032380952380953,False,-7.264852523803711
G,K,234,-0.379008,0.379008,9.731428571428571,True,-4.35140323638916
S,L,103,-0.37799,0.37799,6.042727272727274,False,-8.387531280517578
A,G,256,-0.374551,0.374551,5.840999999999999,False,-2.347480297088623
I,M,218,-0.374422,0.374422,8.567894736842103,False,-0.5146040916442871
S,T,58,-0.373678,0.373678,11.760000000000002,True,-0.838415265083313
T,M,286,-0.373359,0.373359,7.402142857142857,False,-2.472949504852295
N,W,277,-0.371142,0.371142,10.964285714285714,True,-2.09731388092041
R,V,224,-0.370908,0.370908,11.577916666666667,True,-0.4143190383911133
N,F,275,-0.370622,0.370622,8.513571428571428,False,-1.774712085723877
A,L,152,-0.368805,0.368805,8.272,False,-2.8605635166168213
Q,C,127,-0.368153,0.368153,4.808823529411765,False,-0.22873449325561523
L,M,137,-0.363327,0.363327,10.533684210526316,True,-2.4922990798950195
W,L,257,-0.362896,0.362896,5.465,False,-6.825816631317139
N,M,277,-0.361327,0.361327,10.964285714285714,True,-2.9649410247802734
V,M,52,-0.359679,0.359679,8.20375,False,-3.082791328430176
R,K,285,-0.359466,0.359466,10.415000000000001,True,-0.16423606872558594
L,K,230,-0.358529,0.358529,7.260526315789474,False,-5.721495628356934
R,C,132,-0.357811,0.357811,7.2491666666666665,False,-7.0204949378967285
T,A,88,-0.35736,0.35736,7.037142857142858,False,-2.2902495861053467
S,L,223,-0.357317,0.357317,10.24909090909091,True,-4.51350736618042
G,W,48,-0.355952,0.355952,7.865714285714286,False,-8.7056884765625
G,I,164,-0.353869,0.353869,6.017142857142857,False,-7.419071197509766
E,G,204,-0.351193,0.351193,8.534,False,0.9498364925384521
R,M,34,-0.35028,0.35028,8.38,False,-2.4678263664245605
C,K,289,-0.349519,0.349519,9.798,True,1.5791473388671875
S,T,103,-0.347579,0.347579,6.042727272727274,False,-5.142207145690918
I,K,111,-0.344248,0.344248,5.936315789473684,False,-10.461775779724121
T,V,88,-0.342491,0.342491,7.037142857142858,False,-2.939390182495117
Q,G,126,-0.33851,0.33851,5.671176470588235,False,-4.393644332885742
R,L,224,-0.337031,0.337031,11.577916666666667,True,-1.324772834777832
A,K,256,-0.335921,0.335921,5.840999999999999,False,-4.689674377441406
A,Q,130,-0.335015,0.335015,5.438999999999999,False,-6.786835193634033
T,Q,56,-0.334243,0.334243,9.68857142857143,False,-1.5447218418121338
R,Q,153,-0.333336,0.333336,6.40125,False,-3.0120253562927246
S,E,223,-0.333141,0.333141,10.24909090909091,True,-3.9700236320495605
F,Y,261,-0.332177,0.332177,6.3215,False,0.2024374008178711
L,T,249,-0.33214,0.33214,9.856315789473685,True,0.3255927562713623
D,L,186,-0.331589,0.331589,10.890833333333333,True,1.1997876167297363
G,V,48,-0.330487,0.330487,7.865714285714286,False,-6.622408866882324
T,D,67,-0.329665,0.329665,6.3342857142857145,False,-1.7745341062545776
P,I,217,-0.328905,0.328905,10.007142857142856,True,-6.200711250305176
N,K,233,-0.328192,0.328192,11.019999999999998,True,-0.2543601989746094
A,M,152,-0.327711,0.327711,8.272,False,-3.867853879928589
H,W,104,-0.326109,0.326109,5.963125,False,0.05717754364013672
I,M,111,-0.324146,0.324146,5.936315789473684,False,-1.394467830657959
N,L,205,-0.323967,0.323967,11.137857142857143,True,-2.239499092102051
S,L,136,-0.323619,0.323619,10.832727272727274,True,-2.309500217437744
A,C,65,-0.322673,0.322673,6.192,False,-5.713449954986572
N,Y,205,-0.322271,0.322271,11.137857142857143,True,-2.8120229244232178
I,N,200,-0.319228,0.319228,6.983157894736842,False,-5.307885646820068
A,W,256,-0.318972,0.318972,5.840999999999999,False,-5.5723443031311035
A,Y,82,-0.318096,0.318096,4.566,False,-6.7263288497924805
P,F,197,-0.317752,0.317752,6.272857142857142,False,-11.867301940917969
S,F,207,-0.31677,0.31677,10.32,True,-2.333489418029785
G,D,234,-0.315861,0.315861,9.731428571428571,True,-3.1346678733825684
T,S,72,-0.314731,0.314731,9.525,False,0.12029862403869629
V,K,57,-0.31254,0.31254,8.19875,False,-4.902288436889648
G,H,62,-0.31217,0.31217,7.877142857142856,False,-4.833467960357666
T,C,56,-0.310571,0.310571,9.68857142857143,False,-8.173563957214355
G,R,76,-0.310384,0.310384,10.078571428571427,True,-1.5645439624786377
S,R,290,-0.309705,0.309705,21.185454545454544,True,-0.7233788967132568
N,Q,288,-0.308236,0.308236,10.087142857142856,True,-0.7178504467010498
V,I,281,-0.308197,0.308197,8.016250000000001,False,-0.32668328285217285
V,P,281,-0.307888,0.307888,8.016250000000001,False,-0.5935585498809814
V,T,57,-0.305507,0.305507,8.19875,False,-0.8898446559906006
K,L,148,-0.304618,0.304618,12.941818181818183,True,-3.2087929248809814
D,R,186,-0.304417,0.304417,10.890833333333333,True,-2.3521080017089844
S,W,223,-0.304117,0.304117,10.24909090909091,True,-5.577728748321533
T,D,140,-0.301779,0.301779,13.3,True,-1.4358699321746826
M,T,154,-0.301689,0.301689,5.995882352941176,False,0.7672126293182373
C,H,289,-0.301481,0.301481,9.798,True,0.6969079971313477
L,R,199,-0.300574,0.300574,5.682631578947368,False,-6.5061421394348145
S,E,136,-0.298574,0.298574,10.832727272727274,True,-0.8524680137634277
A,Y,248,-0.297502,0.297502,7.4799999999999995,False,-1.956498146057129
T,W,67,-0.296561,0.296561,6.3342857142857145,False,-5.905607223510742
Y,H,146,-0.296167,0.296167,10.533809523809522,True,-1.2373616695404053
T,C,286,-0.295515,0.295515,7.402142857142857,False,-2.7174673080444336
F,H,271,-0.294343,0.294343,8.346,False,-5.997312545776367
K,I,259,-0.291599,0.291599,7.248636363636361,False,-5.201607704162598
M,H,161,-0.29128,0.29128,7.67529411764706,False,-9.02746868133545
M,V,222,-0.290829,0.290829,8.58529411764706,False,0.9238275289535522
A,Q,256,-0.290339,0.290339,5.840999999999999,False,-3.32466983795166
S,C,58,-0.290138,0.290138,11.760000000000002,True,-7.435753345489502
F,K,106,-0.289239,0.289239,6.09,False,-11.762517929077148
R,I,153,-0.287392,0.287392,6.40125,False,-8.461874008178711
A,Q,135,-0.28692,0.28692,10.228,True,-1.6242780685424805
F,M,191,-0.285492,0.285492,9.012999999999998,False,-1.6052870750427246
Q,W,126,-0.284844,0.284844,5.671176470588235,False,-6.883232116699219
S,N,223,-0.284117,0.284117,10.24909090909091,True,-1.2567758560180664
L,V,199,-0.282639,0.282639,5.682631578947368,False,-3.045747756958008
P,N,217,-0.282556,0.282556,10.007142857142856,True,-2.560368061065674
M,A,154,-0.282486,0.282486,5.995882352941176,False,0.7167551517486572
D,K,186,-0.282189,0.282189,10.890833333333333,True,-3.620236396789551
R,D,153,-0.280838,0.280838,6.40125,False,-5.236775875091553
S,P,290,-0.280209,0.280209,21.185454545454544,True,-0.6035568714141846
S,T,245,-0.279637,0.279637,8.448181818181817,False,-0.42851579189300537
I,Q,200,-0.279451,0.279451,6.983157894736842,False,-5.146063804626465
Q,L,133,-0.278307,0.278307,7.07,False,-1.0745949745178223
V,I,57,-0.278218,0.278218,8.19875,False,-0.08489203453063965
S,F,58,-0.277238,0.277238,11.760000000000002,True,-5.515952110290527
T,D,198,-0.27581,0.27581,5.759285714285715,False,-6.438340187072754
T,P,198,-0.275421,0.275421,5.759285714285715,False,-8.42353343963623
R,Y,132,-0.275379,0.275379,7.2491666666666665,False,-3.65507173538208
T,W,140,-0.273349,0.273349,13.3,True,-5.315417289733887
F,S,50,-0.273093,0.273093,7.846500000000001,False,-3.256070613861084
I,Q,218,-0.272568,0.272568,8.567894736842103,False,-2.2572872638702393
Q,H,133,-0.271982,0.271982,7.07,False,0.23363852500915527
I,L,218,-0.270302,0.270302,8.567894736842103,False,1.2262561321258545
S,W,290,-0.269455,0.269455,21.185454545454544,True,-1.1113395690917969
S,H,290,-0.267188,0.267188,21.185454545454544,True,-2.295712471008301
S,F,290,-0.266471,0.266471,21.185454545454544,True,-1.7297606468200684
G,I,62,-0.265681,0.265681,7.877142857142856,False,-2.991330146789551
L,H,249,-0.264784,0.264784,9.856315789473685,True,-3.0471227169036865
S,M,223,-0.264534,0.264534,10.24909090909091,True,-5.880818843841553
P,Y,197,-0.261733,0.261733,6.272857142857142,False,-11.489452362060547
S,F,124,-0.261362,0.261362,5.309090909090909,False,-4.297296524047852
G,R,35,-0.261116,0.261116,8.667142857142858,False,-8.486603736877441
S,T,238,-0.260979,0.260979,7.649090909090908,False,-0.9802734851837158
S,K,245,-0.259088,0.259088,8.448181818181817,False,-3.176669120788574
R,P,53,-0.25676,0.25676,14.145833333333334,True,-3.138655185699463
V,C,52,-0.256757,0.256757,8.20375,False,-5.606522083282471
L,N,101,-0.256587,0.256587,6.257894736842106,False,-8.732007026672363
R,I,132,-0.255831,0.255831,7.2491666666666665,False,-4.555613040924072
G,R,243,-0.255687,0.255687,7.711428571428572,False,-2.4752731323242188
M,C,258,-0.25544,0.25544,5.782352941176471,False,-6.106253623962402
T,C,67,-0.252855,0.252855,6.3342857142857145,False,-8.719730377197266
G,P,62,-0.252822,0.252822,7.877142857142856,False,-2.743540048599243
L,Q,199,-0.252616,0.252616,5.682631578947368,False,-2.872415065765381
A,C,135,-0.251468,0.251468,10.228,True,-6.188820838928223
A,N,65,-0.250443,0.250443,6.192,False,0.8472237586975098
Q,K,126,-0.250114,0.250114,5.671176470588235,False,-5.219277858734131
D,E,186,-0.25011,0.25011,10.890833333333333,True,-2.0828099250793457
G,Q,234,-0.249772,0.249772,9.731428571428571,True,-4.610335826873779
S,C,103,-0.249539,0.249539,6.042727272727274,False,-9.235889434814453
S,A,207,-0.248963,0.248963,10.32,True,-1.2056963443756104
S,F,125,-0.247418,0.247418,6.784545454545454,False,-4.229219913482666
A,R,40,-0.246528,0.246528,10.168000000000001,True,-2.0896952152252197
G,P,98,-0.244912,0.244912,5.671428571428572,False,-9.030153274536133
Q,S,133,-0.241828,0.241828,7.07,False,0.2558152675628662
G,L,163,-0.240723,0.240723,5.241428571428571,False,-13.216886520385742
E,H,231,-0.238785,0.238785,7.0,False,-4.572844982147217
T,I,67,-0.238574,0.238574,6.3342857142857145,False,-2.8398237228393555
Y,P,146,-0.236489,0.236489,10.533809523809522,True,-3.589158058166504
A,H,256,-0.234488,0.234488,5.840999999999999,False,-5.411452293395996
Y,W,146,-0.233009,0.233009,10.533809523809522,True,-3.112156867980957
R,T,224,-0.232568,0.232568,11.577916666666667,True,2.2210545539855957
M,K,161,-0.231903,0.231903,7.67529411764706,False,-5.232715129852295
R,K,100,-0.231846,0.231846,7.314583333333334,False,-2.1944496631622314
Q,H,126,-0.231683,0.231683,5.671176470588235,False,-4.89504861831665
S,P,136,-0.229596,0.229596,10.832727272727274,True,-6.0720391273498535
T,Y,56,-0.22959,0.22959,9.68857142857143,False,-3.152848482131958
G,C,163,-0.227906,0.227906,5.241428571428571,False,-10.551347732543945
S,C,207,-0.226102,0.226102,10.32,True,-3.1194076538085938
I,M,83,-0.225175,0.225175,4.863684210526316,False,-1.4618711471557617
S,K,136,-0.222866,0.222866,10.832727272727274,True,-1.7050650119781494
A,K,130,-0.222518,0.222518,5.438999999999999,False,-9.797985076904297
A,I,152,-0.221789,0.221789,8.272,False,-4.6964216232299805
T,S,286,-0.221548,0.221548,7.402142857142857,False,0.32639503479003906
T,R,39,-0.220906,0.220906,10.128571428571428,True,-2.576185941696167
R,L,153,-0.220598,0.220598,6.40125,False,-6.166371822357178
S,R,125,-0.219508,0.219508,6.784545454545454,False,-1.8064332008361816
P,E,184,-0.218849,0.218849,7.236428571428571,False,-8.169116020202637
R,W,224,-0.218593,0.218593,11.577916666666667,True,-2.6658153533935547
V,W,57,-0.218117,0.218117,8.19875,False,-0.7517843246459961
S,Y,92,-0.217769,0.217769,7.476363636363637,False,-4.54597282409668
H,I,104,-0.217621,0.217621,5.963125,False,-6.330977439880371
G,A,164,-0.216547,0.216547,6.017142857142857,False,-2.544046401977539
A,L,256,-0.216509,0.216509,5.840999999999999,False,-2.725447177886963
C,Y,289,-0.21582,0.21582,9.798,True,1.9356966018676758
E,R,231,-0.215489,0.215489,7.0,False,-3.080753803253174
V,H,68,-0.214687,0.214687,6.86875,False,-8.689586639404297
N,A,277,-0.209715,0.209715,10.964285714285714,True,0.4270353317260742
I,P,218,-0.20853,0.20853,8.567894736842103,False,-5.892012596130371
I,G,218,-0.207978,0.207978,8.567894736842103,False,-3.4662110805511475
R,H,100,-0.207766,0.207766,7.314583333333334,False,-1.3002407550811768
V,Q,57,-0.207416,0.207416,8.19875,False,-2.7355570793151855
Q,S,127,-0.207361,0.207361,4.808823529411765,False,0.6295413970947266
T,W,270,-0.206471,0.206471,11.829285714285714,True,-3.546792984008789
M,E,157,-0.206457,0.206457,4.648235294117647,False,-4.780699729919434
R,K,153,-0.204765,0.204765,6.40125,False,-1.1279644966125488
R,L,132,-0.204584,0.204584,7.2491666666666665,False,-2.8512520790100098
S,A,290,-0.204343,0.204343,21.185454545454544,True,-0.5289888381958008
P,L,197,-0.203588,0.203588,6.272857142857142,False,-9.435693740844727
R,P,153,-0.202987,0.202987,6.40125,False,-7.609989166259766
V,E,57,-0.202476,0.202476,8.19875,False,-2.709738254547119
G,T,163,-0.202303,0.202303,5.241428571428571,False,-10.28605842590332
I,D,200,-0.198838,0.198838,6.983157894736842,False,-7.326880931854248
L,Y,199,-0.198058,0.198058,5.682631578947368,False,-2.7495758533477783
T,A,72,-0.19532,0.19532,9.525,False,-0.03541755676269531
S,C,290,-0.194912,0.194912,21.185454545454544,True,-3.7039732933044434
R,K,224,-0.194888,0.194888,11.577916666666667,True,-0.18394088745117188
R,I,280,-0.194218,0.194218,20.504583333333333,True,0.14017701148986816
G,E,243,-0.193652,0.193652,7.711428571428572,False,-2.223625659942627
N,G,190,-0.193004,0.193004,12.629285714285714,True,-1.2515149116516113
T,G,88,-0.192383,0.192383,7.037142857142858,False,-1.7889454364776611
G,L,98,-0.189487,0.189487,5.671428571428572,False,-7.961170196533203
S,L,290,-0.187056,0.187056,21.185454545454544,True,-1.0808844566345215
I,G,200,-0.186555,0.186555,6.983157894736842,False,-6.143185138702393
G,N,163,-0.18249,0.18249,5.241428571428571,False,-12.364217758178711
I,H,218,-0.181649,0.181649,8.567894736842103,False,-1.7641675472259521
T,W,286,-0.181229,0.181229,7.402142857142857,False,-1.9575457572937012
N,H,277,-0.180999,0.180999,10.964285714285714,True,-2.7666239738464355
A,I,40,-0.18095,0.18095,10.168000000000001,True,1.1637400388717651
W,T,159,-0.180314,0.180314,5.376666666666668,False,-4.646637916564941
N,K,205,-0.180094,0.180094,11.137857142857143,True,-1.9420573711395264
T,P,286,-0.178564,0.178564,7.402142857142857,False,-0.2211897373199463
S,Q,136,-0.178501,0.178501,10.832727272727274,True,-0.6023101806640625
M,Y,222,-0.177147,0.177147,8.58529411764706,False,-3.2581849098205566
R,E,224,-0.17692,0.17692,11.577916666666667,True,-1.837174892425537
R,H,153,-0.174893,0.174893,6.40125,False,-2.3093791007995605
R,W,53,-0.174864,0.174864,14.145833333333334,True,-6.835551738739014
R,H,132,-0.173503,0.173503,7.2491666666666665,False,-1.7304062843322754
R,S,132,-0.172449,0.172449,7.2491666666666665,False,0.8183145523071289
E,N,204,-0.170757,0.170757,8.534,False,-1.2430164813995361
S,D,223,-0.170647,0.170647,10.24909090909091,True,-1.8342640399932861
S,W,136,-0.170536,0.170536,10.832727272727274,True,-4.925959587097168
G,V,234,-0.169548,0.169548,9.731428571428571,True,-5.355319976806641
V,K,78,-0.165879,0.165879,6.54375,False,-1.8024981021881104
L,D,291,-0.163139,0.163139,35.33944444444444,True,-0.6047306060791016
W,A,159,-0.163027,0.163027,5.376666666666668,False,-3.532254219055176
W,N,159,-0.159855,0.159855,5.376666666666668,False,-5.95479679107666
D,I,186,-0.159428,0.159428,10.890833333333333,True,0.4599180221557617
A,L,41,-0.157577,0.157577,10.251,True,-1.927091360092163
T,R,88,-0.156711,0.156711,7.037142857142858,False,-3.81028151512146
T,Y,189,-0.153862,0.153862,11.485714285714282,True,-0.8667235374450684
R,F,285,-0.153401,0.153401,10.415000000000001,True,-0.23949027061462402
T,H,198,-0.152379,0.152379,5.759285714285715,False,-4.455888748168945
G,L,234,-0.151657,0.151657,9.731428571428571,True,-5.460453510284424
T,M,88,-0.145895,0.145895,7.037142857142858,False,-3.3575971126556396
I,N,218,-0.145592,0.145592,8.567894736842103,False,-2.0168941020965576
T,N,140,-0.144136,0.144136,13.3,True,0.08532476425170898
L,N,199,-0.143938,0.143938,5.682631578947368,False,-5.6239705085754395
T,S,67,-0.143463,0.143463,6.3342857142857145,False,-2.086477279663086
E,G,231,-0.142829,0.142829,7.0,False,-3.897127389907837
S,K,193,-0.142817,0.142817,14.020000000000003,True,-0.2823657989501953
F,D,50,-0.142628,0.142628,7.846500000000001,False,-4.711470127105713
S,G,223,-0.142005,0.142005,10.24909090909091,True,0.1454172134399414
E,K,204,-0.141818,0.141818,8.534,False,-2.175936222076416
V,R,52,-0.138807,0.138807,8.20375,False,-1.3521862030029297
S,R,103,-0.137955,0.137955,6.042727272727274,False,-7.152625560760498
P,L,184,-0.136693,0.136693,7.236428571428571,False,-4.147609233856201
S,M,290,-0.136641,0.136641,21.185454545454544,True,-2.8138179779052734
G,Y,66,-0.13449,0.13449,6.5042857142857144,False,-6.780815124511719
V,S,281,-0.133188,0.133188,8.016250000000001,False,0.21001839637756348
A,W,152,-0.130644,0.130644,8.272,False,-6.31693172454834
L,I,101,-0.129715,0.129715,6.257894736842106,False,-1.3990169763565063
V,M,281,-0.129589,0.129589,8.016250000000001,False,-1.7183048725128174
F,R,50,-0.127467,0.127467,7.846500000000001,False,-5.325582027435303
N,I,225,-0.126684,0.126684,7.584285714285714,False,-2.1047141551971436
N,Y,264,-0.126585,0.126585,7.979999999999999,False,-4.239837169647217
A,T,226,-0.126455,0.126455,7.148000000000001,False,0.15841054916381836
Q,F,127,-0.125744,0.125744,4.808823529411765,False,1.6901178359985352
G,K,105,-0.125416,0.125416,5.915714285714286,False,-9.006771087646484
Y,L,63,-0.125269,0.125269,6.3638095238095245,False,0.28165674209594727
L,I,199,-0.123884,0.123884,5.682631578947368,False,-3.00941801071167
A,M,130,-0.123031,0.123031,5.438999999999999,False,-5.251953601837158
C,R,289,-0.122819,0.122819,9.798,True,2.2332262992858887
S,L,193,-0.119867,0.119867,14.020000000000003,True,-2.6540002822875977
V,Q,52,-0.118449,0.118449,8.20375,False,-0.2255396842956543
N,K,172,-0.117941,0.117941,8.973571428571429,False,-0.7695822715759277
W,H,257,-0.116836,0.116836,5.465,False,-7.792107105255127
T,M,67,-0.116353,0.116353,6.3342857142857145,False,-5.573398590087891
R,T,280,-0.115642,0.115642,20.504583333333333,True,1.3852317333221436
R,D,53,-0.114,0.114,14.145833333333334,True,-0.8897888660430908
G,H,234,-0.112749,0.112749,9.731428571428571,True,-4.557797431945801
S,R,207,-0.111735,0.111735,10.32,True,-1.8028223514556885
E,Q,44,-0.10873,0.10873,7.870666666666668,False,0.791090726852417
R,P,224,-0.108334,0.108334,11.577916666666667,True,0.8742837905883789
G,S,62,-0.108014,0.108014,7.877142857142856,False,-1.5740807056427002
A,L,130,-0.107395,0.107395,5.438999999999999,False,-4.917198181152344
V,N,52,-0.107129,0.107129,8.20375,False,-1.0352249145507812
I,K,83,-0.106185,0.106185,4.863684210526316,False,-10.746786117553711
Y,E,69,-0.106023,0.106023,6.4990476190476185,False,-8.416977882385254
G,H,147,-0.103861,0.103861,10.142857142857142,True,-5.72697114944458
Y,I,219,-0.103491,0.103491,8.032380952380953,False,-5.450372695922852
G,N,164,-0.102027,0.102027,6.017142857142857,False,-7.053679466247559
I,C,200,-0.101158,0.101158,6.983157894736842,False,-5.091318607330322
S,P,221,-0.0996255,0.0996255,9.238181818181816,False,-5.30552864074707
Y,K,219,-0.0981252,0.0981252,8.032380952380953,False,-8.248841285705566
T,M,198,-0.0974518,0.0974518,5.759285714285715,False,-3.6355183124542236
S,G,125,-0.0961878,0.0961878,6.784545454545454,False,-1.0903987884521484
G,V,62,-0.0950654,0.0950654,7.877142857142856,False,-2.6922309398651123
M,K,128,-0.0938539,0.0938539,5.524705882352941,False,-1.2392959594726562
S,K,282,-0.0924588,0.0924588,7.555454545454546,False,-1.8708568811416626
F,K,261,-0.0918921,0.0918921,6.3215,False,-5.180335998535156
A,F,152,-0.0890099,0.0890099,8.272,False,-5.2865400314331055
T,R,67,-0.08893,0.08893,6.3342857142857145,False,-3.6799674034118652
Y,S,146,-0.088435,0.088435,10.533809523809522,True,0.4737582206726074
K,P,259,-0.0880219,0.0880219,7.248636363636361,False,-10.693472862243652
G,T,147,-0.0879178,0.0879178,10.142857142857142,True,-3.8534505367279053
A,M,256,-0.087917,0.087917,5.840999999999999,False,-4.196721076965332
G,A,62,-0.0876534,0.0876534,7.877142857142856,False,-2.150308609008789
P,G,184,-0.0872962,0.0872962,7.236428571428571,False,-4.71065092086792
S,G,103,-0.0871904,0.0871904,6.042727272727274,False,-5.537620544433594
T,F,88,-0.085506,0.085506,7.037142857142858,False,-3.7314469814300537
G,M,76,-0.0846921,0.0846921,10.078571428571427,True,-5.347376823425293
T,R,72,-0.0843285,0.0843285,9.525,False,-2.042923927307129
G,F,234,-0.0829405,0.0829405,9.731428571428571,True,-6.265758514404297
G,K,164,-0.0802817,0.0802817,6.017142857142857,False,-9.133649826049805
N,C,275,-0.0783529,0.0783529,8.513571428571428,False,-3.0242209434509277
A,C,256,-0.0781732,0.0781732,5.840999999999999,False,-5.382986068725586
Y,V,69,-0.0776148,0.0776148,6.4990476190476185,False,-6.59005880355835
G,M,234,-0.0774434,0.0774434,9.731428571428571,True,-7.3212571144104
T,L,286,-0.0766857,0.0766857,7.402142857142857,False,-0.8257498741149902
S,W,238,-0.0756315,0.0756315,7.649090909090908,False,-1.942901849746704
G,Y,75,-0.0755787,0.0755787,12.828571428571427,True,-2.6973519325256348
S,V,290,-0.0748595,0.0748595,21.185454545454544,True,-0.8110644817352295
F,P,106,-0.0734889,0.0734889,6.09,False,-12.4954833984375
G,N,234,-0.0730862,0.0730862,9.731428571428571,True,-1.7582505941390991
A,S,256,-0.0721042,0.0721042,5.840999999999999,False,-1.6652954816818237
Y,H,63,-0.0714875,0.0714875,6.3638095238095245,False,-1.4610300064086914
P,Y,71,-0.0707487,0.0707487,7.3478571428571415,False,-10.172492980957031
A,N,152,-0.0697734,0.0697734,8.272,False,0.6011478900909424
G,A,234,-0.0685228,0.0685228,9.731428571428571,True,-3.509031295776367
S,A,125,-0.065214,0.065214,6.784545454545454,False,0.48700201511383057
G,T,234,-0.0649137,0.0649137,9.731428571428571,True,-3.490471601486206
T,N,51,-0.0636673,0.0636673,10.149285714285714,True,-2.3755178451538086
S,M,282,-0.0633967,0.0633967,7.555454545454546,False,-2.687187671661377
C,Q,289,-0.0630116,0.0630116,9.798,True,2.0325756072998047
Y,W,219,-0.0617622,0.0617622,8.032380952380953,False,-1.3102388381958008
S,E,143,-0.0604088,0.0604088,10.660909090909088,True,-4.933084487915039
E,C,274,-0.0592157,0.0592157,8.980666666666666,False,-3.1257517337799072
G,C,76,-0.0584804,0.0584804,10.078571428571427,True,-4.363790512084961
V,H,57,-0.056336,0.056336,8.19875,False,-4.499722480773926
V,Q,196,-0.0560766,0.0560766,6.464375,False,-1.007583737373352
L,C,291,-0.0554418,0.0554418,35.33944444444444,True,-2.241452217102051
A,Q,40,-0.0516879,0.0516879,10.168000000000001,True,-1.3285648822784424
T,G,198,-0.0513137,0.0513137,5.759285714285715,False,-3.1616129875183105
A,F,80,-0.0512411,0.0512411,5.226000000000001,False,-7.635893821716309
E,W,231,-0.0495881,0.0495881,7.0,False,-5.030545234680176
P,A,197,-0.0481959,0.0481959,6.272857142857142,False,-4.783878803253174
W,V,159,-0.0469258,0.0469258,5.376666666666668,False,-3.9641032218933105
A,N,40,-0.042562,0.042562,10.168000000000001,True,-1.890263319015503
A,W,40,-0.0422827,0.0422827,10.168000000000001,True,-3.952909231185913
G,V,76,-0.0411411,0.0411411,10.078571428571427,True,-3.1447203159332275
A,D,248,-0.0410245,0.0410245,7.4799999999999995,False,0.4578831195831299
R,C,153,-0.04055,0.04055,6.40125,False,-7.250735282897949
S,H,136,-0.0394589,0.0394589,10.832727272727274,True,-3.7489891052246094
I,H,111,-0.0388941,0.0388941,5.936315789473684,False,-8.084033012390137
Q,A,126,-0.0369709,0.0369709,5.671176470588235,False,-2.3039791584014893
R,I,53,-0.0358677,0.0358677,14.145833333333334,True,-4.680622577667236
S,I,238,-0.0356967,0.0356967,7.649090909090908,False,-1.387660264968872
T,F,67,-0.0350254,0.0350254,6.3342857142857145,False,-5.278481960296631
S,C,125,-0.0349717,0.0349717,6.784545454545454,False,-7.092653274536133
R,A,153,-0.034357,0.034357,6.40125,False,-3.3969552516937256
D,A,186,-0.0342778,0.0342778,10.890833333333333,True,0.25809192657470703
I,F,218,-0.0340885,0.0340885,8.567894736842103,False,2.1041650772094727
S,G,290,-0.0335993,0.0335993,21.185454545454544,True,-0.49504518508911133
V,M,57,-0.0335438,0.0335438,8.19875,False,-2.3770532608032227
L,S,249,-0.0329763,0.0329763,9.856315789473685,True,-0.3042280673980713
A,T,256,-0.0314668,0.0314668,5.840999999999999,False,-2.2846994400024414
N,M,205,-0.0305724,0.0305724,11.137857142857143,True,-4.613091468811035
A,T,152,-0.0305221,0.0305221,8.272,False,1.6711699962615967
S,I,136,-0.029957,0.029957,10.832727272727274,True,-3.1796798706054688
M,P,258,-0.0299369,0.0299369,5.782352941176471,False,-9.24311351776123
G,A,163,-0.0280503,0.0280503,5.241428571428571,False,-4.088675022125244
S,R,238,-0.0276119,0.0276119,7.649090909090908,False,-2.862449884414673
N,Y,233,-0.0271052,0.0271052,11.019999999999998,True,-0.6160285472869873
V,S,78,-0.0260633,0.0260633,6.54375,False,-2.68717885017395
E,P,44,-0.0252713,0.0252713,7.870666666666668,False,0.6925778388977051
L,C,199,-0.0230033,0.0230033,5.682631578947368,False,-5.579737663269043
S,V,143,-0.0227777,0.0227777,10.660909090909088,True,-6.393650531768799
S,K,166,-0.0219622,0.0219622,4.923636363636363,False,-11.790594100952148
V,T,281,-0.0218987,0.0218987,8.016250000000001,False,0.004166126251220703
A,I,256,-0.0217606,0.0217606,5.840999999999999,False,-3.424682140350342
A,Y,202,-0.0213724,0.0213724,6.241999999999999,False,-5.045689582824707
E,M,231,-0.0211856,0.0211856,7.0,False,-3.4561736583709717
T,Y,279,-0.0210073,0.0210073,14.200000000000001,True,-1.649418830871582
S,L,143,-0.0208863,0.0208863,10.660909090909088,True,-6.117038726806641
M,H,154,-0.0194481,0.0194481,5.995882352941176,False,-4.914000988006592
S,D,136,-0.0184205,0.0184205,10.832727272727274,True,-1.4200599193572998
Y,K,146,-0.0179999,0.0179999,10.533809523809522,True,-0.1761174201965332
R,Q,53,-0.0168417,0.0168417,14.145833333333334,True,-0.29527878761291504
G,W,234,-0.0144083,0.0144083,9.731428571428571,True,-7.290825843811035
D,N,186,-0.0141159,0.0141159,10.890833333333333,True,-0.020148515701293945
L,W,199,-0.0119963,0.0119963,5.682631578947368,False,-4.352474689483643
R,W,153,-0.0119529,0.0119529,6.40125,False,-8.34687614440918
N,D,275,-0.010014,0.010014,8.513571428571428,False,-0.18913841247558594
G,C,147,-0.00942998,0.00942998,10.142857142857142,True,-8.2750244140625
V,Y,255,-0.00819123,0.00819123,6.508125,False,-3.823054075241089
R,M,153,-0.00810476,0.00810476,6.40125,False,-6.2965922355651855
S,C,223,-0.00786495,0.00786495,10.24909090909091,True,-6.422122478485107
L,E,137,-0.00766683,0.00766683,10.533684210526316,True,-2.061356544494629
R,V,53,-0.00656695,0.00656695,14.145833333333334,True,-3.3153977394104004
G,T,62,-0.00531601,0.00531601,7.877142857142856,False,-2.0090346336364746
S,W,245,-0.00517043,0.00517043,8.448181818181817,False,-2.0906338691711426
W,P,185,-0.00422375,0.00422375,9.860416666666667,True,-3.2533621788024902
S,Q,223,-0.00321457,0.00321457,10.24909090909091,True,-3.3337740898132324
I,R,83,-0.00243475,0.00243475,4.863684210526316,False,-10.933250427246094
M,I,258,-0.00188108,0.00188108,5.782352941176471,False,-1.48146390914917
F,C,50,-0.00150559,0.00150559,7.846500000000001,False,-5.901494026184082
G,K,64,-0.000876171,0.000876171,6.558571428571428,False,-4.672418594360352
N,P,275,-0.000707012,0.000707012,8.513571428571428,False,-0.7313292026519775
I,P,200,0.000391575,-0.000391575,6.983157894736842,False,-8.972244262695312
G,Q,76,0.000875871,-0.000875871,10.078571428571427,True,-1.337407112121582
R,M,132,0.000923719,-0.000923719,7.2491666666666665,False,-3.758699417114258
Q,G,133,0.00222959,-0.00222959,7.07,False,-2.051057815551758
A,F,130,0.0058787,-0.0058787,5.438999999999999,False,-6.984683036804199
M,G,222,0.00599198,-0.00599198,8.58529411764706,False,-2.8083300590515137
S,H,223,0.0061148,-0.0061148,10.24909090909091,True,-3.1761860847473145
F,A,271,0.00621983,-0.00621983,8.346,False,-4.238809585571289
D,F,150,0.00720883,-0.00720883,7.190000000000001,False,-9.09411907196045
S,L,124,0.00787584,-0.00787584,5.309090909090909,False,-3.2702646255493164
S,K,236,0.00893759,-0.00893759,8.869090909090911,False,-2.3451385498046875
D,Q,186,0.0105263,-0.0105263,10.890833333333333,True,-0.811741828918457
F,K,201,0.0107687,-0.0107687,6.65,False,-7.395753860473633
L,K,137,0.0110671,-0.0110671,10.533684210526316,True,-4.95586633682251
A,H,40,0.0115937,-0.0115937,10.168000000000001,True,-3.85430645942688
V,F,57,0.0118634,-0.0118634,8.19875,False,0.4837714433670044
D,C,186,0.0122473,-0.0122473,10.890833333333333,True,-4.092604160308838
P,I,99,0.0138855,-0.0138855,7.9942857142857155,False,-6.193765640258789
G,N,48,0.0142172,-0.0142172,7.865714285714286,False,-6.025279998779297
G,K,76,0.0150895,-0.0150895,10.078571428571427,True,-1.1281085014343262
E,C,204,0.0152681,-0.0152681,8.534,False,-4.5603556632995605
V,H,52,0.0166353,-0.0166353,8.20375,False,-2.9514379501342773
G,E,234,0.0174557,-0.0174557,9.731428571428571,True,-5.124266624450684
C,Q,203,0.017867,-0.017867,6.119,False,-6.54388427734375
A,K,179,0.0185757,-0.0185757,5.26,False,-8.843643188476562
V,R,57,0.0187215,-0.0187215,8.19875,False,-4.372763633728027
R,S,224,0.0202903,-0.0202903,11.577916666666667,True,2.6911659240722656
A,F,183,0.0204549,-0.0204549,5.848999999999999,False,-2.5254998207092285
S,N,245,0.0205118,-0.0205118,8.448181818181817,False,-0.999874472618103
V,S,57,0.0205373,-0.0205373,8.19875,False,-1.1493654251098633
V,K,52,0.0205435,-0.0205435,8.20375,False,-1.292665958404541
F,L,106,0.0213843,-0.0213843,6.09,False,-4.999335289001465
P,W,184,0.022423,-0.022423,7.236428571428571,False,-8.098282814025879
T,D,56,0.0247943,-0.0247943,9.68857142857143,False,-1.1929600238800049
Y,R,69,0.0250381,-0.0250381,6.4990476190476185,False,-7.453894138336182
Q,C,126,0.0259322,-0.0259322,5.671176470588235,False,-9.095585823059082
S,D,115,0.0260821,-0.0260821,8.682727272727272,False,-2.529409885406494
N,P,288,0.0266592,-0.0266592,10.087142857142856,True,-0.16194367408752441
Q,C,133,0.027832,-0.027832,7.07,False,-4.551290988922119
M,Q,128,0.0287054,-0.0287054,5.524705882352941,False,0.4560887813568115
Q,H,182,0.0293525,-0.0293525,4.872941176470587,False,-1.448643684387207
A,V,152,0.0294783,-0.0294783,8.272,False,-3.464622735977173
L,E,43,0.0310156,-0.0310156,7.9826315789473705,False,-1.4527568817138672
T,W,56,0.0323159,-0.0323159,9.68857142857143,False,-5.241024971008301
L,E,199,0.0344279,-0.0344279,5.682631578947368,False,-4.623961925506592
L,R,176,0.0361277,-0.0361277,5.845263157894737,False,-8.632354736328125
S,W,143,0.0361645,-0.0361645,10.660909090909088,True,-7.884289741516113
Q,T,126,0.0366293,-0.0366293,5.671176470588235,False,-4.374030590057373
E,H,44,0.0368118,-0.0368118,7.870666666666668,False,-2.3248672485351562
A,F,40,0.0372707,-0.0372707,10.168000000000001,True,-1.4838130474090576
P,V,99,0.0376734,-0.0376734,7.9942857142857155,False,-4.740939140319824
E,I,44,0.0383292,-0.0383292,7.870666666666668,False,-0.3161499500274658
D,V,150,0.0384078,-0.0384078,7.190000000000001,False,-6.213807106018066
D,H,186,0.0407551,-0.0407551,10.890833333333333,True,-1.654611587524414
S,M,103,0.0418045,-0.0418045,6.042727272727274,False,-8.386308670043945
V,P,52,0.0420914,-0.0420914,8.20375,False,-1.683570384979248
T,F,198,0.0423584,-0.0423584,5.759285714285715,False,-4.214061737060547
L,H,199,0.0424004,-0.0424004,5.682631578947368,False,-5.313328266143799
S,P,143,0.043185,-0.043185,10.660909090909088,True,-7.0572052001953125
G,C,164,0.044357,-0.044357,6.017142857142857,False,-6.7861738204956055
P,I,184,0.0453378,-0.0453378,7.236428571428571,False,-4.423770904541016
A,Y,135,0.0457985,-0.0457985,10.228,True,-5.077786445617676
R,E,153,0.0469359,-0.0469359,6.40125,False,-5.452364921569824
C,R,203,0.0477694,-0.0477694,6.119,False,-8.44072437286377
Q,D,133,0.0485636,-0.0485636,7.07,False,-1.127859115600586
I,T,218,0.0503905,-0.0503905,8.567894736842103,False,-1.8329308032989502
I,V,83,0.0520312,-0.0520312,4.863684210526316,False,-1.0159168243408203
E,D,231,0.0520366,-0.0520366,7.0,False,-2.7772302627563477
G,E,164,0.0532719,-0.0532719,6.017142857142857,False,-7.593901634216309
G,W,163,0.056899,-0.056899,5.241428571428571,False,-13.87472915649414
N,K,244,0.0573349,-0.0573349,6.618571428571428,False,-2.385377883911133
A,V,179,0.0578412,-0.0578412,5.26,False,0.26930856704711914
I,A,218,0.0593637,-0.0593637,8.567894736842103,False,-1.2215259075164795
R,Y,224,0.0606172,-0.0606172,11.577916666666667,True,-1.7236766815185547
G,W,164,0.0622042,-0.0622042,6.017142857142857,False,-8.757248878479004
A,C,152,0.0626534,-0.0626534,8.272,False,-5.214809417724609
M,D,258,0.0628928,-0.0628928,5.782352941176471,False,-8.953949928283691
R,M,224,0.0642579,-0.0642579,11.577916666666667,True,-2.7614688873291016
P,D,38,0.0645563,-0.0645563,8.874285714285714,False,-3.339664936065674
L,Q,101,0.0646786,-0.0646786,6.257894736842106,False,-7.39359188079834
G,C,162,0.0648017,-0.0648017,5.298571428571429,False,-10.690913200378418
R,Y,280,0.0657246,-0.0657246,20.504583333333333,True,0.4900531768798828
T,Y,270,0.0665905,-0.0665905,11.829285714285714,True,-2.1953911781311035
L,Y,43,0.0681623,-0.0681623,7.9826315789473705,False,1.8480511903762817
G,P,76,0.0689517,-0.0689517,10.078571428571427,True,-1.0431458950042725
S,T,290,0.0709838,-0.0709838,21.185454545454544,True,-0.005467414855957031
L,T,199,0.0714474,-0.0714474,5.682631578947368,False,-3.836902618408203
R,V,153,0.0742179,-0.0742179,6.40125,False,-7.257936000823975
N,T,277,0.0771034,-0.0771034,10.964285714285714,True,0.20404577255249023
T,G,67,0.0771777,-0.0771777,6.3342857142857145,False,-5.252954483032227
S,R,136,0.0780384,-0.0780384,10.832727272727274,True,-1.7919316291809082
D,P,150,0.0783766,-0.0783766,7.190000000000001,False,-7.382532596588135
S,D,245,0.0787366,-0.0787366,8.448181818181817,False,-0.9024049043655396
A,M,47,0.0789439,-0.0789439,10.325,True,-2.3416049480438232
A,I,183,0.0793527,-0.0793527,5.848999999999999,False,-1.4974043369293213
A,R,135,0.0795833,-0.0795833,10.228,True,-2.5758838653564453
S,I,115,0.0797458,-0.0797458,8.682727272727272,False,-5.187276840209961
T,V,56,0.0807533,-0.0807533,9.68857142857143,False,-2.6826324462890625
I,S,218,0.0820369,-0.0820369,8.567894736842103,False,-2.5812013149261475
T,H,140,0.082742,-0.082742,13.3,True,-3.7358691692352295
R,N,153,0.083109,-0.083109,6.40125,False,-1.7640748023986816
G,L,48,0.0842687,-0.0842687,7.865714285714286,False,-6.82368803024292
A,W,183,0.0848538,-0.0848538,5.848999999999999,False,-4.946375846862793
C,A,289,0.0850688,-0.0850688,9.798,True,3.062506675720215
G,D,164,0.0865136,-0.0865136,6.017142857142857,False,-8.3742036819458
N,E,288,0.0871823,-0.0871823,10.087142857142856,True,-0.6646003723144531
A,S,152,0.0877361,-0.0877361,8.272,False,2.54205060005188
A,L,183,0.0883181,-0.0883181,5.848999999999999,False,-1.9569475650787354
R,P,100,0.0892363,-0.0892363,7.314583333333334,False,-5.863038063049316
S,T,93,0.0899959,-0.0899959,6.006363636363636,False,0.5686874389648438
T,P,270,0.0904634,-0.0904634,11.829285714285714,True,-2.5200705528259277
W,S,159,0.0921733,-0.0921733,5.376666666666668,False,-5.396583080291748
C,Y,203,0.0924863,-0.0924863,6.119,False,-6.637598991394043
G,D,48,0.093149,-0.093149,7.865714285714286,False,-6.1077094078063965
G,E,98,0.0932979,-0.0932979,5.671428571428572,False,-8.198593139648438
F,Q,271,0.0934872,-0.0934872,8.346,False,-5.958956718444824
T,P,140,0.0940365,-0.0940365,13.3,True,-3.263378381729126
D,I,220,0.0941201,-0.0941201,10.959166666666667,True,-4.254388809204102
A,S,40,0.0947756,-0.0947756,10.168000000000001,True,-0.5777809619903564
A,K,40,0.0950851,-0.0950851,10.168000000000001,True,-2.0177366733551025
I,D,218,0.0958,-0.0958,8.567894736842103,False,-3.5636088848114014
E,A,204,0.0961705,-0.0961705,8.534,False,-0.2519237995147705
R,L,280,0.0962161,-0.0962161,20.504583333333333,True,0.7578141689300537
V,A,57,0.0965787,-0.0965787,8.19875,False,-1.0135650634765625
S,C,245,0.0982918,-0.0982918,8.448181818181817,False,-1.982937216758728
G,K,251,0.0998367,-0.0998367,5.614285714285714,False,-3.298845052719116
K,G,259,0.09997,-0.09997,7.248636363636361,False,-5.460428714752197
V,T,52,0.100514,-0.100514,8.20375,False,1.4885016679763794
G,H,48,0.102538,-0.102538,7.865714285714286,False,-8.477856636047363
R,G,224,0.102712,-0.102712,11.577916666666667,True,2.3149261474609375
L,V,249,0.102758,-0.102758,9.856315789473685,True,0.07072663307189941
N,Q,275,0.102844,-0.102844,8.513571428571428,False,-1.355515956878662
T,H,286,0.102892,-0.102892,7.402142857142857,False,-2.416550636291504
V,G,57,0.104774,-0.104774,8.19875,False,-1.5617570877075195
S,I,122,0.107862,-0.107862,7.173636363636365,False,-2.5110316276550293
T,L,51,0.108557,-0.108557,10.149285714285714,True,-3.9770925045013428
T,A,67,0.108583,-0.108583,6.3342857142857145,False,-3.0229721069335938
S,R,245,0.109038,-0.109038,8.448181818181817,False,-2.2804837226867676
L,I,291,0.109056,-0.109056,35.33944444444444,True,-0.2676208019256592
V,L,196,0.112087,-0.112087,6.464375,False,-3.2127251625061035
A,Y,152,0.112899,-0.112899,8.272,False,-4.074426651000977
L,Y,131,0.113403,-0.113403,5.692105263157896,False,-4.4765424728393555
W,E,159,0.113578,-0.113578,5.376666666666668,False,-6.160876750946045
R,D,224,0.114392,-0.114392,11.577916666666667,True,-0.4480295181274414
T,N,286,0.115455,-0.115455,7.402142857142857,False,-0.2360994815826416
Y,H,219,0.116007,-0.116007,8.032380952380953,False,-5.142106056213379
T,P,51,0.116589,-0.116589,10.149285714285714,True,-2.253213882446289
S,H,282,0.117336,-0.117336,7.555454545454546,False,-2.793436050415039
T,H,151,0.117372,-0.117372,9.882857142857144,True,-4.61602258682251
A,C,40,0.117577,-0.117577,10.168000000000001,True,-4.954763412475586
N,I,288,0.117737,-0.117737,10.087142857142856,True,-1.4481971263885498
S,G,282,0.119813,-0.119813,7.555454545454546,False,-0.5006738901138306
G,Q,235,0.121162,-0.121162,8.142857142857142,False,-4.645259857177734
R,C,100,0.122523,-0.122523,7.314583333333334,False,-6.0621490478515625
G,K,48,0.122978,-0.122978,7.865714285714286,False,-7.210222244262695
V,I,52,0.122987,-0.122987,8.20375,False,-1.7213802337646484
R,T,132,0.124317,-0.124317,7.2491666666666665,False,0.048343658447265625
Y,D,69,0.128254,-0.128254,6.4990476190476185,False,-8.099534034729004
Y,L,70,0.128714,-0.128714,8.364285714285714,False,-0.5757122039794922
G,N,147,0.131479,-0.131479,10.142857142857142,True,-2.8911783695220947
V,A,52,0.132163,-0.132163,8.20375,False,0.8283476829528809
D,M,150,0.132214,-0.132214,7.190000000000001,False,-8.17971420288086
V,K,68,0.132276,-0.132276,6.86875,False,-8.9268217086792
A,R,130,0.132567,-0.132567,5.438999999999999,False,-9.615309715270996
N,G,288,0.132842,-0.132842,10.087142857142856,True,0.38489222526550293
R,N,100,0.133167,-0.133167,7.314583333333334,False,-2.796358346939087
R,C,280,0.133191,-0.133191,20.504583333333333,True,-2.0949485301971436
P,E,99,0.133609,-0.133609,7.9942857142857155,False,-2.363962173461914
T,K,140,0.134875,-0.134875,13.3,True,-2.3226420879364014
R,F,153,0.135059,-0.135059,6.40125,False,-7.485857963562012
D,G,186,0.135284,-0.135284,10.890833333333333,True,-0.4812164306640625
M,R,222,0.135623,-0.135623,8.58529411764706,False,-3.262159824371338
G,K,235,0.135623,-0.135623,8.142857142857142,False,-5.840308666229248
A,V,183,0.135967,-0.135967,5.848999999999999,False,-0.4210987091064453
L,Y,230,0.137489,-0.137489,7.260526315789474,False,-2.1182785034179688
T,A,198,0.13817,-0.13817,5.759285714285715,False,-1.7185777425765991
Y,E,219,0.138341,-0.138341,8.032380952380953,False,-9.13812255859375
S,K,143,0.13853,-0.13853,10.660909090909088,True,-6.478557586669922
S,H,187,0.139832,-0.139832,17.55545454545455,True,-1.1807937622070312
N,L,275,0.140254,-0.140254,8.513571428571428,False,-1.250051736831665
D,R,150,0.141294,-0.141294,7.190000000000001,False,-6.923699855804443
T,K,39,0.141317,-0.141317,10.128571428571428,True,-2.865906000137329
I,C,218,0.143443,-0.143443,8.567894736842103,False,-6.101937294006348
Y,V,219,0.14541,-0.14541,8.032380952380953,False,-5.476484298706055
S,A,103,0.146148,-0.146148,6.042727272727274,False,-3.9439454078674316
Y,Q,146,0.147184,-0.147184,10.533809523809522,True,-0.8011736869812012
F,K,50,0.147849,-0.147849,7.846500000000001,False,-5.490693092346191
K,M,259,0.148592,-0.148592,7.248636363636361,False,-4.662315845489502
E,R,44,0.149012,-0.149012,7.870666666666668,False,-0.3592386245727539
I,F,83,0.149922,-0.149922,4.863684210526316,False,-2.430379629135132
C,L,239,0.151756,-0.151756,6.315,False,-1.7050281763076782
T,C,198,0.153237,-0.153237,5.759285714285715,False,-5.959648132324219
Q,M,133,0.154091,-0.154091,7.07,False,-2.1370787620544434
E,R,204,0.15595,-0.15595,8.534,False,-2.6534838676452637
C,T,239,0.158242,-0.158242,6.315,False,-1.6816474199295044
E,C,44,0.160719,-0.160719,7.870666666666668,False,-4.561547756195068
P,W,99,0.160776,-0.160776,7.9942857142857155,False,-7.894749641418457
R,I,285,0.161545,-0.161545,10.415000000000001,True,-0.21676158905029297
N,D,37,0.165007,-0.165007,11.206428571428573,True,0.1906290054321289
P,Y,217,0.165007,-0.165007,10.007142857142856,True,-4.891711711883545
T,H,51,0.165575,-0.165575,10.149285714285714,True,-4.727546691894531
M,R,154,0.165901,-0.165901,5.995882352941176,False,-4.621516704559326
S,V,282,0.169239,-0.169239,7.555454545454546,False,-0.8773056268692017
Q,L,126,0.169267,-0.169267,5.671176470588235,False,-2.5155417919158936
K,T,259,0.169834,-0.169834,7.248636363636361,False,-3.7773823738098145
G,Y,162,0.17106,-0.17106,5.298571428571429,False,-12.95512580871582
Y,I,70,0.171351,-0.171351,8.364285714285714,False,-1.5666677951812744
S,G,238,0.173267,-0.173267,7.649090909090908,False,2.8146800994873047
Y,C,70,0.175107,-0.175107,8.364285714285714,False,-6.030494689941406
K,S,259,0.175516,-0.175516,7.248636363636361,False,-4.07798957824707
M,R,157,0.176248,-0.176248,4.648235294117647,False,-8.370770454406738
A,L,40,0.176723,-0.176723,10.168000000000001,True,-0.1280808448791504
L,M,230,0.177104,-0.177104,7.260526315789474,False,-2.2794079780578613
S,E,58,0.178167,-0.178167,11.760000000000002,True,-2.273529529571533
A,K,183,0.178835,-0.178835,5.848999999999999,False,-8.22393798828125
G,I,76,0.178997,-0.178997,10.078571428571427,True,-4.385771751403809
S,R,223,0.181768,-0.181768,10.24909090909091,True,-2.320681095123291
R,C,224,0.182893,-0.182893,11.577916666666667,True,-2.7111406326293945
V,E,78,0.183141,-0.183141,6.54375,False,-5.279595375061035
R,G,153,0.183176,-0.183176,6.40125,False,-4.15061092376709
I,T,111,0.183611,-0.183611,5.936315789473684,False,-4.366501331329346
S,C,136,0.183642,-0.183642,10.832727272727274,True,-7.308744430541992
N,W,288,0.184042,-0.184042,10.087142857142856,True,-2.179154634475708
N,I,275,0.184048,-0.184048,8.513571428571428,False,-1.9947633743286133
M,I,154,0.187586,-0.187586,5.995882352941176,False,2.9041075706481934
Y,V,146,0.189138,-0.189138,10.533809523809522,True,-1.4219207763671875
A,Q,183,0.192306,-0.192306,5.848999999999999,False,-2.0231118202209473
V,W,52,0.192414,-0.192414,8.20375,False,-4.547463417053223
V,D,52,0.192977,-0.192977,8.20375,False,-1.11806058883667
C,D,203,0.193778,-0.193778,6.119,False,-7.767181396484375
L,Q,137,0.193779,-0.193779,10.533684210526316,True,-2.258491039276123
G,V,66,0.193826,-0.193826,6.5042857142857144,False,-4.177427291870117
R,G,285,0.194186,-0.194186,10.415000000000001,True,1.1258068084716797
A,F,74,0.194752,-0.194752,10.844999999999999,True,-3.798250198364258
E,A,231,0.194873,-0.194873,7.0,False,-2.4530389308929443
S,T,223,0.195488,-0.195488,10.24909090909091,True,-0.7115478515625
S,P,188,0.195825,-0.195825,15.27090909090909,True,-0.25726282596588135
T,G,51,0.196191,-0.196191,10.149285714285714,True,-3.712430715560913
V,G,52,0.196804,-0.196804,8.20375,False,0.026708126068115234
A,G,130,0.199536,-0.199536,5.438999999999999,False,-3.861647844314575
P,E,36,0.200932,-0.200932,13.622857142857145,True,-2.943768262863159
A,L,240,0.201584,-0.201584,5.798,False,-0.672431468963623
A,M,183,0.201839,-0.201839,5.848999999999999,False,-1.8393580913543701
W,Y,185,0.202874,-0.202874,9.860416666666667,True,1.1778607368469238
Y,M,70,0.203115,-0.203115,8.364285714285714,False,-1.6395435333251953
S,F,103,0.203845,-0.203845,6.042727272727274,False,-9.817742347717285
A,K,248,0.204986,-0.204986,7.4799999999999995,False,-1.9597415924072266
A,T,40,0.206503,-0.206503,10.168000000000001,True,0.42098355293273926
C,I,273,0.20692,-0.20692,7.561,False,-6.883896827697754
Q,A,133,0.207426,-0.207426,7.07,False,0.871131181716919
A,H,152,0.207647,-0.207647,8.272,False,-2.9653375148773193
G,C,48,0.209415,-0.209415,7.865714285714286,False,-8.901444435119629
R,H,53,0.209561,-0.209561,14.145833333333334,True,-2.5407004356384277
Y,C,87,0.209707,-0.209707,7.022380952380951,False,-7.675736904144287
N,K,275,0.211015,-0.211015,8.513571428571428,False,-1.9652185440063477
N,T,138,0.211102,-0.211102,9.64642857142857,False,-4.553290367126465
M,I,157,0.211559,-0.211559,4.648235294117647,False,-1.1021678447723389
A,G,65,0.212781,-0.212781,6.192,False,2.2903003692626953
W,I,185,0.21412,-0.21412,9.860416666666667,True,-1.7874162197113037
T,D,286,0.214175,-0.214175,7.402142857142857,False,-0.15140008926391602
Y,T,70,0.214302,-0.214302,8.364285714285714,False,-1.1660888195037842
Y,T,63,0.214622,-0.214622,6.3638095238095245,False,3.2187607288360596
P,H,184,0.215485,-0.215485,7.236428571428571,False,-7.538450241088867
A,D,47,0.21685,-0.21685,10.325,True,-0.8126428127288818
W,Q,159,0.216954,-0.216954,5.376666666666668,False,-3.7737555503845215
A,H,183,0.217239,-0.217239,5.848999999999999,False,-4.587325096130371
W,R,159,0.218528,-0.218528,5.376666666666668,False,-8.10760498046875
A,G,152,0.218784,-0.218784,8.272,False,-0.17757225036621094
F,D,106,0.218824,-0.218824,6.09,False,-9.1181058883667
T,F,72,0.222255,-0.222255,9.525,False,-4.381504535675049
E,Y,292,0.222496,-0.222496,47.50133333333334,True,0.19801974296569824
G,D,76,0.222667,-0.222667,10.078571428571427,True,-1.0519096851348877
L,K,199,0.223155,-0.223155,5.682631578947368,False,-7.54194450378418
P,E,38,0.224026,-0.224026,8.874285714285714,False,-2.7629013061523438
G,W,76,0.225602,-0.225602,10.078571428571427,True,-7.122993469238281
S,A,223,0.226118,-0.226118,10.24909090909091,True,-1.8016798496246338
D,W,150,0.229037,-0.229037,7.190000000000001,False,-11.040365219116211
Y,P,219,0.229132,-0.229132,8.032380952380953,False,-10.295389175415039
S,F,223,0.232597,-0.232597,10.24909090909091,True,-5.799998760223389
M,W,157,0.234574,-0.234574,4.648235294117647,False,-1.9442694187164307
G,F,62,0.234649,-0.234649,7.877142857142856,False,-3.0789473056793213
Y,C,146,0.234744,-0.234744,10.533809523809522,True,-5.5482707023620605
Y,V,70,0.235568,-0.235568,8.364285714285714,False,-1.078735589981079
F,E,50,0.23868,-0.23868,7.846500000000001,False,-4.793673038482666
S,H,143,0.239389,-0.239389,10.660909090909088,True,-1.7148590087890625
L,F,249,0.2397,-0.2397,9.856315789473685,True,-1.639652967453003
A,V,40,0.240292,-0.240292,10.168000000000001,True,1.808487057685852
S,H,193,0.241432,-0.241432,14.020000000000003,True,-2.3299899101257324
T,K,151,0.241438,-0.241438,9.882857142857144,True,-3.6199145317077637
S,L,236,0.243421,-0.243421,8.869090909090911,False,-1.8531055450439453
V,Y,52,0.243591,-0.243591,8.20375,False,-2.0256524085998535
T,Y,39,0.243983,-0.243983,10.128571428571428,True,-0.8118183612823486
S,T,193,0.244715,-0.244715,14.020000000000003,True,-1.2233266830444336
Y,D,70,0.245142,-0.245142,8.364285714285714,False,-5.387357711791992
A,G,40,0.245652,-0.245652,10.168000000000001,True,-2.533012628555298
S,G,207,0.246189,-0.246189,10.32,True,-0.6912264823913574
F,L,55,0.246811,-0.246811,9.129500000000002,False,0.16318750381469727
S,N,238,0.248743,-0.248743,7.649090909090908,False,-1.0073368549346924
S,Y,223,0.250174,-0.250174,10.24909090909091,True,-4.341087818145752
V,G,78,0.250214,-0.250214,6.54375,False,-3.6776249408721924
Q,D,126,0.25039,-0.25039,5.671176470588235,False,-1.5091493129730225
S,H,238,0.251251,-0.251251,7.649090909090908,False,-0.28227949142456055
A,P,40,0.251732,-0.251732,10.168000000000001,True,-1.3649098873138428
Y,E,70,0.255253,-0.255253,8.364285714285714,False,-1.929692029953003
C,E,289,0.255256,-0.255256,9.798,True,1.9598002433776855
R,V,285,0.25549,-0.25549,10.415000000000001,True,0.5931658744812012
P,Q,184,0.256598,-0.256598,7.236428571428571,False,-5.632267475128174
E,W,204,0.256705,-0.256705,8.534,False,-2.8869986534118652
R,A,100,0.257271,-0.257271,7.314583333333334,False,-1.6177315711975098
R,S,153,0.257303,-0.257303,6.40125,False,-2.7463810443878174
Y,I,69,0.259189,-0.259189,6.4990476190476185,False,-6.618318557739258
P,N,184,0.259821,-0.259821,7.236428571428571,False,-6.398178577423096
S,R,115,0.260038,-0.260038,8.682727272727272,False,-4.648047924041748
T,Y,198,0.260372,-0.260372,5.759285714285715,False,-4.592389106750488
P,T,197,0.26269,-0.26269,6.272857142857142,False,-7.892796993255615
R,T,53,0.263972,-0.263972,14.145833333333334,True,-0.46474146842956543
G,F,164,0.265409,-0.265409,6.017142857142857,False,-7.596058368682861
A,V,130,0.266465,-0.266465,5.438999999999999,False,-2.676513671875
M,Q,258,0.267129,-0.267129,5.782352941176471,False,-6.332326889038086
M,I,128,0.268216,-0.268216,5.524705882352941,False,1.3992586135864258
R,A,53,0.268533,-0.268533,14.145833333333334,True,-0.32793283462524414
M,K,157,0.269206,-0.269206,4.648235294117647,False,-8.498849868774414
E,F,204,0.269301,-0.269301,8.534,False,-3.764737606048584
V,S,52,0.269554,-0.269554,8.20375,False,1.5086928606033325
R,T,153,0.269716,-0.269716,6.40125,False,-4.467531204223633
A,S,180,0.269818,-0.269818,4.927999999999999,False,-2.1376748085021973
Y,K,70,0.269903,-0.269903,8.364285714285714,False,-2.9444077014923096
T,L,140,0.270816,-0.270816,13.3,True,-2.7269999980926514
D,T,186,0.271357,-0.271357,10.890833333333333,True,0.35105276107788086
G,E,163,0.271392,-0.271392,5.241428571428571,False,-11.6610107421875
S,A,238,0.274032,-0.274032,7.649090909090908,False,-0.2527127265930176
E,L,204,0.276358,-0.276358,8.534,False,-2.461472988128662
P,K,184,0.27736,-0.27736,7.236428571428571,False,-11.456972122192383
K,R,259,0.277914,-0.277914,7.248636363636361,False,-1.6139191389083862
W,L,159,0.27831,-0.27831,5.376666666666668,False,-3.3312416076660156
S,I,282,0.280519,-0.280519,7.555454545454546,False,-1.5559741258621216
P,Y,38,0.28105,-0.28105,8.874285714285714,False,-2.944438934326172
G,V,163,0.281436,-0.281436,5.241428571428571,False,-11.250385284423828
F,I,55,0.2815,-0.2815,9.129500000000002,False,0.9715657234191895
G,W,98,0.283121,-0.283121,5.671428571428572,False,-11.124341011047363
M,I,222,0.283957,-0.283957,8.58529411764706,False,0.7503542900085449
V,A,281,0.285109,-0.285109,8.016250000000001,False,-0.20066332817077637
K,H,259,0.286279,-0.286279,7.248636363636361,False,-3.5711047649383545
S,K,242,0.286369,-0.286369,6.135454545454547,False,-2.7825841903686523
N,I,212,0.286915,-0.286915,11.783571428571431,True,-1.8803956508636475
E,T,231,0.288351,-0.288351,7.0,False,-1.2644340991973877
S,V,115,0.289893,-0.289893,8.682727272727272,False,-4.266739845275879
V,G,281,0.290324,-0.290324,8.016250000000001,False,-0.4650111198425293
C,T,273,0.291516,-0.291516,7.561,False,-4.876520156860352
S,Y,136,0.292103,-0.292103,10.832727272727274,True,-3.505960464477539
T,K,56,0.292528,-0.292528,9.68857142857143,False,-3.102431058883667
F,R,271,0.294643,-0.294643,8.346,False,-6.721078872680664
V,R,281,0.294706,-0.294706,8.016250000000001,False,-0.8137962818145752
Y,K,69,0.294847,-0.294847,6.4990476190476185,False,-8.879199981689453
L,Q,291,0.297098,-0.297098,35.33944444444444,True,-0.9663991928100586
V,E,281,0.297544,-0.297544,8.016250000000001,False,-1.3330748081207275
F,Y,284,0.298327,-0.298327,8.968,False,0.06396722793579102
V,Y,196,0.298861,-0.298861,6.464375,False,-5.776825904846191
F,W,50,0.301483,-0.301483,7.846500000000001,False,-2.046813488006592
G,S,163,0.302312,-0.302312,5.241428571428571,False,-7.421049118041992
H,N,293,0.303011,-0.303011,37.20125,True,1.918869972229004
V,L,52,0.303525,-0.303525,8.20375,False,-1.9371514320373535
S,T,136,0.305051,-0.305051,10.832727272727274,True,-0.3051459789276123
C,K,203,0.305378,-0.305378,6.119,False,-9.554254531860352
E,Q,204,0.305645,-0.305645,8.534,False,0.43410205841064453
G,S,147,0.306985,-0.306985,10.142857142857142,True,-1.5704898834228516
G,V,164,0.307088,-0.307088,6.017142857142857,False,-6.95591402053833
G,A,147,0.307237,-0.307237,10.142857142857142,True,-1.8938939571380615
R,W,285,0.307946,-0.307946,10.415000000000001,True,-1.1079111099243164
G,M,98,0.308423,-0.308423,5.671428571428572,False,-8.737934112548828
S,W,61,0.308565,-0.308565,8.43909090909091,False,-4.142757415771484
G,H,243,0.308788,-0.308788,7.711428571428572,False,-4.330978870391846
V,R,255,0.308884,-0.308884,6.508125,False,-5.9825239181518555
N,F,37,0.310799,-0.310799,11.206428571428573,True,1.0700933933258057
I,C,83,0.313454,-0.313454,4.863684210526316,False,-7.386626720428467
Y,T,146,0.313463,-0.313463,10.533809523809522,True,-0.2549748420715332
C,S,239,0.313759,-0.313759,6.315,False,-1.4382320642471313
K,Q,259,0.314145,-0.314145,7.248636363636361,False,-1.994209885597229
D,S,186,0.314376,-0.314376,10.890833333333333,True,0.0693519115447998
S,I,143,0.314683,-0.314683,10.660909090909088,True,-7.403169631958008
E,D,204,0.316805,-0.316805,8.534,False,-1.6662228107452393
R,D,285,0.319269,-0.319269,10.415000000000001,True,0.8936882019042969
T,E,56,0.319273,-0.319273,9.68857142857143,False,-2.028975009918213
P,F,217,0.319659,-0.319659,10.007142857142856,True,-6.060619354248047
N,A,225,0.319859,-0.319859,7.584285714285714,False,0.44827771186828613
G,P,48,0.320335,-0.320335,7.865714285714286,False,-6.2416582107543945
G,C,64,0.322293,-0.322293,6.558571428571428,False,-6.526388168334961
E,T,44,0.322455,-0.322455,7.870666666666668,False,1.5342700481414795
S,K,121,0.322787,-0.322787,8.833636363636364,False,-3.3383584022521973
K,D,259,0.323337,-0.323337,7.248636363636361,False,-5.408620834350586
Y,Q,69,0.324378,-0.324378,6.4990476190476185,False,-7.263643264770508
Y,N,146,0.325619,-0.325619,10.533809523809522,True,-0.8774352073669434
S,T,214,0.325958,-0.325958,8.867272727272727,False,-1.006645679473877
K,L,227,0.326435,-0.326435,7.464545454545455,False,-5.882170677185059
I,G,83,0.32658,-0.32658,4.863684210526316,False,-7.218519687652588
Y,A,70,0.330493,-0.330493,8.364285714285714,False,-1.960355281829834
T,R,198,0.330878,-0.330878,5.759285714285715,False,-7.45627498626709
C,I,289,0.331988,-0.331988,9.798,True,2.4153032302856445
E,M,44,0.335927,-0.335927,7.870666666666668,False,-1.474686622619629
P,K,217,0.33643,-0.33643,10.007142857142856,True,-2.2792787551879883
Y,S,219,0.336567,-0.336567,8.032380952380953,False,-7.398393630981445
E,V,231,0.336872,-0.336872,7.0,False,-1.7408537864685059
V,Y,68,0.33714,-0.33714,6.86875,False,-4.17417049407959
S,I,188,0.337332,-0.337332,15.27090909090909,True,-2.4780335426330566
T,K,51,0.337453,-0.337453,10.149285714285714,True,-3.3202178478240967
Q,S,126,0.337902,-0.337902,5.671176470588235,False,-3.6380937099456787
G,Y,163,0.338226,-0.338226,5.241428571428571,False,-13.44438362121582
V,E,52,0.340862,-0.340862,8.20375,False,0.28106212615966797
I,Q,83,0.342082,-0.342082,4.863684210526316,False,-6.423299789428711
H,F,293,0.343889,-0.343889,37.20125,True,0.9310908317565918
S,Y,54,0.344487,-0.344487,9.982727272727272,True,-4.372059345245361
G,L,251,0.345198,-0.345198,5.614285714285714,False,-3.012667417526245
D,I,150,0.349158,-0.349158,7.190000000000001,False,-6.615506172180176
L,R,291,0.351028,-0.351028,35.33944444444444,True,-0.5222094058990479
W,A,257,0.351239,-0.351239,5.465,False,-7.3081865310668945
I,S,83,0.352204,-0.352204,4.863684210526316,False,-5.924465656280518
G,L,35,0.352647,-0.352647,8.667142857142858,False,-8.586189270019531
T,Q,51,0.352745,-0.352745,10.149285714285714,True,-2.464829206466675
F,Q,50,0.35284,-0.35284,7.846500000000001,False,-4.539100170135498
E,H,204,0.353056,-0.353056,8.534,False,-4.363922595977783
D,G,150,0.353204,-0.353204,7.190000000000001,False,-6.751393795013428
N,Y,288,0.353912,-0.353912,10.087142857142856,True,-1.3802976608276367
T,S,198,0.353938,-0.353938,5.759285714285715,False,-2.5162768363952637
F,Q,201,0.354254,-0.354254,6.65,False,-2.3161394596099854
R,A,132,0.35488,-0.35488,7.2491666666666665,False,0.4827284812927246
Q,T,133,0.355267,-0.355267,7.07,False,0.2650275230407715
F,V,50,0.356681,-0.356681,7.846500000000001,False,-0.0654754638671875
G,M,251,0.357089,-0.357089,5.614285714285714,False,-3.456388235092163
T,W,51,0.357846,-0.357846,10.149285714285714,True,-6.8722429275512695
A,N,248,0.357883,-0.357883,7.4799999999999995,False,-0.051125288009643555
T,R,51,0.360982,-0.360982,10.149285714285714,True,-3.109596014022827
V,W,281,0.361767,-0.361767,8.016250000000001,False,0.8339388370513916
T,L,56,0.363843,-0.363843,9.68857142857143,False,-3.3347156047821045
N,W,241,0.366362,-0.366362,5.879285714285715,False,-0.601233959197998
T,E,51,0.369108,-0.369108,10.149285714285714,True,-2.8945717811584473
K,W,259,0.369907,-0.369907,7.248636363636361,False,-7.03354024887085
P,S,99,0.370198,-0.370198,7.9942857142857155,False,-3.600888252258301
L,M,199,0.370871,-0.370871,5.682631578947368,False,-1.2553446292877197
T,D,51,0.371833,-0.371833,10.149285714285714,True,-3.1260077953338623
R,A,280,0.374307,-0.374307,20.504583333333333,True,1.0563185214996338
T,V,151,0.374817,-0.374817,9.882857142857144,True,-1.5552277565002441
P,W,217,0.375115,-0.375115,10.007142857142856,True,-5.634743690490723
P,N,197,0.375933,-0.375933,6.272857142857142,False,-7.607905387878418
P,E,217,0.376467,-0.376467,10.007142857142856,True,-4.784564018249512
W,K,185,0.376959,-0.376959,9.860416666666667,True,-5.950937747955322
M,K,262,0.37747,-0.37747,6.120588235294118,False,-5.190793991088867
L,F,199,0.377738,-0.377738,5.682631578947368,False,-1.0418357849121094
S,M,136,0.378391,-0.378391,10.832727272727274,True,-3.7275586128234863
W,R,257,0.379527,-0.379527,5.465,False,-10.420001983642578
A,E,135,0.380105,-0.380105,10.228,True,-1.9123282432556152
G,S,234,0.380656,-0.380656,9.731428571428571,True,-2.2743217945098877
Y,D,219,0.381509,-0.381509,8.032380952380953,False,-9.03591537475586
R,F,224,0.383441,-0.383441,11.577916666666667,True,-2.533756732940674
L,I,137,0.383795,-0.383795,10.533684210526316,True,-2.2008397579193115
V,W,78,0.384455,-0.384455,6.54375,False,-0.40087008476257324
E,K,274,0.385099,-0.385099,8.980666666666666,False,-0.28150153160095215
R,Q,285,0.385163,-0.385163,10.415000000000001,True,0.005915641784667969
D,K,150,0.385593,-0.385593,7.190000000000001,False,-5.977161884307861
S,G,136,0.385767,-0.385767,10.832727272727274,True,-1.9252691268920898
N,F,225,0.386077,-0.386077,7.584285714285714,False,-3.202519655227661
R,Y,90,0.38654,-0.38654,13.28625,True,2.3308238983154297
Y,G,70,0.39143,-0.39143,8.364285714285714,False,-5.403434753417969
P,E,60,0.395576,-0.395576,8.678571428571427,False,-1.992337703704834
S,D,143,0.395918,-0.395918,10.660909090909088,True,-0.6627253890037537
A,R,248,0.395929,-0.395929,7.4799999999999995,False,-1.636549949645996
T,H,56,0.396297,-0.396297,9.68857142857143,False,-4.323432922363281
Y,P,70,0.396944,-0.396944,8.364285714285714,False,-5.334678649902344
S,D,42,0.397489,-0.397489,8.557272727272728,False,-1.0719164609909058
I,S,200,0.40026,-0.40026,6.983157894736842,False,-5.208100318908691
S,Y,142,0.401993,-0.401993,14.110909090909091,True,-4.411550998687744
P,L,99,0.404274,-0.404274,7.9942857142857155,False,-5.8985915184021
P,G,217,0.405366,-0.405366,10.007142857142856,True,-1.7571468353271484
T,A,286,0.409356,-0.409356,7.402142857142857,False,0.0544734001159668
L,A,199,0.41027,-0.41027,5.682631578947368,False,-1.5134949684143066
C,Q,239,0.411242,-0.411242,6.315,False,-1.8999558687210083
L,Y,216,0.414673,-0.414673,10.890526315789474,True,-1.3944964408874512
K,F,259,0.41789,-0.41789,7.248636363636361,False,-7.029745101928711
S,Y,236,0.418344,-0.418344,8.869090909090911,False,-2.8128414154052734
G,L,76,0.41873,-0.41873,10.078571428571427,True,-3.9986307621002197
Y,P,69,0.419841,-0.419841,6.4990476190476185,False,-13.140623092651367
N,L,225,0.419912,-0.419912,7.584285714285714,False,-2.346900224685669
E,V,204,0.423742,-0.423742,8.534,False,-2.8001723289489746
R,S,53,0.424988,-0.424988,14.145833333333334,True,0.39919590950012207
Q,G,91,0.425238,-0.425238,5.954705882352941,False,-1.7887357473373413
F,N,50,0.426281,-0.426281,7.846500000000001,False,-4.339162349700928
F,P,55,0.42681,-0.42681,9.129500000000002,False,-2.8943114280700684
F,D,201,0.427909,-0.427909,6.65,False,-6.813359260559082
S,R,124,0.430127,-0.430127,5.309090909090909,False,-3.54025936126709
T,H,266,0.432162,-0.432162,7.875000000000001,False,-3.500580310821533
T,N,56,0.433395,-0.433395,9.68857142857143,False,-0.8885786533355713
M,D,128,0.434909,-0.434909,5.524705882352941,False,0.10099077224731445
R,H,285,0.435168,-0.435168,10.415000000000001,True,-1.5424838066101074
S,Y,290,0.435619,-0.435619,21.185454545454544,True,-1.2573771476745605
R,E,285,0.436303,-0.436303,10.415000000000001,True,0.20059680938720703
V,F,52,0.437731,-0.437731,8.20375,False,-3.1086673736572266
G,N,251,0.438328,-0.438328,5.614285714285714,False,-1.8637075424194336
N,K,288,0.438756,-0.438756,10.087142857142856,True,-0.9106924533843994
M,L,128,0.439366,-0.439366,5.524705882352941,False,2.3491339683532715
A,M,240,0.440489,-0.440489,5.798,False,-1.7926602363586426
G,H,235,0.441129,-0.441129,8.142857142857142,False,-6.470958232879639
S,Q,236,0.441921,-0.441921,8.869090909090911,False,-1.4946353435516357
Y,K,63,0.442006,-0.442006,6.3638095238095245,False,-0.3907127380371094
W,D,159,0.444979,-0.444979,5.376666666666668,False,-8.00753402709961
L,Y,137,0.446109,-0.446109,10.533684210526316,True,-3.257645606994629
G,Q,64,0.446789,-0.446789,6.558571428571428,False,-3.388824939727783
R,G,132,0.447842,-0.447842,7.2491666666666665,False,-1.01753568649292
F,M,106,0.44804,-0.44804,6.09,False,-4.298834800720215
F,R,55,0.448951,-0.448951,9.129500000000002,False,-2.6115403175354004
T,P,56,0.45053,-0.45053,9.68857142857143,False,-1.5339467525482178
I,F,200,0.452334,-0.452334,6.983157894736842,False,1.0802559852600098
G,Y,158,0.45317,-0.45317,4.458571428571429,False,-13.75370979309082
S,Y,166,0.454131,-0.454131,4.923636363636363,False,-10.028566360473633
M,N,157,0.454725,-0.454725,4.648235294117647,False,-4.5566534996032715
L,M,291,0.455641,-0.455641,35.33944444444444,True,-1.9439005851745605
F,A,55,0.459162,-0.459162,9.129500000000002,False,0.12795090675354004
T,I,56,0.461407,-0.461407,9.68857142857143,False,-3.744241952896118
C,M,239,0.465319,-0.465319,6.315,False,-1.985047459602356
S,N,188,0.465554,-0.465554,15.27090909090909,True,-1.0678983926773071
V,K,196,0.465944,-0.465944,6.464375,False,-2.2831268310546875
Y,R,70,0.467726,-0.467726,8.364285714285714,False,-1.3895556926727295
P,R,38,0.468816,-0.468816,8.874285714285714,False,-3.481539249420166
N,A,288,0.470233,-0.470233,10.087142857142856,True,0.02010512351989746
S,D,238,0.47039,-0.47039,7.649090909090908,False,-1.0973351001739502
W,N,185,0.470396,-0.470396,9.860416666666667,True,-3.142636299133301
K,D,252,0.470416,-0.470416,7.618636363636363,False,2.370429515838623
N,D,288,0.471237,-0.471237,10.087142857142856,True,0.18180012702941895
W,T,185,0.473568,-0.473568,9.860416666666667,True,-1.6118152141571045
S,D,124,0.475116,-0.475116,5.309090909090909,False,-4.2591657638549805
F,L,50,0.475579,-0.475579,7.846500000000001,False,-2.1810569763183594
G,I,48,0.476079,-0.476079,7.865714285714286,False,-7.519869327545166
T,E,151,0.477127,-0.477127,9.882857142857144,True,-4.7467732429504395
W,G,257,0.47895,-0.47895,5.465,False,-9.456357955932617
A,L,45,0.479337,-0.479337,7.564000000000002,False,-2.2004916667938232
T,M,151,0.480265,-0.480265,9.882857142857144,True,-1.7938849925994873
A,W,130,0.480835,-0.480835,5.438999999999999,False,-9.17574405670166
Y,S,70,0.481426,-0.481426,8.364285714285714,False,-2.51375675201416
Y,H,69,0.482421,-0.482421,6.4990476190476185,False,-4.679558753967285
P,V,217,0.483373,-0.483373,10.007142857142856,True,-5.203052043914795
P,I,197,0.483948,-0.483948,6.272857142857142,False,-11.525651931762695
M,H,258,0.485874,-0.485874,5.782352941176471,False,-6.860379219055176
E,M,204,0.486006,-0.486006,8.534,False,-3.4257454872131348
A,L,180,0.486203,-0.486203,4.927999999999999,False,1.2840442657470703
P,L,217,0.486514,-0.486514,10.007142857142856,True,-5.275733947753906
A,C,41,0.486591,-0.486591,10.251,True,-6.595702171325684
M,T,222,0.486624,-0.486624,8.58529411764706,False,-0.3041706085205078
P,R,197,0.489784,-0.489784,6.272857142857142,False,-7.740159511566162
G,C,235,0.490276,-0.490276,8.142857142857142,False,-3.7613768577575684
T,R,286,0.491146,-0.491146,7.402142857142857,False,-1.0088756084442139
T,C,151,0.492594,-0.492594,9.882857142857144,True,-6.8870697021484375
G,H,163,0.494062,-0.494062,5.241428571428571,False,-15.102317810058594
F,W,106,0.494505,-0.494505,6.09,False,-6.021705627441406
L,D,101,0.495892,-0.495892,6.257894736842106,False,-9.324966430664062
C,K,239,0.49598,-0.49598,6.315,False,-5.712775230407715
Y,L,219,0.496963,-0.496963,8.032380952380953,False,-4.224400520324707
S,Q,214,0.497603,-0.497603,8.867272727272727,False,-0.9590325355529785
F,Y,55,0.498932,-0.498932,9.129500000000002,False,-0.5483386516571045
V,E,196,0.49932,-0.49932,6.464375,False,-3.6849746704101562
F,E,106,0.499771,-0.499771,6.09,False,-11.43736743927002
Y,W,69,0.500902,-0.500902,6.4990476190476185,False,-2.2146453857421875
K,A,177,0.501144,-0.501144,8.607272727272727,False,-2.3427772521972656
G,N,235,0.502128,-0.502128,8.142857142857142,False,-4.77146053314209
L,D,199,0.503444,-0.503444,5.682631578947368,False,-7.275449752807617
I,H,208,0.503886,-0.503886,9.464210526315789,False,-4.013394355773926
R,M,53,0.504493,-0.504493,14.145833333333334,True,-5.622251033782959
R,Q,280,0.505757,-0.505757,20.504583333333333,True,0.04284358024597168
S,K,54,0.505973,-0.505973,9.982727272727272,True,-2.7678918838500977
E,K,44,0.506925,-0.506925,7.870666666666668,False,-0.4491238594055176
Y,A,69,0.507832,-0.507832,6.4990476190476185,False,-6.814894199371338
Y,L,69,0.508139,-0.508139,6.4990476190476185,False,-5.521245956420898
D,C,150,0.509426,-0.509426,7.190000000000001,False,-10.151946067810059
R,S,285,0.509614,-0.509614,10.415000000000001,True,1.5770549774169922
E,G,274,0.509677,-0.509677,8.980666666666666,False,2.2502357959747314
Y,F,69,0.511598,-0.511598,6.4990476190476185,False,-1.4740276336669922
S,M,143,0.513484,-0.513484,10.660909090909088,True,-7.574563026428223
V,H,196,0.516785,-0.516785,6.464375,False,-4.037450790405273
W,M,185,0.519917,-0.519917,9.860416666666667,True,-3.3412694931030273
M,G,128,0.519992,-0.519992,5.524705882352941,False,-0.6372346878051758
F,Y,50,0.52063,-0.52063,7.846500000000001,False,1.5526543855667114
A,G,248,0.520816,-0.520816,7.4799999999999995,False,-0.10361146926879883
A,P,183,0.520853,-0.520853,5.848999999999999,False,-5.621211051940918
L,E,291,0.523709,-0.523709,35.33944444444444,True,-1.0119268894195557
Y,G,219,0.524815,-0.524815,8.032380952380953,False,-8.596630096435547
G,E,76,0.526278,-0.526278,10.078571428571427,True,-1.4094243049621582
A,R,183,0.526506,-0.526506,5.848999999999999,False,-8.053352355957031
T,L,270,0.526543,-0.526543,11.829285714285714,True,-1.8427972793579102
N,F,288,0.527121,-0.527121,10.087142857142856,True,-1.7268321514129639
P,K,99,0.527462,-0.527462,7.9942857142857155,False,-5.560056209564209
Y,Q,70,0.527873,-0.527873,8.364285714285714,False,-2.200705051422119
R,N,34,0.530306,-0.530306,8.38,False,0.6799076795578003
G,Y,105,0.530423,-0.530423,5.915714285714286,False,-11.238475799560547
G,V,235,0.530943,-0.530943,8.142857142857142,False,-3.164997100830078
F,I,106,0.531638,-0.531638,6.09,False,-5.255903244018555
M,V,128,0.531656,-0.531656,5.524705882352941,False,1.5723896026611328
M,G,157,0.531931,-0.531931,4.648235294117647,False,-3.7161412239074707
H,P,104,0.533403,-0.533403,5.963125,False,-9.078803062438965
F,H,106,0.53368,-0.53368,6.09,False,-7.758708477020264
T,Y,51,0.534355,-0.534355,10.149285714285714,True,-4.523331642150879
Q,S,91,0.536711,-0.536711,5.954705882352941,False,-0.23395347595214844
T,S,51,0.537504,-0.537504,10.149285714285714,True,-0.25811243057250977
F,V,201,0.538374,-0.538374,6.65,False,-0.617546796798706
P,D,99,0.538425,-0.538425,7.9942857142857155,False,-5.658005714416504
F,L,201,0.538458,-0.538458,6.65,False,1.7568011283874512
T,F,56,0.53868,-0.53868,9.68857142857143,False,-4.175753593444824
G,C,251,0.538733,-0.538733,5.614285714285714,False,-5.056443214416504
L,N,291,0.539061,-0.539061,35.33944444444444,True,-0.4711887836456299
T,R,151,0.540777,-0.540777,9.882857142857144,True,-3.677793502807617
M,L,222,0.542335,-0.542335,8.58529411764706,False,2.1659064292907715
Y,G,69,0.542476,-0.542476,6.4990476190476185,False,-9.484539031982422
T,I,151,0.543539,-0.543539,9.882857142857144,True,-1.9100329875946045
L,V,291,0.545938,-0.545938,35.33944444444444,True,0.09061622619628906
D,L,150,0.547417,-0.547417,7.190000000000001,False,-6.773321628570557
A,F,248,0.550851,-0.550851,7.4799999999999995,False,-2.8506479263305664
N,C,288,0.552034,-0.552034,10.087142857142856,True,-3.0243403911590576
T,W,151,0.555008,-0.555008,9.882857142857144,True,-6.566211223602295
W,I,257,0.555776,-0.555776,5.465,False,-8.917165756225586
S,G,93,0.557034,-0.557034,6.006363636363636,False,-1.7585725784301758
W,S,257,0.561042,-0.561042,5.465,False,-8.616556167602539
A,E,183,0.56263,-0.56263,5.848999999999999,False,-2.418116569519043
V,Y,84,0.562816,-0.562816,5.859375,False,-4.34881067276001
T,I,51,0.564599,-0.564599,10.149285714285714,True,-3.639084577560425
L,G,199,0.567796,-0.567796,5.682631578947368,False,-3.6951303482055664
A,I,89,0.569781,-0.569781,6.048,False,-3.737877368927002
C,I,239,0.57007,-0.57007,6.315,False,-1.8165632486343384
R,N,285,0.574046,-0.574046,10.415000000000001,True,0.7893965244293213
M,Y,258,0.575605,-0.575605,5.782352941176471,False,-2.343501091003418
L,W,137,0.576426,-0.576426,10.533684210526316,True,-2.099069118499756
I,E,81,0.578988,-0.578988,5.103684210526316,False,-9.75079345703125
M,K,258,0.579133,-0.579133,5.782352941176471,False,-9.60815715789795
L,H,101,0.579413,-0.579413,6.257894736842106,False,-7.323626518249512
P,T,184,0.579864,-0.579864,7.236428571428571,False,-4.366732120513916
L,S,137,0.580825,-0.580825,10.533684210526316,True,-3.683375597000122
P,A,99,0.582692,-0.582692,7.9942857142857155,False,-4.190974712371826
Y,S,69,0.583174,-0.583174,6.4990476190476185,False,-5.429013252258301
P,C,217,0.584441,-0.584441,10.007142857142856,True,-8.386296272277832
Y,M,69,0.584928,-0.584928,6.4990476190476185,False,-7.337943077087402
A,H,179,0.586062,-0.586062,5.26,False,-5.263670921325684
I,N,83,0.587301,-0.587301,4.863684210526316,False,-6.288821697235107
G,L,235,0.588197,-0.588197,8.142857142857142,False,-4.547102928161621
R,A,285,0.588481,-0.588481,10.415000000000001,True,0.9860870838165283
N,Q,225,0.589339,-0.589339,7.584285714285714,False,-0.6842966079711914
G,W,158,0.58966,-0.58966,4.458571428571429,False,-12.514739990234375
N,G,275,0.590325,-0.590325,8.513571428571428,False,-0.08603239059448242
S,V,166,0.593496,-0.593496,4.923636363636363,False,-0.2517833709716797
A,L,47,0.593698,-0.593698,10.325,True,-1.113649606704712
R,P,285,0.593866,-0.593866,10.415000000000001,True,0.6446366310119629
C,P,203,0.595453,-0.595453,6.119,False,-6.228238582611084
S,Y,125,0.595928,-0.595928,6.784545454545454,False,-4.033759593963623
F,E,201,0.596487,-0.596487,6.65,False,-4.630866050720215
P,K,144,0.597325,-0.597325,12.121428571428568,True,-3.9811716079711914
G,E,235,0.599242,-0.599242,8.142857142857142,False,-4.541024208068848
T,L,151,0.600545,-0.600545,9.882857142857144,True,-0.20003962516784668
M,P,128,0.601308,-0.601308,5.524705882352941,False,-3.0930256843566895
W,G,159,0.601852,-0.601852,5.376666666666668,False,-5.4925537109375
S,E,188,0.602207,-0.602207,15.27090909090909,True,-2.852644920349121
F,W,201,0.603856,-0.603856,6.65,False,-2.0523903369903564
M,L,157,0.603873,-0.603873,4.648235294117647,False,-1.4801084995269775
R,L,285,0.604196,-0.604196,10.415000000000001,True,0.15375232696533203
P,W,60,0.604503,-0.604503,8.678571428571427,False,-3.35075044631958
P,A,217,0.605677,-0.605677,10.007142857142856,True,-2.010561943054199
T,L,279,0.606474,-0.606474,14.200000000000001,True,-0.895266056060791
F,N,271,0.608953,-0.608953,8.346,False,-5.92484188079834
A,E,248,0.610965,-0.610965,7.4799999999999995,False,-0.43975138664245605
G,F,76,0.611694,-0.611694,10.078571428571427,True,-5.818789482116699
R,V,280,0.61182,-0.61182,20.504583333333333,True,0.711860179901123
T,C,140,0.61258,-0.61258,13.3,True,-7.441864967346191
R,H,260,0.612888,-0.612888,8.39625,False,-1.6510190963745117
K,L,259,0.613355,-0.613355,7.248636363636361,False,-3.5851235389709473
S,F,136,0.613417,-0.613417,10.832727272727274,True,-4.419234752655029
I,P,208,0.614052,-0.614052,9.464210526315789,False,-5.187347412109375
L,K,291,0.616382,-0.616382,35.33944444444444,True,-1.0537796020507812
D,T,220,0.617054,-0.617054,10.959166666666667,True,0.17969369888305664
V,T,78,0.620991,-0.620991,6.54375,False,-1.591989278793335
P,M,99,0.622518,-0.622518,7.9942857142857155,False,-7.2110114097595215
S,K,169,0.622866,-0.622866,5.231818181818181,False,-4.846741676330566
N,K,225,0.623095,-0.623095,7.584285714285714,False,-1.3291103839874268
M,T,258,0.623126,-0.623126,5.782352941176471,False,-4.414590358734131
A,F,179,0.62757,-0.62757,5.26,False,-3.429706573486328
S,M,236,0.630613,-0.630613,8.869090909090911,False,-3.027275562286377
E,M,274,0.632277,-0.632277,8.980666666666666,False,-1.605588674545288
I,G,111,0.632287,-0.632287,5.936315789473684,False,-7.0423173904418945
T,Y,113,0.633324,-0.633324,6.340000000000001,False,-4.541820526123047
G,W,64,0.63374,-0.63374,6.558571428571428,False,-4.226300239562988
F,Q,55,0.635079,-0.635079,9.129500000000002,False,-1.0654304027557373
S,V,238,0.635721,-0.635721,7.649090909090908,False,-0.8974888324737549
V,Q,84,0.635871,-0.635871,5.859375,False,-3.5976104736328125
C,I,203,0.637805,-0.637805,6.119,False,-7.102347373962402
G,M,235,0.640582,-0.640582,8.142857142857142,False,-4.806140899658203
C,G,203,0.64098,-0.64098,6.119,False,-2.4961886405944824
V,L,78,0.641347,-0.641347,6.54375,False,1.8947367668151855
A,I,41,0.642044,-0.642044,10.251,True,-1.9783363342285156
P,R,181,0.642215,-0.642215,5.230714285714285,False,-9.387187957763672
Y,V,63,0.644369,-0.644369,6.3638095238095245,False,0.6664419174194336
R,G,53,0.646702,-0.646702,14.145833333333334,True,1.6965515613555908
C,A,203,0.647847,-0.647847,6.119,False,-3.213207721710205
D,A,150,0.648387,-0.648387,7.190000000000001,False,-5.447717189788818
T,Y,110,0.649767,-0.649767,5.915000000000001,False,-5.407197952270508
Q,P,182,0.652633,-0.652633,4.872941176470587,False,-2.4643139839172363
C,L,203,0.653224,-0.653224,6.119,False,-6.3788743019104
A,E,47,0.653226,-0.653226,10.325,True,-1.2705576419830322
F,H,50,0.653369,-0.653369,7.846500000000001,False,-3.895200729370117
A,I,130,0.655927,-0.655927,5.438999999999999,False,-4.6217451095581055
P,N,36,0.659129,-0.659129,13.622857142857145,True,-3.039628028869629
A,G,180,0.660325,-0.660325,4.927999999999999,False,-3.075709819793701
V,I,78,0.660716,-0.660716,6.54375,False,-0.22246837615966797
E,L,274,0.663044,-0.663044,8.980666666666666,False,0.10111641883850098
K,E,227,0.664985,-0.664985,7.464545454545455,False,-6.286454677581787
V,Y,149,0.668451,-0.668451,8.20625,False,-8.310696601867676
N,R,275,0.668618,-0.668618,8.513571428571428,False,-1.709683895111084
F,M,50,0.669353,-0.669353,7.846500000000001,False,-3.9986886978149414
A,N,135,0.669459,-0.669459,10.228,True,-2.9858014583587646
W,N,257,0.669658,-0.669658,5.465,False,-10.07681941986084
P,A,60,0.670234,-0.670234,8.678571428571427,False,-0.11413717269897461
T,S,151,0.671128,-0.671128,9.882857142857144,True,-1.5949523448944092
P,A,85,0.672194,-0.672194,6.042857142857143,False,-4.782233238220215
N,Y,225,0.67509,-0.67509,7.584285714285714,False,-2.2885706424713135
A,V,272,0.67648,-0.67648,6.331999999999999,False,1.7685508728027344
V,F,281,0.677939,-0.677939,8.016250000000001,False,0.006161928176879883
S,P,166,0.678322,-0.678322,4.923636363636363,False,-6.468540191650391
P,C,99,0.679698,-0.679698,7.9942857142857155,False,-9.29875373840332
S,C,124,0.680897,-0.680897,5.309090909090909,False,-4.4525861740112305
M,D,157,0.680903,-0.680903,4.648235294117647,False,-5.30145263671875
C,V,289,0.681167,-0.681167,9.798,True,2.7800347805023193
M,S,222,0.681359,-0.681359,8.58529411764706,False,-1.1593866348266602
A,Q,248,0.68137,-0.68137,7.4799999999999995,False,-0.6718442440032959
F,G,50,0.682409,-0.682409,7.846500000000001,False,-4.45051383972168
Y,E,63,0.682692,-0.682692,6.3638095238095245,False,0.5710163116455078
V,W,196,0.683014,-0.683014,6.464375,False,-7.226309776306152
F,I,271,0.683377,-0.683377,8.346,False,-3.437950611114502
A,W,248,0.683695,-0.683695,7.4799999999999995,False,-3.179335594177246
F,M,55,0.683726,-0.683726,9.129500000000002,False,-1.4233450889587402
H,V,104,0.684531,-0.684531,5.963125,False,-5.3597893714904785
P,D,217,0.685055,-0.685055,10.007142857142856,True,-3.961925506591797
N,S,190,0.685434,-0.685434,12.629285714285714,True,0.0672459602355957
F,V,106,0.687043,-0.687043,6.09,False,-6.445130348205566
I,N,111,0.68743,-0.68743,5.936315789473684,False,-6.289403438568115
D,P,263,0.687446,-0.687446,5.789166666666667,False,-6.049060821533203
A,N,47,0.688331,-0.688331,10.325,True,0.2996518611907959
G,T,48,0.688804,-0.688804,7.865714285714286,False,-5.3116984367370605
F,G,201,0.689384,-0.689384,6.65,False,-4.4522552490234375
P,F,36,0.690421,-0.690421,13.622857142857145,True,-6.05158805847168
L,S,216,0.691309,-0.691309,10.890526315789474,True,-1.1940851211547852
Q,Y,247,0.6919,-0.6919,9.353529411764706,False,-0.8274071216583252
S,Q,143,0.692858,-0.692858,10.660909090909088,True,-5.806040287017822
K,E,259,0.693152,-0.693152,7.248636363636361,False,-4.168000221252441
V,Y,156,0.694781,-0.694781,4.883125,False,-4.827778339385986
G,E,64,0.695706,-0.695706,6.558571428571428,False,-3.542764186859131
Q,R,182,0.695801,-0.695801,4.872941176470587,False,-4.0131144523620605
T,F,140,0.696189,-0.696189,13.3,True,-4.591010093688965
L,V,117,0.697362,-0.697362,7.684736842105264,False,-0.6410846710205078
L,F,101,0.698659,-0.698659,6.257894736842106,False,-0.9315968751907349
S,C,143,0.69953,-0.69953,10.660909090909088,True,-6.752881050109863
G,D,235,0.702708,-0.702708,8.142857142857142,False,-3.477747917175293
A,C,183,0.705201,-0.705201,5.848999999999999,False,-3.2230985164642334
S,T,282,0.707122,-0.707122,7.555454545454546,False,-0.19442927837371826
T,E,189,0.707544,-0.707544,11.485714285714282,True,-2.0167436599731445
K,V,259,0.708758,-0.708758,7.248636363636361,False,-4.886722564697266
A,L,248,0.709954,-0.709954,7.4799999999999995,False,-1.8578643798828125
M,D,154,0.711518,-0.711518,5.995882352941176,False,-5.203149318695068
M,S,128,0.711564,-0.711564,5.524705882352941,False,1.0073356628417969
G,Q,158,0.717759,-0.717759,4.458571428571429,False,-13.520244598388672
F,S,271,0.719221,-0.719221,8.346,False,-5.166193962097168
S,K,187,0.719534,-0.719534,17.55545454545455,True,-1.804877758026123
S,A,136,0.719774,-0.719774,10.832727272727274,True,0.2892313003540039
S,G,143,0.721432,-0.721432,10.660909090909088,True,-2.8115181922912598
S,C,188,0.722048,-0.722048,15.27090909090909,True,-5.334794998168945
S,T,143,0.722535,-0.722535,10.660909090909088,True,-3.8059804439544678
P,Q,99,0.724993,-0.724993,7.9942857142857155,False,-3.588366985321045
A,F,209,0.726199,-0.726199,8.529999999999998,False,-3.864314317703247
R,N,224,0.726215,-0.726215,11.577916666666667,True,1.0071349143981934
A,Y,287,0.729469,-0.729469,8.014999999999999,False,-0.5967633724212646
G,F,235,0.729547,-0.729547,8.142857142857142,False,-4.956768989562988
S,Q,238,0.730077,-0.730077,7.649090909090908,False,-1.9404938220977783
G,W,235,0.730168,-0.730168,8.142857142857142,False,-6.287596225738525
G,I,235,0.730724,-0.730724,8.142857142857142,False,-5.158173561096191
S,Y,269,0.731655,-0.731655,7.75,False,-3.476713180541992
G,T,105,0.732684,-0.732684,5.915714285714286,False,-10.742416381835938
C,R,239,0.73293,-0.73293,6.315,False,-4.319731712341309
N,L,288,0.735382,-0.735382,10.087142857142856,True,-0.7980492115020752
Q,F,133,0.735575,-0.735575,7.07,False,1.561046838760376
A,Q,179,0.736027,-0.736027,5.26,False,-4.454741954803467
P,Y,49,0.73962,-0.73962,9.084999999999999,False,-5.0078911781311035
K,E,148,0.739865,-0.739865,12.941818181818183,True,-5.594564437866211
N,P,233,0.740366,-0.740366,11.019999999999998,True,-0.24026250839233398
R,G,123,0.740633,-0.740633,5.540833333333334,False,-9.348006248474121
A,I,102,0.742028,-0.742028,5.936,False,-8.819390296936035
T,V,51,0.74395,-0.74395,10.149285714285714,True,-2.4682464599609375
N,A,138,0.744374,-0.744374,9.64642857142857,False,-3.7520570755004883
F,K,191,0.746387,-0.746387,9.012999999999998,False,-3.807218313217163
D,F,263,0.747484,-0.747484,5.789166666666667,False,-4.688305854797363
F,T,50,0.747936,-0.747936,7.846500000000001,False,-2.6192550659179688
V,P,78,0.748405,-0.748405,6.54375,False,-3.1587040424346924
G,V,139,0.749348,-0.749348,11.290000000000001,True,-2.3678736686706543
G,I,98,0.749538,-0.749538,5.671428571428572,False,-8.430975914001465
S,V,188,0.749609,-0.749609,15.27090909090909,True,-1.5654493570327759
G,A,235,0.750084,-0.750084,8.142857142857142,False,0.06323957443237305
I,Q,111,0.75021,-0.75021,5.936315789473684,False,-7.485439777374268
L,A,291,0.754503,-0.754503,35.33944444444444,True,0.20610952377319336
D,S,150,0.755425,-0.755425,7.190000000000001,False,-4.005875587463379
S,Y,238,0.756297,-0.756297,7.649090909090908,False,0.4114222526550293
Q,I,182,0.75822,-0.75822,4.872941176470587,False,4.046131134033203
A,C,248,0.758341,-0.758341,7.4799999999999995,False,-1.870290756225586
G,L,139,0.758889,-0.758889,11.290000000000001,True,-2.3971409797668457
N,R,288,0.761952,-0.761952,10.087142857142856,True,-0.498488187789917
F,A,50,0.762076,-0.762076,7.846500000000001,False,-2.2295403480529785
G,F,163,0.762746,-0.762746,5.241428571428571,False,-13.088985443115234
C,A,239,0.763088,-0.763088,6.315,False,-1.2737098932266235
S,P,238,0.763099,-0.763099,7.649090909090908,False,-2.5878965854644775
S,T,92,0.765807,-0.765807,7.476363636363637,False,-1.4607324600219727
P,Y,99,0.766381,-0.766381,7.9942857142857155,False,-6.346447944641113
G,Y,234,0.766683,-0.766683,9.731428571428571,True,-5.315952301025391
R,F,132,0.767481,-0.767481,7.2491666666666665,False,-5.553739070892334
G,F,147,0.767497,-0.767497,10.142857142857142,True,-9.150175094604492
P,K,120,0.768642,-0.768642,6.895714285714286,False,-5.635048866271973
W,F,185,0.771251,-0.771251,9.860416666666667,True,-0.7864437103271484
A,T,65,0.771473,-0.771473,6.192,False,1.16603422164917
D,Q,263,0.771887,-0.771887,5.789166666666667,False,-2.1945362091064453
R,E,100,0.772266,-0.772266,7.314583333333334,False,-2.0749363899230957
L,C,216,0.773967,-0.773967,10.890526315789474,True,-4.2049031257629395
Y,H,70,0.775021,-0.775021,8.364285714285714,False,-4.121964454650879
T,A,151,0.775918,-0.775918,9.882857142857144,True,-1.399343490600586
C,S,203,0.778486,-0.778486,6.119,False,-3.8884196281433105
P,D,144,0.778609,-0.778609,12.121428571428568,True,-4.380708694458008
G,L,64,0.780267,-0.780267,6.558571428571428,False,-1.9106779098510742
A,W,135,0.780576,-0.780576,10.228,True,-7.308649063110352
S,G,188,0.781546,-0.781546,15.27090909090909,True,0.7181918621063232
G,T,235,0.783665,-0.783665,8.142857142857142,False,-3.097323179244995
E,F,231,0.783698,-0.783698,7.0,False,-3.755833387374878
A,H,130,0.785367,-0.785367,5.438999999999999,False,-7.950413227081299
Y,D,146,0.785853,-0.785853,10.533809523809522,True,-1.8861632347106934
W,D,185,0.786153,-0.786153,9.860416666666667,True,-4.675352573394775
A,Q,47,0.786646,-0.786646,10.325,True,0.10782217979431152
G,D,155,0.787281,-0.787281,5.140000000000001,False,-10.505461692810059
S,I,92,0.78965,-0.78965,7.476363636363637,False,-5.691566467285156
M,Y,262,0.789919,-0.789919,6.120588235294118,False,-2.4961814880371094
I,S,111,0.790155,-0.790155,5.936315789473684,False,-4.895715713500977
F,P,201,0.790214,-0.790214,6.65,False,-6.483437538146973
T,W,279,0.79043,-0.79043,14.200000000000001,True,-1.980362892150879
A,L,178,0.791193,-0.791193,5.752,False,-4.8914618492126465
D,E,150,0.791409,-0.791409,7.190000000000001,False,-4.95715856552124
W,C,159,0.793387,-0.793387,5.376666666666668,False,-8.358782768249512
Y,I,146,0.795687,-0.795687,10.533809523809522,True,-1.9067034721374512
S,K,188,0.796521,-0.796521,15.27090909090909,True,-1.9848781824111938
F,I,50,0.796806,-0.796806,7.846500000000001,False,-1.6268715858459473
Y,A,146,0.79771,-0.79771,10.533809523809522,True,1.2744908332824707
A,I,45,0.798466,-0.798466,7.564000000000002,False,-2.8005335330963135
L,R,101,0.798931,-0.798931,6.257894736842106,False,-10.24153995513916
P,Y,184,0.800411,-0.800411,7.236428571428571,False,-6.927388668060303
P,G,99,0.801903,-0.801903,7.9942857142857155,False,-6.1025590896606445
I,Y,218,0.804434,-0.804434,8.567894736842103,False,0.7308070659637451
M,Q,157,0.80798,-0.80798,4.648235294117647,False,-3.8230762481689453
L,S,131,0.808473,-0.808473,5.692105263157896,False,-5.214885234832764
R,K,260,0.808638,-0.808638,8.39625,False,-0.8823423385620117
P,H,210,0.809126,-0.809126,9.91,True,-3.9890096187591553
V,P,196,0.809534,-0.809534,6.464375,False,-5.385787487030029
A,M,41,0.809856,-0.809856,10.251,True,-3.969242811203003
V,Q,194,0.811077,-0.811077,8.405000000000001,False,-5.222354888916016
K,W,227,0.815801,-0.815801,7.464545454545455,False,-7.859042644500732
A,H,226,0.817047,-0.817047,7.148000000000001,False,-1.1551852226257324
E,R,274,0.819369,-0.819369,8.980666666666666,False,0.0007386207580566406
L,A,101,0.81957,-0.81957,6.257894736842106,False,-5.105977535247803
N,D,172,0.82,-0.82,8.973571428571429,False,-1.5493149757385254
G,E,158,0.820312,-0.820312,4.458571428571429,False,-11.270119667053223
F,C,55,0.821537,-0.821537,9.129500000000002,False,-5.848570346832275
Q,Y,182,0.824627,-0.824627,4.872941176470587,False,1.522975206375122
Q,F,126,0.826475,-0.826475,5.671176470588235,False,-5.538766860961914
R,T,285,0.826822,-0.826822,10.415000000000001,True,1.5162925720214844
M,H,157,0.828896,-0.828896,4.648235294117647,False,-4.4007649421691895
L,P,101,0.829571,-0.829571,6.257894736842106,False,-8.580460548400879
A,K,47,0.830171,-0.830171,10.325,True,-1.370326280593872
P,K,197,0.830452,-0.830452,6.272857142857142,False,-7.48491096496582
D,L,112,0.830561,-0.830561,5.531666666666666,False,-5.839122772216797
M,S,258,0.831461,-0.831461,5.782352941176471,False,-6.047966003417969
S,K,122,0.832217,-0.832217,7.173636363636365,False,-3.744807243347168
N,A,275,0.833645,-0.833645,8.513571428571428,False,-0.12186813354492188
G,D,64,0.833826,-0.833826,6.558571428571428,False,-3.2166619300842285
M,A,258,0.835194,-0.835194,5.782352941176471,False,-3.6285881996154785
P,R,217,0.835688,-0.835688,10.007142857142856,True,-1.97782564163208
P,I,120,0.838098,-0.838098,6.895714285714286,False,-3.1115641593933105
F,L,261,0.838674,-0.838674,6.3215,False,-3.4019722938537598
Y,R,219,0.839079,-0.839079,8.032380952380953,False,-6.73089599609375
V,T,196,0.839992,-0.839992,6.464375,False,-1.3314186334609985
A,S,248,0.841496,-0.841496,7.4799999999999995,False,0.28113818168640137
L,W,101,0.843616,-0.843616,6.257894736842106,False,0.846470832824707
L,R,137,0.844975,-0.844975,10.533684210526316,True,-3.8720510005950928
S,W,188,0.846913,-0.846913,15.27090909090909,True,-3.4672656059265137
N,W,275,0.848227,-0.848227,8.513571428571428,False,-2.8740835189819336
G,M,162,0.848358,-0.848358,5.298571428571429,False,-13.002435684204102
S,V,61,0.84929,-0.84929,8.43909090909091,False,-2.681438446044922
V,I,84,0.850397,-0.850397,5.859375,False,-1.3376356363296509
S,F,238,0.85124,-0.85124,7.649090909090908,False,0.5742900371551514
A,R,47,0.851519,-0.851519,10.325,True,-0.6333081722259521
C,M,203,0.854473,-0.854473,6.119,False,-6.387001037597656
H,L,293,0.855122,-0.855122,37.20125,True,1.6767427921295166
S,Y,213,0.857675,-0.857675,10.955454545454545,True,-4.092672824859619
S,T,115,0.857764,-0.857764,8.682727272727272,False,-1.827092170715332
A,W,179,0.858452,-0.858452,5.26,False,-6.862252235412598
W,Y,257,0.859046,-0.859046,5.465,False,-3.2863903045654297
S,T,122,0.860481,-0.860481,7.173636363636365,False,-0.5678960084915161
A,Y,47,0.86118,-0.86118,10.325,True,-0.8430864810943604
F,M,201,0.862417,-0.862417,6.65,False,0.3322720527648926
K,V,227,0.863878,-0.863878,7.464545454545455,False,-4.866138458251953
T,D,151,0.865054,-0.865054,9.882857142857144,True,-5.563511371612549
A,D,183,0.865921,-0.865921,5.848999999999999,False,-4.1100311279296875
A,G,135,0.867229,-0.867229,10.228,True,-2.454763174057007
S,L,188,0.867479,-0.867479,15.27090909090909,True,-2.1701788902282715
Q,K,182,0.868399,-0.868399,4.872941176470587,False,-5.209615230560303
V,M,78,0.86858,-0.86858,6.54375,False,-1.0146095752716064
G,S,48,0.868687,-0.868687,7.865714285714286,False,-4.791501045227051
C,T,289,0.868721,-0.868721,9.798,True,2.9109718799591064
G,Y,139,0.868852,-0.868852,11.290000000000001,True,-3.4473376274108887
N,S,288,0.871812,-0.871812,10.087142857142856,True,0.5906140804290771
S,I,61,0.872232,-0.872232,8.43909090909091,False,-3.3158750534057617
P,C,38,0.873494,-0.873494,8.874285714285714,False,-5.731804847717285
G,H,64,0.874284,-0.874284,6.558571428571428,False,-5.131025791168213
N,R,190,0.877866,-0.877866,12.629285714285714,True,-1.282059669494629
V,A,78,0.878195,-0.878195,6.54375,False,-1.1810424327850342
A,Q,102,0.878218,-0.878218,5.936,False,-6.344880104064941
K,C,253,0.880914,-0.880914,6.016818181818182,False,1.0261530876159668
G,A,48,0.881095,-0.881095,7.865714285714286,False,-4.684315204620361
T,P,151,0.881462,-0.881462,9.882857142857144,True,-0.5995888710021973
N,E,275,0.881649,-0.881649,8.513571428571428,False,-1.532357931137085
A,S,130,0.883527,-0.883527,5.438999999999999,False,-2.764537811279297
A,H,248,0.883554,-0.883554,7.4799999999999995,False,-3.275139808654785
F,I,201,0.88542,-0.88542,6.65,False,0.6438736915588379
A,I,179,0.886517,-0.886517,5.26,False,0.015100479125976562
N,A,37,0.88679,-0.88679,11.206428571428573,True,-0.8975696563720703
F,A,106,0.88786,-0.88786,6.09,False,-8.017576217651367
N,I,241,0.888329,-0.888329,5.879285714285715,False,0.7555954456329346
S,H,245,0.889218,-0.889218,8.448181818181817,False,-3.6268763542175293
T,Q,140,0.889945,-0.889945,13.3,True,-1.0886809825897217
Y,L,146,0.890731,-0.890731,10.533809523809522,True,-1.022529125213623
N,Q,172,0.890798,-0.890798,8.973571428571429,False,0.07224559783935547
M,R,128,0.891043,-0.891043,5.524705882352941,False,-0.11060619354248047
T,R,56,0.895337,-0.895337,9.68857142857143,False,-2.745875120162964
A,C,47,0.896547,-0.896547,10.325,True,-3.306868314743042
A,M,180,0.896805,-0.896805,4.927999999999999,False,0.15738916397094727
R,I,123,0.901472,-0.901472,5.540833333333334,False,-7.685282230377197
I,Y,145,0.901569,-0.901569,8.843684210526314,False,0.7902226448059082
V,K,211,0.903132,-0.903132,8.389375000000001,False,-2.2830922603607178
A,Y,183,0.903872,-0.903872,5.848999999999999,False,-1.6612024307250977
A,P,179,0.904466,-0.904466,5.26,False,-8.101802825927734
Y,F,146,0.905682,-0.905682,10.533809523809522,True,-1.071819543838501
A,F,47,0.90682,-0.90682,10.325,True,-1.6300995349884033
R,Q,267,0.906871,-0.906871,7.336666666666666,False,-3.9961471557617188
A,L,179,0.908566,-0.908566,5.26,False,-1.615892767906189
T,F,51,0.908607,-0.908607,10.149285714285714,True,-5.0976362228393555
A,H,47,0.910158,-0.910158,10.325,True,-2.19303822517395
T,Q,151,0.913624,-0.913624,9.882857142857144,True,-3.416365623474121
V,L,84,0.913813,-0.913813,5.859375,False,-1.7548633813858032
S,K,142,0.91394,-0.91394,14.110909090909091,True,-3.687243938446045
A,Q,41,0.914569,-0.914569,10.251,True,-1.8046581745147705
S,K,238,0.916562,-0.916562,7.649090909090908,False,-4.2117509841918945
N,D,225,0.922383,-0.922383,7.584285714285714,False,0.33296942710876465
R,F,280,0.922599,-0.922599,20.504583333333333,True,0.31280064582824707
H,R,293,0.923071,-0.923071,37.20125,True,1.7987089157104492
M,V,157,0.923449,-0.923449,4.648235294117647,False,-0.9933474063873291
M,A,157,0.92406,-0.92406,4.648235294117647,False,-1.1692018508911133
S,L,121,0.924092,-0.924092,8.833636363636364,False,-2.5026845932006836
V,L,68,0.924451,-0.924451,6.86875,False,0.9929414391517639
V,P,84,0.924467,-0.924467,5.859375,False,-5.703120231628418
P,S,181,0.925741,-0.925741,5.230714285714285,False,-3.2801804542541504
S,R,143,0.926775,-0.926775,10.660909090909088,True,-6.208767890930176
A,V,135,0.929018,-0.929018,10.228,True,-0.8269088268280029
A,P,47,0.929073,-0.929073,10.325,True,-2.649833917617798
A,W,202,0.930297,-0.930297,6.241999999999999,False,-6.0379414558410645
S,F,236,0.931673,-0.931673,8.869090909090911,False,-3.5269346237182617
H,K,293,0.934375,-0.934375,37.20125,True,1.511969804763794
W,Q,185,0.935522,-0.935522,9.860416666666667,True,-3.367791175842285
R,Y,285,0.936518,-0.936518,10.415000000000001,True,0.25897693634033203
P,I,181,0.936896,-0.936896,5.230714285714285,False,-3.049431324005127
V,R,84,0.938879,-0.938879,5.859375,False,-7.662415981292725
A,K,129,0.943119,-0.943119,5.927,False,-4.542785167694092
P,R,85,0.943379,-0.943379,6.042857142857143,False,-9.328520774841309
H,V,293,0.944139,-0.944139,37.20125,True,1.6682209968566895
P,K,85,0.94651,-0.94651,6.042857142857143,False,-10.92490291595459
N,H,138,0.947015,-0.947015,9.64642857142857,False,-5.140249252319336
F,R,106,0.947019,-0.947019,6.09,False,-11.201415061950684
I,S,232,0.948784,-0.948784,8.607368421052632,False,-4.514867782592773
F,S,201,0.949387,-0.949387,6.65,False,-3.9506595134735107
V,D,84,0.950715,-0.950715,5.859375,False,-4.86896276473999
G,C,243,0.951248,-0.951248,7.711428571428572,False,-1.2800480127334595
A,W,47,0.953688,-0.953688,10.325,True,-3.147616147994995
G,W,66,0.95412,-0.95412,6.5042857142857144,False,-9.12059211730957
N,R,225,0.957325,-0.957325,7.584285714285714,False,-1.5595500469207764
E,F,44,0.957561,-0.957561,7.870666666666668,False,-0.8014669418334961
S,K,269,0.95781,-0.95781,7.75,False,-2.061728000640869
T,G,151,0.959496,-0.959496,9.882857142857144,True,-3.6038904190063477
G,Y,98,0.95991,-0.95991,5.671428571428572,False,-10.21510124206543
G,F,251,0.960359,-0.960359,5.614285714285714,False,-4.083388328552246
V,A,84,0.960944,-0.960944,5.859375,False,0.4615168571472168
D,R,283,0.962217,-0.962217,8.464999999999998,False,-1.1962285041809082
E,Y,274,0.965878,-0.965878,8.980666666666666,False,-0.9416506290435791
S,C,115,0.967301,-0.967301,8.682727272727272,False,-5.657283306121826
G,R,98,0.967895,-0.967895,5.671428571428572,False,-11.440020561218262
M,N,258,0.970993,-0.970993,5.782352941176471,False,-8.245646476745605
G,N,64,0.971574,-0.971574,6.558571428571428,False,-2.6062636375427246
L,T,101,0.97268,-0.97268,6.257894736842106,False,-6.614070892333984
V,R,196,0.972856,-0.972856,6.464375,False,-2.2379226684570312
S,Y,221,0.97465,-0.97465,9.238181818181816,False,-3.7835121154785156
A,Y,129,0.974662,-0.974662,5.927,False,-4.091565132141113
I,T,94,0.976913,-0.976913,5.445789473684211,False,-2.326594352722168
R,F,53,0.978873,-0.978873,14.145833333333334,True,-5.580132007598877
Y,C,219,0.979936,-0.979936,8.032380952380953,False,-7.378533363342285
A,P,65,0.981378,-0.981378,6.192,False,-0.8459796905517578
A,V,47,0.984099,-0.984099,10.325,True,-1.0153706073760986
V,K,134,0.984526,-0.984526,7.569375,False,-10.302392959594727
T,N,270,0.986853,-0.986853,11.829285714285714,True,-0.12976503372192383
G,L,105,0.988255,-0.988255,5.915714285714286,False,-11.342041015625
G,T,164,0.989103,-0.989103,6.017142857142857,False,-5.7288408279418945
S,E,269,0.989164,-0.989164,7.75,False,-1.6799525022506714
C,P,239,0.990209,-0.990209,6.315,False,-2.943220615386963
F,K,271,0.991306,-0.991306,8.346,False,-7.105181694030762
W,C,185,0.991981,-0.991981,9.860416666666667,True,-4.717886447906494
A,T,129,0.993013,-0.993013,5.927,False,-1.799235224723816
L,A,176,0.993861,-0.993861,5.845263157894737,False,-3.8026585578918457
C,W,203,0.994269,-0.994269,6.119,False,-7.8794074058532715
S,Y,187,0.9968,-0.9968,17.55545454545455,True,-0.5075747966766357
A,I,65,0.997667,-0.997667,6.192,False,-2.909088611602783
C,T,203,1.002,-1.002,6.119,False,-4.937764644622803
V,D,78,1.00214,-1.00214,6.54375,False,-5.552279472351074
G,S,235,1.00673,-1.00673,8.142857142857142,False,-2.3070120811462402
S,V,245,1.00779,-1.00779,8.448181818181817,False,-1.2016690969467163
A,T,130,1.0086,-1.0086,5.438999999999999,False,-2.9174511432647705
N,M,225,1.00916,-1.00916,7.584285714285714,False,-3.4042575359344482
A,T,135,1.00983,-1.00983,10.228,True,-1.2016704082489014
I,Y,200,1.01082,-1.01082,6.983157894736842,False,-0.05679607391357422
M,R,258,1.01154,-1.01154,5.782352941176471,False,-9.289921760559082
R,N,123,1.01249,-1.01249,5.540833333333334,False,-7.153282165527344
P,Q,197,1.01299,-1.01299,6.272857142857142,False,-7.617877006530762
G,R,235,1.0132,-1.0132,8.142857142857142,False,-6.005851745605469
T,Q,286,1.01864,-1.01864,7.402142857142857,False,-1.1976113319396973
A,M,248,1.01885,-1.01885,7.4799999999999995,False,-3.178983688354492
S,I,213,1.02024,-1.02024,10.955454545454545,True,-4.123936653137207
S,Y,193,1.02064,-1.02064,14.020000000000003,True,-3.411313533782959
S,L,115,1.0208,-1.0208,8.682727272727272,False,-4.040480136871338
T,S,189,1.02091,-1.02091,11.485714285714282,True,0.39124834537506104
W,F,257,1.02383,-1.02383,5.465,False,-1.8045082092285156
W,M,96,1.02425,-1.02425,5.797083333333333,False,-4.821354389190674
N,V,264,1.02461,-1.02461,7.979999999999999,False,-5.701208591461182
F,H,201,1.03051,-1.03051,6.65,False,-3.7192680835723877
Q,R,91,1.03321,-1.03321,5.954705882352941,False,-3.819427490234375
Y,E,268,1.03377,-1.03377,6.649523809523809,False,-8.298715591430664
W,A,185,1.03537,-1.03537,9.860416666666667,True,-1.7066137790679932
Q,E,182,1.03582,-1.03582,4.872941176470587,False,-1.9678888320922852
N,Y,246,1.03586,-1.03586,8.882142857142858,False,-0.6085824966430664
S,Y,46,1.03789,-1.03789,8.976363636363637,False,-2.453763008117676
S,L,238,1.03829,-1.03829,7.649090909090908,False,-0.8429501056671143
A,V,41,1.03861,-1.03861,10.251,True,-0.8330566883087158
C,F,203,1.04126,-1.04126,6.119,False,-6.744350433349609
A,C,130,1.04433,-1.04433,5.438999999999999,False,-6.5893025398254395
S,D,188,1.04823,-1.04823,15.27090909090909,True,-2.0911197662353516
S,Q,141,1.04841,-1.04841,12.931818181818185,True,-2.8530120849609375
G,C,155,1.05161,-1.05161,5.140000000000001,False,-8.492583274841309
V,S,196,1.05252,-1.05252,6.464375,False,-1.8129507303237915
A,V,248,1.05273,-1.05273,7.4799999999999995,False,-1.5064964294433594
Y,S,63,1.05409,-1.05409,6.3638095238095245,False,3.8572094440460205
Q,N,182,1.05508,-1.05508,4.872941176470587,False,-0.6556949615478516
V,R,78,1.05718,-1.05718,6.54375,False,-0.326854944229126
N,T,225,1.0574,-1.0574,7.584285714285714,False,1.753105878829956
L,A,137,1.05951,-1.05951,10.533684210526316,True,-2.870511531829834
Y,A,63,1.06112,-1.06112,6.3638095238095245,False,2.0381546020507812
K,L,253,1.0623,-1.0623,6.016818181818182,False,3.2040293216705322
R,E,280,1.06468,-1.06468,20.504583333333333,True,-0.21905946731567383
F,T,201,1.06643,-1.06643,6.65,False,-2.6803839206695557
A,D,129,1.06781,-1.06781,5.927,False,1.0013580322265625e-05
S,A,143,1.06978,-1.06978,10.660909090909088,True,-3.486509084701538
K,F,177,1.07418,-1.07418,8.607272727272727,False,-4.7946085929870605
A,T,102,1.07563,-1.07563,5.936,False,-5.45018196105957
L,F,291,1.07579,-1.07579,35.33944444444444,True,-0.45737457275390625
Y,F,219,1.07612,-1.07612,8.032380952380953,False,-0.31994152069091797
P,A,36,1.07957,-1.07957,13.622857142857145,True,-1.8296375274658203
F,R,201,1.08218,-1.08218,6.65,False,-5.894525527954102
G,S,35,1.08284,-1.08284,8.667142857142858,False,-6.162838935852051
G,Y,76,1.08504,-1.08504,10.078571428571427,True,-4.958113670349121
L,V,101,1.08545,-1.08545,6.257894736842106,False,-3.1283950805664062
M,V,258,1.08647,-1.08647,5.782352941176471,False,-2.1783242225646973
T,Y,77,1.08732,-1.08732,8.299285714285714,False,-2.3329458236694336
A,G,272,1.08787,-1.08787,6.331999999999999,False,-2.0706052780151367
A,D,41,1.089,-1.089,10.251,True,-2.176330089569092
W,G,185,1.08949,-1.08949,9.860416666666667,True,-2.530172348022461
A,T,183,1.09026,-1.09026,5.848999999999999,False,-1.9544894695281982
V,A,196,1.09068,-1.09068,6.464375,False,0.3462352752685547
S,Q,93,1.09227,-1.09227,6.006363636363636,False,0.6695976257324219
A,Y,256,1.09233,-1.09233,5.840999999999999,False,-4.16799783706665
P,E,144,1.09581,-1.09581,12.121428571428568,True,-4.124709129333496
P,N,85,1.09645,-1.09645,6.042857142857143,False,-5.865765571594238
L,H,291,1.09649,-1.09649,35.33944444444444,True,-1.5953845977783203
P,L,85,1.09805,-1.09805,6.042857142857143,False,-8.543577194213867
P,T,85,1.09911,-1.09911,6.042857142857143,False,-5.939770221710205
K,W,148,1.1017,-1.1017,12.941818181818183,True,-9.086809158325195
H,I,293,1.10235,-1.10235,37.20125,True,1.2791509628295898
T,K,266,1.10389,-1.10389,7.875000000000001,False,-2.371034622192383
G,Q,139,1.10534,-1.10534,11.290000000000001,True,-0.3165397644042969
M,A,128,1.10835,-1.10835,5.524705882352941,False,1.632796287536621
S,T,187,1.10911,-1.10911,17.55545454545455,True,-0.09848976135253906
G,V,158,1.1115,-1.1115,4.458571428571429,False,-11.639155387878418
S,Q,115,1.11335,-1.11335,8.682727272727272,False,-3.99373459815979
T,Q,39,1.1152,-1.1152,10.128571428571428,True,-1.5840859413146973
I,M,145,1.11539,-1.11539,8.843684210526314,False,-2.2901511192321777
P,A,184,1.11917,-1.11917,7.236428571428571,False,-3.0014452934265137
L,W,43,1.12598,-1.12598,7.9826315789473705,False,-1.4779253005981445
D,A,265,1.12614,-1.12614,6.410833333333334,False,-7.6576690673828125
L,G,291,1.12669,-1.12669,35.33944444444444,True,0.21454238891601562
G,K,98,1.12962,-1.12962,5.671428571428572,False,-11.378854751586914
F,T,229,1.13242,-1.13242,7.899500000000001,False,-5.654095649719238
A,G,47,1.13673,-1.13673,10.325,True,-1.0143945217132568
A,I,47,1.13928,-1.13928,10.325,True,-2.147190809249878
W,H,185,1.14044,-1.14044,9.860416666666667,True,-2.865635395050049
L,V,230,1.14063,-1.14063,7.260526315789474,False,0.618039608001709
I,A,111,1.14071,-1.14071,5.936315789473684,False,-3.62172794342041
V,A,255,1.14204,-1.14204,6.508125,False,-2.502927541732788
L,W,291,1.14254,-1.14254,35.33944444444444,True,-1.0476927757263184
I,L,81,1.14378,-1.14378,5.103684210526316,False,-2.3554468154907227
R,K,123,1.14379,-1.14379,5.540833333333334,False,-7.087156295776367
N,T,37,1.1439,-1.1439,11.206428571428573,True,-1.4550342559814453
A,T,41,1.14407,-1.14407,10.251,True,-0.032167911529541016
V,S,84,1.14457,-1.14457,5.859375,False,0.6624679565429688
K,M,252,1.14603,-1.14603,7.618636363636363,False,-1.8249945640563965
A,M,102,1.1513,-1.1513,5.936,False,-9.939645767211914
T,E,110,1.15334,-1.15334,5.915000000000001,False,-1.8142948150634766
M,H,128,1.15623,-1.15623,5.524705882352941,False,-2.287215232849121
Y,L,87,1.15644,-1.15644,7.022380952380951,False,-3.7260870933532715
P,D,184,1.16081,-1.16081,7.236428571428571,False,-8.778586387634277
H,G,293,1.1615,-1.1615,37.20125,True,2.1211376190185547
W,V,185,1.16246,-1.16246,9.860416666666667,True,-0.8535380363464355
G,V,64,1.16311,-1.16311,6.558571428571428,False,-1.0864543914794922
A,S,183,1.16346,-1.16346,5.848999999999999,False,-1.6223361492156982
C,S,289,1.16436,-1.16436,9.798,True,3.1427037715911865
F,T,191,1.16455,-1.16455,9.012999999999998,False,-2.709087610244751
Y,E,146,1.16517,-1.16517,10.533809523809522,True,-1.3594460487365723
L,G,117,1.16819,-1.16819,7.684736842105264,False,0.43016505241394043
G,F,162,1.17155,-1.17155,5.298571428571429,False,-12.278738975524902
V,M,196,1.17171,-1.17171,6.464375,False,-2.8750643730163574
S,G,213,1.17402,-1.17402,10.955454545454545,True,-1.5972527265548706
K,I,227,1.17491,-1.17491,7.464545454545455,False,-5.985798358917236
Q,H,119,1.17897,-1.17897,10.140588235294118,True,-1.1963551044464111
K,M,253,1.17921,-1.17921,6.016818181818182,False,1.6691155433654785
G,R,48,1.17966,-1.17966,7.865714285714286,False,-7.038236141204834
S,I,166,1.18045,-1.18045,4.923636363636363,False,-3.846924304962158
M,C,157,1.18124,-1.18124,4.648235294117647,False,-5.410207271575928
M,A,222,1.18229,-1.18229,8.58529411764706,False,-0.01661825180053711
A,M,129,1.18255,-1.18255,5.927,False,-4.470872402191162
P,C,184,1.18636,-1.18636,7.236428571428571,False,-6.873004913330078
T,A,140,1.18802,-1.18802,13.3,True,-1.289579153060913
I,W,81,1.18926,-1.18926,5.103684210526316,False,-8.961456298828125
G,D,98,1.19057,-1.19057,5.671428571428572,False,-8.177474021911621
V,N,84,1.19075,-1.19075,5.859375,False,-2.257051944732666
F,R,191,1.19085,-1.19085,9.012999999999998,False,-2.4377496242523193
G,M,64,1.19205,-1.19205,6.558571428571428,False,-2.4743809700012207
V,F,84,1.19379,-1.19379,5.859375,False,-3.0783638954162598
R,W,280,1.19499,-1.19499,20.504583333333333,True,-0.3272700309753418
D,E,263,1.19563,-1.19563,5.789166666666667,False,-1.5177931785583496
S,E,187,1.19619,-1.19619,17.55545454545455,True,-2.627016544342041
F,E,55,1.19851,-1.19851,9.129500000000002,False,-0.3773612976074219
S,A,188,1.19968,-1.19968,15.27090909090909,True,-0.5257302522659302
A,S,65,1.20127,-1.20127,6.192,False,2.21486759185791
I,C,232,1.20207,-1.20207,8.607368421052632,False,-4.552755355834961
S,K,213,1.20237,-1.20237,10.955454545454545,True,-1.957208275794983
N,V,275,1.20285,-1.20285,8.513571428571428,False,-1.2512617111206055
A,T,179,1.20405,-1.20405,5.26,False,-2.152723789215088
P,C,197,1.20662,-1.20662,6.272857142857142,False,-10.171579360961914
V,G,84,1.2078,-1.2078,5.859375,False,-1.116134762763977
S,F,143,1.20852,-1.20852,10.660909090909088,True,-5.790929317474365
G,V,98,1.20901,-1.20901,5.671428571428572,False,-6.927358627319336
E,S,204,1.20938,-1.20938,8.534,False,0.2737455368041992
W,L,185,1.21134,-1.21134,9.860416666666667,True,-2.5593066215515137
N,G,225,1.21185,-1.21185,7.584285714285714,False,1.084578514099121
W,E,185,1.21404,-1.21404,9.860416666666667,True,-5.203880310058594
Y,Q,219,1.21493,-1.21493,8.032380952380953,False,-7.7294111251831055
N,T,205,1.21528,-1.21528,11.137857142857143,True,-1.3662395477294922
F,T,106,1.21532,-1.21532,6.09,False,-9.878984451293945
N,T,212,1.21635,-1.21635,11.783571428571431,True,0.0570378303527832
F,S,55,1.21643,-1.21643,9.129500000000002,False,-0.06152606010437012
S,F,282,1.21806,-1.21806,7.555454545454546,False,-1.4974132776260376
I,M,81,1.21881,-1.21881,5.103684210526316,False,-3.793741226196289
L,S,291,1.21893,-1.21893,35.33944444444444,True,0.4312155246734619
S,H,242,1.21969,-1.21969,6.135454545454547,False,-3.199195384979248
Y,I,63,1.22231,-1.22231,6.3638095238095245,False,-0.11484718322753906
A,G,183,1.22254,-1.22254,5.848999999999999,False,-4.381974220275879
A,S,41,1.22417,-1.22417,10.251,True,0.014819622039794922
W,R,185,1.22523,-1.22523,9.860416666666667,True,-3.868192672729492
G,S,251,1.22609,-1.22609,5.614285714285714,False,-1.2111260890960693
F,H,55,1.23189,-1.23189,9.129500000000002,False,-3.0608410835266113
K,P,227,1.23219,-1.23219,7.464545454545455,False,-6.958080291748047
S,N,42,1.23245,-1.23245,8.557272727272728,False,-1.7338284254074097
T,H,110,1.23255,-1.23255,5.915000000000001,False,-5.747555732727051
E,T,292,1.23312,-1.23312,47.50133333333334,True,1.2860958576202393
P,G,38,1.23609,-1.23609,8.874285714285714,False,-2.9845457077026367
N,T,288,1.23969,-1.23969,10.087142857142856,True,0.32346224784851074
A,S,47,1.24157,-1.24157,10.325,True,1.180940866470337
T,V,110,1.24209,-1.24209,5.915000000000001,False,0.019009113311767578
V,E,194,1.24296,-1.24296,8.405000000000001,False,-6.635786056518555
M,E,258,1.24356,-1.24356,5.782352941176471,False,-7.494074821472168
V,I,156,1.24422,-1.24422,4.883125,False,-1.2773661613464355
T,E,140,1.24544,-1.24544,13.3,True,-2.527015447616577
M,F,128,1.24713,-1.24713,5.524705882352941,False,-1.0819072723388672
A,P,41,1.24826,-1.24826,10.251,True,-2.437309980392456
S,E,245,1.24853,-1.24853,8.448181818181817,False,-1.525586485862732
A,F,41,1.25124,-1.25124,10.251,True,-3.718418836593628
S,H,169,1.25298,-1.25298,5.231818181818181,False,-3.7431178092956543
M,Q,222,1.25299,-1.25299,8.58529411764706,False,-2.717287540435791
H,A,293,1.25503,-1.25503,37.20125,True,2.1467020511627197
D,H,150,1.25677,-1.25677,7.190000000000001,False,-6.6439104080200195
K,Q,227,1.25848,-1.25848,7.464545454545455,False,-5.075169563293457
D,Y,150,1.25906,-1.25906,7.190000000000001,False,-7.778824329376221
K,Y,148,1.26347,-1.26347,12.941818181818183,True,-5.890674114227295
S,H,121,1.26351,-1.26351,8.833636363636364,False,-4.204907417297363
N,E,172,1.26429,-1.26429,8.973571428571429,False,-1.3227033615112305
A,W,272,1.26635,-1.26635,6.331999999999999,False,-0.4347829818725586
D,H,263,1.26705,-1.26705,5.789166666666667,False,-3.993170738220215
S,C,42,1.26922,-1.26922,8.557272727272728,False,-6.587735652923584
N,I,264,1.27031,-1.27031,7.979999999999999,False,-6.918989181518555
K,G,227,1.27083,-1.27083,7.464545454545455,False,-5.685630798339844
S,N,115,1.27135,-1.27135,8.682727272727272,False,-1.5511491298675537
M,W,258,1.27155,-1.27155,5.782352941176471,False,-2.325777053833008
A,R,45,1.27192,-1.27192,7.564000000000002,False,-1.444042682647705
R,G,280,1.27207,-1.27207,20.504583333333333,True,0.5858991146087646
M,Y,128,1.27446,-1.27446,5.524705882352941,False,-1.6706547737121582
C,H,203,1.27525,-1.27525,6.119,False,-6.797475814819336
S,T,166,1.27634,-1.27634,4.923636363636363,False,0.9236425161361694
L,S,101,1.27673,-1.27673,6.257894736842106,False,-8.072232246398926
V,L,149,1.28042,-1.28042,8.20625,False,-0.7785825729370117
T,Q,189,1.28212,-1.28212,11.485714285714282,True,-1.193556308746338
G,M,139,1.28305,-1.28305,11.290000000000001,True,-3.7336955070495605
A,L,202,1.28701,-1.28701,6.241999999999999,False,-3.6525816917419434
V,K,84,1.28843,-1.28843,5.859375,False,-8.33796501159668
S,N,282,1.28935,-1.28935,7.555454545454546,False,-0.8044372797012329
L,M,101,1.29046,-1.29046,6.257894736842106,False,-3.131805419921875
S,P,42,1.29227,-1.29227,8.557272727272728,False,-2.1129708290100098
F,A,201,1.29256,-1.29256,6.65,False,-2.2884762287139893
R,W,34,1.2957,-1.2957,8.38,False,-4.21628475189209
F,S,106,1.29612,-1.29612,6.09,False,-8.486818313598633
H,F,104,1.29662,-1.29662,5.963125,False,-3.4746742248535156
A,T,248,1.29831,-1.29831,7.4799999999999995,False,0.042957305908203125
T,A,270,1.30023,-1.30023,11.829285714285714,True,0.1664438247680664
L,T,216,1.30107,-1.30107,10.890526315789474,True,-0.716700553894043
P,Q,144,1.30145,-1.30145,12.121428571428568,True,-3.703312397003174
W,S,185,1.30363,-1.30363,9.860416666666667,True,-1.5444159507751465
V,C,196,1.30488,-1.30488,6.464375,False,-4.595038890838623
A,I,248,1.30877,-1.30877,7.4799999999999995,False,-2.2382516860961914
L,K,101,1.31183,-1.31183,6.257894736842106,False,-10.84726333618164
D,M,220,1.31313,-1.31313,10.959166666666667,True,-3.1857171058654785
G,E,35,1.3162,-1.3162,8.667142857142858,False,-7.83675479888916
F,H,191,1.31674,-1.31674,9.012999999999998,False,-3.560363531112671
A,E,41,1.31843,-1.31843,10.251,True,-1.9091565608978271
A,S,45,1.31864,-1.31864,7.564000000000002,False,1.146143913269043
Y,G,63,1.32041,-1.32041,6.3638095238095245,False,3.1120731830596924
S,R,282,1.32171,-1.32171,7.555454545454546,False,-1.3527833223342896
R,T,123,1.32363,-1.32363,5.540833333333334,False,-8.239415168762207
G,L,66,1.32397,-1.32397,6.5042857142857144,False,-5.585328578948975
D,I,112,1.32751,-1.32751,5.531666666666666,False,-7.457749843597412
N,K,114,1.33405,-1.33405,8.296428571428573,False,-4.2008771896362305
S,H,115,1.33595,-1.33595,8.682727272727272,False,-5.127442359924316
A,M,45,1.33717,-1.33717,7.564000000000002,False,-4.017300605773926
P,E,197,1.34012,-1.34012,6.272857142857142,False,-8.793673515319824
P,H,60,1.34177,-1.34177,8.678571428571427,False,-3.615879535675049
P,L,210,1.34295,-1.34295,9.91,True,-3.41723895072937
D,A,263,1.34316,-1.34316,5.789166666666667,False,-0.20816373825073242
Q,Y,127,1.34319,-1.34319,4.808823529411765,False,0.19303131103515625
F,T,261,1.34363,-1.34363,6.3215,False,-5.017506122589111
T,Y,195,1.34661,-1.34661,9.130714285714285,False,-3.877354383468628
L,G,137,1.34807,-1.34807,10.533684210526316,True,-4.465004920959473
Y,W,63,1.34981,-1.34981,6.3638095238095245,False,-2.1284313201904297
F,N,201,1.34983,-1.34983,6.65,False,-4.40727424621582
G,I,64,1.35029,-1.35029,6.558571428571428,False,-1.372452735900879
H,E,293,1.3523,-1.3523,37.20125,True,0.9440407752990723
S,A,115,1.35327,-1.35327,8.682727272727272,False,-1.6116347312927246
N,I,138,1.35466,-1.35466,9.64642857142857,False,-7.778087615966797
V,H,84,1.36728,-1.36728,5.859375,False,-4.2775654792785645
P,C,85,1.37013,-1.37013,6.042857142857143,False,-8.929463386535645
A,C,240,1.37264,-1.37264,5.798,False,0.8218594789505005
M,Q,154,1.37341,-1.37341,5.995882352941176,False,-3.230069637298584
T,Q,270,1.37366,-1.37366,11.829285714285714,True,0.8621617555618286
M,F,157,1.37414,-1.37414,4.648235294117647,False,-1.3858366012573242
Y,Q,63,1.37608,-1.37608,6.3638095238095245,False,1.091529369354248
C,Y,239,1.37858,-1.37858,6.315,False,-1.9890447854995728
Y,Q,87,1.38005,-1.38005,7.022380952380951,False,-7.47522497177124
T,K,110,1.38016,-1.38016,5.915000000000001,False,-6.813887596130371
I,T,208,1.38332,-1.38332,9.464210526315789,False,0.31015515327453613
S,P,282,1.38391,-1.38391,7.555454545454546,False,-1.05622136592865
V,C,149,1.38735,-1.38735,8.20625,False,-8.340047836303711
M,N,222,1.38833,-1.38833,8.58529411764706,False,-2.520754814147949
I,P,83,1.39003,-1.39003,4.863684210526316,False,-10.095588684082031
C,Y,273,1.39218,-1.39218,7.561,False,-6.359738349914551
D,R,220,1.39372,-1.39372,10.959166666666667,True,0.8872537612915039
T,W,110,1.39428,-1.39428,5.915000000000001,False,-7.414034843444824
K,Q,252,1.39525,-1.39525,7.618636363636363,False,1.118056058883667
V,Y,281,1.39552,-1.39552,8.016250000000001,False,0.13252925872802734
A,E,179,1.39574,-1.39574,5.26,False,-7.386579513549805
G,P,251,1.39634,-1.39634,5.614285714285714,False,-4.366262435913086
S,Q,42,1.39659,-1.39659,8.557272727272728,False,-0.8342751264572144
N,E,244,1.39664,-1.39664,6.618571428571428,False,-1.1561083793640137
Q,C,182,1.39733,-1.39733,4.872941176470587,False,-1.5787029266357422
K,R,253,1.39805,-1.39805,6.016818181818182,False,1.945077896118164
W,F,159,1.39825,-1.39825,5.376666666666668,False,-1.873914361000061
G,A,35,1.40077,-1.40077,8.667142857142858,False,-6.282289505004883
I,D,111,1.40295,-1.40295,5.936315789473684,False,-8.495895385742188
P,T,217,1.40354,-1.40354,10.007142857142856,True,-2.8517701625823975
P,Y,181,1.40479,-1.40479,5.230714285714285,False,-6.723419666290283
E,Y,231,1.40643,-1.40643,7.0,False,-3.4607813358306885
Q,K,91,1.40696,-1.40696,5.954705882352941,False,-3.278395175933838
P,R,60,1.40941,-1.40941,8.678571428571427,False,-2.3724889755249023
G,A,64,1.40991,-1.40991,6.558571428571428,False,-1.683114767074585
S,G,221,1.41191,-1.41191,9.238181818181816,False,-0.5844888687133789
S,R,93,1.41548,-1.41548,6.006363636363636,False,-4.230384826660156
G,F,48,1.41721,-1.41721,7.865714285714286,False,-7.031093597412109
T,L,110,1.41745,-1.41745,5.915000000000001,False,0.8393324613571167
G,S,76,1.41819,-1.41819,10.078571428571427,True,-0.10894441604614258
G,H,98,1.41858,-1.41858,5.671428571428572,False,-10.863444328308105
K,G,253,1.42215,-1.42215,6.016818181818182,False,0.6359949111938477
F,C,271,1.42229,-1.42229,8.346,False,-7.6629791259765625
P,H,217,1.4225,-1.4225,10.007142857142856,True,-3.565293312072754
M,F,154,1.42453,-1.42453,5.995882352941176,False,-0.49656200408935547
S,G,115,1.42533,-1.42533,8.682727272727272,False,-1.1801607608795166
R,H,123,1.42662,-1.42662,5.540833333333334,False,-7.464446544647217
E,G,44,1.42677,-1.42677,7.870666666666668,False,-0.39438533782958984
G,K,139,1.4288,-1.4288,11.290000000000001,True,-0.6407938003540039
A,K,272,1.43027,-1.43027,6.331999999999999,False,-1.8223567008972168
S,Q,188,1.43683,-1.43683,15.27090909090909,True,-1.9037972688674927
G,E,251,1.43796,-1.43796,5.614285714285714,False,-1.1216681003570557
P,D,60,1.43833,-1.43833,8.678571428571427,False,-0.3559551239013672
V,Q,78,1.43887,-1.43887,6.54375,False,-2.1103055477142334
A,E,209,1.43993,-1.43993,8.529999999999998,False,-6.2506914138793945
G,T,64,1.44203,-1.44203,6.558571428571428,False,-1.9911370277404785
A,C,89,1.44347,-1.44347,6.048,False,-4.400619983673096
T,S,270,1.44573,-1.44573,11.829285714285714,True,0.4921518564224243
M,T,262,1.44803,-1.44803,6.120588235294118,False,0.4151930809020996
S,I,42,1.44814,-1.44814,8.557272727272728,False,-3.3141345977783203
P,H,38,1.45256,-1.45256,8.874285714285714,False,-4.699406623840332
G,Q,98,1.45401,-1.45401,5.671428571428572,False,-8.597305297851562
Q,D,182,1.45478,-1.45478,4.872941176470587,False,-2.645562171936035
A,L,129,1.45491,-1.45491,5.927,False,-3.119755268096924
N,Y,114,1.45531,-1.45531,8.296428571428573,False,-2.71718168258667
T,G,56,1.46003,-1.46003,9.68857142857143,False,-2.481372594833374
C,V,203,1.46008,-1.46008,6.119,False,-5.949053764343262
A,T,47,1.46112,-1.46112,10.325,True,-0.1334216594696045
S,M,125,1.46172,-1.46172,6.784545454545454,False,-3.0374698638916016
T,I,110,1.46318,-1.46318,5.915000000000001,False,0.7675951719284058
A,L,102,1.46368,-1.46368,5.936,False,-8.098844528198242
E,P,274,1.46432,-1.46432,8.980666666666666,False,1.0152990818023682
L,T,137,1.46709,-1.46709,10.533684210526316,True,-3.641310453414917
G,R,64,1.46783,-1.46783,6.558571428571428,False,-3.861262798309326
V,S,68,1.46851,-1.46851,6.86875,False,-6.1549177169799805
F,G,106,1.46893,-1.46893,6.09,False,-10.381498336791992
S,E,214,1.46946,-1.46946,8.867272727272727,False,-2.030381202697754
S,Y,188,1.47126,-1.47126,15.27090909090909,True,-2.2488832473754883
S,H,166,1.47309,-1.47309,4.923636363636363,False,-10.80376148223877
K,Q,148,1.47485,-1.47485,12.941818181818183,True,-3.1624248027801514
I,Y,83,1.47675,-1.47675,4.863684210526316,False,-3.863154172897339
H,W,293,1.47762,-1.47762,37.20125,True,-0.1399860382080078
M,G,258,1.48148,-1.48148,5.782352941176471,False,-7.114038467407227
S,H,269,1.48308,-1.48308,7.75,False,-3.3312134742736816
H,Q,293,1.48331,-1.48331,37.20125,True,1.25484037399292
P,A,49,1.48555,-1.48555,9.084999999999999,False,-2.558364152908325
L,N,137,1.48788,-1.48788,10.533684210526316,True,-4.300449371337891
Y,A,219,1.48884,-1.48884,8.032380952380953,False,-6.085588455200195
S,I,169,1.49002,-1.49002,5.231818181818181,False,-1.0521154403686523
K,I,253,1.4904,-1.4904,6.016818181818182,False,2.67503023147583
G,Y,62,1.49216,-1.49216,7.877142857142856,False,-3.0233123302459717
P,A,210,1.49298,-1.49298,9.91,True,-2.4666903018951416
F,L,229,1.49333,-1.49333,7.899500000000001,False,-0.46994495391845703
P,E,85,1.49369,-1.49369,6.042857142857143,False,-9.061370849609375
E,W,44,1.49594,-1.49594,7.870666666666668,False,-2.180373191833496
N,V,172,1.4961,-1.4961,8.973571428571429,False,-2.029481887817383
P,K,60,1.49629,-1.49629,8.678571428571427,False,-3.3164238929748535
D,N,150,1.50129,-1.50129,7.190000000000001,False,-1.5754003524780273
N,Q,205,1.50172,-1.50172,11.137857142857143,True,-1.842729091644287
L,P,199,1.50554,-1.50554,5.682631578947368,False,-9.305622100830078
S,G,245,1.50621,-1.50621,8.448181818181817,False,-0.3709205389022827
K,S,177,1.50626,-1.50626,8.607272727272727,False,-2.8546156883239746
Y,C,63,1.50864,-1.50864,6.3638095238095245,False,-4.36810302734375
A,N,102,1.50899,-1.50899,5.936,False,-7.470048904418945
P,I,60,1.50931,-1.50931,8.678571428571427,False,-1.8135251998901367
A,F,45,1.50989,-1.50989,7.564000000000002,False,-3.8136160373687744
Y,A,87,1.51254,-1.51254,7.022380952380951,False,-6.2206573486328125
K,C,252,1.51325,-1.51325,7.618636363636363,False,-1.7407779693603516
R,C,123,1.51574,-1.51574,5.540833333333334,False,-10.044342041015625
A,M,272,1.51837,-1.51837,6.331999999999999,False,1.4442429542541504
P,L,144,1.52028,-1.52028,12.121428571428568,True,-4.165348052978516
K,M,227,1.52311,-1.52311,7.464545454545455,False,-6.1171064376831055
N,H,244,1.52376,-1.52376,6.618571428571428,False,-3.0839619636535645
G,E,139,1.52504,-1.52504,11.290000000000001,True,-1.3584356307983398
V,Q,255,1.52756,-1.52756,6.508125,False,-5.000978469848633
T,V,286,1.5293,-1.5293,7.402142857142857,False,-0.6487269401550293
A,N,209,1.53036,-1.53036,8.529999999999998,False,-4.13585090637207
F,D,271,1.53168,-1.53168,8.346,False,-5.777256965637207
M,S,157,1.53269,-1.53269,4.648235294117647,False,-2.0368638038635254
K,L,95,1.53286,-1.53286,12.269545454545453,True,-1.7106592655181885
T,P,110,1.53377,-1.53377,5.915000000000001,False,-6.4577836990356445
T,Q,113,1.53527,-1.53527,6.340000000000001,False,-4.673124313354492
S,T,242,1.53659,-1.53659,6.135454545454547,False,-0.4335768222808838
K,D,253,1.53748,-1.53748,6.016818181818182,False,0.4357948303222656
S,D,282,1.5398,-1.5398,7.555454545454546,False,-0.8257254362106323
N,C,172,1.54848,-1.54848,8.973571428571429,False,-6.30534553527832
S,I,221,1.55032,-1.55032,9.238181818181816,False,-4.228214263916016
A,F,180,1.5515,-1.5515,4.927999999999999,False,0.7898187637329102
G,L,155,1.55228,-1.55228,5.140000000000001,False,-8.163347244262695
L,F,137,1.55295,-1.55295,10.533684210526316,True,-3.125549793243408
S,F,188,1.55866,-1.55866,15.27090909090909,True,-2.669027328491211
G,H,76,1.55971,-1.55971,10.078571428571427,True,-3.5984928607940674
G,R,251,1.56026,-1.56026,5.614285714285714,False,-2.0382423400878906
N,H,233,1.56127,-1.56127,11.019999999999998,True,-1.068361759185791
F,C,106,1.56446,-1.56446,6.09,False,-8.568440437316895
L,H,137,1.56502,-1.56502,10.533684210526316,True,-4.939990520477295
A,E,129,1.56507,-1.56507,5.927,False,-0.7319291830062866
N,T,244,1.56808,-1.56808,6.618571428571428,False,0.26458072662353516
Y,D,63,1.57254,-1.57254,6.3638095238095245,False,1.3202459812164307
G,M,155,1.57281,-1.57281,5.140000000000001,False,-7.99043083190918
W,Q,257,1.57334,-1.57334,5.465,False,-9.461691856384277
S,C,221,1.57628,-1.57628,9.238181818181816,False,-5.710868835449219
G,K,162,1.5783,-1.5783,5.298571428571429,False,-14.331196784973145
K,S,252,1.58126,-1.58126,7.618636363636363,False,1.5635151863098145
P,R,184,1.58489,-1.58489,7.236428571428571,False,-10.623565673828125
D,C,220,1.58581,-1.58581,10.959166666666667,True,-3.5572543144226074
T,E,113,1.58582,-1.58582,6.340000000000001,False,-5.338582515716553
N,H,264,1.58639,-1.58639,7.979999999999999,False,-2.4072017669677734
A,I,129,1.58793,-1.58793,5.927,False,-4.454888343811035
K,P,252,1.58943,-1.58943,7.618636363636363,False,-0.15662288665771484
W,Y,97,1.59254,-1.59254,5.192083333333334,False,-2.1156482696533203
H,S,293,1.59336,-1.59336,37.20125,True,2.534940719604492
R,N,53,1.59522,-1.59522,14.145833333333334,True,-0.961310625076294
A,Y,226,1.59525,-1.59525,7.148000000000001,False,-0.7645974159240723
Y,R,146,1.59672,-1.59672,10.533809523809522,True,-0.2508265972137451
R,L,100,1.59948,-1.59948,7.314583333333334,False,0.32729363441467285
I,A,208,1.59984,-1.59984,9.464210526315789,False,-1.916069507598877
P,V,197,1.59999,-1.59999,6.272857142857142,False,-10.164520263671875
D,I,263,1.60091,-1.60091,5.789166666666667,False,-5.498315334320068
P,C,60,1.6019,-1.6019,8.678571428571427,False,-5.415759563446045
R,Y,59,1.60235,-1.60235,11.477500000000001,True,1.0834174156188965
V,A,68,1.60548,-1.60548,6.86875,False,-2.463709592819214
A,K,41,1.60921,-1.60921,10.251,True,-2.552243947982788
V,N,149,1.60959,-1.60959,8.20625,False,-9.681286811828613
I,K,94,1.61161,-1.61161,5.445789473684211,False,-7.5345635414123535
Y,M,63,1.61164,-1.61164,6.3638095238095245,False,-1.6835298538208008
E,D,274,1.61198,-1.61198,8.980666666666666,False,1.00687575340271
D,V,220,1.6129,-1.6129,10.959166666666667,True,-3.577169895172119
N,K,212,1.61319,-1.61319,11.783571428571431,True,-0.4160120487213135
K,V,148,1.61351,-1.61351,12.941818181818183,True,-4.105592250823975
D,C,265,1.61479,-1.61479,6.410833333333334,False,-11.58100700378418
V,T,84,1.61871,-1.61871,5.859375,False,-0.7303429841995239
N,A,205,1.61887,-1.61887,11.137857142857143,True,-0.5716869831085205
V,G,196,1.61971,-1.61971,6.464375,False,-3.4666690826416016
S,G,269,1.62147,-1.62147,7.75,False,-1.346351981163025
H,T,293,1.62321,-1.62321,37.20125,True,2.2631099224090576
P,V,60,1.62439,-1.62439,8.678571428571427,False,-1.3385858535766602
V,E,84,1.62521,-1.62521,5.859375,False,-5.0277252197265625
G,S,139,1.62522,-1.62522,11.290000000000001,True,2.5114240646362305
G,W,162,1.6255,-1.6255,5.298571428571429,False,-12.131291389465332
V,W,84,1.62722,-1.62722,5.859375,False,-4.935023784637451
P,K,181,1.6281,-1.6281,5.230714285714285,False,-10.240762710571289
N,K,241,1.62833,-1.62833,5.879285714285715,False,-2.627182722091675
P,F,85,1.62989,-1.62989,6.042857142857143,False,-9.149696350097656
S,N,166,1.6322,-1.6322,4.923636363636363,False,-5.715583324432373
K,E,253,1.63609,-1.63609,6.016818181818182,False,1.2318363189697266
V,C,255,1.63695,-1.63695,6.508125,False,-6.962848663330078
G,P,105,1.63941,-1.63941,5.915714285714286,False,-12.501202583312988
P,Q,60,1.64322,-1.64322,8.678571428571427,False,-1.8895907402038574
S,A,42,1.64737,-1.64737,8.557272727272728,False,-0.033041954040527344
K,W,253,1.64768,-1.64768,6.016818181818182,False,2.38922119140625
S,E,238,1.65129,-1.65129,7.649090909090908,False,-1.4169142246246338
Q,T,119,1.65369,-1.65369,10.140588235294118,True,0.133439302444458
K,S,253,1.65427,-1.65427,6.016818181818182,False,1.6541681289672852
G,W,139,1.65501,-1.65501,11.290000000000001,True,-5.5433220863342285
A,Q,33,1.65529,-1.65529,8.857999999999999,False,-0.6432313919067383
R,A,123,1.65595,-1.65595,5.540833333333334,False,-8.50239086151123
A,K,45,1.65597,-1.65597,7.564000000000002,False,-1.7771050930023193
A,M,89,1.65636,-1.65636,6.048,False,-4.429050445556641
Y,N,63,1.65694,-1.65694,6.3638095238095245,False,2.2732677459716797
Y,P,63,1.65826,-1.65826,6.3638095238095245,False,2.326430559158325
N,K,264,1.65859,-1.65859,7.979999999999999,False,-2.6247076988220215
R,D,100,1.66288,-1.66288,7.314583333333334,False,-4.127942085266113
D,V,263,1.66464,-1.66464,5.789166666666667,False,-4.002170562744141
P,T,60,1.66484,-1.66484,8.678571428571427,False,0.18023014068603516
S,P,115,1.66689,-1.66689,8.682727272727272,False,-5.089786052703857
P,T,120,1.67479,-1.67479,6.895714285714286,False,-3.0148873329162598
I,R,111,1.6775,-1.6775,5.936315789473684,False,-9.237339973449707
Q,W,182,1.67953,-1.67953,4.872941176470587,False,1.1076445579528809
S,A,121,1.68435,-1.68435,8.833636363636364,False,0.17597389221191406
G,M,254,1.68512,-1.68512,5.354285714285714,False,2.316436767578125
K,I,148,1.68586,-1.68586,12.941818181818183,True,-4.164000511169434
G,P,86,1.6869,-1.6869,5.975714285714287,False,-9.953588485717773
F,L,191,1.68786,-1.68786,9.012999999999998,False,0.9056739807128906
D,E,220,1.69227,-1.69227,10.959166666666667,True,-0.5171442031860352
G,P,155,1.69275,-1.69275,5.140000000000001,False,-11.99685287475586
V,L,134,1.69329,-1.69329,7.569375,False,1.6680855751037598
F,T,55,1.69348,-1.69348,9.129500000000002,False,0.5544230937957764
V,D,196,1.69474,-1.69474,6.464375,False,-4.421638488769531
G,S,64,1.69567,-1.69567,6.558571428571428,False,-1.7700986862182617
M,K,222,1.69863,-1.69863,8.58529411764706,False,-3.3789310455322266
P,S,217,1.69886,-1.69886,10.007142857142856,True,-1.254131555557251
A,W,41,1.69959,-1.69959,10.251,True,-5.4241943359375
Q,L,182,1.69976,-1.69976,4.872941176470587,False,3.7725467681884766
I,K,232,1.69989,-1.69989,8.607368421052632,False,-6.7889251708984375
G,F,64,1.70042,-1.70042,6.558571428571428,False,-2.3700172901153564
K,Y,252,1.7005,-1.7005,7.618636363636363,False,-0.8469362258911133
K,Q,253,1.70259,-1.70259,6.016818181818182,False,1.8978824615478516
A,Y,180,1.70323,-1.70323,4.927999999999999,False,-0.8938159942626953
F,G,271,1.70541,-1.70541,8.346,False,-6.034131050109863
H,Y,293,1.7058,-1.7058,37.20125,True,0.8366453647613525
A,T,89,1.7065,-1.7065,6.048,False,-2.529242992401123
A,H,102,1.70708,-1.70708,5.936,False,-9.11357307434082
T,D,110,1.7073,-1.7073,5.915000000000001,False,-2.5984277725219727
V,Q,149,1.71287,-1.71287,8.20625,False,-9.551948547363281
V,A,149,1.71307,-1.71307,8.20625,False,-3.187117576599121
H,D,293,1.7142,-1.7142,37.20125,True,1.2691476345062256
E,A,44,1.71679,-1.71679,7.870666666666668,False,1.706624984741211
N,T,275,1.71698,-1.71698,8.513571428571428,False,-0.2854909896850586
I,L,208,1.71877,-1.71877,9.464210526315789,False,-1.4512708187103271
P,V,144,1.71974,-1.71974,12.121428571428568,True,-4.012820243835449
A,C,45,1.72311,-1.72311,7.564000000000002,False,-5.565982818603516
A,C,129,1.72384,-1.72384,5.927,False,-8.624775886535645
D,S,263,1.7256,-1.7256,5.789166666666667,False,-1.066408634185791
R,W,123,1.72933,-1.72933,5.540833333333334,False,-9.489500045776367
S,H,42,1.72984,-1.72984,8.557272727272728,False,-4.536440849304199
S,M,221,1.7306,-1.7306,9.238181818181816,False,-3.8771867752075195
S,I,193,1.73363,-1.73363,14.020000000000003,True,-4.990390777587891
A,E,102,1.73585,-1.73585,5.936,False,-9.649142265319824
L,G,216,1.73595,-1.73595,10.890526315789474,True,-0.7951579093933105
V,P,149,1.73693,-1.73693,8.20625,False,-7.193717002868652
G,C,98,1.7378,-1.7378,5.671428571428572,False,-7.724985599517822
M,T,157,1.73856,-1.73856,4.648235294117647,False,-1.2091569900512695
A,T,45,1.74004,-1.74004,7.564000000000002,False,0.5290560722351074
M,F,258,1.74006,-1.74006,5.782352941176471,False,1.3808975219726562
G,Q,254,1.74075,-1.74075,5.354285714285714,False,0.6574192047119141
P,L,60,1.74151,-1.74151,8.678571428571427,False,-1.7825636863708496
P,H,197,1.74486,-1.74486,6.272857142857142,False,-8.605130195617676
D,F,220,1.74486,-1.74486,10.959166666666667,True,-3.7445387840270996
I,H,168,1.74709,-1.74709,6.565789473684212,False,-2.312101364135742
N,S,275,1.74813,-1.74813,8.513571428571428,False,0.2403954267501831
R,L,123,1.74955,-1.74955,5.540833333333334,False,-5.963499069213867
N,H,225,1.75061,-1.75061,7.584285714285714,False,-2.0621397495269775
N,P,172,1.75085,-1.75085,8.973571428571429,False,-5.0585527420043945
P,W,144,1.75129,-1.75129,12.121428571428568,True,-7.418471336364746
T,H,270,1.75267,-1.75267,11.829285714285714,True,-2.6905789375305176
G,K,155,1.75461,-1.75461,5.140000000000001,False,-12.505454063415527
T,V,270,1.7556,-1.7556,11.829285714285714,True,-2.28676700592041
N,L,114,1.75561,-1.75561,8.296428571428573,False,-1.2949414253234863
G,P,254,1.757,-1.757,5.354285714285714,False,-2.9330291748046875
G,M,158,1.75716,-1.75716,4.458571428571429,False,-13.634620666503906
G,F,158,1.75755,-1.75755,4.458571428571429,False,-13.381284713745117
S,K,42,1.7595,-1.7595,8.557272727272728,False,-2.7868618965148926
A,D,179,1.76091,-1.76091,5.26,False,-7.791036605834961
K,H,227,1.76113,-1.76113,7.464545454545455,False,-5.382352352142334
C,G,289,1.76191,-1.76191,9.798,True,2.903256416320801
I,A,232,1.76219,-1.76219,8.607368421052632,False,-3.04852032661438
N,Y,190,1.76485,-1.76485,12.629285714285714,True,-1.7742414474487305
N,S,138,1.76734,-1.76734,9.64642857142857,False,-2.872742176055908
E,A,274,1.76972,-1.76972,8.980666666666666,False,1.6603448390960693
S,R,214,1.76977,-1.76977,8.867272727272727,False,-0.5632843971252441
S,P,124,1.77033,-1.77033,5.309090909090909,False,-1.845693588256836
I,F,232,1.77139,-1.77139,8.607368421052632,False,-0.6664061546325684
K,V,253,1.77146,-1.77146,6.016818181818182,False,3.4024744033813477
S,F,115,1.77228,-1.77228,8.682727272727272,False,-4.544539928436279
A,Y,41,1.77281,-1.77281,10.251,True,-3.1081321239471436
S,A,282,1.77617,-1.77617,7.555454545454546,False,-0.2742048501968384
E,P,204,1.77886,-1.77886,8.534,False,-3.1678786277770996
L,K,43,1.77974,-1.77974,7.9826315789473705,False,-1.8276314735412598
G,T,76,1.78104,-1.78104,10.078571428571427,True,-0.4187045097351074
L,V,137,1.78423,-1.78423,10.533684210526316,True,-2.87814998626709
F,E,191,1.78494,-1.78494,9.012999999999998,False,-5.248490333557129
H,C,293,1.7855,-1.7855,37.20125,True,-0.198516845703125
M,T,128,1.78661,-1.78661,5.524705882352941,False,1.1268413066864014
P,M,217,1.78967,-1.78967,10.007142857142856,True,-5.963555812835693
D,L,118,1.78979,-1.78979,6.635833333333334,False,-6.042906284332275
S,K,221,1.79142,-1.79142,9.238181818181816,False,0.8735998868942261
V,I,149,1.79385,-1.79385,8.20625,False,-0.061299800872802734
V,S,156,1.7942,-1.7942,4.883125,False,-2.0174367427825928
P,S,184,1.79424,-1.79424,7.236428571428571,False,-4.381635665893555
D,F,283,1.79505,-1.79505,8.464999999999998,False,-1.9184503555297852
S,K,61,1.79579,-1.79579,8.43909090909091,False,-3.2349376678466797
A,V,202,1.79995,-1.79995,6.241999999999999,False,-2.7770586013793945
G,P,162,1.8024,-1.8024,5.298571428571429,False,-11.75426197052002
N,E,190,1.80353,-1.80353,12.629285714285714,True,-2.644772529602051
A,Y,178,1.8049,-1.8049,5.752,False,-6.9468817710876465
N,I,172,1.80509,-1.80509,8.973571428571429,False,-3.0572290420532227
N,E,264,1.80563,-1.80563,7.979999999999999,False,-3.101212501525879
A,P,226,1.80678,-1.80678,7.148000000000001,False,-0.9067063331604004
V,F,78,1.82401,-1.82401,6.54375,False,3.017338275909424
D,T,150,1.82497,-1.82497,7.190000000000001,False,-6.511589050292969
P,C,276,1.82974,-1.82974,11.277142857142858,True,-2.365400552749634
P,G,60,1.82991,-1.82991,8.678571428571427,False,1.2060390710830688
A,R,129,1.83006,-1.83006,5.927,False,-4.28823709487915
S,L,42,1.83102,-1.83102,8.557272727272728,False,-3.189426898956299
A,M,74,1.83139,-1.83139,10.844999999999999,True,-4.362817287445068
A,F,135,1.83513,-1.83513,10.228,True,-4.193991661071777
L,I,117,1.8377,-1.8377,7.684736842105264,False,-0.8451852798461914
A,I,180,1.83887,-1.83887,4.927999999999999,False,2.195922374725342
A,Y,89,1.84008,-1.84008,6.048,False,-4.735210418701172
A,M,179,1.84361,-1.84361,5.26,False,-3.279987335205078
K,H,252,1.84436,-1.84436,7.618636363636363,False,-1.3952937126159668
P,G,144,1.84554,-1.84554,12.121428571428568,True,-3.9650039672851562
D,R,263,1.84713,-1.84713,5.789166666666667,False,-2.8885631561279297
T,N,110,1.84945,-1.84945,5.915000000000001,False,-1.9920320510864258
P,Y,120,1.85196,-1.85196,6.895714285714286,False,-5.451257228851318
G,I,162,1.85345,-1.85345,5.298571428571429,False,-13.277263641357422
A,K,202,1.85358,-1.85358,6.241999999999999,False,-6.84616231918335
S,A,193,1.85581,-1.85581,14.020000000000003,True,-0.5623030662536621
R,P,123,1.85779,-1.85779,5.540833333333334,False,-9.748857498168945
P,H,144,1.85848,-1.85848,12.121428571428568,True,-6.365780830383301
G,Y,254,1.85939,-1.85939,5.354285714285714,False,-0.4288644790649414
A,E,240,1.8634,-1.8634,5.798,False,-0.752211332321167
R,T,260,1.86429,-1.86429,8.39625,False,0.04163074493408203
A,S,226,1.86441,-1.86441,7.148000000000001,False,0.2280261516571045
N,M,138,1.86457,-1.86457,9.64642857142857,False,-8.895357131958008
Y,K,268,1.8662,-1.8662,6.649523809523809,False,-9.594776153564453
D,Y,220,1.86652,-1.86652,10.959166666666667,True,-1.7009258270263672
A,M,80,1.867,-1.867,5.226000000000001,False,-6.546524524688721
A,R,240,1.86807,-1.86807,5.798,False,-2.7017288208007812
E,M,292,1.87081,-1.87081,47.50133333333334,True,-1.1183326244354248
T,L,39,1.87659,-1.87659,10.128571428571428,True,-0.5521841049194336
G,A,98,1.87703,-1.87703,5.671428571428572,False,-1.756673812866211
G,Y,48,1.8771,-1.8771,7.865714285714286,False,-5.564309120178223
S,Y,207,1.88485,-1.88485,10.32,True,-2.398524761199951
M,Y,154,1.88889,-1.88889,5.995882352941176,False,-1.7973971366882324
A,K,80,1.89117,-1.89117,5.226000000000001,False,-9.298890113830566
G,L,86,1.89217,-1.89217,5.975714285714287,False,-9.162874221801758
Y,F,70,1.89269,-1.89269,8.364285714285714,False,-1.35237717628479
A,I,287,1.89347,-1.89347,8.014999999999999,False,-0.966475248336792
I,N,232,1.89363,-1.89363,8.607368421052632,False,-4.672029495239258
A,S,240,1.89605,-1.89605,5.798,False,-0.08770298957824707
T,F,286,1.89737,-1.89737,7.402142857142857,False,-1.2468862533569336
E,V,44,1.90196,-1.90196,7.870666666666668,False,0.30398130416870117
T,S,266,1.90326,-1.90326,7.875000000000001,False,1.0075846910476685
G,P,158,1.90681,-1.90681,4.458571428571429,False,-11.923761367797852
V,F,196,1.91074,-1.91074,6.464375,False,-5.885686874389648
R,T,100,1.91211,-1.91211,7.314583333333334,False,-1.3065414428710938
R,G,100,1.91314,-1.91314,7.314583333333334,False,-4.612115859985352
P,N,60,1.91458,-1.91458,8.678571428571427,False,-0.20752429962158203
A,D,33,1.91516,-1.91516,8.857999999999999,False,-1.0411787033081055
I,L,168,1.9154,-1.9154,6.565789473684212,False,0.2390298843383789
S,W,213,1.91782,-1.91782,10.955454545454545,True,-5.1633100509643555
A,S,102,1.92036,-1.92036,5.936,False,-4.116605281829834
N,V,288,1.92475,-1.92475,10.087142857142856,True,-0.735008955001831
N,W,244,1.92492,-1.92492,6.618571428571428,False,-2.2969517707824707
K,T,227,1.92568,-1.92568,7.464545454545455,False,-4.795401096343994
P,M,60,1.92694,-1.92694,8.678571428571427,False,-3.934929370880127
P,I,144,1.92747,-1.92747,12.121428571428568,True,-5.204423427581787
A,Y,171,1.92863,-1.92863,8.044999999999998,False,-3.2151191234588623
S,E,93,1.92899,-1.92899,6.006363636363636,False,0.7181797027587891
V,S,149,1.93239,-1.93239,8.20625,False,-7.188697814941406
Q,T,182,1.93329,-1.93329,4.872941176470587,False,0.40604066848754883
K,A,95,1.9351,-1.9351,12.269545454545453,True,0.9075655937194824
A,V,80,1.94099,-1.94099,5.226000000000001,False,-2.984009265899658
A,C,209,1.94118,-1.94118,8.529999999999998,False,0.3710370659828186
S,Q,282,1.94118,-1.94118,7.555454545454546,False,-1.474500298500061
T,Y,67,1.94128,-1.94128,6.3342857142857145,False,-3.8668012619018555
A,R,226,1.94149,-1.94149,7.148000000000001,False,-1.6256566047668457
N,P,264,1.94349,-1.94349,7.979999999999999,False,-5.745648384094238
T,Y,266,1.94468,-1.94468,7.875000000000001,False,-3.377492904663086
E,T,204,1.94674,-1.94674,8.534,False,-0.23343110084533691
L,D,137,1.94745,-1.94745,10.533684210526316,True,-3.6257174015045166
P,F,184,1.9475,-1.9475,7.236428571428571,False,-6.055614948272705
G,A,251,1.94778,-1.94778,5.614285714285714,False,-0.5010988712310791
D,G,220,1.94819,-1.94819,10.959166666666667,True,-0.2710108757019043
K,D,227,1.94985,-1.94985,7.464545454545455,False,-6.644643783569336
M,I,262,1.95127,-1.95127,6.120588235294118,False,2.3503286838531494
R,E,267,1.95201,-1.95201,7.336666666666666,False,-5.420322418212891
A,Y,40,1.95296,-1.95296,10.168000000000001,True,-1.4505817890167236
N,T,172,1.95319,-1.95319,8.973571428571429,False,-0.3833434581756592
Y,I,87,1.95995,-1.95995,7.022380952380951,False,-6.344511032104492
C,G,239,1.96143,-1.96143,6.315,False,-0.8878589868545532
I,R,232,1.9646,-1.9646,8.607368421052632,False,-6.210427284240723
K,R,252,1.96947,-1.96947,7.618636363636363,False,0.4599947929382324
E,L,292,1.97257,-1.97257,47.50133333333334,True,0.7568013668060303
F,Y,229,1.97537,-1.97537,7.899500000000001,False,-0.4083123207092285
N,Y,138,1.97607,-1.97607,9.64642857142857,False,-6.899694442749023
N,E,37,1.97779,-1.97779,11.206428571428573,True,-1.2374191284179688
E,I,204,1.9793,-1.9793,8.534,False,-3.5473761558532715
G,C,158,1.97948,-1.97948,4.458571428571429,False,-12.027592658996582
G,D,86,1.97998,-1.97998,5.975714285714287,False,-9.267353057861328
I,Y,208,1.98163,-1.98163,9.464210526315789,False,-3.1515133380889893
A,Q,272,1.98347,-1.98347,6.331999999999999,False,-0.8170828819274902
L,E,101,1.98361,-1.98361,6.257894736842106,False,-8.454964637756348
K,I,252,1.98898,-1.98898,7.618636363636363,False,-1.4207777976989746
Y,D,87,1.99059,-1.99059,7.022380952380951,False,-8.389493942260742
A,P,102,1.99328,-1.99328,5.936,False,-9.991271018981934
N,Q,264,1.99568,-1.99568,7.979999999999999,False,-3.0135464668273926
S,H,142,1.99778,-1.99778,14.110909090909091,True,-4.96136474609375
S,R,193,1.99939,-1.99939,14.020000000000003,True,-0.05576157569885254
T,F,151,2.0031,-2.0031,9.882857142857144,True,-3.4140634536743164
A,K,102,2.00476,-2.00476,5.936,False,-10.666666030883789
A,W,129,2.00681,-2.00681,5.927,False,-5.592234134674072
T,R,189,2.00684,-2.00684,11.485714285714282,True,-0.9694886207580566
I,M,232,2.01037,-2.01037,8.607368421052632,False,-2.693023204803467
A,N,41,2.01142,-2.01142,10.251,True,-2.177727222442627
K,T,252,2.0117,-2.0117,7.618636363636363,False,1.8141963481903076
S,L,269,2.01354,-2.01354,7.75,False,-2.70931339263916
I,C,111,2.01586,-2.01586,5.936315789473684,False,-6.846088409423828
S,T,269,2.0174,-2.0174,7.75,False,-0.6717928647994995
S,N,221,2.0202,-2.0202,9.238181818181816,False,0.32159852981567383
A,F,226,2.02492,-2.02492,7.148000000000001,False,-2.0009303092956543
A,W,102,2.02555,-2.02555,5.936,False,-11.50935173034668
G,I,254,2.02832,-2.02832,5.354285714285714,False,1.8030037879943848
G,E,86,2.02884,-2.02884,5.975714285714287,False,-8.411664962768555
G,P,139,2.02905,-2.02905,11.290000000000001,True,-1.0429644584655762
K,N,253,2.03069,-2.03069,6.016818181818182,False,1.5456442832946777
S,W,221,2.03369,-2.03369,9.238181818181816,False,-5.294223785400391
A,Y,272,2.03887,-2.03887,6.331999999999999,False,0.6369743347167969
T,R,270,2.04168,-2.04168,11.829285714285714,True,-0.3011302947998047
G,V,155,2.04201,-2.04201,5.140000000000001,False,-6.09556245803833
S,Y,122,2.04206,-2.04206,7.173636363636365,False,-3.789297103881836
G,S,105,2.0421,-2.0421,5.915714285714286,False,-7.512584686279297
G,W,86,2.04542,-2.04542,5.975714285714287,False,-8.270415306091309
M,F,222,2.04644,-2.04644,8.58529411764706,False,-2.363999366760254
S,H,221,2.04681,-2.04681,9.238181818181816,False,-1.3735580444335938
S,D,54,2.04789,-2.04789,9.982727272727272,True,-0.9678946733474731
S,R,269,2.04838,-2.04838,7.75,False,-1.2250865697860718
N,I,190,2.04856,-2.04856,12.629285714285714,True,-2.3036065101623535
T,S,110,2.04954,-2.04954,5.915000000000001,False,-0.6751914024353027
N,L,244,2.04976,-2.04976,6.618571428571428,False,-1.3522825241088867
D,H,265,2.05012,-2.05012,6.410833333333334,False,-8.337383270263672
S,N,121,2.05223,-2.05223,8.833636363636364,False,-0.7069417238235474
G,K,158,2.05256,-2.05256,4.458571428571429,False,-14.015497207641602
S,T,42,2.05408,-2.05408,8.557272727272728,False,-0.6729825735092163
L,T,291,2.05785,-2.05785,35.33944444444444,True,0.27913713455200195
V,C,78,2.06555,-2.06555,6.54375,False,-3.942466974258423
G,C,86,2.07011,-2.07011,5.975714285714287,False,-8.858044624328613
A,L,272,2.073,-2.073,6.331999999999999,False,4.345672607421875
N,C,225,2.0776,-2.0776,7.584285714285714,False,-3.462982416152954
A,Q,45,2.07792,-2.07792,7.564000000000002,False,-0.9905109405517578
L,G,230,2.07876,-2.07876,7.260526315789474,False,-1.0288728475570679
L,K,117,2.07882,-2.07882,7.684736842105264,False,-1.8907384872436523
L,A,117,2.08077,-2.08077,7.684736842105264,False,0.6353583335876465
S,E,221,2.08137,-2.08137,9.238181818181816,False,-3.3474035263061523
S,G,61,2.0828,-2.0828,8.43909090909091,False,0.5462253093719482
G,F,254,2.08528,-2.08528,5.354285714285714,False,-0.3744087219238281
N,F,114,2.08853,-2.08853,8.296428571428573,False,-1.3039748668670654
G,I,158,2.08886,-2.08886,4.458571428571429,False,-13.469781875610352
S,A,166,2.09077,-2.09077,4.923636363636363,False,1.5051921606063843
K,A,227,2.09188,-2.09188,7.464545454545455,False,-4.494266510009766
G,M,105,2.0986,-2.0986,5.915714285714286,False,-12.513914108276367
G,Y,86,2.09888,-2.09888,5.975714285714287,False,-10.01947021484375
Q,A,182,2.0991,-2.0991,4.872941176470587,False,1.2823522090911865
S,E,141,2.10013,-2.10013,12.931818181818185,True,-3.755991220474243
G,M,86,2.10045,-2.10045,5.975714285714287,False,-8.794173240661621
D,M,263,2.10126,-2.10126,5.789166666666667,False,-3.3281259536743164
F,S,191,2.10193,-2.10193,9.012999999999998,False,-3.3794610500335693
Q,K,119,2.10205,-2.10205,10.140588235294118,True,-2.8925936222076416
N,L,37,2.11279,-2.11279,11.206428571428573,True,-0.6053061485290527
K,H,253,2.11353,-2.11353,6.016818181818182,False,2.8688912391662598
N,H,275,2.11429,-2.11429,8.513571428571428,False,-2.320561408996582
L,Y,101,2.11457,-2.11457,6.257894736842106,False,-1.9393855333328247
K,A,252,2.11655,-2.11655,7.618636363636363,False,1.6051223278045654
Y,R,63,2.11662,-2.11662,6.3638095238095245,False,0.3659815788269043
N,S,37,2.1207,-2.1207,11.206428571428573,True,-0.7073187828063965
Q,F,182,2.12573,-2.12573,4.872941176470587,False,3.3991854190826416
N,A,114,2.12576,-2.12576,8.296428571428573,False,-2.53848934173584
F,S,261,2.12638,-2.12638,6.3215,False,-5.226564407348633
P,S,60,2.12649,-2.12649,8.678571428571427,False,1.1891828775405884
S,Q,221,2.12946,-2.12946,9.238181818181816,False,-0.6705231666564941
A,H,45,2.12968,-2.12968,7.564000000000002,False,-3.8208696842193604
E,N,292,2.12986,-2.12986,47.50133333333334,True,0.6083409786224365
T,S,56,2.13008,-2.13008,9.68857142857143,False,-0.2641129493713379
S,T,236,2.13039,-2.13039,8.869090909090911,False,0.23243117332458496
V,G,211,2.13094,-2.13094,8.389375000000001,False,-1.0767366886138916
K,A,253,2.13229,-2.13229,6.016818181818182,False,3.5589139461517334
K,G,148,2.13648,-2.13648,12.941818181818183,True,-5.722557067871094
A,S,129,2.1369,-2.1369,5.927,False,-0.9338101148605347
N,G,264,2.13866,-2.13866,7.979999999999999,False,0.5404093265533447
R,F,100,2.14225,-2.14225,7.314583333333334,False,-1.527557611465454
W,Y,96,2.14255,-2.14255,5.797083333333333,False,-0.13899803161621094
G,T,139,2.14485,-2.14485,11.290000000000001,True,0.7621622085571289
S,N,169,2.14486,-2.14486,5.231818181818181,False,-1.3380298614501953
E,A,292,2.14613,-2.14613,47.50133333333334,True,1.0687439441680908
A,W,180,2.14684,-2.14684,4.927999999999999,False,-2.2321314811706543
Y,N,87,2.14961,-2.14961,7.022380952380951,False,-5.948764324188232
N,I,114,2.15113,-2.15113,8.296428571428573,False,-3.8715310096740723
G,W,155,2.15386,-2.15386,5.140000000000001,False,-10.708110809326172
S,L,282,2.15518,-2.15518,7.555454545454546,False,-1.1859456300735474
S,D,221,2.15686,-2.15686,9.238181818181816,False,-3.4745731353759766
S,I,124,2.15699,-2.15699,5.309090909090909,False,-3.0653324127197266
A,P,129,2.15783,-2.15783,5.927,False,-6.809292793273926
G,E,155,2.15973,-2.15973,5.140000000000001,False,-11.296859741210938
G,Q,155,2.16021,-2.16021,5.140000000000001,False,-11.00297737121582
G,Y,251,2.16239,-2.16239,5.614285714285714,False,-3.368006467819214
S,E,193,2.16313,-2.16313,14.020000000000003,True,-2.509739398956299
E,Y,204,2.16417,-2.16417,8.534,False,-3.479452610015869
N,W,172,2.16616,-2.16616,8.973571428571429,False,-4.373154640197754
S,H,214,2.16722,-2.16722,8.867272727272727,False,-0.7819986343383789
P,E,181,2.16775,-2.16775,5.230714285714285,False,-6.595940113067627
I,L,232,2.16896,-2.16896,8.607368421052632,False,-0.6202058792114258
S,K,92,2.17054,-2.17054,7.476363636363637,False,-4.411501884460449
G,R,139,2.17083,-2.17083,11.290000000000001,True,-0.8158717155456543
Y,L,268,2.17292,-2.17292,6.649523809523809,False,-5.7871317863464355
G,L,162,2.1773,-2.1773,5.298571428571429,False,-12.723312377929688
A,T,287,2.17793,-2.17793,8.014999999999999,False,-0.21512365341186523
S,R,166,2.17952,-2.17952,4.923636363636363,False,-11.34610366821289
S,R,42,2.18089,-2.18089,8.557272727272728,False,-2.9796390533447266
D,R,265,2.18261,-2.18261,6.410833333333334,False,-8.196511268615723
Q,V,182,2.18418,-2.18418,4.872941176470587,False,3.2105209827423096
G,F,86,2.18551,-2.18551,5.975714285714287,False,-10.451088905334473
G,W,254,2.18779,-2.18779,5.354285714285714,False,-1.0675625801086426
L,R,131,2.18806,-2.18806,5.692105263157896,False,-9.360586166381836
T,G,110,2.18927,-2.18927,5.915000000000001,False,-2.4872140884399414
K,H,148,2.19262,-2.19262,12.941818181818183,True,-4.732232570648193
A,N,180,2.19707,-2.19707,4.927999999999999,False,-3.4555463790893555
G,I,139,2.19721,-2.19721,11.290000000000001,True,-3.1379079818725586
L,G,101,2.19736,-2.19736,6.257894736842106,False,-8.746535301208496
N,C,205,2.19741,-2.19741,11.137857142857143,True,-2.7810657024383545
A,F,102,2.19757,-2.19757,5.936,False,-11.69314956665039
C,A,273,2.20129,-2.20129,7.561,False,-4.5985612869262695
G,E,254,2.20478,-2.20478,5.354285714285714,False,0.16086387634277344
L,P,291,2.20478,-2.20478,35.33944444444444,True,-0.07128477096557617
S,V,213,2.20626,-2.20626,10.955454545454545,True,-2.9690775871276855
D,S,220,2.20789,-2.20789,10.959166666666667,True,1.2103748321533203
Y,W,70,2.21061,-2.21061,8.364285714285714,False,-3.096930742263794
G,A,158,2.21788,-2.21788,4.458571428571429,False,-6.5955491065979
S,T,169,2.21882,-2.21882,5.231818181818181,False,0.8366904258728027
D,P,220,2.22282,-2.22282,10.959166666666667,True,-3.5462098121643066
P,H,85,2.22697,-2.22697,6.042857142857143,False,-2.550947666168213
F,V,55,2.22828,-2.22828,9.129500000000002,False,1.537616491317749
K,R,227,2.22829,-2.22829,7.464545454545455,False,-3.016118049621582
S,M,42,2.23046,-2.23046,8.557272727272728,False,-4.184476852416992
G,Q,162,2.23109,-2.23109,5.298571428571429,False,-12.858285903930664
P,M,144,2.23196,-2.23196,12.121428571428568,True,-6.260524749755859
S,H,61,2.23211,-2.23211,8.43909090909091,False,-3.5069265365600586
G,D,158,2.23278,-2.23278,4.458571428571429,False,-10.628196716308594
A,D,209,2.2363,-2.2363,8.529999999999998,False,-5.576845169067383
Y,H,87,2.23642,-2.23642,7.022380952380951,False,-5.459188461303711
G,C,139,2.24083,-2.24083,11.290000000000001,True,-5.999114513397217
S,M,93,2.24084,-2.24084,6.006363636363636,False,-0.46475839614868164
I,S,208,2.24176,-2.24176,9.464210526315789,False,-1.896986961364746
G,P,147,2.24312,-2.24312,10.142857142857142,True,-5.023768424987793
I,T,145,2.25012,-2.25012,8.843684210526314,False,-3.1094040870666504
A,L,287,2.25267,-2.25267,8.014999999999999,False,-0.3909592628479004
P,Y,85,2.25346,-2.25346,6.042857142857143,False,-8.543654441833496
Q,M,91,2.25556,-2.25556,5.954705882352941,False,-4.430753707885742
I,Y,109,2.25819,-2.25819,5.930526315789472,False,-4.687074661254883
I,Y,81,2.2601,-2.2601,5.103684210526316,False,-7.800551891326904
G,K,86,2.26163,-2.26163,5.975714285714287,False,-10.424861907958984
A,Y,45,2.2627,-2.2627,7.564000000000002,False,-2.864405870437622
S,G,166,2.26538,-2.26538,4.923636363636363,False,-2.389537811279297
S,F,61,2.26623,-2.26623,8.43909090909091,False,-2.998305320739746
I,F,111,2.27068,-2.27068,5.936315789473684,False,-3.926783561706543
D,L,265,2.27105,-2.27105,6.410833333333334,False,-10.194138526916504
P,S,85,2.27114,-2.27114,6.042857142857143,False,-5.084912300109863
S,T,221,2.27711,-2.27711,9.238181818181816,False,-1.35347318649292
K,P,148,2.27935,-2.27935,12.941818181818183,True,-8.348509788513184
G,A,86,2.28012,-2.28012,5.975714285714287,False,-5.368590354919434
G,L,254,2.28093,-2.28093,5.354285714285714,False,1.5135927200317383
A,L,135,2.2815,-2.2815,10.228,True,-0.5145690441131592
A,L,80,2.28449,-2.28449,5.226000000000001,False,-5.341875076293945
N,R,138,2.28559,-2.28559,9.64642857142857,False,-5.172757148742676
G,K,66,2.28562,-2.28562,6.5042857142857144,False,-10.190713882446289
A,N,45,2.2884,-2.2884,7.564000000000002,False,-0.7636439800262451
Y,F,63,2.2893,-2.2893,6.3638095238095245,False,-0.30019283294677734
G,Q,86,2.29045,-2.29045,5.975714285714287,False,-7.387203216552734
K,T,95,2.29046,-2.29046,12.269545454545453,True,-0.13384056091308594
F,W,261,2.29093,-2.29093,6.3215,False,-0.3839855194091797
A,Y,209,2.29234,-2.29234,8.529999999999998,False,-3.7610690593719482
K,H,95,2.2946,-2.2946,12.269545454545453,True,-2.202812910079956
F,S,229,2.29625,-2.29625,7.899500000000001,False,-5.899840831756592
V,K,156,2.30065,-2.30065,4.883125,False,-7.667226791381836
S,R,121,2.30078,-2.30078,8.833636363636364,False,-2.882760524749756
R,N,280,2.30093,-2.30093,20.504583333333333,True,0.6670794486999512
R,A,34,2.30627,-2.30627,8.38,False,-0.40020298957824707
S,R,221,2.30699,-2.30699,9.238181818181816,False,1.4912368059158325
L,F,117,2.30857,-2.30857,7.684736842105264,False,1.4423081874847412
S,Y,282,2.30969,-2.30969,7.555454545454546,False,-1.2415295839309692
A,L,171,2.31118,-2.31118,8.044999999999998,False,-1.619318962097168
G,D,254,2.31432,-2.31432,5.354285714285714,False,-1.773305892944336
E,Y,44,2.31545,-2.31545,7.870666666666668,False,0.20274591445922852
A,R,41,2.32024,-2.32024,10.251,True,-2.3931498527526855
S,I,54,2.32031,-2.32031,9.982727272727272,True,-5.603160381317139
M,R,262,2.3206,-2.3206,6.120588235294118,False,-4.037141799926758
A,C,179,2.3235,-2.3235,5.26,False,-5.0159220695495605
Q,E,91,2.32645,-2.32645,5.954705882352941,False,-0.8815745115280151
P,S,210,2.32904,-2.32904,9.91,True,-0.46100878715515137
N,P,244,2.33416,-2.33416,6.618571428571428,False,-0.26110363006591797
L,T,117,2.33521,-2.33521,7.684736842105264,False,1.9438729286193848
G,A,139,2.3358,-2.3358,11.290000000000001,True,1.3716007471084595
R,V,100,2.33654,-2.33654,7.314583333333334,False,-0.9343705177307129
S,F,221,2.33659,-2.33659,9.238181818181816,False,-5.278616905212402
I,M,208,2.33679,-2.33679,9.464210526315789,False,-3.1049811840057373
N,A,233,2.33931,-2.33931,11.019999999999998,True,0.37241554260253906
S,V,221,2.34406,-2.34406,9.238181818181816,False,-3.045814037322998
G,R,86,2.34508,-2.34508,5.975714285714287,False,-9.9937744140625
Q,L,91,2.34904,-2.34904,5.954705882352941,False,-4.3461198806762695
S,A,269,2.35077,-2.35077,7.75,False,-0.4357203245162964
F,P,50,2.35145,-2.35145,7.846500000000001,False,-5.128451824188232
Y,P,87,2.35217,-2.35217,7.022380952380951,False,-9.440921783447266
Q,C,228,2.35507,-2.35507,5.860588235294117,False,-2.6082370281219482
T,S,140,2.359,-2.359,13.3,True,0.601447582244873
N,H,172,2.36142,-2.36142,8.973571428571429,False,-2.3544669151306152
A,I,80,2.36388,-2.36388,5.226000000000001,False,-5.519038677215576
S,Y,192,2.36663,-2.36663,11.138181818181819,True,-4.46515417098999
G,R,162,2.36735,-2.36735,5.298571428571429,False,-11.395968437194824
N,E,225,2.36954,-2.36954,7.584285714285714,False,0.25887560844421387
R,S,34,2.37083,-2.37083,8.38,False,0.12300634384155273
A,G,129,2.37128,-2.37128,5.927,False,-2.242217540740967
L,T,167,2.37158,-2.37158,7.7584210526315776,False,-4.893180847167969
I,Y,94,2.37247,-2.37247,5.445789473684211,False,0.026493072509765625
G,K,254,2.3738,-2.3738,5.354285714285714,False,-3.8881759643554688
L,M,117,2.37471,-2.37471,7.684736842105264,False,-2.1119651794433594
D,T,112,2.37509,-2.37509,5.531666666666666,False,-4.307876110076904
G,C,254,2.37568,-2.37568,5.354285714285714,False,-1.3065056800842285
A,K,180,2.37582,-2.37582,4.927999999999999,False,-7.57441520690918
S,E,42,2.37846,-2.37846,8.557272727272728,False,-0.6484183073043823
S,A,221,2.37996,-2.37996,9.238181818181816,False,-0.3215627670288086
N,K,190,2.3824,-2.3824,12.629285714285714,True,-1.8979573249816895
S,P,121,2.38274,-2.38274,8.833636363636364,False,-2.255825996398926
R,N,260,2.38651,-2.38651,8.39625,False,-1.7301721572875977
N,S,172,2.38668,-2.38668,8.973571428571429,False,-0.2034895420074463
Q,A,119,2.38716,-2.38716,10.140588235294118,True,-1.0907776355743408
S,A,169,2.38915,-2.38915,5.231818181818181,False,2.72694730758667
S,G,42,2.38971,-2.38971,8.557272727272728,False,-2.021620273590088
R,M,260,2.39051,-2.39051,8.39625,False,-2.154750108718872
S,Q,169,2.39125,-2.39125,5.231818181818181,False,-1.7772259712219238
A,Q,129,2.39224,-2.39224,5.927,False,-2.0821871757507324
A,C,102,2.39236,-2.39236,5.936,False,-8.404223442077637
G,L,158,2.39515,-2.39515,4.458571428571429,False,-12.979470252990723
S,E,282,2.39601,-2.39601,7.555454545454546,False,-1.495052456855774
S,H,188,2.39934,-2.39934,15.27090909090909,True,-3.004539966583252
G,I,86,2.39961,-2.39961,5.975714285714287,False,-10.661260604858398
R,Y,100,2.39963,-2.39963,7.314583333333334,False,-0.10822629928588867
L,D,230,2.40303,-2.40303,7.260526315789474,False,-4.951676845550537
S,N,54,2.40356,-2.40356,9.982727272727272,True,-0.7332168817520142
R,D,123,2.40358,-2.40358,5.540833333333334,False,-8.853513717651367
T,R,110,2.4044,-2.4044,5.915000000000001,False,-7.102426528930664
T,D,266,2.40543,-2.40543,7.875000000000001,False,-1.1255345344543457
Y,W,268,2.40543,-2.40543,6.649523809523809,False,-1.9981540441513062
N,R,114,2.40705,-2.40705,8.296428571428573,False,-3.8653507232666016
N,H,288,2.40801,-2.40801,10.087142857142856,True,-1.7869017124176025
D,Y,265,2.41124,-2.41124,6.410833333333334,False,-8.905513763427734
H,M,293,2.41356,-2.41356,37.20125,True,-0.2771463394165039
E,F,274,2.41494,-2.41494,8.980666666666666,False,-1.181175947189331
S,C,236,2.41723,-2.41723,8.869090909090911,False,-1.8242156505584717
S,R,188,2.41779,-2.41779,15.27090909090909,True,-1.0803104639053345
Y,R,32,2.41879,-2.41879,9.518095238095238,False,-1.4118602275848389
T,C,110,2.41974,-2.41974,5.915000000000001,False,-2.43001651763916
S,W,42,2.42086,-2.42086,8.557272727272728,False,-5.429597854614258
Q,D,228,2.42091,-2.42091,5.860588235294117,False,-1.285003423690796
S,M,58,2.42184,-2.42184,11.760000000000002,True,-5.738193511962891
S,M,166,2.42383,-2.42383,4.923636363636363,False,-5.494477272033691
D,G,263,2.42754,-2.42754,5.789166666666667,False,-1.0534062385559082
D,C,263,2.42813,-2.42813,5.789166666666667,False,-6.506417274475098
Y,V,268,2.42947,-2.42947,6.649523809523809,False,-6.867109298706055
T,F,270,2.43009,-2.43009,11.829285714285714,True,-3.277223587036133
M,Y,161,2.43168,-2.43168,7.67529411764706,False,-7.566598892211914
I,L,94,2.43181,-2.43181,5.445789473684211,False,1.2503396272659302
G,T,98,2.43403,-2.43403,5.671428571428572,False,-6.167949676513672
P,F,60,2.43423,-2.43423,8.678571428571427,False,-1.6670632362365723
G,R,254,2.4412,-2.4412,5.354285714285714,False,-3.1251420974731445
N,D,233,2.44125,-2.44125,11.019999999999998,True,-0.9024143218994141
Y,F,87,2.44533,-2.44533,7.022380952380951,False,0.4273357391357422
A,R,209,2.44655,-2.44655,8.529999999999998,False,-6.257418632507324
Q,I,228,2.45074,-2.45074,5.860588235294117,False,-1.3210437297821045
D,W,220,2.45139,-2.45139,10.959166666666667,True,-3.60178804397583
C,K,273,2.45145,-2.45145,7.561,False,-6.575700759887695
S,F,42,2.45209,-2.45209,8.557272727272728,False,-4.762041091918945
L,I,230,2.45219,-2.45219,7.260526315789474,False,-0.061862945556640625
V,D,68,2.45428,-2.45428,6.86875,False,-8.35011100769043
Q,N,228,2.45617,-2.45617,5.860588235294117,False,-1.647404432296753
D,T,263,2.46118,-2.46118,5.789166666666667,False,-2.3945465087890625
L,A,230,2.46162,-2.46162,7.260526315789474,False,-0.6565297842025757
S,D,236,2.465,-2.465,8.869090909090911,False,-0.5469660758972168
W,Q,97,2.46757,-2.46757,5.192083333333334,False,-2.5666022300720215
A,H,41,2.46787,-2.46787,10.251,True,-4.596475601196289
G,S,155,2.47124,-2.47124,5.140000000000001,False,-4.366067886352539
S,Q,166,2.47276,-2.47276,4.923636363636363,False,-5.082683086395264
P,N,38,2.47282,-2.47282,8.874285714285714,False,-3.0139689445495605
G,H,66,2.47322,-2.47322,6.5042857142857144,False,-8.049281120300293
N,F,138,2.47464,-2.47464,9.64642857142857,False,-8.60090446472168
I,T,168,2.47841,-2.47841,6.565789473684212,False,-1.3993812799453735
P,H,99,2.47874,-2.47874,7.9942857142857155,False,-6.476309299468994
M,A,161,2.47973,-2.47973,7.67529411764706,False,-6.590442180633545
R,G,260,2.48263,-2.48263,8.39625,False,-1.7564892768859863
R,S,123,2.48328,-2.48328,5.540833333333334,False,-8.525186538696289
P,A,144,2.48415,-2.48415,12.121428571428568,True,-1.9837114810943604
A,S,135,2.48475,-2.48475,10.228,True,-1.381701946258545
Q,P,228,2.49069,-2.49069,5.860588235294117,False,-4.3527374267578125
L,C,137,2.49377,-2.49377,10.533684210526316,True,-8.831544876098633
G,T,79,2.49382,-2.49382,5.412857142857143,False,-4.416290283203125
K,Y,253,2.49422,-2.49422,6.016818181818182,False,6.9531354904174805
T,A,266,2.49523,-2.49523,7.875000000000001,False,0.8551470041275024
G,N,98,2.49783,-2.49783,5.671428571428572,False,-8.044255256652832
G,A,254,2.49886,-2.49886,5.354285714285714,False,2.543642520904541
S,C,282,2.49959,-2.49959,7.555454545454546,False,-3.155078411102295
G,D,162,2.49983,-2.49983,5.298571428571429,False,-11.863458633422852
S,V,42,2.50336,-2.50336,8.557272727272728,False,-1.9105185270309448
K,D,148,2.50586,-2.50586,12.941818181818183,True,-6.61707878112793
G,A,162,2.50653,-2.50653,5.298571428571429,False,-6.092746734619141
A,D,272,2.50787,-2.50787,6.331999999999999,False,-1.510317325592041
Y,E,87,2.50892,-2.50892,7.022380952380951,False,-10.130279541015625
I,A,145,2.50926,-2.50926,8.843684210526314,False,-3.0566487312316895
V,D,149,2.51037,-2.51037,8.20625,False,-10.801137924194336
T,Y,88,2.51088,-2.51088,7.037142857142858,False,-3.6920788288116455
I,A,168,2.51107,-2.51107,6.565789473684212,False,-0.6218117475509644
R,V,260,2.51363,-2.51363,8.39625,False,-1.7110395431518555
S,L,221,2.51427,-2.51427,9.238181818181816,False,-2.198662281036377
M,A,262,2.51873,-2.51873,6.120588235294118,False,-0.8024678230285645
G,Y,165,2.5231,-2.5231,5.552857142857143,False,-10.031668663024902
A,L,89,2.52594,-2.52594,6.048,False,-4.5440993309021
M,Y,157,2.5269,-2.5269,4.648235294117647,False,-2.36156964302063
P,T,71,2.52699,-2.52699,7.3478571428571415,False,-7.049291133880615
P,M,197,2.5304,-2.5304,6.272857142857142,False,-10.866558074951172
P,T,144,2.53048,-2.53048,12.121428571428568,True,-2.6267547607421875
G,S,162,2.53282,-2.53282,5.298571428571429,False,-7.179690361022949
A,L,226,2.53286,-2.53286,7.148000000000001,False,-1.3611278533935547
A,Q,89,2.5329,-2.5329,6.048,False,-4.092043876647949
S,T,188,2.53571,-2.53571,15.27090909090909,True,-0.5675116777420044
R,W,100,2.54338,-2.54338,7.314583333333334,False,-0.6829960346221924
G,H,155,2.54628,-2.54628,5.140000000000001,False,-11.906717300415039
K,N,95,2.54932,-2.54932,12.269545454545453,True,-0.009732246398925781
G,S,98,2.54945,-2.54945,5.671428571428572,False,-4.831958770751953
N,A,172,2.5553,-2.5553,8.973571428571429,False,-0.444504976272583
K,P,177,2.55667,-2.55667,8.607272727272727,False,-6.489684581756592
V,I,134,2.55732,-2.55732,7.569375,False,0.16321563720703125
A,M,287,2.55813,-2.55813,8.014999999999999,False,-2.074636936187744
R,E,260,2.57004,-2.57004,8.39625,False,-2.7298309803009033
N,G,244,2.57541,-2.57541,6.618571428571428,False,1.1361325979232788
G,N,155,2.57557,-2.57557,5.140000000000001,False,-9.8183012008667
Q,V,228,2.57715,-2.57715,5.860588235294117,False,0.09597992897033691
N,A,244,2.57796,-2.57796,6.618571428571428,False,0.25122904777526855
V,P,68,2.57845,-2.57845,6.86875,False,-7.930367469787598
G,A,105,2.58122,-2.58122,5.915714285714286,False,-8.780173301696777
K,M,148,2.59067,-2.59067,12.941818181818183,True,-4.266993999481201
K,T,253,2.5914,-2.5914,6.016818181818182,False,2.985136032104492
V,H,134,2.59195,-2.59195,7.569375,False,-10.057806015014648
N,Q,138,2.59222,-2.59222,9.64642857142857,False,-5.369029998779297
R,M,123,2.59334,-2.59334,5.540833333333334,False,-7.966590881347656
D,H,220,2.59497,-2.59497,10.959166666666667,True,-0.6040973663330078
G,A,79,2.59741,-2.59741,5.412857142857143,False,-1.1193122863769531
P,K,36,2.5997,-2.5997,13.622857142857145,True,-4.605114936828613
V,M,68,2.60205,-2.60205,6.86875,False,-2.5330679416656494
T,M,110,2.60353,-2.60353,5.915000000000001,False,-0.7713990211486816
V,I,68,2.60436,-2.60436,6.86875,False,0.15135478973388672
P,Y,60,2.6099,-2.6099,8.678571428571427,False,-0.9226531982421875
L,T,230,2.61,-2.61,7.260526315789474,False,-3.483457088470459
A,G,41,2.6129,-2.6129,10.251,True,-1.5726921558380127
I,V,81,2.61329,-2.61329,5.103684210526316,False,0.5253028869628906
N,D,244,2.61927,-2.61927,6.618571428571428,False,-0.33983755111694336
C,D,239,2.62021,-2.62021,6.315,False,-1.988120436668396
G,T,155,2.62177,-2.62177,5.140000000000001,False,-6.370772361755371
C,S,273,2.62237,-2.62237,7.561,False,-4.093250274658203
G,R,158,2.62253,-2.62253,4.458571428571429,False,-11.250839233398438
T,G,140,2.62315,-2.62315,13.3,True,-1.2613108158111572
G,P,235,2.62834,-2.62834,8.142857142857142,False,-6.513832092285156
I,Q,232,2.6297,-2.6297,8.607368421052632,False,-4.709670066833496
S,T,213,2.63356,-2.63356,10.955454545454545,True,-0.814700722694397
S,L,61,2.64386,-2.64386,8.43909090909091,False,-2.737649917602539
N,L,246,2.64486,-2.64486,8.882142857142858,False,-1.4256224632263184
G,D,139,2.64493,-2.64493,11.290000000000001,True,-0.8775591850280762
A,G,202,2.64628,-2.64628,6.241999999999999,False,1.2422149181365967
S,N,136,2.64679,-2.64679,10.832727272727274,True,-1.2481608390808105
L,Q,117,2.65006,-2.65006,7.684736842105264,False,-0.1632242202758789
R,E,123,2.65458,-2.65458,5.540833333333334,False,-8.12564754486084
Y,H,268,2.65517,-2.65517,6.649523809523809,False,-5.849869251251221
M,L,161,2.65719,-2.65719,7.67529411764706,False,-3.785334348678589
R,I,260,2.65898,-2.65898,8.39625,False,-2.4782092571258545
I,G,232,2.65978,-2.65978,8.607368421052632,False,-4.942296981811523
G,F,98,2.6621,-2.6621,5.671428571428572,False,-9.936012268066406
P,Y,174,2.66225,-2.66225,8.120000000000001,False,-4.618734836578369
R,Q,123,2.6663,-2.6663,5.540833333333334,False,-6.531511306762695
V,Q,68,2.66778,-2.66778,6.86875,False,-7.739720344543457
P,Y,144,2.67299,-2.67299,12.121428571428568,True,-5.934011936187744
N,M,172,2.67368,-2.67368,8.973571428571429,False,-3.1251301765441895
K,Y,227,2.6747,-2.6747,7.464545454545455,False,-6.4269795417785645
T,M,189,2.67646,-2.67646,11.485714285714282,True,-2.2312512397766113
S,R,187,2.68215,-2.68215,17.55545454545455,True,-0.6959500312805176
A,S,179,2.68434,-2.68434,5.26,False,-2.4840340614318848
V,H,149,2.68489,-2.68489,8.20625,False,-11.195075988769531
G,Y,147,2.68582,-2.68582,10.142857142857142,True,-7.831327438354492
A,F,129,2.68633,-2.68633,5.927,False,-4.522093772888184
L,H,117,2.69016,-2.69016,7.684736842105264,False,-1.7949895858764648
F,M,261,2.69261,-2.69261,6.3215,False,-4.761010646820068
N,Y,173,2.69275,-2.69275,6.300714285714286,False,-0.13570594787597656
G,A,155,2.69491,-2.69491,5.140000000000001,False,-1.2036986351013184
Q,L,228,2.6979,-2.6979,5.860588235294117,False,0.21750545501708984
Q,E,228,2.70517,-2.70517,5.860588235294117,False,-0.65372633934021
V,H,211,2.70706,-2.70706,8.389375000000001,False,-2.3762166500091553
L,Q,230,2.70767,-2.70767,7.260526315789474,False,-3.306920051574707
A,Y,74,2.71332,-2.71332,10.844999999999999,True,-3.4119319915771484
L,M,43,2.71373,-2.71373,7.9826315789473705,False,-2.018172264099121
S,M,188,2.71497,-2.71497,15.27090909090909,True,-3.2552170753479004
Q,S,182,2.71518,-2.71518,4.872941176470587,False,-0.17959880828857422
S,M,121,2.71549,-2.71549,8.833636363636364,False,-4.259380340576172
A,S,89,2.71981,-2.71981,6.048,False,-0.9854693412780762
Q,K,228,2.72378,-2.72378,5.860588235294117,False,-1.338454008102417
A,Q,209,2.72628,-2.72628,8.529999999999998,False,-5.274356842041016
R,T,267,2.73172,-2.73172,7.336666666666666,False,-3.5553646087646484
I,H,81,2.73195,-2.73195,5.103684210526316,False,-10.620309829711914
I,D,232,2.73231,-2.73231,8.607368421052632,False,-5.141938209533691
S,L,166,2.73346,-2.73346,4.923636363636363,False,-6.717794418334961
G,Y,243,2.73514,-2.73514,7.711428571428572,False,-2.7923645973205566
N,Q,241,2.73529,-2.73529,5.879285714285715,False,-0.17614960670471191
N,Q,244,2.7398,-2.7398,6.618571428571428,False,-1.0190129280090332
P,T,99,2.74037,-2.74037,7.9942857142857155,False,-3.337900400161743
T,A,110,2.74127,-2.74127,5.915000000000001,False,0.43016064167022705
T,G,279,2.74309,-2.74309,14.200000000000001,True,-0.038632869720458984
S,N,142,2.74319,-2.74319,14.110909090909091,True,-1.5306073427200317
Q,H,228,2.74344,-2.74344,5.860588235294117,False,-1.137695074081421
N,S,233,2.74462,-2.74462,11.019999999999998,True,1.0603758096694946
P,M,210,2.74893,-2.74893,9.91,True,-6.096163749694824
G,H,139,2.74909,-2.74909,11.290000000000001,True,-2.1631698608398438
K,F,253,2.7494,-2.7494,6.016818181818182,False,3.857354164123535
V,W,108,2.74989,-2.74989,5.959375,False,-11.847633361816406
T,D,270,2.75068,-2.75068,11.829285714285714,True,-0.5423591136932373
V,G,255,2.75232,-2.75232,6.508125,False,-5.604694366455078
S,T,61,2.75282,-2.75282,8.43909090909091,False,-0.9492173194885254
D,A,118,2.75774,-2.75774,6.635833333333334,False,-4.220290184020996
D,A,220,2.75837,-2.75837,10.959166666666667,True,0.1608419418334961
T,Q,110,2.76396,-2.76396,5.915000000000001,False,-3.4595608711242676
I,N,208,2.76644,-2.76644,9.464210526315789,False,-2.3730781078338623
K,F,252,2.76745,-2.76745,7.618636363636363,False,-2.226851463317871
P,T,181,2.77008,-2.77008,5.230714285714285,False,-3.3405394554138184
V,R,68,2.77241,-2.77241,6.86875,False,-8.43050479888916
T,M,279,2.77292,-2.77292,14.200000000000001,True,-2.5050430297851562
N,Q,246,2.77443,-2.77443,8.882142857142858,False,-0.819706916809082
Y,T,87,2.77799,-2.77799,7.022380952380951,False,-5.907263278961182
A,R,179,2.78609,-2.78609,5.26,False,-8.092206954956055
Q,W,228,2.78845,-2.78845,5.860588235294117,False,0.2879176139831543
T,R,140,2.79136,-2.79136,13.3,True,-1.8719606399536133
S,N,236,2.79395,-2.79395,8.869090909090911,False,-0.48555541038513184
R,D,260,2.79435,-2.79435,8.39625,False,-3.04886794090271
N,T,264,2.79523,-2.79523,7.979999999999999,False,-3.2327537536621094
R,I,34,2.80328,-2.80328,8.38,False,-1.2300949096679688
S,A,187,2.80358,-2.80358,17.55545454545455,True,-0.2887897491455078
V,C,68,2.8036,-2.8036,6.86875,False,-6.989657402038574
R,W,260,2.80469,-2.80469,8.39625,False,-3.7859947681427
R,S,267,2.80699,-2.80699,7.336666666666666,False,-2.696596622467041
Q,I,91,2.808,-2.808,5.954705882352941,False,-4.7336273193359375
P,R,144,2.80851,-2.80851,12.121428571428568,True,-4.010133266448975
S,Y,143,2.8093,-2.8093,10.660909090909088,True,-5.281739711761475
L,R,117,2.80943,-2.80943,7.684736842105264,False,-1.1630373001098633
D,T,118,2.81062,-2.81062,6.635833333333334,False,-4.6346001625061035
W,F,96,2.81143,-2.81143,5.797083333333333,False,-1.513073444366455
P,G,181,2.81651,-2.81651,5.230714285714285,False,-4.684681415557861
G,V,35,2.82165,-2.82165,8.667142857142858,False,-8.427234649658203
V,E,68,2.82287,-2.82287,6.86875,False,-6.039581298828125
A,R,102,2.82514,-2.82514,5.936,False,-8.26867389678955
T,M,56,2.82771,-2.82771,9.68857142857143,False,-4.548081398010254
P,I,85,2.83143,-2.83143,6.042857142857143,False,-10.157012939453125
G,R,155,2.83447,-2.83447,5.140000000000001,False,-11.826322555541992
F,E,261,2.83766,-2.83766,6.3215,False,-4.991333961486816
D,T,283,2.84644,-2.84644,8.464999999999998,False,0.17669034004211426
Y,K,87,2.84667,-2.84667,7.022380952380951,False,-9.542486190795898
I,P,111,2.84674,-2.84674,5.936315789473684,False,-4.020124912261963
K,S,227,2.84775,-2.84775,7.464545454545455,False,-5.097489833831787
K,Y,259,2.85613,-2.85613,7.248636363636361,False,-5.407530784606934
D,Y,118,2.85614,-2.85614,6.635833333333334,False,-3.2532238960266113
M,T,161,2.85875,-2.85875,7.67529411764706,False,-6.3720808029174805
N,G,172,2.8603,-2.8603,8.973571428571429,False,-1.6612932682037354
E,D,44,2.86252,-2.86252,7.870666666666668,False,-0.48676514625549316
S,A,61,2.86364,-2.86364,8.43909090909091,False,-0.8876373767852783
C,P,289,2.86471,-2.86471,9.798,True,3.0282235145568848
F,K,229,2.87559,-2.87559,7.899500000000001,False,-6.231611728668213
N,R,172,2.8778,-2.8778,8.973571428571429,False,-0.5026097297668457
F,P,261,2.88094,-2.88094,6.3215,False,-9.502284049987793
T,S,279,2.88205,-2.88205,14.200000000000001,True,0.34596800804138184
G,N,76,2.88765,-2.88765,10.078571428571427,True,-0.5786592960357666
K,C,148,2.88797,-2.88797,12.941818181818183,True,-8.326620101928711
V,L,211,2.89005,-2.89005,8.389375000000001,False,-0.7026820182800293
A,G,240,2.89165,-2.89165,5.798,False,0.769956111907959
F,G,55,2.89347,-2.89347,9.129500000000002,False,-0.3906583786010742
N,Q,37,2.89638,-2.89638,11.206428571428573,True,-1.2734742164611816
S,T,142,2.89672,-2.89672,14.110909090909091,True,-0.9652649164199829
A,P,209,2.90027,-2.90027,8.529999999999998,False,-6.629793167114258
A,Y,130,2.90389,-2.90389,5.438999999999999,False,-8.075600624084473
P,T,36,2.90809,-2.90809,13.622857142857145,True,-2.252333641052246
R,F,123,2.91146,-2.91146,5.540833333333334,False,-9.17519760131836
V,F,255,2.91514,-2.91514,6.508125,False,-3.4111077785491943
A,G,45,2.91783,-2.91783,7.564000000000002,False,-0.9952387809753418
C,M,273,2.92,-2.92,7.561,False,-8.199360847473145
A,I,202,2.92681,-2.92681,6.241999999999999,False,-3.8845648765563965
R,S,260,2.93078,-2.93078,8.39625,False,0.0646662712097168
N,C,244,2.93102,-2.93102,6.618571428571428,False,1.0391889810562134
S,I,93,2.93155,-2.93155,6.006363636363636,False,0.12182378768920898
Y,V,87,2.93173,-2.93173,7.022380952380951,False,-7.0318284034729
S,D,166,2.93556,-2.93556,4.923636363636363,False,-6.801131248474121
L,T,131,2.93712,-2.93712,5.692105263157896,False,-3.8920845985412598
G,F,66,2.94668,-2.94668,6.5042857142857144,False,-6.341073989868164
G,V,162,2.9507,-2.9507,5.298571428571429,False,-11.415352821350098
S,G,124,2.95149,-2.95149,5.309090909090909,False,2.505228042602539
I,V,232,2.95254,-2.95254,8.607368421052632,False,-0.7769026756286621
S,C,121,2.95694,-2.95694,8.833636363636364,False,-6.705305576324463
A,F,89,2.95806,-2.95806,6.048,False,-5.238556385040283
A,G,179,2.95824,-2.95824,5.26,False,-3.8563151359558105
N,L,190,2.96223,-2.96223,12.629285714285714,True,-1.6194162368774414
P,A,71,2.96518,-2.96518,7.3478571428571415,False,-4.802374839782715
S,P,213,2.96727,-2.96727,10.955454545454545,True,-3.476762294769287
N,F,241,2.97236,-2.97236,5.879285714285715,False,1.0081465244293213
C,P,273,2.97374,-2.97374,7.561,False,-6.295653343200684
R,S,100,2.97519,-2.97519,7.314583333333334,False,-2.5252091884613037
N,H,246,2.98107,-2.98107,8.882142857142858,False,-2.1932520866394043
Y,M,146,2.98898,-2.98898,10.533809523809522,True,-2.8709778785705566
T,C,270,2.98972,-2.98972,11.829285714285714,True,-4.4100542068481445
S,L,93,2.99651,-2.99651,6.006363636363636,False,1.3436774015426636
Y,M,219,2.99722,-2.99722,8.032380952380953,False,-5.509669303894043
N,I,233,2.99986,-2.99986,11.019999999999998,True,-1.4153685569763184
M,V,154,3.00604,-3.00604,5.995882352941176,False,3.108582019805908
N,S,205,3.00697,-3.00697,11.137857142857143,True,-0.2844963073730469
G,E,162,3.00757,-3.00757,5.298571428571429,False,-11.62087345123291
G,P,79,3.00849,-3.00849,5.412857142857143,False,1.890731930732727
A,N,215,3.0088,-3.0088,7.140000000000001,False,-3.3622477054595947
S,Q,46,3.00893,-3.00893,8.976363636363637,False,-1.3450608253479004
Q,T,228,3.01185,-3.01185,5.860588235294117,False,-0.4232776165008545
N,S,244,3.01431,-3.01431,6.618571428571428,False,1.1844955682754517
S,Q,269,3.01457,-3.01457,7.75,False,-0.9002288579940796
M,N,128,3.015,-3.015,5.524705882352941,False,-0.2639036178588867
T,Y,116,3.01825,-3.01825,7.212857142857144,False,-1.7877072095870972
S,R,122,3.01849,-3.01849,7.173636363636365,False,-3.917616844177246
A,E,272,3.02017,-3.02017,6.331999999999999,False,-0.4632754325866699
G,D,105,3.02651,-3.02651,5.915714285714286,False,-6.6172332763671875
K,F,227,3.02819,-3.02819,7.464545454545455,False,-6.930131435394287
N,L,172,3.0314,-3.0314,8.973571428571429,False,-2.069838047027588
K,C,227,3.03397,-3.03397,7.464545454545455,False,-7.992889881134033
S,V,187,3.03629,-3.03629,17.55545454545455,True,-0.9105410575866699
V,F,149,3.0406,-3.0406,8.20625,False,-5.404890537261963
I,Q,145,3.04167,-3.04167,8.843684210526314,False,-4.059073448181152
Q,M,228,3.04344,-3.04344,5.860588235294117,False,-0.744185209274292
T,H,39,3.04475,-3.04475,10.128571428571428,True,-3.310833215713501
S,A,54,3.04481,-3.04481,9.982727272727272,True,-2.230119228363037
D,M,118,3.04701,-3.04701,6.635833333333334,False,-7.343415260314941
A,L,209,3.04935,-3.04935,8.529999999999998,False,-3.906709909439087
G,T,162,3.04989,-3.04989,5.298571428571429,False,-10.506404876708984
V,E,108,3.06174,-3.06174,5.959375,False,-9.636859893798828
V,R,194,3.06408,-3.06408,8.405000000000001,False,-5.1030378341674805
G,F,139,3.06411,-3.06411,11.290000000000001,True,-4.423819541931152
V,N,211,3.06624,-3.06624,8.389375000000001,False,-1.8908545970916748
G,S,86,3.07103,-3.07103,5.975714285714287,False,-6.377490997314453
A,S,202,3.07143,-3.07143,6.241999999999999,False,-1.4585034847259521
L,C,43,3.07202,-3.07202,7.9826315789473705,False,-4.582893371582031
S,A,122,3.07658,-3.07658,7.173636363636365,False,0.38610076904296875
A,V,171,3.07734,-3.07734,8.044999999999998,False,-1.194448471069336
I,M,94,3.08117,-3.08117,5.445789473684211,False,1.7212830781936646
N,D,114,3.08181,-3.08181,8.296428571428573,False,-1.0349256992340088
A,V,45,3.08212,-3.08212,7.564000000000002,False,-1.8406646251678467
A,E,45,3.08223,-3.08223,7.564000000000002,False,-1.5800893306732178
S,W,187,3.08431,-3.08431,17.55545454545455,True,-2.2963991165161133
L,Y,167,3.08519,-3.08519,7.7584210526315776,False,-4.583486080169678
A,H,80,3.08528,-3.08528,5.226000000000001,False,-10.672737121582031
P,I,276,3.08691,-3.08691,11.277142857142858,True,-1.717895746231079
P,F,71,3.08755,-3.08755,7.3478571428571415,False,-10.605875015258789
N,F,246,3.0995,-3.0995,8.882142857142858,False,-1.2932424545288086
N,W,225,3.10039,-3.10039,7.584285714285714,False,-4.078392028808594
P,S,144,3.10128,-3.10128,12.121428571428568,True,-1.89402174949646
G,Q,35,3.10314,-3.10314,8.667142857142858,False,-8.281402587890625
I,E,232,3.11774,-3.11774,8.607368421052632,False,-5.278453826904297
N,H,241,3.11902,-3.11902,5.879285714285715,False,-2.332710027694702
S,L,187,3.11905,-3.11905,17.55545454545455,True,-0.7643365859985352
A,E,171,3.12244,-3.12244,8.044999999999998,False,-2.7835447788238525
R,Y,260,3.12314,-3.12314,8.39625,False,-2.3247063159942627
T,F,110,3.12918,-3.12918,5.915000000000001,False,-3.6380600929260254
A,C,272,3.13092,-3.13092,6.331999999999999,False,-3.527799129486084
E,N,44,3.13126,-3.13126,7.870666666666668,False,0.15711641311645508
N,L,233,3.13261,-3.13261,11.019999999999998,True,-1.2009329795837402
K,S,95,3.13448,-3.13448,12.269545454545453,True,0.7985315322875977
Q,Y,228,3.13688,-3.13688,5.860588235294117,False,1.1430437564849854
A,K,226,3.13745,-3.13745,7.148000000000001,False,-1.7504734992980957
A,T,272,3.14168,-3.14168,6.331999999999999,False,0.37555742263793945
N,L,264,3.14495,-3.14495,7.979999999999999,False,-4.383449077606201
K,S,148,3.14731,-3.14731,12.941818181818183,True,-4.533061981201172
I,S,145,3.14789,-3.14789,8.843684210526314,False,-4.260223865509033
P,G,85,3.14919,-3.14919,6.042857142857143,False,-4.252047061920166
S,L,54,3.15131,-3.15131,9.982727272727272,True,-5.389188289642334
V,Y,194,3.15216,-3.15216,8.405000000000001,False,-4.236617088317871
N,P,246,3.15526,-3.15526,8.882142857142858,False,-0.7091107368469238
T,Y,286,3.15788,-3.15788,7.402142857142857,False,-1.087921142578125
K,A,148,3.1589,-3.1589,12.941818181818183,True,-4.212942123413086
V,R,156,3.16026,-3.16026,4.883125,False,-7.695534706115723
A,H,129,3.16304,-3.16304,5.927,False,-4.718906879425049
L,A,167,3.16802,-3.16802,7.7584210526315776,False,-5.5247602462768555
R,A,260,3.17099,-3.17099,8.39625,False,1.1273040771484375
N,W,246,3.17186,-3.17186,8.882142857142858,False,-2.6111483573913574
C,E,239,3.17333,-3.17333,6.315,False,-3.2790184020996094
S,N,92,3.17665,-3.17665,7.476363636363637,False,-1.5089530944824219
S,Q,278,3.18115,-3.18115,10.567272727272726,True,-1.6793363094329834
S,R,141,3.1831,-3.1831,12.931818181818185,True,-3.0752785205841064
N,D,138,3.1885,-3.1885,9.64642857142857,False,-3.816789150238037
V,R,149,3.18852,-3.18852,8.20625,False,-10.360422134399414
R,Q,260,3.19207,-3.19207,8.39625,False,-1.6253793239593506
G,H,162,3.19255,-3.19255,5.298571428571429,False,-13.04727840423584
P,W,36,3.19577,-3.19577,13.622857142857145,True,-7.410069465637207
L,A,131,3.19779,-3.19779,5.692105263157896,False,-2.1272287368774414
A,H,209,3.19833,-3.19833,8.529999999999998,False,-6.214204788208008
L,G,43,3.20406,-3.20406,7.9826315789473705,False,-1.0593528747558594
A,R,80,3.20563,-3.20563,5.226000000000001,False,-9.725570678710938
A,C,80,3.20588,-3.20588,5.226000000000001,False,-6.327571868896484
V,E,107,3.20659,-3.20659,6.39375,False,-10.935569763183594
L,Y,291,3.20785,-3.20785,35.33944444444444,True,-0.6200509071350098
M,N,161,3.21002,-3.21002,7.67529411764706,False,-6.437299728393555
D,Y,186,3.21048,-3.21048,10.890833333333333,True,0.3992757797241211
K,Y,95,3.21177,-3.21177,12.269545454545453,True,-3.0224416255950928
S,A,192,3.21505,-3.21505,11.138181818181819,True,-1.3174593448638916
A,T,202,3.21512,-3.21512,6.241999999999999,False,-1.960848093032837
P,D,71,3.21555,-3.21555,7.3478571428571415,False,-7.858808517456055
A,L,74,3.21589,-3.21589,10.844999999999999,True,-2.445448637008667
V,E,211,3.21866,-3.21866,8.389375000000001,False,-3.1282079219818115
A,D,240,3.22342,-3.22342,5.798,False,-0.41617870330810547
N,S,264,3.22363,-3.22363,7.979999999999999,False,-1.6371873617172241
A,H,272,3.22774,-3.22774,6.331999999999999,False,-1.481828212738037
G,T,66,3.22786,-3.22786,6.5042857142857144,False,-4.062226295471191
R,P,260,3.22939,-3.22939,8.39625,False,-4.336368560791016
F,Y,201,3.23393,-3.23393,6.65,False,-1.4597148895263672
G,M,75,3.23448,-3.23448,12.828571428571427,True,-3.5222578048706055
A,E,180,3.23539,-3.23539,4.927999999999999,False,-2.466583728790283
P,R,71,3.23685,-3.23685,7.3478571428571415,False,-8.324298858642578
N,R,246,3.23692,-3.23692,8.882142857142858,False,-1.6046748161315918
N,A,264,3.23935,-3.23935,7.979999999999999,False,-2.589268684387207
N,K,246,3.23965,-3.23965,8.882142857142858,False,-2.937619209289551
T,Q,77,3.24121,-3.24121,8.299285714285714,False,-1.1541643142700195
N,H,37,3.24131,-3.24131,11.206428571428573,True,-0.4528207778930664
G,P,75,3.24235,-3.24235,12.828571428571427,True,-0.6202278137207031
S,Y,115,3.24239,-3.24239,8.682727272727272,False,-4.684901237487793
A,N,287,3.24878,-3.24878,8.014999999999999,False,-0.6901257038116455
I,N,145,3.25443,-3.25443,8.843684210526314,False,-4.4952569007873535
G,F,155,3.25817,-3.25817,5.140000000000001,False,-8.128520965576172
D,Y,263,3.26294,-3.26294,5.789166666666667,False,-4.101600646972656
G,S,254,3.26386,-3.26386,5.354285714285714,False,2.1465201377868652
L,S,230,3.26394,-3.26394,7.260526315789474,False,-3.470017910003662
A,D,89,3.26498,-3.26498,6.048,False,-3.2948074340820312
A,G,102,3.26575,-3.26575,5.936,False,-6.614552974700928
A,M,209,3.26584,-3.26584,8.529999999999998,False,-5.186860084533691
N,E,246,3.27666,-3.27666,8.882142857142858,False,-1.2398362159729004
N,M,244,3.27738,-3.27738,6.618571428571428,False,-2.5355629920959473
N,R,244,3.27854,-3.27854,6.618571428571428,False,-1.5168323516845703
S,I,269,3.27871,-3.27871,7.75,False,-4.553587913513184
N,P,212,3.28311,-3.28311,11.783571428571431,True,-1.407897710800171
G,A,75,3.28387,-3.28387,12.828571428571427,True,0.860316276550293
G,L,165,3.28472,-3.28472,5.552857142857143,False,-7.680011749267578
S,H,213,3.28557,-3.28557,10.955454545454545,True,-3.5820231437683105
N,C,246,3.28755,-3.28755,8.882142857142858,False,-3.137284278869629
L,N,230,3.28978,-3.28978,7.260526315789474,False,-4.764829158782959
A,C,82,3.29007,-3.29007,4.566,False,-5.165594577789307
A,C,202,3.29891,-3.29891,6.241999999999999,False,-3.5432286262512207
P,R,49,3.30289,-3.30289,9.084999999999999,False,-4.8961968421936035
L,S,176,3.31329,-3.31329,5.845263157894737,False,-6.64389181137085
T,R,266,3.31333,-3.31333,7.875000000000001,False,-1.6732492446899414
A,D,102,3.3167,-3.3167,5.936,False,-9.456158638000488
L,H,230,3.31784,-3.31784,7.260526315789474,False,-3.6622166633605957
A,N,89,3.3213,-3.3213,6.048,False,-2.658353328704834
S,C,54,3.32522,-3.32522,9.982727272727272,True,-9.137530326843262
S,P,61,3.32602,-3.32602,8.43909090909091,False,-2.4466028213500977
K,R,148,3.32837,-3.32837,12.941818181818183,True,-1.8894529342651367
Q,F,228,3.32843,-3.32843,5.860588235294117,False,-0.06373977661132812
G,R,105,3.33078,-3.33078,5.915714285714286,False,-7.743044376373291
T,C,266,3.33587,-3.33587,7.875000000000001,False,-3.8640213012695312
D,H,112,3.3379,-3.3379,5.531666666666666,False,-5.975552558898926
F,Y,191,3.3399,-3.3399,9.012999999999998,False,1.122469425201416
G,A,66,3.34176,-3.34176,6.5042857142857144,False,-1.6012043952941895
L,I,43,3.34194,-3.34194,7.9826315789473705,False,-0.22374391555786133
L,R,230,3.34238,-3.34238,7.260526315789474,False,-4.746677398681641
G,S,66,3.34497,-3.34497,6.5042857142857144,False,-3.750108480453491
F,A,229,3.34688,-3.34688,7.899500000000001,False,-5.313061714172363
N,C,73,3.34721,-3.34721,9.115,False,-7.309153079986572
G,D,35,3.3477,-3.3477,8.667142857142858,False,-6.542592525482178
F,A,261,3.34861,-3.34861,6.3215,False,-4.913004398345947
N,C,233,3.34905,-3.34905,11.019999999999998,True,-1.739163875579834
L,S,117,3.35,-3.35,7.684736842105264,False,1.4108459949493408
P,Q,36,3.35046,-3.35046,13.622857142857145,True,-3.515432596206665
G,N,79,3.351,-3.351,5.412857142857143,False,-4.750682830810547
S,A,46,3.35103,-3.35103,8.976363636363637,False,-0.28876686096191406
L,E,117,3.35253,-3.35253,7.684736842105264,False,-1.6636524200439453
A,I,178,3.35347,-3.35347,5.752,False,-5.295383453369141
A,E,287,3.3544,-3.3544,8.014999999999999,False,-0.9301254749298096
T,A,195,3.3566,-3.3566,9.130714285714285,False,-1.755183458328247
T,Y,140,3.36176,-3.36176,13.3,True,-3.7781503200531006
A,P,272,3.36201,-3.36201,6.331999999999999,False,-2.108604907989502
N,C,138,3.36467,-3.36467,9.64642857142857,False,-9.272429466247559
P,L,49,3.36595,-3.36595,9.084999999999999,False,-5.03630256652832
G,R,75,3.36598,-3.36598,12.828571428571427,True,-0.4742088317871094
G,S,158,3.36828,-3.36828,4.458571428571429,False,-7.308859825134277
E,W,274,3.37055,-3.37055,8.980666666666666,False,-2.3873136043548584
Q,S,228,3.37331,-3.37331,5.860588235294117,False,0.5090291500091553
P,D,36,3.37335,-3.37335,13.622857142857145,True,-2.059941291809082
A,M,171,3.37375,-3.37375,8.044999999999998,False,-2.2292704582214355
D,Y,283,3.37442,-3.37442,8.464999999999998,False,-1.650768756866455
A,H,74,3.37629,-3.37629,10.844999999999999,True,-4.493845462799072
V,Q,134,3.37935,-3.37935,7.569375,False,-7.860589027404785
E,N,274,3.38193,-3.38193,8.980666666666666,False,1.5166938304901123
L,W,117,3.38832,-3.38832,7.684736842105264,False,-1.3945202827453613
S,N,269,3.38867,-3.38867,7.75,False,0.04764389991760254
Q,R,228,3.39141,-3.39141,5.860588235294117,False,-0.5848276615142822
S,F,213,3.39344,-3.39344,10.955454545454545,True,-5.054167747497559
A,I,135,3.39346,-3.39346,10.228,True,-0.2926812171936035
N,A,246,3.39583,-3.39583,8.882142857142858,False,0.32019758224487305
T,M,140,3.39856,-3.39856,13.3,True,-4.225957870483398
N,D,246,3.39862,-3.39862,8.882142857142858,False,-0.2695314884185791
L,D,43,3.40145,-3.40145,7.9826315789473705,False,-1.5623068809509277
I,F,208,3.40312,-3.40312,9.464210526315789,False,-3.115743398666382
W,Y,159,3.40846,-3.40846,5.376666666666668,False,-2.423675060272217
G,W,165,3.41072,-3.41072,5.552857142857143,False,-10.694957733154297
Y,N,70,3.41474,-3.41474,8.364285714285714,False,-4.996053695678711
S,Y,42,3.41636,-3.41636,8.557272727272728,False,-4.114686012268066
M,D,222,3.41643,-3.41643,8.58529411764706,False,-4.871572017669678
V,M,255,3.41659,-3.41659,6.508125,False,-2.9432990550994873
I,A,94,3.41735,-3.41735,5.445789473684211,False,-2.3384594917297363
A,H,135,3.4204,-3.4204,10.228,True,-4.082659721374512
S,Y,245,3.42136,-3.42136,8.448181818181817,False,-1.4385989904403687
A,P,287,3.42195,-3.42195,8.014999999999999,False,-0.37880682945251465
Q,G,228,3.424,-3.424,5.860588235294117,False,1.7581322193145752
E,R,292,3.42416,-3.42416,47.50133333333334,True,0.6855344772338867
S,K,214,3.42585,-3.42585,8.867272727272727,False,-1.380908489227295
L,Q,43,3.43012,-3.43012,7.9826315789473705,False,-0.9759058952331543
S,R,142,3.4303,-3.4303,14.110909090909091,True,-3.382493019104004
A,S,209,3.43258,-3.43258,8.529999999999998,False,-2.421905040740967
A,G,89,3.43413,-3.43413,6.048,False,-0.35204124450683594
C,E,273,3.43445,-3.43445,7.561,False,-6.424609184265137
V,A,211,3.43704,-3.43704,8.389375000000001,False,1.3796272277832031
T,M,266,3.44229,-3.44229,7.875000000000001,False,-4.006843090057373
S,R,242,3.4429,-3.4429,6.135454545454547,False,-1.607015609741211
A,T,80,3.44347,-3.44347,5.226000000000001,False,-3.0189170837402344
S,N,122,3.44657,-3.44657,7.173636363636365,False,-0.08153438568115234
A,G,33,3.4486,-3.4486,8.857999999999999,False,-2.5216269493103027
P,C,144,3.44871,-3.44871,12.121428571428568,True,-9.711919784545898
H,Y,104,3.45055,-3.45055,5.963125,False,-0.7269139289855957
Q,A,228,3.45196,-3.45196,5.860588235294117,False,2.9153828620910645
R,V,123,3.45222,-3.45222,5.540833333333334,False,-7.874914646148682
P,F,49,3.4538,-3.4538,9.084999999999999,False,-6.690284729003906
S,Q,193,3.454,-3.454,14.020000000000003,True,-0.5557661056518555
A,G,209,3.4549,-3.4549,8.529999999999998,False,-3.7069342136383057
G,N,165,3.45525,-3.45525,5.552857142857143,False,-7.341131687164307
A,P,178,3.45641,-3.45641,5.752,False,-8.002184867858887
N,F,172,3.45708,-3.45708,8.973571428571429,False,-3.862152099609375
P,L,276,3.4589,-3.4589,11.277142857142858,True,-0.909712553024292
N,I,246,3.45964,-3.45964,8.882142857142858,False,-1.974334716796875
G,Y,79,3.46076,-3.46076,5.412857142857143,False,-8.614639282226562
N,V,246,3.46148,-3.46148,8.882142857142858,False,-1.2820653915405273
I,A,81,3.4638,-3.4638,5.103684210526316,False,-3.8759565353393555
V,M,84,3.4656,-3.4656,5.859375,False,-1.9510117769241333
G,I,66,3.46715,-3.46715,6.5042857142857144,False,-5.664186477661133
N,T,233,3.46733,-3.46733,11.019999999999998,True,0.4848446846008301
N,M,114,3.47565,-3.47565,8.296428571428573,False,-3.9456963539123535
R,L,260,3.47766,-3.47766,8.39625,False,-1.2750036716461182
L,C,230,3.48908,-3.48908,7.260526315789474,False,-4.926637172698975
P,G,197,3.49059,-3.49059,6.272857142857142,False,-6.632568359375
A,G,82,3.49145,-3.49145,4.566,False,-2.0049281120300293
S,A,92,3.49377,-3.49377,7.476363636363637,False,-1.1322190761566162
F,I,284,3.49421,-3.49421,8.968,False,-0.6487462520599365
S,E,166,3.49667,-3.49667,4.923636363636363,False,-6.529749870300293
A,I,272,3.499,-3.499,6.331999999999999,False,2.3695340156555176
V,S,134,3.49939,-3.49939,7.569375,False,-6.520986557006836
D,A,112,3.50364,-3.50364,5.531666666666666,False,-1.269709587097168
A,F,171,3.5049,-3.5049,8.044999999999998,False,-3.399024248123169
S,M,115,3.5057,-3.5057,8.682727272727272,False,-6.502192974090576
A,I,240,3.50589,-3.50589,5.798,False,-1.4134526252746582
Q,Y,133,3.50666,-3.50666,7.07,False,2.8688805103302
Q,H,91,3.50698,-3.50698,5.954705882352941,False,-4.8642144203186035
F,T,271,3.50755,-3.50755,8.346,False,-5.124168395996094
V,K,149,3.50932,-3.50932,8.20625,False,-10.580497741699219
S,A,242,3.51245,-3.51245,6.135454545454547,False,-0.44156408309936523
T,A,279,3.51276,-3.51276,14.200000000000001,True,0.12044858932495117
V,F,68,3.51654,-3.51654,6.86875,False,-2.454693078994751
A,K,171,3.51728,-3.51728,8.044999999999998,False,-1.0109403133392334
E,S,292,3.51897,-3.51897,47.50133333333334,True,1.3913822174072266
I,S,94,3.51956,-3.51956,5.445789473684211,False,-3.1944313049316406
T,A,39,3.52763,-3.52763,10.128571428571428,True,-0.5699801445007324
A,W,209,3.52786,-3.52786,8.529999999999998,False,-6.6176252365112305
G,Q,75,3.52836,-3.52836,12.828571428571427,True,-0.08095169067382812
A,K,209,3.53311,-3.53311,8.529999999999998,False,-7.440013885498047
V,H,255,3.53826,-3.53826,6.508125,False,-6.3630781173706055
Y,T,268,3.53846,-3.53846,6.649523809523809,False,-6.739235877990723
Y,G,268,3.53914,-3.53914,6.649523809523809,False,-7.391199111938477
W,M,257,3.54119,-3.54119,5.465,False,-7.397060394287109
V,L,156,3.54136,-3.54136,4.883125,False,-2.143495559692383
S,H,54,3.54188,-3.54188,9.982727272727272,True,-3.5222911834716797
R,Y,53,3.54855,-3.54855,14.145833333333334,True,-3.8806872367858887
I,G,81,3.55067,-3.55067,5.103684210526316,False,-8.215032577514648
L,Y,249,3.55181,-3.55181,9.856315789473685,True,-1.3330366611480713
S,Y,121,3.56406,-3.56406,8.833636363636364,False,-3.046525478363037
P,N,120,3.56602,-3.56602,6.895714285714286,False,-3.9717488288879395
S,K,46,3.56766,-3.56766,8.976363636363637,False,-2.547175407409668
N,P,225,3.58552,-3.58552,7.584285714285714,False,0.09254598617553711
V,H,194,3.59418,-3.59418,8.405000000000001,False,-6.232285499572754
G,D,66,3.59489,-3.59489,6.5042857142857144,False,-6.1931633949279785
I,Y,232,3.59706,-3.59706,8.607368421052632,False,-1.1041984558105469
S,M,278,3.59955,-3.59955,10.567272727272726,True,-2.5082130432128906
T,I,39,3.60404,-3.60404,10.128571428571428,True,-0.9634220600128174
L,A,43,3.60453,-3.60453,7.9826315789473705,False,0.8677737712860107
A,C,287,3.60464,-3.60464,8.014999999999999,False,-3.129751682281494
S,Y,278,3.60611,-3.60611,10.567272727272726,True,-1.4740750789642334
I,Y,168,3.60735,-3.60735,6.565789473684212,False,-0.9877535104751587
F,Y,271,3.6096,-3.6096,8.346,False,-1.249783992767334
A,Q,202,3.6134,-3.6134,6.241999999999999,False,-3.637538433074951
I,K,81,3.61663,-3.61663,5.103684210526316,False,-11.139026641845703
W,A,97,3.61774,-3.61774,5.192083333333334,False,-3.8823955059051514
T,S,195,3.62076,-3.62076,9.130714285714285,False,0.08278131484985352
V,Y,78,3.62082,-3.62082,6.54375,False,2.007467031478882
M,I,161,3.62269,-3.62269,7.67529411764706,False,-6.109313011169434
I,W,232,3.62401,-3.62401,8.607368421052632,False,-3.6301090717315674
P,A,120,3.6252,-3.6252,6.895714285714286,False,-2.413372039794922
G,Q,79,3.62601,-3.62601,5.412857142857143,False,-4.997575759887695
P,M,184,3.6271,-3.6271,7.236428571428571,False,-5.244318962097168
A,M,202,3.62756,-3.62756,6.241999999999999,False,-3.900134563446045
S,R,92,3.63424,-3.63424,7.476363636363637,False,-4.412105560302734
A,N,80,3.63743,-3.63743,5.226000000000001,False,-7.413257598876953
A,N,240,3.63927,-3.63927,5.798,False,-1.145618200302124
F,D,261,3.64585,-3.64585,6.3215,False,-6.713888645172119
P,K,276,3.65235,-3.65235,11.277142857142858,True,-1.991302728652954
P,F,38,3.65348,-3.65348,8.874285714285714,False,-2.4761080741882324
Y,W,32,3.65509,-3.65509,9.518095238095238,False,-2.6117279529571533
Y,Q,32,3.65575,-3.65575,9.518095238095238,False,-0.1002049446105957
S,F,166,3.65952,-3.65952,4.923636363636363,False,-8.581743240356445
E,H,274,3.66037,-3.66037,8.980666666666666,False,-1.601987600326538
P,D,85,3.66115,-3.66115,6.042857142857143,False,-8.40274715423584
T,R,279,3.66426,-3.66426,14.200000000000001,True,-1.1644532680511475
N,G,241,3.66566,-3.66566,5.879285714285715,False,0.6751401424407959
L,R,43,3.66943,-3.66943,7.9826315789473705,False,-1.5380158424377441
D,S,112,3.66987,-3.66987,5.531666666666666,False,-2.4165701866149902
T,N,266,3.67145,-3.67145,7.875000000000001,False,-1.0535907745361328
I,T,81,3.67191,-3.67191,5.103684210526316,False,-5.6039862632751465
R,C,260,3.67709,-3.67709,8.39625,False,-4.173361778259277
N,A,212,3.67968,-3.67968,11.783571428571431,True,0.4303715229034424
G,E,79,3.68034,-3.68034,5.412857142857143,False,-6.333616256713867
V,A,156,3.68051,-3.68051,4.883125,False,-0.62123703956604
Q,S,119,3.68677,-3.68677,10.140588235294118,True,0.5048325061798096
A,Q,180,3.68882,-3.68882,4.927999999999999,False,-3.489889621734619
N,S,114,3.69154,-3.69154,8.296428571428573,False,-2.3422813415527344
N,V,244,3.69193,-3.69193,6.618571428571428,False,-0.9855308532714844
S,N,242,3.69677,-3.69677,6.135454545454547,False,-0.7614126205444336
M,S,262,3.69722,-3.69722,6.120588235294118,False,-1.982947826385498
S,Y,141,3.69845,-3.69845,12.931818181818185,True,-4.4776411056518555
G,C,105,3.70422,-3.70422,5.915714285714286,False,-9.926065444946289
A,T,240,3.70591,-3.70591,5.798,False,-0.48579835891723633
A,M,178,3.70818,-3.70818,5.752,False,-5.84773063659668
S,D,169,3.70902,-3.70902,5.231818181818181,False,-2.5853042602539062
A,H,180,3.71104,-3.71104,4.927999999999999,False,-4.268110752105713
S,N,61,3.71115,-3.71115,8.43909090909091,False,0.18089985847473145
W,L,97,3.71699,-3.71699,5.192083333333334,False,-1.236314296722412
T,P,266,3.71955,-3.71955,7.875000000000001,False,-0.8722038269042969
E,N,231,3.72109,-3.72109,7.0,False,-2.820499897003174
N,S,212,3.72374,-3.72374,11.783571428571431,True,1.3531702756881714
G,P,66,3.72607,-3.72607,6.5042857142857144,False,-7.19136905670166
A,S,287,3.72769,-3.72769,8.014999999999999,False,0.08297872543334961
G,I,75,3.72954,-3.72954,12.828571428571427,True,-2.0440263748168945
A,F,272,3.73042,-3.73042,6.331999999999999,False,1.9722168445587158
K,M,95,3.73413,-3.73413,12.269545454545453,True,-2.962839365005493
C,G,273,3.73444,-3.73444,7.561,False,-2.975449800491333
G,M,165,3.73793,-3.73793,5.552857142857143,False,-8.073376655578613
V,E,134,3.74453,-3.74453,7.569375,False,-8.69469165802002
N,L,30,3.74488,-3.74488,11.533571428571426,True,-1.0799245834350586
F,R,261,3.75205,-3.75205,6.3215,False,-4.658902645111084
A,S,82,3.75737,-3.75737,4.566,False,-2.4984617233276367
A,P,202,3.75766,-3.75766,6.241999999999999,False,-6.090020179748535
V,T,149,3.76187,-3.76187,8.20625,False,-4.590744972229004
W,D,97,3.76299,-3.76299,5.192083333333334,False,-5.232158660888672
G,Q,66,3.76313,-3.76313,6.5042857142857144,False,-8.244081497192383
L,F,230,3.76333,-3.76333,7.260526315789474,False,-1.9901450872421265
P,H,120,3.76482,-3.76482,6.895714285714286,False,-6.270934104919434
S,V,278,3.76694,-3.76694,10.567272727272726,True,-0.8324851989746094
I,C,94,3.76922,-3.76922,5.445789473684211,False,-3.7309861183166504
S,W,278,3.7748,-3.7748,10.567272727272726,True,-1.2528977394104004
S,I,187,3.77622,-3.77622,17.55545454545455,True,-1.302527904510498
I,Y,111,3.7778,-3.7778,5.936315789473684,False,-6.00550651550293
S,Q,187,3.78021,-3.78021,17.55545454545455,True,-1.1838431358337402
D,S,283,3.78129,-3.78129,8.464999999999998,False,0.3049290180206299
S,A,142,3.78745,-3.78745,14.110909090909091,True,-1.2002240419387817
R,Q,90,3.78794,-3.78794,13.28625,True,2.3553714752197266
W,C,96,3.79526,-3.79526,5.797083333333333,False,-7.792168140411377
N,F,205,3.79696,-3.79696,11.137857142857143,True,-3.381812334060669
T,H,195,3.80055,-3.80055,9.130714285714285,False,-1.2104802131652832
C,R,273,3.80474,-3.80474,7.561,False,-6.22651481628418
F,C,261,3.80661,-3.80661,6.3215,False,-8.057612419128418
M,E,222,3.80731,-3.80731,8.58529411764706,False,-5.209502696990967
L,P,117,3.8085,-3.8085,7.684736842105264,False,-0.9059896469116211
T,R,195,3.81285,-3.81285,9.130714285714285,False,-0.45967793464660645
P,W,71,3.81507,-3.81507,7.3478571428571415,False,-11.820611000061035
T,L,266,3.82127,-3.82127,7.875000000000001,False,-2.6843833923339844
S,Q,61,3.82203,-3.82203,8.43909090909091,False,-2.1301798820495605
V,M,134,3.82311,-3.82311,7.569375,False,-1.5281915664672852
A,V,102,3.82463,-3.82463,5.936,False,-4.689857482910156
A,R,202,3.82575,-3.82575,6.241999999999999,False,-4.909997463226318
T,I,29,3.82823,-3.82823,29.900769230769235,True,-0.2506237030029297
V,L,194,3.83098,-3.83098,8.405000000000001,False,-0.4982588291168213
G,C,66,3.83631,-3.83631,6.5042857142857144,False,-6.080994606018066
E,K,292,3.83786,-3.83786,47.50133333333334,True,-0.0015010833740234375
F,Q,284,3.83969,-3.83969,8.968,False,-1.005605936050415
L,S,43,3.84338,-3.84338,7.9826315789473705,False,1.0555973052978516
A,H,202,3.84647,-3.84647,6.241999999999999,False,-4.614065170288086
S,N,213,3.85079,-3.85079,10.955454545454545,True,-0.9102784395217896
A,Y,80,3.85282,-3.85282,5.226000000000001,False,-8.94548225402832
V,W,107,3.85584,-3.85584,6.39375,False,-10.772711753845215
T,P,39,3.85586,-3.85586,10.128571428571428,True,-2.7439053058624268
S,P,169,3.86037,-3.86037,5.231818181818181,False,-4.448802471160889
A,K,74,3.86042,-3.86042,10.844999999999999,True,-3.08951473236084
G,V,254,3.86211,-3.86211,5.354285714285714,False,2.4736037254333496
V,G,149,3.86575,-3.86575,8.20625,False,-7.8301239013671875
P,C,210,3.86871,-3.86871,9.91,True,-6.041226387023926
A,H,171,3.87396,-3.87396,8.044999999999998,False,-3.51837420463562
P,A,38,3.87643,-3.87643,8.874285714285714,False,-0.6863230466842651
I,N,168,3.8777,-3.8777,6.565789473684212,False,-1.102328896522522
P,N,49,3.88061,-3.88061,9.084999999999999,False,-2.11271333694458
P,F,144,3.88096,-3.88096,12.121428571428568,True,-6.355428695678711
G,F,105,3.88139,-3.88139,5.915714285714286,False,-12.234752655029297
A,I,226,3.88202,-3.88202,7.148000000000001,False,-1.537644386291504
L,F,43,3.88262,-3.88262,7.9826315789473705,False,1.1356821060180664
K,G,95,3.88607,-3.88607,12.269545454545453,True,-1.1843373775482178
L,P,137,3.88617,-3.88617,10.533684210526316,True,-6.676972389221191
P,M,49,3.88905,-3.88905,9.084999999999999,False,-6.992340564727783
L,N,43,3.88932,-3.88932,7.9826315789473705,False,-0.927858829498291
N,R,264,3.89044,-3.89044,7.979999999999999,False,-2.5256166458129883
D,N,118,3.89234,-3.89234,6.635833333333334,False,-2.7503271102905273
P,M,71,3.89412,-3.89412,7.3478571428571415,False,-11.248860359191895
R,F,260,3.89453,-3.89453,8.39625,False,-3.202434778213501
G,V,86,3.89521,-3.89521,5.975714285714287,False,-9.828670501708984
P,S,120,3.89796,-3.89796,6.895714285714286,False,-2.876995325088501
L,H,131,3.89801,-3.89801,5.692105263157896,False,-7.7884697914123535
A,Y,65,3.9031,-3.9031,6.192,False,-1.000230312347412
D,E,112,3.90442,-3.90442,5.531666666666666,False,-1.7159392833709717
G,R,66,3.9046,-3.9046,6.5042857142857144,False,-9.261970520019531
S,N,187,3.90812,-3.90812,17.55545454545455,True,-0.3299827575683594
A,D,287,3.90885,-3.90885,8.014999999999999,False,-0.7398777008056641
S,Q,54,3.90966,-3.90966,9.982727272727272,True,-1.8422232866287231
L,Y,117,3.91155,-3.91155,7.684736842105264,False,0.9876382350921631
D,S,265,3.91228,-3.91228,6.410833333333334,False,-6.233057975769043
V,D,211,3.9177,-3.9177,8.389375000000001,False,-3.4960134029388428
A,F,287,3.91892,-3.91892,8.014999999999999,False,-0.737041711807251
T,I,279,3.92136,-3.92136,14.200000000000001,True,-1.648087501525879
N,I,205,3.92666,-3.92666,11.137857142857143,True,-3.339125871658325
G,D,251,3.92767,-3.92767,5.614285714285714,False,-1.0599048137664795
N,R,233,3.92822,-3.92822,11.019999999999998,True,-0.16226530075073242
A,R,82,3.93734,-3.93734,4.566,False,-11.187511444091797
Y,S,268,3.94226,-3.94226,6.649523809523809,False,-6.058419227600098
V,N,78,3.94274,-3.94274,6.54375,False,-3.385000467300415
F,I,229,3.94585,-3.94585,7.899500000000001,False,-3.1763296127319336
A,H,89,3.94661,-3.94661,6.048,False,-6.165938854217529
E,S,274,3.94665,-3.94665,8.980666666666666,False,2.519890069961548
P,D,276,3.94666,-3.94666,11.277142857142858,True,-0.9088494777679443
F,K,284,3.94855,-3.94855,8.968,False,-1.7879338264465332
V,W,134,3.95468,-3.95468,7.569375,False,-6.906246185302734
N,P,30,3.95492,-3.95492,11.533571428571426,True,-1.2946891784667969
L,D,117,3.95669,-3.95669,7.684736842105264,False,-0.5051608085632324
G,I,165,3.95878,-3.95878,5.552857142857143,False,-8.135466575622559
F,C,284,3.96024,-3.96024,8.968,False,-1.4940552711486816
G,H,158,3.9612,-3.9612,4.458571428571429,False,-13.384025573730469
K,T,148,3.96142,-3.96142,12.941818181818183,True,-3.9835712909698486
T,P,279,3.96167,-3.96167,14.200000000000001,True,-0.15848970413208008
I,D,145,3.96305,-3.96305,8.843684210526314,False,-5.344301700592041
V,R,134,3.96368,-3.96368,7.569375,False,-9.688617706298828
T,N,72,3.96497,-3.96497,9.525,False,-1.0127662420272827
G,T,165,3.96605,-3.96605,5.552857142857143,False,-6.106564998626709
A,H,178,3.96748,-3.96748,5.752,False,-9.459723472595215
A,T,171,3.96827,-3.96827,8.044999999999998,False,-1.3521735668182373
A,K,89,3.97096,-3.97096,6.048,False,-6.843197822570801
W,K,97,3.9711,-3.9711,5.192083333333334,False,-7.8607025146484375
S,R,61,3.97579,-3.97579,8.43909090909091,False,-2.504639148712158
A,F,178,3.98317,-3.98317,5.752,False,-5.683597564697266
K,T,177,3.98323,-3.98323,8.607272727272727,False,-2.4008655548095703
S,C,193,3.98469,-3.98469,14.020000000000003,True,-6.85576868057251
S,F,121,3.98984,-3.98984,8.833636363636364,False,-3.423440933227539
S,N,192,3.99041,-3.99041,11.138181818181819,True,-1.8713147640228271
N,F,244,3.99129,-3.99129,6.618571428571428,False,-1.9895901679992676
S,F,193,3.99149,-3.99149,14.020000000000003,True,-4.645607948303223
C,D,273,3.99754,-3.99754,7.561,False,-5.232229232788086
A,E,89,3.99772,-3.99772,6.048,False,-4.262260913848877
S,E,242,4.00093,-4.00093,6.135454545454547,False,-0.6013200283050537
G,P,64,4.00109,-4.00109,6.558571428571428,False,-2.8588242530822754
A,N,183,4.00619,-4.00619,5.848999999999999,False,-3.1429755687713623
A,R,287,4.01172,-4.01172,8.014999999999999,False,-0.9698874950408936
A,F,202,4.01502,-4.01502,6.241999999999999,False,-4.7499003410339355
N,K,37,4.01862,-4.01862,11.206428571428573,True,-2.7257909774780273
L,W,131,4.02007,-4.02007,5.692105263157896,False,-5.1539626121521
A,R,33,4.02091,-4.02091,8.857999999999999,False,-3.257774829864502
V,G,134,4.02243,-4.02243,7.569375,False,-7.525236129760742
F,L,284,4.02919,-4.02919,8.968,False,0.04000353813171387
S,Y,93,4.03381,-4.03381,6.006363636363636,False,-1.0464234352111816
G,H,79,4.03668,-4.03668,5.412857142857143,False,-6.772113800048828
L,M,131,4.04306,-4.04306,5.692105263157896,False,-2.1591832637786865
P,D,49,4.05189,-4.05189,9.084999999999999,False,-2.848280191421509
I,L,250,4.05192,-4.05192,6.0668421052631585,False,-0.1639392375946045
S,T,141,4.05382,-4.05382,12.931818181818185,True,-0.9406867027282715
K,F,95,4.05444,-4.05444,12.269545454545453,True,-3.656834840774536
S,W,193,4.05746,-4.05746,14.020000000000003,True,-4.900691509246826
A,K,178,4.05982,-4.05982,5.752,False,-9.693830490112305
S,D,269,4.06543,-4.06543,7.75,False,-0.6470307111740112
S,K,278,4.07358,-4.07358,10.567272727272726,True,-2.604762077331543
D,P,112,4.07388,-4.07388,5.531666666666666,False,-4.10808801651001
T,C,39,4.07461,-4.07461,10.128571428571428,True,-6.113317489624023
A,W,45,4.07726,-4.07726,7.564000000000002,False,-5.1073150634765625
V,I,211,4.07783,-4.07783,8.389375000000001,False,-0.2658863067626953
T,H,29,4.07857,-4.07857,29.900769230769235,True,-1.6670479774475098
T,C,279,4.08027,-4.08027,14.200000000000001,True,-3.0939292907714844
G,M,66,4.08137,-4.08137,6.5042857142857144,False,-6.149712085723877
S,L,169,4.08231,-4.08231,5.231818181818181,False,0.028838634490966797
N,R,37,4.08672,-4.08672,11.206428571428573,True,-2.6331520080566406
A,G,287,4.08824,-4.08824,8.014999999999999,False,0.2262582778930664
S,E,61,4.09132,-4.09132,8.43909090909091,False,-1.854971170425415
M,Q,161,4.09312,-4.09312,7.67529411764706,False,-4.15667724609375
K,W,252,4.09976,-4.09976,7.618636363636363,False,-2.0784506797790527
W,A,96,4.10404,-4.10404,5.797083333333333,False,-2.353527069091797
M,W,222,4.11215,-4.11215,8.58529411764706,False,-3.1039600372314453
S,P,278,4.11313,-4.11313,10.567272727272726,True,-0.7699542045593262
S,M,193,4.12169,-4.12169,14.020000000000003,True,-3.91044282913208
I,T,232,4.12605,-4.12605,8.607368421052632,False,-3.799553632736206
S,R,54,4.12886,-4.12886,9.982727272727272,True,-2.90482759475708
Q,M,119,4.13024,-4.13024,10.140588235294118,True,-2.5495684146881104
N,S,246,4.13053,-4.13053,8.882142857142858,False,-0.15336132049560547
N,D,205,4.13092,-4.13092,11.137857142857143,True,-1.7484688758850098
V,Y,108,4.13901,-4.13901,5.959375,False,-9.509071350097656
S,C,278,4.14049,-4.14049,10.567272727272726,True,-2.6087160110473633
V,W,68,4.14338,-4.14338,6.86875,False,-6.151157379150391
S,L,242,4.14426,-4.14426,6.135454545454547,False,-0.8562347888946533
V,M,156,4.15281,-4.15281,4.883125,False,-1.8813838958740234
A,F,33,4.15431,-4.15431,8.857999999999999,False,-4.29648494720459
P,C,49,4.15476,-4.15476,9.084999999999999,False,-8.693617820739746
V,A,134,4.15486,-4.15486,7.569375,False,-2.574798583984375
S,N,143,4.15658,-4.15658,10.660909090909088,True,-1.7284801006317139
A,R,272,4.15786,-4.15786,6.331999999999999,False,-1.5093021392822266
A,C,74,4.1589,-4.1589,10.844999999999999,True,-5.291916847229004
T,L,195,4.16252,-4.16252,9.130714285714285,False,-3.6018073558807373
S,C,269,4.16266,-4.16266,7.75,False,-4.770772933959961
A,P,33,4.16445,-4.16445,8.857999999999999,False,0.06382632255554199
A,V,129,4.16453,-4.16453,5.927,False,-3.8410210609436035
A,C,178,4.16888,-4.16888,5.752,False,-4.710178852081299
A,K,240,4.17116,-4.17116,5.798,False,-3.6290478706359863
G,D,75,4.1717,-4.1717,12.828571428571427,True,0.2888829708099365
S,D,61,4.17198,-4.17198,8.43909090909091,False,-0.30994462966918945
A,D,45,4.17339,-4.17339,7.564000000000002,False,-1.6817073822021484
C,W,239,4.17357,-4.17357,6.315,False,-3.5131053924560547
S,C,166,4.17493,-4.17493,4.923636363636363,False,-4.359797954559326
S,M,245,4.17961,-4.17961,8.448181818181817,False,-2.7867841720581055
R,Q,34,4.1812,-4.1812,8.38,False,-0.22728943824768066
A,W,287,4.18476,-4.18476,8.014999999999999,False,-0.16899919509887695
P,C,71,4.18733,-4.18733,7.3478571428571415,False,-9.161041259765625
N,V,73,4.18847,-4.18847,9.115,False,-3.848762035369873
S,W,166,4.1952,-4.1952,4.923636363636363,False,-10.203368186950684
A,N,74,4.19624,-4.19624,10.844999999999999,True,-1.619844913482666
G,W,75,4.19987,-4.19987,12.828571428571427,True,-5.186376571655273
S,D,242,4.20004,-4.20004,6.135454545454547,False,-0.23056983947753906
E,T,274,4.20105,-4.20105,8.980666666666666,False,1.9330449104309082
V,S,211,4.20116,-4.20116,8.389375000000001,False,0.11490464210510254
V,L,107,4.20463,-4.20463,6.39375,False,-4.128365993499756
I,Q,81,4.20586,-4.20586,5.103684210526316,False,-9.201749801635742
Y,P,268,4.20692,-4.20692,6.649523809523809,False,-9.06618595123291
S,W,269,4.20901,-4.20901,7.75,False,-4.2898712158203125
V,S,255,4.21027,-4.21027,6.508125,False,-3.54117751121521
F,R,229,4.21108,-4.21108,7.899500000000001,False,-5.101925373077393
A,S,171,4.21171,-4.21171,8.044999999999998,False,-1.204033374786377
F,P,284,4.2152,-4.2152,8.968,False,-0.1879262924194336
A,L,82,4.21653,-4.21653,4.566,False,-4.181405067443848
F,N,55,4.21677,-4.21677,9.129500000000002,False,-1.5963244438171387
F,E,284,4.21792,-4.21792,8.968,False,-1.0102994441986084
V,K,255,4.2183,-4.2183,6.508125,False,-6.149799346923828
I,P,168,4.21885,-4.21885,6.565789473684212,False,-5.094412326812744
K,N,177,4.22072,-4.22072,8.607272727272727,False,-4.033289432525635
W,Q,96,4.22194,-4.22194,5.797083333333333,False,-2.7987823486328125
P,W,276,4.22232,-4.22232,11.277142857142858,True,-2.2337238788604736
V,W,149,4.22355,-4.22355,8.20625,False,-10.362027168273926
T,F,266,4.22469,-4.22469,7.875000000000001,False,-4.251344680786133
A,K,287,4.22797,-4.22797,8.014999999999999,False,-1.4007818698883057
A,L,33,4.22802,-4.22802,8.857999999999999,False,-2.50076961517334
Q,N,91,4.22884,-4.22884,5.954705882352941,False,-1.3540891408920288
K,F,148,4.23518,-4.23518,12.941818181818183,True,-6.2486772537231445
G,E,75,4.2352,-4.2352,12.828571428571427,True,-0.389132022857666
N,Y,277,4.23559,-4.23559,10.964285714285714,True,-1.058800220489502
E,G,292,4.23591,-4.23591,47.50133333333334,True,0.9634971618652344
S,D,192,4.23726,-4.23726,11.138181818181819,True,-3.29011869430542
L,R,167,4.23795,-4.23795,7.7584210526315776,False,-8.030265808105469
F,V,284,4.24085,-4.24085,8.968,False,-0.3406538963317871
I,S,168,4.24243,-4.24243,6.565789473684212,False,-1.6423016786575317
F,T,284,4.24352,-4.24352,8.968,False,-0.09147000312805176
T,D,279,4.24782,-4.24782,14.200000000000001,True,-0.7606306076049805
G,E,66,4.24945,-4.24945,6.5042857142857144,False,-7.558027267456055
G,Q,165,4.25738,-4.25738,5.552857142857143,False,-8.138426780700684
N,A,241,4.26018,-4.26018,5.879285714285715,False,0.9151947498321533
S,H,122,4.26491,-4.26491,7.173636363636365,False,-3.9710288047790527
T,D,39,4.26521,-4.26521,10.128571428571428,True,-1.6873977184295654
A,C,171,4.26567,-4.26567,8.044999999999998,False,-6.198699951171875
K,C,95,4.2661,-4.2661,12.269545454545453,True,-4.717524528503418
S,A,213,4.27069,-4.27069,10.955454545454545,True,-0.17789673805236816
N,W,73,4.27109,-4.27109,9.115,False,-7.283401966094971
N,P,241,4.27174,-4.27174,5.879285714285715,False,0.04778647422790527
L,E,131,4.27333,-4.27333,5.692105263157896,False,-7.803567409515381
V,K,108,4.27348,-4.27348,5.959375,False,-12.959589004516602
R,Y,34,4.27833,-4.27833,8.38,False,-1.5658044815063477
V,K,107,4.27906,-4.27906,6.39375,False,-12.03773021697998
S,R,213,4.28265,-4.28265,10.955454545454545,True,-1.0269685983657837
N,H,73,4.28405,-4.28405,9.115,False,-4.168708801269531
L,F,131,4.28609,-4.28609,5.692105263157896,False,-2.5393295288085938
F,R,284,4.2895,-4.2895,8.968,False,-0.9261941909790039
A,T,33,4.29143,-4.29143,8.857999999999999,False,-1.13688325881958
N,T,114,4.29587,-4.29587,8.296428571428573,False,-1.9348397254943848
T,S,39,4.30111,-4.30111,10.128571428571428,True,-0.30090880393981934
V,C,156,4.30304,-4.30304,4.883125,False,-4.83758020401001
V,M,194,4.30771,-4.30771,8.405000000000001,False,-2.2053823471069336
D,N,220,4.3079,-4.3079,10.959166666666667,True,2.9424290657043457
D,Y,112,4.30933,-4.30933,5.531666666666666,False,-6.620307922363281
L,N,216,4.30961,-4.30961,10.890526315789474,True,-1.4977025985717773
N,T,241,4.31044,-4.31044,5.879285714285715,False,1.157336950302124
I,R,81,4.31161,-4.31161,5.103684210526316,False,-11.59194564819336
S,H,278,4.32761,-4.32761,10.567272727272726,True,-3.2612295150756836
P,S,38,4.33179,-4.33179,8.874285714285714,False,-1.801571249961853
A,E,80,4.33179,-4.33179,5.226000000000001,False,-8.359577178955078
S,Q,122,4.33188,-4.33188,7.173636363636365,False,-1.1802908182144165
S,E,278,4.33513,-4.33513,10.567272727272726,True,-1.794992208480835
E,I,274,4.33617,-4.33617,8.980666666666666,False,-0.8982799053192139
S,L,278,4.34276,-4.34276,10.567272727272726,True,-0.7777163982391357
S,T,54,4.34389,-4.34389,9.982727272727272,True,0.018436908721923828
L,K,131,4.34439,-4.34439,5.692105263157896,False,-9.923782348632812
V,N,194,4.34538,-4.34538,8.405000000000001,False,-4.749502182006836
S,P,54,4.35257,-4.35257,9.982727272727272,True,-1.839990258216858
N,H,114,4.35707,-4.35707,8.296428571428573,False,-4.908588409423828
P,Q,49,4.35745,-4.35745,9.084999999999999,False,-3.686824321746826
G,T,158,4.35953,-4.35953,4.458571428571429,False,-11.353429794311523
D,M,112,4.36011,-4.36011,5.531666666666666,False,-6.49613094329834
S,R,169,4.36015,-4.36015,5.231818181818181,False,-4.9700164794921875
T,Y,72,4.36238,-4.36238,9.525,False,-2.8924789428710938
E,C,292,4.36473,-4.36473,47.50133333333334,True,-0.8927476406097412
I,C,208,4.36606,-4.36606,9.464210526315789,False,-1.962310791015625
A,Q,80,4.3661,-4.3661,5.226000000000001,False,-8.941400527954102
N,Q,73,4.36789,-4.36789,9.115,False,-3.1968135833740234
P,S,71,4.36866,-4.36866,7.3478571428571415,False,-4.976850509643555
N,P,190,4.36977,-4.36977,12.629285714285714,True,-0.4703407287597656
W,R,96,4.37171,-4.37171,5.797083333333333,False,-4.262218475341797
I,R,250,4.37239,-4.37239,6.0668421052631585,False,-3.305753231048584
F,H,284,4.37555,-4.37555,8.968,False,-1.9827461242675781
A,T,82,4.37721,-4.37721,4.566,False,-2.193880081176758
V,G,194,4.37901,-4.37901,8.405000000000001,False,-5.089068412780762
N,K,73,4.38009,-4.38009,9.115,False,-2.8491463661193848
I,R,109,4.38017,-4.38017,5.930526315789472,False,-10.833105087280273
S,L,122,4.3833,-4.3833,7.173636363636365,False,-2.300790309906006
N,H,190,4.38447,-4.38447,12.629285714285714,True,-2.7705435752868652
S,K,192,4.38494,-4.38494,11.138181818181819,True,-2.5637707710266113
V,M,149,4.38584,-4.38584,8.20625,False,-4.269174575805664
V,L,108,4.3865,-4.3865,5.959375,False,-5.879266738891602
A,W,89,4.38682,-4.38682,6.048,False,-5.434435844421387
V,N,156,4.38749,-4.38749,4.883125,False,-5.3460845947265625
V,S,194,4.39685,-4.39685,8.405000000000001,False,-3.435018539428711
G,D,79,4.40172,-4.40172,5.412857142857143,False,-5.265995025634766
S,R,278,4.41605,-4.41605,10.567272727272726,True,-1.9232556819915771
N,L,212,4.41696,-4.41696,11.783571428571431,True,-2.2235209941864014
S,F,269,4.41903,-4.41903,7.75,False,-4.468494415283203
S,L,213,4.42074,-4.42074,10.955454545454545,True,-3.459047794342041
S,D,121,4.42075,-4.42075,8.833636363636364,False,-0.08692419528961182
F,P,229,4.42508,-4.42508,7.899500000000001,False,-8.633065223693848
I,P,232,4.43621,-4.43621,8.607368421052632,False,-5.560441017150879
Q,Y,91,4.44181,-4.44181,5.954705882352941,False,-4.9526214599609375
G,C,79,4.44305,-4.44305,5.412857142857143,False,-8.885782241821289
S,G,193,4.45148,-4.45148,14.020000000000003,True,0.5807042121887207
V,N,68,4.45251,-4.45251,6.86875,False,-8.261617660522461
N,P,73,4.45953,-4.45953,9.115,False,-4.108541488647461
N,D,73,4.47507,-4.47507,9.115,False,-0.9369336366653442
S,D,187,4.47962,-4.47962,17.55545454545455,True,-1.5538344383239746
S,G,278,4.4822,-4.4822,10.567272727272726,True,-0.40309786796569824
N,L,73,4.48434,-4.48434,9.115,False,-4.699437141418457
A,P,45,4.48453,-4.48453,7.564000000000002,False,-2.0101516246795654
I,C,145,4.48689,-4.48689,8.843684210526314,False,-7.032103538513184
G,L,75,4.48724,-4.48724,12.828571428571427,True,-2.129587173461914
V,C,211,4.48968,-4.48968,8.389375000000001,False,-2.810795545578003
N,D,264,4.48969,-4.48969,7.979999999999999,False,-0.9624089002609253
S,N,46,4.49055,-4.49055,8.976363636363637,False,-1.3348033428192139
N,A,73,4.49175,-4.49175,9.115,False,-1.8556591272354126
V,R,211,4.49677,-4.49677,8.389375000000001,False,-1.2523949146270752
R,M,100,4.49778,-4.49778,7.314583333333334,False,-1.4137341976165771
F,W,55,4.4994,-4.4994,9.129500000000002,False,-1.9392647743225098
M,C,222,4.50257,-4.50257,8.58529411764706,False,-3.8407492637634277
A,D,135,4.50691,-4.50691,10.228,True,-3.3008458614349365
A,S,272,4.51062,-4.51062,6.331999999999999,False,-0.6436691284179688
T,K,195,4.5109,-4.5109,9.130714285714285,False,-0.41445422172546387
S,L,142,4.51352,-4.51352,14.110909090909091,True,-4.084217548370361
A,N,82,4.51398,-4.51398,4.566,False,-5.0296783447265625
N,E,73,4.51471,-4.51471,9.115,False,-3.6553444862365723
I,N,81,4.51629,-4.51629,5.103684210526316,False,-8.820966720581055
S,C,61,4.5192,-4.5192,8.43909090909091,False,-5.628303527832031
P,N,71,4.52146,-4.52146,7.3478571428571415,False,-6.926466941833496
P,M,36,4.52237,-4.52237,13.622857142857145,True,-6.28636360168457
P,T,49,4.5225,-4.5225,9.084999999999999,False,-1.819826602935791
S,G,214,4.52286,-4.52286,8.867272727272727,False,-0.4746842384338379
W,N,97,4.53427,-4.53427,5.192083333333334,False,-4.401883125305176
S,I,242,4.53517,-4.53517,6.135454545454547,False,-1.204577922821045
K,P,95,4.53654,-4.53654,12.269545454545453,True,-3.3379242420196533
I,C,250,4.53674,-4.53674,6.0668421052631585,False,-3.1199545860290527
N,F,233,4.53754,-4.53754,11.019999999999998,True,-1.5368280410766602
G,H,165,4.53925,-4.53925,5.552857142857143,False,-10.220012664794922
G,I,155,4.53928,-4.53928,5.140000000000001,False,-8.013647079467773
Q,Y,119,4.54044,-4.54044,10.140588235294118,True,0.5791895389556885
G,H,86,4.54347,-4.54347,5.975714285714287,False,-9.236230850219727
K,Y,177,4.54375,-4.54375,8.607272727272727,False,-4.9585490226745605
I,H,232,4.54518,-4.54518,8.607368421052632,False,-5.205611228942871
N,Y,212,4.54521,-4.54521,11.783571428571431,True,-1.7027103900909424
T,H,279,4.5465,-4.5465,14.200000000000001,True,-2.820267677307129
N,C,114,4.55199,-4.55199,8.296428571428573,False,-6.745650768280029
E,W,292,4.5559,-4.5559,47.50133333333334,True,-0.4193418025970459
D,C,112,4.5561,-4.5561,5.531666666666666,False,-8.843395233154297
Y,V,32,4.56905,-4.56905,9.518095238095238,False,-0.6085836887359619
F,D,284,4.57243,-4.57243,8.968,False,-0.5299756526947021
P,H,49,4.57574,-4.57574,9.084999999999999,False,-6.514862537384033
T,F,279,4.58096,-4.58096,14.200000000000001,True,-1.9171552658081055
G,A,165,4.58782,-4.58782,5.552857142857143,False,-3.4171528816223145
E,Q,292,4.59263,-4.59263,47.50133333333334,True,0.200531005859375
V,D,255,4.59522,-4.59522,6.508125,False,-4.017189025878906
A,R,171,4.5993,-4.5993,8.044999999999998,False,-1.461097240447998
A,Q,171,4.60011,-4.60011,8.044999999999998,False,-1.4884405136108398
I,S,81,4.60222,-4.60222,5.103684210526316,False,-7.826079845428467
C,F,239,4.60264,-4.60264,6.315,False,-0.1690819263458252
V,L,255,4.60529,-4.60529,6.508125,False,0.09471511840820312
F,N,191,4.60703,-4.60703,9.012999999999998,False,-3.8189170360565186
Y,T,32,4.61114,-4.61114,9.518095238095238,False,0.10559654235839844
S,G,242,4.61186,-4.61186,6.135454545454547,False,-0.12702631950378418
G,Y,155,4.61926,-4.61926,5.140000000000001,False,-9.2293119430542
N,I,73,4.62112,-4.62112,9.115,False,-4.732518196105957
P,F,210,4.62472,-4.62472,9.91,True,-4.991342544555664
P,L,120,4.63202,-4.63202,6.895714285714286,False,-4.3486199378967285
A,S,178,4.6347,-4.6347,5.752,False,-4.614004135131836
S,I,278,4.64025,-4.64025,10.567272727272726,True,-1.536104679107666
P,I,71,4.64049,-4.64049,7.3478571428571415,False,-10.96046257019043
T,L,29,4.64165,-4.64165,29.900769230769235,True,0.4245181083679199
I,F,168,4.64906,-4.64906,6.565789473684212,False,-1.3610152006149292
P,I,36,4.64917,-4.64917,13.622857142857145,True,-4.7511796951293945
P,Y,210,4.65258,-4.65258,9.91,True,-3.7842090129852295
K,G,252,4.65457,-4.65457,7.618636363636363,False,1.4605576992034912
S,F,54,4.65745,-4.65745,9.982727272727272,True,-6.329107761383057
D,T,265,4.66137,-4.66137,6.410833333333334,False,-7.039358139038086
A,W,171,4.66244,-4.66244,8.044999999999998,False,-4.604766845703125
D,I,265,4.66598,-4.66598,6.410833333333334,False,-9.38254451751709
I,D,81,4.67016,-4.67016,5.103684210526316,False,-8.97157096862793
P,T,276,4.6703,-4.6703,11.277142857142858,True,-0.1986391544342041
F,I,261,4.67283,-4.67283,6.3215,False,-5.088691234588623
S,C,187,4.67857,-4.67857,17.55545454545455,True,-5.7379865646362305
N,Y,172,4.68675,-4.68675,8.973571428571429,False,-2.7707862854003906
V,D,156,4.68905,-4.68905,4.883125,False,-6.8233232498168945
T,V,29,4.6898,-4.6898,29.900769230769235,True,1.0302848815917969
S,D,278,4.6902,-4.6902,10.567272727272726,True,-1.3747532367706299
G,I,251,4.69879,-4.69879,5.614285714285714,False,-3.34466814994812
P,E,71,4.70167,-4.70167,7.3478571428571415,False,-9.8541898727417
S,Q,142,4.7063,-4.7063,14.110909090909091,True,-3.317777156829834
A,D,80,4.71105,-4.71105,5.226000000000001,False,-7.236706256866455
A,S,80,4.71474,-4.71474,5.226000000000001,False,-3.734409809112549
N,M,30,4.71574,-4.71574,11.533571428571426,True,-3.2509255409240723
T,Q,116,4.72422,-4.72422,7.212857142857144,False,-2.4209647178649902
L,T,43,4.72648,-4.72648,7.9826315789473705,False,1.002612590789795
V,N,255,4.72852,-4.72852,6.508125,False,-4.892648696899414
V,P,134,4.73101,-4.73101,7.569375,False,-8.926344871520996
S,A,93,4.73258,-4.73258,6.006363636363636,False,-0.5791478157043457
I,F,145,4.73449,-4.73449,8.843684210526314,False,0.2023160457611084
V,I,194,4.73741,-4.73741,8.405000000000001,False,0.28008466958999634
V,Y,211,4.73741,-4.73741,8.389375000000001,False,0.19464755058288574
G,K,165,4.74353,-4.74353,5.552857142857143,False,-11.284358024597168
I,S,109,4.74646,-4.74646,5.930526315789472,False,-7.555445671081543
R,H,34,4.74763,-4.74763,8.38,False,-1.284296989440918
S,P,187,4.74914,-4.74914,17.55545454545455,True,-0.4787158966064453
N,Q,114,4.74944,-4.74944,8.296428571428573,False,-2.423598051071167
I,E,250,4.74976,-4.74976,6.0668421052631585,False,-2.699972152709961
S,D,46,4.75185,-4.75185,8.976363636363637,False,-2.154292583465576
I,M,168,4.75208,-4.75208,6.565789473684212,False,-1.5355392694473267
N,Y,241,4.75215,-4.75215,5.879285714285715,False,0.48776984214782715
V,E,149,4.75423,-4.75423,8.20625,False,-10.543254852294922
G,F,75,4.75555,-4.75555,12.828571428571427,True,-3.6517844200134277
N,F,73,4.75578,-4.75578,9.115,False,-6.154545783996582
A,P,80,4.75639,-4.75639,5.226000000000001,False,-5.468387603759766
A,P,171,4.75945,-4.75945,8.044999999999998,False,-4.1239166259765625
Q,N,126,4.75972,-4.75972,5.671176470588235,False,-3.6409857273101807
F,W,284,4.7598,-4.7598,8.968,False,1.5214273929595947
N,R,73,4.7673,-4.7673,9.115,False,-3.1734089851379395
A,I,82,4.7677,-4.7677,4.566,False,-3.442917823791504
I,G,250,4.77589,-4.77589,6.0668421052631585,False,-2.4650778770446777
Q,F,119,4.78571,-4.78571,10.140588235294118,True,1.3935840129852295
M,S,161,4.79697,-4.79697,7.67529411764706,False,-8.117635726928711
G,H,254,4.81195,-4.81195,5.354285714285714,False,-1.7879424095153809
A,L,215,4.81246,-4.81246,7.140000000000001,False,-1.4734306335449219
P,K,49,4.81308,-4.81308,9.084999999999999,False,-4.713386535644531
G,K,75,4.81311,-4.81311,12.828571428571427,True,-0.23113083839416504
F,S,284,4.81451,-4.81451,8.968,False,0.10956716537475586
M,P,157,4.81825,-4.81825,4.648235294117647,False,-10.281169891357422
S,T,192,4.82164,-4.82164,11.138181818181819,True,-1.8751938343048096
W,N,96,4.82411,-4.82411,5.797083333333333,False,-2.420013666152954
P,A,181,4.82676,-4.82676,5.230714285714285,False,-1.862493872642517
I,H,250,4.82953,-4.82953,6.0668421052631585,False,-3.282297134399414
I,P,94,4.8379,-4.8379,5.445789473684211,False,-4.799778938293457
P,M,181,4.83861,-4.83861,5.230714285714285,False,-4.5571675300598145
L,I,131,4.84222,-4.84222,5.692105263157896,False,-1.1235361099243164
N,W,264,4.84748,-4.84748,7.979999999999999,False,-6.046178817749023
G,T,254,4.84766,-4.84766,5.354285714285714,False,4.156759738922119
V,K,194,4.85482,-4.85482,8.405000000000001,False,-5.820572853088379
I,D,94,4.86391,-4.86391,5.445789473684211,False,-2.3290414810180664
A,Y,170,4.86912,-4.86912,6.164,False,-7.253134250640869
A,P,89,4.87612,-4.87612,6.048,False,-4.789317607879639
S,F,169,4.87697,-4.87697,5.231818181818181,False,-1.4124126434326172
S,A,278,4.88193,-4.88193,10.567272727272726,True,0.2648646831512451
R,M,267,4.88572,-4.88572,7.336666666666666,False,-4.836827754974365
A,N,179,4.88872,-4.88872,5.26,False,-5.383680820465088
A,H,33,4.88898,-4.88898,8.857999999999999,False,-3.9391250610351562
S,F,187,4.89232,-4.89232,17.55545454545455,True,-1.1000394821166992
F,P,191,4.89343,-4.89343,9.012999999999998,False,-2.8451311588287354
S,F,278,4.89524,-4.89524,10.567272727272726,True,-1.460836410522461
G,T,35,4.89697,-4.89697,8.667142857142858,False,-7.375589847564697
G,R,165,4.89759,-4.89759,5.552857142857143,False,-10.271539688110352
T,M,270,4.89797,-4.89797,11.829285714285714,True,-3.155974864959717
S,F,122,4.89848,-4.89848,7.173636363636365,False,-3.6254196166992188
W,D,96,4.89909,-4.89909,5.797083333333333,False,-2.5762455463409424
N,C,190,4.90327,-4.90327,12.629285714285714,True,-6.1474504470825195
I,P,250,4.90452,-4.90452,6.0668421052631585,False,-2.940581798553467
S,M,269,4.90536,-4.90536,7.75,False,-4.549771308898926
K,N,227,4.90924,-4.90924,7.464545454545455,False,-5.852012634277344
N,F,264,4.91326,-4.91326,7.979999999999999,False,-5.167047023773193
D,C,118,4.91366,-4.91366,6.635833333333334,False,-8.748802185058594
S,C,242,4.91466,-4.91466,6.135454545454547,False,0.3928109407424927
A,Q,287,4.92174,-4.92174,8.014999999999999,False,-0.932011604309082
K,Q,95,4.92285,-4.92285,12.269545454545453,True,-0.4974038600921631
T,Q,279,4.92373,-4.92373,14.200000000000001,True,-0.9175996780395508
V,I,255,4.92707,-4.92707,6.508125,False,0.1133260726928711
V,F,134,4.9306,-4.9306,7.569375,False,-3.0441575050354004
N,G,212,4.93157,-4.93157,11.783571428571431,True,-0.21168303489685059
G,S,79,4.93201,-4.93201,5.412857142857143,False,-2.3671228885650635
P,L,181,4.93416,-4.93416,5.230714285714285,False,-3.0639939308166504
T,F,195,4.9404,-4.9404,9.130714285714285,False,-5.157611846923828
G,T,86,4.94934,-4.94934,5.975714285714287,False,-9.18241024017334
S,Q,192,4.95848,-4.95848,11.138181818181819,True,-3.2976465225219727
G,V,165,4.9593,-4.9593,5.552857142857143,False,-7.1161112785339355
S,C,46,4.96521,-4.96521,8.976363636363637,False,-6.68332052230835
N,M,275,4.96535,-4.96535,8.513571428571428,False,-2.886958122253418
N,Y,73,4.96885,-4.96885,9.115,False,-4.684885501861572
N,V,225,4.97089,-4.97089,7.584285714285714,False,0.33620476722717285
L,P,43,4.97584,-4.97584,7.9826315789473705,False,-1.2989072799682617
S,L,46,4.97651,-4.97651,8.976363636363637,False,-1.901271104812622
A,T,178,4.97915,-4.97915,5.752,False,-3.6576027870178223
M,D,161,4.98134,-4.98134,7.67529411764706,False,-9.379161834716797
S,N,93,4.98161,-4.98161,6.006363636363636,False,0.4214324951171875
A,H,287,4.98256,-4.98256,8.014999999999999,False,-2.237572193145752
N,C,264,4.98494,-4.98494,7.979999999999999,False,-4.953278064727783
S,D,213,4.98879,-4.98879,10.955454545454545,True,-1.8432143926620483
L,V,131,4.99118,-4.99118,5.692105263157896,False,-1.2039716243743896
C,N,239,4.99642,-4.99642,6.315,False,-2.2174148559570312
Q,A,91,4.9984,-4.9984,5.954705882352941,False,-0.7876137495040894
G,Y,164,5.00117,-5.00117,6.017142857142857,False,-7.8354973793029785
L,S,167,5.00343,-5.00343,7.7584210526315776,False,-6.988686561584473
A,G,80,5.01216,-5.01216,5.226000000000001,False,-1.5741991996765137
A,T,209,5.01445,-5.01445,8.529999999999998,False,-2.455841064453125
I,D,208,5.01657,-5.01657,9.464210526315789,False,-3.636972665786743
S,P,46,5.02324,-5.02324,8.976363636363637,False,-1.437849521636963
N,Y,275,5.02748,-5.02748,8.513571428571428,False,-1.4210920333862305
E,D,292,5.0352,-5.0352,47.50133333333334,True,0.4464304447174072
A,D,202,5.03666,-5.03666,6.241999999999999,False,-5.691028118133545
N,A,190,5.04012,-5.04012,12.629285714285714,True,-0.06089448928833008
I,K,145,5.04289,-5.04289,8.843684210526314,False,-5.5673346519470215
S,E,124,5.04716,-5.04716,5.309090909090909,False,-3.404953956604004
T,Q,195,5.05425,-5.05425,9.130714285714285,False,-1.0849826335906982
G,Q,251,5.06169,-5.06169,5.614285714285714,False,-1.6417953968048096
A,S,74,5.06195,-5.06195,10.844999999999999,True,-0.10946464538574219
P,V,36,5.06401,-5.06401,13.622857142857145,True,-3.8024370670318604
H,P,293,5.06711,-5.06711,37.20125,True,1.553598403930664
S,F,192,5.07693,-5.07693,11.138181818181819,True,-5.946187973022461
F,G,229,5.07713,-5.07713,7.899500000000001,False,-6.629504203796387
G,C,75,5.09337,-5.09337,12.828571428571427,True,-5.004817962646484
L,T,176,5.09894,-5.09894,5.845263157894737,False,-4.148699760437012
V,Q,156,5.10405,-5.10405,4.883125,False,-4.826749324798584
D,E,118,5.1076,-5.1076,6.635833333333334,False,-4.489762306213379
I,P,145,5.11198,-5.11198,8.843684210526314,False,-6.262581825256348
S,Q,242,5.11367,-5.11367,6.135454545454547,False,-1.02052640914917
A,Q,240,5.1226,-5.1226,5.798,False,-1.6978001594543457
F,M,284,5.1265,-5.1265,8.968,False,-1.743971347808838
S,D,122,5.12659,-5.12659,7.173636363636365,False,-1.1456242799758911
A,M,82,5.13097,-5.13097,4.566,False,-3.8275837898254395
N,L,241,5.13498,-5.13498,5.879285714285715,False,0.8868310451507568
I,Q,168,5.14282,-5.14282,6.565789473684212,False,-1.1841970682144165
T,N,29,5.15714,-5.15714,29.900769230769235,True,-0.8816409111022949
Y,S,87,5.15895,-5.15895,7.022380952380951,False,-4.946564674377441
G,S,165,5.16157,-5.16157,5.552857142857143,False,-4.591397285461426
A,E,33,5.16478,-5.16478,8.857999999999999,False,-0.6391215324401855
A,I,171,5.1675,-5.1675,8.044999999999998,False,-1.6804893016815186
M,C,161,5.16835,-5.16835,7.67529411764706,False,-10.401721000671387
I,C,81,5.16854,-5.16854,5.103684210526316,False,-7.983907222747803
V,G,68,5.17412,-5.17412,6.86875,False,-6.485113143920898
T,S,113,5.17975,-5.17975,6.340000000000001,False,-1.602273941040039
I,F,81,5.18071,-5.18071,5.103684210526316,False,-4.5763959884643555
S,G,141,5.18084,-5.18084,12.931818181818185,True,-1.423081398010254
S,L,92,5.18591,-5.18591,7.476363636363637,False,-5.134530067443848
D,S,118,5.19082,-5.19082,6.635833333333334,False,-3.302170515060425
D,K,265,5.19914,-5.19914,6.410833333333334,False,-8.394110679626465
A,Y,240,5.19983,-5.19983,5.798,False,-1.2232518196105957
N,T,246,5.20914,-5.20914,8.882142857142858,False,-0.777430534362793
Y,M,268,5.21917,-5.21917,6.649523809523809,False,-7.66723108291626
I,K,109,5.22161,-5.22161,5.930526315789472,False,-10.986360549926758
S,N,193,5.23322,-5.23322,14.020000000000003,True,0.31349730491638184
D,R,112,5.23855,-5.23855,5.531666666666666,False,-6.714545249938965
S,V,242,5.24192,-5.24192,6.135454545454547,False,-0.7814922332763672
V,H,107,5.2437,-5.2437,6.39375,False,-10.181382179260254
S,I,46,5.24584,-5.24584,8.976363636363637,False,-3.1458253860473633
F,G,261,5.2462,-5.2462,6.3215,False,-7.4458160400390625
I,R,94,5.25324,-5.25324,5.445789473684211,False,-8.405601501464844
P,S,49,5.25433,-5.25433,9.084999999999999,False,-1.1422057151794434
P,D,120,5.25994,-5.25994,6.895714285714286,False,-4.88130521774292
P,A,276,5.26234,-5.26234,11.277142857142858,True,0.49005305767059326
K,V,252,5.26762,-5.26762,7.618636363636363,False,-0.5315132141113281
A,E,178,5.27115,-5.27115,5.752,False,-9.613738059997559
S,F,142,5.27136,-5.27136,14.110909090909091,True,-5.249389171600342
A,M,226,5.27341,-5.27341,7.148000000000001,False,-2.304196357727051
R,Y,267,5.27797,-5.27797,7.336666666666666,False,-4.805490970611572
L,Q,131,5.28776,-5.28776,5.692105263157896,False,-7.361245632171631
S,M,213,5.28955,-5.28955,10.955454545454545,True,-4.7113237380981445
A,V,209,5.2924,-5.2924,8.529999999999998,False,-2.9832494258880615
P,Q,120,5.29387,-5.29387,6.895714285714286,False,-3.970043659210205
A,D,82,5.30501,-5.30501,4.566,False,-5.044939994812012
G,V,75,5.3104,-5.3104,12.828571428571427,True,-1.0088634490966797
P,Q,85,5.32093,-5.32093,6.042857142857143,False,-6.019046783447266
S,M,192,5.32543,-5.32543,11.138181818181819,True,-5.891876697540283
M,F,161,5.33031,-5.33031,7.67529411764706,False,-5.633822441101074
Y,S,32,5.33327,-5.33327,9.518095238095238,False,0.3651139736175537
A,F,215,5.33474,-5.33474,7.140000000000001,False,-3.1476919651031494
L,V,43,5.34184,-5.34184,7.9826315789473705,False,0.19222402572631836
D,P,118,5.34219,-5.34219,6.635833333333334,False,-6.478043556213379
A,M,215,5.34457,-5.34457,7.140000000000001,False,-0.9372999668121338
S,A,214,5.34492,-5.34492,8.867272727272727,False,0.11574125289916992
Q,C,119,5.35004,-5.35004,10.140588235294118,True,-6.078396797180176
P,I,38,5.35161,-5.35161,8.874285714285714,False,0.3514261245727539
R,I,267,5.35216,-5.35216,7.336666666666666,False,-6.124102592468262
S,Y,214,5.36381,-5.36381,8.867272727272727,False,1.03253972530365
P,K,71,5.36386,-5.36386,7.3478571428571415,False,-8.9806547164917
A,G,215,5.36883,-5.36883,7.140000000000001,False,-2.320997476577759
I,A,109,5.37404,-5.37404,5.930526315789472,False,-3.653857469558716
Y,I,268,5.37828,-5.37828,6.649523809523809,False,-7.237736225128174
Y,D,268,5.38436,-5.38436,6.649523809523809,False,-7.413725852966309
V,G,107,5.38615,-5.38615,6.39375,False,-6.887994766235352
G,N,139,5.39057,-5.39057,11.290000000000001,True,0.21023082733154297
P,T,38,5.39913,-5.39913,8.874285714285714,False,-1.254248023033142
P,R,120,5.4054,-5.4054,6.895714285714286,False,-5.17559289932251
P,G,71,5.40731,-5.40731,7.3478571428571415,False,-6.785653114318848
I,Q,208,5.41398,-5.41398,9.464210526315789,False,-2.75110125541687
Y,A,268,5.41739,-5.41739,6.649523809523809,False,-5.827953338623047
W,M,97,5.41882,-5.41882,5.192083333333334,False,-2.811703681945801
S,W,242,5.42666,-5.42666,6.135454545454547,False,-1.9148850440979004
Y,R,87,5.43189,-5.43189,7.022380952380951,False,-8.379770278930664
I,G,94,5.43418,-5.43418,5.445789473684211,False,-3.906822681427002
F,N,261,5.4395,-5.4395,6.3215,False,-4.383949279785156
F,D,229,5.44189,-5.44189,7.899500000000001,False,-7.400299072265625
A,N,171,5.44261,-5.44261,8.044999999999998,False,-2.4991531372070312
S,M,61,5.44379,-5.44379,8.43909090909091,False,-4.823151588439941
N,G,246,5.44477,-5.44477,8.882142857142858,False,0.893034815788269
K,M,177,5.44539,-5.44539,8.607272727272727,False,-4.876659870147705
V,P,107,5.45292,-5.45292,6.39375,False,-7.361438274383545
D,G,112,5.46477,-5.46477,5.531666666666666,False,-1.5775256156921387
T,F,29,5.46627,-5.46627,29.900769230769235,True,-0.368588924407959
A,E,202,5.46898,-5.46898,6.241999999999999,False,-4.682320594787598
S,D,142,5.46919,-5.46919,14.110909090909091,True,-2.3829193115234375
V,A,194,5.47084,-5.47084,8.405000000000001,False,-2.396925687789917
N,V,114,5.47354,-5.47354,8.296428571428573,False,-3.493534564971924
S,Q,213,5.47697,-5.47697,10.955454545454545,True,-0.5866018533706665
S,N,278,5.48354,-5.48354,10.567272727272726,True,-1.4486579895019531
F,A,191,5.48423,-5.48423,9.012999999999998,False,-2.131061315536499
S,L,192,5.48949,-5.48949,11.138181818181819,True,-5.102458953857422
G,K,79,5.48967,-5.48967,5.412857142857143,False,-4.843657493591309
T,A,77,5.49156,-5.49156,8.299285714285714,False,-0.7276828289031982
G,N,243,5.50846,-5.50846,7.711428571428572,False,-0.827095627784729
R,G,267,5.51153,-5.51153,7.336666666666666,False,-4.069869518280029
F,N,106,5.51157,-5.51157,6.09,False,-8.912420272827148
S,C,122,5.51405,-5.51405,7.173636363636365,False,-8.228842735290527
L,N,131,5.51479,-5.51479,5.692105263157896,False,-6.787511348724365
K,H,177,5.51771,-5.51771,8.607272727272727,False,-3.8438377380371094
T,A,116,5.52197,-5.52197,7.212857142857144,False,-1.715021014213562
F,M,229,5.5241,-5.5241,7.899500000000001,False,-2.250173568725586
N,M,190,5.52858,-5.52858,12.629285714285714,True,-3.103236198425293
S,V,169,5.52892,-5.52892,5.231818181818181,False,0.2952589988708496
A,Q,74,5.53998,-5.53998,10.844999999999999,True,-2.310900926589966
P,Q,276,5.56078,-5.56078,11.277142857142858,True,-1.571404218673706
W,C,97,5.56259,-5.56259,5.192083333333334,False,-7.340274810791016
Q,C,91,5.56325,-5.56325,5.954705882352941,False,-6.395906448364258
S,R,192,5.5642,-5.5642,11.138181818181819,True,-1.6165575981140137
T,G,29,5.56512,-5.56512,29.900769230769235,True,0.04018354415893555
P,C,120,5.56908,-5.56908,6.895714285714286,False,-7.362236976623535
P,L,71,5.57122,-5.57122,7.3478571428571415,False,-9.638822555541992
D,F,112,5.57208,-5.57208,5.531666666666666,False,-7.1568922996521
G,E,165,5.57363,-5.57363,5.552857142857143,False,-7.098933219909668
V,H,108,5.57505,-5.57505,5.959375,False,-11.972017288208008
T,I,266,5.57606,-5.57606,7.875000000000001,False,-3.0905675888061523
S,R,46,5.5762,-5.5762,8.976363636363637,False,-2.8118786811828613
Q,G,182,5.5816,-5.5816,4.872941176470587,False,-0.6403498649597168
S,T,278,5.58482,-5.58482,10.567272727272726,True,-0.45618629455566406
S,N,214,5.59356,-5.59356,8.867272727272727,False,0.29110097885131836
T,N,195,5.59632,-5.59632,9.130714285714285,False,-0.34530162811279297
V,Q,211,5.60134,-5.60134,8.389375000000001,False,-1.7334659099578857
I,Q,250,5.60363,-5.60363,6.0668421052631585,False,-2.4744300842285156
P,G,276,5.60764,-5.60764,11.277142857142858,True,0.5115014314651489
I,T,250,5.61138,-5.61138,6.0668421052631585,False,-1.5962954759597778
S,D,92,5.61497,-5.61497,7.476363636363637,False,-0.11624574661254883
Q,A,247,5.6161,-5.6161,9.353529411764706,False,0.5402371883392334
P,Q,71,5.61769,-5.61769,7.3478571428571415,False,-8.69274616241455
S,P,193,5.62105,-5.62105,14.020000000000003,True,-4.450501441955566
N,Q,30,5.63186,-5.63186,11.533571428571426,True,-1.0744333267211914
S,I,121,5.6391,-5.6391,8.833636363636364,False,-2.466923236846924
F,A,284,5.63945,-5.63945,8.968,False,-0.052987098693847656
P,R,174,5.64368,-5.64368,8.120000000000001,False,-2.9328489303588867
D,Q,118,5.64582,-5.64582,6.635833333333334,False,-5.0641188621521
N,V,241,5.64612,-5.64612,5.879285714285715,False,0.9375755786895752
A,D,180,5.65403,-5.65403,4.927999999999999,False,-4.5731024742126465
R,G,34,5.66714,-5.66714,8.38,False,-1.8199849128723145
A,E,82,5.69012,-5.69012,4.566,False,-5.971460342407227
D,L,283,5.6902,-5.6902,8.464999999999998,False,-1.176175594329834
V,T,107,5.69263,-5.69263,6.39375,False,-4.34338903427124
I,C,168,5.70063,-5.70063,6.565789473684212,False,-6.407736778259277
N,R,212,5.72358,-5.72358,11.783571428571431,True,0.9885197877883911
A,R,215,5.7249,-5.7249,7.140000000000001,False,-3.6299355030059814
N,C,212,5.72689,-5.72689,11.783571428571431,True,-1.1100924015045166
A,T,74,5.72747,-5.72747,10.844999999999999,True,-0.7535858154296875
I,K,250,5.74289,-5.74289,6.0668421052631585,False,-5.034470558166504
V,T,108,5.74411,-5.74411,5.959375,False,-2.476085662841797
T,M,195,5.76514,-5.76514,9.130714285714285,False,-4.1563520431518555
A,G,74,5.76679,-5.76679,10.844999999999999,True,-0.28298258781433105
K,P,253,5.77168,-5.77168,6.016818181818182,False,0.36728334426879883
S,V,269,5.77362,-5.77362,7.75,False,-3.4388203620910645
G,F,79,5.77968,-5.77968,5.412857142857143,False,-9.010955810546875
P,H,181,5.78138,-5.78138,5.230714285714285,False,-7.449321746826172
D,G,118,5.78357,-5.78357,6.635833333333334,False,-4.0026092529296875
I,P,81,5.78674,-5.78674,5.103684210526316,False,-7.264140605926514
P,S,36,5.78793,-5.78793,13.622857142857145,True,-1.7324280738830566
S,C,142,5.79466,-5.79466,14.110909090909091,True,-7.585495948791504
S,M,141,5.79706,-5.79706,12.931818181818185,True,-5.172173500061035
P,N,276,5.79944,-5.79944,11.277142857142858,True,-1.0855448246002197
W,S,96,5.80197,-5.80197,5.797083333333333,False,-1.7004833221435547
Y,R,268,5.80687,-5.80687,6.649523809523809,False,-8.219054222106934
A,N,272,5.8132,-5.8132,6.331999999999999,False,-1.2734556198120117
K,L,177,5.81347,-5.81347,8.607272727272727,False,-2.94990873336792
S,M,122,5.82176,-5.82176,7.173636363636365,False,-4.679391384124756
P,K,38,5.82504,-5.82504,8.874285714285714,False,-3.657580852508545
T,M,77,5.82676,-5.82676,8.299285714285714,False,-3.9775514602661133
S,Q,92,5.82721,-5.82721,7.476363636363637,False,-2.003746509552002
A,D,74,5.83873,-5.83873,10.844999999999999,True,-2.3712167739868164
D,K,112,5.83876,-5.83876,5.531666666666666,False,-5.4607253074646
N,D,212,5.83927,-5.83927,11.783571428571431,True,-1.2636144161224365
V,D,107,5.83938,-5.83938,6.39375,False,-11.039392471313477
S,C,213,5.84532,-5.84532,10.955454545454545,True,-4.922999382019043
F,D,55,5.84646,-5.84646,9.129500000000002,False,-0.6608684062957764
R,M,285,5.85791,-5.85791,10.415000000000001,True,-1.5928540229797363
A,D,178,5.85951,-5.85951,5.752,False,-9.215227127075195
R,K,34,5.86027,-5.86027,8.38,False,-0.8456711769104004
F,C,229,5.86126,-5.86126,7.899500000000001,False,-6.489282608032227
A,V,89,5.86312,-5.86312,6.048,False,-1.0045762062072754
F,I,191,5.86434,-5.86434,9.012999999999998,False,-0.7437894344329834
C,N,273,5.86586,-5.86586,7.561,False,-5.124143600463867
Y,C,32,5.86695,-5.86695,9.518095238095238,False,-4.119724273681641
N,W,37,5.87671,-5.87671,11.206428571428573,True,-1.505660057067871
L,C,117,5.88024,-5.88024,7.684736842105264,False,-4.420170307159424
S,H,46,5.89407,-5.89407,8.976363636363637,False,-4.260568618774414
D,M,265,5.89645,-5.89645,6.410833333333334,False,-10.73936653137207
N,S,241,5.91051,-5.91051,5.879285714285715,False,0.7989089488983154
P,R,36,5.92574,-5.92574,13.622857142857145,True,-4.934770584106445
I,F,94,5.92707,-5.92707,5.445789473684211,False,-1.675919532775879
A,R,178,5.92826,-5.92826,5.752,False,-8.736597061157227
T,A,189,5.92934,-5.92934,11.485714285714282,True,0.3273603916168213
V,G,108,5.92971,-5.92971,5.959375,False,-6.40220832824707
T,V,279,5.93798,-5.93798,14.200000000000001,True,-0.8049919605255127
V,C,107,5.94675,-5.94675,6.39375,False,-7.353804588317871
A,V,33,5.94738,-5.94738,8.857999999999999,False,-2.1576411724090576
S,K,93,5.95356,-5.95356,6.006363636363636,False,-4.4037065505981445
T,G,189,5.95513,-5.95513,11.485714285714282,True,0.8233734369277954
S,G,54,5.95669,-5.95669,9.982727272727272,True,-3.0674099922180176
S,E,213,5.96286,-5.96286,10.955454545454545,True,-2.283632278442383
P,N,181,5.96579,-5.96579,5.230714285714285,False,-5.374133586883545
M,G,154,5.97928,-5.97928,5.995882352941176,False,-3.6953086853027344
S,C,169,5.98127,-5.98127,5.231818181818181,False,-5.17011833190918
A,Y,33,5.98415,-5.98415,8.857999999999999,False,-3.8035383224487305
T,W,39,5.99535,-5.99535,10.128571428571428,True,-3.697861909866333
A,R,89,5.99617,-5.99617,6.048,False,-6.516280174255371
N,M,212,6.00066,-6.00066,11.783571428571431,True,-3.2780072689056396
F,Y,106,6.0011,-6.0011,6.09,False,-1.7755718231201172
G,D,165,6.01548,-6.01548,5.552857142857143,False,-8.122515678405762
L,N,176,6.02473,-6.02473,5.845263157894737,False,-7.235135555267334
T,E,266,6.02643,-6.02643,7.875000000000001,False,-1.6443400382995605
A,F,240,6.0279,-6.0279,5.798,False,-0.8258404731750488
A,P,135,6.02844,-6.02844,10.228,True,-5.228575706481934
W,K,96,6.03574,-6.03574,5.797083333333333,False,-5.156423091888428
A,Q,226,6.03801,-6.03801,7.148000000000001,False,-0.3349595069885254
G,W,79,6.04068,-6.04068,5.412857142857143,False,-10.539384841918945
P,E,276,6.0426,-6.0426,11.277142857142858,True,-1.4481737613677979
S,M,187,6.05392,-6.05392,17.55545454545455,True,-2.1161270141601562
R,A,90,6.05749,-6.05749,13.28625,True,3.889883279800415
D,K,118,6.05776,-6.05776,6.635833333333334,False,-7.506002426147461
K,N,252,6.06486,-6.06486,7.618636363636363,False,1.5003986358642578
S,T,46,6.07216,-6.07216,8.976363636363637,False,-0.8153667449951172
I,T,109,6.07228,-6.07228,5.930526315789472,False,-6.1228837966918945
S,P,242,6.09133,-6.09133,6.135454545454547,False,-0.489410400390625
S,I,214,6.09556,-6.09556,8.867272727272727,False,-2.1504392623901367
T,E,29,6.10374,-6.10374,29.900769230769235,True,-0.6030163764953613
V,D,134,6.11222,-6.11222,7.569375,False,-9.001091003417969
N,G,73,6.11882,-6.11882,9.115,False,-0.9213076829910278
P,F,120,6.13475,-6.13475,6.895714285714286,False,-4.777951240539551
V,S,107,6.13753,-6.13753,6.39375,False,-6.991194248199463
A,G,178,6.14929,-6.14929,5.752,False,-3.764211893081665
A,V,287,6.15314,-6.15314,8.014999999999999,False,-0.47603726387023926
P,M,120,6.15944,-6.15944,6.895714285714286,False,-5.311791896820068
N,P,138,6.16433,-6.16433,9.64642857142857,False,-4.662746429443359
G,I,105,6.16719,-6.16719,5.915714285714286,False,-13.948345184326172
A,V,74,6.16791,-6.16791,10.844999999999999,True,-0.9430077075958252
P,C,36,6.1697,-6.1697,13.622857142857145,True,-7.821163177490234
T,E,39,6.17266,-6.17266,10.128571428571428,True,-1.9178080558776855
R,S,90,6.17954,-6.17954,13.28625,True,5.786927223205566
L,N,167,6.1825,-6.1825,7.7584210526315776,False,-6.336080074310303
Y,C,268,6.19017,-6.19017,6.649523809523809,False,-8.543524742126465
Q,L,119,6.1918,-6.1918,10.140588235294118,True,-0.43173694610595703
S,V,142,6.1942,-6.1942,14.110909090909091,True,-3.290828227996826
N,W,114,6.19513,-6.19513,8.296428571428573,False,-5.515026092529297
I,E,94,6.20115,-6.20115,5.445789473684211,False,-1.2243080139160156
T,R,29,6.20227,-6.20227,29.900769230769235,True,-0.9681954383850098
V,H,156,6.20346,-6.20346,4.883125,False,-6.20310115814209
V,F,211,6.20479,-6.20479,8.389375000000001,False,-1.0324406623840332
P,D,210,6.20743,-6.20743,9.91,True,-3.5696303844451904
S,G,142,6.2134,-6.2134,14.110909090909091,True,0.03281664848327637
N,R,241,6.2137,-6.2137,5.879285714285715,False,-0.2701706886291504
V,Q,107,6.22225,-6.22225,6.39375,False,-10.077597618103027
G,N,254,6.22581,-6.22581,5.354285714285714,False,-0.4600715637207031
P,H,71,6.23411,-6.23411,7.3478571428571415,False,-9.668408393859863
S,Y,58,6.23617,-6.23617,11.760000000000002,True,-4.085370063781738
V,P,255,6.23959,-6.23959,6.508125,False,-5.471814155578613
N,H,212,6.24626,-6.24626,11.783571428571431,True,-1.410282850265503
V,I,107,6.25059,-6.25059,6.39375,False,-2.2596044540405273
G,H,35,6.26007,-6.26007,8.667142857142858,False,-9.77586555480957
S,M,92,6.26189,-6.26189,7.476363636363637,False,-6.724514007568359
W,M,159,6.26266,-6.26266,5.376666666666668,False,-3.579458236694336
S,C,192,6.27108,-6.27108,11.138181818181819,True,-6.850430965423584
A,D,171,6.28545,-6.28545,8.044999999999998,False,-4.192224502563477
V,A,107,6.28576,-6.28576,6.39375,False,-2.670010566711426
A,R,74,6.29017,-6.29017,10.844999999999999,True,-2.895516872406006
N,F,212,6.29128,-6.29128,11.783571428571431,True,-3.0932209491729736
S,L,214,6.2983,-6.2983,8.867272727272727,False,-1.1526803970336914
N,D,241,6.30177,-6.30177,5.879285714285715,False,0.1389915943145752
L,P,131,6.30361,-6.30361,5.692105263157896,False,-5.67322301864624
V,F,156,6.30472,-6.30472,4.883125,False,-3.6582021713256836
S,M,214,6.3059,-6.3059,8.867272727272727,False,-2.309196949005127
K,E,252,6.32166,-6.32166,7.618636363636363,False,1.863204002380371
R,D,34,6.32518,-6.32518,8.38,False,0.231156587600708
A,G,171,6.32554,-6.32554,8.044999999999998,False,-1.6274216175079346
T,D,195,6.33719,-6.33719,9.130714285714285,False,-2.1846277713775635
T,K,29,6.34839,-6.34839,29.900769230769235,True,-1.3486485481262207
G,N,66,6.35004,-6.35004,6.5042857142857144,False,-6.406096935272217
N,C,241,6.36259,-6.36259,5.879285714285715,False,-0.8697617053985596
G,K,35,6.36468,-6.36468,8.667142857142858,False,-9.158437728881836
K,N,148,6.3671,-6.3671,12.941818181818183,True,-4.399016857147217
V,P,108,6.37926,-6.37926,5.959375,False,-8.730195999145508
N,T,73,6.38074,-6.38074,9.115,False,-1.3510018587112427
K,D,95,6.38139,-6.38139,12.269545454545453,True,-0.15856719017028809
W,L,96,6.39108,-6.39108,5.797083333333333,False,-3.6666741371154785
S,C,92,6.39458,-6.39458,7.476363636363637,False,-5.942052841186523
N,Q,233,6.40377,-6.40377,11.019999999999998,True,-0.3290886878967285
T,N,279,6.41824,-6.41824,14.200000000000001,True,-0.7938427925109863
N,G,138,6.42293,-6.42293,9.64642857142857,False,-4.303600311279297
M,W,262,6.43991,-6.43991,6.120588235294118,False,-2.984358787536621
S,I,141,6.44039,-6.44039,12.931818181818185,True,-4.035236358642578
T,R,113,6.46793,-6.46793,6.340000000000001,False,-7.383187294006348
F,G,284,6.48543,-6.48543,8.968,False,0.13657021522521973
S,G,187,6.4869,-6.4869,17.55545454545455,True,0.5058237314224243
Y,G,87,6.50886,-6.50886,7.022380952380951,False,-7.491000652313232
L,C,131,6.51662,-6.51662,5.692105263157896,False,-7.270970344543457
P,H,276,6.51949,-6.51949,11.277142857142858,True,-3.2211053371429443
S,I,142,6.52219,-6.52219,14.110909090909091,True,-4.493643283843994
A,W,240,6.52721,-6.52721,5.798,False,-2.2839622497558594
G,N,105,6.52791,-6.52791,5.915714285714286,False,-6.37889289855957
Q,N,119,6.53111,-6.53111,10.140588235294118,True,1.7519879341125488
F,N,284,6.5529,-6.5529,8.968,False,-0.5487332344055176
V,M,107,6.5535,-6.5535,6.39375,False,-5.2812581062316895
V,I,108,6.55723,-6.55723,5.959375,False,-4.9852118492126465
I,L,109,6.55931,-6.55931,5.930526315789472,False,-0.5403289794921875
F,H,261,6.56014,-6.56014,6.3215,False,-2.772416114807129
S,G,121,6.56414,-6.56414,8.833636363636364,False,0.5439558029174805
S,F,242,6.56626,-6.56626,6.135454545454547,False,-0.5805962085723877
A,D,226,6.56873,-6.56873,7.148000000000001,False,3.06380033493042
A,M,33,6.56964,-6.56964,8.857999999999999,False,-4.251466751098633
A,I,209,6.57507,-6.57507,8.529999999999998,False,-3.888864278793335
N,M,233,6.58599,-6.58599,11.019999999999998,True,-2.884953498840332
W,H,96,6.59754,-6.59754,5.797083333333333,False,-2.983165740966797
G,W,251,6.60345,-6.60345,5.614285714285714,False,-4.473407745361328
P,Y,36,6.60454,-6.60454,13.622857142857145,True,-5.462346076965332
V,M,108,6.60686,-6.60686,5.959375,False,-6.555527687072754
I,G,145,6.6085,-6.6085,8.843684210526314,False,-6.1933441162109375
P,I,210,6.60904,-6.60904,9.91,True,-5.0280914306640625
Y,M,87,6.61597,-6.61597,7.022380952380951,False,-5.666453838348389
M,P,154,6.61958,-6.61958,5.995882352941176,False,-4.011002063751221
F,Q,261,6.62161,-6.62161,6.3215,False,-3.024517059326172
G,F,165,6.62383,-6.62383,5.552857142857143,False,-9.50201416015625
P,R,276,6.63073,-6.63073,11.277142857142858,True,-1.675999402999878
N,M,37,6.65905,-6.65905,11.206428571428573,True,-2.6026692390441895
I,H,94,6.67608,-6.67608,5.445789473684211,False,-0.9868221282958984
A,I,33,6.67794,-6.67794,8.857999999999999,False,-3.240872383117676
A,K,33,6.68135,-6.68135,8.857999999999999,False,-2.917508602142334
L,D,131,6.68568,-6.68568,5.692105263157896,False,-7.870995998382568
T,Q,29,6.6861,-6.6861,29.900769230769235,True,-0.882972240447998
V,D,108,6.68653,-6.68653,5.959375,False,-10.877647399902344
V,N,196,6.69383,-6.69383,6.464375,False,-3.182192802429199
A,Q,178,6.69598,-6.69598,5.752,False,-9.456869125366211
P,L,36,6.69656,-6.69656,13.622857142857145,True,-4.0455217361450195
Y,F,268,6.69908,-6.69908,6.649523809523809,False,-1.9369882345199585
W,R,97,6.70066,-6.70066,5.192083333333334,False,-5.643702507019043
I,M,109,6.70788,-6.70788,5.930526315789472,False,-1.8900041580200195
S,M,54,6.7098,-6.7098,9.982727272727272,True,-6.207629203796387
N,E,30,6.70996,-6.70996,11.533571428571426,True,-1.1503629684448242
P,N,210,6.7101,-6.7101,9.91,True,-1.9777109622955322
Q,M,182,6.71181,-6.71181,4.872941176470587,False,2.7655978202819824
A,N,202,6.71424,-6.71424,6.241999999999999,False,-3.0952630043029785
Q,R,247,6.71554,-6.71554,9.353529411764706,False,-0.16033697128295898
S,Q,124,6.71555,-6.71555,5.309090909090909,False,-3.0731639862060547
V,R,107,6.72142,-6.72142,6.39375,False,-11.976227760314941
P,N,31,6.72715,-6.72715,12.475714285714286,True,-1.5979338884353638
M,P,161,6.72874,-6.72874,7.67529411764706,False,-11.518495559692383
S,G,236,6.72987,-6.72987,8.869090909090911,False,0.7783234119415283
W,H,97,6.73521,-6.73521,5.192083333333334,False,-4.004639148712158
S,P,122,6.73691,-6.73691,7.173636363636365,False,-2.3430891036987305
S,Q,175,6.73909,-6.73909,8.31,False,-0.34122705459594727
A,E,74,6.74535,-6.74535,10.844999999999999,True,-3.0158228874206543
R,T,90,6.75769,-6.75769,13.28625,True,4.174211502075195
V,E,255,6.76623,-6.76623,6.508125,False,-3.767510175704956
S,C,93,6.78587,-6.78587,6.006363636363636,False,-4.391347408294678
F,C,191,6.79673,-6.79673,9.012999999999998,False,-6.154471397399902
V,Q,108,6.80864,-6.80864,5.959375,False,-10.107900619506836
A,G,226,6.81169,-6.81169,7.148000000000001,False,-0.7979006767272949
T,N,151,6.81321,-6.81321,9.882857142857144,True,-3.7666168212890625
P,S,276,6.81903,-6.81903,11.277142857142858,True,0.40633416175842285
P,G,36,6.82155,-6.82155,13.622857142857145,True,-4.345645904541016
G,C,165,6.82171,-6.82171,5.552857142857143,False,-8.606554985046387
W,G,96,6.82534,-6.82534,5.797083333333333,False,-3.230760097503662
M,G,161,6.82578,-6.82578,7.67529411764706,False,-9.282196998596191
A,P,74,6.82699,-6.82699,10.844999999999999,True,-1.8764302730560303
P,W,38,6.84641,-6.84641,8.874285714285714,False,-5.104086875915527
R,Q,59,6.84827,-6.84827,11.477500000000001,True,0.7084696292877197
S,M,169,6.86563,-6.86563,5.231818181818181,False,-1.2024965286254883
A,P,240,6.87602,-6.87602,5.798,False,-0.6053323745727539
V,F,107,6.88108,-6.88108,6.39375,False,-6.41326379776001
V,P,211,6.91135,-6.91135,8.389375000000001,False,0.4184117317199707
T,R,116,6.91251,-6.91251,7.212857142857144,False,-0.9345284700393677
S,F,92,6.91472,-6.91472,7.476363636363637,False,-5.660926818847656
D,N,112,6.91729,-6.91729,5.531666666666666,False,-2.0254201889038086
Q,P,119,6.92266,-6.92266,10.140588235294118,True,-2.659487009048462
S,C,214,6.92574,-6.92574,8.867272727272727,False,-1.8392658233642578
S,M,242,6.92887,-6.92887,6.135454545454547,False,-1.8945889472961426
D,W,263,6.92891,-6.92891,5.789166666666667,False,-6.045856475830078
T,M,29,6.9328,-6.9328,29.900769230769235,True,5.769646167755127
S,M,142,6.93445,-6.93445,14.110909090909091,True,-5.842043399810791
A,R,180,6.93965,-6.93965,4.927999999999999,False,-7.193634033203125
I,R,208,6.96874,-6.96874,9.464210526315789,False,-3.437084913253784
A,P,82,6.97328,-6.97328,4.566,False,-7.014461517333984
N,E,114,6.98603,-6.98603,8.296428571428573,False,-1.584756851196289
V,Y,107,7.0016,-7.0016,6.39375,False,-8.259658813476562
V,N,134,7.0547,-7.0547,7.569375,False,-8.635503768920898
Y,Q,268,7.06208,-7.06208,6.649523809523809,False,-7.761325359344482
E,P,292,7.06217,-7.06217,47.50133333333334,True,1.5768680572509766
W,E,97,7.0772,-7.0772,5.192083333333334,False,-3.9144980907440186
A,N,129,7.08218,-7.08218,5.927,False,-1.4465159177780151
P,Q,210,7.09665,-7.09665,9.91,True,-3.699277639389038
F,N,229,7.09893,-7.09893,7.899500000000001,False,-6.140703201293945
N,S,73,7.12093,-7.12093,9.115,False,-0.5157785415649414
A,P,180,7.12568,-7.12568,4.927999999999999,False,-7.370012283325195
I,M,250,7.12736,-7.12736,6.0668421052631585,False,-1.534178376197815
S,E,121,7.13406,-7.13406,8.833636363636364,False,-1.1180306673049927
L,N,117,7.15107,-7.15107,7.684736842105264,False,1.5343220233917236
T,A,29,7.16927,-7.16927,29.900769230769235,True,0.6927146911621094
S,E,169,7.18053,-7.18053,5.231818181818181,False,-1.0392823219299316
P,R,31,7.20249,-7.20249,12.475714285714286,True,-2.9524292945861816
V,C,134,7.20625,-7.20625,7.569375,False,-8.35231876373291
V,W,255,7.20953,-7.20953,6.508125,False,-5.411982536315918
R,M,59,7.21476,-7.21476,11.477500000000001,True,-0.02505779266357422
I,N,94,7.21791,-7.21791,5.445789473684211,False,-2.1831507682800293
P,G,120,7.21899,-7.21899,6.895714285714286,False,-3.6012988090515137
L,H,43,7.22019,-7.22019,7.9826315789473705,False,-2.703266143798828
S,G,122,7.22864,-7.22864,7.173636363636365,False,-0.6226311922073364
S,G,46,7.2316,-7.2316,8.976363636363637,False,-2.1537985801696777
T,S,77,7.23566,-7.23566,8.299285714285714,False,-0.0873250961303711
G,H,105,7.24044,-7.24044,5.915714285714286,False,-10.00973892211914
N,E,212,7.24691,-7.24691,11.783571428571431,True,-1.1166141033172607
S,Y,169,7.25381,-7.25381,5.231818181818181,False,-1.164964199066162
N,E,241,7.25719,-7.25719,5.879285714285715,False,-0.015601158142089844
V,S,108,7.26113,-7.26113,5.959375,False,-4.6759796142578125
V,A,108,7.27119,-7.27119,5.959375,False,-1.9958792924880981
I,D,168,7.27606,-7.27606,6.565789473684212,False,-2.886984348297119
P,V,38,7.29509,-7.29509,8.874285714285714,False,-0.0312044620513916
P,N,144,7.29742,-7.29742,12.121428571428568,True,-4.434202194213867
D,W,112,7.30094,-7.30094,5.531666666666666,False,-9.274426460266113
W,P,97,7.30425,-7.30425,5.192083333333334,False,-7.463603973388672
A,C,226,7.34281,-7.34281,7.148000000000001,False,-4.220798969268799
A,W,74,7.36002,-7.36002,10.844999999999999,True,-5.477713584899902
M,G,262,7.36397,-7.36397,6.120588235294118,False,-3.938629150390625
T,N,189,7.37088,-7.37088,11.485714285714282,True,-0.8467922210693359
D,F,118,7.37989,-7.37989,6.635833333333334,False,-3.3904242515563965
I,S,250,7.38074,-7.38074,6.0668421052631585,False,-2.4511046409606934
V,T,255,7.38221,-7.38221,6.508125,False,-1.3088538646697998
P,W,85,7.38264,-7.38264,6.042857142857143,False,-10.76159381866455
S,H,192,7.39956,-7.39956,11.138181818181819,True,-3.8157854080200195
T,C,195,7.41902,-7.41902,9.130714285714285,False,-6.7929534912109375
S,E,54,7.42709,-7.42709,9.982727272727272,True,-1.6022907495498657
F,H,229,7.44051,-7.44051,7.899500000000001,False,-4.529322624206543
F,V,261,7.44609,-7.44609,6.3215,False,-4.505716800689697
G,S,75,7.45473,-7.45473,12.828571428571427,True,2.746807336807251
I,A,250,7.45706,-7.45706,6.0668421052631585,False,-0.8560444116592407
T,G,266,7.45956,-7.45956,7.875000000000001,False,-1.2180676460266113
T,I,189,7.47202,-7.47202,11.485714285714282,True,-1.1696035861968994
N,G,205,7.48355,-7.48355,11.137857142857143,True,-1.9183456897735596
P,N,99,7.5002,-7.5002,7.9942857142857155,False,-4.995675563812256
F,Q,229,7.51731,-7.51731,7.899500000000001,False,-5.323805809020996
E,Q,274,7.525,-7.525,8.980666666666666,False,0.34724998474121094
Q,K,247,7.53714,-7.53714,9.353529411764706,False,-1.5374772548675537
N,R,205,7.55138,-7.55138,11.137857142857143,True,-1.9878313541412354
W,I,97,7.56967,-7.56967,5.192083333333334,False,-1.9377586841583252
T,P,29,7.58626,-7.58626,29.900769230769235,True,-0.5267152786254883
P,E,210,7.62032,-7.62032,9.91,True,-5.856575965881348
I,R,145,7.63262,-7.63262,8.843684210526314,False,-4.639022350311279
D,N,283,7.63653,-7.63653,8.464999999999998,False,-0.2373371124267578
W,V,97,7.64039,-7.64039,5.192083333333334,False,-2.843111753463745
D,C,283,7.65266,-7.65266,8.464999999999998,False,-2.9485015869140625
R,K,267,7.68138,-7.68138,7.336666666666666,False,-4.620771884918213
G,F,35,7.68601,-7.68601,8.667142857142858,False,-9.78779125213623
W,T,97,7.68657,-7.68657,5.192083333333334,False,-3.624479055404663
N,V,37,7.68702,-7.68702,11.206428571428573,True,-1.9004778861999512
Q,D,91,7.68857,-7.68857,5.954705882352941,False,-0.9455097913742065
T,S,116,7.69524,-7.69524,7.212857142857144,False,-0.43183374404907227
D,Q,265,7.70328,-7.70328,6.410833333333334,False,-7.183539867401123
D,M,283,7.70976,-7.70976,8.464999999999998,False,-2.799470901489258
D,F,265,7.7107,-7.7107,6.410833333333334,False,-10.586061477661133
Q,G,119,7.71231,-7.71231,10.140588235294118,True,-1.2535269260406494
Q,P,247,7.72696,-7.72696,9.353529411764706,False,0.8558570146560669
D,E,265,7.7578,-7.7578,6.410833333333334,False,-5.458623886108398
E,F,292,7.79492,-7.79492,47.50133333333334,True,0.04467296600341797
N,M,264,7.7986,-7.7986,7.979999999999999,False,-5.366291046142578
P,I,49,7.81095,-7.81095,9.084999999999999,False,-5.844790935516357
A,T,215,7.82447,-7.82447,7.140000000000001,False,-0.9611923694610596
R,A,267,7.83578,-7.83578,7.336666666666666,False,-2.8242757320404053
N,M,73,7.84291,-7.84291,9.115,False,-6.252305030822754
L,G,131,7.8436,-7.8436,5.692105263157896,False,-5.771813869476318
M,R,161,7.84936,-7.84936,7.67529411764706,False,-6.571350574493408
T,C,29,7.86306,-7.86306,29.900769230769235,True,-2.344045639038086
D,P,265,7.87686,-7.87686,6.410833333333334,False,-9.05743408203125
K,I,95,7.89567,-7.89567,12.269545454545453,True,-2.4525320529937744
T,M,113,7.9008,-7.9008,6.340000000000001,False,-3.8569979667663574
G,R,79,7.90669,-7.90669,5.412857142857143,False,-4.893058776855469
N,M,288,7.90758,-7.90758,10.087142857142856,True,-2.3675339221954346
V,C,108,7.91545,-7.91545,5.959375,False,-5.825580596923828
S,N,141,7.99684,-7.99684,12.931818181818185,True,-2.1026804447174072
M,E,154,8.00947,-8.00947,5.995882352941176,False,-4.441812038421631
D,N,263,8.02235,-8.02235,5.789166666666667,False,-0.9904830455780029
D,K,283,8.03676,-8.03676,8.464999999999998,False,-1.7537739276885986
Q,D,119,8.05284,-8.05284,10.140588235294118,True,1.158996343612671
P,T,31,8.0575,-8.0575,12.475714285714286,True,-1.5280877351760864
F,V,271,8.06636,-8.06636,8.346,False,-4.0309038162231445
P,Q,31,8.0812,-8.0812,12.475714285714286,True,-1.8245097398757935
M,C,262,8.08291,-8.08291,6.120588235294118,False,-2.9305601119995117
A,N,178,8.10118,-8.10118,5.752,False,-8.837379455566406
S,P,214,8.10729,-8.10729,8.867272727272727,False,-3.640219211578369
R,L,34,8.12165,-8.12165,8.38,False,-0.9676558971405029
A,H,240,8.12929,-8.12929,5.798,False,-2.9969987869262695
S,A,175,8.18105,-8.18105,8.31,False,0.1777944564819336
Y,E,32,8.20176,-8.20176,9.518095238095238,False,-0.35330939292907715
G,N,162,8.2148,-8.2148,5.298571428571429,False,-11.689567565917969
T,L,189,8.23315,-8.23315,11.485714285714282,True,-0.9810910224914551
V,R,108,8.24541,-8.24541,5.959375,False,-12.06686019897461
P,A,174,8.2523,-8.2523,8.120000000000001,False,-1.7284061908721924
A,E,215,8.2723,-8.2723,7.140000000000001,False,-3.1913373470306396
T,L,113,8.29678,-8.29678,6.340000000000001,False,-3.800553321838379
V,W,211,8.30964,-8.30964,8.389375000000001,False,-1.1250886917114258
F,E,229,8.31921,-8.31921,7.899500000000001,False,-6.764705657958984
K,C,177,8.32216,-8.32216,8.607272727272727,False,-5.706229209899902
W,S,97,8.32557,-8.32557,5.192083333333334,False,-4.575671195983887
I,W,168,8.33477,-8.33477,6.565789473684212,False,-2.1031575202941895
S,A,141,8.33534,-8.33534,12.931818181818185,True,-0.412158727645874
S,G,169,8.33873,-8.33873,5.231818181818181,False,-0.5729269981384277
S,P,269,8.36771,-8.36771,7.75,False,-3.5345587730407715
S,L,141,8.37037,-8.37037,12.931818181818185,True,-2.8237671852111816
L,G,167,8.39696,-8.39696,7.7584210526315776,False,-7.840672016143799
V,P,156,8.39971,-8.39971,4.883125,False,-6.851100921630859
K,D,177,8.42069,-8.42069,8.607272727272727,False,-4.758423328399658
N,P,205,8.42231,-8.42231,11.137857142857143,True,-3.221472978591919
R,N,267,8.44718,-8.44718,7.336666666666666,False,-3.663262367248535
P,C,181,8.45035,-8.45035,5.230714285714285,False,-5.0209197998046875
A,I,74,8.45322,-8.45322,10.844999999999999,True,-2.318316698074341
R,A,59,8.49397,-8.49397,11.477500000000001,True,1.8041024208068848
Y,I,32,8.49641,-8.49641,9.518095238095238,False,-0.7795693874359131
D,H,283,8.53989,-8.53989,8.464999999999998,False,-2.7182559967041016
I,K,208,8.55133,-8.55133,9.464210526315789,False,-5.747743606567383
D,P,283,8.56909,-8.56909,8.464999999999998,False,-0.7782876491546631
S,K,141,8.57143,-8.57143,12.931818181818185,True,-3.3896939754486084
L,M,176,8.5725,-8.5725,5.845263157894737,False,-2.292262077331543
L,I,167,8.5935,-8.5935,7.7584210526315776,False,-1.3593926429748535
Y,M,32,8.62012,-8.62012,9.518095238095238,False,-1.821282148361206
N,P,114,8.62028,-8.62028,8.296428571428573,False,-2.6046743392944336
N,M,246,8.63016,-8.63016,8.882142857142858,False,-2.119663715362549
P,V,31,8.6358,-8.6358,12.475714285714286,True,-2.597588539123535
S,H,92,8.64646,-8.64646,7.476363636363637,False,-4.358609199523926
N,G,114,8.66247,-8.66247,8.296428571428573,False,-1.9723052978515625
L,G,176,8.67276,-8.67276,5.845263157894737,False,-7.350977420806885
Q,N,247,8.6848,-8.6848,9.353529411764706,False,0.026822566986083984
F,P,271,8.68593,-8.68593,8.346,False,-5.075516700744629
A,S,215,8.69564,-8.69564,7.140000000000001,False,-0.9229145050048828
A,K,82,8.69589,-8.69589,4.566,False,-10.614295959472656
P,S,31,8.69998,-8.69998,12.475714285714286,True,-0.8796073198318481
P,K,31,8.71527,-8.71527,12.475714285714286,True,-3.09611177444458
D,H,118,8.71642,-8.71642,6.635833333333334,False,-6.158195972442627
P,Q,181,8.74913,-8.74913,5.230714285714285,False,-5.466620445251465
S,E,46,8.75441,-8.75441,8.976363636363637,False,-2.4037349224090576
P,R,210,8.80536,-8.80536,9.91,True,-2.403453826904297
I,V,250,8.80697,-8.80697,6.0668421052631585,False,0.15963459014892578
V,P,194,8.80909,-8.80909,8.405000000000001,False,-5.305173873901367
T,R,77,8.82436,-8.82436,8.299285714285714,False,-0.43965816497802734
M,L,262,8.82803,-8.82803,6.120588235294118,False,4.78968620300293
P,G,210,8.83061,-8.83061,9.91,True,-1.7918498516082764
G,N,86,8.85786,-8.85786,5.975714285714287,False,-8.18835163116455
A,C,33,8.8591,-8.8591,8.857999999999999,False,-6.435673713684082
Q,E,119,8.87715,-8.87715,10.140588235294118,True,-2.1951286792755127
L,P,230,8.93252,-8.93252,7.260526315789474,False,-7.209049224853516
Y,F,32,8.94112,-8.94112,9.518095238095238,False,0.01830887794494629
V,F,108,8.96142,-8.96142,5.959375,False,-8.077459335327148
P,I,31,8.98231,-8.98231,12.475714285714286,True,-3.088329315185547
G,P,165,8.98235,-8.98235,5.552857142857143,False,-7.659448146820068
I,D,250,8.98462,-8.98462,6.0668421052631585,False,-3.363551616668701
A,W,178,8.99484,-8.99484,5.752,False,-8.285090446472168
Q,D,247,8.99753,-8.99753,9.353529411764706,False,0.2617809772491455
I,K,168,9.0201,-9.0201,6.565789473684212,False,-2.1800026893615723
L,C,176,9.02396,-9.02396,5.845263157894737,False,-6.730374813079834
R,L,90,9.03297,-9.03297,13.28625,True,2.444486141204834
P,W,49,9.07808,-9.07808,9.084999999999999,False,-7.435089111328125
N,K,30,9.09044,-9.09044,11.533571428571426,True,-1.8575868606567383
A,P,215,9.10501,-9.10501,7.140000000000001,False,-4.33040714263916
C,H,273,9.11023,-9.11023,7.561,False,-7.822667121887207
M,W,154,9.11856,-9.11856,5.995882352941176,False,-3.2167305946350098
D,N,265,9.12846,-9.12846,6.410833333333334,False,-4.361004829406738
P,V,276,9.14055,-9.14055,11.277142857142858,True,-0.843888521194458
A,K,215,9.14598,-9.14598,7.140000000000001,False,-4.4188947677612305
Q,F,91,9.15503,-9.15503,5.954705882352941,False,-5.013078212738037
S,P,236,9.17681,-9.17681,8.869090909090911,False,-2.7160897254943848
R,L,267,9.19957,-9.19957,7.336666666666666,False,-4.061620712280273
V,N,107,9.20066,-9.20066,6.39375,False,-9.323484420776367
K,Q,177,9.21277,-9.21277,8.607272727272727,False,-2.858614921569824
I,C,109,9.22456,-9.22456,5.930526315789472,False,-6.6914567947387695
N,C,30,9.23294,-9.23294,11.533571428571426,True,-4.2063069343566895
F,W,229,9.24478,-9.24478,7.899500000000001,False,-2.537386417388916
G,N,158,9.24904,-9.24904,4.458571428571429,False,-10.691463470458984
S,H,236,9.25879,-9.25879,8.869090909090911,False,-2.6838645935058594
S,M,46,9.27598,-9.27598,8.976363636363637,False,-3.644078254699707
Y,G,32,9.27894,-9.27894,9.518095238095238,False,-0.6120426654815674
M,N,262,9.3024,-9.3024,6.120588235294118,False,-3.1754493713378906
D,V,112,9.30547,-9.30547,5.531666666666666,False,-6.220757484436035
Q,H,247,9.30746,-9.30746,9.353529411764706,False,-2.1534159183502197
P,W,31,9.31278,-9.31278,12.475714285714286,True,-4.592913627624512
I,W,94,9.36118,-9.36118,5.445789473684211,False,-3.528125762939453
D,Q,112,9.36635,-9.36635,5.531666666666666,False,-3.2201502323150635
Y,H,32,9.36741,-9.36741,9.518095238095238,False,-1.546900987625122
T,N,116,9.37426,-9.37426,7.212857142857144,False,-0.9699369668960571
T,W,266,9.40255,-9.40255,7.875000000000001,False,-4.871665000915527
R,C,267,9.43293,-9.43293,7.336666666666666,False,-7.139340400695801
W,G,97,9.47129,-9.47129,5.192083333333334,False,-5.156093597412109
G,T,75,9.50942,-9.50942,12.828571428571427,True,2.187866687774658
S,G,92,9.51344,-9.51344,7.476363636363637,False,-1.5855858325958252
R,H,59,9.51619,-9.51619,11.477500000000001,True,-1.5051851272583008
D,A,283,9.52513,-9.52513,8.464999999999998,False,-0.2813706398010254
N,I,30,9.53761,-9.53761,11.533571428571426,True,-1.8930182456970215
K,E,95,9.54137,-9.54137,12.269545454545453,True,-0.988271951675415
T,L,116,9.56324,-9.56324,7.212857142857144,False,-2.1546273231506348
I,G,168,9.57194,-9.57194,6.565789473684212,False,-2.909360885620117
T,G,39,9.57639,-9.57639,10.128571428571428,True,-1.5077779293060303
I,W,250,9.59325,-9.59325,6.0668421052631585,False,-1.858441948890686
M,E,262,9.60346,-9.60346,6.120588235294118,False,-4.215716361999512
S,V,46,9.61321,-9.61321,8.976363636363637,False,-2.57468318939209
A,V,178,9.65958,-9.65958,5.752,False,-2.4313321113586426
T,A,113,9.69211,-9.69211,6.340000000000001,False,-2.233717679977417
D,W,118,9.72555,-9.72555,6.635833333333334,False,-4.832769393920898
E,V,274,9.72705,-9.72705,8.980666666666666,False,-0.12617754936218262
I,D,109,9.73393,-9.73393,5.930526315789472,False,-10.647453308105469
I,E,145,9.73748,-9.73748,8.843684210526314,False,-4.19715690612793
S,W,46,9.77991,-9.77991,8.976363636363637,False,-4.865197658538818
P,V,71,9.78464,-9.78464,7.3478571428571415,False,-9.524765014648438
V,T,134,9.8055,-9.8055,7.569375,False,-4.239357948303223
T,G,113,9.82005,-9.82005,6.340000000000001,False,-5.025333404541016
K,I,177,9.84163,-9.84163,8.607272727272727,False,-2.8414306640625
T,D,29,9.84251,-9.84251,29.900769230769235,True,-0.32920265197753906
I,E,168,9.87575,-9.87575,6.565789473684212,False,-2.583064079284668
P,E,120,9.91817,-9.91817,6.895714285714286,False,-5.476580619812012
N,H,30,9.92225,-9.92225,11.533571428571426,True,-2.621213436126709
R,C,59,9.93039,-9.93039,11.477500000000001,True,-2.1060876846313477
L,M,167,9.93103,-9.93103,7.7584210526315776,False,-2.9516983032226562
N,Q,190,9.95266,-9.95266,12.629285714285714,True,-1.5529999732971191
I,P,109,9.95301,-9.95301,5.930526315789472,False,-10.080793380737305
I,F,250,9.97741,-9.97741,6.0668421052631585,False,-1.5112954378128052
N,A,30,10.0113,-10.0113,11.533571428571426,True,0.12307071685791016
S,E,142,10.03,-10.03,14.110909090909091,True,-3.9514060020446777
L,C,167,10.0384,-10.0384,7.7584210526315776,False,-8.056770324707031
M,P,262,10.0565,-10.0565,6.120588235294118,False,-5.274559020996094
T,F,39,10.0719,-10.0719,10.128571428571428,True,-1.4865210056304932
Y,N,32,10.081,-10.081,9.518095238095238,False,0.48906755447387695
T,K,77,10.1491,-10.1491,8.299285714285714,False,0.26333415508270264
A,H,82,10.1575,-10.1575,4.566,False,-8.136423110961914
N,E,233,10.2056,-10.2056,11.019999999999998,True,-0.931490421295166
C,Q,273,10.2122,-10.2122,7.561,False,-6.303363800048828
V,M,211,10.2329,-10.2329,8.389375000000001,False,-2.5809366703033447
V,N,108,10.2418,-10.2418,5.959375,False,-9.439468383789062
A,I,215,10.2429,-10.2429,7.140000000000001,False,-0.7639617919921875
I,G,109,10.2759,-10.2759,5.930526315789472,False,-7.156674385070801
P,L,31,10.306,-10.306,12.475714285714286,True,-2.425619125366211
R,I,59,10.3134,-10.3134,11.477500000000001,True,1.1933834552764893
G,V,79,10.3211,-10.3211,5.412857142857143,False,-6.982012748718262
A,D,215,10.3272,-10.3272,7.140000000000001,False,-4.377707481384277
S,V,54,10.3363,-10.3363,9.982727272727272,True,-4.164213180541992
N,D,30,10.339,-10.339,11.533571428571426,True,-0.12901878356933594
P,S,174,10.3744,-10.3744,8.120000000000001,False,-0.41318583488464355
T,V,266,10.3763,-10.3763,7.875000000000001,False,-1.5308465957641602
S,H,93,10.4139,-10.4139,6.006363636363636,False,-2.1545000076293945
I,Q,94,10.424,-10.424,5.445789473684211,False,-1.3047308921813965
M,F,262,10.4424,-10.4424,6.120588235294118,False,1.7279605865478516
Y,L,32,10.4449,-10.4449,9.518095238095238,False,0.2683436870574951
F,D,191,10.4561,-10.4561,9.012999999999998,False,-5.055879592895508
C,F,273,10.4718,-10.4718,7.561,False,-6.428284645080566
Y,P,32,10.4875,-10.4875,9.518095238095238,False,-1.4046132564544678
S,I,192,10.4963,-10.4963,11.138181818181819,True,-6.039850234985352
T,N,39,10.5166,-10.5166,10.128571428571428,True,-1.2060065269470215
P,E,49,10.5208,-10.5208,9.084999999999999,False,-3.9325857162475586
N,G,233,10.5337,-10.5337,11.019999999999998,True,-0.22382736206054688
S,I,236,10.5393,-10.5393,8.869090909090911,False,-2.5089144706726074
W,I,96,10.5466,-10.5466,5.797083333333333,False,-4.28790283203125
N,W,212,10.5552,-10.5552,11.783571428571431,True,-2.602173089981079
N,Q,212,10.5669,-10.5669,11.783571428571431,True,0.04114270210266113
T,K,113,10.5749,-10.5749,6.340000000000001,False,-8.092157363891602
A,C,215,10.5794,-10.5794,7.140000000000001,False,-4.715095520019531
Q,S,247,10.584,-10.584,9.353529411764706,False,0.3746311664581299
P,H,31,10.6551,-10.6551,12.475714285714286,True,-3.7672319412231445
N,R,30,10.6797,-10.6797,11.533571428571426,True,-2.0661211013793945
S,W,169,10.6862,-10.6862,5.231818181818181,False,-2.8897194862365723
S,P,142,10.6915,-10.6915,14.110909090909091,True,-3.2589111328125
S,W,192,10.698,-10.698,11.138181818181819,True,-5.690176010131836
S,V,193,10.6988,-10.6988,14.020000000000003,True,-3.677539348602295
Y,A,32,10.7203,-10.7203,9.518095238095238,False,0.3752286434173584
V,C,194,10.7863,-10.7863,8.405000000000001,False,-6.48811149597168
T,I,195,10.7866,-10.7866,9.130714285714285,False,-4.240457534790039
P,G,31,10.7935,-10.7935,12.475714285714286,True,-2.1128973960876465
Q,I,247,10.7946,-10.7946,9.353529411764706,False,-1.4163029193878174
S,F,93,10.8041,-10.8041,6.006363636363636,False,-0.9961824417114258
S,C,141,10.8141,-10.8141,12.931818181818185,True,-7.593334197998047
T,K,189,10.8284,-10.8284,11.485714285714282,True,-1.569908618927002
Q,I,119,10.8596,-10.8596,10.140588235294118,True,-1.6450235843658447
T,S,29,10.9078,-10.9078,29.900769230769235,True,0.06725454330444336
R,G,90,10.9143,-10.9143,13.28625,True,2.9606268405914307
L,I,176,10.9248,-10.9248,5.845263157894737,False,1.7290940284729004
R,F,34,10.9532,-10.9532,8.38,False,-2.152984142303467
T,G,77,11.0413,-11.0413,8.299285714285714,False,-1.516219139099121
M,H,262,11.1328,-11.1328,6.120588235294118,False,-4.185135841369629
Y,N,268,11.1395,-11.1395,6.649523809523809,False,-6.779473304748535
M,Q,262,11.1662,-11.1662,6.120588235294118,False,-3.352670669555664
A,C,170,11.2162,-11.2162,6.164,False,-6.758262634277344
M,V,161,11.2938,-11.2938,7.67529411764706,False,-6.980593681335449
P,E,31,11.3385,-11.3385,12.475714285714286,True,-1.7283965349197388
R,I,90,11.3523,-11.3523,13.28625,True,1.6197938919067383
R,C,90,11.3529,-11.3529,13.28625,True,0.6174044609069824
E,H,292,11.3555,-11.3555,47.50133333333334,True,-0.75150465965271
T,C,116,11.3701,-11.3701,7.212857142857144,False,-4.756167411804199
P,M,31,11.3713,-11.3713,12.475714285714286,True,-4.48537015914917
F,Q,191,11.3767,-11.3767,9.012999999999998,False,-3.694129705429077
T,C,189,11.4036,-11.4036,11.485714285714282,True,-4.76874303817749
C,V,239,11.4175,-11.4175,6.315,False,-1.7333136796951294
L,P,176,11.4276,-11.4276,5.845263157894737,False,-5.536487102508545
T,M,116,11.4588,-11.4588,7.212857142857144,False,-4.610112190246582
T,W,29,11.515,-11.515,29.900769230769235,True,-2.264439582824707
P,G,49,11.5182,-11.5182,9.084999999999999,False,-2.898165225982666
I,N,109,11.5212,-11.5212,5.930526315789472,False,-9.431879997253418
V,T,68,11.5376,-11.5376,6.86875,False,-4.633563041687012
Y,K,32,11.5702,-11.5702,9.518095238095238,False,-1.2549164295196533
N,S,30,11.5745,-11.5745,11.533571428571426,True,0.39947450160980225
G,M,35,11.6492,-11.6492,8.667142857142858,False,-10.227529525756836
R,E,34,11.6752,-11.6752,8.38,False,-1.3748655319213867
Q,T,247,11.6851,-11.6851,9.353529411764706,False,-0.3033146858215332
G,F,243,11.7084,-11.7084,7.711428571428572,False,-3.3186707496643066
T,I,116,11.7127,-11.7127,7.212857142857144,False,-2.0031466484069824
A,F,82,11.7292,-11.7292,4.566,False,-4.835803031921387
I,N,250,11.7581,-11.7581,6.0668421052631585,False,-2.816720485687256
A,V,82,11.7626,-11.7626,4.566,False,-1.4537630081176758
Y,D,32,11.7666,-11.7666,9.518095238095238,False,0.4332444667816162
T,I,113,11.7693,-11.7693,6.340000000000001,False,-3.7678818702697754
T,G,116,11.7981,-11.7981,7.212857142857144,False,-2.194758415222168
R,H,267,11.8068,-11.8068,7.336666666666666,False,-5.06233024597168
A,H,215,11.8856,-11.8856,7.140000000000001,False,-4.381431579589844
A,Q,82,11.9805,-11.9805,4.566,False,-6.838286399841309
D,R,118,11.9962,-11.9962,6.635833333333334,False,-6.5604329109191895
P,F,31,12.0056,-12.0056,12.475714285714286,True,-2.9002537727355957
Q,R,119,12.0107,-12.0107,10.140588235294118,True,-1.8425548076629639
N,V,233,12.038,-12.038,11.019999999999998,True,-0.7671351432800293
M,E,161,12.0886,-12.0886,7.67529411764706,False,-8.319226264953613
N,E,138,12.1117,-12.1117,9.64642857142857,False,-6.426701068878174
N,F,30,12.1157,-12.1157,11.533571428571426,True,-2.0716023445129395
S,P,92,12.1166,-12.1166,7.476363636363637,False,-3.6012556552886963
Q,W,91,12.1383,-12.1383,5.954705882352941,False,-5.788352966308594
M,W,161,12.1601,-12.1601,7.67529411764706,False,-9.37692642211914
T,K,116,12.2669,-12.2669,7.212857142857144,False,-2.295177936553955
S,W,54,12.4034,-12.4034,9.982727272727272,True,-6.781666278839111
S,E,236,12.4201,-12.4201,8.869090909090911,False,-1.5926330089569092
Q,P,91,12.4307,-12.4307,5.954705882352941,False,-0.8283122777938843
A,Q,215,12.4577,-12.4577,7.140000000000001,False,-2.861621141433716
W,E,96,12.4689,-12.4689,5.797083333333333,False,-3.3255114555358887
S,G,192,12.4898,-12.4898,11.138181818181819,True,-1.355329990386963
V,F,194,12.5035,-12.5035,8.405000000000001,False,-2.8797316551208496
R,D,90,12.5337,-12.5337,13.28625,True,3.3350884914398193
R,N,90,12.5581,-12.5581,13.28625,True,4.174849510192871
S,H,141,12.5849,-12.5849,12.931818181818185,True,-5.306493759155273
Q,L,247,12.5926,-12.5926,9.353529411764706,False,-0.9203569889068604
C,H,239,12.6013,-12.6013,6.315,False,-5.010681629180908
T,D,189,12.652,-12.652,11.485714285714282,True,-1.5691843032836914
N,A,173,12.685,-12.685,6.300714285714286,False,-2.0774991512298584
N,F,190,12.6959,-12.6959,12.629285714285714,True,-3.1505541801452637
P,W,210,12.7152,-12.7152,9.91,True,-6.059521675109863
I,G,208,12.7724,-12.7724,9.464210526315789,False,-3.866295576095581
V,G,156,12.7832,-12.7832,4.883125,False,-4.540387153625488
S,E,92,12.7983,-12.7983,7.476363636363637,False,-0.5032474994659424
W,F,97,12.8507,-12.8507,5.192083333333334,False,-2.348815441131592
T,H,77,12.9007,-12.9007,8.299285714285714,False,-2.433040142059326
L,K,176,12.9582,-12.9582,5.845263157894737,False,-9.398614883422852
E,V,292,12.9804,-12.9804,47.50133333333334,True,0.9927089214324951
N,T,30,13.0227,-13.0227,11.533571428571426,True,-0.11210823059082031
R,K,90,13.0442,-13.0442,13.28625,True,0.5047383308410645
T,L,77,13.0889,-13.0889,8.299285714285714,False,-1.9838495254516602
N,R,173,13.1076,-13.1076,6.300714285714286,False,-2.6669795513153076
F,V,229,13.1534,-13.1534,7.899500000000001,False,-3.51438570022583
L,P,167,13.1632,-13.1632,7.7584210526315776,False,-8.260480880737305
N,M,241,13.1843,-13.1843,5.879285714285715,False,0.4163191318511963
Q,M,247,13.2159,-13.2159,9.353529411764706,False,-1.7556536197662354
M,D,262,13.3202,-13.3202,6.120588235294118,False,-4.794489860534668
A,V,180,13.3314,-13.3314,4.927999999999999,False,1.7767114639282227
A,R,170,13.3584,-13.3584,6.164,False,-9.850614547729492
P,F,181,13.3683,-13.3683,5.230714285714285,False,-5.187586784362793
G,H,75,13.3727,-13.3727,12.828571428571427,True,-2.0179295539855957
P,F,276,13.3876,-13.3876,11.277142857142858,True,-1.3527624607086182
G,E,105,13.411,-13.411,5.915714285714286,False,-8.577371597290039
S,W,92,13.4313,-13.4313,7.476363636363637,False,-5.752843856811523
P,Y,31,13.4392,-13.4392,12.475714285714286,True,-2.74361515045166
T,Q,266,13.4782,-13.4782,7.875000000000001,False,-0.9707784652709961
T,Y,29,13.5079,-13.5079,29.900769230769235,True,-1.2622218132019043
N,E,205,13.5918,-13.5918,11.137857142857143,True,-3.6597530841827393
S,Q,121,13.596,-13.596,8.833636363636364,False,-1.0409027338027954
S,E,192,13.6157,-13.6157,11.138181818181819,True,-4.430384159088135
P,T,174,13.6299,-13.6299,8.120000000000001,False,-1.1854140758514404
D,G,265,13.6343,-13.6343,6.410833333333334,False,-6.683536529541016
I,H,109,13.7409,-13.7409,5.930526315789472,False,-8.947410583496094
V,W,156,13.7729,-13.7729,4.883125,False,-7.532891273498535
P,V,85,13.8651,-13.8651,6.042857142857143,False,-8.93239974975586
W,P,96,13.9002,-13.9002,5.797083333333333,False,-4.637991428375244
S,P,141,13.9185,-13.9185,12.931818181818185,True,-1.6930038928985596
P,C,31,14.0054,-14.0054,12.475714285714286,True,-4.991053581237793
S,R,175,14.0317,-14.0317,8.31,False,-1.1250605583190918
S,F,46,14.0598,-14.0598,8.976363636363637,False,-3.152320384979248
S,P,192,14.0752,-14.0752,11.138181818181819,True,-3.6387405395507812
T,C,113,14.0897,-14.0897,6.340000000000001,False,-6.668414115905762
K,R,95,14.0936,-14.0936,12.269545454545453,True,-0.6378564834594727
T,I,77,14.1041,-14.1041,8.299285714285714,False,-3.3375296592712402
G,W,105,14.1634,-14.1634,5.915714285714286,False,-12.18883991241455
P,D,31,14.2462,-14.2462,12.475714285714286,True,-0.8820172548294067
A,N,170,14.3052,-14.3052,6.164,False,-6.708907127380371
T,C,77,14.324,-14.324,8.299285714285714,False,-5.540103912353516
T,D,116,14.3425,-14.3425,7.212857142857144,False,-2.4766597747802734
D,V,265,14.3884,-14.3884,6.410833333333334,False,-7.788647174835205
N,W,233,14.4032,-14.4032,11.019999999999998,True,-2.6161274909973145
N,V,30,14.4758,-14.4758,11.533571428571426,True,-1.5810270309448242
D,V,118,14.4815,-14.4815,6.635833333333334,False,-6.322562217712402
T,N,77,14.5132,-14.5132,8.299285714285714,False,-0.49481749534606934
N,G,30,14.5798,-14.5798,11.533571428571426,True,-0.38275909423828125
S,W,124,14.6029,-14.6029,5.309090909090909,False,-6.250609874725342
L,D,167,14.6371,-14.6371,7.7584210526315776,False,-8.236837387084961
S,P,93,14.6562,-14.6562,6.006363636363636,False,-4.118962287902832
G,D,243,14.6752,-14.6752,7.711428571428572,False,-1.0001674890518188
Q,C,247,14.6879,-14.6879,9.353529411764706,False,-1.6750586032867432
I,R,168,14.7567,-14.7567,6.565789473684212,False,-0.37255871295928955
L,D,176,14.9813,-14.9813,5.845263157894737,False,-7.554006099700928
R,P,90,15.0143,-15.0143,13.28625,True,4.14346981048584
G,Q,105,15.0205,-15.0205,5.915714285714286,False,-9.304288864135742
S,T,175,15.0473,-15.0473,8.31,False,-0.6807615756988525
R,G,59,15.0728,-15.0728,11.477500000000001,True,2.2309203147888184
A,W,226,15.103,-15.103,7.148000000000001,False,-2.8858017921447754
K,W,95,15.2037,-15.2037,12.269545454545453,True,-4.5851850509643555
A,V,215,15.2179,-15.2179,7.140000000000001,False,0.1340031623840332
Q,G,247,15.2392,-15.2392,9.353529411764706,False,0.7655136585235596
T,G,195,15.2737,-15.2737,9.130714285714285,False,-3.229477643966675
V,E,156,15.4024,-15.4024,4.883125,False,-5.705451488494873
L,K,167,15.5175,-15.5175,7.7584210526315776,False,-8.264238357543945
A,W,82,15.5625,-15.5625,4.566,False,-8.27966022491455
A,S,33,15.5693,-15.5693,8.857999999999999,False,-0.2534916400909424
P,M,276,15.5958,-15.5958,11.277142857142858,True,-2.512558698654175
T,H,116,15.5995,-15.5995,7.212857142857144,False,-2.875290870666504
D,E,283,15.6214,-15.6214,8.464999999999998,False,-1.0557103157043457
S,M,175,15.728,-15.728,8.31,False,-1.1563563346862793
Q,V,119,15.948,-15.948,10.140588235294118,True,-1.6002113819122314
S,W,236,15.9993,-15.9993,8.869090909090911,False,-4.711784362792969
T,N,113,16.1379,-16.1379,6.340000000000001,False,-3.0378928184509277
T,P,195,16.2541,-16.2541,9.130714285714285,False,-4.678520202636719
R,S,59,16.2787,-16.2787,11.477500000000001,True,2.276648998260498
D,Q,283,16.2821,-16.2821,8.464999999999998,False,-1.0886173248291016
D,I,283,16.305,-16.305,8.464999999999998,False,-1.8296842575073242
I,V,94,16.3778,-16.3778,5.445789473684211,False,-0.5978727340698242
P,D,181,16.5284,-16.5284,5.230714285714285,False,-7.461583137512207
N,V,212,16.5294,-16.5294,11.783571428571431,True,-1.3429110050201416
S,D,93,16.6659,-16.6659,6.006363636363636,False,2.017317771911621
L,H,167,16.8475,-16.8475,7.7584210526315776,False,-6.395233631134033
R,T,59,16.8557,-16.8557,11.477500000000001,True,2.5079116821289062
N,D,190,16.8767,-16.8767,12.629285714285714,True,1.0038055181503296
A,W,215,16.9295,-16.9295,7.140000000000001,False,-2.6640069484710693
L,H,176,17.0772,-17.0772,5.845263157894737,False,-7.917151927947998
S,E,122,17.1239,-17.1239,7.173636363636365,False,-2.3090901374816895
T,P,113,17.1505,-17.1505,6.340000000000001,False,-3.213414192199707
S,K,175,17.1808,-17.1808,8.31,False,-1.385908603668213
T,D,77,17.2892,-17.2892,8.299285714285714,False,-2.2513418197631836
P,M,174,17.3965,-17.3965,8.120000000000001,False,-5.750190258026123
P,V,49,17.4222,-17.4222,9.084999999999999,False,-4.937531471252441
S,W,121,17.4306,-17.4306,8.833636363636364,False,-4.611942291259766
K,G,177,17.5303,-17.5303,8.607272727272727,False,-4.79692268371582
P,L,174,17.5374,-17.5374,8.120000000000001,False,-3.6759047508239746
R,H,90,17.5576,-17.5576,13.28625,True,0.907477855682373
K,V,95,17.5849,-17.5849,12.269545454545453,True,-1.5842552185058594
N,M,173,17.6436,-17.6436,6.300714285714286,False,-2.4043567180633545
S,L,175,17.6774,-17.6774,8.31,False,0.8510425090789795
G,N,75,17.7481,-17.7481,12.828571428571427,True,1.3742258548736572
T,F,116,17.8282,-17.8282,7.212857142857144,False,-2.0487794876098633
I,W,145,17.9611,-17.9611,8.843684210526314,False,-2.491093635559082
T,H,189,17.9857,-17.9857,11.485714285714282,True,-2.3379907608032227
F,W,191,18.2098,-18.2098,9.012999999999998,False,0.306276798248291
T,H,113,18.2394,-18.2394,6.340000000000001,False,-5.6084303855896
P,W,120,18.2863,-18.2863,6.895714285714286,False,-6.5068817138671875
Q,W,119,18.4133,-18.4133,10.140588235294118,True,-0.3511843681335449
S,V,192,18.4592,-18.4592,11.138181818181819,True,-4.805689811706543
G,V,105,18.556,-18.556,5.915714285714286,False,-12.229440689086914
K,R,177,18.5675,-18.5675,8.607272727272727,False,-0.4297819137573242
S,W,142,18.6683,-18.6683,14.110909090909091,True,-6.286782264709473
T,P,77,18.6994,-18.6994,8.299285714285714,False,0.5721427202224731
V,T,211,18.7687,-18.7687,8.389375000000001,False,-0.39951562881469727
T,P,189,18.7759,-18.7759,11.485714285714282,True,-0.9660458564758301
P,C,174,18.8136,-18.8136,8.120000000000001,False,-7.5565571784973145
V,D,194,18.8295,-18.8295,8.405000000000001,False,-6.121769905090332
I,E,208,18.9128,-18.9128,9.464210526315789,False,-4.351173400878906
A,E,226,18.9288,-18.9288,7.148000000000001,False,0.7075517177581787
N,W,30,18.9582,-18.9582,11.533571428571426,True,-3.9494729042053223
P,V,120,18.9724,-18.9724,6.895714285714286,False,-2.2281525135040283
M,V,262,18.9814,-18.9814,6.120588235294118,False,3.045123338699341
T,V,189,18.9897,-18.9897,11.485714285714282,True,-0.004036903381347656
S,N,175,19.0187,-19.0187,8.31,False,-0.37668323516845703
C,W,273,19.0788,-19.0788,7.561,False,-7.832803726196289
D,W,265,19.0992,-19.0992,6.410833333333334,False,-11.458525657653809
N,Y,30,19.1097,-19.1097,11.533571428571426,True,-1.8815808296203613
F,G,191,19.2034,-19.2034,9.012999999999998,False,-4.177577018737793
S,G,175,19.2231,-19.2231,8.31,False,-0.19777655601501465
N,W,205,19.2822,-19.2822,11.137857142857143,True,-5.157284736633301
S,D,141,19.4132,-19.4132,12.931818181818185,True,-2.8141098022460938
R,D,267,19.5329,-19.5329,7.336666666666666,False,-4.950292110443115
S,W,122,19.5987,-19.5987,7.173636363636365,False,-5.489414691925049
P,V,210,19.8102,-19.8102,9.91,True,-4.247230529785156
A,V,240,19.9146,-19.9146,5.798,False,-1.153839111328125
N,W,190,20.0352,-20.0352,12.629285714285714,True,-3.960367202758789
P,A,31,20.2378,-20.2378,12.475714285714286,True,-1.0884264707565308
S,I,175,20.277,-20.277,8.31,False,-1.254643440246582
N,V,138,20.3013,-20.3013,9.64642857142857,False,-6.968629360198975
A,S,170,20.4752,-20.4752,6.164,False,-2.572188377380371
T,E,116,20.5236,-20.5236,7.212857142857144,False,-3.8415579795837402
I,V,168,20.5662,-20.5662,6.565789473684212,False,-0.43972456455230713
N,V,205,20.5716,-20.5716,11.137857142857143,True,-3.0025923252105713
R,F,267,20.601,-20.601,7.336666666666666,False,-5.69215202331543
Q,F,247,20.6227,-20.6227,9.353529411764706,False,-1.2777650356292725
W,V,96,20.6679,-20.6679,5.797083333333333,False,-3.968573570251465
S,D,214,20.734,-20.734,8.867272727272727,False,-1.5008506774902344
T,P,116,20.769,-20.769,7.212857142857144,False,-2.3592429161071777
D,G,283,20.8147,-20.8147,8.464999999999998,False,0.1178584098815918
T,W,189,20.8167,-20.8167,11.485714285714282,True,-2.504204273223877
N,S,173,20.8486,-20.8486,6.300714285714286,False,-1.0885300636291504
N,W,138,20.8751,-20.8751,9.64642857142857,False,-9.649087905883789
R,P,267,21.019,-21.019,7.336666666666666,False,-6.778257846832275
Q,E,247,21.0296,-21.0296,9.353529411764706,False,-0.20557951927185059
P,M,38,21.0444,-21.0444,8.874285714285714,False,-2.3624773025512695
I,V,145,21.058,-21.058,8.843684210526314,False,-0.9167512655258179
I,W,208,21.1096,-21.1096,9.464210526315789,False,-4.285367965698242
P,K,174,21.156,-21.156,8.120000000000001,False,-3.303628444671631
I,Q,109,21.1802,-21.1802,5.930526315789472,False,-8.60843563079834
S,D,175,21.2092,-21.2092,8.31,False,0.916964054107666
G,V,251,21.3072,-21.3072,5.614285714285714,False,-2.5515716075897217
T,V,39,21.3154,-21.3154,10.128571428571428,True,-0.09339034557342529
T,W,116,21.3299,-21.3299,7.212857142857144,False,-4.280633449554443
S,F,214,21.677,-21.677,8.867272727272727,False,-0.8182353973388672
Q,V,247,21.7335,-21.7335,9.353529411764706,False,-0.9237191677093506
Q,V,91,21.7728,-21.7728,5.954705882352941,False,-3.6933341026306152
P,G,174,21.8202,-21.8202,8.120000000000001,False,-2.9379868507385254
S,W,141,21.8911,-21.8911,12.931818181818185,True,-6.291814804077148
G,V,243,22.0078,-22.0078,7.711428571428572,False,-1.8889504671096802
T,E,195,22.1225,-22.1225,9.130714285714285,False,-3.098741292953491
S,W,93,22.3035,-22.3035,6.006363636363636,False,-2.0342345237731934
A,T,170,22.3797,-22.3797,6.164,False,-2.355764865875244
V,T,156,22.5663,-22.5663,4.883125,False,-1.2945034503936768
A,V,226,23.1519,-23.1519,7.148000000000001,False,-0.06347870826721191
N,T,173,23.2087,-23.2087,6.300714285714286,False,-1.2533464431762695
S,C,175,23.2272,-23.2272,8.31,False,-5.349952220916748
T,M,39,23.537,-23.537,10.128571428571428,True,-2.7854292392730713
R,V,267,23.5904,-23.5904,7.336666666666666,False,-5.4761271476745605
R,L,59,23.6176,-23.6176,11.477500000000001,True,1.6592068672180176
T,F,189,23.63,-23.63,11.485714285714282,True,-1.620649814605713
P,N,174,23.8347,-23.8347,8.120000000000001,False,-2.5864131450653076
W,T,96,23.8757,-23.8757,5.797083333333333,False,-2.8146190643310547
Q,W,247,23.9164,-23.9164,9.353529411764706,False,-2.251784086227417
T,W,195,24.0739,-24.0739,9.130714285714285,False,-6.008425712585449
P,I,174,24.0987,-24.0987,8.120000000000001,False,-4.654831409454346
S,H,175,24.1097,-24.1097,8.31,False,-2.398153305053711
S,F,141,24.1619,-24.1619,12.931818181818185,True,-5.190150260925293
S,V,214,24.2018,-24.2018,8.867272727272727,False,-1.5432448387145996
G,W,243,24.2531,-24.2531,7.711428571428572,False,-3.8220086097717285
S,V,124,24.3068,-24.3068,5.309090909090909,False,-1.1796174049377441
C,V,273,24.4446,-24.4446,7.561,False,-6.194217681884766
P,D,174,24.5523,-24.5523,8.120000000000001,False,-3.3055577278137207
A,M,170,24.7537,-24.7537,6.164,False,-2.820652484893799
G,Y,35,24.7782,-24.7782,8.667142857142858,False,-9.296492576599121
L,F,176,24.946,-24.946,5.845263157894737,False,-1.3719229698181152
D,W,283,25.018,-25.018,8.464999999999998,False,-2.162170886993408
A,L,170,25.3088,-25.3088,6.164,False,-2.9295778274536133
R,W,267,25.4996,-25.4996,7.336666666666666,False,-5.817135810852051
L,Q,167,25.6901,-25.6901,7.7584210526315776,False,-5.322254657745361
N,K,173,25.7649,-25.7649,6.300714285714286,False,-3.9171111583709717
A,D,170,25.7704,-25.7704,6.164,False,-6.9042887687683105
S,V,122,25.9946,-25.9946,7.173636363636365,False,-1.4966274499893188
R,K,59,26.0281,-26.0281,11.477500000000001,True,-0.9368772506713867
P,W,181,26.0588,-26.0588,5.230714285714285,False,-7.642630577087402
L,E,176,26.1592,-26.1592,5.845263157894737,False,-7.5769267082214355
R,E,90,26.6066,-26.6066,13.28625,True,1.5131850242614746
P,Q,174,26.6164,-26.6164,8.120000000000001,False,-3.0741066932678223
A,E,170,26.6283,-26.6283,6.164,False,-5.620645046234131
A,K,170,27.0078,-27.0078,6.164,False,-9.179607391357422
K,W,177,27.2127,-27.2127,8.607272727272727,False,-3.3841724395751953
R,N,59,27.2299,-27.2299,11.477500000000001,True,1.2673053741455078
L,F,167,27.3313,-27.3313,7.7584210526315776,False,-3.2460222244262695
T,V,195,27.3331,-27.3331,9.130714285714285,False,-2.8157403469085693
R,D,59,27.4437,-27.4437,11.477500000000001,True,0.9932208061218262
F,V,191,27.484,-27.484,9.012999999999998,False,-0.9901819229125977
I,V,208,27.5967,-27.5967,9.464210526315789,False,0.753905713558197
K,E,177,27.6203,-27.6203,8.607272727272727,False,-4.9445271492004395
S,V,236,27.7288,-27.7288,8.869090909090911,False,-1.430894136428833
S,V,121,27.85,-27.85,8.833636363636364,False,-1.6031843423843384
P,H,174,27.9916,-27.9916,8.120000000000001,False,-4.271234035491943
S,W,214,28.0362,-28.0362,8.867272727272727,False,-1.191452980041504
S,V,92,28.1862,-28.1862,7.476363636363637,False,-4.444179534912109
R,P,59,28.2002,-28.2002,11.477500000000001,True,-0.15602779388427734
S,V,93,28.3591,-28.3591,6.006363636363636,False,0.3277449607849121
N,L,173,28.4,-28.4,6.300714285714286,False,-1.2221121788024902
A,H,170,28.8592,-28.8592,6.164,False,-8.967881202697754
P,V,181,28.938,-28.938,5.230714285714285,False,-1.969885230064392
N,C,173,28.9917,-28.9917,6.300714285714286,False,-4.748315811157227
T,F,113,28.9986,-28.9986,6.340000000000001,False,-5.243644714355469
N,P,173,29.6442,-29.6442,6.300714285714286,False,-4.413163185119629
S,P,175,29.8386,-29.8386,8.31,False,-3.5009360313415527
N,V,190,29.8937,-29.8937,12.629285714285714,True,-1.2347121238708496
T,D,113,30.0915,-30.0915,6.340000000000001,False,-5.365733623504639
V,W,194,30.2002,-30.2002,8.405000000000001,False,-5.492255687713623
A,P,170,30.4819,-30.4819,6.164,False,-6.277403354644775
R,C,34,30.5682,-30.5682,8.38,False,-5.064049243927002
N,G,173,30.655,-30.655,6.300714285714286,False,-3.074751615524292
A,I,170,31.288,-31.288,6.164,False,-2.481886386871338
V,T,194,31.4337,-31.4337,8.405000000000001,False,-2.1604390144348145
N,I,173,31.8266,-31.8266,6.300714285714286,False,-0.7598659992218018
L,W,176,32.1569,-32.1569,5.845263157894737,False,-5.81215238571167
S,E,175,32.267,-32.267,8.31,False,0.14535737037658691
N,G,37,32.3186,-32.3186,11.206428571428573,True,-3.048882484436035
R,E,59,32.3941,-32.3941,11.477500000000001,True,0.07361459732055664
N,D,173,32.4307,-32.4307,6.300714285714286,False,1.9671087265014648
L,Q,176,33.0416,-33.0416,5.845263157894737,False,-7.210714817047119
T,F,77,33.6178,-33.6178,8.299285714285714,False,-3.4841933250427246
T,V,116,33.9425,-33.9425,7.212857142857144,False,-2.0042786598205566
N,H,173,34.1417,-34.1417,6.300714285714286,False,-1.0805528163909912
K,V,177,34.3366,-34.3366,8.607272727272727,False,-1.7641619443893433
I,E,109,34.5297,-34.5297,5.930526315789472,False,-9.233189582824707
P,E,174,34.5358,-34.5358,8.120000000000001,False,-4.378288745880127
I,W,109,34.5681,-34.5681,5.930526315789472,False,-6.452990531921387
R,W,90,34.5919,-34.5919,13.28625,True,0.35802412033081055
S,W,175,34.5992,-34.5992,8.31,False,-1.6883893013000488
P,F,174,34.694,-34.694,8.120000000000001,False,-5.320950984954834
I,V,109,35.3479,-35.3479,5.930526315789472,False,-0.5025553703308105
A,Q,170,36.7623,-36.7623,6.164,False,-6.397526741027832
R,F,59,37.3565,-37.3565,11.477500000000001,True,0.6334686279296875
S,F,175,37.4393,-37.4393,8.31,False,-1.2123827934265137
R,W,59,37.6087,-37.6087,11.477500000000001,True,-1.3906488418579102
L,E,167,38.0169,-38.0169,7.7584210526315776,False,-7.251046657562256
R,F,90,38.2646,-38.2646,13.28625,True,1.9557857513427734
I,F,109,38.3704,-38.3704,5.930526315789472,False,-1.2524528503417969
R,V,59,39.3725,-39.3725,11.477500000000001,True,1.8074049949645996
P,W,174,40.028,-40.028,8.120000000000001,False,-6.316743850708008
S,V,175,40.1277,-40.1277,8.31,False,-0.7337706089019775
N,Q,173,40.7883,-40.7883,6.300714285714286,False,-2.029012441635132
T,W,113,40.8404,-40.8404,6.340000000000001,False,-6.4741950035095215
L,V,167,41.05,-41.05,7.7584210526315776,False,-3.0301132202148438
L,V,176,42.5017,-42.5017,5.845263157894737,False,1.1346111297607422
S,V,141,43.9554,-43.9554,12.931818181818185,True,-2.677605628967285
R,V,90,44.7952,-44.7952,13.28625,True,2.361781120300293
T,E,77,44.8228,-44.8228,8.299285714285714,False,-3.062727928161621
G,C,35,45.5359,-45.5359,8.667142857142858,False,-9.929622650146484
A,W,170,47.4499,-47.4499,6.164,False,-8.418120384216309
T,V,113,47.7206,-47.7206,6.340000000000001,False,-2.8652501106262207
D,V,283,47.7414,-47.7414,8.464999999999998,False,-1.0912988185882568
T,V,77,48.8421,-48.8421,8.299285714285714,False,-2.308572769165039
L,W,167,49.2088,-49.2088,7.7584210526315776,False,-5.429102897644043
A,G,170,50.9586,-50.9586,6.164,False,-3.8211374282836914
A,F,170,52.3505,-52.3505,6.164,False,-5.388387680053711
T,W,77,53.4298,-53.4298,8.299285714285714,False,-4.613731384277344
N,F,173,57.3851,-57.3851,6.300714285714286,False,-1.1425652503967285
P,V,174,60.0729,-60.0729,8.120000000000001,False,-3.9446072578430176
N,W,173,60.794,-60.794,6.300714285714286,False,-2.6814582347869873
N,E,173,61.2052,-61.2052,6.300714285714286,False,0.04343891143798828
N,V,173,75.0538,-75.0538,6.300714285714286,False,-0.2688632011413574
A,V,170,76.1527,-76.1527,6.164,False,-1.285179615020752
