wild_type,mutation_type,position_idx,max_triad_embedding_drift,mean_triad_embedding_drift,drift_flag
S;D;R;D;S,E;H;A;L;N,"121,186,280,220,124",0.21113252639770508,0.005139169283211231,False
S;D;R;D;G,E;H;A;L;Q,"121,186,280,220,243",0.2114230990409851,0.005151210818439722,False
S;D;R;D;G,E;H;A;L;L,"121,186,280,220,243",0.2114230990409851,0.0051682437770068645,False
S;D;R;D;T,E;H;A;L;E,"121,186,280,220,270",0.2114230990409851,0.005099001340568066,False
S;D;R;D;R,E;H;A;L;V,"121,186,280,220,34",0.2114230990409851,0.005099001340568066,False
S;D;R;D;G,E;H;A;L;K,"121,186,280,220,243",0.2114230990409851,0.005110317841172218,False
S;D;R;D;S,E;H;A;L;K,"121,186,280,220,124",0.21114331483840942,0.005175964906811714,False
S;D;R;D;F,E;H;A;L;E,"121,186,280,220,271",0.2114230990409851,0.005099001340568066,False
S;D;R;D;G,E;H;A;L;Q,"121,186,280,220,164",0.2213585376739502,0.010380728170275688,False
S;D;R;D;A,E;H;A;L;D,"121,186,280,220,130",0.2114230990409851,0.005099790170788765,False
S;D;R;D;W,E;H;A;L;C,"121,186,280,220,257",0.2114230990409851,0.005099316127598286,False
S;D;R;D;Q,E;H;A;L;N,"121,186,280,220,127",0.21139925718307495,0.005129422061145306,False
S;D;R;D;Q,E;H;A;L;R,"121,186,280,220,127",0.21131068468093872,0.005134299863129854,False
S;D;R;D;S,E;H;A;L;M,"121,186,280,220,238",0.3914560079574585,0.014547500759363174,False
S;D;R;D;F,E;H;A;L;M,"121,186,280,220,271",0.2114230990409851,0.005099001340568066,False
S;D;R;D;S,E;H;A;L;A,"121,186,280,220,124",0.21172010898590088,0.005117603577673435,False
S;D;R;D;G,E;H;A;L;I,"121,186,280,220,243",0.2114230990409851,0.005177199840545654,False
S;D;R;D;Q,E;H;A;L;I,"121,186,280,220,127",0.2120392918586731,0.005479450803250074,False
S;D;R;D;A,E;H;A;L;V,"121,186,280,220,65",0.2114230990409851,0.0050991009920835495,False
S;D;R;D;Q,E;H;A;L;E,"121,186,280,220,133",0.2114230990409851,0.005099001340568066,False
S;D;R;D;S,E;H;A;L;T,"121,186,280,220,124",0.2114085555076599,0.005120806861668825,False
S;D;R;D;Q,E;H;A;L;K,"121,186,280,220,127",0.2113664150238037,0.0051294732838869095,False
S;D;R;D;Q,E;H;A;L;W,"121,186,280,220,133",0.2114230990409851,0.005099001340568066,False
S;D;R;D;T,E;H;A;L;D,"121,186,280,220,88",0.2114230990409851,0.005292628891766071,False
S;D;R;D;R,E;H;A;L;N,"121,186,280,220,132",0.2114230990409851,0.005099001340568066,False
S;D;R;D;Q,E;H;A;L;D,"121,186,280,220,127",0.21142351627349854,0.005104461219161749,False
S;D;R;D;A,E;H;A;L;Y,"121,186,280,220,215",0.5168547630310059,0.01784445531666279,False
S;D;R;D;L,E;H;A;L;K,"121,186,280,220,249",0.2114230990409851,0.005099095404148102,False
S;D;R;D;R,E;H;A;L;Y,"121,186,280,220,123",0.21114730834960938,0.005267524626106024,False
S;D;R;D;F,E;H;A;L;W,"121,186,280,220,271",0.2114230990409851,0.005099001340568066,False
S;D;R;D;S,E;H;A;L;D,"121,186,280,220,58",0.2114230990409851,0.005099001340568066,False
S;D;R;D;N,E;H;A;L;I,"121,186,280,220,37",0.2114230990409851,0.005099001340568066,False
S;D;R;D;C,E;H;A;L;D,"121,186,280,220,289",0.2114230990409851,0.005099001340568066,False
S;D;R;D;A,E;H;A;L;P,"121,186,280,220,152",0.2114230990409851,0.005099001340568066,False
S;D;R;D;G,E;H;A;L;P,"121,186,280,220,243",0.2114230990409851,0.005112013313919306,False
S;D;R;D;S,E;H;A;L;E,"121,186,280,220,115",0.2114230990409851,0.005097549874335527,False
S;D;R;D;L,E;H;A;L;Q,"121,186,280,220,216",0.21096736192703247,0.005521135404706001,False
S;D;R;D;N,E;H;A;L;P,"121,186,280,220,277",0.2114230990409851,0.0050993189215660095,False
S;D;R;D;R,E;H;A;L;Q,"121,186,280,220,132",0.2114230990409851,0.005099001340568066,False
S;D;R;D;N,E;H;A;L;Y,"121,186,280,220,244",0.2114230990409851,0.005348039325326681,False
S;D;R;D;H,E;H;A;L;T,"121,186,280,220,104",0.2114230990409851,0.005099001340568066,False
S;D;R;D;S,E;H;A;L;V,"121,186,280,220,58",0.2114230990409851,0.005099001340568066,False
S;D;R;D;H,E;H;A;L;L,"121,186,280,220,104",0.2114230990409851,0.005099001340568066,False
S;D;R;D;P,E;H;A;L;Q,"121,186,280,220,38",0.2114230990409851,0.005099001340568066,False
S;D;R;D;R,E;H;A;L;L,"121,186,280,220,53",0.2114230990409851,0.005099001340568066,False
S;D;R;D;A,E;H;A;L;T,"121,186,280,220,180",0.2114230990409851,0.005167604889720678,False
S;D;R;D;P,E;H;A;L;D,"121,186,280,220,197",0.2114230990409851,0.005099113564938307,False
S;D;R;D;T,E;H;A;L;V,"121,186,280,220,198",0.2114230990409851,0.0051199947483837605,False
S;D;R;D;A,E;H;A;L;M,"121,186,280,220,135",0.2114230990409851,0.005099001340568066,False
S;D;R;D;I,E;H;A;L;L,"121,186,280,220,111",0.2114230990409851,0.005100822541862726,False
S;D;R;D;G,E;H;A;L;S,"121,186,280,220,243",0.2114230990409851,0.005105261225253344,False
S;D;R;D;Q,E;H;A;L;L,"121,186,280,220,127",0.21198636293411255,0.005413435399532318,False
S;D;R;D;Q,E;H;A;L;H,"121,186,280,220,127",0.21144551038742065,0.005105406511574984,False
S;D;R;D;W,E;H;A;L;I,"121,186,280,220,159",0.2871308922767639,0.012252811342477798,False
S;D;R;D;Q,E;H;A;L;P,"121,186,280,220,127",0.21156853437423706,0.005147996358573437,False
S;D;R;D;S,E;H;A;L;N,"121,186,280,220,103",0.2114230990409851,0.005099001340568066,False
S;D;R;D;A,E;H;A;L;Y,"121,186,280,220,179",0.2114230990409851,0.0053018080070614815,False
S;D;R;D;W,E;H;A;L;K,"121,186,280,220,257",0.2114230990409851,0.005099267233163118,False
S;D;R;D;L,E;H;A;L;M,"121,186,280,220,216",0.21123051643371582,0.005193920806050301,False
S;D;R;D;Q,E;H;A;L;E,"121,186,280,220,127",0.2114471197128296,0.005163736175745726,False
S;D;R;D;G,E;H;A;L;A,"121,186,280,220,243",0.2114230990409851,0.005111739970743656,False
S;D;R;D;A,E;H;A;L;N,"121,186,280,220,226",0.2114230990409851,0.00509899714961648,False
S;D;R;D;L,E;H;A;L;I,"121,186,280,220,216",0.21147745847702026,0.005097763612866402,False
S;D;R;D;C,E;H;A;L;L,"121,186,280,220,289",0.2114230990409851,0.005099001340568066,False
S;D;R;D;S,E;H;A;L;E,"121,186,280,220,207",0.631908118724823,0.020529353991150856,False
S;D;R;D;M,E;H;A;L;L,"121,186,280,220,154",0.2114230990409851,0.005099025089293718,False
S;D;R;D;M,E;H;A;L;P,"121,186,280,220,222",0.2114230990409851,0.005098097492009401,False
S;D;R;D;G,E;H;A;L;T,"121,186,280,220,251",0.2114230990409851,0.005099788773804903,False
S;D;R;D;P,E;H;A;L;L,"121,186,280,220,38",0.2114230990409851,0.005099001340568066,False
S;D;R;D;L,E;H;A;L;W,"121,186,280,220,216",0.21092593669891357,0.005494875833392143,False
S;D;R;D;T,E;H;A;L;L,"121,186,280,220,72",0.2114230990409851,0.005099001340568066,False
S;D;R;D;S,E;H;A;L;P,"121,186,280,220,245",0.2114230990409851,0.005102680064737797,False
S;D;R;D;I,E;H;A;L;W,"121,186,280,220,111",0.2114230990409851,0.005335685797035694,False
S;D;R;D;L,E;H;A;L;D,"121,186,280,220,249",0.2114230990409851,0.0051007396541535854,False
S;D;R;D;E,E;H;A;L;K,"121,186,280,220,231",0.2114230990409851,0.005148938857018948,False
S;D;R;D;D,E;H;A;L;K,"121,186,280,220,263",0.2114230990409851,0.005099001340568066,False
S;D;R;D;T,E;H;A;L;M,"121,186,280,220,51",0.2114230990409851,0.005099001340568066,False
S;D;R;D;L,E;H;A;L;E,"121,186,280,220,216",0.21085917949676514,0.0059693981893360615,False
S;D;R;D;I,E;H;A;L;H,"121,186,280,220,145",0.2114230990409851,0.005099001340568066,False
S;D;R;D;I,E;H;A;L;L,"121,186,280,220,145",0.2114230990409851,0.005099001340568066,False
S;D;R;D;H,E;H;A;L;M,"121,186,280,220,104",0.2114230990409851,0.005099001340568066,False
S;D;R;D;L,E;H;A;L;F,"121,186,280,220,216",0.21125292778015137,0.005168700125068426,False
S;D;R;D;S,E;H;A;L;D,"121,186,280,220,103",0.2114230990409851,0.005099001340568066,False
S;D;R;D;I,E;H;A;L;V,"121,186,280,220,200",0.2114366888999939,0.005117190536111593,False
S;D;R;D;T,E;H;A;L;K,"121,186,280,220,88",0.2114230990409851,0.005149902310222387,False
S;D;R;D;N,E;H;A;L;K,"121,186,280,220,138",0.2114230990409851,0.005099001340568066,False
S;D;R;D;A,E;H;A;L;L,"121,186,280,220,65",0.2114230990409851,0.005099295172840357,False
S;D;R;D;Q,E;H;A;L;T,"121,186,280,220,91",0.2114230990409851,0.005133558064699173,False
S;D;R;D;G,E;H;A;L;D,"121,186,280,220,163",0.405320942401886,0.01563219167292118,False
S;D;R;D;A,E;H;A;L;M,"121,186,280,220,65",0.2114230990409851,0.005099781788885593,False
S;D;R;D;K,E;H;A;L;L,"121,186,280,220,252",0.2114230990409851,0.005099072121083736,False
S;D;R;D;V,E;H;A;L;D,"121,186,280,220,57",0.2114230990409851,0.005099001340568066,False
S;D;R;D;Q,E;H;A;L;V,"121,186,280,220,127",0.21200025081634521,0.005394408944994211,False
S;D;R;D;V,E;H;A;L;C,"121,186,280,220,281",0.2114230990409851,0.00512252701446414,False
S;D;R;D;T,E;H;A;L;V,"121,186,280,220,72",0.2114230990409851,0.005099001340568066,False
S;D;R;D;Q,E;H;A;L;N,"121,186,280,220,133",0.2114230990409851,0.005099001340568066,False
S;D;R;D;R,E;H;A;L;K,"121,186,280,220,53",0.2114230990409851,0.005099001340568066,False
S;D;R;D;S,E;H;A;L;P,"121,186,280,220,125",0.21141737699508667,0.005112323444336653,False
S;D;R;D;T,E;H;A;L;Q,"121,186,280,220,88",0.2114230990409851,0.005127496551722288,False
S;D;R;D;N,E;H;A;L;L,"121,186,280,220,138",0.2114230990409851,0.005099001340568066,False
S;D;R;D;H,E;H;A;L;R,"121,186,280,220,104",0.2114230990409851,0.005099001340568066,False
S;D;R;D;W,E;H;A;L;P,"121,186,280,220,159",0.3325510621070862,0.013806268572807312,False
S;D;R;D;S,E;H;A;L;Y,"121,186,280,220,242",0.2114230990409851,0.005200543906539679,False
S;D;R;D;A,E;H;A;L;F,"121,186,280,220,65",0.2114230990409851,0.005100122652947903,False
S;D;R;D;G,E;H;A;L;H,"121,186,280,220,251",0.2114230990409851,0.005101227667182684,False
S;D;R;D;L,E;H;A;L;P,"121,186,280,220,216",0.21107637882232666,0.005449742544442415,False
S;D;R;D;S,E;H;A;L;W,"121,186,280,220,58",0.2114230990409851,0.005099001340568066,False
S;D;R;D;A,E;H;A;L;E,"121,186,280,220,152",0.2114230990409851,0.005099001340568066,False
S;D;R;D;T,E;H;A;L;N,"121,186,280,220,88",0.2114230990409851,0.005118462722748518,False
S;D;R;D;T,E;H;A;L;N,"121,186,280,220,198",0.2114230990409851,0.0051030986942350864,False
S;D;R;D;S,E;H;A;L;K,"121,186,280,220,58",0.2114230990409851,0.005099001340568066,False
S;D;R;D;L,E;H;A;L;C,"121,186,280,220,249",0.2114230990409851,0.00509899714961648,False
S;D;R;D;N,E;H;A;L;T,"121,186,280,220,190",0.21166503429412842,0.0051039885729551315,False
S;D;R;D;S,E;H;A;L;V,"121,186,280,220,223",0.2114230990409851,0.005099001340568066,False
S;D;R;D;A,E;H;A;L;W,"121,186,280,220,65",0.2114230990409851,0.005102010443806648,False
S;D;R;D;K,E;H;A;L;Y,"121,186,280,220,253",0.2114230990409851,0.005099086090922356,False
S;D;R;D;R,E;H;A;L;S,"121,186,280,220,90",0.2114230990409851,0.005569215398281813,False
S;D;R;D;T,E;H;A;L;M,"121,186,280,220,29",0.2114230990409851,0.005099001340568066,False
S;D;R;D;M,E;H;A;L;L,"121,186,280,220,262",0.2114230990409851,0.005099001340568066,False
S;D;R;D;A,E;H;A;L;L,"121,186,280,220,272",0.2114230990409851,0.005099001340568066,False
S;D;R;D;R,E;H;A;L;N,"121,186,280,220,90",0.2114230990409851,0.005335255991667509,False
S;D;R;D;R,E;H;A;L;T,"121,186,280,220,90",0.2114230990409851,0.005372305400669575,False
S;D;R;D;G,E;H;A;L;T,"121,186,280,220,254",0.2114230990409851,0.005099049769341946,False
S;D;R;D;R,E;H;A;L;P,"121,186,280,220,90",0.2114230990409851,0.005747623275965452,False
S;D;R;D;N,E;H;A;L;Y,"121,186,280,220,37",0.2114230990409851,0.005099001340568066,False
S;D;R;D;Q,E;H;A;L;I,"121,186,280,220,182",0.8232222199440002,0.02504321001470089,True
S;D;R;D;R,E;H;A;L;A,"121,186,280,220,90",0.2114230990409851,0.005476372316479683,False
S;D;R;D;K,E;H;A;L;F,"121,186,280,220,253",0.2114230990409851,0.005099059548228979,False
S;D;R;D;Y,E;H;A;L;S,"121,186,280,220,63",0.2114230990409851,0.0051011983305215836,False
S;D;R;D;Q,E;H;A;L;M,"121,186,280,220,127",0.21187007427215576,0.005330650135874748,False
S;D;R;D;Q,E;H;A;L;L,"121,186,280,220,182",0.6610025763511658,0.021120505407452583,True
S;D;R;D;K,E;H;A;L;A,"121,186,280,220,253",0.2114230990409851,0.005099144298583269,False
S;D;R;D;K,E;H;A;L;V,"121,186,280,220,253",0.2114230990409851,0.005099173169583082,False
S;D;R;D;Q,E;H;A;L;F,"121,186,280,220,182",0.45163238048553467,0.016409093514084816,False
S;D;R;D;R,E;H;A;L;D,"121,186,280,220,90",0.2114230990409851,0.005810969043523073,False
S;D;R;D;Q,E;H;A;L;A,"121,186,280,220,127",0.21178221702575684,0.005156604573130608,False
S;D;R;D;Y,E;H;A;L;T,"121,186,280,220,63",0.2114230990409851,0.0051005748100578785,False
S;D;R;D;Q,E;H;A;L;V,"121,186,280,220,182",0.7867966294288635,0.024010425433516502,True
S;D;R;D;K,E;H;A;L;L,"121,186,280,220,253",0.2114230990409851,0.005099120549857616,False
S;D;R;D;C,E;H;A;L;S,"121,186,280,220,289",0.2114230990409851,0.005099001340568066,False
S;D;R;D;Y,E;H;A;L;G,"121,186,280,220,63",0.2114230990409851,0.005102816037833691,False
S;D;R;D;M,E;H;A;L;V,"121,186,280,220,154",0.2114230990409851,0.005099037196487188,False
S;D;R;D;Q,E;H;A;L;T,"121,186,280,220,127",0.2116052508354187,0.005125880241394043,False
S;D;R;D;A,E;H;A;L;D,"121,186,280,220,226",0.2114230990409851,0.005099055357277393,False
S;D;R;D;C,E;H;A;L;A,"121,186,280,220,289",0.2114230990409851,0.005099001340568066,False
S;D;R;D;R,E;H;A;L;Q,"121,186,280,220,224",0.2114230990409851,0.005099001340568066,False
S;D;R;D;N,E;H;A;L;K,"121,186,280,220,233",0.2114230990409851,0.0051260353066027164,False
S;D;R;D;S,E;H;A;L;E,"121,186,280,220,136",0.2114230990409851,0.005099001340568066,False
S;D;R;D;S,E;H;A;L;F,"121,186,280,220,238",0.4964901804924011,0.01722208596765995,False
S;D;R;D;S,E;H;A;L;Q,"121,186,280,220,188",0.21141564846038818,0.005106062162667513,False
S;D;R;D;S,E;H;A;L;H,"121,186,280,220,214",0.23429250717163086,0.0105314115062356,False
S;D;R;D;L,E;H;A;L;F,"121,186,280,220,117",0.2114230990409851,0.005107681266963482,False
S;D;R;D;Q,E;H;A;L;Y,"121,186,280,220,119",0.21120840311050415,0.005203662905842066,False
S;D;R;D;G,E;H;A;L;A,"121,186,280,220,165",0.23108232021331787,0.010633505880832672,False
S;D;R;D;I,E;H;A;L;R,"121,186,280,220,168",0.21057343482971191,0.0053422837518155575,False
S;D;R;D;N,E;H;A;L;H,"121,186,280,220,205",0.2114230990409851,0.009638283401727676,False
S;D;R;D;S,E;H;A;L;Y,"121,186,280,220,269",0.2114230990409851,0.005099001340568066,False
S;D;R;D;S,E;H;A;L;T,"121,186,280,220,214",0.20901858806610107,0.006478701718151569,False
S;D;R;D;I,E;H;A;L;R,"121,186,280,220,218",0.21078729629516602,0.005392911843955517,False
S;D;R;D;P,E;H;A;L;K,"121,186,280,220,120",0.4196961522102356,0.014783492311835289,False
S;D;R;D;M,E;H;A;L;H,"121,186,280,220,161",0.25641828775405884,0.011230439879000187,False
S;D;R;D;I,E;H;A;L;H,"121,186,280,220,168",0.210601806640625,0.005392842460423708,False
S;D;R;D;N,E;H;A;L;K,"121,186,280,220,114",0.2114230990409851,0.00509999506175518,False
S;D;R;D;P,E;H;A;L;V,"121,186,280,220,184",0.577012300491333,0.02045639604330063,False
S;D;R;D;W,E;H;A;L;P,"121,186,280,220,185",0.3724215030670166,0.01465473510324955,False
S;D;R;D;S,E;H;A;L;H,"121,186,280,220,187",0.20869916677474976,0.005053818225860596,False
S;D;R;D;S,E;H;A;L;P,"121,186,280,220,188",0.21058928966522217,0.0050806570798158646,False
S;D;R;D;T,E;H;A;L;Y,"121,186,280,220,189",0.20411187410354614,0.005098685156553984,False
S;D;R;D;F,E;H;A;L;M,"121,186,280,220,191",0.21142375469207764,0.005098374560475349,False
S;D;R;E;S,E;H;A;K;N,"121,186,280,231,124",0.21113252639770508,0.00518935639411211,False
S;D;R;E;G,E;H;A;K;Q,"121,186,280,231,243",0.2114230990409851,0.005198564846068621,False
S;D;R;E;G,E;H;A;K;L,"121,186,280,231,243",0.2114230990409851,0.005217344034463167,False
S;D;R;E;T,E;H;A;K;E,"121,186,280,231,270",0.2114230990409851,0.0051492745988070965,False
S;D;R;E;R,E;H;A;K;V,"121,186,280,231,34",0.2114230990409851,0.0051492745988070965,False
S;D;R;E;G,E;H;A;K;K,"121,186,280,231,243",0.2114230990409851,0.005158920772373676,False
S;D;R;E;D,E;H;A;K;Q,"121,186,280,231,220",0.2114230990409851,0.005146537907421589,False
S;D;R;E;S,E;H;A;K;K,"121,186,280,231,124",0.21114331483840942,0.00522621301934123,False
S;D;R;E;F,E;H;A;K;E,"121,186,280,231,271",0.2114230990409851,0.0051492745988070965,False
S;D;R;E;G,E;H;A;K;Q,"121,186,280,231,164",0.2213585376739502,0.010433481074869633,False
S;D;R;E;A,E;H;A;K;D,"121,186,280,231,130",0.2114230990409851,0.0051500629633665085,False
S;D;R;E;W,E;H;A;K;C,"121,186,280,231,257",0.2114230990409851,0.005149705335497856,False
S;D;R;E;Q,E;H;A;K;N,"121,186,280,231,127",0.21139925718307495,0.005179701838642359,False
S;D;R;E;Q,E;H;A;K;R,"121,186,280,231,127",0.21131068468093872,0.005184646230190992,False
S;D;R;E;S,E;H;A;K;M,"121,186,280,231,238",0.39181089401245117,0.014563843607902527,False
S;D;R;E;F,E;H;A;K;M,"121,186,280,231,271",0.2114230990409851,0.0051492745988070965,False
S;D;R;E;S,E;H;A;K;A,"121,186,280,231,124",0.21172010898590088,0.005167963914573193,False
S;D;R;E;G,E;H;A;K;I,"121,186,280,231,243",0.2114230990409851,0.005226451437920332,False
S;D;R;E;Q,E;H;A;K;I,"121,186,280,231,127",0.2120392918586731,0.005529717076569796,False
S;D;R;E;A,E;H;A;K;V,"121,186,280,231,65",0.2114230990409851,0.00514937425032258,False
S;D;R;E;Q,E;H;A;K;E,"121,186,280,231,133",0.2114230990409851,0.0051492745988070965,False
S;D;R;E;S,E;H;A;K;T,"121,186,280,231,124",0.2114085555076599,0.005171084310859442,False
S;D;R;E;Q,E;H;A;K;K,"121,186,280,231,127",0.2113664150238037,0.005179816856980324,False
S;D;R;E;Q,E;H;A;K;W,"121,186,280,231,133",0.2114230990409851,0.0051492745988070965,False
S;D;R;E;T,E;H;A;K;D,"121,186,280,231,88",0.2114230990409851,0.005342902150005102,False
S;D;R;E;R,E;H;A;K;N,"121,186,280,231,132",0.2114230990409851,0.0051492745988070965,False
S;D;R;E;Q,E;H;A;K;D,"121,186,280,231,127",0.21142351627349854,0.005154673475772142,False
S;D;R;E;A,E;H;A;K;Y,"121,186,280,231,215",0.5180429220199585,0.01790500432252884,False
S;D;R;E;L,E;H;A;K;K,"121,186,280,231,249",0.2114230990409851,0.005149243865162134,False
S;D;R;E;R,E;H;A;K;Y,"121,186,280,231,123",0.21114730834960938,0.005317579954862595,False
S;D;R;E;F,E;H;A;K;W,"121,186,280,231,271",0.2114230990409851,0.0051492745988070965,False
S;D;R;E;S,E;H;A;K;D,"121,186,280,231,58",0.2114230990409851,0.0051492745988070965,False
S;D;R;E;N,E;H;A;K;I,"121,186,280,231,37",0.2114230990409851,0.0051492745988070965,False
S;D;R;E;C,E;H;A;K;D,"121,186,280,231,289",0.2114230990409851,0.0051492745988070965,False
S;D;R;E;A,E;H;A;K;P,"121,186,280,231,152",0.2114230990409851,0.0051492745988070965,False
S;D;R;E;G,E;H;A;K;P,"121,186,280,231,243",0.2114230990409851,0.005160683766007423,False
S;D;R;E;S,E;H;A;K;E,"121,186,280,231,115",0.2114230990409851,0.005147823132574558,False
S;D;R;E;L,E;H;A;K;Q,"121,186,280,231,216",0.21096736192703247,0.005568343680351973,False
S;D;R;E;N,E;H;A;K;P,"121,186,280,231,277",0.2114230990409851,0.00514951953664422,False
S;D;R;E;R,E;H;A;K;Q,"121,186,280,231,132",0.2114230990409851,0.0051492745988070965,False
S;D;R;E;N,E;H;A;K;Y,"121,186,280,231,244",0.2114230990409851,0.005378691479563713,False
S;D;R;E;H,E;H;A;K;T,"121,186,280,231,104",0.2114230990409851,0.0051492745988070965,False
S;D;R;E;S,E;H;A;K;V,"121,186,280,231,58",0.2114230990409851,0.0051492745988070965,False
S;D;R;E;H,E;H;A;K;L,"121,186,280,231,104",0.2114230990409851,0.0051492745988070965,False
S;D;R;E;P,E;H;A;K;Q,"121,186,280,231,38",0.2114230990409851,0.0051492745988070965,False
S;D;R;E;R,E;H;A;K;L,"121,186,280,231,53",0.2114230990409851,0.0051492745988070965,False
S;D;R;E;A,E;H;A;K;T,"121,186,280,231,180",0.2114230990409851,0.005220312159508467,False
S;D;R;E;P,E;H;A;K;D,"121,186,280,231,197",0.2114230990409851,0.005149202421307564,False
S;D;R;E;T,E;H;A;K;V,"121,186,280,231,198",0.2114230990409851,0.005168766248971224,False
S;D;R;E;A,E;H;A;K;M,"121,186,280,231,135",0.2114230990409851,0.0051492745988070965,False
S;D;R;E;I,E;H;A;K;L,"121,186,280,231,111",0.2114230990409851,0.005151095800101757,False
S;D;R;E;G,E;H;A;K;S,"121,186,280,231,243",0.2114230990409851,0.005154447630047798,False
S;D;R;E;Q,E;H;A;K;L,"121,186,280,231,127",0.21198636293411255,0.005463702604174614,False
S;D;R;E;Q,E;H;A;K;H,"121,186,280,231,127",0.21144551038742065,0.005155709106475115,False
S;D;R;E;W,E;H;A;K;I,"121,186,280,231,159",0.2871308922767639,0.012312563136219978,False
S;D;R;E;Q,E;H;A;K;P,"121,186,280,231,127",0.21156853437423706,0.005198262631893158,False
S;D;R;E;S,E;H;A;K;N,"121,186,280,231,103",0.2114230990409851,0.0051492745988070965,False
S;D;R;E;A,E;H;A;K;Y,"121,186,280,231,179",0.2114230990409851,0.005349609535187483,False
S;D;R;E;W,E;H;A;K;K,"121,186,280,231,257",0.2114230990409851,0.005149614065885544,False
S;D;R;E;L,E;H;A;K;M,"121,186,280,231,216",0.21123051643371582,0.005236986093223095,False
S;D;R;E;Q,E;H;A;K;E,"121,186,280,231,127",0.2114471197128296,0.005213938653469086,False
S;D;R;E;G,E;H;A;K;A,"121,186,280,231,243",0.2114230990409851,0.00516189681366086,False
S;D;R;E;A,E;H;A;K;N,"121,186,280,231,226",0.2114230990409851,0.0051491218619048595,False
S;D;R;E;L,E;H;A;K;I,"121,186,280,231,216",0.21147745847702026,0.005149906501173973,False
S;D;R;E;C,E;H;A;K;L,"121,186,280,231,289",0.2114230990409851,0.0051492745988070965,False
S;D;R;E;S,E;H;A;K;E,"121,186,280,231,207",0.631908118724823,0.02057681418955326,False
S;D;R;E;M,E;H;A;K;L,"121,186,280,231,154",0.2114230990409851,0.0051492853090167046,False
S;D;R;E;M,E;H;A;K;P,"121,186,280,231,222",0.2114230990409851,0.005148380529135466,False
S;D;R;E;G,E;H;A;K;T,"121,186,280,231,251",0.2114230990409851,0.005149004049599171,False
S;D;R;E;P,E;H;A;K;L,"121,186,280,231,38",0.2114230990409851,0.0051492745988070965,False
S;D;R;E;L,E;H;A;K;W,"121,186,280,231,216",0.21092593669891357,0.00552710285410285,False
S;D;R;E;T,E;H;A;K;L,"121,186,280,231,72",0.2114230990409851,0.0051492745988070965,False
S;D;R;E;S,E;H;A;K;P,"121,186,280,231,245",0.2114230990409851,0.0051546888425946236,False
S;D;R;E;I,E;H;A;K;W,"121,186,280,231,111",0.2114230990409851,0.005385959055274725,False
S;D;R;E;L,E;H;A;K;D,"121,186,280,231,249",0.2114230990409851,0.005149480886757374,False
S;D;R;E;D,E;H;A;K;K,"121,186,280,231,263",0.2114230990409851,0.0051492745988070965,False
S;D;R;E;T,E;H;A;K;M,"121,186,280,231,51",0.2114230990409851,0.0051492745988070965,False
S;D;R;E;L,E;H;A;K;E,"121,186,280,231,216",0.21085917949676514,0.005988625809550285,False
S;D;R;E;I,E;H;A;K;H,"121,186,280,231,145",0.2114230990409851,0.0051492745988070965,False
S;D;R;E;I,E;H;A;K;L,"121,186,280,231,145",0.2114230990409851,0.0051492745988070965,False
S;D;R;E;H,E;H;A;K;M,"121,186,280,231,104",0.2114230990409851,0.0051492745988070965,False
S;D;R;E;L,E;H;A;K;F,"121,186,280,231,216",0.21125292778015137,0.005211837124079466,False
S;D;R;E;S,E;H;A;K;D,"121,186,280,231,103",0.2114230990409851,0.0051492745988070965,False
S;D;R;E;I,E;H;A;K;V,"121,186,280,231,200",0.2114366888999939,0.005166970193386078,False
S;D;R;E;T,E;H;A;K;K,"121,186,280,231,88",0.2114230990409851,0.005200175568461418,False
S;D;R;E;N,E;H;A;K;K,"121,186,280,231,138",0.2114230990409851,0.0051492745988070965,False
S;D;R;E;A,E;H;A;K;L,"121,186,280,231,65",0.2114230990409851,0.005149568431079388,False
S;D;R;E;Q,E;H;A;K;T,"121,186,280,231,91",0.2114230990409851,0.005183831322938204,False
S;D;R;E;G,E;H;A;K;D,"121,186,280,231,163",0.405320942401886,0.01568741723895073,False
S;D;R;E;A,E;H;A;K;M,"121,186,280,231,65",0.2114230990409851,0.005150054581463337,False
S;D;R;E;K,E;H;A;K;L,"121,186,280,231,252",0.2114230990409851,0.00514940032735467,False
S;D;R;E;V,E;H;A;K;D,"121,186,280,231,57",0.2114230990409851,0.0051492745988070965,False
S;D;R;E;Q,E;H;A;K;V,"121,186,280,231,127",0.21200025081634521,0.005444681737571955,False
S;D;R;E;V,E;H;A;K;C,"121,186,280,231,281",0.2114230990409851,0.00516858883202076,False
S;D;R;E;T,E;H;A;K;V,"121,186,280,231,72",0.2114230990409851,0.0051492745988070965,False
S;D;R;E;Q,E;H;A;K;N,"121,186,280,231,133",0.2114230990409851,0.0051492745988070965,False
S;D;R;E;R,E;H;A;K;K,"121,186,280,231,53",0.2114230990409851,0.0051492745988070965,False
S;D;R;E;S,E;H;A;K;P,"121,186,280,231,125",0.21141737699508667,0.005162596702575684,False
S;D;R;E;T,E;H;A;K;Q,"121,186,280,231,88",0.2114230990409851,0.005177769344300032,False
S;D;R;E;N,E;H;A;K;L,"121,186,280,231,138",0.2114230990409851,0.0051492745988070965,False
S;D;R;E;H,E;H;A;K;R,"121,186,280,231,104",0.2114230990409851,0.0051492745988070965,False
S;D;R;E;W,E;H;A;K;P,"121,186,280,231,159",0.3325510621070862,0.01387137733399868,False
S;D;R;E;S,E;H;A;K;Y,"121,186,280,231,242",0.2114230990409851,0.005243162624537945,False
S;D;R;E;A,E;H;A;K;F,"121,186,280,231,65",0.2114230990409851,0.0051503959111869335,False
S;D;R;E;G,E;H;A;K;H,"121,186,280,231,251",0.2114230990409851,0.005149747245013714,False
S;D;R;E;L,E;H;A;K;P,"121,186,280,231,216",0.21107637882232666,0.00550123443827033,False
S;D;R;E;S,E;H;A;K;W,"121,186,280,231,58",0.2114230990409851,0.0051492745988070965,False
S;D;R;E;A,E;H;A;K;E,"121,186,280,231,152",0.2114230990409851,0.0051492745988070965,False
S;D;R;E;T,E;H;A;K;N,"121,186,280,231,88",0.2114230990409851,0.005168735980987549,False
S;D;R;E;T,E;H;A;K;N,"121,186,280,231,198",0.2114230990409851,0.005153123755007982,False
S;D;R;E;S,E;H;A;K;K,"121,186,280,231,58",0.2114230990409851,0.0051492745988070965,False
S;D;R;E;L,E;H;A;K;C,"121,186,280,231,249",0.2114230990409851,0.005149328615516424,False
S;D;R;E;N,E;H;A;K;T,"121,186,280,231,190",0.21166503429412842,0.005153473000973463,False
S;D;R;E;S,E;H;A;K;V,"121,186,280,231,223",0.2114230990409851,0.0051492745988070965,False
S;D;R;E;A,E;H;A;K;W,"121,186,280,231,65",0.2114230990409851,0.005152283702045679,False
S;D;R;E;K,E;H;A;K;Y,"121,186,280,231,253",0.2114230990409851,0.005149120464920998,False
S;D;R;E;R,E;H;A;K;S,"121,186,280,231,90",0.2114230990409851,0.0056194886565208435,False
S;D;R;E;T,E;H;A;K;M,"121,186,280,231,29",0.2114230990409851,0.0051492745988070965,False
S;D;R;E;M,E;H;A;K;L,"121,186,280,231,262",0.2114230990409851,0.0051492745988070965,False
S;D;R;E;A,E;H;A;K;L,"121,186,280,231,272",0.2114230990409851,0.0051492745988070965,False
S;D;R;E;R,E;H;A;K;N,"121,186,280,231,90",0.2114230990409851,0.00538552924990654,False
S;D;R;E;R,E;H;A;K;T,"121,186,280,231,90",0.2114230990409851,0.005422578193247318,False
S;D;R;E;G,E;H;A;K;T,"121,186,280,231,254",0.2114230990409851,0.005149116273969412,False
S;D;R;E;R,E;H;A;K;P,"121,186,280,231,90",0.2114230990409851,0.005797896068543196,False
S;D;R;E;N,E;H;A;K;Y,"121,186,280,231,37",0.2114230990409851,0.0051492745988070965,False
S;D;R;E;Q,E;H;A;K;I,"121,186,280,231,182",0.8236777186393738,0.025076955556869507,True
S;D;R;E;R,E;H;A;K;A,"121,186,280,231,90",0.2114230990409851,0.0055266451090574265,False
S;D;R;E;K,E;H;A;K;F,"121,186,280,231,253",0.2114230990409851,0.005149318836629391,False
S;D;R;E;Y,E;H;A;K;S,"121,186,280,231,63",0.2114230990409851,0.005151471588760614,False
S;D;R;E;Q,E;H;A;K;M,"121,186,280,231,127",0.21187007427215576,0.005380901973694563,False
S;D;R;E;Q,E;H;A;K;L,"121,186,280,231,182",0.6616303324699402,0.021161293610930443,True
S;D;R;E;K,E;H;A;K;A,"121,186,280,231,253",0.2114230990409851,0.005149661097675562,False
S;D;R;E;K,E;H;A;K;V,"121,186,280,231,253",0.2114230990409851,0.0051496862433850765,False
S;D;R;E;Q,E;H;A;K;F,"121,186,280,231,182",0.45214277505874634,0.016441598534584045,False
S;D;R;E;R,E;H;A;K;D,"121,186,280,231,90",0.2114230990409851,0.005861242301762104,False
S;D;R;E;Q,E;H;A;K;A,"121,186,280,231,127",0.21178221702575684,0.005206896923482418,False
S;D;R;E;Y,E;H;A;K;T,"121,186,280,231,63",0.2114230990409851,0.005150847602635622,False
S;D;R;E;Q,E;H;A;K;V,"121,186,280,231,182",0.7873488664627075,0.024051494896411896,True
S;D;R;E;K,E;H;A;K;L,"121,186,280,231,253",0.2114230990409851,0.005149561446160078,False
S;D;R;E;C,E;H;A;K;S,"121,186,280,231,289",0.2114230990409851,0.0051492745988070965,False
S;D;R;E;Y,E;H;A;K;G,"121,186,280,231,63",0.2114230990409851,0.0051530892960727215,False
S;D;R;E;M,E;H;A;K;V,"121,186,280,231,154",0.2114230990409851,0.005149300675839186,False
S;D;R;E;Q,E;H;A;K;T,"121,186,280,231,127",0.2116052508354187,0.005176161415874958,False
S;D;R;E;A,E;H;A;K;D,"121,186,280,231,226",0.2114230990409851,0.005149124655872583,False
S;D;R;E;C,E;H;A;K;A,"121,186,280,231,289",0.2114230990409851,0.0051492745988070965,False
S;D;R;E;R,E;H;A;K;Q,"121,186,280,231,224",0.2114230990409851,0.0051492745988070965,False
S;D;R;E;N,E;H;A;K;K,"121,186,280,231,233",0.2114230990409851,0.005220768041908741,False
S;D;R;E;S,E;H;A;K;E,"121,186,280,231,136",0.2114230990409851,0.0051492745988070965,False
S;D;R;E;S,E;H;A;K;F,"121,186,280,231,238",0.4968028664588928,0.017226457595825195,False
S;D;R;E;S,E;H;A;K;Q,"121,186,280,231,188",0.21141564846038818,0.00515678571537137,False
S;D;R;E;S,E;H;A;K;H,"121,186,280,231,214",0.23447948694229126,0.010579056106507778,False
S;D;R;E;L,E;H;A;K;F,"121,186,280,231,117",0.2114230990409851,0.005157954525202513,False
S;D;R;E;Q,E;H;A;K;Y,"121,186,280,231,119",0.21120840311050415,0.0052538528107106686,False
S;D;R;E;G,E;H;A;K;A,"121,186,280,231,165",0.23108232021331787,0.010683931410312653,False
S;D;R;E;I,E;H;A;K;R,"121,186,280,231,168",0.21057343482971191,0.005392477847635746,False
S;D;R;E;N,E;H;A;K;H,"121,186,280,231,205",0.2114230990409851,0.009733702056109905,False
S;D;R;E;S,E;H;A;K;Y,"121,186,280,231,269",0.2114230990409851,0.0051492745988070965,False
S;D;R;E;S,E;H;A;K;T,"121,186,280,231,214",0.20901858806610107,0.006525387521833181,False
S;D;R;E;I,E;H;A;K;R,"121,186,280,231,218",0.21078729629516602,0.005437508691102266,False
S;D;R;E;P,E;H;A;K;K,"121,186,280,231,120",0.4196961522102356,0.014833685010671616,False
S;D;R;E;M,E;H;A;K;H,"121,186,280,231,161",0.25641828775405884,0.011278484016656876,False
S;D;R;E;I,E;H;A;K;H,"121,186,280,231,168",0.210601806640625,0.005443022586405277,False
S;D;R;E;N,E;H;A;K;K,"121,186,280,231,114",0.2114230990409851,0.005150268319994211,False
S;D;R;E;P,E;H;A;K;V,"121,186,280,231,184",0.5766164064407349,0.020514557138085365,False
S;D;R;E;W,E;H;A;K;P,"121,186,280,231,185",0.3724215030670166,0.01469914149492979,False
S;D;R;E;S,E;H;A;K;H,"121,186,280,231,187",0.20869916677474976,0.00510479835793376,False
S;D;R;E;S,E;H;A;K;P,"121,186,280,231,188",0.21058928966522217,0.005131151992827654,False
S;D;R;E;T,E;H;A;K;Y,"121,186,280,231,189",0.20411187410354614,0.005158313550055027,False
S;D;R;E;F,E;H;A;K;M,"121,186,280,231,191",0.21142375469207764,0.005148713011294603,False
S;D;R;T;S,E;H;A;L;N,"121,186,280,72,124",0.21113252639770508,0.0051403227262198925,False
S;D;R;T;G,E;H;A;L;Q,"121,186,280,72,243",0.2114230990409851,0.005152364261448383,False
S;D;R;T;G,E;H;A;L;L,"121,186,280,72,243",0.2114230990409851,0.005169397220015526,False
S;D;R;T;T,E;H;A;L;E,"121,186,280,72,270",0.2114230990409851,0.005100154783576727,False
S;D;R;T;R,E;H;A;L;V,"121,186,280,72,34",0.2114230990409851,0.005100154783576727,False
S;D;R;T;G,E;H;A;L;K,"121,186,280,72,243",0.2114230990409851,0.00511147128418088,False
S;D;R;T;D,E;H;A;L;Q,"121,186,280,72,220",0.2114230990409851,0.005097228568047285,False
S;D;R;T;S,E;H;A;L;K,"121,186,280,72,124",0.21114331483840942,0.005177117884159088,False
S;D;R;T;F,E;H;A;L;E,"121,186,280,72,271",0.2114230990409851,0.005100154783576727,False
S;D;R;T;G,E;H;A;L;Q,"121,186,280,72,164",0.2213585376739502,0.010384141467511654,False
S;D;R;T;A,E;H;A;L;D,"121,186,280,72,130",0.2114230990409851,0.005100943148136139,False
S;D;R;T;W,E;H;A;L;C,"121,186,280,72,257",0.2114230990409851,0.00510046910494566,False
S;D;R;T;Q,E;H;A;L;N,"121,186,280,72,127",0.21139925718307495,0.00513057503849268,False
S;D;R;T;Q,E;H;A;L;R,"121,186,280,72,127",0.21131068468093872,0.005135452840477228,False
S;D;R;T;S,E;H;A;L;M,"121,186,280,72,238",0.3914560079574585,0.014548390172421932,False
S;D;R;T;F,E;H;A;L;M,"121,186,280,72,271",0.2114230990409851,0.005100154783576727,False
S;D;R;T;S,E;H;A;L;A,"121,186,280,72,124",0.21172010898590088,0.0051187570206820965,False
S;D;R;T;G,E;H;A;L;I,"121,186,280,72,243",0.2114230990409851,0.005178353283554316,False
S;D;R;T;Q,E;H;A;L;I,"121,186,280,72,127",0.2120392918586731,0.005480604246258736,False
S;D;R;T;A,E;H;A;L;V,"121,186,280,72,65",0.2114230990409851,0.005100254435092211,False
S;D;R;T;Q,E;H;A;L;E,"121,186,280,72,133",0.2114230990409851,0.005100154783576727,False
S;D;R;T;S,E;H;A;L;T,"121,186,280,72,124",0.2114085555076599,0.005121960304677486,False
S;D;R;T;Q,E;H;A;L;K,"121,186,280,72,127",0.2113664150238037,0.0051306262612342834,False
S;D;R;T;Q,E;H;A;L;W,"121,186,280,72,133",0.2114230990409851,0.005100154783576727,False
S;D;R;T;T,E;H;A;L;D,"121,186,280,72,88",0.2114230990409851,0.005293782334774733,False
S;D;R;T;R,E;H;A;L;N,"121,186,280,72,132",0.2114230990409851,0.005100154783576727,False
S;D;R;T;Q,E;H;A;L;D,"121,186,280,72,127",0.21142351627349854,0.00510561466217041,False
S;D;R;T;A,E;H;A;L;Y,"121,186,280,72,215",0.5181929469108582,0.017855964601039886,False
S;D;R;T;L,E;H;A;L;K,"121,186,280,72,249",0.2114230990409851,0.005100248847156763,False
S;D;R;T;R,E;H;A;L;Y,"121,186,280,72,123",0.21114730834960938,0.005268677603453398,False
S;D;R;T;F,E;H;A;L;W,"121,186,280,72,271",0.2114230990409851,0.005100154783576727,False
S;D;R;T;S,E;H;A;L;D,"121,186,280,72,58",0.2114230990409851,0.005100154783576727,False
S;D;R;T;N,E;H;A;L;I,"121,186,280,72,37",0.2114230990409851,0.005100154783576727,False
S;D;R;T;C,E;H;A;L;D,"121,186,280,72,289",0.2114230990409851,0.005100154783576727,False
S;D;R;T;A,E;H;A;L;P,"121,186,280,72,152",0.2114230990409851,0.005100154783576727,False
S;D;R;T;G,E;H;A;L;P,"121,186,280,72,243",0.2114230990409851,0.00511316629126668,False
S;D;R;T;S,E;H;A;L;E,"121,186,280,72,115",0.2114230990409851,0.005098703317344189,False
S;D;R;T;L,E;H;A;L;Q,"121,186,280,72,216",0.21096736192703247,0.005504149477928877,False
S;D;R;T;N,E;H;A;L;P,"121,186,280,72,277",0.2114230990409851,0.0051004718989133835,False
S;D;R;T;R,E;H;A;L;Q,"121,186,280,72,132",0.2114230990409851,0.005100154783576727,False
S;D;R;T;N,E;H;A;L;Y,"121,186,280,72,244",0.2114230990409851,0.005349192302674055,False
S;D;R;T;H,E;H;A;L;T,"121,186,280,72,104",0.2114230990409851,0.005100154783576727,False
S;D;R;T;S,E;H;A;L;V,"121,186,280,72,58",0.2114230990409851,0.005100154783576727,False
S;D;R;T;H,E;H;A;L;L,"121,186,280,72,104",0.2114230990409851,0.005100154783576727,False
S;D;R;T;P,E;H;A;L;Q,"121,186,280,72,38",0.2114230990409851,0.005100154783576727,False
S;D;R;T;R,E;H;A;L;L,"121,186,280,72,53",0.2114230990409851,0.005100154783576727,False
S;D;R;T;A,E;H;A;L;T,"121,186,280,72,180",0.2114230990409851,0.005168928764760494,False
S;D;R;T;P,E;H;A;L;D,"121,186,280,72,197",0.2114230990409851,0.005100267007946968,False
S;D;R;T;T,E;H;A;L;V,"121,186,280,72,198",0.2114230990409851,0.005121064838021994,False
S;D;R;T;A,E;H;A;L;M,"121,186,280,72,135",0.2114230990409851,0.005100154783576727,False
S;D;R;T;I,E;H;A;L;L,"121,186,280,72,111",0.2114230990409851,0.0051019759848713875,False
S;D;R;T;G,E;H;A;L;S,"121,186,280,72,243",0.2114230990409851,0.005106414668262005,False
S;D;R;T;Q,E;H;A;L;L,"121,186,280,72,127",0.21198636293411255,0.005414588376879692,False
S;D;R;T;Q,E;H;A;L;H,"121,186,280,72,127",0.21144551038742065,0.005106559954583645,False
S;D;R;T;W,E;H;A;L;I,"121,186,280,72,159",0.2871308922767639,0.012252605520188808,False
S;D;R;T;Q,E;H;A;L;P,"121,186,280,72,127",0.21156853437423706,0.005149149801582098,False
S;D;R;T;S,E;H;A;L;N,"121,186,280,72,103",0.2114230990409851,0.005100154783576727,False
S;D;R;T;A,E;H;A;L;Y,"121,186,280,72,179",0.2114230990409851,0.005302961450070143,False
S;D;R;T;W,E;H;A;L;K,"121,186,280,72,257",0.2114230990409851,0.00510042067617178,False
S;D;R;T;L,E;H;A;L;M,"121,186,280,72,216",0.21123051643371582,0.005181933753192425,False
S;D;R;T;Q,E;H;A;L;E,"121,186,280,72,127",0.2114471197128296,0.005164889618754387,False
S;D;R;T;G,E;H;A;L;A,"121,186,280,72,243",0.2114230990409851,0.005112893413752317,False
S;D;R;T;A,E;H;A;L;N,"121,186,280,72,226",0.2114230990409851,0.005100150592625141,False
S;D;R;T;L,E;H;A;L;I,"121,186,280,72,216",0.21147745847702026,0.0051042465493083,False
S;D;R;T;C,E;H;A;L;L,"121,186,280,72,289",0.2114230990409851,0.005100154783576727,False
S;D;R;T;S,E;H;A;L;E,"121,186,280,72,207",0.631908118724823,0.020532064139842987,False
S;D;R;T;M,E;H;A;L;L,"121,186,280,72,154",0.2114230990409851,0.005100178066641092,False
S;D;R;T;M,E;H;A;L;P,"121,186,280,72,222",0.2114230990409851,0.005099221598356962,False
S;D;R;T;G,E;H;A;L;T,"121,186,280,72,251",0.2114230990409851,0.005100941751152277,False
S;D;R;T;P,E;H;A;L;L,"121,186,280,72,38",0.2114230990409851,0.005100154783576727,False
S;D;R;T;L,E;H;A;L;W,"121,186,280,72,216",0.21092593669891357,0.0054727764800190926,False
S;D;R;T;S,E;H;A;L;P,"121,186,280,72,245",0.2114230990409851,0.005103833507746458,False
S;D;R;T;I,E;H;A;L;W,"121,186,280,72,111",0.2114230990409851,0.005336839240044355,False
S;D;R;T;L,E;H;A;L;D,"121,186,280,72,249",0.2114230990409851,0.005101892631500959,False
S;D;R;T;D,E;H;A;L;K,"121,186,280,72,263",0.2114230990409851,0.005100154783576727,False
S;D;R;T;T,E;H;A;L;M,"121,186,280,72,51",0.2114230990409851,0.005100154783576727,False
S;D;R;T;L,E;H;A;L;E,"121,186,280,72,216",0.21085917949676514,0.005935253109782934,False
S;D;R;T;I,E;H;A;L;H,"121,186,280,72,145",0.2114230990409851,0.005100154783576727,False
S;D;R;T;I,E;H;A;L;L,"121,186,280,72,145",0.2114230990409851,0.005100154783576727,False
S;D;R;T;H,E;H;A;L;M,"121,186,280,72,104",0.2114230990409851,0.005100154783576727,False
S;D;R;T;L,E;H;A;L;F,"121,186,280,72,216",0.21125292778015137,0.005162311252206564,False
S;D;R;T;S,E;H;A;L;D,"121,186,280,72,103",0.2114230990409851,0.005100154783576727,False
S;D;R;T;I,E;H;A;L;V,"121,186,280,72,200",0.2114366888999939,0.005114939529448748,False
S;D;R;T;T,E;H;A;L;K,"121,186,280,72,88",0.2114230990409851,0.005151055753231049,False
S;D;R;T;N,E;H;A;L;K,"121,186,280,72,138",0.2114230990409851,0.005100154783576727,False
S;D;R;T;A,E;H;A;L;L,"121,186,280,72,65",0.2114230990409851,0.005100448615849018,False
S;D;R;T;Q,E;H;A;L;T,"121,186,280,72,91",0.2114230990409851,0.005134711507707834,False
S;D;R;T;G,E;H;A;L;D,"121,186,280,72,163",0.405320942401886,0.01563619077205658,False
S;D;R;T;A,E;H;A;L;M,"121,186,280,72,65",0.2114230990409851,0.005100935231894255,False
S;D;R;T;K,E;H;A;L;L,"121,186,280,72,252",0.2114230990409851,0.00510022509843111,False
S;D;R;T;V,E;H;A;L;D,"121,186,280,72,57",0.2114230990409851,0.005100154783576727,False
S;D;R;T;Q,E;H;A;L;V,"121,186,280,72,127",0.21200025081634521,0.005395561922341585,False
S;D;R;T;V,E;H;A;L;C,"121,186,280,72,281",0.2114230990409851,0.005123680457472801,False
S;D;R;T;Q,E;H;A;L;N,"121,186,280,72,133",0.2114230990409851,0.005100154783576727,False
S;D;R;T;R,E;H;A;L;K,"121,186,280,72,53",0.2114230990409851,0.005100154783576727,False
S;D;R;T;S,E;H;A;L;P,"121,186,280,72,125",0.21141737699508667,0.005113476887345314,False
S;D;R;T;T,E;H;A;L;Q,"121,186,280,72,88",0.2114230990409851,0.005128649994730949,False
S;D;R;T;N,E;H;A;L;L,"121,186,280,72,138",0.2114230990409851,0.005100154783576727,False
S;D;R;T;H,E;H;A;L;R,"121,186,280,72,104",0.2114230990409851,0.005100154783576727,False
S;D;R;T;W,E;H;A;L;P,"121,186,280,72,159",0.3325510621070862,0.013807658106088638,False
S;D;R;T;S,E;H;A;L;Y,"121,186,280,72,242",0.2114230990409851,0.00520169734954834,False
S;D;R;T;A,E;H;A;L;F,"121,186,280,72,65",0.2114230990409851,0.005101276095956564,False
S;D;R;T;G,E;H;A;L;H,"121,186,280,72,251",0.2114230990409851,0.005102380644530058,False
S;D;R;T;L,E;H;A;L;P,"121,186,280,72,216",0.21107637882232666,0.005436575505882502,False
S;D;R;T;S,E;H;A;L;W,"121,186,280,72,58",0.2114230990409851,0.005100154783576727,False
S;D;R;T;A,E;H;A;L;E,"121,186,280,72,152",0.2114230990409851,0.005100154783576727,False
S;D;R;T;T,E;H;A;L;N,"121,186,280,72,88",0.2114230990409851,0.005119616165757179,False
S;D;R;T;T,E;H;A;L;N,"121,186,280,72,198",0.2114230990409851,0.005104337818920612,False
S;D;R;T;S,E;H;A;L;K,"121,186,280,72,58",0.2114230990409851,0.005100154783576727,False
S;D;R;T;L,E;H;A;L;C,"121,186,280,72,249",0.2114230990409851,0.005100150592625141,False
S;D;R;T;N,E;H;A;L;T,"121,186,280,72,190",0.21166503429412842,0.005104275420308113,False
S;D;R;T;S,E;H;A;L;V,"121,186,280,72,223",0.2114230990409851,0.005100154783576727,False
S;D;R;T;A,E;H;A;L;W,"121,186,280,72,65",0.2114230990409851,0.0051031638868153095,False
S;D;R;T;K,E;H;A;L;Y,"121,186,280,72,253",0.2114230990409851,0.00510023906826973,False
S;D;R;T;R,E;H;A;L;S,"121,186,280,72,90",0.2114230990409851,0.005570368841290474,False
S;D;R;T;T,E;H;A;L;M,"121,186,280,72,29",0.2114230990409851,0.005100154783576727,False
S;D;R;T;M,E;H;A;L;L,"121,186,280,72,262",0.2114230990409851,0.005100154783576727,False
S;D;R;T;A,E;H;A;L;L,"121,186,280,72,272",0.2114230990409851,0.005100154783576727,False
S;D;R;T;R,E;H;A;L;N,"121,186,280,72,90",0.2114230990409851,0.00533640943467617,False
S;D;R;T;R,E;H;A;L;T,"121,186,280,72,90",0.2114230990409851,0.005373458378016949,False
S;D;R;T;G,E;H;A;L;T,"121,186,280,72,254",0.2114230990409851,0.005100203212350607,False
S;D;R;T;R,E;H;A;L;P,"121,186,280,72,90",0.2114230990409851,0.0057487767189741135,False
S;D;R;T;N,E;H;A;L;Y,"121,186,280,72,37",0.2114230990409851,0.005100154783576727,False
S;D;R;T;Q,E;H;A;L;I,"121,186,280,72,182",0.8232222199440002,0.025041455402970314,True
S;D;R;T;R,E;H;A;L;A,"121,186,280,72,90",0.2114230990409851,0.005477525293827057,False
S;D;R;T;K,E;H;A;L;F,"121,186,280,72,253",0.2114230990409851,0.00510021299123764,False
S;D;R;T;Y,E;H;A;L;S,"121,186,280,72,63",0.2114230990409851,0.005102351773530245,False
S;D;R;T;Q,E;H;A;L;M,"121,186,280,72,127",0.21187007427215576,0.005331803113222122,False
S;D;R;T;Q,E;H;A;L;L,"121,186,280,72,182",0.6610025763511658,0.021119022741913795,True
S;D;R;T;K,E;H;A;L;A,"121,186,280,72,253",0.2114230990409851,0.005100297275930643,False
S;D;R;T;K,E;H;A;L;V,"121,186,280,72,253",0.2114230990409851,0.0051003266125917435,False
S;D;R;T;Q,E;H;A;L;F,"121,186,280,72,182",0.45163238048553467,0.016408132389187813,False
S;D;R;T;R,E;H;A;L;D,"121,186,280,72,90",0.2114230990409851,0.0058121224865317345,False
S;D;R;T;Q,E;H;A;L;A,"121,186,280,72,127",0.21178221702575684,0.005157757550477982,False
S;D;R;T;Y,E;H;A;L;T,"121,186,280,72,63",0.2114230990409851,0.0051017277874052525,False
S;D;R;T;Q,E;H;A;L;V,"121,186,280,72,182",0.7867966294288635,0.024008734151721,True
S;D;R;T;K,E;H;A;L;L,"121,186,280,72,253",0.2114230990409851,0.005100273992866278,False
S;D;R;T;C,E;H;A;L;S,"121,186,280,72,289",0.2114230990409851,0.005100154783576727,False
S;D;R;T;Y,E;H;A;L;G,"121,186,280,72,63",0.2114230990409851,0.005103969480842352,False
S;D;R;T;M,E;H;A;L;V,"121,186,280,72,154",0.2114230990409851,0.00510019063949585,False
S;D;R;T;Q,E;H;A;L;T,"121,186,280,72,127",0.2116052508354187,0.005127033684402704,False
S;D;R;T;A,E;H;A;L;D,"121,186,280,72,226",0.2114230990409851,0.005100208800286055,False
S;D;R;T;C,E;H;A;L;A,"121,186,280,72,289",0.2114230990409851,0.005100154783576727,False
S;D;R;T;R,E;H;A;L;Q,"121,186,280,72,224",0.2114230990409851,0.005100154783576727,False
S;D;R;T;N,E;H;A;L;K,"121,186,280,72,233",0.2114230990409851,0.005126976873725653,False
S;D;R;T;S,E;H;A;L;E,"121,186,280,72,136",0.2114230990409851,0.005100154783576727,False
S;D;R;T;S,E;H;A;L;F,"121,186,280,72,238",0.4964901804924011,0.01722288317978382,False
S;D;R;T;S,E;H;A;L;Q,"121,186,280,72,188",0.21141564846038818,0.005107865668833256,False
S;D;R;T;S,E;H;A;L;H,"121,186,280,72,214",0.23447948694229126,0.010537869296967983,False
S;D;R;T;L,E;H;A;L;F,"121,186,280,72,117",0.2114230990409851,0.005108834709972143,False
S;D;R;T;Q,E;H;A;L;Y,"121,186,280,72,119",0.21120840311050415,0.005204816348850727,False
S;D;R;T;G,E;H;A;L;A,"121,186,280,72,165",0.23108232021331787,0.010634695179760456,False
S;D;R;T;I,E;H;A;L;R,"121,186,280,72,168",0.21057343482971191,0.005343437194824219,False
S;D;R;T;N,E;H;A;L;H,"121,186,280,72,205",0.2114230990409851,0.009641658514738083,False
S;D;R;T;S,E;H;A;L;Y,"121,186,280,72,269",0.2114230990409851,0.005100154783576727,False
S;D;R;T;S,E;H;A;L;T,"121,186,280,72,214",0.20901858806610107,0.006481400690972805,False
S;D;R;T;I,E;H;A;L;R,"121,186,280,72,218",0.21078729629516602,0.0053880601190030575,False
S;D;R;T;P,E;H;A;L;K,"121,186,280,72,120",0.4196961522102356,0.014784562401473522,False
S;D;R;T;M,E;H;A;L;H,"121,186,280,72,161",0.25641828775405884,0.011232188902795315,False
S;D;R;T;I,E;H;A;L;H,"121,186,280,72,168",0.210601806640625,0.005393995903432369,False
S;D;R;T;N,E;H;A;L;K,"121,186,280,72,114",0.2114230990409851,0.005101148504763842,False
S;D;R;T;P,E;H;A;L;V,"121,186,280,72,184",0.577012300491333,0.02049289271235466,False
S;D;R;T;W,E;H;A;L;P,"121,186,280,72,185",0.3724215030670166,0.014637529850006104,False
S;D;R;T;S,E;H;A;L;H,"121,186,280,72,187",0.20869916677474976,0.005056040361523628,False
S;D;R;T;S,E;H;A;L;P,"121,186,280,72,188",0.21058928966522217,0.005082098767161369,False
S;D;R;T;T,E;H;A;L;Y,"121,186,280,72,189",0.20411187410354614,0.0051122140139341354,False
S;D;R;T;F,E;H;A;L;M,"121,186,280,72,191",0.21142375469207764,0.005099584814161062,False
S;D;R;T;S,E;H;A;M;N,"121,186,280,51,124",0.21113252639770508,0.0051403227262198925,False
S;D;R;T;G,E;H;A;M;Q,"121,186,280,51,243",0.2114230990409851,0.005152364261448383,False
S;D;R;T;G,E;H;A;M;L,"121,186,280,51,243",0.2114230990409851,0.005169397220015526,False
S;D;R;T;T,E;H;A;M;E,"121,186,280,51,270",0.2114230990409851,0.005100154783576727,False
S;D;R;T;R,E;H;A;M;V,"121,186,280,51,34",0.2114230990409851,0.005100154783576727,False
S;D;R;T;G,E;H;A;M;K,"121,186,280,51,243",0.2114230990409851,0.00511147128418088,False
S;D;R;T;D,E;H;A;M;Q,"121,186,280,51,220",0.2114230990409851,0.005097228568047285,False
S;D;R;T;S,E;H;A;M;K,"121,186,280,51,124",0.21114331483840942,0.005177117884159088,False
S;D;R;T;F,E;H;A;M;E,"121,186,280,51,271",0.2114230990409851,0.005100154783576727,False
S;D;R;T;G,E;H;A;M;Q,"121,186,280,51,164",0.2213585376739502,0.010384141467511654,False
S;D;R;T;A,E;H;A;M;D,"121,186,280,51,130",0.2114230990409851,0.005100943148136139,False
S;D;R;T;W,E;H;A;M;C,"121,186,280,51,257",0.2114230990409851,0.00510046910494566,False
S;D;R;T;Q,E;H;A;M;N,"121,186,280,51,127",0.21139925718307495,0.00513057503849268,False
S;D;R;T;Q,E;H;A;M;R,"121,186,280,51,127",0.21131068468093872,0.005135452840477228,False
S;D;R;T;S,E;H;A;M;M,"121,186,280,51,238",0.3914560079574585,0.014548390172421932,False
S;D;R;T;F,E;H;A;M;M,"121,186,280,51,271",0.2114230990409851,0.005100154783576727,False
S;D;R;T;S,E;H;A;M;A,"121,186,280,51,124",0.21172010898590088,0.0051187570206820965,False
S;D;R;T;G,E;H;A;M;I,"121,186,280,51,243",0.2114230990409851,0.005178353283554316,False
S;D;R;T;Q,E;H;A;M;I,"121,186,280,51,127",0.2120392918586731,0.005480604246258736,False
S;D;R;T;A,E;H;A;M;V,"121,186,280,51,65",0.2114230990409851,0.005100254435092211,False
S;D;R;T;Q,E;H;A;M;E,"121,186,280,51,133",0.2114230990409851,0.005100154783576727,False
S;D;R;T;S,E;H;A;M;T,"121,186,280,51,124",0.2114085555076599,0.005121960304677486,False
S;D;R;T;Q,E;H;A;M;K,"121,186,280,51,127",0.2113664150238037,0.0051306262612342834,False
S;D;R;T;Q,E;H;A;M;W,"121,186,280,51,133",0.2114230990409851,0.005100154783576727,False
S;D;R;T;T,E;H;A;M;D,"121,186,280,51,88",0.2114230990409851,0.005293782334774733,False
S;D;R;T;R,E;H;A;M;N,"121,186,280,51,132",0.2114230990409851,0.005100154783576727,False
S;D;R;T;Q,E;H;A;M;D,"121,186,280,51,127",0.21142351627349854,0.00510561466217041,False
S;D;R;T;A,E;H;A;M;Y,"121,186,280,51,215",0.5181929469108582,0.017855964601039886,False
S;D;R;T;L,E;H;A;M;K,"121,186,280,51,249",0.2114230990409851,0.005100248847156763,False
S;D;R;T;R,E;H;A;M;Y,"121,186,280,51,123",0.21114730834960938,0.005268677603453398,False
S;D;R;T;F,E;H;A;M;W,"121,186,280,51,271",0.2114230990409851,0.005100154783576727,False
S;D;R;T;S,E;H;A;M;D,"121,186,280,51,58",0.2114230990409851,0.005100154783576727,False
S;D;R;T;N,E;H;A;M;I,"121,186,280,51,37",0.2114230990409851,0.005100154783576727,False
S;D;R;T;C,E;H;A;M;D,"121,186,280,51,289",0.2114230990409851,0.005100154783576727,False
S;D;R;T;A,E;H;A;M;P,"121,186,280,51,152",0.2114230990409851,0.005100154783576727,False
S;D;R;T;G,E;H;A;M;P,"121,186,280,51,243",0.2114230990409851,0.00511316629126668,False
S;D;R;T;S,E;H;A;M;E,"121,186,280,51,115",0.2114230990409851,0.005098703317344189,False
S;D;R;T;L,E;H;A;M;Q,"121,186,280,51,216",0.21096736192703247,0.005504149477928877,False
S;D;R;T;N,E;H;A;M;P,"121,186,280,51,277",0.2114230990409851,0.0051004718989133835,False
S;D;R;T;R,E;H;A;M;Q,"121,186,280,51,132",0.2114230990409851,0.005100154783576727,False
S;D;R;T;N,E;H;A;M;Y,"121,186,280,51,244",0.2114230990409851,0.005349192302674055,False
S;D;R;T;H,E;H;A;M;T,"121,186,280,51,104",0.2114230990409851,0.005100154783576727,False
S;D;R;T;S,E;H;A;M;V,"121,186,280,51,58",0.2114230990409851,0.005100154783576727,False
S;D;R;T;H,E;H;A;M;L,"121,186,280,51,104",0.2114230990409851,0.005100154783576727,False
S;D;R;T;P,E;H;A;M;Q,"121,186,280,51,38",0.2114230990409851,0.005100154783576727,False
S;D;R;T;R,E;H;A;M;L,"121,186,280,51,53",0.2114230990409851,0.005100154783576727,False
S;D;R;T;A,E;H;A;M;T,"121,186,280,51,180",0.2114230990409851,0.005168928764760494,False
S;D;R;T;P,E;H;A;M;D,"121,186,280,51,197",0.2114230990409851,0.005100267007946968,False
S;D;R;T;T,E;H;A;M;V,"121,186,280,51,198",0.2114230990409851,0.005121064838021994,False
S;D;R;T;A,E;H;A;M;M,"121,186,280,51,135",0.2114230990409851,0.005100154783576727,False
S;D;R;T;I,E;H;A;M;L,"121,186,280,51,111",0.2114230990409851,0.0051019759848713875,False
S;D;R;T;G,E;H;A;M;S,"121,186,280,51,243",0.2114230990409851,0.005106414668262005,False
S;D;R;T;Q,E;H;A;M;L,"121,186,280,51,127",0.21198636293411255,0.005414588376879692,False
S;D;R;T;Q,E;H;A;M;H,"121,186,280,51,127",0.21144551038742065,0.005106559954583645,False
S;D;R;T;W,E;H;A;M;I,"121,186,280,51,159",0.2871308922767639,0.012252605520188808,False
S;D;R;T;Q,E;H;A;M;P,"121,186,280,51,127",0.21156853437423706,0.005149149801582098,False
S;D;R;T;S,E;H;A;M;N,"121,186,280,51,103",0.2114230990409851,0.005100154783576727,False
S;D;R;T;A,E;H;A;M;Y,"121,186,280,51,179",0.2114230990409851,0.005302961450070143,False
S;D;R;T;W,E;H;A;M;K,"121,186,280,51,257",0.2114230990409851,0.00510042067617178,False
S;D;R;T;L,E;H;A;M;M,"121,186,280,51,216",0.21123051643371582,0.005181933753192425,False
S;D;R;T;Q,E;H;A;M;E,"121,186,280,51,127",0.2114471197128296,0.005164889618754387,False
S;D;R;T;G,E;H;A;M;A,"121,186,280,51,243",0.2114230990409851,0.005112893413752317,False
S;D;R;T;A,E;H;A;M;N,"121,186,280,51,226",0.2114230990409851,0.005100150592625141,False
S;D;R;T;L,E;H;A;M;I,"121,186,280,51,216",0.21147745847702026,0.0051042465493083,False
S;D;R;T;C,E;H;A;M;L,"121,186,280,51,289",0.2114230990409851,0.005100154783576727,False
S;D;R;T;S,E;H;A;M;E,"121,186,280,51,207",0.631908118724823,0.020532064139842987,False
S;D;R;T;M,E;H;A;M;L,"121,186,280,51,154",0.2114230990409851,0.005100178066641092,False
S;D;R;T;M,E;H;A;M;P,"121,186,280,51,222",0.2114230990409851,0.005099221598356962,False
S;D;R;T;G,E;H;A;M;T,"121,186,280,51,251",0.2114230990409851,0.005100941751152277,False
S;D;R;T;P,E;H;A;M;L,"121,186,280,51,38",0.2114230990409851,0.005100154783576727,False
S;D;R;T;L,E;H;A;M;W,"121,186,280,51,216",0.21092593669891357,0.0054727764800190926,False
S;D;R;T;S,E;H;A;M;P,"121,186,280,51,245",0.2114230990409851,0.005103833507746458,False
S;D;R;T;I,E;H;A;M;W,"121,186,280,51,111",0.2114230990409851,0.005336839240044355,False
S;D;R;T;L,E;H;A;M;D,"121,186,280,51,249",0.2114230990409851,0.005101892631500959,False
S;D;R;T;D,E;H;A;M;K,"121,186,280,51,263",0.2114230990409851,0.005100154783576727,False
S;D;R;T;L,E;H;A;M;E,"121,186,280,51,216",0.21085917949676514,0.005935253109782934,False
S;D;R;T;I,E;H;A;M;H,"121,186,280,51,145",0.2114230990409851,0.005100154783576727,False
S;D;R;T;I,E;H;A;M;L,"121,186,280,51,145",0.2114230990409851,0.005100154783576727,False
S;D;R;T;H,E;H;A;M;M,"121,186,280,51,104",0.2114230990409851,0.005100154783576727,False
S;D;R;T;L,E;H;A;M;F,"121,186,280,51,216",0.21125292778015137,0.005162311252206564,False
S;D;R;T;S,E;H;A;M;D,"121,186,280,51,103",0.2114230990409851,0.005100154783576727,False
S;D;R;T;I,E;H;A;M;V,"121,186,280,51,200",0.2114366888999939,0.005114939529448748,False
S;D;R;T;T,E;H;A;M;K,"121,186,280,51,88",0.2114230990409851,0.005151055753231049,False
S;D;R;T;N,E;H;A;M;K,"121,186,280,51,138",0.2114230990409851,0.005100154783576727,False
S;D;R;T;A,E;H;A;M;L,"121,186,280,51,65",0.2114230990409851,0.005100448615849018,False
S;D;R;T;Q,E;H;A;M;T,"121,186,280,51,91",0.2114230990409851,0.005134711507707834,False
S;D;R;T;G,E;H;A;M;D,"121,186,280,51,163",0.405320942401886,0.01563619077205658,False
S;D;R;T;A,E;H;A;M;M,"121,186,280,51,65",0.2114230990409851,0.005100935231894255,False
S;D;R;T;K,E;H;A;M;L,"121,186,280,51,252",0.2114230990409851,0.00510022509843111,False
S;D;R;T;V,E;H;A;M;D,"121,186,280,51,57",0.2114230990409851,0.005100154783576727,False
S;D;R;T;Q,E;H;A;M;V,"121,186,280,51,127",0.21200025081634521,0.005395561922341585,False
S;D;R;T;V,E;H;A;M;C,"121,186,280,51,281",0.2114230990409851,0.005123680457472801,False
S;D;R;T;T,E;H;A;M;V,"121,186,280,51,72",0.2114230990409851,0.005100154783576727,False
S;D;R;T;Q,E;H;A;M;N,"121,186,280,51,133",0.2114230990409851,0.005100154783576727,False
S;D;R;T;R,E;H;A;M;K,"121,186,280,51,53",0.2114230990409851,0.005100154783576727,False
S;D;R;T;S,E;H;A;M;P,"121,186,280,51,125",0.21141737699508667,0.005113476887345314,False
S;D;R;T;T,E;H;A;M;Q,"121,186,280,51,88",0.2114230990409851,0.005128649994730949,False
S;D;R;T;N,E;H;A;M;L,"121,186,280,51,138",0.2114230990409851,0.005100154783576727,False
S;D;R;T;H,E;H;A;M;R,"121,186,280,51,104",0.2114230990409851,0.005100154783576727,False
S;D;R;T;W,E;H;A;M;P,"121,186,280,51,159",0.3325510621070862,0.013807658106088638,False
S;D;R;T;S,E;H;A;M;Y,"121,186,280,51,242",0.2114230990409851,0.00520169734954834,False
S;D;R;T;A,E;H;A;M;F,"121,186,280,51,65",0.2114230990409851,0.005101276095956564,False
S;D;R;T;G,E;H;A;M;H,"121,186,280,51,251",0.2114230990409851,0.005102380644530058,False
S;D;R;T;L,E;H;A;M;P,"121,186,280,51,216",0.21107637882232666,0.005436575505882502,False
S;D;R;T;S,E;H;A;M;W,"121,186,280,51,58",0.2114230990409851,0.005100154783576727,False
S;D;R;T;A,E;H;A;M;E,"121,186,280,51,152",0.2114230990409851,0.005100154783576727,False
S;D;R;T;T,E;H;A;M;N,"121,186,280,51,88",0.2114230990409851,0.005119616165757179,False
S;D;R;T;T,E;H;A;M;N,"121,186,280,51,198",0.2114230990409851,0.005104337818920612,False
S;D;R;T;S,E;H;A;M;K,"121,186,280,51,58",0.2114230990409851,0.005100154783576727,False
S;D;R;T;L,E;H;A;M;C,"121,186,280,51,249",0.2114230990409851,0.005100150592625141,False
S;D;R;T;N,E;H;A;M;T,"121,186,280,51,190",0.21166503429412842,0.005104275420308113,False
S;D;R;T;S,E;H;A;M;V,"121,186,280,51,223",0.2114230990409851,0.005100154783576727,False
S;D;R;T;A,E;H;A;M;W,"121,186,280,51,65",0.2114230990409851,0.0051031638868153095,False
S;D;R;T;K,E;H;A;M;Y,"121,186,280,51,253",0.2114230990409851,0.00510023906826973,False
S;D;R;T;R,E;H;A;M;S,"121,186,280,51,90",0.2114230990409851,0.005570368841290474,False
S;D;R;T;T,E;H;A;M;M,"121,186,280,51,29",0.2114230990409851,0.005100154783576727,False
S;D;R;T;M,E;H;A;M;L,"121,186,280,51,262",0.2114230990409851,0.005100154783576727,False
S;D;R;T;A,E;H;A;M;L,"121,186,280,51,272",0.2114230990409851,0.005100154783576727,False
S;D;R;T;R,E;H;A;M;N,"121,186,280,51,90",0.2114230990409851,0.00533640943467617,False
S;D;R;T;R,E;H;A;M;T,"121,186,280,51,90",0.2114230990409851,0.005373458378016949,False
S;D;R;T;G,E;H;A;M;T,"121,186,280,51,254",0.2114230990409851,0.005100203212350607,False
S;D;R;T;R,E;H;A;M;P,"121,186,280,51,90",0.2114230990409851,0.0057487767189741135,False
S;D;R;T;N,E;H;A;M;Y,"121,186,280,51,37",0.2114230990409851,0.005100154783576727,False
S;D;R;T;Q,E;H;A;M;I,"121,186,280,51,182",0.8232222199440002,0.025041455402970314,True
S;D;R;T;R,E;H;A;M;A,"121,186,280,51,90",0.2114230990409851,0.005477525293827057,False
S;D;R;T;K,E;H;A;M;F,"121,186,280,51,253",0.2114230990409851,0.00510021299123764,False
S;D;R;T;Y,E;H;A;M;S,"121,186,280,51,63",0.2114230990409851,0.005102351773530245,False
S;D;R;T;Q,E;H;A;M;M,"121,186,280,51,127",0.21187007427215576,0.005331803113222122,False
S;D;R;T;Q,E;H;A;M;L,"121,186,280,51,182",0.6610025763511658,0.021119022741913795,True
S;D;R;T;K,E;H;A;M;A,"121,186,280,51,253",0.2114230990409851,0.005100297275930643,False
S;D;R;T;K,E;H;A;M;V,"121,186,280,51,253",0.2114230990409851,0.0051003266125917435,False
S;D;R;T;Q,E;H;A;M;F,"121,186,280,51,182",0.45163238048553467,0.016408132389187813,False
S;D;R;T;R,E;H;A;M;D,"121,186,280,51,90",0.2114230990409851,0.0058121224865317345,False
S;D;R;T;Q,E;H;A;M;A,"121,186,280,51,127",0.21178221702575684,0.005157757550477982,False
S;D;R;T;Y,E;H;A;M;T,"121,186,280,51,63",0.2114230990409851,0.0051017277874052525,False
S;D;R;T;Q,E;H;A;M;V,"121,186,280,51,182",0.7867966294288635,0.024008734151721,True
S;D;R;T;K,E;H;A;M;L,"121,186,280,51,253",0.2114230990409851,0.005100273992866278,False
S;D;R;T;C,E;H;A;M;S,"121,186,280,51,289",0.2114230990409851,0.005100154783576727,False
S;D;R;T;Y,E;H;A;M;G,"121,186,280,51,63",0.2114230990409851,0.005103969480842352,False
S;D;R;T;M,E;H;A;M;V,"121,186,280,51,154",0.2114230990409851,0.00510019063949585,False
S;D;R;T;Q,E;H;A;M;T,"121,186,280,51,127",0.2116052508354187,0.005127033684402704,False
S;D;R;T;A,E;H;A;M;D,"121,186,280,51,226",0.2114230990409851,0.005100208800286055,False
S;D;R;T;C,E;H;A;M;A,"121,186,280,51,289",0.2114230990409851,0.005100154783576727,False
S;D;R;T;R,E;H;A;M;Q,"121,186,280,51,224",0.2114230990409851,0.005100154783576727,False
S;D;R;T;N,E;H;A;M;K,"121,186,280,51,233",0.2114230990409851,0.005126976873725653,False
S;D;R;T;S,E;H;A;M;E,"121,186,280,51,136",0.2114230990409851,0.005100154783576727,False
S;D;R;T;S,E;H;A;M;F,"121,186,280,51,238",0.4964901804924011,0.01722288317978382,False
S;D;R;T;S,E;H;A;M;Q,"121,186,280,51,188",0.21141564846038818,0.005107865668833256,False
S;D;R;T;S,E;H;A;M;H,"121,186,280,51,214",0.23447948694229126,0.010537869296967983,False
S;D;R;T;L,E;H;A;M;F,"121,186,280,51,117",0.2114230990409851,0.005108834709972143,False
S;D;R;T;Q,E;H;A;M;Y,"121,186,280,51,119",0.21120840311050415,0.005204816348850727,False
S;D;R;T;G,E;H;A;M;A,"121,186,280,51,165",0.23108232021331787,0.010634695179760456,False
S;D;R;T;I,E;H;A;M;R,"121,186,280,51,168",0.21057343482971191,0.005343437194824219,False
S;D;R;T;N,E;H;A;M;H,"121,186,280,51,205",0.2114230990409851,0.009641658514738083,False
S;D;R;T;S,E;H;A;M;Y,"121,186,280,51,269",0.2114230990409851,0.005100154783576727,False
S;D;R;T;S,E;H;A;M;T,"121,186,280,51,214",0.20901858806610107,0.006481400690972805,False
S;D;R;T;I,E;H;A;M;R,"121,186,280,51,218",0.21078729629516602,0.0053880601190030575,False
S;D;R;T;P,E;H;A;M;K,"121,186,280,51,120",0.4196961522102356,0.014784562401473522,False
S;D;R;T;M,E;H;A;M;H,"121,186,280,51,161",0.25641828775405884,0.011232188902795315,False
S;D;R;T;I,E;H;A;M;H,"121,186,280,51,168",0.210601806640625,0.005393995903432369,False
S;D;R;T;N,E;H;A;M;K,"121,186,280,51,114",0.2114230990409851,0.005101148504763842,False
S;D;R;T;P,E;H;A;M;V,"121,186,280,51,184",0.577012300491333,0.02049289271235466,False
S;D;R;T;W,E;H;A;M;P,"121,186,280,51,185",0.3724215030670166,0.014637529850006104,False
S;D;R;T;S,E;H;A;M;H,"121,186,280,51,187",0.20869916677474976,0.005056040361523628,False
S;D;R;T;S,E;H;A;M;P,"121,186,280,51,188",0.21058928966522217,0.005082098767161369,False
S;D;R;T;T,E;H;A;M;Y,"121,186,280,51,189",0.20411187410354614,0.0051122140139341354,False
S;D;R;T;F,E;H;A;M;M,"121,186,280,51,191",0.21142375469207764,0.005099584814161062,False
S;D;R;T;S,E;H;A;Y;N,"121,186,280,189,124",0.20391446352005005,0.005155057180672884,False
S;D;R;T;G,E;H;A;Y;Q,"121,186,280,189,243",0.20411187410354614,0.005164423491805792,False
S;D;R;T;G,E;H;A;Y;L,"121,186,280,189,243",0.20411187410354614,0.005181456916034222,False
S;D;R;T;T,E;H;A;Y;E,"121,186,280,189,270",0.20411187410354614,0.0051122140139341354,False
S;D;R;T;R,E;H;A;Y;V,"121,186,280,189,34",0.20411187410354614,0.0051122140139341354,False
S;D;R;T;G,E;H;A;Y;K,"121,186,280,189,243",0.20411187410354614,0.005123530514538288,False
S;D;R;T;D,E;H;A;Y;Q,"121,186,280,189,220",0.20411187410354614,0.0050998106598854065,False
S;D;R;T;S,E;H;A;Y;K,"121,186,280,189,124",0.2039198875427246,0.005196701735258102,False
S;D;R;T;F,E;H;A;Y;E,"121,186,280,189,271",0.20411187410354614,0.0051122140139341354,False
S;D;R;T;G,E;H;A;Y;Q,"121,186,280,189,164",0.2131967544555664,0.010400944389402866,False
S;D;R;T;A,E;H;A;Y;D,"121,186,280,189,130",0.20411187410354614,0.005113225895911455,False
S;D;R;T;W,E;H;A;Y;C,"121,186,280,189,257",0.20411187410354614,0.005112429149448872,False
S;D;R;T;Q,E;H;A;Y;N,"121,186,280,189,127",0.2040920853614807,0.005141266621649265,False
S;D;R;T;Q,E;H;A;Y;R,"121,186,280,189,127",0.20402169227600098,0.005148675758391619,False
S;D;R;T;S,E;H;A;Y;M,"121,186,280,189,238",0.3914560079574585,0.014564022421836853,False
S;D;R;T;F,E;H;A;Y;M,"121,186,280,189,271",0.20411187410354614,0.0051122140139341354,False
S;D;R;T;S,E;H;A;Y;A,"121,186,280,189,124",0.2043132781982422,0.005131903104484081,False
S;D;R;T;G,E;H;A;Y;I,"121,186,280,189,243",0.20411187410354614,0.005190412513911724,False
S;D;R;T;Q,E;H;A;Y;I,"121,186,280,189,127",0.2045798897743225,0.0054917111992836,False
S;D;R;T;A,E;H;A;Y;V,"121,186,280,189,65",0.20411187410354614,0.005112314131110907,False
S;D;R;T;Q,E;H;A;Y;E,"121,186,280,189,133",0.20411187410354614,0.0051122140139341354,False
S;D;R;T;S,E;H;A;Y;T,"121,186,280,189,124",0.2040950059890747,0.0051376475021243095,False
S;D;R;T;Q,E;H;A;Y;K,"121,186,280,189,127",0.20407217741012573,0.005141279194504023,False
S;D;R;T;Q,E;H;A;Y;W,"121,186,280,189,133",0.20411187410354614,0.0051122140139341354,False
S;D;R;T;T,E;H;A;Y;D,"121,186,280,189,88",0.20411187410354614,0.005307722836732864,False
S;D;R;T;R,E;H;A;Y;N,"121,186,280,189,132",0.20411187410354614,0.0051122140139341354,False
S;D;R;T;Q,E;H;A;Y;D,"121,186,280,189,127",0.2041102647781372,0.0051187193021178246,False
S;D;R;T;A,E;H;A;Y;Y,"121,186,280,189,215",0.519349217414856,0.017799846827983856,False
S;D;R;T;L,E;H;A;Y;K,"121,186,280,189,249",0.20411187410354614,0.005112308543175459,False
S;D;R;T;R,E;H;A;Y;Y,"121,186,280,189,123",0.20384955406188965,0.0052915397100150585,False
S;D;R;T;F,E;H;A;Y;W,"121,186,280,189,271",0.20411187410354614,0.0051122140139341354,False
S;D;R;T;S,E;H;A;Y;D,"121,186,280,189,58",0.20411187410354614,0.0051122140139341354,False
S;D;R;T;N,E;H;A;Y;I,"121,186,280,189,37",0.20411187410354614,0.0051122140139341354,False
S;D;R;T;C,E;H;A;Y;D,"121,186,280,189,289",0.20411187410354614,0.0051122140139341354,False
S;D;R;T;A,E;H;A;Y;P,"121,186,280,189,152",0.20411187410354614,0.0051122140139341354,False
S;D;R;T;G,E;H;A;Y;P,"121,186,280,189,243",0.20411187410354614,0.005125225987285376,False
S;D;R;T;S,E;H;A;Y;E,"121,186,280,189,115",0.20411187410354614,0.005110983271151781,False
S;D;R;T;L,E;H;A;Y;Q,"121,186,280,189,216",0.2037641406059265,0.005543572828173637,False
S;D;R;T;N,E;H;A;Y;P,"121,186,280,189,277",0.20411187410354614,0.005112531594932079,False
S;D;R;T;R,E;H;A;Y;Q,"121,186,280,189,132",0.20411187410354614,0.0051122140139341354,False
S;D;R;T;N,E;H;A;Y;Y,"121,186,280,189,244",0.20411187410354614,0.0053611937910318375,False
S;D;R;T;H,E;H;A;Y;T,"121,186,280,189,104",0.20411187410354614,0.0051122140139341354,False
S;D;R;T;S,E;H;A;Y;V,"121,186,280,189,58",0.20411187410354614,0.0051122140139341354,False
S;D;R;T;H,E;H;A;Y;L,"121,186,280,189,104",0.20411187410354614,0.0051122140139341354,False
S;D;R;T;P,E;H;A;Y;Q,"121,186,280,189,38",0.20411187410354614,0.0051122140139341354,False
S;D;R;T;R,E;H;A;Y;L,"121,186,280,189,53",0.20411187410354614,0.0051122140139341354,False
S;D;R;T;A,E;H;A;Y;T,"121,186,280,189,180",0.20411187410354614,0.005182433873414993,False
S;D;R;T;P,E;H;A;Y;D,"121,186,280,189,197",0.20411187410354614,0.005112326238304377,False
S;D;R;T;T,E;H;A;Y;V,"121,186,280,189,198",0.20411187410354614,0.005131864454597235,False
S;D;R;T;A,E;H;A;Y;M,"121,186,280,189,135",0.20411187410354614,0.0051122140139341354,False
S;D;R;T;I,E;H;A;Y;L,"121,186,280,189,111",0.20411187410354614,0.00511417118832469,False
S;D;R;T;G,E;H;A;Y;S,"121,186,280,189,243",0.20411187410354614,0.005118473898619413,False
S;D;R;T;Q,E;H;A;Y;L,"121,186,280,189,127",0.20454031229019165,0.005425756797194481,False
S;D;R;T;Q,E;H;A;Y;H,"121,186,280,189,127",0.20413053035736084,0.005118569824844599,False
S;D;R;T;W,E;H;A;Y;I,"121,186,280,189,159",0.2871308922767639,0.012220834381878376,False
S;D;R;T;Q,E;H;A;Y;P,"121,186,280,189,127",0.20422762632369995,0.00515824556350708,False
S;D;R;T;S,E;H;A;Y;N,"121,186,280,189,103",0.20411187410354614,0.0051122140139341354,False
S;D;R;T;A,E;H;A;Y;Y,"121,186,280,189,179",0.20411187410354614,0.00531672453507781,False
S;D;R;T;W,E;H;A;Y;K,"121,186,280,189,257",0.20411187410354614,0.00511251762509346,False
S;D;R;T;L,E;H;A;Y;M,"121,186,280,189,216",0.20396029949188232,0.005223181564360857,False
S;D;R;T;Q,E;H;A;Y;E,"121,186,280,189,127",0.20412993431091309,0.005179779604077339,False
S;D;R;T;G,E;H;A;Y;A,"121,186,280,189,243",0.20411187410354614,0.005124953109771013,False
S;D;R;T;A,E;H;A;Y;N,"121,186,280,189,226",0.20411187410354614,0.00511220982298255,False
S;D;R;T;L,E;H;A;Y;I,"121,186,280,189,216",0.20415449142456055,0.0051253135316073895,False
S;D;R;T;C,E;H;A;Y;L,"121,186,280,189,289",0.20411187410354614,0.0051122140139341354,False
S;D;R;T;S,E;H;A;Y;E,"121,186,280,189,207",0.631908118724823,0.020550422370433807,False
S;D;R;T;M,E;H;A;Y;L,"121,186,280,189,154",0.20411187410354614,0.005112237762659788,False
S;D;R;T;M,E;H;A;Y;P,"121,186,280,189,222",0.20411187410354614,0.00510807242244482,False
S;D;R;T;G,E;H;A;Y;T,"121,186,280,189,251",0.20411187410354614,0.005113001447170973,False
S;D;R;T;P,E;H;A;Y;L,"121,186,280,189,38",0.20411187410354614,0.0051122140139341354,False
S;D;R;T;L,E;H;A;Y;W,"121,186,280,189,216",0.20372360944747925,0.005572269205003977,False
S;D;R;T;S,E;H;A;Y;P,"121,186,280,189,245",0.20411187410354614,0.005115898326039314,False
S;D;R;T;I,E;H;A;Y;W,"121,186,280,189,111",0.20411187410354614,0.00535022234544158,False
S;D;R;T;L,E;H;A;Y;D,"121,186,280,189,249",0.20411187410354614,0.005113952327519655,False
S;D;R;T;D,E;H;A;Y;K,"121,186,280,189,263",0.20411187410354614,0.0051122140139341354,False
S;D;R;T;L,E;H;A;Y;E,"121,186,280,189,216",0.2036834955215454,0.0060592652298510075,False
S;D;R;T;I,E;H;A;Y;H,"121,186,280,189,145",0.20411187410354614,0.0051122140139341354,False
S;D;R;T;I,E;H;A;Y;L,"121,186,280,189,145",0.20411187410354614,0.0051122140139341354,False
S;D;R;T;H,E;H;A;Y;M,"121,186,280,189,104",0.20411187410354614,0.0051122140139341354,False
S;D;R;T;L,E;H;A;Y;F,"121,186,280,189,216",0.20397651195526123,0.005235954653471708,False
S;D;R;T;S,E;H;A;Y;D,"121,186,280,189,103",0.20411187410354614,0.0051122140139341354,False
S;D;R;T;I,E;H;A;Y;V,"121,186,280,189,200",0.20412427186965942,0.005094903986901045,False
S;D;R;T;T,E;H;A;Y;K,"121,186,280,189,88",0.20411187410354614,0.005163418594747782,False
S;D;R;T;N,E;H;A;Y;K,"121,186,280,189,138",0.20411187410354614,0.0051122140139341354,False
S;D;R;T;A,E;H;A;Y;L,"121,186,280,189,65",0.20411187410354614,0.005112507846206427,False
S;D;R;T;Q,E;H;A;Y;T,"121,186,280,189,91",0.20411187410354614,0.005146290175616741,False
S;D;R;T;G,E;H;A;Y;D,"121,186,280,189,163",0.4056837558746338,0.015697471797466278,False
S;D;R;T;A,E;H;A;Y;M,"121,186,280,189,65",0.20411187410354614,0.005112994462251663,False
S;D;R;T;K,E;H;A;Y;L,"121,186,280,189,252",0.20411187410354614,0.005112284794449806,False
S;D;R;T;V,E;H;A;Y;D,"121,186,280,189,57",0.20411187410354614,0.0051122140139341354,False
S;D;R;T;Q,E;H;A;Y;V,"121,186,280,189,127",0.20454871654510498,0.005405955482274294,False
S;D;R;T;V,E;H;A;Y;C,"121,186,280,189,281",0.20411187410354614,0.005135748069733381,False
S;D;R;T;T,E;H;A;Y;V,"121,186,280,189,72",0.20411187410354614,0.0051122140139341354,False
S;D;R;T;Q,E;H;A;Y;N,"121,186,280,189,133",0.20411187410354614,0.0051122140139341354,False
S;D;R;T;R,E;H;A;Y;K,"121,186,280,189,53",0.20411187410354614,0.0051122140139341354,False
S;D;R;T;S,E;H;A;Y;P,"121,186,280,189,125",0.20411688089370728,0.005125568248331547,False
S;D;R;T;T,E;H;A;Y;Q,"121,186,280,189,88",0.20411187410354614,0.005141884554177523,False
S;D;R;T;N,E;H;A;Y;L,"121,186,280,189,138",0.20411187410354614,0.0051122140139341354,False
S;D;R;T;H,E;H;A;Y;R,"121,186,280,189,104",0.20411187410354614,0.0051122140139341354,False
S;D;R;T;W,E;H;A;Y;P,"121,186,280,189,159",0.3325510621070862,0.013792046345770359,False
S;D;R;T;S,E;H;A;Y;Y,"121,186,280,189,242",0.20411187410354614,0.005213785916566849,False
S;D;R;T;A,E;H;A;Y;F,"121,186,280,189,65",0.20411187410354614,0.0051133353263139725,False
S;D;R;T;G,E;H;A;Y;H,"121,186,280,189,251",0.20411187410354614,0.005114440340548754,False
S;D;R;T;L,E;H;A;Y;P,"121,186,280,189,216",0.2038431167602539,0.0054576159454882145,False
S;D;R;T;S,E;H;A;Y;W,"121,186,280,189,58",0.20411187410354614,0.0051122140139341354,False
S;D;R;T;A,E;H;A;Y;E,"121,186,280,189,152",0.20411187410354614,0.0051122140139341354,False
S;D;R;T;T,E;H;A;Y;N,"121,186,280,189,88",0.20411187410354614,0.005132539197802544,False
S;D;R;T;T,E;H;A;Y;N,"121,186,280,189,198",0.20411187410354614,0.005117380525916815,False
S;D;R;T;S,E;H;A;Y;K,"121,186,280,189,58",0.20411187410354614,0.0051122140139341354,False
S;D;R;T;L,E;H;A;Y;C,"121,186,280,189,249",0.20411187410354614,0.00511220982298255,False
S;D;R;T;N,E;H;A;Y;T,"121,186,280,189,190",0.20429807901382446,0.0051070270128548145,False
S;D;R;T;S,E;H;A;Y;V,"121,186,280,189,223",0.20411187410354614,0.0051122140139341354,False
S;D;R;T;A,E;H;A;Y;W,"121,186,280,189,65",0.20411187410354614,0.005115223582834005,False
S;D;R;T;K,E;H;A;Y;Y,"121,186,280,189,253",0.20411187410354614,0.0051122987642884254,False
S;D;R;T;R,E;H;A;Y;S,"121,186,280,189,90",0.20411187410354614,0.005581383127719164,False
S;D;R;T;T,E;H;A;Y;M,"121,186,280,189,29",0.20411187410354614,0.0051122140139341354,False
S;D;R;T;M,E;H;A;Y;L,"121,186,280,189,262",0.20411187410354614,0.0051122140139341354,False
S;D;R;T;A,E;H;A;Y;L,"121,186,280,189,272",0.20411187410354614,0.0051122140139341354,False
S;D;R;T;R,E;H;A;Y;N,"121,186,280,189,90",0.20411187410354614,0.005348141770809889,False
S;D;R;T;R,E;H;A;Y;T,"121,186,280,189,90",0.20411187410354614,0.00538443960249424,False
S;D;R;T;G,E;H;A;Y;T,"121,186,280,189,254",0.20411187410354614,0.005112269427627325,False
S;D;R;T;R,E;H;A;Y;P,"121,186,280,189,90",0.20411187410354614,0.005760028026998043,False
S;D;R;T;N,E;H;A;Y;Y,"121,186,280,189,37",0.20411187410354614,0.0051122140139341354,False
S;D;R;T;Q,E;H;A;Y;I,"121,186,280,189,182",0.8232222199440002,0.025035575032234192,True
S;D;R;T;R,E;H;A;Y;A,"121,186,280,189,90",0.20411187410354614,0.005487812217324972,False
S;D;R;T;K,E;H;A;Y;F,"121,186,280,189,253",0.20411187410354614,0.005112272221595049,False
S;D;R;T;Y,E;H;A;Y;S,"121,186,280,189,63",0.20411187410354614,0.0051142629235982895,False
S;D;R;T;Q,E;H;A;Y;M,"121,186,280,189,127",0.204456627368927,0.00534410122781992,False
S;D;R;T;Q,E;H;A;Y;L,"121,186,280,189,182",0.6610025763511658,0.021114826202392578,True
S;D;R;T;K,E;H;A;Y;A,"121,186,280,189,253",0.20411187410354614,0.005112356971949339,False
S;D;R;T;K,E;H;A;Y;V,"121,186,280,189,253",0.20411187410354614,0.005112385842949152,False
S;D;R;T;Q,E;H;A;Y;F,"121,186,280,189,182",0.45163238048553467,0.016418738290667534,False
S;D;R;T;R,E;H;A;Y;D,"121,186,280,189,90",0.20411187410354614,0.005823721643537283,False
S;D;R;T;Q,E;H;A;Y;A,"121,186,280,189,127",0.20438224077224731,0.0051657226867973804,False
S;D;R;T;Y,E;H;A;Y;T,"121,186,280,189,63",0.20411187410354614,0.005113666877150536,False
S;D;R;T;Q,E;H;A;Y;V,"121,186,280,189,182",0.7867966294288635,0.023998789489269257,True
S;D;R;T;K,E;H;A;Y;L,"121,186,280,189,253",0.20411187410354614,0.005112333223223686,False
S;D;R;T;C,E;H;A;Y;S,"121,186,280,189,289",0.20411187410354614,0.0051122140139341354,False
S;D;R;T;Y,E;H;A;Y;G,"121,186,280,189,63",0.20411187410354614,0.005115821026265621,False
S;D;R;T;M,E;H;A;Y;V,"121,186,280,189,154",0.20411187410354614,0.0051122503355145454,False
S;D;R;T;Q,E;H;A;Y;T,"121,186,280,189,127",0.2042486071586609,0.0051364414393901825,False
S;D;R;T;A,E;H;A;Y;D,"121,186,280,189,226",0.20411187410354614,0.005112268030643463,False
S;D;R;T;C,E;H;A;Y;A,"121,186,280,189,289",0.20411187410354614,0.0051122140139341354,False
S;D;R;T;R,E;H;A;Y;Q,"121,186,280,189,224",0.20411187410354614,0.0051122140139341354,False
S;D;R;T;N,E;H;A;Y;K,"121,186,280,189,233",0.20411187410354614,0.005138862878084183,False
S;D;R;T;S,E;H;A;Y;E,"121,186,280,189,136",0.20411187410354614,0.0051122140139341354,False
S;D;R;T;S,E;H;A;Y;F,"121,186,280,189,238",0.4964901804924011,0.01723969727754593,False
S;D;R;T;S,E;H;A;Y;Q,"121,186,280,189,188",0.2046959400177002,0.005140312947332859,False
S;D;R;T;S,E;H;A;Y;H,"121,186,280,189,214",0.21696168184280396,0.010091867297887802,False
S;D;R;T;L,E;H;A;Y;F,"121,186,280,189,117",0.20411187410354614,0.005122261121869087,False
S;D;R;T;Q,E;H;A;Y;Y,"121,186,280,189,119",0.20393693447113037,0.005227988585829735,False
S;D;R;T;G,E;H;A;Y;A,"121,186,280,189,165",0.23099100589752197,0.010699141770601273,False
S;D;R;T;I,E;H;A;Y;R,"121,186,280,189,168",0.20352184772491455,0.005363823380321264,False
S;D;R;T;N,E;H;A;Y;H,"121,186,280,189,205",0.20411187410354614,0.009653065353631973,False
S;D;R;T;S,E;H;A;Y;Y,"121,186,280,189,269",0.20411187410354614,0.0051122140139341354,False
S;D;R;T;S,E;H;A;Y;T,"121,186,280,189,214",0.2024979591369629,0.006128531415015459,False
S;D;R;T;I,E;H;A;Y;R,"121,186,280,189,218",0.20361292362213135,0.005370845552533865,False
S;D;R;T;P,E;H;A;Y;K,"121,186,280,189,120",0.4186154007911682,0.01479170098900795,False
S;D;R;T;M,E;H;A;Y;H,"121,186,280,189,161",0.2579912543296814,0.01127846259623766,False
S;D;R;T;I,E;H;A;Y;H,"121,186,280,189,168",0.20354557037353516,0.005414786748588085,False
S;D;R;T;N,E;H;A;Y;K,"121,186,280,189,114",0.20411187410354614,0.005113152787089348,False
S;D;R;T;P,E;H;A;Y;V,"121,186,280,189,184",0.5776237845420837,0.020995760336518288,False
S;D;R;T;W,E;H;A;Y;P,"121,186,280,189,185",0.3739858865737915,0.014269653707742691,False
S;D;R;T;S,E;H;A;Y;H,"121,186,280,189,187",0.2026342749595642,0.005123727489262819,False
S;D;R;T;S,E;H;A;Y;P,"121,186,280,189,188",0.20353710651397705,0.005103553645312786,False
S;D;R;T;F,E;H;A;Y;M,"121,186,280,189,191",0.20397263765335083,0.0051122489385306835,False
S;D;R;Q;S,E;H;A;M;N,"121,186,280,127,124",0.21157026290893555,0.005372304003685713,False
S;D;R;Q;G,E;H;A;M;Q,"121,186,280,127,243",0.21187007427215576,0.0053840153850615025,False
S;D;R;Q;G,E;H;A;M;L,"121,186,280,127,243",0.21187007427215576,0.0054010446183383465,False
S;D;R;Q;T,E;H;A;M;E,"121,186,280,127,270",0.21187007427215576,0.005331803113222122,False
S;D;R;Q;R,E;H;A;M;V,"121,186,280,127,34",0.21187007427215576,0.005331803113222122,False
S;D;R;Q;G,E;H;A;M;K,"121,186,280,127,243",0.21187007427215576,0.005343122407793999,False
S;D;R;Q;D,E;H;A;M;Q,"121,186,280,127,220",0.21187007427215576,0.00532887689769268,False
S;D;R;Q;S,E;H;A;M;K,"121,186,280,127,124",0.21158361434936523,0.00546259107068181,False
S;D;R;Q;F,E;H;A;M;E,"121,186,280,127,271",0.21187007427215576,0.005331803113222122,False
S;D;R;Q;G,E;H;A;M;Q,"121,186,280,127,164",0.2219507098197937,0.01056207437068224,False
S;D;R;Q;A,E;H;A;M;D,"121,186,280,127,130",0.21187007427215576,0.005352376494556665,False
S;D;R;Q;W,E;H;A;M;C,"121,186,280,127,257",0.21187007427215576,0.00533051835373044,False
S;D;R;Q;S,E;H;A;M;M,"121,186,280,127,238",0.3914560079574585,0.014780135825276375,False
S;D;R;Q;F,E;H;A;M;M,"121,186,280,127,271",0.21187007427215576,0.005331803113222122,False
S;D;R;Q;S,E;H;A;M;A,"121,186,280,127,124",0.21217679977416992,0.005402021575719118,False
S;D;R;Q;G,E;H;A;M;I,"121,186,280,127,243",0.21187007427215576,0.005410000216215849,False
S;D;R;Q;A,E;H;A;M;V,"121,186,280,127,65",0.21187007427215576,0.005334841553121805,False
S;D;R;Q;Q,E;H;A;M;E,"121,186,280,127,133",0.21187007427215576,0.005331803113222122,False
S;D;R;Q;S,E;H;A;M;T,"121,186,280,127,124",0.21185636520385742,0.005402136594057083,False
S;D;R;Q;Q,E;H;A;M;W,"121,186,280,127,133",0.21187007427215576,0.005331803113222122,False
S;D;R;Q;T,E;H;A;M;D,"121,186,280,127,88",0.21187007427215576,0.005526471883058548,False
S;D;R;Q;R,E;H;A;M;N,"121,186,280,127,132",0.21187007427215576,0.005331803113222122,False
S;D;R;Q;A,E;H;A;M;Y,"121,186,280,127,215",0.5181929469108582,0.018085120245814323,False
S;D;R;Q;L,E;H;A;M;K,"121,186,280,127,249",0.21187007427215576,0.005331897642463446,False
S;D;R;Q;R,E;H;A;M;Y,"121,186,280,127,123",0.2115897536277771,0.005759392865002155,False
S;D;R;Q;F,E;H;A;M;W,"121,186,280,127,271",0.21187007427215576,0.005331803113222122,False
S;D;R;Q;S,E;H;A;M;D,"121,186,280,127,58",0.21187007427215576,0.005331803113222122,False
S;D;R;Q;N,E;H;A;M;I,"121,186,280,127,37",0.21187007427215576,0.005331803113222122,False
S;D;R;Q;C,E;H;A;M;D,"121,186,280,127,289",0.21187007427215576,0.005331803113222122,False
S;D;R;Q;A,E;H;A;M;P,"121,186,280,127,152",0.21187007427215576,0.005331803113222122,False
S;D;R;Q;G,E;H;A;M;P,"121,186,280,127,243",0.21187007427215576,0.0053448122926056385,False
S;D;R;Q;S,E;H;A;M;E,"121,186,280,127,115",0.21187007427215576,0.005340638570487499,False
S;D;R;Q;L,E;H;A;M;Q,"121,186,280,127,216",0.21140354871749878,0.005735546816140413,False
S;D;R;Q;N,E;H;A;M;P,"121,186,280,127,277",0.21187007427215576,0.005332120694220066,False
S;D;R;Q;R,E;H;A;M;Q,"121,186,280,127,132",0.21187007427215576,0.005331803113222122,False
S;D;R;Q;N,E;H;A;M;Y,"121,186,280,127,244",0.21187007427215576,0.005580841097980738,False
S;D;R;Q;H,E;H;A;M;T,"121,186,280,127,104",0.21187007427215576,0.005331803113222122,False
S;D;R;Q;S,E;H;A;M;V,"121,186,280,127,58",0.21187007427215576,0.005331803113222122,False
S;D;R;Q;H,E;H;A;M;L,"121,186,280,127,104",0.21187007427215576,0.005331803113222122,False
S;D;R;Q;P,E;H;A;M;Q,"121,186,280,127,38",0.21187007427215576,0.005331803113222122,False
S;D;R;Q;R,E;H;A;M;L,"121,186,280,127,53",0.21187007427215576,0.005331803113222122,False
S;D;R;Q;A,E;H;A;M;T,"121,186,280,127,180",0.21187007427215576,0.005392845254391432,False
S;D;R;Q;P,E;H;A;M;D,"121,186,280,127,197",0.21187007427215576,0.005333657842129469,False
S;D;R;Q;T,E;H;A;M;V,"121,186,280,127,198",0.21187007427215576,0.005346913821995258,False
S;D;R;Q;A,E;H;A;M;M,"121,186,280,127,135",0.21187007427215576,0.005331803113222122,False
S;D;R;Q;I,E;H;A;M;L,"121,186,280,127,111",0.21187007427215576,0.00531439995393157,False
S;D;R;Q;G,E;H;A;M;S,"121,186,280,127,243",0.21187007427215576,0.0053380629979074,False
S;D;R;Q;W,E;H;A;M;I,"121,186,280,127,159",0.287198543548584,0.012536590918898582,False
S;D;R;Q;S,E;H;A;M;N,"121,186,280,127,103",0.21187007427215576,0.005331803113222122,False
S;D;R;Q;A,E;H;A;M;Y,"121,186,280,127,179",0.21187007427215576,0.005593434441834688,False
S;D;R;Q;W,E;H;A;M;K,"121,186,280,127,257",0.21187007427215576,0.005331265274435282,False
S;D;R;Q;L,E;H;A;M;M,"121,186,280,127,216",0.21167391538619995,0.005413499195128679,False
S;D;R;Q;G,E;H;A;M;A,"121,186,280,127,243",0.21187007427215576,0.005344541743397713,False
S;D;R;Q;A,E;H;A;M;N,"121,186,280,127,226",0.21187007427215576,0.005331794731318951,False
S;D;R;Q;L,E;H;A;M;I,"121,186,280,127,216",0.21192580461502075,0.0053359270095825195,False
S;D;R;Q;C,E;H;A;M;L,"121,186,280,127,289",0.21187007427215576,0.005331803113222122,False
S;D;R;Q;S,E;H;A;M;E,"121,186,280,127,207",0.631908118724823,0.020763713866472244,False
S;D;R;Q;M,E;H;A;M;L,"121,186,280,127,154",0.21187007427215576,0.005332284141331911,False
S;D;R;Q;M,E;H;A;M;P,"121,186,280,127,222",0.21187007427215576,0.005330870393663645,False
S;D;R;Q;G,E;H;A;M;T,"121,186,280,127,251",0.21187007427215576,0.00533259054645896,False
S;D;R;Q;P,E;H;A;M;L,"121,186,280,127,38",0.21187007427215576,0.005331803113222122,False
S;D;R;Q;L,E;H;A;M;W,"121,186,280,127,216",0.21136409044265747,0.005704219918698072,False
S;D;R;Q;S,E;H;A;M;P,"121,186,280,127,245",0.21187007427215576,0.005335481837391853,False
S;D;R;Q;I,E;H;A;M;W,"121,186,280,127,111",0.21187007427215576,0.005591784603893757,False
S;D;R;Q;L,E;H;A;M;D,"121,186,280,127,249",0.21187007427215576,0.005333541426807642,False
S;D;R;Q;D,E;H;A;M;K,"121,186,280,127,263",0.21187007427215576,0.005331803113222122,False
S;D;R;Q;L,E;H;A;M;E,"121,186,280,127,216",0.2112940549850464,0.006166620180010796,False
S;D;R;Q;I,E;H;A;M;H,"121,186,280,127,145",0.21187007427215576,0.005331803113222122,False
S;D;R;Q;I,E;H;A;M;L,"121,186,280,127,145",0.21187007427215576,0.005331803113222122,False
S;D;R;Q;H,E;H;A;M;M,"121,186,280,127,104",0.21187007427215576,0.005331803113222122,False
S;D;R;Q;L,E;H;A;M;F,"121,186,280,127,216",0.21169745922088623,0.005393902771174908,False
S;D;R;Q;S,E;H;A;M;D,"121,186,280,127,103",0.21187007427215576,0.005331803113222122,False
S;D;R;Q;I,E;H;A;M;V,"121,186,280,127,200",0.21188348531723022,0.005346353631466627,False
S;D;R;Q;T,E;H;A;M;K,"121,186,280,127,88",0.21187007427215576,0.0053846100345253944,False
S;D;R;Q;N,E;H;A;M;K,"121,186,280,127,138",0.21187007427215576,0.005331803113222122,False
S;D;R;Q;A,E;H;A;M;L,"121,186,280,127,65",0.21187007427215576,0.005337616894394159,False
S;D;R;Q;Q,E;H;A;M;T,"121,186,280,127,91",0.21187007427215576,0.005392592865973711,False
S;D;R;Q;G,E;H;A;M;D,"121,186,280,127,163",0.404382586479187,0.015849830582737923,False
S;D;R;Q;A,E;H;A;M;M,"121,186,280,127,65",0.21187007427215576,0.005342508666217327,False
S;D;R;Q;K,E;H;A;M;L,"121,186,280,127,252",0.21187007427215576,0.005331873893737793,False
S;D;R;Q;V,E;H;A;M;D,"121,186,280,127,57",0.21187007427215576,0.005331803113222122,False
S;D;R;Q;V,E;H;A;M;C,"121,186,280,127,281",0.21187007427215576,0.0053553287871181965,False
S;D;R;Q;T,E;H;A;M;V,"121,186,280,127,72",0.21187007427215576,0.005331803113222122,False
S;D;R;Q;Q,E;H;A;M;N,"121,186,280,127,133",0.21187007427215576,0.005331803113222122,False
S;D;R;Q;R,E;H;A;M;K,"121,186,280,127,53",0.21187007427215576,0.005331803113222122,False
S;D;R;Q;S,E;H;A;M;P,"121,186,280,127,125",0.21186476945877075,0.005320198368281126,False
S;D;R;Q;T,E;H;A;M;Q,"121,186,280,127,88",0.21187007427215576,0.00536259263753891,False
S;D;R;Q;N,E;H;A;M;L,"121,186,280,127,138",0.21187007427215576,0.005331803113222122,False
S;D;R;Q;H,E;H;A;M;R,"121,186,280,127,104",0.21187007427215576,0.005331803113222122,False
S;D;R;Q;W,E;H;A;M;P,"121,186,280,127,159",0.33251452445983887,0.01391769852489233,False
S;D;R;Q;S,E;H;A;M;Y,"121,186,280,127,242",0.21187007427215576,0.005436563398689032,False
S;D;R;Q;A,E;H;A;M;F,"121,186,280,127,65",0.21187007427215576,0.005344902165234089,False
S;D;R;Q;G,E;H;A;M;H,"121,186,280,127,251",0.21187007427215576,0.0053340294398367405,False
S;D;R;Q;L,E;H;A;M;P,"121,186,280,127,216",0.21151453256607056,0.0056680189445614815,False
S;D;R;Q;S,E;H;A;M;W,"121,186,280,127,58",0.21187007427215576,0.005331803113222122,False
S;D;R;Q;A,E;H;A;M;E,"121,186,280,127,152",0.21187007427215576,0.005331803113222122,False
S;D;R;Q;T,E;H;A;M;N,"121,186,280,127,88",0.21187007427215576,0.0053527867421507835,False
S;D;R;Q;T,E;H;A;M;N,"121,186,280,127,198",0.21187007427215576,0.005339593160897493,False
S;D;R;Q;S,E;H;A;M;K,"121,186,280,127,58",0.21187007427215576,0.005331803113222122,False
S;D;R;Q;L,E;H;A;M;C,"121,186,280,127,249",0.21187007427215576,0.005331798922270536,False
S;D;R;Q;N,E;H;A;M;T,"121,186,280,127,190",0.21211838722229004,0.005336072761565447,False
S;D;R;Q;S,E;H;A;M;V,"121,186,280,127,223",0.21187007427215576,0.005331803113222122,False
S;D;R;Q;A,E;H;A;M;W,"121,186,280,127,65",0.21187007427215576,0.005355610512197018,False
S;D;R;Q;K,E;H;A;M;Y,"121,186,280,127,253",0.21187007427215576,0.005331887863576412,False
S;D;R;Q;R,E;H;A;M;S,"121,186,280,127,90",0.21187007427215576,0.005781302694231272,False
S;D;R;Q;T,E;H;A;M;M,"121,186,280,127,29",0.21187007427215576,0.005331803113222122,False
S;D;R;Q;M,E;H;A;M;L,"121,186,280,127,262",0.21187007427215576,0.005331803113222122,False
S;D;R;Q;A,E;H;A;M;L,"121,186,280,127,272",0.21187007427215576,0.005331803113222122,False
S;D;R;Q;R,E;H;A;M;N,"121,186,280,127,90",0.21187007427215576,0.005561097990721464,False
S;D;R;Q;R,E;H;A;M;T,"121,186,280,127,90",0.21187007427215576,0.0055908202193677425,False
S;D;R;Q;G,E;H;A;M;T,"121,186,280,127,254",0.21187007427215576,0.005332137458026409,False
S;D;R;Q;R,E;H;A;M;P,"121,186,280,127,90",0.21187007427215576,0.00596322026103735,False
S;D;R;Q;N,E;H;A;M;Y,"121,186,280,127,37",0.21187007427215576,0.005331803113222122,False
S;D;R;Q;Q,E;H;A;M;I,"121,186,280,127,182",0.8232222199440002,0.02525273524224758,True
S;D;R;Q;R,E;H;A;M;A,"121,186,280,127,90",0.21187007427215576,0.00568279018625617,False
S;D;R;Q;K,E;H;A;M;F,"121,186,280,127,253",0.21187007427215576,0.005331861320883036,False
S;D;R;Q;Y,E;H;A;M;S,"121,186,280,127,63",0.21187007427215576,0.00531051866710186,False
S;D;R;Q;Q,E;H;A;M;L,"121,186,280,127,182",0.6610025763511658,0.021331900730729103,True
S;D;R;Q;K,E;H;A;M;A,"121,186,280,127,253",0.21187007427215576,0.005331946071237326,False
S;D;R;Q;K,E;H;A;M;V,"121,186,280,127,253",0.21187007427215576,0.005331974942237139,False
S;D;R;Q;Q,E;H;A;M;F,"121,186,280,127,182",0.45163238048553467,0.01662488467991352,False
S;D;R;Q;R,E;H;A;M;D,"121,186,280,127,90",0.21187007427215576,0.006047717295587063,False
S;D;R;Q;Y,E;H;A;M;T,"121,186,280,127,63",0.21187007427215576,0.005314265377819538,False
S;D;R;Q;Q,E;H;A;M;V,"121,186,280,127,182",0.7867966294288635,0.02422010712325573,True
S;D;R;Q;K,E;H;A;M;L,"121,186,280,127,253",0.21187007427215576,0.005331922322511673,False
S;D;R;Q;C,E;H;A;M;S,"121,186,280,127,289",0.21187007427215576,0.005331803113222122,False
S;D;R;Q;Y,E;H;A;M;G,"121,186,280,127,63",0.21187007427215576,0.0053029959090054035,False
S;D;R;Q;M,E;H;A;M;V,"121,186,280,127,154",0.21187007427215576,0.005332385189831257,False
S;D;R;Q;A,E;H;A;M;D,"121,186,280,127,226",0.21187007427215576,0.005331862717866898,False
S;D;R;Q;C,E;H;A;M;A,"121,186,280,127,289",0.21187007427215576,0.005331803113222122,False
S;D;R;Q;R,E;H;A;M;Q,"121,186,280,127,224",0.21187007427215576,0.005331803113222122,False
S;D;R;Q;N,E;H;A;M;K,"121,186,280,127,233",0.21187007427215576,0.005358625203371048,False
S;D;R;Q;S,E;H;A;M;E,"121,186,280,127,136",0.21187007427215576,0.005331803113222122,False
S;D;R;Q;S,E;H;A;M;F,"121,186,280,127,238",0.4964901804924011,0.017454667016863823,False
S;D;R;Q;S,E;H;A;M;Q,"121,186,280,127,188",0.21188491582870483,0.0053423200733959675,False
S;D;R;Q;S,E;H;A;M;H,"121,186,280,127,214",0.23447948694229126,0.010768217965960503,False
S;D;R;Q;L,E;H;A;M;F,"121,186,280,127,117",0.21187007427215576,0.005340308416634798,False
S;D;R;Q;Q,E;H;A;M;Y,"121,186,280,127,119",0.2116537094116211,0.005436685401946306,False
S;D;R;Q;G,E;H;A;M;A,"121,186,280,127,165",0.21888816356658936,0.01066514104604721,False
S;D;R;Q;I,E;H;A;M;R,"121,186,280,127,168",0.21099579334259033,0.00555565906688571,False
S;D;R;Q;N,E;H;A;M;H,"121,186,280,127,205",0.21187007427215576,0.009873307310044765,False
S;D;R;Q;S,E;H;A;M;Y,"121,186,280,127,269",0.21187007427215576,0.005331803113222122,False
S;D;R;Q;S,E;H;A;M;T,"121,186,280,127,214",0.2094177007675171,0.0067125363275408745,False
S;D;R;Q;I,E;H;A;M;R,"121,186,280,127,218",0.21121597290039062,0.005619283299893141,False
S;D;R;Q;P,E;H;A;M;K,"121,186,280,127,120",0.4198431968688965,0.015020285733044147,False
S;D;R;Q;M,E;H;A;M;H,"121,186,280,127,161",0.2557538151741028,0.011411190964281559,False
S;D;R;Q;I,E;H;A;M;H,"121,186,280,127,168",0.21102434396743774,0.005650441162288189,False
S;D;R;Q;N,E;H;A;M;K,"121,186,280,127,114",0.21187007427215576,0.005329930689185858,False
S;D;R;Q;P,E;H;A;M;V,"121,186,280,127,184",0.577012300491333,0.02067267708480358,False
S;D;R;Q;W,E;H;A;M;P,"121,186,280,127,185",0.3724215030670166,0.014882255345582962,False
S;D;R;Q;S,E;H;A;M;H,"121,186,280,127,187",0.20909130573272705,0.005288098938763142,False
S;D;R;Q;S,E;H;A;M;P,"121,186,280,127,188",0.21103829145431519,0.005314662121236324,False
S;D;R;Q;F,E;H;A;M;M,"121,186,280,127,191",0.21186959743499756,0.005330120213329792,False
S;D;R;A;S,E;H;A;L;N,"121,186,280,65,124",0.21113252639770508,0.005140886642038822,False
S;D;R;A;G,E;H;A;L;Q,"121,186,280,65,243",0.2114230990409851,0.0051526580937206745,False
S;D;R;A;G,E;H;A;L;L,"121,186,280,65,243",0.2114230990409851,0.005169691052287817,False
S;D;R;A;T,E;H;A;L;E,"121,186,280,65,270",0.2114230990409851,0.005100448615849018,False
S;D;R;A;R,E;H;A;L;V,"121,186,280,65,34",0.2114230990409851,0.005100448615849018,False
S;D;R;A;G,E;H;A;L;K,"121,186,280,65,243",0.2114230990409851,0.005111765116453171,False
S;D;R;A;D,E;H;A;L;Q,"121,186,280,65,220",0.2114230990409851,0.005097522400319576,False
S;D;R;A;S,E;H;A;L;K,"121,186,280,65,124",0.21114331483840942,0.005177568644285202,False
S;D;R;A;F,E;H;A;L;E,"121,186,280,65,271",0.2114230990409851,0.005100448615849018,False
S;D;R;A;G,E;H;A;L;Q,"121,186,280,65,164",0.2213585376739502,0.010385517030954361,False
S;D;R;A;A,E;H;A;L;D,"121,186,280,65,130",0.2114230990409851,0.005101666785776615,False
S;D;R;A;W,E;H;A;L;C,"121,186,280,65,257",0.2114230990409851,0.005100762937217951,False
S;D;R;A;Q,E;H;A;L;N,"121,186,280,65,127",0.21139925718307495,0.005129791796207428,False
S;D;R;A;Q,E;H;A;L;R,"121,186,280,65,127",0.21131068468093872,0.005135946441441774,False
S;D;R;A;S,E;H;A;L;M,"121,186,280,65,238",0.3914560079574585,0.01454868447035551,False
S;D;R;A;F,E;H;A;L;M,"121,186,280,65,271",0.2114230990409851,0.005100448615849018,False
S;D;R;A;S,E;H;A;L;A,"121,186,280,65,124",0.21172010898590088,0.005118821747601032,False
S;D;R;A;G,E;H;A;L;I,"121,186,280,65,243",0.2114230990409851,0.005178647115826607,False
S;D;R;A;Q,E;H;A;L;I,"121,186,280,65,127",0.2120392918586731,0.005488251335918903,False
S;D;R;A;Q,E;H;A;L;E,"121,186,280,65,133",0.2114230990409851,0.005100448615849018,False
S;D;R;A;S,E;H;A;L;T,"121,186,280,65,124",0.2114085555076599,0.0051223053596913815,False
S;D;R;A;Q,E;H;A;L;K,"121,186,280,65,127",0.2113664150238037,0.00512979319319129,False
S;D;R;A;Q,E;H;A;L;W,"121,186,280,65,133",0.2114230990409851,0.005100448615849018,False
S;D;R;A;T,E;H;A;L;D,"121,186,280,65,88",0.2114230990409851,0.005294740200042725,False
S;D;R;A;R,E;H;A;L;N,"121,186,280,65,132",0.2114230990409851,0.005100448615849018,False
S;D;R;A;Q,E;H;A;L;D,"121,186,280,65,127",0.21142351627349854,0.005106630735099316,False
S;D;R;A;A,E;H;A;L;Y,"121,186,280,65,215",0.5181929469108582,0.017856258898973465,False
S;D;R;A;L,E;H;A;L;K,"121,186,280,65,249",0.2114230990409851,0.005100542679429054,False
S;D;R;A;R,E;H;A;L;Y,"121,186,280,65,123",0.21114730834960938,0.005272137466818094,False
S;D;R;A;F,E;H;A;L;W,"121,186,280,65,271",0.2114230990409851,0.005100448615849018,False
S;D;R;A;S,E;H;A;L;D,"121,186,280,65,58",0.2114230990409851,0.005100448615849018,False
S;D;R;A;N,E;H;A;L;I,"121,186,280,65,37",0.2114230990409851,0.005100448615849018,False
S;D;R;A;C,E;H;A;L;D,"121,186,280,65,289",0.2114230990409851,0.005100448615849018,False
S;D;R;A;A,E;H;A;L;P,"121,186,280,65,152",0.2114230990409851,0.005100448615849018,False
S;D;R;A;G,E;H;A;L;P,"121,186,280,65,243",0.2114230990409851,0.005113460123538971,False
S;D;R;A;S,E;H;A;L;E,"121,186,280,65,115",0.2114230990409851,0.005099736154079437,False
S;D;R;A;L,E;H;A;L;Q,"121,186,280,65,216",0.21096736192703247,0.005504443310201168,False
S;D;R;A;N,E;H;A;L;P,"121,186,280,65,277",0.2114230990409851,0.005100765731185675,False
S;D;R;A;R,E;H;A;L;Q,"121,186,280,65,132",0.2114230990409851,0.005100448615849018,False
S;D;R;A;N,E;H;A;L;Y,"121,186,280,65,244",0.2114230990409851,0.005349486600607634,False
S;D;R;A;H,E;H;A;L;T,"121,186,280,65,104",0.2114230990409851,0.005100448615849018,False
S;D;R;A;S,E;H;A;L;V,"121,186,280,65,58",0.2114230990409851,0.005100448615849018,False
S;D;R;A;H,E;H;A;L;L,"121,186,280,65,104",0.2114230990409851,0.005100448615849018,False
S;D;R;A;P,E;H;A;L;Q,"121,186,280,65,38",0.2114230990409851,0.005100448615849018,False
S;D;R;A;R,E;H;A;L;L,"121,186,280,65,53",0.2114230990409851,0.005100448615849018,False
S;D;R;A;A,E;H;A;L;T,"121,186,280,65,180",0.2114230990409851,0.005169413983821869,False
S;D;R;A;P,E;H;A;L;D,"121,186,280,65,197",0.2114230990409851,0.005100560840219259,False
S;D;R;A;T,E;H;A;L;V,"121,186,280,65,198",0.2114230990409851,0.005121358670294285,False
S;D;R;A;A,E;H;A;L;M,"121,186,280,65,135",0.2114230990409851,0.005100448615849018,False
S;D;R;A;I,E;H;A;L;L,"121,186,280,65,111",0.2114230990409851,0.005102346185594797,False
S;D;R;A;G,E;H;A;L;S,"121,186,280,65,243",0.2114230990409851,0.005106708500534296,False
S;D;R;A;Q,E;H;A;L;L,"121,186,280,65,127",0.21198636293411255,0.0054215844720602036,False
S;D;R;A;Q,E;H;A;L;H,"121,186,280,65,127",0.21144551038742065,0.005107188131660223,False
S;D;R;A;W,E;H;A;L;I,"121,186,280,65,159",0.2871308922767639,0.012247994542121887,False
S;D;R;A;Q,E;H;A;L;P,"121,186,280,65,127",0.21156853437423706,0.005149215925484896,False
S;D;R;A;S,E;H;A;L;N,"121,186,280,65,103",0.2114230990409851,0.005100448615849018,False
S;D;R;A;A,E;H;A;L;Y,"121,186,280,65,179",0.2114230990409851,0.005303497891873121,False
S;D;R;A;W,E;H;A;L;K,"121,186,280,65,257",0.2114230990409851,0.005100714508444071,False
S;D;R;A;L,E;H;A;L;M,"121,186,280,65,216",0.21123051643371582,0.005182227585464716,False
S;D;R;A;Q,E;H;A;L;E,"121,186,280,65,127",0.2114471197128296,0.0051674386486411095,False
S;D;R;A;G,E;H;A;L;A,"121,186,280,65,243",0.2114230990409851,0.005113187246024609,False
S;D;R;A;A,E;H;A;L;N,"121,186,280,65,226",0.2114230990409851,0.005100444424897432,False
S;D;R;A;L,E;H;A;L;I,"121,186,280,65,216",0.21147745847702026,0.005104540381580591,False
S;D;R;A;C,E;H;A;L;L,"121,186,280,65,289",0.2114230990409851,0.005100448615849018,False
S;D;R;A;S,E;H;A;L;E,"121,186,280,65,207",0.631908118724823,0.020532358437776566,False
S;D;R;A;M,E;H;A;L;L,"121,186,280,65,154",0.2114230990409851,0.0051004718989133835,False
S;D;R;A;M,E;H;A;L;P,"121,186,280,65,222",0.2114230990409851,0.005099515430629253,False
S;D;R;A;G,E;H;A;L;T,"121,186,280,65,251",0.2114230990409851,0.005101235583424568,False
S;D;R;A;P,E;H;A;L;L,"121,186,280,65,38",0.2114230990409851,0.005100448615849018,False
S;D;R;A;L,E;H;A;L;W,"121,186,280,65,216",0.21092593669891357,0.005473070312291384,False
S;D;R;A;S,E;H;A;L;P,"121,186,280,65,245",0.2114230990409851,0.005104127340018749,False
S;D;R;A;I,E;H;A;L;W,"121,186,280,65,111",0.2114230990409851,0.005342946387827396,False
S;D;R;A;L,E;H;A;L;D,"121,186,280,65,249",0.2114230990409851,0.005102186929434538,False
S;D;R;A;D,E;H;A;L;K,"121,186,280,65,263",0.2114230990409851,0.005100448615849018,False
S;D;R;A;L,E;H;A;L;E,"121,186,280,65,216",0.21085917949676514,0.005935546942055225,False
S;D;R;A;I,E;H;A;L;H,"121,186,280,65,145",0.2114230990409851,0.005100448615849018,False
S;D;R;A;I,E;H;A;L;L,"121,186,280,65,145",0.2114230990409851,0.005100448615849018,False
S;D;R;A;H,E;H;A;L;M,"121,186,280,65,104",0.2114230990409851,0.005100448615849018,False
S;D;R;A;L,E;H;A;L;F,"121,186,280,65,216",0.21125292778015137,0.005162605084478855,False
S;D;R;A;S,E;H;A;L;D,"121,186,280,65,103",0.2114230990409851,0.005100448615849018,False
S;D;R;A;I,E;H;A;L;V,"121,186,280,65,200",0.2114366888999939,0.005115233361721039,False
S;D;R;A;T,E;H;A;L;K,"121,186,280,65,88",0.2114230990409851,0.0051514324732124805,False
S;D;R;A;N,E;H;A;L;K,"121,186,280,65,138",0.2114230990409851,0.005100448615849018,False
S;D;R;A;Q,E;H;A;L;T,"121,186,280,65,91",0.2114230990409851,0.005132959224283695,False
S;D;R;A;G,E;H;A;L;D,"121,186,280,65,163",0.405320942401886,0.015636643394827843,False
S;D;R;A;K,E;H;A;L;L,"121,186,280,65,252",0.2114230990409851,0.0051005189307034016,False
S;D;R;A;V,E;H;A;L;D,"121,186,280,65,57",0.2114230990409851,0.005100448615849018,False
S;D;R;A;Q,E;H;A;L;V,"121,186,280,65,127",0.21200025081634521,0.005402515176683664,False
S;D;R;A;V,E;H;A;L;C,"121,186,280,65,281",0.2114230990409851,0.005123974289745092,False
S;D;R;A;T,E;H;A;L;V,"121,186,280,65,72",0.2114230990409851,0.005100448615849018,False
S;D;R;A;Q,E;H;A;L;N,"121,186,280,65,133",0.2114230990409851,0.005100448615849018,False
S;D;R;A;R,E;H;A;L;K,"121,186,280,65,53",0.2114230990409851,0.005100448615849018,False
S;D;R;A;S,E;H;A;L;P,"121,186,280,65,125",0.21141737699508667,0.005113821942359209,False
S;D;R;A;T,E;H;A;L;Q,"121,186,280,65,88",0.2114230990409851,0.005129351280629635,False
S;D;R;A;N,E;H;A;L;L,"121,186,280,65,138",0.2114230990409851,0.005100448615849018,False
S;D;R;A;H,E;H;A;L;R,"121,186,280,65,104",0.2114230990409851,0.005100448615849018,False
S;D;R;A;W,E;H;A;L;P,"121,186,280,65,159",0.3325510621070862,0.013801018707454205,False
S;D;R;A;S,E;H;A;L;Y,"121,186,280,65,242",0.2114230990409851,0.005202334839850664,False
S;D;R;A;G,E;H;A;L;H,"121,186,280,65,251",0.2114230990409851,0.005102674476802349,False
S;D;R;A;L,E;H;A;L;P,"121,186,280,65,216",0.21107637882232666,0.005436869338154793,False
S;D;R;A;S,E;H;A;L;W,"121,186,280,65,58",0.2114230990409851,0.005100448615849018,False
S;D;R;A;A,E;H;A;L;E,"121,186,280,65,152",0.2114230990409851,0.005100448615849018,False
S;D;R;A;T,E;H;A;L;N,"121,186,280,65,88",0.2114230990409851,0.005120194051414728,False
S;D;R;A;T,E;H;A;L;N,"121,186,280,65,198",0.2114230990409851,0.0051046316511929035,False
S;D;R;A;S,E;H;A;L;K,"121,186,280,65,58",0.2114230990409851,0.005100448615849018,False
S;D;R;A;L,E;H;A;L;C,"121,186,280,65,249",0.2114230990409851,0.005100444424897432,False
S;D;R;A;N,E;H;A;L;T,"121,186,280,65,190",0.21166503429412842,0.005104569718241692,False
S;D;R;A;S,E;H;A;L;V,"121,186,280,65,223",0.2114230990409851,0.005100448615849018,False
S;D;R;A;K,E;H;A;L;Y,"121,186,280,65,253",0.2114230990409851,0.005100532900542021,False
S;D;R;A;R,E;H;A;L;S,"121,186,280,65,90",0.2114230990409851,0.005563016515225172,False
S;D;R;A;T,E;H;A;L;M,"121,186,280,65,29",0.2114230990409851,0.005100448615849018,False
S;D;R;A;M,E;H;A;L;L,"121,186,280,65,262",0.2114230990409851,0.005100448615849018,False
S;D;R;A;A,E;H;A;L;L,"121,186,280,65,272",0.2114230990409851,0.005100448615849018,False
S;D;R;A;R,E;H;A;L;N,"121,186,280,65,90",0.2114230990409851,0.0053316340781748295,False
S;D;R;A;R,E;H;A;L;T,"121,186,280,65,90",0.2114230990409851,0.005367589648813009,False
S;D;R;A;G,E;H;A;L;T,"121,186,280,65,254",0.2114230990409851,0.005100497044622898,False
S;D;R;A;R,E;H;A;L;P,"121,186,280,65,90",0.2114230990409851,0.0057411096058785915,False
S;D;R;A;N,E;H;A;L;Y,"121,186,280,65,37",0.2114230990409851,0.005100448615849018,False
S;D;R;A;Q,E;H;A;L;I,"121,186,280,65,182",0.8232222199440002,0.02504107356071472,True
S;D;R;A;R,E;H;A;L;A,"121,186,280,65,90",0.2114230990409851,0.005470342468470335,False
S;D;R;A;K,E;H;A;L;F,"121,186,280,65,253",0.2114230990409851,0.0051005068235099316,False
S;D;R;A;Y,E;H;A;L;S,"121,186,280,65,63",0.2114230990409851,0.005101622547954321,False
S;D;R;A;Q,E;H;A;L;L,"121,186,280,65,182",0.6610025763511658,0.02111869677901268,True
S;D;R;A;K,E;H;A;L;A,"121,186,280,65,253",0.2114230990409851,0.005100591108202934,False
S;D;R;A;K,E;H;A;L;V,"121,186,280,65,253",0.2114230990409851,0.005100620444864035,False
S;D;R;A;Q,E;H;A;L;F,"121,186,280,65,182",0.45163238048553467,0.016408033668994904,False
S;D;R;A;R,E;H;A;L;D,"121,186,280,65,90",0.2114230990409851,0.005804965738207102,False
S;D;R;A;Q,E;H;A;L;A,"121,186,280,65,127",0.21178221702575684,0.005160596687346697,False
S;D;R;A;Y,E;H;A;L;T,"121,186,280,65,63",0.2114230990409851,0.005101192742586136,False
S;D;R;A;Q,E;H;A;L;V,"121,186,280,65,182",0.7867966294288635,0.024008313193917274,True
S;D;R;A;K,E;H;A;L;L,"121,186,280,65,253",0.2114230990409851,0.005100567825138569,False
S;D;R;A;C,E;H;A;L;S,"121,186,280,65,289",0.2114230990409851,0.005100448615849018,False
S;D;R;A;Y,E;H;A;L;G,"121,186,280,65,63",0.2114230990409851,0.0051028369925916195,False
S;D;R;A;M,E;H;A;L;V,"121,186,280,65,154",0.2114230990409851,0.005100484471768141,False
S;D;R;A;Q,E;H;A;L;T,"121,186,280,65,127",0.2116052508354187,0.005128064658492804,False
S;D;R;A;A,E;H;A;L;D,"121,186,280,65,226",0.2114230990409851,0.005100502632558346,False
S;D;R;A;C,E;H;A;L;A,"121,186,280,65,289",0.2114230990409851,0.005100448615849018,False
S;D;R;A;R,E;H;A;L;Q,"121,186,280,65,224",0.2114230990409851,0.005100448615849018,False
S;D;R;A;N,E;H;A;L;K,"121,186,280,65,233",0.2114230990409851,0.005127270705997944,False
S;D;R;A;S,E;H;A;L;E,"121,186,280,65,136",0.2114230990409851,0.005100448615849018,False
S;D;R;A;S,E;H;A;L;F,"121,186,280,65,238",0.4964901804924011,0.0172231774777174,False
S;D;R;A;S,E;H;A;L;Q,"121,186,280,65,188",0.21141564846038818,0.005108159501105547,False
S;D;R;A;S,E;H;A;L;H,"121,186,280,65,214",0.23447948694229126,0.010538163594901562,False
S;D;R;A;L,E;H;A;L;F,"121,186,280,65,117",0.2114230990409851,0.005109275691211224,False
S;D;R;A;Q,E;H;A;L;Y,"121,186,280,65,119",0.21120840311050415,0.005205392837524414,False
S;D;R;A;G,E;H;A;L;A,"121,186,280,65,165",0.23108232021331787,0.010637880302965641,False
S;D;R;A;I,E;H;A;L;R,"121,186,280,65,168",0.21057343482971191,0.005343922413885593,False
S;D;R;A;N,E;H;A;L;H,"121,186,280,65,205",0.2114230990409851,0.009641951881349087,False
S;D;R;A;S,E;H;A;L;Y,"121,186,280,65,269",0.2114230990409851,0.005100448615849018,False
S;D;R;A;S,E;H;A;L;T,"121,186,280,65,214",0.20901858806610107,0.006481694523245096,False
S;D;R;A;I,E;H;A;L;R,"121,186,280,65,218",0.21078729629516602,0.005388353951275349,False
S;D;R;A;P,E;H;A;L;K,"121,186,280,65,120",0.4196961522102356,0.014784900471568108,False
S;D;R;A;M,E;H;A;L;H,"121,186,280,65,161",0.25641828775405884,0.011235387064516544,False
S;D;R;A;I,E;H;A;L;H,"121,186,280,65,168",0.210601806640625,0.005394493229687214,False
S;D;R;A;N,E;H;A;L;K,"121,186,280,65,114",0.2114230990409851,0.00510118855163455,False
S;D;R;A;P,E;H;A;L;V,"121,186,280,65,184",0.577012300491333,0.020492510870099068,False
S;D;R;A;W,E;H;A;L;P,"121,186,280,65,185",0.3724215030670166,0.014637704938650131,False
S;D;R;A;S,E;H;A;L;H,"121,186,280,65,187",0.20869916677474976,0.005056334193795919,False
S;D;R;A;S,E;H;A;L;P,"121,186,280,65,188",0.21058928966522217,0.0050823925994336605,False
S;D;R;A;F,E;H;A;L;M,"121,186,280,65,191",0.21142375469207764,0.005099878646433353,False
S;D;R;A;S,E;H;A;E;N,"121,186,280,152,124",0.21113252639770508,0.0051403227262198925,False
S;D;R;A;G,E;H;A;E;Q,"121,186,280,152,243",0.2114230990409851,0.005152364261448383,False
S;D;R;A;G,E;H;A;E;L,"121,186,280,152,243",0.2114230990409851,0.005169397220015526,False
S;D;R;A;T,E;H;A;E;E,"121,186,280,152,270",0.2114230990409851,0.005100154783576727,False
S;D;R;A;R,E;H;A;E;V,"121,186,280,152,34",0.2114230990409851,0.005100154783576727,False
S;D;R;A;G,E;H;A;E;K,"121,186,280,152,243",0.2114230990409851,0.00511147128418088,False
S;D;R;A;D,E;H;A;E;Q,"121,186,280,152,220",0.2114230990409851,0.005097228568047285,False
S;D;R;A;S,E;H;A;E;K,"121,186,280,152,124",0.21114331483840942,0.005177117884159088,False
S;D;R;A;F,E;H;A;E;E,"121,186,280,152,271",0.2114230990409851,0.005100154783576727,False
S;D;R;A;G,E;H;A;E;Q,"121,186,280,152,164",0.2213585376739502,0.010384141467511654,False
S;D;R;A;A,E;H;A;E;D,"121,186,280,152,130",0.2114230990409851,0.005100943148136139,False
S;D;R;A;W,E;H;A;E;C,"121,186,280,152,257",0.2114230990409851,0.00510046910494566,False
S;D;R;A;Q,E;H;A;E;N,"121,186,280,152,127",0.21139925718307495,0.00513057503849268,False
S;D;R;A;Q,E;H;A;E;R,"121,186,280,152,127",0.21131068468093872,0.005135452840477228,False
S;D;R;A;S,E;H;A;E;M,"121,186,280,152,238",0.3914560079574585,0.014548390172421932,False
S;D;R;A;F,E;H;A;E;M,"121,186,280,152,271",0.2114230990409851,0.005100154783576727,False
S;D;R;A;S,E;H;A;E;A,"121,186,280,152,124",0.21172010898590088,0.0051187570206820965,False
S;D;R;A;G,E;H;A;E;I,"121,186,280,152,243",0.2114230990409851,0.005178353283554316,False
S;D;R;A;Q,E;H;A;E;I,"121,186,280,152,127",0.2120392918586731,0.005480604246258736,False
S;D;R;A;A,E;H;A;E;V,"121,186,280,152,65",0.2114230990409851,0.005100254435092211,False
S;D;R;A;Q,E;H;A;E;E,"121,186,280,152,133",0.2114230990409851,0.005100154783576727,False
S;D;R;A;S,E;H;A;E;T,"121,186,280,152,124",0.2114085555076599,0.005121960304677486,False
S;D;R;A;Q,E;H;A;E;K,"121,186,280,152,127",0.2113664150238037,0.0051306262612342834,False
S;D;R;A;Q,E;H;A;E;W,"121,186,280,152,133",0.2114230990409851,0.005100154783576727,False
S;D;R;A;T,E;H;A;E;D,"121,186,280,152,88",0.2114230990409851,0.005293782334774733,False
S;D;R;A;R,E;H;A;E;N,"121,186,280,152,132",0.2114230990409851,0.005100154783576727,False
S;D;R;A;Q,E;H;A;E;D,"121,186,280,152,127",0.21142351627349854,0.00510561466217041,False
S;D;R;A;A,E;H;A;E;Y,"121,186,280,152,215",0.5181929469108582,0.017855964601039886,False
S;D;R;A;L,E;H;A;E;K,"121,186,280,152,249",0.2114230990409851,0.005100248847156763,False
S;D;R;A;R,E;H;A;E;Y,"121,186,280,152,123",0.21114730834960938,0.005268677603453398,False
S;D;R;A;F,E;H;A;E;W,"121,186,280,152,271",0.2114230990409851,0.005100154783576727,False
S;D;R;A;S,E;H;A;E;D,"121,186,280,152,58",0.2114230990409851,0.005100154783576727,False
S;D;R;A;N,E;H;A;E;I,"121,186,280,152,37",0.2114230990409851,0.005100154783576727,False
S;D;R;A;C,E;H;A;E;D,"121,186,280,152,289",0.2114230990409851,0.005100154783576727,False
S;D;R;A;G,E;H;A;E;P,"121,186,280,152,243",0.2114230990409851,0.00511316629126668,False
S;D;R;A;S,E;H;A;E;E,"121,186,280,152,115",0.2114230990409851,0.005098703317344189,False
S;D;R;A;L,E;H;A;E;Q,"121,186,280,152,216",0.21096736192703247,0.005504149477928877,False
S;D;R;A;N,E;H;A;E;P,"121,186,280,152,277",0.2114230990409851,0.0051004718989133835,False
S;D;R;A;R,E;H;A;E;Q,"121,186,280,152,132",0.2114230990409851,0.005100154783576727,False
S;D;R;A;N,E;H;A;E;Y,"121,186,280,152,244",0.2114230990409851,0.005349192302674055,False
S;D;R;A;H,E;H;A;E;T,"121,186,280,152,104",0.2114230990409851,0.005100154783576727,False
S;D;R;A;S,E;H;A;E;V,"121,186,280,152,58",0.2114230990409851,0.005100154783576727,False
S;D;R;A;H,E;H;A;E;L,"121,186,280,152,104",0.2114230990409851,0.005100154783576727,False
S;D;R;A;P,E;H;A;E;Q,"121,186,280,152,38",0.2114230990409851,0.005100154783576727,False
S;D;R;A;R,E;H;A;E;L,"121,186,280,152,53",0.2114230990409851,0.005100154783576727,False
S;D;R;A;A,E;H;A;E;T,"121,186,280,152,180",0.2114230990409851,0.005168928764760494,False
S;D;R;A;P,E;H;A;E;D,"121,186,280,152,197",0.2114230990409851,0.005100267007946968,False
S;D;R;A;T,E;H;A;E;V,"121,186,280,152,198",0.2114230990409851,0.005121064838021994,False
S;D;R;A;A,E;H;A;E;M,"121,186,280,152,135",0.2114230990409851,0.005100154783576727,False
S;D;R;A;I,E;H;A;E;L,"121,186,280,152,111",0.2114230990409851,0.0051019759848713875,False
S;D;R;A;G,E;H;A;E;S,"121,186,280,152,243",0.2114230990409851,0.005106414668262005,False
S;D;R;A;Q,E;H;A;E;L,"121,186,280,152,127",0.21198636293411255,0.005414588376879692,False
S;D;R;A;Q,E;H;A;E;H,"121,186,280,152,127",0.21144551038742065,0.005106559954583645,False
S;D;R;A;W,E;H;A;E;I,"121,186,280,152,159",0.2871308922767639,0.012252605520188808,False
S;D;R;A;Q,E;H;A;E;P,"121,186,280,152,127",0.21156853437423706,0.005149149801582098,False
S;D;R;A;S,E;H;A;E;N,"121,186,280,152,103",0.2114230990409851,0.005100154783576727,False
S;D;R;A;A,E;H;A;E;Y,"121,186,280,152,179",0.2114230990409851,0.005302961450070143,False
S;D;R;A;W,E;H;A;E;K,"121,186,280,152,257",0.2114230990409851,0.00510042067617178,False
S;D;R;A;L,E;H;A;E;M,"121,186,280,152,216",0.21123051643371582,0.005181933753192425,False
S;D;R;A;Q,E;H;A;E;E,"121,186,280,152,127",0.2114471197128296,0.005164889618754387,False
S;D;R;A;G,E;H;A;E;A,"121,186,280,152,243",0.2114230990409851,0.005112893413752317,False
S;D;R;A;A,E;H;A;E;N,"121,186,280,152,226",0.2114230990409851,0.005100150592625141,False
S;D;R;A;L,E;H;A;E;I,"121,186,280,152,216",0.21147745847702026,0.0051042465493083,False
S;D;R;A;C,E;H;A;E;L,"121,186,280,152,289",0.2114230990409851,0.005100154783576727,False
S;D;R;A;S,E;H;A;E;E,"121,186,280,152,207",0.631908118724823,0.020532064139842987,False
S;D;R;A;M,E;H;A;E;L,"121,186,280,152,154",0.2114230990409851,0.005100178066641092,False
S;D;R;A;M,E;H;A;E;P,"121,186,280,152,222",0.2114230990409851,0.005099221598356962,False
S;D;R;A;G,E;H;A;E;T,"121,186,280,152,251",0.2114230990409851,0.005100941751152277,False
S;D;R;A;P,E;H;A;E;L,"121,186,280,152,38",0.2114230990409851,0.005100154783576727,False
S;D;R;A;L,E;H;A;E;W,"121,186,280,152,216",0.21092593669891357,0.0054727764800190926,False
S;D;R;A;S,E;H;A;E;P,"121,186,280,152,245",0.2114230990409851,0.005103833507746458,False
S;D;R;A;I,E;H;A;E;W,"121,186,280,152,111",0.2114230990409851,0.005336839240044355,False
S;D;R;A;L,E;H;A;E;D,"121,186,280,152,249",0.2114230990409851,0.005101892631500959,False
S;D;R;A;D,E;H;A;E;K,"121,186,280,152,263",0.2114230990409851,0.005100154783576727,False
S;D;R;A;L,E;H;A;E;E,"121,186,280,152,216",0.21085917949676514,0.005935253109782934,False
S;D;R;A;I,E;H;A;E;H,"121,186,280,152,145",0.2114230990409851,0.005100154783576727,False
S;D;R;A;I,E;H;A;E;L,"121,186,280,152,145",0.2114230990409851,0.005100154783576727,False
S;D;R;A;H,E;H;A;E;M,"121,186,280,152,104",0.2114230990409851,0.005100154783576727,False
S;D;R;A;L,E;H;A;E;F,"121,186,280,152,216",0.21125292778015137,0.005162311252206564,False
S;D;R;A;S,E;H;A;E;D,"121,186,280,152,103",0.2114230990409851,0.005100154783576727,False
S;D;R;A;I,E;H;A;E;V,"121,186,280,152,200",0.2114366888999939,0.005114939529448748,False
S;D;R;A;T,E;H;A;E;K,"121,186,280,152,88",0.2114230990409851,0.005151055753231049,False
S;D;R;A;N,E;H;A;E;K,"121,186,280,152,138",0.2114230990409851,0.005100154783576727,False
S;D;R;A;Q,E;H;A;E;T,"121,186,280,152,91",0.2114230990409851,0.005134711507707834,False
S;D;R;A;G,E;H;A;E;D,"121,186,280,152,163",0.405320942401886,0.01563619077205658,False
S;D;R;A;A,E;H;A;E;M,"121,186,280,152,65",0.2114230990409851,0.005100935231894255,False
S;D;R;A;K,E;H;A;E;L,"121,186,280,152,252",0.2114230990409851,0.00510022509843111,False
S;D;R;A;V,E;H;A;E;D,"121,186,280,152,57",0.2114230990409851,0.005100154783576727,False
S;D;R;A;Q,E;H;A;E;V,"121,186,280,152,127",0.21200025081634521,0.005395561922341585,False
S;D;R;A;V,E;H;A;E;C,"121,186,280,152,281",0.2114230990409851,0.005123680457472801,False
S;D;R;A;T,E;H;A;E;V,"121,186,280,152,72",0.2114230990409851,0.005100154783576727,False
S;D;R;A;Q,E;H;A;E;N,"121,186,280,152,133",0.2114230990409851,0.005100154783576727,False
S;D;R;A;R,E;H;A;E;K,"121,186,280,152,53",0.2114230990409851,0.005100154783576727,False
S;D;R;A;S,E;H;A;E;P,"121,186,280,152,125",0.21141737699508667,0.005113476887345314,False
S;D;R;A;T,E;H;A;E;Q,"121,186,280,152,88",0.2114230990409851,0.005128649994730949,False
S;D;R;A;N,E;H;A;E;L,"121,186,280,152,138",0.2114230990409851,0.005100154783576727,False
S;D;R;A;H,E;H;A;E;R,"121,186,280,152,104",0.2114230990409851,0.005100154783576727,False
S;D;R;A;W,E;H;A;E;P,"121,186,280,152,159",0.3325510621070862,0.013807658106088638,False
S;D;R;A;S,E;H;A;E;Y,"121,186,280,152,242",0.2114230990409851,0.00520169734954834,False
S;D;R;A;A,E;H;A;E;F,"121,186,280,152,65",0.2114230990409851,0.005101276095956564,False
S;D;R;A;G,E;H;A;E;H,"121,186,280,152,251",0.2114230990409851,0.005102380644530058,False
S;D;R;A;L,E;H;A;E;P,"121,186,280,152,216",0.21107637882232666,0.005436575505882502,False
S;D;R;A;S,E;H;A;E;W,"121,186,280,152,58",0.2114230990409851,0.005100154783576727,False
S;D;R;A;T,E;H;A;E;N,"121,186,280,152,88",0.2114230990409851,0.005119616165757179,False
S;D;R;A;T,E;H;A;E;N,"121,186,280,152,198",0.2114230990409851,0.005104337818920612,False
S;D;R;A;S,E;H;A;E;K,"121,186,280,152,58",0.2114230990409851,0.005100154783576727,False
S;D;R;A;L,E;H;A;E;C,"121,186,280,152,249",0.2114230990409851,0.005100150592625141,False
S;D;R;A;N,E;H;A;E;T,"121,186,280,152,190",0.21166503429412842,0.005104275420308113,False
S;D;R;A;S,E;H;A;E;V,"121,186,280,152,223",0.2114230990409851,0.005100154783576727,False
S;D;R;A;A,E;H;A;E;W,"121,186,280,152,65",0.2114230990409851,0.0051031638868153095,False
S;D;R;A;K,E;H;A;E;Y,"121,186,280,152,253",0.2114230990409851,0.00510023906826973,False
S;D;R;A;R,E;H;A;E;S,"121,186,280,152,90",0.2114230990409851,0.005570368841290474,False
S;D;R;A;T,E;H;A;E;M,"121,186,280,152,29",0.2114230990409851,0.005100154783576727,False
S;D;R;A;M,E;H;A;E;L,"121,186,280,152,262",0.2114230990409851,0.005100154783576727,False
S;D;R;A;A,E;H;A;E;L,"121,186,280,152,272",0.2114230990409851,0.005100154783576727,False
S;D;R;A;R,E;H;A;E;N,"121,186,280,152,90",0.2114230990409851,0.00533640943467617,False
S;D;R;A;R,E;H;A;E;T,"121,186,280,152,90",0.2114230990409851,0.005373458378016949,False
S;D;R;A;G,E;H;A;E;T,"121,186,280,152,254",0.2114230990409851,0.005100203212350607,False
S;D;R;A;R,E;H;A;E;P,"121,186,280,152,90",0.2114230990409851,0.0057487767189741135,False
S;D;R;A;N,E;H;A;E;Y,"121,186,280,152,37",0.2114230990409851,0.005100154783576727,False
S;D;R;A;Q,E;H;A;E;I,"121,186,280,152,182",0.8232222199440002,0.025041455402970314,True
S;D;R;A;R,E;H;A;E;A,"121,186,280,152,90",0.2114230990409851,0.005477525293827057,False
S;D;R;A;K,E;H;A;E;F,"121,186,280,152,253",0.2114230990409851,0.00510021299123764,False
S;D;R;A;Y,E;H;A;E;S,"121,186,280,152,63",0.2114230990409851,0.005102351773530245,False
S;D;R;A;Q,E;H;A;E;L,"121,186,280,152,182",0.6610025763511658,0.021119022741913795,True
S;D;R;A;K,E;H;A;E;A,"121,186,280,152,253",0.2114230990409851,0.005100297275930643,False
S;D;R;A;K,E;H;A;E;V,"121,186,280,152,253",0.2114230990409851,0.0051003266125917435,False
S;D;R;A;Q,E;H;A;E;F,"121,186,280,152,182",0.45163238048553467,0.016408132389187813,False
S;D;R;A;R,E;H;A;E;D,"121,186,280,152,90",0.2114230990409851,0.0058121224865317345,False
S;D;R;A;Q,E;H;A;E;A,"121,186,280,152,127",0.21178221702575684,0.005157757550477982,False
S;D;R;A;Y,E;H;A;E;T,"121,186,280,152,63",0.2114230990409851,0.0051017277874052525,False
S;D;R;A;Q,E;H;A;E;V,"121,186,280,152,182",0.7867966294288635,0.024008734151721,True
S;D;R;A;K,E;H;A;E;L,"121,186,280,152,253",0.2114230990409851,0.005100273992866278,False
S;D;R;A;C,E;H;A;E;S,"121,186,280,152,289",0.2114230990409851,0.005100154783576727,False
S;D;R;A;Y,E;H;A;E;G,"121,186,280,152,63",0.2114230990409851,0.005103969480842352,False
S;D;R;A;M,E;H;A;E;V,"121,186,280,152,154",0.2114230990409851,0.00510019063949585,False
S;D;R;A;Q,E;H;A;E;T,"121,186,280,152,127",0.2116052508354187,0.005127033684402704,False
S;D;R;A;A,E;H;A;E;D,"121,186,280,152,226",0.2114230990409851,0.005100208800286055,False
S;D;R;A;C,E;H;A;E;A,"121,186,280,152,289",0.2114230990409851,0.005100154783576727,False
S;D;R;A;R,E;H;A;E;Q,"121,186,280,152,224",0.2114230990409851,0.005100154783576727,False
S;D;R;A;N,E;H;A;E;K,"121,186,280,152,233",0.2114230990409851,0.005126976873725653,False
S;D;R;A;S,E;H;A;E;E,"121,186,280,152,136",0.2114230990409851,0.005100154783576727,False
S;D;R;A;S,E;H;A;E;F,"121,186,280,152,238",0.4964901804924011,0.01722288317978382,False
S;D;R;A;S,E;H;A;E;Q,"121,186,280,152,188",0.21141564846038818,0.005107865668833256,False
S;D;R;A;S,E;H;A;E;H,"121,186,280,152,214",0.23447948694229126,0.010537869296967983,False
S;D;R;A;L,E;H;A;E;F,"121,186,280,152,117",0.2114230990409851,0.005108834709972143,False
S;D;R;A;Q,E;H;A;E;Y,"121,186,280,152,119",0.21120840311050415,0.005204816348850727,False
S;D;R;A;G,E;H;A;E;A,"121,186,280,152,165",0.23108232021331787,0.010634695179760456,False
S;D;R;A;I,E;H;A;E;R,"121,186,280,152,168",0.21057343482971191,0.005343437194824219,False
S;D;R;A;N,E;H;A;E;H,"121,186,280,152,205",0.2114230990409851,0.009641658514738083,False
S;D;R;A;S,E;H;A;E;Y,"121,186,280,152,269",0.2114230990409851,0.005100154783576727,False
S;D;R;A;S,E;H;A;E;T,"121,186,280,152,214",0.20901858806610107,0.006481400690972805,False
S;D;R;A;I,E;H;A;E;R,"121,186,280,152,218",0.21078729629516602,0.0053880601190030575,False
S;D;R;A;P,E;H;A;E;K,"121,186,280,152,120",0.4196961522102356,0.014784562401473522,False
S;D;R;A;M,E;H;A;E;H,"121,186,280,152,161",0.25641828775405884,0.011232188902795315,False
S;D;R;A;I,E;H;A;E;H,"121,186,280,152,168",0.210601806640625,0.005393995903432369,False
S;D;R;A;N,E;H;A;E;K,"121,186,280,152,114",0.2114230990409851,0.005101148504763842,False
S;D;R;A;P,E;H;A;E;V,"121,186,280,152,184",0.577012300491333,0.02049289271235466,False
S;D;R;A;W,E;H;A;E;P,"121,186,280,152,185",0.3724215030670166,0.014637529850006104,False
S;D;R;A;S,E;H;A;E;H,"121,186,280,152,187",0.20869916677474976,0.005056040361523628,False
S;D;R;A;S,E;H;A;E;P,"121,186,280,152,188",0.21058928966522217,0.005082098767161369,False
S;D;R;A;F,E;H;A;E;M,"121,186,280,152,191",0.21142375469207764,0.005099584814161062,False
Q;K;E;Q;S,L;L;K;L;N,"127,252,231,182,124",0.6609251499176025,0.016362234950065613,True
Q;K;E;Q;G,L;L;K;L;Q,"127,252,231,182,243",0.6609251499176025,0.016427958384156227,True
Q;K;E;Q;G,L;L;K;L;L,"127,252,231,182,243",0.6609251499176025,0.016419323161244392,True
Q;K;E;Q;T,L;L;K;L;E,"127,252,231,182,270",0.6609251499176025,0.016346018761396408,True
Q;K;E;Q;R,L;L;K;L;V,"127,252,231,182,34",0.6609251499176025,0.016346018761396408,True
Q;K;E;Q;G,L;L;K;L;K,"127,252,231,182,243",0.6609251499176025,0.01637193001806736,True
Q;K;E;Q;D,L;L;K;L;Q,"127,252,231,182,220",0.6609251499176025,0.016347618773579597,True
Q;K;E;Q;S,L;L;K;L;K,"127,252,231,182,124",0.6609251499176025,0.01646600291132927,True
Q;K;E;Q;F,L;L;K;L;E,"127,252,231,182,271",0.6609251499176025,0.016346018761396408,True
Q;K;E;Q;G,L;L;K;L;Q,"127,252,231,182,164",0.6605311632156372,0.021164990961551666,False
Q;K;E;Q;A,L;L;K;L;D,"127,252,231,182,130",0.6609251499176025,0.01636628620326519,True
Q;K;E;Q;W,L;L;K;L;C,"127,252,231,182,257",0.6603919863700867,0.01632736250758171,False
Q;K;E;Q;S,L;L;K;L;M,"127,252,231,182,238",0.6621755361557007,0.026230240240693092,True
Q;K;E;Q;F,L;L;K;L;M,"127,252,231,182,271",0.6609251499176025,0.016346018761396408,True
Q;K;E;Q;S,L;L;K;L;A,"127,252,231,182,124",0.6609251499176025,0.016425369307398796,True
Q;K;E;Q;G,L;L;K;L;I,"127,252,231,182,243",0.6609251499176025,0.016426576301455498,True
Q;K;E;Q;A,L;L;K;L;V,"127,252,231,182,65",0.6609251499176025,0.01634936034679413,True
Q;K;E;Q;Q,L;L;K;L;E,"127,252,231,182,133",0.6609251499176025,0.016346018761396408,True
Q;K;E;Q;S,L;L;K;L;T,"127,252,231,182,124",0.6609251499176025,0.016406185925006866,True
Q;K;E;Q;Q,L;L;K;L;W,"127,252,231,182,133",0.6609251499176025,0.016346018761396408,True
Q;K;E;Q;D,L;L;K;L;L,"127,252,231,182,220",0.6609251499176025,0.01635117270052433,True
Q;K;E;Q;T,L;L;K;L;D,"127,252,231,182,88",0.6609251499176025,0.01654951460659504,True
Q;K;E;Q;R,L;L;K;L;N,"127,252,231,182,132",0.6609251499176025,0.016346018761396408,True
Q;K;E;Q;A,L;L;K;L;Y,"127,252,231,182,215",0.6628391146659851,0.029105747118592262,True
Q;K;E;Q;L,L;L;K;L;K,"127,252,231,182,249",0.6609251499176025,0.016353275626897812,True
Q;K;E;Q;R,L;L;K;L;Y,"127,252,231,182,123",0.6609251499176025,0.016841217875480652,True
Q;K;E;Q;F,L;L;K;L;W,"127,252,231,182,271",0.6609251499176025,0.016346018761396408,True
Q;K;E;Q;S,L;L;K;L;D,"127,252,231,182,58",0.6609251499176025,0.016346018761396408,True
Q;K;E;Q;N,L;L;K;L;I,"127,252,231,182,37",0.6609251499176025,0.016346018761396408,True
Q;K;E;Q;C,L;L;K;L;D,"127,252,231,182,289",0.6609251499176025,0.016346018761396408,True
Q;K;E;Q;A,L;L;K;L;P,"127,252,231,182,152",0.6609251499176025,0.016346018761396408,True
Q;K;E;Q;D,L;L;K;L;V,"127,252,231,182,186",0.7270517349243164,0.03398231789469719,True
Q;K;E;Q;G,L;L;K;L;P,"127,252,231,182,243",0.6609251499176025,0.016375236213207245,True
Q;K;E;Q;S,L;L;K;L;E,"127,252,231,182,115",0.6609251499176025,0.01635868102312088,True
Q;K;E;Q;L,L;L;K;L;Q,"127,252,231,182,216",0.6609251499176025,0.01676875352859497,True
Q;K;E;Q;N,L;L;K;L;P,"127,252,231,182,277",0.6609251499176025,0.016346022486686707,True
Q;K;E;Q;R,L;L;K;L;Q,"127,252,231,182,132",0.6609251499176025,0.016346018761396408,True
Q;K;E;Q;N,L;L;K;L;Y,"127,252,231,182,244",0.6623268723487854,0.016877971589565277,True
Q;K;E;Q;H,L;L;K;L;T,"127,252,231,182,104",0.6609251499176025,0.016346018761396408,True
Q;K;E;Q;S,L;L;K;L;V,"127,252,231,182,58",0.6609251499176025,0.016346018761396408,True
Q;K;E;Q;H,L;L;K;L;L,"127,252,231,182,104",0.6609251499176025,0.016346018761396408,True
Q;K;E;Q;P,L;L;K;L;Q,"127,252,231,182,38",0.6609251499176025,0.016346018761396408,True
Q;K;E;Q;R,L;L;K;L;L,"127,252,231,182,53",0.6609251499176025,0.016346018761396408,True
Q;K;E;Q;A,L;L;K;L;T,"127,252,231,182,180",0.6636564135551453,0.016371121630072594,True
Q;K;E;Q;P,L;L;K;L;D,"127,252,231,182,197",0.6609251499176025,0.016348237171769142,True
Q;K;E;Q;T,L;L;K;L;V,"127,252,231,182,198",0.6593626737594604,0.01633763499557972,False
Q;K;E;Q;A,L;L;K;L;M,"127,252,231,182,135",0.6609251499176025,0.016346018761396408,True
Q;K;E;Q;I,L;L;K;L;L,"127,252,231,182,111",0.6609251499176025,0.016326094046235085,True
Q;K;E;Q;G,L;L;K;L;S,"127,252,231,182,243",0.6609251499176025,0.01636127009987831,True
Q;K;E;Q;W,L;L;K;L;I,"127,252,231,182,159",0.686424732208252,0.02433379553258419,True
Q;K;E;Q;S,L;L;K;L;N,"127,252,231,182,103",0.6609251499176025,0.016346018761396408,True
Q;K;E;Q;A,L;L;K;L;Y,"127,252,231,182,179",0.6609812378883362,0.016596784815192223,True
Q;K;E;Q;W,L;L;K;L;K,"127,252,231,182,257",0.6616899967193604,0.016364650800824165,True
Q;K;E;Q;L,L;L;K;L;M,"127,252,231,182,216",0.6609251499176025,0.01643446832895279,True
Q;K;E;Q;G,L;L;K;L;A,"127,252,231,182,243",0.6609251499176025,0.016356678679585457,True
Q;K;E;Q;A,L;L;K;L;N,"127,252,231,182,226",0.6609251499176025,0.016346300020813942,True
Q;K;E;Q;L,L;L;K;L;I,"127,252,231,182,216",0.6609251499176025,0.01634356938302517,True
Q;K;E;Q;C,L;L;K;L;L,"127,252,231,182,289",0.6609251499176025,0.016346018761396408,True
Q;K;E;Q;S,L;L;K;L;E,"127,252,231,182,207",0.6609251499176025,0.03179125860333443,True
Q;K;E;Q;M,L;L;K;L;L,"127,252,231,182,154",0.6609251499176025,0.016346400603652,True
Q;K;E;Q;M,L;L;K;L;P,"127,252,231,182,222",0.6609251499176025,0.016346491873264313,True
Q;K;E;Q;G,L;L;K;L;T,"127,252,231,182,251",0.6609251499176025,0.016368059441447258,True
Q;K;E;Q;P,L;L;K;L;L,"127,252,231,182,38",0.6609251499176025,0.016346018761396408,True
Q;K;E;Q;L,L;L;K;L;W,"127,252,231,182,216",0.6609251499176025,0.01674804277718067,True
Q;K;E;Q;T,L;L;K;L;L,"127,252,231,182,72",0.6609251499176025,0.016346018761396408,True
Q;K;E;Q;S,L;L;K;L;P,"127,252,231,182,245",0.6609251499176025,0.016363056376576424,True
Q;K;E;Q;I,L;L;K;L;W,"127,252,231,182,111",0.6609251499176025,0.016612783074378967,True
Q;K;E;Q;L,L;L;K;L;D,"127,252,231,182,249",0.6609251499176025,0.016380561515688896,True
Q;K;E;Q;D,L;L;K;L;K,"127,252,231,182,263",0.6609251499176025,0.016346018761396408,True
Q;K;E;Q;T,L;L;K;L;M,"127,252,231,182,51",0.6609251499176025,0.016346018761396408,True
Q;K;E;Q;L,L;L;K;L;E,"127,252,231,182,216",0.6609251499176025,0.017217488959431648,True
Q;K;E;Q;S,L;L;K;L;T,"127,252,231,182,121",0.6609251499176025,0.016383305191993713,True
Q;K;E;Q;I,L;L;K;L;H,"127,252,231,182,145",0.6609251499176025,0.016346018761396408,True
Q;K;E;Q;I,L;L;K;L;L,"127,252,231,182,145",0.6609251499176025,0.016346018761396408,True
Q;K;E;Q;H,L;L;K;L;M,"127,252,231,182,104",0.6609251499176025,0.016346018761396408,True
Q;K;E;Q;R,L;L;K;L;P,"127,252,231,182,280",0.6609251499176025,0.016382144764065742,True
Q;K;E;Q;L,L;L;K;L;F,"127,252,231,182,216",0.6609251499176025,0.016405383124947548,True
Q;K;E;Q;S,L;L;K;L;D,"127,252,231,182,103",0.6609251499176025,0.016346018761396408,True
Q;K;E;Q;I,L;L;K;L;V,"127,252,231,182,200",0.658065915107727,0.016231881454586983,False
Q;K;E;Q;T,L;L;K;L;K,"127,252,231,182,88",0.6609251499176025,0.016396893188357353,True
Q;K;E;Q;N,L;L;K;L;K,"127,252,231,182,138",0.6609251499176025,0.016346018761396408,True
Q;K;E;Q;A,L;L;K;L;L,"127,252,231,182,65",0.6609251499176025,0.01635236106812954,True
Q;K;E;Q;Q,L;L;K;L;T,"127,252,231,182,91",0.6609251499176025,0.016412844881415367,True
Q;K;E;Q;G,L;L;K;L;D,"127,252,231,182,163",0.6523596048355103,0.02656841278076172,False
Q;K;E;Q;A,L;L;K;L;M,"127,252,231,182,65",0.6609251499176025,0.016357608139514923,True
Q;K;E;Q;V,L;L;K;L;D,"127,252,231,182,57",0.6609251499176025,0.016346018761396408,True
Q;K;E;Q;V,L;L;K;L;C,"127,252,231,182,281",0.6609251499176025,0.016359727829694748,True
Q;K;E;Q;T,L;L;K;L;V,"127,252,231,182,72",0.6609251499176025,0.016346018761396408,True
Q;K;E;Q;Q,L;L;K;L;N,"127,252,231,182,133",0.6609251499176025,0.016346018761396408,True
Q;K;E;Q;R,L;L;K;L;K,"127,252,231,182,53",0.6609251499176025,0.016346018761396408,True
Q;K;E;Q;S,L;L;K;L;P,"127,252,231,182,125",0.6609251499176025,0.016314851120114326,True
Q;K;E;Q;T,L;L;K;L;Q,"127,252,231,182,88",0.6609251499176025,0.016373682767152786,True
Q;K;E;Q;N,L;L;K;L;L,"127,252,231,182,138",0.6609251499176025,0.016346018761396408,True
Q;K;E;Q;H,L;L;K;L;R,"127,252,231,182,104",0.6609251499176025,0.016346018761396408,True
Q;K;E;Q;W,L;L;K;L;P,"127,252,231,182,159",0.6555073261260986,0.02459791675209999,False
Q;K;E;Q;S,L;L;K;L;Y,"127,252,231,182,242",0.6610877513885498,0.016649829223752022,True
Q;K;E;Q;A,L;L;K;L;F,"127,252,231,182,65",0.6609251499176025,0.016360191628336906,True
Q;K;E;Q;G,L;L;K;L;H,"127,252,231,182,251",0.6609251499176025,0.016385972499847412,True
Q;K;E;Q;L,L;L;K;L;P,"127,252,231,182,216",0.6609251499176025,0.01669718325138092,True
Q;K;E;Q;S,L;L;K;L;W,"127,252,231,182,58",0.6609251499176025,0.016346018761396408,True
Q;K;E;Q;A,L;L;K;L;E,"127,252,231,182,152",0.6609251499176025,0.016346018761396408,True
Q;K;E;Q;T,L;L;K;L;N,"127,252,231,182,88",0.6609251499176025,0.01636742614209652,True
Q;K;E;Q;T,L;L;K;L;N,"127,252,231,182,198",0.6618510484695435,0.01637192629277706,True
Q;K;E;Q;S,L;L;K;L;K,"127,252,231,182,58",0.6609251499176025,0.016346018761396408,True
Q;K;E;Q;L,L;L;K;L;C,"127,252,231,182,249",0.6609251499176025,0.016345469281077385,True
Q;K;E;Q;N,L;L;K;L;T,"127,252,231,182,190",0.6609251499176025,0.01634746417403221,True
Q;K;E;Q;S,L;L;K;L;V,"127,252,231,182,223",0.6609251499176025,0.016346018761396408,True
Q;K;E;Q;A,L;L;K;L;W,"127,252,231,182,65",0.6609251499176025,0.016371609643101692,True
Q;K;E;Q;K,L;L;K;L;Y,"127,252,231,182,253",0.6609251499176025,0.016352616250514984,True
Q;K;E;Q;R,L;L;K;L;S,"127,252,231,182,90",0.6609251499176025,0.016807131469249725,True
Q;K;E;Q;T,L;L;K;L;M,"127,252,231,182,29",0.6609251499176025,0.016346018761396408,True
Q;K;E;Q;M,L;L;K;L;L,"127,252,231,182,262",0.6609251499176025,0.016346018761396408,True
Q;K;E;Q;A,L;L;K;L;L,"127,252,231,182,272",0.6609251499176025,0.016346018761396408,True
Q;K;E;Q;R,L;L;K;L;N,"127,252,231,182,90",0.6609251499176025,0.016587281599640846,True
Q;K;E;Q;R,L;L;K;L;T,"127,252,231,182,90",0.6609251499176025,0.016613788902759552,True
Q;K;E;Q;G,L;L;K;L;T,"127,252,231,182,254",0.660990834236145,0.016354482620954514,True
Q;K;E;Q;R,L;L;K;L;P,"127,252,231,182,90",0.6609251499176025,0.016993919387459755,True
Q;K;E;Q;N,L;L;K;L;Y,"127,252,231,182,37",0.6609251499176025,0.016346018761396408,True
Q;K;E;Q;R,L;L;K;L;A,"127,252,231,182,90",0.6609251499176025,0.01670231856405735,True
Q;K;E;Q;K,L;L;K;L;F,"127,252,231,182,253",0.6609251499176025,0.016344653442502022,True
Q;K;E;Q;Y,L;L;K;L;S,"127,252,231,182,63",0.6609251499176025,0.016324277967214584,True
Q;K;E;Q;K,L;L;K;L;A,"127,252,231,182,253",0.6609251499176025,0.01633693464100361,True
Q;K;E;Q;K,L;L;K;L;V,"127,252,231,182,253",0.6609251499176025,0.016336601227521896,True
Q;K;E;Q;R,L;L;K;L;D,"127,252,231,182,90",0.6609251499176025,0.01709255762398243,True
Q;K;E;Q;Y,L;L;K;L;T,"127,252,231,182,63",0.6609251499176025,0.016328122466802597,True
Q;K;E;Q;K,L;L;K;L;L,"127,252,231,182,253",0.6609251499176025,0.016338899731636047,True
Q;K;E;Q;C,L;L;K;L;S,"127,252,231,182,289",0.6609251499176025,0.016346018761396408,True
Q;K;E;Q;Y,L;L;K;L;G,"127,252,231,182,63",0.6609251499176025,0.01631663553416729,True
Q;K;E;Q;M,L;L;K;L;V,"127,252,231,182,154",0.6609251499176025,0.016346504911780357,True
Q;K;E;Q;A,L;L;K;L;D,"127,252,231,182,226",0.6609251499176025,0.016346514225006104,True
Q;K;E;Q;C,L;L;K;L;A,"127,252,231,182,289",0.6609251499176025,0.016346018761396408,True
Q;K;E;Q;R,L;L;K;L;Q,"127,252,231,182,224",0.6609251499176025,0.016346018761396408,True
Q;K;E;Q;N,L;L;K;L;K,"127,252,231,182,233",0.6609251499176025,0.01641184277832508,True
Q;K;E;Q;S,L;L;K;L;E,"127,252,231,182,136",0.6609251499176025,0.016346018761396408,True
Q;K;E;Q;D,L;L;K;L;N,"127,252,231,182,186",0.6613454818725586,0.019265474751591682,True
Q;K;E;Q;R,L;L;K;L;A,"127,252,231,182,280",0.6609251499176025,0.01635943539440632,True
Q;K;E;Q;S,L;L;K;L;F,"127,252,231,182,238",0.6626368165016174,0.029043707996606827,True
Q;K;E;Q;S,L;L;K;L;Q,"127,252,231,182,188",0.6609251499176025,0.01635826751589775,True
Q;K;E;Q;S,L;L;K;L;H,"127,252,231,182,214",0.6608700752258301,0.022031737491488457,False
Q;K;E;Q;L,L;L;K;L;F,"127,252,231,182,117",0.6609251499176025,0.016351239755749702,True
Q;K;E;Q;Q,L;L;K;L;Y,"127,252,231,182,119",0.6609251499176025,0.016429083421826363,True
Q;K;E;Q;G,L;L;K;L;A,"127,252,231,182,165",0.6601221561431885,0.021662462502717972,False
Q;K;E;Q;S,L;L;K;L;E,"127,252,231,182,121",0.6609251499176025,0.016436569392681122,True
Q;K;E;Q;I,L;L;K;L;R,"127,252,231,182,168",0.6609251499176025,0.01652415841817856,True
Q;K;E;Q;N,L;L;K;L;H,"127,252,231,182,205",0.6609251499176025,0.020901493728160858,True
Q;K;E;Q;S,L;L;K;L;Y,"127,252,231,182,269",0.6609251499176025,0.016346018761396408,True
Q;K;E;Q;S,L;L;K;L;T,"127,252,231,182,214",0.6609190702438354,0.01810942031443119,False
Q;K;E;Q;I,L;L;K;L;R,"127,252,231,182,218",0.6609251499176025,0.016601623967289925,True
Q;K;E;Q;P,L;L;K;L;K,"127,252,231,182,120",0.661268949508667,0.02568747289478779,True
Q;K;E;Q;M,L;L;K;L;H,"127,252,231,182,161",0.6618697643280029,0.02206668071448803,True
Q;K;E;Q;I,L;L;K;L;H,"127,252,231,182,168",0.6609251499176025,0.01661135070025921,True
Q;K;E;Q;N,L;L;K;L;K,"127,252,231,182,114",0.6609251499176025,0.016343144699931145,True
Q;K;E;Q;P,L;L;K;L;V,"127,252,231,182,184",0.65118008852005,0.03177409991621971,False
Q;K;E;Q;W,L;L;K;L;P,"127,252,231,182,185",0.6611541509628296,0.025947509333491325,True
Q;K;E;Q;S,L;L;K;L;H,"127,252,231,182,187",0.6609251499176025,0.01636395789682865,True
Q;K;E;Q;S,L;L;K;L;P,"127,252,231,182,188",0.6609251499176025,0.016349362209439278,True
Q;K;E;Q;T,L;L;K;L;Y,"127,252,231,182,189",0.6609251499176025,0.0164754930883646,True
Q;K;E;Q;F,L;L;K;L;M,"127,252,231,182,191",0.6609251499176025,0.016344891861081123,True
E;Q;Q;D;S,K;L;L;L;N,"231,182,127,220,124",0.6609251499176025,0.01637081801891327,True
E;Q;Q;D;G,K;L;L;L;Q,"231,182,127,220,243",0.6609251499176025,0.016436859965324402,True
E;Q;Q;D;G,K;L;L;L;L,"231,182,127,220,243",0.6609251499176025,0.016428029164671898,True
E;Q;Q;D;T,K;L;L;L;E,"231,182,127,220,270",0.6609251499176025,0.016354601830244064,True
E;Q;Q;D;R,K;L;L;L;V,"231,182,127,220,34",0.6609251499176025,0.016354601830244064,True
E;Q;Q;D;G,K;L;L;L;K,"231,182,127,220,243",0.6609251499176025,0.016380708664655685,True
E;Q;Q;D;S,K;L;L;L;K,"231,182,127,220,124",0.6609251499176025,0.016474585980176926,True
E;Q;Q;D;F,K;L;L;L;E,"231,182,127,220,271",0.6609251499176025,0.016354601830244064,True
E;Q;Q;D;G,K;L;L;L;Q,"231,182,127,220,164",0.6605311632156372,0.02117139846086502,False
E;Q;Q;D;A,K;L;L;L;D,"231,182,127,220,130",0.6609251499176025,0.016374869272112846,True
E;Q;Q;D;W,K;L;L;L;C,"231,182,127,220,257",0.6603919863700867,0.016335945576429367,False
E;Q;Q;D;S,K;L;L;L;M,"231,182,127,220,238",0.6621755361557007,0.026242421939969063,True
E;Q;Q;D;F,K;L;L;L;M,"231,182,127,220,271",0.6609251499176025,0.016354601830244064,True
E;Q;Q;D;S,K;L;L;L;A,"231,182,127,220,124",0.6609251499176025,0.016433952376246452,True
E;Q;Q;D;G,K;L;L;L;I,"231,182,127,220,243",0.6609251499176025,0.016435258090496063,True
E;Q;Q;D;A,K;L;L;L;V,"231,182,127,220,65",0.6609251499176025,0.016357943415641785,True
E;Q;Q;D;Q,K;L;L;L;E,"231,182,127,220,133",0.6609251499176025,0.016354601830244064,True
E;Q;Q;D;S,K;L;L;L;T,"231,182,127,220,124",0.6609251499176025,0.016414768993854523,True
E;Q;Q;D;Q,K;L;L;L;W,"231,182,127,220,133",0.6609251499176025,0.016354601830244064,True
E;Q;Q;D;T,K;L;L;L;D,"231,182,127,220,88",0.6609251499176025,0.016558097675442696,True
E;Q;Q;D;R,K;L;L;L;N,"231,182,127,220,132",0.6609251499176025,0.016354601830244064,True
E;Q;Q;D;A,K;L;L;L;Y,"231,182,127,220,215",0.6628391146659851,0.029102763161063194,True
E;Q;Q;D;L,K;L;L;L;K,"231,182,127,220,249",0.6609251499176025,0.01636211760342121,True
E;Q;Q;D;R,K;L;L;L;Y,"231,182,127,220,123",0.6609251499176025,0.016849800944328308,True
E;Q;Q;D;F,K;L;L;L;W,"231,182,127,220,271",0.6609251499176025,0.016354601830244064,True
E;Q;Q;D;S,K;L;L;L;D,"231,182,127,220,58",0.6609251499176025,0.016354601830244064,True
E;Q;Q;D;N,K;L;L;L;I,"231,182,127,220,37",0.6609251499176025,0.016354601830244064,True
E;Q;Q;D;C,K;L;L;L;D,"231,182,127,220,289",0.6609251499176025,0.016354601830244064,True
E;Q;Q;D;A,K;L;L;L;P,"231,182,127,220,152",0.6609251499176025,0.016354601830244064,True
E;Q;Q;D;D,K;L;L;L;V,"231,182,127,220,186",0.7270517349243164,0.033988893032073975,True
E;Q;Q;D;G,K;L;L;L;P,"231,182,127,220,243",0.6609251499176025,0.01638401672244072,True
E;Q;Q;D;S,K;L;L;L;E,"231,182,127,220,115",0.6609251499176025,0.016367264091968536,True
E;Q;Q;D;L,K;L;L;L;Q,"231,182,127,220,216",0.6609251499176025,0.01679420657455921,True
E;Q;Q;D;N,K;L;L;L;P,"231,182,127,220,277",0.6609251499176025,0.016354605555534363,True
E;Q;Q;D;R,K;L;L;L;Q,"231,182,127,220,132",0.6609251499176025,0.016354601830244064,True
E;Q;Q;D;N,K;L;L;L;Y,"231,182,127,220,244",0.6623268723487854,0.016889894381165504,True
E;Q;Q;D;H,K;L;L;L;T,"231,182,127,220,104",0.6609251499176025,0.016354601830244064,True
E;Q;Q;D;S,K;L;L;L;V,"231,182,127,220,58",0.6609251499176025,0.016354601830244064,True
E;Q;Q;D;H,K;L;L;L;L,"231,182,127,220,104",0.6609251499176025,0.016354601830244064,True
E;Q;Q;D;P,K;L;L;L;Q,"231,182,127,220,38",0.6609251499176025,0.016354601830244064,True
E;Q;Q;D;R,K;L;L;L;L,"231,182,127,220,53",0.6609251499176025,0.016354601830244064,True
E;Q;Q;D;A,K;L;L;L;T,"231,182,127,220,180",0.6636564135551453,0.01637961156666279,True
E;Q;Q;D;P,K;L;L;L;D,"231,182,127,220,197",0.6609251499176025,0.0163568202406168,True
E;Q;Q;D;T,K;L;L;L;V,"231,182,127,220,198",0.6593626737594604,0.016346288844943047,False
E;Q;Q;D;A,K;L;L;L;M,"231,182,127,220,135",0.6609251499176025,0.016354601830244064,True
E;Q;Q;D;I,K;L;L;L;L,"231,182,127,220,111",0.6609251499176025,0.01633467711508274,True
E;Q;Q;D;G,K;L;L;L;S,"231,182,127,220,243",0.6609251499176025,0.016369961202144623,True
E;Q;Q;D;W,K;L;L;L;I,"231,182,127,220,159",0.686424732208252,0.024343369528651237,True
E;Q;Q;D;S,K;L;L;L;N,"231,182,127,220,103",0.6609251499176025,0.016354601830244064,True
E;Q;Q;D;A,K;L;L;L;Y,"231,182,127,220,179",0.6609812378883362,0.01660536788403988,True
E;Q;Q;D;W,K;L;L;L;K,"231,182,127,220,257",0.6616899967193604,0.01637323386967182,True
E;Q;Q;D;L,K;L;L;L;M,"231,182,127,220,216",0.6609251499176025,0.016455665230751038,True
E;Q;Q;D;G,K;L;L;L;A,"231,182,127,220,243",0.6609251499176025,0.01636526547372341,True
E;Q;Q;D;A,K;L;L;L;N,"231,182,127,220,226",0.6609251499176025,0.016354883089661598,True
E;Q;Q;D;L,K;L;L;L;I,"231,182,127,220,216",0.6609251499176025,0.016347726806998253,True
E;Q;Q;D;C,K;L;L;L;L,"231,182,127,220,289",0.6609251499176025,0.016354601830244064,True
E;Q;Q;D;S,K;L;L;L;E,"231,182,127,220,207",0.6609251499176025,0.031798314303159714,True
E;Q;Q;D;M,K;L;L;L;L,"231,182,127,220,154",0.6609251499176025,0.016354983672499657,True
E;Q;Q;D;M,K;L;L;L;P,"231,182,127,220,222",0.6609251499176025,0.016355108469724655,True
E;Q;Q;D;G,K;L;L;L;T,"231,182,127,220,251",0.6609251499176025,0.016377603635191917,True
E;Q;Q;D;P,K;L;L;L;L,"231,182,127,220,38",0.6609251499176025,0.016354601830244064,True
E;Q;Q;D;L,K;L;L;L;W,"231,182,127,220,216",0.6609251499176025,0.016780229285359383,True
E;Q;Q;D;T,K;L;L;L;L,"231,182,127,220,72",0.6609251499176025,0.016354601830244064,True
E;Q;Q;D;S,K;L;L;L;P,"231,182,127,220,245",0.6609251499176025,0.016371745616197586,True
E;Q;Q;D;I,K;L;L;L;W,"231,182,127,220,111",0.6609251499176025,0.016621366143226624,True
E;Q;Q;D;L,K;L;L;L;D,"231,182,127,220,249",0.6609251499176025,0.016390228644013405,True
E;Q;Q;D;D,K;L;L;L;K,"231,182,127,220,263",0.6609251499176025,0.016354601830244064,True
E;Q;Q;D;T,K;L;L;L;M,"231,182,127,220,51",0.6609251499176025,0.016354601830244064,True
E;Q;Q;D;L,K;L;L;L;E,"231,182,127,220,216",0.6609251499176025,0.017260711640119553,True
E;Q;Q;D;S,K;L;L;L;T,"231,182,127,220,121",0.6609251499176025,0.01639188826084137,True
E;Q;Q;D;I,K;L;L;L;H,"231,182,127,220,145",0.6609251499176025,0.016354601830244064,True
E;Q;Q;D;I,K;L;L;L;L,"231,182,127,220,145",0.6609251499176025,0.016354601830244064,True
E;Q;Q;D;H,K;L;L;L;M,"231,182,127,220,104",0.6609251499176025,0.016354601830244064,True
E;Q;Q;D;R,K;L;L;L;P,"231,182,127,220,280",0.6609251499176025,0.0163907278329134,True
E;Q;Q;D;L,K;L;L;L;F,"231,182,127,220,216",0.6609251499176025,0.016422439366579056,True
E;Q;Q;D;S,K;L;L;L;D,"231,182,127,220,103",0.6609251499176025,0.016354601830244064,True
E;Q;Q;D;I,K;L;L;L;V,"231,182,127,220,200",0.658065915107727,0.01624366082251072,False
E;Q;Q;D;T,K;L;L;L;K,"231,182,127,220,88",0.6609251499176025,0.01640547625720501,True
E;Q;Q;D;N,K;L;L;L;K,"231,182,127,220,138",0.6609251499176025,0.016354601830244064,True
E;Q;Q;D;A,K;L;L;L;L,"231,182,127,220,65",0.6609251499176025,0.016360944136977196,True
E;Q;Q;D;Q,K;L;L;L;T,"231,182,127,220,91",0.6609251499176025,0.016421427950263023,True
E;Q;Q;D;G,K;L;L;L;D,"231,182,127,220,163",0.6523596048355103,0.026574401184916496,False
E;Q;Q;D;A,K;L;L;L;M,"231,182,127,220,65",0.6609251499176025,0.01636619120836258,True
E;Q;Q;D;V,K;L;L;L;D,"231,182,127,220,57",0.6609251499176025,0.016354601830244064,True
E;Q;Q;D;V,K;L;L;L;C,"231,182,127,220,281",0.6609251499176025,0.016368310898542404,True
E;Q;Q;D;T,K;L;L;L;V,"231,182,127,220,72",0.6609251499176025,0.016354601830244064,True
E;Q;Q;D;Q,K;L;L;L;N,"231,182,127,220,133",0.6609251499176025,0.016354601830244064,True
E;Q;Q;D;R,K;L;L;L;K,"231,182,127,220,53",0.6609251499176025,0.016354601830244064,True
E;Q;Q;D;S,K;L;L;L;P,"231,182,127,220,125",0.6609251499176025,0.016323434188961983,True
E;Q;Q;D;T,K;L;L;L;Q,"231,182,127,220,88",0.6609251499176025,0.016382265836000443,True
E;Q;Q;D;N,K;L;L;L;L,"231,182,127,220,138",0.6609251499176025,0.016354601830244064,True
E;Q;Q;D;H,K;L;L;L;R,"231,182,127,220,104",0.6609251499176025,0.016354601830244064,True
E;Q;Q;D;W,K;L;L;L;P,"231,182,127,220,159",0.6555073261260986,0.024606090039014816,False
E;Q;Q;D;S,K;L;L;L;Y,"231,182,127,220,242",0.6610877513885498,0.016659649088978767,True
E;Q;Q;D;A,K;L;L;L;F,"231,182,127,220,65",0.6609251499176025,0.016368774697184563,True
E;Q;Q;D;G,K;L;L;L;H,"231,182,127,220,251",0.6609251499176025,0.01639625057578087,True
E;Q;Q;D;L,K;L;L;L;P,"231,182,127,220,216",0.6609251499176025,0.0167184267193079,True
E;Q;Q;D;S,K;L;L;L;W,"231,182,127,220,58",0.6609251499176025,0.016354601830244064,True
E;Q;Q;D;A,K;L;L;L;E,"231,182,127,220,152",0.6609251499176025,0.016354601830244064,True
E;Q;Q;D;T,K;L;L;L;N,"231,182,127,220,88",0.6609251499176025,0.016376009210944176,True
E;Q;Q;D;T,K;L;L;L;N,"231,182,127,220,198",0.6618510484695435,0.016380440443754196,True
E;Q;Q;D;S,K;L;L;L;K,"231,182,127,220,58",0.6609251499176025,0.016354601830244064,True
E;Q;Q;D;L,K;L;L;L;C,"231,182,127,220,249",0.6609251499176025,0.016353966668248177,True
E;Q;Q;D;N,K;L;L;L;T,"231,182,127,220,190",0.6609251499176025,0.016356857493519783,True
E;Q;Q;D;S,K;L;L;L;V,"231,182,127,220,223",0.6609251499176025,0.016354601830244064,True
E;Q;Q;D;A,K;L;L;L;W,"231,182,127,220,65",0.6609251499176025,0.01638019271194935,True
E;Q;Q;D;K,K;L;L;L;Y,"231,182,127,220,253",0.6609251499176025,0.0163619052618742,True
E;Q;Q;D;R,K;L;L;L;S,"231,182,127,220,90",0.6609251499176025,0.01681571453809738,True
E;Q;Q;D;T,K;L;L;L;M,"231,182,127,220,29",0.6609251499176025,0.016354601830244064,True
E;Q;Q;D;M,K;L;L;L;L,"231,182,127,220,262",0.6609251499176025,0.016354601830244064,True
E;Q;Q;D;A,K;L;L;L;L,"231,182,127,220,272",0.6609251499176025,0.016354601830244064,True
E;Q;Q;D;R,K;L;L;L;N,"231,182,127,220,90",0.6609251499176025,0.016595864668488503,True
E;Q;Q;D;R,K;L;L;L;T,"231,182,127,220,90",0.6609251499176025,0.016622371971607208,True
E;Q;Q;D;G,K;L;L;L;T,"231,182,127,220,254",0.660990834236145,0.016363536939024925,True
E;Q;Q;D;R,K;L;L;L;P,"231,182,127,220,90",0.6609251499176025,0.01700250245630741,True
E;Q;Q;D;N,K;L;L;L;Y,"231,182,127,220,37",0.6609251499176025,0.016354601830244064,True
E;Q;Q;D;R,K;L;L;L;A,"231,182,127,220,90",0.6609251499176025,0.016710901632905006,True
E;Q;Q;D;K,K;L;L;L;F,"231,182,127,220,253",0.6609251499176025,0.016353599727153778,True
E;Q;Q;D;Y,K;L;L;L;S,"231,182,127,220,63",0.6609251499176025,0.01633286103606224,True
E;Q;Q;D;K,K;L;L;L;A,"231,182,127,220,253",0.6609251499176025,0.016345052048563957,True
E;Q;Q;D;K,K;L;L;L;V,"231,182,127,220,253",0.6609251499176025,0.01634494587779045,True
E;Q;Q;D;R,K;L;L;L;D,"231,182,127,220,90",0.6609251499176025,0.017101140692830086,True
E;Q;Q;D;Y,K;L;L;L;T,"231,182,127,220,63",0.6609251499176025,0.016336705535650253,True
E;Q;Q;D;K,K;L;L;L;L,"231,182,127,220,253",0.6609251499176025,0.016347413882613182,True
E;Q;Q;D;C,K;L;L;L;S,"231,182,127,220,289",0.6609251499176025,0.016354601830244064,True
E;Q;Q;D;Y,K;L;L;L;G,"231,182,127,220,63",0.6609251499176025,0.016325218603014946,True
E;Q;Q;D;M,K;L;L;L;V,"231,182,127,220,154",0.6609251499176025,0.016355087980628014,True
E;Q;Q;D;A,K;L;L;L;D,"231,182,127,220,226",0.6609251499176025,0.01635509729385376,True
E;Q;Q;D;C,K;L;L;L;A,"231,182,127,220,289",0.6609251499176025,0.016354601830244064,True
E;Q;Q;D;R,K;L;L;L;Q,"231,182,127,220,224",0.6609251499176025,0.016354601830244064,True
E;Q;Q;D;N,K;L;L;L;K,"231,182,127,220,233",0.6609251499176025,0.016420627012848854,True
E;Q;Q;D;S,K;L;L;L;E,"231,182,127,220,136",0.6609251499176025,0.016354601830244064,True
E;Q;Q;D;D,K;L;L;L;N,"231,182,127,220,186",0.6613454818725586,0.019274337217211723,True
E;Q;Q;D;R,K;L;L;L;A,"231,182,127,220,280",0.6609251499176025,0.016368018463253975,True
E;Q;Q;D;S,K;L;L;L;F,"231,182,127,220,238",0.6626368165016174,0.029057059437036514,True
E;Q;Q;D;S,K;L;L;L;Q,"231,182,127,220,188",0.6609251499176025,0.016366267576813698,True
E;Q;Q;D;S,K;L;L;L;H,"231,182,127,220,214",0.6608700752258301,0.022032558917999268,False
E;Q;Q;D;L,K;L;L;L;F,"231,182,127,220,117",0.6609251499176025,0.01635982282459736,True
E;Q;Q;D;Q,K;L;L;L;Y,"231,182,127,220,119",0.6609251499176025,0.01643766649067402,True
E;Q;Q;D;G,K;L;L;L;A,"231,182,127,220,165",0.6601221561431885,0.02167104184627533,False
E;Q;Q;D;S,K;L;L;L;E,"231,182,127,220,121",0.6609251499176025,0.016445152461528778,True
E;Q;Q;D;I,K;L;L;L;R,"231,182,127,220,168",0.6609251499176025,0.016532741487026215,True
E;Q;Q;D;N,K;L;L;L;H,"231,182,127,220,205",0.6609251499176025,0.020907821133732796,True
E;Q;Q;D;S,K;L;L;L;Y,"231,182,127,220,269",0.6609251499176025,0.016354601830244064,True
E;Q;Q;D;S,K;L;L;L;T,"231,182,127,220,214",0.6609190702438354,0.018112793564796448,False
E;Q;Q;D;I,K;L;L;L;R,"231,182,127,220,218",0.6609251499176025,0.01661771722137928,True
E;Q;Q;D;P,K;L;L;L;K,"231,182,127,220,120",0.661268949508667,0.025696128606796265,True
E;Q;Q;D;M,K;L;L;L;H,"231,182,127,220,161",0.6618697643280029,0.022074665874242783,True
E;Q;Q;D;I,K;L;L;L;H,"231,182,127,220,168",0.6609251499176025,0.016619933769106865,True
E;Q;Q;D;N,K;L;L;L;K,"231,182,127,220,114",0.6609251499176025,0.0163517277687788,True
E;Q;Q;D;P,K;L;L;L;V,"231,182,127,220,184",0.65118008852005,0.031746990978717804,False
E;Q;Q;D;W,K;L;L;L;P,"231,182,127,220,185",0.6611541509628296,0.02597338706254959,True
E;Q;Q;D;S,K;L;L;L;H,"231,182,127,220,187",0.6609251499176025,0.01637151651084423,True
E;Q;Q;D;S,K;L;L;L;P,"231,182,127,220,188",0.6609251499176025,0.016357701271772385,True
E;Q;Q;D;T,K;L;L;L;Y,"231,182,127,220,189",0.6609251499176025,0.016472646966576576,True
E;Q;Q;D;F,K;L;L;L;M,"231,182,127,220,191",0.6609251499176025,0.016353407874703407,True
E;Q;T;Q;S,K;L;L;L;N,"231,182,72,127,124",0.6609251499176025,0.016365664079785347,True
E;Q;T;Q;G,K;L;L;L;Q,"231,182,72,127,243",0.6609251499176025,0.01643170602619648,True
E;Q;T;Q;G,K;L;L;L;L,"231,182,72,127,243",0.6609251499176025,0.016422875225543976,True
E;Q;T;Q;T,K;L;L;L;E,"231,182,72,127,270",0.6609251499176025,0.016349447891116142,True
E;Q;T;Q;R,K;L;L;L;V,"231,182,72,127,34",0.6609251499176025,0.016349447891116142,True
E;Q;T;Q;G,K;L;L;L;K,"231,182,72,127,243",0.6609251499176025,0.016375554725527763,True
E;Q;T;Q;D,K;L;L;L;Q,"231,182,72,127,220",0.6609251499176025,0.01635104790329933,True
E;Q;T;Q;S,K;L;L;L;K,"231,182,72,127,124",0.6609251499176025,0.016469432041049004,True
E;Q;T;Q;F,K;L;L;L;E,"231,182,72,127,271",0.6609251499176025,0.016349447891116142,True
E;Q;T;Q;G,K;L;L;L;Q,"231,182,72,127,164",0.6605311632156372,0.0211684200912714,False
E;Q;T;Q;A,K;L;L;L;D,"231,182,72,127,130",0.6609251499176025,0.016369715332984924,True
E;Q;T;Q;W,K;L;L;L;C,"231,182,72,127,257",0.6603919863700867,0.016330791637301445,False
E;Q;T;Q;S,K;L;L;L;M,"231,182,72,127,238",0.6621755361557007,0.026237022131681442,True
E;Q;T;Q;F,K;L;L;L;M,"231,182,72,127,271",0.6609251499176025,0.016349447891116142,True
E;Q;T;Q;S,K;L;L;L;A,"231,182,72,127,124",0.6609251499176025,0.01642879843711853,True
E;Q;T;Q;G,K;L;L;L;I,"231,182,72,127,243",0.6609251499176025,0.01643010415136814,True
E;Q;T;Q;A,K;L;L;L;V,"231,182,72,127,65",0.6609251499176025,0.016352789476513863,True
E;Q;T;Q;Q,K;L;L;L;E,"231,182,72,127,133",0.6609251499176025,0.016349447891116142,True
E;Q;T;Q;S,K;L;L;L;T,"231,182,72,127,124",0.6609251499176025,0.01640961691737175,True
E;Q;T;Q;Q,K;L;L;L;W,"231,182,72,127,133",0.6609251499176025,0.016349447891116142,True
E;Q;T;Q;T,K;L;L;L;D,"231,182,72,127,88",0.6609251499176025,0.016552943736314774,True
E;Q;T;Q;R,K;L;L;L;N,"231,182,72,127,132",0.6609251499176025,0.016349447891116142,True
E;Q;T;Q;A,K;L;L;L;Y,"231,182,72,127,215",0.6628391146659851,0.02910926751792431,True
E;Q;T;Q;L,K;L;L;L;K,"231,182,72,127,249",0.6609251499176025,0.01635696366429329,True
E;Q;T;Q;R,K;L;L;L;Y,"231,182,72,127,123",0.6609251499176025,0.016844647005200386,True
E;Q;T;Q;F,K;L;L;L;W,"231,182,72,127,271",0.6609251499176025,0.016349447891116142,True
E;Q;T;Q;S,K;L;L;L;D,"231,182,72,127,58",0.6609251499176025,0.016349447891116142,True
E;Q;T;Q;N,K;L;L;L;I,"231,182,72,127,37",0.6609251499176025,0.016349447891116142,True
E;Q;T;Q;C,K;L;L;L;D,"231,182,72,127,289",0.6609251499176025,0.016349447891116142,True
E;Q;T;Q;A,K;L;L;L;P,"231,182,72,127,152",0.6609251499176025,0.016349447891116142,True
E;Q;T;Q;D,K;L;L;L;V,"231,182,72,127,186",0.7270517349243164,0.033985745161771774,True
E;Q;T;Q;G,K;L;L;L;P,"231,182,72,127,243",0.6609251499176025,0.016378862783312798,True
E;Q;T;Q;S,K;L;L;L;E,"231,182,72,127,115",0.6609251499176025,0.016362112015485764,True
E;Q;T;Q;L,K;L;L;L;Q,"231,182,72,127,216",0.6609251499176025,0.016772182658314705,True
E;Q;T;Q;N,K;L;L;L;P,"231,182,72,127,277",0.6609251499176025,0.01634945161640644,True
E;Q;T;Q;R,K;L;L;L;Q,"231,182,72,127,132",0.6609251499176025,0.016349447891116142,True
E;Q;T;Q;N,K;L;L;L;Y,"231,182,72,127,244",0.6623268723487854,0.01688474230468273,True
E;Q;T;Q;H,K;L;L;L;T,"231,182,72,127,104",0.6609251499176025,0.016349447891116142,True
E;Q;T;Q;S,K;L;L;L;V,"231,182,72,127,58",0.6609251499176025,0.016349447891116142,True
E;Q;T;Q;H,K;L;L;L;L,"231,182,72,127,104",0.6609251499176025,0.016349447891116142,True
E;Q;T;Q;P,K;L;L;L;Q,"231,182,72,127,38",0.6609251499176025,0.016349447891116142,True
E;Q;T;Q;R,K;L;L;L;L,"231,182,72,127,53",0.6609251499176025,0.016349447891116142,True
E;Q;T;Q;A,K;L;L;L;T,"231,182,72,127,180",0.6636564135551453,0.016374602913856506,True
E;Q;T;Q;P,K;L;L;L;D,"231,182,72,127,197",0.6609251499176025,0.016351666301488876,True
E;Q;T;Q;T,K;L;L;L;V,"231,182,72,127,198",0.6593626737594604,0.016341065987944603,False
E;Q;T;Q;A,K;L;L;L;M,"231,182,72,127,135",0.6609251499176025,0.016349447891116142,True
E;Q;T;Q;I,K;L;L;L;L,"231,182,72,127,111",0.6609251499176025,0.016329525038599968,True
E;Q;T;Q;G,K;L;L;L;S,"231,182,72,127,243",0.6609251499176025,0.0163648072630167,True
E;Q;T;Q;W,K;L;L;L;I,"231,182,72,127,159",0.686424732208252,0.024336911737918854,True
E;Q;T;Q;S,K;L;L;L;N,"231,182,72,127,103",0.6609251499176025,0.016349447891116142,True
E;Q;T;Q;A,K;L;L;L;Y,"231,182,72,127,179",0.6609812378883362,0.016600213944911957,True
E;Q;T;Q;W,K;L;L;L;K,"231,182,72,127,257",0.6616899967193604,0.0163680799305439,True
E;Q;T;Q;L,K;L;L;L;M,"231,182,72,127,216",0.6609251499176025,0.016437897458672523,True
E;Q;T;Q;G,K;L;L;L;A,"231,182,72,127,243",0.6609251499176025,0.01636011153459549,True
E;Q;T;Q;A,K;L;L;L;N,"231,182,72,127,226",0.6609251499176025,0.016349731013178825,True
E;Q;T;Q;L,K;L;L;L;I,"231,182,72,127,216",0.6609251499176025,0.016346998512744904,True
E;Q;T;Q;C,K;L;L;L;L,"231,182,72,127,289",0.6609251499176025,0.016349447891116142,True
E;Q;T;Q;S,K;L;L;L;E,"231,182,72,127,207",0.6609251499176025,0.03179469332098961,True
E;Q;T;Q;M,K;L;L;L;L,"231,182,72,127,154",0.6609251499176025,0.016349829733371735,True
E;Q;T;Q;M,K;L;L;L;P,"231,182,72,127,222",0.6609251499176025,0.016349921002984047,True
E;Q;T;Q;G,K;L;L;L;T,"231,182,72,127,251",0.6609251499176025,0.016372449696063995,True
E;Q;T;Q;P,K;L;L;L;L,"231,182,72,127,38",0.6609251499176025,0.016349447891116142,True
E;Q;T;Q;L,K;L;L;L;W,"231,182,72,127,216",0.6609251499176025,0.016751471906900406,True
E;Q;T;Q;S,K;L;L;L;P,"231,182,72,127,245",0.6609251499176025,0.016366591677069664,True
E;Q;T;Q;I,K;L;L;L;W,"231,182,72,127,111",0.6609251499176025,0.0166162122040987,True
E;Q;T;Q;L,K;L;L;L;D,"231,182,72,127,249",0.6609251499176025,0.016385076567530632,True
E;Q;T;Q;D,K;L;L;L;K,"231,182,72,127,263",0.6609251499176025,0.016349447891116142,True
E;Q;T;Q;T,K;L;L;L;M,"231,182,72,127,51",0.6609251499176025,0.016349447891116142,True
E;Q;T;Q;L,K;L;L;L;E,"231,182,72,127,216",0.6609251499176025,0.017220918089151382,True
E;Q;T;Q;S,K;L;L;L;T,"231,182,72,127,121",0.6609251499176025,0.016386734321713448,True
E;Q;T;Q;I,K;L;L;L;H,"231,182,72,127,145",0.6609251499176025,0.016349447891116142,True
E;Q;T;Q;I,K;L;L;L;L,"231,182,72,127,145",0.6609251499176025,0.016349447891116142,True
E;Q;T;Q;H,K;L;L;L;M,"231,182,72,127,104",0.6609251499176025,0.016349447891116142,True
E;Q;T;Q;R,K;L;L;L;P,"231,182,72,127,280",0.6609251499176025,0.016385573893785477,True
E;Q;T;Q;L,K;L;L;L;F,"231,182,72,127,216",0.6609251499176025,0.016408812254667282,True
E;Q;T;Q;S,K;L;L;L;D,"231,182,72,127,103",0.6609251499176025,0.016349447891116142,True
E;Q;T;Q;I,K;L;L;L;V,"231,182,72,127,200",0.658065915107727,0.016235297545790672,False
E;Q;T;Q;T,K;L;L;L;K,"231,182,72,127,88",0.6609251499176025,0.016400324180722237,True
E;Q;T;Q;N,K;L;L;L;K,"231,182,72,127,138",0.6609251499176025,0.016349447891116142,True
E;Q;T;Q;A,K;L;L;L;L,"231,182,72,127,65",0.6609251499176025,0.016355790197849274,True
E;Q;T;Q;Q,K;L;L;L;T,"231,182,72,127,91",0.6609251499176025,0.0164162740111351,True
E;Q;T;Q;G,K;L;L;L;D,"231,182,72,127,163",0.6523596048355103,0.02657201699912548,False
E;Q;T;Q;A,K;L;L;L;M,"231,182,72,127,65",0.6609251499176025,0.016361039131879807,True
E;Q;T;Q;V,K;L;L;L;D,"231,182,72,127,57",0.6609251499176025,0.016349447891116142,True
E;Q;T;Q;V,K;L;L;L;C,"231,182,72,127,281",0.6609251499176025,0.016363156959414482,True
E;Q;T;Q;Q,K;L;L;L;N,"231,182,72,127,133",0.6609251499176025,0.016349447891116142,True
E;Q;T;Q;R,K;L;L;L;K,"231,182,72,127,53",0.6609251499176025,0.016349447891116142,True
E;Q;T;Q;S,K;L;L;L;P,"231,182,72,127,125",0.6609251499176025,0.01631828024983406,True
E;Q;T;Q;T,K;L;L;L;Q,"231,182,72,127,88",0.6609251499176025,0.01637711189687252,True
E;Q;T;Q;N,K;L;L;L;L,"231,182,72,127,138",0.6609251499176025,0.016349447891116142,True
E;Q;T;Q;H,K;L;L;L;R,"231,182,72,127,104",0.6609251499176025,0.016349447891116142,True
E;Q;T;Q;W,K;L;L;L;P,"231,182,72,127,159",0.6555073261260986,0.02460118755698204,False
E;Q;T;Q;S,K;L;L;L;Y,"231,182,72,127,242",0.6610877513885498,0.016654495149850845,True
E;Q;T;Q;A,K;L;L;L;F,"231,182,72,127,65",0.6609251499176025,0.01636362075805664,True
E;Q;T;Q;G,K;L;L;L;H,"231,182,72,127,251",0.6609251499176025,0.016391096636652946,True
E;Q;T;Q;L,K;L;L;L;P,"231,182,72,127,216",0.6609251499176025,0.016700612381100655,True
E;Q;T;Q;S,K;L;L;L;W,"231,182,72,127,58",0.6609251499176025,0.016349447891116142,True
E;Q;T;Q;A,K;L;L;L;E,"231,182,72,127,152",0.6609251499176025,0.016349447891116142,True
E;Q;T;Q;T,K;L;L;L;N,"231,182,72,127,88",0.6609251499176025,0.016370855271816254,True
E;Q;T;Q;T,K;L;L;L;N,"231,182,72,127,198",0.6618510484695435,0.016375355422496796,True
E;Q;T;Q;S,K;L;L;L;K,"231,182,72,127,58",0.6609251499176025,0.016349447891116142,True
E;Q;T;Q;L,K;L;L;L;C,"231,182,72,127,249",0.6609251499176025,0.016348814591765404,True
E;Q;T;Q;N,K;L;L;L;T,"231,182,72,127,190",0.6609251499176025,0.016350893303751945,True
E;Q;T;Q;S,K;L;L;L;V,"231,182,72,127,223",0.6609251499176025,0.016349447891116142,True
E;Q;T;Q;A,K;L;L;L;W,"231,182,72,127,65",0.6609251499176025,0.016375040635466576,True
E;Q;T;Q;K,K;L;L;L;Y,"231,182,72,127,253",0.6609251499176025,0.016356753185391426,True
E;Q;T;Q;R,K;L;L;L;S,"231,182,72,127,90",0.6609251499176025,0.01681056059896946,True
E;Q;T;Q;T,K;L;L;L;M,"231,182,72,127,29",0.6609251499176025,0.016349447891116142,True
E;Q;T;Q;M,K;L;L;L;L,"231,182,72,127,262",0.6609251499176025,0.016349447891116142,True
E;Q;T;Q;A,K;L;L;L;L,"231,182,72,127,272",0.6609251499176025,0.016349447891116142,True
E;Q;T;Q;R,K;L;L;L;N,"231,182,72,127,90",0.6609251499176025,0.01659071259200573,True
E;Q;T;Q;R,K;L;L;L;T,"231,182,72,127,90",0.6609251499176025,0.016617218032479286,True
E;Q;T;Q;G,K;L;L;L;T,"231,182,72,127,254",0.660990834236145,0.016358382999897003,True
E;Q;T;Q;R,K;L;L;L;P,"231,182,72,127,90",0.6609251499176025,0.01699734851717949,True
E;Q;T;Q;N,K;L;L;L;Y,"231,182,72,127,37",0.6609251499176025,0.016349447891116142,True
E;Q;T;Q;R,K;L;L;L;A,"231,182,72,127,90",0.6609251499176025,0.016705749556422234,True
E;Q;T;Q;K,K;L;L;L;F,"231,182,72,127,253",0.6609251499176025,0.016348445788025856,True
E;Q;T;Q;Y,K;L;L;L;S,"231,182,72,127,63",0.6609251499176025,0.01632770709693432,True
E;Q;T;Q;K,K;L;L;L;A,"231,182,72,127,253",0.6609251499176025,0.016339898109436035,True
E;Q;T;Q;K,K;L;L;L;V,"231,182,72,127,253",0.6609251499176025,0.01633979193866253,True
E;Q;T;Q;R,K;L;L;L;D,"231,182,72,127,90",0.6609251499176025,0.017095986753702164,True
E;Q;T;Q;Y,K;L;L;L;T,"231,182,72,127,63",0.6609251499176025,0.01633155159652233,True
E;Q;T;Q;K,K;L;L;L;L,"231,182,72,127,253",0.6609251499176025,0.01634225994348526,True
E;Q;T;Q;C,K;L;L;L;S,"231,182,72,127,289",0.6609251499176025,0.016349447891116142,True
E;Q;T;Q;Y,K;L;L;L;G,"231,182,72,127,63",0.6609251499176025,0.016320064663887024,True
E;Q;T;Q;M,K;L;L;L;V,"231,182,72,127,154",0.6609251499176025,0.01634993404150009,True
E;Q;T;Q;A,K;L;L;L;D,"231,182,72,127,226",0.6609251499176025,0.016349943354725838,True
E;Q;T;Q;C,K;L;L;L;A,"231,182,72,127,289",0.6609251499176025,0.016349447891116142,True
E;Q;T;Q;R,K;L;L;L;Q,"231,182,72,127,224",0.6609251499176025,0.016349447891116142,True
E;Q;T;Q;N,K;L;L;L;K,"231,182,72,127,233",0.6609251499176025,0.01641526073217392,True
E;Q;T;Q;S,K;L;L;L;E,"231,182,72,127,136",0.6609251499176025,0.016349447891116142,True
E;Q;T;Q;D,K;L;L;L;N,"231,182,72,127,186",0.6613454818725586,0.019268905743956566,True
E;Q;T;Q;R,K;L;L;L;A,"231,182,72,127,280",0.6609251499176025,0.016362864524126053,True
E;Q;T;Q;S,K;L;L;L;F,"231,182,72,127,238",0.6626368165016174,0.029051577672362328,True
E;Q;T;Q;S,K;L;L;L;Q,"231,182,72,127,188",0.6609251499176025,0.016361696645617485,True
E;Q;T;Q;S,K;L;L;L;H,"231,182,72,127,214",0.6608700752258301,0.02203516662120819,False
E;Q;T;Q;L,K;L;L;L;F,"231,182,72,127,117",0.6609251499176025,0.016354668885469437,True
E;Q;T;Q;Q,K;L;L;L;Y,"231,182,72,127,119",0.6609251499176025,0.016432512551546097,True
E;Q;T;Q;G,K;L;L;L;A,"231,182,72,127,165",0.6601221561431885,0.021665891632437706,False
E;Q;T;Q;S,K;L;L;L;E,"231,182,72,127,121",0.6609251499176025,0.016439998522400856,True
E;Q;T;Q;I,K;L;L;L;R,"231,182,72,127,168",0.6609251499176025,0.016527587547898293,True
E;Q;T;Q;N,K;L;L;L;H,"231,182,72,127,205",0.6609251499176025,0.020904917269945145,True
E;Q;T;Q;S,K;L;L;L;Y,"231,182,72,127,269",0.6609251499176025,0.016349447891116142,True
E;Q;T;Q;S,K;L;L;L;T,"231,182,72,127,214",0.6609190702438354,0.018112849444150925,False
E;Q;T;Q;I,K;L;L;L;R,"231,182,72,127,218",0.6609251499176025,0.016605054959654808,True
E;Q;T;Q;P,K;L;L;L;K,"231,182,72,127,120",0.661268949508667,0.02569090574979782,True
E;Q;T;Q;M,K;L;L;L;H,"231,182,72,127,161",0.6618697643280029,0.022070109844207764,True
E;Q;T;Q;I,K;L;L;L;H,"231,182,72,127,168",0.6609251499176025,0.016614779829978943,True
E;Q;T;Q;N,K;L;L;L;K,"231,182,72,127,114",0.6609251499176025,0.01634657382965088,True
E;Q;T;Q;P,K;L;L;L;V,"231,182,72,127,184",0.65118008852005,0.031777314841747284,False
E;Q;T;Q;W,K;L;L;L;P,"231,182,72,127,185",0.6611541509628296,0.025950975716114044,True
E;Q;T;Q;S,K;L;L;L;H,"231,182,72,127,187",0.6609251499176025,0.016367387026548386,True
E;Q;T;Q;S,K;L;L;L;P,"231,182,72,127,188",0.6609251499176025,0.016352791339159012,True
E;Q;T;Q;T,K;L;L;L;Y,"231,182,72,127,189",0.6609251499176025,0.016478922218084335,True
E;Q;T;Q;F,K;L;L;L;M,"231,182,72,127,191",0.6609251499176025,0.016348320990800858,True
T;S;S;K;S,P;N;P;L;N,"116,238,290,252,124",0.21104347705841064,0.005031879525631666,False
T;S;S;K;G,P;N;P;L;Q,"116,238,290,252,243",0.20890772342681885,0.005041481461375952,False
T;S;S;K;G,P;N;P;L;L,"116,238,290,252,243",0.20982670783996582,0.005036086309701204,False
T;S;S;K;T,P;N;P;L;E,"116,238,290,252,270",0.21104347705841064,0.005015535280108452,False
T;S;S;K;R,P;N;P;L;V,"116,238,290,252,34",0.21104347705841064,0.005015535280108452,False
T;S;S;K;G,P;N;P;L;K,"116,238,290,252,243",0.20997107028961182,0.0050042797811329365,False
T;S;S;K;D,P;N;P;L;Q,"116,238,290,252,220",0.21104347705841064,0.005015729460865259,False
T;S;S;K;S,P;N;P;L;K,"116,238,290,252,124",0.21104347705841064,0.0050950925797224045,False
T;S;S;K;F,P;N;P;L;E,"116,238,290,252,271",0.21104347705841064,0.005015535280108452,False
T;S;S;K;G,P;N;P;L;Q,"116,238,290,252,164",0.21104347705841064,0.010077064856886864,False
T;S;S;K;A,P;N;P;L;D,"116,238,290,252,130",0.21104347705841064,0.005016969982534647,False
T;S;S;K;W,P;N;P;L;C,"116,238,290,252,257",0.21104347705841064,0.005015567410737276,False
T;S;S;K;Q,P;N;P;L;N,"116,238,290,252,127",0.21104347705841064,0.005041284486651421,False
T;S;S;K;Q,P;N;P;L;R,"116,238,290,252,127",0.21104347705841064,0.0050521851517260075,False
T;S;S;K;F,P;N;P;L;M,"116,238,290,252,271",0.21104347705841064,0.005015535280108452,False
T;S;S;K;S,P;N;P;L;A,"116,238,290,252,124",0.21104347705841064,0.00504644401371479,False
T;S;S;K;G,P;N;P;L;I,"116,238,290,252,243",0.20988214015960693,0.005044511519372463,False
T;S;S;K;Q,P;N;P;L;I,"116,238,290,252,127",0.21104347705841064,0.005420632194727659,False
T;S;S;K;A,P;N;P;L;V,"116,238,290,252,65",0.21104347705841064,0.005015641916543245,False
T;S;S;K;Q,P;N;P;L;E,"116,238,290,252,133",0.21104347705841064,0.005015535280108452,False
T;S;S;K;S,P;N;P;L;T,"116,238,290,252,124",0.21104347705841064,0.00503137893974781,False
T;S;S;K;Q,P;N;P;L;K,"116,238,290,252,127",0.21104347705841064,0.005038939416408539,False
T;S;S;K;Q,P;N;P;L;W,"116,238,290,252,133",0.21104347705841064,0.005015535280108452,False
T;S;S;K;D,P;N;P;L;L,"116,238,290,252,220",0.21104347705841064,0.00501681212335825,False
T;S;S;K;T,P;N;P;L;D,"116,238,290,252,88",0.21104347705841064,0.005306790117174387,False
T;S;S;K;R,P;N;P;L;N,"116,238,290,252,132",0.21104347705841064,0.005015535280108452,False
T;S;S;K;Q,P;N;P;L;D,"116,238,290,252,127",0.21104347705841064,0.005026519298553467,False
T;S;S;K;A,P;N;P;L;Y,"116,238,290,252,215",0.5185710191726685,0.017882240936160088,False
T;S;S;K;L,P;N;P;L;K,"116,238,290,252,249",0.21104347705841064,0.005014888010919094,False
T;S;S;K;R,P;N;P;L;Y,"116,238,290,252,123",0.21104347705841064,0.00521932914853096,False
T;S;S;K;F,P;N;P;L;W,"116,238,290,252,271",0.21104347705841064,0.005015535280108452,False
T;S;S;K;S,P;N;P;L;D,"116,238,290,252,58",0.21104347705841064,0.005015535280108452,False
T;S;S;K;N,P;N;P;L;I,"116,238,290,252,37",0.21104347705841064,0.005015535280108452,False
T;S;S;K;C,P;N;P;L;D,"116,238,290,252,289",0.21104347705841064,0.005015535280108452,False
T;S;S;K;A,P;N;P;L;P,"116,238,290,252,152",0.21104347705841064,0.005015535280108452,False
T;S;S;K;D,P;N;P;L;V,"116,238,290,252,186",0.7238578200340271,0.022302303463220596,True
T;S;S;K;G,P;N;P;L;P,"116,238,290,252,243",0.20987844467163086,0.005011531990021467,False
T;S;S;K;S,P;N;P;L;E,"116,238,290,252,115",0.21104347705841064,0.0050031086429953575,False
T;S;S;K;L,P;N;P;L;Q,"116,238,290,252,216",0.21104347705841064,0.0053780218586325645,False
T;S;S;K;N,P;N;P;L;P,"116,238,290,252,277",0.21104347705841064,0.005015484057366848,False
T;S;S;K;R,P;N;P;L;Q,"116,238,290,252,132",0.21104347705841064,0.005015535280108452,False
T;S;S;K;N,P;N;P;L;Y,"116,238,290,252,244",0.20491504669189453,0.0049803550355136395,False
T;S;S;K;H,P;N;P;L;T,"116,238,290,252,104",0.21104347705841064,0.005015535280108452,False
T;S;S;K;S,P;N;P;L;V,"116,238,290,252,58",0.21104347705841064,0.005015535280108452,False
T;S;S;K;H,P;N;P;L;L,"116,238,290,252,104",0.21104347705841064,0.005015535280108452,False
T;S;S;K;P,P;N;P;L;Q,"116,238,290,252,38",0.21104347705841064,0.005015535280108452,False
T;S;S;K;R,P;N;P;L;L,"116,238,290,252,53",0.21104347705841064,0.005015535280108452,False
T;S;S;K;A,P;N;P;L;T,"116,238,290,252,180",0.21104347705841064,0.005074212793260813,False
T;S;S;K;P,P;N;P;L;D,"116,238,290,252,197",0.21104347705841064,0.005015804432332516,False
T;S;S;K;T,P;N;P;L;V,"116,238,290,252,198",0.21104347705841064,0.00504087982699275,False
T;S;S;K;A,P;N;P;L;M,"116,238,290,252,135",0.21104347705841064,0.005015535280108452,False
T;S;S;K;I,P;N;P;L;L,"116,238,290,252,111",0.21104347705841064,0.00501635205000639,False
T;S;S;K;G,P;N;P;L;S,"116,238,290,252,243",0.21018338203430176,0.005004838574677706,False
T;S;S;K;Q,P;N;P;L;L,"116,238,290,252,127",0.21104347705841064,0.005351374391466379,False
T;S;S;K;Q,P;N;P;L;H,"116,238,290,252,127",0.21104347705841064,0.005021178629249334,False
T;S;S;K;W,P;N;P;L;I,"116,238,290,252,159",0.28735440969467163,0.012311825528740883,False
T;S;S;K;Q,P;N;P;L;P,"116,238,290,252,127",0.21104347705841064,0.005056905094534159,False
T;S;S;K;S,P;N;P;L;N,"116,238,290,252,103",0.21104347705841064,0.005015535280108452,False
T;S;S;K;A,P;N;P;L;Y,"116,238,290,252,179",0.21104347705841064,0.005211687181144953,False
T;S;S;K;W,P;N;P;L;K,"116,238,290,252,257",0.21104347705841064,0.005015852861106396,False
T;S;S;K;L,P;N;P;L;M,"116,238,290,252,216",0.21104347705841064,0.005079617258161306,False
T;S;S;K;Q,P;N;P;L;E,"116,238,290,252,127",0.21104347705841064,0.005092221777886152,False
T;S;S;K;G,P;N;P;L;A,"116,238,290,252,243",0.21079254150390625,0.0050126537680625916,False
T;S;S;K;A,P;N;P;L;N,"116,238,290,252,226",0.21104347705841064,0.005015714094042778,False
T;S;S;K;L,P;N;P;L;I,"116,238,290,252,216",0.21104347705841064,0.005025199614465237,False
T;S;S;K;C,P;N;P;L;L,"116,238,290,252,289",0.21104347705841064,0.005015535280108452,False
T;S;S;K;S,P;N;P;L;E,"116,238,290,252,207",0.631648600101471,0.020431306213140488,False
T;S;S;K;M,P;N;P;L;L,"116,238,290,252,154",0.21104347705841064,0.005015543662011623,False
T;S;S;K;M,P;N;P;L;P,"116,238,290,252,222",0.21104347705841064,0.005015574395656586,False
T;S;S;K;G,P;N;P;L;T,"116,238,290,252,251",0.21104347705841064,0.00501311244443059,False
T;S;S;K;P,P;N;P;L;L,"116,238,290,252,38",0.21104347705841064,0.005015535280108452,False
T;S;S;K;L,P;N;P;L;W,"116,238,290,252,216",0.21104347705841064,0.0053763375617563725,False
T;S;S;K;T,P;N;P;L;L,"116,238,290,252,72",0.21104347705841064,0.005015535280108452,False
T;S;S;K;S,P;N;P;L;P,"116,238,290,252,245",0.2108469009399414,0.005022832192480564,False
T;S;S;K;I,P;N;P;L;W,"116,238,290,252,111",0.21104347705841064,0.005217295605689287,False
T;S;S;K;L,P;N;P;L;D,"116,238,290,252,249",0.21104347705841064,0.005012344568967819,False
T;S;S;K;E,P;N;P;L;K,"116,238,290,252,231",0.21156835556030273,0.005086102988570929,False
T;S;S;K;D,P;N;P;L;K,"116,238,290,252,263",0.21104347705841064,0.005015535280108452,False
T;S;S;K;T,P;N;P;L;M,"116,238,290,252,51",0.21104347705841064,0.005015535280108452,False
T;S;S;K;L,P;N;P;L;E,"116,238,290,252,216",0.21104347705841064,0.005845667328685522,False
T;S;S;K;S,P;N;P;L;T,"116,238,290,252,121",0.21104347705841064,0.005019172560423613,False
T;S;S;K;I,P;N;P;L;H,"116,238,290,252,145",0.21104347705841064,0.005015535280108452,False
T;S;S;K;I,P;N;P;L;L,"116,238,290,252,145",0.21104347705841064,0.005015535280108452,False
T;S;S;K;H,P;N;P;L;M,"116,238,290,252,104",0.21104347705841064,0.005015535280108452,False
T;S;S;K;R,P;N;P;L;P,"116,238,290,252,280",0.21104347705841064,0.005045613739639521,False
T;S;S;K;L,P;N;P;L;F,"116,238,290,252,216",0.21104347705841064,0.005066759418696165,False
T;S;S;K;S,P;N;P;L;D,"116,238,290,252,103",0.21104347705841064,0.005015535280108452,False
T;S;S;K;I,P;N;P;L;V,"116,238,290,252,200",0.21100711822509766,0.005035053938627243,False
T;S;S;K;T,P;N;P;L;K,"116,238,290,252,88",0.21104347705841064,0.0050566778518259525,False
T;S;S;K;N,P;N;P;L;K,"116,238,290,252,138",0.21104347705841064,0.005015535280108452,False
T;S;S;K;A,P;N;P;L;L,"116,238,290,252,65",0.21104347705841064,0.005015811417251825,False
T;S;S;K;Q,P;N;P;L;T,"116,238,290,252,91",0.21104347705841064,0.005085698328912258,False
T;S;S;K;G,P;N;P;L;D,"116,238,290,252,163",0.40562885999679565,0.015519412234425545,False
T;S;S;K;A,P;N;P;L;M,"116,238,290,252,65",0.21104347705841064,0.005016246344894171,False
T;S;S;K;V,P;N;P;L;D,"116,238,290,252,57",0.21104347705841064,0.005015535280108452,False
T;S;S;K;Q,P;N;P;L;V,"116,238,290,252,127",0.21104347705841064,0.005331294611096382,False
T;S;S;K;V,P;N;P;L;C,"116,238,290,252,281",0.21104347705841064,0.005026649683713913,False
T;S;S;K;T,P;N;P;L;V,"116,238,290,252,72",0.21104347705841064,0.005015535280108452,False
T;S;S;K;Q,P;N;P;L;N,"116,238,290,252,133",0.21104347705841064,0.005015535280108452,False
T;S;S;K;R,P;N;P;L;K,"116,238,290,252,53",0.21104347705841064,0.005015535280108452,False
T;S;S;K;S,P;N;P;L;P,"116,238,290,252,125",0.21104347705841064,0.005020403768867254,False
T;S;S;K;T,P;N;P;L;Q,"116,238,290,252,88",0.21104347705841064,0.005019572097808123,False
T;S;S;K;N,P;N;P;L;L,"116,238,290,252,138",0.21104347705841064,0.005015535280108452,False
T;S;S;K;H,P;N;P;L;R,"116,238,290,252,104",0.21104347705841064,0.005015535280108452,False
T;S;S;K;W,P;N;P;L;P,"116,238,290,252,159",0.3328997492790222,0.013934326358139515,False
T;S;S;K;S,P;N;P;L;Y,"116,238,290,252,242",0.20894849300384521,0.005065434146672487,False
T;S;S;K;A,P;N;P;L;F,"116,238,290,252,65",0.21104347705841064,0.0050165848806500435,False
T;S;S;K;G,P;N;P;L;H,"116,238,290,252,251",0.21104347705841064,0.005012228153645992,False
T;S;S;K;L,P;N;P;L;P,"116,238,290,252,216",0.21104347705841064,0.005310630891472101,False
T;S;S;K;S,P;N;P;L;W,"116,238,290,252,58",0.21104347705841064,0.005015535280108452,False
T;S;S;K;A,P;N;P;L;E,"116,238,290,252,152",0.21104347705841064,0.005015535280108452,False
T;S;S;K;T,P;N;P;L;N,"116,238,290,252,88",0.21104347705841064,0.005053624045103788,False
T;S;S;K;T,P;N;P;L;N,"116,238,290,252,198",0.21104347705841064,0.00501836184412241,False
T;S;S;K;S,P;N;P;L;K,"116,238,290,252,58",0.21104347705841064,0.005015535280108452,False
T;S;S;K;L,P;N;P;L;C,"116,238,290,252,249",0.21104347705841064,0.005015681032091379,False
T;S;S;K;N,P;N;P;L;T,"116,238,290,252,190",0.21104347705841064,0.005015664268285036,False
T;S;S;K;S,P;N;P;L;V,"116,238,290,252,223",0.21104347705841064,0.005015535280108452,False
T;S;S;K;A,P;N;P;L;W,"116,238,290,252,65",0.21104347705841064,0.005018386524170637,False
T;S;S;K;K,P;N;P;L;Y,"116,238,290,252,253",0.21104347705841064,0.005015154369175434,False
T;S;S;K;R,P;N;P;L;S,"116,238,290,252,90",0.21104347705841064,0.0056559983640909195,False
T;S;S;K;T,P;N;P;L;M,"116,238,290,252,29",0.21104347705841064,0.005015535280108452,False
T;S;S;K;M,P;N;P;L;L,"116,238,290,252,262",0.21104347705841064,0.005015535280108452,False
T;S;S;K;A,P;N;P;L;L,"116,238,290,252,272",0.21104347705841064,0.005015535280108452,False
T;S;S;K;R,P;N;P;L;N,"116,238,290,252,90",0.21104347705841064,0.005355923902243376,False
T;S;S;K;R,P;N;P;L;T,"116,238,290,252,90",0.21104347705841064,0.0053955912590026855,False
T;S;S;K;G,P;N;P;L;T,"116,238,290,252,254",0.21104347705841064,0.005015029571950436,False
T;S;S;K;R,P;N;P;L;P,"116,238,290,252,90",0.21104347705841064,0.005871473345905542,False
T;S;S;K;N,P;N;P;L;Y,"116,238,290,252,37",0.21104347705841064,0.005015535280108452,False
T;S;S;K;Q,P;N;P;L;I,"116,238,290,252,182",0.8220006227493286,0.0248673465102911,True
T;S;S;K;R,P;N;P;L;A,"116,238,290,252,90",0.21104347705841064,0.005529298447072506,False
T;S;S;K;K,P;N;P;L;F,"116,238,290,252,253",0.21104347705841064,0.005015965085476637,False
T;S;S;K;Y,P;N;P;L;S,"116,238,290,252,63",0.21104347705841064,0.005017023999243975,False
T;S;S;K;Q,P;N;P;L;M,"116,238,290,252,127",0.21104347705841064,0.005264160223305225,False
T;S;S;K;Q,P;N;P;L;L,"116,238,290,252,182",0.6594208478927612,0.020944006741046906,False
T;S;S;K;K,P;N;P;L;A,"116,238,290,252,253",0.21104347705841064,0.005016692914068699,False
T;S;S;K;K,P;N;P;L;V,"116,238,290,252,253",0.21104347705841064,0.005016836803406477,False
T;S;S;K;Q,P;N;P;L;F,"116,238,290,252,182",0.4504867196083069,0.01620732806622982,False
T;S;S;K;R,P;N;P;L;D,"116,238,290,252,90",0.21104347705841064,0.005835688207298517,False
T;S;S;K;Q,P;N;P;L;A,"116,238,290,252,127",0.21104347705841064,0.005072213709354401,False
T;S;S;K;Y,P;N;P;L;T,"116,238,290,252,63",0.21104347705841064,0.005016530863940716,False
T;S;S;K;Q,P;N;P;L;V,"116,238,290,252,182",0.7853571176528931,0.02384965866804123,True
T;S;S;K;K,P;N;P;L;L,"116,238,290,252,253",0.21104347705841064,0.0050165681168437,False
T;S;S;K;C,P;N;P;L;S,"116,238,290,252,289",0.21104347705841064,0.005015535280108452,False
T;S;S;K;Y,P;N;P;L;G,"116,238,290,252,63",0.21104347705841064,0.005018411669880152,False
T;S;S;K;M,P;N;P;L;V,"116,238,290,252,154",0.21104347705841064,0.005015552043914795,False
T;S;S;K;Q,P;N;P;L;T,"116,238,290,252,127",0.21104347705841064,0.005038241855800152,False
T;S;S;K;A,P;N;P;L;D,"116,238,290,252,226",0.21104347705841064,0.0050158388912677765,False
T;S;S;K;C,P;N;P;L;A,"116,238,290,252,289",0.21104347705841064,0.005015535280108452,False
T;S;S;K;R,P;N;P;L;Q,"116,238,290,252,224",0.21104347705841064,0.005015535280108452,False
T;S;S;K;N,P;N;P;L;K,"116,238,290,252,233",0.21154862642288208,0.0050632040947675705,False
T;S;S;K;S,P;N;P;L;E,"116,238,290,252,136",0.21104347705841064,0.005015535280108452,False
T;S;S;K;D,P;N;P;L;N,"116,238,290,252,186",0.21104347705841064,0.008019509725272655,False
T;S;S;K;R,P;N;P;L;A,"116,238,290,252,280",0.21104347705841064,0.005025919061154127,False
T;S;S;K;S,P;N;P;L;Q,"116,238,290,252,188",0.21104347705841064,0.00502396747469902,False
T;S;S;K;S,P;N;P;L;H,"116,238,290,252,214",0.2391982078552246,0.010687214322388172,False
T;S;S;K;L,P;N;P;L;F,"116,238,290,252,117",0.21104347705841064,0.005007915664464235,False
T;S;S;K;Q,P;N;P;L;Y,"116,238,290,252,119",0.21104347705841064,0.005085619166493416,False
T;S;S;K;G,P;N;P;L;A,"116,238,290,252,165",0.22909623384475708,0.010588034987449646,False
T;S;S;K;S,P;N;P;L;E,"116,238,290,252,121",0.21104347705841064,0.005142092704772949,False
T;S;S;K;I,P;N;P;L;R,"116,238,290,252,168",0.21104347705841064,0.005232052877545357,False
T;S;S;K;N,P;N;P;L;H,"116,238,290,252,205",0.21142876148223877,0.009543449617922306,False
T;S;S;K;S,P;N;P;L;Y,"116,238,290,252,269",0.21104347705841064,0.005015535280108452,False
T;S;S;K;S,P;N;P;L;T,"116,238,290,252,214",0.21104347705841064,0.006753705441951752,False
T;S;S;K;I,P;N;P;L;R,"116,238,290,252,218",0.21104347705841064,0.005249625071883202,False
T;S;S;K;P,P;N;P;L;K,"116,238,290,252,120",0.3989295959472656,0.014333977364003658,False
T;S;S;K;M,P;N;P;L;H,"116,238,290,252,161",0.24972397089004517,0.010963808745145798,False
T;S;S;K;I,P;N;P;L;H,"116,238,290,252,168",0.21104347705841064,0.0052679539658129215,False
T;S;S;K;N,P;N;P;L;K,"116,238,290,252,114",0.21104347705841064,0.005016358569264412,False
T;S;S;K;P,P;N;P;L;V,"116,238,290,252,184",0.5702694058418274,0.020128564909100533,False
T;S;S;K;W,P;N;P;L;P,"116,238,290,252,185",0.37214982509613037,0.014847605489194393,False
T;S;S;K;S,P;N;P;L;H,"116,238,290,252,187",0.21104347705841064,0.0050336094573140144,False
T;S;S;K;S,P;N;P;L;P,"116,238,290,252,188",0.21104347705841064,0.005017155781388283,False
T;S;S;K;T,P;N;P;L;Y,"116,238,290,252,189",0.21104347705841064,0.005162395536899567,False
T;S;S;K;F,P;N;P;L;M,"116,238,290,252,191",0.21104347705841064,0.005015556234866381,False
S;T;I;D;G,A;Y;R;L;Q,"124,189,168,220,243",0.00320357084274292,0.0003757546073757112,False
S;T;I;D;G,A;Y;R;L;L,"124,189,168,220,243",0.00320357084274292,0.0003930427192244679,False
S;T;I;D;T,A;Y;R;L;E,"124,189,168,220,270",0.00320357084274292,0.0003239041252527386,False
S;T;I;D;R,A;Y;R;L;V,"124,189,168,220,34",0.00320357084274292,0.0003239041252527386,False
S;T;I;D;G,A;Y;R;L;K,"124,189,168,220,243",0.00320357084274292,0.0003349919570609927,False
S;T;I;D;F,A;Y;R;L;E,"124,189,168,220,271",0.00320357084274292,0.0003239041252527386,False
S;T;I;D;G,A;Y;R;L;Q,"124,189,168,220,164",0.20051103830337524,0.005475080106407404,False
S;T;I;D;A,A;Y;R;L;D,"124,189,168,220,130",0.0033959150314331055,0.00033487137989141047,False
S;T;I;D;W,A;Y;R;L;C,"124,189,168,220,257",0.00320357084274292,0.0003221492515876889,False
S;T;I;D;Q,A;Y;R;L;N,"124,189,168,220,127",0.00320357084274292,0.00030687657999806106,False
S;T;I;D;Q,A;Y;R;L;R,"124,189,168,220,127",0.007534444332122803,0.0004479233466554433,False
S;T;I;D;S,A;Y;R;L;M,"124,189,168,220,238",0.3914560079574585,0.009779094718396664,False
S;T;I;D;F,A;Y;R;L;M,"124,189,168,220,271",0.00320357084274292,0.0003239041252527386,False
S;T;I;D;G,A;Y;R;L;I,"124,189,168,220,243",0.0033347606658935547,0.00040202224045060575,False
S;T;I;D;Q,A;Y;R;L;I,"124,189,168,220,127",0.008253216743469238,0.000722804747056216,False
S;T;I;D;A,A;Y;R;L;V,"124,189,168,220,65",0.00320357084274292,0.0003239734214730561,False
S;T;I;D;Q,A;Y;R;L;E,"124,189,168,220,133",0.00320357084274292,0.0003239041252527386,False
S;T;I;D;Q,A;Y;R;L;K,"124,189,168,220,127",0.004084944725036621,0.0003628578269854188,False
S;T;I;D;Q,A;Y;R;L;W,"124,189,168,220,133",0.00320357084274292,0.0003239041252527386,False
S;T;I;D;T,A;Y;R;L;D,"124,189,168,220,88",0.00320357084274292,0.0005142855225130916,False
S;T;I;D;R,A;Y;R;L;N,"124,189,168,220,132",0.00320357084274292,0.0003239041252527386,False
S;T;I;D;Q,A;Y;R;L;D,"124,189,168,220,127",0.00320357084274292,0.00031558441696688533,False
S;T;I;D;A,A;Y;R;L;Y,"124,189,168,220,215",0.5180856585502625,0.013114276342093945,False
S;T;I;D;L,A;Y;R;L;K,"124,189,168,220,249",0.00320357084274292,0.0003240052901674062,False
S;T;I;D;R,A;Y;R;L;Y,"124,189,168,220,123",0.004457354545593262,0.000559848384000361,False
S;T;I;D;F,A;Y;R;L;W,"124,189,168,220,271",0.00320357084274292,0.0003239041252527386,False
S;T;I;D;S,A;Y;R;L;D,"124,189,168,220,58",0.00320357084274292,0.0003239041252527386,False
S;T;I;D;N,A;Y;R;L;I,"124,189,168,220,37",0.00320357084274292,0.0003239041252527386,False
S;T;I;D;C,A;Y;R;L;D,"124,189,168,220,289",0.00320357084274292,0.0003239041252527386,False
S;T;I;D;A,A;Y;R;L;P,"124,189,168,220,152",0.00320357084274292,0.0003239041252527386,False
S;T;I;D;D,A;Y;R;L;V,"124,189,168,220,186",0.7068222761154175,0.017091423273086548,True
S;T;I;D;G,A;Y;R;L;P,"124,189,168,220,243",0.00320357084274292,0.00033671772689558566,False
S;T;I;D;S,A;Y;R;L;E,"124,189,168,220,115",0.00320357084274292,0.0003288429870735854,False
S;T;I;D;L,A;Y;R;L;Q,"124,189,168,220,216",0.014707684516906738,0.0007549039437435567,False
S;T;I;D;N,A;Y;R;L;P,"124,189,168,220,277",0.00320357084274292,0.0003239082871004939,False
S;T;I;D;R,A;Y;R;L;Q,"124,189,168,220,132",0.00320357084274292,0.0003239041252527386,False
S;T;I;D;N,A;Y;R;L;Y,"124,189,168,220,244",0.0035403966903686523,0.0005716598243452609,False
S;T;I;D;H,A;Y;R;L;T,"124,189,168,220,104",0.00320357084274292,0.0003239041252527386,False
S;T;I;D;S,A;Y;R;L;V,"124,189,168,220,58",0.00320357084274292,0.0003239041252527386,False
S;T;I;D;H,A;Y;R;L;L,"124,189,168,220,104",0.00320357084274292,0.0003239041252527386,False
S;T;I;D;P,A;Y;R;L;Q,"124,189,168,220,38",0.00320357084274292,0.0003239041252527386,False
S;T;I;D;R,A;Y;R;L;L,"124,189,168,220,53",0.00320357084274292,0.0003239041252527386,False
S;T;I;D;A,A;Y;R;L;T,"124,189,168,220,180",0.004709720611572266,0.00041396394954063,False
S;T;I;D;P,A;Y;R;L;D,"124,189,168,220,197",0.00320357084274292,0.00032539560925215483,False
S;T;I;D;T,A;Y;R;L;V,"124,189,168,220,198",0.00320357084274292,0.00034126709215343,False
S;T;I;D;A,A;Y;R;L;M,"124,189,168,220,135",0.00320357084274292,0.0003239041252527386,False
S;T;I;D;I,A;Y;R;L;L,"124,189,168,220,111",0.00320357084274292,0.000326396431773901,False
S;T;I;D;G,A;Y;R;L;S,"124,189,168,220,243",0.00320357084274292,0.0003300336829852313,False
S;T;I;D;Q,A;Y;R;L;L,"124,189,168,220,127",0.0068506598472595215,0.000657156459055841,False
S;T;I;D;Q,A;Y;R;L;H,"124,189,168,220,127",0.004299521446228027,0.00035718706203624606,False
S;T;I;D;W,A;Y;R;L;I,"124,189,168,220,159",0.28727126121520996,0.007520916871726513,False
S;T;I;D;Q,A;Y;R;L;P,"124,189,168,220,127",0.00320357084274292,0.00028454288258217275,False
S;T;I;D;S,A;Y;R;L;N,"124,189,168,220,103",0.00320357084274292,0.0003239041252527386,False
S;T;I;D;A,A;Y;R;L;Y,"124,189,168,220,179",0.013179659843444824,0.0006427626358345151,False
S;T;I;D;W,A;Y;R;L;K,"124,189,168,220,257",0.00320357084274292,0.00032313342671841383,False
S;T;I;D;L,A;Y;R;L;M,"124,189,168,220,216",0.00694352388381958,0.00044049081043340266,False
S;T;I;D;Q,A;Y;R;L;E,"124,189,168,220,127",0.0053560733795166016,0.0004281665023881942,False
S;T;I;D;G,A;Y;R;L;A,"124,189,168,220,243",0.00320357084274292,0.0003366456367075443,False
S;T;I;D;A,A;Y;R;L;N,"124,189,168,220,226",0.00320357084274292,0.00032400115742348135,False
S;T;I;D;L,A;Y;R;L;I,"124,189,168,220,216",0.0029839277267456055,0.00033304025419056416,False
S;T;I;D;C,A;Y;R;L;L,"124,189,168,220,289",0.00320357084274292,0.0003239041252527386,False
S;T;I;D;S,A;Y;R;L;E,"124,189,168,220,207",0.631908118724823,0.015742875635623932,False
S;T;I;D;M,A;Y;R;L;L,"124,189,168,220,154",0.00320357084274292,0.00032448628917336464,False
S;T;I;D;M,A;Y;R;L;P,"124,189,168,220,222",0.0031037330627441406,0.00032061614911071956,False
S;T;I;D;G,A;Y;R;L;T,"124,189,168,220,251",0.00320357084274292,0.0003245902480557561,False
S;T;I;D;P,A;Y;R;L;L,"124,189,168,220,38",0.00320357084274292,0.0003239041252527386,False
S;T;I;D;L,A;Y;R;L;W,"124,189,168,220,216",0.015485048294067383,0.0008086381712928414,False
S;T;I;D;T,A;Y;R;L;L,"124,189,168,220,72",0.00320357084274292,0.0003239041252527386,False
S;T;I;D;S,A;Y;R;L;P,"124,189,168,220,245",0.00320357084274292,0.000328829133650288,False
S;T;I;D;I,A;Y;R;L;W,"124,189,168,220,111",0.007867038249969482,0.0005660902825184166,False
S;T;I;D;L,A;Y;R;L;D,"124,189,168,220,249",0.00320357084274292,0.0003255009651184082,False
S;T;I;D;E,A;Y;R;L;K,"124,189,168,220,231",0.00320357084274292,0.0003743019187822938,False
S;T;I;D;D,A;Y;R;L;K,"124,189,168,220,263",0.00320357084274292,0.0003239041252527386,False
S;T;I;D;T,A;Y;R;L;M,"124,189,168,220,51",0.00320357084274292,0.0003239041252527386,False
S;T;I;D;L,A;Y;R;L;E,"124,189,168,220,216",0.026734113693237305,0.001325069461017847,False
S;T;I;D;S,A;Y;R;L;T,"124,189,168,220,121",0.00320357084274292,0.0003361632698215544,False
S;T;I;D;I,A;Y;R;L;H,"124,189,168,220,145",0.00320357084274292,0.0003239041252527386,False
S;T;I;D;I,A;Y;R;L;L,"124,189,168,220,145",0.00320357084274292,0.0003239041252527386,False
S;T;I;D;H,A;Y;R;L;M,"124,189,168,220,104",0.00320357084274292,0.0003239041252527386,False
S;T;I;D;R,A;Y;R;L;P,"124,189,168,220,280",0.00320357084274292,0.0003600120544433594,False
S;T;I;D;L,A;Y;R;L;F,"124,189,168,220,216",0.0069768428802490234,0.0004476918838918209,False
S;T;I;D;S,A;Y;R;L;D,"124,189,168,220,103",0.00320357084274292,0.0003239041252527386,False
S;T;I;D;I,A;Y;R;L;V,"124,189,168,220,200",0.0032120347023010254,0.00031197626958601177,False
S;T;I;D;T,A;Y;R;L;K,"124,189,168,220,88",0.00320357084274292,0.00037446824717335403,False
S;T;I;D;N,A;Y;R;L;K,"124,189,168,220,138",0.00320357084274292,0.0003239041252527386,False
S;T;I;D;A,A;Y;R;L;L,"124,189,168,220,65",0.00320357084274292,0.0003241092781536281,False
S;T;I;D;Q,A;Y;R;L;T,"124,189,168,220,91",0.00320357084274292,0.00035928431316278875,False
S;T;I;D;G,A;Y;R;L;D,"124,189,168,220,163",0.4073498249053955,0.011169296689331532,False
S;T;I;D;A,A;Y;R;L;M,"124,189,168,220,65",0.00320357084274292,0.00032449045102111995,False
S;T;I;D;K,A;Y;R;L;L,"124,189,168,220,252",0.00320357084274292,0.000323974818456918,False
S;T;I;D;V,A;Y;R;L;D,"124,189,168,220,57",0.00320357084274292,0.0003239041252527386,False
S;T;I;D;Q,A;Y;R;L;V,"124,189,168,220,127",0.0068558454513549805,0.0006187586113810539,False
S;T;I;D;V,A;Y;R;L;C,"124,189,168,220,281",0.00320357084274292,0.0003379236732143909,False
S;T;I;D;T,A;Y;R;L;V,"124,189,168,220,72",0.00320357084274292,0.0003239041252527386,False
S;T;I;D;Q,A;Y;R;L;N,"124,189,168,220,133",0.00320357084274292,0.0003239041252527386,False
S;T;I;D;R,A;Y;R;L;K,"124,189,168,220,53",0.00320357084274292,0.0003239041252527386,False
S;T;I;D;S,A;Y;R;L;P,"124,189,168,220,125",0.00320357084274292,0.00033538564457558095,False
S;T;I;D;T,A;Y;R;L;Q,"124,189,168,220,88",0.00320357084274292,0.0003505363129079342,False
S;T;I;D;N,A;Y;R;L;L,"124,189,168,220,138",0.00320357084274292,0.0003239041252527386,False
S;T;I;D;H,A;Y;R;L;R,"124,189,168,220,104",0.00320357084274292,0.0003239041252527386,False
S;T;I;D;W,A;Y;R;L;P,"124,189,168,220,159",0.3328515887260437,0.009044003672897816,False
S;T;I;D;S,A;Y;R;L;Y,"124,189,168,220,242",0.00320357084274292,0.00042543854215182364,False
S;T;I;D;A,A;Y;R;L;F,"124,189,168,220,65",0.00320357084274292,0.00032480788649991155,False
S;T;I;D;G,A;Y;R;L;H,"124,189,168,220,251",0.00320357084274292,0.0003259722434449941,False
S;T;I;D;L,A;Y;R;L;P,"124,189,168,220,216",0.012098193168640137,0.0006649341667070985,False
S;T;I;D;S,A;Y;R;L;W,"124,189,168,220,58",0.00320357084274292,0.0003239041252527386,False
S;T;I;D;A,A;Y;R;L;E,"124,189,168,220,152",0.00320357084274292,0.0003239041252527386,False
S;T;I;D;T,A;Y;R;L;N,"124,189,168,220,88",0.00320357084274292,0.0003419227432459593,False
S;T;I;D;T,A;Y;R;L;N,"124,189,168,220,198",0.00320357084274292,0.0003310927131678909,False
S;T;I;D;S,A;Y;R;L;K,"124,189,168,220,58",0.00320357084274292,0.0003239041252527386,False
S;T;I;D;L,A;Y;R;L;C,"124,189,168,220,249",0.00320357084274292,0.0003239082871004939,False
S;T;I;D;N,A;Y;R;L;T,"124,189,168,220,190",0.003094494342803955,0.0003168596886098385,False
S;T;I;D;S,A;Y;R;L;V,"124,189,168,220,223",0.00320357084274292,0.0003239041252527386,False
S;T;I;D;A,A;Y;R;L;W,"124,189,168,220,65",0.00320357084274292,0.0003264948318246752,False
S;T;I;D;K,A;Y;R;L;Y,"124,189,168,220,253",0.00320357084274292,0.0003239886718802154,False
S;T;I;D;R,A;Y;R;L;S,"124,189,168,220,90",0.008328139781951904,0.0007886235252954066,False
S;T;I;D;T,A;Y;R;L;M,"124,189,168,220,29",0.00320357084274292,0.0003239041252527386,False
S;T;I;D;M,A;Y;R;L;L,"124,189,168,220,262",0.00320357084274292,0.0003239041252527386,False
S;T;I;D;A,A;Y;R;L;L,"124,189,168,220,272",0.00320357084274292,0.0003239041252527386,False
S;T;I;D;R,A;Y;R;L;N,"124,189,168,220,90",0.004372954368591309,0.0005550814094021916,False
S;T;I;D;R,A;Y;R;L;T,"124,189,168,220,90",0.004528045654296875,0.0005936276284046471,False
S;T;I;D;G,A;Y;R;L;T,"124,189,168,220,254",0.00320357084274292,0.0003243948158342391,False
S;T;I;D;R,A;Y;R;L;P,"124,189,168,220,90",0.012217998504638672,0.0009647954138927162,False
S;T;I;D;N,A;Y;R;L;Y,"124,189,168,220,37",0.00320357084274292,0.0003239041252527386,False
S;T;I;D;Q,A;Y;R;L;I,"124,189,168,220,182",0.8225822448730469,0.020237093791365623,True
S;T;I;D;R,A;Y;R;L;A,"124,189,168,220,90",0.0059661865234375,0.0006987729575484991,False
S;T;I;D;K,A;Y;R;L;F,"124,189,168,220,253",0.00320357084274292,0.00032396233291365206,False
S;T;I;D;Y,A;Y;R;L;S,"124,189,168,220,63",0.00320357084274292,0.00031890286481939256,False
S;T;I;D;Q,A;Y;R;L;M,"124,189,168,220,127",0.007086575031280518,0.0005947434692643583,False
S;T;I;D;Q,A;Y;R;L;L,"124,189,168,220,182",0.6602998971939087,0.016314197331666946,False
S;T;I;D;K,A;Y;R;L;A,"124,189,168,220,253",0.00320357084274292,0.0003240468795411289,False
S;T;I;D;K,A;Y;R;L;V,"124,189,168,220,253",0.00320357084274292,0.00032407601247541606,False
S;T;I;D;Q,A;Y;R;L;F,"124,189,168,220,182",0.4511667490005493,0.011603880673646927,False
S;T;I;D;R,A;Y;R;L;D,"124,189,168,220,90",0.014670133590698242,0.0010276089888066053,False
S;T;I;D;Q,A;Y;R;L;A,"124,189,168,220,127",0.00320357084274292,0.00029145562439225614,False
S;T;I;D;Y,A;Y;R;L;T,"124,189,168,220,63",0.00320357084274292,0.0003195640747435391,False
S;T;I;D;Q,A;Y;R;L;V,"124,189,168,220,182",0.7861027717590332,0.019204648211598396,True
S;T;I;D;K,A;Y;R;L;L,"124,189,168,220,253",0.00320357084274292,0.0003240233345422894,False
S;T;I;D;C,A;Y;R;L;S,"124,189,168,220,289",0.00320357084274292,0.0003239041252527386,False
S;T;I;D;Y,A;Y;R;L;G,"124,189,168,220,63",0.00320357084274292,0.0003175887977704406,False
S;T;I;D;M,A;Y;R;L;V,"124,189,168,220,154",0.00320357084274292,0.0003245708649046719,False
S;T;I;D;Q,A;Y;R;L;T,"124,189,168,220,127",0.00320357084274292,0.00027601662441156805,False
S;T;I;D;A,A;Y;R;L;D,"124,189,168,220,226",0.00320357084274292,0.00032408430706709623,False
S;T;I;D;C,A;Y;R;L;A,"124,189,168,220,289",0.00320357084274292,0.0003239041252527386,False
S;T;I;D;R,A;Y;R;L;Q,"124,189,168,220,224",0.00320357084274292,0.0003239041252527386,False
S;T;I;D;N,A;Y;R;L;K,"124,189,168,220,233",0.00320357084274292,0.0003591027343645692,False
S;T;I;D;S,A;Y;R;L;E,"124,189,168,220,136",0.00320357084274292,0.0003239041252527386,False
S;T;I;D;D,A;Y;R;L;N,"124,189,168,220,186",0.12830984592437744,0.0032736104913055897,False
S;T;I;D;R,A;Y;R;L;A,"124,189,168,220,280",0.00320357084274292,0.0003369699988979846,False
S;T;I;D;S,A;Y;R;L;F,"124,189,168,220,238",0.4964901804924011,0.012456124648451805,False
S;T;I;D;S,A;Y;R;L;Q,"124,189,168,220,188",0.0034394264221191406,0.0003481923195067793,False
S;T;I;D;S,A;Y;R;L;H,"124,189,168,220,214",0.22088289260864258,0.005559251643717289,False
S;T;I;D;L,A;Y;R;L;F,"124,189,168,220,117",0.00320357084274292,0.0003347882011439651,False
S;T;I;D;Q,A;Y;R;L;Y,"124,189,168,220,119",0.004186511039733887,0.00043466617353260517,False
S;T;I;D;G,A;Y;R;L;A,"124,189,168,220,165",0.24582111835479736,0.006383704487234354,False
S;T;I;D;S,A;Y;R;L;E,"124,189,168,220,121",0.005834400653839111,0.0004440878692548722,False
S;T;I;D;N,A;Y;R;L;H,"124,189,168,220,205",0.19229942560195923,0.004845114424824715,False
S;T;I;D;S,A;Y;R;L;Y,"124,189,168,220,269",0.00320357084274292,0.0003239041252527386,False
S;T;I;D;S,A;Y;R;L;T,"124,189,168,220,214",0.05937397480010986,0.0016975222388282418,False
S;T;I;D;I,A;Y;R;L;R,"124,189,168,220,218",0.011961221694946289,0.000541573332156986,False
S;T;I;D;P,A;Y;R;L;K,"124,189,168,220,120",0.3991538882255554,0.009622439742088318,False
S;T;I;D;M,A;Y;R;L;H,"124,189,168,220,161",0.2519862651824951,0.006397750694304705,False
S;T;I;D;N,A;Y;R;L;K,"124,189,168,220,114",0.00320357084274292,0.0003235229232814163,False
S;T;I;D;P,A;Y;R;L;V,"124,189,168,220,184",0.5709487199783325,0.01598639041185379,False
S;T;I;D;W,A;Y;R;L;P,"124,189,168,220,185",0.37370795011520386,0.009667441248893738,False
S;T;I;D;S,A;Y;R;L;H,"124,189,168,220,187",0.0035640597343444824,0.0003942639450542629,False
S;T;I;D;S,A;Y;R;L;P,"124,189,168,220,188",0.0033171772956848145,0.0003299505333416164,False
S;T;I;D;F,A;Y;R;L;M,"124,189,168,220,191",0.0032584667205810547,0.00032514610211364925,False
T;S;S;T;S,P;N;P;E;N,"116,238,290,270,124",0.21104347705841064,0.005031376611441374,False
T;S;S;T;G,P;N;P;E;Q,"116,238,290,270,243",0.20890772342681885,0.005041190423071384,False
T;S;S;T;G,P;N;P;E;L,"116,238,290,270,243",0.20982670783996582,0.005035655573010445,False
T;S;S;T;R,P;N;P;E;V,"116,238,290,270,34",0.21104347705841064,0.0050150323659181595,False
T;S;S;T;G,P;N;P;E;K,"116,238,290,270,243",0.20997107028961182,0.005003908183425665,False
T;S;S;T;D,P;N;P;E;Q,"116,238,290,270,220",0.21104347705841064,0.0050152260810136795,False
T;S;S;T;S,P;N;P;E;K,"116,238,290,270,124",0.21104347705841064,0.005094589199870825,False
T;S;S;T;F,P;N;P;E;E,"116,238,290,270,271",0.21104347705841064,0.0050150323659181595,False
T;S;S;T;G,P;N;P;E;Q,"116,238,290,270,164",0.21104347705841064,0.010076561942696571,False
T;S;S;T;A,P;N;P;E;D,"116,238,290,270,130",0.21104347705841064,0.005016467068344355,False
T;S;S;T;W,P;N;P;E;C,"116,238,290,270,257",0.21104347705841064,0.005015064030885696,False
T;S;S;T;Q,P;N;P;E;N,"116,238,290,270,127",0.21104347705841064,0.005040781572461128,False
T;S;S;T;Q,P;N;P;E;R,"116,238,290,270,127",0.21104347705841064,0.005051682237535715,False
T;S;S;T;F,P;N;P;E;M,"116,238,290,270,271",0.21104347705841064,0.0050150323659181595,False
T;S;S;T;S,P;N;P;E;A,"116,238,290,270,124",0.21104347705841064,0.005045940633863211,False
T;S;S;T;G,P;N;P;E;I,"116,238,290,270,243",0.20988214015960693,0.005044065415859222,False
T;S;S;T;Q,P;N;P;E;I,"116,238,290,270,127",0.21104347705841064,0.0054201288148760796,False
T;S;S;T;A,P;N;P;E;V,"116,238,290,270,65",0.21104347705841064,0.005015139002352953,False
T;S;S;T;Q,P;N;P;E;E,"116,238,290,270,133",0.21104347705841064,0.0050150323659181595,False
T;S;S;T;S,P;N;P;E;T,"116,238,290,270,124",0.21104347705841064,0.005030876025557518,False
T;S;S;T;Q,P;N;P;E;K,"116,238,290,270,127",0.21104347705841064,0.005038436036556959,False
T;S;S;T;Q,P;N;P;E;W,"116,238,290,270,133",0.21104347705841064,0.0050150323659181595,False
T;S;S;T;D,P;N;P;E;L,"116,238,290,270,220",0.21104347705841064,0.00501630874350667,False
T;S;S;T;T,P;N;P;E;D,"116,238,290,270,88",0.21104347705841064,0.005306286737322807,False
T;S;S;T;R,P;N;P;E;N,"116,238,290,270,132",0.21104347705841064,0.0050150323659181595,False
T;S;S;T;Q,P;N;P;E;D,"116,238,290,270,127",0.21104347705841064,0.005026015918701887,False
T;S;S;T;A,P;N;P;E;Y,"116,238,290,270,215",0.5185710191726685,0.01788180135190487,False
T;S;S;T;L,P;N;P;E;K,"116,238,290,270,249",0.21104347705841064,0.005014524795114994,False
T;S;S;T;R,P;N;P;E;Y,"116,238,290,270,123",0.21104347705841064,0.005218826234340668,False
T;S;S;T;F,P;N;P;E;W,"116,238,290,270,271",0.21104347705841064,0.0050150323659181595,False
T;S;S;T;S,P;N;P;E;D,"116,238,290,270,58",0.21104347705841064,0.0050150323659181595,False
T;S;S;T;N,P;N;P;E;I,"116,238,290,270,37",0.21104347705841064,0.0050150323659181595,False
T;S;S;T;C,P;N;P;E;D,"116,238,290,270,289",0.21104347705841064,0.0050150323659181595,False
T;S;S;T;A,P;N;P;E;P,"116,238,290,270,152",0.21104347705841064,0.0050150323659181595,False
T;S;S;T;D,P;N;P;E;V,"116,238,290,270,186",0.7238578200340271,0.022301800549030304,True
T;S;S;T;G,P;N;P;E;P,"116,238,290,270,243",0.20987844467163086,0.005011165048927069,False
T;S;S;T;S,P;N;P;E;E,"116,238,290,270,115",0.21104347705841064,0.005002605263143778,False
T;S;S;T;L,P;N;P;E;Q,"116,238,290,270,216",0.21104347705841064,0.005377518478780985,False
T;S;S;T;N,P;N;P;E;P,"116,238,290,270,277",0.21104347705841064,0.005014981143176556,False
T;S;S;T;R,P;N;P;E;Q,"116,238,290,270,132",0.21104347705841064,0.0050150323659181595,False
T;S;S;T;N,P;N;P;E;Y,"116,238,290,270,244",0.20491504669189453,0.004981948994100094,False
T;S;S;T;H,P;N;P;E;T,"116,238,290,270,104",0.21104347705841064,0.0050150323659181595,False
T;S;S;T;S,P;N;P;E;V,"116,238,290,270,58",0.21104347705841064,0.0050150323659181595,False
T;S;S;T;H,P;N;P;E;L,"116,238,290,270,104",0.21104347705841064,0.0050150323659181595,False
T;S;S;T;P,P;N;P;E;Q,"116,238,290,270,38",0.21104347705841064,0.0050150323659181595,False
T;S;S;T;R,P;N;P;E;L,"116,238,290,270,53",0.21104347705841064,0.0050150323659181595,False
T;S;S;T;A,P;N;P;E;T,"116,238,290,270,180",0.21104347705841064,0.005073781590908766,False
T;S;S;T;P,P;N;P;E;D,"116,238,290,270,197",0.21104347705841064,0.005015301052480936,False
T;S;S;T;T,P;N;P;E;V,"116,238,290,270,198",0.21104347705841064,0.005040376912802458,False
T;S;S;T;A,P;N;P;E;M,"116,238,290,270,135",0.21104347705841064,0.0050150323659181595,False
T;S;S;T;I,P;N;P;E;L,"116,238,290,270,111",0.21104347705841064,0.00501584867015481,False
T;S;S;T;G,P;N;P;E;S,"116,238,290,270,243",0.21018338203430176,0.005004401784390211,False
T;S;S;T;Q,P;N;P;E;L,"116,238,290,270,127",0.21104347705841064,0.0053508710116147995,False
T;S;S;T;Q,P;N;P;E;H,"116,238,290,270,127",0.21104347705841064,0.005020675249397755,False
T;S;S;T;W,P;N;P;E;I,"116,238,290,270,159",0.28735440969467163,0.012311083264648914,False
T;S;S;T;Q,P;N;P;E;P,"116,238,290,270,127",0.21104347705841064,0.005056402180343866,False
T;S;S;T;S,P;N;P;E;N,"116,238,290,270,103",0.21104347705841064,0.0050150323659181595,False
T;S;S;T;A,P;N;P;E;Y,"116,238,290,270,179",0.21104347705841064,0.00521118426695466,False
T;S;S;T;W,P;N;P;E;K,"116,238,290,270,257",0.21104347705841064,0.005015349481254816,False
T;S;S;T;L,P;N;P;E;M,"116,238,290,270,216",0.21104347705841064,0.005079114343971014,False
T;S;S;T;Q,P;N;P;E;E,"116,238,290,270,127",0.21104347705841064,0.005091718398034573,False
T;S;S;T;G,P;N;P;E;A,"116,238,290,270,243",0.21079254150390625,0.00501214899122715,False
T;S;S;T;A,P;N;P;E;N,"116,238,290,270,226",0.21104347705841064,0.005015211179852486,False
T;S;S;T;L,P;N;P;E;I,"116,238,290,270,216",0.21104347705841064,0.005024696700274944,False
T;S;S;T;C,P;N;P;E;L,"116,238,290,270,289",0.21104347705841064,0.0050150323659181595,False
T;S;S;T;S,P;N;P;E;E,"116,238,290,270,207",0.631648600101471,0.020430803298950195,False
T;S;S;T;M,P;N;P;E;L,"116,238,290,270,154",0.21104347705841064,0.005015040747821331,False
T;S;S;T;M,P;N;P;E;P,"116,238,290,270,222",0.21104347705841064,0.005015071015805006,False
T;S;S;T;G,P;N;P;E;T,"116,238,290,270,251",0.21104347705841064,0.00501277158036828,False
T;S;S;T;P,P;N;P;E;L,"116,238,290,270,38",0.21104347705841064,0.0050150323659181595,False
T;S;S;T;L,P;N;P;E;W,"116,238,290,270,216",0.21104347705841064,0.005375834181904793,False
T;S;S;T;T,P;N;P;E;L,"116,238,290,270,72",0.21104347705841064,0.0050150323659181595,False
T;S;S;T;S,P;N;P;E;P,"116,238,290,270,245",0.2108469009399414,0.0050223940052092075,False
T;S;S;T;I,P;N;P;E;W,"116,238,290,270,111",0.21104347705841064,0.005216792691498995,False
T;S;S;T;L,P;N;P;E;D,"116,238,290,270,249",0.21104347705841064,0.005012183915823698,False
T;S;S;T;E,P;N;P;E;K,"116,238,290,270,231",0.21156835556030273,0.005085550248622894,False
T;S;S;T;D,P;N;P;E;K,"116,238,290,270,263",0.21104347705841064,0.0050150323659181595,False
T;S;S;T;T,P;N;P;E;M,"116,238,290,270,51",0.21104347705841064,0.0050150323659181595,False
T;S;S;T;L,P;N;P;E;E,"116,238,290,270,216",0.21104347705841064,0.005845163948833942,False
T;S;S;T;S,P;N;P;E;T,"116,238,290,270,121",0.21104347705841064,0.00501866964623332,False
T;S;S;T;I,P;N;P;E;H,"116,238,290,270,145",0.21104347705841064,0.0050150323659181595,False
T;S;S;T;I,P;N;P;E;L,"116,238,290,270,145",0.21104347705841064,0.0050150323659181595,False
T;S;S;T;H,P;N;P;E;M,"116,238,290,270,104",0.21104347705841064,0.0050150323659181595,False
T;S;S;T;R,P;N;P;E;P,"116,238,290,270,280",0.21104347705841064,0.005045110359787941,False
T;S;S;T;L,P;N;P;E;F,"116,238,290,270,216",0.21104347705841064,0.005066256038844585,False
T;S;S;T;S,P;N;P;E;D,"116,238,290,270,103",0.21104347705841064,0.0050150323659181595,False
T;S;S;T;I,P;N;P;E;V,"116,238,290,270,200",0.21100711822509766,0.005034537985920906,False
T;S;S;T;T,P;N;P;E;K,"116,238,290,270,88",0.21104347705841064,0.005056174471974373,False
T;S;S;T;N,P;N;P;E;K,"116,238,290,270,138",0.21104347705841064,0.0050150323659181595,False
T;S;S;T;A,P;N;P;E;L,"116,238,290,270,65",0.21104347705841064,0.005015308037400246,False
T;S;S;T;Q,P;N;P;E;T,"116,238,290,270,91",0.21104347705841064,0.005085195414721966,False
T;S;S;T;G,P;N;P;E;D,"116,238,290,270,163",0.40562885999679565,0.015519136562943459,False
T;S;S;T;A,P;N;P;E;M,"116,238,290,270,65",0.21104347705841064,0.005015743430703878,False
T;S;S;T;V,P;N;P;E;D,"116,238,290,270,57",0.21104347705841064,0.0050150323659181595,False
T;S;S;T;Q,P;N;P;E;V,"116,238,290,270,127",0.21104347705841064,0.0053307912312448025,False
T;S;S;T;V,P;N;P;E;C,"116,238,290,270,281",0.21104347705841064,0.005026146303862333,False
T;S;S;T;T,P;N;P;E;V,"116,238,290,270,72",0.21104347705841064,0.0050150323659181595,False
T;S;S;T;Q,P;N;P;E;N,"116,238,290,270,133",0.21104347705841064,0.0050150323659181595,False
T;S;S;T;R,P;N;P;E;K,"116,238,290,270,53",0.21104347705841064,0.0050150323659181595,False
T;S;S;T;S,P;N;P;E;P,"116,238,290,270,125",0.21104347705841064,0.005019900389015675,False
T;S;S;T;T,P;N;P;E;Q,"116,238,290,270,88",0.21104347705841064,0.005019068717956543,False
T;S;S;T;N,P;N;P;E;L,"116,238,290,270,138",0.21104347705841064,0.0050150323659181595,False
T;S;S;T;H,P;N;P;E;R,"116,238,290,270,104",0.21104347705841064,0.0050150323659181595,False
T;S;S;T;W,P;N;P;E;P,"116,238,290,270,159",0.3328997492790222,0.013933686539530754,False
T;S;S;T;S,P;N;P;E;Y,"116,238,290,270,242",0.20894849300384521,0.005065608769655228,False
T;S;S;T;A,P;N;P;E;F,"116,238,290,270,65",0.21104347705841064,0.005016081500798464,False
T;S;S;T;G,P;N;P;E;H,"116,238,290,270,251",0.21104347705841064,0.005012086592614651,False
T;S;S;T;L,P;N;P;E;P,"116,238,290,270,216",0.21104347705841064,0.005310127977281809,False
T;S;S;T;S,P;N;P;E;W,"116,238,290,270,58",0.21104347705841064,0.0050150323659181595,False
T;S;S;T;A,P;N;P;E;E,"116,238,290,270,152",0.21104347705841064,0.0050150323659181595,False
T;S;S;T;T,P;N;P;E;N,"116,238,290,270,88",0.21104347705841064,0.005053121130913496,False
T;S;S;T;T,P;N;P;E;N,"116,238,290,270,198",0.21104347705841064,0.00501785846427083,False
T;S;S;T;S,P;N;P;E;K,"116,238,290,270,58",0.21104347705841064,0.0050150323659181595,False
T;S;S;T;L,P;N;P;E;C,"116,238,290,270,249",0.21104347705841064,0.005015194416046143,False
T;S;S;T;N,P;N;P;E;T,"116,238,290,270,190",0.21104347705841064,0.005015161354094744,False
T;S;S;T;S,P;N;P;E;V,"116,238,290,270,223",0.21104347705841064,0.0050150323659181595,False
T;S;S;T;A,P;N;P;E;W,"116,238,290,270,65",0.21104347705841064,0.005017883609980345,False
T;S;S;T;K,P;N;P;E;Y,"116,238,290,270,253",0.21104347705841064,0.005014573223888874,False
T;S;S;T;R,P;N;P;E;S,"116,238,290,270,90",0.21104347705841064,0.005655495449900627,False
T;S;S;T;T,P;N;P;E;M,"116,238,290,270,29",0.21104347705841064,0.0050150323659181595,False
T;S;S;T;M,P;N;P;E;L,"116,238,290,270,262",0.21104347705841064,0.0050150323659181595,False
T;S;S;T;A,P;N;P;E;L,"116,238,290,270,272",0.21104347705841064,0.0050150323659181595,False
T;S;S;T;R,P;N;P;E;N,"116,238,290,270,90",0.21104347705841064,0.005355420522391796,False
T;S;S;T;R,P;N;P;E;T,"116,238,290,270,90",0.21104347705841064,0.005395087879151106,False
T;S;S;T;G,P;N;P;E;T,"116,238,290,270,254",0.21104347705841064,0.005014551337808371,False
T;S;S;T;R,P;N;P;E;P,"116,238,290,270,90",0.21104347705841064,0.005870969966053963,False
T;S;S;T;N,P;N;P;E;Y,"116,238,290,270,37",0.21104347705841064,0.0050150323659181595,False
T;S;S;T;Q,P;N;P;E;I,"116,238,290,270,182",0.8220006227493286,0.024870628491044044,True
T;S;S;T;R,P;N;P;E;A,"116,238,290,270,90",0.21104347705841064,0.005528795067220926,False
T;S;S;T;K,P;N;P;E;F,"116,238,290,270,253",0.21104347705841064,0.0050152926705777645,False
T;S;S;T;Y,P;N;P;E;S,"116,238,290,270,63",0.21104347705841064,0.005016521085053682,False
T;S;S;T;Q,P;N;P;E;M,"116,238,290,270,127",0.21104347705841064,0.005263656843453646,False
T;S;S;T;Q,P;N;P;E;L,"116,238,290,270,182",0.6594208478927612,0.020946843549609184,False
T;S;S;T;K,P;N;P;E;A,"116,238,290,270,253",0.21104347705841064,0.005016081500798464,False
T;S;S;T;K,P;N;P;E;V,"116,238,290,270,253",0.21104347705841064,0.00501615647226572,False
T;S;S;T;Q,P;N;P;E;F,"116,238,290,270,182",0.4504867196083069,0.016210557892918587,False
T;S;S;T;R,P;N;P;E;D,"116,238,290,270,90",0.21104347705841064,0.005835185293108225,False
T;S;S;T;Q,P;N;P;E;A,"116,238,290,270,127",0.21104347705841064,0.005071710795164108,False
T;S;S;T;Y,P;N;P;E;T,"116,238,290,270,63",0.21104347705841064,0.005016027484089136,False
T;S;S;T;Q,P;N;P;E;V,"116,238,290,270,182",0.7853571176528931,0.023852314800024033,True
T;S;S;T;K,P;N;P;E;L,"116,238,290,270,253",0.21104347705841064,0.005015888717025518,False
T;S;S;T;C,P;N;P;E;S,"116,238,290,270,289",0.21104347705841064,0.0050150323659181595,False
T;S;S;T;Y,P;N;P;E;G,"116,238,290,270,63",0.21104347705841064,0.005017908290028572,False
T;S;S;T;M,P;N;P;E;V,"116,238,290,270,154",0.21104347705841064,0.005015048664063215,False
T;S;S;T;Q,P;N;P;E;T,"116,238,290,270,127",0.21104347705841064,0.0050377389416098595,False
T;S;S;T;A,P;N;P;E;D,"116,238,290,270,226",0.21104347705841064,0.005015335977077484,False
T;S;S;T;C,P;N;P;E;A,"116,238,290,270,289",0.21104347705841064,0.0050150323659181595,False
T;S;S;T;R,P;N;P;E;Q,"116,238,290,270,224",0.21104347705841064,0.0050150323659181595,False
T;S;S;T;N,P;N;P;E;K,"116,238,290,270,233",0.21154862642288208,0.005062700714915991,False
T;S;S;T;S,P;N;P;E;E,"116,238,290,270,136",0.21104347705841064,0.0050150323659181595,False
T;S;S;T;D,P;N;P;E;N,"116,238,290,270,186",0.21104347705841064,0.008019006811082363,False
T;S;S;T;R,P;N;P;E;A,"116,238,290,270,280",0.21104347705841064,0.005025416146963835,False
T;S;S;T;S,P;N;P;E;Q,"116,238,290,270,188",0.21104347705841064,0.005023464094847441,False
T;S;S;T;S,P;N;P;E;H,"116,238,290,270,214",0.2391982078552246,0.010686710476875305,False
T;S;S;T;L,P;N;P;E;F,"116,238,290,270,117",0.21104347705841064,0.005007412750273943,False
T;S;S;T;Q,P;N;P;E;Y,"116,238,290,270,119",0.21104347705841064,0.0050851162523031235,False
T;S;S;T;G,P;N;P;E;A,"116,238,290,270,165",0.22909623384475708,0.010587531141936779,False
T;S;S;T;S,P;N;P;E;E,"116,238,290,270,121",0.21104347705841064,0.0051415893249213696,False
T;S;S;T;I,P;N;P;E;R,"116,238,290,270,168",0.21104347705841064,0.005231549497693777,False
T;S;S;T;N,P;N;P;E;H,"116,238,290,270,205",0.21142876148223877,0.009542945772409439,False
T;S;S;T;S,P;N;P;E;Y,"116,238,290,270,269",0.21104347705841064,0.0050150323659181595,False
T;S;S;T;S,P;N;P;E;T,"116,238,290,270,214",0.21104347705841064,0.006753202062100172,False
T;S;S;T;I,P;N;P;E;R,"116,238,290,270,218",0.21104347705841064,0.005249121692031622,False
T;S;S;T;P,P;N;P;E;K,"116,238,290,270,120",0.3989295959472656,0.014333474449813366,False
T;S;S;T;M,P;N;P;E;H,"116,238,290,270,161",0.24972397089004517,0.010963305830955505,False
T;S;S;T;I,P;N;P;E;H,"116,238,290,270,168",0.21104347705841064,0.005267451051622629,False
T;S;S;T;N,P;N;P;E;K,"116,238,290,270,114",0.21104347705841064,0.00501585565507412,False
T;S;S;T;P,P;N;P;E;V,"116,238,290,270,184",0.5702694058418274,0.02012788876891136,False
T;S;S;T;W,P;N;P;E;P,"116,238,290,270,185",0.37214982509613037,0.014847145415842533,False
T;S;S;T;S,P;N;P;E;H,"116,238,290,270,187",0.21104347705841064,0.005033106077462435,False
T;S;S;T;S,P;N;P;E;P,"116,238,290,270,188",0.21104347705841064,0.00501665286719799,False
T;S;S;T;T,P;N;P;E;Y,"116,238,290,270,189",0.21104347705841064,0.005161892622709274,False
T;S;S;T;F,P;N;P;E;M,"116,238,290,270,191",0.21104347705841064,0.005015052855014801,False
S;T;I;T;G,A;Y;R;E;Q,"124,189,168,270,243",0.0032886266708374023,0.00038578343810513616,False
S;T;I;T;G,A;Y;R;E;L,"124,189,168,270,243",0.0032886266708374023,0.0004030715499538928,False
S;T;I;T;R,A;Y;R;E;V,"124,189,168,270,34",0.0032886266708374023,0.00033393295598216355,False
S;T;I;T;G,A;Y;R;E;K,"124,189,168,270,243",0.0032886266708374023,0.00034502078779041767,False
S;T;I;T;D,A;Y;R;E;Q,"124,189,168,270,220",0.0030144453048706055,0.0003244641120545566,False
S;T;I;T;F,A;Y;R;E;E,"124,189,168,270,271",0.0032886266708374023,0.00033393295598216355,False
S;T;I;T;G,A;Y;R;E;Q,"124,189,168,270,164",0.20051103830337524,0.0054876734502613544,False
S;T;I;T;A,A;Y;R;E;D,"124,189,168,270,130",0.0033959150314331055,0.0003449002106208354,False
S;T;I;T;W,A;Y;R;E;C,"124,189,168,270,257",0.0032886266708374023,0.0003321780823171139,False
S;T;I;T;Q,A;Y;R;E;N,"124,189,168,270,127",0.0032886266708374023,0.000316905410727486,False
S;T;I;T;Q,A;Y;R;E;R,"124,189,168,270,127",0.007534444332122803,0.00045795217738486826,False
S;T;I;T;S,A;Y;R;E;M,"124,189,168,270,238",0.3914560079574585,0.009788834489881992,False
S;T;I;T;F,A;Y;R;E;M,"124,189,168,270,271",0.0032886266708374023,0.00033393295598216355,False
S;T;I;T;G,A;Y;R;E;I,"124,189,168,270,243",0.0033347606658935547,0.0004120510711800307,False
S;T;I;T;Q,A;Y;R;E;I,"124,189,168,270,127",0.008253216743469238,0.000732833577785641,False
S;T;I;T;A,A;Y;R;E;V,"124,189,168,270,65",0.0032886266708374023,0.00033400225220248103,False
S;T;I;T;Q,A;Y;R;E;E,"124,189,168,270,133",0.0032886266708374023,0.00033393295598216355,False
S;T;I;T;Q,A;Y;R;E;K,"124,189,168,270,127",0.004084944725036621,0.00037288665771484375,False
S;T;I;T;Q,A;Y;R;E;W,"124,189,168,270,133",0.0032886266708374023,0.00033393295598216355,False
S;T;I;T;T,A;Y;R;E;D,"124,189,168,270,88",0.0032886266708374023,0.0005243143532425165,False
S;T;I;T;R,A;Y;R;E;N,"124,189,168,270,132",0.0032886266708374023,0.00033393295598216355,False
S;T;I;T;Q,A;Y;R;E;D,"124,189,168,270,127",0.0032886266708374023,0.0003256132476963103,False
S;T;I;T;A,A;Y;R;E;Y,"124,189,168,270,215",0.5194771885871887,0.013126651756465435,False
S;T;I;T;L,A;Y;R;E;K,"124,189,168,270,249",0.0032886266708374023,0.00033403412089683115,False
S;T;I;T;R,A;Y;R;E;Y,"124,189,168,270,123",0.004457354545593262,0.0005698772147297859,False
S;T;I;T;F,A;Y;R;E;W,"124,189,168,270,271",0.0032886266708374023,0.00033393295598216355,False
S;T;I;T;S,A;Y;R;E;D,"124,189,168,270,58",0.0032886266708374023,0.00033393295598216355,False
S;T;I;T;N,A;Y;R;E;I,"124,189,168,270,37",0.0032886266708374023,0.00033393295598216355,False
S;T;I;T;C,A;Y;R;E;D,"124,189,168,270,289",0.0032886266708374023,0.00033393295598216355,False
S;T;I;T;A,A;Y;R;E;P,"124,189,168,270,152",0.0032886266708374023,0.00033393295598216355,False
S;T;I;T;D,A;Y;R;E;V,"124,189,168,270,186",0.7068222761154175,0.01710362918674946,True
S;T;I;T;G,A;Y;R;E;P,"124,189,168,270,243",0.0032886266708374023,0.0003467465576250106,False
S;T;I;T;S,A;Y;R;E;E,"124,189,168,270,115",0.0032886266708374023,0.00033887181780301034,False
S;T;I;T;L,A;Y;R;E;Q,"124,189,168,270,216",0.014458417892456055,0.0007424936629831791,False
S;T;I;T;N,A;Y;R;E;P,"124,189,168,270,277",0.0032886266708374023,0.0003339370887260884,False
S;T;I;T;R,A;Y;R;E;Q,"124,189,168,270,132",0.0032886266708374023,0.00033393295598216355,False
S;T;I;T;N,A;Y;R;E;Y,"124,189,168,270,244",0.0035403966903686523,0.0005816886550746858,False
S;T;I;T;H,A;Y;R;E;T,"124,189,168,270,104",0.0032886266708374023,0.00033393295598216355,False
S;T;I;T;S,A;Y;R;E;V,"124,189,168,270,58",0.0032886266708374023,0.00033393295598216355,False
S;T;I;T;H,A;Y;R;E;L,"124,189,168,270,104",0.0032886266708374023,0.00033393295598216355,False
S;T;I;T;P,A;Y;R;E;Q,"124,189,168,270,38",0.0032886266708374023,0.00033393295598216355,False
S;T;I;T;R,A;Y;R;E;L,"124,189,168,270,53",0.0032886266708374023,0.00033393295598216355,False
S;T;I;T;A,A;Y;R;E;T,"124,189,168,270,180",0.004709720611572266,0.0004241785209160298,False
S;T;I;T;P,A;Y;R;E;D,"124,189,168,270,197",0.0032886266708374023,0.0003354244399815798,False
S;T;I;T;T,A;Y;R;E;V,"124,189,168,270,198",0.0032886266708374023,0.0003511988907121122,False
S;T;I;T;A,A;Y;R;E;M,"124,189,168,270,135",0.0032886266708374023,0.00033393295598216355,False
S;T;I;T;I,A;Y;R;E;L,"124,189,168,270,111",0.0032886266708374023,0.00033642526250332594,False
S;T;I;T;G,A;Y;R;E;S,"124,189,168,270,243",0.0032886266708374023,0.00034006251371465623,False
S;T;I;T;Q,A;Y;R;E;L,"124,189,168,270,127",0.0068506598472595215,0.0006671852897852659,False
S;T;I;T;Q,A;Y;R;E;H,"124,189,168,270,127",0.004299521446228027,0.000367215892765671,False
S;T;I;T;W,A;Y;R;E;I,"124,189,168,270,159",0.28727126121520996,0.007529415190219879,False
S;T;I;T;Q,A;Y;R;E;P,"124,189,168,270,127",0.0032886266708374023,0.0002945717133115977,False
S;T;I;T;S,A;Y;R;E;N,"124,189,168,270,103",0.0032886266708374023,0.00033393295598216355,False
S;T;I;T;A,A;Y;R;E;Y,"124,189,168,270,179",0.013179659843444824,0.00065279146656394,False
S;T;I;T;W,A;Y;R;E;K,"124,189,168,270,257",0.0032886266708374023,0.0003331622283440083,False
S;T;I;T;L,A;Y;R;E;M,"124,189,168,270,216",0.0067708492279052734,0.0004349641967564821,False
S;T;I;T;Q,A;Y;R;E;E,"124,189,168,270,127",0.0053560733795166016,0.00043819533311761916,False
S;T;I;T;G,A;Y;R;E;A,"124,189,168,270,243",0.0032886266708374023,0.0003466744674369693,False
S;T;I;T;A,A;Y;R;E;N,"124,189,168,270,226",0.0032886266708374023,0.0003340299881529063,False
S;T;I;T;L,A;Y;R;E;I,"124,189,168,270,216",0.0030615925788879395,0.0003501440223772079,False
S;T;I;T;C,A;Y;R;E;L,"124,189,168,270,289",0.0032886266708374023,0.00033393295598216355,False
S;T;I;T;S,A;Y;R;E;E,"124,189,168,270,207",0.631908118724823,0.0157545804977417,False
S;T;I;T;M,A;Y;R;E;L,"124,189,168,270,154",0.0032886266708374023,0.0003345151199027896,False
S;T;I;T;M,A;Y;R;E;P,"124,189,168,270,222",0.0031958818435668945,0.0003306200378574431,False
S;T;I;T;G,A;Y;R;E;T,"124,189,168,270,251",0.0032886266708374023,0.00033461907878518105,False
S;T;I;T;P,A;Y;R;E;L,"124,189,168,270,38",0.0032886266708374023,0.00033393295598216355,False
S;T;I;T;L,A;Y;R;E;W,"124,189,168,270,216",0.015191197395324707,0.000795261817984283,False
S;T;I;T;T,A;Y;R;E;L,"124,189,168,270,72",0.0032886266708374023,0.00033393295598216355,False
S;T;I;T;S,A;Y;R;E;P,"124,189,168,270,245",0.0032886266708374023,0.00033885796437971294,False
S;T;I;T;I,A;Y;R;E;W,"124,189,168,270,111",0.007867038249969482,0.0005761191132478416,False
S;T;I;T;L,A;Y;R;E;D,"124,189,168,270,249",0.0032886266708374023,0.00033552979584783316,False
S;T;I;T;E,A;Y;R;E;K,"124,189,168,270,231",0.0032886266708374023,0.0003834727103821933,False
S;T;I;T;D,A;Y;R;E;K,"124,189,168,270,263",0.0032886266708374023,0.00033393295598216355,False
S;T;I;T;T,A;Y;R;E;M,"124,189,168,270,51",0.0032886266708374023,0.00033393295598216355,False
S;T;I;T;L,A;Y;R;E;E,"124,189,168,270,216",0.02623569965362549,0.0012978703016415238,False
S;T;I;T;S,A;Y;R;E;T,"124,189,168,270,121",0.0032886266708374023,0.0003461921005509794,False
S;T;I;T;I,A;Y;R;E;H,"124,189,168,270,145",0.0032886266708374023,0.00033393295598216355,False
S;T;I;T;I,A;Y;R;E;L,"124,189,168,270,145",0.0032886266708374023,0.00033393295598216355,False
S;T;I;T;H,A;Y;R;E;M,"124,189,168,270,104",0.0032886266708374023,0.00033393295598216355,False
S;T;I;T;R,A;Y;R;E;P,"124,189,168,270,280",0.0032886266708374023,0.00037004088517278433,False
S;T;I;T;L,A;Y;R;E;F,"124,189,168,270,216",0.006924450397491455,0.00045093687367625535,False
S;T;I;T;S,A;Y;R;E;D,"124,189,168,270,103",0.0032886266708374023,0.00033393295598216355,False
S;T;I;T;I,A;Y;R;E;V,"124,189,168,270,200",0.0032997727394104004,0.0003181973297614604,False
S;T;I;T;T,A;Y;R;E;K,"124,189,168,270,88",0.0032886266708374023,0.000384497077902779,False
S;T;I;T;N,A;Y;R;E;K,"124,189,168,270,138",0.0032886266708374023,0.00033393295598216355,False
S;T;I;T;A,A;Y;R;E;L,"124,189,168,270,65",0.0032886266708374023,0.0003341380797792226,False
S;T;I;T;Q,A;Y;R;E;T,"124,189,168,270,91",0.0032886266708374023,0.0003693131438922137,False
S;T;I;T;G,A;Y;R;E;D,"124,189,168,270,163",0.4073498249053955,0.011182568967342377,False
S;T;I;T;A,A;Y;R;E;M,"124,189,168,270,65",0.0032886266708374023,0.0003345192817505449,False
S;T;I;T;K,A;Y;R;E;L,"124,189,168,270,252",0.0032886266708374023,0.00033400364918634295,False
S;T;I;T;V,A;Y;R;E;D,"124,189,168,270,57",0.0032886266708374023,0.00033393295598216355,False
S;T;I;T;Q,A;Y;R;E;V,"124,189,168,270,127",0.0068558454513549805,0.0006287874421104789,False
S;T;I;T;V,A;Y;R;E;C,"124,189,168,270,281",0.0032886266708374023,0.00034795250394381583,False
S;T;I;T;T,A;Y;R;E;V,"124,189,168,270,72",0.0032886266708374023,0.00033393295598216355,False
S;T;I;T;Q,A;Y;R;E;N,"124,189,168,270,133",0.0032886266708374023,0.00033393295598216355,False
S;T;I;T;R,A;Y;R;E;K,"124,189,168,270,53",0.0032886266708374023,0.00033393295598216355,False
S;T;I;T;S,A;Y;R;E;P,"124,189,168,270,125",0.0032886266708374023,0.0003454144753050059,False
S;T;I;T;T,A;Y;R;E;Q,"124,189,168,270,88",0.0032886266708374023,0.00036056514363735914,False
S;T;I;T;N,A;Y;R;E;L,"124,189,168,270,138",0.0032886266708374023,0.00033393295598216355,False
S;T;I;T;H,A;Y;R;E;R,"124,189,168,270,104",0.0032886266708374023,0.00033393295598216355,False
S;T;I;T;W,A;Y;R;E;P,"124,189,168,270,159",0.3328515887260437,0.009054272435605526,False
S;T;I;T;S,A;Y;R;E;Y,"124,189,168,270,242",0.0032886266708374023,0.0004354673728812486,False
S;T;I;T;A,A;Y;R;E;F,"124,189,168,270,65",0.0032886266708374023,0.0003348367172293365,False
S;T;I;T;G,A;Y;R;E;H,"124,189,168,270,251",0.0032886266708374023,0.00033600107417441905,False
S;T;I;T;L,A;Y;R;E;P,"124,189,168,270,216",0.011833488941192627,0.0006554320571012795,False
S;T;I;T;S,A;Y;R;E;W,"124,189,168,270,58",0.0032886266708374023,0.00033393295598216355,False
S;T;I;T;A,A;Y;R;E;E,"124,189,168,270,152",0.0032886266708374023,0.00033393295598216355,False
S;T;I;T;T,A;Y;R;E;N,"124,189,168,270,88",0.0032886266708374023,0.00035195157397538424,False
S;T;I;T;T,A;Y;R;E;N,"124,189,168,270,198",0.0032886266708374023,0.0003412144142203033,False
S;T;I;T;S,A;Y;R;E;K,"124,189,168,270,58",0.0032886266708374023,0.00033393295598216355,False
S;T;I;T;L,A;Y;R;E;C,"124,189,168,270,249",0.0032886266708374023,0.0003339370887260884,False
S;T;I;T;N,A;Y;R;E;T,"124,189,168,270,190",0.0031464099884033203,0.0003255425544921309,False
S;T;I;T;S,A;Y;R;E;V,"124,189,168,270,223",0.0032886266708374023,0.00033393295598216355,False
S;T;I;T;A,A;Y;R;E;W,"124,189,168,270,65",0.0032886266708374023,0.00033652366255410016,False
S;T;I;T;K,A;Y;R;E;Y,"124,189,168,270,253",0.0032886266708374023,0.00033401750260964036,False
S;T;I;T;R,A;Y;R;E;S,"124,189,168,270,90",0.008328139781951904,0.0007986523560248315,False
S;T;I;T;T,A;Y;R;E;M,"124,189,168,270,29",0.0032886266708374023,0.00033393295598216355,False
S;T;I;T;M,A;Y;R;E;L,"124,189,168,270,262",0.0032886266708374023,0.00033393295598216355,False
S;T;I;T;A,A;Y;R;E;L,"124,189,168,270,272",0.0032886266708374023,0.00033393295598216355,False
S;T;I;T;R,A;Y;R;E;N,"124,189,168,270,90",0.004372954368591309,0.0005651102401316166,False
S;T;I;T;R,A;Y;R;E;T,"124,189,168,270,90",0.004528045654296875,0.0006036564591340721,False
S;T;I;T;G,A;Y;R;E;T,"124,189,168,270,254",0.0032886266708374023,0.0003344236465636641,False
S;T;I;T;R,A;Y;R;E;P,"124,189,168,270,90",0.012217998504638672,0.0009748242446221411,False
S;T;I;T;N,A;Y;R;E;Y,"124,189,168,270,37",0.0032886266708374023,0.00033393295598216355,False
S;T;I;T;Q,A;Y;R;E;I,"124,189,168,270,182",0.8225822448730469,0.020243912935256958,True
S;T;I;T;R,A;Y;R;E;A,"124,189,168,270,90",0.0059661865234375,0.0007088017882779241,False
S;T;I;T;K,A;Y;R;E;F,"124,189,168,270,253",0.0032886266708374023,0.000333991163643077,False
S;T;I;T;Y,A;Y;R;E;S,"124,189,168,270,63",0.0032886266708374023,0.0003289316955488175,False
S;T;I;T;Q,A;Y;R;E;M,"124,189,168,270,127",0.007086575031280518,0.0006047722999937832,False
S;T;I;T;Q,A;Y;R;E;L,"124,189,168,270,182",0.6602998971939087,0.016321305185556412,False
S;T;I;T;K,A;Y;R;E;A,"124,189,168,270,253",0.0032886266708374023,0.00033407571027055383,False
S;T;I;T;K,A;Y;R;E;V,"124,189,168,270,253",0.0032886266708374023,0.00033410481410101056,False
S;T;I;T;Q,A;Y;R;E;F,"124,189,168,270,182",0.4511667490005493,0.011611592955887318,False
S;T;I;T;R,A;Y;R;E;D,"124,189,168,270,90",0.014670133590698242,0.0010376378195360303,False
S;T;I;T;Q,A;Y;R;E;A,"124,189,168,270,127",0.0032886266708374023,0.0003014844551216811,False
S;T;I;T;Y,A;Y;R;E;T,"124,189,168,270,63",0.0032886266708374023,0.00032959290547296405,False
S;T;I;T;Q,A;Y;R;E;V,"124,189,168,270,182",0.7861027717590332,0.019211528822779655,True
S;T;I;T;K,A;Y;R;E;L,"124,189,168,270,253",0.0032886266708374023,0.00033405216527171433,False
S;T;I;T;C,A;Y;R;E;S,"124,189,168,270,289",0.0032886266708374023,0.00033393295598216355,False
S;T;I;T;Y,A;Y;R;E;G,"124,189,168,270,63",0.0032886266708374023,0.00032761762849986553,False
S;T;I;T;M,A;Y;R;E;V,"124,189,168,270,154",0.0032886266708374023,0.00033459969563409686,False
S;T;I;T;Q,A;Y;R;E;T,"124,189,168,270,127",0.0032886266708374023,0.000286045455140993,False
S;T;I;T;A,A;Y;R;E;D,"124,189,168,270,226",0.0032886266708374023,0.0003341131377965212,False
S;T;I;T;C,A;Y;R;E;A,"124,189,168,270,289",0.0032886266708374023,0.00033393295598216355,False
S;T;I;T;R,A;Y;R;E;Q,"124,189,168,270,224",0.0032886266708374023,0.00033393295598216355,False
S;T;I;T;N,A;Y;R;E;K,"124,189,168,270,233",0.0032886266708374023,0.0003689250152092427,False
S;T;I;T;S,A;Y;R;E;E,"124,189,168,270,136",0.0032886266708374023,0.00033393295598216355,False
S;T;I;T;D,A;Y;R;E;N,"124,189,168,270,186",0.12830984592437744,0.0032832801807671785,False
S;T;I;T;R,A;Y;R;E;A,"124,189,168,270,280",0.0032886266708374023,0.0003469988296274096,False
S;T;I;T;S,A;Y;R;E;F,"124,189,168,270,238",0.4964901804924011,0.012465763837099075,False
S;T;I;T;S,A;Y;R;E;Q,"124,189,168,270,188",0.003540515899658203,0.0003587367828004062,False
S;T;I;T;S,A;Y;R;E;H,"124,189,168,270,214",0.22098034620285034,0.0055735111236572266,False
S;T;I;T;L,A;Y;R;E;F,"124,189,168,270,117",0.0032886266708374023,0.0003448170318733901,False
S;T;I;T;Q,A;Y;R;E;Y,"124,189,168,270,119",0.004186511039733887,0.0004446950042620301,False
S;T;I;T;G,A;Y;R;E;A,"124,189,168,270,165",0.24582111835479736,0.00639374041929841,False
S;T;I;T;S,A;Y;R;E;E,"124,189,168,270,121",0.005834400653839111,0.00045411669998429716,False
S;T;I;T;N,A;Y;R;E;H,"124,189,168,270,205",0.19229942560195923,0.004857341758906841,False
S;T;I;T;S,A;Y;R;E;Y,"124,189,168,270,269",0.0032886266708374023,0.00033393295598216355,False
S;T;I;T;S,A;Y;R;E;T,"124,189,168,270,214",0.059224843978881836,0.001706128939986229,False
S;T;I;T;I,A;Y;R;E;R,"124,189,168,270,218",0.012329936027526855,0.0005468878662213683,False
S;T;I;T;P,A;Y;R;E;K,"124,189,168,270,120",0.3991538882255554,0.009632382541894913,False
S;T;I;T;M,A;Y;R;E;H,"124,189,168,270,161",0.2519862651824951,0.006408450193703175,False
S;T;I;T;N,A;Y;R;E;K,"124,189,168,270,114",0.0032886266708374023,0.00033355175401084125,False
S;T;I;T;P,A;Y;R;E;V,"124,189,168,270,184",0.5709487199783325,0.01603522337973118,False
S;T;I;T;W,A;Y;R;E;P,"124,189,168,270,185",0.37370795011520386,0.009655395522713661,False
S;T;I;T;S,A;Y;R;E;H,"124,189,168,270,187",0.0036824941635131836,0.0004056096076965332,False
S;T;I;T;S,A;Y;R;E;P,"124,189,168,270,188",0.0034074783325195312,0.00034018588485196233,False
S;T;I;T;F,A;Y;R;E;M,"124,189,168,270,191",0.0033500194549560547,0.00033545633777976036,False
S;D;T;K;S,E;H;P;L;N,"121,186,116,252,124",0.21113252639770508,0.005187971517443657,False
S;D;T;K;G,E;H;P;L;Q,"121,186,116,252,243",0.2114230990409851,0.005199812352657318,False
S;D;T;K;G,E;H;P;L;L,"121,186,116,252,243",0.2114230990409851,0.005217275116592646,False
S;D;T;K;T,E;H;P;L;E,"121,186,116,252,270",0.2114230990409851,0.005148257128894329,False
S;D;T;K;R,E;H;P;L;V,"121,186,116,252,34",0.2114230990409851,0.005148257128894329,False
S;D;T;K;G,E;H;P;L;K,"121,186,116,252,243",0.2114230990409851,0.005159168969839811,False
S;D;T;K;D,E;H;P;L;Q,"121,186,116,252,220",0.2114230990409851,0.005145330913364887,False
S;D;T;K;S,E;H;P;L;K,"121,186,116,252,124",0.21114331483840942,0.005224420689046383,False
S;D;T;K;F,E;H;P;L;E,"121,186,116,252,271",0.2114230990409851,0.005148257128894329,False
S;D;T;K;G,E;H;P;L;Q,"121,186,116,252,164",0.2213585376739502,0.010429533198475838,False
S;D;T;K;A,E;H;P;L;D,"121,186,116,252,130",0.2114230990409851,0.005149045493453741,False
S;D;T;K;W,E;H;P;L;C,"121,186,116,252,257",0.2114230990409851,0.005148571450263262,False
S;D;T;K;Q,E;H;P;L;N,"121,186,116,252,127",0.21139925718307495,0.005178670398890972,False
S;D;T;K;Q,E;H;P;L;R,"121,186,116,252,127",0.21131068468093872,0.005183475092053413,False
S;D;T;K;S,E;H;P;L;M,"121,186,116,252,238",0.3914560079574585,0.014593149535357952,False
S;D;T;K;F,E;H;P;L;M,"121,186,116,252,271",0.2114230990409851,0.005148257128894329,False
S;D;T;K;S,E;H;P;L;A,"121,186,116,252,124",0.21172010898590088,0.005167312454432249,False
S;D;T;K;G,E;H;P;L;I,"121,186,116,252,243",0.2114230990409851,0.005226272623986006,False
S;D;T;K;Q,E;H;P;L;I,"121,186,116,252,127",0.2120392918586731,0.005528796464204788,False
S;D;T;K;A,E;H;P;L;V,"121,186,116,252,65",0.2114230990409851,0.005148379132151604,False
S;D;T;K;Q,E;H;P;L;E,"121,186,116,252,133",0.2114230990409851,0.005148257128894329,False
S;D;T;K;S,E;H;P;L;T,"121,186,116,252,124",0.2114085555076599,0.005170101299881935,False
S;D;T;K;Q,E;H;P;L;K,"121,186,116,252,127",0.2113664150238037,0.005178685765713453,False
S;D;T;K;Q,E;H;P;L;W,"121,186,116,252,133",0.2114230990409851,0.005148257128894329,False
S;D;T;K;D,E;H;P;L;L,"121,186,116,252,220",0.2114230990409851,0.005147103685885668,False
S;D;T;K;T,E;H;P;L;D,"121,186,116,252,88",0.2114230990409851,0.005450158845633268,False
S;D;T;K;R,E;H;P;L;N,"121,186,116,252,132",0.2114230990409851,0.005148257128894329,False
S;D;T;K;Q,E;H;P;L;D,"121,186,116,252,127",0.21142351627349854,0.005153743550181389,False
S;D;T;K;A,E;H;P;L;Y,"121,186,116,252,215",0.5181929469108582,0.01790403015911579,False
S;D;T;K;L,E;H;P;L;K,"121,186,116,252,249",0.2114230990409851,0.005148208234459162,False
S;D;T;K;R,E;H;P;L;Y,"121,186,116,252,123",0.21114730834960938,0.00531567120924592,False
S;D;T;K;F,E;H;P;L;W,"121,186,116,252,271",0.2114230990409851,0.005148257128894329,False
S;D;T;K;S,E;H;P;L;D,"121,186,116,252,58",0.2114230990409851,0.005148257128894329,False
S;D;T;K;N,E;H;P;L;I,"121,186,116,252,37",0.2114230990409851,0.005148257128894329,False
S;D;T;K;C,E;H;P;L;D,"121,186,116,252,289",0.2114230990409851,0.005148257128894329,False
S;D;T;K;A,E;H;P;L;P,"121,186,116,252,152",0.2114230990409851,0.005148257128894329,False
S;D;T;K;G,E;H;P;L;P,"121,186,116,252,243",0.2114230990409851,0.005160889122635126,False
S;D;T;K;S,E;H;P;L;E,"121,186,116,252,115",0.2114230990409851,0.005132297985255718,False
S;D;T;K;L,E;H;P;L;Q,"121,186,116,252,216",0.21096736192703247,0.0055526746436953545,False
S;D;T;K;N,E;H;P;L;P,"121,186,116,252,277",0.2114230990409851,0.005148261319845915,False
S;D;T;K;R,E;H;P;L;Q,"121,186,116,252,132",0.2114230990409851,0.005148257128894329,False
S;D;T;K;N,E;H;P;L;Y,"121,186,116,252,244",0.2114230990409851,0.005393783561885357,False
S;D;T;K;H,E;H;P;L;T,"121,186,116,252,104",0.2114230990409851,0.005148257128894329,False
S;D;T;K;S,E;H;P;L;V,"121,186,116,252,58",0.2114230990409851,0.005148257128894329,False
S;D;T;K;H,E;H;P;L;L,"121,186,116,252,104",0.2114230990409851,0.005148257128894329,False
S;D;T;K;P,E;H;P;L;Q,"121,186,116,252,38",0.2114230990409851,0.005148257128894329,False
S;D;T;K;R,E;H;P;L;L,"121,186,116,252,53",0.2114230990409851,0.005148257128894329,False
S;D;T;K;A,E;H;P;L;T,"121,186,116,252,180",0.2114230990409851,0.0052176048047840595,False
S;D;T;K;P,E;H;P;L;D,"121,186,116,252,197",0.2114230990409851,0.00514836935326457,False
S;D;T;K;T,E;H;P;L;V,"121,186,116,252,198",0.2114230990409851,0.005169161595404148,False
S;D;T;K;A,E;H;P;L;M,"121,186,116,252,135",0.2114230990409851,0.005148257128894329,False
S;D;T;K;I,E;H;P;L;L,"121,186,116,252,111",0.2114230990409851,0.005148607771843672,False
S;D;T;K;G,E;H;P;L;S,"121,186,116,252,243",0.2114230990409851,0.005154285114258528,False
S;D;T;K;Q,E;H;P;L;L,"121,186,116,252,127",0.21198636293411255,0.00546277966350317,False
S;D;T;K;Q,E;H;P;L;H,"121,186,116,252,127",0.21144551038742065,0.005154648330062628,False
S;D;T;K;W,E;H;P;L;I,"121,186,116,252,159",0.2871308922767639,0.012313947081565857,False
S;D;T;K;Q,E;H;P;L;P,"121,186,116,252,127",0.21156853437423706,0.005197297781705856,False
S;D;T;K;S,E;H;P;L;N,"121,186,116,252,103",0.2114230990409851,0.005148257128894329,False
S;D;T;K;A,E;H;P;L;Y,"121,186,116,252,179",0.2114230990409851,0.005351051222532988,False
S;D;T;K;W,E;H;P;L;K,"121,186,116,252,257",0.2114230990409851,0.005148523021489382,False
S;D;T;K;L,E;H;P;L;M,"121,186,116,252,216",0.21123051643371582,0.0052301618270576,False
S;D;T;K;Q,E;H;P;L;E,"121,186,116,252,127",0.2114471197128296,0.0052130138501524925,False
S;D;T;K;G,E;H;P;L;A,"121,186,116,252,243",0.2114230990409851,0.00516099575906992,False
S;D;T;K;A,E;H;P;L;N,"121,186,116,252,226",0.2114230990409851,0.005148252937942743,False
S;D;T;K;L,E;H;P;L;I,"121,186,116,252,216",0.21147745847702026,0.005152307450771332,False
S;D;T;K;C,E;H;P;L;L,"121,186,116,252,289",0.2114230990409851,0.005148257128894329,False
S;D;T;K;S,E;H;P;L;E,"121,186,116,252,207",0.631908118724823,0.020577814429998398,False
S;D;T;K;M,E;H;P;L;L,"121,186,116,252,154",0.2114230990409851,0.0051482804119586945,False
S;D;T;K;M,E;H;P;L;P,"121,186,116,252,222",0.2114230990409851,0.005147323943674564,False
S;D;T;K;G,E;H;P;L;T,"121,186,116,252,251",0.2114230990409851,0.005148708820343018,False
S;D;T;K;P,E;H;P;L;L,"121,186,116,252,38",0.2114230990409851,0.005148257128894329,False
S;D;T;K;L,E;H;P;L;W,"121,186,116,252,216",0.21092593669891357,0.005521200597286224,False
S;D;T;K;T,E;H;P;L;L,"121,186,116,252,72",0.2114230990409851,0.005148257128894329,False
S;D;T;K;S,E;H;P;L;P,"121,186,116,252,245",0.2114230990409851,0.0051530878990888596,False
S;D;T;K;I,E;H;P;L;W,"121,186,116,252,111",0.2114230990409851,0.00535246916115284,False
S;D;T;K;L,E;H;P;L;D,"121,186,116,252,249",0.2114230990409851,0.0051494380459189415,False
S;D;T;K;E,E;H;P;L;K,"121,186,116,252,231",0.2114230990409851,0.005199627950787544,False
S;D;T;K;D,E;H;P;L;K,"121,186,116,252,263",0.2114230990409851,0.005148257128894329,False
S;D;T;K;T,E;H;P;L;M,"121,186,116,252,51",0.2114230990409851,0.005148257128894329,False
S;D;T;K;L,E;H;P;L;E,"121,186,116,252,216",0.21085917949676514,0.005983724258840084,False
S;D;T;K;I,E;H;P;L;H,"121,186,116,252,145",0.2114230990409851,0.005148257128894329,False
S;D;T;K;I,E;H;P;L;L,"121,186,116,252,145",0.2114230990409851,0.005148257128894329,False
S;D;T;K;H,E;H;P;L;M,"121,186,116,252,104",0.2114230990409851,0.005148257128894329,False
S;D;T;K;R,E;H;P;L;P,"121,186,116,252,280",0.2114230990409851,0.00518433703109622,False
S;D;T;K;L,E;H;P;L;F,"121,186,116,252,216",0.21125292778015137,0.0052105034701526165,False
S;D;T;K;S,E;H;P;L;D,"121,186,116,252,103",0.2114230990409851,0.005148257128894329,False
S;D;T;K;I,E;H;P;L;V,"121,186,116,252,200",0.2114366888999939,0.0051629915833473206,False
S;D;T;K;T,E;H;P;L;K,"121,186,116,252,88",0.2114230990409851,0.005190365482121706,False
S;D;T;K;N,E;H;P;L;K,"121,186,116,252,138",0.2114230990409851,0.005148257128894329,False
S;D;T;K;A,E;H;P;L;L,"121,186,116,252,65",0.2114230990409851,0.005148588214069605,False
S;D;T;K;Q,E;H;P;L;T,"121,186,116,252,91",0.2114230990409851,0.005217636935412884,False
S;D;T;K;G,E;H;P;L;D,"121,186,116,252,163",0.405320942401886,0.01566825434565544,False
S;D;T;K;A,E;H;P;L;M,"121,186,116,252,65",0.2114230990409851,0.0051490929909050465,False
S;D;T;K;V,E;H;P;L;D,"121,186,116,252,57",0.2114230990409851,0.005148257128894329,False
S;D;T;K;Q,E;H;P;L;V,"121,186,116,252,127",0.21200025081634521,0.005443751811981201,False
S;D;T;K;V,E;H;P;L;C,"121,186,116,252,281",0.2114230990409851,0.0051622530445456505,False
S;D;T;K;T,E;H;P;L;V,"121,186,116,252,72",0.2114230990409851,0.005148257128894329,False
S;D;T;K;Q,E;H;P;L;N,"121,186,116,252,133",0.2114230990409851,0.005148257128894329,False
S;D;T;K;R,E;H;P;L;K,"121,186,116,252,53",0.2114230990409851,0.005148257128894329,False
S;D;T;K;S,E;H;P;L;P,"121,186,116,252,125",0.21141737699508667,0.005161565262824297,False
S;D;T;K;T,E;H;P;L;Q,"121,186,116,252,88",0.2114230990409851,0.005157284904271364,False
S;D;T;K;N,E;H;P;L;L,"121,186,116,252,138",0.2114230990409851,0.005148257128894329,False
S;D;T;K;H,E;H;P;L;R,"121,186,116,252,104",0.2114230990409851,0.005148257128894329,False
S;D;T;K;W,E;H;P;L;P,"121,186,116,252,159",0.3325510621070862,0.013850159011781216,False
S;D;T;K;S,E;H;P;L;Y,"121,186,116,252,242",0.2114230990409851,0.005235721822828054,False
S;D;T;K;A,E;H;P;L;F,"121,186,116,252,65",0.2114230990409851,0.005149458535015583,False
S;D;T;K;G,E;H;P;L;H,"121,186,116,252,251",0.2114230990409851,0.005149837117642164,False
S;D;T;K;L,E;H;P;L;P,"121,186,116,252,216",0.21107637882232666,0.005484994035214186,False
S;D;T;K;S,E;H;P;L;W,"121,186,116,252,58",0.2114230990409851,0.005148257128894329,False
S;D;T;K;A,E;H;P;L;E,"121,186,116,252,152",0.2114230990409851,0.005148257128894329,False
S;D;T;K;T,E;H;P;L;N,"121,186,116,252,88",0.2114230990409851,0.005190516822040081,False
S;D;T;K;T,E;H;P;L;N,"121,186,116,252,198",0.2114230990409851,0.005152449943125248,False
S;D;T;K;S,E;H;P;L;K,"121,186,116,252,58",0.2114230990409851,0.005148257128894329,False
S;D;T;K;L,E;H;P;L;C,"121,186,116,252,249",0.2114230990409851,0.005148251540958881,False
S;D;T;K;N,E;H;P;L;T,"121,186,116,252,190",0.21166503429412842,0.005152377765625715,False
S;D;T;K;S,E;H;P;L;V,"121,186,116,252,223",0.2114230990409851,0.005148257128894329,False
S;D;T;K;A,E;H;P;L;W,"121,186,116,252,65",0.2114230990409851,0.005151410587131977,False
S;D;T;K;K,E;H;P;L;Y,"121,186,116,252,253",0.2114230990409851,0.005148344207555056,False
S;D;T;K;R,E;H;P;L;S,"121,186,116,252,90",0.2114230990409851,0.005793302785605192,False
S;D;T;K;T,E;H;P;L;M,"121,186,116,252,29",0.2114230990409851,0.005148257128894329,False
S;D;T;K;M,E;H;P;L;L,"121,186,116,252,262",0.2114230990409851,0.005148257128894329,False
S;D;T;K;A,E;H;P;L;L,"121,186,116,252,272",0.2114230990409851,0.005148257128894329,False
S;D;T;K;R,E;H;P;L;N,"121,186,116,252,90",0.2114230990409851,0.005494737531989813,False
S;D;T;K;R,E;H;P;L;T,"121,186,116,252,90",0.2114230990409851,0.005530547350645065,False
S;D;T;K;G,E;H;P;L;T,"121,186,116,252,254",0.2114230990409851,0.005148238968104124,False
S;D;T;K;R,E;H;P;L;P,"121,186,116,252,90",0.2114230990409851,0.006012457888573408,False
S;D;T;K;N,E;H;P;L;Y,"121,186,116,252,37",0.2114230990409851,0.005148257128894329,False
S;D;T;K;Q,E;H;P;L;I,"121,186,116,252,182",0.8232222199440002,0.02508414536714554,True
S;D;T;K;R,E;H;P;L;A,"121,186,116,252,90",0.2114230990409851,0.005660693161189556,False
S;D;T;K;K,E;H;P;L;F,"121,186,116,252,253",0.2114230990409851,0.005148433148860931,False
S;D;T;K;Y,E;H;P;L;S,"121,186,116,252,63",0.2114230990409851,0.005150400102138519,False
S;D;T;K;Q,E;H;P;L;M,"121,186,116,252,127",0.21187007427215576,0.0053799692541360855,False
S;D;T;K;Q,E;H;P;L;L,"121,186,116,252,182",0.6610025763511658,0.021162213757634163,True
S;D;T;K;K,E;H;P;L;A,"121,186,116,252,253",0.2114230990409851,0.005148539785295725,False
S;D;T;K;K,E;H;P;L;V,"121,186,116,252,253",0.2114230990409851,0.005148607771843672,False
S;D;T;K;Q,E;H;P;L;F,"121,186,116,252,182",0.45163238048553467,0.01645112782716751,False
S;D;T;K;R,E;H;P;L;D,"121,186,116,252,90",0.2114230990409851,0.005980171263217926,False
S;D;T;K;Q,E;H;P;L;A,"121,186,116,252,127",0.21178221702575684,0.005205929279327393,False
S;D;T;K;Y,E;H;P;L;T,"121,186,116,252,63",0.2114230990409851,0.00514978589490056,False
S;D;T;K;Q,E;H;P;L;V,"121,186,116,252,182",0.7867966294288635,0.024052036926150322,True
S;D;T;K;K,E;H;P;L;L,"121,186,116,252,253",0.2114230990409851,0.005148541182279587,False
S;D;T;K;C,E;H;P;L;S,"121,186,116,252,289",0.2114230990409851,0.005148257128894329,False
S;D;T;K;Y,E;H;P;L;G,"121,186,116,252,63",0.2114230990409851,0.005152010824531317,False
S;D;T;K;M,E;H;P;L;V,"121,186,116,252,154",0.2114230990409851,0.005148292984813452,False
S;D;T;K;Q,E;H;P;L;T,"121,186,116,252,127",0.2116052508354187,0.0051751635037362576,False
S;D;T;K;A,E;H;P;L;D,"121,186,116,252,226",0.2114230990409851,0.005148311145603657,False
S;D;T;K;C,E;H;P;L;A,"121,186,116,252,289",0.2114230990409851,0.005148257128894329,False
S;D;T;K;R,E;H;P;L;Q,"121,186,116,252,224",0.2114230990409851,0.005148257128894329,False
S;D;T;K;N,E;H;P;L;K,"121,186,116,252,233",0.2114230990409851,0.005183580331504345,False
S;D;T;K;S,E;H;P;L;E,"121,186,116,252,136",0.2114230990409851,0.005148257128894329,False
S;D;T;K;R,E;H;P;L;A,"121,186,116,252,280",0.2114230990409851,0.005161304958164692,False
S;D;T;K;S,E;H;P;L;F,"121,186,116,252,238",0.4964901804924011,0.017266662791371346,False
S;D;T;K;S,E;H;P;L;Q,"121,186,116,252,188",0.21141564846038818,0.005155954044312239,False
S;D;T;K;S,E;H;P;L;H,"121,186,116,252,214",0.23447948694229126,0.01058611087501049,False
S;D;T;K;L,E;H;P;L;F,"121,186,116,252,117",0.2114230990409851,0.005143818445503712,False
S;D;T;K;Q,E;H;P;L;Y,"121,186,116,252,119",0.21120840311050415,0.005233418196439743,False
S;D;T;K;G,E;H;P;L;A,"121,186,116,252,165",0.23108232021331787,0.010683179832994938,False
S;D;T;K;I,E;H;P;L;R,"121,186,116,252,168",0.21057343482971191,0.005391207057982683,False
S;D;T;K;N,E;H;P;L;H,"121,186,116,252,205",0.2114230990409851,0.009671240113675594,False
S;D;T;K;S,E;H;P;L;Y,"121,186,116,252,269",0.2114230990409851,0.005148257128894329,False
S;D;T;K;S,E;H;P;L;T,"121,186,116,252,214",0.20901858806610107,0.006529500242322683,False
S;D;T;K;I,E;H;P;L;R,"121,186,116,252,218",0.21078729629516602,0.005436148960143328,False
S;D;T;K;P,E;H;P;L;K,"121,186,116,252,120",0.4197307825088501,0.014833196997642517,False
S;D;T;K;M,E;H;P;L;H,"121,186,116,252,161",0.25638139247894287,0.011268587782979012,False
S;D;T;K;I,E;H;P;L;H,"121,186,116,252,168",0.210601806640625,0.005441803019493818,False
S;D;T;K;N,E;H;P;L;K,"121,186,116,252,114",0.2114230990409851,0.00514996750280261,False
S;D;T;K;P,E;H;P;L;V,"121,186,116,252,184",0.577012300491333,0.020540911704301834,False
S;D;T;K;W,E;H;P;L;P,"121,186,116,252,185",0.3724215030670166,0.014685537666082382,False
S;D;T;K;S,E;H;P;L;H,"121,186,116,252,187",0.20869916677474976,0.0051041217520833015,False
S;D;T;K;S,E;H;P;L;P,"121,186,116,252,188",0.21058928966522217,0.005130196921527386,False
S;D;T;K;T,E;H;P;L;Y,"121,186,116,252,189",0.20411187410354614,0.005160263739526272,False
S;D;T;K;F,E;H;P;L;M,"121,186,116,252,191",0.21142375469207764,0.0051476857624948025,False
S;T;I;N;G,A;Y;R;K;Q,"124,189,168,114,243",0.0032886266708374023,0.00038540223613381386,False
S;T;I;N;G,A;Y;R;K;L,"124,189,168,114,243",0.0032886266708374023,0.000402690377086401,False
S;T;I;N;R,A;Y;R;K;V,"124,189,168,114,34",0.0032886266708374023,0.00033355175401084125,False
S;T;I;N;G,A;Y;R;K;K,"124,189,168,114,243",0.0032886266708374023,0.00034463961492292583,False
S;T;I;N;D,A;Y;R;K;Q,"124,189,168,114,220",0.0030144453048706055,0.00032408293918706477,False
S;T;I;N;F,A;Y;R;K;E,"124,189,168,114,271",0.0032886266708374023,0.00033355175401084125,False
S;T;I;N;G,A;Y;R;K;Q,"124,189,168,114,164",0.20051103830337524,0.005487712100148201,False
S;T;I;N;A,A;Y;R;K;D,"124,189,168,114,130",0.0033959150314331055,0.0003443096939008683,False
S;T;I;N;W,A;Y;R;K;C,"124,189,168,114,257",0.0032886266708374023,0.0003317968803457916,False
S;T;I;N;Q,A;Y;R;K;N,"124,189,168,114,127",0.0032886266708374023,0.0003170495911035687,False
S;T;I;N;Q,A;Y;R;K;R,"124,189,168,114,127",0.007534444332122803,0.00045753634185530245,False
S;T;I;N;S,A;Y;R;K;M,"124,189,168,114,238",0.3914560079574585,0.009788453578948975,False
S;T;I;N;F,A;Y;R;K;M,"124,189,168,114,271",0.0032886266708374023,0.00033355175401084125,False
S;T;I;N;G,A;Y;R;K;I,"124,189,168,114,243",0.0033347606658935547,0.0004116698692087084,False
S;T;I;N;Q,A;Y;R;K;I,"124,189,168,114,127",0.008099079132080078,0.0007286210311576724,False
S;T;I;N;A,A;Y;R;K;V,"124,189,168,114,65",0.0032886266708374023,0.00033346720738336444,False
S;T;I;N;Q,A;Y;R;K;E,"124,189,168,114,133",0.0032886266708374023,0.00033355175401084125,False
S;T;I;N;Q,A;Y;R;K;K,"124,189,168,114,127",0.004084944725036621,0.00037308488390408456,False
S;T;I;N;Q,A;Y;R;K;W,"124,189,168,114,133",0.0032886266708374023,0.00033355175401084125,False
S;T;I;N;T,A;Y;R;K;D,"124,189,168,114,88",0.0032886266708374023,0.0005260539473965764,False
S;T;I;N;R,A;Y;R;K;N,"124,189,168,114,132",0.0032886266708374023,0.00033355175401084125,False
S;T;I;N;Q,A;Y;R;K;D,"124,189,168,114,127",0.0032886266708374023,0.0003248869033996016,False
S;T;I;N;A,A;Y;R;K;Y,"124,189,168,114,215",0.5194771885871887,0.013126270845532417,False
S;T;I;N;L,A;Y;R;K;K,"124,189,168,114,249",0.0032886266708374023,0.0003336529480293393,False
S;T;I;N;R,A;Y;R;K;Y,"124,189,168,114,123",0.004457354545593262,0.0005670771934092045,False
S;T;I;N;F,A;Y;R;K;W,"124,189,168,114,271",0.0032886266708374023,0.00033355175401084125,False
S;T;I;N;S,A;Y;R;K;D,"124,189,168,114,58",0.0032886266708374023,0.00033355175401084125,False
S;T;I;N;N,A;Y;R;K;I,"124,189,168,114,37",0.0032886266708374023,0.00033355175401084125,False
S;T;I;N;C,A;Y;R;K;D,"124,189,168,114,289",0.0032886266708374023,0.00033355175401084125,False
S;T;I;N;A,A;Y;R;K;P,"124,189,168,114,152",0.0032886266708374023,0.00033355175401084125,False
S;T;I;N;D,A;Y;R;K;V,"124,189,168,114,186",0.7068222761154175,0.01710318773984909,True
S;T;I;N;G,A;Y;R;K;P,"124,189,168,114,243",0.0032886266708374023,0.0003463653556536883,False
S;T;I;N;S,A;Y;R;K;E,"124,189,168,114,115",0.0032886266708374023,0.00033764090039767325,False
S;T;I;N;L,A;Y;R;K;Q,"124,189,168,114,216",0.014458417892456055,0.0007421124610118568,False
S;T;I;N;N,A;Y;R;K;P,"124,189,168,114,277",0.0032886266708374023,0.00033355591585859656,False
S;T;I;N;R,A;Y;R;K;Q,"124,189,168,114,132",0.0032886266708374023,0.00033355175401084125,False
S;T;I;N;N,A;Y;R;K;Y,"124,189,168,114,244",0.0035403966903686523,0.0005813074531033635,False
S;T;I;N;H,A;Y;R;K;T,"124,189,168,114,104",0.0032886266708374023,0.00033355175401084125,False
S;T;I;N;S,A;Y;R;K;V,"124,189,168,114,58",0.0032886266708374023,0.00033355175401084125,False
S;T;I;N;H,A;Y;R;K;L,"124,189,168,114,104",0.0032886266708374023,0.00033355175401084125,False
S;T;I;N;P,A;Y;R;K;Q,"124,189,168,114,38",0.0032886266708374023,0.00033355175401084125,False
S;T;I;N;R,A;Y;R;K;L,"124,189,168,114,53",0.0032886266708374023,0.00033355175401084125,False
S;T;I;N;A,A;Y;R;K;T,"124,189,168,114,180",0.004709720611572266,0.0004236892273183912,False
S;T;I;N;P,A;Y;R;K;D,"124,189,168,114,197",0.0032886266708374023,0.00033504326711408794,False
S;T;I;N;T,A;Y;R;K;V,"124,189,168,114,198",0.0032886266708374023,0.0003508176887407899,False
S;T;I;N;A,A;Y;R;K;M,"124,189,168,114,135",0.0032886266708374023,0.00033355175401084125,False
S;T;I;N;I,A;Y;R;K;L,"124,189,168,114,111",0.0032886266708374023,0.00033595951390452683,False
S;T;I;N;G,A;Y;R;K;S,"124,189,168,114,243",0.0032886266708374023,0.00033968131174333394,False
S;T;I;N;Q,A;Y;R;K;L,"124,189,168,114,127",0.0068506598472595215,0.0006633165176026523,False
S;T;I;N;Q,A;Y;R;K;H,"124,189,168,114,127",0.004299521446228027,0.0003666752891149372,False
S;T;I;N;W,A;Y;R;K;I,"124,189,168,114,159",0.28727126121520996,0.007532208692282438,False
S;T;I;N;Q,A;Y;R;K;P,"124,189,168,114,127",0.0032886266708374023,0.0002942584396805614,False
S;T;I;N;S,A;Y;R;K;N,"124,189,168,114,103",0.0032886266708374023,0.00033355175401084125,False
S;T;I;N;A,A;Y;R;K;Y,"124,189,168,114,179",0.013179659843444824,0.0006522965850308537,False
S;T;I;N;W,A;Y;R;K;K,"124,189,168,114,257",0.0032886266708374023,0.0003327810554765165,False
S;T;I;N;L,A;Y;R;K;M,"124,189,168,114,216",0.0067708492279052734,0.0004345830238889903,False
S;T;I;N;Q,A;Y;R;K;E,"124,189,168,114,127",0.0053560733795166016,0.000436713540693745,False
S;T;I;N;G,A;Y;R;K;A,"124,189,168,114,243",0.0032886266708374023,0.00034629329456947744,False
S;T;I;N;A,A;Y;R;K;N,"124,189,168,114,226",0.0032886266708374023,0.000333648786181584,False
S;T;I;N;L,A;Y;R;K;I,"124,189,168,114,216",0.0030615925788879395,0.0003497628204058856,False
S;T;I;N;C,A;Y;R;K;L,"124,189,168,114,289",0.0032886266708374023,0.00033355175401084125,False
S;T;I;N;S,A;Y;R;K;E,"124,189,168,114,207",0.631908118724823,0.015754198655486107,False
S;T;I;N;M,A;Y;R;K;L,"124,189,168,114,154",0.0032886266708374023,0.00033413394703529775,False
S;T;I;N;M,A;Y;R;K;P,"124,189,168,114,222",0.0031958818435668945,0.0003302388358861208,False
S;T;I;N;G,A;Y;R;K;T,"124,189,168,114,251",0.0032886266708374023,0.0003342379059176892,False
S;T;I;N;P,A;Y;R;K;L,"124,189,168,114,38",0.0032886266708374023,0.00033355175401084125,False
S;T;I;N;L,A;Y;R;K;W,"124,189,168,114,216",0.015191197395324707,0.0007948806160129607,False
S;T;I;N;T,A;Y;R;K;L,"124,189,168,114,72",0.0032886266708374023,0.00033355175401084125,False
S;T;I;N;S,A;Y;R;K;P,"124,189,168,114,245",0.0032886266708374023,0.00033847676240839064,False
S;T;I;N;I,A;Y;R;K;W,"124,189,168,114,111",0.007731497287750244,0.0005717693129554391,False
S;T;I;N;L,A;Y;R;K;D,"124,189,168,114,249",0.0032886266708374023,0.00033514859387651086,False
S;T;I;N;E,A;Y;R;K;K,"124,189,168,114,231",0.0032886266708374023,0.0003830915375147015,False
S;T;I;N;D,A;Y;R;K;K,"124,189,168,114,263",0.0032886266708374023,0.00033355175401084125,False
S;T;I;N;T,A;Y;R;K;M,"124,189,168,114,51",0.0032886266708374023,0.00033355175401084125,False
S;T;I;N;L,A;Y;R;K;E,"124,189,168,114,216",0.02623569965362549,0.0012974891578778625,False
S;T;I;N;S,A;Y;R;K;T,"124,189,168,114,121",0.0032886266708374023,0.00034567227703519166,False
S;T;I;N;I,A;Y;R;K;H,"124,189,168,114,145",0.0032886266708374023,0.00033355175401084125,False
S;T;I;N;I,A;Y;R;K;L,"124,189,168,114,145",0.0032886266708374023,0.00033355175401084125,False
S;T;I;N;H,A;Y;R;K;M,"124,189,168,114,104",0.0032886266708374023,0.00033355175401084125,False
S;T;I;N;R,A;Y;R;K;P,"124,189,168,114,280",0.0032886266708374023,0.00036965968320146203,False
S;T;I;N;L,A;Y;R;K;F,"124,189,168,114,216",0.006924450397491455,0.00045055567170493305,False
S;T;I;N;S,A;Y;R;K;D,"124,189,168,114,103",0.0032886266708374023,0.00033355175401084125,False
S;T;I;N;I,A;Y;R;K;V,"124,189,168,114,200",0.0032997727394104004,0.0003178161277901381,False
S;T;I;N;T,A;Y;R;K;K,"124,189,168,114,88",0.0032886266708374023,0.0003834519302472472,False
S;T;I;N;N,A;Y;R;K;K,"124,189,168,114,138",0.0032886266708374023,0.00033355175401084125,False
S;T;I;N;A,A;Y;R;K;L,"124,189,168,114,65",0.0032886266708374023,0.00033350184094160795,False
S;T;I;N;Q,A;Y;R;K;T,"124,189,168,114,91",0.0032886266708374023,0.00037070762482471764,False
S;T;I;N;G,A;Y;R;K;D,"124,189,168,114,163",0.4073498249053955,0.01118201669305563,False
S;T;I;N;A,A;Y;R;K;M,"124,189,168,114,65",0.0032886266708374023,0.00033373196492902935,False
S;T;I;N;K,A;Y;R;K;L,"124,189,168,114,252",0.0032886266708374023,0.00033362244721502066,False
S;T;I;N;V,A;Y;R;K;D,"124,189,168,114,57",0.0032886266708374023,0.00033355175401084125,False
S;T;I;N;Q,A;Y;R;K;V,"124,189,168,114,127",0.006716251373291016,0.0006249449797905982,False
S;T;I;N;V,A;Y;R;K;C,"124,189,168,114,281",0.0032886266708374023,0.000347571331076324,False
S;T;I;N;T,A;Y;R;K;V,"124,189,168,114,72",0.0032886266708374023,0.00033355175401084125,False
S;T;I;N;Q,A;Y;R;K;N,"124,189,168,114,133",0.0032886266708374023,0.00033355175401084125,False
S;T;I;N;R,A;Y;R;K;K,"124,189,168,114,53",0.0032886266708374023,0.00033355175401084125,False
S;T;I;N;S,A;Y;R;K;P,"124,189,168,114,125",0.0032886266708374023,0.0003449736686889082,False
S;T;I;N;T,A;Y;R;K;Q,"124,189,168,114,88",0.0032886266708374023,0.0003595573944039643,False
S;T;I;N;N,A;Y;R;K;L,"124,189,168,114,138",0.0032886266708374023,0.00033355175401084125,False
S;T;I;N;H,A;Y;R;K;R,"124,189,168,114,104",0.0032886266708374023,0.00033355175401084125,False
S;T;I;N;W,A;Y;R;K;P,"124,189,168,114,159",0.3328515887260437,0.009057598188519478,False
S;T;I;N;S,A;Y;R;K;Y,"124,189,168,114,242",0.0032886266708374023,0.0004346925124991685,False
S;T;I;N;A,A;Y;R;K;F,"124,189,168,114,65",0.0032886266708374023,0.00033395789796486497,False
S;T;I;N;G,A;Y;R;K;H,"124,189,168,114,251",0.0032886266708374023,0.0003356199013069272,False
S;T;I;N;L,A;Y;R;K;P,"124,189,168,114,216",0.011833488941192627,0.0006550509133376181,False
S;T;I;N;S,A;Y;R;K;W,"124,189,168,114,58",0.0032886266708374023,0.00033355175401084125,False
S;T;I;N;A,A;Y;R;K;E,"124,189,168,114,152",0.0032886266708374023,0.00033355175401084125,False
S;T;I;N;T,A;Y;R;K;N,"124,189,168,114,88",0.0032886266708374023,0.0003518711600918323,False
S;T;I;N;T,A;Y;R;K;N,"124,189,168,114,198",0.0032886266708374023,0.000340833212248981,False
S;T;I;N;S,A;Y;R;K;K,"124,189,168,114,58",0.0032886266708374023,0.00033355175401084125,False
S;T;I;N;L,A;Y;R;K;C,"124,189,168,114,249",0.0032886266708374023,0.00033355591585859656,False
S;T;I;N;N,A;Y;R;K;T,"124,189,168,114,190",0.0031464099884033203,0.0003251613525208086,False
S;T;I;N;S,A;Y;R;K;V,"124,189,168,114,223",0.0032886266708374023,0.00033355175401084125,False
S;T;I;N;A,A;Y;R;K;W,"124,189,168,114,65",0.0032886266708374023,0.0003353440552018583,False
S;T;I;N;K,A;Y;R;K;Y,"124,189,168,114,253",0.0032886266708374023,0.00033363630063831806,False
S;T;I;N;R,A;Y;R;K;S,"124,189,168,114,90",0.008328139781951904,0.0008053363999351859,False
S;T;I;N;T,A;Y;R;K;M,"124,189,168,114,29",0.0032886266708374023,0.00033355175401084125,False
S;T;I;N;M,A;Y;R;K;L,"124,189,168,114,262",0.0032886266708374023,0.00033355175401084125,False
S;T;I;N;A,A;Y;R;K;L,"124,189,168,114,272",0.0032886266708374023,0.00033355175401084125,False
S;T;I;N;R,A;Y;R;K;N,"124,189,168,114,90",0.004372954368591309,0.0005693435668945312,False
S;T;I;N;R,A;Y;R;K;T,"124,189,168,114,90",0.004528045654296875,0.0006083679618313909,False
S;T;I;N;G,A;Y;R;K;T,"124,189,168,114,254",0.0032886266708374023,0.0003340424445923418,False
S;T;I;N;R,A;Y;R;K;P,"124,189,168,114,90",0.012217998504638672,0.0009823815198615193,False
S;T;I;N;N,A;Y;R;K;Y,"124,189,168,114,37",0.0032886266708374023,0.00033355175401084125,False
S;T;I;N;Q,A;Y;R;K;I,"124,189,168,114,182",0.8225822448730469,0.02024403214454651,True
S;T;I;N;R,A;Y;R;K;A,"124,189,168,114,90",0.006043195724487305,0.0007146485731936991,False
S;T;I;N;K,A;Y;R;K;F,"124,189,168,114,253",0.0032886266708374023,0.0003336099616717547,False
S;T;I;N;Y,A;Y;R;K;S,"124,189,168,114,63",0.0032886266708374023,0.00032910218578763306,False
S;T;I;N;Q,A;Y;R;K;M,"124,189,168,114,127",0.007086575031280518,0.0006015134276822209,False
S;T;I;N;Q,A;Y;R;K;L,"124,189,168,114,182",0.6602998971939087,0.01632138527929783,False
S;T;I;N;K,A;Y;R;K;A,"124,189,168,114,253",0.0032886266708374023,0.000333694537403062,False
S;T;I;N;K,A;Y;R;K;V,"124,189,168,114,253",0.0032886266708374023,0.0003337236412335187,False
S;T;I;N;Q,A;Y;R;K;F,"124,189,168,114,182",0.4511667490005493,0.011611543595790863,False
S;T;I;N;R,A;Y;R;K;D,"124,189,168,114,90",0.014670133590698242,0.0010431186528876424,False
S;T;I;N;Q,A;Y;R;K;A,"124,189,168,114,127",0.0032886266708374023,0.0002997836272697896,False
S;T;I;N;Y,A;Y;R;K;T,"124,189,168,114,63",0.0032886266708374023,0.00032966359867714345,False
S;T;I;N;Q,A;Y;R;K;V,"124,189,168,114,182",0.7861027717590332,0.019211651757359505,True
S;T;I;N;K,A;Y;R;K;L,"124,189,168,114,253",0.0032886266708374023,0.00033367096330039203,False
S;T;I;N;C,A;Y;R;K;S,"124,189,168,114,289",0.0032886266708374023,0.00033355175401084125,False
S;T;I;N;Y,A;Y;R;K;G,"124,189,168,114,63",0.0032886266708374023,0.00032802100758999586,False
S;T;I;N;M,A;Y;R;K;V,"124,189,168,114,154",0.0032886266708374023,0.00033421849366277456,False
S;T;I;N;Q,A;Y;R;K;T,"124,189,168,114,127",0.0032886266708374023,0.00028526090318337083,False
S;T;I;N;A,A;Y;R;K;D,"124,189,168,114,226",0.0032886266708374023,0.00033373196492902935,False
S;T;I;N;C,A;Y;R;K;A,"124,189,168,114,289",0.0032886266708374023,0.00033355175401084125,False
S;T;I;N;R,A;Y;R;K;Q,"124,189,168,114,224",0.0032886266708374023,0.00033355175401084125,False
S;T;I;N;N,A;Y;R;K;K,"124,189,168,114,233",0.0032886266708374023,0.00036854384234175086,False
S;T;I;N;S,A;Y;R;K;E,"124,189,168,114,136",0.0032886266708374023,0.00033355175401084125,False
S;T;I;N;D,A;Y;R;K;N,"124,189,168,114,186",0.12830984592437744,0.003283069469034672,False
S;T;I;N;R,A;Y;R;K;A,"124,189,168,114,280",0.0032886266708374023,0.00034661765675991774,False
S;T;I;N;S,A;Y;R;K;F,"124,189,168,114,238",0.4964901804924011,0.012465382926166058,False
S;T;I;N;S,A;Y;R;K;Q,"124,189,168,114,188",0.003540515899658203,0.00035832927096635103,False
S;T;I;N;S,A;Y;R;K;H,"124,189,168,114,214",0.22098034620285034,0.00557310925796628,False
S;T;I;N;L,A;Y;R;K;F,"124,189,168,114,117",0.0032886266708374023,0.0003439825668465346,False
S;T;I;N;Q,A;Y;R;K;Y,"124,189,168,114,119",0.004133701324462891,0.00044229833292774856,False
S;T;I;N;G,A;Y;R;K;A,"124,189,168,114,165",0.24582111835479736,0.006391751114279032,False
S;T;I;N;S,A;Y;R;K;E,"124,189,168,114,121",0.00587540864944458,0.0004550010780803859,False
S;T;I;N;N,A;Y;R;K;H,"124,189,168,114,205",0.19229942560195923,0.0048569608479738235,False
S;T;I;N;S,A;Y;R;K;Y,"124,189,168,114,269",0.0032886266708374023,0.00033355175401084125,False
S;T;I;N;S,A;Y;R;K;T,"124,189,168,114,214",0.059224843978881836,0.001705739414319396,False
S;T;I;N;I,A;Y;R;K;R,"124,189,168,114,218",0.012329936027526855,0.000546506664250046,False
S;T;I;N;P,A;Y;R;K;K,"124,189,168,114,120",0.3997076153755188,0.00964538287371397,False
S;T;I;N;M,A;Y;R;K;H,"124,189,168,114,161",0.2519862651824951,0.006406199187040329,False
S;T;I;N;P,A;Y;R;K;V,"124,189,168,114,184",0.5709487199783325,0.016035456210374832,False
S;T;I;N;W,A;Y;R;K;P,"124,189,168,114,185",0.37370795011520386,0.009655104018747807,False
S;T;I;N;S,A;Y;R;K;H,"124,189,168,114,187",0.0036824941635131836,0.0004052103904541582,False
S;T;I;N;S,A;Y;R;K;P,"124,189,168,114,188",0.0034074783325195312,0.00033979638828895986,False
S;T;I;N;F,A;Y;R;K;M,"124,189,168,114,191",0.0033500194549560547,0.00033507790067233145,False
S;T;N;D;S,M;V;K;L;N,"238,198,114,220,124",0.3914560079574585,0.00949259102344513,False
S;T;N;D;G,M;V;K;L;Q,"238,198,114,220,243",0.39025992155075073,0.00948973186314106,False
S;T;N;D;G,M;V;K;L;L,"238,198,114,220,243",0.3906298875808716,0.009642542339861393,False
S;T;N;D;T,M;V;K;L;E,"238,198,114,220,270",0.3914560079574585,0.009475383907556534,False
S;T;N;D;R,M;V;K;L;V,"238,198,114,220,34",0.3914560079574585,0.009475383907556534,False
S;T;N;D;G,M;V;K;L;K,"238,198,114,220,243",0.3908153772354126,0.009501718915998936,False
S;T;N;D;S,M;V;K;L;K,"238,198,114,220,124",0.3914560079574585,0.009550384245812893,False
S;T;N;D;F,M;V;K;L;E,"238,198,114,220,271",0.3914560079574585,0.009475383907556534,False
S;T;N;D;G,M;V;K;L;Q,"238,198,114,220,164",0.3914560079574585,0.014551698230206966,False
S;T;N;D;A,M;V;K;L;D,"238,198,114,220,130",0.3914560079574585,0.009476050734519958,False
S;T;N;D;W,M;V;K;L;C,"238,198,114,220,257",0.3914560079574585,0.009474641643464565,False
S;T;N;D;Q,M;V;K;L;N,"238,198,114,220,127",0.3914560079574585,0.009504294954240322,False
S;T;N;D;Q,M;V;K;L;R,"238,198,114,220,127",0.3914560079574585,0.009508985094726086,False
S;T;N;D;F,M;V;K;L;M,"238,198,114,220,271",0.3914560079574585,0.009475383907556534,False
S;T;N;D;S,M;V;K;L;A,"238,198,114,220,124",0.3914560079574585,0.009501823224127293,False
S;T;N;D;G,M;V;K;L;I,"238,198,114,220,243",0.39065927267074585,0.009657376445829868,False
S;T;N;D;Q,M;V;K;L;I,"238,198,114,220,127",0.3914560079574585,0.009870270267128944,False
S;T;N;D;A,M;V;K;L;V,"238,198,114,220,65",0.3914560079574585,0.009475315921008587,False
S;T;N;D;Q,M;V;K;L;E,"238,198,114,220,133",0.3914560079574585,0.009475383907556534,False
S;T;N;D;S,M;V;K;L;T,"238,198,114,220,124",0.3914560079574585,0.009487982839345932,False
S;T;N;D;Q,M;V;K;L;K,"238,198,114,220,127",0.3914560079574585,0.009500015527009964,False
S;T;N;D;Q,M;V;K;L;W,"238,198,114,220,133",0.3914560079574585,0.009475383907556534,False
S;T;N;D;T,M;V;K;L;D,"238,198,114,220,88",0.3914560079574585,0.009659596718847752,False
S;T;N;D;R,M;V;K;L;N,"238,198,114,220,132",0.3914560079574585,0.009475383907556534,False
S;T;N;D;Q,M;V;K;L;D,"238,198,114,220,127",0.3914560079574585,0.009485951624810696,False
S;T;N;D;A,M;V;K;L;Y,"238,198,114,220,215",0.5165130496025085,0.022329265251755714,False
S;T;N;D;L,M;V;K;L;K,"238,198,114,220,249",0.3914560079574585,0.009480084292590618,False
S;T;N;D;R,M;V;K;L;Y,"238,198,114,220,123",0.3914560079574585,0.00967530906200409,False
S;T;N;D;F,M;V;K;L;W,"238,198,114,220,271",0.3914560079574585,0.009475383907556534,False
S;T;N;D;S,M;V;K;L;D,"238,198,114,220,58",0.3914560079574585,0.009475383907556534,False
S;T;N;D;N,M;V;K;L;I,"238,198,114,220,37",0.3914560079574585,0.009475383907556534,False
S;T;N;D;C,M;V;K;L;D,"238,198,114,220,289",0.3914560079574585,0.009475383907556534,False
S;T;N;D;A,M;V;K;L;P,"238,198,114,220,152",0.3914560079574585,0.009475383907556534,False
S;T;N;D;D,M;V;K;L;V,"238,198,114,220,186",0.7238578200340271,0.026737581938505173,True
S;T;N;D;G,M;V;K;L;P,"238,198,114,220,243",0.39067405462265015,0.009477167390286922,False
S;T;N;D;S,M;V;K;L;E,"238,198,114,220,115",0.3914560079574585,0.009476599283516407,False
S;T;N;D;L,M;V;K;L;Q,"238,198,114,220,216",0.3914560079574585,0.009877712465822697,False
S;T;N;D;N,M;V;K;L;P,"238,198,114,220,277",0.3914560079574585,0.009475400671362877,False
S;T;N;D;R,M;V;K;L;Q,"238,198,114,220,132",0.3914560079574585,0.009475383907556534,False
S;T;N;D;N,M;V;K;L;Y,"238,198,114,220,244",0.38124537467956543,0.009753093123435974,False
S;T;N;D;H,M;V;K;L;T,"238,198,114,220,104",0.3914560079574585,0.009475383907556534,False
S;T;N;D;S,M;V;K;L;V,"238,198,114,220,58",0.3914560079574585,0.009475383907556534,False
S;T;N;D;H,M;V;K;L;L,"238,198,114,220,104",0.3914560079574585,0.009475383907556534,False
S;T;N;D;P,M;V;K;L;Q,"238,198,114,220,38",0.3914560079574585,0.009475383907556534,False
S;T;N;D;R,M;V;K;L;L,"238,198,114,220,53",0.3914560079574585,0.009475383907556534,False
S;T;N;D;A,M;V;K;L;T,"238,198,114,220,180",0.3914560079574585,0.009551795199513435,False
S;T;N;D;P,M;V;K;L;D,"238,198,114,220,197",0.3914560079574585,0.009476633742451668,False
S;T;N;D;A,M;V;K;L;M,"238,198,114,220,135",0.3914560079574585,0.009475383907556534,False
S;T;N;D;I,M;V;K;L;L,"238,198,114,220,111",0.3914560079574585,0.009477476589381695,False
S;T;N;D;G,M;V;K;L;S,"238,198,114,220,243",0.390994668006897,0.009492076933383942,False
S;T;N;D;Q,M;V;K;L;L,"238,198,114,220,127",0.3914560079574585,0.009801850654184818,False
S;T;N;D;Q,M;V;K;L;H,"238,198,114,220,127",0.3914560079574585,0.009479676373302937,False
S;T;N;D;W,M;V;K;L;I,"238,198,114,220,159",0.39222538471221924,0.016695227473974228,False
S;T;N;D;Q,M;V;K;L;P,"238,198,114,220,127",0.3914560079574585,0.009520135819911957,False
S;T;N;D;S,M;V;K;L;N,"238,198,114,220,103",0.3914560079574585,0.009475383907556534,False
S;T;N;D;A,M;V;K;L;Y,"238,198,114,220,179",0.3914560079574585,0.00967356376349926,False
S;T;N;D;W,M;V;K;L;K,"238,198,114,220,257",0.3914560079574585,0.009472859092056751,False
S;T;N;D;L,M;V;K;L;M,"238,198,114,220,216",0.3914560079574585,0.009561258368194103,False
S;T;N;D;Q,M;V;K;L;E,"238,198,114,220,127",0.3914560079574585,0.009547624737024307,False
S;T;N;D;G,M;V;K;L;A,"238,198,114,220,243",0.3912922739982605,0.009531783871352673,False
S;T;N;D;A,M;V;K;L;N,"238,198,114,220,226",0.3914560079574585,0.00947580486536026,False
S;T;N;D;L,M;V;K;L;I,"238,198,114,220,216",0.3914560079574585,0.009476625360548496,False
S;T;N;D;C,M;V;K;L;L,"238,198,114,220,289",0.3914560079574585,0.009475383907556534,False
S;T;N;D;S,M;V;K;L;E,"238,198,114,220,207",0.6315693855285645,0.02478289045393467,False
S;T;N;D;M,M;V;K;L;L,"238,198,114,220,154",0.3914560079574585,0.009475397877395153,False
S;T;N;D;M,M;V;K;L;P,"238,198,114,220,222",0.3914560079574585,0.009475508704781532,False
S;T;N;D;G,M;V;K;L;T,"238,198,114,220,251",0.3914560079574585,0.009493313729763031,False
S;T;N;D;P,M;V;K;L;L,"238,198,114,220,38",0.3914560079574585,0.009475383907556534,False
S;T;N;D;L,M;V;K;L;W,"238,198,114,220,216",0.3914560079574585,0.009875975549221039,False
S;T;N;D;T,M;V;K;L;L,"238,198,114,220,72",0.3914560079574585,0.009475383907556534,False
S;T;N;D;S,M;V;K;L;P,"238,198,114,220,245",0.3912610411643982,0.00947641208767891,False
S;T;N;D;I,M;V;K;L;W,"238,198,114,220,111",0.3914560079574585,0.009704504162073135,False
S;T;N;D;L,M;V;K;L;D,"238,198,114,220,249",0.3914560079574585,0.009503363631665707,False
S;T;N;D;E,M;V;K;L;K,"238,198,114,220,231",0.39181089401245117,0.009493811056017876,False
S;T;N;D;D,M;V;K;L;K,"238,198,114,220,263",0.3914560079574585,0.009475383907556534,False
S;T;N;D;T,M;V;K;L;M,"238,198,114,220,51",0.3914560079574585,0.009475383907556534,False
S;T;N;D;L,M;V;K;L;E,"238,198,114,220,216",0.3914560079574585,0.010360555723309517,False
S;T;N;D;S,M;V;K;L;T,"238,198,114,220,121",0.3914560079574585,0.009479059837758541,False
S;T;N;D;I,M;V;K;L;H,"238,198,114,220,145",0.3914560079574585,0.009475383907556534,False
S;T;N;D;I,M;V;K;L;L,"238,198,114,220,145",0.3914560079574585,0.009475383907556534,False
S;T;N;D;H,M;V;K;L;M,"238,198,114,220,104",0.3914560079574585,0.009475383907556534,False
S;T;N;D;R,M;V;K;L;P,"238,198,114,220,280",0.3914560079574585,0.009515066631138325,False
S;T;N;D;L,M;V;K;L;F,"238,198,114,220,216",0.3914560079574585,0.009538835845887661,False
S;T;N;D;S,M;V;K;L;D,"238,198,114,220,103",0.3914560079574585,0.009475383907556534,False
S;T;N;D;I,M;V;K;L;V,"238,198,114,220,200",0.3914279341697693,0.009460996836423874,False
S;T;N;D;T,M;V;K;L;K,"238,198,114,220,88",0.3914560079574585,0.009524362161755562,False
S;T;N;D;N,M;V;K;L;K,"238,198,114,220,138",0.3914560079574585,0.009475383907556534,False
S;T;N;D;A,M;V;K;L;L,"238,198,114,220,65",0.3914560079574585,0.009475368075072765,False
S;T;N;D;Q,M;V;K;L;T,"238,198,114,220,91",0.3914560079574585,0.009510434232652187,False
S;T;N;D;G,M;V;K;L;D,"238,198,114,220,163",0.4043741226196289,0.019989347085356712,False
S;T;N;D;A,M;V;K;L;M,"238,198,114,220,65",0.3914560079574585,0.009475622326135635,False
S;T;N;D;K,M;V;K;L;L,"238,198,114,220,252",0.3914560079574585,0.009472997859120369,False
S;T;N;D;V,M;V;K;L;D,"238,198,114,220,57",0.3914560079574585,0.009475383907556534,False
S;T;N;D;Q,M;V;K;L;V,"238,198,114,220,127",0.3914560079574585,0.009782422333955765,False
S;T;N;D;V,M;V;K;L;C,"238,198,114,220,281",0.3914560079574585,0.009491141885519028,False
S;T;N;D;T,M;V;K;L;V,"238,198,114,220,72",0.3914560079574585,0.009475383907556534,False
S;T;N;D;Q,M;V;K;L;N,"238,198,114,220,133",0.3914560079574585,0.009475383907556534,False
S;T;N;D;R,M;V;K;L;K,"238,198,114,220,53",0.3914560079574585,0.009475383907556534,False
S;T;N;D;S,M;V;K;L;P,"238,198,114,220,125",0.3914560079574585,0.009479920379817486,False
S;T;N;D;T,M;V;K;L;Q,"238,198,114,220,88",0.3914560079574585,0.009497693739831448,False
S;T;N;D;N,M;V;K;L;L,"238,198,114,220,138",0.3914560079574585,0.009475383907556534,False
S;T;N;D;H,M;V;K;L;R,"238,198,114,220,104",0.3914560079574585,0.009475383907556534,False
S;T;N;D;W,M;V;K;L;P,"238,198,114,220,159",0.3922842741012573,0.01784347929060459,False
S;T;N;D;S,M;V;K;L;Y,"238,198,114,220,242",0.39014869928359985,0.009679795242846012,False
S;T;N;D;A,M;V;K;L;F,"238,198,114,220,65",0.3914560079574585,0.009475860744714737,False
S;T;N;D;G,M;V;K;L;H,"238,198,114,220,251",0.3914560079574585,0.009507367387413979,False
S;T;N;D;L,M;V;K;L;P,"238,198,114,220,216",0.3914560079574585,0.009804640896618366,False
S;T;N;D;S,M;V;K;L;W,"238,198,114,220,58",0.3914560079574585,0.009475383907556534,False
S;T;N;D;A,M;V;K;L;E,"238,198,114,220,152",0.3914560079574585,0.009475383907556534,False
S;T;N;D;T,M;V;K;L;N,"238,198,114,220,88",0.3914560079574585,0.009490489028394222,False
S;T;N;D;S,M;V;K;L;K,"238,198,114,220,58",0.3914560079574585,0.009475383907556534,False
S;T;N;D;L,M;V;K;L;C,"238,198,114,220,249",0.3914560079574585,0.00947470311075449,False
S;T;N;D;N,M;V;K;L;T,"238,198,114,220,190",0.3914560079574585,0.009476485662162304,False
S;T;N;D;S,M;V;K;L;V,"238,198,114,220,223",0.3914560079574585,0.009475383907556534,False
S;T;N;D;A,M;V;K;L;W,"238,198,114,220,65",0.3914560079574585,0.00947729405015707,False
S;T;N;D;K,M;V;K;L;Y,"238,198,114,220,253",0.3914560079574585,0.009479835629463196,False
S;T;N;D;R,M;V;K;L;S,"238,198,114,220,90",0.3914560079574585,0.00994731206446886,False
S;T;N;D;T,M;V;K;L;M,"238,198,114,220,29",0.3914560079574585,0.009475383907556534,False
S;T;N;D;M,M;V;K;L;L,"238,198,114,220,262",0.3914560079574585,0.009475383907556534,False
S;T;N;D;A,M;V;K;L;L,"238,198,114,220,272",0.3914560079574585,0.009475383907556534,False
S;T;N;D;R,M;V;K;L;N,"238,198,114,220,90",0.3914560079574585,0.009711476042866707,False
S;T;N;D;R,M;V;K;L;T,"238,198,114,220,90",0.3914560079574585,0.00975246075540781,False
S;T;N;D;G,M;V;K;L;T,"238,198,114,220,254",0.3914560079574585,0.009480085223913193,False
S;T;N;D;R,M;V;K;L;P,"238,198,114,220,90",0.3914560079574585,0.010124334134161472,False
S;T;N;D;N,M;V;K;L;Y,"238,198,114,220,37",0.3914560079574585,0.009475383907556534,False
S;T;N;D;Q,M;V;K;L;I,"238,198,114,220,182",0.8212831020355225,0.029869677498936653,True
S;T;N;D;R,M;V;K;L;A,"238,198,114,220,90",0.3914560079574585,0.009858834557235241,False
S;T;N;D;K,M;V;K;L;F,"238,198,114,220,253",0.3914560079574585,0.009474421851336956,False
S;T;N;D;Y,M;V;K;L;S,"238,198,114,220,63",0.3914560079574585,0.009477881714701653,False
S;T;N;D;Q,M;V;K;L;M,"238,198,114,220,127",0.3914560079574585,0.009715485386550426,False
S;T;N;D;Q,M;V;K;L;L,"238,198,114,220,182",0.6600027084350586,0.02591702900826931,False
S;T;N;D;K,M;V;K;L;A,"238,198,114,220,253",0.3914560079574585,0.009469179436564445,False
S;T;N;D;K,M;V;K;L;V,"238,198,114,220,253",0.3914560079574585,0.009469004347920418,False
S;T;N;D;Q,M;V;K;L;F,"238,198,114,220,182",0.45120149850845337,0.021255191415548325,False
S;T;N;D;R,M;V;K;L;D,"238,198,114,220,90",0.3914560079574585,0.010188009589910507,False
S;T;N;D;Q,M;V;K;L;A,"238,198,114,220,127",0.3914560079574585,0.009532028809189796,False
S;T;N;D;Y,M;V;K;L;T,"238,198,114,220,63",0.3914560079574585,0.009477201849222183,False
S;T;N;D;Q,M;V;K;L;V,"238,198,114,220,182",0.7851864695549011,0.02877734787762165,True
S;T;N;D;K,M;V;K;L;L,"238,198,114,220,253",0.3914560079574585,0.009470540098845959,False
S;T;N;D;C,M;V;K;L;S,"238,198,114,220,289",0.3914560079574585,0.009475383907556534,False
S;T;N;D;Y,M;V;K;L;G,"238,198,114,220,63",0.3914560079574585,0.009479669854044914,False
S;T;N;D;M,M;V;K;L;V,"238,198,114,220,154",0.3914560079574585,0.009475383907556534,False
S;T;N;D;Q,M;V;K;L;T,"238,198,114,220,127",0.3914560079574585,0.00950002670288086,False
S;T;N;D;A,M;V;K;L;D,"238,198,114,220,226",0.3914560079574585,0.009476126171648502,False
S;T;N;D;C,M;V;K;L;A,"238,198,114,220,289",0.3914560079574585,0.009475383907556534,False
S;T;N;D;R,M;V;K;L;Q,"238,198,114,220,224",0.3914560079574585,0.009475383907556534,False
S;T;N;D;N,M;V;K;L;K,"238,198,114,220,233",0.39194828271865845,0.009537256322801113,False
S;T;N;D;S,M;V;K;L;E,"238,198,114,220,136",0.3914560079574585,0.009475383907556534,False
S;T;N;D;D,M;V;K;L;N,"238,198,114,220,186",0.3914560079574585,0.012476219795644283,False
S;T;N;D;R,M;V;K;L;A,"238,198,114,220,280",0.3914560079574585,0.009489346295595169,False
S;T;N;D;S,M;V;K;L;Q,"238,198,114,220,188",0.3914560079574585,0.00948290340602398,False
S;T;N;D;S,M;V;K;L;H,"238,198,114,220,214",0.3914560079574585,0.015146912075579166,False
S;T;N;D;L,M;V;K;L;F,"238,198,114,220,117",0.3914560079574585,0.009480221197009087,False
S;T;N;D;Q,M;V;K;L;Y,"238,198,114,220,119",0.3914560079574585,0.009563119150698185,False
S;T;N;D;G,M;V;K;L;A,"238,198,114,220,165",0.3914560079574585,0.015027275308966637,False
S;T;N;D;S,M;V;K;L;E,"238,198,114,220,121",0.3914560079574585,0.009603685699403286,False
S;T;N;D;I,M;V;K;L;R,"238,198,114,220,168",0.3914560079574585,0.009689169004559517,False
S;T;N;D;N,M;V;K;L;H,"238,198,114,220,205",0.3917410373687744,0.014042598195374012,False
S;T;N;D;S,M;V;K;L;Y,"238,198,114,220,269",0.3914560079574585,0.009475383907556534,False
S;T;N;D;S,M;V;K;L;T,"238,198,114,220,214",0.3914560079574585,0.01120716892182827,False
S;T;N;D;I,M;V;K;L;R,"238,198,114,220,218",0.3914560079574585,0.009724298492074013,False
S;T;N;D;P,M;V;K;L;K,"238,198,114,220,120",0.39946919679641724,0.01880677044391632,False
S;T;N;D;M,M;V;K;L;H,"238,198,114,220,161",0.3914560079574585,0.015444131568074226,False
S;T;N;D;I,M;V;K;L;H,"238,198,114,220,168",0.3914560079574585,0.009724200703203678,False
S;T;N;D;P,M;V;K;L;V,"238,198,114,220,184",0.5689757466316223,0.024692796170711517,False
S;T;N;D;W,M;V;K;L;P,"238,198,114,220,185",0.3913029432296753,0.01917177252471447,False
S;T;N;D;S,M;V;K;L;H,"238,198,114,220,187",0.3914560079574585,0.009494244121015072,False
S;T;N;D;S,M;V;K;L;P,"238,198,114,220,188",0.3914560079574585,0.009476624429225922,False
S;T;N;D;T,M;V;K;L;Y,"238,198,114,220,189",0.3914560079574585,0.009611881338059902,False
S;T;N;D;F,M;V;K;L;M,"238,198,114,220,191",0.3914560079574585,0.00947521161288023,False
T;T;T;T;S,L;M;E;V;N,"72,51,270,198,124",0.0010559558868408203,4.174681453150697e-05,False
T;T;T;T;G,L;M;E;V;Q,"72,51,270,198,243",0.002083897590637207,7.618582458235323e-05,False
T;T;T;T;G,L;M;E;V;L,"72,51,270,198,243",0.002943694591522217,9.348226012662053e-05,False
T;T;T;T;R,L;M;E;V;V,"72,51,270,198,34",0.0010097026824951172,2.4360278985113837e-05,False
T;T;T;T;G,L;M;E;V;K,"72,51,270,198,243",0.0010097026824951172,3.543565617292188e-05,False
T;T;T;T;D,L;M;E;V;Q,"72,51,270,198,220",0.0010097026824951172,2.467077865730971e-05,False
T;T;T;T;S,L;M;E;V;K,"72,51,270,198,124",0.0013521313667297363,0.00010018431930802763,False
T;T;T;T;F,L;M;E;V;E,"72,51,270,198,271",0.0010097026824951172,2.4360278985113837e-05,False
T;T;T;T;G,L;M;E;V;Q,"72,51,270,198,164",0.19870799779891968,0.005072426050901413,False
T;T;T;T;A,L;M;E;V;D,"72,51,270,198,130",0.0010097026824951172,2.524326009734068e-05,False
T;T;T;T;W,L;M;E;V;C,"72,51,270,198,257",0.0009453296661376953,2.3491160391131416e-05,False
T;T;T;T;Q,L;M;E;V;N,"72,51,270,198,127",0.0010045170783996582,5.2751496696146205e-05,False
T;T;T;T;Q,L;M;E;V;R,"72,51,270,198,127",0.0010275840759277344,5.799116115667857e-05,False
T;T;T;T;S,L;M;E;V;M,"72,51,270,198,238",0.3914560079574585,0.009473200887441635,False
T;T;T;T;F,L;M;E;V;M,"72,51,270,198,271",0.0010097026824951172,2.4360278985113837e-05,False
T;T;T;T;S,L;M;E;V;A,"72,51,270,198,124",0.0009652972221374512,5.078315734863281e-05,False
T;T;T;T;G,L;M;E;V;I,"72,51,270,198,243",0.0033347606658935547,0.00010246315650874749,False
T;T;T;T;Q,L;M;E;V;I,"72,51,270,198,127",0.008184432983398438,0.0004228963516652584,False
T;T;T;T;A,L;M;E;V;V,"72,51,270,198,65",0.0010097026824951172,2.4448992917314172e-05,False
T;T;T;T;Q,L;M;E;V;E,"72,51,270,198,133",0.0010097026824951172,2.4360278985113837e-05,False
T;T;T;T;S,L;M;E;V;T,"72,51,270,198,124",0.0010079145431518555,3.7130921555217355e-05,False
T;T;T;T;Q,L;M;E;V;K,"72,51,270,198,127",0.0009679794311523438,4.841421832679771e-05,False
T;T;T;T;Q,L;M;E;V;W,"72,51,270,198,133",0.0010097026824951172,2.4360278985113837e-05,False
T;T;T;T;D,L;M;E;V;L,"72,51,270,198,220",0.0010097026824951172,2.615535049699247e-05,False
T;T;T;T;T,L;M;E;V;D,"72,51,270,198,88",0.0031270980834960938,0.00020647465134970844,False
T;T;T;T;R,L;M;E;V;N,"72,51,270,198,132",0.0010097026824951172,2.4360278985113837e-05,False
T;T;T;T;Q,L;M;E;V;D,"72,51,270,198,127",0.0010483264923095703,3.5310898965690285e-05,False
T;T;T;T;A,L;M;E;V;Y,"72,51,270,198,215",0.5181105136871338,0.01289412472397089,False
T;T;T;T;L,L;M;E;V;K,"72,51,270,198,249",0.0010097026824951172,2.4461469365633093e-05,False
T;T;T;T;R,L;M;E;V;Y,"72,51,270,198,123",0.0025812387466430664,0.00022659744718112051,False
T;T;T;T;F,L;M;E;V;W,"72,51,270,198,271",0.0010097026824951172,2.4360278985113837e-05,False
T;T;T;T;S,L;M;E;V;D,"72,51,270,198,58",0.0010097026824951172,2.4360278985113837e-05,False
T;T;T;T;N,L;M;E;V;I,"72,51,270,198,37",0.0010097026824951172,2.4360278985113837e-05,False
T;T;T;T;C,L;M;E;V;D,"72,51,270,198,289",0.0010097026824951172,2.4360278985113837e-05,False
T;T;T;T;A,L;M;E;V;P,"72,51,270,198,152",0.0010097026824951172,2.4360278985113837e-05,False
T;T;T;T;D,L;M;E;V;V,"72,51,270,198,186",0.7238578200340271,0.01730193942785263,True
T;T;T;T;G,L;M;E;V;P,"72,51,270,198,243",0.0010097026824951172,3.7158642953727394e-05,False
T;T;T;T;S,L;M;E;V;E,"72,51,270,198,115",0.0010097026824951172,2.645891800057143e-05,False
T;T;T;T;L,L;M;E;V;Q,"72,51,270,198,216",0.007548630237579346,0.0003944718628190458,False
T;T;T;T;N,L;M;E;V;P,"72,51,270,198,277",0.0010097026824951172,2.4364439013879746e-05,False
T;T;T;T;R,L;M;E;V;Q,"72,51,270,198,132",0.0010097026824951172,2.4360278985113837e-05,False
T;T;T;T;N,L;M;E;V;Y,"72,51,270,198,244",0.0035403966903686523,0.00027233362197875977,False
T;T;T;T;H,L;M;E;V;T,"72,51,270,198,104",0.0010097026824951172,2.4360278985113837e-05,False
T;T;T;T;S,L;M;E;V;V,"72,51,270,198,58",0.0010097026824951172,2.4360278985113837e-05,False
T;T;T;T;H,L;M;E;V;L,"72,51,270,198,104",0.0010097026824951172,2.4360278985113837e-05,False
T;T;T;T;P,L;M;E;V;Q,"72,51,270,198,38",0.0010097026824951172,2.4360278985113837e-05,False
T;T;T;T;R,L;M;E;V;L,"72,51,270,198,53",0.0010097026824951172,2.4360278985113837e-05,False
T;T;T;T;A,L;M;E;V;T,"72,51,270,198,180",0.0010254383087158203,8.561444701626897e-05,False
T;T;T;T;P,L;M;E;V;D,"72,51,270,198,197",0.0010677576065063477,2.5627225113566965e-05,False
T;T;T;T;A,L;M;E;V;M,"72,51,270,198,135",0.0010097026824951172,2.4360278985113837e-05,False
T;T;T;T;I,L;M;E;V;L,"72,51,270,198,111",0.0010097026824951172,2.6560106562101282e-05,False
T;T;T;T;G,L;M;E;V;S,"72,51,270,198,243",0.0010097026824951172,3.0480152418022044e-05,False
T;T;T;T;Q,L;M;E;V;L,"72,51,270,198,127",0.00674206018447876,0.0003541430633049458,False
T;T;T;T;Q,L;M;E;V;H,"72,51,270,198,127",0.0009888410568237305,2.88070641545346e-05,False
T;T;T;T;W,L;M;E;V;I,"72,51,270,198,159",0.2872382402420044,0.007262807805091143,False
T;T;T;T;Q,L;M;E;V;P,"72,51,270,198,127",0.0011902451515197754,6.901247252244502e-05,False
T;T;T;T;S,L;M;E;V;N,"72,51,270,198,103",0.0010097026824951172,2.4360278985113837e-05,False
T;T;T;T;A,L;M;E;V;Y,"72,51,270,198,179",0.005216717720031738,0.00021983994520269334,False
T;T;T;T;W,L;M;E;V;K,"72,51,270,198,257",0.0009126067161560059,2.194836997659877e-05,False
T;T;T;T;L,L;M;E;V;M,"72,51,270,198,216",0.0013286471366882324,9.166917152469978e-05,False
T;T;T;T;Q,L;M;E;V;E,"72,51,270,198,127",0.0012962818145751953,9.77377567323856e-05,False
T;T;T;T;G,L;M;E;V;A,"72,51,270,198,243",0.0010097026824951172,3.7096266169101e-05,False
T;T;T;T;A,L;M;E;V;N,"72,51,270,198,226",0.0010281801223754883,2.4789987946860492e-05,False
T;T;T;T;L,L;M;E;V;I,"72,51,270,198,216",0.0010097026824951172,3.232789458706975e-05,False
T;T;T;T;C,L;M;E;V;L,"72,51,270,198,289",0.0010097026824951172,2.4360278985113837e-05,False
T;T;T;T;S,L;M;E;V;E,"72,51,270,198,207",0.631908118724823,0.015438091941177845,False
T;T;T;T;M,L;M;E;V;L,"72,51,270,198,154",0.0010100603103637695,2.4371369363507256e-05,False
T;T;T;T;M,L;M;E;V;P,"72,51,270,198,222",0.0010097026824951172,2.443374614813365e-05,False
T;T;T;T;G,L;M;E;V;T,"72,51,270,198,251",0.0010097026824951172,2.504642543499358e-05,False
T;T;T;T;P,L;M;E;V;L,"72,51,270,198,38",0.0010097026824951172,2.4360278985113837e-05,False
T;T;T;T;L,L;M;E;V;W,"72,51,270,198,216",0.007777690887451172,0.0003889826766680926,False
T;T;T;T;S,L;M;E;V;P,"72,51,270,198,245",0.0010097026824951172,2.9283901312737726e-05,False
T;T;T;T;I,L;M;E;V;W,"72,51,270,198,111",0.007856607437133789,0.00025748650659807026,False
T;T;T;T;L,L;M;E;V;D,"72,51,270,198,249",0.0010097026824951172,2.5957129764719866e-05,False
T;T;T;T;E,L;M;E;V;K,"72,51,270,198,231",0.0010089874267578125,7.54386855987832e-05,False
T;T;T;T;D,L;M;E;V;K,"72,51,270,198,263",0.0010097026824951172,2.4360278985113837e-05,False
T;T;T;T;L,L;M;E;V;E,"72,51,270,198,216",0.018210649490356445,0.0008586298790760338,False
T;T;T;T;S,L;M;E;V;T,"72,51,270,198,121",0.0010097026824951172,2.8205471608089283e-05,False
T;T;T;T;I,L;M;E;V;H,"72,51,270,198,145",0.0010097026824951172,2.4360278985113837e-05,False
T;T;T;T;I,L;M;E;V;L,"72,51,270,198,145",0.0010097026824951172,2.4360278985113837e-05,False
T;T;T;T;H,L;M;E;V;M,"72,51,270,198,104",0.0010097026824951172,2.4360278985113837e-05,False
T;T;T;T;R,L;M;E;V;P,"72,51,270,198,280",0.0015410184860229492,6.047515125828795e-05,False
T;T;T;T;L,L;M;E;V;F,"72,51,270,198,216",0.0011981725692749023,7.620384712936357e-05,False
T;T;T;T;S,L;M;E;V;D,"72,51,270,198,103",0.0010097026824951172,2.4360278985113837e-05,False
T;T;T;T;I,L;M;E;V;V,"72,51,270,198,200",0.0007957220077514648,3.411880607018247e-05,False
T;T;T;T;T,L;M;E;V;K,"72,51,270,198,88",0.0010313987731933594,7.404560165014118e-05,False
T;T;T;T;N,L;M;E;V;K,"72,51,270,198,138",0.0010097026824951172,2.4360278985113837e-05,False
T;T;T;T;A,L;M;E;V;L,"72,51,270,198,65",0.0010097026824951172,2.46000836341409e-05,False
T;T;T;T;Q,L;M;E;V;T,"72,51,270,198,91",0.0010097026824951172,5.963930016150698e-05,False
T;T;T;T;G,L;M;E;V;D,"72,51,270,198,163",0.40464985370635986,0.010535753332078457,False
T;T;T;T;A,L;M;E;V;M,"72,51,270,198,65",0.0010097026824951172,2.5007613658090122e-05,False
T;T;T;T;K,L;M;E;V;L,"72,51,270,198,252",0.0010097026824951172,2.4430974008282647e-05,False
T;T;T;T;V,L;M;E;V;D,"72,51,270,198,57",0.0010097026824951172,2.4360278985113837e-05,False
T;T;T;T;Q,L;M;E;V;V,"72,51,270,198,127",0.006808936595916748,0.0003346856392454356,False
T;T;T;T;V,L;M;E;V;C,"72,51,270,198,281",0.0010097026824951172,3.837568874587305e-05,False
T;T;T;T;Q,L;M;E;V;N,"72,51,270,198,133",0.0010097026824951172,2.4360278985113837e-05,False
T;T;T;T;R,L;M;E;V;K,"72,51,270,198,53",0.0010097026824951172,2.4360278985113837e-05,False
T;T;T;T;S,L;M;E;V;P,"72,51,270,198,125",0.0010097026824951172,2.8976173780392855e-05,False
T;T;T;T;T,L;M;E;V;Q,"72,51,270,198,88",0.0010097026824951172,4.732886009151116e-05,False
T;T;T;T;N,L;M;E;V;L,"72,51,270,198,138",0.0010097026824951172,2.4360278985113837e-05,False
T;T;T;T;H,L;M;E;V;R,"72,51,270,198,104",0.0010097026824951172,2.4360278985113837e-05,False
T;T;T;T;W,L;M;E;V;P,"72,51,270,198,159",0.332558810710907,0.008818388916552067,False
T;T;T;T;S,L;M;E;V;Y,"72,51,270,198,242",0.0021584630012512207,0.00012554539716802537,False
T;T;T;T;A,L;M;E;V;F,"72,51,270,198,65",0.0010097026824951172,2.533474616939202e-05,False
T;T;T;T;G,L;M;E;V;H,"72,51,270,198,251",0.0010097026824951172,2.6428422643220983e-05,False
T;T;T;T;L,L;M;E;V;P,"72,51,270,198,216",0.005413234233856201,0.0003270673332735896,False
T;T;T;T;S,L;M;E;V;W,"72,51,270,198,58",0.0010097026824951172,2.4360278985113837e-05,False
T;T;T;T;A,L;M;E;V;E,"72,51,270,198,152",0.0010097026824951172,2.4360278985113837e-05,False
T;T;T;T;T,L;M;E;V;N,"72,51,270,198,88",0.0010097026824951172,3.91962930734735e-05,False
T;T;T;T;S,L;M;E;V;K,"72,51,270,198,58",0.0010097026824951172,2.4360278985113837e-05,False
T;T;T;T;L,L;M;E;V;C,"72,51,270,198,249",0.0010097026824951172,2.4364439013879746e-05,False
T;T;T;T;N,L;M;E;V;T,"72,51,270,198,190",0.0010097026824951172,2.4572362235630862e-05,False
T;T;T;T;S,L;M;E;V;V,"72,51,270,198,223",0.0010097026824951172,2.4360278985113837e-05,False
T;T;T;T;A,L;M;E;V;W,"72,51,270,198,65",0.0010097026824951172,2.707159728743136e-05,False
T;T;T;T;K,L;M;E;V;Y,"72,51,270,198,253",0.0010097026824951172,2.4444834707537666e-05,False
T;T;T;T;R,L;M;E;V;S,"72,51,270,198,90",0.008243739604949951,0.0004906182875856757,False
T;T;T;T;T,L;M;E;V;M,"72,51,270,198,29",0.0010097026824951172,2.4360278985113837e-05,False
T;T;T;T;M,L;M;E;V;L,"72,51,270,198,262",0.0010097026824951172,2.4360278985113837e-05,False
T;T;T;T;A,L;M;E;V;L,"72,51,270,198,272",0.0010097026824951172,2.4360278985113837e-05,False
T;T;T;T;R,L;M;E;V;N,"72,51,270,198,90",0.004311025142669678,0.00025503718643449247,False
T;T;T;T;R,L;M;E;V;T,"72,51,270,198,90",0.004466652870178223,0.0002964111336041242,False
T;T;T;T;G,L;M;E;V;T,"72,51,270,198,254",0.0010374188423156738,2.5015930077643134e-05,False
T;T;T;T;R,L;M;E;V;P,"72,51,270,198,90",0.012117266654968262,0.0006654664757661521,False
T;T;T;T;N,L;M;E;V;Y,"72,51,270,198,37",0.0010097026824951172,2.4360278985113837e-05,False
T;T;T;T;Q,L;M;E;V;I,"72,51,270,198,182",0.820452868938446,0.01990167424082756,True
T;T;T;T;R,L;M;E;V;A,"72,51,270,198,90",0.0059661865234375,0.00040405712206847966,False
T;T;T;T;K,L;M;E;V;F,"72,51,270,198,253",0.0010097026824951172,2.4418497559963726e-05,False
T;T;T;T;Y,L;M;E;V;S,"72,51,270,198,63",0.0010097026824951172,2.63078272837447e-05,False
T;T;T;T;Q,L;M;E;V;M,"72,51,270,198,127",0.004376530647277832,0.0002672228729352355,False
T;T;T;T;Q,L;M;E;V;L,"72,51,270,198,182",0.6587477922439575,0.01599208079278469,False
T;T;T;T;K,L;M;E;V;A,"72,51,270,198,253",0.0010097026824951172,2.4503053282387555e-05,False
T;T;T;T;K,L;M;E;V;V,"72,51,270,198,253",0.0010097026824951172,2.45321625698125e-05,False
T;T;T;T;Q,L;M;E;V;F,"72,51,270,198,182",0.4501078724861145,0.011283335275948048,False
T;T;T;T;R,L;M;E;V;D,"72,51,270,198,90",0.014555573463439941,0.0007261938881129026,False
T;T;T;T;Q,L;M;E;V;A,"72,51,270,198,127",0.001179337501525879,8.22169822640717e-05,False
T;T;T;T;Y,L;M;E;V;T,"72,51,270,198,63",0.0010097026824951172,2.573118581494782e-05,False
T;T;T;T;Q,L;M;E;V;V,"72,51,270,198,182",0.7841917276382446,0.018878305330872536,True
T;T;T;T;K,L;M;E;V;L,"72,51,270,198,253",0.0010097026824951172,2.4479488274664618e-05,False
T;T;T;T;C,L;M;E;V;S,"72,51,270,198,289",0.0010097026824951172,2.4360278985113837e-05,False
T;T;T;T;Y,L;M;E;V;G,"72,51,270,198,63",0.0010097026824951172,2.787418088701088e-05,False
T;T;T;T;M,L;M;E;V;V,"72,51,270,198,154",0.0010091066360473633,2.435473470541183e-05,False
T;T;T;T;Q,L;M;E;V;T,"72,51,270,198,127",0.0009865760803222656,4.934155731461942e-05,False
T;T;T;T;A,L;M;E;V;D,"72,51,270,198,226",0.0010421276092529297,2.5114348318311386e-05,False
T;T;T;T;C,L;M;E;V;A,"72,51,270,198,289",0.0010097026824951172,2.4360278985113837e-05,False
T;T;T;T;R,L;M;E;V;Q,"72,51,270,198,224",0.0010097026824951172,2.4360278985113837e-05,False
T;T;T;T;N,L;M;E;V;K,"72,51,270,198,233",0.0010097026824951172,5.949929618509486e-05,False
T;T;T;T;S,L;M;E;V;E,"72,51,270,198,136",0.0010097026824951172,2.4360278985113837e-05,False
T;T;T;T;D,L;M;E;V;N,"72,51,270,198,186",0.12744390964508057,0.0030284025706350803,False
T;T;T;T;R,L;M;E;V;A,"72,51,270,198,280",0.0010097026824951172,3.7434489058796316e-05,False
T;T;T;T;S,L;M;E;V;F,"72,51,270,198,238",0.4964901804924011,0.012148110195994377,False
T;T;T;T;S,L;M;E;V;Q,"72,51,270,198,188",0.0010097026824951172,3.257185744587332e-05,False
T;T;T;T;S,L;M;E;V;H,"72,51,270,198,214",0.2391982078552246,0.005693723913282156,False
T;T;T;T;L,L;M;E;V;F,"72,51,270,198,117",0.0010097026824951172,2.9669252398889512e-05,False
T;T;T;T;Q,L;M;E;V;Y,"72,51,270,198,119",0.0018875598907470703,0.00011420249938964844,False
T;T;T;T;G,L;M;E;V;A,"72,51,270,198,165",0.22909623384475708,0.005579965189099312,False
T;T;T;T;S,L;M;E;V;E,"72,51,270,198,121",0.0044945478439331055,0.0001512100570835173,False
T;T;T;T;I,L;M;E;V;R,"72,51,270,198,168",0.003562331199645996,0.0002388732391409576,False
T;T;T;T;N,L;M;E;V;H,"72,51,270,198,205",0.19229942560195923,0.004548506811261177,False
T;T;T;T;S,L;M;E;V;Y,"72,51,270,198,269",0.0010097026824951172,2.4360278985113837e-05,False
T;T;T;T;S,L;M;E;V;T,"72,51,270,198,214",0.07349812984466553,0.0017591409850865602,False
T;T;T;T;I,L;M;E;V;R,"72,51,270,198,218",0.006706297397613525,0.0002601229934953153,False
T;T;T;T;P,L;M;E;V;K,"72,51,270,198,120",0.3988921642303467,0.009341120719909668,False
T;T;T;T;M,L;M;E;V;H,"72,51,270,198,161",0.24976086616516113,0.005989869125187397,False
T;T;T;T;I,L;M;E;V;H,"72,51,270,198,168",0.004479050636291504,0.0002740441414061934,False
T;T;T;T;N,L;M;E;V;K,"72,51,270,198,114",0.0010097026824951172,2.4483648303430527e-05,False
T;T;T;T;P,L;M;E;V;V,"72,51,270,198,184",0.5693881511688232,0.015124834142625332,False
T;T;T;T;W,L;M;E;V;P,"72,51,270,198,185",0.37204766273498535,0.009854680858552456,False
T;T;T;T;S,L;M;E;V;H,"72,51,270,198,187",0.0010097026824951172,4.217652531224303e-05,False
T;T;T;T;S,L;M;E;V;P,"72,51,270,198,188",0.0010097026824951172,2.5890594770316966e-05,False
T;T;T;T;T,L;M;E;V;Y,"72,51,270,198,189",0.0032886266708374023,0.0001689708442427218,False
T;T;T;T;F,L;M;E;V;M,"72,51,270,198,191",0.0010030269622802734,2.4252160073956475e-05,False
T;T;N;N;S,L;M;K;K;N,"72,51,233,114,124",0.0003815293312072754,5.193920878809877e-05,False
T;T;N;N;G,L;M;K;K;Q,"72,51,233,114,243",0.002083897590637207,8.562553557567298e-05,False
T;T;N;N;G,L;M;K;K;L,"72,51,233,114,243",0.002943694591522217,0.00010377168655395508,False
T;T;N;N;T,L;M;K;K;E,"72,51,233,114,270",0.0003815293312072754,3.529981040628627e-05,False
T;T;N;N;R,L;M;K;K;V,"72,51,233,114,34",0.0003815293312072754,3.529981040628627e-05,False
T;T;N;N;G,L;M;K;K;K,"72,51,233,114,243",0.00043201446533203125,4.554487895802595e-05,False
T;T;N;N;D,L;M;K;K;Q,"72,51,233,114,220",0.0003815293312072754,3.5629716876428574e-05,False
T;T;N;N;S,L;M;K;K;K,"72,51,233,114,124",0.001477062702178955,0.00011486646690173075,False
T;T;N;N;F,L;M;K;K;E,"72,51,233,114,271",0.0003815293312072754,3.529981040628627e-05,False
T;T;N;N;G,L;M;K;K;Q,"72,51,233,114,164",0.1989167332649231,0.005108184646815062,False
T;T;N;N;A,L;M;K;K;D,"72,51,233,114,130",0.0003815293312072754,3.652240047813393e-05,False
T;T;N;N;W,L;M;K;K;C,"72,51,233,114,257",0.0003815293312072754,3.548001041053794e-05,False
T;T;N;N;Q,L;M;K;K;N,"72,51,233,114,127",0.000515282154083252,6.158962059998885e-05,False
T;T;N;N;Q,L;M;K;K;R,"72,51,233,114,127",0.001125335693359375,7.203983841463923e-05,False
T;T;N;N;S,L;M;K;K;M,"72,51,233,114,238",0.39194828271865845,0.009513264521956444,False
T;T;N;N;F,L;M;K;K;M,"72,51,233,114,271",0.0003815293312072754,3.529981040628627e-05,False
T;T;N;N;S,L;M;K;K;A,"72,51,233,114,124",0.00040590763092041016,6.578135071322322e-05,False
T;T;N;N;G,L;M;K;K;I,"72,51,233,114,243",0.0033347606658935547,0.00011281357001280412,False
T;T;N;N;Q,L;M;K;K;I,"72,51,233,114,127",0.008030951023101807,0.0004366553039290011,False
T;T;N;N;A,L;M;K;K;V,"72,51,233,114,65",0.0003815293312072754,3.523188934195787e-05,False
T;T;N;N;Q,L;M;K;K;E,"72,51,233,114,133",0.0003815293312072754,3.529981040628627e-05,False
T;T;N;N;S,L;M;K;K;T,"72,51,233,114,124",0.0003815293312072754,5.094395237392746e-05,False
T;T;N;N;Q,L;M;K;K;K,"72,51,233,114,127",0.00043380260467529297,5.937870082561858e-05,False
T;T;N;N;Q,L;M;K;K;W,"72,51,233,114,133",0.0003815293312072754,3.529981040628627e-05,False
T;T;N;N;D,L;M;K;K;L,"72,51,233,114,220",0.0003815293312072754,3.721547545865178e-05,False
T;T;N;N;T,L;M;K;K;D,"72,51,233,114,88",0.0031827688217163086,0.00022016292496118695,False
T;T;N;N;R,L;M;K;K;N,"72,51,233,114,132",0.0003815293312072754,3.529981040628627e-05,False
T;T;N;N;Q,L;M;K;K;D,"72,51,233,114,127",0.0003815293312072754,4.584983253153041e-05,False
T;T;N;N;A,L;M;K;K;Y,"72,51,233,114,215",0.5183595418930054,0.012915217317640781,False
T;T;N;N;L,L;M;K;K;K,"72,51,233,114,249",0.0003815293312072754,3.538852615747601e-05,False
T;T;N;N;R,L;M;K;K;Y,"72,51,233,114,123",0.0025812387466430664,0.0002376949996687472,False
T;T;N;N;F,L;M;K;K;W,"72,51,233,114,271",0.0003815293312072754,3.529981040628627e-05,False
T;T;N;N;S,L;M;K;K;D,"72,51,233,114,58",0.0003815293312072754,3.529981040628627e-05,False
T;T;N;N;N,L;M;K;K;I,"72,51,233,114,37",0.0003815293312072754,3.529981040628627e-05,False
T;T;N;N;C,L;M;K;K;D,"72,51,233,114,289",0.0003815293312072754,3.529981040628627e-05,False
T;T;N;N;A,L;M;K;K;P,"72,51,233,114,152",0.0003815293312072754,3.529981040628627e-05,False
T;T;N;N;D,L;M;K;K;V,"72,51,233,114,186",0.7238578200340271,0.0173189640045166,True
T;T;N;N;G,L;M;K;K;P,"72,51,233,114,243",0.0005051493644714355,4.7296980483224615e-05,False
T;T;N;N;S,L;M;K;K;E,"72,51,233,114,115",0.0003815293312072754,3.651547012850642e-05,False
T;T;N;N;L,L;M;K;K;Q,"72,51,233,114,216",0.007548630237579346,0.00041160889668390155,False
T;T;N;N;N,L;M;K;K;P,"72,51,233,114,277",0.0003815293312072754,3.514040508889593e-05,False
T;T;N;N;R,L;M;K;K;Q,"72,51,233,114,132",0.0003815293312072754,3.529981040628627e-05,False
T;T;N;N;N,L;M;K;K;Y,"72,51,233,114,244",0.0034700632095336914,0.00027385284192860126,False
T;T;N;N;H,L;M;K;K;T,"72,51,233,114,104",0.0003815293312072754,3.529981040628627e-05,False
T;T;N;N;S,L;M;K;K;V,"72,51,233,114,58",0.0003815293312072754,3.529981040628627e-05,False
T;T;N;N;H,L;M;K;K;L,"72,51,233,114,104",0.0003815293312072754,3.529981040628627e-05,False
T;T;N;N;P,L;M;K;K;Q,"72,51,233,114,38",0.0003815293312072754,3.529981040628627e-05,False
T;T;N;N;R,L;M;K;K;L,"72,51,233,114,53",0.0003815293312072754,3.529981040628627e-05,False
T;T;N;N;A,L;M;K;K;T,"72,51,233,114,180",0.0009616613388061523,9.942193719325587e-05,False
T;T;N;N;P,L;M;K;K;D,"72,51,233,114,197",0.0003815293312072754,3.551050758687779e-05,False
T;T;N;N;T,L;M;K;K;V,"72,51,233,114,198",0.0010097026824951172,5.962266368442215e-05,False
T;T;N;N;A,L;M;K;K;M,"72,51,233,114,135",0.0003815293312072754,3.529981040628627e-05,False
T;T;N;N;I,L;M;K;K;L,"72,51,233,114,111",0.0003815293312072754,3.748023300431669e-05,False
T;T;N;N;G,L;M;K;K;S,"72,51,233,114,243",0.0003815293312072754,4.085274485987611e-05,False
T;T;N;N;Q,L;M;K;K;L,"72,51,233,114,127",0.006602644920349121,0.0003677246277220547,False
T;T;N;N;Q,L;M;K;K;H,"72,51,233,114,127",0.0003815293312072754,4.083195381099358e-05,False
T;T;N;N;W,L;M;K;K;I,"72,51,233,114,159",0.287265419960022,0.00729840574786067,False
T;T;N;N;Q,L;M;K;K;P,"72,51,233,114,127",0.0010393857955932617,7.674444350413978e-05,False
T;T;N;N;S,L;M;K;K;N,"72,51,233,114,103",0.0003815293312072754,3.529981040628627e-05,False
T;T;N;N;A,L;M;K;K;Y,"72,51,233,114,179",0.005127310752868652,0.0002314392913831398,False
T;T;N;N;W,L;M;K;K;K,"72,51,233,114,257",0.0003815293312072754,3.5556251532398164e-05,False
T;T;N;N;L,L;M;K;K;M,"72,51,233,114,216",0.0013286471366882324,0.00010489724081708118,False
T;T;N;N;Q,L;M;K;K;E,"72,51,233,114,127",0.0012962818145751953,0.00011078978423029184,False
T;T;N;N;G,L;M;K;K;A,"72,51,233,114,243",0.0005470514297485352,4.79470836580731e-05,False
T;T;N;N;A,L;M;K;K;N,"72,51,233,114,226",0.0003815293312072754,3.5428722185315564e-05,False
T;T;N;N;L,L;M;K;K;I,"72,51,233,114,216",0.0003765225410461426,4.200741386739537e-05,False
T;T;N;N;C,L;M;K;K;L,"72,51,233,114,289",0.0003815293312072754,3.529981040628627e-05,False
T;T;N;N;S,L;M;K;K;E,"72,51,233,114,207",0.6319328546524048,0.015411268919706345,False
T;T;N;N;M,L;M;K;K;L,"72,51,233,114,154",0.0003815293312072754,3.530951289576478e-05,False
T;T;N;N;M,L;M;K;K;P,"72,51,233,114,222",0.0003815293312072754,3.536495933076367e-05,False
T;T;N;N;G,L;M;K;K;T,"72,51,233,114,251",0.0003815293312072754,3.566852683434263e-05,False
T;T;N;N;P,L;M;K;K;L,"72,51,233,114,38",0.0003815293312072754,3.529981040628627e-05,False
T;T;N;N;L,L;M;K;K;W,"72,51,233,114,216",0.007777690887451172,0.0004021788772661239,False
T;T;N;N;S,L;M;K;K;P,"72,51,233,114,245",0.0003815293312072754,4.148760490352288e-05,False
T;T;N;N;I,L;M;K;K;W,"72,51,233,114,111",0.0077204108238220215,0.0002654513518791646,False
T;T;N;N;L,L;M;K;K;D,"72,51,233,114,249",0.0003815293312072754,3.64406150765717e-05,False
T;T;N;N;E,L;M;K;K;K,"72,51,233,114,231",0.002480804920196533,0.00013358233263716102,False
T;T;N;N;D,L;M;K;K;K,"72,51,233,114,263",0.0003815293312072754,3.529981040628627e-05,False
T;T;N;N;L,L;M;K;K;E,"72,51,233,114,216",0.018210649490356445,0.0008718662429600954,False
T;T;N;N;S,L;M;K;K;T,"72,51,233,114,121",0.0003815293312072754,3.904381446773186e-05,False
T;T;N;N;I,L;M;K;K;H,"72,51,233,114,145",0.0003815293312072754,3.529981040628627e-05,False
T;T;N;N;I,L;M;K;K;L,"72,51,233,114,145",0.0003815293312072754,3.529981040628627e-05,False
T;T;N;N;H,L;M;K;K;M,"72,51,233,114,104",0.0003815293312072754,3.529981040628627e-05,False
T;T;N;N;R,L;M;K;K;P,"72,51,233,114,280",0.0011987090110778809,5.901552867726423e-05,False
T;T;N;N;L,L;M;K;K;F,"72,51,233,114,216",0.0011981725692749023,8.742476347833872e-05,False
T;T;N;N;S,L;M;K;K;D,"72,51,233,114,103",0.0003815293312072754,3.529981040628627e-05,False
T;T;N;N;I,L;M;K;K;V,"72,51,233,114,200",0.00038439035415649414,5.2662784582935274e-05,False
T;T;N;N;T,L;M;K;K;K,"72,51,233,114,88",0.0010287165641784668,8.463027916150168e-05,False
T;T;N;N;N,L;M;K;K;K,"72,51,233,114,138",0.0003815293312072754,3.529981040628627e-05,False
T;T;N;N;A,L;M;K;K;L,"72,51,233,114,65",0.0003815293312072754,3.528456363710575e-05,False
T;T;N;N;Q,L;M;K;K;T,"72,51,233,114,91",0.0007998347282409668,7.20148891559802e-05,False
T;T;N;N;G,L;M;K;K;D,"72,51,233,114,163",0.40538251399993896,0.010561911389231682,False
T;T;N;N;A,L;M;K;K;M,"72,51,233,114,65",0.0003815293312072754,3.553822898538783e-05,False
T;T;N;N;K,L;M;K;K;L,"72,51,233,114,252",0.0003815293312072754,3.537188968039118e-05,False
T;T;N;N;V,L;M;K;K;D,"72,51,233,114,57",0.0003815293312072754,3.529981040628627e-05,False
T;T;N;N;Q,L;M;K;K;V,"72,51,233,114,127",0.006669878959655762,0.00034768914338201284,False
T;T;N;N;V,L;M;K;K;C,"72,51,233,114,281",0.0004284977912902832,4.227355384500697e-05,False
T;T;N;N;Q,L;M;K;K;N,"72,51,233,114,133",0.0003815293312072754,3.529981040628627e-05,False
T;T;N;N;R,L;M;K;K;K,"72,51,233,114,53",0.0003815293312072754,3.529981040628627e-05,False
T;T;N;N;S,L;M;K;K;P,"72,51,233,114,125",0.0003815293312072754,4.011115379398689e-05,False
T;T;N;N;T,L;M;K;K;Q,"72,51,233,114,88",0.0004305243492126465,5.812284507555887e-05,False
T;T;N;N;N,L;M;K;K;L,"72,51,233,114,138",0.0003815293312072754,3.529981040628627e-05,False
T;T;N;N;H,L;M;K;K;R,"72,51,233,114,104",0.0003815293312072754,3.529981040628627e-05,False
T;T;N;N;W,L;M;K;K;P,"72,51,233,114,159",0.3327174782752991,0.00884991604834795,False
T;T;N;N;S,L;M;K;K;Y,"72,51,233,114,242",0.0021584630012512207,0.00013400649186223745,False
T;T;N;N;A,L;M;K;K;F,"72,51,233,114,65",0.0003815293312072754,3.5776647564489394e-05,False
T;T;N;N;G,L;M;K;K;H,"72,51,233,114,251",0.0003815293312072754,3.6849531170446426e-05,False
T;T;N;N;L,L;M;K;K;P,"72,51,233,114,216",0.005413234233856201,0.0003445176116656512,False
T;T;N;N;S,L;M;K;K;W,"72,51,233,114,58",0.0003815293312072754,3.529981040628627e-05,False
T;T;N;N;A,L;M;K;K;E,"72,51,233,114,152",0.0003815293312072754,3.529981040628627e-05,False
T;T;N;N;T,L;M;K;K;N,"72,51,233,114,88",0.00041872262954711914,5.08427619934082e-05,False
T;T;N;N;T,L;M;K;K;N,"72,51,233,114,198",0.0003815293312072754,3.838954944512807e-05,False
T;T;N;N;S,L;M;K;K;K,"72,51,233,114,58",0.0003815293312072754,3.529981040628627e-05,False
T;T;N;N;L,L;M;K;K;C,"72,51,233,114,249",0.0003815293312072754,3.532892151270062e-05,False
T;T;N;N;N,L;M;K;K;T,"72,51,233,114,190",0.0003815293312072754,3.5488326830090955e-05,False
T;T;N;N;S,L;M;K;K;V,"72,51,233,114,223",0.0003815293312072754,3.529981040628627e-05,False
T;T;N;N;A,L;M;K;K;W,"72,51,233,114,65",0.0003815293312072754,3.720993117894977e-05,False
T;T;N;N;K,L;M;K;K;Y,"72,51,233,114,253",0.0003815293312072754,3.533030758262612e-05,False
T;T;N;N;R,L;M;K;K;S,"72,51,233,114,90",0.008243739604949951,0.0005077872192487121,False
T;T;N;N;T,L;M;K;K;M,"72,51,233,114,29",0.0003815293312072754,3.529981040628627e-05,False
T;T;N;N;M,L;M;K;K;L,"72,51,233,114,262",0.0003815293312072754,3.529981040628627e-05,False
T;T;N;N;A,L;M;K;K;L,"72,51,233,114,272",0.0003815293312072754,3.529981040628627e-05,False
T;T;N;N;R,L;M;K;K;N,"72,51,233,114,90",0.004311025142669678,0.00027032371144741774,False
T;T;N;N;R,L;M;K;K;T,"72,51,233,114,90",0.004466652870178223,0.0003116158477496356,False
T;T;N;N;G,L;M;K;K;T,"72,51,233,114,254",0.0003815293312072754,3.532892151270062e-05,False
T;T;N;N;R,L;M;K;K;P,"72,51,233,114,90",0.012117266654968262,0.000683674996253103,False
T;T;N;N;N,L;M;K;K;Y,"72,51,233,114,37",0.0003815293312072754,3.529981040628627e-05,False
T;T;N;N;Q,L;M;K;K;I,"72,51,233,114,182",0.8225822448730469,0.01993320882320404,True
T;T;N;N;R,L;M;K;K;A,"72,51,233,114,90",0.006043195724487305,0.00041986204450950027,False
T;T;N;N;K,L;M;K;K;F,"72,51,233,114,253",0.0003815293312072754,3.534278221195564e-05,False
T;T;N;N;Y,L;M;K;K;S,"72,51,233,114,63",0.0003815293312072754,3.739013118320145e-05,False
T;T;N;N;Q,L;M;K;K;M,"72,51,233,114,127",0.004263103008270264,0.0002810955047607422,False
T;T;N;N;Q,L;M;K;K;L,"72,51,233,114,182",0.6602998971939087,0.016012167558073997,False
T;T;N;N;K,L;M;K;K;A,"72,51,233,114,253",0.0003815293312072754,3.548694076016545e-05,False
T;T;N;N;K,L;M;K;K;V,"72,51,233,114,253",0.0003815293312072754,3.55132797267288e-05,False
T;T;N;N;Q,L;M;K;K;F,"72,51,233,114,182",0.4511667490005493,0.011281678453087807,False
T;T;N;N;R,L;M;K;K;D,"72,51,233,114,90",0.014555573463439941,0.0007426641532219946,False
T;T;N;N;Q,L;M;K;K;A,"72,51,233,114,127",0.0011267662048339844,9.073767432710156e-05,False
T;T;N;N;Y,L;M;K;K;T,"72,51,233,114,63",0.0003815293312072754,3.678438224596903e-05,False
T;T;N;N;Q,L;M;K;K;V,"72,51,233,114,182",0.7861027717590332,0.018910469487309456,True
T;T;N;N;K,L;M;K;K;L,"72,51,233,114,253",0.0003815293312072754,3.5445358662400395e-05,False
T;T;N;N;C,L;M;K;K;S,"72,51,233,114,289",0.0003815293312072754,3.529981040628627e-05,False
T;T;N;N;Y,L;M;K;K;G,"72,51,233,114,63",0.0003815293312072754,3.901193485944532e-05,False
T;T;N;N;M,L;M;K;K;V,"72,51,233,114,154",0.0003815293312072754,3.53164468833711e-05,False
T;T;N;N;Q,L;M;K;K;T,"72,51,233,114,127",0.0006337165832519531,5.7651552197057754e-05,False
T;T;N;N;A,L;M;K;K;D,"72,51,233,114,226",0.0003815293312072754,3.553545684553683e-05,False
T;T;N;N;C,L;M;K;K;A,"72,51,233,114,289",0.0003815293312072754,3.529981040628627e-05,False
T;T;N;N;R,L;M;K;K;Q,"72,51,233,114,224",0.0003815293312072754,3.529981040628627e-05,False
T;T;N;N;S,L;M;K;K;E,"72,51,233,114,136",0.0003815293312072754,3.529981040628627e-05,False
T;T;N;N;D,L;M;K;K;N,"72,51,233,114,186",0.12744390964508057,0.003038829192519188,False
T;T;N;N;R,L;M;K;K;A,"72,51,233,114,280",0.00043779611587524414,3.9858874515630305e-05,False
T;T;N;N;S,L;M;K;K;F,"72,51,233,114,238",0.4969698190689087,0.012193072587251663,False
T;T;N;N;S,L;M;K;K;Q,"72,51,233,114,188",0.0003815293312072754,4.365554923424497e-05,False
T;T;N;N;S,L;M;K;K;H,"72,51,233,114,214",0.2391982078552246,0.005704191047698259,False
T;T;N;N;L,L;M;K;K;F,"72,51,233,114,117",0.0003815293312072754,4.0367591282119974e-05,False
T;T;N;N;Q,L;M;K;K;Y,"72,51,233,114,119",0.0018875598907470703,0.00012334834900684655,False
T;T;N;N;G,L;M;K;K;A,"72,51,233,114,165",0.22909623384475708,0.005604318343102932,False
T;T;N;N;S,L;M;K;K;E,"72,51,233,114,121",0.004568338394165039,0.00016463635256513953,False
T;T;N;N;I,L;M;K;K;R,"72,51,233,114,168",0.003550410270690918,0.0002514318039175123,False
T;T;N;N;N,L;M;K;K;H,"72,51,233,114,205",0.17986446619033813,0.004289517644792795,False
T;T;N;N;S,L;M;K;K;Y,"72,51,233,114,269",0.0003815293312072754,3.529981040628627e-05,False
T;T;N;N;S,L;M;K;K;T,"72,51,233,114,214",0.07349812984466553,0.0017691212706267834,False
T;T;N;N;I,L;M;K;K;R,"72,51,233,114,218",0.006706297397613525,0.00026987181627191603,False
T;T;N;N;P,L;M;K;K;K,"72,51,233,114,120",0.39946919679641724,0.00936678983271122,False
T;T;N;N;M,L;M;K;K;H,"72,51,233,114,161",0.24976086616516113,0.00599473575130105,False
T;T;N;N;I,L;M;K;K;H,"72,51,233,114,168",0.004608631134033203,0.0002871543983928859,False
T;T;N;N;P,L;M;K;K;V,"72,51,233,114,184",0.5700466632843018,0.015116657130420208,False
T;T;N;N;W,L;M;K;K;P,"72,51,233,114,185",0.37204766273498535,0.00984703004360199,False
T;T;N;N;S,L;M;K;K;H,"72,51,233,114,187",0.00048530101776123047,5.35388317075558e-05,False
T;T;N;N;S,L;M;K;K;P,"72,51,233,114,188",0.0003815293312072754,3.688557262648828e-05,False
T;T;N;N;T,L;M;K;K;Y,"72,51,233,114,189",0.0032886266708374023,0.0001809333625715226,False
T;T;N;N;F,L;M;K;K;M,"72,51,233,114,191",0.0003815293312072754,3.532476330292411e-05,False
T;T;M;R;S,V;M;L;D;N,"198,51,262,90,124",0.014439582824707031,0.000740142771974206,False
T;T;M;R;G,V;M;L;D;Q,"198,51,262,90,243",0.014555573463439941,0.0007720090798102319,False
T;T;M;R;G,V;M;L;D;L,"198,51,262,90,243",0.014555573463439941,0.0007988173165358603,False
T;T;M;R;T,V;M;L;D;E,"198,51,262,90,270",0.014555573463439941,0.0007261938881129026,False
T;T;M;R;R,V;M;L;D;V,"198,51,262,90,34",0.014555573463439941,0.0007261938881129026,False
T;T;M;R;G,V;M;L;D;K,"198,51,262,90,243",0.014555573463439941,0.00073799560777843,False
T;T;M;R;D,V;M;L;D;Q,"198,51,262,90,220",0.014555573463439941,0.0007265043677762151,False
T;T;M;R;S,V;M;L;D;K,"198,51,262,90,124",0.014438867568969727,0.0007974477484822273,False
T;T;M;R;F,V;M;L;D;E,"198,51,262,90,271",0.014555573463439941,0.0007261938881129026,False
T;T;M;R;G,V;M;L;D;Q,"198,51,262,90,164",0.19870799779891968,0.005714162718504667,False
T;T;M;R;A,V;M;L;D;D,"198,51,262,90,130",0.014555573463439941,0.0007268412155099213,False
T;T;M;R;W,V;M;L;D;C,"198,51,262,90,257",0.014555573463439941,0.0007253760704770684,False
T;T;M;R;Q,V;M;L;D;N,"198,51,262,90,127",0.014560878276824951,0.0007534858887083828,False
T;T;M;R;Q,V;M;L;D;R,"198,51,262,90,127",0.014800310134887695,0.0007733661332167685,False
T;T;M;R;S,V;M;L;D;M,"198,51,262,90,238",0.3914560079574585,0.01017997320741415,False
T;T;M;R;F,V;M;L;D;M,"198,51,262,90,271",0.014555573463439941,0.0007261938881129026,False
T;T;M;R;S,V;M;L;D;A,"198,51,262,90,124",0.014670133590698242,0.0007557397475466132,False
T;T;M;R;G,V;M;L;D;I,"198,51,262,90,243",0.014555573463439941,0.0008081752457655966,False
T;T;M;R;Q,V;M;L;D;I,"198,51,262,90,127",0.014415621757507324,0.0011324051301926374,False
T;T;M;R;A,V;M;L;D;V,"198,51,262,90,65",0.014555573463439941,0.0007221781997941434,False
T;T;M;R;Q,V;M;L;D;E,"198,51,262,90,133",0.014555573463439941,0.0007261938881129026,False
T;T;M;R;S,V;M;L;D;T,"198,51,262,90,124",0.014556646347045898,0.000738816219381988,False
T;T;M;R;Q,V;M;L;D;K,"198,51,262,90,127",0.014722228050231934,0.0007592301117256284,False
T;T;M;R;Q,V;M;L;D;W,"198,51,262,90,133",0.014555573463439941,0.0007261938881129026,False
T;T;M;R;D,V;M;L;D;L,"198,51,262,90,220",0.014555573463439941,0.0007279889541678131,False
T;T;M;R;T,V;M;L;D;D,"198,51,262,90,88",0.02740347385406494,0.0013267120812088251,False
T;T;M;R;R,V;M;L;D;N,"198,51,262,90,132",0.014555573463439941,0.0007261938881129026,False
T;T;M;R;Q,V;M;L;D;D,"198,51,262,90,127",0.014420151710510254,0.0007305228500626981,False
T;T;M;R;A,V;M;L;D;Y,"198,51,262,90,215",0.5181105136871338,0.013595170341432095,False
T;T;M;R;L,V;M;L;D;K,"198,51,262,90,249",0.014555573463439941,0.0007262950530275702,False
T;T;M;R;R,V;M;L;D;Y,"198,51,262,90,123",0.014102697372436523,0.0009161067428067327,False
T;T;M;R;F,V;M;L;D;W,"198,51,262,90,271",0.014555573463439941,0.0007261938881129026,False
T;T;M;R;S,V;M;L;D;D,"198,51,262,90,58",0.014555573463439941,0.0007261938881129026,False
T;T;M;R;N,V;M;L;D;I,"198,51,262,90,37",0.014555573463439941,0.0007261938881129026,False
T;T;M;R;C,V;M;L;D;D,"198,51,262,90,289",0.014555573463439941,0.0007261938881129026,False
T;T;M;R;A,V;M;L;D;P,"198,51,262,90,152",0.014555573463439941,0.0007261938881129026,False
T;T;M;R;D,V;M;L;D;V,"198,51,262,90,186",0.7238578200340271,0.018053920939564705,True
T;T;M;R;G,V;M;L;D;P,"198,51,262,90,243",0.014555573463439941,0.0007364125922322273,False
T;T;M;R;S,V;M;L;D;E,"198,51,262,90,115",0.014555573463439941,0.0007012666901573539,False
T;T;M;R;L,V;M;L;D;Q,"198,51,262,90,216",0.014555573463439941,0.001096305437386036,False
T;T;M;R;N,V;M;L;D;P,"198,51,262,90,277",0.014555573463439941,0.0007261980208568275,False
T;T;M;R;R,V;M;L;D;Q,"198,51,262,90,132",0.014555573463439941,0.0007261938881129026,False
T;T;M;R;N,V;M;L;D;Y,"198,51,262,90,244",0.014555573463439941,0.000977751798927784,False
T;T;M;R;H,V;M;L;D;T,"198,51,262,90,104",0.014555573463439941,0.0007261938881129026,False
T;T;M;R;S,V;M;L;D;V,"198,51,262,90,58",0.014555573463439941,0.0007261938881129026,False
T;T;M;R;H,V;M;L;D;L,"198,51,262,90,104",0.014555573463439941,0.0007261938881129026,False
T;T;M;R;P,V;M;L;D;Q,"198,51,262,90,38",0.014555573463439941,0.0007261938881129026,False
T;T;M;R;R,V;M;L;D;L,"198,51,262,90,53",0.014555573463439941,0.0007261938881129026,False
T;T;M;R;A,V;M;L;D;T,"198,51,262,90,180",0.014383196830749512,0.0007830525282770395,False
T;T;M;R;P,V;M;L;D;D,"198,51,262,90,197",0.014555573463439941,0.0007274608360603452,False
T;T;M;R;A,V;M;L;D;M,"198,51,262,90,135",0.014555573463439941,0.0007261938881129026,False
T;T;M;R;I,V;M;L;D;L,"198,51,262,90,111",0.014418840408325195,0.0007085010292939842,False
T;T;M;R;G,V;M;L;D;S,"198,51,262,90,243",0.014555573463439941,0.0007313794922083616,False
T;T;M;R;Q,V;M;L;D;L,"198,51,262,90,127",0.014419615268707275,0.001062700874172151,False
T;T;M;R;Q,V;M;L;D;H,"198,51,262,90,127",0.014626145362854004,0.0007355019333772361,False
T;T;M;R;W,V;M;L;D;I,"198,51,262,90,159",0.28743016719818115,0.00832174252718687,False
T;T;M;R;Q,V;M;L;D;P,"198,51,262,90,127",0.014464497566223145,0.0007674943772144616,False
T;T;M;R;S,V;M;L;D;N,"198,51,262,90,103",0.014555573463439941,0.0007261938881129026,False
T;T;M;R;A,V;M;L;D;Y,"198,51,262,90,179",0.014555573463439941,0.0009219355415552855,False
T;T;M;R;W,V;M;L;D;K,"198,51,262,90,257",0.014555573463439941,0.0007237057434394956,False
T;T;M;R;L,V;M;L;D;M,"198,51,262,90,216",0.014555573463439941,0.000793502782471478,False
T;T;M;R;Q,V;M;L;D;E,"198,51,262,90,127",0.014418482780456543,0.0007954628090374172,False
T;T;M;R;G,V;M;L;D;A,"198,51,262,90,243",0.014555573463439941,0.0007404560456052423,False
T;T;M;R;A,V;M;L;D;N,"198,51,262,90,226",0.014555573463439941,0.0007266235770657659,False
T;T;M;R;L,V;M;L;D;I,"198,51,262,90,216",0.014555573463439941,0.0007341615273617208,False
T;T;M;R;C,V;M;L;D;L,"198,51,262,90,289",0.014555573463439941,0.0007261938881129026,False
T;T;M;R;S,V;M;L;D;E,"198,51,262,90,207",0.631908118724823,0.01613980159163475,False
T;T;M;R;M,V;M;L;D;L,"198,51,262,90,154",0.014555573463439941,0.0007262105355039239,False
T;T;M;R;M,V;M;L;D;P,"198,51,262,90,222",0.014555573463439941,0.0007262673461809754,False
T;T;M;R;G,V;M;L;D;T,"198,51,262,90,251",0.014555573463439941,0.0007268800400197506,False
T;T;M;R;P,V;M;L;D;L,"198,51,262,90,38",0.014555573463439941,0.0007261938881129026,False
T;T;M;R;L,V;M;L;D;W,"198,51,262,90,216",0.014555573463439941,0.0010908163385465741,False
T;T;M;R;T,V;M;L;D;L,"198,51,262,90,72",0.014555573463439941,0.0007261938881129026,False
T;T;M;R;S,V;M;L;D;P,"198,51,262,90,245",0.014555573463439941,0.0007312145316973329,False
T;T;M;R;I,V;M;L;D;W,"198,51,262,90,111",0.013198018074035645,0.0007862822967581451,False
T;T;M;R;L,V;M;L;D;D,"198,51,262,90,249",0.014555573463439941,0.0007277907570824027,False
T;T;M;R;E,V;M;L;D;K,"198,51,262,90,231",0.014555573463439941,0.0007772722747176886,False
T;T;M;R;D,V;M;L;D;K,"198,51,262,90,263",0.014555573463439941,0.0007261938881129026,False
T;T;M;R;L,V;M;L;D;E,"198,51,262,90,216",0.018210649490356445,0.001560463453643024,False
T;T;M;R;S,V;M;L;D;T,"198,51,262,90,121",0.014555573463439941,0.0007300501456484199,False
T;T;M;R;I,V;M;L;D;H,"198,51,262,90,145",0.014555573463439941,0.0007261938881129026,False
T;T;M;R;I,V;M;L;D;L,"198,51,262,90,145",0.014555573463439941,0.0007261938881129026,False
T;T;M;R;H,V;M;L;D;M,"198,51,262,90,104",0.014555573463439941,0.0007261938881129026,False
T;T;M;R;R,V;M;L;D;P,"198,51,262,90,280",0.014555573463439941,0.0007623087731190026,False
T;T;M;R;L,V;M;L;D;F,"198,51,262,90,216",0.014555573463439941,0.000778037472628057,False
T;T;M;R;S,V;M;L;D;D,"198,51,262,90,103",0.014555573463439941,0.0007261938881129026,False
T;T;M;R;I,V;M;L;D;V,"198,51,262,90,200",0.014555573463439941,0.00073591637192294,False
T;T;M;R;T,V;M;L;D;K,"198,51,262,90,88",0.010724127292633057,0.0005658740410581231,False
T;T;M;R;N,V;M;L;D;K,"198,51,262,90,138",0.014555573463439941,0.0007261938881129026,False
T;T;M;R;A,V;M;L;D;L,"198,51,262,90,65",0.014555573463439941,0.0007190066971816123,False
T;T;M;R;Q,V;M;L;D;T,"198,51,262,90,91",0.015413463115692139,0.0009561347542330623,False
T;T;M;R;G,V;M;L;D;D,"198,51,262,90,163",0.40426701307296753,0.01106575783342123,False
T;T;M;R;A,V;M;L;D;M,"198,51,262,90,65",0.014555573463439941,0.0007139028748497367,False
T;T;M;R;K,V;M;L;D;L,"198,51,262,90,252",0.014555573463439941,0.0007262645522132516,False
T;T;M;R;V,V;M;L;D;D,"198,51,262,90,57",0.014555573463439941,0.0007261938881129026,False
T;T;M;R;Q,V;M;L;D;V,"198,51,262,90,127",0.014416217803955078,0.0010439504403620958,False
T;T;M;R;V,V;M;L;D;C,"198,51,262,90,281",0.014555573463439941,0.0007402093033306301,False
T;T;M;R;T,V;M;L;D;V,"198,51,262,90,72",0.014555573463439941,0.0007261938881129026,False
T;T;M;R;Q,V;M;L;D;N,"198,51,262,90,133",0.014555573463439941,0.0007261938881129026,False
T;T;M;R;R,V;M;L;D;K,"198,51,262,90,53",0.014555573463439941,0.0007261938881129026,False
T;T;M;R;S,V;M;L;D;P,"198,51,262,90,125",0.014555573463439941,0.0007308388594537973,False
T;T;M;R;T,V;M;L;D;Q,"198,51,262,90,88",0.012268424034118652,0.0006433281814679503,False
T;T;M;R;N,V;M;L;D;L,"198,51,262,90,138",0.014555573463439941,0.0007261938881129026,False
T;T;M;R;H,V;M;L;D;R,"198,51,262,90,104",0.014555573463439941,0.0007261938881129026,False
T;T;M;R;W,V;M;L;D;P,"198,51,262,90,159",0.33233141899108887,0.009866150096058846,False
T;T;M;R;S,V;M;L;D;Y,"198,51,262,90,242",0.014555573463439941,0.0008025086135603487,False
T;T;M;R;A,V;M;L;D;F,"198,51,262,90,65",0.014555573463439941,0.0007114923209883273,False
T;T;M;R;G,V;M;L;D;H,"198,51,262,90,251",0.014555573463439941,0.0007282620063051581,False
T;T;M;R;L,V;M;L;D;P,"198,51,262,90,216",0.014555573463439941,0.0010289009660482407,False
T;T;M;R;S,V;M;L;D;W,"198,51,262,90,58",0.014555573463439941,0.0007261938881129026,False
T;T;M;R;A,V;M;L;D;E,"198,51,262,90,152",0.014555573463439941,0.0007261938881129026,False
T;T;M;R;T,V;M;L;D;N,"198,51,262,90,88",0.014827847480773926,0.0007367688813246787,False
T;T;M;R;S,V;M;L;D;K,"198,51,262,90,58",0.014555573463439941,0.0007261938881129026,False
T;T;M;R;L,V;M;L;D;C,"198,51,262,90,249",0.014555573463439941,0.0007261980208568275,False
T;T;M;R;N,V;M;L;D;T,"198,51,262,90,190",0.014555573463439941,0.0007264059386216104,False
T;T;M;R;S,V;M;L;D;V,"198,51,262,90,223",0.014555573463439941,0.0007261938881129026,False
T;T;M;R;A,V;M;L;D;W,"198,51,262,90,65",0.014555573463439941,0.0007019985350780189,False
T;T;M;R;K,V;M;L;D;Y,"198,51,262,90,253",0.014555573463439941,0.0007262784638442099,False
T;T;M;R;T,V;M;L;D;M,"198,51,262,90,29",0.014555573463439941,0.0007261938881129026,False
T;T;M;R;A,V;M;L;D;L,"198,51,262,90,272",0.014555573463439941,0.0007261938881129026,False
T;T;M;R;G,V;M;L;D;T,"198,51,262,90,254",0.014555573463439941,0.0007268536719493568,False
T;T;M;R;N,V;M;L;D;Y,"198,51,262,90,37",0.014555573463439941,0.0007261938881129026,False
T;T;M;R;Q,V;M;L;D;I,"198,51,262,90,182",0.820452868938446,0.02064492739737034,True
T;T;M;R;K,V;M;L;D;F,"198,51,262,90,253",0.014555573463439941,0.0007262520957738161,False
T;T;M;R;Y,V;M;L;D;S,"198,51,262,90,63",0.014555573463439941,0.0007420251495204866,False
T;T;M;R;Q,V;M;L;D;M,"198,51,262,90,127",0.01443105936050415,0.0009730277815833688,False
T;T;M;R;Q,V;M;L;D;L,"198,51,262,90,182",0.6587477922439575,0.016732232645154,False
T;T;M;R;K,V;M;L;D;A,"198,51,262,90,253",0.014555573463439941,0.0007263366715051234,False
T;T;M;R;K,V;M;L;D;V,"198,51,262,90,253",0.014555573463439941,0.0007263657753355801,False
T;T;M;R;Q,V;M;L;D;F,"198,51,262,90,182",0.4501078724861145,0.012012282386422157,False
T;T;M;R;Q,V;M;L;D;A,"198,51,262,90,127",0.01443791389465332,0.0007863502250984311,False
T;T;M;R;Y,V;M;L;D;T,"198,51,262,90,63",0.014555573463439941,0.0007389520760625601,False
T;T;M;R;Q,V;M;L;D;V,"198,51,262,90,182",0.7841917276382446,0.019622990861535072,True
T;T;M;R;K,V;M;L;D;L,"198,51,262,90,253",0.014555573463439941,0.0007263130974024534,False
T;T;M;R;C,V;M;L;D;S,"198,51,262,90,289",0.014555573463439941,0.0007261938881129026,False
T;T;M;R;Y,V;M;L;D;G,"198,51,262,90,63",0.014555573463439941,0.0007487396942451596,False
T;T;M;R;M,V;M;L;D;V,"198,51,262,90,154",0.014555573463439941,0.0007261966820806265,False
T;T;M;R;Q,V;M;L;D;T,"198,51,262,90,127",0.014496147632598877,0.0007508203270845115,False
T;T;M;R;A,V;M;L;D;D,"198,51,262,90,226",0.014555573463439941,0.0007269479683600366,False
T;T;M;R;C,V;M;L;D;A,"198,51,262,90,289",0.014555573463439941,0.0007261938881129026,False
T;T;M;R;R,V;M;L;D;Q,"198,51,262,90,224",0.014555573463439941,0.0007261938881129026,False
T;T;M;R;N,V;M;L;D;K,"198,51,262,90,233",0.014555573463439941,0.0007613329216837883,False
T;T;M;R;S,V;M;L;D;E,"198,51,262,90,136",0.014555573463439941,0.0007261938881129026,False
T;T;M;R;D,V;M;L;D;N,"198,51,262,90,186",0.12744390964508057,0.0037404492031782866,False
T;T;M;R;R,V;M;L;D;A,"198,51,262,90,280",0.014555573463439941,0.0007392680854536593,False
T;T;M;R;S,V;M;L;D;F,"198,51,262,90,238",0.4964901804924011,0.012855815701186657,False
T;T;M;R;S,V;M;L;D;Q,"198,51,262,90,188",0.014555573463439941,0.0007343098404817283,False
T;T;M;R;S,V;M;L;D;H,"198,51,262,90,214",0.2391982078552246,0.006395137403160334,False
T;T;M;R;L,V;M;L;D;F,"198,51,262,90,117",0.013960301876068115,0.0006953768897801638,False
T;T;M;R;Q,V;M;L;D;Y,"198,51,262,90,119",0.014201521873474121,0.0007932088919915259,False
T;T;M;R;G,V;M;L;D;A,"198,51,262,90,165",0.22909623384475708,0.006291414611041546,False
T;T;M;R;S,V;M;L;D;E,"198,51,262,90,121",0.014555573463439941,0.0008531379280611873,False
T;T;M;R;I,V;M;L;D;R,"198,51,262,90,168",0.014555573463439941,0.0009401925490237772,False
T;T;M;R;N,V;M;L;D;H,"198,51,262,90,205",0.19229942560195923,0.005250340327620506,False
T;T;M;R;S,V;M;L;D;Y,"198,51,262,90,269",0.014555573463439941,0.0007261938881129026,False
T;T;M;R;S,V;M;L;D;T,"198,51,262,90,214",0.07349812984466553,0.0024609039537608624,False
T;T;M;R;I,V;M;L;D;R,"198,51,262,90,218",0.014555573463439941,0.0009619565680623055,False
T;T;M;R;P,V;M;L;D;K,"198,51,262,90,120",0.3988921642303467,0.010037780739367008,False
T;T;M;R;M,V;M;L;D;H,"198,51,262,90,161",0.2492181658744812,0.006559725385159254,False
T;T;M;R;I,V;M;L;D;H,"198,51,262,90,168",0.014555573463439941,0.000975373201072216,False
T;T;M;R;N,V;M;L;D;K,"198,51,262,90,114",0.014555573463439941,0.000732170999981463,False
T;T;M;R;P,V;M;L;D;V,"198,51,262,90,184",0.5693881511688232,0.015864478424191475,False
T;T;M;R;W,V;M;L;D;P,"198,51,262,90,185",0.37204766273498535,0.010569946840405464,False
T;T;M;R;S,V;M;L;D;H,"198,51,262,90,187",0.014555573463439941,0.0007437481544911861,False
T;T;M;R;S,V;M;L;D;P,"198,51,262,90,188",0.014555573463439941,0.0007276840042322874,False
T;T;M;R;T,V;M;L;D;Y,"198,51,262,90,189",0.014555573463439941,0.0008703608764335513,False
T;T;M;R;F,V;M;L;D;M,"198,51,262,90,191",0.014555573463439941,0.0007260830025188625,False
A;M;G;N;S,M;L;A;K;N,"135,154,165,233,124",0.231955885887146,0.005678047891706228,False
A;M;G;N;G,M;L;A;K;Q,"135,154,165,233,243",0.22909623384475708,0.005656074732542038,False
A;M;G;N;G,M;L;A;K;L,"135,154,165,233,243",0.22909623384475708,0.005674224812537432,False
A;M;G;N;T,M;L;A;K;E,"135,154,165,233,270",0.22909623384475708,0.005605755839496851,False
A;M;G;N;R,M;L;A;K;V,"135,154,165,233,34",0.22909623384475708,0.005605755839496851,False
A;M;G;N;G,M;L;A;K;K,"135,154,165,233,243",0.22909623384475708,0.005615999456495047,False
A;M;G;N;D,M;L;A;K;Q,"135,154,165,233,220",0.22909623384475708,0.005606038495898247,False
A;M;G;N;S,M;L;A;K;K,"135,154,165,233,124",0.23524940013885498,0.005883022677153349,False
A;M;G;N;F,M;L;A;K;E,"135,154,165,233,271",0.22909623384475708,0.005605755839496851,False
A;M;G;N;G,M;L;A;K;Q,"135,154,165,233,164",0.23820888996124268,0.010791639797389507,False
A;M;G;N;A,M;L;A;K;D,"135,154,165,233,130",0.2290228009223938,0.005616850685328245,False
A;M;G;N;W,M;L;A;K;C,"135,154,165,233,257",0.22909623384475708,0.005600774195045233,False
A;M;G;N;Q,M;L;A;K;N,"135,154,165,233,127",0.23162949085235596,0.00564090721309185,False
A;M;G;N;Q,M;L;A;K;R,"135,154,165,233,127",0.23315143585205078,0.005752883851528168,False
A;M;G;N;S,M;L;A;K;M,"135,154,165,233,238",0.39194828271865845,0.015081621706485748,False
A;M;G;N;F,M;L;A;K;M,"135,154,165,233,271",0.22909623384475708,0.005605755839496851,False
A;M;G;N;S,M;L;A;K;A,"135,154,165,233,124",0.225896954536438,0.005622951313853264,False
A;M;G;N;G,M;L;A;K;I,"135,154,165,233,243",0.22909623384475708,0.005683268420398235,False
A;M;G;N;Q,M;L;A;K;I,"135,154,165,233,127",0.21072781085968018,0.005620385520160198,False
A;M;G;N;A,M;L;A;K;V,"135,154,165,233,65",0.22909623384475708,0.005607360973954201,False
A;M;G;N;Q,M;L;A;K;E,"135,154,165,233,133",0.22909623384475708,0.005605755839496851,False
A;M;G;N;S,M;L;A;K;T,"135,154,165,233,124",0.22786235809326172,0.00564497010782361,False
A;M;G;N;Q,M;L;A;K;K,"135,154,165,233,127",0.23453283309936523,0.005714391358196735,False
A;M;G;N;Q,M;L;A;K;W,"135,154,165,233,133",0.22909623384475708,0.005605755839496851,False
A;M;G;N;D,M;L;A;K;L,"135,154,165,233,220",0.22909623384475708,0.0056076631881296635,False
A;M;G;N;T,M;L;A;K;D,"135,154,165,233,88",0.22909623384475708,0.005806197877973318,False
A;M;G;N;R,M;L;A;K;N,"135,154,165,233,132",0.22909623384475708,0.005605755839496851,False
A;M;G;N;Q,M;L;A;K;D,"135,154,165,233,127",0.22409439086914062,0.005515643395483494,False
A;M;G;N;A,M;L;A;K;Y,"135,154,165,233,215",0.5183595418930054,0.018532317131757736,False
A;M;G;N;L,M;L;A;K;K,"135,154,165,233,249",0.22909623384475708,0.005605844780802727,False
A;M;G;N;R,M;L;A;K;Y,"135,154,165,233,123",0.21474337577819824,0.005580128636211157,False
A;M;G;N;F,M;L;A;K;W,"135,154,165,233,271",0.22909623384475708,0.005605755839496851,False
A;M;G;N;S,M;L;A;K;D,"135,154,165,233,58",0.22909623384475708,0.005605755839496851,False
A;M;G;N;N,M;L;A;K;I,"135,154,165,233,37",0.22909623384475708,0.005605755839496851,False
A;M;G;N;C,M;L;A;K;D,"135,154,165,233,289",0.22909623384475708,0.005605755839496851,False
A;M;G;N;A,M;L;A;K;P,"135,154,165,233,152",0.22909623384475708,0.005605755839496851,False
A;M;G;N;D,M;L;A;K;V,"135,154,165,233,186",0.714148759841919,0.022253846749663353,True
A;M;G;N;G,M;L;A;K;P,"135,154,165,233,243",0.22909623384475708,0.005617743358016014,False
A;M;G;N;S,M;L;A;K;E,"135,154,165,233,115",0.22909623384475708,0.005614323541522026,False
A;M;G;N;L,M;L;A;K;Q,"135,154,165,233,216",0.22909623384475708,0.0059867845848202705,False
A;M;G;N;N,M;L;A;K;P,"135,154,165,233,277",0.22909623384475708,0.005605596583336592,False
A;M;G;N;R,M;L;A;K;Q,"135,154,165,233,132",0.22909623384475708,0.005605755839496851,False
A;M;G;N;N,M;L;A;K;Y,"135,154,165,233,244",0.22909623384475708,0.00584439467638731,False
A;M;G;N;H,M;L;A;K;T,"135,154,165,233,104",0.22909623384475708,0.005605755839496851,False
A;M;G;N;S,M;L;A;K;V,"135,154,165,233,58",0.22909623384475708,0.005605755839496851,False
A;M;G;N;H,M;L;A;K;L,"135,154,165,233,104",0.22909623384475708,0.005605755839496851,False
A;M;G;N;P,M;L;A;K;Q,"135,154,165,233,38",0.22909623384475708,0.005605755839496851,False
A;M;G;N;R,M;L;A;K;L,"135,154,165,233,53",0.22909623384475708,0.005605755839496851,False
A;M;G;N;A,M;L;A;K;T,"135,154,165,233,180",0.22918343544006348,0.005605040583759546,False
A;M;G;N;P,M;L;A;K;D,"135,154,165,233,197",0.22909623384475708,0.005606604274362326,False
A;M;G;N;T,M;L;A;K;V,"135,154,165,233,198",0.22909623384475708,0.005615051370114088,False
A;M;G;N;I,M;L;A;K;L,"135,154,165,233,111",0.22910934686660767,0.0055981650948524475,False
A;M;G;N;G,M;L;A;K;S,"135,154,165,233,243",0.22909623384475708,0.005611300468444824,False
A;M;G;N;Q,M;L;A;K;L,"135,154,165,233,127",0.21271657943725586,0.005605179350823164,False
A;M;G;N;Q,M;L;A;K;H,"135,154,165,233,127",0.22964352369308472,0.0056348759680986404,False
A;M;G;N;W,M;L;A;K;I,"135,154,165,233,159",0.28726261854171753,0.012798571027815342,False
A;M;G;N;Q,M;L;A;K;P,"135,154,165,233,127",0.22999191284179688,0.00561921251937747,False
A;M;G;N;S,M;L;A;K;N,"135,154,165,233,103",0.22909623384475708,0.005605755839496851,False
A;M;G;N;A,M;L;A;K;Y,"135,154,165,233,179",0.2292647361755371,0.005850573070347309,False
A;M;G;N;W,M;L;A;K;K,"135,154,165,233,257",0.22909623384475708,0.005608194041997194,False
A;M;G;N;L,M;L;A;K;M,"135,154,165,233,216",0.22909623384475708,0.005677048582583666,False
A;M;G;N;Q,M;L;A;K;E,"135,154,165,233,127",0.21972090005874634,0.0055048661306500435,False
A;M;G;N;G,M;L;A;K;A,"135,154,165,233,243",0.22909623384475708,0.0056183976121246815,False
A;M;G;N;A,M;L;A;K;N,"135,154,165,233,226",0.22909623384475708,0.005605905782431364,False
A;M;G;N;L,M;L;A;K;I,"135,154,165,233,216",0.22909623384475708,0.005611947737634182,False
A;M;G;N;C,M;L;A;K;L,"135,154,165,233,289",0.22909623384475708,0.005605755839496851,False
A;M;G;N;S,M;L;A;K;E,"135,154,165,233,207",0.6319328546524048,0.020981671288609505,False
A;M;G;N;M,M;L;A;K;P,"135,154,165,233,222",0.22909623384475708,0.005605802871286869,False
A;M;G;N;G,M;L;A;K;T,"135,154,165,233,251",0.22909623384475708,0.005606124643236399,False
A;M;G;N;P,M;L;A;K;L,"135,154,165,233,38",0.22909623384475708,0.005605755839496851,False
A;M;G;N;L,M;L;A;K;W,"135,154,165,233,216",0.22909623384475708,0.005976381711661816,False
A;M;G;N;T,M;L;A;K;L,"135,154,165,233,72",0.22909623384475708,0.005605755839496851,False
A;M;G;N;S,M;L;A;K;P,"135,154,165,233,245",0.22909623384475708,0.005611943546682596,False
A;M;G;N;I,M;L;A;K;W,"135,154,165,233,111",0.2293100357055664,0.005851630587130785,False
A;M;G;N;L,M;L;A;K;D,"135,154,165,233,249",0.22909623384475708,0.005606896709650755,False
A;M;G;N;E,M;L;A;K;K,"135,154,165,233,231",0.22909623384475708,0.005704160314053297,False
A;M;G;N;D,M;L;A;K;K,"135,154,165,233,263",0.22909623384475708,0.005605755839496851,False
A;M;G;N;T,M;L;A;K;M,"135,154,165,233,51",0.22909623384475708,0.005605755839496851,False
A;M;G;N;L,M;L;A;K;E,"135,154,165,233,216",0.22909623384475708,0.006447646301239729,False
A;M;G;N;S,M;L;A;K;T,"135,154,165,233,121",0.2277030348777771,0.005579941440373659,False
A;M;G;N;I,M;L;A;K;H,"135,154,165,233,145",0.22909623384475708,0.005605755839496851,False
A;M;G;N;I,M;L;A;K;L,"135,154,165,233,145",0.22909623384475708,0.005605755839496851,False
A;M;G;N;H,M;L;A;K;M,"135,154,165,233,104",0.22909623384475708,0.005605755839496851,False
A;M;G;N;R,M;L;A;K;P,"135,154,165,233,280",0.22909623384475708,0.005629471503198147,False
A;M;G;N;L,M;L;A;K;F,"135,154,165,233,216",0.22909623384475708,0.005659078247845173,False
A;M;G;N;S,M;L;A;K;D,"135,154,165,233,103",0.22909623384475708,0.005605755839496851,False
A;M;G;N;I,M;L;A;K;V,"135,154,165,233,200",0.22909623384475708,0.005622669588774443,False
A;M;G;N;T,M;L;A;K;K,"135,154,165,233,88",0.22909623384475708,0.005660511553287506,False
A;M;G;N;N,M;L;A;K;K,"135,154,165,233,138",0.22909623384475708,0.005605755839496851,False
A;M;G;N;A,M;L;A;K;L,"135,154,165,233,65",0.22909623384475708,0.005608893930912018,False
A;M;G;N;Q,M;L;A;K;T,"135,154,165,233,91",0.2289220690727234,0.005645709112286568,False
A;M;G;N;G,M;L;A;K;D,"135,154,165,233,163",0.4139641523361206,0.016195138916373253,False
A;M;G;N;A,M;L;A;K;M,"135,154,165,233,65",0.22909623384475708,0.005611669272184372,False
A;M;G;N;K,M;L;A;K;L,"135,154,165,233,252",0.22909623384475708,0.005605828016996384,False
A;M;G;N;V,M;L;A;K;D,"135,154,165,233,57",0.22909623384475708,0.005605755839496851,False
A;M;G;N;Q,M;L;A;K;V,"135,154,165,233,127",0.21220123767852783,0.005578735377639532,False
A;M;G;N;V,M;L;A;K;C,"135,154,165,233,281",0.22909623384475708,0.005612729582935572,False
A;M;G;N;T,M;L;A;K;V,"135,154,165,233,72",0.22909623384475708,0.005605755839496851,False
A;M;G;N;Q,M;L;A;K;N,"135,154,165,233,133",0.22909623384475708,0.005605755839496851,False
A;M;G;N;R,M;L;A;K;K,"135,154,165,233,53",0.22909623384475708,0.005605755839496851,False
A;M;G;N;S,M;L;A;K;P,"135,154,165,233,125",0.23103654384613037,0.005658160895109177,False
A;M;G;N;T,M;L;A;K;Q,"135,154,165,233,88",0.22909623384475708,0.005638639442622662,False
A;M;G;N;N,M;L;A;K;L,"135,154,165,233,138",0.22909623384475708,0.005605755839496851,False
A;M;G;N;H,M;L;A;K;R,"135,154,165,233,104",0.22909623384475708,0.005605755839496851,False
A;M;G;N;W,M;L;A;K;P,"135,154,165,233,159",0.33245086669921875,0.014112254604697227,False
A;M;G;N;S,M;L;A;K;Y,"135,154,165,233,242",0.22909623384475708,0.005708795506507158,False
A;M;G;N;A,M;L;A;K;F,"135,154,165,233,65",0.22909623384475708,0.005613074637949467,False
A;M;G;N;G,M;L;A;K;H,"135,154,165,233,251",0.22909623384475708,0.005607305560261011,False
A;M;G;N;L,M;L;A;K;P,"135,154,165,233,216",0.22909623384475708,0.005918954499065876,False
A;M;G;N;S,M;L;A;K;W,"135,154,165,233,58",0.22909623384475708,0.005605755839496851,False
A;M;G;N;A,M;L;A;K;E,"135,154,165,233,152",0.22909623384475708,0.005605755839496851,False
A;M;G;N;T,M;L;A;K;N,"135,154,165,233,88",0.22909623384475708,0.005629216320812702,False
A;M;G;N;T,M;L;A;K;N,"135,154,165,233,198",0.22909623384475708,0.005617610178887844,False
A;M;G;N;S,M;L;A;K;K,"135,154,165,233,58",0.22909623384475708,0.005605755839496851,False
A;M;G;N;L,M;L;A;K;C,"135,154,165,233,249",0.22909623384475708,0.005605785176157951,False
A;M;G;N;N,M;L;A;K;T,"135,154,165,233,190",0.22909623384475708,0.005603525321930647,False
A;M;G;N;S,M;L;A;K;V,"135,154,165,233,223",0.22909623384475708,0.005605755839496851,False
A;M;G;N;A,M;L;A;K;W,"135,154,165,233,65",0.22909623384475708,0.005619570147246122,False
A;M;G;N;K,M;L;A;K;Y,"135,154,165,233,253",0.22909623384475708,0.005605786573141813,False
A;M;G;N;R,M;L;A;K;S,"135,154,165,233,90",0.22909623384475708,0.006057123653590679,False
A;M;G;N;T,M;L;A;K;M,"135,154,165,233,29",0.22909623384475708,0.005605755839496851,False
A;M;G;N;M,M;L;A;K;L,"135,154,165,233,262",0.22909623384475708,0.005605755839496851,False
A;M;G;N;A,M;L;A;K;L,"135,154,165,233,272",0.22909623384475708,0.005605755839496851,False
A;M;G;N;R,M;L;A;K;N,"135,154,165,233,90",0.22909623384475708,0.005835277959704399,False
A;M;G;N;R,M;L;A;K;T,"135,154,165,233,90",0.22909623384475708,0.005864015780389309,False
A;M;G;N;G,M;L;A;K;T,"135,154,165,233,254",0.22909623384475708,0.005606311839073896,False
A;M;G;N;R,M;L;A;K;P,"135,154,165,233,90",0.22909623384475708,0.0062383925542235374,False
A;M;G;N;N,M;L;A;K;Y,"135,154,165,233,37",0.22909623384475708,0.005605755839496851,False
A;M;G;N;Q,M;L;A;K;I,"135,154,165,233,182",0.821577787399292,0.0255878996104002,True
A;M;G;N;R,M;L;A;K;A,"135,154,165,233,90",0.22909623384475708,0.005957161076366901,False
A;M;G;N;K,M;L;A;K;F,"135,154,165,233,253",0.22909623384475708,0.005605798680335283,False
A;M;G;N;Y,M;L;A;K;S,"135,154,165,233,63",0.22921150922775269,0.005598694551736116,False
A;M;G;N;Q,M;L;A;K;M,"135,154,165,233,127",0.2166118621826172,0.005612451117485762,False
A;M;G;N;Q,M;L;A;K;L,"135,154,165,233,182",0.6594984531402588,0.02166006527841091,False
A;M;G;N;K,M;L;A;K;A,"135,154,165,233,253",0.22909623384475708,0.005605943035334349,False
A;M;G;N;K,M;L;A;K;V,"135,154,165,233,253",0.22909623384475708,0.005605969112366438,False
A;M;G;N;Q,M;L;A;K;F,"135,154,165,233,182",0.45070165395736694,0.016983728855848312,False
A;M;G;N;R,M;L;A;K;D,"135,154,165,233,90",0.22909623384475708,0.006316864397376776,False
A;M;G;N;Q,M;L;A;K;A,"135,154,165,233,127",0.2244066596031189,0.005568523891270161,False
A;M;G;N;Y,M;L;A;K;T,"135,154,165,233,63",0.22919166088104248,0.005599739961326122,False
A;M;G;N;Q,M;L;A;K;V,"135,154,165,233,182",0.7851306200027466,0.024536166340112686,True
A;M;G;N;K,M;L;A;K;L,"135,154,165,233,253",0.22909623384475708,0.005605901591479778,False
A;M;G;N;C,M;L;A;K;S,"135,154,165,233,289",0.22909623384475708,0.005605755839496851,False
A;M;G;N;Y,M;L;A;K;G,"135,154,165,233,63",0.22925007343292236,0.005596674978733063,False
A;M;G;N;Q,M;L;A;K;T,"135,154,165,233,127",0.22755897045135498,0.005578361451625824,False
A;M;G;N;A,M;L;A;K;D,"135,154,165,233,226",0.22909623384475708,0.005606027320027351,False
A;M;G;N;C,M;L;A;K;A,"135,154,165,233,289",0.22909623384475708,0.005605755839496851,False
A;M;G;N;R,M;L;A;K;Q,"135,154,165,233,224",0.22909623384475708,0.005605755839496851,False
A;M;G;N;S,M;L;A;K;E,"135,154,165,233,136",0.22909623384475708,0.005605755839496851,False
A;M;G;N;D,M;L;A;K;N,"135,154,165,233,186",0.23145067691802979,0.008845842443406582,False
A;M;G;N;R,M;L;A;K;A,"135,154,165,233,280",0.22909623384475708,0.005610315129160881,False
A;M;G;N;S,M;L;A;K;F,"135,154,165,233,238",0.4969698190689087,0.017760710790753365,False
A;M;G;N;S,M;L;A;K;Q,"135,154,165,233,188",0.22899997234344482,0.005598859861493111,False
A;M;G;N;S,M;L;A;K;H,"135,154,165,233,214",0.23909205198287964,0.011322984471917152,False
A;M;G;N;L,M;L;A;K;F,"135,154,165,233,117",0.22909623384475708,0.005619183648377657,False
A;M;G;N;Q,M;L;A;K;Y,"135,154,165,233,119",0.22917968034744263,0.0057786135002970695,False
A;M;G;N;S,M;L;A;K;E,"135,154,165,233,121",0.2312597632408142,0.005757798906415701,False
A;M;G;N;I,M;L;A;K;R,"135,154,165,233,168",0.2501746416091919,0.006296356208622456,False
A;M;G;N;N,M;L;A;K;H,"135,154,165,233,205",0.22909623384475708,0.009859958663582802,False
A;M;G;N;S,M;L;A;K;Y,"135,154,165,233,269",0.22909623384475708,0.005605755839496851,False
A;M;G;N;S,M;L;A;K;T,"135,154,165,233,214",0.22906577587127686,0.0073609380051493645,False
A;M;G;N;I,M;L;A;K;R,"135,154,165,233,218",0.22909623384475708,0.005847350228577852,False
A;M;G;N;P,M;L;A;K;K,"135,154,165,233,120",0.39429008960723877,0.014947596937417984,False
A;M;G;N;M,M;L;A;K;H,"135,154,165,233,161",0.2644556760787964,0.012098252773284912,False
A;M;G;N;I,M;L;A;K;H,"135,154,165,233,168",0.24369752407073975,0.006174665410071611,False
A;M;G;N;N,M;L;A;K;K,"135,154,165,233,114",0.22909623384475708,0.005604264326393604,False
A;M;G;N;P,M;L;A;K;V,"135,154,165,233,184",0.5685247182846069,0.02125571109354496,False
A;M;G;N;W,M;L;A;K;P,"135,154,165,233,185",0.3716543912887573,0.015066887252032757,False
A;M;G;N;S,M;L;A;K;H,"135,154,165,233,187",0.2289983630180359,0.005651227198541164,False
A;M;G;N;S,M;L;A;K;P,"135,154,165,233,188",0.22903072834014893,0.005597799550741911,False
A;M;G;N;T,M;L;A;K;Y,"135,154,165,233,189",0.22895419597625732,0.005800214130431414,False
A;M;G;N;F,M;L;A;K;M,"135,154,165,233,191",0.2290511131286621,0.005605175159871578,False
N;S;S;R;S,K;T;W;D;N,"233,214,58,90,124",0.07349812984466553,0.002485063159838319,False
N;S;S;R;G,K;T;W;D;Q,"233,214,58,90,243",0.07349812984466553,0.0025147725827991962,False
N;S;S;R;G,K;T;W;D;L,"233,214,58,90,243",0.07349812984466553,0.0025424263440072536,False
N;S;S;R;T,K;T;W;D;E,"233,214,58,90,270",0.07349812984466553,0.0024704558309167624,False
N;S;S;R;R,K;T;W;D;V,"233,214,58,90,34",0.07349812984466553,0.0024704558309167624,False
N;S;S;R;G,K;T;W;D;K,"233,214,58,90,243",0.07349812984466553,0.0024814328644424677,False
N;S;S;R;D,K;T;W;D;Q,"233,214,58,90,220",0.07462239265441895,0.0024956075940281153,False
N;S;S;R;S,K;T;W;D;K,"233,214,58,90,124",0.07349812984466553,0.0025485518854111433,False
N;S;S;R;F,K;T;W;D;E,"233,214,58,90,271",0.07349812984466553,0.0024704558309167624,False
N;S;S;R;G,K;T;W;D;Q,"233,214,58,90,164",0.1990073323249817,0.007376562803983688,False
N;S;S;R;A,K;T;W;D;D,"233,214,58,90,130",0.07349812984466553,0.002471717307344079,False
N;S;S;R;W,K;T;W;D;C,"233,214,58,90,257",0.07349812984466553,0.002470667939633131,False
N;S;S;R;Q,K;T;W;D;N,"233,214,58,90,127",0.07349812984466553,0.0024948036298155785,False
N;S;S;R;Q,K;T;W;D;R,"233,214,58,90,127",0.07349812984466553,0.002521100454032421,False
N;S;S;R;S,K;T;W;D;M,"233,214,58,90,238",0.39194828271865845,0.011955172754824162,False
N;S;S;R;F,K;T;W;D;M,"233,214,58,90,271",0.07349812984466553,0.0024704558309167624,False
N;S;S;R;S,K;T;W;D;A,"233,214,58,90,124",0.07349812984466553,0.0025037541054189205,False
N;S;S;R;G,K;T;W;D;I,"233,214,58,90,243",0.07349812984466553,0.002551849465817213,False
N;S;S;R;Q,K;T;W;D;I,"233,214,58,90,127",0.07349812984466553,0.0028825970366597176,False
N;S;S;R;A,K;T;W;D;V,"233,214,58,90,65",0.07349812984466553,0.002466440200805664,False
N;S;S;R;Q,K;T;W;D;E,"233,214,58,90,133",0.07349812984466553,0.0024704558309167624,False
N;S;S;R;S,K;T;W;D;T,"233,214,58,90,124",0.07349812984466553,0.0024869039189070463,False
N;S;S;R;Q,K;T;W;D;K,"233,214,58,90,127",0.07349812984466553,0.002502761548385024,False
N;S;S;R;Q,K;T;W;D;W,"233,214,58,90,133",0.07349812984466553,0.0024704558309167624,False
N;S;S;R;D,K;T;W;D;L,"233,214,58,90,220",0.07348710298538208,0.0024675920139998198,False
N;S;S;R;T,K;T;W;D;D,"233,214,58,90,88",0.07349812984466553,0.00307204551063478,False
N;S;S;R;R,K;T;W;D;N,"233,214,58,90,132",0.07349812984466553,0.0024704558309167624,False
N;S;S;R;Q,K;T;W;D;D,"233,214,58,90,127",0.07349812984466553,0.002474962268024683,False
N;S;S;R;A,K;T;W;D;Y,"233,214,58,90,215",0.5189990997314453,0.01591123454272747,False
N;S;S;R;L,K;T;W;D;K,"233,214,58,90,249",0.07349812984466553,0.0024705445393919945,False
N;S;S;R;R,K;T;W;D;Y,"233,214,58,90,123",0.07349812984466553,0.00266581354662776,False
N;S;S;R;F,K;T;W;D;W,"233,214,58,90,271",0.07349812984466553,0.0024704558309167624,False
N;S;S;R;N,K;T;W;D;I,"233,214,58,90,37",0.07349812984466553,0.0024704558309167624,False
N;S;S;R;C,K;T;W;D;D,"233,214,58,90,289",0.07349812984466553,0.0024704558309167624,False
N;S;S;R;A,K;T;W;D;P,"233,214,58,90,152",0.07349812984466553,0.0024704558309167624,False
N;S;S;R;D,K;T;W;D;V,"233,214,58,90,186",0.7166454195976257,0.019311290234327316,True
N;S;S;R;G,K;T;W;D;P,"233,214,58,90,243",0.07349812984466553,0.0024798663798719645,False
N;S;S;R;S,K;T;W;D;E,"233,214,58,90,115",0.07349812984466553,0.0024455771781504154,False
N;S;S;R;L,K;T;W;D;Q,"233,214,58,90,216",0.06193608045578003,0.0023671304807066917,False
N;S;S;R;N,K;T;W;D;P,"233,214,58,90,277",0.07349812984466553,0.002470296574756503,False
N;S;S;R;R,K;T;W;D;Q,"233,214,58,90,132",0.07349812984466553,0.0024704558309167624,False
N;S;S;R;N,K;T;W;D;Y,"233,214,58,90,244",0.07349812984466553,0.002712590852752328,False
N;S;S;R;H,K;T;W;D;T,"233,214,58,90,104",0.07349812984466553,0.0024704558309167624,False
N;S;S;R;H,K;T;W;D;L,"233,214,58,90,104",0.07349812984466553,0.0024704558309167624,False
N;S;S;R;P,K;T;W;D;Q,"233,214,58,90,38",0.07349812984466553,0.0024704558309167624,False
N;S;S;R;R,K;T;W;D;L,"233,214,58,90,53",0.07349812984466553,0.0024704558309167624,False
N;S;S;R;A,K;T;W;D;T,"233,214,58,90,180",0.07349812984466553,0.0025316865649074316,False
N;S;S;R;P,K;T;W;D;D,"233,214,58,90,197",0.07349812984466553,0.0024706777185201645,False
N;S;S;R;T,K;T;W;D;V,"233,214,58,90,198",0.07349812984466553,0.002494788495823741,False
N;S;S;R;A,K;T;W;D;M,"233,214,58,90,135",0.07349812984466553,0.0024704558309167624,False
N;S;S;R;I,K;T;W;D;L,"233,214,58,90,111",0.07349812984466553,0.00245287804864347,False
N;S;S;R;G,K;T;W;D;S,"233,214,58,90,243",0.07349812984466553,0.0024750730954110622,False
N;S;S;R;Q,K;T;W;D;L,"233,214,58,90,127",0.07349812984466553,0.0028124258387833834,False
N;S;S;R;Q,K;T;W;D;H,"233,214,58,90,127",0.07349812984466553,0.0024810447357594967,False
N;S;S;R;W,K;T;W;D;I,"233,214,58,90,159",0.28745800256729126,0.010085080750286579,False
N;S;S;R;Q,K;T;W;D;P,"233,214,58,90,127",0.07349812984466553,0.0025077946484088898,False
N;S;S;R;S,K;T;W;D;N,"233,214,58,90,103",0.07349812984466553,0.0024704558309167624,False
N;S;S;R;A,K;T;W;D;Y,"233,214,58,90,179",0.07349812984466553,0.0026681520976126194,False
N;S;S;R;W,K;T;W;D;K,"233,214,58,90,257",0.07349812984466553,0.0024706304538995028,False
N;S;S;R;L,K;T;W;D;M,"233,214,58,90,216",0.06667876243591309,0.00233824853785336,False
N;S;S;R;Q,K;T;W;D;E,"233,214,58,90,127",0.07349812984466553,0.0025436074938625097,False
N;S;S;R;G,K;T;W;D;A,"233,214,58,90,243",0.07349812984466553,0.002484625205397606,False
N;S;S;R;A,K;T;W;D;N,"233,214,58,90,226",0.07349812984466553,0.002470591804012656,False
N;S;S;R;L,K;T;W;D;I,"233,214,58,90,216",0.07494235038757324,0.002519797533750534,False
N;S;S;R;C,K;T;W;D;L,"233,214,58,90,289",0.07349812984466553,0.0024704558309167624,False
N;S;S;R;S,K;T;W;D;E,"233,214,58,90,207",0.6319142580032349,0.017767978832125664,False
N;S;S;R;M,K;T;W;D;L,"233,214,58,90,154",0.07349812984466553,0.0024704725947231054,False
N;S;S;R;M,K;T;W;D;P,"233,214,58,90,222",0.07392889261245728,0.0024802102707326412,False
N;S;S;R;G,K;T;W;D;T,"233,214,58,90,251",0.07349812984466553,0.00247082463465631,False
N;S;S;R;P,K;T;W;D;L,"233,214,58,90,38",0.07349812984466553,0.0024704558309167624,False
N;S;S;R;L,K;T;W;D;W,"233,214,58,90,216",0.06957536935806274,0.002565167611464858,False
N;S;S;R;T,K;T;W;D;L,"233,214,58,90,72",0.07349812984466553,0.0024704558309167624,False
N;S;S;R;S,K;T;W;D;P,"233,214,58,90,245",0.07349812984466553,0.0024767406284809113,False
N;S;S;R;I,K;T;W;D;W,"233,214,58,90,111",0.07349812984466553,0.0025318667758256197,False
N;S;S;R;L,K;T;W;D;D,"233,214,58,90,249",0.07349812984466553,0.0024715967010706663,False
N;S;S;R;E,K;T;W;D;K,"233,214,58,90,231",0.07349812984466553,0.0025636388454586267,False
N;S;S;R;D,K;T;W;D;K,"233,214,58,90,263",0.07349812984466553,0.0024704558309167624,False
N;S;S;R;T,K;T;W;D;M,"233,214,58,90,51",0.07349812984466553,0.0024704558309167624,False
N;S;S;R;L,K;T;W;D;E,"233,214,58,90,216",0.06743508577346802,0.002739949384704232,False
N;S;S;R;S,K;T;W;D;T,"233,214,58,90,121",0.07349812984466553,0.002474690554663539,False
N;S;S;R;I,K;T;W;D;H,"233,214,58,90,145",0.07349812984466553,0.0024704558309167624,False
N;S;S;R;I,K;T;W;D;L,"233,214,58,90,145",0.07349812984466553,0.0024704558309167624,False
N;S;S;R;H,K;T;W;D;M,"233,214,58,90,104",0.07349812984466553,0.0024704558309167624,False
N;S;S;R;R,K;T;W;D;P,"233,214,58,90,280",0.07349812984466553,0.002494171494618058,False
N;S;S;R;L,K;T;W;D;F,"233,214,58,90,216",0.06818360090255737,0.002377674914896488,False
N;S;S;R;S,K;T;W;D;D,"233,214,58,90,103",0.07349812984466553,0.0024704558309167624,False
N;S;S;R;I,K;T;W;D;V,"233,214,58,90,200",0.07341361045837402,0.0024752034805715084,False
N;S;S;R;T,K;T;W;D;K,"233,214,58,90,88",0.07349812984466553,0.002310500480234623,False
N;S;S;R;N,K;T;W;D;K,"233,214,58,90,138",0.07349812984466553,0.0024704558309167624,False
N;S;S;R;A,K;T;W;D;L,"233,214,58,90,65",0.07349812984466553,0.002463268581777811,False
N;S;S;R;Q,K;T;W;D;T,"233,214,58,90,91",0.07349812984466553,0.0026999725960195065,False
N;S;S;R;G,K;T;W;D;D,"233,214,58,90,163",0.40507400035858154,0.012764224782586098,False
N;S;S;R;A,K;T;W;D;M,"233,214,58,90,65",0.07349812984466553,0.0024581649340689182,False
N;S;S;R;K,K;T;W;D;L,"233,214,58,90,252",0.07349812984466553,0.002470528008416295,False
N;S;S;R;V,K;T;W;D;D,"233,214,58,90,57",0.07349812984466553,0.0024704558309167624,False
N;S;S;R;Q,K;T;W;D;V,"233,214,58,90,127",0.07349812984466553,0.0027928727213293314,False
N;S;S;R;V,K;T;W;D;C,"233,214,58,90,281",0.07349812984466553,0.002477426780387759,False
N;S;S;R;T,K;T;W;D;V,"233,214,58,90,72",0.07349812984466553,0.0024704558309167624,False
N;S;S;R;Q,K;T;W;D;N,"233,214,58,90,133",0.07349812984466553,0.0024704558309167624,False
N;S;S;R;R,K;T;W;D;K,"233,214,58,90,53",0.07349812984466553,0.0024704558309167624,False
N;S;S;R;S,K;T;W;D;P,"233,214,58,90,125",0.07349812984466553,0.0024755015037953854,False
N;S;S;R;T,K;T;W;D;Q,"233,214,58,90,88",0.07349812984466553,0.002388337394222617,False
N;S;S;R;N,K;T;W;D;L,"233,214,58,90,138",0.07349812984466553,0.0024704558309167624,False
N;S;S;R;H,K;T;W;D;R,"233,214,58,90,104",0.07349812984466553,0.0024704558309167624,False
N;S;S;R;W,K;T;W;D;P,"233,214,58,90,159",0.33248329162597656,0.011603882536292076,False
N;S;S;R;S,K;T;W;D;Y,"233,214,58,90,242",0.07349812984466553,0.00254469970241189,False
N;S;S;R;A,K;T;W;D;F,"233,214,58,90,65",0.07349812984466553,0.0024557544384151697,False
N;S;S;R;G,K;T;W;D;H,"233,214,58,90,251",0.07349812984466553,0.0024720055516809225,False
N;S;S;R;L,K;T;W;D;P,"233,214,58,90,216",0.06118309497833252,0.002325939480215311,False
N;S;S;R;A,K;T;W;D;E,"233,214,58,90,152",0.07349812984466553,0.0024704558309167624,False
N;S;S;R;T,K;T;W;D;N,"233,214,58,90,88",0.07349812984466553,0.0024816254153847694,False
N;S;S;R;T,K;T;W;D;N,"233,214,58,90,198",0.07349812984466553,0.0024737119674682617,False
N;S;S;R;L,K;T;W;D;C,"233,214,58,90,249",0.07349812984466553,0.002470484934747219,False
N;S;S;R;N,K;T;W;D;T,"233,214,58,90,190",0.07379716634750366,0.002476166933774948,False
N;S;S;R;S,K;T;W;D;V,"233,214,58,90,223",0.07349812984466553,0.0024704558309167624,False
N;S;S;R;A,K;T;W;D;W,"233,214,58,90,65",0.07349812984466553,0.0024462605360895395,False
N;S;S;R;K,K;T;W;D;Y,"233,214,58,90,253",0.07349812984466553,0.002470486331731081,False
N;S;S;R;T,K;T;W;D;M,"233,214,58,90,29",0.07349812984466553,0.0024704558309167624,False
N;S;S;R;M,K;T;W;D;L,"233,214,58,90,262",0.07349812984466553,0.0024704558309167624,False
N;S;S;R;A,K;T;W;D;L,"233,214,58,90,272",0.07349812984466553,0.0024704558309167624,False
N;S;S;R;G,K;T;W;D;T,"233,214,58,90,254",0.07349812984466553,0.002470489125698805,False
N;S;S;R;N,K;T;W;D;Y,"233,214,58,90,37",0.07349812984466553,0.0024704558309167624,False
N;S;S;R;Q,K;T;W;D;I,"233,214,58,90,182",0.8225641250610352,0.022446274757385254,True
N;S;S;R;K,K;T;W;D;F,"233,214,58,90,253",0.07349812984466553,0.0024704989045858383,False
N;S;S;R;Y,K;T;W;D;S,"233,214,58,90,63",0.07349812984466553,0.0024858422111719847,False
N;S;S;R;Q,K;T;W;D;M,"233,214,58,90,127",0.07349812984466553,0.0027228621765971184,False
N;S;S;R;Q,K;T;W;D;L,"233,214,58,90,182",0.6602942943572998,0.018519148230552673,False
N;S;S;R;K,K;T;W;D;A,"233,214,58,90,253",0.07349812984466553,0.00247064302675426,False
N;S;S;R;K,K;T;W;D;V,"233,214,58,90,253",0.07349812984466553,0.002470669336616993,False
N;S;S;R;Q,K;T;W;D;F,"233,214,58,90,182",0.45116710662841797,0.013781934045255184,False
N;S;S;R;Q,K;T;W;D;A,"233,214,58,90,127",0.07349812984466553,0.002528291894122958,False
N;S;S;R;Y,K;T;W;D;T,"233,214,58,90,63",0.07349812984466553,0.002482849406078458,False
N;S;S;R;Q,K;T;W;D;V,"233,214,58,90,182",0.7860870957374573,0.02142045460641384,True
N;S;S;R;K,K;T;W;D;L,"233,214,58,90,253",0.07349812984466553,0.002470601350069046,False
N;S;S;R;C,K;T;W;D;S,"233,214,58,90,289",0.07349812984466553,0.0024704558309167624,False
N;S;S;R;Y,K;T;W;D;G,"233,214,58,90,63",0.07349812984466553,0.0024923780001699924,False
N;S;S;R;M,K;T;W;D;V,"233,214,58,90,154",0.07349812984466553,0.0024704793468117714,False
N;S;S;R;Q,K;T;W;D;T,"233,214,58,90,127",0.07349812984466553,0.002492071595042944,False
N;S;S;R;A,K;T;W;D;D,"233,214,58,90,226",0.07349812984466553,0.0024707026313990355,False
N;S;S;R;C,K;T;W;D;A,"233,214,58,90,289",0.07349812984466553,0.0024704558309167624,False
N;S;S;R;R,K;T;W;D;Q,"233,214,58,90,224",0.07349812984466553,0.0024704558309167624,False
N;S;S;R;S,K;T;W;D;E,"233,214,58,90,136",0.07349812984466553,0.0024704558309167624,False
N;S;S;R;D,K;T;W;D;N,"233,214,58,90,186",0.12846946716308594,0.005554473493248224,False
N;S;S;R;R,K;T;W;D;A,"233,214,58,90,280",0.07349812984466553,0.002475002547726035,False
N;S;S;R;S,K;T;W;D;F,"233,214,58,90,238",0.4969698190689087,0.014636564068496227,False
N;S;S;R;S,K;T;W;D;Q,"233,214,58,90,188",0.0719062089920044,0.0024436393287032843,False
N;S;S;R;L,K;T;W;D;F,"233,214,58,90,117",0.07349812984466553,0.0024401878472417593,False
N;S;S;R;Q,K;T;W;D;Y,"233,214,58,90,119",0.07349812984466553,0.002540861489251256,False
N;S;S;R;G,K;T;W;D;A,"233,214,58,90,165",0.22906577587127686,0.008072029799222946,False
N;S;S;R;S,K;T;W;D;E,"233,214,58,90,121",0.07349812984466553,0.0025988637935370207,False
N;S;S;R;I,K;T;W;D;R,"233,214,58,90,168",0.07349812984466553,0.0026899215299636126,False
N;S;S;R;N,K;T;W;D;H,"233,214,58,90,205",0.17982465028762817,0.0067464918829500675,False
N;S;S;R;S,K;T;W;D;Y,"233,214,58,90,269",0.07349812984466553,0.0024704558309167624,False
N;S;S;R;I,K;T;W;D;R,"233,214,58,90,218",0.06764060258865356,0.002406622050330043,False
N;S;S;R;P,K;T;W;D;K,"233,214,58,90,120",0.39864152669906616,0.011786427348852158,False
N;S;S;R;M,K;T;W;D;H,"233,214,58,90,161",0.24957406520843506,0.008298284374177456,False
N;S;S;R;I,K;T;W;D;H,"233,214,58,90,168",0.07349812984466553,0.0027261278592050076,False
N;S;S;R;N,K;T;W;D;K,"233,214,58,90,114",0.07349812984466553,0.002476424677297473,False
N;S;S;R;P,K;T;W;D;V,"233,214,58,90,184",0.5692211985588074,0.016801776364445686,False
N;S;S;R;W,K;T;W;D;P,"233,214,58,90,185",0.37314724922180176,0.012936997227370739,False
N;S;S;R;S,K;T;W;D;H,"233,214,58,90,187",0.07188630104064941,0.002467105630785227,False
N;S;S;R;S,K;T;W;D;P,"233,214,58,90,188",0.07293331623077393,0.00245858752168715,False
N;S;S;R;T,K;T;W;D;Y,"233,214,58,90,189",0.059224843978881836,0.0022500893101096153,False
N;S;S;R;F,K;T;W;D;M,"233,214,58,90,191",0.07363379001617432,0.0024737799540162086,False
A;M;R;G;S,M;L;N;A;N,"135,154,90,165,124",0.231955885887146,0.005870311986654997,False
A;M;R;G;G,M;L;N;A;Q,"135,154,90,165,243",0.22909623384475708,0.005850045010447502,False
A;M;R;G;G,M;L;N;A;L,"135,154,90,165,243",0.22909623384475708,0.005869334563612938,False
A;M;R;G;T,M;L;N;A;E,"135,154,90,165,270",0.22909623384475708,0.005800108425319195,False
A;M;R;G;R,M;L;N;A;V,"135,154,90,165,34",0.22909623384475708,0.005800108425319195,False
A;M;R;G;G,M;L;N;A;K,"135,154,90,165,243",0.22909623384475708,0.00581131549552083,False
A;M;R;G;D,M;L;N;A;Q,"135,154,90,165,220",0.22909623384475708,0.005800352431833744,False
A;M;R;G;S,M;L;N;A;K,"135,154,90,165,124",0.23524940013885498,0.006074970588088036,False
A;M;R;G;F,M;L;N;A;E,"135,154,90,165,271",0.22909623384475708,0.005800108425319195,False
A;M;R;G;G,M;L;N;A;Q,"135,154,90,165,164",0.23820888996124268,0.010952780023217201,False
A;M;R;G;A,M;L;N;A;D,"135,154,90,165,130",0.2290228009223938,0.0058106486685574055,False
A;M;R;G;W,M;L;N;A;C,"135,154,90,165,257",0.22909623384475708,0.0057952264323830605,False
A;M;R;G;Q,M;L;N;A;N,"135,154,90,165,127",0.23162949085235596,0.005836101248860359,False
A;M;R;G;Q,M;L;N;A;R,"135,154,90,165,127",0.23315143585205078,0.005955815315246582,False
A;M;R;G;S,M;L;N;A;M,"135,154,90,165,238",0.3914560079574585,0.015250247903168201,False
A;M;R;G;F,M;L;N;A;M,"135,154,90,165,271",0.22909623384475708,0.005800108425319195,False
A;M;R;G;S,M;L;N;A;A,"135,154,90,165,124",0.225896954536438,0.005818883888423443,False
A;M;R;G;G,M;L;N;A;I,"135,154,90,165,243",0.22909623384475708,0.005878379102796316,False
A;M;R;G;Q,M;L;N;A;I,"135,154,90,165,127",0.21072781085968018,0.005806875880807638,False
A;M;R;G;A,M;L;N;A;V,"135,154,90,165,65",0.22909623384475708,0.005798697471618652,False
A;M;R;G;Q,M;L;N;A;E,"135,154,90,165,133",0.22909623384475708,0.005800108425319195,False
A;M;R;G;S,M;L;N;A;T,"135,154,90,165,124",0.22786235809326172,0.00583891524001956,False
A;M;R;G;Q,M;L;N;A;K,"135,154,90,165,127",0.23453283309936523,0.00591619499027729,False
A;M;R;G;Q,M;L;N;A;W,"135,154,90,165,133",0.22909623384475708,0.005800108425319195,False
A;M;R;G;D,M;L;N;A;L,"135,154,90,165,220",0.22909623384475708,0.005801806692034006,False
A;M;R;G;T,M;L;N;A;D,"135,154,90,165,88",0.22909623384475708,0.0062165954150259495,False
A;M;R;G;R,M;L;N;A;N,"135,154,90,165,132",0.22909623384475708,0.005800108425319195,False
A;M;R;G;Q,M;L;N;A;D,"135,154,90,165,127",0.22409439086914062,0.005704632960259914,False
A;M;R;G;A,M;L;N;A;Y,"135,154,90,165,215",0.5183595418930054,0.01871817745268345,False
A;M;R;G;L,M;L;N;A;K,"135,154,90,165,249",0.22909623384475708,0.005800209939479828,False
A;M;R;G;R,M;L;N;A;Y,"135,154,90,165,123",0.21474337577819824,0.005758472718298435,False
A;M;R;G;F,M;L;N;A;W,"135,154,90,165,271",0.22909623384475708,0.005800108425319195,False
A;M;R;G;S,M;L;N;A;D,"135,154,90,165,58",0.22909623384475708,0.005800108425319195,False
A;M;R;G;N,M;L;N;A;I,"135,154,90,165,37",0.22909623384475708,0.005800108425319195,False
A;M;R;G;C,M;L;N;A;D,"135,154,90,165,289",0.22909623384475708,0.005800108425319195,False
A;M;R;G;A,M;L;N;A;P,"135,154,90,165,152",0.22909623384475708,0.005800108425319195,False
A;M;R;G;D,M;L;N;A;V,"135,154,90,165,186",0.714148759841919,0.02247588336467743,True
A;M;R;G;G,M;L;N;A;P,"135,154,90,165,243",0.22909623384475708,0.005811994895339012,False
A;M;R;G;S,M;L;N;A;E,"135,154,90,165,115",0.22909623384475708,0.005789000075310469,False
A;M;R;G;L,M;L;N;A;Q,"135,154,90,165,216",0.22909623384475708,0.0061745839193463326,False
A;M;R;G;N,M;L;N;A;P,"135,154,90,165,277",0.22909623384475708,0.0058001126162707806,False
A;M;R;G;R,M;L;N;A;Q,"135,154,90,165,132",0.22909623384475708,0.005800108425319195,False
A;M;R;G;N,M;L;N;A;Y,"135,154,90,165,244",0.22909623384475708,0.006048525683581829,False
A;M;R;G;H,M;L;N;A;T,"135,154,90,165,104",0.22909623384475708,0.005800108425319195,False
A;M;R;G;S,M;L;N;A;V,"135,154,90,165,58",0.22909623384475708,0.005800108425319195,False
A;M;R;G;H,M;L;N;A;L,"135,154,90,165,104",0.22909623384475708,0.005800108425319195,False
A;M;R;G;P,M;L;N;A;Q,"135,154,90,165,38",0.22909623384475708,0.005800108425319195,False
A;M;R;G;R,M;L;N;A;L,"135,154,90,165,53",0.22909623384475708,0.005800108425319195,False
A;M;R;G;A,M;L;N;A;T,"135,154,90,165,180",0.22918343544006348,0.005797393154352903,False
A;M;R;G;P,M;L;N;A;D,"135,154,90,165,197",0.22909623384475708,0.0058009568601846695,False
A;M;R;G;T,M;L;N;A;V,"135,154,90,165,198",0.22909623384475708,0.0058097257278859615,False
A;M;R;G;I,M;L;N;A;L,"135,154,90,165,111",0.22910934686660767,0.005779012572020292,False
A;M;R;G;G,M;L;N;A;S,"135,154,90,165,243",0.22909623384475708,0.005805790424346924,False
A;M;R;G;Q,M;L;N;A;L,"135,154,90,165,127",0.21271657943725586,0.005792203359305859,False
A;M;R;G;Q,M;L;N;A;H,"135,154,90,165,127",0.22964352369308472,0.005831803195178509,False
A;M;R;G;W,M;L;N;A;I,"135,154,90,165,159",0.2873477339744568,0.013213573954999447,False
A;M;R;G;Q,M;L;N;A;P,"135,154,90,165,127",0.22999191284179688,0.005811350420117378,False
A;M;R;G;S,M;L;N;A;N,"135,154,90,165,103",0.22909623384475708,0.005800108425319195,False
A;M;R;G;A,M;L;N;A;Y,"135,154,90,165,179",0.2292647361755371,0.006044412963092327,False
A;M;R;G;W,M;L;N;A;K,"135,154,90,165,257",0.22909623384475708,0.005802498199045658,False
A;M;R;G;L,M;L;N;A;M,"135,154,90,165,216",0.22909623384475708,0.005868906155228615,False
A;M;R;G;Q,M;L;N;A;E,"135,154,90,165,127",0.21972090005874634,0.005693184677511454,False
A;M;R;G;G,M;L;N;A;A,"135,154,90,165,243",0.22909623384475708,0.005812904331833124,False
A;M;R;G;A,M;L;N;A;N,"135,154,90,165,226",0.22909623384475708,0.005800258368253708,False
A;M;R;G;L,M;L;N;A;I,"135,154,90,165,216",0.22909623384475708,0.005807647947221994,False
A;M;R;G;C,M;L;N;A;L,"135,154,90,165,289",0.22909623384475708,0.005800108425319195,False
A;M;R;G;S,M;L;N;A;E,"135,154,90,165,207",0.631908118724823,0.02121412381529808,False
A;M;R;G;M,M;L;N;A;P,"135,154,90,165,222",0.22909623384475708,0.0058001559227705,False
A;M;R;G;G,M;L;N;A;T,"135,154,90,165,251",0.22909623384475708,0.005800794810056686,False
A;M;R;G;P,M;L;N;A;L,"135,154,90,165,38",0.22909623384475708,0.005800108425319195,False
A;M;R;G;L,M;L;N;A;W,"135,154,90,165,216",0.22909623384475708,0.0061680953949689865,False
A;M;R;G;T,M;L;N;A;L,"135,154,90,165,72",0.22909623384475708,0.005800108425319195,False
A;M;R;G;S,M;L;N;A;P,"135,154,90,165,245",0.22909623384475708,0.005805040709674358,False
A;M;R;G;I,M;L;N;A;W,"135,154,90,165,111",0.2293100357055664,0.005895434413105249,False
A;M;R;G;L,M;L;N;A;D,"135,154,90,165,249",0.22909623384475708,0.00580170564353466,False
A;M;R;G;E,M;L;N;A;K,"135,154,90,165,231",0.22909623384475708,0.005852720234543085,False
A;M;R;G;D,M;L;N;A;K,"135,154,90,165,263",0.22909623384475708,0.005800108425319195,False
A;M;R;G;T,M;L;N;A;M,"135,154,90,165,51",0.22909623384475708,0.005800108425319195,False
A;M;R;G;L,M;L;N;A;E,"135,154,90,165,216",0.22909623384475708,0.006639121565967798,False
A;M;R;G;S,M;L;N;A;T,"135,154,90,165,121",0.2277030348777771,0.0057742358185350895,False
A;M;R;G;I,M;L;N;A;H,"135,154,90,165,145",0.22909623384475708,0.005800108425319195,False
A;M;R;G;I,M;L;N;A;L,"135,154,90,165,145",0.22909623384475708,0.005800108425319195,False
A;M;R;G;H,M;L;N;A;M,"135,154,90,165,104",0.22909623384475708,0.005800108425319195,False
A;M;R;G;R,M;L;N;A;P,"135,154,90,165,280",0.22909623384475708,0.005836202763020992,False
A;M;R;G;L,M;L;N;A;F,"135,154,90,165,216",0.22909623384475708,0.005853062495589256,False
A;M;R;G;S,M;L;N;A;D,"135,154,90,165,103",0.22909623384475708,0.005800108425319195,False
A;M;R;G;I,M;L;N;A;V,"135,154,90,165,200",0.22909623384475708,0.005815714132040739,False
A;M;R;G;T,M;L;N;A;K,"135,154,90,165,88",0.22909623384475708,0.005746239796280861,False
A;M;R;G;N,M;L;N;A;K,"135,154,90,165,138",0.22909623384475708,0.005800108425319195,False
A;M;R;G;A,M;L;N;A;L,"135,154,90,165,65",0.22909623384475708,0.005798173602670431,False
A;M;R;G;Q,M;L;N;A;T,"135,154,90,165,91",0.2289220690727234,0.0059667425230145454,False
A;M;R;G;G,M;L;N;A;D,"135,154,90,165,163",0.41380834579467773,0.016244998201727867,False
A;M;R;G;A,M;L;N;A;M,"135,154,90,165,65",0.22909623384475708,0.005797752179205418,False
A;M;R;G;K,M;L;N;A;L,"135,154,90,165,252",0.22909623384475708,0.005800179205834866,False
A;M;R;G;V,M;L;N;A;D,"135,154,90,165,57",0.22909623384475708,0.005800108425319195,False
A;M;R;G;Q,M;L;N;A;V,"135,154,90,165,127",0.21220123767852783,0.005766123067587614,False
A;M;R;G;V,M;L;N;A;C,"135,154,90,165,281",0.22909623384475708,0.005814121104776859,False
A;M;R;G;T,M;L;N;A;V,"135,154,90,165,72",0.22909623384475708,0.005800108425319195,False
A;M;R;G;Q,M;L;N;A;N,"135,154,90,165,133",0.22909623384475708,0.005800108425319195,False
A;M;R;G;R,M;L;N;A;K,"135,154,90,165,53",0.22909623384475708,0.005800108425319195,False
A;M;R;G;S,M;L;N;A;P,"135,154,90,165,125",0.23103654384613037,0.005852455273270607,False
A;M;R;G;T,M;L;N;A;Q,"135,154,90,165,88",0.22909623384475708,0.005747438874095678,False
A;M;R;G;N,M;L;N;A;L,"135,154,90,165,138",0.22909623384475708,0.005800108425319195,False
A;M;R;G;H,M;L;N;A;R,"135,154,90,165,104",0.22909623384475708,0.005800108425319195,False
A;M;R;G;W,M;L;N;A;P,"135,154,90,165,159",0.33228790760040283,0.014543410390615463,False
A;M;R;G;S,M;L;N;A;Y,"135,154,90,165,242",0.22909623384475708,0.005886540748178959,False
A;M;R;G;A,M;L;N;A;F,"135,154,90,165,65",0.22909623384475708,0.005797278136014938,False
A;M;R;G;G,M;L;N;A;H,"135,154,90,165,251",0.22909623384475708,0.005802176892757416,False
A;M;R;G;L,M;L;N;A;P,"135,154,90,165,216",0.22909623384475708,0.006106534507125616,False
A;M;R;G;S,M;L;N;A;W,"135,154,90,165,58",0.22909623384475708,0.005800108425319195,False
A;M;R;G;A,M;L;N;A;E,"135,154,90,165,152",0.22909623384475708,0.005800108425319195,False
A;M;R;G;T,M;L;N;A;N,"135,154,90,165,88",0.22909623384475708,0.0058204783126711845,False
A;M;R;G;T,M;L;N;A;N,"135,154,90,165,198",0.22909623384475708,0.005811795126646757,False
A;M;R;G;S,M;L;N;A;K,"135,154,90,165,58",0.22909623384475708,0.005800108425319195,False
A;M;R;G;L,M;L;N;A;C,"135,154,90,165,249",0.22909623384475708,0.0058001126162707806,False
A;M;R;G;N,M;L;N;A;T,"135,154,90,165,190",0.22909623384475708,0.005797878373414278,False
A;M;R;G;S,M;L;N;A;V,"135,154,90,165,223",0.22909623384475708,0.005800108425319195,False
A;M;R;G;A,M;L;N;A;W,"135,154,90,165,65",0.22909623384475708,0.005797137971967459,False
A;M;R;G;K,M;L;N;A;Y,"135,154,90,165,253",0.22909623384475708,0.005800193175673485,False
A;M;R;G;T,M;L;N;A;M,"135,154,90,165,29",0.22909623384475708,0.005800108425319195,False
A;M;R;G;M,M;L;N;A;L,"135,154,90,165,262",0.22909623384475708,0.005800108425319195,False
A;M;R;G;A,M;L;N;A;L,"135,154,90,165,272",0.22909623384475708,0.005800108425319195,False
A;M;R;G;G,M;L;N;A;T,"135,154,90,165,254",0.22909623384475708,0.005800693761557341,False
A;M;R;G;N,M;L;N;A;Y,"135,154,90,165,37",0.22909623384475708,0.005800108425319195,False
A;M;R;G;Q,M;L;N;A;I,"135,154,90,165,182",0.821577787399292,0.025818858295679092,True
A;M;R;G;K,M;L;N;A;F,"135,154,90,165,253",0.22909623384475708,0.005800166632980108,False
A;M;R;G;Y,M;L;N;A;S,"135,154,90,165,63",0.22921150922775269,0.00580203952267766,False
A;M;R;G;Q,M;L;N;A;M,"135,154,90,165,127",0.2166118621826172,0.0057999975979328156,False
A;M;R;G;Q,M;L;N;A;L,"135,154,90,165,182",0.6594984531402588,0.021888069808483124,False
A;M;R;G;K,M;L;N;A;A,"135,154,90,165,253",0.22909623384475708,0.005800251383334398,False
A;M;R;G;K,M;L;N;A;V,"135,154,90,165,253",0.22909623384475708,0.005800280254334211,False
A;M;R;G;Q,M;L;N;A;F,"135,154,90,165,182",0.45070165395736694,0.017204061150550842,False
A;M;R;G;Q,M;L;N;A;A,"135,154,90,165,127",0.2244066596031189,0.005759282037615776,False
A;M;R;G;Y,M;L;N;A;T,"135,154,90,165,63",0.22919166088104248,0.0058014364913105965,False
A;M;R;G;Q,M;L;N;A;V,"135,154,90,165,182",0.7851306200027466,0.02476726658642292,True
A;M;R;G;K,M;L;N;A;L,"135,154,90,165,253",0.22909623384475708,0.005800227634608746,False
A;M;R;G;C,M;L;N;A;S,"135,154,90,165,289",0.22909623384475708,0.005800108425319195,False
A;M;R;G;Y,M;L;N;A;G,"135,154,90,165,63",0.22925007343292236,0.005803416017442942,False
A;M;R;G;Q,M;L;N;A;T,"135,154,90,165,127",0.22755897045135498,0.005770782940089703,False
A;M;R;G;A,M;L;N;A;D,"135,154,90,165,226",0.22909623384475708,0.0058003803715109825,False
A;M;R;G;C,M;L;N;A;A,"135,154,90,165,289",0.22909623384475708,0.005800108425319195,False
A;M;R;G;R,M;L;N;A;Q,"135,154,90,165,224",0.22909623384475708,0.005800108425319195,False
A;M;R;G;S,M;L;N;A;E,"135,154,90,165,136",0.22909623384475708,0.005800108425319195,False
A;M;R;G;D,M;L;N;A;N,"135,154,90,165,186",0.23145067691802979,0.009046661667525768,False
A;M;R;G;R,M;L;N;A;A,"135,154,90,165,280",0.22909623384475708,0.005813161842525005,False
A;M;R;G;S,M;L;N;A;F,"135,154,90,165,238",0.4964901804924011,0.017925433814525604,False
A;M;R;G;S,M;L;N;A;Q,"135,154,90,165,188",0.22899997234344482,0.0057931262999773026,False
A;M;R;G;S,M;L;N;A;H,"135,154,90,165,214",0.23909205198287964,0.011517681181430817,False
A;M;R;G;L,M;L;N;A;F,"135,154,90,165,117",0.22909623384475708,0.005788133479654789,False
A;M;R;G;Q,M;L;N;A;Y,"135,154,90,165,119",0.22917968034744263,0.005956918466836214,False
A;M;R;G;S,M;L;N;A;E,"135,154,90,165,121",0.2312597632408142,0.005951620638370514,False
A;M;R;G;I,M;L;N;A;R,"135,154,90,165,168",0.2501746416091919,0.006489940918982029,False
A;M;R;G;N,M;L;N;A;H,"135,154,90,165,205",0.22909623384475708,0.010324245318770409,False
A;M;R;G;S,M;L;N;A;Y,"135,154,90,165,269",0.22909623384475708,0.005800108425319195,False
A;M;R;G;S,M;L;N;A;T,"135,154,90,165,214",0.22906577587127686,0.007556482683867216,False
A;M;R;G;I,M;L;N;A;R,"135,154,90,165,218",0.22909623384475708,0.006042610853910446,False
A;M;R;G;P,M;L;N;A;K,"135,154,90,165,120",0.39429008960723877,0.015139940194785595,False
A;M;R;G;M,M;L;N;A;H,"135,154,90,165,161",0.2641317844390869,0.012222849763929844,False
A;M;R;G;I,M;L;N;A;H,"135,154,90,165,168",0.24369752407073975,0.0063682738691568375,False
A;M;R;G;N,M;L;N;A;K,"135,154,90,165,114",0.22909623384475708,0.005803207866847515,False
A;M;R;G;P,M;L;N;A;V,"135,154,90,165,184",0.5685247182846069,0.021477283909916878,False
A;M;R;G;W,M;L;N;A;P,"135,154,90,165,185",0.3716543912887573,0.01527218334376812,False
A;M;R;G;S,M;L;N;A;H,"135,154,90,165,187",0.2289983630180359,0.005845405161380768,False
A;M;R;G;S,M;L;N;A;P,"135,154,90,165,188",0.22903072834014893,0.00579212699085474,False
A;M;R;G;T,M;L;N;A;Y,"135,154,90,165,189",0.22895419597625732,0.005994406063109636,False
A;M;R;G;F,M;L;N;A;M,"135,154,90,165,191",0.2290511131286621,0.005799527745693922,False
A;M;L;N;S,M;L;F;Y;N,"135,154,117,37,124",0.0002117156982421875,2.2300453565549105e-05,False
A;M;L;N;G,M;L;F;Y;Q,"135,154,117,37,243",0.002083897590637207,5.7408975408179685e-05,False
A;M;L;N;G,M;L;F;Y;L,"135,154,117,37,243",0.002943694591522217,7.469709817087278e-05,False
A;M;L;N;T,M;L;F;Y;E,"135,154,117,37,270",0.00016754865646362305,5.56402437723591e-06,False
A;M;L;N;R,M;L;F;Y;V,"135,154,117,37,34",0.00016754865646362305,5.56402437723591e-06,False
A;M;L;N;G,M;L;F;Y;K,"135,154,117,37,243",0.00043201446533203125,1.6647716620354913e-05,False
A;M;L;N;D,M;L;F;Y;Q,"135,154,117,37,220",0.00016754865646362305,5.8551167967380024e-06,False
A;M;L;N;S,M;L;F;Y;K,"135,154,117,37,124",0.0014996528625488281,8.943746070144698e-05,False
A;M;L;N;F,M;L;F;Y;E,"135,154,117,37,271",0.00016754865646362305,5.56402437723591e-06,False
A;M;L;N;G,M;L;F;Y;Q,"135,154,117,37,164",0.1989167332649231,0.005065991543233395,False
A;M;L;N;A,M;L;F;Y;D,"135,154,117,37,130",0.00016754865646362305,7.084635853971122e-06,False
A;M;L;N;W,M;L;F;Y;C,"135,154,117,37,257",0.00016754865646362305,5.749769115936942e-06,False
A;M;L;N;Q,M;L;F;Y;N,"135,154,117,37,127",0.0005017518997192383,3.07823320326861e-05,False
A;M;L;N;Q,M;L;F;Y;R,"135,154,117,37,127",0.0011463761329650879,4.227909812470898e-05,False
A;M;L;N;S,M;L;F;Y;M,"135,154,117,37,238",0.3914560079574585,0.009457003325223923,False
A;M;L;N;F,M;L;F;Y;M,"135,154,117,37,271",0.00016754865646362305,5.56402437723591e-06,False
A;M;L;N;S,M;L;F;Y;A,"135,154,117,37,124",0.00040590763092041016,3.779350299737416e-05,False
A;M;L;N;G,M;L;F;Y;I,"135,154,117,37,243",0.0033347606658935547,8.367660484509543e-05,False
A;M;L;N;Q,M;L;F;Y;I,"135,154,117,37,127",0.008184432983398438,0.0004105983825866133,False
A;M;L;N;A,M;L;F;Y;V,"135,154,117,37,65",0.00016754865646362305,5.738679647038225e-06,False
A;M;L;N;Q,M;L;F;Y;E,"135,154,117,37,133",0.00016754865646362305,5.56402437723591e-06,False
A;M;L;N;S,M;L;F;Y;T,"135,154,117,37,124",0.0002105236053466797,2.302541361132171e-05,False
A;M;L;N;Q,M;L;F;Y;K,"135,154,117,37,127",0.00043380260467529297,2.8199927328387275e-05,False
A;M;L;N;Q,M;L;F;Y;W,"135,154,117,37,133",0.00016754865646362305,5.56402437723591e-06,False
A;M;L;N;D,M;L;F;Y;L,"135,154,117,37,220",0.00016754865646362305,7.270380592672154e-06,False
A;M;L;N;T,M;L;F;Y;D,"135,154,117,37,88",0.0026205778121948242,0.0001830929977586493,False
A;M;L;N;R,M;L;F;Y;N,"135,154,117,37,132",0.00016754865646362305,5.56402437723591e-06,False
A;M;L;N;Q,M;L;F;Y;D,"135,154,117,37,127",0.00021827220916748047,1.72312866197899e-05,False
A;M;L;N;A,M;L;F;Y;Y,"135,154,117,37,215",0.5183595418930054,0.01287965476512909,False
A;M;L;N;L,M;L;F;Y;K,"135,154,117,37,249",0.00016754865646362305,5.665213393513113e-06,False
A;M;L;N;R,M;L;F;Y;Y,"135,154,117,37,123",0.0025812387466430664,0.00021879756241105497,False
A;M;L;N;F,M;L;F;Y;W,"135,154,117,37,271",0.00016754865646362305,5.56402437723591e-06,False
A;M;L;N;S,M;L;F;Y;D,"135,154,117,37,58",0.00016754865646362305,5.56402437723591e-06,False
A;M;L;N;C,M;L;F;Y;D,"135,154,117,37,289",0.00016754865646362305,5.56402437723591e-06,False
A;M;L;N;A,M;L;F;Y;P,"135,154,117,37,152",0.00016754865646362305,5.56402437723591e-06,False
A;M;L;N;D,M;L;F;Y;V,"135,154,117,37,186",0.7238578200340271,0.017296846956014633,True
A;M;L;N;G,M;L;F;Y;P,"135,154,117,37,243",0.0005051493644714355,1.8379023458692245e-05,False
A;M;L;N;S,M;L;F;Y;E,"135,154,117,37,115",0.00020104646682739258,9.434167623112444e-06,False
A;M;L;N;L,M;L;F;Y;Q,"135,154,117,37,216",0.007548630237579346,0.00037531935959123075,False
A;M;L;N;N,M;L;F;Y;P,"135,154,117,37,277",0.00016754865646362305,5.568182587012416e-06,False
A;M;L;N;R,M;L;F;Y;Q,"135,154,117,37,132",0.00016754865646362305,5.56402437723591e-06,False
A;M;L;N;N,M;L;F;Y;Y,"135,154,117,37,244",0.0035403966903686523,0.00025338210980407894,False
A;M;L;N;H,M;L;F;Y;T,"135,154,117,37,104",0.00016754865646362305,5.56402437723591e-06,False
A;M;L;N;S,M;L;F;Y;V,"135,154,117,37,58",0.00016754865646362305,5.56402437723591e-06,False
A;M;L;N;H,M;L;F;Y;L,"135,154,117,37,104",0.00016754865646362305,5.56402437723591e-06,False
A;M;L;N;P,M;L;F;Y;Q,"135,154,117,37,38",0.00016754865646362305,5.56402437723591e-06,False
A;M;L;N;R,M;L;F;Y;L,"135,154,117,37,53",0.00016754865646362305,5.56402437723591e-06,False
A;M;L;N;A,M;L;F;Y;T,"135,154,117,37,180",0.0009616613388061523,7.034595910226926e-05,False
A;M;L;N;P,M;L;F;Y;D,"135,154,117,37,197",0.00016754865646362305,5.8024429563374724e-06,False
A;M;L;N;T,M;L;F;Y;V,"135,154,117,37,198",0.0010100603103637695,2.9680340958293527e-05,False
A;M;L;N;I,M;L;F;Y;L,"135,154,117,37,111",0.00016683340072631836,8.334946869581472e-06,False
A;M;L;N;G,M;L;F;Y;S,"135,154,117,37,243",0.00024330615997314453,1.1694985914800782e-05,False
A;M;L;N;Q,M;L;F;Y;L,"135,154,117,37,127",0.00674206018447876,0.00034132806467823684,False
A;M;L;N;Q,M;L;F;Y;H,"135,154,117,37,127",0.00016754865646362305,1.1096167327195872e-05,False
A;M;L;N;W,M;L;F;Y;I,"135,154,117,37,159",0.287265419960022,0.007247047498822212,False
A;M;L;N;Q,M;L;F;Y;P,"135,154,117,37,127",0.0010170340538024902,4.5964883611304685e-05,False
A;M;L;N;S,M;L;F;Y;N,"135,154,117,37,103",0.00016754865646362305,5.56402437723591e-06,False
A;M;L;N;A,M;L;F;Y;Y,"135,154,117,37,179",0.0051659345626831055,0.00020367877732496709,False
A;M;L;N;W,M;L;F;Y;K,"135,154,117,37,257",0.00016754865646362305,5.769175004388671e-06,False
A;M;L;N;L,M;L;F;Y;M,"135,154,117,37,216",0.0013286471366882324,7.266776810865849e-05,False
A;M;L;N;Q,M;L;F;Y;E,"135,154,117,37,127",0.0013140439987182617,8.358511695405468e-05,False
A;M;L;N;G,M;L;F;Y;A,"135,154,117,37,243",0.0005470514297485352,1.8306942365597934e-05,False
A;M;L;N;A,M;L;F;Y;N,"135,154,117,37,226",0.00016754865646362305,5.704026079911273e-06,False
A;M;L;N;L,M;L;F;Y;I,"135,154,117,37,216",0.00018835067749023438,1.3618968296214007e-05,False
A;M;L;N;C,M;L;F;Y;L,"135,154,117,37,289",0.00016754865646362305,5.56402437723591e-06,False
A;M;L;N;S,M;L;F;Y;E,"135,154,117,37,207",0.631908118724823,0.015420026145875454,False
A;M;L;N;M,M;L;F;Y;P,"135,154,117,37,222",0.00016754865646362305,5.629173756460659e-06,False
A;M;L;N;G,M;L;F;Y;T,"135,154,117,37,251",0.00016754865646362305,6.250170827115653e-06,False
A;M;L;N;P,M;L;F;Y;L,"135,154,117,37,38",0.00016754865646362305,5.56402437723591e-06,False
A;M;L;N;L,M;L;F;Y;W,"135,154,117,37,216",0.007777690887451172,0.00036980523145757616,False
A;M;L;N;T,M;L;F;Y;L,"135,154,117,37,72",0.00016754865646362305,5.56402437723591e-06,False
A;M;L;N;S,M;L;F;Y;P,"135,154,117,37,245",0.00020647048950195312,1.0479328011570033e-05,False
A;M;L;N;I,M;L;F;Y;W,"135,154,117,37,111",0.007931351661682129,0.00024681034847162664,False
A;M;L;N;L,M;L;F;Y;D,"135,154,117,37,249",0.00016754865646362305,7.1608742473472375e-06,False
A;M;L;N;E,M;L;F;Y;K,"135,154,117,37,231",0.0010089874267578125,5.804660759167746e-05,False
A;M;L;N;D,M;L;F;Y;K,"135,154,117,37,263",0.00016754865646362305,5.56402437723591e-06,False
A;M;L;N;T,M;L;F;Y;M,"135,154,117,37,51",0.00016754865646362305,5.56402437723591e-06,False
A;M;L;N;L,M;L;F;Y;E,"135,154,117,37,216",0.018210649490356445,0.0008392541785724461,False
A;M;L;N;S,M;L;F;Y;T,"135,154,117,37,121",0.00016897916793823242,1.0288038538419642e-05,False
A;M;L;N;I,M;L;F;Y;H,"135,154,117,37,145",0.00016754865646362305,5.56402437723591e-06,False
A;M;L;N;I,M;L;F;Y;L,"135,154,117,37,145",0.00016754865646362305,5.56402437723591e-06,False
A;M;L;N;H,M;L;F;Y;M,"135,154,117,37,104",0.00016754865646362305,5.56402437723591e-06,False
A;M;L;N;R,M;L;F;Y;P,"135,154,117,37,280",0.0015410184860229492,4.165810241829604e-05,False
A;M;L;N;L,M;L;F;Y;F,"135,154,117,37,216",0.0011981725692749023,5.7320263294968754e-05,False
A;M;L;N;S,M;L;F;Y;D,"135,154,117,37,103",0.00016754865646362305,5.56402437723591e-06,False
A;M;L;N;I,M;L;F;Y;V,"135,154,117,37,200",0.00028192996978759766,2.1478464987012558e-05,False
A;M;L;N;T,M;L;F;Y;K,"135,154,117,37,88",0.0011223554611206055,6.152030982775614e-05,False
A;M;L;N;N,M;L;F;Y;K,"135,154,117,37,138",0.00016754865646362305,5.56402437723591e-06,False
A;M;L;N;A,M;L;F;Y;L,"135,154,117,37,65",0.00016754865646362305,5.9521476032387e-06,False
A;M;L;N;Q,M;L;F;Y;T,"135,154,117,37,91",0.0006097555160522461,3.3848507882794365e-05,False
A;M;L;N;G,M;L;F;Y;D,"135,154,117,37,163",0.40538251399993896,0.01053108461201191,False
A;M;L;N;A,M;L;F;Y;M,"135,154,117,37,65",0.00016754865646362305,6.4553214542684145e-06,False
A;M;L;N;K,M;L;F;Y;L,"135,154,117,37,252",0.00016754865646362305,5.634718036162667e-06,False
A;M;L;N;V,M;L;F;Y;D,"135,154,117,37,57",0.00016754865646362305,5.56402437723591e-06,False
A;M;L;N;Q,M;L;F;Y;V,"135,154,117,37,127",0.006808936595916748,0.0003209613205399364,False
A;M;L;N;V,M;L;F;Y;C,"135,154,117,37,281",0.000600278377532959,1.9576660633902065e-05,False
A;M;L;N;T,M;L;F;Y;V,"135,154,117,37,72",0.00016754865646362305,5.56402437723591e-06,False
A;M;L;N;Q,M;L;F;Y;N,"135,154,117,37,133",0.00016754865646362305,5.56402437723591e-06,False
A;M;L;N;R,M;L;F;Y;K,"135,154,117,37,53",0.00016754865646362305,5.56402437723591e-06,False
A;M;L;N;S,M;L;F;Y;P,"135,154,117,37,125",0.00020307302474975586,1.0781510354718193e-05,False
A;M;L;N;T,M;L;F;Y;Q,"135,154,117,37,88",0.0005775690078735352,3.990461482317187e-05,False
A;M;L;N;N,M;L;F;Y;L,"135,154,117,37,138",0.00016754865646362305,5.56402437723591e-06,False
A;M;L;N;H,M;L;F;Y;R,"135,154,117,37,104",0.00016754865646362305,5.56402437723591e-06,False
A;M;L;N;W,M;L;F;Y;P,"135,154,117,37,159",0.3327174782752991,0.008797348476946354,False
A;M;L;N;S,M;L;F;Y;Y,"135,154,117,37,242",0.0021584630012512207,0.00010858025780180469,False
A;M;L;N;A,M;L;F;Y;F,"135,154,117,37,65",0.00016754865646362305,6.830969596194336e-06,False
A;M;L;N;G,M;L;F;Y;H,"135,154,117,37,251",0.00016754865646362305,7.632166671101004e-06,False
A;M;L;N;L,M;L;F;Y;P,"135,154,117,37,216",0.005413234233856201,0.0003080090682487935,False
A;M;L;N;S,M;L;F;Y;W,"135,154,117,37,58",0.00016754865646362305,5.56402437723591e-06,False
A;M;L;N;A,M;L;F;Y;E,"135,154,117,37,152",0.00016754865646362305,5.56402437723591e-06,False
A;M;L;N;T,M;L;F;Y;N,"135,154,117,37,88",0.000371396541595459,2.238085107819643e-05,False
A;M;L;N;T,M;L;F;Y;N,"135,154,117,37,198",0.00016754865646362305,8.896339750208426e-06,False
A;M;L;N;S,M;L;F;Y;K,"135,154,117,37,58",0.00016754865646362305,5.56402437723591e-06,False
A;M;L;N;L,M;L;F;Y;C,"135,154,117,37,249",0.00016754865646362305,5.568182587012416e-06,False
A;M;L;N;N,M;L;F;Y;T,"135,154,117,37,190",0.00016754865646362305,5.752541255787946e-06,False
A;M;L;N;S,M;L;F;Y;V,"135,154,117,37,223",0.00016754865646362305,5.56402437723591e-06,False
A;M;L;N;A,M;L;F;Y;W,"135,154,117,37,65",0.00016754865646362305,8.761882781982422e-06,False
A;M;L;N;K,M;L;F;Y;Y,"135,154,117,37,253",0.00016754865646362305,5.648579644912388e-06,False
A;M;L;N;R,M;L;F;Y;S,"135,154,117,37,90",0.007757008075714111,0.00043350597843527794,False
A;M;L;N;T,M;L;F;Y;M,"135,154,117,37,29",0.00016754865646362305,5.56402437723591e-06,False
A;M;L;N;M,M;L;F;Y;L,"135,154,117,37,262",0.00016754865646362305,5.56402437723591e-06,False
A;M;L;N;A,M;L;F;Y;L,"135,154,117,37,272",0.00016754865646362305,5.56402437723591e-06,False
A;M;L;N;R,M;L;F;Y;N,"135,154,117,37,90",0.003956794738769531,0.00021055965044070035,False
A;M;L;N;R,M;L;F;Y;T,"135,154,117,37,90",0.004122257232666016,0.0002513181243557483,False
A;M;L;N;G,M;L;F;Y;T,"135,154,117,37,254",0.00016754865646362305,5.637490630761022e-06,False
A;M;L;N;R,M;L;F;Y;P,"135,154,117,37,90",0.011525988578796387,0.0006007011397741735,False
A;M;L;N;Q,M;L;F;Y;I,"135,154,117,37,182",0.8225822448730469,0.019921239465475082,True
A;M;L;N;R,M;L;F;Y;A,"135,154,117,37,90",0.0054541826248168945,0.0003538783348631114,False
A;M;L;N;K,M;L;F;Y;F,"135,154,117,37,253",0.00016754865646362305,5.622242952085799e-06,False
A;M;L;N;Y,M;L;F;Y;S,"135,154,117,37,63",0.00016754865646362305,6.794929504394531e-06,False
A;M;L;N;Q,M;L;F;Y;M,"135,154,117,37,127",0.004376530647277832,0.00025451183319091797,False
A;M;L;N;Q,M;L;F;Y;L,"135,154,117,37,182",0.6602998971939087,0.015998564660549164,False
A;M;L;N;K,M;L;F;Y;A,"135,154,117,37,253",0.00016754865646362305,5.706798219762277e-06,False
A;M;L;N;K,M;L;F;Y;V,"135,154,117,37,253",0.00016754865646362305,5.735907507187221e-06,False
A;M;L;N;Q,M;L;F;Y;F,"135,154,117,37,182",0.4511667490005493,0.011270877905189991,False
A;M;L;N;R,M;L;F;Y;D,"135,154,117,37,90",0.013960301876068115,0.0006709542358294129,False
A;M;L;N;Q,M;L;F;Y;A,"135,154,117,37,127",0.001179337501525879,6.085911445552483e-05,False
A;M;L;N;Y,M;L;F;Y;T,"135,154,117,37,63",0.00016754865646362305,6.352746368065709e-06,False
A;M;L;N;Q,M;L;F;Y;V,"135,154,117,37,182",0.7861027717590332,0.01889585331082344,True
A;M;L;N;K,M;L;F;Y;L,"135,154,117,37,253",0.00016754865646362305,5.683233666786691e-06,False
A;M;L;N;C,M;L;F;Y;S,"135,154,117,37,289",0.00016754865646362305,5.56402437723591e-06,False
A;M;L;N;Y,M;L;F;Y;G,"135,154,117,37,63",0.00016754865646362305,8.079894541879185e-06,False
A;M;L;N;Q,M;L;F;Y;T,"135,154,117,37,127",0.000616908073425293,2.7395957658882253e-05,False
A;M;L;N;A,M;L;F;Y;D,"135,154,117,37,226",0.00016754865646362305,5.8176906350126956e-06,False
A;M;L;N;C,M;L;F;Y;A,"135,154,117,37,289",0.00016754865646362305,5.56402437723591e-06,False
A;M;L;N;R,M;L;F;Y;Q,"135,154,117,37,224",0.00016754865646362305,5.56402437723591e-06,False
A;M;L;N;N,M;L;F;Y;K,"135,154,117,37,233",0.0003815293312072754,4.072799129062332e-05,False
A;M;L;N;S,M;L;F;Y;E,"135,154,117,37,136",0.00016754865646362305,5.56402437723591e-06,False
A;M;L;N;D,M;L;F;Y;N,"135,154,117,37,186",0.12744390964508057,0.0030066980980336666,False
A;M;L;N;R,M;L;F;Y;A,"135,154,117,37,280",0.0005319118499755859,1.8617442037793808e-05,False
A;M;L;N;S,M;L;F;Y;F,"135,154,117,37,238",0.4964901804924011,0.012132798321545124,False
A;M;L;N;S,M;L;F;Y;Q,"135,154,117,37,188",0.0003272891044616699,1.4460363672696985e-05,False
A;M;L;N;S,M;L;F;Y;H,"135,154,117,37,214",0.2391982078552246,0.005676268134266138,False
A;M;L;N;Q,M;L;F;Y;Y,"135,154,117,37,119",0.0021368861198425293,0.00010877293243538588,False
A;M;L;N;G,M;L;F;Y;A,"135,154,117,37,165",0.22909623384475708,0.005584014113992453,False
A;M;L;N;S,M;L;F;Y;E,"135,154,117,37,121",0.004214346408843994,0.0001289733627345413,False
A;M;L;N;I,M;L;F;Y;R,"135,154,117,37,168",0.0036445260047912598,0.00022515724413096905,False
A;M;L;N;N,M;L;F;Y;H,"135,154,117,37,205",0.19229942560195923,0.004529710393399,False
A;M;L;N;S,M;L;F;Y;Y,"135,154,117,37,269",0.00016754865646362305,5.56402437723591e-06,False
A;M;L;N;S,M;L;F;Y;T,"135,154,117,37,214",0.07349812984466553,0.0017409559804946184,False
A;M;L;N;I,M;L;F;Y;R,"135,154,117,37,218",0.006706297397613525,0.00024104256590362638,False
A;M;L;N;P,M;L;F;Y;K,"135,154,117,37,120",0.39743107557296753,0.009292270056903362,False
A;M;L;N;M,M;L;F;Y;H,"135,154,117,37,161",0.2509976625442505,0.006000520195811987,False
A;M;L;N;I,M;L;F;Y;H,"135,154,117,37,168",0.004652619361877441,0.00026120280381292105,False
A;M;L;N;N,M;L;F;Y;K,"135,154,117,37,114",0.00016355514526367188,5.213327312958427e-06,False
A;M;L;N;P,M;L;F;Y;V,"135,154,117,37,184",0.5700466632843018,0.015117991715669632,False
A;M;L;N;W,M;L;F;Y;P,"135,154,117,37,185",0.37204766273498535,0.009799787774682045,False
A;M;L;N;S,M;L;F;Y;H,"135,154,117,37,187",0.00048530101776123047,2.459315328451339e-05,False
A;M;L;N;S,M;L;F;Y;P,"135,154,117,37,188",0.00016754865646362305,7.296717285498744e-06,False
A;M;L;N;T,M;L;F;Y;Y,"135,154,117,37,189",0.0032886266708374023,0.00015276392514351755,False
A;M;L;N;F,M;L;F;Y;M,"135,154,117,37,191",0.00016754865646362305,5.543231964111328e-06,False
S;G;S;M;S,W;A;E;L;N,"58,165,136,262,124",0.231955885887146,0.005642761941999197,False
S;G;S;M;G,W;A;E;L;Q,"58,165,136,262,243",0.22909623384475708,0.005622478201985359,False
S;G;S;M;G,W;A;E;L;L,"58,165,136,262,243",0.22909623384475708,0.005639770533889532,False
S;G;S;M;T,W;A;E;L;E,"58,165,136,262,270",0.22909623384475708,0.005570640321820974,False
S;G;S;M;R,W;A;E;L;V,"58,165,136,262,34",0.22909623384475708,0.005570640321820974,False
S;G;S;M;G,W;A;E;L;K,"58,165,136,262,243",0.22909623384475708,0.005581722594797611,False
S;G;S;M;D,W;A;E;L;Q,"58,165,136,262,220",0.22909623384475708,0.005570884328335524,False
S;G;S;M;S,W;A;E;L;K,"58,165,136,262,124",0.23524940013885498,0.005847407039254904,False
S;G;S;M;F,W;A;E;L;E,"58,165,136,262,271",0.22909623384475708,0.005570640321820974,False
S;G;S;M;G,W;A;E;L;Q,"58,165,136,262,164",0.23820888996124268,0.01075680274516344,False
S;G;S;M;A,W;A;E;L;D,"58,165,136,262,130",0.2290228009223938,0.005581672769039869,False
S;G;S;M;W,W;A;E;L;C,"58,165,136,262,257",0.22909623384475708,0.005565657280385494,False
S;G;S;M;Q,W;A;E;L;N,"58,165,136,262,127",0.23162949085235596,0.005606130231171846,False
S;G;S;M;Q,W;A;E;L;R,"58,165,136,262,127",0.23315143585205078,0.00571733433753252,False
S;G;S;M;S,W;A;E;L;M,"58,165,136,262,238",0.3914560079574585,0.015019972808659077,False
S;G;S;M;F,W;A;E;L;M,"58,165,136,262,271",0.22909623384475708,0.005570640321820974,False
S;G;S;M;S,W;A;E;L;A,"58,165,136,262,124",0.225896954536438,0.005587798077613115,False
S;G;S;M;G,W;A;E;L;I,"58,165,136,262,243",0.22909623384475708,0.0056487517431378365,False
S;G;S;M;Q,W;A;E;L;I,"58,165,136,262,127",0.21072781085968018,0.0055846874602139,False
S;G;S;M;A,W;A;E;L;V,"58,165,136,262,65",0.22909623384475708,0.005572245456278324,False
S;G;S;M;Q,W;A;E;L;E,"58,165,136,262,133",0.22909623384475708,0.005570640321820974,False
S;G;S;M;S,W;A;E;L;T,"58,165,136,262,124",0.22786235809326172,0.005609678570181131,False
S;G;S;M;Q,W;A;E;L;K,"58,165,136,262,127",0.23453283309936523,0.0056792995892465115,False
S;G;S;M;Q,W;A;E;L;W,"58,165,136,262,133",0.22909623384475708,0.005570640321820974,False
S;G;S;M;D,W;A;E;L;L,"58,165,136,262,220",0.22909623384475708,0.005572338588535786,False
S;G;S;M;T,W;A;E;L;D,"58,165,136,262,88",0.22909623384475708,0.005771085154265165,False
S;G;S;M;R,W;A;E;L;N,"58,165,136,262,132",0.22909623384475708,0.005570640321820974,False
S;G;S;M;Q,W;A;E;L;D,"58,165,136,262,127",0.22409439086914062,0.0054804738610982895,False
S;G;S;M;A,W;A;E;L;Y,"58,165,136,262,215",0.5183595418930054,0.018489427864551544,False
S;G;S;M;L,W;A;E;L;K,"58,165,136,262,249",0.22909623384475708,0.00557074137032032,False
S;G;S;M;R,W;A;E;L;Y,"58,165,136,262,123",0.21474337577819824,0.005544899497181177,False
S;G;S;M;F,W;A;E;L;W,"58,165,136,262,271",0.22909623384475708,0.005570640321820974,False
S;G;S;M;N,W;A;E;L;I,"58,165,136,262,37",0.22909623384475708,0.005570640321820974,False
S;G;S;M;C,W;A;E;L;D,"58,165,136,262,289",0.22909623384475708,0.005570640321820974,False
S;G;S;M;A,W;A;E;L;P,"58,165,136,262,152",0.22909623384475708,0.005570640321820974,False
S;G;S;M;D,W;A;E;L;V,"58,165,136,262,186",0.714148759841919,0.022218016907572746,True
S;G;S;M;G,W;A;E;L;P,"58,165,136,262,243",0.22909623384475708,0.00558344554156065,False
S;G;S;M;S,W;A;E;L;E,"58,165,136,262,115",0.22909623384475708,0.0055792080238461494,False
S;G;S;M;L,W;A;E;L;Q,"58,165,136,262,216",0.22909623384475708,0.005945115815848112,False
S;G;S;M;N,W;A;E;L;P,"58,165,136,262,277",0.22909623384475708,0.00557064451277256,False
S;G;S;M;R,W;A;E;L;Q,"58,165,136,262,132",0.22909623384475708,0.005570640321820974,False
S;G;S;M;N,W;A;E;L;Y,"58,165,136,262,244",0.22909623384475708,0.005818548612296581,False
S;G;S;M;H,W;A;E;L;T,"58,165,136,262,104",0.22909623384475708,0.005570640321820974,False
S;G;S;M;H,W;A;E;L;L,"58,165,136,262,104",0.22909623384475708,0.005570640321820974,False
S;G;S;M;P,W;A;E;L;Q,"58,165,136,262,38",0.22909623384475708,0.005570640321820974,False
S;G;S;M;R,W;A;E;L;L,"58,165,136,262,53",0.22909623384475708,0.005570640321820974,False
S;G;S;M;A,W;A;E;L;T,"58,165,136,262,180",0.22918343544006348,0.0055689383298158646,False
S;G;S;M;P,W;A;E;L;D,"58,165,136,262,197",0.22909623384475708,0.005571470595896244,False
S;G;S;M;T,W;A;E;L;V,"58,165,136,262,198",0.22909623384475708,0.005579965189099312,False
S;G;S;M;A,W;A;E;L;M,"58,165,136,262,135",0.22909623384475708,0.005570640321820974,False
S;G;S;M;I,W;A;E;L;L,"58,165,136,262,111",0.22910934686660767,0.005563059356063604,False
S;G;S;M;G,W;A;E;L;S,"58,165,136,262,243",0.22909623384475708,0.0055767628364264965,False
S;G;S;M;Q,W;A;E;L;L,"58,165,136,262,127",0.21271657943725586,0.0055695343762636185,False
S;G;S;M;Q,W;A;E;L;H,"58,165,136,262,127",0.22964352369308472,0.005599603988230228,False
S;G;S;M;W,W;A;E;L;I,"58,165,136,262,159",0.28726261854171753,0.012763363309204578,False
S;G;S;M;Q,W;A;E;L;P,"58,165,136,262,127",0.22999191284179688,0.005584604572504759,False
S;G;S;M;S,W;A;E;L;N,"58,165,136,262,103",0.22909623384475708,0.005570640321820974,False
S;G;S;M;A,W;A;E;L;Y,"58,165,136,262,179",0.2292647361755371,0.0058141546323895454,False
S;G;S;M;W,W;A;E;L;K,"58,165,136,262,257",0.22909623384475708,0.005573135334998369,False
S;G;S;M;L,W;A;E;L;M,"58,165,136,262,216",0.22909623384475708,0.005639438051730394,False
S;G;S;M;Q,W;A;E;L;E,"58,165,136,262,127",0.21972090005874634,0.005469225347042084,False
S;G;S;M;G,W;A;E;L;A,"58,165,136,262,243",0.22909623384475708,0.005583377555012703,False
S;G;S;M;A,W;A;E;L;N,"58,165,136,262,226",0.22909623384475708,0.00557077769190073,False
S;G;S;M;L,W;A;E;L;I,"58,165,136,262,216",0.22909623384475708,0.005578179843723774,False
S;G;S;M;C,W;A;E;L;L,"58,165,136,262,289",0.22909623384475708,0.005570640321820974,False
S;G;S;M;S,W;A;E;L;E,"58,165,136,262,207",0.631908118724823,0.020984753966331482,False
S;G;S;M;M,W;A;E;L;L,"58,165,136,262,154",0.22909623384475708,0.005570586305111647,False
S;G;S;M;M,W;A;E;L;P,"58,165,136,262,222",0.22909623384475708,0.005570687353610992,False
S;G;S;M;G,W;A;E;L;T,"58,165,136,262,251",0.22909623384475708,0.005571326706558466,False
S;G;S;M;P,W;A;E;L;L,"58,165,136,262,38",0.22909623384475708,0.005570640321820974,False
S;G;S;M;L,W;A;E;L;W,"58,165,136,262,216",0.22909623384475708,0.005938626825809479,False
S;G;S;M;T,W;A;E;L;L,"58,165,136,262,72",0.22909623384475708,0.005570640321820974,False
S;G;S;M;S,W;A;E;L;P,"58,165,136,262,245",0.22909623384475708,0.005575555842369795,False
S;G;S;M;I,W;A;E;L;W,"58,165,136,262,111",0.2293100357055664,0.005816522054374218,False
S;G;S;M;L,W;A;E;L;D,"58,165,136,262,249",0.22909623384475708,0.005572237074375153,False
S;G;S;M;E,W;A;E;L;K,"58,165,136,262,231",0.22909623384475708,0.005623261444270611,False
S;G;S;M;D,W;A;E;L;K,"58,165,136,262,263",0.22909623384475708,0.005570640321820974,False
S;G;S;M;T,W;A;E;L;M,"58,165,136,262,51",0.22909623384475708,0.005570640321820974,False
S;G;S;M;L,W;A;E;L;E,"58,165,136,262,216",0.22909623384475708,0.006409653462469578,False
S;G;S;M;S,W;A;E;L;T,"58,165,136,262,121",0.2277030348777771,0.005544828716665506,False
S;G;S;M;I,W;A;E;L;H,"58,165,136,262,145",0.22909623384475708,0.005570640321820974,False
S;G;S;M;I,W;A;E;L;L,"58,165,136,262,145",0.22909623384475708,0.005570640321820974,False
S;G;S;M;H,W;A;E;L;M,"58,165,136,262,104",0.22909623384475708,0.005570640321820974,False
S;G;S;M;R,W;A;E;L;P,"58,165,136,262,280",0.22909623384475708,0.005606734659522772,False
S;G;S;M;L,W;A;E;L;F,"58,165,136,262,216",0.22909623384475708,0.005623594392091036,False
S;G;S;M;S,W;A;E;L;D,"58,165,136,262,103",0.22909623384475708,0.005570640321820974,False
S;G;S;M;I,W;A;E;L;V,"58,165,136,262,200",0.22909623384475708,0.005586280487477779,False
S;G;S;M;T,W;A;E;L;K,"58,165,136,262,88",0.22909623384475708,0.005625403020530939,False
S;G;S;M;N,W;A;E;L;K,"58,165,136,262,138",0.22909623384475708,0.005570640321820974,False
S;G;S;M;A,W;A;E;L;L,"58,165,136,262,65",0.22909623384475708,0.0055737788788974285,False
S;G;S;M;Q,W;A;E;L;T,"58,165,136,262,91",0.2289220690727234,0.0056105670519173145,False
S;G;S;M;G,W;A;E;L;D,"58,165,136,262,163",0.4139641523361206,0.016159124672412872,False
S;G;S;M;A,W;A;E;L;M,"58,165,136,262,65",0.22909623384475708,0.005576553754508495,False
S;G;S;M;K,W;A;E;L;L,"58,165,136,262,252",0.22909623384475708,0.005570711102336645,False
S;G;S;M;V,W;A;E;L;D,"58,165,136,262,57",0.22909623384475708,0.005570640321820974,False
S;G;S;M;Q,W;A;E;L;V,"58,165,136,262,127",0.21220123767852783,0.00554315559566021,False
S;G;S;M;V,W;A;E;L;C,"58,165,136,262,281",0.22909623384475708,0.005584653001278639,False
S;G;S;M;T,W;A;E;L;V,"58,165,136,262,72",0.22909623384475708,0.005570640321820974,False
S;G;S;M;Q,W;A;E;L;N,"58,165,136,262,133",0.22909623384475708,0.005570640321820974,False
S;G;S;M;R,W;A;E;L;K,"58,165,136,262,53",0.22909623384475708,0.005570640321820974,False
S;G;S;M;S,W;A;E;L;P,"58,165,136,262,125",0.23103654384613037,0.005623025819659233,False
S;G;S;M;T,W;A;E;L;Q,"58,165,136,262,88",0.22909623384475708,0.005603529512882233,False
S;G;S;M;N,W;A;E;L;L,"58,165,136,262,138",0.22909623384475708,0.005570640321820974,False
S;G;S;M;H,W;A;E;L;R,"58,165,136,262,104",0.22909623384475708,0.005570640321820974,False
S;G;S;M;W,W;A;E;L;P,"58,165,136,262,159",0.33245086669921875,0.014075211249291897,False
S;G;S;M;S,W;A;E;L;Y,"58,165,136,262,242",0.22909623384475708,0.005675982683897018,False
S;G;S;M;A,W;A;E;L;F,"58,165,136,262,65",0.22909623384475708,0.00557795912027359,False
S;G;S;M;G,W;A;E;L;H,"58,165,136,262,251",0.22909623384475708,0.005572708323597908,False
S;G;S;M;L,W;A;E;L;P,"58,165,136,262,216",0.22909623384475708,0.005877066403627396,False
S;G;S;M;A,W;A;E;L;E,"58,165,136,262,152",0.22909623384475708,0.005570640321820974,False
S;G;S;M;T,W;A;E;L;N,"58,165,136,262,88",0.22909623384475708,0.005594104994088411,False
S;G;S;M;T,W;A;E;L;N,"58,165,136,262,198",0.22909623384475708,0.005582372657954693,False
S;G;S;M;L,W;A;E;L;C,"58,165,136,262,249",0.22909623384475708,0.00557064451277256,False
S;G;S;M;N,W;A;E;L;T,"58,165,136,262,190",0.22909623384475708,0.005568410269916058,False
S;G;S;M;S,W;A;E;L;V,"58,165,136,262,223",0.22909623384475708,0.005570640321820974,False
S;G;S;M;A,W;A;E;L;W,"58,165,136,262,65",0.22909623384475708,0.005584454629570246,False
S;G;S;M;K,W;A;E;L;Y,"58,165,136,262,253",0.22909623384475708,0.005570725072175264,False
S;G;S;M;R,W;A;E;L;S,"58,165,136,262,90",0.22909623384475708,0.0060219960287213326,False
S;G;S;M;T,W;A;E;L;M,"58,165,136,262,29",0.22909623384475708,0.005570640321820974,False
S;G;S;M;A,W;A;E;L;L,"58,165,136,262,272",0.22909623384475708,0.005570640321820974,False
S;G;S;M;R,W;A;E;L;N,"58,165,136,262,90",0.22909623384475708,0.0058001624420285225,False
S;G;S;M;R,W;A;E;L;T,"58,165,136,262,90",0.22909623384475708,0.0058288853615522385,False
S;G;S;M;G,W;A;E;L;T,"58,165,136,262,254",0.22909623384475708,0.005571233574301004,False
S;G;S;M;R,W;A;E;L;P,"58,165,136,262,90",0.22909623384475708,0.0062032658606767654,False
S;G;S;M;N,W;A;E;L;Y,"58,165,136,262,37",0.22909623384475708,0.005570640321820974,False
S;G;S;M;Q,W;A;E;L;I,"58,165,136,262,182",0.821577787399292,0.025571225211024284,True
S;G;S;M;R,W;A;E;L;A,"58,165,136,262,90",0.22909623384475708,0.005922023672610521,False
S;G;S;M;K,W;A;E;L;F,"58,165,136,262,253",0.22909623384475708,0.005570698529481888,False
S;G;S;M;Y,W;A;E;L;S,"58,165,136,262,63",0.22921150922775269,0.005563629325479269,False
S;G;S;M;Q,W;A;E;L;M,"58,165,136,262,127",0.2166118621826172,0.005576803348958492,False
S;G;S;M;Q,W;A;E;L;L,"58,165,136,262,182",0.6594984531402588,0.021641671657562256,False
S;G;S;M;K,W;A;E;L;A,"58,165,136,262,253",0.22909623384475708,0.005570783279836178,False
S;G;S;M;K,W;A;E;L;V,"58,165,136,262,253",0.22909623384475708,0.005570812150835991,False
S;G;S;M;Q,W;A;E;L;F,"58,165,136,262,182",0.45070165395736694,0.016965145245194435,False
S;G;S;M;R,W;A;E;L;D,"58,165,136,262,90",0.22909623384475708,0.006281744688749313,False
S;G;S;M;Q,W;A;E;L;A,"58,165,136,262,127",0.2244066596031189,0.005533721763640642,False
S;G;S;M;Y,W;A;E;L;T,"58,165,136,262,63",0.22919166088104248,0.005564670078456402,False
S;G;S;M;Q,W;A;E;L;V,"58,165,136,262,182",0.7851306200027466,0.024517860263586044,True
S;G;S;M;K,W;A;E;L;L,"58,165,136,262,253",0.22909623384475708,0.005570759531110525,False
S;G;S;M;C,W;A;E;L;S,"58,165,136,262,289",0.22909623384475708,0.005570640321820974,False
S;G;S;M;Y,W;A;E;L;G,"58,165,136,262,63",0.22925007343292236,0.005561631638556719,False
S;G;S;M;M,W;A;E;L;V,"58,165,136,262,154",0.22909623384475708,0.005570568144321442,False
S;G;S;M;Q,W;A;E;L;T,"58,165,136,262,127",0.22755897045135498,0.0055436077527701855,False
S;G;S;M;A,W;A;E;L;D,"58,165,136,262,226",0.22909623384475708,0.005570895504206419,False
S;G;S;M;C,W;A;E;L;A,"58,165,136,262,289",0.22909623384475708,0.005570640321820974,False
S;G;S;M;R,W;A;E;L;Q,"58,165,136,262,224",0.22909623384475708,0.005570640321820974,False
S;G;S;M;N,W;A;E;L;K,"58,165,136,262,233",0.22909623384475708,0.005605809856206179,False
S;G;S;M;D,W;A;E;L;N,"58,165,136,262,186",0.23145067691802979,0.008810625411570072,False
S;G;S;M;R,W;A;E;L;A,"58,165,136,262,280",0.22909623384475708,0.005583693739026785,False
S;G;S;M;S,W;A;E;L;F,"58,165,136,262,238",0.4964901804924011,0.017695052549242973,False
S;G;S;M;S,W;A;E;L;Q,"58,165,136,262,188",0.22899997234344482,0.005563744343817234,False
S;G;S;M;S,W;A;E;L;H,"58,165,136,262,214",0.23909205198287964,0.011288552545011044,False
S;G;S;M;L,W;A;E;L;F,"58,165,136,262,117",0.22909623384475708,0.00558406813070178,False
S;G;S;M;Q,W;A;E;L;Y,"58,165,136,262,119",0.22917968034744263,0.005743500776588917,False
S;G;S;M;S,W;A;E;L;E,"58,165,136,262,121",0.2312597632408142,0.005722662899643183,False
S;G;S;M;I,W;A;E;L;R,"58,165,136,262,168",0.2501746416091919,0.006260683294385672,False
S;G;S;M;N,W;A;E;L;H,"58,165,136,262,205",0.22909623384475708,0.010094776749610901,False
S;G;S;M;S,W;A;E;L;Y,"58,165,136,262,269",0.22909623384475708,0.005570640321820974,False
S;G;S;M;S,W;A;E;L;T,"58,165,136,262,214",0.22906577587127686,0.007327074185013771,False
S;G;S;M;I,W;A;E;L;R,"58,165,136,262,218",0.22909623384475708,0.005813142750412226,False
S;G;S;M;P,W;A;E;L;K,"58,165,136,262,120",0.39429008960723877,0.014912551268935204,False
S;G;S;M;M,W;A;E;L;H,"58,165,136,262,161",0.2644556760787964,0.012063338421285152,False
S;G;S;M;I,W;A;E;L;H,"58,165,136,262,168",0.24369752407073975,0.006138591095805168,False
S;G;S;M;N,W;A;E;L;K,"58,165,136,262,114",0.22909623384475708,0.005569148808717728,False
S;G;S;M;P,W;A;E;L;V,"58,165,136,262,184",0.5685247182846069,0.021234415471553802,False
S;G;S;M;W,W;A;E;L;P,"58,165,136,262,185",0.3716543912887573,0.015031005255877972,False
S;G;S;M;S,W;A;E;L;H,"58,165,136,262,187",0.2289983630180359,0.005616124253720045,False
S;G;S;M;S,W;A;E;L;P,"58,165,136,262,188",0.22903072834014893,0.005562684033066034,False
S;G;S;M;T,W;A;E;L;Y,"58,165,136,262,189",0.22895419597625732,0.005765270441770554,False
S;G;S;M;F,W;A;E;L;M,"58,165,136,262,191",0.2290511131286621,0.005570076406002045,False
S;H;T;M;S,P;M;M;L;N,"245,104,29,262,124",0.00022107362747192383,2.1610148905892856e-05,False
S;H;T;M;G,P;M;M;L;Q,"245,104,29,262,243",0.002009749412536621,5.191980380914174e-05,False
S;H;T;M;G,P;M;M;L;L,"245,104,29,262,243",0.0030268430709838867,7.621493568876758e-05,False
S;H;T;M;T,P;M;M;L;E,"245,104,29,262,270",0.00020647048950195312,4.927779173158342e-06,False
S;H;T;M;R,P;M;M;L;V,"245,104,29,262,34",0.00020647048950195312,4.927779173158342e-06,False
S;H;T;M;G,P;M;M;L;K,"245,104,29,262,243",0.0004341602325439453,1.3854614735464565e-05,False
S;H;T;M;D,P;M;M;L;Q,"245,104,29,262,220",0.00020647048950195312,5.2188715926604345e-06,False
S;H;T;M;S,P;M;M;L;K,"245,104,29,262,124",0.001477062702178955,8.514315413776785e-05,False
S;H;T;M;F,P;M;M;L;E,"245,104,29,262,271",0.00020647048950195312,4.927779173158342e-06,False
S;H;T;M;G,P;M;M;L;Q,"245,104,29,262,164",0.1989167332649231,0.005077890120446682,False
S;H;T;M;A,P;M;M;L;D,"245,104,29,262,130",0.00020647048950195312,6.3666079768154304e-06,False
S;H;T;M;W,P;M;M;L;C,"245,104,29,262,257",0.00020647048950195312,5.107979632157367e-06,False
S;H;T;M;Q,P;M;M;L;N,"245,104,29,262,127",0.000515282154083252,3.068946170969866e-05,False
S;H;T;M;Q,P;M;M;L;R,"245,104,29,262,127",0.001125335693359375,4.16983020841144e-05,False
S;H;T;M;S,P;M;M;L;M,"245,104,29,262,238",0.3912610411643982,0.00945247057825327,False
S;H;T;M;F,P;M;M;L;M,"245,104,29,262,271",0.00020647048950195312,4.927779173158342e-06,False
S;H;T;M;S,P;M;M;L;A,"245,104,29,262,124",0.00040590763092041016,3.55160518665798e-05,False
S;H;T;M;G,P;M;M;L;I,"245,104,29,262,243",0.0034220218658447266,8.57045451994054e-05,False
S;H;T;M;Q,P;M;M;L;I,"245,104,29,262,127",0.008184432983398438,0.0004100896476302296,False
S;H;T;M;A,P;M;M;L;V,"245,104,29,262,65",0.00020647048950195312,5.016493105358677e-06,False
S;H;T;M;Q,P;M;M;L;E,"245,104,29,262,133",0.00020647048950195312,4.927779173158342e-06,False
S;H;T;M;S,P;M;M;L;T,"245,104,29,262,124",0.00020766258239746094,2.0747960661537945e-05,False
S;H;T;M;Q,P;M;M;L;K,"245,104,29,262,127",0.00043380260467529297,2.8421713068382815e-05,False
S;H;T;M;Q,P;M;M;L;W,"245,104,29,262,133",0.00020647048950195312,4.927779173158342e-06,False
S;H;T;M;D,P;M;M;L;L,"245,104,29,262,220",0.00020647048950195312,6.634135388594586e-06,False
S;H;T;M;T,P;M;M;L;D,"245,104,29,262,88",0.0031270980834960938,0.00018768255540635437,False
S;H;T;M;R,P;M;M;L;N,"245,104,29,262,132",0.00020647048950195312,4.927779173158342e-06,False
S;H;T;M;Q,P;M;M;L;D,"245,104,29,262,127",0.0002162456512451172,1.5846519090700895e-05,False
S;H;T;M;A,P;M;M;L;Y,"245,104,29,262,215",0.5183595418930054,0.012875579297542572,False
S;H;T;M;L,P;M;M;L;K,"245,104,29,262,249",0.00021207332611083984,5.278476237435825e-06,False
S;H;T;M;R,P;M;M;L;Y,"245,104,29,262,123",0.0025812387466430664,0.00020978479005862027,False
S;H;T;M;F,P;M;M;L;W,"245,104,29,262,271",0.00020647048950195312,4.927779173158342e-06,False
S;H;T;M;S,P;M;M;L;D,"245,104,29,262,58",0.00020647048950195312,4.927779173158342e-06,False
S;H;T;M;N,P;M;M;L;I,"245,104,29,262,37",0.00020647048950195312,4.927779173158342e-06,False
S;H;T;M;C,P;M;M;L;D,"245,104,29,262,289",0.00020647048950195312,4.927779173158342e-06,False
S;H;T;M;A,P;M;M;L;P,"245,104,29,262,152",0.00020647048950195312,4.927779173158342e-06,False
S;H;T;M;D,P;M;M;L;V,"245,104,29,262,186",0.7238578200340271,0.017287906259298325,True
S;H;T;M;G,P;M;M;L;P,"245,104,29,262,243",0.00047779083251953125,1.5359977624029852e-05,False
S;H;T;M;S,P;M;M;L;E,"245,104,29,262,115",0.00020647048950195312,7.026417279121233e-06,False
S;H;T;M;L,P;M;M;L;Q,"245,104,29,262,216",0.007548630237579346,0.00037483975756913424,False
S;H;T;M;N,P;M;M;L;P,"245,104,29,262,277",0.00020647048950195312,4.923620963381836e-06,False
S;H;T;M;R,P;M;M;L;Q,"245,104,29,262,132",0.00020647048950195312,4.927779173158342e-06,False
S;H;T;M;N,P;M;M;L;Y,"245,104,29,262,244",0.003696441650390625,0.00023972710187081248,False
S;H;T;M;S,P;M;M;L;V,"245,104,29,262,58",0.00020647048950195312,4.927779173158342e-06,False
S;H;T;M;P,P;M;M;L;Q,"245,104,29,262,38",0.00020647048950195312,4.927779173158342e-06,False
S;H;T;M;R,P;M;M;L;L,"245,104,29,262,53",0.00020647048950195312,4.927779173158342e-06,False
S;H;T;M;A,P;M;M;L;T,"245,104,29,262,180",0.0009616613388061523,6.887108611408621e-05,False
S;H;T;M;P,P;M;M;L;D,"245,104,29,262,197",0.00020647048950195312,5.138474989507813e-06,False
S;H;T;M;T,P;M;M;L;V,"245,104,29,262,198",0.0010097026824951172,2.9283901312737726e-05,False
S;H;T;M;A,P;M;M;L;M,"245,104,29,262,135",0.00020647048950195312,4.927779173158342e-06,False
S;H;T;M;I,P;M;M;L;L,"245,104,29,262,111",0.00020647048950195312,7.206617283372907e-06,False
S;H;T;M;G,P;M;M;L;S,"245,104,29,262,243",0.00025093555450439453,1.0202097655565012e-05,False
S;H;T;M;Q,P;M;M;L;L,"245,104,29,262,127",0.00674206018447876,0.0003408124321140349,False
S;H;T;M;Q,P;M;M;L;H,"245,104,29,262,127",0.00020647048950195312,1.0619330168992747e-05,False
S;H;T;M;W,P;M;M;L;I,"245,104,29,262,159",0.287265419960022,0.007264318875968456,False
S;H;T;M;Q,P;M;M;L;P,"245,104,29,262,127",0.0010393857955932617,4.629340401152149e-05,False
S;H;T;M;S,P;M;M;L;N,"245,104,29,262,103",0.00020647048950195312,4.927779173158342e-06,False
S;H;T;M;A,P;M;M;L;Y,"245,104,29,262,179",0.005127310752868652,0.00020120310364291072,False
S;H;T;M;W,P;M;M;L;K,"245,104,29,262,257",0.00020647048950195312,5.1842180255334824e-06,False
S;H;T;M;L,P;M;M;L;M,"245,104,29,262,216",0.0013286471366882324,7.209250907180831e-05,False
S;H;T;M;Q,P;M;M;L;E,"245,104,29,262,127",0.0012962818145751953,8.154054376063868e-05,False
S;H;T;M;G,P;M;M;L;A,"245,104,29,262,243",0.0005921125411987305,1.9338242054800503e-05,False
S;H;T;M;A,P;M;M;L;N,"245,104,29,262,226",0.00020647048950195312,5.056691861682339e-06,False
S;H;T;M;L,P;M;M;L;I,"245,104,29,262,216",0.00020647048950195312,1.296331720368471e-05,False
S;H;T;M;C,P;M;M;L;L,"245,104,29,262,289",0.00020647048950195312,4.927779173158342e-06,False
S;H;T;M;S,P;M;M;L;E,"245,104,29,262,207",0.631908118724823,0.015414616093039513,False
S;H;T;M;M,P;M;M;L;L,"245,104,29,262,154",0.00020647048950195312,4.937482572131557e-06,False
S;H;T;M;M,P;M;M;L;P,"245,104,29,262,222",0.00020647048950195312,4.992928552383091e-06,False
S;H;T;M;G,P;M;M;L;T,"245,104,29,262,251",0.0001728534698486328,5.085801149107283e-06,False
S;H;T;M;P,P;M;M;L;L,"245,104,29,262,38",0.00020647048950195312,4.927779173158342e-06,False
S;H;T;M;L,P;M;M;L;W,"245,104,29,262,216",0.007777690887451172,0.00036933532101102173,False
S;H;T;M;T,P;M;M;L;L,"245,104,29,262,72",0.00020647048950195312,4.927779173158342e-06,False
S;H;T;M;I,P;M;M;L;W,"245,104,29,262,111",0.007856607437133789,0.00023905759735498577,False
S;H;T;M;L,P;M;M;L;D,"245,104,29,262,249",0.00016289949417114258,5.886998224013951e-06,False
S;H;T;M;E,P;M;M;L;K,"245,104,29,262,231",0.0010089874267578125,5.9197114751441404e-05,False
S;H;T;M;D,P;M;M;L;K,"245,104,29,262,263",0.00020647048950195312,4.927779173158342e-06,False
S;H;T;M;T,P;M;M;L;M,"245,104,29,262,51",0.00020647048950195312,4.927779173158342e-06,False
S;H;T;M;L,P;M;M;L;E,"245,104,29,262,216",0.018210649490356445,0.0008388147689402103,False
S;H;T;M;S,P;M;M;L;T,"245,104,29,262,121",0.00020647048950195312,8.838121175358538e-06,False
S;H;T;M;I,P;M;M;L;H,"245,104,29,262,145",0.00020647048950195312,4.927779173158342e-06,False
S;H;T;M;I,P;M;M;L;L,"245,104,29,262,145",0.00020647048950195312,4.927779173158342e-06,False
S;H;T;M;R,P;M;M;L;P,"245,104,29,262,280",0.0015063285827636719,3.931411629309878e-05,False
S;H;T;M;L,P;M;M;L;F,"245,104,29,262,216",0.0011981725692749023,5.6728375056991354e-05,False
S;H;T;M;S,P;M;M;L;D,"245,104,29,262,103",0.00020647048950195312,4.927779173158342e-06,False
S;H;T;M;I,P;M;M;L;V,"245,104,29,262,200",0.00028192996978759766,2.0630137441912666e-05,False
S;H;T;M;T,P;M;M;L;K,"245,104,29,262,88",0.0010313987731933594,5.49208270967938e-05,False
S;H;T;M;N,P;M;M;L;K,"245,104,29,262,138",0.00020647048950195312,4.927779173158342e-06,False
S;H;T;M;A,P;M;M;L;L,"245,104,29,262,65",0.00020647048950195312,5.167584276932757e-06,False
S;H;T;M;Q,P;M;M;L;T,"245,104,29,262,91",0.0007758736610412598,3.983392161899246e-05,False
S;H;T;M;G,P;M;M;L;D,"245,104,29,262,163",0.40538251399993896,0.010533296503126621,False
S;H;T;M;A,P;M;M;L;M,"245,104,29,262,65",0.00020647048950195312,5.575113391387276e-06,False
S;H;T;M;K,P;M;M;L;L,"245,104,29,262,252",0.00020647048950195312,4.931937837682199e-06,False
S;H;T;M;V,P;M;M;L;D,"245,104,29,262,57",0.00020647048950195312,4.927779173158342e-06,False
S;H;T;M;Q,P;M;M;L;V,"245,104,29,262,127",0.006808936595916748,0.0003207520057912916,False
S;H;T;M;V,P;M;M;L;C,"245,104,29,262,281",0.0005782842636108398,1.853427238529548e-05,False
S;H;T;M;T,P;M;M;L;V,"245,104,29,262,72",0.00020647048950195312,4.927779173158342e-06,False
S;H;T;M;Q,P;M;M;L;N,"245,104,29,262,133",0.00020647048950195312,4.927779173158342e-06,False
S;H;T;M;R,P;M;M;L;K,"245,104,29,262,53",0.00020647048950195312,4.927779173158342e-06,False
S;H;T;M;S,P;M;M;L;P,"245,104,29,262,125",0.00020647048950195312,9.809815310291015e-06,False
S;H;T;M;T,P;M;M;L;Q,"245,104,29,262,88",0.00044465065002441406,2.8382899472489953e-05,False
S;H;T;M;N,P;M;M;L;L,"245,104,29,262,138",0.00020647048950195312,4.927779173158342e-06,False
S;H;T;M;W,P;M;M;L;P,"245,104,29,262,159",0.3327174782752991,0.008809174410998821,False
S;H;T;M;S,P;M;M;L;Y,"245,104,29,262,242",0.002185523509979248,0.00010594933701213449,False
S;H;T;M;A,P;M;M;L;F,"245,104,29,262,65",0.00020647048950195312,5.902245902689174e-06,False
S;H;T;M;G,P;M;M;L;H,"245,104,29,262,251",0.00015866756439208984,6.301458597590681e-06,False
S;H;T;M;L,P;M;M;L;P,"245,104,29,262,216",0.005413234233856201,0.0003074989654123783,False
S;H;T;M;S,P;M;M;L;W,"245,104,29,262,58",0.00020647048950195312,4.927779173158342e-06,False
S;H;T;M;A,P;M;M;L;E,"245,104,29,262,152",0.00020647048950195312,4.927779173158342e-06,False
S;H;T;M;T,P;M;M;L;N,"245,104,29,262,88",0.00040328502655029297,2.0174093151581474e-05,False
S;H;T;M;T,P;M;M;L;N,"245,104,29,262,198",0.00020647048950195312,7.995339728950057e-06,False
S;H;T;M;S,P;M;M;L;K,"245,104,29,262,58",0.00020647048950195312,4.927779173158342e-06,False
S;H;T;M;L,P;M;M;L;C,"245,104,29,262,249",0.0002110004425048828,5.028968644182896e-06,False
S;H;T;M;N,P;M;M;L;T,"245,104,29,262,190",0.00020647048950195312,5.116296506457729e-06,False
S;H;T;M;S,P;M;M;L;V,"245,104,29,262,223",0.00020647048950195312,4.927779173158342e-06,False
S;H;T;M;A,P;M;M;L;W,"245,104,29,262,65",0.00020647048950195312,7.639097930223215e-06,False
S;H;T;M;K,P;M;M;L;Y,"245,104,29,262,253",0.00020647048950195312,5.098276233184151e-06,False
S;H;T;M;R,P;M;M;L;S,"245,104,29,262,90",0.008243739604949951,0.00047033056034706533,False
S;H;T;M;A,P;M;M;L;L,"245,104,29,262,272",0.00020647048950195312,4.927779173158342e-06,False
S;H;T;M;R,P;M;M;L;N,"245,104,29,262,90",0.004311025142669678,0.00023535518266726285,False
S;H;T;M;R,P;M;M;L;T,"245,104,29,262,90",0.004466652870178223,0.0002761566429398954,False
S;H;T;M;G,P;M;M;L;T,"245,104,29,262,254",0.00020647048950195312,5.083028554508928e-06,False
S;H;T;M;R,P;M;M;L;P,"245,104,29,262,90",0.012117266654968262,0.0006453727837651968,False
S;H;T;M;N,P;M;M;L;Y,"245,104,29,262,37",0.00020647048950195312,4.927779173158342e-06,False
S;H;T;M;Q,P;M;M;L;I,"245,104,29,262,182",0.8225822448730469,0.019932320341467857,True
S;H;T;M;R,P;M;M;L;A,"245,104,29,262,90",0.0059661865234375,0.00038321211468428373,False
S;H;T;M;K,P;M;M;L;F,"245,104,29,262,253",0.00020647048950195312,4.948571586282924e-06,False
S;H;T;M;Y,P;M;M;L;S,"245,104,29,262,63",0.00020647048950195312,6.467796993092634e-06,False
S;H;T;M;Q,P;M;M;L;M,"245,104,29,262,127",0.004376530647277832,0.00025358449784107506,False
S;H;T;M;Q,P;M;M;L;L,"245,104,29,262,182",0.6602998971939087,0.01600842922925949,False
S;H;T;M;K,P;M;M;L;A,"245,104,29,262,253",0.00020647048950195312,4.9180762289324775e-06,False
S;H;T;M;K,P;M;M;L;V,"245,104,29,262,253",0.00020647048950195312,4.940254711982561e-06,False
S;H;T;M;Q,P;M;M;L;F,"245,104,29,262,182",0.4511667490005493,0.011278356425464153,False
S;H;T;M;R,P;M;M;L;D,"245,104,29,262,90",0.014555573463439941,0.0007065354147925973,False
S;H;T;M;Q,P;M;M;L;A,"245,104,29,262,127",0.001179337501525879,6.166446837596595e-05,False
S;H;T;M;Y,P;M;M;L;T,"245,104,29,262,63",0.00020647048950195312,5.964623142062919e-06,False
S;H;T;M;Q,P;M;M;L;V,"245,104,29,262,182",0.7861027717590332,0.018906589597463608,True
S;H;T;M;K,P;M;M;L;L,"245,104,29,262,253",0.00020647048950195312,4.9194622988579795e-06,False
S;H;T;M;C,P;M;M;L;S,"245,104,29,262,289",0.00020647048950195312,4.927779173158342e-06,False
S;H;T;M;Y,P;M;M;L;G,"245,104,29,262,63",0.00020647048950195312,7.867813110351562e-06,False
S;H;T;M;M,P;M;M;L;V,"245,104,29,262,154",0.00020647048950195312,4.944413376506418e-06,False
S;H;T;M;Q,P;M;M;L;T,"245,104,29,262,127",0.0006337165832519531,2.7662099455483258e-05,False
S;H;T;M;A,P;M;M;L;D,"245,104,29,262,226",0.00020647048950195312,5.163425612408901e-06,False
S;H;T;M;C,P;M;M;L;A,"245,104,29,262,289",0.00020647048950195312,4.927779173158342e-06,False
S;H;T;M;R,P;M;M;L;Q,"245,104,29,262,224",0.00020647048950195312,4.927779173158342e-06,False
S;H;T;M;N,P;M;M;L;K,"245,104,29,262,233",0.0003815293312072754,4.136423740419559e-05,False
S;H;T;M;S,P;M;M;L;E,"245,104,29,262,136",0.00020647048950195312,4.927779173158342e-06,False
S;H;T;M;D,P;M;M;L;N,"245,104,29,262,186",0.12744390964508057,0.0030081230215728283,False
S;H;T;M;R,P;M;M;L;A,"245,104,29,262,280",0.0005217790603637695,1.675999374128878e-05,False
S;H;T;M;S,P;M;M;L;F,"245,104,29,262,238",0.49632012844085693,0.0121297063305974,False
S;H;T;M;S,P;M;M;L;Q,"245,104,29,262,188",0.0003272891044616699,1.3316786862560548e-05,False
S;H;T;M;S,P;M;M;L;H,"245,104,29,262,214",0.2391982078552246,0.005674600601196289,False
S;H;T;M;L,P;M;M;L;F,"245,104,29,262,117",0.00020647048950195312,1.0469625522091519e-05,False
S;H;T;M;Q,P;M;M;L;Y,"245,104,29,262,119",0.0018875598907470703,9.509158553555608e-05,False
S;H;T;M;G,P;M;M;L;A,"245,104,29,262,165",0.22909623384475708,0.005575555842369795,False
S;H;T;M;S,P;M;M;L;E,"245,104,29,262,121",0.0044945478439331055,0.00013277973630465567,False
S;H;T;M;I,P;M;M;L;R,"245,104,29,262,168",0.003562331199645996,0.0002214492706116289,False
S;H;T;M;N,P;M;M;L;H,"245,104,29,262,205",0.19229942560195923,0.004529997240751982,False
S;H;T;M;S,P;M;M;L;Y,"245,104,29,262,269",0.00020647048950195312,4.927779173158342e-06,False
S;H;T;M;S,P;M;M;L;T,"245,104,29,262,214",0.07349812984466553,0.0017400120850652456,False
S;H;T;M;I,P;M;M;L;R,"245,104,29,262,218",0.006706297397613525,0.00024048810882959515,False
S;H;T;M;P,P;M;M;L;K,"245,104,29,262,120",0.3988921642303467,0.009323052130639553,False
S;H;T;M;M,P;M;M;L;H,"245,104,29,262,161",0.24976086616516113,0.005966525990515947,False
S;H;T;M;I,P;M;M;L;H,"245,104,29,262,168",0.004608631134033203,0.0002573021629359573,False
S;H;T;M;N,P;M;M;L;K,"245,104,29,262,114",0.00020647048950195312,5.05114712723298e-06,False
S;H;T;M;P,P;M;M;L;V,"245,104,29,262,184",0.5700466632843018,0.015102514065802097,False
S;H;T;M;W,P;M;M;L;P,"245,104,29,262,185",0.37204766273498535,0.009815746918320656,False
S;H;T;M;S,P;M;M;L;H,"245,104,29,262,187",0.00048530101776123047,2.3205613615573384e-05,False
S;H;T;M;S,P;M;M;L;P,"245,104,29,262,188",0.00020647048950195312,6.520470833493164e-06,False
S;H;T;M;T,P;M;M;L;Y,"245,104,29,262,189",0.0032886266708374023,0.00015079142758622766,False
S;H;T;M;F,P;M;M;L;M,"245,104,29,262,191",0.00020647048950195312,4.943026851833565e-06,False
N;S;S;S;S,Y;Q;E;P;N,"37,188,136,245,124",0.0003097057342529297,2.9586082746391185e-05,False
N;S;S;S;G,Y;Q;E;P;Q,"37,188,136,245,243",0.002009749412536621,6.03088119532913e-05,False
N;S;S;S;G,Y;Q;E;P;L,"37,188,136,245,243",0.0030268430709838867,8.460394019493833e-05,False
N;S;S;S;T,Y;Q;E;P;E,"37,188,136,245,270",0.0003272891044616699,1.3316786862560548e-05,False
N;S;S;S;R,Y;Q;E;P;V,"37,188,136,245,34",0.0003272891044616699,1.3316786862560548e-05,False
N;S;S;S;G,Y;Q;E;P;K,"37,188,136,245,243",0.0004341602325439453,2.224362106062472e-05,False
N;S;S;S;D,Y;Q;E;P;Q,"37,188,136,245,220",0.0003272891044616699,1.2938366126036271e-05,False
N;S;S;S;S,Y;Q;E;P;K,"37,188,136,245,124",0.001477062702178955,9.519693412585184e-05,False
N;S;S;S;F,Y;Q;E;P;E,"37,188,136,245,271",0.0003272891044616699,1.3316786862560548e-05,False
N;S;S;S;G,Y;Q;E;P;Q,"37,188,136,245,164",0.19902151823043823,0.005120501853525639,False
N;S;S;S;A,Y;Q;E;P;D,"37,188,136,245,130",0.0003272891044616699,1.4945518159947824e-05,False
N;S;S;S;W,Y;Q;E;P;C,"37,188,136,245,257",0.0003272891044616699,1.3496986866812222e-05,False
N;S;S;S;Q,Y;Q;E;P;N,"37,188,136,245,127",0.000515282154083252,3.78822187485639e-05,False
N;S;S;S;Q,Y;Q;E;P;R,"37,188,136,245,127",0.001125335693359375,5.0586324505275115e-05,False
N;S;S;S;S,Y;Q;E;P;M,"37,188,136,245,238",0.3912610411643982,0.009460809640586376,False
N;S;S;S;F,Y;Q;E;P;M,"37,188,136,245,271",0.0003272891044616699,1.3316786862560548e-05,False
N;S;S;S;S,Y;Q;E;P;A,"37,188,136,245,124",0.00044524669647216797,4.595933933160268e-05,False
N;S;S;S;G,Y;Q;E;P;I,"37,188,136,245,243",0.0034220218658447266,9.409355698153377e-05,False
N;S;S;S;Q,Y;Q;E;P;I,"37,188,136,245,127",0.008184432983398438,0.00042326783295720816,False
N;S;S;S;A,Y;Q;E;P;V,"37,188,136,245,65",0.0003272891044616699,1.3405500794760883e-05,False
N;S;S;S;Q,Y;Q;E;P;E,"37,188,136,245,133",0.0003272891044616699,1.3316786862560548e-05,False
N;S;S;S;S,Y;Q;E;P;T,"37,188,136,245,124",0.0003323554992675781,3.07185691781342e-05,False
N;S;S;S;Q,Y;Q;E;P;K,"37,188,136,245,127",0.0003948211669921875,3.5326149372849613e-05,False
N;S;S;S;Q,Y;Q;E;P;W,"37,188,136,245,133",0.0003272891044616699,1.3316786862560548e-05,False
N;S;S;S;D,Y;Q;E;P;L,"37,188,136,245,220",0.0003272891044616699,1.442293796571903e-05,False
N;S;S;S;T,Y;Q;E;P;D,"37,188,136,245,88",0.0031270980834960938,0.00019668007735162973,False
N;S;S;S;R,Y;Q;E;P;N,"37,188,136,245,132",0.0003272891044616699,1.3316786862560548e-05,False
N;S;S;S;Q,Y;Q;E;P;D,"37,188,136,245,127",0.00033217668533325195,2.4935534383985214e-05,False
N;S;S;S;A,Y;Q;E;P;Y,"37,188,136,245,215",0.5184677839279175,0.012873882427811623,False
N;S;S;S;L,Y;Q;E;P;K,"37,188,136,245,249",0.0003272891044616699,1.366748347209068e-05,False
N;S;S;S;R,Y;Q;E;P;Y,"37,188,136,245,123",0.0026876330375671387,0.0002226261276518926,False
N;S;S;S;F,Y;Q;E;P;W,"37,188,136,245,271",0.0003272891044616699,1.3316786862560548e-05,False
N;S;S;S;S,Y;Q;E;P;D,"37,188,136,245,58",0.0003272891044616699,1.3316786862560548e-05,False
N;S;S;S;C,Y;Q;E;P;D,"37,188,136,245,289",0.0003272891044616699,1.3316786862560548e-05,False
N;S;S;S;A,Y;Q;E;P;P,"37,188,136,245,152",0.0003272891044616699,1.3316786862560548e-05,False
N;S;S;S;D,Y;Q;E;P;V,"37,188,136,245,186",0.7266190052032471,0.017360853031277657,True
N;S;S;S;G,Y;Q;E;P;P,"37,188,136,245,243",0.00047779083251953125,2.374898576817941e-05,False
N;S;S;S;S,Y;Q;E;P;E,"37,188,136,245,115",0.0003272891044616699,1.5566514775855467e-05,False
N;S;S;S;L,Y;Q;E;P;Q,"37,188,136,245,216",0.007966876029968262,0.0003910688392352313,False
N;S;S;S;N,Y;Q;E;P;P,"37,188,136,245,277",0.0003272891044616699,1.331262774328934e-05,False
N;S;S;S;R,Y;Q;E;P;Q,"37,188,136,245,132",0.0003272891044616699,1.3316786862560548e-05,False
N;S;S;S;N,Y;Q;E;P;Y,"37,188,136,245,244",0.003696441650390625,0.00024811612092889845,False
N;S;S;S;H,Y;Q;E;P;T,"37,188,136,245,104",0.0003272891044616699,1.3316786862560548e-05,False
N;S;S;S;S,Y;Q;E;P;V,"37,188,136,245,58",0.0003272891044616699,1.3316786862560548e-05,False
N;S;S;S;H,Y;Q;E;P;L,"37,188,136,245,104",0.0003272891044616699,1.3316786862560548e-05,False
N;S;S;S;P,Y;Q;E;P;Q,"37,188,136,245,38",0.0003272891044616699,1.3316786862560548e-05,False
N;S;S;S;R,Y;Q;E;P;L,"37,188,136,245,53",0.0003272891044616699,1.3316786862560548e-05,False
N;S;S;S;A,Y;Q;E;P;T,"37,188,136,245,180",0.0009616613388061523,7.775217818561941e-05,False
N;S;S;S;P,Y;Q;E;P;D,"37,188,136,245,197",0.0003272891044616699,1.3527482224162668e-05,False
N;S;S;S;T,Y;Q;E;P;V,"37,188,136,245,198",0.0010097026824951172,3.749547977349721e-05,False
N;S;S;S;A,Y;Q;E;P;M,"37,188,136,245,135",0.0003272891044616699,1.3316786862560548e-05,False
N;S;S;S;I,Y;Q;E;P;L,"37,188,136,245,111",0.0003272891044616699,1.563166551932227e-05,False
N;S;S;S;G,Y;Q;E;P;S,"37,188,136,245,243",0.0003272891044616699,1.8591104890219867e-05,False
N;S;S;S;Q,Y;Q;E;P;L,"37,188,136,245,127",0.00674206018447876,0.00035354425199329853,False
N;S;S;S;Q,Y;Q;E;P;H,"37,188,136,245,127",0.0003274679183959961,1.923150739457924e-05,False
N;S;S;S;W,Y;Q;E;P;I,"37,188,136,245,159",0.287265419960022,0.007263674400746822,False
N;S;S;S;Q,Y;Q;E;P;P,"37,188,136,245,127",0.0010393857955932617,5.336278991308063e-05,False
N;S;S;S;S,Y;Q;E;P;N,"37,188,136,245,103",0.0003272891044616699,1.3316786862560548e-05,False
N;S;S;S;A,Y;Q;E;P;Y,"37,188,136,245,179",0.005127310752868652,0.00021002320863772184,False
N;S;S;S;W,Y;Q;E;P;K,"37,188,136,245,257",0.0003272891044616699,1.3573225260188337e-05,False
N;S;S;S;L,Y;Q;E;P;M,"37,188,136,245,216",0.0015204548835754395,8.391225128434598e-05,False
N;S;S;S;Q,Y;Q;E;P;E,"37,188,136,245,127",0.001374959945678711,9.215155296260491e-05,False
N;S;S;S;G,Y;Q;E;P;A,"37,188,136,245,243",0.0005921125411987305,2.7727248379960656e-05,False
N;S;S;S;A,Y;Q;E;P;N,"37,188,136,245,226",0.0003272891044616699,1.3445698641589843e-05,False
N;S;S;S;L,Y;Q;E;P;I,"37,188,136,245,216",0.00032967329025268555,2.0978062821086496e-05,False
N;S;S;S;C,Y;Q;E;P;L,"37,188,136,245,289",0.0003272891044616699,1.3316786862560548e-05,False
N;S;S;S;S,Y;Q;E;P;E,"37,188,136,245,207",0.631908118724823,0.01542420033365488,False
N;S;S;S;M,Y;Q;E;P;L,"37,188,136,245,154",0.0003272891044616699,1.3326489352039061e-05,False
N;S;S;S;M,Y;Q;E;P;P,"37,188,136,245,222",0.0003272891044616699,1.3125497389410157e-05,False
N;S;S;S;G,Y;Q;E;P;T,"37,188,136,245,251",0.0003272891044616699,1.3474807929014787e-05,False
N;S;S;S;P,Y;Q;E;P;L,"37,188,136,245,38",0.0003272891044616699,1.3316786862560548e-05,False
N;S;S;S;L,Y;Q;E;P;W,"37,188,136,245,216",0.008044600486755371,0.0003831081558018923,False
N;S;S;S;T,Y;Q;E;P;L,"37,188,136,245,72",0.0003272891044616699,1.3316786862560548e-05,False
N;S;S;S;I,Y;Q;E;P;W,"37,188,136,245,111",0.007856607437133789,0.0002479622489772737,False
N;S;S;S;L,Y;Q;E;P;D,"37,188,136,245,249",0.0003272891044616699,1.4276005458668806e-05,False
N;S;S;S;E,Y;Q;E;P;K,"37,188,136,245,231",0.0010089874267578125,6.737958756275475e-05,False
N;S;S;S;D,Y;Q;E;P;K,"37,188,136,245,263",0.0003272891044616699,1.3316786862560548e-05,False
N;S;S;S;T,Y;Q;E;P;M,"37,188,136,245,51",0.0003272891044616699,1.3316786862560548e-05,False
N;S;S;S;L,Y;Q;E;P;E,"37,188,136,245,216",0.018612921237945557,0.0008563967421650887,False
N;S;S;S;S,Y;Q;E;P;T,"37,188,136,245,121",0.00032967329025268555,1.818496093619615e-05,False
N;S;S;S;I,Y;Q;E;P;H,"37,188,136,245,145",0.0003272891044616699,1.3316786862560548e-05,False
N;S;S;S;I,Y;Q;E;P;L,"37,188,136,245,145",0.0003272891044616699,1.3316786862560548e-05,False
N;S;S;S;H,Y;Q;E;P;M,"37,188,136,245,104",0.0003272891044616699,1.3316786862560548e-05,False
N;S;S;S;R,Y;Q;E;P;P,"37,188,136,245,280",0.0015063285827636719,4.770312079926953e-05,False
N;S;S;S;L,Y;Q;E;P;F,"37,188,136,245,216",0.0013507604598999023,6.82722675264813e-05,False
N;S;S;S;S,Y;Q;E;P;D,"37,188,136,245,103",0.0003272891044616699,1.3316786862560548e-05,False
N;S;S;S;I,Y;Q;E;P;V,"37,188,136,245,200",0.0003275275230407715,2.7957350539509207e-05,False
N;S;S;S;T,Y;Q;E;P;K,"37,188,136,245,88",0.0010313987731933594,6.337082595564425e-05,False
N;S;S;S;N,Y;Q;E;P;K,"37,188,136,245,138",0.0003272891044616699,1.3316786862560548e-05,False
N;S;S;S;A,Y;Q;E;P;L,"37,188,136,245,65",0.0003272891044616699,1.3556591511587612e-05,False
N;S;S;S;Q,Y;Q;E;P;T,"37,188,136,245,91",0.0007758736610412598,4.8071840865304694e-05,False
N;S;S;S;G,Y;Q;E;P;D,"37,188,136,245,163",0.40538251399993896,0.01053953543305397,False
N;S;S;S;A,Y;Q;E;P;M,"37,188,136,245,65",0.0003272891044616699,1.3964120626042131e-05,False
N;S;S;S;K,Y;Q;E;P;L,"37,188,136,245,252",0.0003272891044616699,1.3320945072337054e-05,False
N;S;S;S;V,Y;Q;E;P;D,"37,188,136,245,57",0.0003272891044616699,1.3316786862560548e-05,False
N;S;S;S;Q,Y;Q;E;P;V,"37,188,136,245,127",0.006808936595916748,0.0003331317566335201,False
N;S;S;S;V,Y;Q;E;P;C,"37,188,136,245,281",0.0005782842636108398,2.6923278710455634e-05,False
N;S;S;S;T,Y;Q;E;P;V,"37,188,136,245,72",0.0003272891044616699,1.3316786862560548e-05,False
N;S;S;S;Q,Y;Q;E;P;N,"37,188,136,245,133",0.0003272891044616699,1.3316786862560548e-05,False
N;S;S;S;R,Y;Q;E;P;K,"37,188,136,245,53",0.0003272891044616699,1.3316786862560548e-05,False
N;S;S;S;S,Y;Q;E;P;P,"37,188,136,245,125",0.00032007694244384766,1.7618023775867186e-05,False
N;S;S;S;T,Y;Q;E;P;Q,"37,188,136,245,88",0.00044465065002441406,3.714201011462137e-05,False
N;S;S;S;N,Y;Q;E;P;L,"37,188,136,245,138",0.0003272891044616699,1.3316786862560548e-05,False
N;S;S;S;H,Y;Q;E;P;R,"37,188,136,245,104",0.0003272891044616699,1.3316786862560548e-05,False
N;S;S;S;W,Y;Q;E;P;P,"37,188,136,245,159",0.3327174782752991,0.00881121028214693,False
N;S;S;S;S,Y;Q;E;P;Y,"37,188,136,245,242",0.002185523509979248,0.00011433834151830524,False
N;S;S;S;A,Y;Q;E;P;F,"37,188,136,245,65",0.0003272891044616699,1.4291253137344029e-05,False
N;S;S;S;G,Y;Q;E;P;H,"37,188,136,245,251",0.0003272891044616699,1.4690465832245536e-05,False
N;S;S;S;L,Y;Q;E;P;P,"37,188,136,245,216",0.005797863006591797,0.0003227355773560703,False
N;S;S;S;S,Y;Q;E;P;W,"37,188,136,245,58",0.0003272891044616699,1.3316786862560548e-05,False
N;S;S;S;A,Y;Q;E;P;E,"37,188,136,245,152",0.0003272891044616699,1.3316786862560548e-05,False
N;S;S;S;T,Y;Q;E;P;N,"37,188,136,245,88",0.00040328502655029297,2.8823696993640624e-05,False
N;S;S;S;T,Y;Q;E;P;N,"37,188,136,245,198",0.0003272891044616699,1.6506328393006697e-05,False
N;S;S;S;S,Y;Q;E;P;K,"37,188,136,245,58",0.0003272891044616699,1.3316786862560548e-05,False
N;S;S;S;L,Y;Q;E;P;C,"37,188,136,245,249",0.0003272891044616699,1.34179754240904e-05,False
N;S;S;S;N,Y;Q;E;P;T,"37,188,136,245,190",0.0003452897071838379,1.3481739188136999e-05,False
N;S;S;S;S,Y;Q;E;P;V,"37,188,136,245,223",0.0003272891044616699,1.3316786862560548e-05,False
N;S;S;S;A,Y;Q;E;P;W,"37,188,136,245,65",0.0003272891044616699,1.602810516487807e-05,False
N;S;S;S;K,Y;Q;E;P;Y,"37,188,136,245,253",0.0003272891044616699,1.3487283467839006e-05,False
N;S;S;S;R,Y;Q;E;P;S,"37,188,136,245,90",0.008243739604949951,0.00047842570347711444,False
N;S;S;S;T,Y;Q;E;P;M,"37,188,136,245,29",0.0003272891044616699,1.3316786862560548e-05,False
N;S;S;S;M,Y;Q;E;P;L,"37,188,136,245,262",0.0003272891044616699,1.3316786862560548e-05,False
N;S;S;S;A,Y;Q;E;P;L,"37,188,136,245,272",0.0003272891044616699,1.3316786862560548e-05,False
N;S;S;S;R,Y;Q;E;P;N,"37,188,136,245,90",0.004311025142669678,0.00024366100842598826,False
N;S;S;S;R,Y;Q;E;P;T,"37,188,136,245,90",0.004466652870178223,0.00028424622723832726,False
N;S;S;S;G,Y;Q;E;P;T,"37,188,136,245,254",0.0003272891044616699,1.3472035789163783e-05,False
N;S;S;S;R,Y;Q;E;P;P,"37,188,136,245,90",0.012117266654968262,0.0006535344291478395,False
N;S;S;S;Q,Y;Q;E;P;I,"37,188,136,245,182",0.8225822448730469,0.019940417259931564,True
N;S;S;S;R,Y;Q;E;P;A,"37,188,136,245,90",0.0059661865234375,0.000391097943065688,False
N;S;S;S;K,Y;Q;E;P;F,"37,188,136,245,253",0.0003272891044616699,1.3337578820937779e-05,False
N;S;S;S;Y,Y;Q;E;P;S,"37,188,136,245,63",0.0003272891044616699,1.47320506584947e-05,False
N;S;S;S;Q,Y;Q;E;P;M,"37,188,136,245,127",0.004376530647277832,0.0002658796729519963,False
N;S;S;S;Q,Y;Q;E;P;L,"37,188,136,245,182",0.6602998971939087,0.01601657271385193,False
N;S;S;S;K,Y;Q;E;P;A,"37,188,136,245,253",0.0003272891044616699,1.3307083463587333e-05,False
N;S;S;S;K,Y;Q;E;P;V,"37,188,136,245,253",0.0003272891044616699,1.3329262401384767e-05,False
N;S;S;S;Q,Y;Q;E;P;F,"37,188,136,245,182",0.4511667490005493,0.011289043352007866,False
N;S;S;S;R,Y;Q;E;P;D,"37,188,136,245,90",0.014555573463439941,0.0007148301810957491,False
N;S;S;S;Q,Y;Q;E;P;A,"37,188,136,245,127",0.001179337501525879,7.026694220257923e-05,False
N;S;S;S;Y,Y;Q;E;P;T,"37,188,136,245,63",0.0003272891044616699,1.4252440450945869e-05,False
N;S;S;S;Q,Y;Q;E;P;V,"37,188,136,245,182",0.7861027717590332,0.018913820385932922,True
N;S;S;S;K,Y;Q;E;P;L,"37,188,136,245,253",0.0003272891044616699,1.3308469533512834e-05,False
N;S;S;S;C,Y;Q;E;P;S,"37,188,136,245,289",0.0003272891044616699,1.3316786862560548e-05,False
N;S;S;S;Y,Y;Q;E;P;G,"37,188,136,245,63",0.0003272891044616699,1.6084937669802457e-05,False
N;S;S;S;M,Y;Q;E;P;V,"37,188,136,245,154",0.0003272891044616699,1.3333420611161273e-05,False
N;S;S;S;Q,Y;Q;E;P;T,"37,188,136,245,127",0.0006337165832519531,3.5696251870831475e-05,False
N;S;S;S;A,Y;Q;E;P;D,"37,188,136,245,226",0.0003272891044616699,1.3552432392316405e-05,False
N;S;S;S;C,Y;Q;E;P;A,"37,188,136,245,289",0.0003272891044616699,1.3316786862560548e-05,False
N;S;S;S;R,Y;Q;E;P;Q,"37,188,136,245,224",0.0003272891044616699,1.3316786862560548e-05,False
N;S;S;S;N,Y;Q;E;P;K,"37,188,136,245,233",0.0003815293312072754,4.975324554834515e-05,False
N;S;S;S;D,Y;Q;E;P;N,"37,188,136,245,186",0.12204474210739136,0.0028778493870049715,False
N;S;S;S;R,Y;Q;E;P;A,"37,188,136,245,280",0.0005217790603637695,2.5149001885438338e-05,False
N;S;S;S;S,Y;Q;E;P;F,"37,188,136,245,238",0.49632012844085693,0.012138021178543568,False
N;S;S;S;S,Y;Q;E;P;H,"37,188,136,245,214",0.23816096782684326,0.0056672971695661545,False
N;S;S;S;L,Y;Q;E;P;F,"37,188,136,245,117",0.0003272891044616699,1.9365965272299945e-05,False
N;S;S;S;Q,Y;Q;E;P;Y,"37,188,136,245,119",0.0019915103912353516,0.00010713034134823829,False
N;S;S;S;G,Y;Q;E;P;A,"37,188,136,245,165",0.22899997234344482,0.005568659398704767,False
N;S;S;S;S,Y;Q;E;P;E,"37,188,136,245,121",0.0043759942054748535,0.00013791682431474328,False
N;S;S;S;I,Y;Q;E;P;R,"37,188,136,245,168",0.003600001335144043,0.00022880698088556528,False
N;S;S;S;N,Y;Q;E;P;H,"37,188,136,245,205",0.19229942560195923,0.004538287874311209,False
N;S;S;S;S,Y;Q;E;P;Y,"37,188,136,245,269",0.0003272891044616699,1.3316786862560548e-05,False
N;S;S;S;S,Y;Q;E;P;T,"37,188,136,245,214",0.0719062089920044,0.0017132869688794017,False
N;S;S;S;I,Y;Q;E;P;R,"37,188,136,245,218",0.007055699825286865,0.00025424567866139114,False
N;S;S;S;P,Y;Q;E;P;K,"37,188,136,245,120",0.3980538845062256,0.009311536327004433,False
N;S;S;S;M,Y;Q;E;P;H,"37,188,136,245,161",0.2501789331436157,0.005985315423458815,False
N;S;S;S;I,Y;Q;E;P;H,"37,188,136,245,168",0.004608631134033203,0.00026504936977289617,False
N;S;S;S;N,Y;Q;E;P;K,"37,188,136,245,114",0.0003272891044616699,1.3406886864686385e-05,False
N;S;S;S;P,Y;Q;E;P;V,"37,188,136,245,184",0.5701536536216736,0.015133647248148918,False
N;S;S;S;W,Y;Q;E;P;P,"37,188,136,245,185",0.37233299016952515,0.00977796595543623,False
N;S;S;S;S,Y;Q;E;P;H,"37,188,136,245,187",0.001249074935913086,4.395495852804743e-05,False
N;S;S;S;T,Y;Q;E;P;Y,"37,188,136,245,189",0.003540515899658203,0.00017497289809398353,False
N;S;S;S;F,Y;Q;E;P;M,"37,188,136,245,191",0.0003197193145751953,1.3083912563160993e-05,False
S;H;T;S;S,P;M;M;W;N,"245,104,29,58,124",0.00022107362747192383,2.1610148905892856e-05,False
S;H;T;S;G,P;M;M;W;Q,"245,104,29,58,243",0.002009749412536621,5.191980380914174e-05,False
S;H;T;S;G,P;M;M;W;L,"245,104,29,58,243",0.0030268430709838867,7.621493568876758e-05,False
S;H;T;S;T,P;M;M;W;E,"245,104,29,58,270",0.00020647048950195312,4.927779173158342e-06,False
S;H;T;S;R,P;M;M;W;V,"245,104,29,58,34",0.00020647048950195312,4.927779173158342e-06,False
S;H;T;S;G,P;M;M;W;K,"245,104,29,58,243",0.0004341602325439453,1.3854614735464565e-05,False
S;H;T;S;D,P;M;M;W;Q,"245,104,29,58,220",0.00020647048950195312,5.2188715926604345e-06,False
S;H;T;S;S,P;M;M;W;K,"245,104,29,58,124",0.001477062702178955,8.514315413776785e-05,False
S;H;T;S;F,P;M;M;W;E,"245,104,29,58,271",0.00020647048950195312,4.927779173158342e-06,False
S;H;T;S;G,P;M;M;W;Q,"245,104,29,58,164",0.1989167332649231,0.005077890120446682,False
S;H;T;S;A,P;M;M;W;D,"245,104,29,58,130",0.00020647048950195312,6.3666079768154304e-06,False
S;H;T;S;W,P;M;M;W;C,"245,104,29,58,257",0.00020647048950195312,5.107979632157367e-06,False
S;H;T;S;Q,P;M;M;W;N,"245,104,29,58,127",0.000515282154083252,3.068946170969866e-05,False
S;H;T;S;Q,P;M;M;W;R,"245,104,29,58,127",0.001125335693359375,4.16983020841144e-05,False
S;H;T;S;S,P;M;M;W;M,"245,104,29,58,238",0.3912610411643982,0.00945247057825327,False
S;H;T;S;F,P;M;M;W;M,"245,104,29,58,271",0.00020647048950195312,4.927779173158342e-06,False
S;H;T;S;S,P;M;M;W;A,"245,104,29,58,124",0.00040590763092041016,3.55160518665798e-05,False
S;H;T;S;G,P;M;M;W;I,"245,104,29,58,243",0.0034220218658447266,8.57045451994054e-05,False
S;H;T;S;Q,P;M;M;W;I,"245,104,29,58,127",0.008184432983398438,0.0004100896476302296,False
S;H;T;S;A,P;M;M;W;V,"245,104,29,58,65",0.00020647048950195312,5.016493105358677e-06,False
S;H;T;S;Q,P;M;M;W;E,"245,104,29,58,133",0.00020647048950195312,4.927779173158342e-06,False
S;H;T;S;S,P;M;M;W;T,"245,104,29,58,124",0.00020766258239746094,2.0747960661537945e-05,False
S;H;T;S;Q,P;M;M;W;K,"245,104,29,58,127",0.00043380260467529297,2.8421713068382815e-05,False
S;H;T;S;Q,P;M;M;W;W,"245,104,29,58,133",0.00020647048950195312,4.927779173158342e-06,False
S;H;T;S;D,P;M;M;W;L,"245,104,29,58,220",0.00020647048950195312,6.634135388594586e-06,False
S;H;T;S;T,P;M;M;W;D,"245,104,29,58,88",0.0031270980834960938,0.00018768255540635437,False
S;H;T;S;R,P;M;M;W;N,"245,104,29,58,132",0.00020647048950195312,4.927779173158342e-06,False
S;H;T;S;Q,P;M;M;W;D,"245,104,29,58,127",0.0002162456512451172,1.5846519090700895e-05,False
S;H;T;S;A,P;M;M;W;Y,"245,104,29,58,215",0.5183595418930054,0.012875579297542572,False
S;H;T;S;L,P;M;M;W;K,"245,104,29,58,249",0.00021207332611083984,5.278476237435825e-06,False
S;H;T;S;R,P;M;M;W;Y,"245,104,29,58,123",0.0025812387466430664,0.00020978479005862027,False
S;H;T;S;F,P;M;M;W;W,"245,104,29,58,271",0.00020647048950195312,4.927779173158342e-06,False
S;H;T;S;N,P;M;M;W;I,"245,104,29,58,37",0.00020647048950195312,4.927779173158342e-06,False
S;H;T;S;C,P;M;M;W;D,"245,104,29,58,289",0.00020647048950195312,4.927779173158342e-06,False
S;H;T;S;A,P;M;M;W;P,"245,104,29,58,152",0.00020647048950195312,4.927779173158342e-06,False
S;H;T;S;D,P;M;M;W;V,"245,104,29,58,186",0.7238578200340271,0.017287906259298325,True
S;H;T;S;G,P;M;M;W;P,"245,104,29,58,243",0.00047779083251953125,1.5359977624029852e-05,False
S;H;T;S;S,P;M;M;W;E,"245,104,29,58,115",0.00020647048950195312,7.026417279121233e-06,False
S;H;T;S;L,P;M;M;W;Q,"245,104,29,58,216",0.007548630237579346,0.00037483975756913424,False
S;H;T;S;N,P;M;M;W;P,"245,104,29,58,277",0.00020647048950195312,4.923620963381836e-06,False
S;H;T;S;R,P;M;M;W;Q,"245,104,29,58,132",0.00020647048950195312,4.927779173158342e-06,False
S;H;T;S;N,P;M;M;W;Y,"245,104,29,58,244",0.003696441650390625,0.00023972710187081248,False
S;H;T;S;P,P;M;M;W;Q,"245,104,29,58,38",0.00020647048950195312,4.927779173158342e-06,False
S;H;T;S;R,P;M;M;W;L,"245,104,29,58,53",0.00020647048950195312,4.927779173158342e-06,False
S;H;T;S;A,P;M;M;W;T,"245,104,29,58,180",0.0009616613388061523,6.887108611408621e-05,False
S;H;T;S;P,P;M;M;W;D,"245,104,29,58,197",0.00020647048950195312,5.138474989507813e-06,False
S;H;T;S;T,P;M;M;W;V,"245,104,29,58,198",0.0010097026824951172,2.9283901312737726e-05,False
S;H;T;S;A,P;M;M;W;M,"245,104,29,58,135",0.00020647048950195312,4.927779173158342e-06,False
S;H;T;S;I,P;M;M;W;L,"245,104,29,58,111",0.00020647048950195312,7.206617283372907e-06,False
S;H;T;S;G,P;M;M;W;S,"245,104,29,58,243",0.00025093555450439453,1.0202097655565012e-05,False
S;H;T;S;Q,P;M;M;W;L,"245,104,29,58,127",0.00674206018447876,0.0003408124321140349,False
S;H;T;S;Q,P;M;M;W;H,"245,104,29,58,127",0.00020647048950195312,1.0619330168992747e-05,False
S;H;T;S;W,P;M;M;W;I,"245,104,29,58,159",0.287265419960022,0.007264318875968456,False
S;H;T;S;Q,P;M;M;W;P,"245,104,29,58,127",0.0010393857955932617,4.629340401152149e-05,False
S;H;T;S;S,P;M;M;W;N,"245,104,29,58,103",0.00020647048950195312,4.927779173158342e-06,False
S;H;T;S;A,P;M;M;W;Y,"245,104,29,58,179",0.005127310752868652,0.00020120310364291072,False
S;H;T;S;W,P;M;M;W;K,"245,104,29,58,257",0.00020647048950195312,5.1842180255334824e-06,False
S;H;T;S;L,P;M;M;W;M,"245,104,29,58,216",0.0013286471366882324,7.209250907180831e-05,False
S;H;T;S;Q,P;M;M;W;E,"245,104,29,58,127",0.0012962818145751953,8.154054376063868e-05,False
S;H;T;S;G,P;M;M;W;A,"245,104,29,58,243",0.0005921125411987305,1.9338242054800503e-05,False
S;H;T;S;A,P;M;M;W;N,"245,104,29,58,226",0.00020647048950195312,5.056691861682339e-06,False
S;H;T;S;L,P;M;M;W;I,"245,104,29,58,216",0.00020647048950195312,1.296331720368471e-05,False
S;H;T;S;C,P;M;M;W;L,"245,104,29,58,289",0.00020647048950195312,4.927779173158342e-06,False
S;H;T;S;S,P;M;M;W;E,"245,104,29,58,207",0.631908118724823,0.015414616093039513,False
S;H;T;S;M,P;M;M;W;L,"245,104,29,58,154",0.00020647048950195312,4.937482572131557e-06,False
S;H;T;S;M,P;M;M;W;P,"245,104,29,58,222",0.00020647048950195312,4.992928552383091e-06,False
S;H;T;S;G,P;M;M;W;T,"245,104,29,58,251",0.0001728534698486328,5.085801149107283e-06,False
S;H;T;S;P,P;M;M;W;L,"245,104,29,58,38",0.00020647048950195312,4.927779173158342e-06,False
S;H;T;S;L,P;M;M;W;W,"245,104,29,58,216",0.007777690887451172,0.00036933532101102173,False
S;H;T;S;T,P;M;M;W;L,"245,104,29,58,72",0.00020647048950195312,4.927779173158342e-06,False
S;H;T;S;I,P;M;M;W;W,"245,104,29,58,111",0.007856607437133789,0.00023905759735498577,False
S;H;T;S;L,P;M;M;W;D,"245,104,29,58,249",0.00016289949417114258,5.886998224013951e-06,False
S;H;T;S;E,P;M;M;W;K,"245,104,29,58,231",0.0010089874267578125,5.9197114751441404e-05,False
S;H;T;S;D,P;M;M;W;K,"245,104,29,58,263",0.00020647048950195312,4.927779173158342e-06,False
S;H;T;S;T,P;M;M;W;M,"245,104,29,58,51",0.00020647048950195312,4.927779173158342e-06,False
S;H;T;S;L,P;M;M;W;E,"245,104,29,58,216",0.018210649490356445,0.0008388147689402103,False
S;H;T;S;S,P;M;M;W;T,"245,104,29,58,121",0.00020647048950195312,8.838121175358538e-06,False
S;H;T;S;I,P;M;M;W;H,"245,104,29,58,145",0.00020647048950195312,4.927779173158342e-06,False
S;H;T;S;I,P;M;M;W;L,"245,104,29,58,145",0.00020647048950195312,4.927779173158342e-06,False
S;H;T;S;R,P;M;M;W;P,"245,104,29,58,280",0.0015063285827636719,3.931411629309878e-05,False
S;H;T;S;L,P;M;M;W;F,"245,104,29,58,216",0.0011981725692749023,5.6728375056991354e-05,False
S;H;T;S;S,P;M;M;W;D,"245,104,29,58,103",0.00020647048950195312,4.927779173158342e-06,False
S;H;T;S;I,P;M;M;W;V,"245,104,29,58,200",0.00028192996978759766,2.0630137441912666e-05,False
S;H;T;S;T,P;M;M;W;K,"245,104,29,58,88",0.0010313987731933594,5.49208270967938e-05,False
S;H;T;S;N,P;M;M;W;K,"245,104,29,58,138",0.00020647048950195312,4.927779173158342e-06,False
S;H;T;S;A,P;M;M;W;L,"245,104,29,58,65",0.00020647048950195312,5.167584276932757e-06,False
S;H;T;S;Q,P;M;M;W;T,"245,104,29,58,91",0.0007758736610412598,3.983392161899246e-05,False
S;H;T;S;G,P;M;M;W;D,"245,104,29,58,163",0.40538251399993896,0.010533296503126621,False
S;H;T;S;A,P;M;M;W;M,"245,104,29,58,65",0.00020647048950195312,5.575113391387276e-06,False
S;H;T;S;K,P;M;M;W;L,"245,104,29,58,252",0.00020647048950195312,4.931937837682199e-06,False
S;H;T;S;V,P;M;M;W;D,"245,104,29,58,57",0.00020647048950195312,4.927779173158342e-06,False
S;H;T;S;Q,P;M;M;W;V,"245,104,29,58,127",0.006808936595916748,0.0003207520057912916,False
S;H;T;S;V,P;M;M;W;C,"245,104,29,58,281",0.0005782842636108398,1.853427238529548e-05,False
S;H;T;S;T,P;M;M;W;V,"245,104,29,58,72",0.00020647048950195312,4.927779173158342e-06,False
S;H;T;S;Q,P;M;M;W;N,"245,104,29,58,133",0.00020647048950195312,4.927779173158342e-06,False
S;H;T;S;R,P;M;M;W;K,"245,104,29,58,53",0.00020647048950195312,4.927779173158342e-06,False
S;H;T;S;S,P;M;M;W;P,"245,104,29,58,125",0.00020647048950195312,9.809815310291015e-06,False
S;H;T;S;T,P;M;M;W;Q,"245,104,29,58,88",0.00044465065002441406,2.8382899472489953e-05,False
S;H;T;S;N,P;M;M;W;L,"245,104,29,58,138",0.00020647048950195312,4.927779173158342e-06,False
S;H;T;S;W,P;M;M;W;P,"245,104,29,58,159",0.3327174782752991,0.008809174410998821,False
S;H;T;S;S,P;M;M;W;Y,"245,104,29,58,242",0.002185523509979248,0.00010594933701213449,False
S;H;T;S;A,P;M;M;W;F,"245,104,29,58,65",0.00020647048950195312,5.902245902689174e-06,False
S;H;T;S;G,P;M;M;W;H,"245,104,29,58,251",0.00015866756439208984,6.301458597590681e-06,False
S;H;T;S;L,P;M;M;W;P,"245,104,29,58,216",0.005413234233856201,0.0003074989654123783,False
S;H;T;S;A,P;M;M;W;E,"245,104,29,58,152",0.00020647048950195312,4.927779173158342e-06,False
S;H;T;S;T,P;M;M;W;N,"245,104,29,58,88",0.00040328502655029297,2.0174093151581474e-05,False
S;H;T;S;T,P;M;M;W;N,"245,104,29,58,198",0.00020647048950195312,7.995339728950057e-06,False
S;H;T;S;L,P;M;M;W;C,"245,104,29,58,249",0.0002110004425048828,5.028968644182896e-06,False
S;H;T;S;N,P;M;M;W;T,"245,104,29,58,190",0.00020647048950195312,5.116296506457729e-06,False
S;H;T;S;S,P;M;M;W;V,"245,104,29,58,223",0.00020647048950195312,4.927779173158342e-06,False
S;H;T;S;A,P;M;M;W;W,"245,104,29,58,65",0.00020647048950195312,7.639097930223215e-06,False
S;H;T;S;K,P;M;M;W;Y,"245,104,29,58,253",0.00020647048950195312,5.098276233184151e-06,False
S;H;T;S;R,P;M;M;W;S,"245,104,29,58,90",0.008243739604949951,0.00047033056034706533,False
S;H;T;S;A,P;M;M;W;L,"245,104,29,58,272",0.00020647048950195312,4.927779173158342e-06,False
S;H;T;S;R,P;M;M;W;N,"245,104,29,58,90",0.004311025142669678,0.00023535518266726285,False
S;H;T;S;R,P;M;M;W;T,"245,104,29,58,90",0.004466652870178223,0.0002761566429398954,False
S;H;T;S;G,P;M;M;W;T,"245,104,29,58,254",0.00020647048950195312,5.083028554508928e-06,False
S;H;T;S;R,P;M;M;W;P,"245,104,29,58,90",0.012117266654968262,0.0006453727837651968,False
S;H;T;S;N,P;M;M;W;Y,"245,104,29,58,37",0.00020647048950195312,4.927779173158342e-06,False
S;H;T;S;Q,P;M;M;W;I,"245,104,29,58,182",0.8225822448730469,0.019932320341467857,True
S;H;T;S;R,P;M;M;W;A,"245,104,29,58,90",0.0059661865234375,0.00038321211468428373,False
S;H;T;S;K,P;M;M;W;F,"245,104,29,58,253",0.00020647048950195312,4.948571586282924e-06,False
S;H;T;S;Y,P;M;M;W;S,"245,104,29,58,63",0.00020647048950195312,6.467796993092634e-06,False
S;H;T;S;Q,P;M;M;W;M,"245,104,29,58,127",0.004376530647277832,0.00025358449784107506,False
S;H;T;S;Q,P;M;M;W;L,"245,104,29,58,182",0.6602998971939087,0.01600842922925949,False
S;H;T;S;K,P;M;M;W;A,"245,104,29,58,253",0.00020647048950195312,4.9180762289324775e-06,False
S;H;T;S;K,P;M;M;W;V,"245,104,29,58,253",0.00020647048950195312,4.940254711982561e-06,False
S;H;T;S;Q,P;M;M;W;F,"245,104,29,58,182",0.4511667490005493,0.011278356425464153,False
S;H;T;S;R,P;M;M;W;D,"245,104,29,58,90",0.014555573463439941,0.0007065354147925973,False
S;H;T;S;Q,P;M;M;W;A,"245,104,29,58,127",0.001179337501525879,6.166446837596595e-05,False
S;H;T;S;Y,P;M;M;W;T,"245,104,29,58,63",0.00020647048950195312,5.964623142062919e-06,False
S;H;T;S;Q,P;M;M;W;V,"245,104,29,58,182",0.7861027717590332,0.018906589597463608,True
S;H;T;S;K,P;M;M;W;L,"245,104,29,58,253",0.00020647048950195312,4.9194622988579795e-06,False
S;H;T;S;C,P;M;M;W;S,"245,104,29,58,289",0.00020647048950195312,4.927779173158342e-06,False
S;H;T;S;Y,P;M;M;W;G,"245,104,29,58,63",0.00020647048950195312,7.867813110351562e-06,False
S;H;T;S;M,P;M;M;W;V,"245,104,29,58,154",0.00020647048950195312,4.944413376506418e-06,False
S;H;T;S;Q,P;M;M;W;T,"245,104,29,58,127",0.0006337165832519531,2.7662099455483258e-05,False
S;H;T;S;A,P;M;M;W;D,"245,104,29,58,226",0.00020647048950195312,5.163425612408901e-06,False
S;H;T;S;C,P;M;M;W;A,"245,104,29,58,289",0.00020647048950195312,4.927779173158342e-06,False
S;H;T;S;R,P;M;M;W;Q,"245,104,29,58,224",0.00020647048950195312,4.927779173158342e-06,False
S;H;T;S;N,P;M;M;W;K,"245,104,29,58,233",0.0003815293312072754,4.136423740419559e-05,False
S;H;T;S;S,P;M;M;W;E,"245,104,29,58,136",0.00020647048950195312,4.927779173158342e-06,False
S;H;T;S;D,P;M;M;W;N,"245,104,29,58,186",0.12744390964508057,0.0030081230215728283,False
S;H;T;S;R,P;M;M;W;A,"245,104,29,58,280",0.0005217790603637695,1.675999374128878e-05,False
S;H;T;S;S,P;M;M;W;F,"245,104,29,58,238",0.49632012844085693,0.0121297063305974,False
S;H;T;S;S,P;M;M;W;Q,"245,104,29,58,188",0.0003272891044616699,1.3316786862560548e-05,False
S;H;T;S;S,P;M;M;W;H,"245,104,29,58,214",0.2391982078552246,0.005674600601196289,False
S;H;T;S;L,P;M;M;W;F,"245,104,29,58,117",0.00020647048950195312,1.0469625522091519e-05,False
S;H;T;S;Q,P;M;M;W;Y,"245,104,29,58,119",0.0018875598907470703,9.509158553555608e-05,False
S;H;T;S;G,P;M;M;W;A,"245,104,29,58,165",0.22909623384475708,0.005575555842369795,False
S;H;T;S;S,P;M;M;W;E,"245,104,29,58,121",0.0044945478439331055,0.00013277973630465567,False
S;H;T;S;I,P;M;M;W;R,"245,104,29,58,168",0.003562331199645996,0.0002214492706116289,False
S;H;T;S;N,P;M;M;W;H,"245,104,29,58,205",0.19229942560195923,0.004529997240751982,False
S;H;T;S;S,P;M;M;W;Y,"245,104,29,58,269",0.00020647048950195312,4.927779173158342e-06,False
S;H;T;S;S,P;M;M;W;T,"245,104,29,58,214",0.07349812984466553,0.0017400120850652456,False
S;H;T;S;I,P;M;M;W;R,"245,104,29,58,218",0.006706297397613525,0.00024048810882959515,False
S;H;T;S;P,P;M;M;W;K,"245,104,29,58,120",0.3988921642303467,0.009323052130639553,False
S;H;T;S;M,P;M;M;W;H,"245,104,29,58,161",0.24976086616516113,0.005966525990515947,False
S;H;T;S;I,P;M;M;W;H,"245,104,29,58,168",0.004608631134033203,0.0002573021629359573,False
S;H;T;S;N,P;M;M;W;K,"245,104,29,58,114",0.00020647048950195312,5.05114712723298e-06,False
S;H;T;S;P,P;M;M;W;V,"245,104,29,58,184",0.5700466632843018,0.015102514065802097,False
S;H;T;S;W,P;M;M;W;P,"245,104,29,58,185",0.37204766273498535,0.009815746918320656,False
S;H;T;S;S,P;M;M;W;H,"245,104,29,58,187",0.00048530101776123047,2.3205613615573384e-05,False
S;H;T;S;S,P;M;M;W;P,"245,104,29,58,188",0.00020647048950195312,6.520470833493164e-06,False
S;H;T;S;T,P;M;M;W;Y,"245,104,29,58,189",0.0032886266708374023,0.00015079142758622766,False
S;H;T;S;F,P;M;M;W;M,"245,104,29,58,191",0.00020647048950195312,4.943026851833565e-06,False
N;S;T;H;S,Y;Q;M;M;N,"37,188,29,104,124",0.0003097057342529297,2.467077865730971e-05,False
N;S;T;H;G,Y;Q;M;M;Q,"37,188,29,104,243",0.002083897590637207,6.02464351686649e-05,False
N;S;T;H;G,Y;Q;M;M;L,"37,188,29,104,243",0.002943694591522217,7.753455429337919e-05,False
N;S;T;H;T,Y;Q;M;M;E,"37,188,29,104,270",0.0003272891044616699,8.401482773479074e-06,False
N;S;T;H;R,Y;Q;M;M;V,"37,188,29,104,34",0.0003272891044616699,8.401482773479074e-06,False
N;S;T;H;G,Y;Q;M;M;K,"37,188,29,104,243",0.00043201446533203125,1.9485174561850727e-05,False
N;S;T;H;D,Y;Q;M;M;Q,"37,188,29,104,220",0.0003272891044616699,8.023062036954798e-06,False
N;S;T;H;S,Y;Q;M;M;K,"37,188,29,104,124",0.001477062702178955,9.028163185575977e-05,False
N;S;T;H;F,Y;Q;M;M;E,"37,188,29,104,271",0.0003272891044616699,8.401482773479074e-06,False
N;S;T;H;G,Y;Q;M;M;Q,"37,188,29,104,164",0.19902151823043823,0.005115326028317213,False
N;S;T;H;A,Y;Q;M;M;D,"37,188,29,104,130",0.0003272891044616699,1.003021407086635e-05,False
N;S;T;H;W,Y;Q;M;M;C,"37,188,29,104,257",0.0003272891044616699,8.581682777730748e-06,False
N;S;T;H;Q,Y;Q;M;M;N,"37,188,29,104,127",0.000515282154083252,3.2966912840493023e-05,False
N;S;T;H;Q,Y;Q;M;M;R,"37,188,29,104,127",0.001125335693359375,4.567101859720424e-05,False
N;S;T;H;S,Y;Q;M;M;M,"37,188,29,104,238",0.3914560079574585,0.009459782391786575,False
N;S;T;H;F,Y;Q;M;M;M,"37,188,29,104,271",0.0003272891044616699,8.401482773479074e-06,False
N;S;T;H;S,Y;Q;M;M;A,"37,188,29,104,124",0.00044524669647216797,4.104403706151061e-05,False
N;S;T;H;G,Y;Q;M;M;I,"37,188,29,104,243",0.0033347606658935547,8.651406096760184e-05,False
N;S;T;H;Q,Y;Q;M;M;I,"37,188,29,104,127",0.008184432983398438,0.00041835251613520086,False
N;S;T;H;A,Y;Q;M;M;V,"37,188,29,104,65",0.0003272891044616699,8.49019670567941e-06,False
N;S;T;H;Q,Y;Q;M;M;E,"37,188,29,104,133",0.0003272891044616699,8.401482773479074e-06,False
N;S;T;H;S,Y;Q;M;M;T,"37,188,29,104,124",0.0003323554992675781,2.5803266908042133e-05,False
N;S;T;H;Q,Y;Q;M;M;K,"37,188,29,104,127",0.0003948211669921875,3.0410843464778736e-05,False
N;S;T;H;Q,Y;Q;M;M;W,"37,188,29,104,133",0.0003272891044616699,8.401482773479074e-06,False
N;S;T;H;D,Y;Q;M;M;L,"37,188,29,104,220",0.0003272891044616699,9.507633876637556e-06,False
N;S;T;H;T,Y;Q;M;M;D,"37,188,29,104,88",0.0031270980834960938,0.00019176477508153766,False
N;S;T;H;R,Y;Q;M;M;N,"37,188,29,104,132",0.0003272891044616699,8.401482773479074e-06,False
N;S;T;H;Q,Y;Q;M;M;D,"37,188,29,104,127",0.00033217668533325195,2.002023029490374e-05,False
N;S;T;H;A,Y;Q;M;M;Y,"37,188,29,104,215",0.5184677839279175,0.012870456092059612,False
N;S;T;H;L,Y;Q;M;M;K,"37,188,29,104,249",0.0003272891044616699,8.502672244503628e-06,False
N;S;T;H;R,Y;Q;M;M;Y,"37,188,29,104,123",0.0026876330375671387,0.0002177108108298853,False
N;S;T;H;F,Y;Q;M;M;W,"37,188,29,104,271",0.0003272891044616699,8.401482773479074e-06,False
N;S;T;H;S,Y;Q;M;M;D,"37,188,29,104,58",0.0003272891044616699,8.401482773479074e-06,False
N;S;T;H;C,Y;Q;M;M;D,"37,188,29,104,289",0.0003272891044616699,8.401482773479074e-06,False
N;S;T;H;A,Y;Q;M;M;P,"37,188,29,104,152",0.0003272891044616699,8.401482773479074e-06,False
N;S;T;H;D,Y;Q;M;M;V,"37,188,29,104,186",0.7266190052032471,0.017356013879179955,True
N;S;T;H;G,Y;Q;M;M;P,"37,188,29,104,243",0.0005051493644714355,2.121648140018806e-05,False
N;S;T;H;S,Y;Q;M;M;E,"37,188,29,104,115",0.0003272891044616699,1.0651211596268695e-05,False
N;S;T;H;L,Y;Q;M;M;Q,"37,188,29,104,216",0.007966876029968262,0.0003859969147015363,False
N;S;T;H;N,Y;Q;M;M;P,"37,188,29,104,277",0.0003272891044616699,8.40564098325558e-06,False
N;S;T;H;R,Y;Q;M;M;Q,"37,188,29,104,132",0.0003272891044616699,8.401482773479074e-06,False
N;S;T;H;N,Y;Q;M;M;Y,"37,188,29,104,244",0.0035403966903686523,0.0002562195877544582,False
N;S;T;H;S,Y;Q;M;M;V,"37,188,29,104,58",0.0003272891044616699,8.401482773479074e-06,False
N;S;T;H;P,Y;Q;M;M;Q,"37,188,29,104,38",0.0003272891044616699,8.401482773479074e-06,False
N;S;T;H;R,Y;Q;M;M;L,"37,188,29,104,53",0.0003272891044616699,8.401482773479074e-06,False
N;S;T;H;A,Y;Q;M;M;T,"37,188,29,104,180",0.0009616613388061523,7.266083412105218e-05,False
N;S;T;H;P,Y;Q;M;M;D,"37,188,29,104,197",0.0003272891044616699,8.612178135081194e-06,False
N;S;T;H;T,Y;Q;M;M;V,"37,188,29,104,198",0.0010097026824951172,3.257185744587332e-05,False
N;S;T;H;A,Y;Q;M;M;M,"37,188,29,104,135",0.0003272891044616699,8.401482773479074e-06,False
N;S;T;H;I,Y;Q;M;M;L,"37,188,29,104,111",0.0003272891044616699,1.0716360520746093e-05,False
N;S;T;H;G,Y;Q;M;M;S,"37,188,29,104,243",0.0003272891044616699,1.4532443856296595e-05,False
N;S;T;H;Q,Y;Q;M;M;L,"37,188,29,104,127",0.00674206018447876,0.0003486289642751217,False
N;S;T;H;Q,Y;Q;M;M;H,"37,188,29,104,127",0.0003274679183959961,1.4316204214992467e-05,False
N;S;T;H;W,Y;Q;M;M;I,"37,188,29,104,159",0.287265419960022,0.0072588794864714146,False
N;S;T;H;Q,Y;Q;M;M;P,"37,188,29,104,127",0.0010393857955932617,4.844748764298856e-05,False
N;S;T;H;S,Y;Q;M;M;N,"37,188,29,104,103",0.0003272891044616699,8.401482773479074e-06,False
N;S;T;H;A,Y;Q;M;M;Y,"37,188,29,104,179",0.005127310752868652,0.00020510790636762977,False
N;S;T;H;W,Y;Q;M;M;K,"37,188,29,104,257",0.0003272891044616699,8.657921171106864e-06,False
N;S;T;H;L,Y;Q;M;M;M,"37,188,29,104,216",0.0015204548835754395,7.893595466157421e-05,False
N;S;T;H;Q,Y;Q;M;M;E,"37,188,29,104,127",0.001374959945678711,8.723625069251284e-05,False
N;S;T;H;G,Y;Q;M;M;A,"37,188,29,104,243",0.0005470514297485352,2.1144400307093747e-05,False
N;S;T;H;A,Y;Q;M;M;N,"37,188,29,104,226",0.0003272891044616699,8.530394552508369e-06,False
N;S;T;H;L,Y;Q;M;M;I,"37,188,29,104,216",0.00032967329025268555,1.6082165529951453e-05,False
N;S;T;H;C,Y;Q;M;M;L,"37,188,29,104,289",0.0003272891044616699,8.401482773479074e-06,False
N;S;T;H;S,Y;Q;M;M;E,"37,188,29,104,207",0.631908118724823,0.015423765406012535,False
N;S;T;H;M,Y;Q;M;M;L,"37,188,29,104,154",0.0003272891044616699,8.411185262957588e-06,False
N;S;T;H;M,Y;Q;M;M;P,"37,188,29,104,222",0.0003272891044616699,8.210193300328683e-06,False
N;S;T;H;G,Y;Q;M;M;T,"37,188,29,104,251",0.0003272891044616699,9.087629223358817e-06,False
N;S;T;H;P,Y;Q;M;M;L,"37,188,29,104,38",0.0003272891044616699,8.401482773479074e-06,False
N;S;T;H;L,Y;Q;M;M;W,"37,188,29,104,216",0.008044600486755371,0.00037802651058882475,False
N;S;T;H;T,Y;Q;M;M;L,"37,188,29,104,72",0.0003272891044616699,8.401482773479074e-06,False
N;S;T;H;S,Y;Q;M;M;P,"37,188,29,104,245",0.0003272891044616699,1.3316786862560548e-05,False
N;S;T;H;I,Y;Q;M;M;W,"37,188,29,104,111",0.007856607437133789,0.00024304694670718163,False
N;S;T;H;L,Y;Q;M;M;D,"37,188,29,104,249",0.0003272891044616699,9.998332643590402e-06,False
N;S;T;H;E,Y;Q;M;M;K,"37,188,29,104,231",0.0010089874267578125,6.068723087082617e-05,False
N;S;T;H;D,Y;Q;M;M;K,"37,188,29,104,263",0.0003272891044616699,8.401482773479074e-06,False
N;S;T;H;T,Y;Q;M;M;M,"37,188,29,104,51",0.0003272891044616699,8.401482773479074e-06,False
N;S;T;H;L,Y;Q;M;M;E,"37,188,29,104,216",0.018612921237945557,0.0008512846543453634,False
N;S;T;H;S,Y;Q;M;M;T,"37,188,29,104,121",0.00032967329025268555,1.3269657756609377e-05,False
N;S;T;H;I,Y;Q;M;M;H,"37,188,29,104,145",0.0003272891044616699,8.401482773479074e-06,False
N;S;T;H;I,Y;Q;M;M;L,"37,188,29,104,145",0.0003272891044616699,8.401482773479074e-06,False
N;S;T;H;R,Y;Q;M;M;P,"37,188,29,104,280",0.0015410184860229492,4.4495562178781256e-05,False
N;S;T;H;L,Y;Q;M;M;F,"37,188,29,104,216",0.0013507604598999023,6.331261101877317e-05,False
N;S;T;H;S,Y;Q;M;M;D,"37,188,29,104,103",0.0003272891044616699,8.401482773479074e-06,False
N;S;T;H;I,Y;Q;M;M;V,"37,188,29,104,200",0.0003275275230407715,2.3373337171506137e-05,False
N;S;T;H;T,Y;Q;M;M;K,"37,188,29,104,88",0.0010313987731933594,5.845552368555218e-05,False
N;S;T;H;N,Y;Q;M;M;K,"37,188,29,104,138",0.0003272891044616699,8.401482773479074e-06,False
N;S;T;H;A,Y;Q;M;M;L,"37,188,29,104,65",0.0003272891044616699,8.641287422506139e-06,False
N;S;T;H;Q,Y;Q;M;M;T,"37,188,29,104,91",0.0007758736610412598,4.320366497267969e-05,False
N;S;T;H;G,Y;Q;M;M;D,"37,188,29,104,163",0.40538251399993896,0.010533653199672699,False
N;S;T;H;A,Y;Q;M;M;M,"37,188,29,104,65",0.0003272891044616699,9.048816536960658e-06,False
N;S;T;H;K,Y;Q;M;M;L,"37,188,29,104,252",0.0003272891044616699,8.472176887153182e-06,False
N;S;T;H;V,Y;Q;M;M;D,"37,188,29,104,57",0.0003272891044616699,8.401482773479074e-06,False
N;S;T;H;Q,Y;Q;M;M;V,"37,188,29,104,127",0.006808936595916748,0.00032821643981151283,False
N;S;T;H;V,Y;Q;M;M;C,"37,188,29,104,281",0.000600278377532959,2.241411857539788e-05,False
N;S;T;H;T,Y;Q;M;M;V,"37,188,29,104,72",0.0003272891044616699,8.401482773479074e-06,False
N;S;T;H;Q,Y;Q;M;M;N,"37,188,29,104,133",0.0003272891044616699,8.401482773479074e-06,False
N;S;T;H;R,Y;Q;M;M;K,"37,188,29,104,53",0.0003272891044616699,8.401482773479074e-06,False
N;S;T;H;S,Y;Q;M;M;P,"37,188,29,104,125",0.00032007694244384766,1.2702719686785713e-05,False
N;S;T;H;T,Y;Q;M;M;Q,"37,188,29,104,88",0.00044465065002441406,3.22267078445293e-05,False
N;S;T;H;N,Y;Q;M;M;L,"37,188,29,104,138",0.0003272891044616699,8.401482773479074e-06,False
N;S;T;H;W,Y;Q;M;M;P,"37,188,29,104,159",0.3327174782752991,0.008810840547084808,False
N;S;T;H;S,Y;Q;M;M;Y,"37,188,29,104,242",0.0021584630012512207,0.00010979729995597154,False
N;S;T;H;A,Y;Q;M;M;F,"37,188,29,104,65",0.0003272891044616699,9.375949048262555e-06,False
N;S;T;H;G,Y;Q;M;M;H,"37,188,29,104,251",0.0003272891044616699,1.0469625522091519e-05,False
N;S;T;H;L,Y;Q;M;M;P,"37,188,29,104,216",0.005797863006591797,0.00031769415363669395,False
N;S;T;H;S,Y;Q;M;M;W,"37,188,29,104,58",0.0003272891044616699,8.401482773479074e-06,False
N;S;T;H;A,Y;Q;M;M;E,"37,188,29,104,152",0.0003272891044616699,8.401482773479074e-06,False
N;S;T;H;T,Y;Q;M;M;N,"37,188,29,104,88",0.00040328502655029297,2.390839290455915e-05,False
N;S;T;H;T,Y;Q;M;M;N,"37,188,29,104,198",0.0003272891044616699,1.1596568583627231e-05,False
N;S;T;H;S,Y;Q;M;M;K,"37,188,29,104,58",0.0003272891044616699,8.401482773479074e-06,False
N;S;T;H;L,Y;Q;M;M;C,"37,188,29,104,249",0.0003272891044616699,8.40564098325558e-06,False
N;S;T;H;N,Y;Q;M;M;T,"37,188,29,104,190",0.0003452897071838379,8.566435099055525e-06,False
N;S;T;H;S,Y;Q;M;M;V,"37,188,29,104,223",0.0003272891044616699,8.401482773479074e-06,False
N;S;T;H;A,Y;Q;M;M;W,"37,188,29,104,65",0.0003272891044616699,1.1112801075796597e-05,False
N;S;T;H;K,Y;Q;M;M;Y,"37,188,29,104,253",0.0003272891044616699,8.486037586408202e-06,False
N;S;T;H;R,Y;Q;M;M;S,"37,188,29,104,90",0.008243739604949951,0.00047354225534945726,False
N;S;T;H;M,Y;Q;M;M;L,"37,188,29,104,262",0.0003272891044616699,8.401482773479074e-06,False
N;S;T;H;A,Y;Q;M;M;L,"37,188,29,104,272",0.0003272891044616699,8.401482773479074e-06,False
N;S;T;H;R,Y;Q;M;M;N,"37,188,29,104,90",0.004311025142669678,0.00023872907331679016,False
N;S;T;H;R,Y;Q;M;M;T,"37,188,29,104,90",0.004466652870178223,0.0002793378662317991,False
N;S;T;H;G,Y;Q;M;M;T,"37,188,29,104,254",0.0003272891044616699,8.469403837807477e-06,False
N;S;T;H;R,Y;Q;M;M;P,"37,188,29,104,90",0.012117266654968262,0.0006486191414296627,False
N;S;T;H;Q,Y;Q;M;M;I,"37,188,29,104,182",0.8225822448730469,0.01992367021739483,True
N;S;T;H;R,Y;Q;M;M;A,"37,188,29,104,90",0.0059661865234375,0.00038624086300842464,False
N;S;T;H;K,Y;Q;M;M;F,"37,188,29,104,253",0.0003272891044616699,8.459701348328963e-06,False
N;S;T;H;Y,Y;Q;M;M;S,"37,188,29,104,63",0.0003272891044616699,9.816746569413226e-06,False
N;S;T;H;Q,Y;Q;M;M;M,"37,188,29,104,127",0.004376530647277832,0.0002609643852338195,False
N;S;T;H;Q,Y;Q;M;M;L,"37,188,29,104,182",0.6602998971939087,0.016001049429178238,False
N;S;T;H;K,Y;Q;M;M;A,"37,188,29,104,253",0.0003272891044616699,8.54425616125809e-06,False
N;S;T;H;K,Y;Q;M;M;V,"37,188,29,104,253",0.0003272891044616699,8.573365448683035e-06,False
N;S;T;H;Q,Y;Q;M;M;F,"37,188,29,104,182",0.4511667490005493,0.011273082345724106,False
N;S;T;H;R,Y;Q;M;M;D,"37,188,29,104,90",0.014555573463439941,0.0007098178612068295,False
N;S;T;H;Q,Y;Q;M;M;A,"37,188,29,104,127",0.001179337501525879,6.535163993248716e-05,False
N;S;T;H;Y,Y;Q;M;M;T,"37,188,29,104,63",0.0003272891044616699,9.337137271359097e-06,False
N;S;T;H;Q,Y;Q;M;M;V,"37,188,29,104,182",0.7861027717590332,0.018898457288742065,True
N;S;T;H;K,Y;Q;M;M;L,"37,188,29,104,253",0.0003272891044616699,8.520692063029855e-06,False
N;S;T;H;C,Y;Q;M;M;S,"37,188,29,104,289",0.0003272891044616699,8.401482773479074e-06,False
N;S;T;H;Y,Y;Q;M;M;G,"37,188,29,104,63",0.0003272891044616699,1.1169633580720983e-05,False
N;S;T;H;M,Y;Q;M;M;V,"37,188,29,104,154",0.0003272891044616699,8.4181165220798e-06,False
N;S;T;H;Q,Y;Q;M;M;T,"37,188,29,104,127",0.0006337165832519531,3.07809459627606e-05,False
N;S;T;H;A,Y;Q;M;M;D,"37,188,29,104,226",0.0003272891044616699,8.637129212729633e-06,False
N;S;T;H;C,Y;Q;M;M;A,"37,188,29,104,289",0.0003272891044616699,8.401482773479074e-06,False
N;S;T;H;R,Y;Q;M;M;Q,"37,188,29,104,224",0.0003272891044616699,8.401482773479074e-06,False
N;S;T;H;N,Y;Q;M;M;K,"37,188,29,104,233",0.0003815293312072754,4.356545105110854e-05,False
N;S;T;H;S,Y;Q;M;M;E,"37,188,29,104,136",0.0003272891044616699,8.401482773479074e-06,False
N;S;T;H;D,Y;Q;M;M;N,"37,188,29,104,186",0.12204474210739136,0.00287294527515769,False
N;S;T;H;R,Y;Q;M;M;A,"37,188,29,104,280",0.0005319118499755859,2.145489997928962e-05,False
N;S;T;H;S,Y;Q;M;M;F,"37,188,29,104,238",0.4964901804924011,0.012135559692978859,False
N;S;T;H;S,Y;Q;M;M;H,"37,188,29,104,214",0.23816096782684326,0.0056623052805662155,False
N;S;T;H;L,Y;Q;M;M;F,"37,188,29,104,117",0.0003272891044616699,1.4450661183218472e-05,False
N;S;T;H;Q,Y;Q;M;M;Y,"37,188,29,104,119",0.0019915103912353516,0.0001022150318021886,False
N;S;T;H;G,Y;Q;M;M;A,"37,188,29,104,165",0.22899997234344482,0.005563744343817234,False
N;S;T;H;S,Y;Q;M;M;E,"37,188,29,104,121",0.0043759942054748535,0.0001330015220446512,False
N;S;T;H;I,Y;Q;M;M;R,"37,188,29,104,168",0.003600001335144043,0.0002238916786154732,False
N;S;T;H;N,Y;Q;M;M;H,"37,188,29,104,205",0.19229942560195923,0.004532449413090944,False
N;S;T;H;S,Y;Q;M;M;Y,"37,188,29,104,269",0.0003272891044616699,8.401482773479074e-06,False
N;S;T;H;S,Y;Q;M;M;T,"37,188,29,104,214",0.0719062089920044,0.001708370284177363,False
N;S;T;H;I,Y;Q;M;M;R,"37,188,29,104,218",0.007055699825286865,0.0002492486091796309,False
N;S;T;H;P,Y;Q;M;M;K,"37,188,29,104,120",0.3980538845062256,0.009306620806455612,False
N;S;T;H;M,Y;Q;M;M;H,"37,188,29,104,161",0.2501789331436157,0.005980364046990871,False
N;S;T;H;I,Y;Q;M;M;H,"37,188,29,104,168",0.004608631134033203,0.00026013408205471933,False
N;S;T;H;N,Y;Q;M;M;K,"37,188,29,104,114",0.0003272891044616699,8.491582775604911e-06,False
N;S;T;H;P,Y;Q;M;M;V,"37,188,29,104,184",0.5701536536216736,0.015125454403460026,False
N;S;T;H;W,Y;Q;M;M;P,"37,188,29,104,185",0.37233299016952515,0.009773004800081253,False
N;S;T;H;S,Y;Q;M;M;H,"37,188,29,104,187",0.001249074935913086,3.903965625795536e-05,False
N;S;T;H;T,Y;Q;M;M;Y,"37,188,29,104,189",0.003540515899658203,0.00017004788969643414,False
N;S;T;H;F,Y;Q;M;M;M,"37,188,29,104,191",0.0003197193145751953,8.16860847407952e-06,False
S;D;R;S;S,E;H;A;T;N,"121,186,280,214,124",0.20876890420913696,0.006523038260638714,False
S;D;R;S;G,E;H;A;T;Q,"121,186,280,214,243",0.20901858806610107,0.006533607374876738,False
S;D;R;S;G,E;H;A;T;L,"121,186,280,214,243",0.20901858806610107,0.00655064033344388,False
S;D;R;S;T,E;H;A;T;E,"121,186,280,214,270",0.20901858806610107,0.006481400690972805,False
S;D;R;S;R,E;H;A;T;V,"121,186,280,214,34",0.20901858806610107,0.006481400690972805,False
S;D;R;S;G,E;H;A;T;K,"121,186,280,214,243",0.20901858806610107,0.006492717191576958,False
S;D;R;S;D,E;H;A;T;Q,"121,186,280,214,220",0.20901858806610107,0.006504283286631107,False
S;D;R;S;S,E;H;A;T;K,"121,186,280,214,124",0.20878231525421143,0.006561017129570246,False
S;D;R;S;F,E;H;A;T;E,"121,186,280,214,271",0.20901858806610107,0.006481400690972805,False
S;D;R;S;G,E;H;A;T;Q,"121,186,280,214,164",0.21851754188537598,0.011653359979391098,False
S;D;R;S;A,E;H;A;T;D,"121,186,280,214,130",0.20901858806610107,0.006482237949967384,False
S;D;R;S;W,E;H;A;T;C,"121,186,280,214,257",0.20901858806610107,0.006481687538325787,False
S;D;R;S;Q,E;H;A;T;N,"121,186,280,214,127",0.20899689197540283,0.006511538755148649,False
S;D;R;S;Q,E;H;A;T;R,"121,186,280,214,127",0.20891714096069336,0.006517072208225727,False
S;D;R;S;S,E;H;A;T;M,"121,186,280,214,238",0.3914560079574585,0.0159313902258873,False
S;D;R;S;F,E;H;A;T;M,"121,186,280,214,271",0.20901858806610107,0.006481400690972805,False
S;D;R;S;S,E;H;A;T;A,"121,186,280,214,124",0.209272563457489,0.00649932911619544,False
S;D;R;S;G,E;H;A;T;I,"121,186,280,214,243",0.20901858806610107,0.006559597793966532,False
S;D;R;S;Q,E;H;A;T;I,"121,186,280,214,127",0.20956552028656006,0.006860825698822737,False
S;D;R;S;A,E;H;A;T;V,"121,186,280,214,65",0.20901858806610107,0.006481500342488289,False
S;D;R;S;Q,E;H;A;T;E,"121,186,280,214,133",0.20901858806610107,0.006481400690972805,False
S;D;R;S;S,E;H;A;T;T,"121,186,280,214,124",0.2090015411376953,0.006503948010504246,False
S;D;R;S;Q,E;H;A;T;K,"121,186,280,214,127",0.20897185802459717,0.006511665880680084,False
S;D;R;S;Q,E;H;A;T;W,"121,186,280,214,133",0.20901858806610107,0.006481400690972805,False
S;D;R;S;T,E;H;A;T;D,"121,186,280,214,88",0.20901858806610107,0.006675465032458305,False
S;D;R;S;R,E;H;A;T;N,"121,186,280,214,132",0.20901858806610107,0.006481400690972805,False
S;D;R;S;Q,E;H;A;T;D,"121,186,280,214,127",0.20901668071746826,0.006487063132226467,False
S;D;R;S;A,E;H;A;T;Y,"121,186,280,214,215",0.5188334584236145,0.019888978451490402,False
S;D;R;S;L,E;H;A;T;K,"121,186,280,214,249",0.20901858806610107,0.0064814952202141285,False
S;D;R;S;R,E;H;A;T;Y,"121,186,280,214,123",0.2087298035621643,0.006652721203863621,False
S;D;R;S;F,E;H;A;T;W,"121,186,280,214,271",0.20901858806610107,0.006481400690972805,False
S;D;R;S;S,E;H;A;T;D,"121,186,280,214,58",0.20901858806610107,0.006481400690972805,False
S;D;R;S;N,E;H;A;T;I,"121,186,280,214,37",0.20901858806610107,0.006481400690972805,False
S;D;R;S;C,E;H;A;T;D,"121,186,280,214,289",0.20901858806610107,0.006481400690972805,False
S;D;R;S;A,E;H;A;T;P,"121,186,280,214,152",0.20901858806610107,0.006481400690972805,False
S;D;R;S;G,E;H;A;T;P,"121,186,280,214,243",0.20901858806610107,0.006494409870356321,False
S;D;R;S;S,E;H;A;T;E,"121,186,280,214,115",0.20901858806610107,0.006480003707110882,False
S;D;R;S;L,E;H;A;T;Q,"121,186,280,214,216",0.20866525173187256,0.006438398268073797,False
S;D;R;S;N,E;H;A;T;P,"121,186,280,214,277",0.20901858806610107,0.006481718271970749,False
S;D;R;S;R,E;H;A;T;Q,"121,186,280,214,132",0.20901858806610107,0.006481400690972805,False
S;D;R;S;N,E;H;A;T;Y,"121,186,280,214,244",0.20901858806610107,0.006730424705892801,False
S;D;R;S;H,E;H;A;T;T,"121,186,280,214,104",0.20901858806610107,0.006481400690972805,False
S;D;R;S;S,E;H;A;T;V,"121,186,280,214,58",0.20901858806610107,0.006481400690972805,False
S;D;R;S;H,E;H;A;T;L,"121,186,280,214,104",0.20901858806610107,0.006481400690972805,False
S;D;R;S;P,E;H;A;T;Q,"121,186,280,214,38",0.20901858806610107,0.006481400690972805,False
S;D;R;S;R,E;H;A;T;L,"121,186,280,214,53",0.20901858806610107,0.006481400690972805,False
S;D;R;S;A,E;H;A;T;T,"121,186,280,214,180",0.20901858806610107,0.00655159167945385,False
S;D;R;S;P,E;H;A;T;D,"121,186,280,214,197",0.20901858806610107,0.006481519900262356,False
S;D;R;S;T,E;H;A;T;V,"121,186,280,214,198",0.20901858806610107,0.006501972675323486,False
S;D;R;S;A,E;H;A;T;M,"121,186,280,214,135",0.20901858806610107,0.006481400690972805,False
S;D;R;S;I,E;H;A;T;L,"121,186,280,214,111",0.20901858806610107,0.006483251228928566,False
S;D;R;S;G,E;H;A;T;S,"121,186,280,214,243",0.20901858806610107,0.006487657781690359,False
S;D;R;S;Q,E;H;A;T;L,"121,186,280,214,127",0.2095189094543457,0.006794889457523823,False
S;D;R;S;Q,E;H;A;T;H,"121,186,280,214,127",0.2090398073196411,0.006487779784947634,False
S;D;R;S;W,E;H;A;T;I,"121,186,280,214,159",0.2871333956718445,0.013631539419293404,False
S;D;R;S;Q,E;H;A;T;P,"121,186,280,214,127",0.20915156602859497,0.00652957521378994,False
S;D;R;S;S,E;H;A;T;N,"121,186,280,214,103",0.20901858806610107,0.006481400690972805,False
S;D;R;S;A,E;H;A;T;Y,"121,186,280,214,179",0.20901858806610107,0.006685394328087568,False
S;D;R;S;W,E;H;A;T;K,"121,186,280,214,257",0.20901858806610107,0.006481657270342112,False
S;D;R;S;L,E;H;A;T;M,"121,186,280,214,216",0.20886486768722534,0.006373331882059574,False
S;D;R;S;Q,E;H;A;T;E,"121,186,280,214,127",0.20903825759887695,0.006546723190695047,False
S;D;R;S;G,E;H;A;T;A,"121,186,280,214,243",0.20901858806610107,0.00649413513019681,False
S;D;R;S;A,E;H;A;T;N,"121,186,280,214,226",0.20901858806610107,0.006481399293988943,False
S;D;R;S;L,E;H;A;T;I,"121,186,280,214,216",0.20906537771224976,0.006527012214064598,False
S;D;R;S;C,E;H;A;T;L,"121,186,280,214,289",0.20901858806610107,0.006481400690972805,False
S;D;R;S;S,E;H;A;T;E,"121,186,280,214,207",0.6318895816802979,0.02183382213115692,False
S;D;R;S;M,E;H;A;T;L,"121,186,280,214,154",0.20901858806610107,0.006481420248746872,False
S;D;R;S;M,E;H;A;T;P,"121,186,280,214,222",0.20901858806610107,0.0064903791062533855,False
S;D;R;S;G,E;H;A;T;T,"121,186,280,214,251",0.20901858806610107,0.006482188124209642,False
S;D;R;S;P,E;H;A;T;L,"121,186,280,214,38",0.20901858806610107,0.006481400690972805,False
S;D;R;S;L,E;H;A;T;W,"121,186,280,214,216",0.20865577459335327,0.006628704722970724,False
S;D;R;S;S,E;H;A;T;P,"121,186,280,214,245",0.20901858806610107,0.006485080812126398,False
S;D;R;S;I,E;H;A;T;W,"121,186,280,214,111",0.20901858806610107,0.00671839714050293,False
S;D;R;S;L,E;H;A;T;D,"121,186,280,214,249",0.20901858806610107,0.006483139004558325,False
S;D;R;S;D,E;H;A;T;K,"121,186,280,214,263",0.20901858806610107,0.006481400690972805,False
S;D;R;S;L,E;H;A;T;E,"121,186,280,214,216",0.20861196517944336,0.006830775644630194,False
S;D;R;S;I,E;H;A;T;H,"121,186,280,214,145",0.20901858806610107,0.006481400690972805,False
S;D;R;S;I,E;H;A;T;L,"121,186,280,214,145",0.20901858806610107,0.006481400690972805,False
S;D;R;S;H,E;H;A;T;M,"121,186,280,214,104",0.20901858806610107,0.006481400690972805,False
S;D;R;S;L,E;H;A;T;F,"121,186,280,214,216",0.20889317989349365,0.006411297246813774,False
S;D;R;S;S,E;H;A;T;D,"121,186,280,214,103",0.20901858806610107,0.006481400690972805,False
S;D;R;S;I,E;H;A;T;V,"121,186,280,214,200",0.20903229713439941,0.006483536679297686,False
S;D;R;S;T,E;H;A;T;K,"121,186,280,214,88",0.20901858806610107,0.006532364059239626,False
S;D;R;S;N,E;H;A;T;K,"121,186,280,214,138",0.20901858806610107,0.006481400690972805,False
S;D;R;S;Q,E;H;A;T;T,"121,186,280,214,91",0.20901858806610107,0.006515838205814362,False
S;D;R;S;G,E;H;A;T;D,"121,186,280,214,163",0.4053959846496582,0.016951395198702812,False
S;D;R;S;A,E;H;A;T;M,"121,186,280,214,65",0.20901858806610107,0.006482181139290333,False
S;D;R;S;K,E;H;A;T;L,"121,186,280,214,252",0.20901858806610107,0.006481471471488476,False
S;D;R;S;V,E;H;A;T;D,"121,186,280,214,57",0.20901858806610107,0.006481400690972805,False
S;D;R;S;Q,E;H;A;T;V,"121,186,280,214,127",0.20953041315078735,0.006775654852390289,False
S;D;R;S;V,E;H;A;T;C,"121,186,280,214,281",0.20901858806610107,0.006504929158836603,False
S;D;R;S;T,E;H;A;T;V,"121,186,280,214,72",0.20901858806610107,0.006481400690972805,False
S;D;R;S;Q,E;H;A;T;N,"121,186,280,214,133",0.20901858806610107,0.006481400690972805,False
S;D;R;S;R,E;H;A;T;K,"121,186,280,214,53",0.20901858806610107,0.006481400690972805,False
S;D;R;S;S,E;H;A;T;P,"121,186,280,214,125",0.20901834964752197,0.006494803354144096,False
S;D;R;S;T,E;H;A;T;Q,"121,186,280,214,88",0.20901858806610107,0.006510171573609114,False
S;D;R;S;N,E;H;A;T;L,"121,186,280,214,138",0.20901858806610107,0.006481400690972805,False
S;D;R;S;H,E;H;A;T;R,"121,186,280,214,104",0.20901858806610107,0.006481400690972805,False
S;D;R;S;W,E;H;A;T;P,"121,186,280,214,159",0.3325444459915161,0.01516516413539648,False
S;D;R;S;S,E;H;A;T;Y,"121,186,280,214,242",0.20901858806610107,0.006582954432815313,False
S;D;R;S;A,E;H;A;T;F,"121,186,280,214,65",0.20901858806610107,0.006482522003352642,False
S;D;R;S;G,E;H;A;T;H,"121,186,280,214,251",0.20901858806610107,0.006483627017587423,False
S;D;R;S;L,E;H;A;T;P,"121,186,280,214,216",0.208717942237854,0.006381426937878132,False
S;D;R;S;S,E;H;A;T;W,"121,186,280,214,58",0.20901858806610107,0.006481400690972805,False
S;D;R;S;T,E;H;A;T;N,"121,186,280,214,88",0.20901858806610107,0.006501057650893927,False
S;D;R;S;T,E;H;A;T;N,"121,186,280,214,198",0.20901858806610107,0.0064859348349273205,False
S;D;R;S;S,E;H;A;T;K,"121,186,280,214,58",0.20901858806610107,0.006481400690972805,False
S;D;R;S;L,E;H;A;T;C,"121,186,280,214,249",0.20901858806610107,0.006481396500021219,False
S;D;R;S;N,E;H;A;T;T,"121,186,280,214,190",0.20923173427581787,0.006492123939096928,False
S;D;R;S;S,E;H;A;T;V,"121,186,280,214,223",0.20901858806610107,0.006481400690972805,False
S;D;R;S;A,E;H;A;T;W,"121,186,280,214,65",0.20901858806610107,0.006484410259872675,False
S;D;R;S;K,E;H;A;T;Y,"121,186,280,214,253",0.20901858806610107,0.006481485441327095,False
S;D;R;S;R,E;H;A;T;S,"121,186,280,214,90",0.20901858806610107,0.0069513749331235886,False
S;D;R;S;T,E;H;A;T;M,"121,186,280,214,29",0.20901858806610107,0.006481400690972805,False
S;D;R;S;M,E;H;A;T;L,"121,186,280,214,262",0.20901858806610107,0.006481400690972805,False
S;D;R;S;A,E;H;A;T;L,"121,186,280,214,272",0.20901858806610107,0.006481400690972805,False
S;D;R;S;R,E;H;A;T;N,"121,186,280,214,90",0.20901858806610107,0.006717578042298555,False
S;D;R;S;R,E;H;A;T;T,"121,186,280,214,90",0.20901858806610107,0.006754464935511351,False
S;D;R;S;G,E;H;A;T;T,"121,186,280,214,254",0.20901858806610107,0.006481444928795099,False
S;D;R;S;R,E;H;A;T;P,"121,186,280,214,90",0.20901858806610107,0.007129835430532694,False
S;D;R;S;N,E;H;A;T;Y,"121,186,280,214,37",0.20901858806610107,0.006481400690972805,False
S;D;R;S;Q,E;H;A;T;I,"121,186,280,214,182",0.823202908039093,0.026460574939846992,True
S;D;R;S;R,E;H;A;T;A,"121,186,280,214,90",0.20901858806610107,0.006858371198177338,False
S;D;R;S;K,E;H;A;T;F,"121,186,280,214,253",0.20901858806610107,0.0064814588986337185,False
S;D;R;S;Y,E;H;A;T;S,"121,186,280,214,63",0.20901858806610107,0.006483563221991062,False
S;D;R;S;Q,E;H;A;T;L,"121,186,280,214,182",0.660995602607727,0.02253505401313305,True
S;D;R;S;K,E;H;A;T;A,"121,186,280,214,253",0.20901858806610107,0.0064815436489880085,False
S;D;R;S;K,E;H;A;T;V,"121,186,280,214,253",0.20901858806610107,0.006481572519987822,False
S;D;R;S;Q,E;H;A;T;F,"121,186,280,214,182",0.4516318440437317,0.01782878302037716,False
S;D;R;S;R,E;H;A;T;D,"121,186,280,214,90",0.20901858806610107,0.007193297613412142,False
S;D;R;S;Q,E;H;A;T;A,"121,186,280,214,127",0.2093375325202942,0.006537600886076689,False
S;D;R;S;Y,E;H;A;T;T,"121,186,280,214,63",0.20901858806610107,0.006482946220785379,False
S;D;R;S;Q,E;H;A;T;V,"121,186,280,214,182",0.7867798805236816,0.025423144921660423,True
S;D;R;S;K,E;H;A;T;L,"121,186,280,214,253",0.20901858806610107,0.006481519900262356,False
S;D;R;S;C,E;H;A;T;S,"121,186,280,214,289",0.20901858806610107,0.006481400690972805,False
S;D;R;S;Y,E;H;A;T;G,"121,186,280,214,63",0.20901858806610107,0.006485171150416136,False
S;D;R;S;M,E;H;A;T;V,"121,186,280,214,154",0.20901858806610107,0.006481432821601629,False
S;D;R;S;Q,E;H;A;T;T,"121,186,280,214,127",0.20918011665344238,0.006507436744868755,False
S;D;R;S;A,E;H;A;T;D,"121,186,280,214,226",0.20901858806610107,0.00648146029561758,False
S;D;R;S;C,E;H;A;T;A,"121,186,280,214,289",0.20901858806610107,0.006481400690972805,False
S;D;R;S;R,E;H;A;T;Q,"121,186,280,214,224",0.20901858806610107,0.006481400690972805,False
S;D;R;S;N,E;H;A;T;K,"121,186,280,214,233",0.20901858806610107,0.006506966892629862,False
S;D;R;S;S,E;H;A;T;E,"121,186,280,214,136",0.20901858806610107,0.006481400690972805,False
S;D;R;S;S,E;H;A;T;F,"121,186,280,214,238",0.4964901804924011,0.018606524914503098,False
S;D;R;S;S,E;H;A;T;Q,"121,186,280,214,188",0.20901000499725342,0.006453772075474262,False
S;D;R;S;L,E;H;A;T;F,"121,186,280,214,117",0.20901858806610107,0.006490405183285475,False
S;D;R;S;Q,E;H;A;T;Y,"121,186,280,214,119",0.20881563425064087,0.0065891132690012455,False
S;D;R;S;G,E;H;A;T;A,"121,186,280,214,165",0.2310628890991211,0.01203061267733574,False
S;D;R;S;I,E;H;A;T;R,"121,186,280,214,168",0.2082931399345398,0.006728805601596832,False
S;D;R;S;N,E;H;A;T;H,"121,186,280,214,205",0.20901858806610107,0.011044379323720932,False
S;D;R;S;S,E;H;A;T;Y,"121,186,280,214,269",0.20901858806610107,0.006481400690972805,False
S;D;R;S;I,E;H;A;T;R,"121,186,280,214,218",0.20851045846939087,0.006483025383204222,False
S;D;R;S;P,E;H;A;T;K,"121,186,280,214,120",0.41944634914398193,0.016170280054211617,False
S;D;R;S;M,E;H;A;T;H,"121,186,280,214,161",0.2567726969718933,0.012612058781087399,False
S;D;R;S;I,E;H;A;T;H,"121,186,280,214,168",0.208318829536438,0.006779355928301811,False
S;D;R;S;N,E;H;A;T;K,"121,186,280,214,114",0.20901858806610107,0.006482380907982588,False
S;D;R;S;P,E;H;A;T;V,"121,186,280,214,184",0.5763196349143982,0.021046483889222145,False
S;D;R;S;W,E;H;A;T;P,"121,186,280,214,185",0.373518705368042,0.01668243668973446,False
S;D;R;S;S,E;H;A;T;H,"121,186,280,214,187",0.2066408395767212,0.006415292154997587,False
S;D;R;S;S,E;H;A;T;P,"121,186,280,214,188",0.208221435546875,0.006452441215515137,False
S;D;R;S;F,E;H;A;T;M,"121,186,280,214,191",0.2090226411819458,0.006484209094196558,False
S;D;R;L;S,E;H;A;M;N,"121,186,280,216,124",0.21094298362731934,0.005222255364060402,False
S;D;R;L;G,E;H;A;M;Q,"121,186,280,216,243",0.21123051643371582,0.005234143231064081,False
S;D;R;L;G,E;H;A;M;L,"121,186,280,216,243",0.21123051643371582,0.005251176189631224,False
S;D;R;L;T,E;H;A;M;E,"121,186,280,216,270",0.21123051643371582,0.005181933753192425,False
S;D;R;L;R,E;H;A;M;V,"121,186,280,216,34",0.21123051643371582,0.005181933753192425,False
S;D;R;L;G,E;H;A;M;K,"121,186,280,216,243",0.21123051643371582,0.0051932502537965775,False
S;D;R;L;D,E;H;A;M;Q,"121,186,280,216,220",0.21123051643371582,0.005177283193916082,False
S;D;R;L;S,E;H;A;M;K,"121,186,280,216,124",0.21095412969589233,0.0052590579725801945,False
S;D;R;L;F,E;H;A;M;E,"121,186,280,216,271",0.21123051643371582,0.005181933753192425,False
S;D;R;L;G,E;H;A;M;Q,"121,186,280,216,164",0.2211226224899292,0.010469633154571056,False
S;D;R;L;A,E;H;A;M;D,"121,186,280,216,130",0.21123051643371582,0.005182722117751837,False
S;D;R;L;W,E;H;A;M;C,"121,186,280,216,257",0.21123051643371582,0.0051822480745613575,False
S;D;R;L;Q,E;H;A;M;N,"121,186,280,216,127",0.21120691299438477,0.005212359596043825,False
S;D;R;L;Q,E;H;A;M;R,"121,186,280,216,127",0.21111911535263062,0.005217255558818579,False
S;D;R;L;S,E;H;A;M;M,"121,186,280,216,238",0.3914560079574585,0.014635439962148666,False
S;D;R;L;F,E;H;A;M;M,"121,186,280,216,271",0.21123051643371582,0.005181933753192425,False
S;D;R;L;S,E;H;A;M;A,"121,186,280,216,124",0.21152454614639282,0.00520037766546011,False
S;D;R;L;G,E;H;A;M;I,"121,186,280,216,243",0.21123051643371582,0.005260132253170013,False
S;D;R;L;Q,E;H;A;M;I,"121,186,280,216,127",0.21184152364730835,0.005562262609601021,False
S;D;R;L;A,E;H;A;M;V,"121,186,280,216,65",0.21123051643371582,0.005182033404707909,False
S;D;R;L;Q,E;H;A;M;E,"121,186,280,216,133",0.21123051643371582,0.005181933753192425,False
S;D;R;L;S,E;H;A;M;T,"121,186,280,216,124",0.21121597290039062,0.005203721113502979,False
S;D;R;L;Q,E;H;A;M;K,"121,186,280,216,127",0.21117472648620605,0.00521242618560791,False
S;D;R;L;Q,E;H;A;M;W,"121,186,280,216,133",0.21123051643371582,0.005181933753192425,False
S;D;R;L;T,E;H;A;M;D,"121,186,280,216,88",0.21123051643371582,0.0053755613043904305,False
S;D;R;L;R,E;H;A;M;N,"121,186,280,216,132",0.21123051643371582,0.005181933753192425,False
S;D;R;L;Q,E;H;A;M;D,"121,186,280,216,127",0.21123075485229492,0.005187389440834522,False
S;D;R;L;A,E;H;A;M;Y,"121,186,280,216,215",0.5137823820114136,0.017954634502530098,False
S;D;R;L;L,E;H;A;M;K,"121,186,280,216,249",0.21123051643371582,0.005182027816772461,False
S;D;R;L;R,E;H;A;M;Y,"121,186,280,216,123",0.21095335483551025,0.005350487306714058,False
S;D;R;L;F,E;H;A;M;W,"121,186,280,216,271",0.21123051643371582,0.005181933753192425,False
S;D;R;L;S,E;H;A;M;D,"121,186,280,216,58",0.21123051643371582,0.005181933753192425,False
S;D;R;L;N,E;H;A;M;I,"121,186,280,216,37",0.21123051643371582,0.005181933753192425,False
S;D;R;L;C,E;H;A;M;D,"121,186,280,216,289",0.21123051643371582,0.005181933753192425,False
S;D;R;L;A,E;H;A;M;P,"121,186,280,216,152",0.21123051643371582,0.005181933753192425,False
S;D;R;L;G,E;H;A;M;P,"121,186,280,216,243",0.21123051643371582,0.005194945260882378,False
S;D;R;L;S,E;H;A;M;E,"121,186,280,216,115",0.21123051643371582,0.0051804822869598866,False
S;D;R;L;N,E;H;A;M;P,"121,186,280,216,277",0.21123051643371582,0.005182250868529081,False
S;D;R;L;R,E;H;A;M;Q,"121,186,280,216,132",0.21123051643371582,0.005181933753192425,False
S;D;R;L;N,E;H;A;M;Y,"121,186,280,216,244",0.21123051643371582,0.005430953577160835,False
S;D;R;L;H,E;H;A;M;T,"121,186,280,216,104",0.21123051643371582,0.005181933753192425,False
S;D;R;L;S,E;H;A;M;V,"121,186,280,216,58",0.21123051643371582,0.005181933753192425,False
S;D;R;L;H,E;H;A;M;L,"121,186,280,216,104",0.21123051643371582,0.005181933753192425,False
S;D;R;L;P,E;H;A;M;Q,"121,186,280,216,38",0.21123051643371582,0.005181933753192425,False
S;D;R;L;R,E;H;A;M;L,"121,186,280,216,53",0.21123051643371582,0.005181933753192425,False
S;D;R;L;A,E;H;A;M;T,"121,186,280,216,180",0.21123051643371582,0.00525067700073123,False
S;D;R;L;P,E;H;A;M;D,"121,186,280,216,197",0.21123051643371582,0.005182045977562666,False
S;D;R;L;T,E;H;A;M;V,"121,186,280,216,198",0.21123051643371582,0.0052030389197170734,False
S;D;R;L;A,E;H;A;M;M,"121,186,280,216,135",0.21123051643371582,0.005181933753192425,False
S;D;R;L;I,E;H;A;M;L,"121,186,280,216,111",0.21123051643371582,0.005183754954487085,False
S;D;R;L;G,E;H;A;M;S,"121,186,280,216,243",0.21123051643371582,0.005188193637877703,False
S;D;R;L;Q,E;H;A;M;L,"121,186,280,216,127",0.21178901195526123,0.005496256519109011,False
S;D;R;L;Q,E;H;A;M;H,"121,186,280,216,127",0.2112528681755066,0.005188337527215481,False
S;D;R;L;W,E;H;A;M;I,"121,186,280,216,159",0.2871308922767639,0.01233138982206583,False
S;D;R;L;Q,E;H;A;M;P,"121,186,280,216,127",0.21137511730194092,0.005230909213423729,False
S;D;R;L;S,E;H;A;M;N,"121,186,280,216,103",0.21123051643371582,0.005181933753192425,False
S;D;R;L;A,E;H;A;M;Y,"121,186,280,216,179",0.21123051643371582,0.005384881980717182,False
S;D;R;L;W,E;H;A;M;K,"121,186,280,216,257",0.21123051643371582,0.0051821996457874775,False
S;D;R;L;Q,E;H;A;M;E,"121,186,280,216,127",0.21125417947769165,0.005246660206466913,False
S;D;R;L;G,E;H;A;M;A,"121,186,280,216,243",0.21123051643371582,0.005194672383368015,False
S;D;R;L;A,E;H;A;M;N,"121,186,280,216,226",0.21123051643371582,0.005181929562240839,False
S;D;R;L;C,E;H;A;M;L,"121,186,280,216,289",0.21123051643371582,0.005181933753192425,False
S;D;R;L;S,E;H;A;M;E,"121,186,280,216,207",0.631908118724823,0.020597010850906372,False
S;D;R;L;M,E;H;A;M;L,"121,186,280,216,154",0.21123051643371582,0.00518195703625679,False
S;D;R;L;M,E;H;A;M;P,"121,186,280,216,222",0.21123051643371582,0.005179401021450758,False
S;D;R;L;G,E;H;A;M;T,"121,186,280,216,251",0.21123051643371582,0.005182720720767975,False
S;D;R;L;P,E;H;A;M;L,"121,186,280,216,38",0.21123051643371582,0.005181933753192425,False
S;D;R;L;S,E;H;A;M;P,"121,186,280,216,245",0.21123051643371582,0.005185677669942379,False
S;D;R;L;I,E;H;A;M;W,"121,186,280,216,111",0.21123051643371582,0.005418618209660053,False
S;D;R;L;L,E;H;A;M;D,"121,186,280,216,249",0.21123051643371582,0.005183671601116657,False
S;D;R;L;D,E;H;A;M;K,"121,186,280,216,263",0.21123051643371582,0.005181933753192425,False
S;D;R;L;I,E;H;A;M;H,"121,186,280,216,145",0.21123051643371582,0.005181933753192425,False
S;D;R;L;I,E;H;A;M;L,"121,186,280,216,145",0.21123051643371582,0.005181933753192425,False
S;D;R;L;H,E;H;A;M;M,"121,186,280,216,104",0.21123051643371582,0.005181933753192425,False
S;D;R;L;S,E;H;A;M;D,"121,186,280,216,103",0.21123051643371582,0.005181933753192425,False
S;D;R;L;I,E;H;A;M;V,"121,186,280,216,200",0.2112441062927246,0.005202581640332937,False
S;D;R;L;T,E;H;A;M;K,"121,186,280,216,88",0.21123051643371582,0.0052328347228467464,False
S;D;R;L;N,E;H;A;M;K,"121,186,280,216,138",0.21123051643371582,0.005181933753192425,False
S;D;R;L;Q,E;H;A;M;T,"121,186,280,216,91",0.21123051643371582,0.005216490477323532,False
S;D;R;L;G,E;H;A;M;D,"121,186,280,216,163",0.405320942401886,0.015719683840870857,False
S;D;R;L;A,E;H;A;M;M,"121,186,280,216,65",0.21123051643371582,0.005182713735848665,False
S;D;R;L;K,E;H;A;M;L,"121,186,280,216,252",0.21123051643371582,0.005182004068046808,False
S;D;R;L;V,E;H;A;M;D,"121,186,280,216,57",0.21123051643371582,0.005181933753192425,False
S;D;R;L;Q,E;H;A;M;V,"121,186,280,216,127",0.2118026614189148,0.005477224476635456,False
S;D;R;L;V,E;H;A;M;C,"121,186,280,216,281",0.21123051643371582,0.0052055660635232925,False
S;D;R;L;T,E;H;A;M;V,"121,186,280,216,72",0.21123051643371582,0.005181933753192425,False
S;D;R;L;Q,E;H;A;M;N,"121,186,280,216,133",0.21123051643371582,0.005181933753192425,False
S;D;R;L;R,E;H;A;M;K,"121,186,280,216,53",0.21123051643371582,0.005181933753192425,False
S;D;R;L;S,E;H;A;M;P,"121,186,280,216,125",0.21122533082962036,0.005195268429815769,False
S;D;R;L;T,E;H;A;M;Q,"121,186,280,216,88",0.21123051643371582,0.005210428964346647,False
S;D;R;L;N,E;H;A;M;L,"121,186,280,216,138",0.21123051643371582,0.005181933753192425,False
S;D;R;L;H,E;H;A;M;R,"121,186,280,216,104",0.21123051643371582,0.005181933753192425,False
S;D;R;L;W,E;H;A;M;P,"121,186,280,216,159",0.3325510621070862,0.013882809318602085,False
S;D;R;L;S,E;H;A;M;Y,"121,186,280,216,242",0.21123051643371582,0.0052834972739219666,False
S;D;R;L;A,E;H;A;M;F,"121,186,280,216,65",0.21123051643371582,0.005183055065572262,False
S;D;R;L;G,E;H;A;M;H,"121,186,280,216,251",0.21123051643371582,0.005184159614145756,False
S;D;R;L;S,E;H;A;M;W,"121,186,280,216,58",0.21123051643371582,0.005181933753192425,False
S;D;R;L;T,E;H;A;M;N,"121,186,280,216,88",0.21123051643371582,0.005201395135372877,False
S;D;R;L;T,E;H;A;M;N,"121,186,280,216,198",0.21123051643371582,0.005185937974601984,False
S;D;R;L;S,E;H;A;M;K,"121,186,280,216,58",0.21123051643371582,0.005181933753192425,False
S;D;R;L;L,E;H;A;M;C,"121,186,280,216,249",0.21123051643371582,0.005181929562240839,False
S;D;R;L;N,E;H;A;M;T,"121,186,280,216,190",0.21147042512893677,0.005187311675399542,False
S;D;R;L;S,E;H;A;M;V,"121,186,280,216,223",0.21123051643371582,0.005181933753192425,False
S;D;R;L;A,E;H;A;M;W,"121,186,280,216,65",0.21123051643371582,0.005184942856431007,False
S;D;R;L;K,E;H;A;M;Y,"121,186,280,216,253",0.21123051643371582,0.0051820180378854275,False
S;D;R;L;R,E;H;A;M;S,"121,186,280,216,90",0.21123051643371582,0.005652147810906172,False
S;D;R;L;T,E;H;A;M;M,"121,186,280,216,29",0.21123051643371582,0.005181933753192425,False
S;D;R;L;M,E;H;A;M;L,"121,186,280,216,262",0.21123051643371582,0.005181933753192425,False
S;D;R;L;A,E;H;A;M;L,"121,186,280,216,272",0.21123051643371582,0.005181933753192425,False
S;D;R;L;R,E;H;A;M;N,"121,186,280,216,90",0.21123051643371582,0.005418188404291868,False
S;D;R;L;R,E;H;A;M;T,"121,186,280,216,90",0.21123051643371582,0.0054552373476326466,False
S;D;R;L;G,E;H;A;M;T,"121,186,280,216,254",0.21123051643371582,0.005181982181966305,False
S;D;R;L;R,E;H;A;M;P,"121,186,280,216,90",0.21123051643371582,0.005830555688589811,False
S;D;R;L;N,E;H;A;M;Y,"121,186,280,216,37",0.21123051643371582,0.005181933753192425,False
S;D;R;L;Q,E;H;A;M;I,"121,186,280,216,182",0.8232222199440002,0.02514088898897171,True
S;D;R;L;R,E;H;A;M;A,"121,186,280,216,90",0.21123051643371582,0.005559304263442755,False
S;D;R;L;K,E;H;A;M;F,"121,186,280,216,253",0.21123051643371582,0.005181991960853338,False
S;D;R;L;Y,E;H;A;M;S,"121,186,280,216,63",0.21123051643371582,0.005184130743145943,False
S;D;R;L;Q,E;H;A;M;L,"121,186,280,216,182",0.6610025763511658,0.021216753870248795,True
S;D;R;L;K,E;H;A;M;A,"121,186,280,216,253",0.21123051643371582,0.005182076245546341,False
S;D;R;L;K,E;H;A;M;V,"121,186,280,216,253",0.21123051643371582,0.005182105582207441,False
S;D;R;L;Q,E;H;A;M;F,"121,186,280,216,182",0.45163238048553467,0.016507074236869812,False
S;D;R;L;R,E;H;A;M;D,"121,186,280,216,90",0.21123051643371582,0.005893901456147432,False
S;D;R;L;Q,E;H;A;M;A,"121,186,280,216,127",0.21158665418624878,0.005239467136561871,False
S;D;R;L;Y,E;H;A;M;T,"121,186,280,216,63",0.21123051643371582,0.00518350675702095,False
S;D;R;L;Q,E;H;A;M;V,"121,186,280,216,182",0.7867966294288635,0.024105995893478394,True
S;D;R;L;K,E;H;A;M;L,"121,186,280,216,253",0.21123051643371582,0.0051820529624819756,False
S;D;R;L;C,E;H;A;M;S,"121,186,280,216,289",0.21123051643371582,0.005181933753192425,False
S;D;R;L;Y,E;H;A;M;G,"121,186,280,216,63",0.21123051643371582,0.00518574845045805,False
S;D;R;L;M,E;H;A;M;V,"121,186,280,216,154",0.21123051643371582,0.0051819696091115475,False
S;D;R;L;Q,E;H;A;M;T,"121,186,280,216,127",0.2114112377166748,0.005208779126405716,False
S;D;R;L;A,E;H;A;M;D,"121,186,280,216,226",0.21123051643371582,0.0051819877699017525,False
S;D;R;L;C,E;H;A;M;A,"121,186,280,216,289",0.21123051643371582,0.005181933753192425,False
S;D;R;L;R,E;H;A;M;Q,"121,186,280,216,224",0.21123051643371582,0.005181933753192425,False
S;D;R;L;N,E;H;A;M;K,"121,186,280,216,233",0.21123051643371582,0.0052112494595348835,False
S;D;R;L;S,E;H;A;M;E,"121,186,280,216,136",0.21123051643371582,0.005181933753192425,False
S;D;R;L;S,E;H;A;M;F,"121,186,280,216,238",0.4964901804924011,0.017311764881014824,False
S;D;R;L;S,E;H;A;M;Q,"121,186,280,216,188",0.2112177610397339,0.00519251124933362,False
S;D;R;L;S,E;H;A;M;H,"121,186,280,216,214",0.23036634922027588,0.010477528907358646,False
S;D;R;L;L,E;H;A;M;F,"121,186,280,216,117",0.21123051643371582,0.005190613679587841,False
S;D;R;L;Q,E;H;A;M;Y,"121,186,280,216,119",0.21101653575897217,0.00528667401522398,False
S;D;R;L;G,E;H;A;M;A,"121,186,280,216,165",0.23108232021331787,0.010718248784542084,False
S;D;R;L;I,E;H;A;M;R,"121,186,280,216,168",0.21039050817489624,0.005425575189292431,False
S;D;R;L;N,E;H;A;M;H,"121,186,280,216,205",0.21123051643371582,0.00970646645873785,False
S;D;R;L;S,E;H;A;M;Y,"121,186,280,216,269",0.21123051643371582,0.005181933753192425,False
S;D;R;L;I,E;H;A;M;R,"121,186,280,216,218",0.2106107473373413,0.005574233364313841,False
S;D;R;L;P,E;H;A;M;K,"121,186,280,216,120",0.4196961522102356,0.014866637997329235,False
S;D;R;L;M,E;H;A;M;H,"121,186,280,216,161",0.25641828775405884,0.011315807700157166,False
S;D;R;L;I,E;H;A;M;H,"121,186,280,216,168",0.21041834354400635,0.005476108752191067,False
S;D;R;L;N,E;H;A;M;K,"121,186,280,216,114",0.21123051643371582,0.0051829274743795395,False
S;D;R;L;P,E;H;A;M;V,"121,186,280,216,184",0.5772192478179932,0.020577047020196915,False
S;D;R;L;W,E;H;A;M;P,"121,186,280,216,185",0.3726027011871338,0.014660420827567577,False
S;D;R;L;S,E;H;A;M;H,"121,186,280,216,187",0.2085273265838623,0.005140967201441526,False
S;D;R;L;S,E;H;A;M;P,"121,186,280,216,188",0.2103976607322693,0.005164712201803923,False
S;D;R;L;F,E;H;A;M;M,"121,186,280,216,191",0.21123158931732178,0.005180591717362404,False
S;I;E;Q;S,Q;R;K;L;N,"188,168,231,182,124",0.6609251499176025,0.016401557251811028,True
S;I;E;Q;G,Q;R;K;L;Q,"188,168,231,182,243",0.6609251499176025,0.016367824748158455,True
S;I;E;Q;G,Q;R;K;L;L,"188,168,231,182,243",0.6609251499176025,0.016358990222215652,True
S;I;E;Q;T,Q;R;K;L;E,"188,168,231,182,270",0.6609251499176025,0.01628555729985237,True
S;I;E;Q;R,Q;R;K;L;V,"188,168,231,182,34",0.6609251499176025,0.01628555729985237,True
S;I;E;Q;G,Q;R;K;L;K,"188,168,231,182,243",0.6609251499176025,0.016311664134263992,True
S;I;E;Q;D,Q;R;K;L;Q,"188,168,231,182,220",0.6609251499176025,0.016286486759781837,True
S;I;E;Q;S,Q;R;K;L;K,"188,168,231,182,124",0.6609251499176025,0.016567127779126167,True
S;I;E;Q;F,Q;R;K;L;E,"188,168,231,182,271",0.6609251499176025,0.01628555729985237,True
S;I;E;Q;G,Q;R;K;L;Q,"188,168,231,182,164",0.6605311632156372,0.021273603662848473,False
S;I;E;Q;A,Q;R;K;L;D,"188,168,231,182,130",0.6609251499176025,0.016293194144964218,True
S;I;E;Q;W,Q;R;K;L;C,"188,168,231,182,257",0.6603919863700867,0.01626645214855671,False
S;I;E;Q;Q,Q;R;K;L;N,"188,168,231,182,127",0.6609251499176025,0.016284430399537086,True
S;I;E;Q;Q,Q;R;K;L;R,"188,168,231,182,127",0.6609251499176025,0.016403479501605034,True
S;I;E;Q;S,Q;R;K;L;M,"188,168,231,182,238",0.6621755361557007,0.0261725764721632,True
S;I;E;Q;F,Q;R;K;L;M,"188,168,231,182,271",0.6609251499176025,0.01628555729985237,True
S;I;E;Q;S,Q;R;K;L;A,"188,168,231,182,124",0.6609251499176025,0.0162370502948761,True
S;I;E;Q;G,Q;R;K;L;I,"188,168,231,182,243",0.6609251499176025,0.016366219148039818,True
S;I;E;Q;Q,Q;R;K;L;I,"188,168,231,182,127",0.6609251499176025,0.01659589260816574,True
S;I;E;Q;A,Q;R;K;L;V,"188,168,231,182,65",0.6609251499176025,0.01628541760146618,True
S;I;E;Q;Q,Q;R;K;L;E,"188,168,231,182,133",0.6609251499176025,0.01628555729985237,True
S;I;E;Q;S,Q;R;K;L;T,"188,168,231,182,124",0.6609251499176025,0.016312049701809883,True
S;I;E;Q;Q,Q;R;K;L;K,"188,168,231,182,127",0.6609251499176025,0.016339391469955444,True
S;I;E;Q;Q,Q;R;K;L;W,"188,168,231,182,133",0.6609251499176025,0.01628555729985237,True
S;I;E;Q;D,Q;R;K;L;L,"188,168,231,182,220",0.6609251499176025,0.016290128231048584,True
S;I;E;Q;T,Q;R;K;L;D,"188,168,231,182,88",0.6609251499176025,0.016490373760461807,True
S;I;E;Q;R,Q;R;K;L;N,"188,168,231,182,132",0.6609251499176025,0.01628555729985237,True
S;I;E;Q;Q,Q;R;K;L;D,"188,168,231,182,127",0.6609251499176025,0.016272341832518578,True
S;I;E;Q;A,Q;R;K;L;Y,"188,168,231,182,215",0.6628391146659851,0.029039954766631126,True
S;I;E;Q;L,Q;R;K;L;K,"188,168,231,182,249",0.6609251499176025,0.016293073073029518,True
S;I;E;Q;R,Q;R;K;L;Y,"188,168,231,182,123",0.6609251499176025,0.016448063775897026,True
S;I;E;Q;F,Q;R;K;L;W,"188,168,231,182,271",0.6609251499176025,0.01628555729985237,True
S;I;E;Q;S,Q;R;K;L;D,"188,168,231,182,58",0.6609251499176025,0.01628555729985237,True
S;I;E;Q;N,Q;R;K;L;I,"188,168,231,182,37",0.6609251499176025,0.01628555729985237,True
S;I;E;Q;C,Q;R;K;L;D,"188,168,231,182,289",0.6609251499176025,0.01628555729985237,True
S;I;E;Q;A,Q;R;K;L;P,"188,168,231,182,152",0.6609251499176025,0.01628555729985237,True
S;I;E;Q;D,Q;R;K;L;V,"188,168,231,182,186",0.726487398147583,0.03356325253844261,True
S;I;E;Q;G,Q;R;K;L;P,"188,168,231,182,243",0.6609251499176025,0.016314975917339325,True
S;I;E;Q;S,Q;R;K;L;E,"188,168,231,182,115",0.6609251499176025,0.01628824882209301,True
S;I;E;Q;L,Q;R;K;L;Q,"188,168,231,182,216",0.6609251499176025,0.01671759784221649,True
S;I;E;Q;N,Q;R;K;L;P,"188,168,231,182,277",0.6609251499176025,0.01628555916249752,True
S;I;E;Q;R,Q;R;K;L;Q,"188,168,231,182,132",0.6609251499176025,0.01628555729985237,True
S;I;E;Q;N,Q;R;K;L;Y,"188,168,231,182,244",0.6623268723487854,0.01682085543870926,True
S;I;E;Q;H,Q;R;K;L;T,"188,168,231,182,104",0.6609251499176025,0.01628555729985237,True
S;I;E;Q;S,Q;R;K;L;V,"188,168,231,182,58",0.6609251499176025,0.01628555729985237,True
S;I;E;Q;H,Q;R;K;L;L,"188,168,231,182,104",0.6609251499176025,0.01628555729985237,True
S;I;E;Q;P,Q;R;K;L;Q,"188,168,231,182,38",0.6609251499176025,0.01628555729985237,True
S;I;E;Q;R,Q;R;K;L;L,"188,168,231,182,53",0.6609251499176025,0.01628555729985237,True
S;I;E;Q;A,Q;R;K;L;T,"188,168,231,182,180",0.6636564135551453,0.01634676568210125,True
S;I;E;Q;P,Q;R;K;L;D,"188,168,231,182,197",0.6609251499176025,0.01628710702061653,True
S;I;E;Q;T,Q;R;K;L;V,"188,168,231,182,198",0.6593626737594604,0.0162810068577528,False
S;I;E;Q;A,Q;R;K;L;M,"188,168,231,182,135",0.6609251499176025,0.01628555729985237,True
S;I;E;Q;I,Q;R;K;L;L,"188,168,231,182,111",0.6609251499176025,0.016288679093122482,True
S;I;E;Q;G,Q;R;K;L;S,"188,168,231,182,243",0.6609251499176025,0.01630091853439808,True
S;I;E;Q;Q,Q;R;K;L;L,"188,168,231,182,127",0.6609251499176025,0.016538701951503754,True
S;I;E;Q;Q,Q;R;K;L;H,"188,168,231,182,127",0.6609251499176025,0.016313843429088593,True
S;I;E;Q;W,Q;R;K;L;I,"188,168,231,182,159",0.686424732208252,0.0241757333278656,True
S;I;E;Q;Q,Q;R;K;L;P,"188,168,231,182,127",0.6609251499176025,0.016259899362921715,True
S;I;E;Q;S,Q;R;K;L;N,"188,168,231,182,103",0.6609251499176025,0.01628555729985237,True
S;I;E;Q;A,Q;R;K;L;Y,"188,168,231,182,179",0.6609812378883362,0.0166163332760334,True
S;I;E;Q;W,Q;R;K;L;K,"188,168,231,182,257",0.6616899967193604,0.01630392111837864,True
S;I;E;Q;L,Q;R;K;L;M,"188,168,231,182,216",0.6609251499176025,0.01637793518602848,True
S;I;E;Q;Q,Q;R;K;L;E,"188,168,231,182,127",0.6609251499176025,0.016366632655262947,True
S;I;E;Q;G,Q;R;K;L;A,"188,168,231,182,243",0.6609251499176025,0.01629622094333172,True
S;I;E;Q;A,Q;R;K;L;N,"188,168,231,182,226",0.6609251499176025,0.016285937279462814,True
S;I;E;Q;L,Q;R;K;L;I,"188,168,231,182,216",0.6609251499176025,0.016282575204968452,True
S;I;E;Q;C,Q;R;K;L;L,"188,168,231,182,289",0.6609251499176025,0.01628555729985237,True
S;I;E;Q;S,Q;R;K;L;E,"188,168,231,182,207",0.6609251499176025,0.03173210844397545,True
S;I;E;Q;M,Q;R;K;L;L,"188,168,231,182,154",0.6609251499176025,0.0162859745323658,True
S;I;E;Q;M,Q;R;K;L;P,"188,168,231,182,222",0.6609251499176025,0.016285773366689682,True
S;I;E;Q;G,Q;R;K;L;T,"188,168,231,182,251",0.6609251499176025,0.016308559104800224,True
S;I;E;Q;P,Q;R;K;L;L,"188,168,231,182,38",0.6609251499176025,0.01628555729985237,True
S;I;E;Q;L,Q;R;K;L;W,"188,168,231,182,216",0.6609251499176025,0.016694137826561928,True
S;I;E;Q;T,Q;R;K;L;L,"188,168,231,182,72",0.6609251499176025,0.01628555729985237,True
S;I;E;Q;S,Q;R;K;L;P,"188,168,231,182,245",0.6609251499176025,0.016302699223160744,True
S;I;E;Q;I,Q;R;K;L;W,"188,168,231,182,111",0.6609251499176025,0.016532521694898605,True
S;I;E;Q;L,Q;R;K;L;D,"188,168,231,182,249",0.6609251499176025,0.01632118411362171,True
S;I;E;Q;D,Q;R;K;L;K,"188,168,231,182,263",0.6609251499176025,0.01628555729985237,True
S;I;E;Q;T,Q;R;K;L;M,"188,168,231,182,51",0.6609251499176025,0.01628555729985237,True
S;I;E;Q;L,Q;R;K;L;E,"188,168,231,182,216",0.6609251499176025,0.017167918384075165,True
S;I;E;Q;S,Q;R;K;L;T,"188,168,231,182,121",0.6609251499176025,0.01629204861819744,True
S;I;E;Q;I,Q;R;K;L;H,"188,168,231,182,145",0.6609251499176025,0.01628555729985237,True
S;I;E;Q;I,Q;R;K;L;L,"188,168,231,182,145",0.6609251499176025,0.01628555729985237,True
S;I;E;Q;H,Q;R;K;L;M,"188,168,231,182,104",0.6609251499176025,0.01628555729985237,True
S;I;E;Q;R,Q;R;K;L;P,"188,168,231,182,280",0.6609251499176025,0.016321681439876556,True
S;I;E;Q;L,Q;R;K;L;F,"188,168,231,182,216",0.6609251499176025,0.01634840853512287,True
S;I;E;Q;S,Q;R;K;L;D,"188,168,231,182,103",0.6609251499176025,0.01628555729985237,True
S;I;E;Q;I,Q;R;K;L;V,"188,168,231,182,200",0.658065915107727,0.0161705631762743,False
S;I;E;Q;T,Q;R;K;L;K,"188,168,231,182,88",0.6609251499176025,0.01633526384830475,True
S;I;E;Q;N,Q;R;K;L;K,"188,168,231,182,138",0.6609251499176025,0.01628555729985237,True
S;I;E;Q;A,Q;R;K;L;L,"188,168,231,182,65",0.6609251499176025,0.016285372897982597,True
S;I;E;Q;Q,Q;R;K;L;T,"188,168,231,182,91",0.6609251499176025,0.01631980761885643,True
S;I;E;Q;G,Q;R;K;L;D,"188,168,231,182,163",0.6523596048355103,0.026845794171094894,False
S;I;E;Q;A,Q;R;K;L;M,"188,168,231,182,65",0.6609251499176025,0.016285447403788567,True
S;I;E;Q;K,Q;R;K;L;L,"188,168,231,182,252",0.6609251499176025,0.016282128170132637,True
S;I;E;Q;V,Q;R;K;L;D,"188,168,231,182,57",0.6609251499176025,0.01628555729985237,True
S;I;E;Q;Q,Q;R;K;L;V,"188,168,231,182,127",0.6609251499176025,0.016504745930433273,True
S;I;E;Q;V,Q;R;K;L;C,"188,168,231,182,281",0.6609251499176025,0.01629926636815071,True
S;I;E;Q;T,Q;R;K;L;V,"188,168,231,182,72",0.6609251499176025,0.01628555729985237,True
S;I;E;Q;Q,Q;R;K;L;N,"188,168,231,182,133",0.6609251499176025,0.01628555729985237,True
S;I;E;Q;R,Q;R;K;L;K,"188,168,231,182,53",0.6609251499176025,0.01628555729985237,True
S;I;E;Q;S,Q;R;K;L;P,"188,168,231,182,125",0.6609251499176025,0.016298795118927956,True
S;I;E;Q;T,Q;R;K;L;Q,"188,168,231,182,88",0.6609251499176025,0.01631239987909794,True
S;I;E;Q;N,Q;R;K;L;L,"188,168,231,182,138",0.6609251499176025,0.01628555729985237,True
S;I;E;Q;H,Q;R;K;L;R,"188,168,231,182,104",0.6609251499176025,0.01628555729985237,True
S;I;E;Q;W,Q;R;K;L;P,"188,168,231,182,159",0.6555073261260986,0.024656828492879868,False
S;I;E;Q;S,Q;R;K;L;Y,"188,168,231,182,242",0.6610877513885498,0.016587236896157265,True
S;I;E;Q;A,Q;R;K;L;F,"188,168,231,182,65",0.6609251499176025,0.016285616904497147,True
S;I;E;Q;G,Q;R;K;L;H,"188,168,231,182,251",0.6609251499176025,0.016327204182744026,True
S;I;E;Q;L,Q;R;K;L;P,"188,168,231,182,216",0.6609251499176025,0.01664477400481701,True
S;I;E;Q;S,Q;R;K;L;W,"188,168,231,182,58",0.6609251499176025,0.01628555729985237,True
S;I;E;Q;A,Q;R;K;L;E,"188,168,231,182,152",0.6609251499176025,0.01628555729985237,True
S;I;E;Q;T,Q;R;K;L;N,"188,168,231,182,88",0.6609251499176025,0.01630668342113495,True
S;I;E;Q;T,Q;R;K;L;N,"188,168,231,182,198",0.6618510484695435,0.01630968041718006,True
S;I;E;Q;S,Q;R;K;L;K,"188,168,231,182,58",0.6609251499176025,0.01628555729985237,True
S;I;E;Q;L,Q;R;K;L;C,"188,168,231,182,249",0.6609251499176025,0.016284922137856483,True
S;I;E;Q;N,Q;R;K;L;T,"188,168,231,182,190",0.6609251499176025,0.016286468133330345,True
S;I;E;Q;S,Q;R;K;L;V,"188,168,231,182,223",0.6609251499176025,0.01628555729985237,True
S;I;E;Q;A,Q;R;K;L;W,"188,168,231,182,65",0.6609251499176025,0.016286678612232208,True
S;I;E;Q;K,Q;R;K;L;Y,"188,168,231,182,253",0.6609251499176025,0.016292860731482506,True
S;I;E;Q;R,Q;R;K;L;S,"188,168,231,182,90",0.6609251499176025,0.016767725348472595,True
S;I;E;Q;T,Q;R;K;L;M,"188,168,231,182,29",0.6609251499176025,0.01628555729985237,True
S;I;E;Q;M,Q;R;K;L;L,"188,168,231,182,262",0.6609251499176025,0.01628555729985237,True
S;I;E;Q;A,Q;R;K;L;L,"188,168,231,182,272",0.6609251499176025,0.01628555729985237,True
S;I;E;Q;R,Q;R;K;L;N,"188,168,231,182,90",0.6609251499176025,0.016533425077795982,True
S;I;E;Q;R,Q;R;K;L;T,"188,168,231,182,90",0.6609251499176025,0.016566835343837738,True
S;I;E;Q;G,Q;R;K;L;T,"188,168,231,182,254",0.660990834236145,0.01629463955760002,True
S;I;E;Q;R,Q;R;K;L;P,"188,168,231,182,90",0.6609251499176025,0.016950787976384163,True
S;I;E;Q;N,Q;R;K;L;Y,"188,168,231,182,37",0.6609251499176025,0.01628555729985237,True
S;I;E;Q;R,Q;R;K;L;A,"188,168,231,182,90",0.6609251499176025,0.016667980700731277,True
S;I;E;Q;K,Q;R;K;L;F,"188,168,231,182,253",0.6609251499176025,0.016284553334116936,True
S;I;E;Q;Y,Q;R;K;L;S,"188,168,231,182,63",0.6609251499176025,0.016283472999930382,True
S;I;E;Q;Q,Q;R;K;L;M,"188,168,231,182,127",0.6609251499176025,0.01648811437189579,True
S;I;E;Q;K,Q;R;K;L;A,"188,168,231,182,253",0.6609251499176025,0.016276005655527115,True
S;I;E;Q;K,Q;R;K;L;V,"188,168,231,182,253",0.6609251499176025,0.016275901347398758,True
S;I;E;Q;R,Q;R;K;L;D,"188,168,231,182,90",0.6609251499176025,0.017024673521518707,True
S;I;E;Q;Q,Q;R;K;L;A,"188,168,231,182,127",0.6609251499176025,0.016240544617176056,True
S;I;E;Q;Y,Q;R;K;L;T,"188,168,231,182,63",0.6609251499176025,0.016283618286252022,True
S;I;E;Q;K,Q;R;K;L;L,"188,168,231,182,253",0.6609251499176025,0.01627836748957634,True
S;I;E;Q;C,Q;R;K;L;S,"188,168,231,182,289",0.6609251499176025,0.01628555729985237,True
S;I;E;Q;Y,Q;R;K;L;G,"188,168,231,182,63",0.6609251499176025,0.016283297911286354,True
S;I;E;Q;M,Q;R;K;L;V,"188,168,231,182,154",0.6609251499176025,0.016286034137010574,True
S;I;E;Q;Q,Q;R;K;L;T,"188,168,231,182,127",0.6609251499176025,0.016240203753113747,True
S;I;E;Q;A,Q;R;K;L;D,"188,168,231,182,226",0.6609251499176025,0.016286157071590424,True
S;I;E;Q;C,Q;R;K;L;A,"188,168,231,182,289",0.6609251499176025,0.01628555729985237,True
S;I;E;Q;R,Q;R;K;L;Q,"188,168,231,182,224",0.6609251499176025,0.01628555729985237,True
S;I;E;Q;N,Q;R;K;L;K,"188,168,231,182,233",0.6609251499176025,0.016351368278265,True
S;I;E;Q;S,Q;R;K;L;E,"188,168,231,182,136",0.6609251499176025,0.01628555729985237,True
S;I;E;Q;D,Q;R;K;L;N,"188,168,231,182,186",0.6613454818725586,0.019163982942700386,True
S;I;E;Q;R,Q;R;K;L;A,"188,168,231,182,280",0.6609251499176025,0.016298972070217133,True
S;I;E;Q;S,Q;R;K;L;F,"188,168,231,182,238",0.6626368165016174,0.028986942023038864,True
S;I;E;Q;S,Q;R;K;L;H,"188,168,231,182,214",0.6608700752258301,0.02196446806192398,False
S;I;E;Q;L,Q;R;K;L;F,"188,168,231,182,117",0.6609251499176025,0.01629435084760189,True
S;I;E;Q;Q,Q;R;K;L;Y,"188,168,231,182,119",0.6609251499176025,0.016376037150621414,True
S;I;E;Q;G,Q;R;K;L;A,"188,168,231,182,165",0.6601221561431885,0.022398341447114944,False
S;I;E;Q;S,Q;R;K;L;E,"188,168,231,182,121",0.6609251499176025,0.016439788043498993,True
S;I;E;Q;N,Q;R;K;L;H,"188,168,231,182,205",0.6609251499176025,0.020840926095843315,True
S;I;E;Q;S,Q;R;K;L;Y,"188,168,231,182,269",0.6609251499176025,0.01628555729985237,True
S;I;E;Q;S,Q;R;K;L;T,"188,168,231,182,214",0.6609190702438354,0.018018119037151337,False
S;I;E;Q;I,Q;R;K;L;R,"188,168,231,182,218",0.6609251499176025,0.01654854416847229,True
S;I;E;Q;P,Q;R;K;L;K,"188,168,231,182,120",0.661268949508667,0.02582179754972458,True
S;I;E;Q;M,Q;R;K;L;H,"188,168,231,182,161",0.6618697643280029,0.022218436002731323,True
S;I;E;Q;N,Q;R;K;L;K,"188,168,231,182,114",0.6609251499176025,0.016285715624690056,True
S;I;E;Q;P,Q;R;K;L;V,"188,168,231,182,184",0.65118008852005,0.03186744824051857,False
S;I;E;Q;W,Q;R;K;L;P,"188,168,231,182,185",0.6611541509628296,0.025798171758651733,True
S;I;E;Q;S,Q;R;K;L;H,"188,168,231,182,187",0.6609251499176025,0.01631852611899376,True
S;I;E;Q;T,Q;R;K;L;Y,"188,168,231,182,189",0.6609251499176025,0.016435761004686356,True
S;I;E;Q;F,Q;R;K;L;M,"188,168,231,182,191",0.6609251499176025,0.016283439472317696,True
S;I;E;N;S,Q;R;K;K;N,"188,168,231,114,124",0.005138039588928223,0.0003839842102024704,False
S;I;E;N;G,Q;R;K;K;Q,"188,168,231,114,243",0.0035869479179382324,0.00032473166356794536,False
S;I;E;N;G,Q;R;K;K;L,"188,168,231,114,243",0.0035869479179382324,0.00034377185511402786,False
S;I;E;N;T,Q;R;K;K;E,"188,168,231,114,270",0.0035869479179382324,0.00027581147151067853,False
S;I;E;N;R,Q;R;K;K;V,"188,168,231,114,34",0.0035869479179382324,0.00027581147151067853,False
S;I;E;N;G,Q;R;K;K;K,"188,168,231,114,243",0.0035869479179382324,0.00028521931380964816,False
S;I;E;N;D,Q;R;K;K;Q,"188,168,231,114,220",0.0035869479179382324,0.00027562989271245897,False
S;I;E;N;S,Q;R;K;K;K,"188,168,231,114,124",0.008953869342803955,0.0005565479514189065,False
S;I;E;N;F,Q;R;K;K;E,"188,168,231,114,271",0.0035869479179382324,0.00027581147151067853,False
S;I;E;N;G,Q;R;K;K;Q,"188,168,231,114,164",0.19880133867263794,0.00545200752094388,False
S;I;E;N;A,Q;R;K;K;D,"188,168,231,114,130",0.0036547183990478516,0.0002843224792741239,False
S;I;E;N;W,Q;R;K;K;C,"188,168,231,114,257",0.0035869479179382324,0.00027436987147666514,False
S;I;E;N;Q,Q;R;K;K;N,"188,168,231,114,127",0.003568708896636963,0.00027223798679187894,False
S;I;E;N;Q,Q;R;K;K;R,"188,168,231,114,127",0.007813036441802979,0.0003981992194894701,False
S;I;E;N;S,Q;R;K;K;M,"188,168,231,114,238",0.39181089401245117,0.009693370200693607,False
S;I;E;N;F,Q;R;K;K;M,"188,168,231,114,271",0.0035869479179382324,0.00027581147151067853,False
S;I;E;N;S,Q;R;K;K;A,"188,168,231,114,124",0.0029839277267456055,0.00024237744219135493,False
S;I;E;N;G,Q;R;K;K;I,"188,168,231,114,243",0.0035869479179382324,0.0003528983215801418,False
S;I;E;N;Q,Q;R;K;K;I,"188,168,231,114,127",0.008462071418762207,0.0006100230384618044,False
S;I;E;N;A,Q;R;K;K;V,"188,168,231,114,65",0.0035869479179382324,0.0002758502960205078,False
S;I;E;N;Q,Q;R;K;K;E,"188,168,231,114,133",0.0035869479179382324,0.00027581147151067853,False
S;I;E;N;S,Q;R;K;K;T,"188,168,231,114,124",0.004117429256439209,0.00030870214686729014,False
S;I;E;N;Q,Q;R;K;K;K,"188,168,231,114,127",0.004709422588348389,0.0003300461685284972,False
S;I;E;N;Q,Q;R;K;K;W,"188,168,231,114,133",0.0035869479179382324,0.00027581147151067853,False
S;I;E;N;D,Q;R;K;K;L,"188,168,231,114,220",0.0035869479179382324,0.0002777451591100544,False
S;I;E;N;T,Q;R;K;K;D,"188,168,231,114,88",0.0035869479179382324,0.0004628869064617902,False
S;I;E;N;R,Q;R;K;K;N,"188,168,231,114,132",0.0035869479179382324,0.00027581147151067853,False
S;I;E;N;Q,Q;R;K;K;D,"188,168,231,114,127",0.0036133527755737305,0.0002603170578368008,False
S;I;E;N;A,Q;R;K;K;Y,"188,168,231,114,215",0.5183173418045044,0.013137775473296642,False
S;I;E;N;L,Q;R;K;K;K,"188,168,231,114,249",0.0035869479179382324,0.0002757865295279771,False
S;I;E;N;R,Q;R;K;K;Y,"188,168,231,114,123",0.003749370574951172,0.00044640552368946373,False
S;I;E;N;F,Q;R;K;K;W,"188,168,231,114,271",0.0035869479179382324,0.00027581147151067853,False
S;I;E;N;S,Q;R;K;K;D,"188,168,231,114,58",0.0035869479179382324,0.00027581147151067853,False
S;I;E;N;N,Q;R;K;K;I,"188,168,231,114,37",0.0035869479179382324,0.00027581147151067853,False
S;I;E;N;C,Q;R;K;K;D,"188,168,231,114,289",0.0035869479179382324,0.00027581147151067853,False
S;I;E;N;A,Q;R;K;K;P,"188,168,231,114,152",0.0035869479179382324,0.00027581147151067853,False
S;I;E;N;D,Q;R;K;K;V,"188,168,231,114,186",0.7245175838470459,0.017382076010107994,True
S;I;E;N;G,Q;R;K;K;P,"188,168,231,114,243",0.0035869479179382324,0.0002870130119845271,False
S;I;E;N;S,Q;R;K;K;E,"188,168,231,114,115",0.0036824941635131836,0.00027950419462285936,False
S;I;E;N;L,Q;R;K;K;Q,"188,168,231,114,216",0.007966876029968262,0.0006694114417769015,False
S;I;E;N;N,Q;R;K;K;P,"188,168,231,114,277",0.0035869479179382324,0.00027575186686590314,False
S;I;E;N;R,Q;R;K;K;Q,"188,168,231,114,132",0.0035869479179382324,0.00027581147151067853,False
S;I;E;N;N,Q;R;K;K;Y,"188,168,231,114,244",0.0035869479179382324,0.0005039309617131948,False
S;I;E;N;H,Q;R;K;K;T,"188,168,231,114,104",0.0035869479179382324,0.00027581147151067853,False
S;I;E;N;S,Q;R;K;K;V,"188,168,231,114,58",0.0035869479179382324,0.00027581147151067853,False
S;I;E;N;H,Q;R;K;K;L,"188,168,231,114,104",0.0035869479179382324,0.00027581147151067853,False
S;I;E;N;P,Q;R;K;K;Q,"188,168,231,114,38",0.0035869479179382324,0.00027581147151067853,False
S;I;E;N;R,Q;R;K;K;L,"188,168,231,114,53",0.0035869479179382324,0.00027581147151067853,False
S;I;E;N;A,Q;R;K;K;T,"188,168,231,114,180",0.0054740309715271,0.0003710694145411253,False
S;I;E;N;P,Q;R;K;K;D,"188,168,231,114,197",0.0035869479179382324,0.00027687326655723155,False
S;I;E;N;T,Q;R;K;K;V,"188,168,231,114,198",0.0035869479179382324,0.0002965386665891856,False
S;I;E;N;A,Q;R;K;K;M,"188,168,231,114,135",0.0035869479179382324,0.00027581147151067853,False
S;I;E;N;I,Q;R;K;K;L,"188,168,231,114,111",0.0035869479179382324,0.00027733485330827534,False
S;I;E;N;G,Q;R;K;K;S,"188,168,231,114,243",0.0035869479179382324,0.00028085432131774724,False
S;I;E;N;Q,Q;R;K;K;L,"188,168,231,114,127",0.0069942474365234375,0.000550505705177784,False
S;I;E;N;Q,Q;R;K;K;H,"188,168,231,114,127",0.0045288801193237305,0.00030683501972816885,False
S;I;E;N;W,Q;R;K;K;I,"188,168,231,114,159",0.28724175691604614,0.007520897313952446,False
S;I;E;N;Q,Q;R;K;K;P,"188,168,231,114,127",0.0035713911056518555,0.00024970187223516405,False
S;I;E;N;S,Q;R;K;K;N,"188,168,231,114,103",0.0035869479179382324,0.00027581147151067853,False
S;I;E;N;A,Q;R;K;K;Y,"188,168,231,114,179",0.013757705688476562,0.0005924521246924996,False
S;I;E;N;W,Q;R;K;K;K,"188,168,231,114,257",0.0035869479179382324,0.00027507683262228966,False
S;I;E;N;L,Q;R;K;K;M,"188,168,231,114,216",0.0035869479179382324,0.00035256979754194617,False
S;I;E;N;Q,Q;R;K;K;E,"188,168,231,114,127",0.00521928071975708,0.0003574615402612835,False
S;I;E;N;G,Q;R;K;K;A,"188,168,231,114,243",0.0035869479179382324,0.00028843380277976394,False
S;I;E;N;A,Q;R;K;K;N,"188,168,231,114,226",0.0035869479179382324,0.0002758406044449657,False
S;I;E;N;L,Q;R;K;K;I,"188,168,231,114,216",0.0035869479179382324,0.00027993114781565964,False
S;I;E;N;C,Q;R;K;K;L,"188,168,231,114,289",0.0035869479179382324,0.00027581147151067853,False
S;I;E;N;S,Q;R;K;K;E,"188,168,231,114,207",0.631908118724823,0.015686701983213425,False
S;I;E;N;M,Q;R;K;K;L,"188,168,231,114,154",0.0035869479179382324,0.000276382575975731,False
S;I;E;N;M,Q;R;K;K;P,"188,168,231,114,222",0.0035869479179382324,0.0002756603935267776,False
S;I;E;N;G,Q;R;K;K;T,"188,168,231,114,251",0.0035869479179382324,0.00027543582837097347,False
S;I;E;N;P,Q;R;K;K;L,"188,168,231,114,38",0.0035869479179382324,0.00027581147151067853,False
S;I;E;N;L,Q;R;K;K;W,"188,168,231,114,216",0.008044600486755371,0.0006513429107144475,False
S;I;E;N;T,Q;R;K;K;L,"188,168,231,114,72",0.0035869479179382324,0.00027581147151067853,False
S;I;E;N;S,Q;R;K;K;P,"188,168,231,114,245",0.0035869479179382324,0.00028250383911654353,False
S;I;E;N;I,Q;R;K;K;W,"188,168,231,114,111",0.0077204108238220215,0.0005108090117573738,False
S;I;E;N;L,Q;R;K;K;D,"188,168,231,114,249",0.0035869479179382324,0.0002758710761554539,False
S;I;E;N;D,Q;R;K;K;K,"188,168,231,114,263",0.0035869479179382324,0.00027581147151067853,False
S;I;E;N;T,Q;R;K;K;M,"188,168,231,114,51",0.0035869479179382324,0.00027581147151067853,False
S;I;E;N;L,Q;R;K;K;E,"188,168,231,114,216",0.018612921237945557,0.0011239565210416913,False
S;I;E;N;S,Q;R;K;K;T,"188,168,231,114,121",0.003816366195678711,0.0002832856262102723,False
S;I;E;N;I,Q;R;K;K;H,"188,168,231,114,145",0.0035869479179382324,0.00027581147151067853,False
S;I;E;N;I,Q;R;K;K;L,"188,168,231,114,145",0.0035869479179382324,0.00027581147151067853,False
S;I;E;N;H,Q;R;K;K;M,"188,168,231,114,104",0.0035869479179382324,0.00027581147151067853,False
S;I;E;N;R,Q;R;K;K;P,"188,168,231,114,280",0.0035869479179382324,0.00030566370696760714,False
S;I;E;N;L,Q;R;K;K;F,"188,168,231,114,216",0.0035869479179382324,0.0003313075576443225,False
S;I;E;N;S,Q;R;K;K;D,"188,168,231,114,103",0.0035869479179382324,0.00027581147151067853,False
S;I;E;N;I,Q;R;K;K;V,"188,168,231,114,200",0.0035869479179382324,0.00029363465728238225,False
S;I;E;N;T,Q;R;K;K;K,"188,168,231,114,88",0.0035869479179382324,0.0003260290832258761,False
S;I;E;N;N,Q;R;K;K;K,"188,168,231,114,138",0.0035869479179382324,0.00027581147151067853,False
S;I;E;N;A,Q;R;K;K;L,"188,168,231,114,65",0.0035869479179382324,0.00027599724126048386,False
S;I;E;N;Q,Q;R;K;K;T,"188,168,231,114,91",0.0035869479179382324,0.0003137297462671995,False
S;I;E;N;G,Q;R;K;K;D,"188,168,231,114,163",0.40762269496917725,0.011115914210677147,False
S;I;E;N;A,Q;R;K;K;M,"188,168,231,114,65",0.0035869479179382324,0.00027641167980618775,False
S;I;E;N;K,Q;R;K;K;L,"188,168,231,114,252",0.0035869479179382324,0.00027593763661570847,False
S;I;E;N;V,Q;R;K;K;D,"188,168,231,114,57",0.0035869479179382324,0.00027581147151067853,False
S;I;E;N;Q,Q;R;K;K;V,"188,168,231,114,127",0.007058858871459961,0.0005166239570826292,False
S;I;E;N;V,Q;R;K;K;C,"188,168,231,114,281",0.0035869479179382324,0.0002853745536413044,False
S;I;E;N;T,Q;R;K;K;V,"188,168,231,114,72",0.0035869479179382324,0.00027581147151067853,False
S;I;E;N;Q,Q;R;K;K;N,"188,168,231,114,133",0.0035869479179382324,0.00027581147151067853,False
S;I;E;N;R,Q;R;K;K;K,"188,168,231,114,53",0.0035869479179382324,0.00027581147151067853,False
S;I;E;N;S,Q;R;K;K;P,"188,168,231,114,125",0.0036337971687316895,0.0002885959984268993,False
S;I;E;N;T,Q;R;K;K;Q,"188,168,231,114,88",0.0035869479179382324,0.00030021334532648325,False
S;I;E;N;N,Q;R;K;K;L,"188,168,231,114,138",0.0035869479179382324,0.00027581147151067853,False
S;I;E;N;H,Q;R;K;K;R,"188,168,231,114,104",0.0035869479179382324,0.00027581147151067853,False
S;I;E;N;W,Q;R;K;K;P,"188,168,231,114,159",0.3329750895500183,0.009083927609026432,False
S;I;E;N;S,Q;R;K;K;Y,"188,168,231,114,242",0.0035869479179382324,0.0003695086052175611,False
S;I;E;N;A,Q;R;K;K;F,"188,168,231,114,65",0.0035869479179382324,0.00027672495343722403,False
S;I;E;N;G,Q;R;K;K;H,"188,168,231,114,251",0.0035869479179382324,0.0002761219802778214,False
S;I;E;N;L,Q;R;K;K;P,"188,168,231,114,216",0.005797863006591797,0.0006014053360559046,False
S;I;E;N;S,Q;R;K;K;W,"188,168,231,114,58",0.0035869479179382324,0.00027581147151067853,False
S;I;E;N;A,Q;R;K;K;E,"188,168,231,114,152",0.0035869479179382324,0.00027581147151067853,False
S;I;E;N;T,Q;R;K;K;N,"188,168,231,114,88",0.0035869479179382324,0.000292635231744498,False
S;I;E;N;T,Q;R;K;K;N,"188,168,231,114,198",0.0035869479179382324,0.00028021252364851534,False
S;I;E;N;S,Q;R;K;K;K,"188,168,231,114,58",0.0035869479179382324,0.00027581147151067853,False
S;I;E;N;L,Q;R;K;K;C,"188,168,231,114,249",0.0035869479179382324,0.00027587663498707116,False
S;I;E;N;N,Q;R;K;K;T,"188,168,231,114,190",0.0035869479179382324,0.00027560078888200223,False
S;I;E;N;S,Q;R;K;K;V,"188,168,231,114,223",0.0035869479179382324,0.00027581147151067853,False
S;I;E;N;A,Q;R;K;K;W,"188,168,231,114,65",0.0035869479179382324,0.000278483988950029,False
S;I;E;N;K,Q;R;K;K;Y,"188,168,231,114,253",0.0035869479179382324,0.00027565762866288424,False
S;I;E;N;R,Q;R;K;K;S,"188,168,231,114,90",0.008243739604949951,0.0007458204636350274,False
S;I;E;N;T,Q;R;K;K;M,"188,168,231,114,29",0.0035869479179382324,0.00027581147151067853,False
S;I;E;N;M,Q;R;K;K;L,"188,168,231,114,262",0.0035869479179382324,0.00027581147151067853,False
S;I;E;N;A,Q;R;K;K;L,"188,168,231,114,272",0.0035869479179382324,0.00027581147151067853,False
S;I;E;N;R,Q;R;K;K;N,"188,168,231,114,90",0.004311025142669678,0.0005100882262922823,False
S;I;E;N;R,Q;R;K;K;T,"188,168,231,114,90",0.004466652870178223,0.0005497377715073526,False
S;I;E;N;G,Q;R;K;K;T,"188,168,231,114,254",0.0035869479179382324,0.0002760720672085881,False
S;I;E;N;R,Q;R;K;K;P,"188,168,231,114,90",0.012117266654968262,0.0009222834487445652,False
S;I;E;N;N,Q;R;K;K;Y,"188,168,231,114,37",0.0035869479179382324,0.00027581147151067853,False
S;I;E;N;Q,Q;R;K;K;I,"188,168,231,114,182",0.8230366110801697,0.020204506814479828,True
S;I;E;N;R,Q;R;K;K;A,"188,168,231,114,90",0.006043195724487305,0.0006562554626725614,False
S;I;E;N;K,Q;R;K;K;F,"188,168,231,114,253",0.0035869479179382324,0.00027585585485212505,False
S;I;E;N;Y,Q;R;K;K;S,"188,168,231,114,63",0.0035869479179382324,0.000272624718490988,False
S;I;E;N;Q,Q;R;K;K;M,"188,168,231,114,127",0.005977749824523926,0.0004951648879796267,False
S;I;E;N;K,Q;R;K;K;A,"188,168,231,114,253",0.0035869479179382324,0.00027619823231361806,False
S;I;E;N;K,Q;R;K;K;V,"188,168,231,114,253",0.0035869479179382324,0.0002762231742963195,False
S;I;E;N;Q,Q;R;K;K;F,"188,168,231,114,182",0.4516720771789551,0.011556046083569527,False
S;I;E;N;R,Q;R;K;K;D,"188,168,231,114,90",0.014555573463439941,0.0009825811721384525,False
S;I;E;N;Q,Q;R;K;K;A,"188,168,231,114,127",0.0035511255264282227,0.00023971186601556838,False
S;I;E;N;Y,Q;R;K;K;T,"188,168,231,114,63",0.0035869479179382324,0.00027296016924083233,False
S;I;E;N;Q,Q;R;K;K;V,"188,168,231,114,182",0.7866536378860474,0.019180718809366226,True
S;I;E;N;K,Q;R;K;K;L,"188,168,231,114,253",0.0035869479179382324,0.00027609840617515147,False
S;I;E;N;C,Q;R;K;K;S,"188,168,231,114,289",0.0035869479179382324,0.00027581147151067853,False
S;I;E;N;Y,Q;R;K;K;G,"188,168,231,114,63",0.0035869479179382324,0.00027205224614590406,False
S;I;E;N;M,Q;R;K;K;V,"188,168,231,114,154",0.0035869479179382324,0.00027646851958706975,False
S;I;E;N;Q,Q;R;K;K;T,"188,168,231,114,127",0.0035657882690429688,0.00023360723571386188,False
S;I;E;N;A,Q;R;K;K;D,"188,168,231,114,226",0.0035869479179382324,0.00027589741512201726,False
S;I;E;N;C,Q;R;K;K;A,"188,168,231,114,289",0.0035869479179382324,0.00027581147151067853,False
S;I;E;N;R,Q;R;K;K;Q,"188,168,231,114,224",0.0035869479179382324,0.00027581147151067853,False
S;I;E;N;N,Q;R;K;K;K,"188,168,231,114,233",0.0035869479179382324,0.000356765667675063,False
S;I;E;N;S,Q;R;K;K;E,"188,168,231,114,136",0.0035869479179382324,0.00027581147151067853,False
S;I;E;N;D,Q;R;K;K;N,"188,168,231,114,186",0.1234825849533081,0.003183905500918627,False
S;I;E;N;R,Q;R;K;K;A,"188,168,231,114,280",0.0035869479179382324,0.00028666923753917217,False
S;I;E;N;S,Q;R;K;K;F,"188,168,231,114,238",0.4968028664588928,0.012357166968286037,False
S;I;E;N;S,Q;R;K;K;H,"188,168,231,114,214",0.23816096782684326,0.005928915459662676,False
S;I;E;N;L,Q;R;K;K;F,"188,168,231,114,117",0.0036715269088745117,0.00028389276121743023,False
S;I;E;N;Q,Q;R;K;K;Y,"188,168,231,114,119",0.004456937313079834,0.0003706840507220477,False
S;I;E;N;G,Q;R;K;K;A,"188,168,231,114,165",0.2501830458641052,0.006306192371994257,False
S;I;E;N;S,Q;R;K;K;E,"188,168,231,114,121",0.007816314697265625,0.00042391932220198214,False
S;I;E;N;N,Q;R;K;K;H,"188,168,231,114,205",0.19407141208648682,0.004841197282075882,False
S;I;E;N;S,Q;R;K;K;Y,"188,168,231,114,269",0.0035869479179382324,0.00027581147151067853,False
S;I;E;N;S,Q;R;K;K;T,"188,168,231,114,214",0.0719062089920044,0.001974098850041628,False
S;I;E;N;I,Q;R;K;K;R,"188,168,231,114,218",0.007055699825286865,0.000518364948220551,False
S;I;E;N;P,Q;R;K;K;K,"188,168,231,114,120",0.4107285141944885,0.00981501117348671,False
S;I;E;N;M,Q;R;K;K;H,"188,168,231,114,161",0.25183677673339844,0.006370692979544401,False
S;I;E;N;P,Q;R;K;K;V,"188,168,231,114,184",0.57061767578125,0.015405271202325821,False
S;I;E;N;W,Q;R;K;K;P,"188,168,231,114,185",0.3727046847343445,0.01003960706293583,False
S;I;E;N;S,Q;R;K;K;H,"188,168,231,114,187",0.0036171674728393555,0.00030973347020335495,False
S;I;E;N;T,Q;R;K;K;Y,"188,168,231,114,189",0.0036377906799316406,0.0004394151328597218,False
S;I;E;N;F,Q;R;K;K;M,"188,168,231,114,191",0.003566920757293701,0.00027389859315007925,False
S;I;E;S;S,Q;R;K;E;N,"188,168,231,136,124",0.005138039588928223,0.00038434044108726084,False
S;I;E;S;G,Q;R;K;E;Q,"188,168,231,136,243",0.003600001335144043,0.0003250241279602051,False
S;I;E;S;G,Q;R;K;E;L,"188,168,231,136,243",0.003600001335144043,0.00034406434861011803,False
S;I;E;S;T,Q;R;K;E;E,"188,168,231,136,270",0.003600001335144043,0.0002761039650067687,False
S;I;E;S;R,Q;R;K;E;V,"188,168,231,136,34",0.003600001335144043,0.0002761039650067687,False
S;I;E;S;G,Q;R;K;E;K,"188,168,231,136,243",0.003600001335144043,0.00028551180730573833,False
S;I;E;S;D,Q;R;K;E;Q,"188,168,231,136,220",0.003600001335144043,0.00027592238620854914,False
S;I;E;S;S,Q;R;K;E;K,"188,168,231,136,124",0.008953869342803955,0.0005573824164457619,False
S;I;E;S;F,Q;R;K;E;E,"188,168,231,136,271",0.003600001335144043,0.0002761039650067687,False
S;I;E;S;G,Q;R;K;E;Q,"188,168,231,136,164",0.19880133867263794,0.005451841279864311,False
S;I;E;S;A,Q;R;K;E;D,"188,168,231,136,130",0.0036547183990478516,0.0002848256553988904,False
S;I;E;S;W,Q;R;K;E;C,"188,168,231,136,257",0.003600001335144043,0.0002746623649727553,False
S;I;E;S;Q,Q;R;K;E;N,"188,168,231,136,127",0.003581523895263672,0.00027199817122891545,False
S;I;E;S;Q,Q;R;K;E;R,"188,168,231,136,127",0.007813036441802979,0.00039852081681601703,False
S;I;E;S;S,Q;R;K;E;M,"188,168,231,136,238",0.39181089401245117,0.009693662635982037,False
S;I;E;S;F,Q;R;K;E;M,"188,168,231,136,271",0.003600001335144043,0.0002761039650067687,False
S;I;E;S;S,Q;R;K;E;A,"188,168,231,136,124",0.0029839277267456055,0.0002427544677630067,False
S;I;E;S;G,Q;R;K;E;I,"188,168,231,136,243",0.003600001335144043,0.0003531907859724015,False
S;I;E;S;Q,Q;R;K;E;I,"188,168,231,136,127",0.008619904518127441,0.0006141260382719338,False
S;I;E;S;A,Q;R;K;E;V,"188,168,231,136,65",0.003600001335144043,0.00027629247051663697,False
S;I;E;S;Q,Q;R;K;E;E,"188,168,231,136,133",0.003600001335144043,0.0002761039650067687,False
S;I;E;S;S,Q;R;K;E;T,"188,168,231,136,124",0.004117429256439209,0.0003091346297878772,False
S;I;E;S;Q,Q;R;K;E;K,"188,168,231,136,127",0.004709422588348389,0.0003297495422884822,False
S;I;E;S;Q,Q;R;K;E;W,"188,168,231,136,133",0.003600001335144043,0.0002761039650067687,False
S;I;E;S;D,Q;R;K;E;L,"188,168,231,136,220",0.003600001335144043,0.00027803765260614455,False
S;I;E;S;T,Q;R;K;E;D,"188,168,231,136,88",0.003600001335144043,0.0004610599426086992,False
S;I;E;S;R,Q;R;K;E;N,"188,168,231,136,132",0.003600001335144043,0.0002761039650067687,False
S;I;E;S;Q,Q;R;K;E;D,"188,168,231,136,127",0.003627300262451172,0.00026096298824995756,False
S;I;E;S;A,Q;R;K;E;Y,"188,168,231,136,215",0.5183173418045044,0.013138067908585072,False
S;I;E;S;L,Q;R;K;E;K,"188,168,231,136,249",0.003600001335144043,0.0002760790230240673,False
S;I;E;S;R,Q;R;K;E;Y,"188,168,231,136,123",0.003749370574951172,0.0004491487343329936,False
S;I;E;S;F,Q;R;K;E;W,"188,168,231,136,271",0.003600001335144043,0.0002761039650067687,False
S;I;E;S;S,Q;R;K;E;D,"188,168,231,136,58",0.003600001335144043,0.0002761039650067687,False
S;I;E;S;N,Q;R;K;E;I,"188,168,231,136,37",0.003600001335144043,0.0002761039650067687,False
S;I;E;S;C,Q;R;K;E;D,"188,168,231,136,289",0.003600001335144043,0.0002761039650067687,False
S;I;E;S;A,Q;R;K;E;P,"188,168,231,136,152",0.003600001335144043,0.0002761039650067687,False
S;I;E;S;D,Q;R;K;E;V,"188,168,231,136,186",0.7245175838470459,0.017382444813847542,True
S;I;E;S;G,Q;R;K;E;P,"188,168,231,136,243",0.003600001335144043,0.00028730547637678683,False
S;I;E;S;S,Q;R;K;E;E,"188,168,231,136,115",0.0036984682083129883,0.0002806491684168577,False
S;I;E;S;L,Q;R;K;E;Q,"188,168,231,136,216",0.007966876029968262,0.0006697039352729917,False
S;I;E;S;N,Q;R;K;E;P,"188,168,231,136,277",0.003600001335144043,0.0002760443603619933,False
S;I;E;S;R,Q;R;K;E;Q,"188,168,231,136,132",0.003600001335144043,0.0002761039650067687,False
S;I;E;S;N,Q;R;K;E;Y,"188,168,231,136,244",0.003600001335144043,0.0005042233970016241,False
S;I;E;S;H,Q;R;K;E;T,"188,168,231,136,104",0.003600001335144043,0.0002761039650067687,False
S;I;E;S;S,Q;R;K;E;V,"188,168,231,136,58",0.003600001335144043,0.0002761039650067687,False
S;I;E;S;H,Q;R;K;E;L,"188,168,231,136,104",0.003600001335144043,0.0002761039650067687,False
S;I;E;S;P,Q;R;K;E;Q,"188,168,231,136,38",0.003600001335144043,0.0002761039650067687,False
S;I;E;S;R,Q;R;K;E;L,"188,168,231,136,53",0.003600001335144043,0.0002761039650067687,False
S;I;E;S;A,Q;R;K;E;T,"188,168,231,136,180",0.0054740309715271,0.000371464469935745,False
S;I;E;S;P,Q;R;K;E;D,"188,168,231,136,197",0.003600001335144043,0.0002771657600533217,False
S;I;E;S;T,Q;R;K;E;V,"188,168,231,136,198",0.003600001335144043,0.0002968311309814453,False
S;I;E;S;A,Q;R;K;E;M,"188,168,231,136,135",0.003600001335144043,0.0002761039650067687,False
S;I;E;S;I,Q;R;K;E;L,"188,168,231,136,111",0.003600001335144043,0.00027771745226345956,False
S;I;E;S;G,Q;R;K;E;S,"188,168,231,136,243",0.003600001335144043,0.00028114678571000695,False
S;I;E;S;Q,Q;R;K;E;L,"188,168,231,136,127",0.007138192653656006,0.000554271915461868,False
S;I;E;S;Q,Q;R;K;E;H,"188,168,231,136,127",0.0045288801193237305,0.0003072855179198086,False
S;I;E;S;W,Q;R;K;E;I,"188,168,231,136,159",0.28724175691604614,0.0075180185958743095,False
S;I;E;S;Q,Q;R;K;E;P,"188,168,231,136,127",0.0035839080810546875,0.0002499153488315642,False
S;I;E;S;S,Q;R;K;E;N,"188,168,231,136,103",0.003600001335144043,0.0002761039650067687,False
S;I;E;S;A,Q;R;K;E;Y,"188,168,231,136,179",0.013757705688476562,0.0005928610917180777,False
S;I;E;S;W,Q;R;K;E;K,"188,168,231,136,257",0.003600001335144043,0.0002753692970145494,False
S;I;E;S;L,Q;R;K;E;M,"188,168,231,136,216",0.003600001335144043,0.0003528622619342059,False
S;I;E;S;Q,Q;R;K;E;E,"188,168,231,136,127",0.00521928071975708,0.00035887124249711633,False
S;I;E;S;G,Q;R;K;E;A,"188,168,231,136,243",0.003600001335144043,0.0002887262962758541,False
S;I;E;S;A,Q;R;K;E;N,"188,168,231,136,226",0.003600001335144043,0.00027613306883722544,False
S;I;E;S;L,Q;R;K;E;I,"188,168,231,136,216",0.003600001335144043,0.00028022361220791936,False
S;I;E;S;C,Q;R;K;E;L,"188,168,231,136,289",0.003600001335144043,0.0002761039650067687,False
S;I;E;S;S,Q;R;K;E;E,"188,168,231,136,207",0.631908118724823,0.015686994418501854,False
S;I;E;S;M,Q;R;K;E;L,"188,168,231,136,154",0.003600001335144043,0.0002766750694718212,False
S;I;E;S;M,Q;R;K;E;P,"188,168,231,136,222",0.003600001335144043,0.00027595285791903734,False
S;I;E;S;G,Q;R;K;E;T,"188,168,231,136,251",0.003600001335144043,0.00027572832186706364,False
S;I;E;S;P,Q;R;K;E;L,"188,168,231,136,38",0.003600001335144043,0.0002761039650067687,False
S;I;E;S;L,Q;R;K;E;W,"188,168,231,136,216",0.008044600486755371,0.0006516354042105377,False
S;I;E;S;T,Q;R;K;E;L,"188,168,231,136,72",0.003600001335144043,0.0002761039650067687,False
S;I;E;S;S,Q;R;K;E;P,"188,168,231,136,245",0.003600001335144043,0.00028279630350880325,False
S;I;E;S;I,Q;R;K;E;W,"188,168,231,136,111",0.007856607437133789,0.0005150700453668833,False
S;I;E;S;L,Q;R;K;E;D,"188,168,231,136,249",0.003600001335144043,0.0002761635696515441,False
S;I;E;S;D,Q;R;K;E;K,"188,168,231,136,263",0.003600001335144043,0.0002761039650067687,False
S;I;E;S;T,Q;R;K;E;M,"188,168,231,136,51",0.003600001335144043,0.0002761039650067687,False
S;I;E;S;L,Q;R;K;E;E,"188,168,231,136,216",0.018612921237945557,0.0011242489563301206,False
S;I;E;S;S,Q;R;K;E;T,"188,168,231,136,121",0.003834366798400879,0.0002837195061147213,False
S;I;E;S;I,Q;R;K;E;H,"188,168,231,136,145",0.003600001335144043,0.0002761039650067687,False
S;I;E;S;I,Q;R;K;E;L,"188,168,231,136,145",0.003600001335144043,0.0002761039650067687,False
S;I;E;S;H,Q;R;K;E;M,"188,168,231,136,104",0.003600001335144043,0.0002761039650067687,False
S;I;E;S;R,Q;R;K;E;P,"188,168,231,136,280",0.003600001335144043,0.0003059562004636973,False
S;I;E;S;L,Q;R;K;E;F,"188,168,231,136,216",0.003600001335144043,0.0003316000511404127,False
S;I;E;S;S,Q;R;K;E;D,"188,168,231,136,103",0.003600001335144043,0.0002761039650067687,False
S;I;E;S;I,Q;R;K;E;V,"188,168,231,136,200",0.003600001335144043,0.0002939271507784724,False
S;I;E;S;T,Q;R;K;E;K,"188,168,231,136,88",0.003600001335144043,0.00032697722781449556,False
S;I;E;S;N,Q;R;K;E;K,"188,168,231,136,138",0.003600001335144043,0.0002761039650067687,False
S;I;E;S;A,Q;R;K;E;L,"188,168,231,136,65",0.003600001335144043,0.00027653644792735577,False
S;I;E;S;Q,Q;R;K;E;T,"188,168,231,136,91",0.003600001335144043,0.00031225071870721877,False
S;I;E;S;G,Q;R;K;E;D,"188,168,231,136,163",0.40762269496917725,0.011116365902125835,False
S;I;E;S;A,Q;R;K;E;M,"188,168,231,136,65",0.003600001335144043,0.00027710339054465294,False
S;I;E;S;K,Q;R;K;E;L,"188,168,231,136,252",0.003600001335144043,0.0002762301010079682,False
S;I;E;S;V,Q;R;K;E;D,"188,168,231,136,57",0.003600001335144043,0.0002761039650067687,False
S;I;E;S;Q,Q;R;K;E;V,"188,168,231,136,127",0.007202446460723877,0.0005203596665523946,False
S;I;E;S;V,Q;R;K;E;C,"188,168,231,136,281",0.003600001335144043,0.00028566704713739455,False
S;I;E;S;T,Q;R;K;E;V,"188,168,231,136,72",0.003600001335144043,0.0002761039650067687,False
S;I;E;S;Q,Q;R;K;E;N,"188,168,231,136,133",0.003600001335144043,0.0002761039650067687,False
S;I;E;S;R,Q;R;K;E;K,"188,168,231,136,53",0.003600001335144043,0.0002761039650067687,False
S;I;E;S;S,Q;R;K;E;P,"188,168,231,136,125",0.0036482810974121094,0.0002889466704800725,False
S;I;E;S;T,Q;R;K;E;Q,"188,168,231,136,88",0.003600001335144043,0.0003011351509485394,False
S;I;E;S;N,Q;R;K;E;L,"188,168,231,136,138",0.003600001335144043,0.0002761039650067687,False
S;I;E;S;H,Q;R;K;E;R,"188,168,231,136,104",0.003600001335144043,0.0002761039650067687,False
S;I;E;S;W,Q;R;K;E;P,"188,168,231,136,159",0.3329750895500183,0.009080509655177593,False
S;I;E;S;S,Q;R;K;E;Y,"188,168,231,136,242",0.003600001335144043,0.00037019059527665377,False
S;I;E;S;A,Q;R;K;E;F,"188,168,231,136,65",0.003600001335144043,0.00027750121080316603,False
S;I;E;S;G,Q;R;K;E;H,"188,168,231,136,251",0.003600001335144043,0.0002764144737739116,False
S;I;E;S;L,Q;R;K;E;P,"188,168,231,136,216",0.005797863006591797,0.0006016977713443339,False
S;I;E;S;S,Q;R;K;E;W,"188,168,231,136,58",0.003600001335144043,0.0002761039650067687,False
S;I;E;S;A,Q;R;K;E;E,"188,168,231,136,152",0.003600001335144043,0.0002761039650067687,False
S;I;E;S;T,Q;R;K;E;N,"188,168,231,136,88",0.003600001335144043,0.00029262277530506253,False
S;I;E;S;T,Q;R;K;E;N,"188,168,231,136,198",0.003600001335144043,0.0002805050171446055,False
S;I;E;S;S,Q;R;K;E;K,"188,168,231,136,58",0.003600001335144043,0.0002761039650067687,False
S;I;E;S;L,Q;R;K;E;C,"188,168,231,136,249",0.003600001335144043,0.0002761690993793309,False
S;I;E;S;N,Q;R;K;E;T,"188,168,231,136,190",0.003600001335144043,0.00027589325327426195,False
S;I;E;S;S,Q;R;K;E;V,"188,168,231,136,223",0.003600001335144043,0.0002761039650067687,False
S;I;E;S;A,Q;R;K;E;W,"188,168,231,136,65",0.003600001335144043,0.00027956103440374136,False
S;I;E;S;K,Q;R;K;E;Y,"188,168,231,136,253",0.003600001335144043,0.00027595009305514395,False
S;I;E;S;R,Q;R;K;E;S,"188,168,231,136,90",0.008243739604949951,0.0007390532409772277,False
S;I;E;S;T,Q;R;K;E;M,"188,168,231,136,29",0.003600001335144043,0.0002761039650067687,False
S;I;E;S;M,Q;R;K;E;L,"188,168,231,136,262",0.003600001335144043,0.0002761039650067687,False
S;I;E;S;A,Q;R;K;E;L,"188,168,231,136,272",0.003600001335144043,0.0002761039650067687,False
S;I;E;S;R,Q;R;K;E;N,"188,168,231,136,90",0.004311025142669678,0.0005057661910541356,False
S;I;E;S;R,Q;R;K;E;T,"188,168,231,136,90",0.004466652870178223,0.0005449402960948646,False
S;I;E;S;G,Q;R;K;E;T,"188,168,231,136,254",0.003600001335144043,0.0002763645607046783,False
S;I;E;S;R,Q;R;K;E;P,"188,168,231,136,90",0.012117266654968262,0.0009146402007900178,False
S;I;E;S;N,Q;R;K;E;Y,"188,168,231,136,37",0.003600001335144043,0.0002761039650067687,False
S;I;E;S;Q,Q;R;K;E;I,"188,168,231,136,182",0.8230366110801697,0.020204298198223114,True
S;I;E;S;R,Q;R;K;E;A,"188,168,231,136,90",0.0059661865234375,0.0006503241020254791,False
S;I;E;S;K,Q;R;K;E;F,"188,168,231,136,253",0.003600001335144043,0.00027614831924438477,False
S;I;E;S;Y,Q;R;K;E;S,"188,168,231,136,63",0.003600001335144043,0.0002723668876569718,False
S;I;E;S;Q,Q;R;K;E;M,"188,168,231,136,127",0.005977749824523926,0.0004983211401849985,False
S;I;E;S;K,Q;R;K;E;A,"188,168,231,136,253",0.003600001335144043,0.0002764906967058778,False
S;I;E;S;K,Q;R;K;E;V,"188,168,231,136,253",0.003600001335144043,0.0002765156386885792,False
S;I;E;S;Q,Q;R;K;E;F,"188,168,231,136,182",0.4516720771789551,0.011556006968021393,False
S;I;E;S;R,Q;R;K;E;D,"188,168,231,136,90",0.014555573463439941,0.0009770130272954702,False
S;I;E;S;Q,Q;R;K;E;A,"188,168,231,136,127",0.0035622119903564453,0.00024131425016094,False
S;I;E;S;Y,Q;R;K;E;T,"188,168,231,136,63",0.003600001335144043,0.0002728035324253142,False
S;I;E;S;Q,Q;R;K;E;V,"188,168,231,136,182",0.7866536378860474,0.019180510193109512,True
S;I;E;S;K,Q;R;K;E;L,"188,168,231,136,253",0.003600001335144043,0.00027639089967124164,False
S;I;E;S;C,Q;R;K;E;S,"188,168,231,136,289",0.003600001335144043,0.0002761039650067687,False
S;I;E;S;Y,Q;R;K;E;G,"188,168,231,136,63",0.003600001335144043,0.000271574012003839,False
S;I;E;S;M,Q;R;K;E;V,"188,168,231,136,154",0.003600001335144043,0.0002767610130831599,False
S;I;E;S;Q,Q;R;K;E;T,"188,168,231,136,127",0.0035776495933532715,0.0002342809020774439,False
S;I;E;S;A,Q;R;K;E;D,"188,168,231,136,226",0.003600001335144043,0.00027618990861810744,False
S;I;E;S;C,Q;R;K;E;A,"188,168,231,136,289",0.003600001335144043,0.0002761039650067687,False
S;I;E;S;R,Q;R;K;E;Q,"188,168,231,136,224",0.003600001335144043,0.0002761039650067687,False
S;I;E;S;N,Q;R;K;E;K,"188,168,231,136,233",0.003600001335144043,0.0003570581611711532,False
S;I;E;S;D,Q;R;K;E;N,"188,168,231,136,186",0.1234825849533081,0.003184017725288868,False
S;I;E;S;R,Q;R;K;E;A,"188,168,231,136,280",0.003600001335144043,0.0002869617019314319,False
S;I;E;S;S,Q;R;K;E;F,"188,168,231,136,238",0.4968028664588928,0.012357459403574467,False
S;I;E;S;S,Q;R;K;E;H,"188,168,231,136,214",0.23816096782684326,0.005929230246692896,False
S;I;E;S;L,Q;R;K;E;F,"188,168,231,136,117",0.0036872029304504395,0.00028464128263294697,False
S;I;E;S;Q,Q;R;K;E;Y,"188,168,231,136,119",0.004501044750213623,0.0003730155585799366,False
S;I;E;S;G,Q;R;K;E;A,"188,168,231,136,165",0.2501830458641052,0.006308105308562517,False
S;I;E;S;S,Q;R;K;E;E,"188,168,231,136,121",0.007764458656311035,0.00042292129364795983,False
S;I;E;S;N,Q;R;K;E;H,"188,168,231,136,205",0.19407141208648682,0.004841489717364311,False
S;I;E;S;S,Q;R;K;E;Y,"188,168,231,136,269",0.003600001335144043,0.0002761039650067687,False
S;I;E;S;S,Q;R;K;E;T,"188,168,231,136,214",0.0719062089920044,0.0019744024612009525,False
S;I;E;S;I,Q;R;K;E;R,"188,168,231,136,218",0.007055699825286865,0.0005186574417166412,False
S;I;E;S;P,Q;R;K;E;K,"188,168,231,136,120",0.4101531505584717,0.009801652282476425,False
S;I;E;S;M,Q;R;K;E;H,"188,168,231,136,161",0.25183677673339844,0.006372874602675438,False
S;I;E;S;P,Q;R;K;E;V,"188,168,231,136,184",0.57061767578125,0.015404942445456982,False
S;I;E;S;W,Q;R;K;E;P,"188,168,231,136,185",0.3727046847343445,0.010039805434644222,False
S;I;E;S;S,Q;R;K;E;H,"188,168,231,136,187",0.0036311745643615723,0.0003100481117144227,False
S;I;E;S;T,Q;R;K;E;Y,"188,168,231,136,189",0.0036524534225463867,0.0004397450538817793,False
S;I;E;S;F,Q;R;K;E;M,"188,168,231,136,191",0.0035800933837890625,0.0002741938515100628,False
S;D;T;Q;S,E;H;P;L;N,"121,186,116,182,124",0.6610025763511658,0.021214619278907776,True
S;D;T;Q;G,E;H;P;L;Q,"121,186,116,182,243",0.6610025763511658,0.021251028403639793,True
S;D;T;Q;G,E;H;P;L;L,"121,186,116,182,243",0.6610025763511658,0.021240372210741043,True
S;D;T;Q;T,E;H;P;L;E,"121,186,116,182,270",0.6610025763511658,0.02116573601961136,True
S;D;T;Q;R,E;H;P;L;V,"121,186,116,182,34",0.6610025763511658,0.02116573601961136,True
S;D;T;Q;G,E;H;P;L;K,"121,186,116,182,243",0.6610025763511658,0.021193576976656914,True
S;D;T;Q;D,E;H;P;L;Q,"121,186,116,182,220",0.6610025763511658,0.021163897588849068,True
S;D;T;Q;S,E;H;P;L;K,"121,186,116,182,124",0.6610025763511658,0.02124202251434326,True
S;D;T;Q;F,E;H;P;L;E,"121,186,116,182,271",0.6610025763511658,0.02116573601961136,True
S;D;T;Q;G,E;H;P;L;Q,"121,186,116,182,164",0.6605987548828125,0.026271086186170578,False
S;D;T;Q;A,E;H;P;L;D,"121,186,116,182,130",0.6610025763511658,0.021165499463677406,True
S;D;T;Q;W,E;H;P;L;C,"121,186,116,182,257",0.6604700684547424,0.021148331463336945,False
S;D;T;Q;Q,E;H;P;L;N,"121,186,116,182,127",0.6610025763511658,0.021198881790041924,True
S;D;T;Q;Q,E;H;P;L;R,"121,186,116,182,127",0.6610025763511658,0.02119692787528038,True
S;D;T;Q;S,E;H;P;L;M,"121,186,116,182,238",0.6622543334960938,0.031083999201655388,True
S;D;T;Q;F,E;H;P;L;M,"121,186,116,182,271",0.6610025763511658,0.02116573601961136,True
S;D;T;Q;S,E;H;P;L;A,"121,186,116,182,124",0.6610025763511658,0.021169327199459076,True
S;D;T;Q;G,E;H;P;L;I,"121,186,116,182,243",0.6610025763511658,0.02124745398759842,True
S;D;T;Q;Q,E;H;P;L;I,"121,186,116,182,127",0.6610025763511658,0.02151971310377121,True
S;D;T;Q;A,E;H;P;L;V,"121,186,116,182,65",0.6610025763511658,0.021165521815419197,True
S;D;T;Q;Q,E;H;P;L;E,"121,186,116,182,133",0.6610025763511658,0.02116573601961136,True
S;D;T;Q;S,E;H;P;L;T,"121,186,116,182,124",0.6610025763511658,0.021180808544158936,True
S;D;T;Q;Q,E;H;P;L;K,"121,186,116,182,127",0.6610025763511658,0.021196439862251282,True
S;D;T;Q;Q,E;H;P;L;W,"121,186,116,182,133",0.6610025763511658,0.02116573601961136,True
S;D;T;Q;D,E;H;P;L;L,"121,186,116,182,220",0.6610025763511658,0.021167218685150146,True
S;D;T;Q;T,E;H;P;L;D,"121,186,116,182,88",0.6610025763511658,0.021487146615982056,True
S;D;T;Q;R,E;H;P;L;N,"121,186,116,182,132",0.6610025763511658,0.02116573601961136,True
S;D;T;Q;Q,E;H;P;L;D,"121,186,116,182,127",0.6610025763511658,0.02117292582988739,True
S;D;T;Q;A,E;H;P;L;Y,"121,186,116,182,215",0.6628992557525635,0.033810585737228394,True
S;D;T;Q;L,E;H;P;L;K,"121,186,116,182,249",0.6610025763511658,0.02117343805730343,True
S;D;T;Q;R,E;H;P;L;Y,"121,186,116,182,123",0.6610025763511658,0.021322347223758698,True
S;D;T;Q;F,E;H;P;L;W,"121,186,116,182,271",0.6610025763511658,0.02116573601961136,True
S;D;T;Q;S,E;H;P;L;D,"121,186,116,182,58",0.6610025763511658,0.02116573601961136,True
S;D;T;Q;N,E;H;P;L;I,"121,186,116,182,37",0.6610025763511658,0.02116573601961136,True
S;D;T;Q;C,E;H;P;L;D,"121,186,116,182,289",0.6610025763511658,0.02116573601961136,True
S;D;T;Q;A,E;H;P;L;P,"121,186,116,182,152",0.6610025763511658,0.02116573601961136,True
S;D;T;Q;G,E;H;P;L;P,"121,186,116,182,243",0.6610025763511658,0.021196821704506874,True
S;D;T;Q;S,E;H;P;L;E,"121,186,116,182,115",0.6610025763511658,0.021147828549146652,True
S;D;T;Q;L,E;H;P;L;Q,"121,186,116,182,216",0.6610025763511658,0.021609464660286903,True
S;D;T;Q;N,E;H;P;L;P,"121,186,116,182,277",0.6610025763511658,0.02116580680012703,True
S;D;T;Q;R,E;H;P;L;Q,"121,186,116,182,132",0.6610025763511658,0.02116573601961136,True
S;D;T;Q;N,E;H;P;L;Y,"121,186,116,182,244",0.6624044179916382,0.02172221429646015,True
S;D;T;Q;H,E;H;P;L;T,"121,186,116,182,104",0.6610025763511658,0.02116573601961136,True
S;D;T;Q;S,E;H;P;L;V,"121,186,116,182,58",0.6610025763511658,0.02116573601961136,True
S;D;T;Q;H,E;H;P;L;L,"121,186,116,182,104",0.6610025763511658,0.02116573601961136,True
S;D;T;Q;P,E;H;P;L;Q,"121,186,116,182,38",0.6610025763511658,0.02116573601961136,True
S;D;T;Q;R,E;H;P;L;L,"121,186,116,182,53",0.6610025763511658,0.02116573601961136,True
S;D;T;Q;A,E;H;P;L;T,"121,186,116,182,180",0.6637066602706909,0.021201135590672493,True
S;D;T;Q;P,E;H;P;L;D,"121,186,116,182,197",0.6610025763511658,0.021166333928704262,True
S;D;T;Q;T,E;H;P;L;V,"121,186,116,182,198",0.6594464778900146,0.021161319687962532,False
S;D;T;Q;A,E;H;P;L;M,"121,186,116,182,135",0.6610025763511658,0.02116573601961136,True
S;D;T;Q;I,E;H;P;L;L,"121,186,116,182,111",0.6610025763511658,0.0211675725877285,True
S;D;T;Q;G,E;H;P;L;S,"121,186,116,182,243",0.6610025763511658,0.021182218566536903,True
S;D;T;Q;Q,E;H;P;L;L,"121,186,116,182,127",0.6610025763511658,0.021456308662891388,True
S;D;T;Q;Q,E;H;P;L;H,"121,186,116,182,127",0.6610025763511658,0.021169472485780716,True
S;D;T;Q;W,E;H;P;L;I,"121,186,116,182,159",0.6865033507347107,0.028988488018512726,True
S;D;T;Q;Q,E;H;P;L;P,"121,186,116,182,127",0.6610025763511658,0.02121518738567829,True
S;D;T;Q;S,E;H;P;L;N,"121,186,116,182,103",0.6610025763511658,0.02116573601961136,True
S;D;T;Q;A,E;H;P;L;Y,"121,186,116,182,179",0.6610623002052307,0.02138313092291355,True
S;D;T;Q;W,E;H;P;L;K,"121,186,116,182,257",0.6617655754089355,0.021185165271162987,True
S;D;T;Q;L,E;H;P;L;M,"121,186,116,182,216",0.6610025763511658,0.02126360684633255,True
S;D;T;Q;Q,E;H;P;L;E,"121,186,116,182,127",0.6610025763511658,0.021228786557912827,True
S;D;T;Q;G,E;H;P;L;A,"121,186,116,182,243",0.6610025763511658,0.021176515147089958,True
S;D;T;Q;A,E;H;P;L;N,"121,186,116,182,226",0.6610025763511658,0.021166060119867325,True
S;D;T;Q;L,E;H;P;L;I,"121,186,116,182,216",0.6610025763511658,0.021162616088986397,True
S;D;T;Q;C,E;H;P;L;L,"121,186,116,182,289",0.6610025763511658,0.02116573601961136,True
S;D;T;Q;S,E;H;P;L;E,"121,186,116,182,207",0.6610025763511658,0.036630719900131226,True
S;D;T;Q;M,E;H;P;L;L,"121,186,116,182,154",0.6610025763511658,0.02116563357412815,True
S;D;T;Q;M,E;H;P;L;P,"121,186,116,182,222",0.6610025763511658,0.021165164187550545,True
S;D;T;Q;G,E;H;P;L;T,"121,186,116,182,251",0.6610025763511658,0.021189959719777107,True
S;D;T;Q;P,E;H;P;L;L,"121,186,116,182,38",0.6610025763511658,0.02116573601961136,True
S;D;T;Q;L,E;H;P;L;W,"121,186,116,182,216",0.6610025763511658,0.02157263457775116,True
S;D;T;Q;T,E;H;P;L;L,"121,186,116,182,72",0.6610025763511658,0.02116573601961136,True
S;D;T;Q;S,E;H;P;L;P,"121,186,116,182,245",0.6610025763511658,0.021181242540478706,True
S;D;T;Q;I,E;H;P;L;W,"121,186,116,182,111",0.6610025763511658,0.021377677097916603,True
S;D;T;Q;L,E;H;P;L;D,"121,186,116,182,249",0.6610025763511658,0.021203147247433662,True
S;D;T;Q;E,E;H;P;L;K,"121,186,116,182,231",0.6616303324699402,0.02121012657880783,True
S;D;T;Q;D,E;H;P;L;K,"121,186,116,182,263",0.6610025763511658,0.02116573601961136,True
S;D;T;Q;T,E;H;P;L;M,"121,186,116,182,51",0.6610025763511658,0.02116573601961136,True
S;D;T;Q;L,E;H;P;L;E,"121,186,116,182,216",0.6610025763511658,0.022036809474229813,True
S;D;T;Q;I,E;H;P;L;H,"121,186,116,182,145",0.6610025763511658,0.02116573601961136,True
S;D;T;Q;I,E;H;P;L;L,"121,186,116,182,145",0.6610025763511658,0.02116573601961136,True
S;D;T;Q;H,E;H;P;L;M,"121,186,116,182,104",0.6610025763511658,0.02116573601961136,True
S;D;T;Q;R,E;H;P;L;P,"121,186,116,182,280",0.6610025763511658,0.021208208054304123,True
S;D;T;Q;L,E;H;P;L;F,"121,186,116,182,216",0.6610025763511658,0.021235667169094086,True
S;D;T;Q;S,E;H;P;L;D,"121,186,116,182,103",0.6610025763511658,0.02116573601961136,True
S;D;T;Q;I,E;H;P;L;V,"121,186,116,182,200",0.6581237316131592,0.021046996116638184,False
S;D;T;Q;T,E;H;P;L;K,"121,186,116,182,88",0.6610025763511658,0.021206509321928024,True
S;D;T;Q;N,E;H;P;L;K,"121,186,116,182,138",0.6610025763511658,0.02116573601961136,True
S;D;T;Q;A,E;H;P;L;L,"121,186,116,182,65",0.6610025763511658,0.02116543799638748,True
S;D;T;Q;Q,E;H;P;L;T,"121,186,116,182,91",0.6610025763511658,0.021233398467302322,True
S;D;T;Q;G,E;H;P;L;D,"121,186,116,182,163",0.652410626411438,0.03141361102461815,False
S;D;T;Q;A,E;H;P;L;M,"121,186,116,182,65",0.6610025763511658,0.021165454760193825,True
S;D;T;Q;V,E;H;P;L;D,"121,186,116,182,57",0.6610025763511658,0.02116573601961136,True
S;D;T;Q;Q,E;H;P;L;V,"121,186,116,182,127",0.6610025763511658,0.02143721841275692,True
S;D;T;Q;V,E;H;P;L;C,"121,186,116,182,281",0.6610025763511658,0.0211846511811018,True
S;D;T;Q;T,E;H;P;L;V,"121,186,116,182,72",0.6610025763511658,0.02116573601961136,True
S;D;T;Q;Q,E;H;P;L;N,"121,186,116,182,133",0.6610025763511658,0.02116573601961136,True
S;D;T;Q;R,E;H;P;L;K,"121,186,116,182,53",0.6610025763511658,0.02116573601961136,True
S;D;T;Q;S,E;H;P;L;P,"121,186,116,182,125",0.6610025763511658,0.02117937244474888,True
S;D;T;Q;T,E;H;P;L;Q,"121,186,116,182,88",0.6610025763511658,0.02117631398141384,True
S;D;T;Q;N,E;H;P;L;L,"121,186,116,182,138",0.6610025763511658,0.02116573601961136,True
S;D;T;Q;H,E;H;P;L;R,"121,186,116,182,104",0.6610025763511658,0.02116573601961136,True
S;D;T;Q;W,E;H;P;L;P,"121,186,116,182,159",0.6555866599082947,0.029442768543958664,False
S;D;T;Q;S,E;H;P;L;Y,"121,186,116,182,242",0.6611654162406921,0.021462420001626015,True
S;D;T;Q;A,E;H;P;L;F,"121,186,116,182,65",0.6610025763511658,0.021165579557418823,True
S;D;T;Q;G,E;H;P;L;H,"121,186,116,182,251",0.6610025763511658,0.021209437400102615,True
S;D;T;Q;L,E;H;P;L;P,"121,186,116,182,216",0.6610025763511658,0.021536706015467644,True
S;D;T;Q;S,E;H;P;L;W,"121,186,116,182,58",0.6610025763511658,0.02116573601961136,True
S;D;T;Q;A,E;H;P;L;E,"121,186,116,182,152",0.6610025763511658,0.02116573601961136,True
S;D;T;Q;T,E;H;P;L;N,"121,186,116,182,88",0.6610025763511658,0.021212412044405937,True
S;D;T;Q;T,E;H;P;L;N,"121,186,116,182,198",0.6619255542755127,0.021189529448747635,True
S;D;T;Q;S,E;H;P;L;K,"121,186,116,182,58",0.6610025763511658,0.02116573601961136,True
S;D;T;Q;L,E;H;P;L;C,"121,186,116,182,249",0.6610025763511658,0.0211650263518095,True
S;D;T;Q;N,E;H;P;L;T,"121,186,116,182,190",0.6610025763511658,0.0211709663271904,True
S;D;T;Q;S,E;H;P;L;V,"121,186,116,182,223",0.6610025763511658,0.02116573601961136,True
S;D;T;Q;A,E;H;P;L;W,"121,186,116,182,65",0.6610025763511658,0.02116653323173523,True
S;D;T;Q;K,E;H;P;L;Y,"121,186,116,182,253",0.6610025763511658,0.02117333374917507,True
S;D;T;Q;R,E;H;P;L;S,"121,186,116,182,90",0.6610025763511658,0.021830318495631218,True
S;D;T;Q;T,E;H;P;L;M,"121,186,116,182,29",0.6610025763511658,0.02116573601961136,True
S;D;T;Q;M,E;H;P;L;L,"121,186,116,182,262",0.6610025763511658,0.02116573601961136,True
S;D;T;Q;A,E;H;P;L;L,"121,186,116,182,272",0.6610025763511658,0.02116573601961136,True
S;D;T;Q;R,E;H;P;L;N,"121,186,116,182,90",0.6610025763511658,0.021530495956540108,True
S;D;T;Q;R,E;H;P;L;T,"121,186,116,182,90",0.6610025763511658,0.02156076766550541,True
S;D;T;Q;G,E;H;P;L;T,"121,186,116,182,254",0.6610680818557739,0.021174656227231026,True
S;D;T;Q;R,E;H;P;L;P,"121,186,116,182,90",0.6610025763511658,0.022056816145777702,True
S;D;T;Q;N,E;H;P;L;Y,"121,186,116,182,37",0.6610025763511658,0.02116573601961136,True
S;D;T;Q;R,E;H;P;L;A,"121,186,116,182,90",0.6610025763511658,0.021686874330043793,True
S;D;T;Q;K,E;H;P;L;F,"121,186,116,182,253",0.6610025763511658,0.021164728328585625,True
S;D;T;Q;Y,E;H;P;L;S,"121,186,116,182,63",0.6610025763511658,0.021169496700167656,True
S;D;T;Q;Q,E;H;P;L;M,"121,186,116,182,127",0.6610025763511658,0.021378684788942337,True
S;D;T;Q;K,E;H;P;L;A,"121,186,116,182,253",0.6610025763511658,0.021155841648578644,True
S;D;T;Q;K,E;H;P;L;V,"121,186,116,182,253",0.6610025763511658,0.021155744791030884,True
S;D;T;Q;R,E;H;P;L;D,"121,186,116,182,90",0.6610025763511658,0.022035790607333183,True
S;D;T;Q;Q,E;H;P;L;A,"121,186,116,182,127",0.6610025763511658,0.021213650703430176,True
S;D;T;Q;Y,E;H;P;L;T,"121,186,116,182,63",0.6610025763511658,0.021168602630496025,True
S;D;T;Q;K,E;H;P;L;L,"121,186,116,182,253",0.6610025763511658,0.021158307790756226,True
S;D;T;Q;C,E;H;P;L;S,"121,186,116,182,289",0.6610025763511658,0.02116573601961136,True
S;D;T;Q;Y,E;H;P;L;G,"121,186,116,182,63",0.6610025763511658,0.02117171883583069,True
S;D;T;Q;M,E;H;P;L;V,"121,186,116,182,154",0.6610025763511658,0.02116561122238636,True
S;D;T;Q;Q,E;H;P;L;T,"121,186,116,182,127",0.6610025763511658,0.021189194172620773,True
S;D;T;Q;A,E;H;P;L;D,"121,186,116,182,226",0.6610025763511658,0.021166278049349785,True
S;D;T;Q;C,E;H;P;L;A,"121,186,116,182,289",0.6610025763511658,0.02116573601961136,True
S;D;T;Q;R,E;H;P;L;Q,"121,186,116,182,224",0.6610025763511658,0.02116573601961136,True
S;D;T;Q;N,E;H;P;L;K,"121,186,116,182,233",0.6610025763511658,0.02118457667529583,True
S;D;T;Q;S,E;H;P;L;E,"121,186,116,182,136",0.6610025763511658,0.02116573601961136,True
S;D;T;Q;R,E;H;P;L;A,"121,186,116,182,280",0.6610025763511658,0.021181266754865646,True
S;D;T;Q;S,E;H;P;L;F,"121,186,116,182,238",0.6627159118652344,0.03390905633568764,True
S;D;T;Q;S,E;H;P;L;Q,"121,186,116,182,188",0.6610025763511658,0.021173253655433655,True
S;D;T;Q;S,E;H;P;L;H,"121,186,116,182,214",0.6609461307525635,0.026630008593201637,True
S;D;T;Q;L,E;H;P;L;F,"121,186,116,182,117",0.6610025763511658,0.02116144821047783,True
S;D;T;Q;Q,E;H;P;L;Y,"121,186,116,182,119",0.6610025763511658,0.02124417945742607,True
S;D;T;Q;G,E;H;P;L;A,"121,186,116,182,165",0.6601998209953308,0.02677787095308304,False
S;D;T;Q;I,E;H;P;L;R,"121,186,116,182,168",0.6610025763511658,0.02143191546201706,True
S;D;T;Q;N,E;H;P;L;H,"121,186,116,182,205",0.6610025763511658,0.025678453966975212,True
S;D;T;Q;S,E;H;P;L;Y,"121,186,116,182,269",0.6610025763511658,0.02116573601961136,True
S;D;T;Q;S,E;H;P;L;T,"121,186,116,182,214",0.660995602607727,0.02258174866437912,True
S;D;T;Q;I,E;H;P;L;R,"121,186,116,182,218",0.6610025763511658,0.021474339067935944,True
S;D;T;Q;P,E;H;P;L;K,"121,186,116,182,120",0.6613449454307556,0.03085748478770256,True
S;D;T;Q;M,E;H;P;L;H,"121,186,116,182,161",0.661943793296814,0.027122320607304573,True
S;D;T;Q;I,E;H;P;L;H,"121,186,116,182,168",0.6610025763511658,0.02148694545030594,True
S;D;T;Q;N,E;H;P;L;K,"121,186,116,182,114",0.6610025763511658,0.021167904138565063,True
S;D;T;Q;P,E;H;P;L;V,"121,186,116,182,184",0.6510698795318604,0.03701623156666756,False
S;D;T;Q;W,E;H;P;L;P,"121,186,116,182,185",0.6612523794174194,0.030453182756900787,True
S;D;T;Q;S,E;H;P;L;H,"121,186,116,182,187",0.6610025763511658,0.021120110526680946,True
S;D;T;Q;S,E;H;P;L;P,"121,186,116,182,188",0.6610025763511658,0.02114701084792614,True
S;D;T;Q;T,E;H;P;L;Y,"121,186,116,182,189",0.6610025763511658,0.021161489188671112,True
S;D;T;Q;F,E;H;P;L;M,"121,186,116,182,191",0.6610025763511658,0.021165071055293083,True
T;T;M;Q;S,V;M;L;L;N,"198,51,262,182,124",0.6587477922439575,0.01601882092654705,False
T;T;M;Q;G,V;M;L;L;Q,"198,51,262,182,243",0.6587477922439575,0.016077416017651558,False
T;T;M;Q;G,V;M;L;L;L,"198,51,262,182,243",0.6587477922439575,0.016066743060946465,False
T;T;M;Q;T,V;M;L;L;E,"198,51,262,182,270",0.6587477922439575,0.01599208079278469,False
T;T;M;Q;R,V;M;L;L;V,"198,51,262,182,34",0.6587477922439575,0.01599208079278469,False
T;T;M;Q;G,V;M;L;L;K,"198,51,262,182,243",0.6587477922439575,0.016019947826862335,False
T;T;M;Q;D,V;M;L;L;Q,"198,51,262,182,220",0.6587477922439575,0.015993500128388405,False
T;T;M;Q;S,V;M;L;L;K,"198,51,262,182,124",0.6587477922439575,0.016068775206804276,False
T;T;M;Q;F,V;M;L;L;E,"198,51,262,182,271",0.6587477922439575,0.01599208079278469,False
T;T;M;Q;G,V;M;L;L;Q,"198,51,262,182,164",0.6583765745162964,0.020858755335211754,False
T;T;M;Q;A,V;M;L;L;D,"198,51,262,182,130",0.6587477922439575,0.01599196158349514,False
T;T;M;Q;W,V;M;L;L;C,"198,51,262,182,257",0.6581741571426392,0.015972601249814034,False
T;T;M;Q;Q,V;M;L;L;N,"198,51,262,182,127",0.6587477922439575,0.016023097559809685,False
T;T;M;Q;Q,V;M;L;L;R,"198,51,262,182,127",0.6587477922439575,0.016021981835365295,False
T;T;M;Q;S,V;M;L;L;M,"198,51,262,182,238",0.6600027084350586,0.025911780074238777,False
T;T;M;Q;F,V;M;L;L;M,"198,51,262,182,271",0.6587477922439575,0.01599208079278469,False
T;T;M;Q;S,V;M;L;L;A,"198,51,262,182,124",0.6587477922439575,0.016002696007490158,False
T;T;M;Q;G,V;M;L;L;I,"198,51,262,182,243",0.6587477922439575,0.01607382483780384,False
T;T;M;Q;Q,V;M;L;L;I,"198,51,262,182,127",0.6587477922439575,0.016363611444830894,False
T;T;M;Q;A,V;M;L;L;V,"198,51,262,182,65",0.6587477922439575,0.01599184237420559,False
T;T;M;Q;Q,V;M;L;L;E,"198,51,262,182,133",0.6587477922439575,0.01599208079278469,False
T;T;M;Q;S,V;M;L;L;T,"198,51,262,182,124",0.6587477922439575,0.01599821075797081,False
T;T;M;Q;Q,V;M;L;L;K,"198,51,262,182,127",0.6587477922439575,0.016016479581594467,False
T;T;M;Q;Q,V;M;L;L;W,"198,51,262,182,133",0.6587477922439575,0.01599208079278469,False
T;T;M;Q;D,V;M;L;L;L,"198,51,262,182,220",0.6587477922439575,0.015996498987078667,False
T;T;M;Q;T,V;M;L;L;D,"198,51,262,182,88",0.6587477922439575,0.01619396172463894,False
T;T;M;Q;R,V;M;L;L;N,"198,51,262,182,132",0.6587477922439575,0.01599208079278469,False
T;T;M;Q;Q,V;M;L;L;D,"198,51,262,182,127",0.6587477922439575,0.016004769131541252,False
T;T;M;Q;A,V;M;L;L;Y,"198,51,262,182,215",0.6606547236442566,0.028752945363521576,False
T;T;M;Q;L,V;M;L;L;K,"198,51,262,182,249",0.6587477922439575,0.01599978283047676,False
T;T;M;Q;R,V;M;L;L;Y,"198,51,262,182,123",0.6587477922439575,0.01618392951786518,False
T;T;M;Q;F,V;M;L;L;W,"198,51,262,182,271",0.6587477922439575,0.01599208079278469,False
T;T;M;Q;S,V;M;L;L;D,"198,51,262,182,58",0.6587477922439575,0.01599208079278469,False
T;T;M;Q;N,V;M;L;L;I,"198,51,262,182,37",0.6587477922439575,0.01599208079278469,False
T;T;M;Q;C,V;M;L;L;D,"198,51,262,182,289",0.6587477922439575,0.01599208079278469,False
T;T;M;Q;A,V;M;L;L;P,"198,51,262,182,152",0.6587477922439575,0.01599208079278469,False
T;T;M;Q;D,V;M;L;L;V,"198,51,262,182,186",0.7258626222610474,0.03343929350376129,True
T;T;M;Q;G,V;M;L;L;P,"198,51,262,182,243",0.6587477922439575,0.016023188829421997,False
T;T;M;Q;S,V;M;L;L;E,"198,51,262,182,115",0.6587477922439575,0.015992309898138046,False
T;T;M;Q;L,V;M;L;L;Q,"198,51,262,182,216",0.6587477922439575,0.01640075072646141,False
T;T;M;Q;N,V;M;L;L;P,"198,51,262,182,277",0.6587477922439575,0.01599215157330036,False
T;T;M;Q;R,V;M;L;L;Q,"198,51,262,182,132",0.6587477922439575,0.01599208079278469,False
T;T;M;Q;N,V;M;L;L;Y,"198,51,262,182,244",0.6601470708847046,0.01654851622879505,False
T;T;M;Q;H,V;M;L;L;T,"198,51,262,182,104",0.6587477922439575,0.01599208079278469,False
T;T;M;Q;S,V;M;L;L;V,"198,51,262,182,58",0.6587477922439575,0.01599208079278469,False
T;T;M;Q;H,V;M;L;L;L,"198,51,262,182,104",0.6587477922439575,0.01599208079278469,False
T;T;M;Q;P,V;M;L;L;Q,"198,51,262,182,38",0.6587477922439575,0.01599208079278469,False
T;T;M;Q;R,V;M;L;L;L,"198,51,262,182,53",0.6587477922439575,0.01599208079278469,False
T;T;M;Q;A,V;M;L;L;T,"198,51,262,182,180",0.660971999168396,0.016012443229556084,True
T;T;M;Q;P,V;M;L;L;D,"198,51,262,182,197",0.6587477922439575,0.01599367894232273,False
T;T;M;Q;A,V;M;L;L;M,"198,51,262,182,135",0.6587477922439575,0.01599208079278469,False
T;T;M;Q;I,V;M;L;L;L,"198,51,262,182,111",0.6587477922439575,0.01599576324224472,False
T;T;M;Q;G,V;M;L;L;S,"198,51,262,182,243",0.6587477922439575,0.016008585691452026,False
T;T;M;Q;Q,V;M;L;L;L,"198,51,262,182,127",0.6587477922439575,0.01629752106964588,False
T;T;M;Q;Q,V;M;L;L;H,"198,51,262,182,127",0.6587477922439575,0.015993930399417877,False
T;T;M;Q;W,V;M;L;L;I,"198,51,262,182,159",0.6840919256210327,0.023876750841736794,True
T;T;M;Q;Q,V;M;L;L;P,"198,51,262,182,127",0.6587477922439575,0.01603681780397892,False
T;T;M;Q;S,V;M;L;L;N,"198,51,262,182,103",0.6587477922439575,0.01599208079278469,False
T;T;M;Q;A,V;M;L;L;Y,"198,51,262,182,179",0.658894419670105,0.0162049587816,False
T;T;M;Q;W,V;M;L;L;K,"198,51,262,182,257",0.6595497727394104,0.016009442508220673,False
T;T;M;Q;L,V;M;L;L;M,"198,51,262,182,216",0.6587477922439575,0.016075050458312035,False
T;T;M;Q;Q,V;M;L;L;E,"198,51,262,182,127",0.6587477922439575,0.01606394723057747,False
T;T;M;Q;G,V;M;L;L;A,"198,51,262,182,243",0.6587477922439575,0.016002867370843887,False
T;T;M;Q;A,V;M;L;L;N,"198,51,262,182,226",0.6587477922439575,0.015992555767297745,False
T;T;M;Q;L,V;M;L;L;I,"198,51,262,182,216",0.6587477922439575,0.015992915257811546,False
T;T;M;Q;C,V;M;L;L;L,"198,51,262,182,289",0.6587477922439575,0.01599208079278469,False
T;T;M;Q;S,V;M;L;L;E,"198,51,262,182,207",0.6587477922439575,0.03144141286611557,False
T;T;M;Q;M,V;M;L;L;L,"198,51,262,182,154",0.6587477922439575,0.015991969034075737,False
T;T;M;Q;M,V;M;L;L;P,"198,51,262,182,222",0.6587477922439575,0.015992524102330208,False
T;T;M;Q;G,V;M;L;L;T,"198,51,262,182,251",0.6587477922439575,0.01601630449295044,False
T;T;M;Q;P,V;M;L;L;L,"198,51,262,182,38",0.6587477922439575,0.01599208079278469,False
T;T;M;Q;L,V;M;L;L;W,"198,51,262,182,216",0.6587477922439575,0.01638995110988617,False
T;T;M;Q;T,V;M;L;L;L,"198,51,262,182,72",0.6587477922439575,0.01599208079278469,False
T;T;M;Q;S,V;M;L;L;P,"198,51,262,182,245",0.6587477922439575,0.01600760966539383,False
T;T;M;Q;I,V;M;L;L;W,"198,51,262,182,111",0.6587477922439575,0.016232972964644432,False
T;T;M;Q;L,V;M;L;L;D,"198,51,262,182,249",0.6587477922439575,0.016029492020606995,False
T;T;M;Q;E,V;M;L;L;K,"198,51,262,182,231",0.6593626737594604,0.016035614535212517,False
T;T;M;Q;D,V;M;L;L;K,"198,51,262,182,263",0.6587477922439575,0.01599208079278469,False
T;T;M;Q;L,V;M;L;L;E,"198,51,262,182,216",0.6587477922439575,0.016860775649547577,False
T;T;M;Q;S,V;M;L;L;T,"198,51,262,182,121",0.6587477922439575,0.015994617715477943,False
T;T;M;Q;I,V;M;L;L;H,"198,51,262,182,145",0.6587477922439575,0.01599208079278469,False
T;T;M;Q;I,V;M;L;L;L,"198,51,262,182,145",0.6587477922439575,0.01599208079278469,False
T;T;M;Q;H,V;M;L;L;M,"198,51,262,182,104",0.6587477922439575,0.01599208079278469,False
T;T;M;Q;R,V;M;L;L;P,"198,51,262,182,280",0.6587477922439575,0.016034578904509544,False
T;T;M;Q;L,V;M;L;L;F,"198,51,262,182,216",0.6587477922439575,0.016051342710852623,False
T;T;M;Q;S,V;M;L;L;D,"198,51,262,182,103",0.6587477922439575,0.01599208079278469,False
T;T;M;Q;I,V;M;L;L;V,"198,51,262,182,200",0.655767560005188,0.015867216512560844,False
T;T;M;Q;T,V;M;L;L;K,"198,51,262,182,88",0.6587477922439575,0.01604049652814865,False
T;T;M;Q;N,V;M;L;L;K,"198,51,262,182,138",0.6587477922439575,0.01599208079278469,False
T;T;M;Q;A,V;M;L;L;L,"198,51,262,182,65",0.6587477922439575,0.015991700813174248,False
T;T;M;Q;Q,V;M;L;L;T,"198,51,262,182,91",0.6587477922439575,0.01602562516927719,False
T;T;M;Q;G,V;M;L;L;D,"198,51,262,182,163",0.6503823399543762,0.026244431734085083,False
T;T;M;Q;A,V;M;L;L;M,"198,51,262,182,65",0.6587477922439575,0.01599162071943283,False
T;T;M;Q;K,V;M;L;L;L,"198,51,262,182,252",0.6587477922439575,0.015988558530807495,False
T;T;M;Q;V,V;M;L;L;D,"198,51,262,182,57",0.6587477922439575,0.01599208079278469,False
T;T;M;Q;Q,V;M;L;L;V,"198,51,262,182,127",0.6587477922439575,0.01627795584499836,False
T;T;M;Q;V,V;M;L;L;C,"198,51,262,182,281",0.6587477922439575,0.016011012718081474,False
T;T;M;Q;T,V;M;L;L;V,"198,51,262,182,72",0.6587477922439575,0.01599208079278469,False
T;T;M;Q;Q,V;M;L;L;N,"198,51,262,182,133",0.6587477922439575,0.01599208079278469,False
T;T;M;Q;R,V;M;L;L;K,"198,51,262,182,53",0.6587477922439575,0.01599208079278469,False
T;T;M;Q;S,V;M;L;L;P,"198,51,262,182,125",0.6587477922439575,0.01599716953933239,False
T;T;M;Q;T,V;M;L;L;Q,"198,51,262,182,88",0.6587477922439575,0.016016772016882896,False
T;T;M;Q;N,V;M;L;L;L,"198,51,262,182,138",0.6587477922439575,0.01599208079278469,False
T;T;M;Q;H,V;M;L;L;R,"198,51,262,182,104",0.6587477922439575,0.01599208079278469,False
T;T;M;Q;W,V;M;L;L;P,"198,51,262,182,159",0.653443455696106,0.0243586003780365,False
T;T;M;Q;S,V;M;L;L;Y,"198,51,262,182,242",0.6589118838310242,0.01630173623561859,False
T;T;M;Q;A,V;M;L;L;F,"198,51,262,182,65",0.6587477922439575,0.01599171757698059,False
T;T;M;Q;G,V;M;L;L;H,"198,51,262,182,251",0.6587477922439575,0.016035782173275948,False
T;T;M;Q;L,V;M;L;L;P,"198,51,262,182,216",0.6587477922439575,0.01632845215499401,False
T;T;M;Q;S,V;M;L;L;W,"198,51,262,182,58",0.6587477922439575,0.01599208079278469,False
T;T;M;Q;A,V;M;L;L;E,"198,51,262,182,152",0.6587477922439575,0.01599208079278469,False
T;T;M;Q;T,V;M;L;L;N,"198,51,262,182,88",0.6587477922439575,0.016011420637369156,False
T;T;M;Q;S,V;M;L;L;K,"198,51,262,182,58",0.6587477922439575,0.01599208079278469,False
T;T;M;Q;L,V;M;L;L;C,"198,51,262,182,249",0.6587477922439575,0.015991371124982834,False
T;T;M;Q;N,V;M;L;L;T,"198,51,262,182,190",0.6587477922439575,0.015993326902389526,False
T;T;M;Q;S,V;M;L;L;V,"198,51,262,182,223",0.6587477922439575,0.01599208079278469,False
T;T;M;Q;A,V;M;L;L;W,"198,51,262,182,65",0.6587477922439575,0.015992455184459686,False
T;T;M;Q;K,V;M;L;L;Y,"198,51,262,182,253",0.6587477922439575,0.015999676659703255,False
T;T;M;Q;R,V;M;L;L;S,"198,51,262,182,90",0.6587477922439575,0.01647779904305935,False
T;T;M;Q;T,V;M;L;L;M,"198,51,262,182,29",0.6587477922439575,0.01599208079278469,False
T;T;M;Q;A,V;M;L;L;L,"198,51,262,182,272",0.6587477922439575,0.01599208079278469,False
T;T;M;Q;R,V;M;L;L;N,"198,51,262,182,90",0.6587477922439575,0.016241054981946945,False
T;T;M;Q;R,V;M;L;L;T,"198,51,262,182,90",0.6587477922439575,0.016276808455586433,False
T;T;M;Q;G,V;M;L;L;T,"198,51,262,182,254",0.6588148474693298,0.016001682728528976,False
T;T;M;Q;R,V;M;L;L;P,"198,51,262,182,90",0.6587477922439575,0.016660070046782494,False
T;T;M;Q;N,V;M;L;L;Y,"198,51,262,182,37",0.6587477922439575,0.01599208079278469,False
T;T;M;Q;R,V;M;L;L;A,"198,51,262,182,90",0.6587477922439575,0.01638038642704487,False
T;T;M;Q;K,V;M;L;L;F,"198,51,262,182,253",0.6587477922439575,0.015991073101758957,False
T;T;M;Q;Y,V;M;L;L;S,"198,51,262,182,63",0.6587477922439575,0.01599561795592308,False
T;T;M;Q;Q,V;M;L;L;M,"198,51,262,182,127",0.6587477922439575,0.016215922310948372,False
T;T;M;Q;K,V;M;L;L;A,"198,51,262,182,253",0.6587477922439575,0.015982186421751976,False
T;T;M;Q;K,V;M;L;L;V,"198,51,262,182,253",0.6587477922439575,0.015982089564204216,False
T;T;M;Q;Q,V;M;L;L;A,"198,51,262,182,127",0.6587477922439575,0.016039690002799034,False
T;T;M;Q;Y,V;M;L;L;T,"198,51,262,182,63",0.6587477922439575,0.015994761139154434,False
T;T;M;Q;K,V;M;L;L;L,"198,51,262,182,253",0.6587477922439575,0.015984652563929558,False
T;T;M;Q;C,V;M;L;L;S,"198,51,262,182,289",0.6587477922439575,0.01599208079278469,False
T;T;M;Q;Y,V;M;L;L;G,"198,51,262,182,63",0.6587477922439575,0.01599777117371559,False
T;T;M;Q;M,V;M;L;L;V,"198,51,262,182,154",0.6587477922439575,0.015991924330592155,False
T;T;M;Q;Q,V;M;L;L;T,"198,51,262,182,127",0.6587477922439575,0.01601330004632473,False
T;T;M;Q;A,V;M;L;L;D,"198,51,262,182,226",0.6587477922439575,0.01599295437335968,False
T;T;M;Q;C,V;M;L;L;A,"198,51,262,182,289",0.6587477922439575,0.01599208079278469,False
T;T;M;Q;R,V;M;L;L;Q,"198,51,262,182,224",0.6587477922439575,0.01599208079278469,False
T;T;M;Q;N,V;M;L;L;K,"198,51,262,182,233",0.6587477922439575,0.016010742634534836,False
T;T;M;Q;S,V;M;L;L;E,"198,51,262,182,136",0.6587477922439575,0.01599208079278469,False
T;T;M;Q;D,V;M;L;L;N,"198,51,262,182,186",0.6591620445251465,0.0189663153141737,False
T;T;M;Q;R,V;M;L;L;A,"198,51,262,182,280",0.6587477922439575,0.01600763574242592,False
T;T;M;Q;S,V;M;L;L;F,"198,51,262,182,238",0.6604647040367126,0.028737284243106842,False
T;T;M;Q;S,V;M;L;L;Q,"198,51,262,182,188",0.6587477922439575,0.016000058501958847,False
T;T;M;Q;S,V;M;L;L;H,"198,51,262,182,214",0.6586921215057373,0.021686328575015068,False
T;T;M;Q;L,V;M;L;L;F,"198,51,262,182,117",0.6587477922439575,0.0159976277500391,False
T;T;M;Q;Q,V;M;L;L;Y,"198,51,262,182,119",0.6587477922439575,0.016075320541858673,False
T;T;M;Q;G,V;M;L;L;A,"198,51,262,182,165",0.6579526662826538,0.02162528783082962,False
T;T;M;Q;S,V;M;L;L;E,"198,51,262,182,121",0.6587477922439575,0.01612715981900692,False
T;T;M;Q;I,V;M;L;L;R,"198,51,262,182,168",0.6587477922439575,0.016230743378400803,False
T;T;M;Q;N,V;M;L;L;H,"198,51,262,182,205",0.6587477922439575,0.020505977794528008,False
T;T;M;Q;S,V;M;L;L;Y,"198,51,262,182,269",0.6587477922439575,0.01599208079278469,False
T;T;M;Q;S,V;M;L;L;T,"198,51,262,182,214",0.6587429046630859,0.017760947346687317,False
T;T;M;Q;I,V;M;L;L;R,"198,51,262,182,218",0.6587477922439575,0.016248023137450218,False
T;T;M;Q;P,V;M;L;L;K,"198,51,262,182,120",0.6590847969055176,0.02532106824219227,False
T;T;M;Q;M,V;M;L;L;H,"198,51,262,182,161",0.6596575975418091,0.02179613709449768,False
T;T;M;Q;I,V;M;L;L;H,"198,51,262,182,168",0.6587477922439575,0.016270224004983902,False
T;T;M;Q;N,V;M;L;L;K,"198,51,262,182,114",0.6587477922439575,0.015992654487490654,False
T;T;M;Q;P,V;M;L;L;V,"198,51,262,182,184",0.6490315198898315,0.03154754266142845,False
T;T;M;Q;W,V;M;L;L;P,"198,51,262,182,185",0.6589592695236206,0.025573674589395523,False
T;T;M;Q;S,V;M;L;L;H,"198,51,262,182,187",0.6587477922439575,0.01600877195596695,False
T;T;M;Q;S,V;M;L;L;P,"198,51,262,182,188",0.6587477922439575,0.015993760898709297,False
T;T;M;Q;T,V;M;L;L;Y,"198,51,262,182,189",0.6587477922439575,0.01612248457968235,False
T;T;M;Q;F,V;M;L;L;M,"198,51,262,182,191",0.6587477922439575,0.01599188521504402,False
S;D;S;N;S,E;H;Y;K;N,"121,186,238,114,124",0.5458865761756897,0.017988508567214012,False
S;D;S;N;G,E;H;Y;K;Q,"121,186,238,114,243",0.5439566373825073,0.01799495331943035,False
S;D;S;N;G,E;H;Y;K;L,"121,186,238,114,243",0.5447558164596558,0.018026353791356087,False
S;D;S;N;T,E;H;Y;K;E,"121,186,238,114,270",0.5458865761756897,0.017948344349861145,False
S;D;S;N;R,E;H;Y;K;V,"121,186,238,114,34",0.5458865761756897,0.017948344349861145,False
S;D;S;N;G,E;H;Y;K;K,"121,186,238,114,243",0.5448704957962036,0.017959831282496452,False
S;D;S;N;D,E;H;Y;K;Q,"121,186,238,114,220",0.5458865761756897,0.01794535107910633,False
S;D;S;N;S,E;H;Y;K;K,"121,186,238,114,124",0.5458865761756897,0.01802455075085163,False
S;D;S;N;F,E;H;Y;K;E,"121,186,238,114,271",0.5458865761756897,0.017948344349861145,False
S;D;S;N;G,E;H;Y;K;Q,"121,186,238,114,164",0.5458865761756897,0.023242058232426643,False
S;D;S;N;A,E;H;Y;K;D,"121,186,238,114,130",0.5458865761756897,0.017948918044567108,False
S;D;S;N;W,E;H;Y;K;C,"121,186,238,114,257",0.5458865761756897,0.017948616296052933,False
S;D;S;N;Q,E;H;Y;K;N,"121,186,238,114,127",0.5458865761756897,0.017979281023144722,False
S;D;S;N;Q,E;H;Y;K;R,"121,186,238,114,127",0.5458865761756897,0.017983559519052505,False
S;D;S;N;F,E;H;Y;K;M,"121,186,238,114,271",0.5458865761756897,0.017948344349861145,False
S;D;S;N;S,E;H;Y;K;A,"121,186,238,114,124",0.5458865761756897,0.017966806888580322,False
S;D;S;N;G,E;H;Y;K;I,"121,186,238,114,243",0.5448122024536133,0.01803646981716156,False
S;D;S;N;Q,E;H;Y;K;I,"121,186,238,114,127",0.5458865761756897,0.0183249618858099,False
S;D;S;N;A,E;H;Y;K;V,"121,186,238,114,65",0.5458865761756897,0.017948290333151817,False
S;D;S;N;Q,E;H;Y;K;E,"121,186,238,114,133",0.5458865761756897,0.017948344349861145,False
S;D;S;N;S,E;H;Y;K;T,"121,186,238,114,124",0.5458865761756897,0.017969977110624313,False
S;D;S;N;Q,E;H;Y;K;K,"121,186,238,114,127",0.5458865761756897,0.017979346215724945,False
S;D;S;N;Q,E;H;Y;K;W,"121,186,238,114,133",0.5458865761756897,0.017948344349861145,False
S;D;S;N;D,E;H;Y;K;L,"121,186,238,114,220",0.5458865761756897,0.017946936190128326,False
S;D;S;N;T,E;H;Y;K;D,"121,186,238,114,88",0.5458865761756897,0.01814413256943226,False
S;D;S;N;R,E;H;Y;K;N,"121,186,238,114,132",0.5458865761756897,0.017948344349861145,False
S;D;S;N;Q,E;H;Y;K;D,"121,186,238,114,127",0.5458865761756897,0.017953461036086082,False
S;D;S;N;A,E;H;Y;K;Y,"121,186,238,114,215",0.5455429553985596,0.030704384669661522,False
S;D;S;N;L,E;H;Y;K;K,"121,186,238,114,249",0.5458865761756897,0.017950519919395447,False
S;D;S;N;R,E;H;Y;K;Y,"121,186,238,114,123",0.5458865761756897,0.01811457984149456,False
S;D;S;N;F,E;H;Y;K;W,"121,186,238,114,271",0.5458865761756897,0.017948344349861145,False
S;D;S;N;S,E;H;Y;K;D,"121,186,238,114,58",0.5458865761756897,0.017948344349861145,False
S;D;S;N;N,E;H;Y;K;I,"121,186,238,114,37",0.5458865761756897,0.017948344349861145,False
S;D;S;N;C,E;H;Y;K;D,"121,186,238,114,289",0.5458865761756897,0.017948344349861145,False
S;D;S;N;A,E;H;Y;K;P,"121,186,238,114,152",0.5458865761756897,0.017948344349861145,False
S;D;S;N;G,E;H;Y;K;P,"121,186,238,114,243",0.5447514057159424,0.017959650605916977,False
S;D;S;N;S,E;H;Y;K;E,"121,186,238,114,115",0.5458865761756897,0.017945963889360428,False
S;D;S;N;L,E;H;Y;K;Q,"121,186,238,114,216",0.5458865761756897,0.018354367464780807,False
S;D;S;N;N,E;H;Y;K;P,"121,186,238,114,277",0.5458865761756897,0.017948288470506668,False
S;D;S;N;R,E;H;Y;K;Q,"121,186,238,114,132",0.5458865761756897,0.017948344349861145,False
S;D;S;N;N,E;H;Y;K;Y,"121,186,238,114,244",0.5217711925506592,0.01767324097454548,False
S;D;S;N;H,E;H;Y;K;T,"121,186,238,114,104",0.5458865761756897,0.017948344349861145,False
S;D;S;N;S,E;H;Y;K;V,"121,186,238,114,58",0.5458865761756897,0.017948344349861145,False
S;D;S;N;H,E;H;Y;K;L,"121,186,238,114,104",0.5458865761756897,0.017948344349861145,False
S;D;S;N;P,E;H;Y;K;Q,"121,186,238,114,38",0.5458865761756897,0.017948344349861145,False
S;D;S;N;R,E;H;Y;K;L,"121,186,238,114,53",0.5458865761756897,0.017948344349861145,False
S;D;S;N;A,E;H;Y;K;T,"121,186,238,114,180",0.5458865761756897,0.01802312582731247,False
S;D;S;N;P,E;H;Y;K;D,"121,186,238,114,197",0.5458865761756897,0.01794848032295704,False
S;D;S;N;T,E;H;Y;K;V,"121,186,238,114,198",0.5458865761756897,0.017968537285923958,False
S;D;S;N;A,E;H;Y;K;M,"121,186,238,114,135",0.5458865761756897,0.017948344349861145,False
S;D;S;N;I,E;H;Y;K;L,"121,186,238,114,111",0.5458865761756897,0.017950071021914482,False
S;D;S;N;G,E;H;Y;K;S,"121,186,238,114,243",0.5451400279998779,0.01795552670955658,False
S;D;S;N;Q,E;H;Y;K;L,"121,186,238,114,127",0.5458865761756897,0.018259281292557716,False
S;D;S;N;Q,E;H;Y;K;H,"121,186,238,114,127",0.5458865761756897,0.017954563722014427,False
S;D;S;N;W,E;H;Y;K;I,"121,186,238,114,159",0.5474225282669067,0.0250898078083992,False
S;D;S;N;Q,E;H;Y;K;P,"121,186,238,114,127",0.5458865761756897,0.017997408285737038,False
S;D;S;N;S,E;H;Y;K;N,"121,186,238,114,103",0.5458865761756897,0.017948344349861145,False
S;D;S;N;A,E;H;Y;K;Y,"121,186,238,114,179",0.5458865761756897,0.018153004348278046,False
S;D;S;N;W,E;H;Y;K;K,"121,186,238,114,257",0.5458865761756897,0.017948567867279053,False
S;D;S;N;L,E;H;Y;K;M,"121,186,238,114,216",0.5458865761756897,0.018030760809779167,False
S;D;S;N;Q,E;H;Y;K;E,"121,186,238,114,127",0.5458865761756897,0.01801198720932007,False
S;D;S;N;G,E;H;Y;K;A,"121,186,238,114,243",0.5456794500350952,0.017966758459806442,False
S;D;S;N;A,E;H;Y;K;N,"121,186,238,114,226",0.5458865761756897,0.01794835552573204,False
S;D;S;N;L,E;H;Y;K;I,"121,186,238,114,216",0.5458865761756897,0.017952799797058105,False
S;D;S;N;C,E;H;Y;K;L,"121,186,238,114,289",0.5458865761756897,0.017948344349861145,False
S;D;S;N;S,E;H;Y;K;E,"121,186,238,114,207",0.6312223672866821,0.033404313027858734,False
S;D;S;N;M,E;H;Y;K;L,"121,186,238,114,154",0.5458865761756897,0.017948370426893234,False
S;D;S;N;M,E;H;Y;K;P,"121,186,238,114,222",0.5458865761756897,0.017947394400835037,False
S;D;S;N;G,E;H;Y;K;T,"121,186,238,114,251",0.5458865761756897,0.01795574091374874,False
S;D;S;N;P,E;H;Y;K;L,"121,186,238,114,38",0.5458865761756897,0.017948344349861145,False
S;D;S;N;L,E;H;Y;K;W,"121,186,238,114,216",0.5458865761756897,0.018326057121157646,False
S;D;S;N;T,E;H;Y;K;L,"121,186,238,114,72",0.5458865761756897,0.017948344349861145,False
S;D;S;N;S,E;H;Y;K;P,"121,186,238,114,245",0.545615553855896,0.017965255305171013,False
S;D;S;N;I,E;H;Y;K;W,"121,186,238,114,111",0.5458865761756897,0.01818115822970867,False
S;D;S;N;L,E;H;Y;K;D,"121,186,238,114,249",0.5458865761756897,0.01796022243797779,False
S;D;S;N;E,E;H;Y;K;K,"121,186,238,114,231",0.5464621186256409,0.017999453470110893,False
S;D;S;N;D,E;H;Y;K;K,"121,186,238,114,263",0.5458865761756897,0.017948344349861145,False
S;D;S;N;T,E;H;Y;K;M,"121,186,238,114,51",0.5458865761756897,0.017948344349861145,False
S;D;S;N;L,E;H;Y;K;E,"121,186,238,114,216",0.5458865761756897,0.018790561705827713,False
S;D;S;N;I,E;H;Y;K;H,"121,186,238,114,145",0.5458865761756897,0.017948344349861145,False
S;D;S;N;I,E;H;Y;K;L,"121,186,238,114,145",0.5458865761756897,0.017948344349861145,False
S;D;S;N;H,E;H;Y;K;M,"121,186,238,114,104",0.5458865761756897,0.017948344349861145,False
S;D;S;N;R,E;H;Y;K;P,"121,186,238,114,280",0.5458865761756897,0.017978044226765633,False
S;D;S;N;L,E;H;Y;K;F,"121,186,238,114,216",0.5458865761756897,0.018012385815382004,False
S;D;S;N;S,E;H;Y;K;D,"121,186,238,114,103",0.5458865761756897,0.017948344349861145,False
S;D;S;N;I,E;H;Y;K;V,"121,186,238,114,200",0.5458574295043945,0.017946338281035423,False
S;D;S;N;T,E;H;Y;K;K,"121,186,238,114,88",0.5458865761756897,0.01799861527979374,False
S;D;S;N;N,E;H;Y;K;K,"121,186,238,114,138",0.5458865761756897,0.017948344349861145,False
S;D;S;N;A,E;H;Y;K;L,"121,186,238,114,65",0.5458865761756897,0.017948385328054428,False
S;D;S;N;Q,E;H;Y;K;T,"121,186,238,114,91",0.5458865761756897,0.01798422634601593,False
S;D;S;N;G,E;H;Y;K;D,"121,186,238,114,163",0.54547119140625,0.028487499803304672,False
S;D;S;N;A,E;H;Y;K;M,"121,186,238,114,65",0.5458865761756897,0.017948713153600693,False
S;D;S;N;K,E;H;Y;K;L,"121,186,238,114,252",0.5458865761756897,0.017947807908058167,False
S;D;S;N;V,E;H;Y;K;D,"121,186,238,114,57",0.5458865761756897,0.017948344349861145,False
S;D;S;N;Q,E;H;Y;K;V,"121,186,238,114,127",0.5458865761756897,0.01824028044939041,False
S;D;S;N;V,E;H;Y;K;C,"121,186,238,114,281",0.5458865761756897,0.017959918826818466,False
S;D;S;N;T,E;H;Y;K;V,"121,186,238,114,72",0.5458865761756897,0.017948344349861145,False
S;D;S;N;Q,E;H;Y;K;N,"121,186,238,114,133",0.5458865761756897,0.017948344349861145,False
S;D;S;N;R,E;H;Y;K;K,"121,186,238,114,53",0.5458865761756897,0.017948344349861145,False
S;D;S;N;S,E;H;Y;K;P,"121,186,238,114,125",0.5458865761756897,0.01796158030629158,False
S;D;S;N;T,E;H;Y;K;Q,"121,186,238,114,88",0.5458865761756897,0.017976248636841774,False
S;D;S;N;N,E;H;Y;K;L,"121,186,238,114,138",0.5458865761756897,0.017948344349861145,False
S;D;S;N;H,E;H;Y;K;R,"121,186,238,114,104",0.5458865761756897,0.017948344349861145,False
S;D;S;N;W,E;H;Y;K;P,"121,186,238,114,159",0.5471175312995911,0.026539070531725883,False
S;D;S;N;S,E;H;Y;K;Y,"121,186,238,114,242",0.5438878536224365,0.01812964864075184,False
S;D;S;N;A,E;H;Y;K;F,"121,186,238,114,65",0.5458865761756897,0.017948966473340988,False
S;D;S;N;G,E;H;Y;K;H,"121,186,238,114,251",0.5458865761756897,0.01796232908964157,False
S;D;S;N;L,E;H;Y;K;P,"121,186,238,114,216",0.5458865761756897,0.018285276368260384,False
S;D;S;N;S,E;H;Y;K;W,"121,186,238,114,58",0.5458865761756897,0.017948344349861145,False
S;D;S;N;A,E;H;Y;K;E,"121,186,238,114,152",0.5458865761756897,0.017948344349861145,False
S;D;S;N;T,E;H;Y;K;N,"121,186,238,114,88",0.5458865761756897,0.017968136817216873,False
S;D;S;N;T,E;H;Y;K;N,"121,186,238,114,198",0.5458865761756897,0.01795315369963646,False
S;D;S;N;S,E;H;Y;K;K,"121,186,238,114,58",0.5458865761756897,0.017948344349861145,False
S;D;S;N;L,E;H;Y;K;C,"121,186,238,114,249",0.5458865761756897,0.017948167398571968,False
S;D;S;N;N,E;H;Y;K;T,"121,186,238,114,190",0.5458865761756897,0.017952444031834602,False
S;D;S;N;S,E;H;Y;K;V,"121,186,238,114,223",0.5458865761756897,0.017948344349861145,False
S;D;S;N;A,E;H;Y;K;W,"121,186,238,114,65",0.5458865761756897,0.01795055903494358,False
S;D;S;N;K,E;H;Y;K;Y,"121,186,238,114,253",0.5458865761756897,0.01795097626745701,False
S;D;S;N;R,E;H;Y;K;S,"121,186,238,114,90",0.5458865761756897,0.018425175920128822,False
S;D;S;N;T,E;H;Y;K;M,"121,186,238,114,29",0.5458865761756897,0.017948344349861145,False
S;D;S;N;M,E;H;Y;K;L,"121,186,238,114,262",0.5458865761756897,0.017948344349861145,False
S;D;S;N;A,E;H;Y;K;L,"121,186,238,114,272",0.5458865761756897,0.017948344349861145,False
S;D;S;N;R,E;H;Y;K;N,"121,186,238,114,90",0.5458865761756897,0.01818922720849514,False
S;D;S;N;R,E;H;Y;K;T,"121,186,238,114,90",0.5458865761756897,0.01822648011147976,False
S;D;S;N;G,E;H;Y;K;T,"121,186,238,114,254",0.5458865761756897,0.017950352281332016,False
S;D;S;N;R,E;H;Y;K;P,"121,186,238,114,90",0.5458865761756897,0.018604643642902374,False
S;D;S;N;N,E;H;Y;K;Y,"121,186,238,114,37",0.5458865761756897,0.017948344349861145,False
S;D;S;N;Q,E;H;Y;K;I,"121,186,238,114,182",0.8232664465904236,0.03817472979426384,True
S;D;S;N;R,E;H;Y;K;A,"121,186,238,114,90",0.5458865761756897,0.018331177532672882,False
S;D;S;N;K,E;H;Y;K;F,"121,186,238,114,253",0.5458865761756897,0.01794842630624771,False
S;D;S;N;Y,E;H;Y;K;S,"121,186,238,114,63",0.5458865761756897,0.01795109547674656,False
S;D;S;N;Q,E;H;Y;K;M,"121,186,238,114,127",0.5458865761756897,0.01817711442708969,False
S;D;S;N;Q,E;H;Y;K;L,"121,186,238,114,182",0.6611002683639526,0.03422364965081215,True
S;D;S;N;K,E;H;Y;K;A,"121,186,238,114,253",0.5458865761756897,0.01794571429491043,False
S;D;S;N;K,E;H;Y;K;V,"121,186,238,114,253",0.5458865761756897,0.017945783212780952,False
S;D;S;N;Q,E;H;Y;K;F,"121,186,238,114,182",0.5468717813491821,0.029541412368416786,False
S;D;S;N;R,E;H;Y;K;D,"121,186,238,114,90",0.5458865761756897,0.018666796386241913,False
S;D;S;N;Q,E;H;Y;K;A,"121,186,238,114,127",0.5458865761756897,0.018004609271883965,False
S;D;S;N;Y,E;H;Y;K;T,"121,186,238,114,63",0.5458865761756897,0.01795036718249321,False
S;D;S;N;Q,E;H;Y;K;V,"121,186,238,114,182",0.7868005633354187,0.03710097819566727,True
S;D;S;N;K,E;H;Y;K;L,"121,186,238,114,253",0.5458865761756897,0.017946522682905197,False
S;D;S;N;C,E;H;Y;K;S,"121,186,238,114,289",0.5458865761756897,0.017948344349861145,False
S;D;S;N;Y,E;H;Y;K;G,"121,186,238,114,63",0.5458865761756897,0.01795293763279915,False
S;D;S;N;M,E;H;Y;K;V,"121,186,238,114,154",0.5458865761756897,0.01794838160276413,False
S;D;S;N;Q,E;H;Y;K;T,"121,186,238,114,127",0.5458865761756897,0.017974810674786568,False
S;D;S;N;A,E;H;Y;K;D,"121,186,238,114,226",0.5458865761756897,0.017948420718312263,False
S;D;S;N;C,E;H;Y;K;A,"121,186,238,114,289",0.5458865761756897,0.017948344349861145,False
S;D;S;N;R,E;H;Y;K;Q,"121,186,238,114,224",0.5458865761756897,0.017948344349861145,False
S;D;S;N;N,E;H;Y;K;K,"121,186,238,114,233",0.5464974641799927,0.018009863793849945,False
S;D;S;N;S,E;H;Y;K;E,"121,186,238,114,136",0.5458865761756897,0.017948344349861145,False
S;D;S;N;R,E;H;Y;K;A,"121,186,238,114,280",0.5458865761756897,0.017957450821995735,False
S;D;S;N;S,E;H;Y;K;Q,"121,186,238,114,188",0.5458865761756897,0.017956042662262917,False
S;D;S;N;S,E;H;Y;K;H,"121,186,238,114,214",0.5458865761756897,0.02339595928788185,False
S;D;S;N;L,E;H;Y;K;F,"121,186,238,114,117",0.5458865761756897,0.017956536263227463,False
S;D;S;N;Q,E;H;Y;K;Y,"121,186,238,114,119",0.5458865761756897,0.01805097982287407,False
S;D;S;N;G,E;H;Y;K;A,"121,186,238,114,165",0.5458865761756897,0.02348126284778118,False
S;D;S;N;I,E;H;Y;K;R,"121,186,238,114,168",0.5458865761756897,0.018191182985901833,False
S;D;S;N;N,E;H;Y;K;H,"121,186,238,114,205",0.5462825298309326,0.0224820077419281,False
S;D;S;N;S,E;H;Y;K;Y,"121,186,238,114,269",0.5458865761756897,0.017948344349861145,False
S;D;S;N;S,E;H;Y;K;T,"121,186,238,114,214",0.5458865761756897,0.019335007295012474,False
S;D;S;N;I,E;H;Y;K;R,"121,186,238,114,218",0.5458865761756897,0.018239034339785576,False
S;D;S;N;P,E;H;Y;K;K,"121,186,238,114,120",0.5458865761756897,0.02764621190726757,False
S;D;S;N;M,E;H;Y;K;H,"121,186,238,114,161",0.5458865761756897,0.024080486968159676,False
S;D;S;N;I,E;H;Y;K;H,"121,186,238,114,168",0.5458865761756897,0.01824166439473629,False
S;D;S;N;P,E;H;Y;K;V,"121,186,238,114,184",0.5768693089485168,0.03346619755029678,False
S;D;S;N;W,E;H;Y;K;P,"121,186,238,114,185",0.5458212494850159,0.027397917583584785,False
S;D;S;N;S,E;H;Y;K;H,"121,186,238,114,187",0.5458865761756897,0.017905447632074356,False
S;D;S;N;S,E;H;Y;K;P,"121,186,238,114,188",0.5458865761756897,0.0179302915930748,False
S;D;S;N;T,E;H;Y;K;Y,"121,186,238,114,189",0.5458865761756897,0.017963938415050507,False
S;D;S;N;F,E;H;Y;K;M,"121,186,238,114,191",0.5458865761756897,0.017947759479284286,False
T;T;N;N;S,V;M;K;K;N,"198,51,233,114,124",0.0010559558868408203,7.696622924413532e-05,False
T;T;N;N;G,V;M;K;K;Q,"198,51,233,114,243",0.002083897590637207,0.00010992898751283064,False
T;T;N;N;G,V;M;K;K;L,"198,51,233,114,243",0.002943694591522217,0.00012808345491066575,False
T;T;N;N;T,V;M;K;K;E,"198,51,233,114,270",0.0010097026824951172,5.962266368442215e-05,False
T;T;N;N;R,V;M;K;K;V,"198,51,233,114,34",0.0010097026824951172,5.962266368442215e-05,False
T;T;N;N;G,V;M;K;K;K,"198,51,233,114,243",0.0010097026824951172,6.985941581660882e-05,False
T;T;N;N;D,V;M;K;K;Q,"198,51,233,114,220",0.0010097026824951172,5.997197513352148e-05,False
T;T;N;N;S,V;M;K;K;K,"198,51,233,114,124",0.0013521313667297363,0.00013479798508342355,False
T;T;N;N;F,V;M;K;K;E,"198,51,233,114,271",0.0010097026824951172,5.962266368442215e-05,False
T;T;N;N;G,V;M;K;K;Q,"198,51,233,114,164",0.19870799779891968,0.005107860080897808,False
T;T;N;N;A,V;M;K;K;D,"198,51,233,114,130",0.0010097026824951172,6.028940333635546e-05,False
T;T;N;N;W,V;M;K;K;C,"198,51,233,114,257",0.0009453296661376953,5.875354690942913e-05,False
T;T;N;N;Q,V;M;K;K;N,"198,51,233,114,127",0.0010045170783996582,8.854200859786943e-05,False
T;T;N;N;Q,V;M;K;K;R,"198,51,233,114,127",0.0010275840759277344,9.322305413661525e-05,False
T;T;N;N;S,V;M;K;K;M,"198,51,233,114,238",0.39194828271865845,0.009534986689686775,False
T;T;N;N;F,V;M;K;K;M,"198,51,233,114,271",0.0010097026824951172,5.962266368442215e-05,False
T;T;N;N;S,V;M;K;K;A,"198,51,233,114,124",0.0009652972221374512,8.593880920670927e-05,False
T;T;N;N;G,V;M;K;K;I,"198,51,233,114,243",0.0033347606658935547,0.0001371267280774191,False
T;T;N;N;Q,V;M;K;K;I,"198,51,233,114,127",0.008030951023101807,0.00045435235369950533,False
T;T;N;N;A,V;M;K;K;V,"198,51,233,114,65",0.0010097026824951172,5.955474262009375e-05,False
T;T;N;N;Q,V;M;K;K;E,"198,51,233,114,133",0.0010097026824951172,5.962266368442215e-05,False
T;T;N;N;S,V;M;K;K;T,"198,51,233,114,124",0.0010079145431518555,7.22172626410611e-05,False
T;T;N;N;Q,V;M;K;K;K,"198,51,233,114,127",0.0009679794311523438,8.426156273344532e-05,False
T;T;N;N;Q,V;M;K;K;W,"198,51,233,114,133",0.0010097026824951172,5.962266368442215e-05,False
T;T;N;N;D,V;M;K;K;L,"198,51,233,114,220",0.0010097026824951172,6.16270408499986e-05,False
T;T;N;N;T,V;M;K;K;D,"198,51,233,114,88",0.0031827688217163086,0.00024384538119193166,False
T;T;N;N;R,V;M;K;K;N,"198,51,233,114,132",0.0010097026824951172,5.962266368442215e-05,False
T;T;N;N;Q,V;M;K;K;D,"198,51,233,114,127",0.0010483264923095703,7.020456541795284e-05,False
T;T;N;N;A,V;M;K;K;Y,"198,51,233,114,215",0.5181105136871338,0.012937162071466446,False
T;T;N;N;L,V;M;K;K;K,"198,51,233,114,249",0.0010097026824951172,5.971137943561189e-05,False
T;T;N;N;R,V;M;K;K;Y,"198,51,233,114,123",0.0025812387466430664,0.0002593980170786381,False
T;T;N;N;F,V;M;K;K;W,"198,51,233,114,271",0.0010097026824951172,5.962266368442215e-05,False
T;T;N;N;S,V;M;K;K;D,"198,51,233,114,58",0.0010097026824951172,5.962266368442215e-05,False
T;T;N;N;N,V;M;K;K;I,"198,51,233,114,37",0.0010097026824951172,5.962266368442215e-05,False
T;T;N;N;C,V;M;K;K;D,"198,51,233,114,289",0.0010097026824951172,5.962266368442215e-05,False
T;T;N;N;A,V;M;K;K;P,"198,51,233,114,152",0.0010097026824951172,5.962266368442215e-05,False
T;T;N;N;D,V;M;K;K;V,"198,51,233,114,186",0.7238578200340271,0.01733781024813652,True
T;T;N;N;G,V;M;K;K;P,"198,51,233,114,243",0.0010097026824951172,7.160320092225447e-05,False
T;T;N;N;S,V;M;K;K;E,"198,51,233,114,115",0.0010097026824951172,6.08383234066423e-05,False
T;T;N;N;L,V;M;K;K;Q,"198,51,233,114,216",0.007548630237579346,0.0004362824256531894,False
T;T;N;N;N,V;M;K;K;P,"198,51,233,114,277",0.0010097026824951172,5.946325836703181e-05,False
T;T;N;N;R,V;M;K;K;Q,"198,51,233,114,132",0.0010097026824951172,5.962266368442215e-05,False
T;T;N;N;N,V;M;K;K;Y,"198,51,233,114,244",0.0034700632095336914,0.0002983295707963407,False
T;T;N;N;H,V;M;K;K;T,"198,51,233,114,104",0.0010097026824951172,5.962266368442215e-05,False
T;T;N;N;S,V;M;K;K;V,"198,51,233,114,58",0.0010097026824951172,5.962266368442215e-05,False
T;T;N;N;H,V;M;K;K;L,"198,51,233,114,104",0.0010097026824951172,5.962266368442215e-05,False
T;T;N;N;P,V;M;K;K;Q,"198,51,233,114,38",0.0010097026824951172,5.962266368442215e-05,False
T;T;N;N;R,V;M;K;K;L,"198,51,233,114,53",0.0010097026824951172,5.962266368442215e-05,False
T;T;N;N;A,V;M;K;K;T,"198,51,233,114,180",0.0010254383087158203,0.00012122753105359152,False
T;T;N;N;P,V;M;K;K;D,"198,51,233,114,197",0.0010677576065063477,6.088961163186468e-05,False
T;T;N;N;A,V;M;K;K;M,"198,51,233,114,135",0.0010097026824951172,5.962266368442215e-05,False
T;T;N;N;I,V;M;K;K;L,"198,51,233,114,111",0.0010097026824951172,6.172407302074134e-05,False
T;T;N;N;G,V;M;K;K;S,"198,51,233,114,243",0.0010097026824951172,6.516450957860798e-05,False
T;T;N;N;Q,V;M;K;K;L,"198,51,233,114,127",0.006602644920349121,0.00038594563375227153,False
T;T;N;N;Q,V;M;K;K;H,"198,51,233,114,127",0.0009888410568237305,6.391003989847377e-05,False
T;T;N;N;W,V;M;K;K;I,"198,51,233,114,159",0.2872382402420044,0.007301658857613802,False
T;T;N;N;Q,V;M;K;K;P,"198,51,233,114,127",0.0011902451515197754,0.00010435387230245396,False
T;T;N;N;S,V;M;K;K;N,"198,51,233,114,103",0.0010097026824951172,5.962266368442215e-05,False
T;T;N;N;A,V;M;K;K;Y,"198,51,233,114,179",0.005216717720031738,0.00025496649323031306,False
T;T;N;N;W,V;M;K;K;K,"198,51,233,114,257",0.0009126067161560059,5.7210756494896486e-05,False
T;T;N;N;L,V;M;K;K;M,"198,51,233,114,216",0.0013286471366882324,0.00012941693421453238,False
T;T;N;N;Q,V;M;K;K;E,"198,51,233,114,127",0.0012962818145751953,0.00013187735748942941,False
T;T;N;N;G,V;M;K;K;A,"198,51,233,114,243",0.0010097026824951172,7.226300658658147e-05,False
T;T;N;N;A,V;M;K;K;N,"198,51,233,114,226",0.0010281801223754883,6.005237446515821e-05,False
T;T;N;N;L,V;M;K;K;I,"198,51,233,114,216",0.0010097026824951172,6.624293746426702e-05,False
T;T;N;N;C,V;M;K;K;L,"198,51,233,114,289",0.0010097026824951172,5.962266368442215e-05,False
T;T;N;N;S,V;M;K;K;E,"198,51,233,114,207",0.6319328546524048,0.015435158275067806,False
T;T;N;N;M,V;M;K;K;L,"198,51,233,114,154",0.0010100603103637695,5.9633752243826166e-05,False
T;T;N;N;M,V;M;K;K;P,"198,51,233,114,222",0.0010097026824951172,5.969613266643137e-05,False
T;T;N;N;G,V;M;K;K;T,"198,51,233,114,251",0.0010097026824951172,5.999138011247851e-05,False
T;T;N;N;P,V;M;K;K;L,"198,51,233,114,38",0.0010097026824951172,5.962266368442215e-05,False
T;T;N;N;L,V;M;K;K;W,"198,51,233,114,216",0.007777690887451172,0.00042687321547418833,False
T;T;N;N;S,V;M;K;K;P,"198,51,233,114,245",0.0010097026824951172,6.581184425158426e-05,False
T;T;N;N;I,V;M;K;K;W,"198,51,233,114,111",0.0077204108238220215,0.00028877065051347017,False
T;T;N;N;L,V;M;K;K;D,"198,51,233,114,249",0.0010097026824951172,6.0763468354707584e-05,False
T;T;N;N;E,V;M;K;K;K,"198,51,233,114,231",0.002480804920196533,0.00015649269334971905,False
T;T;N;N;D,V;M;K;K;K,"198,51,233,114,263",0.0010097026824951172,5.962266368442215e-05,False
T;T;N;N;L,V;M;K;K;E,"198,51,233,114,216",0.018210649490356445,0.0008967588073574007,False
T;T;N;N;S,V;M;K;K;T,"198,51,233,114,121",0.0010097026824951172,6.330152245936915e-05,False
T;T;N;N;I,V;M;K;K;H,"198,51,233,114,145",0.0010097026824951172,5.962266368442215e-05,False
T;T;N;N;I,V;M;K;K;L,"198,51,233,114,145",0.0010097026824951172,5.962266368442215e-05,False
T;T;N;N;H,V;M;K;K;M,"198,51,233,114,104",0.0010097026824951172,5.962266368442215e-05,False
T;T;N;N;R,V;M;K;K;P,"198,51,233,114,280",0.0011987090110778809,8.334947051480412e-05,False
T;T;N;N;L,V;M;K;K;F,"198,51,233,114,216",0.0011981725692749023,0.00011182940215803683,False
T;T;N;N;S,V;M;K;K;D,"198,51,233,114,103",0.0010097026824951172,5.962266368442215e-05,False
T;T;N;N;I,V;M;K;K;V,"198,51,233,114,200",0.0007957220077514648,7.066893158480525e-05,False
T;T;N;N;T,V;M;K;K;K,"198,51,233,114,88",0.0010287165641784668,0.00010864540672628209,False
T;T;N;N;N,V;M;K;K;K,"198,51,233,114,138",0.0010097026824951172,5.962266368442215e-05,False
T;T;N;N;A,V;M;K;K;L,"198,51,233,114,65",0.0010097026824951172,5.960741691524163e-05,False
T;T;N;N;Q,V;M;K;K;T,"198,51,233,114,91",0.0010097026824951172,9.666348341852427e-05,False
T;T;N;N;G,V;M;K;K;D,"198,51,233,114,163",0.40464985370635986,0.010570221580564976,False
T;T;N;N;A,V;M;K;K;M,"198,51,233,114,65",0.0010097026824951172,5.986108226352371e-05,False
T;T;N;N;K,V;M;K;K;L,"198,51,233,114,252",0.0010097026824951172,5.9694746596505865e-05,False
T;T;N;N;V,V;M;K;K;D,"198,51,233,114,57",0.0010097026824951172,5.962266368442215e-05,False
T;T;N;N;Q,V;M;K;K;V,"198,51,233,114,127",0.006669878959655762,0.00036651312257163227,False
T;T;N;N;V,V;M;K;K;C,"198,51,233,114,281",0.0010097026824951172,6.659502105321735e-05,False
T;T;N;N;T,V;M;K;K;V,"198,51,233,114,72",0.0010097026824951172,5.962266368442215e-05,False
T;T;N;N;Q,V;M;K;K;N,"198,51,233,114,133",0.0010097026824951172,5.962266368442215e-05,False
T;T;N;N;R,V;M;K;K;K,"198,51,233,114,53",0.0010097026824951172,5.962266368442215e-05,False
T;T;N;N;S,V;M;K;K;P,"198,51,233,114,125",0.0010097026824951172,6.416786345653236e-05,False
T;T;N;N;T,V;M;K;K;Q,"198,51,233,114,88",0.0010097026824951172,8.195915870601311e-05,False
T;T;N;N;N,V;M;K;K;L,"198,51,233,114,138",0.0010097026824951172,5.962266368442215e-05,False
T;T;N;N;H,V;M;K;K;R,"198,51,233,114,104",0.0010097026824951172,5.962266368442215e-05,False
T;T;N;N;W,V;M;K;K;P,"198,51,233,114,159",0.332558810710907,0.008859469555318356,False
T;T;N;N;S,V;M;K;K;Y,"198,51,233,114,242",0.0021584630012512207,0.0001581200340297073,False
T;T;N;N;A,V;M;K;K;F,"198,51,233,114,65",0.0010097026824951172,6.0099500842625275e-05,False
T;T;N;N;G,V;M;K;K;H,"198,51,233,114,251",0.0010097026824951172,6.117238808656111e-05,False
T;T;N;N;L,V;M;K;K;P,"198,51,233,114,216",0.005413234233856201,0.0003690872108563781,False
T;T;N;N;S,V;M;K;K;W,"198,51,233,114,58",0.0010097026824951172,5.962266368442215e-05,False
T;T;N;N;A,V;M;K;K;E,"198,51,233,114,152",0.0010097026824951172,5.962266368442215e-05,False
T;T;N;N;T,V;M;K;K;N,"198,51,233,114,88",0.0010097026824951172,7.475531310774386e-05,False
T;T;N;N;S,V;M;K;K;K,"198,51,233,114,58",0.0010097026824951172,5.962266368442215e-05,False
T;T;N;N;L,V;M;K;K;C,"198,51,233,114,249",0.0010097026824951172,5.96517747908365e-05,False
T;T;N;N;N,V;M;K;K;T,"198,51,233,114,190",0.0010097026824951172,5.9834746934939176e-05,False
T;T;N;N;S,V;M;K;K;V,"198,51,233,114,223",0.0010097026824951172,5.962266368442215e-05,False
T;T;N;N;A,V;M;K;K;W,"198,51,233,114,65",0.0010097026824951172,6.153278809506446e-05,False
T;T;N;N;K,V;M;K;K;Y,"198,51,233,114,253",0.0010097026824951172,5.9653160860762e-05,False
T;T;N;N;R,V;M;K;K;S,"198,51,233,114,90",0.008243739604949951,0.0005329334526322782,False
T;T;N;N;T,V;M;K;K;M,"198,51,233,114,29",0.0010097026824951172,5.962266368442215e-05,False
T;T;N;N;M,V;M;K;K;L,"198,51,233,114,262",0.0010097026824951172,5.962266368442215e-05,False
T;T;N;N;A,V;M;K;K;L,"198,51,233,114,272",0.0010097026824951172,5.962266368442215e-05,False
T;T;N;N;R,V;M;K;K;N,"198,51,233,114,90",0.004311025142669678,0.0002949126937892288,False
T;T;N;N;R,V;M;K;K;T,"198,51,233,114,90",0.004466652870178223,0.0003367537574376911,False
T;T;N;N;G,V;M;K;K;T,"198,51,233,114,254",0.0010374188423156738,6.023950481903739e-05,False
T;T;N;N;R,V;M;K;K;P,"198,51,233,114,90",0.012117266654968262,0.0007086590048857033,False
T;T;N;N;N,V;M;K;K;Y,"198,51,233,114,37",0.0010097026824951172,5.962266368442215e-05,False
T;T;N;N;Q,V;M;K;K;I,"198,51,233,114,182",0.820452868938446,0.01991928182542324,True
T;T;N;N;R,V;M;K;K;A,"198,51,233,114,90",0.006043195724487305,0.0004455391608644277,False
T;T;N;N;K,V;M;K;K;F,"198,51,233,114,253",0.0010097026824951172,5.966563549009152e-05,False
T;T;N;N;Y,V;M;K;K;S,"198,51,233,114,63",0.0010097026824951172,6.212051812326536e-05,False
T;T;N;N;Q,V;M;K;K;M,"198,51,233,114,127",0.004263103008270264,0.00029962422559037805,False
T;T;N;N;Q,V;M;K;K;L,"198,51,233,114,182",0.6587477922439575,0.0160113163292408,False
T;T;N;N;K,V;M;K;K;A,"198,51,233,114,253",0.0010097026824951172,5.9809794038301334e-05,False
T;T;N;N;K,V;M;K;K;V,"198,51,233,114,253",0.0010097026824951172,5.983613300486468e-05,False
T;T;N;N;Q,V;M;K;K;F,"198,51,233,114,182",0.4501078724861145,0.011302598752081394,False
T;T;N;N;R,V;M;K;K;D,"198,51,233,114,90",0.014555573463439941,0.0007673099753446877,False
T;T;N;N;Q,V;M;K;K;A,"198,51,233,114,127",0.0011267662048339844,0.00011618054122664034,False
T;T;N;N;Y,V;M;K;K;T,"198,51,233,114,63",0.0010097026824951172,6.144130020402372e-05,False
T;T;N;N;Q,V;M;K;K;V,"198,51,233,114,182",0.7841917276382446,0.01889752596616745,True
T;T;N;N;K,V;M;K;K;L,"198,51,233,114,253",0.0010097026824951172,5.9768211940536276e-05,False
T;T;N;N;C,V;M;K;K;S,"198,51,233,114,289",0.0010097026824951172,5.962266368442215e-05,False
T;T;N;N;Y,V;M;K;K;G,"198,51,233,114,63",0.0010097026824951172,6.390865746652707e-05,False
T;T;N;N;M,V;M;K;K;V,"198,51,233,114,154",0.0010091066360473633,5.961711940472014e-05,False
T;T;N;N;Q,V;M;K;K;T,"198,51,233,114,127",0.0009865760803222656,8.422136306762695e-05,False
T;T;N;N;A,V;M;K;K;D,"198,51,233,114,226",0.0010421276092529297,6.03767330176197e-05,False
T;T;N;N;C,V;M;K;K;A,"198,51,233,114,289",0.0010097026824951172,5.962266368442215e-05,False
T;T;N;N;R,V;M;K;K;Q,"198,51,233,114,224",0.0010097026824951172,5.962266368442215e-05,False
T;T;N;N;S,V;M;K;K;E,"198,51,233,114,136",0.0010097026824951172,5.962266368442215e-05,False
T;T;N;N;D,V;M;K;K;N,"198,51,233,114,186",0.12744390964508057,0.003063980955630541,False
T;T;N;N;R,V;M;K;K;A,"198,51,233,114,280",0.0010097026824951172,6.419697456294671e-05,False
T;T;N;N;S,V;M;K;K;F,"198,51,233,114,238",0.4969698190689087,0.012213910929858685,False
T;T;N;N;S,V;M;K;K;Q,"198,51,233,114,188",0.0010097026824951172,6.780097464798018e-05,False
T;T;N;N;S,V;M;K;K;H,"198,51,233,114,214",0.2391982078552246,0.005728262942284346,False
T;T;N;N;L,V;M;K;K;F,"198,51,233,114,117",0.0010097026824951172,6.44575702608563e-05,False
T;T;N;N;Q,V;M;K;K;Y,"198,51,233,114,119",0.0018875598907470703,0.00014734960859641433,False
T;T;N;N;G,V;M;K;K;A,"198,51,233,114,165",0.22909623384475708,0.005613618064671755,False
T;T;N;N;S,V;M;K;K;E,"198,51,233,114,121",0.004568338394165039,0.00018795700452756137,False
T;T;N;N;I,V;M;K;K;R,"198,51,233,114,168",0.003550410270690918,0.0002737461181823164,False
T;T;N;N;N,V;M;K;K;H,"198,51,233,114,205",0.17986446619033813,0.004313833545893431,False
T;T;N;N;S,V;M;K;K;Y,"198,51,233,114,269",0.0010097026824951172,5.962266368442215e-05,False
T;T;N;N;S,V;M;K;K;T,"198,51,233,114,214",0.07349812984466553,0.0017931405454874039,False
T;T;N;N;I,V;M;K;K;R,"198,51,233,114,218",0.006706297397613525,0.00029447051929309964,False
T;T;N;N;P,V;M;K;K;K,"198,51,233,114,120",0.39946919679641724,0.009389746934175491,False
T;T;N;N;M,V;M;K;K;H,"198,51,233,114,161",0.24976086616516113,0.006022996734827757,False
T;T;N;N;I,V;M;K;K;H,"198,51,233,114,168",0.004479050636291504,0.0003087867225985974,False
T;T;N;N;P,V;M;K;K;V,"198,51,233,114,184",0.5693881511688232,0.015147149562835693,False
T;T;N;N;W,V;M;K;K;P,"198,51,233,114,185",0.37204766273498535,0.00989089161157608,False
T;T;N;N;S,V;M;K;K;H,"198,51,233,114,187",0.0010097026824951172,7.739871216472238e-05,False
T;T;N;N;S,V;M;K;K;P,"198,51,233,114,188",0.0010097026824951172,6.114604911999777e-05,False
T;T;N;N;T,V;M;K;K;Y,"198,51,233,114,189",0.0032886266708374023,0.0002040142280748114,False
T;T;N;N;F,V;M;K;K;M,"198,51,233,114,191",0.0010030269622802734,5.9524249081732705e-05,False
S;D;T;S;S,E;H;P;F;N,"121,186,116,238,124",0.4964901804924011,0.017309442162513733,False
S;D;T;S;G,E;H;P;F;Q,"121,186,116,238,243",0.49548429250717163,0.017293304204940796,False
S;D;T;S;G,E;H;P;F;L,"121,186,116,238,243",0.49577492475509644,0.017469288781285286,False
S;D;T;S;T,E;H;P;F;E,"121,186,116,238,270",0.4964901804924011,0.01726989634335041,False
S;D;T;S;R,E;H;P;F;V,"121,186,116,238,34",0.4964901804924011,0.01726989634335041,False
S;D;T;S;G,E;H;P;F;K,"121,186,116,238,243",0.495977520942688,0.017307989299297333,False
S;D;T;S;D,E;H;P;F;Q,"121,186,116,238,220",0.4964901804924011,0.01726704090833664,False
S;D;T;S;S,E;H;P;F;K,"121,186,116,238,124",0.4964901804924011,0.017345817759633064,False
S;D;T;S;F,E;H;P;F;E,"121,186,116,238,271",0.4964901804924011,0.01726989634335041,False
S;D;T;S;G,E;H;P;F;Q,"121,186,116,238,164",0.4964901804924011,0.022590018808841705,False
S;D;T;S;A,E;H;P;F;D,"121,186,116,238,130",0.4964901804924011,0.017270684242248535,False
S;D;T;S;W,E;H;P;F;C,"121,186,116,238,257",0.4964901804924011,0.017270391806960106,False
S;D;T;S;Q,E;H;P;F;N,"121,186,116,238,127",0.4964901804924011,0.017300300300121307,False
S;D;T;S;Q,E;H;P;F;R,"121,186,116,238,127",0.4964901804924011,0.017305105924606323,False
S;D;T;S;F,E;H;P;F;M,"121,186,116,238,271",0.4964901804924011,0.01726989634335041,False
S;D;T;S;S,E;H;P;F;A,"121,186,116,238,124",0.4964901804924011,0.017289113253355026,False
S;D;T;S;G,E;H;P;F;I,"121,186,116,238,243",0.49579858779907227,0.017484955489635468,False
S;D;T;S;Q,E;H;P;F;I,"121,186,116,238,127",0.4964901804924011,0.01765063963830471,False
S;D;T;S;A,E;H;P;F;V,"121,186,116,238,65",0.4964901804924011,0.01727001741528511,False
S;D;T;S;Q,E;H;P;F;E,"121,186,116,238,133",0.4964901804924011,0.01726989634335041,False
S;D;T;S;S,E;H;P;F;T,"121,186,116,238,124",0.4964901804924011,0.01729174517095089,False
S;D;T;S;Q,E;H;P;F;K,"121,186,116,238,127",0.4964901804924011,0.017300313338637352,False
S;D;T;S;Q,E;H;P;F;W,"121,186,116,238,133",0.4964901804924011,0.01726989634335041,False
S;D;T;S;D,E;H;P;F;L,"121,186,116,238,220",0.4964901804924011,0.01726909913122654,False
S;D;T;S;T,E;H;P;F;D,"121,186,116,238,88",0.4964901804924011,0.01757175847887993,False
S;D;T;S;R,E;H;P;F;N,"121,186,116,238,132",0.4964901804924011,0.01726989634335041,False
S;D;T;S;Q,E;H;P;F;D,"121,186,116,238,127",0.4964901804924011,0.017275363206863403,False
S;D;T;S;A,E;H;P;F;Y,"121,186,116,238,215",0.5178453922271729,0.030017869547009468,False
S;D;T;S;L,E;H;P;F;K,"121,186,116,238,249",0.4964901804924011,0.017276180908083916,False
S;D;T;S;R,E;H;P;F;Y,"121,186,116,238,123",0.4964901804924011,0.017437482252717018,False
S;D;T;S;F,E;H;P;F;W,"121,186,116,238,271",0.4964901804924011,0.01726989634335041,False
S;D;T;S;S,E;H;P;F;D,"121,186,116,238,58",0.4964901804924011,0.01726989634335041,False
S;D;T;S;N,E;H;P;F;I,"121,186,116,238,37",0.4964901804924011,0.01726989634335041,False
S;D;T;S;C,E;H;P;F;D,"121,186,116,238,289",0.4964901804924011,0.01726989634335041,False
S;D;T;S;A,E;H;P;F;P,"121,186,116,238,152",0.4964901804924011,0.01726989634335041,False
S;D;T;S;G,E;H;P;F;P,"121,186,116,238,243",0.4958188533782959,0.017279502004384995,False
S;D;T;S;S,E;H;P;F;E,"121,186,116,238,115",0.4964901804924011,0.0172539371997118,False
S;D;T;S;L,E;H;P;F;Q,"121,186,116,238,216",0.4964901804924011,0.017692578956484795,False
S;D;T;S;N,E;H;P;F;P,"121,186,116,238,277",0.4964901804924011,0.017269911244511604,False
S;D;T;S;R,E;H;P;F;Q,"121,186,116,238,132",0.4964901804924011,0.01726989634335041,False
S;D;T;S;N,E;H;P;F;Y,"121,186,116,238,244",0.4862520694732666,0.01765093393623829,False
S;D;T;S;H,E;H;P;F;T,"121,186,116,238,104",0.4964901804924011,0.01726989634335041,False
S;D;T;S;S,E;H;P;F;V,"121,186,116,238,58",0.4964901804924011,0.01726989634335041,False
S;D;T;S;H,E;H;P;F;L,"121,186,116,238,104",0.4964901804924011,0.01726989634335041,False
S;D;T;S;P,E;H;P;F;Q,"121,186,116,238,38",0.4964901804924011,0.01726989634335041,False
S;D;T;S;R,E;H;P;F;L,"121,186,116,238,53",0.4964901804924011,0.01726989634335041,False
S;D;T;S;A,E;H;P;F;T,"121,186,116,238,180",0.4964901804924011,0.017360305413603783,False
S;D;T;S;P,E;H;P;F;D,"121,186,116,238,197",0.4964901804924011,0.017269950360059738,False
S;D;T;S;T,E;H;P;F;V,"121,186,116,238,198",0.4964901804924011,0.017287325114011765,False
S;D;T;S;A,E;H;P;F;M,"121,186,116,238,135",0.4964901804924011,0.01726989634335041,False
S;D;T;S;I,E;H;P;F;L,"121,186,116,238,111",0.4964901804924011,0.017270229756832123,False
S;D;T;S;G,E;H;P;F;S,"121,186,116,238,243",0.496104896068573,0.01729600876569748,False
S;D;T;S;Q,E;H;P;F;L,"121,186,116,238,127",0.4964901804924011,0.017584599554538727,False
S;D;T;S;Q,E;H;P;F;H,"121,186,116,238,127",0.4964901804924011,0.01727629452943802,False
S;D;T;S;W,E;H;P;F;I,"121,186,116,238,159",0.4970371127128601,0.02439305931329727,False
S;D;T;S;Q,E;H;P;F;P,"121,186,116,238,127",0.4964901804924011,0.017318962141871452,False
S;D;T;S;S,E;H;P;F;N,"121,186,116,238,103",0.4964901804924011,0.01726989634335041,False
S;D;T;S;A,E;H;P;F;Y,"121,186,116,238,179",0.4964901804924011,0.017476381734013557,False
S;D;T;S;W,E;H;P;F;K,"121,186,116,238,257",0.4964901804924011,0.017269998788833618,False
S;D;T;S;L,E;H;P;F;M,"121,186,116,238,216",0.4964901804924011,0.01735890656709671,False
S;D;T;S;Q,E;H;P;F;E,"121,186,116,238,127",0.4964901804924011,0.01733463443815708,False
S;D;T;S;G,E;H;P;F;A,"121,186,116,238,243",0.4963464140892029,0.017338495701551437,False
S;D;T;S;A,E;H;P;F;N,"121,186,116,238,226",0.4964901804924011,0.017269836738705635,False
S;D;T;S;L,E;H;P;F;I,"121,186,116,238,216",0.4964901804924011,0.017271380871534348,False
S;D;T;S;C,E;H;P;F;L,"121,186,116,238,289",0.4964901804924011,0.01726989634335041,False
S;D;T;S;S,E;H;P;F;E,"121,186,116,238,207",0.6314345598220825,0.03259466588497162,False
S;D;T;S;M,E;H;P;F;L,"121,186,116,238,154",0.4964901804924011,0.0172699224203825,False
S;D;T;S;M,E;H;P;F;P,"121,186,116,238,222",0.4964901804924011,0.017268985509872437,False
S;D;T;S;G,E;H;P;F;T,"121,186,116,238,251",0.4964901804924011,0.017293596640229225,False
S;D;T;S;P,E;H;P;F;L,"121,186,116,238,38",0.4964901804924011,0.01726989634335041,False
S;D;T;S;L,E;H;P;F;W,"121,186,116,238,216",0.4964901804924011,0.017658589407801628,False
S;D;T;S;T,E;H;P;F;L,"121,186,116,238,72",0.4964901804924011,0.01726989634335041,False
S;D;T;S;S,E;H;P;F;P,"121,186,116,238,245",0.49632012844085693,0.0172723475843668,False
S;D;T;S;I,E;H;P;F;W,"121,186,116,238,111",0.4964901804924011,0.017474062740802765,False
S;D;T;S;L,E;H;P;F;D,"121,186,116,238,249",0.4964901804924011,0.01730661652982235,False
S;D;T;S;E,E;H;P;F;K,"121,186,116,238,231",0.4968028664588928,0.017275894060730934,False
S;D;T;S;D,E;H;P;F;K,"121,186,116,238,263",0.4964901804924011,0.01726989634335041,False
S;D;T;S;T,E;H;P;F;M,"121,186,116,238,51",0.4964901804924011,0.01726989634335041,False
S;D;T;S;L,E;H;P;F;E,"121,186,116,238,216",0.4964901804924011,0.018124930560588837,False
S;D;T;S;I,E;H;P;F;H,"121,186,116,238,145",0.4964901804924011,0.01726989634335041,False
S;D;T;S;I,E;H;P;F;L,"121,186,116,238,145",0.4964901804924011,0.01726989634335041,False
S;D;T;S;H,E;H;P;F;M,"121,186,116,238,104",0.4964901804924011,0.01726989634335041,False
S;D;T;S;R,E;H;P;F;P,"121,186,116,238,280",0.4964901804924011,0.017310548573732376,False
S;D;T;S;L,E;H;P;F;F,"121,186,116,238,216",0.4964901804924011,0.017336484044790268,False
S;D;T;S;S,E;H;P;F;D,"121,186,116,238,103",0.4964901804924011,0.01726989634335041,False
S;D;T;S;I,E;H;P;F;V,"121,186,116,238,200",0.496463418006897,0.017247742041945457,False
S;D;T;S;T,E;H;P;F;K,"121,186,116,238,88",0.4964901804924011,0.017311938107013702,False
S;D;T;S;N,E;H;P;F;K,"121,186,116,238,138",0.4964901804924011,0.01726989634335041,False
S;D;T;S;A,E;H;P;F;L,"121,186,116,238,65",0.4964901804924011,0.017270226031541824,False
S;D;T;S;Q,E;H;P;F;T,"121,186,116,238,91",0.4964901804924011,0.017336810007691383,False
S;D;T;S;G,E;H;P;F;D,"121,186,116,238,163",0.4965406060218811,0.027796369045972824,False
S;D;T;S;A,E;H;P;F;M,"121,186,116,238,65",0.4964901804924011,0.017270730808377266,False
S;D;T;S;V,E;H;P;F;D,"121,186,116,238,57",0.4964901804924011,0.01726989634335041,False
S;D;T;S;Q,E;H;P;F;V,"121,186,116,238,127",0.4964901804924011,0.01756558008491993,False
S;D;T;S;V,E;H;P;F;C,"121,186,116,238,281",0.4964901804924011,0.01728624664247036,False
S;D;T;S;T,E;H;P;F;V,"121,186,116,238,72",0.4964901804924011,0.01726989634335041,False
S;D;T;S;Q,E;H;P;F;N,"121,186,116,238,133",0.4964901804924011,0.01726989634335041,False
S;D;T;S;R,E;H;P;F;K,"121,186,116,238,53",0.4964901804924011,0.01726989634335041,False
S;D;T;S;S,E;H;P;F;P,"121,186,116,238,125",0.4964901804924011,0.01728319376707077,False
S;D;T;S;T,E;H;P;F;Q,"121,186,116,238,88",0.4964901804924011,0.0172788817435503,False
S;D;T;S;N,E;H;P;F;L,"121,186,116,238,138",0.4964901804924011,0.01726989634335041,False
S;D;T;S;H,E;H;P;F;R,"121,186,116,238,104",0.4964901804924011,0.01726989634335041,False
S;D;T;S;W,E;H;P;F;P,"121,186,116,238,159",0.4971744418144226,0.025418631732463837,False
S;D;T;S;S,E;H;P;F;Y,"121,186,116,238,242",0.4953819513320923,0.017519183456897736,False
S;D;T;S;A,E;H;P;F;F,"121,186,116,238,65",0.4964901804924011,0.017271097749471664,False
S;D;T;S;G,E;H;P;F;H,"121,186,116,238,251",0.4964901804924011,0.017311912029981613,False
S;D;T;S;L,E;H;P;F;P,"121,186,116,238,216",0.4964901804924011,0.01762242056429386,False
S;D;T;S;S,E;H;P;F;W,"121,186,116,238,58",0.4964901804924011,0.01726989634335041,False
S;D;T;S;A,E;H;P;F;E,"121,186,116,238,152",0.4964901804924011,0.01726989634335041,False
S;D;T;S;T,E;H;P;F;N,"121,186,116,238,88",0.4964901804924011,0.01731210947036743,False
S;D;T;S;T,E;H;P;F;N,"121,186,116,238,198",0.4964901804924011,0.017275923863053322,False
S;D;T;S;S,E;H;P;F;K,"121,186,116,238,58",0.4964901804924011,0.01726989634335041,False
S;D;T;S;L,E;H;P;F;C,"121,186,116,238,249",0.4964901804924011,0.017268991097807884,False
S;D;T;S;N,E;H;P;F;T,"121,186,116,238,190",0.4964901804924011,0.017274092882871628,False
S;D;T;S;S,E;H;P;F;V,"121,186,116,238,223",0.4964901804924011,0.01726989634335041,False
S;D;T;S;A,E;H;P;F;W,"121,186,116,238,65",0.4964901804924011,0.01727304980158806,False
S;D;T;S;K,E;H;P;F;Y,"121,186,116,238,253",0.4964901804924011,0.017275916412472725,False
S;D;T;S;R,E;H;P;F;S,"121,186,116,238,90",0.4964901804924011,0.017913149669766426,False
S;D;T;S;T,E;H;P;F;M,"121,186,116,238,29",0.4964901804924011,0.01726989634335041,False
S;D;T;S;M,E;H;P;F;L,"121,186,116,238,262",0.4964901804924011,0.01726989634335041,False
S;D;T;S;A,E;H;P;F;L,"121,186,116,238,272",0.4964901804924011,0.01726989634335041,False
S;D;T;S;R,E;H;P;F;N,"121,186,116,238,90",0.4964901804924011,0.017617275938391685,False
S;D;T;S;R,E;H;P;F;T,"121,186,116,238,90",0.4964901804924011,0.017652012407779694,False
S;D;T;S;G,E;H;P;F;T,"121,186,116,238,254",0.4964901804924011,0.017275426536798477,False
S;D;T;S;R,E;H;P;F;P,"121,186,116,238,90",0.4964901804924011,0.01813390478491783,False
S;D;T;S;N,E;H;P;F;Y,"121,186,116,238,37",0.4964901804924011,0.01726989634335041,False
S;D;T;S;Q,E;H;P;F;I,"121,186,116,238,182",0.8243659734725952,0.03788677603006363,True
S;D;T;S;R,E;H;P;F;A,"121,186,116,238,90",0.4964901804924011,0.017779191955924034,False
S;D;T;S;K,E;H;P;F;F,"121,186,116,238,253",0.4964901804924011,0.017268627882003784,False
S;D;T;S;Y,E;H;P;F;S,"121,186,116,238,63",0.4964901804924011,0.017272038385272026,False
S;D;T;S;Q,E;H;P;F;M,"121,186,116,238,127",0.4964901804924011,0.017501743510365486,False
S;D;T;S;K,E;H;P;F;A,"121,186,116,238,253",0.4964901804924011,0.017261473461985588,False
S;D;T;S;K,E;H;P;F;V,"121,186,116,238,253",0.4964901804924011,0.01726125180721283,False
S;D;T;S;Q,E;H;P;F;F,"121,186,116,238,182",0.49647390842437744,0.029261207208037376,False
S;D;T;S;R,E;H;P;F;D,"121,186,116,238,90",0.4964901804924011,0.018107691779732704,False
S;D;T;S;Q,E;H;P;F;A,"121,186,116,238,127",0.4964901804924011,0.0173276849091053,False
S;D;T;S;Y,E;H;P;F;T,"121,186,116,238,63",0.4964901804924011,0.01727142371237278,False
S;D;T;S;Q,E;H;P;F;V,"121,186,116,238,182",0.7881606221199036,0.03676386922597885,True
S;D;T;S;K,E;H;P;F;L,"121,186,116,238,253",0.4964901804924011,0.017263349145650864,False
S;D;T;S;C,E;H;P;F;S,"121,186,116,238,289",0.4964901804924011,0.01726989634335041,False
S;D;T;S;Y,E;H;P;F;G,"121,186,116,238,63",0.4964901804924011,0.01727364957332611,False
S;D;T;S;M,E;H;P;F;V,"121,186,116,238,154",0.4964901804924011,0.017269937321543694,False
S;D;T;S;Q,E;H;P;F;T,"121,186,116,238,127",0.4964901804924011,0.017296863719820976,False
S;D;T;S;A,E;H;P;F;D,"121,186,116,238,226",0.4964901804924011,0.017269879579544067,False
S;D;T;S;C,E;H;P;F;A,"121,186,116,238,289",0.4964901804924011,0.01726989634335041,False
S;D;T;S;R,E;H;P;F;Q,"121,186,116,238,224",0.4964901804924011,0.01726989634335041,False
S;D;T;S;N,E;H;P;F;K,"121,186,116,238,233",0.4969698190689087,0.017335761338472366,False
S;D;T;S;S,E;H;P;F;E,"121,186,116,238,136",0.4964901804924011,0.01726989634335041,False
S;D;T;S;R,E;H;P;F;A,"121,186,116,238,280",0.4964901804924011,0.0172839667648077,False
S;D;T;S;S,E;H;P;F;Q,"121,186,116,238,188",0.4964901804924011,0.01727750152349472,False
S;D;T;S;S,E;H;P;F;H,"121,186,116,238,214",0.4964901804924011,0.02272045612335205,False
S;D;T;S;L,E;H;P;F;F,"121,186,116,238,117",0.4964901804924011,0.017265448346734047,False
S;D;T;S;Q,E;H;P;F;Y,"121,186,116,238,119",0.4964901804924011,0.01735505647957325,False
S;D;T;S;G,E;H;P;F;A,"121,186,116,238,165",0.4964901804924011,0.02280200831592083,False
S;D;T;S;I,E;H;P;F;R,"121,186,116,238,168",0.4964901804924011,0.017512379214167595,False
S;D;T;S;N,E;H;P;F;H,"121,186,116,238,205",0.4967777132987976,0.021849997341632843,False
S;D;T;S;S,E;H;P;F;Y,"121,186,116,238,269",0.4964901804924011,0.01726989634335041,False
S;D;T;S;S,E;H;P;F;T,"121,186,116,238,214",0.4964901804924011,0.018653525039553642,False
S;D;T;S;I,E;H;P;F;R,"121,186,116,238,218",0.4964901804924011,0.017565399408340454,False
S;D;T;S;P,E;H;P;F;K,"121,186,116,238,120",0.4964901804924011,0.026956403627991676,False
S;D;T;S;M,E;H;P;F;H,"121,186,116,238,161",0.4964901804924011,0.023397816345095634,False
S;D;T;S;I,E;H;P;F;H,"121,186,116,238,168",0.4964901804924011,0.017562968656420708,False
S;D;T;S;N,E;H;P;F;K,"121,186,116,238,114",0.4964901804924011,0.017271606251597404,False
S;D;T;S;P,E;H;P;F;V,"121,186,116,238,184",0.5764585733413696,0.032858338207006454,False
S;D;T;S;W,E;H;P;F;P,"121,186,116,238,185",0.496326208114624,0.026606451719999313,False
S;D;T;S;S,E;H;P;F;H,"121,186,116,238,187",0.4964901804924011,0.01722855679690838,False
S;D;T;S;S,E;H;P;F;P,"121,186,116,238,188",0.4964901804924011,0.017251793295145035,False
S;D;T;S;T,E;H;P;F;Y,"121,186,116,238,189",0.4964901804924011,0.01728665456175804,False
S;D;T;S;F,E;H;P;F;M,"121,186,116,238,191",0.4964901804924011,0.017269305884838104,False
T;T;T;S;S,L;M;E;F;N,"72,51,270,238,124",0.4964901804924011,0.012143770232796669,False
T;T;T;S;G,L;M;E;F;Q,"72,51,270,238,243",0.49548429250717163,0.012150714173913002,False
T;T;T;S;G,L;M;E;F;L,"72,51,270,238,243",0.49577492475509644,0.012326674535870552,False
T;T;T;S;R,L;M;E;F;V,"72,51,270,238,34",0.4964901804924011,0.012127243913710117,False
T;T;T;S;G,L;M;E;F;K,"72,51,270,238,243",0.495977520942688,0.012165366671979427,False
T;T;T;S;D,L;M;E;F;Q,"72,51,270,238,220",0.4964901804924011,0.012127607129514217,False
T;T;T;S;S,L;M;E;F;K,"72,51,270,238,124",0.4964901804924011,0.012207241728901863,False
T;T;T;S;F,L;M;E;F;E,"72,51,270,238,271",0.4964901804924011,0.012127243913710117,False
T;T;T;S;G,L;M;E;F;Q,"72,51,270,238,164",0.4964901804924011,0.01723882369697094,False
T;T;T;S;A,L;M;E;F;D,"72,51,270,238,130",0.4964901804924011,0.012128682807087898,False
T;T;T;S;W,L;M;E;F;C,"72,51,270,238,257",0.4964901804924011,0.012127606198191643,False
T;T;T;S;Q,L;M;E;F;N,"72,51,270,238,127",0.4964901804924011,0.012153004296123981,False
T;T;T;S;Q,L;M;E;F;R,"72,51,270,238,127",0.4964901804924011,0.012164019979536533,False
T;T;T;S;F,L;M;E;F;M,"72,51,270,238,271",0.4964901804924011,0.012127243913710117,False
T;T;T;S;S,L;M;E;F;A,"72,51,270,238,124",0.4964901804924011,0.012158005498349667,False
T;T;T;S;G,L;M;E;F;I,"72,51,270,238,243",0.49579858779907227,0.012342333793640137,False
T;T;T;S;Q,L;M;E;F;I,"72,51,270,238,127",0.4964901804924011,0.012532616965472698,False
T;T;T;S;A,L;M;E;F;V,"72,51,270,238,65",0.4964901804924011,0.01212733332067728,False
T;T;T;S;Q,L;M;E;F;E,"72,51,270,238,133",0.4964901804924011,0.012127243913710117,False
T;T;T;S;S,L;M;E;F;T,"72,51,270,238,124",0.4964901804924011,0.012143092229962349,False
T;T;T;S;Q,L;M;E;F;K,"72,51,270,238,127",0.4964901804924011,0.012150735594332218,False
T;T;T;S;Q,L;M;E;F;W,"72,51,270,238,133",0.4964901804924011,0.012127243913710117,False
T;T;T;S;D,L;M;E;F;L,"72,51,270,238,220",0.4964901804924011,0.012129316106438637,False
T;T;T;S;T,L;M;E;F;D,"72,51,270,238,88",0.4964901804924011,0.012309979647397995,False
T;T;T;S;R,L;M;E;F;N,"72,51,270,238,132",0.4964901804924011,0.012127243913710117,False
T;T;T;S;Q,L;M;E;F;D,"72,51,270,238,127",0.4964901804924011,0.01213815063238144,False
T;T;T;S;A,L;M;E;F;Y,"72,51,270,238,215",0.5180116295814514,0.024991434067487717,False
T;T;T;S;L,L;M;E;F;K,"72,51,270,238,249",0.4964901804924011,0.012133530341088772,False
T;T;T;S;R,L;M;E;F;Y,"72,51,270,238,123",0.4964901804924011,0.01233229972422123,False
T;T;T;S;F,L;M;E;F;W,"72,51,270,238,271",0.4964901804924011,0.012127243913710117,False
T;T;T;S;S,L;M;E;F;D,"72,51,270,238,58",0.4964901804924011,0.012127243913710117,False
T;T;T;S;N,L;M;E;F;I,"72,51,270,238,37",0.4964901804924011,0.012127243913710117,False
T;T;T;S;C,L;M;E;F;D,"72,51,270,238,289",0.4964901804924011,0.012127243913710117,False
T;T;T;S;A,L;M;E;F;P,"72,51,270,238,152",0.4964901804924011,0.012127243913710117,False
T;T;T;S;D,L;M;E;F;V,"72,51,270,238,186",0.7238578200340271,0.029392564669251442,True
T;T;T;S;G,L;M;E;F;P,"72,51,270,238,243",0.4958188533782959,0.012136883102357388,False
T;T;T;S;S,L;M;E;F;E,"72,51,270,238,115",0.4964901804924011,0.0121293431147933,False
T;T;T;S;L,L;M;E;F;Q,"72,51,270,238,216",0.4964901804924011,0.012515346519649029,False
T;T;T;S;N,L;M;E;F;P,"72,51,270,238,277",0.4964901804924011,0.01212726067751646,False
T;T;T;S;R,L;M;E;F;Q,"72,51,270,238,132",0.4964901804924011,0.012127243913710117,False
T;T;T;S;N,L;M;E;F;Y,"72,51,270,238,244",0.4862520694732666,0.01250818558037281,False
T;T;T;S;H,L;M;E;F;T,"72,51,270,238,104",0.4964901804924011,0.012127243913710117,False
T;T;T;S;S,L;M;E;F;V,"72,51,270,238,58",0.4964901804924011,0.012127243913710117,False
T;T;T;S;H,L;M;E;F;L,"72,51,270,238,104",0.4964901804924011,0.012127243913710117,False
T;T;T;S;P,L;M;E;F;Q,"72,51,270,238,38",0.4964901804924011,0.012127243913710117,False
T;T;T;S;R,L;M;E;F;L,"72,51,270,238,53",0.4964901804924011,0.012127243913710117,False
T;T;T;S;A,L;M;E;F;T,"72,51,270,238,180",0.4964901804924011,0.012212046422064304,False
T;T;T;S;P,L;M;E;F;D,"72,51,270,238,197",0.4964901804924011,0.012127399444580078,False
T;T;T;S;A,L;M;E;F;M,"72,51,270,238,135",0.4964901804924011,0.012127243913710117,False
T;T;T;S;I,L;M;E;F;L,"72,51,270,238,111",0.4964901804924011,0.012129508890211582,False
T;T;T;S;G,L;M;E;F;S,"72,51,270,238,243",0.496104896068573,0.012153377756476402,False
T;T;T;S;Q,L;M;E;F;L,"72,51,270,238,127",0.4964901804924011,0.012463320046663284,False
T;T;T;S;Q,L;M;E;F;H,"72,51,270,238,127",0.4964901804924011,0.012132951989769936,False
T;T;T;S;W,L;M;E;F;I,"72,51,270,238,159",0.4970371127128601,0.019344354048371315,False
T;T;T;S;Q,L;M;E;F;P,"72,51,270,238,127",0.4964901804924011,0.012168649584054947,False
T;T;T;S;S,L;M;E;F;N,"72,51,270,238,103",0.4964901804924011,0.012127243913710117,False
T;T;T;S;A,L;M;E;F;Y,"72,51,270,238,179",0.4964901804924011,0.012327225878834724,False
T;T;T;S;W,L;M;E;F;K,"72,51,270,238,257",0.4964901804924011,0.012127338908612728,False
T;T;T;S;L,L;M;E;F;M,"72,51,270,238,216",0.4964901804924011,0.012201494537293911,False
T;T;T;S;Q,L;M;E;F;E,"72,51,270,238,127",0.4964901804924011,0.012203849852085114,False
T;T;T;S;G,L;M;E;F;A,"72,51,270,238,243",0.4963464140892029,0.012195848859846592,False
T;T;T;S;A,L;M;E;F;N,"72,51,270,238,226",0.4964901804924011,0.012127320282161236,False
T;T;T;S;L,L;M;E;F;I,"72,51,270,238,216",0.4964901804924011,0.012132726609706879,False
T;T;T;S;C,L;M;E;F;L,"72,51,270,238,289",0.4964901804924011,0.012127243913710117,False
T;T;T;S;S,L;M;E;F;E,"72,51,270,238,207",0.6314345598220825,0.027436666190624237,False
T;T;T;S;M,L;M;E;F;L,"72,51,270,238,154",0.4964901804924011,0.012127259746193886,False
T;T;T;S;M,L;M;E;F;P,"72,51,270,238,222",0.4964901804924011,0.012127327732741833,False
T;T;T;S;G,L;M;E;F;T,"72,51,270,238,251",0.4964901804924011,0.012150946073234081,False
T;T;T;S;P,L;M;E;F;L,"72,51,270,238,38",0.4964901804924011,0.012127243913710117,False
T;T;T;S;L,L;M;E;F;W,"72,51,270,238,216",0.4964901804924011,0.012507308274507523,False
T;T;T;S;S,L;M;E;F;P,"72,51,270,238,245",0.49632012844085693,0.0121297063305974,False
T;T;T;S;I,L;M;E;F;W,"72,51,270,238,111",0.4964901804924011,0.012361329980194569,False
T;T;T;S;L,L;M;E;F;D,"72,51,270,238,249",0.4964901804924011,0.012163965031504631,False
T;T;T;S;E,L;M;E;F;K,"72,51,270,238,231",0.4968028664588928,0.012134399265050888,False
T;T;T;S;D,L;M;E;F;K,"72,51,270,238,263",0.4964901804924011,0.012127243913710117,False
T;T;T;S;L,L;M;E;F;E,"72,51,270,238,216",0.4964901804924011,0.012980608269572258,False
T;T;T;S;S,L;M;E;F;T,"72,51,270,238,121",0.4964901804924011,0.012131153605878353,False
T;T;T;S;I,L;M;E;F;H,"72,51,270,238,145",0.4964901804924011,0.012127243913710117,False
T;T;T;S;I,L;M;E;F;L,"72,51,270,238,145",0.4964901804924011,0.012127243913710117,False
T;T;T;S;H,L;M;E;F;M,"72,51,270,238,104",0.4964901804924011,0.012127243913710117,False
T;T;T;S;R,L;M;E;F;P,"72,51,270,238,280",0.4964901804924011,0.012167913839221,False
T;T;T;S;L,L;M;E;F;F,"72,51,270,238,216",0.4964901804924011,0.012183357030153275,False
T;T;T;S;S,L;M;E;F;D,"72,51,270,238,103",0.4964901804924011,0.012127243913710117,False
T;T;T;S;I,L;M;E;F;V,"72,51,270,238,200",0.496463418006897,0.012106308713555336,False
T;T;T;S;T,L;M;E;F;K,"72,51,270,238,88",0.4964901804924011,0.012177181430161,False
T;T;T;S;N,L;M;E;F;K,"72,51,270,238,138",0.4964901804924011,0.012127243913710117,False
T;T;T;S;A,L;M;E;F;L,"72,51,270,238,65",0.4964901804924011,0.012127484194934368,False
T;T;T;S;Q,L;M;E;F;T,"72,51,270,238,91",0.4964901804924011,0.012159738689661026,False
T;T;T;S;G,L;M;E;F;D,"72,51,270,238,163",0.4965406060218811,0.022660529240965843,False
T;T;T;S;A,L;M;E;F;M,"72,51,270,238,65",0.4964901804924011,0.012127891182899475,False
T;T;T;S;K,L;M;E;F;L,"72,51,270,238,252",0.4964901804924011,0.012124011293053627,False
T;T;T;S;V,L;M;E;F;D,"72,51,270,238,57",0.4964901804924011,0.012127243913710117,False
T;T;T;S;Q,L;M;E;F;V,"72,51,270,238,127",0.4964901804924011,0.012443275190889835,False
T;T;T;S;V,L;M;E;F;C,"72,51,270,238,281",0.4964901804924011,0.012143608182668686,False
T;T;T;S;Q,L;M;E;F;N,"72,51,270,238,133",0.4964901804924011,0.012127243913710117,False
T;T;T;S;R,L;M;E;F;K,"72,51,270,238,53",0.4964901804924011,0.012127243913710117,False
T;T;T;S;S,L;M;E;F;P,"72,51,270,238,125",0.4964901804924011,0.012132120318710804,False
T;T;T;S;T,L;M;E;F;Q,"72,51,270,238,88",0.4964901804924011,0.012150665745139122,False
T;T;T;S;N,L;M;E;F;L,"72,51,270,238,138",0.4964901804924011,0.012127243913710117,False
T;T;T;S;H,L;M;E;F;R,"72,51,270,238,104",0.4964901804924011,0.012127243913710117,False
T;T;T;S;W,L;M;E;F;P,"72,51,270,238,159",0.4971744418144226,0.020382242277264595,False
T;T;T;S;S,L;M;E;F;Y,"72,51,270,238,242",0.4953819513320923,0.012389691546559334,False
T;T;T;S;A,L;M;E;F;F,"72,51,270,238,65",0.4964901804924011,0.01212821900844574,False
T;T;T;S;G,L;M;E;F;H,"72,51,270,238,251",0.4964901804924011,0.01216926146298647,False
T;T;T;S;L,L;M;E;F;P,"72,51,270,238,216",0.4964901804924011,0.012445562519133091,False
T;T;T;S;S,L;M;E;F;W,"72,51,270,238,58",0.4964901804924011,0.012127243913710117,False
T;T;T;S;A,L;M;E;F;E,"72,51,270,238,152",0.4964901804924011,0.012127243913710117,False
T;T;T;S;T,L;M;E;F;N,"72,51,270,238,88",0.4964901804924011,0.012142450548708439,False
T;T;T;S;T,L;M;E;F;N,"72,51,270,238,198",0.4964901804924011,0.01213215570896864,False
T;T;T;S;S,L;M;E;F;K,"72,51,270,238,58",0.4964901804924011,0.012127243913710117,False
T;T;T;S;L,L;M;E;F;C,"72,51,270,238,249",0.4964901804924011,0.01212634053081274,False
T;T;T;S;N,L;M;E;F;T,"72,51,270,238,190",0.4964901804924011,0.012127500958740711,False
T;T;T;S;S,L;M;E;F;V,"72,51,270,238,223",0.4964901804924011,0.012127243913710117,False
T;T;T;S;A,L;M;E;F;W,"72,51,270,238,65",0.4964901804924011,0.012129955925047398,False
T;T;T;S;K,L;M;E;F;Y,"72,51,270,238,253",0.4964901804924011,0.012133263982832432,False
T;T;T;S;R,L;M;E;F;S,"72,51,270,238,90",0.4964901804924011,0.012590888887643814,False
T;T;T;S;T,L;M;E;F;M,"72,51,270,238,29",0.4964901804924011,0.012127243913710117,False
T;T;T;S;M,L;M;E;F;L,"72,51,270,238,262",0.4964901804924011,0.012127243913710117,False
T;T;T;S;A,L;M;E;F;L,"72,51,270,238,272",0.4964901804924011,0.012127243913710117,False
T;T;T;S;R,L;M;E;F;N,"72,51,270,238,90",0.4964901804924011,0.012358555570244789,False
T;T;T;S;R,L;M;E;F;T,"72,51,270,238,90",0.4964901804924011,0.012398305349051952,False
T;T;T;S;G,L;M;E;F;T,"72,51,270,238,254",0.4964901804924011,0.012132792733609676,False
T;T;T;S;R,L;M;E;F;P,"72,51,270,238,90",0.4964901804924011,0.01276750210672617,False
T;T;T;S;N,L;M;E;F;Y,"72,51,270,238,37",0.4964901804924011,0.012127243913710117,False
T;T;T;S;Q,L;M;E;F;I,"72,51,270,238,182",0.8237277269363403,0.032720111310482025,True
T;T;T;S;R,L;M;E;F;A,"72,51,270,238,90",0.4964901804924011,0.01250244677066803,False
T;T;T;S;K,L;M;E;F;F,"72,51,270,238,253",0.4964901804924011,0.012125975452363491,False
T;T;T;S;Y,L;M;E;F;S,"72,51,270,238,63",0.4964901804924011,0.012128784321248531,False
T;T;T;S;Q,L;M;E;F;M,"72,51,270,238,127",0.4964901804924011,0.012376039288938046,False
T;T;T;S;Q,L;M;E;F;L,"72,51,270,238,182",0.6620137095451355,0.028742125257849693,True
T;T;T;S;K,L;M;E;F;A,"72,51,270,238,253",0.4964901804924011,0.01211882196366787,False
T;T;T;S;K,L;M;E;F;V,"72,51,270,238,253",0.4964901804924011,0.012118600308895111,False
T;T;T;S;Q,L;M;E;F;F,"72,51,270,238,182",0.49647390842437744,0.024074526503682137,False
T;T;T;S;R,L;M;E;F;D,"72,51,270,238,90",0.4964901804924011,0.012834634631872177,False
T;T;T;S;Q,L;M;E;F;A,"72,51,270,238,127",0.4964901804924011,0.01218410674482584,False
T;T;T;S;Y,L;M;E;F;T,"72,51,270,238,63",0.4964901804924011,0.012128281407058239,False
T;T;T;S;Q,L;M;E;F;V,"72,51,270,238,182",0.7874682545661926,0.03160557150840759,True
T;T;T;S;K,L;M;E;F;L,"72,51,270,238,253",0.4964901804924011,0.012120697647333145,False
T;T;T;S;C,L;M;E;F;S,"72,51,270,238,289",0.4964901804924011,0.012127243913710117,False
T;T;T;S;Y,L;M;E;F;G,"72,51,270,238,63",0.4964901804924011,0.012130184099078178,False
T;T;T;S;M,L;M;E;F;V,"72,51,270,238,154",0.4964901804924011,0.012127269059419632,False
T;T;T;S;Q,L;M;E;F;T,"72,51,270,238,127",0.4964901804924011,0.012150045484304428,False
T;T;T;S;A,L;M;E;F;D,"72,51,270,238,226",0.4964901804924011,0.012127410620450974,False
T;T;T;S;C,L;M;E;F;A,"72,51,270,238,289",0.4964901804924011,0.012127243913710117,False
T;T;T;S;R,L;M;E;F;Q,"72,51,270,238,224",0.4964901804924011,0.012127243913710117,False
T;T;T;S;N,L;M;E;F;K,"72,51,270,238,233",0.4969698190689087,0.012192949652671814,False
T;T;T;S;S,L;M;E;F;E,"72,51,270,238,136",0.4964901804924011,0.012127243913710117,False
T;T;T;S;D,L;M;E;F;N,"72,51,270,238,186",0.4964901804924011,0.015125501900911331,False
T;T;T;S;R,L;M;E;F;A,"72,51,270,238,280",0.4964901804924011,0.012141318060457706,False
T;T;T;S;S,L;M;E;F;Q,"72,51,270,238,188",0.4964901804924011,0.012135559692978859,False
T;T;T;S;S,L;M;E;F;H,"72,51,270,238,214",0.4964901804924011,0.017809702083468437,False
T;T;T;S;L,L;M;E;F;F,"72,51,270,238,117",0.4964901804924011,0.01213278342038393,False
T;T;T;S;Q,L;M;E;F;Y,"72,51,270,238,119",0.4964901804924011,0.012217419221997261,False
T;T;T;S;G,L;M;E;F;A,"72,51,270,238,165",0.4964901804924011,0.017695052549242973,False
T;T;T;S;S,L;M;E;F;E,"72,51,270,238,121",0.4964901804924011,0.012255058623850346,False
T;T;T;S;I,L;M;E;F;R,"72,51,270,238,168",0.4964901804924011,0.012343313544988632,False
T;T;T;S;N,L;M;E;F;H,"72,51,270,238,205",0.4967777132987976,0.01670849323272705,False
T;T;T;S;S,L;M;E;F;Y,"72,51,270,238,269",0.4964901804924011,0.012127243913710117,False
T;T;T;S;S,L;M;E;F;T,"72,51,270,238,214",0.4964901804924011,0.01386475469917059,False
T;T;T;S;I,L;M;E;F;R,"72,51,270,238,218",0.4964901804924011,0.012370415963232517,False
T;T;T;S;P,L;M;E;F;K,"72,51,270,238,120",0.4964901804924011,0.0214469563215971,False
T;T;T;S;M,L;M;E;F;H,"72,51,270,238,161",0.4964901804924011,0.018096519634127617,False
T;T;T;S;I,L;M;E;F;H,"72,51,270,238,168",0.4964901804924011,0.01237916573882103,False
T;T;T;S;N,L;M;E;F;K,"72,51,270,238,114",0.4964901804924011,0.012127367779612541,False
T;T;T;S;P,L;M;E;F;V,"72,51,270,238,184",0.5694893598556519,0.027417045086622238,False
T;T;T;S;W,L;M;E;F;P,"72,51,270,238,185",0.496326208114624,0.02173553965985775,False
T;T;T;S;S,L;M;E;F;H,"72,51,270,238,187",0.4964901804924011,0.012148368172347546,False
T;T;T;S;S,L;M;E;F;P,"72,51,270,238,188",0.4964901804924011,0.01212879829108715,False
T;T;T;S;T,L;M;E;F;Y,"72,51,270,238,189",0.4964901804924011,0.01227796170860529,False
T;T;T;S;F,L;M;E;F;M,"72,51,270,238,191",0.4964901804924011,0.012127256952226162,False
D;L;N;Q;S,L;F;K;M;N,"220,117,233,127,124",0.00472414493560791,0.0003044383483938873,False
D;L;N;Q;G,L;F;K;M;Q,"220,117,233,127,243",0.004376530647277832,0.00034145283279940486,False
D;L;N;Q;G,L;F;K;M;L,"220,117,233,127,243",0.004376530647277832,0.0003596003807615489,False
D;L;N;Q;T,L;F;K;M;E,"220,117,233,127,270",0.004376530647277832,0.00029112157062627375,False
D;L;N;Q;R,L;F;K;M;V,"220,117,233,127,34",0.004376530647277832,0.00029112157062627375,False
D;L;N;Q;G,L;F;K;M;K,"220,117,233,127,243",0.004376530647277832,0.00030137356952764094,False
D;L;N;Q;S,L;F;K;M;K,"220,117,233,127,124",0.005634188652038574,0.00042778393253684044,False
D;L;N;Q;F,L;F;K;M;E,"220,117,233,127,271",0.004376530647277832,0.00029112157062627375,False
D;L;N;Q;G,L;F;K;M;Q,"220,117,233,127,164",0.19827580451965332,0.005289237014949322,False
D;L;N;Q;A,L;F;K;M;D,"220,117,233,127,130",0.004855930805206299,0.00031205941922962666,False
D;L;N;Q;W,L;F;K;M;C,"220,117,233,127,257",0.004376530647277832,0.00028970075072720647,False
D;L;N;Q;S,L;F;K;M;M,"220,117,233,127,238",0.39194828271865845,0.00976946298032999,False
D;L;N;Q;F,L;F;K;M;M,"220,117,233,127,271",0.004376530647277832,0.00029112157062627375,False
D;L;N;Q;S,L;F;K;M;A,"220,117,233,127,124",0.005338490009307861,0.0003813505172729492,False
D;L;N;Q;G,L;F;K;M;I,"220,117,233,127,243",0.004376530647277832,0.0003686408745124936,False
D;L;N;Q;A,L;F;K;M;V,"220,117,233,127,65",0.004492282867431641,0.0002942431892734021,False
D;L;N;Q;Q,L;F;K;M;E,"220,117,233,127,133",0.004376530647277832,0.00029112157062627375,False
D;L;N;Q;S,L;F;K;M;T,"220,117,233,127,124",0.005033373832702637,0.0003595338203012943,False
D;L;N;Q;Q,L;F;K;M;W,"220,117,233,127,133",0.004376530647277832,0.00029112157062627375,False
D;L;N;Q;T,L;F;K;M;D,"220,117,233,127,88",0.00444483757019043,0.0004697345138993114,False
D;L;N;Q;R,L;F;K;M;N,"220,117,233,127,132",0.004376530647277832,0.00029112157062627375,False
D;L;N;Q;A,L;F;K;M;Y,"220,117,233,127,215",0.5170197486877441,0.013160460628569126,False
D;L;N;Q;L,L;F;K;M;K,"220,117,233,127,249",0.004376530647277832,0.0002912102791015059,False
D;L;N;Q;R,L;F;K;M;Y,"220,117,233,127,123",0.012327790260314941,0.0007711953949183226,False
D;L;N;Q;F,L;F;K;M;W,"220,117,233,127,271",0.004376530647277832,0.00029112157062627375,False
D;L;N;Q;S,L;F;K;M;D,"220,117,233,127,58",0.004376530647277832,0.00029112157062627375,False
D;L;N;Q;N,L;F;K;M;I,"220,117,233,127,37",0.004376530647277832,0.00029112157062627375,False
D;L;N;Q;C,L;F;K;M;D,"220,117,233,127,289",0.004376530647277832,0.00029112157062627375,False
D;L;N;Q;A,L;F;K;M;P,"220,117,233,127,152",0.004376530647277832,0.00029112157062627375,False
D;L;N;Q;D,L;F;K;M;V,"220,117,233,127,186",0.7248300313949585,0.017739981412887573,True
D;L;N;Q;G,L;F;K;M;P,"220,117,233,127,243",0.004376530647277832,0.00030311456066556275,False
D;L;N;Q;S,L;F;K;M;E,"220,117,233,127,115",0.0048073530197143555,0.0003052852989640087,False
D;L;N;Q;L,L;F;K;M;Q,"220,117,233,127,216",0.007923126220703125,0.0006858304259367287,False
D;L;N;Q;N,L;F;K;M;P,"220,117,233,127,277",0.004376530647277832,0.00029096213984303176,False
D;L;N;Q;R,L;F;K;M;Q,"220,117,233,127,132",0.004376530647277832,0.00029112157062627375,False
D;L;N;Q;N,L;F;K;M;Y,"220,117,233,127,244",0.004376530647277832,0.0005296787712723017,False
D;L;N;Q;H,L;F;K;M;T,"220,117,233,127,104",0.004376530647277832,0.00029112157062627375,False
D;L;N;Q;S,L;F;K;M;V,"220,117,233,127,58",0.004376530647277832,0.00029112157062627375,False
D;L;N;Q;H,L;F;K;M;L,"220,117,233,127,104",0.004376530647277832,0.00029112157062627375,False
D;L;N;Q;P,L;F;K;M;Q,"220,117,233,127,38",0.004376530647277832,0.00029112157062627375,False
D;L;N;Q;R,L;F;K;M;L,"220,117,233,127,53",0.004376530647277832,0.00029112157062627375,False
D;L;N;Q;A,L;F;K;M;T,"220,117,233,127,180",0.004645884037017822,0.0003484501503407955,False
D;L;N;Q;P,L;F;K;M;D,"220,117,233,127,197",0.004376530647277832,0.0002930732734967023,False
D;L;N;Q;T,L;F;K;M;V,"220,117,233,127,198",0.004376530647277832,0.00030949918436817825,False
D;L;N;Q;A,L;F;K;M;M,"220,117,233,127,135",0.004376530647277832,0.00029112157062627375,False
D;L;N;Q;I,L;F;K;M;L,"220,117,233,127,111",0.0038071870803833008,0.0002746900718193501,False
D;L;N;Q;G,L;F;K;M;S,"220,117,233,127,243",0.004376530647277832,0.0002966758911497891,False
D;L;N;Q;W,L;F;K;M;I,"220,117,233,127,159",0.2873328924179077,0.007586042396724224,False
D;L;N;Q;S,L;F;K;M;N,"220,117,233,127,103",0.004376530647277832,0.00029112157062627375,False
D;L;N;Q;A,L;F;K;M;Y,"220,117,233,127,179",0.009520769119262695,0.0005473453202284873,False
D;L;N;Q;W,L;F;K;M;K,"220,117,233,127,257",0.004376530647277832,0.00029057820211164653,False
D;L;N;Q;L,L;F;K;M;M,"220,117,233,127,216",0.004376530647277832,0.0003738957748282701,False
D;L;N;Q;G,L;F;K;M;A,"220,117,233,127,243",0.004376530647277832,0.0003037688438780606,False
D;L;N;Q;A,L;F;K;M;N,"220,117,233,127,226",0.004376530647277832,0.00029124770662747324,False
D;L;N;Q;L,L;F;K;M;I,"220,117,233,127,216",0.004376530647277832,0.00029303861083462834,False
D;L;N;Q;C,L;F;K;M;L,"220,117,233,127,289",0.004376530647277832,0.00029112157062627375,False
D;L;N;Q;S,L;F;K;M;E,"220,117,233,127,207",0.6319328546524048,0.015665831044316292,False
D;L;N;Q;M,L;F;K;M;L,"220,117,233,127,154",0.004376530647277832,0.0002915914810728282,False
D;L;N;Q;M,L;F;K;M;P,"220,117,233,127,222",0.004376530647277832,0.0002912282943725586,False
D;L;N;Q;G,L;F;K;M;T,"220,117,233,127,251",0.004376530647277832,0.0002914902870543301,False
D;L;N;Q;P,L;F;K;M;L,"220,117,233,127,38",0.004376530647277832,0.00029112157062627375,False
D;L;N;Q;L,L;F;K;M;W,"220,117,233,127,216",0.00827878713607788,0.0006820226553827524,False
D;L;N;Q;T,L;F;K;M;L,"220,117,233,127,72",0.004376530647277832,0.00029112157062627375,False
D;L;N;Q;S,L;F;K;M;P,"220,117,233,127,245",0.004376530647277832,0.00029730936512351036,False
D;L;N;Q;I,L;F;K;M;W,"220,117,233,127,111",0.008389532566070557,0.0005555319366976619,False
D;L;N;Q;L,L;F;K;M;D,"220,117,233,127,249",0.004376530647277832,0.00029226235346868634,False
D;L;N;Q;E,L;F;K;M;K,"220,117,233,127,231",0.004376530647277832,0.0003902246826328337,False
D;L;N;Q;D,L;F;K;M;K,"220,117,233,127,263",0.004376530647277832,0.00029112157062627375,False
D;L;N;Q;T,L;F;K;M;M,"220,117,233,127,51",0.004376530647277832,0.00029112157062627375,False
D;L;N;Q;L,L;F;K;M;E,"220,117,233,127,216",0.01891493797302246,0.0011636572889983654,False
D;L;N;Q;S,L;F;K;M;T,"220,117,233,127,121",0.0052831172943115234,0.00032819982152432203,False
D;L;N;Q;I,L;F;K;M;H,"220,117,233,127,145",0.004376530647277832,0.00029112157062627375,False
D;L;N;Q;I,L;F;K;M;L,"220,117,233,127,145",0.004376530647277832,0.00029112157062627375,False
D;L;N;Q;H,L;F;K;M;M,"220,117,233,127,104",0.004376530647277832,0.00029112157062627375,False
D;L;N;Q;R,L;F;K;M;P,"220,117,233,127,280",0.004376530647277832,0.0003148372925352305,False
D;L;N;Q;L,L;F;K;M;F,"220,117,233,127,216",0.004376530647277832,0.00035151216434314847,False
D;L;N;Q;S,L;F;K;M;D,"220,117,233,127,103",0.004376530647277832,0.00029112157062627375,False
D;L;N;Q;I,L;F;K;M;V,"220,117,233,127,200",0.004376530647277832,0.0003116089210379869,False
D;L;N;Q;T,L;F;K;M;K,"220,117,233,127,88",0.004452764987945557,0.0003489741066005081,False
D;L;N;Q;N,L;F;K;M;K,"220,117,233,127,138",0.004376530647277832,0.00029112157062627375,False
D;L;N;Q;A,L;F;K;M;L,"220,117,233,127,65",0.004600167274475098,0.0002970348868984729,False
D;L;N;Q;Q,L;F;K;M;T,"220,117,233,127,91",0.005694270133972168,0.0003456348495092243,False
D;L;N;Q;G,L;F;K;M;D,"220,117,233,127,163",0.4044421315193176,0.01079293992370367,False
D;L;N;Q;A,L;F;K;M;M,"220,117,233,127,65",0.0047896504402160645,0.0003019349533133209,False
D;L;N;Q;K,L;F;K;M;L,"220,117,233,127,252",0.004376530647277832,0.0002911936317104846,False
D;L;N;Q;V,L;F;K;M;D,"220,117,233,127,57",0.004376530647277832,0.00029112157062627375,False
D;L;N;Q;V,L;F;K;M;C,"220,117,233,127,281",0.004376530647277832,0.00029809531406499445,False
D;L;N;Q;T,L;F;K;M;V,"220,117,233,127,72",0.004376530647277832,0.00029112157062627375,False
D;L;N;Q;Q,L;F;K;M;N,"220,117,233,127,133",0.004376530647277832,0.00029112157062627375,False
D;L;N;Q;R,L;F;K;M;K,"220,117,233,127,53",0.004376530647277832,0.00029112157062627375,False
D;L;N;Q;S,L;F;K;M;P,"220,117,233,127,125",0.004455089569091797,0.00026632880326360464,False
D;L;N;Q;T,L;F;K;M;Q,"220,117,233,127,88",0.004440665245056152,0.00032776177977211773,False
D;L;N;Q;N,L;F;K;M;L,"220,117,233,127,138",0.004376530647277832,0.00029112157062627375,False
D;L;N;Q;H,L;F;K;M;R,"220,117,233,127,104",0.004376530647277832,0.00029112157062627375,False
D;L;N;Q;W,L;F;K;M;P,"220,117,233,127,159",0.33268094062805176,0.00896406453102827,False
D;L;N;Q;S,L;F;K;M;Y,"220,117,233,127,242",0.004508316516876221,0.00039506927714683115,False
D;L;N;Q;A,L;F;K;M;F,"220,117,233,127,65",0.004876196384429932,0.00030436072847805917,False
D;L;N;Q;G,L;F;K;M;H,"220,117,233,127,251",0.004376530647277832,0.0002926712913904339,False
D;L;N;Q;L,L;F;K;M;P,"220,117,233,127,216",0.005791902542114258,0.0006148995598778129,False
D;L;N;Q;S,L;F;K;M;W,"220,117,233,127,58",0.004376530647277832,0.00029112157062627375,False
D;L;N;Q;A,L;F;K;M;E,"220,117,233,127,152",0.004376530647277832,0.00029112157062627375,False
D;L;N;Q;T,L;F;K;M;N,"220,117,233,127,88",0.004443168640136719,0.00030947147752158344,False
D;L;N;Q;T,L;F;K;M;N,"220,117,233,127,198",0.004376530647277832,0.00029788323445245624,False
D;L;N;Q;S,L;F;K;M;K,"220,117,233,127,58",0.004376530647277832,0.00029112157062627375,False
D;L;N;Q;L,L;F;K;M;C,"220,117,233,127,249",0.004376530647277832,0.0002911506744567305,False
D;L;N;Q;N,L;F;K;M;T,"220,117,233,127,190",0.004376530647277832,0.00029224850004538894,False
D;L;N;Q;S,L;F;K;M;V,"220,117,233,127,223",0.004376530647277832,0.00029112157062627375,False
D;L;N;Q;A,L;F;K;M;W,"220,117,233,127,65",0.005271792411804199,0.00031509509426541626,False
D;L;N;Q;K,L;F;K;M;Y,"220,117,233,127,253",0.004376530647277832,0.00029115204233676195,False
D;L;N;Q;R,L;F;K;M;S,"220,117,233,127,90",0.007613956928253174,0.0006984500214457512,False
D;L;N;Q;T,L;F;K;M;M,"220,117,233,127,29",0.004376530647277832,0.00029112157062627375,False
D;L;N;Q;M,L;F;K;M;L,"220,117,233,127,262",0.004376530647277832,0.00029112157062627375,False
D;L;N;Q;A,L;F;K;M;L,"220,117,233,127,272",0.004376530647277832,0.00029112157062627375,False
D;L;N;Q;R,L;F;K;M;N,"220,117,233,127,90",0.004389524459838867,0.0004892377182841301,False
D;L;N;Q;R,L;F;K;M;T,"220,117,233,127,90",0.004113137722015381,0.0005226745270192623,False
D;L;N;Q;G,L;F;K;M;T,"220,117,233,127,254",0.004376530647277832,0.0002914445358328521,False
D;L;N;Q;R,L;F;K;M;P,"220,117,233,127,90",0.011343717575073242,0.0008691480034030974,False
D;L;N;Q;N,L;F;K;M;Y,"220,117,233,127,37",0.004376530647277832,0.00029112157062627375,False
D;L;N;Q;Q,L;F;K;M;I,"220,117,233,127,182",0.8225822448730469,0.020170560106635094,True
D;L;N;Q;R,L;F;K;M;A,"220,117,233,127,90",0.005349993705749512,0.0006131488480605185,False
D;L;N;Q;K,L;F;K;M;F,"220,117,233,127,253",0.004376530647277832,0.0002911645278800279,False
D;L;N;Q;Y,L;F;K;M;S,"220,117,233,127,63",0.0038033723831176758,0.0002689389220904559,False
D;L;N;Q;Q,L;F;K;M;L,"220,117,233,127,182",0.6602998971939087,0.016250932589173317,False
D;L;N;Q;K,L;F;K;M;A,"220,117,233,127,253",0.004376530647277832,0.0002913086791522801,False
D;L;N;Q;K,L;F;K;M;V,"220,117,233,127,253",0.004376530647277832,0.00029133501811884344,False
D;L;N;Q;Q,L;F;K;M;F,"220,117,233,127,182",0.4511667490005493,0.011526762507855892,False
D;L;N;Q;R,L;F;K;M;D,"220,117,233,127,90",0.013840436935424805,0.0009605094674043357,False
D;L;N;Q;Y,L;F;K;M;T,"220,117,233,127,63",0.003903031349182129,0.00027285341639071703,False
D;L;N;Q;Q,L;F;K;M;V,"220,117,233,127,182",0.7861027717590332,0.019146861508488655,True
D;L;N;Q;K,L;F;K;M;L,"220,117,233,127,253",0.004376530647277832,0.0002912671188823879,False
D;L;N;Q;C,L;F;K;M;S,"220,117,233,127,289",0.004376530647277832,0.00029112157062627375,False
D;L;N;Q;Y,L;F;K;M;G,"220,117,233,127,63",0.003602743148803711,0.00026109744794666767,False
D;L;N;Q;M,L;F;K;M;V,"220,117,233,127,154",0.004376530647277832,0.0002916954399552196,False
D;L;N;Q;A,L;F;K;M;D,"220,117,233,127,226",0.004376530647277832,0.0002913613570854068,False
D;L;N;Q;C,L;F;K;M;A,"220,117,233,127,289",0.004376530647277832,0.00029112157062627375,False
D;L;N;Q;R,L;F;K;M;Q,"220,117,233,127,224",0.004376530647277832,0.00029112157062627375,False
D;L;N;Q;S,L;F;K;M;E,"220,117,233,127,136",0.004376530647277832,0.00029112157062627375,False
D;L;N;Q;D,L;F;K;M;N,"220,117,233,127,186",0.12686306238174438,0.0032443141099065542,False
D;L;N;Q;R,L;F;K;M;A,"220,117,233,127,280",0.004376530647277832,0.00029568062745966017,False
D;L;N;Q;S,L;F;K;M;F,"220,117,233,127,238",0.4969698190689087,0.01244939025491476,False
D;L;N;Q;S,L;F;K;M;Q,"220,117,233,127,188",0.004376530647277832,0.0003033280372619629,False
D;L;N;Q;S,L;F;K;M;H,"220,117,233,127,214",0.2390683889389038,0.005953607149422169,False
D;L;N;Q;Q,L;F;K;M;Y,"220,117,233,127,119",0.0044629573822021484,0.0003968269447796047,False
D;L;N;Q;G,L;F;K;M;A,"220,117,233,127,165",0.2166118621826172,0.005626923870295286,False
D;L;N;Q;S,L;F;K;M;E,"220,117,233,127,121",0.004732072353363037,0.0003737793304026127,False
D;L;N;Q;I,L;F;K;M;R,"220,117,233,127,168",0.005977749824523926,0.0004799365997314453,False
D;L;N;Q;N,L;F;K;M;H,"220,117,233,127,205",0.17986446619033813,0.004543075803667307,False
D;L;N;Q;S,L;F;K;M;Y,"220,117,233,127,269",0.004376530647277832,0.00029112157062627375,False
D;L;N;Q;S,L;F;K;M;T,"220,117,233,127,214",0.07348710298538208,0.0020202412270009518,False
D;L;N;Q;I,L;F;K;M;R,"220,117,233,127,218",0.006571650505065918,0.0005329070845618844,False
D;L;N;Q;P,L;F;K;M;K,"220,117,233,127,120",0.39754992723464966,0.009583220817148685,False
D;L;N;Q;M,L;F;K;M;H,"220,117,233,127,161",0.2503301501274109,0.006225925404578447,False
D;L;N;Q;I,L;F;K;M;H,"220,117,233,127,168",0.008424043655395508,0.0005620482261292636,False
D;L;N;Q;N,L;F;K;M;K,"220,117,233,127,114",0.004263103008270264,0.00028792230295948684,False
D;L;N;Q;P,L;F;K;M;V,"220,117,233,127,184",0.5700466632843018,0.015300299972295761,False
D;L;N;Q;W,L;F;K;M;P,"220,117,233,127,185",0.37204766273498535,0.01011715643107891,False
D;L;N;Q;S,L;F;K;M;H,"220,117,233,127,187",0.004376530647277832,0.0003106871445197612,False
D;L;N;Q;S,L;F;K;M;P,"220,117,233,127,188",0.004376530647277832,0.00029409071430563927,False
D;L;N;Q;T,L;F;K;M;Y,"220,117,233,127,189",0.004376530647277832,0.00042815401684492826,False
D;L;N;Q;F,L;F;K;M;M,"220,117,233,127,191",0.004376530647277832,0.0002899155952036381,False
T;K;D;S;S,E;L;L;T;N,"270,252,220,214,124",0.07348710298538208,0.0017501171678304672,False
T;K;D;S;G,E;L;L;T;Q,"270,252,220,214,243",0.07348710298538208,0.001783702289685607,False
T;K;D;S;G,E;L;L;T;L,"270,252,220,214,243",0.07348710298538208,0.0018011401407420635,False
T;K;D;S;R,E;L;L;T;V,"270,252,220,214,34",0.07348710298538208,0.0017320901388302445,False
T;K;D;S;G,E;L;L;T;K,"270,252,220,214,243",0.07348710298538208,0.0017430310836061835,False
T;K;D;S;S,E;L;L;T;K,"270,252,220,214,124",0.07348710298538208,0.0018147549126297235,False
T;K;D;S;F,E;L;L;T;E,"270,252,220,214,271",0.07348710298538208,0.0017320901388302445,False
T;K;D;S;G,E;L;L;T;Q,"270,252,220,214,164",0.1990073323249817,0.006697456352412701,False
T;K;D;S;A,E;L;L;T;D,"270,252,220,214,130",0.07348710298538208,0.001733587239868939,False
T;K;D;S;W,E;L;L;T;C,"270,252,220,214,257",0.07348710298538208,0.0017322440398856997,False
T;K;D;S;Q,E;L;L;T;N,"270,252,220,214,127",0.07348710298538208,0.0017575344536453485,False
T;K;D;S;Q,E;L;L;T;R,"270,252,220,214,127",0.07348710298538208,0.0017691836692392826,False
T;K;D;S;S,E;L;L;T;M,"270,252,220,214,238",0.3914560079574585,0.011183120310306549,False
T;K;D;S;F,E;L;L;T;M,"270,252,220,214,271",0.07348710298538208,0.0017320901388302445,False
T;K;D;S;S,E;L;L;T;A,"270,252,220,214,124",0.07348710298538208,0.0017622584709897637,False
T;K;D;S;G,E;L;L;T;I,"270,252,220,214,243",0.07348710298538208,0.0018101362511515617,False
T;K;D;S;Q,E;L;L;T;I,"270,252,220,214,127",0.07348710298538208,0.0021365450229495764,False
T;K;D;S;A,E;L;L;T;V,"270,252,220,214,65",0.07348710298538208,0.0017321788473054767,False
T;K;D;S;Q,E;L;L;T;E,"270,252,220,214,133",0.07348710298538208,0.0017320901388302445,False
T;K;D;S;S,E;L;L;T;T,"270,252,220,214,124",0.07348710298538208,0.0017486728029325604,False
T;K;D;S;Q,E;L;L;T;K,"270,252,220,214,127",0.07348710298538208,0.0017554053338244557,False
T;K;D;S;Q,E;L;L;T;W,"270,252,220,214,133",0.07348710298538208,0.0017320901388302445,False
T;K;D;S;T,E;L;L;T;D,"270,252,220,214,88",0.07348710298538208,0.001915276050567627,False
T;K;D;S;R,E;L;L;T;N,"270,252,220,214,132",0.07348710298538208,0.0017320901388302445,False
T;K;D;S;Q,E;L;L;T;D,"270,252,220,214,127",0.07348710298538208,0.0017432098975405097,False
T;K;D;S;A,E;L;L;T;Y,"270,252,220,214,215",0.5176437497138977,0.015153082087635994,False
T;K;D;S;L,E;L;L;T;K,"270,252,220,214,249",0.07348710298538208,0.0017320417100563645,False
T;K;D;S;R,E;L;L;T;Y,"270,252,220,214,123",0.07348710298538208,0.001939784619025886,False
T;K;D;S;F,E;L;L;T;W,"270,252,220,214,271",0.07348710298538208,0.0017320901388302445,False
T;K;D;S;S,E;L;L;T;D,"270,252,220,214,58",0.07348710298538208,0.0017320901388302445,False
T;K;D;S;N,E;L;L;T;I,"270,252,220,214,37",0.07348710298538208,0.0017320901388302445,False
T;K;D;S;C,E;L;L;T;D,"270,252,220,214,289",0.07348710298538208,0.0017320901388302445,False
T;K;D;S;A,E;L;L;T;P,"270,252,220,214,152",0.07348710298538208,0.0017320901388302445,False
T;K;D;S;D,E;L;L;T;V,"270,252,220,214,186",0.7166454195976257,0.01852600835263729,True
T;K;D;S;G,E;L;L;T;P,"270,252,220,214,243",0.07348710298538208,0.001744754146784544,False
T;K;D;S;S,E;L;L;T;E,"270,252,220,214,115",0.07348710298538208,0.0017342373030260205,False
T;K;D;S;L,E;L;L;T;Q,"270,252,220,214,216",0.06242877244949341,0.001647470984607935,False
T;K;D;S;N,E;L;L;T;P,"270,252,220,214,277",0.07348710298538208,0.0017320943297818303,False
T;K;D;S;R,E;L;L;T;Q,"270,252,220,214,132",0.07348710298538208,0.0017320901388302445,False
T;K;D;S;N,E;L;L;T;Y,"270,252,220,214,244",0.07348710298538208,0.001977544976398349,False
T;K;D;S;H,E;L;L;T;T,"270,252,220,214,104",0.07348710298538208,0.0017320901388302445,False
T;K;D;S;S,E;L;L;T;V,"270,252,220,214,58",0.07348710298538208,0.0017320901388302445,False
T;K;D;S;H,E;L;L;T;L,"270,252,220,214,104",0.07348710298538208,0.0017320901388302445,False
T;K;D;S;P,E;L;L;T;Q,"270,252,220,214,38",0.07348710298538208,0.0017320901388302445,False
T;K;D;S;R,E;L;L;T;L,"270,252,220,214,53",0.07348710298538208,0.0017320901388302445,False
T;K;D;S;A,E;L;L;T;T,"270,252,220,214,180",0.07348710298538208,0.001796951168216765,False
T;K;D;S;P,E;L;L;T;D,"270,252,220,214,197",0.07348710298538208,0.0017323120264336467,False
T;K;D;S;T,E;L;L;T;V,"270,252,220,214,198",0.07348710298538208,0.0017562273424118757,False
T;K;D;S;A,E;L;L;T;M,"270,252,220,214,135",0.07348710298538208,0.0017320901388302445,False
T;K;D;S;I,E;L;L;T;L,"270,252,220,214,111",0.07348710298538208,0.0017343953950330615,False
T;K;D;S;G,E;L;L;T;S,"270,252,220,214,243",0.07348710298538208,0.0017381393117830157,False
T;K;D;S;Q,E;L;L;T;L,"270,252,220,214,127",0.07348710298538208,0.002067334484308958,False
T;K;D;S;Q,E;L;L;T;H,"270,252,220,214,127",0.07348710298538208,0.0017378025222569704,False
T;K;D;S;W,E;L;L;T;I,"270,252,220,214,159",0.28726792335510254,0.008990379050374031,False
T;K;D;S;Q,E;L;L;T;P,"270,252,220,214,127",0.07348710298538208,0.0017727724043652415,False
T;K;D;S;S,E;L;L;T;N,"270,252,220,214,103",0.07348710298538208,0.0017320901388302445,False
T;K;D;S;A,E;L;L;T;Y,"270,252,220,214,179",0.07348710298538208,0.001929550664499402,False
T;K;D;S;W,E;L;L;T;K,"270,252,220,214,257",0.07348710298538208,0.0017323355423286557,False
T;K;D;S;L,E;L;L;T;M,"270,252,220,214,216",0.06677532196044922,0.001608639257028699,False
T;K;D;S;Q,E;L;L;T;E,"270,252,220,214,127",0.07348710298538208,0.0018093266990035772,False
T;K;D;S;G,E;L;L;T;A,"270,252,220,214,243",0.07348710298538208,0.0017448302824050188,False
T;K;D;S;A,E;L;L;T;N,"270,252,220,214,226",0.07348710298538208,0.0017322259955108166,False
T;K;D;S;L,E;L;L;T;I,"270,252,220,214,216",0.0751638412475586,0.001783454092219472,False
T;K;D;S;C,E;L;L;T;L,"270,252,220,214,289",0.07348710298538208,0.0017320901388302445,False
T;K;D;S;S,E;L;L;T;E,"270,252,220,214,207",0.6318895816802979,0.017066746950149536,False
T;K;D;S;M,E;L;L;T;L,"270,252,220,214,154",0.07348710298538208,0.00173210131470114,False
T;K;D;S;M,E;L;L;T;P,"270,252,220,214,222",0.07393646240234375,0.0017424406250938773,False
T;K;D;S;G,E;L;L;T;T,"270,252,220,214,251",0.07348710298538208,0.0017325420631095767,False
T;K;D;S;P,E;L;L;T;L,"270,252,220,214,38",0.07348710298538208,0.0017320901388302445,False
T;K;D;S;L,E;L;L;T;W,"270,252,220,214,216",0.07028597593307495,0.0018550670938566327,False
T;K;D;S;T,E;L;L;T;L,"270,252,220,214,72",0.07348710298538208,0.0017320901388302445,False
T;K;D;S;S,E;L;L;T;P,"270,252,220,214,245",0.07348710298538208,0.0017369403503835201,False
T;K;D;S;I,E;L;L;T;W,"270,252,220,214,111",0.07348710298538208,0.0019665234722197056,False
T;K;D;S;L,E;L;L;T;D,"270,252,220,214,249",0.07348710298538208,0.0017332711722701788,False
T;K;D;S;E,E;L;L;T;K,"270,252,220,214,231",0.07348710298538208,0.0017803879454731941,False
T;K;D;S;D,E;L;L;T;K,"270,252,220,214,263",0.07348710298538208,0.0017320901388302445,False
T;K;D;S;T,E;L;L;T;M,"270,252,220,214,51",0.07348710298538208,0.0017320901388302445,False
T;K;D;S;L,E;L;L;T;E,"270,252,220,214,216",0.06861269474029541,0.002049110596999526,False
T;K;D;S;S,E;L;L;T;T,"270,252,220,214,121",0.07348710298538208,0.001736306818202138,False
T;K;D;S;I,E;L;L;T;H,"270,252,220,214,145",0.07348710298538208,0.0017320901388302445,False
T;K;D;S;I,E;L;L;T;L,"270,252,220,214,145",0.07348710298538208,0.0017320901388302445,False
T;K;D;S;H,E;L;L;T;M,"270,252,220,214,104",0.07348710298538208,0.0017320901388302445,False
T;K;D;S;R,E;L;L;T;P,"270,252,220,214,280",0.07348710298538208,0.0017681870376691222,False
T;K;D;S;L,E;L;L;T;F,"270,252,220,214,216",0.06849652528762817,0.0016500769415870309,False
T;K;D;S;S,E;L;L;T;D,"270,252,220,214,103",0.07348710298538208,0.0017320901388302445,False
T;K;D;S;I,E;L;L;T;V,"270,252,220,214,200",0.07340097427368164,0.0017391194123774767,False
T;K;D;S;T,E;L;L;T;K,"270,252,220,214,88",0.07348710298538208,0.0017821415094658732,False
T;K;D;S;N,E;L;L;T;K,"270,252,220,214,138",0.07348710298538208,0.0017320901388302445,False
T;K;D;S;A,E;L;L;T;L,"270,252,220,214,65",0.07348710298538208,0.001732329954393208,False
T;K;D;S;Q,E;L;L;T;T,"270,252,220,214,91",0.07348710298538208,0.0017669325461611152,False
T;K;D;S;G,E;L;L;T;D,"270,252,220,214,163",0.40545809268951416,0.012195905670523643,False
T;K;D;S;A,E;L;L;T;M,"270,252,220,214,65",0.07348710298538208,0.0017327375244349241,False
T;K;D;S;V,E;L;L;T;D,"270,252,220,214,57",0.07348710298538208,0.0017320901388302445,False
T;K;D;S;Q,E;L;L;T;V,"270,252,220,214,127",0.07348710298538208,0.002047070302069187,False
T;K;D;S;V,E;L;L;T;C,"270,252,220,214,281",0.07348710298538208,0.0017461070092394948,False
T;K;D;S;T,E;L;L;T;V,"270,252,220,214,72",0.07348710298538208,0.0017320901388302445,False
T;K;D;S;Q,E;L;L;T;N,"270,252,220,214,133",0.07348710298538208,0.0017320901388302445,False
T;K;D;S;R,E;L;L;T;K,"270,252,220,214,53",0.07348710298538208,0.0017320901388302445,False
T;K;D;S;S,E;L;L;T;P,"270,252,220,214,125",0.07348710298538208,0.0017370955320075154,False
T;K;D;S;T,E;L;L;T;Q,"270,252,220,214,88",0.07348710298538208,0.0017558059189468622,False
T;K;D;S;N,E;L;L;T;L,"270,252,220,214,138",0.07348710298538208,0.0017320901388302445,False
T;K;D;S;H,E;L;L;T;R,"270,252,220,214,104",0.07348710298538208,0.0017320901388302445,False
T;K;D;S;W,E;L;L;T;P,"270,252,220,214,159",0.33271074295043945,0.010517267510294914,False
T;K;D;S;S,E;L;L;T;Y,"270,252,220,214,242",0.07348710298538208,0.001832723617553711,False
T;K;D;S;A,E;L;L;T;F,"270,252,220,214,65",0.07348710298538208,0.0017330646514892578,False
T;K;D;S;G,E;L;L;T;H,"270,252,220,214,251",0.07348710298538208,0.0017336703604087234,False
T;K;D;S;L,E;L;L;T;P,"270,252,220,214,216",0.061649978160858154,0.0016023155767470598,False
T;K;D;S;S,E;L;L;T;W,"270,252,220,214,58",0.07348710298538208,0.0017320901388302445,False
T;K;D;S;A,E;L;L;T;E,"270,252,220,214,152",0.07348710298538208,0.0017320901388302445,False
T;K;D;S;T,E;L;L;T;N,"270,252,220,214,88",0.07348710298538208,0.0017475250642746687,False
T;K;D;S;T,E;L;L;T;N,"270,252,220,214,198",0.07348710298538208,0.0017354086739942431,False
T;K;D;S;S,E;L;L;T;K,"270,252,220,214,58",0.07348710298538208,0.0017320901388302445,False
T;K;D;S;L,E;L;L;T;C,"270,252,220,214,249",0.07348710298538208,0.0017320846673101187,False
T;K;D;S;N,E;L;L;T;T,"270,252,220,214,190",0.07377612590789795,0.0017379730707034469,False
T;K;D;S;S,E;L;L;T;V,"270,252,220,214,223",0.07348710298538208,0.0017320901388302445,False
T;K;D;S;A,E;L;L;T;W,"270,252,220,214,65",0.07348710298538208,0.0017348014516755939,False
T;K;D;S;K,E;L;L;T;Y,"270,252,220,214,253",0.07348710298538208,0.0017321775667369366,False
T;K;D;S;R,E;L;L;T;S,"270,252,220,214,90",0.07348710298538208,0.0021972989197820425,False
T;K;D;S;T,E;L;L;T;M,"270,252,220,214,29",0.07348710298538208,0.0017320901388302445,False
T;K;D;S;M,E;L;L;T;L,"270,252,220,214,262",0.07348710298538208,0.0017320901388302445,False
T;K;D;S;A,E;L;L;T;L,"270,252,220,214,272",0.07348710298538208,0.0017320901388302445,False
T;K;D;S;R,E;L;L;T;N,"270,252,220,214,90",0.07348710298538208,0.0019624345004558563,False
T;K;D;S;R,E;L;L;T;T,"270,252,220,214,90",0.07348710298538208,0.0020030916202813387,False
T;K;D;S;G,E;L;L;T;T,"270,252,220,214,254",0.07348710298538208,0.0017320957267656922,False
T;K;D;S;R,E;L;L;T;P,"270,252,220,214,90",0.07348710298538208,0.002372356364503503,False
T;K;D;S;N,E;L;L;T;Y,"270,252,220,214,37",0.07348710298538208,0.0017320901388302445,False
T;K;D;S;Q,E;L;L;T;I,"270,252,220,214,182",0.8225641250610352,0.02168305218219757,True
T;K;D;S;R,E;L;L;T;A,"270,252,220,214,90",0.07348710298538208,0.0021100377198308706,False
T;K;D;S;K,E;L;L;T;F,"270,252,220,214,253",0.07348710298538208,0.0017322662752121687,False
T;K;D;S;Y,E;L;L;T;S,"270,252,220,214,63",0.07348710298538208,0.0017335928278043866,False
T;K;D;S;Q,E;L;L;T;M,"270,252,220,214,127",0.07348710298538208,0.001980516826733947,False
T;K;D;S;Q,E;L;L;T;L,"270,252,220,214,182",0.6602942943572998,0.017757590860128403,False
T;K;D;S;K,E;L;L;T;A,"270,252,220,214,253",0.07348710298538208,0.0017323729116469622,False
T;K;D;S;K,E;L;L;T;V,"270,252,220,214,253",0.07348710298538208,0.001732440898194909,False
T;K;D;S;Q,E;L;L;T;F,"270,252,220,214,182",0.45116710662841797,0.013030599802732468,False
T;K;D;S;R,E;L;L;T;D,"270,252,220,214,90",0.07348710298538208,0.0024335398338735104,False
T;K;D;S;Q,E;L;L;T;A,"270,252,220,214,127",0.07348710298538208,0.0017876181518658996,False
T;K;D;S;Y,E;L;L;T;T,"270,252,220,214,63",0.07348710298538208,0.0017330965492874384,False
T;K;D;S;Q,E;L;L;T;V,"270,252,220,214,182",0.7860870957374573,0.020654764026403427,True
T;K;D;S;K,E;L;L;T;L,"270,252,220,214,253",0.07348710298538208,0.001732374308630824,False
T;K;D;S;C,E;L;L;T;S,"270,252,220,214,289",0.07348710298538208,0.0017320901388302445,False
T;K;D;S;Y,E;L;L;T;G,"270,252,220,214,63",0.07348710298538208,0.00173498026560992,False
T;K;D;S;M,E;L;L;T;V,"270,252,220,214,154",0.07348710298538208,0.0017321109771728516,False
T;K;D;S;Q,E;L;L;T;T,"270,252,220,214,127",0.07348710298538208,0.001754049677401781,False
T;K;D;S;A,E;L;L;T;D,"270,252,220,214,226",0.07348710298538208,0.0017323369393125176,False
T;K;D;S;C,E;L;L;T;A,"270,252,220,214,289",0.07348710298538208,0.0017320901388302445,False
T;K;D;S;R,E;L;L;T;Q,"270,252,220,214,224",0.07348710298538208,0.0017320901388302445,False
T;K;D;S;N,E;L;L;T;K,"270,252,220,214,233",0.07348710298538208,0.0017662144964560866,False
T;K;D;S;S,E;L;L;T;E,"270,252,220,214,136",0.07348710298538208,0.0017320901388302445,False
T;K;D;S;D,E;L;L;T;N,"270,252,220,214,186",0.12846946716308594,0.0048051741905510426,False
T;K;D;S;R,E;L;L;T;A,"270,252,220,214,280",0.07348710298538208,0.0017451421590521932,False
T;K;D;S;S,E;L;L;T;F,"270,252,220,214,238",0.4964901804924011,0.013858823105692863,False
T;K;D;S;S,E;L;L;T;Q,"270,252,220,214,188",0.07190054655075073,0.0017052210168913007,False
T;K;D;S;L,E;L;L;T;F,"270,252,220,214,117",0.07348710298538208,0.0017379397759214044,False
T;K;D;S;Q,E;L;L;T;Y,"270,252,220,214,119",0.07348710298538208,0.0018253035377711058,False
T;K;D;S;G,E;L;L;T;A,"270,252,220,214,165",0.22906577587127686,0.007324099540710449,False
T;K;D;S;S,E;L;L;T;E,"270,252,220,214,121",0.07348710298538208,0.0018603926291689277,False
T;K;D;S;I,E;L;L;T;R,"270,252,220,214,168",0.07348710298538208,0.0019520673668012023,False
T;K;D;S;N,E;L;L;T;H,"270,252,220,214,205",0.1922568678855896,0.006275414023548365,False
T;K;D;S;S,E;L;L;T;Y,"270,252,220,214,269",0.07348710298538208,0.0017320901388302445,False
T;K;D;S;I,E;L;L;T;R,"270,252,220,214,218",0.06811267137527466,0.0016917973989620805,False
T;K;D;S;P,E;L;L;T;K,"270,252,220,214,120",0.39864152669906616,0.01105324737727642,False
T;K;D;S;M,E;L;L;T;H,"270,252,220,214,161",0.25011664628982544,0.007691620383411646,False
T;K;D;S;I,E;L;L;T;H,"270,252,220,214,168",0.07348710298538208,0.0019882626365870237,False
T;K;D;S;N,E;L;L;T;K,"270,252,220,214,114",0.07348710298538208,0.0017322052735835314,False
T;K;D;S;P,E;L;L;T;V,"270,252,220,214,184",0.5692211985588074,0.01601584628224373,False
T;K;D;S;W,E;L;L;T;P,"270,252,220,214,185",0.37314724922180176,0.012192048132419586,False
T;K;D;S;S,E;L;L;T;H,"270,252,220,214,187",0.071871817111969,0.0017284335335716605,False
T;K;D;S;S,E;L;L;T;P,"270,252,220,214,188",0.07292330265045166,0.001720177591778338,False
T;K;D;S;T,E;L;L;T;Y,"270,252,220,214,189",0.05937397480010986,0.0015067887725308537,False
T;K;D;S;F,E;L;L;T;M,"270,252,220,214,191",0.07362139225006104,0.0017353781731799245,False
A;M;G;Q;S,M;L;A;M;N,"135,154,165,127,124",0.21995598077774048,0.005655772518366575,False
A;M;G;Q;G,M;L;A;M;Q,"135,154,165,127,243",0.2166118621826172,0.00562912505120039,False
A;M;G;Q;G,M;L;A;M;L,"135,154,165,127,243",0.2166118621826172,0.005646415986120701,False
A;M;G;Q;T,M;L;A;M;E,"135,154,165,127,270",0.2166118621826172,0.005577281583100557,False
A;M;G;Q;R,M;L;A;M;V,"135,154,165,127,34",0.2166118621826172,0.005577281583100557,False
A;M;G;Q;G,M;L;A;M;K,"135,154,165,127,243",0.2166118621826172,0.00558837503194809,False
A;M;G;Q;D,M;L;A;M;Q,"135,154,165,127,220",0.2166118621826172,0.005577525589615107,False
A;M;G;Q;S,M;L;A;M;K,"135,154,165,127,124",0.22340822219848633,0.0059126559644937515,False
A;M;G;Q;F,M;L;A;M;E,"135,154,165,127,271",0.2166118621826172,0.005577281583100557,False
A;M;G;Q;G,M;L;A;M;Q,"135,154,165,127,164",0.22614139318466187,0.010743305087089539,False
A;M;G;Q;A,M;L;A;M;D,"135,154,165,127,130",0.2168104648590088,0.005605821032077074,False
A;M;G;Q;W,M;L;A;M;C,"135,154,165,127,257",0.2166118621826172,0.005570702720433474,False
A;M;G;Q;S,M;L;A;M;M,"135,154,165,127,238",0.3914560079574585,0.015026727691292763,False
A;M;G;Q;F,M;L;A;M;M,"135,154,165,127,271",0.2166118621826172,0.005577281583100557,False
A;M;G;Q;S,M;L;A;M;A,"135,154,165,127,124",0.21309542655944824,0.005615585017949343,False
A;M;G;Q;G,M;L;A;M;I,"135,154,165,127,243",0.2166118621826172,0.005655395332723856,False
A;M;G;Q;A,M;L;A;M;V,"135,154,165,127,65",0.2166118621826172,0.005581826437264681,False
A;M;G;Q;Q,M;L;A;M;E,"135,154,165,127,133",0.2166118621826172,0.005577281583100557,False
A;M;G;Q;S,M;L;A;M;T,"135,154,165,127,124",0.21551287174224854,0.005644416902214289,False
A;M;G;Q;Q,M;L;A;M;W,"135,154,165,127,133",0.2166118621826172,0.005577281583100557,False
A;M;G;Q;D,M;L;A;M;L,"135,154,165,127,220",0.2166118621826172,0.005578979384154081,False
A;M;G;Q;T,M;L;A;M;D,"135,154,165,127,88",0.2166118621826172,0.005778626073151827,False
A;M;G;Q;R,M;L;A;M;N,"135,154,165,127,132",0.2166118621826172,0.005577281583100557,False
A;M;G;Q;A,M;L;A;M;Y,"135,154,165,127,215",0.5183595418930054,0.01849338784813881,False
A;M;G;Q;L,M;L;A;M;K,"135,154,165,127,249",0.2166118621826172,0.005577382631599903,False
A;M;G;Q;R,M;L;A;M;Y,"135,154,165,127,123",0.20223718881607056,0.005676650907844305,False
A;M;G;Q;F,M;L;A;M;W,"135,154,165,127,271",0.2166118621826172,0.005577281583100557,False
A;M;G;Q;S,M;L;A;M;D,"135,154,165,127,58",0.2166118621826172,0.005577281583100557,False
A;M;G;Q;N,M;L;A;M;I,"135,154,165,127,37",0.2166118621826172,0.005577281583100557,False
A;M;G;Q;C,M;L;A;M;D,"135,154,165,127,289",0.2166118621826172,0.005577281583100557,False
A;M;G;Q;A,M;L;A;M;P,"135,154,165,127,152",0.2166118621826172,0.005577281583100557,False
A;M;G;Q;D,M;L;A;M;V,"135,154,165,127,186",0.7152532339096069,0.022220473736524582,True
A;M;G;Q;G,M;L;A;M;P,"135,154,165,127,243",0.2166118621826172,0.005590088199824095,False
A;M;G;Q;S,M;L;A;M;E,"135,154,165,127,115",0.2166118621826172,0.0055962842889130116,False
A;M;G;Q;L,M;L;A;M;Q,"135,154,165,127,216",0.2166118621826172,0.00595161272212863,False
A;M;G;Q;N,M;L;A;M;P,"135,154,165,127,277",0.2166118621826172,0.005577285774052143,False
A;M;G;Q;R,M;L;A;M;Q,"135,154,165,127,132",0.2166118621826172,0.005577281583100557,False
A;M;G;Q;N,M;L;A;M;Y,"135,154,165,127,244",0.2166118621826172,0.005825192201882601,False
A;M;G;Q;H,M;L;A;M;T,"135,154,165,127,104",0.2166118621826172,0.005577281583100557,False
A;M;G;Q;S,M;L;A;M;V,"135,154,165,127,58",0.2166118621826172,0.005577281583100557,False
A;M;G;Q;H,M;L;A;M;L,"135,154,165,127,104",0.2166118621826172,0.005577281583100557,False
A;M;G;Q;P,M;L;A;M;Q,"135,154,165,127,38",0.2166118621826172,0.005577281583100557,False
A;M;G;Q;R,M;L;A;M;L,"135,154,165,127,53",0.2166118621826172,0.005577281583100557,False
A;M;G;Q;A,M;L;A;M;T,"135,154,165,127,180",0.21669960021972656,0.005563749931752682,False
A;M;G;Q;P,M;L;A;M;D,"135,154,165,127,197",0.2166118621826172,0.005579921882599592,False
A;M;G;Q;T,M;L;A;M;V,"135,154,165,127,198",0.2166118621826172,0.005580921657383442,False
A;M;G;Q;I,M;L;A;M;L,"135,154,165,127,111",0.21662938594818115,0.005549117457121611,False
A;M;G;Q;G,M;L;A;M;S,"135,154,165,127,243",0.2166118621826172,0.005583408288657665,False
A;M;G;Q;W,M;L;A;M;I,"135,154,165,127,159",0.28732746839523315,0.012833322398364544,False
A;M;G;Q;S,M;L;A;M;N,"135,154,165,127,103",0.2166118621826172,0.005577281583100557,False
A;M;G;Q;A,M;L;A;M;Y,"135,154,165,127,179",0.216788649559021,0.0058778258971869946,False
A;M;G;Q;W,M;L;A;M;K,"135,154,165,127,257",0.2166118621826172,0.005578858777880669,False
A;M;G;Q;L,M;L;A;M;M,"135,154,165,127,216",0.2166118621826172,0.005646031815558672,False
A;M;G;Q;G,M;L;A;M;A,"135,154,165,127,243",0.2166118621826172,0.0055900258012115955,False
A;M;G;Q;A,M;L;A;M;N,"135,154,165,127,226",0.2166118621826172,0.005577433854341507,False
A;M;G;Q;L,M;L;A;M;I,"135,154,165,127,216",0.2166118621826172,0.0055848401971161366,False
A;M;G;Q;C,M;L;A;M;L,"135,154,165,127,289",0.2166118621826172,0.005577281583100557,False
A;M;G;Q;S,M;L;A;M;E,"135,154,165,127,207",0.631908118724823,0.02099139429628849,False
A;M;G;Q;M,M;L;A;M;P,"135,154,165,127,222",0.2166118621826172,0.005577328614890575,False
A;M;G;Q;G,M;L;A;M;T,"135,154,165,127,251",0.2166118621826172,0.005577967502176762,False
A;M;G;Q;P,M;L;A;M;L,"135,154,165,127,38",0.2166118621826172,0.005577281583100557,False
A;M;G;Q;L,M;L;A;M;W,"135,154,165,127,216",0.2166118621826172,0.005945158656686544,False
A;M;G;Q;T,M;L;A;M;L,"135,154,165,127,72",0.2166118621826172,0.005577281583100557,False
A;M;G;Q;S,M;L;A;M;P,"135,154,165,127,245",0.2166118621826172,0.0055821966379880905,False
A;M;G;Q;I,M;L;A;M;W,"135,154,165,127,111",0.2169727087020874,0.005837856326252222,False
A;M;G;Q;L,M;L;A;M;D,"135,154,165,127,249",0.2166118621826172,0.0055788783356547356,False
A;M;G;Q;E,M;L;A;M;K,"135,154,165,127,231",0.2166118621826172,0.005629877559840679,False
A;M;G;Q;D,M;L;A;M;K,"135,154,165,127,263",0.2166118621826172,0.005577281583100557,False
A;M;G;Q;T,M;L;A;M;M,"135,154,165,127,51",0.2166118621826172,0.005577281583100557,False
A;M;G;Q;L,M;L;A;M;E,"135,154,165,127,216",0.2166118621826172,0.006416141986846924,False
A;M;G;Q;S,M;L;A;M;T,"135,154,165,127,121",0.2153875231742859,0.005555948708206415,False
A;M;G;Q;I,M;L;A;M;H,"135,154,165,127,145",0.2166118621826172,0.005577281583100557,False
A;M;G;Q;I,M;L;A;M;L,"135,154,165,127,145",0.2166118621826172,0.005577281583100557,False
A;M;G;Q;H,M;L;A;M;M,"135,154,165,127,104",0.2166118621826172,0.005577281583100557,False
A;M;G;Q;R,M;L;A;M;P,"135,154,165,127,280",0.2166118621826172,0.0056133754551410675,False
A;M;G;Q;L,M;L;A;M;F,"135,154,165,127,216",0.2166118621826172,0.005630209110677242,False
A;M;G;Q;S,M;L;A;M;D,"135,154,165,127,103",0.2166118621826172,0.005577281583100557,False
A;M;G;Q;I,M;L;A;M;V,"135,154,165,127,200",0.2166118621826172,0.005592630244791508,False
A;M;G;Q;T,M;L;A;M;K,"135,154,165,127,88",0.2166118621826172,0.005633946042507887,False
A;M;G;Q;N,M;L;A;M;K,"135,154,165,127,138",0.2166118621826172,0.005577281583100557,False
A;M;G;Q;A,M;L;A;M;L,"135,154,165,127,65",0.2166118621826172,0.0055859824642539024,False
A;M;G;Q;Q,M;L;A;M;T,"135,154,165,127,91",0.21644693613052368,0.0056433361023664474,False
A;M;G;Q;G,M;L;A;M;D,"135,154,165,127,163",0.41318804025650024,0.016139792278409004,False
A;M;G;Q;A,M;L;A;M;M,"135,154,165,127,65",0.2166118621826172,0.0055932542309165,False
A;M;G;Q;K,M;L;A;M;L,"135,154,165,127,252",0.2166118621826172,0.005577352363616228,False
A;M;G;Q;V,M;L;A;M;D,"135,154,165,127,57",0.2166118621826172,0.005577281583100557,False
A;M;G;Q;V,M;L;A;M;C,"135,154,165,127,281",0.2166118621826172,0.005591294262558222,False
A;M;G;Q;T,M;L;A;M;V,"135,154,165,127,72",0.2166118621826172,0.005577281583100557,False
A;M;G;Q;Q,M;L;A;M;N,"135,154,165,127,133",0.2166118621826172,0.005577281583100557,False
A;M;G;Q;R,M;L;A;M;K,"135,154,165,127,53",0.2166118621826172,0.005577281583100557,False
A;M;G;Q;S,M;L;A;M;P,"135,154,165,127,125",0.21868544816970825,0.005636382848024368,False
A;M;G;Q;T,M;L;A;M;Q,"135,154,165,127,88",0.2166118621826172,0.005612340290099382,False
A;M;G;Q;N,M;L;A;M;L,"135,154,165,127,138",0.2166118621826172,0.005577281583100557,False
A;M;G;Q;H,M;L;A;M;R,"135,154,165,127,104",0.2166118621826172,0.005577281583100557,False
A;M;G;Q;W,M;L;A;M;P,"135,154,165,127,159",0.3324122428894043,0.013953827321529388,False
A;M;G;Q;S,M;L;A;M;Y,"135,154,165,127,242",0.2166118621826172,0.005685820244252682,False
A;M;G;Q;A,M;L;A;M;F,"135,154,165,127,65",0.2166118621826172,0.005596708506345749,False
A;M;G;Q;G,M;L;A;M;H,"135,154,165,127,251",0.2166118621826172,0.005579349584877491,False
A;M;G;Q;L,M;L;A;M;P,"135,154,165,127,216",0.2166118621826172,0.005883588455617428,False
A;M;G;Q;S,M;L;A;M;W,"135,154,165,127,58",0.2166118621826172,0.005577281583100557,False
A;M;G;Q;A,M;L;A;M;E,"135,154,165,127,152",0.2166118621826172,0.005577281583100557,False
A;M;G;Q;T,M;L;A;M;N,"135,154,165,127,88",0.2166118621826172,0.0056021991185843945,False
A;M;G;Q;T,M;L;A;M;N,"135,154,165,127,198",0.2166118621826172,0.005592720583081245,False
A;M;G;Q;S,M;L;A;M;K,"135,154,165,127,58",0.2166118621826172,0.005577281583100557,False
A;M;G;Q;L,M;L;A;M;C,"135,154,165,127,249",0.2166118621826172,0.005577285774052143,False
A;M;G;Q;N,M;L;A;M;T,"135,154,165,127,190",0.2166118621826172,0.005575135815888643,False
A;M;G;Q;S,M;L;A;M;V,"135,154,165,127,223",0.2166118621826172,0.005577281583100557,False
A;M;G;Q;A,M;L;A;M;W,"135,154,165,127,65",0.2166118621826172,0.005612190347164869,False
A;M;G;Q;K,M;L;A;M;Y,"135,154,165,127,253",0.2166118621826172,0.00557736586779356,False
A;M;G;Q;R,M;L;A;M;S,"135,154,165,127,90",0.2166118621826172,0.006008013617247343,False
A;M;G;Q;T,M;L;A;M;M,"135,154,165,127,29",0.2166118621826172,0.005577281583100557,False
A;M;G;Q;M,M;L;A;M;L,"135,154,165,127,262",0.2166118621826172,0.005577281583100557,False
A;M;G;Q;A,M;L;A;M;L,"135,154,165,127,272",0.2166118621826172,0.005577281583100557,False
A;M;G;Q;R,M;L;A;M;T,"135,154,165,127,90",0.2166118621826172,0.00582132488489151,False
A;M;G;Q;G,M;L;A;M;T,"135,154,165,127,254",0.2166118621826172,0.005578175652772188,False
A;M;G;Q;R,M;L;A;M;P,"135,154,165,127,90",0.2166118621826172,0.006192883942276239,False
A;M;G;Q;N,M;L;A;M;Y,"135,154,165,127,37",0.2166118621826172,0.005577281583100557,False
A;M;G;Q;Q,M;L;A;M;I,"135,154,165,127,182",0.821577787399292,0.02556147612631321,True
A;M;G;Q;R,M;L;A;M;A,"135,154,165,127,90",0.2166118621826172,0.005902225151658058,False
A;M;G;Q;K,M;L;A;M;F,"135,154,165,127,253",0.2166118621826172,0.005577339790761471,False
A;M;G;Q;Y,M;L;A;M;S,"135,154,165,127,63",0.21659106016159058,0.005549482069909573,False
A;M;G;Q;Q,M;L;A;M;L,"135,154,165,127,182",0.6594984531402588,0.021633241325616837,False
A;M;G;Q;K,M;L;A;M;A,"135,154,165,127,253",0.2166118621826172,0.0055774240754544735,False
A;M;G;Q;K,M;L;A;M;V,"135,154,165,127,253",0.2166118621826172,0.005577453412115574,False
A;M;G;Q;Q,M;L;A;M;F,"135,154,165,127,182",0.45070165395736694,0.016959812492132187,False
A;M;G;Q;R,M;L;A;M;D,"135,154,165,127,90",0.2166118621826172,0.006292660720646381,False
A;M;G;Q;Y,M;L;A;M;T,"135,154,165,127,63",0.21659469604492188,0.00555438781157136,False
A;M;G;Q;Q,M;L;A;M;V,"135,154,165,127,182",0.7851306200027466,0.024508250877261162,True
A;M;G;Q;K,M;L;A;M;L,"135,154,165,127,253",0.2166118621826172,0.005577400792390108,False
A;M;G;Q;C,M;L;A;M;S,"135,154,165,127,289",0.2166118621826172,0.005577281583100557,False
A;M;G;Q;Y,M;L;A;M;G,"135,154,165,127,63",0.21658086776733398,0.0055395085364580154,False
A;M;G;Q;A,M;L;A;M;D,"135,154,165,127,226",0.2166118621826172,0.005577568430453539,False
A;M;G;Q;C,M;L;A;M;A,"135,154,165,127,289",0.2166118621826172,0.005577281583100557,False
A;M;G;Q;R,M;L;A;M;Q,"135,154,165,127,224",0.2166118621826172,0.005577281583100557,False
A;M;G;Q;S,M;L;A;M;E,"135,154,165,127,136",0.2166118621826172,0.005577281583100557,False
A;M;G;Q;D,M;L;A;M;N,"135,154,165,127,186",0.21872025728225708,0.008806687779724598,False
A;M;G;Q;R,M;L;A;M;A,"135,154,165,127,280",0.2166118621826172,0.005590335000306368,False
A;M;G;Q;S,M;L;A;M;F,"135,154,165,127,238",0.4964901804924011,0.017701856791973114,False
A;M;G;Q;S,M;L;A;M;Q,"135,154,165,127,188",0.21653777360916138,0.005571246147155762,False
A;M;G;Q;S,M;L;A;M;H,"135,154,165,127,214",0.23909205198287964,0.01129329577088356,False
A;M;G;Q;L,M;L;A;M;F,"135,154,165,127,117",0.2166118621826172,0.005590325221419334,False
A;M;G;Q;Q,M;L;A;M;Y,"135,154,165,127,119",0.21671098470687866,0.005748169496655464,False
A;M;G;Q;S,M;L;A;M;E,"135,154,165,127,121",0.21886968612670898,0.005746170412749052,False
A;M;G;Q;I,M;L;A;M;R,"135,154,165,127,168",0.2386840581893921,0.006301203276962042,False
A;M;G;Q;N,M;L;A;M;H,"135,154,165,127,205",0.2166118621826172,0.010101418010890484,False
A;M;G;Q;S,M;L;A;M;Y,"135,154,165,127,269",0.2166118621826172,0.005577281583100557,False
A;M;G;Q;S,M;L;A;M;T,"135,154,165,127,214",0.2165883183479309,0.007332929410040379,False
A;M;G;Q;I,M;L;A;M;R,"135,154,165,127,218",0.2166118621826172,0.0058195507153868675,False
A;M;G;Q;P,M;L;A;M;K,"135,154,165,127,120",0.39502447843551636,0.014944189228117466,False
A;M;G;Q;M,M;L;A;M;H,"135,154,165,127,161",0.26372140645980835,0.01208457536995411,False
A;M;G;Q;I,M;L;A;M;H,"135,154,165,127,168",0.2325279712677002,0.006215963046997786,False
A;M;G;Q;N,M;L;A;M;K,"135,154,165,127,114",0.2166118621826172,0.005572876427322626,False
A;M;G;Q;P,M;L;A;M;V,"135,154,165,127,184",0.5685247182846069,0.021191446110606194,False
A;M;G;Q;W,M;L;A;M;P,"135,154,165,127,185",0.3716543912887573,0.01506129652261734,False
A;M;G;Q;S,M;L;A;M;H,"135,154,165,127,187",0.21653318405151367,0.00562190031632781,False
A;M;G;Q;S,M;L;A;M;P,"135,154,165,127,188",0.21655535697937012,0.005569756031036377,False
A;M;G;Q;T,M;L;A;M;Y,"135,154,165,127,189",0.21650034189224243,0.005770440679043531,False
A;M;G;Q;F,M;L;A;M;M,"135,154,165,127,191",0.21656084060668945,0.005575717892497778,False
S;T;R;S;G,A;V;A;T;Q,"124,198,280,214,243",0.07349812984466553,0.00185047194827348,False
S;T;R;S;G,A;V;A;T;L,"124,198,280,214,243",0.07349812984466553,0.001867486978881061,False
S;T;R;S;T,A;V;A;T;E,"124,198,280,214,270",0.07349812984466553,0.0017982195131480694,False
S;T;R;S;R,A;V;A;T;V,"124,198,280,214,34",0.07349812984466553,0.0017982195131480694,False
S;T;R;S;G,A;V;A;T;K,"124,198,280,214,243",0.07349812984466553,0.001809556852094829,False
S;T;R;S;D,A;V;A;T;Q,"124,198,280,214,220",0.07462239265441895,0.0018233476439490914,False
S;T;R;S;F,A;V;A;T;E,"124,198,280,214,271",0.07349812984466553,0.0017982195131480694,False
S;T;R;S;G,A;V;A;T;Q,"124,198,280,214,164",0.20060086250305176,0.006722806487232447,False
S;T;R;S;A,A;V;A;T;D,"124,198,280,214,130",0.07349812984466553,0.0018021173309534788,False
S;T;R;S;W,A;V;A;T;C,"124,198,280,214,257",0.07349812984466553,0.0017971839988604188,False
S;T;R;S;Q,A;V;A;T;N,"124,198,280,214,127",0.07349812984466553,0.001809696783311665,False
S;T;R;S;Q,A;V;A;T;R,"124,198,280,214,127",0.07349812984466553,0.0018371704500168562,False
S;T;R;S;S,A;V;A;T;M,"124,198,280,214,238",0.3914560079574585,0.01124986819922924,False
S;T;R;S;F,A;V;A;T;M,"124,198,280,214,271",0.07349812984466553,0.0017982195131480694,False
S;T;R;S;G,A;V;A;T;I,"124,198,280,214,243",0.07349812984466553,0.001876441529020667,False
S;T;R;S;Q,A;V;A;T;I,"124,198,280,214,127",0.07349812984466553,0.002267557429149747,False
S;T;R;S;A,A;V;A;T;V,"124,198,280,214,65",0.07349812984466553,0.0017981902929022908,False
S;T;R;S;Q,A;V;A;T;E,"124,198,280,214,133",0.07349812984466553,0.0017982195131480694,False
S;T;R;S;Q,A;V;A;T;K,"124,198,280,214,127",0.07349812984466553,0.0018051003571599722,False
S;T;R;S;Q,A;V;A;T;W,"124,198,280,214,133",0.07349812984466553,0.0017982195131480694,False
S;T;R;S;D,A;V;A;T;L,"124,198,280,214,220",0.07348710298538208,0.001795235089957714,False
S;T;R;S;T,A;V;A;T;D,"124,198,280,214,88",0.07349812984466553,0.0019849773962050676,False
S;T;R;S;R,A;V;A;T;N,"124,198,280,214,132",0.07349812984466553,0.0017982195131480694,False
S;T;R;S;Q,A;V;A;T;D,"124,198,280,214,127",0.07349812984466553,0.0018170420080423355,False
S;T;R;S;A,A;V;A;T;Y,"124,198,280,214,215",0.5187489986419678,0.015236704610288143,False
S;T;R;S;L,A;V;A;T;K,"124,198,280,214,249",0.07349812984466553,0.0017983136931434274,False
S;T;R;S;R,A;V;A;T;Y,"124,198,280,214,123",0.07349812984466553,0.0020686776842921972,False
S;T;R;S;F,A;V;A;T;W,"124,198,280,214,271",0.07349812984466553,0.0017982195131480694,False
S;T;R;S;S,A;V;A;T;D,"124,198,280,214,58",0.07349812984466553,0.0017982195131480694,False
S;T;R;S;N,A;V;A;T;I,"124,198,280,214,37",0.07349812984466553,0.0017982195131480694,False
S;T;R;S;C,A;V;A;T;D,"124,198,280,214,289",0.07349812984466553,0.0017982195131480694,False
S;T;R;S;A,A;V;A;T;P,"124,198,280,214,152",0.07349812984466553,0.0017982195131480694,False
S;T;R;S;D,A;V;A;T;V,"124,198,280,214,186",0.7172479629516602,0.01868348941206932,True
S;T;R;S;G,A;V;A;T;P,"124,198,280,214,243",0.07349812984466553,0.0018112562829628587,False
S;T;R;S;S,A;V;A;T;E,"124,198,280,214,115",0.07349812984466553,0.0018007977632805705,False
S;T;R;S;L,A;V;A;T;Q,"124,198,280,214,216",0.06193608045578003,0.0016879383474588394,False
S;T;R;S;N,A;V;A;T;P,"124,198,280,214,277",0.07349812984466553,0.0017985368613153696,False
S;T;R;S;R,A;V;A;T;Q,"124,198,280,214,132",0.07349812984466553,0.0017982195131480694,False
S;T;R;S;N,A;V;A;T;Y,"124,198,280,214,244",0.07349812984466553,0.0020473585464060307,False
S;T;R;S;H,A;V;A;T;T,"124,198,280,214,104",0.07349812984466553,0.0017982195131480694,False
S;T;R;S;S,A;V;A;T;V,"124,198,280,214,58",0.07349812984466553,0.0017982195131480694,False
S;T;R;S;H,A;V;A;T;L,"124,198,280,214,104",0.07349812984466553,0.0017982195131480694,False
S;T;R;S;P,A;V;A;T;Q,"124,198,280,214,38",0.07349812984466553,0.0017982195131480694,False
S;T;R;S;R,A;V;A;T;L,"124,198,280,214,53",0.07349812984466553,0.0017982195131480694,False
S;T;R;S;A,A;V;A;T;T,"124,198,280,214,180",0.07349812984466553,0.0018572973785921931,False
S;T;R;S;P,A;V;A;T;D,"124,198,280,214,197",0.07349812984466553,0.0017998398980125785,False
S;T;R;S;A,A;V;A;T;M,"124,198,280,214,135",0.07349812984466553,0.0017982195131480694,False
S;T;R;S;I,A;V;A;T;L,"124,198,280,214,111",0.07349812984466553,0.001801244099624455,False
S;T;R;S;G,A;V;A;T;S,"124,198,280,214,243",0.07349812984466553,0.0018044945318251848,False
S;T;R;S;Q,A;V;A;T;L,"124,198,280,214,127",0.07349812984466553,0.002192222746089101,False
S;T;R;S;Q,A;V;A;T;H,"124,198,280,214,127",0.07349812984466553,0.0018060540314763784,False
S;T;R;S;W,A;V;A;T;I,"124,198,280,214,159",0.2872743010520935,0.009030470624566078,False
S;T;R;S;Q,A;V;A;T;P,"124,198,280,214,127",0.07349812984466553,0.0018244829261675477,False
S;T;R;S;S,A;V;A;T;N,"124,198,280,214,103",0.07349812984466553,0.0017982195131480694,False
S;T;R;S;A,A;V;A;T;Y,"124,198,280,214,179",0.07349812984466553,0.001997986575588584,False
S;T;R;S;W,A;V;A;T;K,"124,198,280,214,257",0.07349812984466553,0.0017957119271159172,False
S;T;R;S;L,A;V;A;T;M,"124,198,280,214,216",0.06667876243591309,0.0016634935745969415,False
S;T;R;S;Q,A;V;A;T;E,"124,198,280,214,127",0.07349812984466553,0.0018988542724400759,False
S;T;R;S;G,A;V;A;T;A,"124,198,280,214,243",0.07349812984466553,0.0018109582597389817,False
S;T;R;S;A,A;V;A;T;N,"124,198,280,214,226",0.07349812984466553,0.0017986367456614971,False
S;T;R;S;L,A;V;A;T;I,"124,198,280,214,216",0.07494235038757324,0.0018488778732717037,False
S;T;R;S;C,A;V;A;T;L,"124,198,280,214,289",0.07349812984466553,0.0017982195131480694,False
S;T;R;S;S,A;V;A;T;E,"124,198,280,214,207",0.6318895816802979,0.017135901376605034,False
S;T;R;S;M,A;V;A;T;L,"124,198,280,214,154",0.07349812984466553,0.0017982512945309281,False
S;T;R;S;M,A;V;A;T;P,"124,198,280,214,222",0.07392889261245728,0.0018079807050526142,False
S;T;R;S;G,A;V;A;T;T,"124,198,280,214,251",0.07349812984466553,0.001799006829969585,False
S;T;R;S;P,A;V;A;T;L,"124,198,280,214,38",0.07349812984466553,0.0017982195131480694,False
S;T;R;S;L,A;V;A;T;W,"124,198,280,214,216",0.06957536935806274,0.0018900729482993484,False
S;T;R;S;T,A;V;A;T;L,"124,198,280,214,72",0.07349812984466553,0.0017982195131480694,False
S;T;R;S;S,A;V;A;T;P,"124,198,280,214,245",0.07349812984466553,0.0018019260605797172,False
S;T;R;S;I,A;V;A;T;W,"124,198,280,214,111",0.07349812984466553,0.002034625271335244,False
S;T;R;S;L,A;V;A;T;D,"124,198,280,214,249",0.07349812984466553,0.0017999577103182673,False
S;T;R;S;E,A;V;A;T;K,"124,198,280,214,231",0.07349812984466553,0.001842110650613904,False
S;T;R;S;D,A;V;A;T;K,"124,198,280,214,263",0.07349812984466553,0.0017982195131480694,False
S;T;R;S;T,A;V;A;T;M,"124,198,280,214,51",0.07349812984466553,0.0017982195131480694,False
S;T;R;S;L,A;V;A;T;E,"124,198,280,214,216",0.06743508577346802,0.0020645358599722385,False
S;T;R;S;S,A;V;A;T;T,"124,198,280,214,121",0.07349812984466553,0.0018083342583850026,False
S;T;R;S;I,A;V;A;T;H,"124,198,280,214,145",0.07349812984466553,0.0017982195131480694,False
S;T;R;S;I,A;V;A;T;L,"124,198,280,214,145",0.07349812984466553,0.0017982195131480694,False
S;T;R;S;H,A;V;A;T;M,"124,198,280,214,104",0.07349812984466553,0.0017982195131480694,False
S;T;R;S;L,A;V;A;T;F,"124,198,280,214,216",0.06818360090255737,0.0017049991292878985,False
S;T;R;S;S,A;V;A;T;D,"124,198,280,214,103",0.07349812984466553,0.0017982195131480694,False
S;T;R;S;I,A;V;A;T;V,"124,198,280,214,200",0.07341361045837402,0.0017958588432520628,False
S;T;R;S;T,A;V;A;T;K,"124,198,280,214,88",0.07349812984466553,0.001847430714406073,False
S;T;R;S;N,A;V;A;T;K,"124,198,280,214,138",0.07349812984466553,0.0017982195131480694,False
S;T;R;S;A,A;V;A;T;L,"124,198,280,214,65",0.07349812984466553,0.0017982360441237688,False
S;T;R;S;Q,A;V;A;T;T,"124,198,280,214,91",0.07349812984466553,0.001832996727898717,False
S;T;R;S;G,A;V;A;T;D,"124,198,280,214,163",0.40407460927963257,0.012210042215883732,False
S;T;R;S;A,A;V;A;T;M,"124,198,280,214,65",0.07349812984466553,0.001798456534743309,False
S;T;R;S;K,A;V;A;T;L,"124,198,280,214,252",0.07349812984466553,0.0017982901772484183,False
S;T;R;S;V,A;V;A;T;D,"124,198,280,214,57",0.07349812984466553,0.0017982195131480694,False
S;T;R;S;Q,A;V;A;T;V,"124,198,280,214,127",0.07349812984466553,0.00216725398786366,False
S;T;R;S;V,A;V;A;T;C,"124,198,280,214,281",0.07349812984466553,0.0018217646284028888,False
S;T;R;S;T,A;V;A;T;V,"124,198,280,214,72",0.07349812984466553,0.0017982195131480694,False
S;T;R;S;Q,A;V;A;T;N,"124,198,280,214,133",0.07349812984466553,0.0017982195131480694,False
S;T;R;S;R,A;V;A;T;K,"124,198,280,214,53",0.07349812984466553,0.0017982195131480694,False
S;T;R;S;S,A;V;A;T;P,"124,198,280,214,125",0.07349812984466553,0.0018003333825618029,False
S;T;R;S;T,A;V;A;T;Q,"124,198,280,214,88",0.07349812984466553,0.001822281745262444,False
S;T;R;S;N,A;V;A;T;L,"124,198,280,214,138",0.07349812984466553,0.0017982195131480694,False
S;T;R;S;H,A;V;A;T;R,"124,198,280,214,104",0.07349812984466553,0.0017982195131480694,False
S;T;R;S;W,A;V;A;T;P,"124,198,280,214,159",0.3324301242828369,0.010513737797737122,False
S;T;R;S;S,A;V;A;T;Y,"124,198,280,214,242",0.07349812984466553,0.0018995307618752122,False
S;T;R;S;A,A;V;A;T;F,"124,198,280,214,65",0.07349812984466553,0.0017986990278586745,False
S;T;R;S;G,A;V;A;T;H,"124,198,280,214,251",0.07349812984466553,0.001800445606932044,False
S;T;R;S;L,A;V;A;T;P,"124,198,280,214,216",0.06118309497833252,0.0016466088127344847,False
S;T;R;S;S,A;V;A;T;W,"124,198,280,214,58",0.07349812984466553,0.0017982195131480694,False
S;T;R;S;A,A;V;A;T;E,"124,198,280,214,152",0.07349812984466553,0.0017982195131480694,False
S;T;R;S;T,A;V;A;T;N,"124,198,280,214,88",0.07349812984466553,0.001814174116589129,False
S;T;R;S;S,A;V;A;T;K,"124,198,280,214,58",0.07349812984466553,0.0017982195131480694,False
S;T;R;S;L,A;V;A;T;C,"124,198,280,214,249",0.07349812984466553,0.0017982153221964836,False
S;T;R;S;N,A;V;A;T;T,"124,198,280,214,190",0.07379716634750366,0.0018040718277916312,False
S;T;R;S;S,A;V;A;T;V,"124,198,280,214,223",0.07349812984466553,0.0017982195131480694,False
S;T;R;S;A,A;V;A;T;W,"124,198,280,214,65",0.07349812984466553,0.0018000644631683826,False
S;T;R;S;K,A;V;A;T;Y,"124,198,280,214,253",0.07349812984466553,0.0017983040306717157,False
S;T;R;S;R,A;V;A;T;S,"124,198,280,214,90",0.07349812984466553,0.002266707830131054,False
S;T;R;S;T,A;V;A;T;M,"124,198,280,214,29",0.07349812984466553,0.0017982195131480694,False
S;T;R;S;M,A;V;A;T;L,"124,198,280,214,262",0.07349812984466553,0.0017982195131480694,False
S;T;R;S;A,A;V;A;T;L,"124,198,280,214,272",0.07349812984466553,0.0017982195131480694,False
S;T;R;S;R,A;V;A;T;N,"124,198,280,214,90",0.07349812984466553,0.0020305693615227938,False
S;T;R;S;R,A;V;A;T;T,"124,198,280,214,90",0.07349812984466553,0.0020716397557407618,False
S;T;R;S;G,A;V;A;T;T,"124,198,280,214,254",0.07349812984466553,0.0017989000771194696,False
S;T;R;S;R,A;V;A;T;P,"124,198,280,214,90",0.07349812984466553,0.002442025812342763,False
S;T;R;S;N,A;V;A;T;Y,"124,198,280,214,37",0.07349812984466553,0.0017982195131480694,False
S;T;R;S;Q,A;V;A;T;I,"124,198,280,214,182",0.8204353451728821,0.021697916090488434,True
S;T;R;S;R,A;V;A;T;A,"124,198,280,214,90",0.07349812984466553,0.0021793425548821688,False
S;T;R;S;K,A;V;A;T;F,"124,198,280,214,253",0.07349812984466553,0.0017982777208089828,False
S;T;R;S;Y,A;V;A;T;S,"124,198,280,214,63",0.07349812984466553,0.0017983525758609176,False
S;T;R;S;Q,A;V;A;T;M,"124,198,280,214,127",0.07349812984466553,0.0020985782612115145,False
S;T;R;S;Q,A;V;A;T;L,"124,198,280,214,182",0.6587429046630859,0.017786655575037003,False
S;T;R;S;K,A;V;A;T;A,"124,198,280,214,253",0.07349812984466553,0.0017983622383326292,False
S;T;R;S;K,A;V;A;T;V,"124,198,280,214,253",0.07349812984466553,0.001798391342163086,False
S;T;R;S;Q,A;V;A;T;F,"124,198,280,214,182",0.4501091241836548,0.013081640936434269,False
S;T;R;S;R,A;V;A;T;D,"124,198,280,214,90",0.07349812984466553,0.0025031135883182287,False
S;T;R;S;Q,A;V;A;T;A,"124,198,280,214,127",0.07349812984466553,0.0018569064559414983,False
S;T;R;S;Y,A;V;A;T;T,"124,198,280,214,63",0.07349812984466553,0.0017980975098907948,False
S;T;R;S;Q,A;V;A;T;V,"124,198,280,214,182",0.784176766872406,0.020671656355261803,True
S;T;R;S;K,A;V;A;T;L,"124,198,280,214,253",0.07349812984466553,0.0017983387224376202,False
S;T;R;S;C,A;V;A;T;S,"124,198,280,214,289",0.07349812984466553,0.0017982195131480694,False
S;T;R;S;Y,A;V;A;T;G,"124,198,280,214,63",0.07349812984466553,0.0017991814529523253,False
S;T;R;S;M,A;V;A;T;V,"124,198,280,214,154",0.07349812984466553,0.001798229175619781,False
S;T;R;S;Q,A;V;A;T;T,"124,198,280,214,127",0.07349812984466553,0.0018142100889235735,False
S;T;R;S;A,A;V;A;T;D,"124,198,280,214,226",0.07349812984466553,0.0017989554908126593,False
S;T;R;S;C,A;V;A;T;A,"124,198,280,214,289",0.07349812984466553,0.0017982195131480694,False
S;T;R;S;R,A;V;A;T;Q,"124,198,280,214,224",0.07349812984466553,0.0017982195131480694,False
S;T;R;S;N,A;V;A;T;K,"124,198,280,214,233",0.07349812984466553,0.0018236041069030762,False
S;T;R;S;S,A;V;A;T;E,"124,198,280,214,136",0.07349812984466553,0.0017982195131480694,False
S;T;R;S;D,A;V;A;T;N,"124,198,280,214,186",0.12792569398880005,0.0048478106036782265,False
S;T;R;S;S,A;V;A;T;F,"124,198,280,214,238",0.4964901804924011,0.013925599865615368,False
S;T;R;S;S,A;V;A;T;Q,"124,198,280,214,188",0.0719062089920044,0.0017733421409502625,False
S;T;R;S;L,A;V;A;T;F,"124,198,280,214,117",0.07349812984466553,0.001805451000109315,False
S;T;R;S;Q,A;V;A;T;Y,"124,198,280,214,119",0.07349812984466553,0.0019001254113391042,False
S;T;R;S;G,A;V;A;T;A,"124,198,280,214,165",0.22586077451705933,0.007361553609371185,False
S;T;R;S;S,A;V;A;T;E,"124,198,280,214,121",0.07349812984466553,0.0018933124374598265,False
S;T;R;S;I,A;V;A;T;R,"124,198,280,214,168",0.07349812984466553,0.0019505232339724898,False
S;T;R;S;N,A;V;A;T;H,"124,198,280,214,205",0.19315093755722046,0.006362325977534056,False
S;T;R;S;S,A;V;A;T;Y,"124,198,280,214,269",0.07349812984466553,0.0017982195131480694,False
S;T;R;S;I,A;V;A;T;R,"124,198,280,214,218",0.06764060258865356,0.0017350398702546954,False
S;T;R;S;P,A;V;A;T;K,"124,198,280,214,120",0.3876832127571106,0.01086140051484108,False
S;T;R;S;M,A;V;A;T;H,"124,198,280,214,161",0.24907326698303223,0.007699770852923393,False
S;T;R;S;I,A;V;A;T;H,"124,198,280,214,168",0.07349812984466553,0.0019996901974081993,False
S;T;R;S;N,A;V;A;T;K,"124,198,280,214,114",0.07349812984466553,0.0017982263816520572,False
S;T;R;S;P,A;V;A;T;V,"124,198,280,214,184",0.5681164264678955,0.01619848981499672,False
S;T;R;S;W,A;V;A;T;P,"124,198,280,214,185",0.37292641401290894,0.012180191464722157,False
S;T;R;S;S,A;V;A;T;H,"124,198,280,214,187",0.07188630104064941,0.0017958796815946698,False
S;T;R;S;S,A;V;A;T;P,"124,198,280,214,188",0.07293331623077393,0.0017870997544378042,False
S;T;R;S;T,A;V;A;T;Y,"124,198,280,214,189",0.059224843978881836,0.001579625648446381,False
S;T;R;S;F,A;V;A;T;M,"124,198,280,214,191",0.07363379001617432,0.00180113036185503,False
D;L;N;S;S,L;F;K;Y;N,"220,117,233,269,124",0.0003815293312072754,5.9176323702558875e-05,False
D;L;N;S;G,L;F;K;Y;Q,"220,117,233,269,243",0.002083897590637207,9.295967902289703e-05,False
D;L;N;S;G,L;F;K;Y;L,"220,117,233,269,243",0.002943694591522217,0.00011110583000117913,False
D;L;N;S;T,L;F;K;Y;E,"220,117,233,269,270",0.0003815293312072754,4.263395385351032e-05,False
D;L;N;S;R,L;F;K;Y;V,"220,117,233,269,34",0.0003815293312072754,4.263395385351032e-05,False
D;L;N;S;G,L;F;K;Y;K,"220,117,233,269,243",0.00043201446533203125,5.287902240525e-05,False
D;L;N;S;S,L;F;K;Y;K,"220,117,233,269,124",0.001477062702178955,0.0001260069984709844,False
D;L;N;S;F,L;F;K;Y;E,"220,117,233,269,271",0.0003815293312072754,4.263395385351032e-05,False
D;L;N;S;G,L;F;K;Y;Q,"220,117,233,269,164",0.1989167332649231,0.005100541282445192,False
D;L;N;S;A,L;F;K;Y;D,"220,117,233,269,130",0.0003815293312072754,4.4088032154832035e-05,False
D;L;N;S;W,L;F;K;Y;C,"220,117,233,269,257",0.0003815293312072754,4.2814153857761994e-05,False
D;L;N;S;Q,L;F;K;Y;N,"220,117,233,269,127",0.000515282154083252,6.817523535573855e-05,False
D;L;N;S;Q,L;F;K;Y;R,"220,117,233,269,127",0.001125335693359375,7.888743857620284e-05,False
D;L;N;S;S,L;F;K;Y;M,"220,117,233,269,238",0.39194828271865845,0.009520870633423328,False
D;L;N;S;F,L;F;K;Y;M,"220,117,233,269,271",0.0003815293312072754,4.263395385351032e-05,False
D;L;N;S;S,L;F;K;Y;A,"220,117,233,269,124",0.00040590763092041016,7.483709487132728e-05,False
D;L;N;S;G,L;F;K;Y;I,"220,117,233,269,243",0.0033347606658935547,0.00012014771346002817,False
D;L;N;S;Q,L;F;K;Y;I,"220,117,233,269,127",0.008184432983398438,0.0004471859137993306,False
D;L;N;S;A,L;F;K;Y;V,"220,117,233,269,65",0.0003815293312072754,4.2808609578059986e-05,False
D;L;N;S;Q,L;F;K;Y;E,"220,117,233,269,133",0.0003815293312072754,4.263395385351032e-05,False
D;L;N;S;S,L;F;K;Y;T,"220,117,233,269,124",0.0003815293312072754,5.99179147684481e-05,False
D;L;N;S;Q,L;F;K;Y;K,"220,117,233,269,127",0.00043380260467529297,6.526847573695704e-05,False
D;L;N;S;Q,L;F;K;Y;W,"220,117,233,269,133",0.0003815293312072754,4.263395385351032e-05,False
D;L;N;S;T,L;F;K;Y;D,"220,117,233,269,88",0.0026205778121948242,0.00022016430739313364,False
D;L;N;S;R,L;F;K;Y;N,"220,117,233,269,132",0.0003815293312072754,4.263395385351032e-05,False
D;L;N;S;Q,L;F;K;Y;D,"220,117,233,269,127",0.0003815293312072754,5.423884067567997e-05,False
D;L;N;S;A,L;F;K;Y;Y,"220,117,233,269,215",0.5170197486877441,0.012914299964904785,False
D;L;N;S;L,L;F;K;Y;K,"220,117,233,269,249",0.0003815293312072754,4.272266960470006e-05,False
D;L;N;S;R,L;F;K;Y;Y,"220,117,233,269,123",0.0025812387466430664,0.0002557219413574785,False
D;L;N;S;F,L;F;K;Y;W,"220,117,233,269,271",0.0003815293312072754,4.263395385351032e-05,False
D;L;N;S;S,L;F;K;Y;D,"220,117,233,269,58",0.0003815293312072754,4.263395385351032e-05,False
D;L;N;S;N,L;F;K;Y;I,"220,117,233,269,37",0.0003815293312072754,4.263395385351032e-05,False
D;L;N;S;C,L;F;K;Y;D,"220,117,233,269,289",0.0003815293312072754,4.263395385351032e-05,False
D;L;N;S;A,L;F;K;Y;P,"220,117,233,269,152",0.0003815293312072754,4.263395385351032e-05,False
D;L;N;S;D,L;F;K;Y;V,"220,117,233,269,186",0.7238578200340271,0.017332594841718674,True
D;L;N;S;G,L;F;K;Y;P,"220,117,233,269,243",0.0005051493644714355,5.4631123930448666e-05,False
D;L;N;S;S,L;F;K;Y;E,"220,117,233,269,115",0.0003815293312072754,4.6504097554134205e-05,False
D;L;N;S;L,L;F;K;Y;Q,"220,117,233,269,216",0.007923126220703125,0.00043753828504122794,False
D;L;N;S;N,L;F;K;Y;P,"220,117,233,269,277",0.0003815293312072754,4.247454853611998e-05,False
D;L;N;S;R,L;F;K;Y;Q,"220,117,233,269,132",0.0003815293312072754,4.263395385351032e-05,False
D;L;N;S;N,L;F;K;Y;Y,"220,117,233,269,244",0.0034700632095336914,0.0002811869780998677,False
D;L;N;S;H,L;F;K;Y;T,"220,117,233,269,104",0.0003815293312072754,4.263395385351032e-05,False
D;L;N;S;S,L;F;K;Y;V,"220,117,233,269,58",0.0003815293312072754,4.263395385351032e-05,False
D;L;N;S;H,L;F;K;Y;L,"220,117,233,269,104",0.0003815293312072754,4.263395385351032e-05,False
D;L;N;S;P,L;F;K;Y;Q,"220,117,233,269,38",0.0003815293312072754,4.263395385351032e-05,False
D;L;N;S;R,L;F;K;Y;L,"220,117,233,269,53",0.0003815293312072754,4.263395385351032e-05,False
D;L;N;S;A,L;F;K;Y;T,"220,117,233,269,180",0.0009616613388061523,0.0001072079612640664,False
D;L;N;S;P,L;F;K;Y;D,"220,117,233,269,197",0.0003815293312072754,4.2844651034101844e-05,False
D;L;N;S;T,L;F;K;Y;V,"220,117,233,269,198",0.0010097026824951172,6.681264494545758e-05,False
D;L;N;S;A,L;F;K;Y;M,"220,117,233,269,135",0.0003815293312072754,4.263395385351032e-05,False
D;L;N;S;I,L;F;K;Y;L,"220,117,233,269,111",0.0003815293312072754,4.540903682936914e-05,False
D;L;N;S;G,L;F;K;Y;S,"220,117,233,269,243",0.0003815293312072754,4.818688830710016e-05,False
D;L;N;S;Q,L;F;K;Y;L,"220,117,233,269,127",0.00674206018447876,0.00037795581738464534,False
D;L;N;S;Q,L;F;K;Y;H,"220,117,233,269,127",0.0003815293312072754,4.8010846512624994e-05,False
D;L;N;S;W,L;F;K;Y;I,"220,117,233,269,159",0.287265419960022,0.007286256179213524,False
D;L;N;S;Q,L;F;K;Y;P,"220,117,233,269,127",0.0010393857955932617,8.354353485628963e-05,False
D;L;N;S;S,L;F;K;Y;N,"220,117,233,269,103",0.0003815293312072754,4.263395385351032e-05,False
D;L;N;S;A,L;F;K;Y;Y,"220,117,233,269,179",0.005127310752868652,0.0002392738388152793,False
D;L;N;S;W,L;F;K;Y;K,"220,117,233,269,257",0.0003815293312072754,4.2890394979622215e-05,False
D;L;N;S;L,L;F;K;Y;M,"220,117,233,269,216",0.0015997886657714844,0.0001254761009477079,False
D;L;N;S;Q,L;F;K;Y;E,"220,117,233,269,127",0.0012962818145751953,0.00012013247032882646,False
D;L;N;S;G,L;F;K;Y;A,"220,117,233,269,243",0.0005470514297485352,5.528122710529715e-05,False
D;L;N;S;A,L;F;K;Y;N,"220,117,233,269,226",0.0003815293312072754,4.2762865632539615e-05,False
D;L;N;S;L,L;F;K;Y;I,"220,117,233,269,216",0.0003765225410461426,4.4530213926918805e-05,False
D;L;N;S;C,L;F;K;Y;L,"220,117,233,269,289",0.0003815293312072754,4.263395385351032e-05,False
D;L;N;S;S,L;F;K;Y;E,"220,117,233,269,207",0.6319328546524048,0.015417343005537987,False
D;L;N;S;M,L;F;K;Y;L,"220,117,233,269,154",0.0003815293312072754,4.2643656342988834e-05,False
D;L;N;S;M,L;F;K;Y;P,"220,117,233,269,222",0.0003815293312072754,4.2740688513731584e-05,False
D;L;N;S;G,L;F;K;Y;T,"220,117,233,269,251",0.0003815293312072754,4.300267028156668e-05,False
D;L;N;S;P,L;F;K;Y;L,"220,117,233,269,38",0.0003815293312072754,4.263395385351032e-05,False
D;L;N;S;L,L;F;K;Y;W,"220,117,233,269,216",0.00827878713607788,0.0004336986457929015,False
D;L;N;S;T,L;F;K;Y;L,"220,117,233,269,72",0.0003815293312072754,4.263395385351032e-05,False
D;L;N;S;S,L;F;K;Y;P,"220,117,233,269,245",0.0003815293312072754,4.882174835074693e-05,False
D;L;N;S;I,L;F;K;Y;W,"220,117,233,269,111",0.007931351661682129,0.00028387890779413283,False
D;L;N;S;L,L;F;K;Y;D,"220,117,233,269,249",0.0003815293312072754,4.3774758523795754e-05,False
D;L;N;S;E,L;F;K;Y;K,"220,117,233,269,231",0.002480804920196533,0.00014175231626722962,False
D;L;N;S;D,L;F;K;Y;K,"220,117,233,269,263",0.0003815293312072754,4.263395385351032e-05,False
D;L;N;S;T,L;F;K;Y;M,"220,117,233,269,51",0.0003815293312072754,4.263395385351032e-05,False
D;L;N;S;L,L;F;K;Y;E,"220,117,233,269,216",0.01891493797302246,0.0009153942810371518,False
D;L;N;S;S,L;F;K;Y;T,"220,117,233,269,121",0.0003815293312072754,4.7353809350170195e-05,False
D;L;N;S;I,L;F;K;Y;H,"220,117,233,269,145",0.0003815293312072754,4.263395385351032e-05,False
D;L;N;S;I,L;F;K;Y;L,"220,117,233,269,145",0.0003815293312072754,4.263395385351032e-05,False
D;L;N;S;H,L;F;K;Y;M,"220,117,233,269,104",0.0003815293312072754,4.263395385351032e-05,False
D;L;N;S;R,L;F;K;Y;P,"220,117,233,269,280",0.0011987090110778809,6.634967576246709e-05,False
D;L;N;S;L,L;F;K;Y;F,"220,117,233,269,216",0.0014296770095825195,0.00010307168122380972,False
D;L;N;S;S,L;F;K;Y;D,"220,117,233,269,103",0.0003815293312072754,4.263395385351032e-05,False
D;L;N;S;I,L;F;K;Y;V,"220,117,233,269,200",0.00046116113662719727,6.336250953609124e-05,False
D;L;N;S;T,L;F;K;Y;K,"220,117,233,269,88",0.0011223554611206055,9.85916267381981e-05,False
D;L;N;S;N,L;F;K;Y;K,"220,117,233,269,138",0.0003815293312072754,4.263395385351032e-05,False
D;L;N;S;A,L;F;K;Y;L,"220,117,233,269,65",0.0003815293312072754,4.3022078898502514e-05,False
D;L;N;S;Q,L;F;K;Y;T,"220,117,233,269,91",0.0006097555160522461,7.088655547704548e-05,False
D;L;N;S;G,L;F;K;Y;D,"220,117,233,269,163",0.40538251399993896,0.010563436895608902,False
D;L;N;S;A,L;F;K;Y;M,"220,117,233,269,65",0.0003815293312072754,4.3525251385290176e-05,False
D;L;N;S;K,L;F;K;Y;L,"220,117,233,269,252",0.0003815293312072754,4.270603312761523e-05,False
D;L;N;S;V,L;F;K;Y;D,"220,117,233,269,57",0.0003815293312072754,4.263395385351032e-05,False
D;L;N;S;Q,L;F;K;Y;V,"220,117,233,269,127",0.006808936595916748,0.0003576514427550137,False
D;L;N;S;V,L;F;K;Y;C,"220,117,233,269,281",0.0004284977912902832,4.960769729223102e-05,False
D;L;N;S;T,L;F;K;Y;V,"220,117,233,269,72",0.0003815293312072754,4.263395385351032e-05,False
D;L;N;S;Q,L;F;K;Y;N,"220,117,233,269,133",0.0003815293312072754,4.263395385351032e-05,False
D;L;N;S;R,L;F;K;Y;K,"220,117,233,269,53",0.0003815293312072754,4.263395385351032e-05,False
D;L;N;S;S,L;F;K;Y;P,"220,117,233,269,125",0.0003815293312072754,4.783342228620313e-05,False
D;L;N;S;T,L;F;K;Y;Q,"220,117,233,269,88",0.0005775690078735352,7.697870751144364e-05,False
D;L;N;S;N,L;F;K;Y;L,"220,117,233,269,138",0.0003815293312072754,4.263395385351032e-05,False
D;L;N;S;H,L;F;K;Y;R,"220,117,233,269,104",0.0003815293312072754,4.263395385351032e-05,False
D;L;N;S;W,L;F;K;Y;P,"220,117,233,269,159",0.3327174782752991,0.008836517110466957,False
D;L;N;S;S,L;F;K;Y;Y,"220,117,233,269,242",0.0021584630012512207,0.0001433699653716758,False
D;L;N;S;A,L;F;K;Y;F,"220,117,233,269,65",0.0003815293312072754,4.390090180095285e-05,False
D;L;N;S;G,L;F;K;Y;H,"220,117,233,269,251",0.0003815293312072754,4.4183674617670476e-05,False
D;L;N;S;L,L;F;K;Y;P,"220,117,233,269,216",0.005791902542114258,0.00036657688906416297,False
D;L;N;S;S,L;F;K;Y;W,"220,117,233,269,58",0.0003815293312072754,4.263395385351032e-05,False
D;L;N;S;A,L;F;K;Y;E,"220,117,233,269,152",0.0003815293312072754,4.263395385351032e-05,False
D;L;N;S;T,L;F;K;Y;N,"220,117,233,269,88",0.0003815293312072754,5.9454938309499994e-05,False
D;L;N;S;T,L;F;K;Y;N,"220,117,233,269,198",0.0003815293312072754,4.578468360705301e-05,False
D;L;N;S;S,L;F;K;Y;K,"220,117,233,269,58",0.0003815293312072754,4.263395385351032e-05,False
D;L;N;S;L,L;F;K;Y;C,"220,117,233,269,249",0.0003815293312072754,4.266306495992467e-05,False
D;L;N;S;N,L;F;K;Y;T,"220,117,233,269,190",0.0003815293312072754,4.366109715192579e-05,False
D;L;N;S;S,L;F;K;Y;V,"220,117,233,269,223",0.0003815293312072754,4.263395385351032e-05,False
D;L;N;S;A,L;F;K;Y;W,"220,117,233,269,65",0.0003815293312072754,4.5831813622498885e-05,False
D;L;N;S;K,L;F;K;Y;Y,"220,117,233,269,253",0.0003815293312072754,4.266445102985017e-05,False
D;L;N;S;R,L;F;K;Y;S,"220,117,233,269,90",0.007757008075714111,0.00047056618495844305,False
D;L;N;S;T,L;F;K;Y;M,"220,117,233,269,29",0.0003815293312072754,4.263395385351032e-05,False
D;L;N;S;M,L;F;K;Y;L,"220,117,233,269,262",0.0003815293312072754,4.263395385351032e-05,False
D;L;N;S;A,L;F;K;Y;L,"220,117,233,269,272",0.0003815293312072754,4.263395385351032e-05,False
D;L;N;S;R,L;F;K;Y;N,"220,117,233,269,90",0.003956794738769531,0.0002476254303473979,False
D;L;N;S;R,L;F;K;Y;T,"220,117,233,269,90",0.004122257232666016,0.00028838252183049917,False
D;L;N;S;G,L;F;K;Y;T,"220,117,233,269,254",0.0003815293312072754,4.266306495992467e-05,False
D;L;N;S;R,L;F;K;Y;P,"220,117,233,269,90",0.011525988578796387,0.0006377655663527548,False
D;L;N;S;N,L;F;K;Y;Y,"220,117,233,269,37",0.0003815293312072754,4.263395385351032e-05,False
D;L;N;S;Q,L;F;K;Y;I,"220,117,233,269,182",0.8225822448730469,0.0199432335793972,True
D;L;N;S;R,L;F;K;Y;A,"220,117,233,269,90",0.0054541826248168945,0.0003909385413862765,False
D;L;N;S;K,L;F;K;Y;F,"220,117,233,269,253",0.0003815293312072754,4.267692565917969e-05,False
D;L;N;S;Y,L;F;K;Y;S,"220,117,233,269,63",0.0003815293312072754,4.3909218220505863e-05,False
D;L;N;S;Q,L;F;K;Y;L,"220,117,233,269,182",0.6602998971939087,0.016021931543946266,False
D;L;N;S;K,L;F;K;Y;A,"220,117,233,269,253",0.0003815293312072754,4.2821084207389504e-05,False
D;L;N;S;K,L;F;K;Y;V,"220,117,233,269,253",0.0003815293312072754,4.284742317395285e-05,False
D;L;N;S;Q,L;F;K;Y;F,"220,117,233,269,182",0.4511667490005493,0.011293786577880383,False
D;L;N;S;R,L;F;K;Y;D,"220,117,233,269,90",0.013960301876068115,0.0007080213981680572,False
D;L;N;S;Q,L;F;K;Y;A,"220,117,233,269,127",0.001179337501525879,9.829083137447014e-05,False
D;L;N;S;Y,L;F;K;Y;T,"220,117,233,269,63",0.0003815293312072754,4.3457330320961773e-05,False
D;L;N;S;Q,L;F;K;Y;V,"220,117,233,269,182",0.7861027717590332,0.018919384106993675,True
D;L;N;S;K,L;F;K;Y;L,"220,117,233,269,253",0.0003815293312072754,4.2779502109624445e-05,False
D;L;N;S;C,L;F;K;Y;S,"220,117,233,269,289",0.0003815293312072754,4.263395385351032e-05,False
D;L;N;S;Y,L;F;K;Y;G,"220,117,233,269,63",0.0003815293312072754,4.5209428208181635e-05,False
D;L;N;S;M,L;F;K;Y;V,"220,117,233,269,154",0.0003815293312072754,4.265059033059515e-05,False
D;L;N;S;Q,L;F;K;Y;T,"220,117,233,269,127",0.0006337165832519531,6.483599281636998e-05,False
D;L;N;S;A,L;F;K;Y;D,"220,117,233,269,226",0.0003815293312072754,4.286960029276088e-05,False
D;L;N;S;C,L;F;K;Y;A,"220,117,233,269,289",0.0003815293312072754,4.263395385351032e-05,False
D;L;N;S;R,L;F;K;Y;Q,"220,117,233,269,224",0.0003815293312072754,4.263395385351032e-05,False
D;L;N;S;S,L;F;K;Y;E,"220,117,233,269,136",0.0003815293312072754,4.263395385351032e-05,False
D;L;N;S;D,L;F;K;Y;N,"220,117,233,269,186",0.12744390964508057,0.003044218523427844,False
D;L;N;S;R,L;F;K;Y;A,"220,117,233,269,280",0.00043779611587524414,4.7193017962854356e-05,False
D;L;N;S;S,L;F;K;Y;F,"220,117,233,269,238",0.4969698190689087,0.012200764380395412,False
D;L;N;S;S,L;F;K;Y;Q,"220,117,233,269,188",0.0003815293312072754,5.093008803669363e-05,False
D;L;N;S;S,L;F;K;Y;H,"220,117,233,269,214",0.2390683889389038,0.005705235991626978,False
D;L;N;S;Q,L;F;K;Y;Y,"220,117,233,269,119",0.0021368861198425293,0.00014584285963792354,False
D;L;N;S;G,L;F;K;Y;A,"220,117,233,269,165",0.22909623384475708,0.005621145013719797,False
D;L;N;S;S,L;F;K;Y;E,"220,117,233,269,121",0.004214346408843994,0.0001660169509705156,False
D;L;N;S;I,L;F;K;Y;R,"220,117,233,269,168",0.0036445260047912598,0.0002616560668684542,False
D;L;N;S;N,L;F;K;Y;H,"220,117,233,269,205",0.17986446619033813,0.004294588230550289,False
D;L;N;S;S,L;F;K;Y;T,"220,117,233,269,214",0.07348710298538208,0.0017719920724630356,False
D;L;N;S;I,L;F;K;Y;R,"220,117,233,269,218",0.006571650505065918,0.00028471474070101976,False
D;L;N;S;P,L;F;K;Y;K,"220,117,233,269,120",0.39743107557296753,0.00932946428656578,False
D;L;N;S;M,L;F;K;Y;H,"220,117,233,269,161",0.2509976625442505,0.006036912091076374,False
D;L;N;S;I,L;F;K;Y;H,"220,117,233,269,168",0.004608631134033203,0.00029730104142799973,False
D;L;N;S;N,L;F;K;Y;K,"220,117,233,269,114",0.0003815293312072754,4.2283256334485486e-05,False
D;L;N;S;P,L;F;K;Y;V,"220,117,233,269,184",0.5700466632843018,0.015106636099517345,False
D;L;N;S;W,L;F;K;Y;P,"220,117,233,269,185",0.37204766273498535,0.009855573996901512,False
D;L;N;S;S,L;F;K;Y;H,"220,117,233,269,187",0.00048530101776123047,6.060822124709375e-05,False
D;L;N;S;S,L;F;K;Y;P,"220,117,233,269,188",0.0003815293312072754,4.4117139623267576e-05,False
D;L;N;S;T,L;F;K;Y;Y,"220,117,233,269,189",0.00320357084274292,0.00017792402650229633,False
D;L;N;S;F,L;F;K;Y;M,"220,117,233,269,191",0.0003815293312072754,4.2563260649330914e-05,False
T;R;S;S;S,L;K;Y;T;N,"72,53,269,214,124",0.07349812984466553,0.0017531223129481077,False
T;R;S;S;G,L;K;Y;T;Q,"72,53,269,214,243",0.07349812984466553,0.0017869389848783612,False
T;R;S;S;G,L;K;Y;T;L,"72,53,269,214,243",0.07349812984466553,0.0018042284063994884,False
T;R;S;S;T,L;K;Y;T;E,"72,53,269,214,270",0.07349812984466553,0.0017350954003632069,False
T;R;S;S;R,L;K;Y;T;V,"72,53,269,214,34",0.07349812984466553,0.0017350954003632069,False
T;R;S;S;G,L;K;Y;T;K,"72,53,269,214,243",0.07349812984466553,0.0017461804673075676,False
T;R;S;S;D,L;K;Y;T;Q,"72,53,269,214,220",0.07462239265441895,0.0017602070001885295,False
T;R;S;S;S,L;K;Y;T;K,"72,53,269,214,124",0.07349812984466553,0.001817760057747364,False
T;R;S;S;F,L;K;Y;T;E,"72,53,269,214,271",0.07349812984466553,0.0017350954003632069,False
T;R;S;S;G,L;K;Y;T;Q,"72,53,269,214,164",0.1990073323249817,0.006701549980789423,False
T;R;S;S;A,L;K;Y;T;D,"72,53,269,214,130",0.07349812984466553,0.0017365923849865794,False
T;R;S;S;W,L;K;Y;T;C,"72,53,269,214,257",0.07349812984466553,0.0017352491850033402,False
T;R;S;S;Q,L;K;Y;T;N,"72,53,269,214,127",0.07349812984466553,0.001760539598762989,False
T;R;S;S;Q,L;K;Y;T;R,"72,53,269,214,127",0.07349812984466553,0.001772188814356923,False
T;R;S;S;S,L;K;Y;T;M,"72,53,269,214,238",0.3914560079574585,0.011188305914402008,False
T;R;S;S;F,L;K;Y;T;M,"72,53,269,214,271",0.07349812984466553,0.0017350954003632069,False
T;R;S;S;S,L;K;Y;T;A,"72,53,269,214,124",0.07349812984466553,0.0017652636161074042,False
T;R;S;S;G,L;K;Y;T;I,"72,53,269,214,243",0.07349812984466553,0.0018132093828171492,False
T;R;S;S;Q,L;K;Y;T;I,"72,53,269,214,127",0.07349812984466553,0.0021395504008978605,False
T;R;S;S;A,L;K;Y;T;V,"72,53,269,214,65",0.07349812984466553,0.001735184108838439,False
T;R;S;S;Q,L;K;Y;T;E,"72,53,269,214,133",0.07349812984466553,0.0017350954003632069,False
T;R;S;S;S,L;K;Y;T;T,"72,53,269,214,124",0.07349812984466553,0.001751677948050201,False
T;R;S;S;Q,L;K;Y;T;K,"72,53,269,214,127",0.07349812984466553,0.0017584104789420962,False
T;R;S;S;Q,L;K;Y;T;W,"72,53,269,214,133",0.07349812984466553,0.0017350954003632069,False
T;R;S;S;D,L;K;Y;T;L,"72,53,269,214,220",0.07348710298538208,0.0017320194747298956,False
T;R;S;S;T,L;K;Y;T;D,"72,53,269,214,88",0.07349812984466553,0.0019182811956852674,False
T;R;S;S;R,L;K;Y;T;N,"72,53,269,214,132",0.07349812984466553,0.0017350954003632069,False
T;R;S;S;Q,L;K;Y;T;D,"72,53,269,214,127",0.07349812984466553,0.0017462150426581502,False
T;R;S;S;A,L;K;Y;T;Y,"72,53,269,214,215",0.5189990997314453,0.015168913640081882,False
T;R;S;S;L,L;K;Y;T;K,"72,53,269,214,249",0.07349812984466553,0.0017351965652778745,False
T;R;S;S;R,L;K;Y;T;Y,"72,53,269,214,123",0.07349812984466553,0.0019427898805588484,False
T;R;S;S;F,L;K;Y;T;W,"72,53,269,214,271",0.07349812984466553,0.0017350954003632069,False
T;R;S;S;S,L;K;Y;T;D,"72,53,269,214,58",0.07349812984466553,0.0017350954003632069,False
T;R;S;S;N,L;K;Y;T;I,"72,53,269,214,37",0.07349812984466553,0.0017350954003632069,False
T;R;S;S;C,L;K;Y;T;D,"72,53,269,214,289",0.07349812984466553,0.0017350954003632069,False
T;R;S;S;A,L;K;Y;T;P,"72,53,269,214,152",0.07349812984466553,0.0017350954003632069,False
T;R;S;S;D,L;K;Y;T;V,"72,53,269,214,186",0.7166454195976257,0.018525050953030586,True
T;R;S;S;G,L;K;Y;T;P,"72,53,269,214,243",0.07349812984466553,0.0017479048110544682,False
T;R;S;S;S,L;K;Y;T;E,"72,53,269,214,115",0.07349812984466553,0.0017372425645589828,False
T;R;S;S;L,L;K;Y;T;Q,"72,53,269,214,216",0.06193608045578003,0.0016252426430583,False
T;R;S;S;N,L;K;Y;T;P,"72,53,269,214,277",0.07349812984466553,0.0017350994748994708,False
T;R;S;S;R,L;K;Y;T;Q,"72,53,269,214,132",0.07349812984466553,0.0017350954003632069,False
T;R;S;S;N,L;K;Y;T;Y,"72,53,269,214,244",0.07349812984466553,0.0019828954245895147,False
T;R;S;S;H,L;K;Y;T;T,"72,53,269,214,104",0.07349812984466553,0.0017350954003632069,False
T;R;S;S;S,L;K;Y;T;V,"72,53,269,214,58",0.07349812984466553,0.0017350954003632069,False
T;R;S;S;H,L;K;Y;T;L,"72,53,269,214,104",0.07349812984466553,0.0017350954003632069,False
T;R;S;S;P,L;K;Y;T;Q,"72,53,269,214,38",0.07349812984466553,0.0017350954003632069,False
T;R;S;S;A,L;K;Y;T;T,"72,53,269,214,180",0.07349812984466553,0.0018002085853368044,False
T;R;S;S;P,L;K;Y;T;D,"72,53,269,214,197",0.07349812984466553,0.0017353171715512872,False
T;R;S;S;T,L;K;Y;T;V,"72,53,269,214,198",0.07349812984466553,0.0017591409850865602,False
T;R;S;S;A,L;K;Y;T;M,"72,53,269,214,135",0.07349812984466553,0.0017350954003632069,False
T;R;S;S;I,L;K;Y;T;L,"72,53,269,214,111",0.07349812984466553,0.001737400540150702,False
T;R;S;S;G,L;K;Y;T;S,"72,53,269,214,243",0.07349812984466553,0.0017412222223356366,False
T;R;S;S;Q,L;K;Y;T;L,"72,53,269,214,127",0.07349812984466553,0.0020703396294265985,False
T;R;S;S;Q,L;K;Y;T;H,"72,53,269,214,127",0.07349812984466553,0.001740807667374611,False
T;R;S;S;W,L;K;Y;T;I,"72,53,269,214,159",0.28726792335510254,0.008992155082523823,False
T;R;S;S;Q,L;K;Y;T;P,"72,53,269,214,127",0.07349812984466553,0.0017757776658982038,False
T;R;S;S;S,L;K;Y;T;N,"72,53,269,214,103",0.07349812984466553,0.0017350954003632069,False
T;R;S;S;A,L;K;Y;T;Y,"72,53,269,214,179",0.07349812984466553,0.0019325558096170425,False
T;R;S;S;W,L;K;Y;T;K,"72,53,269,214,257",0.07349812984466553,0.0017353406874462962,False
T;R;S;S;L,L;K;Y;T;M,"72,53,269,214,216",0.06667876243591309,0.0016004013596102595,False
T;R;S;S;Q,L;K;Y;T;E,"72,53,269,214,127",0.07349812984466553,0.0018123318441212177,False
T;R;S;S;G,L;K;Y;T;A,"72,53,269,214,243",0.07349812984466553,0.0017478355439379811,False
T;R;S;S;A,L;K;Y;T;N,"72,53,269,214,226",0.07349812984466553,0.001735231257043779,False
T;R;S;S;L,L;K;Y;T;I,"72,53,269,214,216",0.07494235038757324,0.001785757951438427,False
T;R;S;S;C,L;K;Y;T;L,"72,53,269,214,289",0.07349812984466553,0.0017350954003632069,False
T;R;S;S;S,L;K;Y;T;E,"72,53,269,214,207",0.6318895816802979,0.01707092486321926,False
T;R;S;S;M,L;K;Y;T;L,"72,53,269,214,154",0.07349812984466553,0.0017351064598187804,False
T;R;S;S;M,L;K;Y;T;P,"72,53,269,214,222",0.07392889261245728,0.001744849723763764,False
T;R;S;S;G,L;K;Y;T;T,"72,53,269,214,251",0.07349812984466553,0.0017357815522700548,False
T;R;S;S;P,L;K;Y;T;L,"72,53,269,214,38",0.07349812984466553,0.0017350954003632069,False
T;R;S;S;L,L;K;Y;T;W,"72,53,269,214,216",0.06957536935806274,0.0018271873705089092,False
T;R;S;S;S,L;K;Y;T;P,"72,53,269,214,245",0.07349812984466553,0.0017400120850652456,False
T;R;S;S;I,L;K;Y;T;W,"72,53,269,214,111",0.07349812984466553,0.0019695288501679897,False
T;R;S;S;L,L;K;Y;T;D,"72,53,269,214,249",0.07349812984466553,0.001736692269332707,False
T;R;S;S;E,L;K;Y;T;K,"72,53,269,214,231",0.07349812984466553,0.0017825046088546515,False
T;R;S;S;D,L;K;Y;T;K,"72,53,269,214,263",0.07349812984466553,0.0017350954003632069,False
T;R;S;S;T,L;K;Y;T;M,"72,53,269,214,51",0.07349812984466553,0.0017350954003632069,False
T;R;S;S;L,L;K;Y;T;E,"72,53,269,214,216",0.06743508577346802,0.0020016306079924107,False
T;R;S;S;S,L;K;Y;T;T,"72,53,269,214,121",0.07349812984466553,0.0017393120797351003,False
T;R;S;S;I,L;K;Y;T;H,"72,53,269,214,145",0.07349812984466553,0.0017350954003632069,False
T;R;S;S;I,L;K;Y;T;L,"72,53,269,214,145",0.07349812984466553,0.0017350954003632069,False
T;R;S;S;H,L;K;Y;T;M,"72,53,269,214,104",0.07349812984466553,0.0017350954003632069,False
T;R;S;S;R,L;K;Y;T;P,"72,53,269,214,280",0.07349812984466553,0.0017711921827867627,False
T;R;S;S;L,L;K;Y;T;F,"72,53,269,214,216",0.06818360090255737,0.001641940209083259,False
T;R;S;S;S,L;K;Y;T;D,"72,53,269,214,103",0.07349812984466553,0.0017350954003632069,False
T;R;S;S;I,L;K;Y;T;V,"72,53,269,214,200",0.07341361045837402,0.0017385412938892841,False
T;R;S;S;T,L;K;Y;T;K,"72,53,269,214,88",0.07349812984466553,0.0017851466545835137,False
T;R;S;S;N,L;K;Y;T;K,"72,53,269,214,138",0.07349812984466553,0.0017350954003632069,False
T;R;S;S;A,L;K;Y;T;L,"72,53,269,214,65",0.07349812984466553,0.0017353352159261703,False
T;R;S;S;Q,L;K;Y;T;T,"72,53,269,214,91",0.07349812984466553,0.0017699376912787557,False
T;R;S;S;G,L;K;Y;T;D,"72,53,269,214,163",0.40545809268951416,0.012201034463942051,False
T;R;S;S;A,L;K;Y;T;M,"72,53,269,214,65",0.07349812984466553,0.0017357426695525646,False
T;R;S;S;K,L;K;Y;T;L,"72,53,269,214,252",0.07349812984466553,0.0017351660644635558,False
T;R;S;S;V,L;K;Y;T;D,"72,53,269,214,57",0.07349812984466553,0.0017350954003632069,False
T;R;S;S;Q,L;K;Y;T;V,"72,53,269,214,127",0.07349812984466553,0.0020500754471868277,False
T;R;S;S;V,L;K;Y;T;C,"72,53,269,214,281",0.07349812984466553,0.0017491121543571353,False
T;R;S;S;Q,L;K;Y;T;N,"72,53,269,214,133",0.07349812984466553,0.0017350954003632069,False
T;R;S;S;S,L;K;Y;T;P,"72,53,269,214,125",0.07349812984466553,0.0017401007935404778,False
T;R;S;S;T,L;K;Y;T;Q,"72,53,269,214,88",0.07349812984466553,0.0017588110640645027,False
T;R;S;S;N,L;K;Y;T;L,"72,53,269,214,138",0.07349812984466553,0.0017350954003632069,False
T;R;S;S;H,L;K;Y;T;R,"72,53,269,214,104",0.07349812984466553,0.0017350954003632069,False
T;R;S;S;W,L;K;Y;T;P,"72,53,269,214,159",0.33271074295043945,0.010520366951823235,False
T;R;S;S;S,L;K;Y;T;Y,"72,53,269,214,242",0.07349812984466553,0.0018364939605817199,False
T;R;S;S;A,L;K;Y;T;F,"72,53,269,214,65",0.07349812984466553,0.0017360697966068983,False
T;R;S;S;G,L;K;Y;T;H,"72,53,269,214,251",0.07349812984466553,0.0017371635185554624,False
T;R;S;S;L,L;K;Y;T;P,"72,53,269,214,216",0.06118309497833252,0.0015838216058909893,False
T;R;S;S;S,L;K;Y;T;W,"72,53,269,214,58",0.07349812984466553,0.0017350954003632069,False
T;R;S;S;A,L;K;Y;T;E,"72,53,269,214,152",0.07349812984466553,0.0017350954003632069,False
T;R;S;S;T,L;K;Y;T;N,"72,53,269,214,88",0.07349812984466553,0.0017505302093923092,False
T;R;S;S;T,L;K;Y;T;N,"72,53,269,214,198",0.07349812984466553,0.001738496939651668,False
T;R;S;S;S,L;K;Y;T;K,"72,53,269,214,58",0.07349812984466553,0.0017350954003632069,False
T;R;S;S;L,L;K;Y;T;C,"72,53,269,214,249",0.07349812984466553,0.0017350994748994708,False
T;R;S;S;N,L;K;Y;T;T,"72,53,269,214,190",0.07379716634750366,0.001740806270390749,False
T;R;S;S;S,L;K;Y;T;V,"72,53,269,214,223",0.07349812984466553,0.0017350954003632069,False
T;R;S;S;A,L;K;Y;T;W,"72,53,269,214,65",0.07349812984466553,0.0017378067132085562,False
T;R;S;S;K,L;K;Y;T;Y,"72,53,269,214,253",0.07349812984466553,0.0017351799178868532,False
T;R;S;S;R,L;K;Y;T;S,"72,53,269,214,90",0.07349812984466553,0.002200304064899683,False
T;R;S;S;T,L;K;Y;T;M,"72,53,269,214,29",0.07349812984466553,0.0017350954003632069,False
T;R;S;S;M,L;K;Y;T;L,"72,53,269,214,262",0.07349812984466553,0.0017350954003632069,False
T;R;S;S;A,L;K;Y;T;L,"72,53,269,214,272",0.07349812984466553,0.0017350954003632069,False
T;R;S;S;R,L;K;Y;T;N,"72,53,269,214,90",0.07349812984466553,0.001965439645573497,False
T;R;S;S;R,L;K;Y;T;T,"72,53,269,214,90",0.07349812984466553,0.002006096998229623,False
T;R;S;S;G,L;K;Y;T;T,"72,53,269,214,254",0.07349812984466553,0.0017351674614474177,False
T;R;S;S;R,L;K;Y;T;P,"72,53,269,214,90",0.07349812984466553,0.0023753615096211433,False
T;R;S;S;N,L;K;Y;T;Y,"72,53,269,214,37",0.07349812984466553,0.0017350954003632069,False
T;R;S;S;Q,L;K;Y;T;I,"72,53,269,214,182",0.8225641250610352,0.021687686443328857,True
T;R;S;S;R,L;K;Y;T;A,"72,53,269,214,90",0.07349812984466553,0.002113042864948511,False
T;R;S;S;K,L;K;Y;T;F,"72,53,269,214,253",0.07349812984466553,0.0017351536080241203,False
T;R;S;S;Y,L;K;Y;T;S,"72,53,269,214,63",0.07349812984466553,0.0017365979729220271,False
T;R;S;S;Q,L;K;Y;T;M,"72,53,269,214,127",0.07349812984466553,0.0019835219718515873,False
T;R;S;S;Q,L;K;Y;T;L,"72,53,269,214,182",0.6602942943572998,0.017761973664164543,False
T;R;S;S;K,L;K;Y;T;A,"72,53,269,214,253",0.07349812984466553,0.0017352381255477667,False
T;R;S;S;K,L;K;Y;T;V,"72,53,269,214,253",0.07349812984466553,0.0017352672293782234,False
T;R;S;S;Q,L;K;Y;T;F,"72,53,269,214,182",0.45116710662841797,0.013035843148827553,False
T;R;S;S;R,L;K;Y;T;D,"72,53,269,214,90",0.07349812984466553,0.002436544978991151,False
T;R;S;S;Q,L;K;Y;T;A,"72,53,269,214,127",0.07349812984466553,0.00179062329698354,False
T;R;S;S;Y,L;K;Y;T;T,"72,53,269,214,63",0.07349812984466553,0.0017361016944050789,False
T;R;S;S;Q,L;K;Y;T;V,"72,53,269,214,182",0.7860870957374573,0.020658789202570915,True
T;R;S;S;K,L;K;Y;T;L,"72,53,269,214,253",0.07349812984466553,0.0017352146096527576,False
T;R;S;S;C,L;K;Y;T;S,"72,53,269,214,289",0.07349812984466553,0.0017350954003632069,False
T;R;S;S;Y,L;K;Y;T;G,"72,53,269,214,63",0.07349812984466553,0.0017379855271428823,False
T;R;S;S;M,L;K;Y;T;V,"72,53,269,214,154",0.07349812984466553,0.001735116122290492,False
T;R;S;S;Q,L;K;Y;T;T,"72,53,269,214,127",0.07349812984466553,0.0017570548225194216,False
T;R;S;S;A,L;K;Y;T;D,"72,53,269,214,226",0.07349812984466553,0.0017353420844301581,False
T;R;S;S;C,L;K;Y;T;A,"72,53,269,214,289",0.07349812984466553,0.0017350954003632069,False
T;R;S;S;R,L;K;Y;T;Q,"72,53,269,214,224",0.07349812984466553,0.0017350954003632069,False
T;R;S;S;N,L;K;Y;T;K,"72,53,269,214,233",0.07349812984466553,0.0017690062522888184,False
T;R;S;S;S,L;K;Y;T;E,"72,53,269,214,136",0.07349812984466553,0.0017350954003632069,False
T;R;S;S;D,L;K;Y;T;N,"72,53,269,214,186",0.12846946716308594,0.0048087709583342075,False
T;R;S;S;R,L;K;Y;T;A,"72,53,269,214,280",0.07349812984466553,0.0017481474205851555,False
T;R;S;S;S,L;K;Y;T;F,"72,53,269,214,238",0.4964901804924011,0.01386475469917059,False
T;R;S;S;S,L;K;Y;T;Q,"72,53,269,214,188",0.0719062089920044,0.001708370284177363,False
T;R;S;S;L,L;K;Y;T;F,"72,53,269,214,117",0.07349812984466553,0.0017409449210390449,False
T;R;S;S;Q,L;K;Y;T;Y,"72,53,269,214,119",0.07349812984466553,0.0018283086828887463,False
T;R;S;S;G,L;K;Y;T;A,"72,53,269,214,165",0.22906577587127686,0.007327074185013771,False
T;R;S;S;S,L;K;Y;T;E,"72,53,269,214,121",0.07349812984466553,0.0018633977742865682,False
T;R;S;S;I,L;K;Y;T;R,"72,53,269,214,168",0.07349812984466553,0.0019550726283341646,False
T;R;S;S;N,L;K;Y;T;H,"72,53,269,214,205",0.1922568678855896,0.00628067459911108,False
T;R;S;S;I,L;K;Y;T;R,"72,53,269,214,218",0.06764060258865356,0.0016721681458875537,False
T;R;S;S;P,L;K;Y;T;K,"72,53,269,214,120",0.39864152669906616,0.011056235991418362,False
T;R;S;S;M,L;K;Y;T;H,"72,53,269,214,161",0.25011664628982544,0.007694998290389776,False
T;R;S;S;I,L;K;Y;T;H,"72,53,269,214,168",0.07349812984466553,0.0019912677817046642,False
T;R;S;S;N,L;K;Y;T;K,"72,53,269,214,114",0.07349812984466553,0.0017352104187011719,False
T;R;S;S;P,L;K;Y;T;V,"72,53,269,214,184",0.5692211985588074,0.016042260453104973,False
T;R;S;S;W,L;K;Y;T;P,"72,53,269,214,185",0.37314724922180176,0.012187219224870205,False
T;R;S;S;S,L;K;Y;T;H,"72,53,269,214,187",0.07188630104064941,0.0017320126062259078,False
T;R;S;S;S,L;K;Y;T;P,"72,53,269,214,188",0.07293331623077393,0.0017232700483873487,False
T;R;S;S;T,L;K;Y;T;Y,"72,53,269,214,189",0.059224843978881836,0.00151532469317317,False
T;R;S;S;F,L;K;Y;T;M,"72,53,269,214,191",0.07363379001617432,0.0017384180100634694,False
S;D;T;E;S,E;H;P;K;N,"121,186,116,231,124",0.21113252639770508,0.005239130463451147,False
S;D;T;E;G,E;H;P;K;Q,"121,186,116,231,243",0.2114230990409851,0.005248355213552713,False
S;D;T;E;G,E;H;P;K;L,"121,186,116,231,243",0.2114230990409851,0.0052674273028969765,False
S;D;T;E;T,E;H;P;K;E,"121,186,116,231,270",0.2114230990409851,0.005199501756578684,False
S;D;T;E;R,E;H;P;K;V,"121,186,116,231,34",0.2114230990409851,0.005199501756578684,False
S;D;T;E;G,E;H;P;K;K,"121,186,116,231,243",0.2114230990409851,0.005208880174905062,False
S;D;T;E;D,E;H;P;K;Q,"121,186,116,231,220",0.2114230990409851,0.005196765530854464,False
S;D;T;E;S,E;H;P;K;K,"121,186,116,231,124",0.21114331483840942,0.005275640171021223,False
S;D;T;E;F,E;H;P;K;E,"121,186,116,231,271",0.2114230990409851,0.005199501756578684,False
S;D;T;E;G,E;H;P;K;Q,"121,186,116,231,164",0.2213585376739502,0.010480999946594238,False
S;D;T;E;A,E;H;P;K;D,"121,186,116,231,130",0.2114230990409851,0.005200290586799383,False
S;D;T;E;W,E;H;P;K;C,"121,186,116,231,257",0.2114230990409851,0.005199932958930731,False
S;D;T;E;Q,E;H;P;K;N,"121,186,116,231,127",0.21139925718307495,0.0052299220114946365,False
S;D;T;E;Q,E;H;P;K;R,"121,186,116,231,127",0.21131068468093872,0.005234793294221163,False
S;D;T;E;S,E;H;P;K;M,"121,186,116,231,238",0.39181089401245117,0.014613386243581772,False
S;D;T;E;F,E;H;P;K;M,"121,186,116,231,271",0.2114230990409851,0.005199501756578684,False
S;D;T;E;S,E;H;P;K;A,"121,186,116,231,124",0.21172010898590088,0.005218644626438618,False
S;D;T;E;G,E;H;P;K;I,"121,186,116,231,243",0.2114230990409851,0.005276557989418507,False
S;D;T;E;Q,E;H;P;K;I,"121,186,116,231,127",0.2120392918586731,0.005580034572631121,False
S;D;T;E;A,E;H;P;K;V,"121,186,116,231,65",0.2114230990409851,0.0051996237598359585,False
S;D;T;E;Q,E;H;P;K;E,"121,186,116,231,133",0.2114230990409851,0.005199501756578684,False
S;D;T;E;S,E;H;P;K;T,"121,186,116,231,124",0.2114085555076599,0.005221350118517876,False
S;D;T;E;Q,E;H;P;K;K,"121,186,116,231,127",0.2113664150238037,0.005230001173913479,False
S;D;T;E;Q,E;H;P;K;W,"121,186,116,231,133",0.2114230990409851,0.005199501756578684,False
S;D;T;E;D,E;H;P;K;L,"121,186,116,231,220",0.2114230990409851,0.005199166014790535,False
S;D;T;E;T,E;H;P;K;D,"121,186,116,231,88",0.2114230990409851,0.005501403473317623,False
S;D;T;E;R,E;H;P;K;N,"121,186,116,231,132",0.2114230990409851,0.005199501756578684,False
S;D;T;E;Q,E;H;P;K;D,"121,186,116,231,127",0.21142351627349854,0.005204927176237106,False
S;D;T;E;A,E;H;P;K;Y,"121,186,116,231,215",0.5180429220199585,0.0179553534835577,False
S;D;T;E;L,E;H;P;K;K,"121,186,116,231,249",0.2114230990409851,0.005199476610869169,False
S;D;T;E;R,E;H;P;K;Y,"121,186,116,231,123",0.21114730834960938,0.005366698373109102,False
S;D;T;E;F,E;H;P;K;W,"121,186,116,231,271",0.2114230990409851,0.005199501756578684,False
S;D;T;E;S,E;H;P;K;D,"121,186,116,231,58",0.2114230990409851,0.005199501756578684,False
S;D;T;E;N,E;H;P;K;I,"121,186,116,231,37",0.2114230990409851,0.005199501756578684,False
S;D;T;E;C,E;H;P;K;D,"121,186,116,231,289",0.2114230990409851,0.005199501756578684,False
S;D;T;E;A,E;H;P;K;P,"121,186,116,231,152",0.2114230990409851,0.005199501756578684,False
S;D;T;E;G,E;H;P;K;P,"121,186,116,231,243",0.2114230990409851,0.005210669711232185,False
S;D;T;E;S,E;H;P;K;E,"121,186,116,231,115",0.2114230990409851,0.00518354307860136,False
S;D;T;E;L,E;H;P;K;Q,"121,186,116,231,216",0.21096736192703247,0.005618996452540159,False
S;D;T;E;N,E;H;P;K;P,"121,186,116,231,277",0.2114230990409851,0.0051994421519339085,False
S;D;T;E;R,E;H;P;K;Q,"121,186,116,231,132",0.2114230990409851,0.005199501756578684,False
S;D;T;E;N,E;H;P;K;Y,"121,186,116,231,244",0.2114230990409851,0.005427671130746603,False
S;D;T;E;H,E;H;P;K;T,"121,186,116,231,104",0.2114230990409851,0.005199501756578684,False
S;D;T;E;S,E;H;P;K;V,"121,186,116,231,58",0.2114230990409851,0.005199501756578684,False
S;D;T;E;H,E;H;P;K;L,"121,186,116,231,104",0.2114230990409851,0.005199501756578684,False
S;D;T;E;P,E;H;P;K;Q,"121,186,116,231,38",0.2114230990409851,0.005199501756578684,False
S;D;T;E;R,E;H;P;K;L,"121,186,116,231,53",0.2114230990409851,0.005199501756578684,False
S;D;T;E;A,E;H;P;K;T,"121,186,116,231,180",0.2114230990409851,0.005271196365356445,False
S;D;T;E;P,E;H;P;K;D,"121,186,116,231,197",0.2114230990409851,0.005199429579079151,False
S;D;T;E;T,E;H;P;K;V,"121,186,116,231,198",0.2114230990409851,0.005218988284468651,False
S;D;T;E;A,E;H;P;K;M,"121,186,116,231,135",0.2114230990409851,0.005199501756578684,False
S;D;T;E;I,E;H;P;K;L,"121,186,116,231,111",0.2114230990409851,0.005199852399528027,False
S;D;T;E;G,E;H;P;K;S,"121,186,116,231,243",0.2114230990409851,0.005204521119594574,False
S;D;T;E;Q,E;H;P;K;L,"121,186,116,231,127",0.21198636293411255,0.005514018703252077,False
S;D;T;E;Q,E;H;P;K;H,"121,186,116,231,127",0.21144551038742065,0.005205922294408083,False
S;D;T;E;W,E;H;P;K;I,"121,186,116,231,159",0.2871308922767639,0.012375781312584877,False
S;D;T;E;Q,E;H;P;K;P,"121,186,116,231,127",0.21156853437423706,0.0052485354244709015,False
S;D;T;E;S,E;H;P;K;N,"121,186,116,231,103",0.2114230990409851,0.005199501756578684,False
S;D;T;E;A,E;H;P;K;Y,"121,186,116,231,179",0.2114230990409851,0.0053998245857656,False
S;D;T;E;W,E;H;P;K;K,"121,186,116,231,257",0.2114230990409851,0.005199841223657131,False
S;D;T;E;L,E;H;P;K;M,"121,186,116,231,216",0.21123051643371582,0.005287346430122852,False
S;D;T;E;Q,E;H;P;K;E,"121,186,116,231,127",0.2114471197128296,0.005264188162982464,False
S;D;T;E;G,E;H;P;K;A,"121,186,116,231,243",0.2114230990409851,0.0052121225744485855,False
S;D;T;E;A,E;H;P;K;N,"121,186,116,231,226",0.2114230990409851,0.005199349019676447,False
S;D;T;E;L,E;H;P;K;I,"121,186,116,231,216",0.21147745847702026,0.005200090818107128,False
S;D;T;E;C,E;H;P;K;L,"121,186,116,231,289",0.2114230990409851,0.005199501756578684,False
S;D;T;E;S,E;H;P;K;E,"121,186,116,231,207",0.631908118724823,0.02062450535595417,False
S;D;T;E;M,E;H;P;K;L,"121,186,116,231,154",0.2114230990409851,0.005199512932449579,False
S;D;T;E;M,E;H;P;K;P,"121,186,116,231,222",0.2114230990409851,0.005198607686907053,False
S;D;T;E;G,E;H;P;K;T,"121,186,116,231,251",0.2114230990409851,0.0051991259679198265,False
S;D;T;E;P,E;H;P;K;L,"121,186,116,231,38",0.2114230990409851,0.005199501756578684,False
S;D;T;E;L,E;H;P;K;W,"121,186,116,231,216",0.21092593669891357,0.005577651783823967,False
S;D;T;E;T,E;H;P;K;L,"121,186,116,231,72",0.2114230990409851,0.005199501756578684,False
S;D;T;E;S,E;H;P;K;P,"121,186,116,231,245",0.2114230990409851,0.005206176079809666,False
S;D;T;E;I,E;H;P;K;W,"121,186,116,231,111",0.2114230990409851,0.005403714254498482,False
S;D;T;E;L,E;H;P;K;D,"121,186,116,231,249",0.2114230990409851,0.005199561361223459,False
S;D;T;E;D,E;H;P;K;K,"121,186,116,231,263",0.2114230990409851,0.005199501756578684,False
S;D;T;E;T,E;H;P;K;M,"121,186,116,231,51",0.2114230990409851,0.005199501756578684,False
S;D;T;E;L,E;H;P;K;E,"121,186,116,231,216",0.21085917949676514,0.006039214786142111,False
S;D;T;E;I,E;H;P;K;H,"121,186,116,231,145",0.2114230990409851,0.005199501756578684,False
S;D;T;E;I,E;H;P;K;L,"121,186,116,231,145",0.2114230990409851,0.005199501756578684,False
S;D;T;E;H,E;H;P;K;M,"121,186,116,231,104",0.2114230990409851,0.005199501756578684,False
S;D;T;E;R,E;H;P;K;P,"121,186,116,231,280",0.2114230990409851,0.005229339934885502,False
S;D;T;E;L,E;H;P;K;F,"121,186,116,231,216",0.21125292778015137,0.005262156017124653,False
S;D;T;E;S,E;H;P;K;D,"121,186,116,231,103",0.2114230990409851,0.005199501756578684,False
S;D;T;E;I,E;H;P;K;V,"121,186,116,231,200",0.2114366888999939,0.005217136349529028,False
S;D;T;E;T,E;H;P;K;K,"121,186,116,231,88",0.2114230990409851,0.005241610109806061,False
S;D;T;E;N,E;H;P;K;K,"121,186,116,231,138",0.2114230990409851,0.005199501756578684,False
S;D;T;E;A,E;H;P;K;L,"121,186,116,231,65",0.2114230990409851,0.00519983284175396,False
S;D;T;E;Q,E;H;P;K;T,"121,186,116,231,91",0.2114230990409851,0.0052688815630972385,False
S;D;T;E;G,E;H;P;K;D,"121,186,116,231,163",0.405320942401886,0.01572185382246971,False
S;D;T;E;A,E;H;P;K;M,"121,186,116,231,65",0.2114230990409851,0.005200337618589401,False
S;D;T;E;V,E;H;P;K;D,"121,186,116,231,57",0.2114230990409851,0.005199501756578684,False
S;D;T;E;Q,E;H;P;K;V,"121,186,116,231,127",0.21200025081634521,0.005494996439665556,False
S;D;T;E;V,E;H;P;K;C,"121,186,116,231,281",0.2114230990409851,0.0052090538665652275,False
S;D;T;E;T,E;H;P;K;V,"121,186,116,231,72",0.2114230990409851,0.005199501756578684,False
S;D;T;E;Q,E;H;P;K;N,"121,186,116,231,133",0.2114230990409851,0.005199501756578684,False
S;D;T;E;R,E;H;P;K;K,"121,186,116,231,53",0.2114230990409851,0.005199501756578684,False
S;D;T;E;S,E;H;P;K;P,"121,186,116,231,125",0.21141737699508667,0.005212810356169939,False
S;D;T;E;T,E;H;P;K;Q,"121,186,116,231,88",0.2114230990409851,0.005208529531955719,False
S;D;T;E;N,E;H;P;K;L,"121,186,116,231,138",0.2114230990409851,0.005199501756578684,False
S;D;T;E;H,E;H;P;K;R,"121,186,116,231,104",0.2114230990409851,0.005199501756578684,False
S;D;T;E;W,E;H;P;K;P,"121,186,116,231,159",0.3325510621070862,0.013915864750742912,False
S;D;T;E;S,E;H;P;K;Y,"121,186,116,231,242",0.2114230990409851,0.005280071869492531,False
S;D;T;E;A,E;H;P;K;F,"121,186,116,231,65",0.2114230990409851,0.005200703628361225,False
S;D;T;E;G,E;H;P;K;H,"121,186,116,231,251",0.2114230990409851,0.005199812352657318,False
S;D;T;E;L,E;H;P;K;P,"121,186,116,231,216",0.21107637882232666,0.005551779177039862,False
S;D;T;E;S,E;H;P;K;W,"121,186,116,231,58",0.2114230990409851,0.005199501756578684,False
S;D;T;E;A,E;H;P;K;E,"121,186,116,231,152",0.2114230990409851,0.005199501756578684,False
S;D;T;E;T,E;H;P;K;N,"121,186,116,231,88",0.2114230990409851,0.005241761449724436,False
S;D;T;E;T,E;H;P;K;N,"121,186,116,231,198",0.2114230990409851,0.005203357897698879,False
S;D;T;E;S,E;H;P;K;K,"121,186,116,231,58",0.2114230990409851,0.005199501756578684,False
S;D;T;E;L,E;H;P;K;C,"121,186,116,231,249",0.2114230990409851,0.005199566949158907,False
S;D;T;E;N,E;H;P;K;T,"121,186,116,231,190",0.21166503429412842,0.00520370015874505,False
S;D;T;E;S,E;H;P;K;V,"121,186,116,231,223",0.2114230990409851,0.005199501756578684,False
S;D;T;E;A,E;H;P;K;W,"121,186,116,231,65",0.2114230990409851,0.005202655214816332,False
S;D;T;E;K,E;H;P;K;Y,"121,186,116,231,253",0.2114230990409851,0.005199347622692585,False
S;D;T;E;R,E;H;P;K;S,"121,186,116,231,90",0.2114230990409851,0.005844547413289547,False
S;D;T;E;T,E;H;P;K;M,"121,186,116,231,29",0.2114230990409851,0.005199501756578684,False
S;D;T;E;M,E;H;P;K;L,"121,186,116,231,262",0.2114230990409851,0.005199501756578684,False
S;D;T;E;A,E;H;P;K;L,"121,186,116,231,272",0.2114230990409851,0.005199501756578684,False
S;D;T;E;R,E;H;P;K;N,"121,186,116,231,90",0.2114230990409851,0.005545982159674168,False
S;D;T;E;R,E;H;P;K;T,"121,186,116,231,90",0.2114230990409851,0.00558179197832942,False
S;D;T;E;G,E;H;P;K;T,"121,186,116,231,254",0.2114230990409851,0.005199343431740999,False
S;D;T;E;R,E;H;P;K;P,"121,186,116,231,90",0.2114230990409851,0.006063702516257763,False
S;D;T;E;N,E;H;P;K;Y,"121,186,116,231,37",0.2114230990409851,0.005199501756578684,False
S;D;T;E;Q,E;H;P;K;I,"121,186,116,231,182",0.8236777186393738,0.025125769898295403,True
S;D;T;E;R,E;H;P;K;A,"121,186,116,231,90",0.2114230990409851,0.005711938254535198,False
S;D;T;E;K,E;H;P;K;F,"121,186,116,231,253",0.2114230990409851,0.005199545994400978,False
S;D;T;E;Y,E;H;P;K;S,"121,186,116,231,63",0.2114230990409851,0.005201644729822874,False
S;D;T;E;Q,E;H;P;K;M,"121,186,116,231,127",0.21187007427215576,0.005431193392723799,False
S;D;T;E;K,E;H;P;K;A,"121,186,116,231,253",0.2114230990409851,0.005199888255447149,False
S;D;T;E;K,E;H;P;K;V,"121,186,116,231,253",0.2114230990409851,0.005199913401156664,False
S;D;T;E;Q,E;H;P;K;F,"121,186,116,231,182",0.45214277505874634,0.016490645706653595,False
S;D;T;E;R,E;H;P;K;D,"121,186,116,231,90",0.2114230990409851,0.006031416356563568,False
S;D;T;E;Q,E;H;P;K;A,"121,186,116,231,127",0.21178221702575684,0.005257193464785814,False
S;D;T;E;Y,E;H;P;K;T,"121,186,116,231,63",0.2114230990409851,0.005201030522584915,False
S;D;T;E;Q,E;H;P;K;V,"121,186,116,231,182",0.7873488664627075,0.02410026453435421,True
S;D;T;E;K,E;H;P;K;L,"121,186,116,231,253",0.2114230990409851,0.005199788603931665,False
S;D;T;E;C,E;H;P;K;S,"121,186,116,231,289",0.2114230990409851,0.005199501756578684,False
S;D;T;E;Y,E;H;P;K;G,"121,186,116,231,63",0.2114230990409851,0.0052032554522156715,False
S;D;T;E;M,E;H;P;K;V,"121,186,116,231,154",0.2114230990409851,0.005199527833610773,False
S;D;T;E;Q,E;H;P;K;T,"121,186,116,231,127",0.2116052508354187,0.005226416513323784,False
S;D;T;E;A,E;H;P;K;D,"121,186,116,231,226",0.2114230990409851,0.005199351813644171,False
S;D;T;E;C,E;H;P;K;A,"121,186,116,231,289",0.2114230990409851,0.005199501756578684,False
S;D;T;E;R,E;H;P;K;Q,"121,186,116,231,224",0.2114230990409851,0.005199501756578684,False
S;D;T;E;N,E;H;P;K;K,"121,186,116,231,233",0.2114230990409851,0.0052806013263762,False
S;D;T;E;S,E;H;P;K;E,"121,186,116,231,136",0.2114230990409851,0.005199501756578684,False
S;D;T;E;R,E;H;P;K;A,"121,186,116,231,280",0.2114230990409851,0.005210353992879391,False
S;D;T;E;S,E;H;P;K;Q,"121,186,116,231,188",0.21141564846038818,0.005206999368965626,False
S;D;T;E;S,E;H;P;K;H,"121,186,116,231,214",0.23447948694229126,0.010629424825310707,False
S;D;T;E;L,E;H;P;K;F,"121,186,116,231,117",0.2114230990409851,0.0051950630731880665,False
S;D;T;E;Q,E;H;P;K;Y,"121,186,116,231,119",0.21120840311050415,0.00528457947075367,False
S;D;T;E;G,E;H;P;K;A,"121,186,116,231,165",0.23108232021331787,0.010734541341662407,False
S;D;T;E;I,E;H;P;K;R,"121,186,116,231,168",0.21057343482971191,0.005442372523248196,False
S;D;T;E;N,E;H;P;K;H,"121,186,116,231,205",0.2114230990409851,0.009763820096850395,False
S;D;T;E;S,E;H;P;K;Y,"121,186,116,231,269",0.2114230990409851,0.005199501756578684,False
S;D;T;E;S,E;H;P;K;T,"121,186,116,231,214",0.20901858806610107,0.006575613748282194,False
S;D;T;E;I,E;H;P;K;R,"121,186,116,231,218",0.21078729629516602,0.005487717688083649,False
S;D;T;E;P,E;H;P;K;K,"121,186,116,231,120",0.4197307825088501,0.014884443953633308,False
S;D;T;E;M,E;H;P;K;H,"121,186,116,231,161",0.25638139247894287,0.01131700910627842,False
S;D;T;E;I,E;H;P;K;H,"121,186,116,231,168",0.210601806640625,0.005492954980581999,False
S;D;T;E;N,E;H;P;K;K,"121,186,116,231,114",0.2114230990409851,0.005201212130486965,False
S;D;T;E;P,E;H;P;K;V,"121,186,116,231,184",0.5766164064407349,0.020564455538988113,False
S;D;T;E;W,E;H;P;K;P,"121,186,116,231,185",0.3724215030670166,0.014749317429959774,False
S;D;T;E;S,E;H;P;K;H,"121,186,116,231,187",0.20869916677474976,0.005155004560947418,False
S;D;T;E;S,E;H;P;K;P,"121,186,116,231,188",0.21058928966522217,0.0051813749596476555,False
S;D;T;E;T,E;H;P;K;Y,"121,186,116,231,189",0.20411187410354614,0.005208488088101149,False
S;D;T;E;F,E;H;P;K;M,"121,186,116,231,191",0.21142375469207764,0.005198938772082329,False
N;N;N;S;S,I;K;K;V;N,"114,205,233,269,124",0.24182677268981934,0.005788750480860472,False
N;N;N;S;G,I;K;K;V;Q,"114,205,233,269,243",0.24182677268981934,0.005819946061819792,False
N;N;N;S;G,I;K;K;V;L,"114,205,233,269,243",0.24182677268981934,0.0058394530788064,False
N;N;N;S;T,I;K;K;V;E,"114,205,233,269,270",0.24182677268981934,0.005772101227194071,False
N;N;N;S;R,I;K;K;V;V,"114,205,233,269,34",0.24182677268981934,0.005772101227194071,False
N;N;N;S;G,I;K;K;V;K,"114,205,233,269,243",0.24182677268981934,0.0057810391299426556,False
N;N;N;S;D,I;K;K;V;Q,"114,205,233,269,220",0.24182677268981934,0.0057726833038032055,False
N;N;N;S;S,I;K;K;V;K,"114,205,233,269,124",0.24182677268981934,0.005852146074175835,False
N;N;N;S;F,I;K;K;V;E,"114,205,233,269,271",0.24182677268981934,0.005772101227194071,False
N;N;N;S;G,I;K;K;V;Q,"114,205,233,269,164",0.24182677268981934,0.01084171049296856,False
N;N;N;S;A,I;K;K;V;D,"114,205,233,269,130",0.24182677268981934,0.005773378070443869,False
N;N;N;S;W,I;K;K;V;C,"114,205,233,269,257",0.24182677268981934,0.005772281438112259,False
N;N;N;S;Q,I;K;K;V;N,"114,205,233,269,127",0.24182677268981934,0.005798273254185915,False
N;N;N;S;Q,I;K;K;V;R,"114,205,233,269,127",0.24182677268981934,0.005808814894407988,False
N;N;N;S;S,I;K;K;V;M,"114,205,233,269,238",0.392860472202301,0.015269795432686806,False
N;N;N;S;F,I;K;K;V;M,"114,205,233,269,271",0.24182677268981934,0.005772101227194071,False
N;N;N;S;S,I;K;K;V;A,"114,205,233,269,124",0.24182677268981934,0.005802663043141365,False
N;N;N;S;G,I;K;K;V;I,"114,205,233,269,243",0.24182677268981934,0.005848603323101997,False
N;N;N;S;Q,I;K;K;V;I,"114,205,233,269,127",0.24182677268981934,0.006174253765493631,False
N;N;N;S;A,I;K;K;V;V,"114,205,233,269,65",0.24182677268981934,0.005772094242274761,False
N;N;N;S;Q,I;K;K;V;E,"114,205,233,269,133",0.24182677268981934,0.005772101227194071,False
N;N;N;S;S,I;K;K;V;T,"114,205,233,269,124",0.24182677268981934,0.00578784104436636,False
N;N;N;S;Q,I;K;K;V;K,"114,205,233,269,127",0.24182677268981934,0.005796022247523069,False
N;N;N;S;Q,I;K;K;V;W,"114,205,233,269,133",0.24182677268981934,0.005772101227194071,False
N;N;N;S;D,I;K;K;V;L,"114,205,233,269,220",0.24182677268981934,0.00577344186604023,False
N;N;N;S;T,I;K;K;V;D,"114,205,233,269,88",0.24182677268981934,0.0059621017426252365,False
N;N;N;S;R,I;K;K;V;N,"114,205,233,269,132",0.24182677268981934,0.005772101227194071,False
N;N;N;S;Q,I;K;K;V;D,"114,205,233,269,127",0.24182677268981934,0.005782797001302242,False
N;N;N;S;A,I;K;K;V;Y,"114,205,233,269,215",0.5184907913208008,0.018602995201945305,False
N;N;N;S;L,I;K;K;V;K,"114,205,233,269,249",0.24182677268981934,0.005772188771516085,False
N;N;N;S;R,I;K;K;V;Y,"114,205,233,269,123",0.24182677268981934,0.00597510626539588,False
N;N;N;S;F,I;K;K;V;W,"114,205,233,269,271",0.24182677268981934,0.005772101227194071,False
N;N;N;S;S,I;K;K;V;D,"114,205,233,269,58",0.24182677268981934,0.005772101227194071,False
N;N;N;S;N,I;K;K;V;I,"114,205,233,269,37",0.24182677268981934,0.005772101227194071,False
N;N;N;S;C,I;K;K;V;D,"114,205,233,269,289",0.24182677268981934,0.005772101227194071,False
N;N;N;S;A,I;K;K;V;P,"114,205,233,269,152",0.24182677268981934,0.005772101227194071,False
N;N;N;S;D,I;K;K;V;V,"114,205,233,269,186",0.7238578200340271,0.023057295009493828,True
N;N;N;S;G,I;K;K;V;P,"114,205,233,269,243",0.24182677268981934,0.005782742984592915,False
N;N;N;S;S,I;K;K;V;E,"114,205,233,269,115",0.24182677268981934,0.005773124285042286,False
N;N;N;S;L,I;K;K;V;Q,"114,205,233,269,216",0.24220633506774902,0.006146784406155348,False
N;N;N;S;N,I;K;K;V;P,"114,205,233,269,277",0.24182677268981934,0.005771946161985397,False
N;N;N;S;R,I;K;K;V;Q,"114,205,233,269,132",0.24182677268981934,0.005772101227194071,False
N;N;N;S;N,I;K;K;V;Y,"114,205,233,269,244",0.24182677268981934,0.005995660554617643,False
N;N;N;S;H,I;K;K;V;T,"114,205,233,269,104",0.24182677268981934,0.005772101227194071,False
N;N;N;S;S,I;K;K;V;V,"114,205,233,269,58",0.24182677268981934,0.005772101227194071,False
N;N;N;S;H,I;K;K;V;L,"114,205,233,269,104",0.24182677268981934,0.005772101227194071,False
N;N;N;S;P,I;K;K;V;Q,"114,205,233,269,38",0.24182677268981934,0.005772101227194071,False
N;N;N;S;R,I;K;K;V;L,"114,205,233,269,53",0.24182677268981934,0.005772101227194071,False
N;N;N;S;A,I;K;K;V;T,"114,205,233,269,180",0.24182677268981934,0.0058362651616334915,False
N;N;N;S;P,I;K;K;V;D,"114,205,233,269,197",0.24182677268981934,0.005772312171757221,False
N;N;N;S;T,I;K;K;V;V,"114,205,233,269,198",0.24182677268981934,0.005796453449875116,False
N;N;N;S;A,I;K;K;V;M,"114,205,233,269,135",0.24182677268981934,0.005772101227194071,False
N;N;N;S;I,I;K;K;V;L,"114,205,233,269,111",0.24182677268981934,0.005774317774921656,False
N;N;N;S;G,I;K;K;V;S,"114,205,233,269,243",0.24182677268981934,0.005776701960712671,False
N;N;N;S;Q,I;K;K;V;L,"114,205,233,269,127",0.24182677268981934,0.006105248350650072,False
N;N;N;S;Q,I;K;K;V;H,"114,205,233,269,127",0.24182677268981934,0.0057776556350290775,False
N;N;N;S;W,I;K;K;V;I,"114,205,233,269,159",0.287265419960022,0.01303448248654604,False
N;N;N;S;Q,I;K;K;V;P,"114,205,233,269,127",0.24182677268981934,0.005813547410070896,False
N;N;N;S;S,I;K;K;V;N,"114,205,233,269,103",0.24182677268981934,0.005772101227194071,False
N;N;N;S;A,I;K;K;V;Y,"114,205,233,269,179",0.24182677268981934,0.005968177225440741,False
N;N;N;S;W,I;K;K;V;K,"114,205,233,269,257",0.24182677268981934,0.005772357806563377,False
N;N;N;S;L,I;K;K;V;M,"114,205,233,269,216",0.24188095331192017,0.005837893579155207,False
N;N;N;S;Q,I;K;K;V;E,"114,205,233,269,127",0.24182677268981934,0.005847925320267677,False
N;N;N;S;G,I;K;K;V;A,"114,205,233,269,243",0.24182677268981934,0.005784599110484123,False
N;N;N;S;A,I;K;K;V;N,"114,205,233,269,226",0.24182677268981934,0.005772230215370655,False
N;N;N;S;L,I;K;K;V;I,"114,205,233,269,216",0.24180835485458374,0.005779270548373461,False
N;N;N;S;C,I;K;K;V;L,"114,205,233,269,289",0.24182677268981934,0.005772101227194071,False
N;N;N;S;S,I;K;K;V;E,"114,205,233,269,207",0.6306332349777222,0.021932583302259445,False
N;N;N;S;M,I;K;K;V;L,"114,205,233,269,154",0.24182677268981934,0.005772111006081104,False
N;N;N;S;M,I;K;K;V;P,"114,205,233,269,222",0.24182677268981934,0.00577229680493474,False
N;N;N;S;G,I;K;K;V;T,"114,205,233,269,251",0.24182677268981934,0.005772072356194258,False
N;N;N;S;P,I;K;K;V;L,"114,205,233,269,38",0.24182677268981934,0.005772101227194071,False
N;N;N;S;L,I;K;K;V;W,"114,205,233,269,216",0.24208223819732666,0.006135838106274605,False
N;N;N;S;T,I;K;K;V;L,"114,205,233,269,72",0.24182677268981934,0.005772101227194071,False
N;N;N;S;S,I;K;K;V;P,"114,205,233,269,245",0.24182677268981934,0.00578006636351347,False
N;N;N;S;I,I;K;K;V;W,"114,205,233,269,111",0.24182677268981934,0.006003525573760271,False
N;N;N;S;L,I;K;K;V;D,"114,205,233,269,249",0.24182677268981934,0.005772668402642012,False
N;N;N;S;E,I;K;K;V;K,"114,205,233,269,231",0.24348235130310059,0.005943244323134422,False
N;N;N;S;D,I;K;K;V;K,"114,205,233,269,263",0.24182677268981934,0.005772101227194071,False
N;N;N;S;T,I;K;K;V;M,"114,205,233,269,51",0.24182677268981934,0.005772101227194071,False
N;N;N;S;L,I;K;K;V;E,"114,205,233,269,216",0.2419559359550476,0.006590919569134712,False
N;N;N;S;S,I;K;K;V;T,"114,205,233,269,121",0.24182677268981934,0.005775934085249901,False
N;N;N;S;I,I;K;K;V;H,"114,205,233,269,145",0.24182677268981934,0.005772101227194071,False
N;N;N;S;I,I;K;K;V;L,"114,205,233,269,145",0.24182677268981934,0.005772101227194071,False
N;N;N;S;H,I;K;K;V;M,"114,205,233,269,104",0.24182677268981934,0.005772101227194071,False
N;N;N;S;R,I;K;K;V;P,"114,205,233,269,280",0.2421400547027588,0.005803174804896116,False
N;N;N;S;L,I;K;K;V;F,"114,205,233,269,216",0.241887629032135,0.005822382867336273,False
N;N;N;S;S,I;K;K;V;D,"114,205,233,269,103",0.24182677268981934,0.005772101227194071,False
N;N;N;S;I,I;K;K;V;V,"114,205,233,269,200",0.24182677268981934,0.005791631061583757,False
N;N;N;S;T,I;K;K;V;K,"114,205,233,269,88",0.24182677268981934,0.005820866208523512,False
N;N;N;S;N,I;K;K;V;K,"114,205,233,269,138",0.24182677268981934,0.005772101227194071,False
N;N;N;S;A,I;K;K;V;L,"114,205,233,269,65",0.24182677268981934,0.005772165022790432,False
N;N;N;S;Q,I;K;K;V;T,"114,205,233,269,91",0.24182677268981934,0.005810231436043978,False
N;N;N;S;G,I;K;K;V;D,"114,205,233,269,163",0.40538251399993896,0.016297517344355583,False
N;N;N;S;A,I;K;K;V;M,"114,205,233,269,65",0.24182677268981934,0.005772444885224104,False
N;N;N;S;K,I;K;K;V;L,"114,205,233,269,252",0.24182677268981934,0.0057721734046936035,False
N;N;N;S;V,I;K;K;V;D,"114,205,233,269,57",0.24182677268981934,0.005772101227194071,False
N;N;N;S;Q,I;K;K;V;V,"114,205,233,269,127",0.24182677268981934,0.006085215602070093,False
N;N;N;S;V,I;K;K;V;C,"114,205,233,269,281",0.2416815161705017,0.0057769655250012875,False
N;N;N;S;T,I;K;K;V;V,"114,205,233,269,72",0.24182677268981934,0.005772101227194071,False
N;N;N;S;Q,I;K;K;V;N,"114,205,233,269,133",0.24182677268981934,0.005772101227194071,False
N;N;N;S;R,I;K;K;V;K,"114,205,233,269,53",0.24182677268981934,0.005772101227194071,False
N;N;N;S;S,I;K;K;V;P,"114,205,233,269,125",0.24182677268981934,0.005776940379291773,False
N;N;N;S;T,I;K;K;V;Q,"114,205,233,269,88",0.24182677268981934,0.005794428288936615,False
N;N;N;S;N,I;K;K;V;L,"114,205,233,269,138",0.24182677268981934,0.005772101227194071,False
N;N;N;S;H,I;K;K;V;R,"114,205,233,269,104",0.24182677268981934,0.005772101227194071,False
N;N;N;S;W,I;K;K;V;P,"114,205,233,269,159",0.3327174782752991,0.01459223311394453,False
N;N;N;S;S,I;K;K;V;Y,"114,205,233,269,242",0.24182677268981934,0.00586713757365942,False
N;N;N;S;A,I;K;K;V;F,"114,205,233,269,65",0.24182677268981934,0.005772694479674101,False
N;N;N;S;G,I;K;K;V;H,"114,205,233,269,251",0.24182677268981934,0.005773020442575216,False
N;N;N;S;L,I;K;K;V;P,"114,205,233,269,216",0.2418956756591797,0.006071451120078564,False
N;N;N;S;S,I;K;K;V;W,"114,205,233,269,58",0.24182677268981934,0.005772101227194071,False
N;N;N;S;A,I;K;K;V;E,"114,205,233,269,152",0.24182677268981934,0.005772101227194071,False
N;N;N;S;T,I;K;K;V;N,"114,205,233,269,88",0.24182677268981934,0.00578833743929863,False
N;N;N;S;T,I;K;K;V;N,"114,205,233,269,198",0.24182677268981934,0.005775159224867821,False
N;N;N;S;S,I;K;K;V;K,"114,205,233,269,58",0.24182677268981934,0.005772101227194071,False
N;N;N;S;L,I;K;K;V;C,"114,205,233,269,249",0.24182677268981934,0.005772166419774294,False
N;N;N;S;N,I;K;K;V;T,"114,205,233,269,190",0.24182677268981934,0.005772310774773359,False
N;N;N;S;S,I;K;K;V;V,"114,205,233,269,223",0.24182677268981934,0.005772101227194071,False
N;N;N;S;A,I;K;K;V;W,"114,205,233,269,65",0.24182677268981934,0.005774179007858038,False
N;N;N;S;K,I;K;K;V;Y,"114,205,233,269,253",0.24182677268981934,0.005772077944129705,False
N;N;N;S;R,I;K;K;V;S,"114,205,233,269,90",0.24182677268981934,0.006252287421375513,False
N;N;N;S;T,I;K;K;V;M,"114,205,233,269,29",0.24182677268981934,0.005772101227194071,False
N;N;N;S;M,I;K;K;V;L,"114,205,233,269,262",0.24182677268981934,0.005772101227194071,False
N;N;N;S;A,I;K;K;V;L,"114,205,233,269,272",0.24182677268981934,0.005772101227194071,False
N;N;N;S;R,I;K;K;V;N,"114,205,233,269,90",0.24182677268981934,0.006012110039591789,False
N;N;N;S;R,I;K;K;V;T,"114,205,233,269,90",0.24182677268981934,0.006053823512047529,False
N;N;N;S;G,I;K;K;V;T,"114,205,233,269,254",0.24182677268981934,0.005772091448307037,False
N;N;N;S;R,I;K;K;V;P,"114,205,233,269,90",0.24182677268981934,0.006430215667933226,False
N;N;N;S;N,I;K;K;V;Y,"114,205,233,269,37",0.24182677268981934,0.005772101227194071,False
N;N;N;S;Q,I;K;K;V;I,"114,205,233,269,182",0.8225822448730469,0.0256529301404953,True
N;N;N;S;R,I;K;K;V;A,"114,205,233,269,90",0.24182677268981934,0.0061631896533071995,False
N;N;N;S;K,I;K;K;V;F,"114,205,233,269,253",0.24182677268981934,0.005772137548774481,False
N;N;N;S;Y,I;K;K;V;S,"114,205,233,269,63",0.24182677268981934,0.005773993209004402,False
N;N;N;S;Q,I;K;K;V;M,"114,205,233,269,127",0.24182677268981934,0.006018512416630983,False
N;N;N;S;Q,I;K;K;V;L,"114,205,233,269,182",0.6602998971939087,0.021733518689870834,False
N;N;N;S;K,I;K;K;V;A,"114,205,233,269,253",0.24182677268981934,0.005772335454821587,False
N;N;N;S;K,I;K;K;V;V,"114,205,233,269,253",0.24182677268981934,0.0057723564095795155,False
N;N;N;S;Q,I;K;K;V;F,"114,205,233,269,182",0.4511667490005493,0.017002267763018608,False
N;N;N;S;R,I;K;K;V;D,"114,205,233,269,90",0.24182677268981934,0.006488938815891743,False
N;N;N;S;Q,I;K;K;V;A,"114,205,233,269,127",0.24182677268981934,0.005827835761010647,False
N;N;N;S;Y,I;K;K;V;T,"114,205,233,269,63",0.24182677268981934,0.005773433484137058,False
N;N;N;S;Q,I;K;K;V;V,"114,205,233,269,182",0.7861027717590332,0.024632148444652557,True
N;N;N;S;K,I;K;K;V;L,"114,205,233,269,253",0.24182677268981934,0.005772274453192949,False
N;N;N;S;C,I;K;K;V;S,"114,205,233,269,289",0.24182677268981934,0.005772101227194071,False
N;N;N;S;Y,I;K;K;V;G,"114,205,233,269,63",0.24182677268981934,0.005775511264801025,False
N;N;N;S;M,I;K;K;V;V,"114,205,233,269,154",0.24182677268981934,0.005772117991000414,False
N;N;N;S;Q,I;K;K;V;T,"114,205,233,269,127",0.24182677268981934,0.00579454330727458,False
N;N;N;S;A,I;K;K;V;D,"114,205,233,269,226",0.24182677268981934,0.0057723368518054485,False
N;N;N;S;C,I;K;K;V;A,"114,205,233,269,289",0.24182677268981934,0.005772101227194071,False
N;N;N;S;R,I;K;K;V;Q,"114,205,233,269,224",0.24182677268981934,0.005772101227194071,False
N;N;N;S;S,I;K;K;V;E,"114,205,233,269,136",0.24182677268981934,0.005772101227194071,False
N;N;N;S;D,I;K;K;V;N,"114,205,233,269,186",0.24182677268981934,0.008777241222560406,False
N;N;N;S;R,I;K;K;V;A,"114,205,233,269,280",0.242739737033844,0.005795392673462629,False
N;N;N;S;S,I;K;K;V;F,"114,205,233,269,238",0.49782538414001465,0.017945390194654465,False
N;N;N;S;S,I;K;K;V;Q,"114,205,233,269,188",0.24182677268981934,0.005780192092061043,False
N;N;N;S;S,I;K;K;V;H,"114,205,233,269,214",0.24158328771591187,0.01146693155169487,False
N;N;N;S;L,I;K;K;V;F,"114,205,233,269,117",0.24182677268981934,0.005776981823146343,False
N;N;N;S;Q,I;K;K;V;Y,"114,205,233,269,119",0.24182677268981934,0.005860527046024799,False
N;N;N;S;G,I;K;K;V;A,"114,205,233,269,165",0.24182677268981934,0.011341458186507225,False
N;N;N;S;S,I;K;K;V;E,"114,205,233,269,121",0.24182677268981934,0.005900482647120953,False
N;N;N;S;I,I;K;K;V;R,"114,205,233,269,168",0.24182677268981934,0.005988785065710545,False
N;N;N;S;S,I;K;K;V;T,"114,205,233,269,214",0.24175310134887695,0.00752033619210124,False
N;N;N;S;I,I;K;K;V;R,"114,205,233,269,218",0.24182677268981934,0.006006771698594093,False
N;N;N;S;P,I;K;K;V;K,"114,205,233,269,120",0.3990525007247925,0.015093840658664703,False
N;N;N;S;M,I;K;K;V;H,"114,205,233,269,161",0.24976086616516113,0.011730880476534367,False
N;N;N;S;I,I;K;K;V;H,"114,205,233,269,168",0.24182677268981934,0.0060246530920267105,False
N;N;N;S;P,I;K;K;V;V,"114,205,233,269,184",0.5700466632843018,0.0208102036267519,False
N;N;N;S;W,I;K;K;V;P,"114,205,233,269,185",0.37204766273498535,0.01561281830072403,False
N;N;N;S;S,I;K;K;V;H,"114,205,233,269,187",0.24182677268981934,0.005789788439869881,False
N;N;N;S;S,I;K;K;V;P,"114,205,233,269,188",0.24182677268981934,0.005773596931248903,False
N;N;N;S;T,I;K;K;V;Y,"114,205,233,269,189",0.24182677268981934,0.005912538152188063,False
N;N;N;S;F,I;K;K;V;M,"114,205,233,269,191",0.24182677268981934,0.00577216362580657,False
S;D;R;N;R,E;H;Q;K;A,"121,186,224,233,280",0.2114230990409851,0.005126976873725653,False
